household_id,cluster
HH000001,2
HH000002,1
HH000003,0
HH000004,0
HH000005,1
HH000006,0
HH000007,0
HH000008,2
HH000009,1
HH000010,2
HH000011,1
HH000012,0
HH000013,1
HH000014,1
HH000015,1
HH000016,1
HH000017,0
HH000018,2
HH000019,0
HH000020,0
HH000021,1
HH000022,1
HH000023,1
HH000024,1
HH000025,0
HH000026,0
HH000027,0
HH000028,0
HH000029,0
HH000030,1
HH000031,2
HH000032,0
HH000033,0
HH000034,0
HH000035,1
HH000036,0
HH000037,0
HH000038,2
HH000039,0
HH000040,0
HH000041,0
HH000042,0
HH000043,0
HH000044,0
HH000045,0
HH000046,1
HH000047,0
HH000048,0
HH000049,0
HH000050,0
HH000051,1
HH000052,1
HH000053,0
HH000054,0
HH000055,0
HH000056,1
HH000057,0
HH000058,2
HH000059,1
HH000060,0
HH000061,1
HH000062,0
HH000063,1
HH000064,0
HH000065,2
HH000066,1
HH000067,0
HH000068,0
HH000069,1
HH000070,0
HH000071,0
HH000072,0
HH000073,0
HH000074,1
HH000075,2
HH000076,0
HH000077,0
HH000078,1
HH000079,2
HH000080,2
HH000081,1
HH000082,1
HH000083,2
HH000084,1
HH000085,2
HH000086,0
HH000087,2
HH000088,0
HH000089,0
HH000090,1
HH000091,0
HH000092,0
HH000093,2
HH000094,1
HH000095,1
HH000096,0
HH000097,2
HH000098,0
HH000099,2
HH000100,0
HH000101,1
HH000102,0
HH000103,1
HH000104,0
HH000105,0
HH000106,2
HH000107,1
HH000108,0
HH000109,0
HH000110,2
HH000111,0
HH000112,0
HH000113,2
HH000114,2
HH000115,0
HH000116,1
HH000117,1
HH000118,1
HH000119,2
HH000120,1
HH000121,1
HH000122,1
HH000123,0
HH000124,1
HH000125,0
HH000126,1
HH000127,0
HH000128,1
HH000129,1
HH000130,0
HH000131,0
HH000132,2
HH000133,2
HH000134,1
HH000135,1
HH000136,0
HH000137,1
HH000138,2
HH000139,0
HH000140,0
HH000141,0
HH000142,0
HH000143,1
HH000144,0
HH000145,1
HH000146,0
HH000147,0
HH000148,0
HH000149,0
HH000150,2
HH000151,1
HH000152,2
HH000153,0
HH000154,0
HH000155,2
HH000156,0
HH000157,2
HH000158,0
HH000159,2
HH000160,0
HH000161,1
HH000162,0
HH000163,0
HH000164,2
HH000165,0
HH000166,0
HH000167,0
HH000168,0
HH000169,1
HH000170,2
HH000171,1
HH000172,0
HH000173,1
HH000174,0
HH000175,1
HH000176,1
HH000177,2
HH000178,1
HH000179,0
HH000180,2
HH000181,0
HH000182,2
HH000183,1
HH000184,2
HH000185,0
HH000186,2
HH000187,0
HH000188,1
HH000189,0
HH000190,2
HH000191,0
HH000192,0
HH000193,1
HH000194,0
HH000195,0
HH000196,1
HH000197,1
HH000198,2
HH000199,1
HH000200,0
HH000201,1
HH000202,0
HH000203,0
HH000204,0
HH000205,0
HH000206,1
HH000207,0
HH000208,1
HH000209,0
HH000210,2
HH000211,0
HH000212,2
HH000213,2
HH000214,0
HH000215,0
HH000216,0
HH000217,0
HH000218,1
HH000219,0
HH000220,0
HH000221,0
HH000222,0
HH000223,0
HH000224,1
HH000225,1
HH000226,0
HH000227,0
HH000228,1
HH000229,0
HH000230,0
HH000231,1
HH000232,0
HH000233,0
HH000234,1
HH000235,1
HH000236,0
HH000237,2
HH000238,2
HH000239,1
HH000240,1
HH000241,1
HH000242,2
HH000243,1
HH000244,1
HH000245,2
HH000246,1
HH000247,0
HH000248,0
HH000249,0
HH000250,0
HH000251,1
HH000252,1
HH000253,0
HH000254,2
HH000255,1
HH000256,0
HH000257,0
HH000258,1
HH000259,1
HH000260,2
HH000261,0
HH000262,1
HH000263,2
HH000264,1
HH000265,2
HH000266,1
HH000267,1
HH000268,0
HH000269,0
HH000270,2
HH000271,0
HH000272,0
HH000273,2
HH000274,0
HH000275,0
HH000276,2
HH000277,2
HH000278,0
HH000279,1
HH000280,1
HH000281,1
HH000282,2
HH000283,1
HH000284,0
HH000285,1
HH000286,0
HH000287,2
HH000288,0
HH000289,0
HH000290,1
HH000291,0
HH000292,1
HH000293,2
HH000294,1
HH000295,2
HH000296,1
HH000297,2
HH000298,1
HH000299,0
HH000300,0
HH000301,1
HH000302,0
HH000303,0
HH000304,1
HH000305,0
HH000306,1
HH000307,1
HH000308,0
HH000309,0
HH000310,0
HH000311,0
HH000312,0
HH000313,0
HH000314,0
HH000315,2
HH000316,1
HH000317,2
HH000318,1
HH000319,0
HH000320,2
HH000321,0
HH000322,0
HH000323,2
HH000324,0
HH000325,1
HH000326,0
HH000327,2
HH000328,0
HH000329,1
HH000330,1
HH000331,0
HH000332,0
HH000333,0
HH000334,1
HH000335,2
HH000336,0
HH000337,1
HH000338,1
HH000339,1
HH000340,1
HH000341,0
HH000342,0
HH000343,1
HH000344,0
HH000345,2
HH000346,0
HH000347,1
HH000348,0
HH000349,1
HH000350,0
HH000351,0
HH000352,0
HH000353,2
HH000354,0
HH000355,0
HH000356,0
HH000357,1
HH000358,2
HH000359,0
HH000360,0
HH000361,1
HH000362,1
HH000363,2
HH000364,1
HH000365,0
HH000366,1
HH000367,0
HH000368,1
HH000369,0
HH000370,0
HH000371,1
HH000372,2
HH000373,0
HH000374,0
HH000375,0
HH000376,0
HH000377,0
HH000378,1
HH000379,0
HH000380,0
HH000381,0
HH000382,1
HH000383,0
HH000384,0
HH000385,1
HH000386,0
HH000387,0
HH000388,1
HH000389,1
HH000390,2
HH000391,2
HH000392,0
HH000393,1
HH000394,2
HH000395,0
HH000396,0
HH000397,0
HH000398,0
HH000399,0
HH000400,1
HH000401,0
HH000402,2
HH000403,0
HH000404,0
HH000405,1
HH000406,0
HH000407,2
HH000408,1
HH000409,0
HH000410,0
HH000411,1
HH000412,1
HH000413,0
HH000414,0
HH000415,0
HH000416,0
HH000417,2
HH000418,0
HH000419,1
HH000420,0
HH000421,0
HH000422,0
HH000423,1
HH000424,0
HH000425,0
HH000426,0
HH000427,0
HH000428,0
HH000429,1
HH000430,0
HH000431,0
HH000432,0
HH000433,1
HH000434,2
HH000435,0
HH000436,1
HH000437,0
HH000438,0
HH000439,1
HH000440,2
HH000441,0
HH000442,0
HH000443,2
HH000444,0
HH000445,1
HH000446,0
HH000447,2
HH000448,0
HH000449,1
HH000450,1
HH000451,0
HH000452,2
HH000453,0
HH000454,0
HH000455,0
HH000456,0
HH000457,1
HH000458,2
HH000459,0
HH000460,0
HH000461,0
HH000462,0
HH000463,0
HH000464,0
HH000465,0
HH000466,0
HH000467,1
HH000468,0
HH000469,1
HH000470,0
HH000471,1
HH000472,0
HH000473,2
HH000474,0
HH000475,0
HH000476,0
HH000477,1
HH000478,0
HH000479,0
HH000480,0
HH000481,2
HH000482,2
HH000483,0
HH000484,1
HH000485,0
HH000486,1
HH000487,0
HH000488,0
HH000489,0
HH000490,0
HH000491,2
HH000492,1
HH000493,1
HH000494,0
HH000495,0
HH000496,0
HH000497,1
HH000498,2
HH000499,0
HH000500,1
HH000501,0
HH000502,1
HH000503,0
HH000504,1
HH000505,1
HH000506,0
HH000507,0
HH000508,0
HH000509,2
HH000510,0
HH000511,2
HH000512,1
HH000513,0
HH000514,0
HH000515,0
HH000516,1
HH000517,0
HH000518,0
HH000519,0
HH000520,0
HH000521,0
HH000522,1
HH000523,1
HH000524,2
HH000525,1
HH000526,0
HH000527,0
HH000528,0
HH000529,2
HH000530,0
HH000531,2
HH000532,0
HH000533,1
HH000534,1
HH000535,0
HH000536,0
HH000537,0
HH000538,1
HH000539,0
HH000540,2
HH000541,0
HH000542,1
HH000543,1
HH000544,0
HH000545,0
HH000546,0
HH000547,0
HH000548,0
HH000549,0
HH000550,1
HH000551,0
HH000552,0
HH000553,0
HH000554,1
HH000555,1
HH000556,0
HH000557,0
HH000558,0
HH000559,1
HH000560,1
HH000561,0
HH000562,1
HH000563,0
HH000564,2
HH000565,1
HH000566,0
HH000567,1
HH000568,0
HH000569,0
HH000570,0
HH000571,0
HH000572,2
HH000573,1
HH000574,0
HH000575,0
HH000576,0
HH000577,0
HH000578,0
HH000579,0
HH000580,0
HH000581,1
HH000582,1
HH000583,0
HH000584,0
HH000585,0
HH000586,1
HH000587,0
HH000588,0
HH000589,0
HH000590,2
HH000591,1
HH000592,2
HH000593,0
HH000594,1
HH000595,1
HH000596,1
HH000597,0
HH000598,2
HH000599,0
HH000600,0
HH000601,1
HH000602,0
HH000603,1
HH000604,1
HH000605,0
HH000606,1
HH000607,0
HH000608,0
HH000609,1
HH000610,0
HH000611,0
HH000612,1
HH000613,2
HH000614,0
HH000615,0
HH000616,0
HH000617,1
HH000618,1
HH000619,0
HH000620,1
HH000621,0
HH000622,0
HH000623,2
HH000624,1
HH000625,2
HH000626,2
HH000627,1
HH000628,1
HH000629,0
HH000630,0
HH000631,1
HH000632,2
HH000633,0
HH000634,2
HH000635,0
HH000636,0
HH000637,0
HH000638,0
HH000639,1
HH000640,1
HH000641,2
HH000642,0
HH000643,0
HH000644,0
HH000645,0
HH000646,0
HH000647,0
HH000648,0
HH000649,0
HH000650,0
HH000651,1
HH000652,1
HH000653,0
HH000654,1
HH000655,0
HH000656,0
HH000657,2
HH000658,0
HH000659,1
HH000660,1
HH000661,1
HH000662,1
HH000663,2
HH000664,2
HH000665,2
HH000666,1
HH000667,0
HH000668,0
HH000669,1
HH000670,2
HH000671,0
HH000672,1
HH000673,1
HH000674,0
HH000675,0
HH000676,1
HH000677,0
HH000678,1
HH000679,0
HH000680,1
HH000681,0
HH000682,0
HH000683,2
HH000684,1
HH000685,2
HH000686,0
HH000687,1
HH000688,0
HH000689,1
HH000690,1
HH000691,0
HH000692,1
HH000693,2
HH000694,0
HH000695,0
HH000696,0
HH000697,1
HH000698,0
HH000699,1
HH000700,0
HH000701,0
HH000702,0
HH000703,1
HH000704,0
HH000705,0
HH000706,1
HH000707,0
HH000708,0
HH000709,1
HH000710,0
HH000711,1
HH000712,0
HH000713,0
HH000714,2
HH000715,0
HH000716,0
HH000717,0
HH000718,0
HH000719,0
HH000720,1
HH000721,0
HH000722,0
HH000723,0
HH000724,1
HH000725,0
HH000726,0
HH000727,1
HH000728,2
HH000729,1
HH000730,0
HH000731,2
HH000732,0
HH000733,0
HH000734,0
HH000735,0
HH000736,1
HH000737,2
HH000738,1
HH000739,0
HH000740,0
HH000741,1
HH000742,1
HH000743,0
HH000744,0
HH000745,1
HH000746,1
HH000747,2
HH000748,1
HH000749,0
HH000750,0
HH000751,0
HH000752,0
HH000753,1
HH000754,2
HH000755,1
HH000756,0
HH000757,2
HH000758,0
HH000759,1
HH000760,0
HH000761,0
HH000762,1
HH000763,1
HH000764,0
HH000765,1
HH000766,1
HH000767,2
HH000768,0
HH000769,2
HH000770,0
HH000771,0
HH000772,0
HH000773,2
HH000774,1
HH000775,0
HH000776,0
HH000777,0
HH000778,0
HH000779,0
HH000780,0
HH000781,0
HH000782,0
HH000783,0
HH000784,1
HH000785,0
HH000786,0
HH000787,0
HH000788,2
HH000789,0
HH000790,2
HH000791,1
HH000792,0
HH000793,0
HH000794,0
HH000795,0
HH000796,2
HH000797,0
HH000798,1
HH000799,1
HH000800,0
HH000801,0
HH000802,0
HH000803,0
HH000804,0
HH000805,1
HH000806,1
HH000807,0
HH000808,1
HH000809,1
HH000810,0
HH000811,0
HH000812,1
HH000813,0
HH000814,1
HH000815,0
HH000816,0
HH000817,0
HH000818,1
HH000819,2
HH000820,2
HH000821,1
HH000822,0
HH000823,1
HH000824,1
HH000825,1
HH000826,1
HH000827,0
HH000828,1
HH000829,0
HH000830,0
HH000831,1
HH000832,0
HH000833,1
HH000834,1
HH000835,2
HH000836,1
HH000837,2
HH000838,0
HH000839,0
HH000840,0
HH000841,1
HH000842,1
HH000843,1
HH000844,2
HH000845,0
HH000846,2
HH000847,1
HH000848,0
HH000849,0
HH000850,1
HH000851,0
HH000852,2
HH000853,1
HH000854,0
HH000855,0
HH000856,1
HH000857,0
HH000858,1
HH000859,0
HH000860,0
HH000861,0
HH000862,2
HH000863,0
HH000864,1
HH000865,0
HH000866,0
HH000867,1
HH000868,1
HH000869,2
HH000870,2
HH000871,0
HH000872,0
HH000873,1
HH000874,0
HH000875,0
HH000876,0
HH000877,0
HH000878,0
HH000879,1
HH000880,1
HH000881,1
HH000882,1
HH000883,1
HH000884,1
HH000885,0
HH000886,1
HH000887,1
HH000888,2
HH000889,0
HH000890,1
HH000891,0
HH000892,2
HH000893,0
HH000894,1
HH000895,0
HH000896,0
HH000897,0
HH000898,1
HH000899,0
HH000900,0
HH000901,0
HH000902,0
HH000903,1
HH000904,2
HH000905,1
HH000906,0
HH000907,2
HH000908,0
HH000909,0
HH000910,0
HH000911,2
HH000912,1
HH000913,0
HH000914,0
HH000915,0
HH000916,0
HH000917,0
HH000918,1
HH000919,0
HH000920,0
HH000921,0
HH000922,2
HH000923,0
HH000924,0
HH000925,0
HH000926,1
HH000927,2
HH000928,2
HH000929,1
HH000930,1
HH000931,1
HH000932,0
HH000933,2
HH000934,0
HH000935,1
HH000936,0
HH000937,0
HH000938,1
HH000939,1
HH000940,0
HH000941,1
HH000942,2
HH000943,0
HH000944,0
HH000945,0
HH000946,2
HH000947,1
HH000948,1
HH000949,1
HH000950,0
HH000951,0
HH000952,0
HH000953,0
HH000954,2
HH000955,0
HH000956,2
HH000957,0
HH000958,2
HH000959,1
HH000960,2
HH000961,1
HH000962,1
HH000963,1
HH000964,1
HH000965,0
HH000966,2
HH000967,0
HH000968,0
HH000969,0
HH000970,1
HH000971,0
HH000972,0
HH000973,0
HH000974,0
HH000975,1
HH000976,1
HH000977,2
HH000978,2
HH000979,1
HH000980,0
HH000981,0
HH000982,2
HH000983,0
HH000984,2
HH000985,0
HH000986,0
HH000987,2
HH000988,0
HH000989,0
HH000990,1
HH000991,2
HH000992,0
HH000993,1
HH000994,1
HH000995,0
HH000996,0
HH000997,1
HH000998,1
HH000999,1
HH001000,1
HH001001,0
HH001002,0
HH001003,0
HH001004,0
HH001005,1
HH001006,0
HH001007,0
HH001008,1
HH001009,1
HH001010,0
HH001011,2
HH001012,0
HH001013,2
HH001014,0
HH001015,1
HH001016,0
HH001017,1
HH001018,0
HH001019,0
HH001020,0
HH001021,0
HH001022,0
HH001023,0
HH001024,2
HH001025,0
HH001026,0
HH001027,0
HH001028,1
HH001029,1
HH001030,1
HH001031,0
HH001032,0
HH001033,0
HH001034,1
HH001035,0
HH001036,2
HH001037,0
HH001038,0
HH001039,0
HH001040,1
HH001041,2
HH001042,0
HH001043,0
HH001044,0
HH001045,0
HH001046,2
HH001047,2
HH001048,1
HH001049,1
HH001050,0
HH001051,0
HH001052,1
HH001053,0
HH001054,0
HH001055,0
HH001056,0
HH001057,1
HH001058,1
HH001059,0
HH001060,0
HH001061,1
HH001062,1
HH001063,0
HH001064,2
HH001065,2
HH001066,2
HH001067,1
HH001068,1
HH001069,1
HH001070,2
HH001071,2
HH001072,1
HH001073,2
HH001074,0
HH001075,2
HH001076,1
HH001077,1
HH001078,1
HH001079,0
HH001080,1
HH001081,1
HH001082,0
HH001083,0
HH001084,1
HH001085,2
HH001086,0
HH001087,1
HH001088,1
HH001089,2
HH001090,0
HH001091,1
HH001092,0
HH001093,0
HH001094,0
HH001095,0
HH001096,1
HH001097,0
HH001098,1
HH001099,0
HH001100,1
HH001101,0
HH001102,1
HH001103,0
HH001104,0
HH001105,0
HH001106,0
HH001107,0
HH001108,2
HH001109,0
HH001110,0
HH001111,0
HH001112,1
HH001113,2
HH001114,0
HH001115,1
HH001116,0
HH001117,0
HH001118,1
HH001119,0
HH001120,2
HH001121,1
HH001122,0
HH001123,2
HH001124,0
HH001125,0
HH001126,2
HH001127,2
HH001128,0
HH001129,2
HH001130,0
HH001131,0
HH001132,0
HH001133,1
HH001134,2
HH001135,0
HH001136,0
HH001137,1
HH001138,1
HH001139,1
HH001140,0
HH001141,0
HH001142,1
HH001143,0
HH001144,0
HH001145,0
HH001146,1
HH001147,2
HH001148,2
HH001149,1
HH001150,0
HH001151,0
HH001152,0
HH001153,1
HH001154,2
HH001155,0
HH001156,0
HH001157,2
HH001158,0
HH001159,0
HH001160,0
HH001161,0
HH001162,0
HH001163,2
HH001164,0
HH001165,0
HH001166,1
HH001167,0
HH001168,2
HH001169,2
HH001170,0
HH001171,0
HH001172,0
HH001173,2
HH001174,0
HH001175,0
HH001176,1
HH001177,1
HH001178,1
HH001179,1
HH001180,0
HH001181,0
HH001182,1
HH001183,2
HH001184,0
HH001185,0
HH001186,0
HH001187,0
HH001188,0
HH001189,0
HH001190,2
HH001191,0
HH001192,0
HH001193,1
HH001194,0
HH001195,0
HH001196,0
HH001197,0
HH001198,0
HH001199,2
HH001200,0
HH001201,0
HH001202,0
HH001203,2
HH001204,0
HH001205,0
HH001206,1
HH001207,2
HH001208,2
HH001209,1
HH001210,0
HH001211,0
HH001212,0
HH001213,0
HH001214,1
HH001215,1
HH001216,0
HH001217,2
HH001218,0
HH001219,0
HH001220,1
HH001221,2
HH001222,0
HH001223,2
HH001224,0
HH001225,1
HH001226,0
HH001227,1
HH001228,1
HH001229,0
HH001230,1
HH001231,0
HH001232,1
HH001233,0
HH001234,0
HH001235,1
HH001236,2
HH001237,2
HH001238,1
HH001239,1
HH001240,1
HH001241,2
HH001242,1
HH001243,0
HH001244,0
HH001245,0
HH001246,1
HH001247,0
HH001248,0
HH001249,0
HH001250,1
HH001251,2
HH001252,2
HH001253,2
HH001254,0
HH001255,1
HH001256,1
HH001257,2
HH001258,1
HH001259,0
HH001260,1
HH001261,0
HH001262,2
HH001263,0
HH001264,0
HH001265,1
HH001266,1
HH001267,0
HH001268,1
HH001269,1
HH001270,0
HH001271,0
HH001272,1
HH001273,0
HH001274,0
HH001275,0
HH001276,2
HH001277,1
HH001278,1
HH001279,1
HH001280,0
HH001281,2
HH001282,0
HH001283,1
HH001284,2
HH001285,0
HH001286,1
HH001287,0
HH001288,2
HH001289,0
HH001290,0
HH001291,0
HH001292,1
HH001293,0
HH001294,0
HH001295,0
HH001296,0
HH001297,1
HH001298,0
HH001299,1
HH001300,2
HH001301,0
HH001302,0
HH001303,1
HH001304,1
HH001305,1
HH001306,0
HH001307,0
HH001308,2
HH001309,2
HH001310,1
HH001311,1
HH001312,0
HH001313,0
HH001314,2
HH001315,2
HH001316,0
HH001317,0
HH001318,0
HH001319,2
HH001320,1
HH001321,0
HH001322,1
HH001323,0
HH001324,1
HH001325,0
HH001326,2
HH001327,2
HH001328,1
HH001329,0
HH001330,0
HH001331,0
HH001332,1
HH001333,1
HH001334,0
HH001335,0
HH001336,1
HH001337,1
HH001338,1
HH001339,0
HH001340,0
HH001341,1
HH001342,0
HH001343,1
HH001344,1
HH001345,2
HH001346,0
HH001347,0
HH001348,0
HH001349,0
HH001350,0
HH001351,2
HH001352,0
HH001353,0
HH001354,2
HH001355,1
HH001356,2
HH001357,2
HH001358,1
HH001359,1
HH001360,0
HH001361,2
HH001362,2
HH001363,0
HH001364,2
HH001365,0
HH001366,1
HH001367,2
HH001368,0
HH001369,1
HH001370,0
HH001371,1
HH001372,0
HH001373,0
HH001374,1
HH001375,0
HH001376,0
HH001377,1
HH001378,0
HH001379,2
HH001380,0
HH001381,0
HH001382,2
HH001383,2
HH001384,2
HH001385,2
HH001386,1
HH001387,0
HH001388,2
HH001389,1
HH001390,1
HH001391,0
HH001392,1
HH001393,0
HH001394,0
HH001395,1
HH001396,1
HH001397,2
HH001398,0
HH001399,2
HH001400,0
HH001401,0
HH001402,2
HH001403,1
HH001404,2
HH001405,0
HH001406,1
HH001407,1
HH001408,0
HH001409,0
HH001410,0
HH001411,0
HH001412,0
HH001413,2
HH001414,1
HH001415,0
HH001416,0
HH001417,0
HH001418,1
HH001419,2
HH001420,1
HH001421,1
HH001422,2
HH001423,0
HH001424,1
HH001425,2
HH001426,1
HH001427,2
HH001428,1
HH001429,1
HH001430,1
HH001431,0
HH001432,0
HH001433,0
HH001434,1
HH001435,1
HH001436,0
HH001437,1
HH001438,0
HH001439,1
HH001440,0
HH001441,1
HH001442,0
HH001443,1
HH001444,0
HH001445,0
HH001446,1
HH001447,1
HH001448,0
HH001449,1
HH001450,1
HH001451,1
HH001452,1
HH001453,2
HH001454,0
HH001455,0
HH001456,0
HH001457,0
HH001458,1
HH001459,1
HH001460,2
HH001461,0
HH001462,0
HH001463,0
HH001464,0
HH001465,1
HH001466,2
HH001467,1
HH001468,1
HH001469,0
HH001470,0
HH001471,1
HH001472,0
HH001473,0
HH001474,0
HH001475,0
HH001476,0
HH001477,2
HH001478,1
HH001479,1
HH001480,0
HH001481,0
HH001482,1
HH001483,0
HH001484,0
HH001485,0
HH001486,1
HH001487,0
HH001488,0
HH001489,0
HH001490,0
HH001491,0
HH001492,1
HH001493,0
HH001494,1
HH001495,1
HH001496,1
HH001497,1
HH001498,1
HH001499,0
HH001500,0
HH001501,0
HH001502,0
HH001503,0
HH001504,1
HH001505,1
HH001506,0
HH001507,0
HH001508,0
HH001509,1
HH001510,0
HH001511,2
HH001512,0
HH001513,0
HH001514,0
HH001515,0
HH001516,1
HH001517,2
HH001518,1
HH001519,1
HH001520,2
HH001521,0
HH001522,1
HH001523,0
HH001524,1
HH001525,0
HH001526,0
HH001527,0
HH001528,0
HH001529,0
HH001530,2
HH001531,2
HH001532,1
HH001533,1
HH001534,1
HH001535,0
HH001536,2
HH001537,0
HH001538,1
HH001539,2
HH001540,0
HH001541,0
HH001542,1
HH001543,1
HH001544,2
HH001545,1
HH001546,0
HH001547,0
HH001548,0
HH001549,0
HH001550,0
HH001551,0
HH001552,1
HH001553,2
HH001554,0
HH001555,0
HH001556,0
HH001557,0
HH001558,2
HH001559,0
HH001560,2
HH001561,0
HH001562,1
HH001563,2
HH001564,1
HH001565,0
HH001566,0
HH001567,1
HH001568,1
HH001569,0
HH001570,0
HH001571,2
HH001572,0
HH001573,2
HH001574,0
HH001575,1
HH001576,1
HH001577,0
HH001578,0
HH001579,0
HH001580,0
HH001581,1
HH001582,0
HH001583,1
HH001584,1
HH001585,2
HH001586,1
HH001587,1
HH001588,0
HH001589,0
HH001590,2
HH001591,2
HH001592,1
HH001593,0
HH001594,1
HH001595,0
HH001596,0
HH001597,0
HH001598,1
HH001599,1
HH001600,0
HH001601,0
HH001602,0
HH001603,0
HH001604,1
HH001605,1
HH001606,1
HH001607,2
HH001608,0
HH001609,0
HH001610,0
HH001611,1
HH001612,2
HH001613,2
HH001614,2
HH001615,1
HH001616,0
HH001617,0
HH001618,0
HH001619,2
HH001620,1
HH001621,1
HH001622,0
HH001623,0
HH001624,1
HH001625,1
HH001626,1
HH001627,1
HH001628,1
HH001629,0
HH001630,1
HH001631,0
HH001632,0
HH001633,1
HH001634,1
HH001635,2
HH001636,2
HH001637,1
HH001638,0
HH001639,0
HH001640,2
HH001641,2
HH001642,0
HH001643,1
HH001644,0
HH001645,0
HH001646,0
HH001647,1
HH001648,0
HH001649,2
HH001650,0
HH001651,0
HH001652,0
HH001653,1
HH001654,0
HH001655,1
HH001656,0
HH001657,1
HH001658,0
HH001659,0
HH001660,0
HH001661,2
HH001662,0
HH001663,0
HH001664,1
HH001665,1
HH001666,0
HH001667,0
HH001668,0
HH001669,1
HH001670,2
HH001671,1
HH001672,2
HH001673,1
HH001674,0
HH001675,2
HH001676,0
HH001677,2
HH001678,0
HH001679,1
HH001680,1
HH001681,1
HH001682,1
HH001683,1
HH001684,0
HH001685,0
HH001686,0
HH001687,0
HH001688,2
HH001689,1
HH001690,0
HH001691,1
HH001692,2
HH001693,2
HH001694,0
HH001695,1
HH001696,0
HH001697,0
HH001698,0
HH001699,0
HH001700,1
HH001701,2
HH001702,1
HH001703,1
HH001704,0
HH001705,2
HH001706,0
HH001707,1
HH001708,1
HH001709,1
HH001710,0
HH001711,0
HH001712,0
HH001713,2
HH001714,0
HH001715,1
HH001716,1
HH001717,2
HH001718,2
HH001719,1
HH001720,0
HH001721,1
HH001722,0
HH001723,1
HH001724,1
HH001725,0
HH001726,0
HH001727,0
HH001728,1
HH001729,0
HH001730,0
HH001731,1
HH001732,2
HH001733,0
HH001734,0
HH001735,0
HH001736,0
HH001737,0
HH001738,0
HH001739,0
HH001740,1
HH001741,0
HH001742,1
HH001743,0
HH001744,2
HH001745,0
HH001746,1
HH001747,0
HH001748,0
HH001749,0
HH001750,2
HH001751,1
HH001752,0
HH001753,2
HH001754,1
HH001755,1
HH001756,0
HH001757,0
HH001758,2
HH001759,2
HH001760,2
HH001761,1
HH001762,0
HH001763,2
HH001764,0
HH001765,1
HH001766,2
HH001767,0
HH001768,0
HH001769,0
HH001770,0
HH001771,1
HH001772,1
HH001773,0
HH001774,1
HH001775,0
HH001776,0
HH001777,1
HH001778,0
HH001779,1
HH001780,1
HH001781,0
HH001782,0
HH001783,1
HH001784,1
HH001785,1
HH001786,0
HH001787,0
HH001788,0
HH001789,0
HH001790,2
HH001791,1
HH001792,0
HH001793,1
HH001794,0
HH001795,2
HH001796,0
HH001797,0
HH001798,1
HH001799,0
HH001800,0
HH001801,0
HH001802,0
HH001803,1
HH001804,2
HH001805,2
HH001806,0
HH001807,0
HH001808,0
HH001809,0
HH001810,0
HH001811,0
HH001812,1
HH001813,0
HH001814,1
HH001815,2
HH001816,0
HH001817,0
HH001818,1
HH001819,0
HH001820,0
HH001821,0
HH001822,0
HH001823,1
HH001824,1
HH001825,1
HH001826,0
HH001827,0
HH001828,2
HH001829,0
HH001830,0
HH001831,0
HH001832,2
HH001833,0
HH001834,1
HH001835,0
HH001836,0
HH001837,2
HH001838,2
HH001839,1
HH001840,2
HH001841,0
HH001842,0
HH001843,0
HH001844,0
HH001845,2
HH001846,0
HH001847,1
HH001848,0
HH001849,1
HH001850,2
HH001851,0
HH001852,1
HH001853,0
HH001854,1
HH001855,0
HH001856,0
HH001857,1
HH001858,0
HH001859,0
HH001860,2
HH001861,1
HH001862,0
HH001863,2
HH001864,1
HH001865,2
HH001866,0
HH001867,2
HH001868,0
HH001869,0
HH001870,0
HH001871,2
HH001872,1
HH001873,2
HH001874,0
HH001875,0
HH001876,0
HH001877,1
HH001878,1
HH001879,1
HH001880,1
HH001881,1
HH001882,0
HH001883,0
HH001884,0
HH001885,1
HH001886,0
HH001887,0
HH001888,0
HH001889,1
HH001890,0
HH001891,0
HH001892,1
HH001893,0
HH001894,2
HH001895,0
HH001896,0
HH001897,0
HH001898,0
HH001899,0
HH001900,0
HH001901,0
HH001902,0
HH001903,1
HH001904,0
HH001905,0
HH001906,2
HH001907,1
HH001908,1
HH001909,1
HH001910,1
HH001911,0
HH001912,0
HH001913,0
HH001914,1
HH001915,1
HH001916,0
HH001917,0
HH001918,0
HH001919,1
HH001920,0
HH001921,2
HH001922,2
HH001923,0
HH001924,0
HH001925,0
HH001926,0
HH001927,0
HH001928,2
HH001929,0
HH001930,1
HH001931,2
HH001932,0
HH001933,1
HH001934,2
HH001935,0
HH001936,0
HH001937,0
HH001938,1
HH001939,0
HH001940,0
HH001941,0
HH001942,1
HH001943,0
HH001944,0
HH001945,0
HH001946,1
HH001947,0
HH001948,2
HH001949,2
HH001950,0
HH001951,0
HH001952,0
HH001953,0
HH001954,2
HH001955,0
HH001956,1
HH001957,0
HH001958,0
HH001959,0
HH001960,0
HH001961,0
HH001962,0
HH001963,2
HH001964,0
HH001965,2
HH001966,1
HH001967,0
HH001968,0
HH001969,0
HH001970,0
HH001971,0
HH001972,2
HH001973,0
HH001974,2
HH001975,2
HH001976,0
HH001977,0
HH001978,0
HH001979,0
HH001980,1
HH001981,0
HH001982,1
HH001983,1
HH001984,0
HH001985,1
HH001986,1
HH001987,0
HH001988,2
HH001989,0
HH001990,0
HH001991,1
HH001992,0
HH001993,1
HH001994,0
HH001995,0
HH001996,1
HH001997,0
HH001998,0
HH001999,0
HH002000,0
HH002001,0
HH002002,0
HH002003,2
HH002004,0
HH002005,0
HH002006,1
HH002007,0
HH002008,2
HH002009,1
HH002010,2
HH002011,2
HH002012,0
HH002013,0
HH002014,0
HH002015,2
HH002016,0
HH002017,0
HH002018,0
HH002019,1
HH002020,1
HH002021,0
HH002022,0
HH002023,0
HH002024,1
HH002025,1
HH002026,2
HH002027,0
HH002028,0
HH002029,0
HH002030,1
HH002031,2
HH002032,1
HH002033,2
HH002034,0
HH002035,1
HH002036,0
HH002037,0
HH002038,0
HH002039,1
HH002040,0
HH002041,0
HH002042,1
HH002043,1
HH002044,2
HH002045,2
HH002046,0
HH002047,1
HH002048,0
HH002049,0
HH002050,0
HH002051,2
HH002052,2
HH002053,1
HH002054,2
HH002055,0
HH002056,0
HH002057,0
HH002058,0
HH002059,0
HH002060,0
HH002061,2
HH002062,1
HH002063,2
HH002064,0
HH002065,0
HH002066,2
HH002067,0
HH002068,0
HH002069,0
HH002070,0
HH002071,0
HH002072,1
HH002073,1
HH002074,0
HH002075,1
HH002076,0
HH002077,1
HH002078,0
HH002079,0
HH002080,1
HH002081,1
HH002082,2
HH002083,1
HH002084,0
HH002085,0
HH002086,0
HH002087,0
HH002088,0
HH002089,2
HH002090,0
HH002091,0
HH002092,0
HH002093,0
HH002094,1
HH002095,1
HH002096,0
HH002097,0
HH002098,1
HH002099,0
HH002100,1
HH002101,0
HH002102,0
HH002103,0
HH002104,1
HH002105,1
HH002106,1
HH002107,1
HH002108,1
HH002109,1
HH002110,0
HH002111,1
HH002112,0
HH002113,1
HH002114,0
HH002115,0
HH002116,1
HH002117,0
HH002118,1
HH002119,1
HH002120,0
HH002121,0
HH002122,2
HH002123,2
HH002124,1
HH002125,0
HH002126,0
HH002127,0
HH002128,0
HH002129,1
HH002130,1
HH002131,0
HH002132,1
HH002133,0
HH002134,1
HH002135,0
HH002136,0
HH002137,2
HH002138,0
HH002139,0
HH002140,1
HH002141,0
HH002142,0
HH002143,2
HH002144,0
HH002145,0
HH002146,1
HH002147,1
HH002148,0
HH002149,1
HH002150,1
HH002151,0
HH002152,1
HH002153,1
HH002154,1
HH002155,1
HH002156,0
HH002157,0
HH002158,1
HH002159,0
HH002160,0
HH002161,1
HH002162,1
HH002163,1
HH002164,1
HH002165,0
HH002166,0
HH002167,0
HH002168,2
HH002169,0
HH002170,0
HH002171,0
HH002172,0
HH002173,0
HH002174,0
HH002175,0
HH002176,0
HH002177,0
HH002178,0
HH002179,1
HH002180,0
HH002181,0
HH002182,1
HH002183,1
HH002184,0
HH002185,0
HH002186,0
HH002187,0
HH002188,0
HH002189,0
HH002190,1
HH002191,0
HH002192,1
HH002193,1
HH002194,1
HH002195,0
HH002196,1
HH002197,1
HH002198,0
HH002199,1
HH002200,0
HH002201,1
HH002202,0
HH002203,1
HH002204,0
HH002205,1
HH002206,1
HH002207,1
HH002208,0
HH002209,0
HH002210,0
HH002211,0
HH002212,1
HH002213,0
HH002214,1
HH002215,0
HH002216,0
HH002217,1
HH002218,1
HH002219,0
HH002220,2
HH002221,0
HH002222,2
HH002223,1
HH002224,2
HH002225,0
HH002226,0
HH002227,0
HH002228,2
HH002229,0
HH002230,1
HH002231,1
HH002232,0
HH002233,1
HH002234,1
HH002235,1
HH002236,1
HH002237,0
HH002238,1
HH002239,2
HH002240,0
HH002241,1
HH002242,0
HH002243,1
HH002244,0
HH002245,0
HH002246,0
HH002247,0
HH002248,1
HH002249,1
HH002250,1
HH002251,0
HH002252,2
HH002253,0
HH002254,0
HH002255,0
HH002256,0
HH002257,1
HH002258,1
HH002259,0
HH002260,0
HH002261,1
HH002262,0
HH002263,0
HH002264,1
HH002265,1
HH002266,1
HH002267,0
HH002268,2
HH002269,1
HH002270,1
HH002271,1
HH002272,0
HH002273,0
HH002274,1
HH002275,2
HH002276,2
HH002277,0
HH002278,0
HH002279,2
HH002280,0
HH002281,0
HH002282,0
HH002283,2
HH002284,0
HH002285,1
HH002286,1
HH002287,0
HH002288,1
HH002289,0
HH002290,1
HH002291,0
HH002292,0
HH002293,0
HH002294,1
HH002295,0
HH002296,0
HH002297,1
HH002298,1
HH002299,1
HH002300,0
HH002301,1
HH002302,0
HH002303,0
HH002304,0
HH002305,0
HH002306,1
HH002307,0
HH002308,0
HH002309,1
HH002310,1
HH002311,0
HH002312,0
HH002313,2
HH002314,0
HH002315,0
HH002316,1
HH002317,0
HH002318,0
HH002319,1
HH002320,0
HH002321,1
HH002322,1
HH002323,0
HH002324,0
HH002325,1
HH002326,1
HH002327,0
HH002328,0
HH002329,1
HH002330,1
HH002331,0
HH002332,0
HH002333,0
HH002334,1
HH002335,1
HH002336,0
HH002337,1
HH002338,0
HH002339,2
HH002340,0
HH002341,0
HH002342,0
HH002343,1
HH002344,2
HH002345,0
HH002346,2
HH002347,2
HH002348,2
HH002349,0
HH002350,0
HH002351,2
HH002352,0
HH002353,1
HH002354,1
HH002355,0
HH002356,0
HH002357,0
HH002358,0
HH002359,0
HH002360,1
HH002361,1
HH002362,2
HH002363,0
HH002364,0
HH002365,0
HH002366,0
HH002367,1
HH002368,1
HH002369,1
HH002370,1
HH002371,0
HH002372,0
HH002373,0
HH002374,0
HH002375,2
HH002376,0
HH002377,1
HH002378,1
HH002379,1
HH002380,1
HH002381,1
HH002382,0
HH002383,0
HH002384,1
HH002385,0
HH002386,1
HH002387,2
HH002388,0
HH002389,0
HH002390,2
HH002391,1
HH002392,0
HH002393,0
HH002394,0
HH002395,1
HH002396,0
HH002397,0
HH002398,1
HH002399,1
HH002400,0
HH002401,2
HH002402,2
HH002403,1
HH002404,1
HH002405,0
HH002406,0
HH002407,1
HH002408,0
HH002409,0
HH002410,0
HH002411,0
HH002412,0
HH002413,0
HH002414,1
HH002415,1
HH002416,0
HH002417,0
HH002418,1
HH002419,0
HH002420,1
HH002421,0
HH002422,0
HH002423,2
HH002424,1
HH002425,1
HH002426,1
HH002427,0
HH002428,0
HH002429,2
HH002430,0
HH002431,0
HH002432,1
HH002433,1
HH002434,1
HH002435,0
HH002436,2
HH002437,0
HH002438,0
HH002439,2
HH002440,1
HH002441,0
HH002442,0
HH002443,0
HH002444,2
HH002445,0
HH002446,0
HH002447,1
HH002448,0
HH002449,1
HH002450,1
HH002451,1
HH002452,1
HH002453,2
HH002454,1
HH002455,0
HH002456,1
HH002457,0
HH002458,2
HH002459,1
HH002460,1
HH002461,0
HH002462,2
HH002463,0
HH002464,0
HH002465,0
HH002466,1
HH002467,1
HH002468,0
HH002469,0
HH002470,1
HH002471,0
HH002472,1
HH002473,0
HH002474,1
HH002475,1
HH002476,0
HH002477,0
HH002478,1
HH002479,0
HH002480,2
HH002481,2
HH002482,1
HH002483,0
HH002484,0
HH002485,1
HH002486,0
HH002487,0
HH002488,1
HH002489,2
HH002490,1
HH002491,0
HH002492,0
HH002493,1
HH002494,1
HH002495,1
HH002496,2
HH002497,0
HH002498,0
HH002499,0
HH002500,1
HH002501,0
HH002502,1
HH002503,0
HH002504,0
HH002505,0
HH002506,0
HH002507,0
HH002508,0
HH002509,0
HH002510,0
HH002511,2
HH002512,0
HH002513,2
HH002514,0
HH002515,2
HH002516,1
HH002517,1
HH002518,0
HH002519,2
HH002520,0
HH002521,2
HH002522,0
HH002523,0
HH002524,1
HH002525,0
HH002526,0
HH002527,0
HH002528,1
HH002529,0
HH002530,1
HH002531,2
HH002532,0
HH002533,1
HH002534,0
HH002535,1
HH002536,0
HH002537,0
HH002538,0
HH002539,0
HH002540,0
HH002541,2
HH002542,1
HH002543,1
HH002544,2
HH002545,0
HH002546,2
HH002547,2
HH002548,0
HH002549,0
HH002550,1
HH002551,0
HH002552,1
HH002553,0
HH002554,0
HH002555,0
HH002556,0
HH002557,0
HH002558,1
HH002559,0
HH002560,0
HH002561,0
HH002562,0
HH002563,1
HH002564,0
HH002565,2
HH002566,2
HH002567,0
HH002568,1
HH002569,1
HH002570,1
HH002571,1
HH002572,0
HH002573,1
HH002574,0
HH002575,1
HH002576,0
HH002577,1
HH002578,1
HH002579,1
HH002580,1
HH002581,0
HH002582,0
HH002583,0
HH002584,0
HH002585,2
HH002586,0
HH002587,2
HH002588,0
HH002589,2
HH002590,0
HH002591,0
HH002592,0
HH002593,0
HH002594,1
HH002595,0
HH002596,2
HH002597,2
HH002598,1
HH002599,0
HH002600,1
HH002601,0
HH002602,0
HH002603,0
HH002604,1
HH002605,0
HH002606,1
HH002607,0
HH002608,2
HH002609,2
HH002610,0
HH002611,0
HH002612,2
HH002613,1
HH002614,0
HH002615,1
HH002616,0
HH002617,2
HH002618,0
HH002619,2
HH002620,1
HH002621,1
HH002622,0
HH002623,0
HH002624,0
HH002625,0
HH002626,0
HH002627,0
HH002628,1
HH002629,0
HH002630,0
HH002631,0
HH002632,0
HH002633,0
HH002634,2
HH002635,1
HH002636,1
HH002637,0
HH002638,2
HH002639,0
HH002640,0
HH002641,1
HH002642,0
HH002643,0
HH002644,0
HH002645,2
HH002646,0
HH002647,2
HH002648,2
HH002649,1
HH002650,2
HH002651,1
HH002652,0
HH002653,0
HH002654,1
HH002655,1
HH002656,1
HH002657,0
HH002658,1
HH002659,0
HH002660,1
HH002661,0
HH002662,0
HH002663,0
HH002664,1
HH002665,1
HH002666,0
HH002667,0
HH002668,0
HH002669,0
HH002670,0
HH002671,0
HH002672,1
HH002673,0
HH002674,1
HH002675,0
HH002676,1
HH002677,0
HH002678,0
HH002679,1
HH002680,1
HH002681,0
HH002682,1
HH002683,1
HH002684,0
HH002685,1
HH002686,0
HH002687,1
HH002688,0
HH002689,1
HH002690,0
HH002691,1
HH002692,2
HH002693,1
HH002694,0
HH002695,0
HH002696,0
HH002697,0
HH002698,0
HH002699,0
HH002700,1
HH002701,0
HH002702,0
HH002703,0
HH002704,2
HH002705,0
HH002706,0
HH002707,1
HH002708,0
HH002709,1
HH002710,0
HH002711,0
HH002712,0
HH002713,0
HH002714,0
HH002715,0
HH002716,0
HH002717,0
HH002718,0
HH002719,2
HH002720,2
HH002721,0
HH002722,0
HH002723,1
HH002724,1
HH002725,0
HH002726,1
HH002727,0
HH002728,0
HH002729,0
HH002730,1
HH002731,1
HH002732,1
HH002733,1
HH002734,0
HH002735,1
HH002736,2
HH002737,0
HH002738,1
HH002739,1
HH002740,0
HH002741,1
HH002742,1
HH002743,2
HH002744,0
HH002745,0
HH002746,0
HH002747,1
HH002748,1
HH002749,0
HH002750,0
HH002751,1
HH002752,2
HH002753,0
HH002754,0
HH002755,0
HH002756,0
HH002757,1
HH002758,0
HH002759,0
HH002760,1
HH002761,2
HH002762,2
HH002763,1
HH002764,0
HH002765,0
HH002766,0
HH002767,2
HH002768,0
HH002769,1
HH002770,0
HH002771,0
HH002772,1
HH002773,0
HH002774,0
HH002775,0
HH002776,0
HH002777,0
HH002778,0
HH002779,0
HH002780,0
HH002781,0
HH002782,1
HH002783,0
HH002784,0
HH002785,2
HH002786,1
HH002787,0
HH002788,0
HH002789,2
HH002790,1
HH002791,0
HH002792,0
HH002793,0
HH002794,2
HH002795,2
HH002796,0
HH002797,1
HH002798,1
HH002799,2
HH002800,0
HH002801,0
HH002802,1
HH002803,1
HH002804,0
HH002805,0
HH002806,2
HH002807,2
HH002808,0
HH002809,0
HH002810,2
HH002811,0
HH002812,2
HH002813,0
HH002814,1
HH002815,0
HH002816,0
HH002817,1
HH002818,0
HH002819,0
HH002820,2
HH002821,0
HH002822,1
HH002823,1
HH002824,0
HH002825,0
HH002826,1
HH002827,2
HH002828,1
HH002829,0
HH002830,2
HH002831,1
HH002832,0
HH002833,2
HH002834,0
HH002835,0
HH002836,0
HH002837,0
HH002838,0
HH002839,1
HH002840,0
HH002841,1
HH002842,0
HH002843,1
HH002844,0
HH002845,0
HH002846,0
HH002847,0
HH002848,1
HH002849,0
HH002850,1
HH002851,0
HH002852,1
HH002853,2
HH002854,0
HH002855,0
HH002856,1
HH002857,2
HH002858,1
HH002859,0
HH002860,1
HH002861,0
HH002862,2
HH002863,1
HH002864,0
HH002865,2
HH002866,0
HH002867,0
HH002868,0
HH002869,1
HH002870,1
HH002871,0
HH002872,0
HH002873,0
HH002874,0
HH002875,2
HH002876,1
HH002877,2
HH002878,1
HH002879,0
HH002880,0
HH002881,0
HH002882,0
HH002883,0
HH002884,2
HH002885,1
HH002886,0
HH002887,0
HH002888,2
HH002889,1
HH002890,1
HH002891,0
HH002892,1
HH002893,1
HH002894,1
HH002895,1
HH002896,0
HH002897,2
HH002898,0
HH002899,0
HH002900,0
HH002901,0
HH002902,1
HH002903,0
HH002904,2
HH002905,1
HH002906,1
HH002907,0
HH002908,0
HH002909,0
HH002910,0
HH002911,0
HH002912,0
HH002913,0
HH002914,0
HH002915,1
HH002916,1
HH002917,2
HH002918,0
HH002919,1
HH002920,1
HH002921,1
HH002922,2
HH002923,0
HH002924,1
HH002925,0
HH002926,0
HH002927,2
HH002928,0
HH002929,1
HH002930,0
HH002931,0
HH002932,0
HH002933,1
HH002934,0
HH002935,0
HH002936,0
HH002937,0
HH002938,0
HH002939,0
HH002940,0
HH002941,1
HH002942,1
HH002943,0
HH002944,0
HH002945,1
HH002946,0
HH002947,0
HH002948,0
HH002949,0
HH002950,0
HH002951,0
HH002952,2
HH002953,1
HH002954,0
HH002955,0
HH002956,0
HH002957,1
HH002958,0
HH002959,0
HH002960,0
HH002961,0
HH002962,1
HH002963,1
HH002964,1
HH002965,1
HH002966,1
HH002967,0
HH002968,0
HH002969,0
HH002970,0
HH002971,0
HH002972,0
HH002973,0
HH002974,1
HH002975,0
HH002976,2
HH002977,0
HH002978,0
HH002979,0
HH002980,1
HH002981,0
HH002982,1
HH002983,0
HH002984,2
HH002985,0
HH002986,0
HH002987,0
HH002988,0
HH002989,1
HH002990,1
HH002991,2
HH002992,0
HH002993,0
HH002994,0
HH002995,2
HH002996,0
HH002997,0
HH002998,1
HH002999,0
HH003000,0
HH003001,0
HH003002,0
HH003003,2
HH003004,0
HH003005,0
HH003006,2
HH003007,0
HH003008,2
HH003009,0
HH003010,0
HH003011,0
HH003012,2
HH003013,0
HH003014,0
HH003015,2
HH003016,1
HH003017,1
HH003018,2
HH003019,0
HH003020,0
HH003021,0
HH003022,0
HH003023,0
HH003024,1
HH003025,1
HH003026,2
HH003027,0
HH003028,1
HH003029,1
HH003030,0
HH003031,0
HH003032,0
HH003033,2
HH003034,1
HH003035,0
HH003036,0
HH003037,0
HH003038,1
HH003039,1
HH003040,0
HH003041,1
HH003042,0
HH003043,2
HH003044,0
HH003045,0
HH003046,0
HH003047,0
HH003048,0
HH003049,0
HH003050,0
HH003051,2
HH003052,1
HH003053,0
HH003054,0
HH003055,0
HH003056,0
HH003057,0
HH003058,1
HH003059,1
HH003060,0
HH003061,0
HH003062,1
HH003063,0
HH003064,0
HH003065,2
HH003066,1
HH003067,0
HH003068,1
HH003069,0
HH003070,2
HH003071,1
HH003072,0
HH003073,1
HH003074,0
HH003075,0
HH003076,0
HH003077,1
HH003078,0
HH003079,1
HH003080,0
HH003081,2
HH003082,2
HH003083,1
HH003084,2
HH003085,2
HH003086,1
HH003087,1
HH003088,0
HH003089,0
HH003090,0
HH003091,2
HH003092,1
HH003093,1
HH003094,2
HH003095,0
HH003096,1
HH003097,0
HH003098,1
HH003099,2
HH003100,1
HH003101,1
HH003102,2
HH003103,1
HH003104,0
HH003105,0
HH003106,0
HH003107,0
HH003108,1
HH003109,2
HH003110,0
HH003111,2
HH003112,0
HH003113,1
HH003114,0
HH003115,0
HH003116,0
HH003117,2
HH003118,0
HH003119,0
HH003120,2
HH003121,2
HH003122,1
HH003123,2
HH003124,0
HH003125,1
HH003126,0
HH003127,2
HH003128,0
HH003129,1
HH003130,0
HH003131,2
HH003132,1
HH003133,1
HH003134,2
HH003135,0
HH003136,1
HH003137,0
HH003138,1
HH003139,2
HH003140,0
HH003141,1
HH003142,0
HH003143,0
HH003144,0
HH003145,0
HH003146,0
HH003147,1
HH003148,0
HH003149,1
HH003150,1
HH003151,0
HH003152,0
HH003153,1
HH003154,0
HH003155,0
HH003156,1
HH003157,0
HH003158,0
HH003159,0
HH003160,0
HH003161,0
HH003162,0
HH003163,0
HH003164,1
HH003165,0
HH003166,0
HH003167,0
HH003168,2
HH003169,0
HH003170,0
HH003171,0
HH003172,0
HH003173,0
HH003174,0
HH003175,2
HH003176,0
HH003177,1
HH003178,2
HH003179,1
HH003180,1
HH003181,1
HH003182,1
HH003183,1
HH003184,0
HH003185,1
HH003186,0
HH003187,0
HH003188,1
HH003189,0
HH003190,1
HH003191,0
HH003192,1
HH003193,1
HH003194,0
HH003195,0
HH003196,0
HH003197,0
HH003198,1
HH003199,0
HH003200,2
HH003201,0
HH003202,1
HH003203,2
HH003204,0
HH003205,1
HH003206,2
HH003207,1
HH003208,2
HH003209,1
HH003210,1
HH003211,1
HH003212,0
HH003213,0
HH003214,2
HH003215,0
HH003216,0
HH003217,0
HH003218,1
HH003219,1
HH003220,2
HH003221,0
HH003222,1
HH003223,0
HH003224,2
HH003225,0
HH003226,0
HH003227,0
HH003228,1
HH003229,0
HH003230,0
HH003231,1
HH003232,1
HH003233,1
HH003234,2
HH003235,1
HH003236,0
HH003237,1
HH003238,0
HH003239,2
HH003240,0
HH003241,0
HH003242,0
HH003243,1
HH003244,0
HH003245,0
HH003246,0
HH003247,0
HH003248,2
HH003249,0
HH003250,1
HH003251,0
HH003252,0
HH003253,1
HH003254,0
HH003255,0
HH003256,0
HH003257,2
HH003258,0
HH003259,1
HH003260,1
HH003261,0
HH003262,0
HH003263,2
HH003264,0
HH003265,0
HH003266,0
HH003267,0
HH003268,0
HH003269,1
HH003270,0
HH003271,1
HH003272,0
HH003273,1
HH003274,0
HH003275,0
HH003276,1
HH003277,1
HH003278,0
HH003279,0
HH003280,2
HH003281,1
HH003282,2
HH003283,0
HH003284,1
HH003285,0
HH003286,0
HH003287,2
HH003288,0
HH003289,1
HH003290,0
HH003291,1
HH003292,1
HH003293,0
HH003294,0
HH003295,1
HH003296,2
HH003297,0
HH003298,1
HH003299,1
HH003300,0
HH003301,0
HH003302,0
HH003303,1
HH003304,1
HH003305,1
HH003306,0
HH003307,1
HH003308,1
HH003309,1
HH003310,1
HH003311,1
HH003312,0
HH003313,2
HH003314,0
HH003315,0
HH003316,1
HH003317,2
HH003318,0
HH003319,0
HH003320,0
HH003321,1
HH003322,1
HH003323,1
HH003324,1
HH003325,0
HH003326,0
HH003327,0
HH003328,0
HH003329,0
HH003330,1
HH003331,0
HH003332,1
HH003333,2
HH003334,0
HH003335,0
HH003336,1
HH003337,0
HH003338,0
HH003339,1
HH003340,2
HH003341,2
HH003342,0
HH003343,0
HH003344,0
HH003345,0
HH003346,1
HH003347,1
HH003348,0
HH003349,0
HH003350,1
HH003351,2
HH003352,0
HH003353,1
HH003354,1
HH003355,0
HH003356,0
HH003357,0
HH003358,0
HH003359,0
HH003360,1
HH003361,0
HH003362,0
HH003363,2
HH003364,2
HH003365,0
HH003366,0
HH003367,0
HH003368,1
HH003369,0
HH003370,0
HH003371,0
HH003372,0
HH003373,1
HH003374,1
HH003375,0
HH003376,1
HH003377,1
HH003378,0
HH003379,2
HH003380,1
HH003381,2
HH003382,1
HH003383,0
HH003384,0
HH003385,0
HH003386,0
HH003387,0
HH003388,0
HH003389,1
HH003390,0
HH003391,2
HH003392,1
HH003393,0
HH003394,0
HH003395,0
HH003396,1
HH003397,1
HH003398,1
HH003399,2
HH003400,0
HH003401,0
HH003402,1
HH003403,1
HH003404,1
HH003405,0
HH003406,0
HH003407,1
HH003408,0
HH003409,0
HH003410,1
HH003411,1
HH003412,0
HH003413,0
HH003414,2
HH003415,1
HH003416,1
HH003417,0
HH003418,0
HH003419,0
HH003420,1
HH003421,0
HH003422,1
HH003423,2
HH003424,0
HH003425,0
HH003426,0
HH003427,0
HH003428,0
HH003429,2
HH003430,2
HH003431,1
HH003432,0
HH003433,0
HH003434,1
HH003435,0
HH003436,1
HH003437,0
HH003438,2
HH003439,0
HH003440,1
HH003441,0
HH003442,1
HH003443,0
HH003444,0
HH003445,0
HH003446,0
HH003447,1
HH003448,1
HH003449,2
HH003450,0
HH003451,1
HH003452,1
HH003453,0
HH003454,1
HH003455,0
HH003456,2
HH003457,2
HH003458,2
HH003459,0
HH003460,1
HH003461,0
HH003462,2
HH003463,0
HH003464,0
HH003465,0
HH003466,1
HH003467,0
HH003468,0
HH003469,1
HH003470,1
HH003471,2
HH003472,0
HH003473,0
HH003474,2
HH003475,0
HH003476,0
HH003477,1
HH003478,1
HH003479,2
HH003480,0
HH003481,0
HH003482,0
HH003483,2
HH003484,1
HH003485,0
HH003486,1
HH003487,1
HH003488,0
HH003489,0
HH003490,0
HH003491,1
HH003492,0
HH003493,0
HH003494,2
HH003495,1
HH003496,1
HH003497,1
HH003498,0
HH003499,0
HH003500,2
HH003501,1
HH003502,0
HH003503,0
HH003504,1
HH003505,0
HH003506,2
HH003507,2
HH003508,1
HH003509,0
HH003510,1
HH003511,0
HH003512,0
HH003513,0
HH003514,1
HH003515,0
HH003516,0
HH003517,1
HH003518,0
HH003519,0
HH003520,0
HH003521,2
HH003522,1
HH003523,0
HH003524,1
HH003525,0
HH003526,1
HH003527,2
HH003528,2
HH003529,0
HH003530,1
HH003531,1
HH003532,1
HH003533,1
HH003534,0
HH003535,0
HH003536,1
HH003537,1
HH003538,0
HH003539,0
HH003540,1
HH003541,0
HH003542,1
HH003543,1
HH003544,1
HH003545,1
HH003546,0
HH003547,0
HH003548,0
HH003549,0
HH003550,2
HH003551,0
HH003552,1
HH003553,0
HH003554,0
HH003555,0
HH003556,0
HH003557,0
HH003558,0
HH003559,2
HH003560,2
HH003561,0
HH003562,0
HH003563,0
HH003564,0
HH003565,1
HH003566,1
HH003567,0
HH003568,0
HH003569,2
HH003570,1
HH003571,1
HH003572,0
HH003573,0
HH003574,1
HH003575,0
HH003576,0
HH003577,1
HH003578,0
HH003579,0
HH003580,1
HH003581,2
HH003582,0
HH003583,0
HH003584,1
HH003585,0
HH003586,0
HH003587,0
HH003588,0
HH003589,0
HH003590,1
HH003591,2
HH003592,0
HH003593,1
HH003594,0
HH003595,0
HH003596,1
HH003597,1
HH003598,1
HH003599,0
HH003600,0
HH003601,2
HH003602,1
HH003603,0
HH003604,0
HH003605,2
HH003606,0
HH003607,1
HH003608,1
HH003609,1
HH003610,1
HH003611,1
HH003612,1
HH003613,1
HH003614,0
HH003615,1
HH003616,1
HH003617,2
HH003618,1
HH003619,0
HH003620,1
HH003621,2
HH003622,0
HH003623,1
HH003624,0
HH003625,0
HH003626,1
HH003627,0
HH003628,0
HH003629,1
HH003630,0
HH003631,2
HH003632,1
HH003633,0
HH003634,0
HH003635,0
HH003636,0
HH003637,2
HH003638,2
HH003639,1
HH003640,1
HH003641,0
HH003642,0
HH003643,0
HH003644,0
HH003645,0
HH003646,1
HH003647,0
HH003648,1
HH003649,0
HH003650,1
HH003651,0
HH003652,0
HH003653,2
HH003654,0
HH003655,2
HH003656,0
HH003657,0
HH003658,1
HH003659,2
HH003660,1
HH003661,0
HH003662,0
HH003663,1
HH003664,1
HH003665,1
HH003666,0
HH003667,1
HH003668,1
HH003669,1
HH003670,0
HH003671,0
HH003672,1
HH003673,0
HH003674,0
HH003675,0
HH003676,0
HH003677,2
HH003678,0
HH003679,0
HH003680,0
HH003681,1
HH003682,0
HH003683,0
HH003684,0
HH003685,0
HH003686,2
HH003687,0
HH003688,1
HH003689,0
HH003690,0
HH003691,0
HH003692,1
HH003693,1
HH003694,2
HH003695,0
HH003696,0
HH003697,0
HH003698,2
HH003699,0
HH003700,1
HH003701,0
HH003702,0
HH003703,1
HH003704,0
HH003705,1
HH003706,2
HH003707,2
HH003708,0
HH003709,1
HH003710,0
HH003711,2
HH003712,2
HH003713,0
HH003714,2
HH003715,1
HH003716,0
HH003717,1
HH003718,0
HH003719,0
HH003720,0
HH003721,1
HH003722,0
HH003723,0
HH003724,1
HH003725,1
HH003726,0
HH003727,0
HH003728,2
HH003729,0
HH003730,0
HH003731,0
HH003732,0
HH003733,0
HH003734,0
HH003735,0
HH003736,2
HH003737,0
HH003738,0
HH003739,2
HH003740,0
HH003741,0
HH003742,1
HH003743,1
HH003744,0
HH003745,1
HH003746,0
HH003747,1
HH003748,0
HH003749,1
HH003750,1
HH003751,0
HH003752,1
HH003753,0
HH003754,2
HH003755,0
HH003756,2
HH003757,1
HH003758,0
HH003759,1
HH003760,0
HH003761,1
HH003762,1
HH003763,0
HH003764,1
HH003765,0
HH003766,0
HH003767,1
HH003768,1
HH003769,0
HH003770,1
HH003771,0
HH003772,0
HH003773,0
HH003774,0
HH003775,0
HH003776,1
HH003777,1
HH003778,2
HH003779,0
HH003780,0
HH003781,1
HH003782,0
HH003783,1
HH003784,1
HH003785,0
HH003786,0
HH003787,0
HH003788,1
HH003789,1
HH003790,0
HH003791,1
HH003792,0
HH003793,2
HH003794,0
HH003795,1
HH003796,0
HH003797,1
HH003798,0
HH003799,1
HH003800,0
HH003801,0
HH003802,1
HH003803,1
HH003804,0
HH003805,2
HH003806,2
HH003807,0
HH003808,1
HH003809,0
HH003810,1
HH003811,0
HH003812,0
HH003813,0
HH003814,0
HH003815,1
HH003816,1
HH003817,0
HH003818,2
HH003819,0
HH003820,0
HH003821,0
HH003822,1
HH003823,1
HH003824,1
HH003825,1
HH003826,0
HH003827,1
HH003828,0
HH003829,0
HH003830,1
HH003831,1
HH003832,0
HH003833,1
HH003834,2
HH003835,1
HH003836,1
HH003837,0
HH003838,0
HH003839,1
HH003840,0
HH003841,0
HH003842,0
HH003843,0
HH003844,1
HH003845,1
HH003846,0
HH003847,0
HH003848,0
HH003849,1
HH003850,2
HH003851,0
HH003852,1
HH003853,0
HH003854,0
HH003855,0
HH003856,1
HH003857,1
HH003858,0
HH003859,0
HH003860,1
HH003861,2
HH003862,0
HH003863,2
HH003864,0
HH003865,2
HH003866,2
HH003867,0
HH003868,1
HH003869,2
HH003870,1
HH003871,0
HH003872,1
HH003873,2
HH003874,0
HH003875,2
HH003876,1
HH003877,0
HH003878,1
HH003879,1
HH003880,0
HH003881,0
HH003882,2
HH003883,0
HH003884,2
HH003885,0
HH003886,0
HH003887,0
HH003888,0
HH003889,2
HH003890,0
HH003891,0
HH003892,2
HH003893,1
HH003894,1
HH003895,2
HH003896,0
HH003897,0
HH003898,0
HH003899,0
HH003900,0
HH003901,2
HH003902,0
HH003903,0
HH003904,0
HH003905,0
HH003906,0
HH003907,0
HH003908,0
HH003909,0
HH003910,1
HH003911,0
HH003912,0
HH003913,0
HH003914,1
HH003915,1
HH003916,0
HH003917,0
HH003918,0
HH003919,2
HH003920,0
HH003921,2
HH003922,0
HH003923,1
HH003924,2
HH003925,1
HH003926,1
HH003927,0
HH003928,1
HH003929,1
HH003930,1
HH003931,1
HH003932,1
HH003933,0
HH003934,1
HH003935,1
HH003936,1
HH003937,1
HH003938,2
HH003939,0
HH003940,0
HH003941,1
HH003942,0
HH003943,0
HH003944,1
HH003945,1
HH003946,1
HH003947,2
HH003948,0
HH003949,0
HH003950,0
HH003951,0
HH003952,1
HH003953,2
HH003954,0
HH003955,0
HH003956,1
HH003957,2
HH003958,0
HH003959,0
HH003960,0
HH003961,1
HH003962,0
HH003963,1
HH003964,2
HH003965,1
HH003966,1
HH003967,2
HH003968,1
HH003969,0
HH003970,0
HH003971,1
HH003972,1
HH003973,1
HH003974,0
HH003975,0
HH003976,0
HH003977,0
HH003978,1
HH003979,1
HH003980,0
HH003981,0
HH003982,0
HH003983,2
HH003984,1
HH003985,0
HH003986,2
HH003987,0
HH003988,1
HH003989,1
HH003990,0
HH003991,0
HH003992,0
HH003993,0
HH003994,2
HH003995,2
HH003996,1
HH003997,0
HH003998,1
HH003999,0
HH004000,1
HH004001,1
HH004002,0
HH004003,2
HH004004,2
HH004005,0
HH004006,0
HH004007,1
HH004008,0
HH004009,0
HH004010,1
HH004011,2
HH004012,0
HH004013,0
HH004014,0
HH004015,0
HH004016,1
HH004017,1
HH004018,0
HH004019,0
HH004020,1
HH004021,0
HH004022,0
HH004023,1
HH004024,1
HH004025,1
HH004026,1
HH004027,0
HH004028,0
HH004029,1
HH004030,0
HH004031,0
HH004032,1
HH004033,2
HH004034,0
HH004035,0
HH004036,1
HH004037,1
HH004038,0
HH004039,0
HH004040,0
HH004041,0
HH004042,0
HH004043,0
HH004044,1
HH004045,0
HH004046,2
HH004047,2
HH004048,0
HH004049,0
HH004050,0
HH004051,0
HH004052,2
HH004053,0
HH004054,0
HH004055,1
HH004056,2
HH004057,1
HH004058,0
HH004059,0
HH004060,1
HH004061,0
HH004062,0
HH004063,0
HH004064,0
HH004065,0
HH004066,1
HH004067,1
HH004068,0
HH004069,0
HH004070,1
HH004071,1
HH004072,0
HH004073,1
HH004074,0
HH004075,0
HH004076,0
HH004077,0
HH004078,0
HH004079,0
HH004080,0
HH004081,1
HH004082,0
HH004083,0
HH004084,0
HH004085,0
HH004086,0
HH004087,0
HH004088,1
HH004089,0
HH004090,1
HH004091,0
HH004092,1
HH004093,0
HH004094,1
HH004095,2
HH004096,1
HH004097,0
HH004098,0
HH004099,2
HH004100,0
HH004101,1
HH004102,2
HH004103,0
HH004104,0
HH004105,2
HH004106,1
HH004107,0
HH004108,0
HH004109,1
HH004110,0
HH004111,1
HH004112,2
HH004113,0
HH004114,2
HH004115,0
HH004116,0
HH004117,0
HH004118,0
HH004119,0
HH004120,2
HH004121,1
HH004122,0
HH004123,0
HH004124,0
HH004125,0
HH004126,0
HH004127,2
HH004128,1
HH004129,0
HH004130,0
HH004131,0
HH004132,2
HH004133,1
HH004134,1
HH004135,0
HH004136,1
HH004137,1
HH004138,1
HH004139,0
HH004140,0
HH004141,0
HH004142,1
HH004143,1
HH004144,0
HH004145,0
HH004146,2
HH004147,1
HH004148,2
HH004149,0
HH004150,1
HH004151,1
HH004152,0
HH004153,0
HH004154,1
HH004155,0
HH004156,0
HH004157,2
HH004158,0
HH004159,0
HH004160,1
HH004161,1
HH004162,2
HH004163,1
HH004164,1
HH004165,0
HH004166,2
HH004167,0
HH004168,2
HH004169,2
HH004170,1
HH004171,0
HH004172,1
HH004173,2
HH004174,0
HH004175,1
HH004176,0
HH004177,1
HH004178,0
HH004179,2
HH004180,1
HH004181,0
HH004182,1
HH004183,2
HH004184,0
HH004185,1
HH004186,1
HH004187,1
HH004188,0
HH004189,1
HH004190,1
HH004191,1
HH004192,1
HH004193,0
HH004194,2
HH004195,0
HH004196,0
HH004197,2
HH004198,0
HH004199,0
HH004200,0
HH004201,0
HH004202,0
HH004203,0
HH004204,0
HH004205,0
HH004206,2
HH004207,1
HH004208,0
HH004209,1
HH004210,0
HH004211,1
HH004212,0
HH004213,0
HH004214,0
HH004215,0
HH004216,0
HH004217,0
HH004218,0
HH004219,1
HH004220,0
HH004221,2
HH004222,0
HH004223,0
HH004224,0
HH004225,0
HH004226,1
HH004227,0
HH004228,1
HH004229,1
HH004230,2
HH004231,0
HH004232,0
HH004233,0
HH004234,0
HH004235,0
HH004236,0
HH004237,1
HH004238,0
HH004239,1
HH004240,0
HH004241,0
HH004242,1
HH004243,0
HH004244,0
HH004245,0
HH004246,1
HH004247,0
HH004248,0
HH004249,0
HH004250,0
HH004251,1
HH004252,1
HH004253,1
HH004254,2
HH004255,0
HH004256,0
HH004257,1
HH004258,1
HH004259,2
HH004260,2
HH004261,1
HH004262,1
HH004263,1
HH004264,0
HH004265,0
HH004266,0
HH004267,2
HH004268,0
HH004269,0
HH004270,0
HH004271,0
HH004272,0
HH004273,0
HH004274,1
HH004275,1
HH004276,0
HH004277,0
HH004278,0
HH004279,1
HH004280,0
HH004281,1
HH004282,2
HH004283,0
HH004284,0
HH004285,0
HH004286,2
HH004287,1
HH004288,1
HH004289,2
HH004290,0
HH004291,0
HH004292,0
HH004293,0
HH004294,0
HH004295,0
HH004296,0
HH004297,0
HH004298,0
HH004299,0
HH004300,0
HH004301,0
HH004302,1
HH004303,1
HH004304,1
HH004305,0
HH004306,0
HH004307,1
HH004308,1
HH004309,1
HH004310,0
HH004311,0
HH004312,1
HH004313,0
HH004314,2
HH004315,2
HH004316,1
HH004317,0
HH004318,2
HH004319,2
HH004320,0
HH004321,0
HH004322,0
HH004323,1
HH004324,1
HH004325,1
HH004326,1
HH004327,0
HH004328,0
HH004329,0
HH004330,1
HH004331,1
HH004332,0
HH004333,0
HH004334,0
HH004335,0
HH004336,0
HH004337,0
HH004338,0
HH004339,0
HH004340,0
HH004341,1
HH004342,0
HH004343,0
HH004344,1
HH004345,0
HH004346,0
HH004347,1
HH004348,0
HH004349,0
HH004350,0
HH004351,0
HH004352,0
HH004353,0
HH004354,0
HH004355,2
HH004356,2
HH004357,1
HH004358,0
HH004359,1
HH004360,0
HH004361,0
HH004362,2
HH004363,0
HH004364,1
HH004365,1
HH004366,1
HH004367,0
HH004368,1
HH004369,1
HH004370,0
HH004371,0
HH004372,2
HH004373,1
HH004374,1
HH004375,1
HH004376,2
HH004377,2
HH004378,0
HH004379,0
HH004380,0
HH004381,0
HH004382,0
HH004383,0
HH004384,0
HH004385,1
HH004386,0
HH004387,2
HH004388,0
HH004389,0
HH004390,0
HH004391,2
HH004392,0
HH004393,0
HH004394,2
HH004395,0
HH004396,0
HH004397,0
HH004398,1
HH004399,0
HH004400,0
HH004401,1
HH004402,2
HH004403,0
HH004404,0
HH004405,0
HH004406,0
HH004407,0
HH004408,0
HH004409,0
HH004410,0
HH004411,0
HH004412,0
HH004413,1
HH004414,0
HH004415,2
HH004416,2
HH004417,0
HH004418,1
HH004419,0
HH004420,1
HH004421,1
HH004422,0
HH004423,1
HH004424,0
HH004425,2
HH004426,1
HH004427,1
HH004428,1
HH004429,0
HH004430,0
HH004431,0
HH004432,1
HH004433,0
HH004434,0
HH004435,1
HH004436,0
HH004437,0
HH004438,2
HH004439,1
HH004440,2
HH004441,1
HH004442,0
HH004443,0
HH004444,0
HH004445,1
HH004446,2
HH004447,1
HH004448,0
HH004449,1
HH004450,0
HH004451,0
HH004452,0
HH004453,1
HH004454,0
HH004455,0
HH004456,1
HH004457,0
HH004458,0
HH004459,0
HH004460,0
HH004461,0
HH004462,1
HH004463,0
HH004464,1
HH004465,0
HH004466,0
HH004467,0
HH004468,0
HH004469,0
HH004470,1
HH004471,2
HH004472,2
HH004473,1
HH004474,2
HH004475,0
HH004476,0
HH004477,1
HH004478,1
HH004479,1
HH004480,0
HH004481,1
HH004482,0
HH004483,0
HH004484,0
HH004485,0
HH004486,0
HH004487,0
HH004488,0
HH004489,0
HH004490,0
HH004491,0
HH004492,1
HH004493,0
HH004494,1
HH004495,0
HH004496,0
HH004497,0
HH004498,2
HH004499,1
HH004500,0
HH004501,0
HH004502,2
HH004503,1
HH004504,0
HH004505,0
HH004506,0
HH004507,0
HH004508,0
HH004509,0
HH004510,0
HH004511,0
HH004512,0
HH004513,0
HH004514,0
HH004515,1
HH004516,2
HH004517,1
HH004518,0
HH004519,2
HH004520,1
HH004521,0
HH004522,0
HH004523,0
HH004524,0
HH004525,0
HH004526,1
HH004527,0
HH004528,0
HH004529,0
HH004530,1
HH004531,0
HH004532,0
HH004533,1
HH004534,1
HH004535,0
HH004536,0
HH004537,1
HH004538,0
HH004539,0
HH004540,0
HH004541,0
HH004542,2
HH004543,0
HH004544,0
HH004545,0
HH004546,1
HH004547,1
HH004548,0
HH004549,1
HH004550,2
HH004551,0
HH004552,0
HH004553,0
HH004554,0
HH004555,1
HH004556,2
HH004557,0
HH004558,1
HH004559,2
HH004560,2
HH004561,2
HH004562,0
HH004563,2
HH004564,1
HH004565,0
HH004566,0
HH004567,2
HH004568,0
HH004569,2
HH004570,2
HH004571,0
HH004572,0
HH004573,0
HH004574,1
HH004575,1
HH004576,0
HH004577,2
HH004578,1
HH004579,0
HH004580,0
HH004581,1
HH004582,1
HH004583,1
HH004584,2
HH004585,1
HH004586,1
HH004587,0
HH004588,0
HH004589,0
HH004590,1
HH004591,0
HH004592,0
HH004593,0
HH004594,1
HH004595,0
HH004596,1
HH004597,0
HH004598,0
HH004599,2
HH004600,2
HH004601,1
HH004602,2
HH004603,0
HH004604,0
HH004605,0
HH004606,0
HH004607,0
HH004608,1
HH004609,0
HH004610,2
HH004611,0
HH004612,0
HH004613,0
HH004614,1
HH004615,0
HH004616,0
HH004617,1
HH004618,0
HH004619,0
HH004620,2
HH004621,0
HH004622,0
HH004623,0
HH004624,2
HH004625,0
HH004626,1
HH004627,1
HH004628,0
HH004629,1
HH004630,0
HH004631,0
HH004632,0
HH004633,1
HH004634,0
HH004635,1
HH004636,1
HH004637,2
HH004638,1
HH004639,1
HH004640,1
HH004641,1
HH004642,2
HH004643,1
HH004644,0
HH004645,2
HH004646,0
HH004647,0
HH004648,2
HH004649,0
HH004650,1
HH004651,0
HH004652,1
HH004653,0
HH004654,2
HH004655,2
HH004656,0
HH004657,1
HH004658,0
HH004659,2
HH004660,0
HH004661,1
HH004662,0
HH004663,0
HH004664,0
HH004665,1
HH004666,0
HH004667,0
HH004668,1
HH004669,2
HH004670,1
HH004671,1
HH004672,0
HH004673,2
HH004674,0
HH004675,2
HH004676,0
HH004677,0
HH004678,1
HH004679,1
HH004680,0
HH004681,1
HH004682,1
HH004683,0
HH004684,2
HH004685,1
HH004686,1
HH004687,1
HH004688,1
HH004689,1
HH004690,0
HH004691,0
HH004692,0
HH004693,0
HH004694,1
HH004695,2
HH004696,0
HH004697,2
HH004698,0
HH004699,0
HH004700,1
HH004701,1
HH004702,2
HH004703,0
HH004704,2
HH004705,1
HH004706,0
HH004707,2
HH004708,1
HH004709,1
HH004710,1
HH004711,0
HH004712,0
HH004713,0
HH004714,2
HH004715,2
HH004716,2
HH004717,0
HH004718,1
HH004719,2
HH004720,2
HH004721,1
HH004722,0
HH004723,1
HH004724,1
HH004725,0
HH004726,1
HH004727,0
HH004728,2
HH004729,2
HH004730,1
HH004731,1
HH004732,0
HH004733,2
HH004734,0
HH004735,1
HH004736,0
HH004737,1
HH004738,2
HH004739,0
HH004740,1
HH004741,1
HH004742,2
HH004743,0
HH004744,2
HH004745,0
HH004746,2
HH004747,0
HH004748,0
HH004749,0
HH004750,0
HH004751,0
HH004752,1
HH004753,0
HH004754,0
HH004755,0
HH004756,0
HH004757,1
HH004758,1
HH004759,0
HH004760,1
HH004761,0
HH004762,2
HH004763,0
HH004764,1
HH004765,2
HH004766,1
HH004767,0
HH004768,1
HH004769,1
HH004770,0
HH004771,0
HH004772,2
HH004773,1
HH004774,1
HH004775,0
HH004776,1
HH004777,0
HH004778,2
HH004779,0
HH004780,1
HH004781,2
HH004782,2
HH004783,0
HH004784,2
HH004785,0
HH004786,1
HH004787,2
HH004788,0
HH004789,2
HH004790,2
HH004791,2
HH004792,1
HH004793,1
HH004794,1
HH004795,0
HH004796,0
HH004797,1
HH004798,0
HH004799,1
HH004800,1
HH004801,0
HH004802,0
HH004803,0
HH004804,0
HH004805,1
HH004806,2
HH004807,0
HH004808,1
HH004809,0
HH004810,0
HH004811,0
HH004812,0
HH004813,0
HH004814,1
HH004815,0
HH004816,0
HH004817,1
HH004818,0
HH004819,0
HH004820,0
HH004821,1
HH004822,0
HH004823,0
HH004824,0
HH004825,1
HH004826,0
HH004827,0
HH004828,0
HH004829,0
HH004830,0
HH004831,2
HH004832,0
HH004833,0
HH004834,1
HH004835,1
HH004836,2
HH004837,0
HH004838,1
HH004839,1
HH004840,0
HH004841,1
HH004842,0
HH004843,1
HH004844,0
HH004845,1
HH004846,0
HH004847,0
HH004848,1
HH004849,0
HH004850,0
HH004851,0
HH004852,0
HH004853,1
HH004854,0
HH004855,1
HH004856,1
HH004857,0
HH004858,1
HH004859,1
HH004860,0
HH004861,0
HH004862,0
HH004863,0
HH004864,2
HH004865,0
HH004866,0
HH004867,0
HH004868,0
HH004869,1
HH004870,0
HH004871,0
HH004872,1
HH004873,0
HH004874,0
HH004875,0
HH004876,0
HH004877,0
HH004878,0
HH004879,1
HH004880,1
HH004881,1
HH004882,0
HH004883,0
HH004884,0
HH004885,1
HH004886,1
HH004887,1
HH004888,0
HH004889,1
HH004890,2
HH004891,1
HH004892,0
HH004893,0
HH004894,0
HH004895,0
HH004896,0
HH004897,1
HH004898,2
HH004899,1
HH004900,0
HH004901,0
HH004902,2
HH004903,0
HH004904,1
HH004905,2
HH004906,0
HH004907,2
HH004908,1
HH004909,0
HH004910,0
HH004911,1
HH004912,0
HH004913,1
HH004914,0
HH004915,0
HH004916,2
HH004917,2
HH004918,0
HH004919,0
HH004920,2
HH004921,0
HH004922,1
HH004923,1
HH004924,0
HH004925,1
HH004926,0
HH004927,0
HH004928,0
HH004929,1
HH004930,1
HH004931,1
HH004932,0
HH004933,1
HH004934,2
HH004935,0
HH004936,1
HH004937,1
HH004938,0
HH004939,2
HH004940,1
HH004941,2
HH004942,0
HH004943,2
HH004944,1
HH004945,1
HH004946,0
HH004947,0
HH004948,1
HH004949,0
HH004950,0
HH004951,1
HH004952,1
HH004953,0
HH004954,1
HH004955,0
HH004956,0
HH004957,0
HH004958,1
HH004959,2
HH004960,0
HH004961,0
HH004962,0
HH004963,1
HH004964,0
HH004965,1
HH004966,1
HH004967,0
HH004968,0
HH004969,2
HH004970,0
HH004971,0
HH004972,0
HH004973,0
HH004974,2
HH004975,0
HH004976,1
HH004977,2
HH004978,0
HH004979,1
HH004980,0
HH004981,0
HH004982,1
HH004983,0
HH004984,0
HH004985,1
HH004986,0
HH004987,1
HH004988,0
HH004989,1
HH004990,2
HH004991,2
HH004992,2
HH004993,0
HH004994,1
HH004995,2
HH004996,0
HH004997,0
HH004998,0
HH004999,2
HH005000,1
HH005001,1
HH005002,0
HH005003,0
HH005004,0
HH005005,1
HH005006,0
HH005007,1
HH005008,1
HH005009,0
HH005010,1
HH005011,0
HH005012,0
HH005013,0
HH005014,0
HH005015,0
HH005016,0
HH005017,0
HH005018,0
HH005019,1
HH005020,0
HH005021,2
HH005022,0
HH005023,0
HH005024,1
HH005025,0
HH005026,1
HH005027,2
HH005028,0
HH005029,0
HH005030,0
HH005031,1
HH005032,1
HH005033,0
HH005034,2
HH005035,0
HH005036,1
HH005037,2
HH005038,0
HH005039,0
HH005040,1
HH005041,0
HH005042,0
HH005043,0
HH005044,0
HH005045,0
HH005046,0
HH005047,0
HH005048,1
HH005049,1
HH005050,0
HH005051,1
HH005052,0
HH005053,0
HH005054,2
HH005055,0
HH005056,0
HH005057,1
HH005058,1
HH005059,1
HH005060,1
HH005061,1
HH005062,0
HH005063,1
HH005064,0
HH005065,0
HH005066,0
HH005067,1
HH005068,0
HH005069,0
HH005070,1
HH005071,0
HH005072,0
HH005073,1
HH005074,1
HH005075,0
HH005076,1
HH005077,0
HH005078,2
HH005079,2
HH005080,1
HH005081,1
HH005082,0
HH005083,1
HH005084,0
HH005085,0
HH005086,2
HH005087,2
HH005088,0
HH005089,0
HH005090,1
HH005091,0
HH005092,1
HH005093,0
HH005094,0
HH005095,0
HH005096,1
HH005097,2
HH005098,0
HH005099,1
HH005100,1
HH005101,0
HH005102,2
HH005103,0
HH005104,0
HH005105,0
HH005106,1
HH005107,1
HH005108,0
HH005109,0
HH005110,0
HH005111,0
HH005112,0
HH005113,1
HH005114,2
HH005115,0
HH005116,2
HH005117,1
HH005118,0
HH005119,0
HH005120,1
HH005121,0
HH005122,1
HH005123,1
HH005124,0
HH005125,0
HH005126,0
HH005127,0
HH005128,0
HH005129,0
HH005130,2
HH005131,0
HH005132,1
HH005133,1
HH005134,0
HH005135,0
HH005136,1
HH005137,0
HH005138,1
HH005139,2
HH005140,0
HH005141,0
HH005142,1
HH005143,0
HH005144,2
HH005145,0
HH005146,0
HH005147,0
HH005148,0
HH005149,1
HH005150,1
HH005151,0
HH005152,1
HH005153,0
HH005154,1
HH005155,1
HH005156,2
HH005157,0
HH005158,1
HH005159,1
HH005160,0
HH005161,2
HH005162,1
HH005163,2
HH005164,0
HH005165,0
HH005166,0
HH005167,1
HH005168,1
HH005169,1
HH005170,1
HH005171,0
HH005172,0
HH005173,0
HH005174,0
HH005175,0
HH005176,0
HH005177,0
HH005178,0
HH005179,0
HH005180,1
HH005181,0
HH005182,2
HH005183,0
HH005184,0
HH005185,0
HH005186,0
HH005187,1
HH005188,0
HH005189,0
HH005190,2
HH005191,0
HH005192,0
HH005193,1
HH005194,0
HH005195,0
HH005196,0
HH005197,0
HH005198,0
HH005199,1
HH005200,1
HH005201,0
HH005202,0
HH005203,0
HH005204,0
HH005205,0
HH005206,2
HH005207,1
HH005208,0
HH005209,1
HH005210,2
HH005211,0
HH005212,0
HH005213,0
HH005214,2
HH005215,0
HH005216,1
HH005217,0
HH005218,0
HH005219,0
HH005220,0
HH005221,2
HH005222,1
HH005223,0
HH005224,0
HH005225,1
HH005226,1
HH005227,0
HH005228,0
HH005229,0
HH005230,0
HH005231,0
HH005232,0
HH005233,1
HH005234,1
HH005235,0
HH005236,1
HH005237,0
HH005238,0
HH005239,1
HH005240,0
HH005241,0
HH005242,1
HH005243,1
HH005244,0
HH005245,0
HH005246,1
HH005247,2
HH005248,0
HH005249,0
HH005250,1
HH005251,2
HH005252,0
HH005253,0
HH005254,0
HH005255,0
HH005256,1
HH005257,0
HH005258,1
HH005259,2
HH005260,0
HH005261,0
HH005262,2
HH005263,0
HH005264,2
HH005265,0
HH005266,1
HH005267,1
HH005268,1
HH005269,1
HH005270,0
HH005271,0
HH005272,2
HH005273,1
HH005274,1
HH005275,1
HH005276,0
HH005277,0
HH005278,1
HH005279,2
HH005280,0
HH005281,0
HH005282,0
HH005283,1
HH005284,0
HH005285,1
HH005286,2
HH005287,2
HH005288,0
HH005289,1
HH005290,0
HH005291,0
HH005292,1
HH005293,1
HH005294,0
HH005295,2
HH005296,1
HH005297,0
HH005298,2
HH005299,0
HH005300,0
HH005301,0
HH005302,0
HH005303,0
HH005304,0
HH005305,0
HH005306,1
HH005307,0
HH005308,0
HH005309,0
HH005310,0
HH005311,0
HH005312,1
HH005313,1
HH005314,0
HH005315,2
HH005316,0
HH005317,1
HH005318,0
HH005319,0
HH005320,0
HH005321,0
HH005322,0
HH005323,1
HH005324,0
HH005325,1
HH005326,1
HH005327,0
HH005328,0
HH005329,0
HH005330,0
HH005331,0
HH005332,0
HH005333,1
HH005334,2
HH005335,0
HH005336,1
HH005337,0
HH005338,1
HH005339,0
HH005340,0
HH005341,1
HH005342,0
HH005343,1
HH005344,1
HH005345,0
HH005346,2
HH005347,1
HH005348,1
HH005349,1
HH005350,0
HH005351,0
HH005352,1
HH005353,1
HH005354,1
HH005355,0
HH005356,0
HH005357,0
HH005358,2
HH005359,2
HH005360,1
HH005361,1
HH005362,0
HH005363,0
HH005364,0
HH005365,1
HH005366,1
HH005367,0
HH005368,0
HH005369,1
HH005370,0
HH005371,0
HH005372,0
HH005373,1
HH005374,2
HH005375,2
HH005376,2
HH005377,0
HH005378,0
HH005379,0
HH005380,0
HH005381,1
HH005382,1
HH005383,0
HH005384,2
HH005385,1
HH005386,0
HH005387,0
HH005388,2
HH005389,0
HH005390,1
HH005391,0
HH005392,1
HH005393,0
HH005394,2
HH005395,1
HH005396,0
HH005397,0
HH005398,2
HH005399,0
HH005400,0
HH005401,2
HH005402,2
HH005403,1
HH005404,1
HH005405,1
HH005406,0
HH005407,0
HH005408,0
HH005409,0
HH005410,2
HH005411,0
HH005412,0
HH005413,2
HH005414,0
HH005415,1
HH005416,0
HH005417,0
HH005418,1
HH005419,0
HH005420,0
HH005421,0
HH005422,0
HH005423,1
HH005424,1
HH005425,0
HH005426,0
HH005427,0
HH005428,1
HH005429,0
HH005430,0
HH005431,2
HH005432,0
HH005433,0
HH005434,0
HH005435,0
HH005436,1
HH005437,0
HH005438,0
HH005439,1
HH005440,0
HH005441,0
HH005442,1
HH005443,0
HH005444,1
HH005445,1
HH005446,1
HH005447,1
HH005448,0
HH005449,2
HH005450,1
HH005451,0
HH005452,1
HH005453,0
HH005454,1
HH005455,2
HH005456,0
HH005457,1
HH005458,0
HH005459,0
HH005460,2
HH005461,0
HH005462,2
HH005463,1
HH005464,0
HH005465,1
HH005466,0
HH005467,0
HH005468,0
HH005469,1
HH005470,0
HH005471,1
HH005472,1
HH005473,2
HH005474,0
HH005475,0
HH005476,0
HH005477,1
HH005478,1
HH005479,0
HH005480,0
HH005481,1
HH005482,0
HH005483,1
HH005484,1
HH005485,1
HH005486,0
HH005487,0
HH005488,0
HH005489,0
HH005490,0
HH005491,0
HH005492,0
HH005493,0
HH005494,0
HH005495,0
HH005496,1
HH005497,0
HH005498,1
HH005499,0
HH005500,2
HH005501,0
HH005502,1
HH005503,0
HH005504,2
HH005505,0
HH005506,0
HH005507,0
HH005508,2
HH005509,1
HH005510,2
HH005511,1
HH005512,0
HH005513,1
HH005514,0
HH005515,1
HH005516,1
HH005517,0
HH005518,0
HH005519,0
HH005520,0
HH005521,1
HH005522,2
HH005523,1
HH005524,0
HH005525,2
HH005526,0
HH005527,1
HH005528,2
HH005529,0
HH005530,1
HH005531,2
HH005532,0
HH005533,1
HH005534,1
HH005535,2
HH005536,0
HH005537,2
HH005538,0
HH005539,0
HH005540,1
HH005541,0
HH005542,0
HH005543,2
HH005544,1
HH005545,1
HH005546,0
HH005547,1
HH005548,2
HH005549,1
HH005550,0
HH005551,2
HH005552,2
HH005553,0
HH005554,1
HH005555,2
HH005556,0
HH005557,1
HH005558,0
HH005559,2
HH005560,0
HH005561,2
HH005562,0
HH005563,1
HH005564,0
HH005565,1
HH005566,0
HH005567,0
HH005568,0
HH005569,0
HH005570,1
HH005571,0
HH005572,0
HH005573,0
HH005574,1
HH005575,2
HH005576,0
HH005577,1
HH005578,1
HH005579,1
HH005580,2
HH005581,0
HH005582,1
HH005583,0
HH005584,0
HH005585,0
HH005586,0
HH005587,1
HH005588,0
HH005589,0
HH005590,0
HH005591,2
HH005592,0
HH005593,1
HH005594,0
HH005595,1
HH005596,0
HH005597,1
HH005598,0
HH005599,1
HH005600,1
HH005601,2
HH005602,2
HH005603,1
HH005604,0
HH005605,1
HH005606,0
HH005607,2
HH005608,1
HH005609,0
HH005610,1
HH005611,0
HH005612,2
HH005613,0
HH005614,0
HH005615,0
HH005616,0
HH005617,1
HH005618,1
HH005619,0
HH005620,1
HH005621,1
HH005622,0
HH005623,1
HH005624,2
HH005625,1
HH005626,0
HH005627,2
HH005628,0
HH005629,1
HH005630,0
HH005631,1
HH005632,1
HH005633,0
HH005634,0
HH005635,2
HH005636,0
HH005637,0
HH005638,0
HH005639,0
HH005640,2
HH005641,0
HH005642,2
HH005643,0
HH005644,0
HH005645,1
HH005646,2
HH005647,0
HH005648,0
HH005649,1
HH005650,0
HH005651,1
HH005652,1
HH005653,1
HH005654,0
HH005655,0
HH005656,1
HH005657,0
HH005658,1
HH005659,1
HH005660,0
HH005661,2
HH005662,1
HH005663,2
HH005664,0
HH005665,0
HH005666,0
HH005667,2
HH005668,1
HH005669,0
HH005670,0
HH005671,0
HH005672,1
HH005673,0
HH005674,1
HH005675,2
HH005676,1
HH005677,0
HH005678,0
HH005679,0
HH005680,0
HH005681,1
HH005682,0
HH005683,0
HH005684,1
HH005685,0
HH005686,1
HH005687,1
HH005688,1
HH005689,0
HH005690,0
HH005691,0
HH005692,0
HH005693,0
HH005694,1
HH005695,2
HH005696,1
HH005697,0
HH005698,0
HH005699,0
HH005700,1
HH005701,1
HH005702,1
HH005703,0
HH005704,0
HH005705,0
HH005706,1
HH005707,2
HH005708,0
HH005709,0
HH005710,0
HH005711,1
HH005712,0
HH005713,0
HH005714,1
HH005715,1
HH005716,1
HH005717,1
HH005718,1
HH005719,0
HH005720,0
HH005721,2
HH005722,0
HH005723,0
HH005724,2
HH005725,0
HH005726,1
HH005727,0
HH005728,0
HH005729,0
HH005730,2
HH005731,0
HH005732,1
HH005733,1
HH005734,2
HH005735,2
HH005736,0
HH005737,0
HH005738,0
HH005739,0
HH005740,1
HH005741,0
HH005742,0
HH005743,1
HH005744,2
HH005745,0
HH005746,1
HH005747,0
HH005748,2
HH005749,0
HH005750,0
HH005751,2
HH005752,0
HH005753,0
HH005754,0
HH005755,0
HH005756,0
HH005757,0
HH005758,1
HH005759,2
HH005760,1
HH005761,1
HH005762,0
HH005763,1
HH005764,0
HH005765,0
HH005766,1
HH005767,1
HH005768,1
HH005769,0
HH005770,2
HH005771,0
HH005772,0
HH005773,2
HH005774,0
HH005775,0
HH005776,0
HH005777,1
HH005778,0
HH005779,2
HH005780,0
HH005781,0
HH005782,0
HH005783,0
HH005784,1
HH005785,1
HH005786,0
HH005787,0
HH005788,0
HH005789,1
HH005790,0
HH005791,0
HH005792,0
HH005793,0
HH005794,0
HH005795,0
HH005796,1
HH005797,1
HH005798,0
HH005799,1
HH005800,0
HH005801,0
HH005802,1
HH005803,0
HH005804,0
HH005805,1
HH005806,0
HH005807,1
HH005808,0
HH005809,0
HH005810,0
HH005811,0
HH005812,0
HH005813,2
HH005814,0
HH005815,0
HH005816,0
HH005817,0
HH005818,0
HH005819,0
HH005820,0
HH005821,1
HH005822,0
HH005823,0
HH005824,0
HH005825,1
HH005826,1
HH005827,0
HH005828,1
HH005829,0
HH005830,0
HH005831,0
HH005832,0
HH005833,2
HH005834,0
HH005835,1
HH005836,2
HH005837,0
HH005838,0
HH005839,0
HH005840,2
HH005841,0
HH005842,0
HH005843,2
HH005844,0
HH005845,0
HH005846,1
HH005847,1
HH005848,1
HH005849,0
HH005850,0
HH005851,0
HH005852,0
HH005853,0
HH005854,1
HH005855,0
HH005856,2
HH005857,0
HH005858,0
HH005859,0
HH005860,0
HH005861,2
HH005862,0
HH005863,0
HH005864,0
HH005865,0
HH005866,0
HH005867,1
HH005868,0
HH005869,0
HH005870,2
HH005871,1
HH005872,0
HH005873,1
HH005874,0
HH005875,0
HH005876,0
HH005877,0
HH005878,0
HH005879,2
HH005880,0
HH005881,2
HH005882,0
HH005883,0
HH005884,0
HH005885,1
HH005886,0
HH005887,2
HH005888,1
HH005889,2
HH005890,0
HH005891,0
HH005892,1
HH005893,1
HH005894,1
HH005895,0
HH005896,1
HH005897,0
HH005898,0
HH005899,0
HH005900,0
HH005901,0
HH005902,0
HH005903,0
HH005904,0
HH005905,0
HH005906,0
HH005907,1
HH005908,0
HH005909,2
HH005910,0
HH005911,2
HH005912,1
HH005913,0
HH005914,0
HH005915,0
HH005916,0
HH005917,2
HH005918,1
HH005919,0
HH005920,0
HH005921,1
HH005922,2
HH005923,0
HH005924,1
HH005925,0
HH005926,0
HH005927,2
HH005928,2
HH005929,1
HH005930,2
HH005931,1
HH005932,0
HH005933,0
HH005934,0
HH005935,2
HH005936,0
HH005937,0
HH005938,2
HH005939,0
HH005940,1
HH005941,1
HH005942,1
HH005943,0
HH005944,0
HH005945,0
HH005946,1
HH005947,0
HH005948,1
HH005949,0
HH005950,0
HH005951,0
HH005952,1
HH005953,1
HH005954,0
HH005955,0
HH005956,0
HH005957,1
HH005958,0
HH005959,1
HH005960,0
HH005961,2
HH005962,0
HH005963,2
HH005964,1
HH005965,0
HH005966,0
HH005967,1
HH005968,0
HH005969,0
HH005970,0
HH005971,0
HH005972,0
HH005973,0
HH005974,0
HH005975,0
HH005976,1
HH005977,1
HH005978,0
HH005979,1
HH005980,2
HH005981,1
HH005982,1
HH005983,0
HH005984,0
HH005985,0
HH005986,2
HH005987,0
HH005988,1
HH005989,1
HH005990,2
HH005991,1
HH005992,0
HH005993,1
HH005994,0
HH005995,0
HH005996,0
HH005997,0
HH005998,0
HH005999,0
HH006000,1
HH006001,1
HH006002,0
HH006003,2
HH006004,0
HH006005,1
HH006006,1
HH006007,1
HH006008,1
HH006009,0
HH006010,2
HH006011,0
HH006012,0
HH006013,2
HH006014,0
HH006015,0
HH006016,1
HH006017,2
HH006018,1
HH006019,2
HH006020,0
HH006021,2
HH006022,1
HH006023,1
HH006024,0
HH006025,0
HH006026,0
HH006027,1
HH006028,0
HH006029,0
HH006030,0
HH006031,1
HH006032,1
HH006033,0
HH006034,0
HH006035,0
HH006036,0
HH006037,2
HH006038,2
HH006039,0
HH006040,0
HH006041,0
HH006042,1
HH006043,0
HH006044,0
HH006045,1
HH006046,1
HH006047,0
HH006048,1
HH006049,2
HH006050,2
HH006051,2
HH006052,1
HH006053,1
HH006054,0
HH006055,1
HH006056,0
HH006057,0
HH006058,1
HH006059,1
HH006060,0
HH006061,1
HH006062,1
HH006063,1
HH006064,0
HH006065,0
HH006066,0
HH006067,0
HH006068,0
HH006069,2
HH006070,0
HH006071,2
HH006072,1
HH006073,2
HH006074,0
HH006075,0
HH006076,0
HH006077,0
HH006078,1
HH006079,0
HH006080,0
HH006081,0
HH006082,1
HH006083,0
HH006084,1
HH006085,1
HH006086,1
HH006087,1
HH006088,0
HH006089,2
HH006090,1
HH006091,1
HH006092,1
HH006093,0
HH006094,0
HH006095,1
HH006096,0
HH006097,1
HH006098,1
HH006099,0
HH006100,0
HH006101,2
HH006102,0
HH006103,0
HH006104,0
HH006105,0
HH006106,2
HH006107,1
HH006108,2
HH006109,1
HH006110,0
HH006111,1
HH006112,1
HH006113,0
HH006114,1
HH006115,0
HH006116,0
HH006117,2
HH006118,0
HH006119,0
HH006120,1
HH006121,1
HH006122,1
HH006123,2
HH006124,1
HH006125,2
HH006126,2
HH006127,0
HH006128,1
HH006129,1
HH006130,0
HH006131,1
HH006132,0
HH006133,0
HH006134,0
HH006135,1
HH006136,1
HH006137,2
HH006138,0
HH006139,0
HH006140,2
HH006141,0
HH006142,0
HH006143,0
HH006144,0
HH006145,1
HH006146,0
HH006147,0
HH006148,1
HH006149,1
HH006150,0
HH006151,0
HH006152,0
HH006153,2
HH006154,0
HH006155,0
HH006156,0
HH006157,0
HH006158,0
HH006159,0
HH006160,1
HH006161,1
HH006162,0
HH006163,0
HH006164,0
HH006165,0
HH006166,0
HH006167,0
HH006168,2
HH006169,2
HH006170,1
HH006171,2
HH006172,0
HH006173,0
HH006174,0
HH006175,1
HH006176,0
HH006177,1
HH006178,1
HH006179,0
HH006180,0
HH006181,1
HH006182,0
HH006183,2
HH006184,1
HH006185,0
HH006186,1
HH006187,1
HH006188,1
HH006189,2
HH006190,0
HH006191,0
HH006192,1
HH006193,0
HH006194,0
HH006195,0
HH006196,1
HH006197,0
HH006198,1
HH006199,0
HH006200,1
HH006201,1
HH006202,1
HH006203,0
HH006204,0
HH006205,1
HH006206,0
HH006207,0
HH006208,1
HH006209,0
HH006210,0
HH006211,1
HH006212,1
HH006213,0
HH006214,0
HH006215,1
HH006216,2
HH006217,2
HH006218,0
HH006219,0
HH006220,1
HH006221,0
HH006222,1
HH006223,0
HH006224,0
HH006225,0
HH006226,0
HH006227,0
HH006228,1
HH006229,2
HH006230,2
HH006231,1
HH006232,0
HH006233,0
HH006234,0
HH006235,0
HH006236,1
HH006237,0
HH006238,0
HH006239,0
HH006240,1
HH006241,0
HH006242,1
HH006243,1
HH006244,2
HH006245,0
HH006246,1
HH006247,0
HH006248,0
HH006249,0
HH006250,1
HH006251,0
HH006252,0
HH006253,0
HH006254,1
HH006255,2
HH006256,2
HH006257,0
HH006258,0
HH006259,0
HH006260,2
HH006261,2
HH006262,2
HH006263,0
HH006264,1
HH006265,1
HH006266,1
HH006267,1
HH006268,0
HH006269,2
HH006270,1
HH006271,1
HH006272,1
HH006273,1
HH006274,0
HH006275,1
HH006276,2
HH006277,0
HH006278,1
HH006279,1
HH006280,1
HH006281,0
HH006282,0
HH006283,0
HH006284,0
HH006285,1
HH006286,2
HH006287,2
HH006288,0
HH006289,2
HH006290,0
HH006291,1
HH006292,1
HH006293,2
HH006294,0
HH006295,1
HH006296,0
HH006297,1
HH006298,0
HH006299,0
HH006300,0
HH006301,0
HH006302,1
HH006303,0
HH006304,0
HH006305,0
HH006306,1
HH006307,0
HH006308,0
HH006309,0
HH006310,1
HH006311,0
HH006312,0
HH006313,2
HH006314,1
HH006315,1
HH006316,2
HH006317,0
HH006318,2
HH006319,1
HH006320,0
HH006321,0
HH006322,0
HH006323,0
HH006324,0
HH006325,0
HH006326,0
HH006327,0
HH006328,1
HH006329,2
HH006330,2
HH006331,2
HH006332,0
HH006333,1
HH006334,0
HH006335,1
HH006336,1
HH006337,2
HH006338,1
HH006339,0
HH006340,1
HH006341,2
HH006342,0
HH006343,0
HH006344,1
HH006345,1
HH006346,0
HH006347,2
HH006348,0
HH006349,0
HH006350,2
HH006351,1
HH006352,1
HH006353,1
HH006354,0
HH006355,1
HH006356,2
HH006357,0
HH006358,2
HH006359,0
HH006360,0
HH006361,2
HH006362,1
HH006363,0
HH006364,0
HH006365,1
HH006366,1
HH006367,1
HH006368,0
HH006369,1
HH006370,2
HH006371,0
HH006372,0
HH006373,0
HH006374,0
HH006375,0
HH006376,1
HH006377,0
HH006378,0
HH006379,0
HH006380,1
HH006381,0
HH006382,0
HH006383,0
HH006384,0
HH006385,0
HH006386,0
HH006387,0
HH006388,2
HH006389,1
HH006390,0
HH006391,0
HH006392,0
HH006393,0
HH006394,0
HH006395,2
HH006396,1
HH006397,0
HH006398,0
HH006399,0
HH006400,1
HH006401,0
HH006402,0
HH006403,0
HH006404,2
HH006405,1
HH006406,0
HH006407,0
HH006408,0
HH006409,0
HH006410,0
HH006411,1
HH006412,0
HH006413,0
HH006414,2
HH006415,2
HH006416,0
HH006417,0
HH006418,1
HH006419,0
HH006420,1
HH006421,2
HH006422,0
HH006423,2
HH006424,0
HH006425,0
HH006426,0
HH006427,1
HH006428,0
HH006429,0
HH006430,1
HH006431,0
HH006432,0
HH006433,1
HH006434,1
HH006435,0
HH006436,2
HH006437,0
HH006438,1
HH006439,0
HH006440,0
HH006441,2
HH006442,0
HH006443,0
HH006444,1
HH006445,1
HH006446,0
HH006447,1
HH006448,1
HH006449,1
HH006450,1
HH006451,1
HH006452,0
HH006453,0
HH006454,0
HH006455,0
HH006456,0
HH006457,1
HH006458,2
HH006459,0
HH006460,0
HH006461,2
HH006462,0
HH006463,1
HH006464,1
HH006465,0
HH006466,1
HH006467,0
HH006468,2
HH006469,0
HH006470,0
HH006471,0
HH006472,0
HH006473,1
HH006474,1
HH006475,2
HH006476,1
HH006477,0
HH006478,0
HH006479,2
HH006480,2
HH006481,2
HH006482,1
HH006483,1
HH006484,0
HH006485,0
HH006486,0
HH006487,0
HH006488,1
HH006489,0
HH006490,1
HH006491,0
HH006492,0
HH006493,1
HH006494,1
HH006495,0
HH006496,0
HH006497,2
HH006498,0
HH006499,0
HH006500,0
HH006501,2
HH006502,0
HH006503,2
HH006504,0
HH006505,0
HH006506,0
HH006507,2
HH006508,1
HH006509,1
HH006510,0
HH006511,2
HH006512,0
HH006513,0
HH006514,0
HH006515,1
HH006516,0
HH006517,0
HH006518,2
HH006519,1
HH006520,1
HH006521,0
HH006522,0
HH006523,1
HH006524,1
HH006525,1
HH006526,1
HH006527,0
HH006528,1
HH006529,0
HH006530,1
HH006531,2
HH006532,0
HH006533,0
HH006534,2
HH006535,1
HH006536,0
HH006537,1
HH006538,1
HH006539,0
HH006540,1
HH006541,0
HH006542,0
HH006543,1
HH006544,0
HH006545,0
HH006546,1
HH006547,2
HH006548,0
HH006549,0
HH006550,0
HH006551,0
HH006552,1
HH006553,0
HH006554,2
HH006555,1
HH006556,2
HH006557,0
HH006558,0
HH006559,1
HH006560,0
HH006561,2
HH006562,0
HH006563,0
HH006564,1
HH006565,2
HH006566,0
HH006567,0
HH006568,0
HH006569,1
HH006570,0
HH006571,0
HH006572,0
HH006573,1
HH006574,1
HH006575,0
HH006576,1
HH006577,0
HH006578,0
HH006579,2
HH006580,2
HH006581,0
HH006582,1
HH006583,2
HH006584,1
HH006585,0
HH006586,0
HH006587,0
HH006588,0
HH006589,1
HH006590,0
HH006591,0
HH006592,0
HH006593,1
HH006594,0
HH006595,0
HH006596,0
HH006597,0
HH006598,1
HH006599,1
HH006600,0
HH006601,1
HH006602,0
HH006603,0
HH006604,0
HH006605,1
HH006606,0
HH006607,0
HH006608,2
HH006609,0
HH006610,0
HH006611,0
HH006612,1
HH006613,2
HH006614,0
HH006615,0
HH006616,0
HH006617,0
HH006618,0
HH006619,0
HH006620,0
HH006621,0
HH006622,1
HH006623,1
HH006624,1
HH006625,1
HH006626,2
HH006627,0
HH006628,2
HH006629,0
HH006630,1
HH006631,0
HH006632,0
HH006633,0
HH006634,0
HH006635,0
HH006636,2
HH006637,1
HH006638,2
HH006639,2
HH006640,2
HH006641,0
HH006642,0
HH006643,0
HH006644,1
HH006645,1
HH006646,1
HH006647,2
HH006648,1
HH006649,0
HH006650,2
HH006651,0
HH006652,0
HH006653,0
HH006654,0
HH006655,0
HH006656,0
HH006657,1
HH006658,0
HH006659,1
HH006660,0
HH006661,0
HH006662,0
HH006663,0
HH006664,0
HH006665,0
HH006666,0
HH006667,1
HH006668,0
HH006669,0
HH006670,0
HH006671,0
HH006672,1
HH006673,0
HH006674,0
HH006675,0
HH006676,2
HH006677,2
HH006678,1
HH006679,1
HH006680,0
HH006681,0
HH006682,1
HH006683,0
HH006684,2
HH006685,0
HH006686,0
HH006687,0
HH006688,0
HH006689,0
HH006690,0
HH006691,0
HH006692,1
HH006693,0
HH006694,0
HH006695,0
HH006696,0
HH006697,0
HH006698,0
HH006699,0
HH006700,0
HH006701,1
HH006702,0
HH006703,0
HH006704,0
HH006705,1
HH006706,0
HH006707,0
HH006708,0
HH006709,1
HH006710,2
HH006711,2
HH006712,2
HH006713,1
HH006714,0
HH006715,1
HH006716,0
HH006717,1
HH006718,1
HH006719,0
HH006720,0
HH006721,1
HH006722,1
HH006723,0
HH006724,0
HH006725,1
HH006726,1
HH006727,1
HH006728,0
HH006729,1
HH006730,0
HH006731,2
HH006732,0
HH006733,2
HH006734,2
HH006735,0
HH006736,0
HH006737,0
HH006738,0
HH006739,0
HH006740,1
HH006741,1
HH006742,1
HH006743,0
HH006744,0
HH006745,1
HH006746,1
HH006747,0
HH006748,0
HH006749,0
HH006750,0
HH006751,0
HH006752,0
HH006753,0
HH006754,0
HH006755,2
HH006756,0
HH006757,0
HH006758,2
HH006759,0
HH006760,0
HH006761,0
HH006762,0
HH006763,1
HH006764,0
HH006765,0
HH006766,0
HH006767,0
HH006768,0
HH006769,0
HH006770,1
HH006771,1
HH006772,0
HH006773,0
HH006774,0
HH006775,2
HH006776,1
HH006777,2
HH006778,2
HH006779,0
HH006780,1
HH006781,0
HH006782,1
HH006783,0
HH006784,1
HH006785,1
HH006786,1
HH006787,1
HH006788,1
HH006789,1
HH006790,1
HH006791,1
HH006792,0
HH006793,1
HH006794,1
HH006795,0
HH006796,0
HH006797,2
HH006798,0
HH006799,1
HH006800,0
HH006801,0
HH006802,1
HH006803,2
HH006804,2
HH006805,1
HH006806,1
HH006807,0
HH006808,0
HH006809,0
HH006810,2
HH006811,0
HH006812,2
HH006813,1
HH006814,0
HH006815,0
HH006816,1
HH006817,1
HH006818,0
HH006819,0
HH006820,1
HH006821,1
HH006822,0
HH006823,1
HH006824,2
HH006825,0
HH006826,0
HH006827,1
HH006828,0
HH006829,1
HH006830,0
HH006831,0
HH006832,1
HH006833,1
HH006834,0
HH006835,1
HH006836,2
HH006837,0
HH006838,0
HH006839,0
HH006840,0
HH006841,1
HH006842,0
HH006843,1
HH006844,1
HH006845,0
HH006846,1
HH006847,0
HH006848,2
HH006849,0
HH006850,0
HH006851,0
HH006852,1
HH006853,0
HH006854,1
HH006855,2
HH006856,1
HH006857,0
HH006858,1
HH006859,1
HH006860,0
HH006861,1
HH006862,0
HH006863,1
HH006864,1
HH006865,2
HH006866,0
HH006867,1
HH006868,2
HH006869,0
HH006870,2
HH006871,0
HH006872,0
HH006873,2
HH006874,0
HH006875,0
HH006876,1
HH006877,1
HH006878,1
HH006879,2
HH006880,0
HH006881,1
HH006882,1
HH006883,1
HH006884,0
HH006885,1
HH006886,1
HH006887,2
HH006888,0
HH006889,0
HH006890,0
HH006891,0
HH006892,1
HH006893,1
HH006894,0
HH006895,0
HH006896,0
HH006897,0
HH006898,0
HH006899,1
HH006900,2
HH006901,1
HH006902,0
HH006903,0
HH006904,0
HH006905,1
HH006906,0
HH006907,1
HH006908,1
HH006909,2
HH006910,0
HH006911,0
HH006912,0
HH006913,2
HH006914,0
HH006915,1
HH006916,1
HH006917,0
HH006918,0
HH006919,0
HH006920,0
HH006921,0
HH006922,1
HH006923,2
HH006924,0
HH006925,2
HH006926,0
HH006927,0
HH006928,0
HH006929,1
HH006930,0
HH006931,1
HH006932,0
HH006933,1
HH006934,1
HH006935,0
HH006936,0
HH006937,0
HH006938,2
HH006939,0
HH006940,0
HH006941,2
HH006942,0
HH006943,1
HH006944,2
HH006945,0
HH006946,2
HH006947,0
HH006948,0
HH006949,1
HH006950,0
HH006951,0
HH006952,1
HH006953,0
HH006954,0
HH006955,0
HH006956,0
HH006957,0
HH006958,0
HH006959,1
HH006960,0
HH006961,0
HH006962,0
HH006963,0
HH006964,0
HH006965,0
HH006966,1
HH006967,0
HH006968,0
HH006969,1
HH006970,0
HH006971,0
HH006972,2
HH006973,2
HH006974,1
HH006975,0
HH006976,2
HH006977,1
HH006978,2
HH006979,0
HH006980,0
HH006981,0
HH006982,0
HH006983,0
HH006984,1
HH006985,1
HH006986,0
HH006987,1
HH006988,0
HH006989,0
HH006990,2
HH006991,1
HH006992,1
HH006993,0
HH006994,0
HH006995,1
HH006996,1
HH006997,2
HH006998,0
HH006999,1
HH007000,0
HH007001,0
HH007002,2
HH007003,0
HH007004,2
HH007005,1
HH007006,2
HH007007,1
HH007008,0
HH007009,1
HH007010,1
HH007011,2
HH007012,1
HH007013,0
HH007014,1
HH007015,0
HH007016,0
HH007017,1
HH007018,1
HH007019,0
HH007020,0
HH007021,0
HH007022,2
HH007023,1
HH007024,0
HH007025,2
HH007026,1
HH007027,1
HH007028,0
HH007029,2
HH007030,2
HH007031,2
HH007032,0
HH007033,1
HH007034,0
HH007035,1
HH007036,0
HH007037,2
HH007038,0
HH007039,0
HH007040,0
HH007041,0
HH007042,1
HH007043,2
HH007044,0
HH007045,0
HH007046,2
HH007047,0
HH007048,0
HH007049,0
HH007050,1
HH007051,0
HH007052,0
HH007053,0
HH007054,2
HH007055,0
HH007056,0
HH007057,1
HH007058,0
HH007059,1
HH007060,0
HH007061,2
HH007062,0
HH007063,0
HH007064,1
HH007065,0
HH007066,2
HH007067,0
HH007068,0
HH007069,1
HH007070,2
HH007071,0
HH007072,1
HH007073,1
HH007074,2
HH007075,0
HH007076,2
HH007077,0
HH007078,0
HH007079,0
HH007080,2
HH007081,1
HH007082,0
HH007083,0
HH007084,0
HH007085,1
HH007086,0
HH007087,1
HH007088,1
HH007089,2
HH007090,0
HH007091,2
HH007092,0
HH007093,0
HH007094,0
HH007095,0
HH007096,1
HH007097,0
HH007098,0
HH007099,1
HH007100,0
HH007101,0
HH007102,0
HH007103,1
HH007104,1
HH007105,0
HH007106,0
HH007107,1
HH007108,0
HH007109,0
HH007110,2
HH007111,0
HH007112,1
HH007113,0
HH007114,0
HH007115,1
HH007116,0
HH007117,1
HH007118,1
HH007119,1
HH007120,0
HH007121,0
HH007122,0
HH007123,1
HH007124,0
HH007125,1
HH007126,1
HH007127,0
HH007128,0
HH007129,1
HH007130,1
HH007131,0
HH007132,0
HH007133,1
HH007134,1
HH007135,0
HH007136,0
HH007137,0
HH007138,0
HH007139,1
HH007140,2
HH007141,0
HH007142,0
HH007143,0
HH007144,1
HH007145,0
HH007146,2
HH007147,0
HH007148,1
HH007149,0
HH007150,1
HH007151,2
HH007152,0
HH007153,0
HH007154,0
HH007155,1
HH007156,0
HH007157,0
HH007158,2
HH007159,0
HH007160,0
HH007161,0
HH007162,0
HH007163,2
HH007164,1
HH007165,1
HH007166,0
HH007167,2
HH007168,0
HH007169,0
HH007170,0
HH007171,1
HH007172,0
HH007173,0
HH007174,0
HH007175,1
HH007176,1
HH007177,0
HH007178,1
HH007179,2
HH007180,0
HH007181,2
HH007182,0
HH007183,1
HH007184,0
HH007185,2
HH007186,2
HH007187,0
HH007188,0
HH007189,0
HH007190,0
HH007191,1
HH007192,0
HH007193,0
HH007194,0
HH007195,1
HH007196,0
HH007197,0
HH007198,2
HH007199,0
HH007200,0
HH007201,1
HH007202,0
HH007203,0
HH007204,0
HH007205,0
HH007206,1
HH007207,0
HH007208,1
HH007209,2
HH007210,2
HH007211,2
HH007212,1
HH007213,0
HH007214,0
HH007215,2
HH007216,1
HH007217,0
HH007218,0
HH007219,0
HH007220,0
HH007221,1
HH007222,0
HH007223,0
HH007224,0
HH007225,1
HH007226,0
HH007227,0
HH007228,2
HH007229,2
HH007230,2
HH007231,1
HH007232,0
HH007233,0
HH007234,0
HH007235,0
HH007236,1
HH007237,0
HH007238,2
HH007239,1
HH007240,0
HH007241,1
HH007242,1
HH007243,0
HH007244,0
HH007245,0
HH007246,0
HH007247,0
HH007248,1
HH007249,0
HH007250,2
HH007251,1
HH007252,0
HH007253,0
HH007254,0
HH007255,0
HH007256,1
HH007257,1
HH007258,0
HH007259,2
HH007260,0
HH007261,0
HH007262,1
HH007263,1
HH007264,1
HH007265,0
HH007266,2
HH007267,0
HH007268,0
HH007269,0
HH007270,0
HH007271,2
HH007272,0
HH007273,0
HH007274,0
HH007275,2
HH007276,0
HH007277,1
HH007278,0
HH007279,0
HH007280,1
HH007281,2
HH007282,0
HH007283,0
HH007284,0
HH007285,0
HH007286,1
HH007287,2
HH007288,0
HH007289,0
HH007290,0
HH007291,0
HH007292,2
HH007293,0
HH007294,2
HH007295,0
HH007296,2
HH007297,1
HH007298,1
HH007299,1
HH007300,2
HH007301,1
HH007302,0
HH007303,0
HH007304,1
HH007305,1
HH007306,0
HH007307,1
HH007308,1
HH007309,0
HH007310,2
HH007311,0
HH007312,0
HH007313,1
HH007314,0
HH007315,0
HH007316,1
HH007317,0
HH007318,2
HH007319,0
HH007320,0
HH007321,0
HH007322,0
HH007323,0
HH007324,0
HH007325,1
HH007326,0
HH007327,0
HH007328,1
HH007329,0
HH007330,1
HH007331,1
HH007332,1
HH007333,0
HH007334,0
HH007335,1
HH007336,0
HH007337,0
HH007338,1
HH007339,0
HH007340,1
HH007341,0
HH007342,0
HH007343,1
HH007344,1
HH007345,0
HH007346,0
HH007347,0
HH007348,2
HH007349,0
HH007350,0
HH007351,0
HH007352,1
HH007353,0
HH007354,0
HH007355,1
HH007356,1
HH007357,1
HH007358,1
HH007359,1
HH007360,1
HH007361,0
HH007362,0
HH007363,0
HH007364,1
HH007365,0
HH007366,0
HH007367,1
HH007368,0
HH007369,2
HH007370,0
HH007371,1
HH007372,0
HH007373,0
HH007374,0
HH007375,0
HH007376,0
HH007377,0
HH007378,0
HH007379,0
HH007380,0
HH007381,2
HH007382,0
HH007383,0
HH007384,0
HH007385,2
HH007386,0
HH007387,1
HH007388,0
HH007389,0
HH007390,2
HH007391,1
HH007392,0
HH007393,1
HH007394,2
HH007395,0
HH007396,0
HH007397,2
HH007398,1
HH007399,0
HH007400,1
HH007401,1
HH007402,1
HH007403,0
HH007404,0
HH007405,2
HH007406,1
HH007407,0
HH007408,0
HH007409,2
HH007410,0
HH007411,1
HH007412,0
HH007413,1
HH007414,0
HH007415,0
HH007416,1
HH007417,1
HH007418,0
HH007419,0
HH007420,1
HH007421,0
HH007422,0
HH007423,0
HH007424,0
HH007425,0
HH007426,0
HH007427,0
HH007428,0
HH007429,0
HH007430,2
HH007431,1
HH007432,1
HH007433,0
HH007434,0
HH007435,0
HH007436,1
HH007437,0
HH007438,1
HH007439,0
HH007440,0
HH007441,1
HH007442,1
HH007443,2
HH007444,1
HH007445,1
HH007446,1
HH007447,1
HH007448,0
HH007449,0
HH007450,0
HH007451,0
HH007452,2
HH007453,2
HH007454,0
HH007455,1
HH007456,0
HH007457,0
HH007458,1
HH007459,0
HH007460,2
HH007461,1
HH007462,0
HH007463,0
HH007464,0
HH007465,0
HH007466,1
HH007467,1
HH007468,0
HH007469,1
HH007470,0
HH007471,0
HH007472,0
HH007473,0
HH007474,0
HH007475,1
HH007476,1
HH007477,0
HH007478,0
HH007479,2
HH007480,0
HH007481,1
HH007482,0
HH007483,0
HH007484,0
HH007485,0
HH007486,0
HH007487,0
HH007488,0
HH007489,0
HH007490,0
HH007491,0
HH007492,0
HH007493,1
HH007494,0
HH007495,0
HH007496,0
HH007497,1
HH007498,1
HH007499,0
HH007500,2
HH007501,1
HH007502,2
HH007503,0
HH007504,1
HH007505,0
HH007506,0
HH007507,0
HH007508,0
HH007509,1
HH007510,2
HH007511,0
HH007512,1
HH007513,0
HH007514,2
HH007515,0
HH007516,1
HH007517,0
HH007518,0
HH007519,0
HH007520,0
HH007521,0
HH007522,2
HH007523,0
HH007524,0
HH007525,1
HH007526,0
HH007527,0
HH007528,2
HH007529,0
HH007530,0
HH007531,1
HH007532,0
HH007533,2
HH007534,0
HH007535,2
HH007536,0
HH007537,1
HH007538,0
HH007539,0
HH007540,0
HH007541,0
HH007542,0
HH007543,0
HH007544,0
HH007545,1
HH007546,1
HH007547,0
HH007548,1
HH007549,1
HH007550,0
HH007551,0
HH007552,0
HH007553,0
HH007554,2
HH007555,0
HH007556,0
HH007557,0
HH007558,2
HH007559,0
HH007560,1
HH007561,0
HH007562,0
HH007563,0
HH007564,0
HH007565,1
HH007566,2
HH007567,1
HH007568,1
HH007569,0
HH007570,1
HH007571,1
HH007572,1
HH007573,0
HH007574,0
HH007575,1
HH007576,0
HH007577,0
HH007578,0
HH007579,0
HH007580,0
HH007581,0
HH007582,0
HH007583,1
HH007584,2
HH007585,1
HH007586,2
HH007587,1
HH007588,0
HH007589,0
HH007590,2
HH007591,1
HH007592,0
HH007593,0
HH007594,2
HH007595,0
HH007596,0
HH007597,1
HH007598,0
HH007599,0
HH007600,0
HH007601,0
HH007602,1
HH007603,1
HH007604,1
HH007605,1
HH007606,1
HH007607,2
HH007608,2
HH007609,0
HH007610,0
HH007611,0
HH007612,2
HH007613,0
HH007614,0
HH007615,0
HH007616,0
HH007617,2
HH007618,1
HH007619,0
HH007620,1
HH007621,2
HH007622,1
HH007623,0
HH007624,1
HH007625,2
HH007626,1
HH007627,0
HH007628,0
HH007629,1
HH007630,0
HH007631,0
HH007632,2
HH007633,0
HH007634,0
HH007635,2
HH007636,0
HH007637,1
HH007638,0
HH007639,0
HH007640,0
HH007641,0
HH007642,0
HH007643,1
HH007644,0
HH007645,0
HH007646,0
HH007647,0
HH007648,0
HH007649,1
HH007650,0
HH007651,0
HH007652,2
HH007653,2
HH007654,2
HH007655,0
HH007656,0
HH007657,2
HH007658,0
HH007659,1
HH007660,1
HH007661,0
HH007662,1
HH007663,1
HH007664,1
HH007665,2
HH007666,2
HH007667,2
HH007668,0
HH007669,0
HH007670,0
HH007671,0
HH007672,0
HH007673,0
HH007674,0
HH007675,0
HH007676,1
HH007677,1
HH007678,1
HH007679,0
HH007680,1
HH007681,0
HH007682,0
HH007683,0
HH007684,0
HH007685,2
HH007686,1
HH007687,1
HH007688,2
HH007689,0
HH007690,1
HH007691,0
HH007692,0
HH007693,0
HH007694,0
HH007695,0
HH007696,1
HH007697,1
HH007698,1
HH007699,0
HH007700,1
HH007701,0
HH007702,0
HH007703,0
HH007704,0
HH007705,1
HH007706,0
HH007707,0
HH007708,0
HH007709,0
HH007710,0
HH007711,1
HH007712,2
HH007713,0
HH007714,0
HH007715,0
HH007716,0
HH007717,0
HH007718,0
HH007719,0
HH007720,0
HH007721,1
HH007722,0
HH007723,0
HH007724,1
HH007725,2
HH007726,0
HH007727,2
HH007728,1
HH007729,1
HH007730,1
HH007731,0
HH007732,0
HH007733,1
HH007734,1
HH007735,0
HH007736,1
HH007737,0
HH007738,0
HH007739,2
HH007740,0
HH007741,0
HH007742,0
HH007743,0
HH007744,2
HH007745,0
HH007746,1
HH007747,2
HH007748,1
HH007749,2
HH007750,0
HH007751,0
HH007752,0
HH007753,1
HH007754,0
HH007755,1
HH007756,1
HH007757,2
HH007758,1
HH007759,2
HH007760,0
HH007761,0
HH007762,0
HH007763,0
HH007764,0
HH007765,1
HH007766,0
HH007767,0
HH007768,1
HH007769,1
HH007770,0
HH007771,0
HH007772,0
HH007773,0
HH007774,1
HH007775,2
HH007776,2
HH007777,0
HH007778,2
HH007779,0
HH007780,0
HH007781,0
HH007782,0
HH007783,1
HH007784,1
HH007785,1
HH007786,2
HH007787,2
HH007788,2
HH007789,1
HH007790,0
HH007791,1
HH007792,2
HH007793,1
HH007794,0
HH007795,2
HH007796,0
HH007797,0
HH007798,1
HH007799,0
HH007800,1
HH007801,1
HH007802,1
HH007803,0
HH007804,0
HH007805,1
HH007806,0
HH007807,0
HH007808,1
HH007809,1
HH007810,1
HH007811,0
HH007812,0
HH007813,1
HH007814,0
HH007815,0
HH007816,0
HH007817,0
HH007818,0
HH007819,1
HH007820,1
HH007821,0
HH007822,0
HH007823,0
HH007824,0
HH007825,0
HH007826,0
HH007827,2
HH007828,1
HH007829,0
HH007830,2
HH007831,1
HH007832,1
HH007833,1
HH007834,2
HH007835,0
HH007836,0
HH007837,0
HH007838,1
HH007839,1
HH007840,0
HH007841,0
HH007842,0
HH007843,1
HH007844,1
HH007845,1
HH007846,1
HH007847,1
HH007848,1
HH007849,0
HH007850,0
HH007851,1
HH007852,0
HH007853,0
HH007854,0
HH007855,1
HH007856,0
HH007857,0
HH007858,0
HH007859,0
HH007860,0
HH007861,1
HH007862,1
HH007863,2
HH007864,0
HH007865,0
HH007866,1
HH007867,0
HH007868,1
HH007869,1
HH007870,1
HH007871,0
HH007872,1
HH007873,0
HH007874,2
HH007875,1
HH007876,0
HH007877,0
HH007878,0
HH007879,0
HH007880,0
HH007881,0
HH007882,1
HH007883,0
HH007884,1
HH007885,2
HH007886,0
HH007887,0
HH007888,0
HH007889,1
HH007890,1
HH007891,2
HH007892,0
HH007893,1
HH007894,1
HH007895,1
HH007896,0
HH007897,1
HH007898,0
HH007899,0
HH007900,1
HH007901,1
HH007902,1
HH007903,1
HH007904,0
HH007905,0
HH007906,0
HH007907,1
HH007908,0
HH007909,0
HH007910,0
HH007911,0
HH007912,0
HH007913,0
HH007914,0
HH007915,0
HH007916,0
HH007917,1
HH007918,1
HH007919,0
HH007920,1
HH007921,1
HH007922,0
HH007923,2
HH007924,1
HH007925,1
HH007926,1
HH007927,0
HH007928,0
HH007929,1
HH007930,1
HH007931,0
HH007932,0
HH007933,2
HH007934,0
HH007935,2
HH007936,0
HH007937,2
HH007938,1
HH007939,1
HH007940,0
HH007941,0
HH007942,0
HH007943,1
HH007944,1
HH007945,1
HH007946,0
HH007947,1
HH007948,1
HH007949,2
HH007950,0
HH007951,0
HH007952,1
HH007953,0
HH007954,0
HH007955,0
HH007956,0
HH007957,0
HH007958,2
HH007959,0
HH007960,0
HH007961,1
HH007962,0
HH007963,1
HH007964,0
HH007965,0
HH007966,0
HH007967,1
HH007968,0
HH007969,1
HH007970,0
HH007971,0
HH007972,0
HH007973,0
HH007974,1
HH007975,0
HH007976,1
HH007977,1
HH007978,1
HH007979,0
HH007980,1
HH007981,2
HH007982,0
HH007983,0
HH007984,0
HH007985,0
HH007986,0
HH007987,0
HH007988,0
HH007989,0
HH007990,1
HH007991,0
HH007992,0
HH007993,1
HH007994,0
HH007995,0
HH007996,2
HH007997,0
HH007998,1
HH007999,1
HH008000,1
HH008001,1
HH008002,1
HH008003,1
HH008004,2
HH008005,0
HH008006,0
HH008007,0
HH008008,0
HH008009,2
HH008010,0
HH008011,0
HH008012,0
HH008013,1
HH008014,0
HH008015,0
HH008016,0
HH008017,0
HH008018,0
HH008019,0
HH008020,0
HH008021,2
HH008022,1
HH008023,1
HH008024,0
HH008025,1
HH008026,1
HH008027,2
HH008028,0
HH008029,0
HH008030,0
HH008031,0
HH008032,0
HH008033,2
HH008034,1
HH008035,1
HH008036,2
HH008037,0
HH008038,0
HH008039,1
HH008040,1
HH008041,0
HH008042,0
HH008043,0
HH008044,1
HH008045,0
HH008046,0
HH008047,0
HH008048,2
HH008049,0
HH008050,1
HH008051,1
HH008052,0
HH008053,2
HH008054,0
HH008055,0
HH008056,0
HH008057,0
HH008058,0
HH008059,0
HH008060,2
HH008061,0
HH008062,1
HH008063,1
HH008064,0
HH008065,0
HH008066,2
HH008067,0
HH008068,1
HH008069,2
HH008070,1
HH008071,0
HH008072,0
HH008073,0
HH008074,0
HH008075,0
HH008076,0
HH008077,0
HH008078,1
HH008079,1
HH008080,1
HH008081,1
HH008082,0
HH008083,1
HH008084,2
HH008085,1
HH008086,0
HH008087,0
HH008088,1
HH008089,1
HH008090,0
HH008091,0
HH008092,1
HH008093,2
HH008094,2
HH008095,2
HH008096,2
HH008097,0
HH008098,0
HH008099,1
HH008100,0
HH008101,2
HH008102,1
HH008103,0
HH008104,0
HH008105,2
HH008106,1
HH008107,0
HH008108,2
HH008109,1
HH008110,0
HH008111,1
HH008112,2
HH008113,1
HH008114,1
HH008115,1
HH008116,0
HH008117,0
HH008118,2
HH008119,0
HH008120,0
HH008121,0
HH008122,0
HH008123,1
HH008124,2
HH008125,1
HH008126,0
HH008127,0
HH008128,1
HH008129,2
HH008130,1
HH008131,1
HH008132,1
HH008133,0
HH008134,2
HH008135,1
HH008136,0
HH008137,2
HH008138,1
HH008139,0
HH008140,1
HH008141,2
HH008142,0
HH008143,0
HH008144,1
HH008145,0
HH008146,0
HH008147,0
HH008148,1
HH008149,1
HH008150,1
HH008151,2
HH008152,2
HH008153,0
HH008154,1
HH008155,0
HH008156,1
HH008157,0
HH008158,2
HH008159,0
HH008160,0
HH008161,0
HH008162,0
HH008163,2
HH008164,1
HH008165,2
HH008166,0
HH008167,1
HH008168,2
HH008169,0
HH008170,0
HH008171,0
HH008172,2
HH008173,1
HH008174,0
HH008175,0
HH008176,0
HH008177,2
HH008178,1
HH008179,0
HH008180,0
HH008181,0
HH008182,0
HH008183,2
HH008184,2
HH008185,0
HH008186,0
HH008187,0
HH008188,0
HH008189,1
HH008190,0
HH008191,0
HH008192,1
HH008193,0
HH008194,1
HH008195,0
HH008196,2
HH008197,2
HH008198,2
HH008199,0
HH008200,0
HH008201,0
HH008202,1
HH008203,0
HH008204,0
HH008205,0
HH008206,1
HH008207,0
HH008208,1
HH008209,1
HH008210,0
HH008211,2
HH008212,2
HH008213,1
HH008214,2
HH008215,0
HH008216,0
HH008217,0
HH008218,0
HH008219,1
HH008220,2
HH008221,1
HH008222,0
HH008223,1
HH008224,1
HH008225,1
HH008226,1
HH008227,2
HH008228,1
HH008229,0
HH008230,0
HH008231,0
HH008232,1
HH008233,0
HH008234,0
HH008235,0
HH008236,0
HH008237,0
HH008238,2
HH008239,0
HH008240,0
HH008241,1
HH008242,0
HH008243,0
HH008244,0
HH008245,0
HH008246,1
HH008247,0
HH008248,1
HH008249,1
HH008250,0
HH008251,2
HH008252,1
HH008253,0
HH008254,0
HH008255,2
HH008256,1
HH008257,0
HH008258,2
HH008259,1
HH008260,1
HH008261,2
HH008262,1
HH008263,2
HH008264,0
HH008265,0
HH008266,2
HH008267,0
HH008268,0
HH008269,0
HH008270,0
HH008271,1
HH008272,1
HH008273,1
HH008274,0
HH008275,0
HH008276,1
HH008277,0
HH008278,0
HH008279,0
HH008280,2
HH008281,0
HH008282,1
HH008283,0
HH008284,1
HH008285,0
HH008286,0
HH008287,1
HH008288,1
HH008289,0
HH008290,0
HH008291,0
HH008292,0
HH008293,1
HH008294,1
HH008295,0
HH008296,1
HH008297,0
HH008298,0
HH008299,0
HH008300,0
HH008301,1
HH008302,0
HH008303,1
HH008304,1
HH008305,0
HH008306,0
HH008307,1
HH008308,1
HH008309,1
HH008310,1
HH008311,1
HH008312,1
HH008313,0
HH008314,1
HH008315,1
HH008316,0
HH008317,0
HH008318,0
HH008319,0
HH008320,2
HH008321,0
HH008322,0
HH008323,0
HH008324,0
HH008325,0
HH008326,0
HH008327,0
HH008328,1
HH008329,2
HH008330,0
HH008331,0
HH008332,0
HH008333,1
HH008334,1
HH008335,1
HH008336,2
HH008337,0
HH008338,0
HH008339,1
HH008340,0
HH008341,0
HH008342,0
HH008343,0
HH008344,1
HH008345,0
HH008346,0
HH008347,2
HH008348,0
HH008349,0
HH008350,0
HH008351,2
HH008352,0
HH008353,2
HH008354,0
HH008355,0
HH008356,1
HH008357,2
HH008358,0
HH008359,1
HH008360,2
HH008361,1
HH008362,0
HH008363,0
HH008364,0
HH008365,1
HH008366,1
HH008367,1
HH008368,1
HH008369,0
HH008370,2
HH008371,0
HH008372,2
HH008373,0
HH008374,0
HH008375,1
HH008376,0
HH008377,1
HH008378,0
HH008379,0
HH008380,2
HH008381,0
HH008382,0
HH008383,0
HH008384,0
HH008385,1
HH008386,1
HH008387,1
HH008388,0
HH008389,0
HH008390,1
HH008391,0
HH008392,0
HH008393,1
HH008394,0
HH008395,1
HH008396,0
HH008397,0
HH008398,0
HH008399,0
HH008400,0
HH008401,0
HH008402,0
HH008403,0
HH008404,0
HH008405,1
HH008406,0
HH008407,0
HH008408,1
HH008409,1
HH008410,0
HH008411,1
HH008412,0
HH008413,0
HH008414,0
HH008415,0
HH008416,0
HH008417,1
HH008418,0
HH008419,1
HH008420,1
HH008421,2
HH008422,0
HH008423,0
HH008424,0
HH008425,1
HH008426,1
HH008427,0
HH008428,1
HH008429,1
HH008430,1
HH008431,1
HH008432,0
HH008433,2
HH008434,0
HH008435,1
HH008436,0
HH008437,0
HH008438,0
HH008439,0
HH008440,0
HH008441,0
HH008442,0
HH008443,1
HH008444,0
HH008445,0
HH008446,0
HH008447,0
HH008448,0
HH008449,0
HH008450,1
HH008451,0
HH008452,1
HH008453,0
HH008454,1
HH008455,0
HH008456,1
HH008457,0
HH008458,0
HH008459,1
HH008460,0
HH008461,0
HH008462,0
HH008463,0
HH008464,0
HH008465,2
HH008466,2
HH008467,0
HH008468,0
HH008469,1
HH008470,2
HH008471,0
HH008472,0
HH008473,0
HH008474,0
HH008475,0
HH008476,0
HH008477,0
HH008478,0
HH008479,1
HH008480,1
HH008481,1
HH008482,2
HH008483,0
HH008484,0
HH008485,0
HH008486,0
HH008487,0
HH008488,2
HH008489,1
HH008490,0
HH008491,2
HH008492,0
HH008493,0
HH008494,0
HH008495,2
HH008496,1
HH008497,0
HH008498,0
HH008499,1
HH008500,1
HH008501,0
HH008502,1
HH008503,0
HH008504,0
HH008505,0
HH008506,2
HH008507,0
HH008508,0
HH008509,1
HH008510,0
HH008511,0
HH008512,1
HH008513,0
HH008514,0
HH008515,0
HH008516,0
HH008517,0
HH008518,0
HH008519,0
HH008520,1
HH008521,1
HH008522,0
HH008523,1
HH008524,0
HH008525,0
HH008526,2
HH008527,1
HH008528,1
HH008529,0
HH008530,2
HH008531,1
HH008532,2
HH008533,2
HH008534,0
HH008535,2
HH008536,1
HH008537,1
HH008538,0
HH008539,1
HH008540,2
HH008541,2
HH008542,1
HH008543,0
HH008544,0
HH008545,1
HH008546,0
HH008547,2
HH008548,1
HH008549,0
HH008550,0
HH008551,1
HH008552,0
HH008553,0
HH008554,1
HH008555,0
HH008556,0
HH008557,0
HH008558,0
HH008559,1
HH008560,1
HH008561,0
HH008562,0
HH008563,0
HH008564,1
HH008565,0
HH008566,0
HH008567,0
HH008568,1
HH008569,2
HH008570,1
HH008571,0
HH008572,1
HH008573,0
HH008574,2
HH008575,0
HH008576,1
HH008577,0
HH008578,0
HH008579,1
HH008580,0
HH008581,2
HH008582,2
HH008583,0
HH008584,0
HH008585,0
HH008586,0
HH008587,1
HH008588,1
HH008589,0
HH008590,0
HH008591,0
HH008592,1
HH008593,0
HH008594,2
HH008595,1
HH008596,1
HH008597,0
HH008598,1
HH008599,0
HH008600,0
HH008601,0
HH008602,1
HH008603,0
HH008604,0
HH008605,0
HH008606,1
HH008607,0
HH008608,1
HH008609,1
HH008610,2
HH008611,0
HH008612,2
HH008613,0
HH008614,2
HH008615,2
HH008616,0
HH008617,0
HH008618,1
HH008619,1
HH008620,2
HH008621,2
HH008622,1
HH008623,0
HH008624,1
HH008625,0
HH008626,0
HH008627,1
HH008628,2
HH008629,2
HH008630,0
HH008631,1
HH008632,0
HH008633,0
HH008634,1
HH008635,1
HH008636,1
HH008637,0
HH008638,2
HH008639,1
HH008640,0
HH008641,1
HH008642,0
HH008643,1
HH008644,0
HH008645,1
HH008646,0
HH008647,0
HH008648,2
HH008649,0
HH008650,0
HH008651,0
HH008652,2
HH008653,0
HH008654,0
HH008655,1
HH008656,2
HH008657,0
HH008658,0
HH008659,0
HH008660,0
HH008661,1
HH008662,1
HH008663,1
HH008664,2
HH008665,0
HH008666,0
HH008667,0
HH008668,1
HH008669,0
HH008670,2
HH008671,1
HH008672,1
HH008673,2
HH008674,0
HH008675,0
HH008676,0
HH008677,0
HH008678,1
HH008679,1
HH008680,0
HH008681,0
HH008682,2
HH008683,2
HH008684,0
HH008685,0
HH008686,0
HH008687,0
HH008688,1
HH008689,1
HH008690,0
HH008691,0
HH008692,0
HH008693,0
HH008694,0
HH008695,0
HH008696,0
HH008697,0
HH008698,1
HH008699,0
HH008700,0
HH008701,0
HH008702,0
HH008703,1
HH008704,1
HH008705,0
HH008706,1
HH008707,2
HH008708,0
HH008709,0
HH008710,0
HH008711,2
HH008712,1
HH008713,0
HH008714,2
HH008715,0
HH008716,0
HH008717,0
HH008718,2
HH008719,0
HH008720,2
HH008721,0
HH008722,0
HH008723,1
HH008724,0
HH008725,0
HH008726,2
HH008727,0
HH008728,0
HH008729,0
HH008730,1
HH008731,0
HH008732,2
HH008733,0
HH008734,1
HH008735,2
HH008736,0
HH008737,1
HH008738,0
HH008739,2
HH008740,0
HH008741,1
HH008742,2
HH008743,0
HH008744,1
HH008745,2
HH008746,1
HH008747,0
HH008748,0
HH008749,0
HH008750,0
HH008751,0
HH008752,0
HH008753,0
HH008754,0
HH008755,0
HH008756,0
HH008757,0
HH008758,0
HH008759,1
HH008760,0
HH008761,0
HH008762,0
HH008763,1
HH008764,0
HH008765,0
HH008766,0
HH008767,1
HH008768,1
HH008769,2
HH008770,2
HH008771,0
HH008772,2
HH008773,0
HH008774,1
HH008775,0
HH008776,1
HH008777,1
HH008778,1
HH008779,0
HH008780,1
HH008781,0
HH008782,0
HH008783,0
HH008784,1
HH008785,1
HH008786,2
HH008787,0
HH008788,0
HH008789,1
HH008790,1
HH008791,0
HH008792,2
HH008793,0
HH008794,0
HH008795,0
HH008796,1
HH008797,2
HH008798,2
HH008799,0
HH008800,0
HH008801,0
HH008802,0
HH008803,0
HH008804,1
HH008805,0
HH008806,1
HH008807,1
HH008808,1
HH008809,0
HH008810,1
HH008811,1
HH008812,2
HH008813,1
HH008814,1
HH008815,1
HH008816,0
HH008817,0
HH008818,1
HH008819,0
HH008820,2
HH008821,0
HH008822,0
HH008823,1
HH008824,0
HH008825,0
HH008826,1
HH008827,0
HH008828,0
HH008829,1
HH008830,0
HH008831,1
HH008832,0
HH008833,0
HH008834,0
HH008835,0
HH008836,0
HH008837,0
HH008838,1
HH008839,2
HH008840,1
HH008841,2
HH008842,0
HH008843,1
HH008844,0
HH008845,1
HH008846,1
HH008847,0
HH008848,0
HH008849,0
HH008850,1
HH008851,1
HH008852,0
HH008853,0
HH008854,0
HH008855,0
HH008856,2
HH008857,0
HH008858,0
HH008859,0
HH008860,1
HH008861,0
HH008862,0
HH008863,0
HH008864,0
HH008865,0
HH008866,0
HH008867,0
HH008868,0
HH008869,0
HH008870,0
HH008871,1
HH008872,1
HH008873,1
HH008874,1
HH008875,0
HH008876,0
HH008877,1
HH008878,2
HH008879,2
HH008880,1
HH008881,0
HH008882,0
HH008883,0
HH008884,0
HH008885,1
HH008886,0
HH008887,1
HH008888,0
HH008889,0
HH008890,1
HH008891,0
HH008892,1
HH008893,1
HH008894,0
HH008895,0
HH008896,0
HH008897,1
HH008898,2
HH008899,0
HH008900,0
HH008901,1
HH008902,0
HH008903,0
HH008904,0
HH008905,1
HH008906,2
HH008907,2
HH008908,2
HH008909,0
HH008910,2
HH008911,1
HH008912,0
HH008913,0
HH008914,1
HH008915,1
HH008916,0
HH008917,0
HH008918,1
HH008919,0
HH008920,0
HH008921,0
HH008922,0
HH008923,0
HH008924,0
HH008925,0
HH008926,2
HH008927,2
HH008928,1
HH008929,1
HH008930,1
HH008931,1
HH008932,1
HH008933,1
HH008934,0
HH008935,0
HH008936,0
HH008937,0
HH008938,0
HH008939,2
HH008940,1
HH008941,0
HH008942,1
HH008943,0
HH008944,1
HH008945,0
HH008946,2
HH008947,2
HH008948,1
HH008949,2
HH008950,0
HH008951,1
HH008952,0
HH008953,1
HH008954,1
HH008955,1
HH008956,2
HH008957,1
HH008958,0
HH008959,0
HH008960,1
HH008961,0
HH008962,1
HH008963,1
HH008964,1
HH008965,0
HH008966,1
HH008967,1
HH008968,1
HH008969,0
HH008970,0
HH008971,2
HH008972,0
HH008973,2
HH008974,0
HH008975,1
HH008976,0
HH008977,0
HH008978,0
HH008979,2
HH008980,1
HH008981,2
HH008982,1
HH008983,0
HH008984,0
HH008985,1
HH008986,1
HH008987,1
HH008988,1
HH008989,1
HH008990,0
HH008991,0
HH008992,0
HH008993,2
HH008994,0
HH008995,1
HH008996,2
HH008997,2
HH008998,0
HH008999,2
HH009000,1
HH009001,1
HH009002,1
HH009003,1
HH009004,0
HH009005,0
HH009006,1
HH009007,0
HH009008,1
HH009009,1
HH009010,0
HH009011,1
HH009012,0
HH009013,0
HH009014,2
HH009015,0
HH009016,1
HH009017,0
HH009018,0
HH009019,0
HH009020,1
HH009021,0
HH009022,1
HH009023,0
HH009024,0
HH009025,1
HH009026,0
HH009027,0
HH009028,0
HH009029,0
HH009030,1
HH009031,0
HH009032,1
HH009033,0
HH009034,0
HH009035,1
HH009036,0
HH009037,2
HH009038,2
HH009039,0
HH009040,0
HH009041,1
HH009042,2
HH009043,1
HH009044,0
HH009045,1
HH009046,0
HH009047,2
HH009048,1
HH009049,2
HH009050,0
HH009051,1
HH009052,0
HH009053,0
HH009054,1
HH009055,0
HH009056,1
HH009057,2
HH009058,2
HH009059,1
HH009060,1
HH009061,0
HH009062,0
HH009063,0
HH009064,0
HH009065,0
HH009066,1
HH009067,0
HH009068,0
HH009069,1
HH009070,0
HH009071,2
HH009072,0
HH009073,0
HH009074,0
HH009075,0
HH009076,0
HH009077,0
HH009078,0
HH009079,0
HH009080,1
HH009081,0
HH009082,0
HH009083,2
HH009084,1
HH009085,1
HH009086,0
HH009087,0
HH009088,2
HH009089,0
HH009090,1
HH009091,1
HH009092,0
HH009093,0
HH009094,1
HH009095,1
HH009096,2
HH009097,0
HH009098,2
HH009099,1
HH009100,2
HH009101,2
HH009102,0
HH009103,1
HH009104,2
HH009105,0
HH009106,0
HH009107,2
HH009108,0
HH009109,0
HH009110,0
HH009111,0
HH009112,0
HH009113,1
HH009114,0
HH009115,0
HH009116,0
HH009117,0
HH009118,1
HH009119,0
HH009120,2
HH009121,1
HH009122,1
HH009123,0
HH009124,0
HH009125,0
HH009126,1
HH009127,0
HH009128,1
HH009129,0
HH009130,0
HH009131,0
HH009132,1
HH009133,0
HH009134,1
HH009135,0
HH009136,2
HH009137,0
HH009138,0
HH009139,1
HH009140,2
HH009141,2
HH009142,1
HH009143,0
HH009144,1
HH009145,1
HH009146,2
HH009147,2
HH009148,0
HH009149,2
HH009150,0
HH009151,0
HH009152,0
HH009153,0
HH009154,0
HH009155,2
HH009156,0
HH009157,0
HH009158,0
HH009159,0
HH009160,0
HH009161,2
HH009162,1
HH009163,2
HH009164,0
HH009165,0
HH009166,0
HH009167,1
HH009168,0
HH009169,0
HH009170,0
HH009171,0
HH009172,0
HH009173,0
HH009174,1
HH009175,2
HH009176,2
HH009177,0
HH009178,0
HH009179,0
HH009180,1
HH009181,1
HH009182,2
HH009183,2
HH009184,2
HH009185,0
HH009186,0
HH009187,1
HH009188,1
HH009189,0
HH009190,0
HH009191,0
HH009192,0
HH009193,0
HH009194,1
HH009195,0
HH009196,1
HH009197,0
HH009198,0
HH009199,1
HH009200,0
HH009201,1
HH009202,0
HH009203,1
HH009204,0
HH009205,0
HH009206,0
HH009207,2
HH009208,1
HH009209,0
HH009210,1
HH009211,0
HH009212,1
HH009213,0
HH009214,1
HH009215,1
HH009216,0
HH009217,0
HH009218,1
HH009219,0
HH009220,0
HH009221,0
HH009222,2
HH009223,2
HH009224,0
HH009225,0
HH009226,0
HH009227,2
HH009228,1
HH009229,1
HH009230,2
HH009231,1
HH009232,2
HH009233,1
HH009234,1
HH009235,0
HH009236,0
HH009237,1
HH009238,1
HH009239,0
HH009240,0
HH009241,0
HH009242,1
HH009243,0
HH009244,0
HH009245,0
HH009246,0
HH009247,0
HH009248,2
HH009249,0
HH009250,1
HH009251,0
HH009252,0
HH009253,1
HH009254,2
HH009255,0
HH009256,0
HH009257,1
HH009258,0
HH009259,0
HH009260,0
HH009261,0
HH009262,1
HH009263,0
HH009264,0
HH009265,0
HH009266,0
HH009267,0
HH009268,0
HH009269,1
HH009270,0
HH009271,1
HH009272,2
HH009273,2
HH009274,0
HH009275,0
HH009276,0
HH009277,0
HH009278,0
HH009279,0
HH009280,0
HH009281,0
HH009282,1
HH009283,0
HH009284,1
HH009285,1
HH009286,0
HH009287,2
HH009288,0
HH009289,2
HH009290,0
HH009291,0
HH009292,1
HH009293,1
HH009294,0
HH009295,0
HH009296,0
HH009297,1
HH009298,0
HH009299,1
HH009300,2
HH009301,0
HH009302,0
HH009303,1
HH009304,2
HH009305,1
HH009306,1
HH009307,0
HH009308,1
HH009309,0
HH009310,1
HH009311,1
HH009312,2
HH009313,0
HH009314,0
HH009315,0
HH009316,1
HH009317,0
HH009318,0
HH009319,0
HH009320,0
HH009321,0
HH009322,0
HH009323,0
HH009324,0
HH009325,0
HH009326,1
HH009327,1
HH009328,0
HH009329,2
HH009330,0
HH009331,0
HH009332,0
HH009333,1
HH009334,0
HH009335,0
HH009336,0
HH009337,0
HH009338,1
HH009339,0
HH009340,0
HH009341,2
HH009342,0
HH009343,1
HH009344,1
HH009345,0
HH009346,1
HH009347,0
HH009348,0
HH009349,0
HH009350,0
HH009351,0
HH009352,0
HH009353,0
HH009354,0
HH009355,1
HH009356,1
HH009357,1
HH009358,1
HH009359,1
HH009360,1
HH009361,0
HH009362,0
HH009363,2
HH009364,0
HH009365,0
HH009366,0
HH009367,2
HH009368,0
HH009369,0
HH009370,1
HH009371,1
HH009372,2
HH009373,0
HH009374,0
HH009375,0
HH009376,0
HH009377,1
HH009378,0
HH009379,0
HH009380,2
HH009381,0
HH009382,2
HH009383,1
HH009384,0
HH009385,0
HH009386,0
HH009387,0
HH009388,0
HH009389,0
HH009390,0
HH009391,1
HH009392,0
HH009393,0
HH009394,0
HH009395,0
HH009396,2
HH009397,0
HH009398,0
HH009399,0
HH009400,0
HH009401,2
HH009402,0
HH009403,0
HH009404,1
HH009405,0
HH009406,2
HH009407,0
HH009408,0
HH009409,0
HH009410,1
HH009411,1
HH009412,0
HH009413,0
HH009414,2
HH009415,0
HH009416,1
HH009417,0
HH009418,0
HH009419,1
HH009420,1
HH009421,1
HH009422,0
HH009423,0
HH009424,0
HH009425,2
HH009426,1
HH009427,0
HH009428,1
HH009429,0
HH009430,1
HH009431,0
HH009432,0
HH009433,0
HH009434,1
HH009435,0
HH009436,1
HH009437,2
HH009438,0
HH009439,1
HH009440,0
HH009441,2
HH009442,0
HH009443,0
HH009444,0
HH009445,0
HH009446,1
HH009447,0
HH009448,2
HH009449,1
HH009450,0
HH009451,1
HH009452,0
HH009453,2
HH009454,2
HH009455,1
HH009456,0
HH009457,1
HH009458,1
HH009459,0
HH009460,2
HH009461,0
HH009462,0
HH009463,0
HH009464,0
HH009465,2
HH009466,0
HH009467,2
HH009468,1
HH009469,0
HH009470,1
HH009471,2
HH009472,2
HH009473,1
HH009474,0
HH009475,1
HH009476,1
HH009477,0
HH009478,1
HH009479,0
HH009480,0
HH009481,2
HH009482,0
HH009483,0
HH009484,0
HH009485,0
HH009486,1
HH009487,0
HH009488,1
HH009489,2
HH009490,2
HH009491,2
HH009492,0
HH009493,0
HH009494,1
HH009495,0
HH009496,0
HH009497,0
HH009498,0
HH009499,0
HH009500,1
HH009501,0
HH009502,0
HH009503,0
HH009504,0
HH009505,2
HH009506,0
HH009507,1
HH009508,2
HH009509,0
HH009510,1
HH009511,0
HH009512,0
HH009513,1
HH009514,0
HH009515,1
HH009516,0
HH009517,0
HH009518,1
HH009519,0
HH009520,1
HH009521,0
HH009522,1
HH009523,0
HH009524,2
HH009525,2
HH009526,0
HH009527,0
HH009528,1
HH009529,1
HH009530,1
HH009531,0
HH009532,2
HH009533,1
HH009534,1
HH009535,0
HH009536,2
HH009537,0
HH009538,0
HH009539,1
HH009540,1
HH009541,1
HH009542,0
HH009543,1
HH009544,1
HH009545,0
HH009546,2
HH009547,0
HH009548,0
HH009549,0
HH009550,2
HH009551,0
HH009552,0
HH009553,2
HH009554,0
HH009555,0
HH009556,0
HH009557,0
HH009558,0
HH009559,0
HH009560,0
HH009561,0
HH009562,1
HH009563,0
HH009564,0
HH009565,1
HH009566,0
HH009567,1
HH009568,1
HH009569,0
HH009570,1
HH009571,2
HH009572,1
HH009573,0
HH009574,1
HH009575,2
HH009576,0
HH009577,1
HH009578,0
HH009579,1
HH009580,0
HH009581,0
HH009582,0
HH009583,0
HH009584,2
HH009585,0
HH009586,1
HH009587,1
HH009588,0
HH009589,1
HH009590,0
HH009591,0
HH009592,0
HH009593,2
HH009594,2
HH009595,0
HH009596,0
HH009597,0
HH009598,1
HH009599,1
HH009600,1
HH009601,0
HH009602,0
HH009603,1
HH009604,0
HH009605,0
HH009606,2
HH009607,0
HH009608,1
HH009609,0
HH009610,2
HH009611,1
HH009612,1
HH009613,1
HH009614,1
HH009615,1
HH009616,0
HH009617,0
HH009618,0
HH009619,0
HH009620,0
HH009621,1
HH009622,0
HH009623,1
HH009624,0
HH009625,0
HH009626,1
HH009627,0
HH009628,0
HH009629,1
HH009630,0
HH009631,1
HH009632,0
HH009633,0
HH009634,1
HH009635,1
HH009636,1
HH009637,0
HH009638,1
HH009639,1
HH009640,0
HH009641,1
HH009642,0
HH009643,0
HH009644,0
HH009645,0
HH009646,0
HH009647,0
HH009648,0
HH009649,1
HH009650,0
HH009651,0
HH009652,1
HH009653,0
HH009654,0
HH009655,2
HH009656,0
HH009657,1
HH009658,0
HH009659,0
HH009660,1
HH009661,0
HH009662,2
HH009663,0
HH009664,1
HH009665,0
HH009666,1
HH009667,1
HH009668,1
HH009669,0
HH009670,0
HH009671,1
HH009672,1
HH009673,2
HH009674,2
HH009675,0
HH009676,0
HH009677,0
HH009678,0
HH009679,0
HH009680,0
HH009681,0
HH009682,0
HH009683,0
HH009684,1
HH009685,0
HH009686,1
HH009687,0
HH009688,0
HH009689,0
HH009690,2
HH009691,1
HH009692,2
HH009693,0
HH009694,0
HH009695,0
HH009696,1
HH009697,1
HH009698,1
HH009699,0
HH009700,2
HH009701,0
HH009702,0
HH009703,0
HH009704,0
HH009705,0
HH009706,1
HH009707,0
HH009708,1
HH009709,2
HH009710,0
HH009711,0
HH009712,1
HH009713,0
HH009714,1
HH009715,2
HH009716,0
HH009717,1
HH009718,1
HH009719,1
HH009720,1
HH009721,0
HH009722,0
HH009723,0
HH009724,0
HH009725,0
HH009726,0
HH009727,0
HH009728,1
HH009729,0
HH009730,0
HH009731,0
HH009732,0
HH009733,1
HH009734,1
HH009735,0
HH009736,0
HH009737,0
HH009738,2
HH009739,0
HH009740,1
HH009741,0
HH009742,1
HH009743,0
HH009744,0
HH009745,0
HH009746,0
HH009747,0
HH009748,0
HH009749,0
HH009750,0
HH009751,2
HH009752,1
HH009753,2
HH009754,1
HH009755,2
HH009756,0
HH009757,0
HH009758,1
HH009759,0
HH009760,0
HH009761,0
HH009762,1
HH009763,2
HH009764,0
HH009765,0
HH009766,0
HH009767,1
HH009768,0
HH009769,0
HH009770,0
HH009771,0
HH009772,2
HH009773,0
HH009774,2
HH009775,0
HH009776,0
HH009777,1
HH009778,1
HH009779,2
HH009780,0
HH009781,0
HH009782,0
HH009783,0
HH009784,0
HH009785,0
HH009786,0
HH009787,0
HH009788,0
HH009789,1
HH009790,1
HH009791,2
HH009792,0
HH009793,0
HH009794,1
HH009795,1
HH009796,0
HH009797,1
HH009798,2
HH009799,0
HH009800,2
HH009801,0
HH009802,0
HH009803,0
HH009804,2
HH009805,1
HH009806,0
HH009807,1
HH009808,0
HH009809,0
HH009810,0
HH009811,2
HH009812,1
HH009813,0
HH009814,0
HH009815,0
HH009816,0
HH009817,0
HH009818,0
HH009819,0
HH009820,1
HH009821,0
HH009822,2
HH009823,0
HH009824,0
HH009825,0
HH009826,0
HH009827,1
HH009828,1
HH009829,0
HH009830,0
HH009831,0
HH009832,2
HH009833,0
HH009834,1
HH009835,2
HH009836,1
HH009837,2
HH009838,1
HH009839,0
HH009840,1
HH009841,1
HH009842,0
HH009843,0
HH009844,0
HH009845,0
HH009846,0
HH009847,0
HH009848,0
HH009849,0
HH009850,0
HH009851,0
HH009852,1
HH009853,0
HH009854,1
HH009855,0
HH009856,0
HH009857,0
HH009858,0
HH009859,1
HH009860,2
HH009861,2
HH009862,0
HH009863,1
HH009864,2
HH009865,2
HH009866,2
HH009867,0
HH009868,1
HH009869,0
HH009870,1
HH009871,1
HH009872,0
HH009873,2
HH009874,2
HH009875,1
HH009876,1
HH009877,0
HH009878,1
HH009879,0
HH009880,0
HH009881,1
HH009882,1
HH009883,1
HH009884,0
HH009885,0
HH009886,0
HH009887,1
HH009888,0
HH009889,0
HH009890,0
HH009891,0
HH009892,1
HH009893,0
HH009894,0
HH009895,0
HH009896,2
HH009897,0
HH009898,0
HH009899,2
HH009900,0
HH009901,1
HH009902,0
HH009903,1
HH009904,0
HH009905,0
HH009906,0
HH009907,2
HH009908,1
HH009909,0
HH009910,0
HH009911,1
HH009912,0
HH009913,2
HH009914,0
HH009915,0
HH009916,0
HH009917,1
HH009918,0
HH009919,1
HH009920,2
HH009921,0
HH009922,0
HH009923,1
HH009924,1
HH009925,0
HH009926,2
HH009927,2
HH009928,1
HH009929,1
HH009930,0
HH009931,2
HH009932,0
HH009933,0
HH009934,0
HH009935,0
HH009936,0
HH009937,1
HH009938,1
HH009939,0
HH009940,2
HH009941,1
HH009942,0
HH009943,1
HH009944,0
HH009945,0
HH009946,1
HH009947,1
HH009948,0
HH009949,0
HH009950,1
HH009951,1
HH009952,1
HH009953,0
HH009954,1
HH009955,0
HH009956,2
HH009957,1
HH009958,0
HH009959,0
HH009960,1
HH009961,2
HH009962,2
HH009963,1
HH009964,0
HH009965,1
HH009966,1
HH009967,1
HH009968,1
HH009969,0
HH009970,0
HH009971,2
HH009972,2
HH009973,0
HH009974,2
HH009975,1
HH009976,0
HH009977,0
HH009978,0
HH009979,0
HH009980,1
HH009981,1
HH009982,0
HH009983,0
HH009984,0
HH009985,0
HH009986,1
HH009987,1
HH009988,0
HH009989,0
HH009990,1
HH009991,0
HH009992,0
HH009993,0
HH009994,0
HH009995,0
HH009996,0
HH009997,0
HH009998,0
HH009999,0
HH010000,1
HH010001,1
HH010002,0
HH010003,1
HH010004,1
HH010005,0
HH010006,0
HH010007,0
HH010008,0
HH010009,1
HH010010,1
HH010011,0
HH010012,1
HH010013,0
HH010014,0
HH010015,0
HH010016,1
HH010017,0
HH010018,0
HH010019,1
HH010020,0
HH010021,0
HH010022,0
HH010023,1
HH010024,2
HH010025,0
HH010026,0
HH010027,1
HH010028,0
HH010029,1
HH010030,2
HH010031,0
HH010032,2
HH010033,2
HH010034,0
HH010035,0
HH010036,0
HH010037,1
HH010038,2
HH010039,2
HH010040,0
HH010041,0
HH010042,0
HH010043,2
HH010044,0
HH010045,0
HH010046,0
HH010047,1
HH010048,1
HH010049,1
HH010050,2
HH010051,0
HH010052,0
HH010053,0
HH010054,0
HH010055,1
HH010056,1
HH010057,0
HH010058,2
HH010059,1
HH010060,0
HH010061,1
HH010062,0
HH010063,1
HH010064,0
HH010065,1
HH010066,0
HH010067,1
HH010068,2
HH010069,0
HH010070,2
HH010071,0
HH010072,2
HH010073,1
HH010074,0
HH010075,0
HH010076,1
HH010077,1
HH010078,0
HH010079,0
HH010080,1
HH010081,1
HH010082,1
HH010083,1
HH010084,1
HH010085,1
HH010086,0
HH010087,1
HH010088,0
HH010089,2
HH010090,0
HH010091,0
HH010092,2
HH010093,0
HH010094,1
HH010095,0
HH010096,1
HH010097,0
HH010098,0
HH010099,2
HH010100,1
HH010101,1
HH010102,0
HH010103,0
HH010104,1
HH010105,0
HH010106,0
HH010107,0
HH010108,1
HH010109,1
HH010110,0
HH010111,1
HH010112,1
HH010113,0
HH010114,0
HH010115,1
HH010116,2
HH010117,0
HH010118,1
HH010119,0
HH010120,0
HH010121,1
HH010122,1
HH010123,0
HH010124,0
HH010125,0
HH010126,0
HH010127,0
HH010128,1
HH010129,1
HH010130,0
HH010131,1
HH010132,0
HH010133,0
HH010134,2
HH010135,0
HH010136,0
HH010137,0
HH010138,1
HH010139,2
HH010140,2
HH010141,2
HH010142,0
HH010143,1
HH010144,0
HH010145,0
HH010146,1
HH010147,0
HH010148,0
HH010149,0
HH010150,0
HH010151,0
HH010152,1
HH010153,0
HH010154,1
HH010155,0
HH010156,1
HH010157,0
HH010158,0
HH010159,0
HH010160,0
HH010161,0
HH010162,0
HH010163,1
HH010164,0
HH010165,1
HH010166,1
HH010167,0
HH010168,0
HH010169,2
HH010170,1
HH010171,2
HH010172,1
HH010173,1
HH010174,1
HH010175,1
HH010176,1
HH010177,0
HH010178,0
HH010179,0
HH010180,2
HH010181,0
HH010182,2
HH010183,0
HH010184,1
HH010185,0
HH010186,0
HH010187,0
HH010188,2
HH010189,0
HH010190,0
HH010191,0
HH010192,0
HH010193,2
HH010194,0
HH010195,2
HH010196,0
HH010197,1
HH010198,1
HH010199,1
HH010200,0
HH010201,1
HH010202,0
HH010203,1
HH010204,1
HH010205,0
HH010206,1
HH010207,0
HH010208,0
HH010209,0
HH010210,0
HH010211,1
HH010212,1
HH010213,0
HH010214,0
HH010215,0
HH010216,0
HH010217,0
HH010218,0
HH010219,0
HH010220,2
HH010221,0
HH010222,0
HH010223,2
HH010224,0
HH010225,0
HH010226,0
HH010227,2
HH010228,0
HH010229,0
HH010230,0
HH010231,2
HH010232,1
HH010233,0
HH010234,2
HH010235,2
HH010236,1
HH010237,0
HH010238,1
HH010239,1
HH010240,0
HH010241,0
HH010242,0
HH010243,0
HH010244,1
HH010245,2
HH010246,0
HH010247,1
HH010248,1
HH010249,1
HH010250,2
HH010251,1
HH010252,0
HH010253,1
HH010254,1
HH010255,1
HH010256,0
HH010257,1
HH010258,0
HH010259,0
HH010260,1
HH010261,1
HH010262,0
HH010263,0
HH010264,0
HH010265,0
HH010266,1
HH010267,0
HH010268,0
HH010269,1
HH010270,0
HH010271,1
HH010272,0
HH010273,0
HH010274,0
HH010275,2
HH010276,0
HH010277,0
HH010278,0
HH010279,1
HH010280,1
HH010281,1
HH010282,1
HH010283,1
HH010284,1
HH010285,0
HH010286,2
HH010287,0
HH010288,2
HH010289,0
HH010290,2
HH010291,2
HH010292,2
HH010293,0
HH010294,0
HH010295,0
HH010296,1
HH010297,0
HH010298,0
HH010299,0
HH010300,2
HH010301,0
HH010302,2
HH010303,0
HH010304,2
HH010305,0
HH010306,0
HH010307,0
HH010308,0
HH010309,0
HH010310,0
HH010311,1
HH010312,0
HH010313,1
HH010314,2
HH010315,1
HH010316,1
HH010317,0
HH010318,2
HH010319,0
HH010320,1
HH010321,0
HH010322,0
HH010323,0
HH010324,1
HH010325,1
HH010326,0
HH010327,1
HH010328,2
HH010329,2
HH010330,0
HH010331,1
HH010332,0
HH010333,1
HH010334,0
HH010335,2
HH010336,0
HH010337,0
HH010338,2
HH010339,0
HH010340,0
HH010341,0
HH010342,0
HH010343,0
HH010344,1
HH010345,0
HH010346,1
HH010347,1
HH010348,2
HH010349,0
HH010350,1
HH010351,0
HH010352,2
HH010353,0
HH010354,1
HH010355,2
HH010356,2
HH010357,1
HH010358,0
HH010359,1
HH010360,0
HH010361,0
HH010362,1
HH010363,0
HH010364,1
HH010365,0
HH010366,1
HH010367,1
HH010368,2
HH010369,2
HH010370,2
HH010371,1
HH010372,1
HH010373,1
HH010374,1
HH010375,0
HH010376,2
HH010377,0
HH010378,1
HH010379,1
HH010380,1
HH010381,1
HH010382,0
HH010383,2
HH010384,0
HH010385,2
HH010386,0
HH010387,1
HH010388,0
HH010389,1
HH010390,0
HH010391,0
HH010392,0
HH010393,1
HH010394,1
HH010395,1
HH010396,2
HH010397,0
HH010398,2
HH010399,0
HH010400,0
HH010401,0
HH010402,0
HH010403,0
HH010404,1
HH010405,0
HH010406,0
HH010407,1
HH010408,0
HH010409,0
HH010410,0
HH010411,0
HH010412,1
HH010413,0
HH010414,0
HH010415,1
HH010416,1
HH010417,2
HH010418,2
HH010419,2
HH010420,1
HH010421,0
HH010422,0
HH010423,0
HH010424,2
HH010425,0
HH010426,0
HH010427,1
HH010428,2
HH010429,0
HH010430,0
HH010431,1
HH010432,1
HH010433,1
HH010434,1
HH010435,2
HH010436,0
HH010437,2
HH010438,1
HH010439,2
HH010440,2
HH010441,1
HH010442,0
HH010443,0
HH010444,2
HH010445,2
HH010446,0
HH010447,1
HH010448,0
HH010449,0
HH010450,1
HH010451,0
HH010452,0
HH010453,0
HH010454,0
HH010455,0
HH010456,2
HH010457,0
HH010458,1
HH010459,0
HH010460,1
HH010461,0
HH010462,0
HH010463,1
HH010464,0
HH010465,1
HH010466,1
HH010467,1
HH010468,1
HH010469,1
HH010470,0
HH010471,0
HH010472,0
HH010473,0
HH010474,0
HH010475,0
HH010476,0
HH010477,1
HH010478,2
HH010479,0
HH010480,2
HH010481,0
HH010482,0
HH010483,0
HH010484,1
HH010485,1
HH010486,0
HH010487,0
HH010488,0
HH010489,1
HH010490,2
HH010491,2
HH010492,0
HH010493,0
HH010494,0
HH010495,1
HH010496,1
HH010497,2
HH010498,1
HH010499,1
HH010500,0
HH010501,0
HH010502,1
HH010503,1
HH010504,0
HH010505,1
HH010506,0
HH010507,0
HH010508,0
HH010509,0
HH010510,1
HH010511,1
HH010512,0
HH010513,0
HH010514,1
HH010515,1
HH010516,0
HH010517,0
HH010518,0
HH010519,0
HH010520,0
HH010521,0
HH010522,0
HH010523,1
HH010524,2
HH010525,0
HH010526,1
HH010527,0
HH010528,0
HH010529,1
HH010530,0
HH010531,0
HH010532,1
HH010533,0
HH010534,0
HH010535,0
HH010536,1
HH010537,1
HH010538,2
HH010539,0
HH010540,1
HH010541,0
HH010542,0
HH010543,1
HH010544,0
HH010545,0
HH010546,0
HH010547,0
HH010548,0
HH010549,1
HH010550,0
HH010551,2
HH010552,1
HH010553,0
HH010554,1
HH010555,2
HH010556,2
HH010557,0
HH010558,0
HH010559,0
HH010560,1
HH010561,1
HH010562,2
HH010563,0
HH010564,1
HH010565,1
HH010566,0
HH010567,0
HH010568,1
HH010569,0
HH010570,0
HH010571,0
HH010572,0
HH010573,0
HH010574,0
HH010575,1
HH010576,0
HH010577,0
HH010578,0
HH010579,0
HH010580,0
HH010581,1
HH010582,0
HH010583,0
HH010584,1
HH010585,1
HH010586,0
HH010587,0
HH010588,0
HH010589,0
HH010590,0
HH010591,0
HH010592,0
HH010593,2
HH010594,0
HH010595,1
HH010596,0
HH010597,2
HH010598,0
HH010599,1
HH010600,0
HH010601,1
HH010602,0
HH010603,0
HH010604,0
HH010605,0
HH010606,0
HH010607,1
HH010608,1
HH010609,0
HH010610,0
HH010611,1
HH010612,1
HH010613,0
HH010614,0
HH010615,0
HH010616,1
HH010617,2
HH010618,0
HH010619,0
HH010620,0
HH010621,1
HH010622,0
HH010623,0
HH010624,2
HH010625,1
HH010626,0
HH010627,1
HH010628,0
HH010629,2
HH010630,1
HH010631,2
HH010632,0
HH010633,0
HH010634,1
HH010635,1
HH010636,0
HH010637,1
HH010638,2
HH010639,2
HH010640,2
HH010641,0
HH010642,0
HH010643,2
HH010644,0
HH010645,2
HH010646,0
HH010647,2
HH010648,0
HH010649,0
HH010650,0
HH010651,1
HH010652,2
HH010653,1
HH010654,1
HH010655,0
HH010656,0
HH010657,1
HH010658,0
HH010659,0
HH010660,1
HH010661,1
HH010662,0
HH010663,0
HH010664,0
HH010665,1
HH010666,0
HH010667,1
HH010668,0
HH010669,0
HH010670,2
HH010671,0
HH010672,1
HH010673,2
HH010674,0
HH010675,0
HH010676,1
HH010677,0
HH010678,1
HH010679,0
HH010680,2
HH010681,2
HH010682,1
HH010683,2
HH010684,0
HH010685,0
HH010686,1
HH010687,2
HH010688,0
HH010689,0
HH010690,1
HH010691,1
HH010692,0
HH010693,1
HH010694,1
HH010695,1
HH010696,0
HH010697,0
HH010698,0
HH010699,2
HH010700,0
HH010701,1
HH010702,0
HH010703,1
HH010704,0
HH010705,2
HH010706,1
HH010707,2
HH010708,1
HH010709,0
HH010710,1
HH010711,1
HH010712,2
HH010713,0
HH010714,1
HH010715,0
HH010716,1
HH010717,2
HH010718,1
HH010719,0
HH010720,1
HH010721,1
HH010722,1
HH010723,0
HH010724,2
HH010725,1
HH010726,0
HH010727,0
HH010728,0
HH010729,2
HH010730,1
HH010731,0
HH010732,0
HH010733,0
HH010734,1
HH010735,0
HH010736,0
HH010737,0
HH010738,0
HH010739,1
HH010740,1
HH010741,0
HH010742,1
HH010743,0
HH010744,0
HH010745,0
HH010746,1
HH010747,2
HH010748,2
HH010749,1
HH010750,1
HH010751,0
HH010752,1
HH010753,0
HH010754,0
HH010755,2
HH010756,1
HH010757,0
HH010758,0
HH010759,0
HH010760,0
HH010761,0
HH010762,1
HH010763,2
HH010764,0
HH010765,1
HH010766,0
HH010767,2
HH010768,0
HH010769,1
HH010770,0
HH010771,1
HH010772,0
HH010773,0
HH010774,0
HH010775,0
HH010776,0
HH010777,1
HH010778,0
HH010779,0
HH010780,1
HH010781,0
HH010782,0
HH010783,0
HH010784,2
HH010785,1
HH010786,0
HH010787,0
HH010788,0
HH010789,0
HH010790,2
HH010791,1
HH010792,0
HH010793,0
HH010794,0
HH010795,0
HH010796,0
HH010797,2
HH010798,2
HH010799,0
HH010800,2
HH010801,1
HH010802,2
HH010803,1
HH010804,0
HH010805,0
HH010806,0
HH010807,0
HH010808,1
HH010809,0
HH010810,0
HH010811,2
HH010812,0
HH010813,0
HH010814,0
HH010815,0
HH010816,2
HH010817,0
HH010818,0
HH010819,1
HH010820,0
HH010821,0
HH010822,1
HH010823,1
HH010824,0
HH010825,0
HH010826,2
HH010827,0
HH010828,1
HH010829,2
HH010830,1
HH010831,0
HH010832,1
HH010833,1
HH010834,0
HH010835,0
HH010836,1
HH010837,0
HH010838,0
HH010839,0
HH010840,0
HH010841,2
HH010842,1
HH010843,0
HH010844,1
HH010845,0
HH010846,1
HH010847,0
HH010848,1
HH010849,0
HH010850,1
HH010851,0
HH010852,0
HH010853,1
HH010854,0
HH010855,2
HH010856,1
HH010857,1
HH010858,0
HH010859,1
HH010860,1
HH010861,1
HH010862,0
HH010863,1
HH010864,0
HH010865,1
HH010866,1
HH010867,1
HH010868,0
HH010869,0
HH010870,0
HH010871,0
HH010872,0
HH010873,1
HH010874,0
HH010875,2
HH010876,0
HH010877,0
HH010878,0
HH010879,2
HH010880,0
HH010881,2
HH010882,1
HH010883,0
HH010884,0
HH010885,0
HH010886,1
HH010887,0
HH010888,0
HH010889,1
HH010890,0
HH010891,2
HH010892,1
HH010893,0
HH010894,0
HH010895,2
HH010896,1
HH010897,1
HH010898,0
HH010899,0
HH010900,0
HH010901,0
HH010902,1
HH010903,1
HH010904,1
HH010905,1
HH010906,0
HH010907,1
HH010908,1
HH010909,1
HH010910,0
HH010911,0
HH010912,0
HH010913,1
HH010914,0
HH010915,0
HH010916,0
HH010917,0
HH010918,1
HH010919,1
HH010920,0
HH010921,0
HH010922,0
HH010923,0
HH010924,0
HH010925,0
HH010926,1
HH010927,1
HH010928,1
HH010929,0
HH010930,0
HH010931,2
HH010932,1
HH010933,1
HH010934,1
HH010935,1
HH010936,0
HH010937,1
HH010938,0
HH010939,0
HH010940,1
HH010941,2
HH010942,0
HH010943,1
HH010944,1
HH010945,1
HH010946,0
HH010947,0
HH010948,1
HH010949,0
HH010950,0
HH010951,1
HH010952,0
HH010953,0
HH010954,0
HH010955,0
HH010956,0
HH010957,0
HH010958,0
HH010959,0
HH010960,0
HH010961,1
HH010962,0
HH010963,0
HH010964,0
HH010965,0
HH010966,0
HH010967,0
HH010968,0
HH010969,0
HH010970,2
HH010971,0
HH010972,2
HH010973,1
HH010974,2
HH010975,0
HH010976,0
HH010977,0
HH010978,0
HH010979,0
HH010980,1
HH010981,0
HH010982,0
HH010983,0
HH010984,1
HH010985,0
HH010986,0
HH010987,0
HH010988,1
HH010989,1
HH010990,0
HH010991,0
HH010992,0
HH010993,1
HH010994,1
HH010995,1
HH010996,0
HH010997,1
HH010998,0
HH010999,1
HH011000,1
HH011001,1
HH011002,1
HH011003,1
HH011004,0
HH011005,2
HH011006,0
HH011007,0
HH011008,0
HH011009,0
HH011010,1
HH011011,1
HH011012,2
HH011013,0
HH011014,0
HH011015,1
HH011016,0
HH011017,0
HH011018,0
HH011019,0
HH011020,0
HH011021,1
HH011022,0
HH011023,2
HH011024,0
HH011025,0
HH011026,0
HH011027,1
HH011028,1
HH011029,0
HH011030,0
HH011031,0
HH011032,0
HH011033,0
HH011034,0
HH011035,0
HH011036,0
HH011037,0
HH011038,0
HH011039,0
HH011040,1
HH011041,1
HH011042,2
HH011043,2
HH011044,0
HH011045,1
HH011046,0
HH011047,1
HH011048,1
HH011049,0
HH011050,0
HH011051,2
HH011052,0
HH011053,2
HH011054,0
HH011055,2
HH011056,0
HH011057,0
HH011058,1
HH011059,1
HH011060,0
HH011061,0
HH011062,0
HH011063,0
HH011064,1
HH011065,1
HH011066,0
HH011067,0
HH011068,0
HH011069,1
HH011070,0
HH011071,0
HH011072,0
HH011073,0
HH011074,1
HH011075,0
HH011076,0
HH011077,2
HH011078,0
HH011079,0
HH011080,1
HH011081,1
HH011082,0
HH011083,0
HH011084,1
HH011085,0
HH011086,0
HH011087,0
HH011088,0
HH011089,0
HH011090,0
HH011091,1
HH011092,1
HH011093,0
HH011094,1
HH011095,1
HH011096,1
HH011097,0
HH011098,1
HH011099,0
HH011100,0
HH011101,1
HH011102,1
HH011103,0
HH011104,1
HH011105,0
HH011106,0
HH011107,0
HH011108,0
HH011109,1
HH011110,0
HH011111,0
HH011112,1
HH011113,0
HH011114,0
HH011115,0
HH011116,0
HH011117,0
HH011118,0
HH011119,0
HH011120,0
HH011121,1
HH011122,2
HH011123,1
HH011124,1
HH011125,2
HH011126,1
HH011127,0
HH011128,1
HH011129,0
HH011130,0
HH011131,1
HH011132,2
HH011133,0
HH011134,0
HH011135,2
HH011136,0
HH011137,0
HH011138,0
HH011139,1
HH011140,1
HH011141,2
HH011142,0
HH011143,0
HH011144,2
HH011145,1
HH011146,0
HH011147,0
HH011148,0
HH011149,1
HH011150,0
HH011151,1
HH011152,1
HH011153,0
HH011154,2
HH011155,0
HH011156,1
HH011157,0
HH011158,0
HH011159,1
HH011160,2
HH011161,0
HH011162,0
HH011163,1
HH011164,0
HH011165,0
HH011166,0
HH011167,0
HH011168,2
HH011169,0
HH011170,0
HH011171,1
HH011172,2
HH011173,1
HH011174,0
HH011175,0
HH011176,0
HH011177,1
HH011178,0
HH011179,0
HH011180,1
HH011181,0
HH011182,1
HH011183,2
HH011184,2
HH011185,0
HH011186,0
HH011187,2
HH011188,2
HH011189,2
HH011190,0
HH011191,1
HH011192,2
HH011193,1
HH011194,2
HH011195,0
HH011196,1
HH011197,0
HH011198,0
HH011199,2
HH011200,2
HH011201,0
HH011202,1
HH011203,1
HH011204,0
HH011205,0
HH011206,0
HH011207,0
HH011208,1
HH011209,0
HH011210,0
HH011211,1
HH011212,0
HH011213,0
HH011214,0
HH011215,0
HH011216,0
HH011217,1
HH011218,1
HH011219,0
HH011220,2
HH011221,2
HH011222,0
HH011223,0
HH011224,0
HH011225,2
HH011226,0
HH011227,1
HH011228,1
HH011229,0
HH011230,0
HH011231,1
HH011232,1
HH011233,0
HH011234,0
HH011235,0
HH011236,0
HH011237,0
HH011238,0
HH011239,2
HH011240,1
HH011241,2
HH011242,0
HH011243,1
HH011244,2
HH011245,0
HH011246,1
HH011247,0
HH011248,0
HH011249,0
HH011250,1
HH011251,2
HH011252,1
HH011253,0
HH011254,1
HH011255,1
HH011256,0
HH011257,1
HH011258,0
HH011259,0
HH011260,1
HH011261,0
HH011262,2
HH011263,1
HH011264,0
HH011265,0
HH011266,0
HH011267,0
HH011268,0
HH011269,0
HH011270,1
HH011271,1
HH011272,2
HH011273,0
HH011274,1
HH011275,1
HH011276,0
HH011277,2
HH011278,0
HH011279,0
HH011280,0
HH011281,0
HH011282,1
HH011283,2
HH011284,0
HH011285,2
HH011286,0
HH011287,1
HH011288,0
HH011289,0
HH011290,1
HH011291,0
HH011292,1
HH011293,0
HH011294,2
HH011295,0
HH011296,0
HH011297,1
HH011298,0
HH011299,1
HH011300,1
HH011301,0
HH011302,1
HH011303,1
HH011304,1
HH011305,2
HH011306,0
HH011307,0
HH011308,0
HH011309,0
HH011310,0
HH011311,0
HH011312,0
HH011313,1
HH011314,0
HH011315,0
HH011316,0
HH011317,2
HH011318,0
HH011319,1
HH011320,1
HH011321,0
HH011322,0
HH011323,0
HH011324,0
HH011325,0
HH011326,2
HH011327,0
HH011328,0
HH011329,0
HH011330,0
HH011331,0
HH011332,1
HH011333,0
HH011334,1
HH011335,1
HH011336,1
HH011337,1
HH011338,1
HH011339,0
HH011340,0
HH011341,0
HH011342,0
HH011343,2
HH011344,0
HH011345,0
HH011346,0
HH011347,0
HH011348,0
HH011349,2
HH011350,0
HH011351,0
HH011352,0
HH011353,0
HH011354,1
HH011355,1
HH011356,1
HH011357,0
HH011358,1
HH011359,1
HH011360,0
HH011361,0
HH011362,2
HH011363,0
HH011364,2
HH011365,0
HH011366,1
HH011367,0
HH011368,0
HH011369,0
HH011370,0
HH011371,2
HH011372,1
HH011373,0
HH011374,1
HH011375,0
HH011376,1
HH011377,2
HH011378,1
HH011379,0
HH011380,0
HH011381,2
HH011382,0
HH011383,2
HH011384,0
HH011385,0
HH011386,2
HH011387,0
HH011388,0
HH011389,1
HH011390,1
HH011391,0
HH011392,0
HH011393,2
HH011394,2
HH011395,0
HH011396,0
HH011397,0
HH011398,0
HH011399,0
HH011400,0
HH011401,0
HH011402,0
HH011403,0
HH011404,1
HH011405,2
HH011406,0
HH011407,1
HH011408,0
HH011409,1
HH011410,0
HH011411,0
HH011412,1
HH011413,0
HH011414,1
HH011415,1
HH011416,0
HH011417,0
HH011418,1
HH011419,0
HH011420,1
HH011421,0
HH011422,0
HH011423,0
HH011424,1
HH011425,0
HH011426,0
HH011427,1
HH011428,1
HH011429,1
HH011430,2
HH011431,0
HH011432,0
HH011433,0
HH011434,2
HH011435,0
HH011436,0
HH011437,2
HH011438,1
HH011439,0
HH011440,0
HH011441,0
HH011442,0
HH011443,0
HH011444,1
HH011445,0
HH011446,0
HH011447,2
HH011448,1
HH011449,0
HH011450,0
HH011451,1
HH011452,2
HH011453,0
HH011454,0
HH011455,0
HH011456,1
HH011457,0
HH011458,1
HH011459,1
HH011460,1
HH011461,0
HH011462,1
HH011463,0
HH011464,0
HH011465,2
HH011466,0
HH011467,1
HH011468,0
HH011469,1
HH011470,1
HH011471,0
HH011472,1
HH011473,0
HH011474,0
HH011475,0
HH011476,0
HH011477,0
HH011478,0
HH011479,2
HH011480,0
HH011481,1
HH011482,2
HH011483,0
HH011484,1
HH011485,0
HH011486,0
HH011487,0
HH011488,0
HH011489,0
HH011490,2
HH011491,0
HH011492,1
HH011493,0
HH011494,0
HH011495,0
HH011496,0
HH011497,0
HH011498,0
HH011499,0
HH011500,0
HH011501,1
HH011502,0
HH011503,0
HH011504,1
HH011505,0
HH011506,0
HH011507,1
HH011508,2
HH011509,0
HH011510,2
HH011511,1
HH011512,1
HH011513,2
HH011514,1
HH011515,2
HH011516,0
HH011517,1
HH011518,0
HH011519,0
HH011520,0
HH011521,1
HH011522,0
HH011523,0
HH011524,0
HH011525,0
HH011526,0
HH011527,1
HH011528,0
HH011529,2
HH011530,0
HH011531,0
HH011532,0
HH011533,0
HH011534,2
HH011535,0
HH011536,0
HH011537,2
HH011538,1
HH011539,0
HH011540,0
HH011541,2
HH011542,0
HH011543,1
HH011544,1
HH011545,1
HH011546,1
HH011547,0
HH011548,0
HH011549,1
HH011550,0
HH011551,0
HH011552,0
HH011553,0
HH011554,0
HH011555,0
HH011556,0
HH011557,0
HH011558,1
HH011559,0
HH011560,2
HH011561,0
HH011562,2
HH011563,1
HH011564,0
HH011565,0
HH011566,0
HH011567,0
HH011568,0
HH011569,0
HH011570,0
HH011571,2
HH011572,1
HH011573,1
HH011574,0
HH011575,1
HH011576,0
HH011577,1
HH011578,2
HH011579,0
HH011580,1
HH011581,1
HH011582,1
HH011583,2
HH011584,0
HH011585,2
HH011586,0
HH011587,0
HH011588,1
HH011589,1
HH011590,1
HH011591,0
HH011592,0
HH011593,1
HH011594,2
HH011595,1
HH011596,1
HH011597,0
HH011598,0
HH011599,1
HH011600,0
HH011601,1
HH011602,1
HH011603,1
HH011604,0
HH011605,0
HH011606,2
HH011607,0
HH011608,0
HH011609,0
HH011610,0
HH011611,0
HH011612,2
HH011613,0
HH011614,0
HH011615,0
HH011616,0
HH011617,0
HH011618,1
HH011619,0
HH011620,1
HH011621,0
HH011622,0
HH011623,0
HH011624,1
HH011625,0
HH011626,0
HH011627,2
HH011628,0
HH011629,1
HH011630,1
HH011631,0
HH011632,0
HH011633,0
HH011634,1
HH011635,1
HH011636,0
HH011637,0
HH011638,1
HH011639,0
HH011640,0
HH011641,0
HH011642,0
HH011643,1
HH011644,0
HH011645,1
HH011646,0
HH011647,2
HH011648,1
HH011649,0
HH011650,1
HH011651,1
HH011652,1
HH011653,0
HH011654,1
HH011655,1
HH011656,1
HH011657,0
HH011658,1
HH011659,1
HH011660,2
HH011661,0
HH011662,0
HH011663,0
HH011664,2
HH011665,0
HH011666,0
HH011667,2
HH011668,0
HH011669,2
HH011670,0
HH011671,2
HH011672,0
HH011673,0
HH011674,1
HH011675,1
HH011676,0
HH011677,0
HH011678,0
HH011679,0
HH011680,1
HH011681,1
HH011682,0
HH011683,0
HH011684,2
HH011685,1
HH011686,1
HH011687,1
HH011688,0
HH011689,1
HH011690,1
HH011691,0
HH011692,1
HH011693,0
HH011694,1
HH011695,0
HH011696,0
HH011697,1
HH011698,0
HH011699,0
HH011700,0
HH011701,0
HH011702,0
HH011703,0
HH011704,1
HH011705,2
HH011706,0
HH011707,1
HH011708,0
HH011709,1
HH011710,0
HH011711,1
HH011712,0
HH011713,0
HH011714,2
HH011715,2
HH011716,1
HH011717,1
HH011718,0
HH011719,1
HH011720,0
HH011721,0
HH011722,1
HH011723,2
HH011724,0
HH011725,0
HH011726,2
HH011727,0
HH011728,0
HH011729,1
HH011730,0
HH011731,0
HH011732,1
HH011733,0
HH011734,0
HH011735,1
HH011736,0
HH011737,1
HH011738,1
HH011739,0
HH011740,0
HH011741,0
HH011742,2
HH011743,1
HH011744,0
HH011745,1
HH011746,0
HH011747,0
HH011748,0
HH011749,1
HH011750,2
HH011751,0
HH011752,0
HH011753,2
HH011754,0
HH011755,0
HH011756,2
HH011757,2
HH011758,0
HH011759,0
HH011760,1
HH011761,0
HH011762,1
HH011763,1
HH011764,2
HH011765,2
HH011766,1
HH011767,0
HH011768,2
HH011769,2
HH011770,1
HH011771,1
HH011772,0
HH011773,0
HH011774,0
HH011775,0
HH011776,1
HH011777,0
HH011778,2
HH011779,1
HH011780,0
HH011781,0
HH011782,0
HH011783,0
HH011784,0
HH011785,2
HH011786,0
HH011787,2
HH011788,1
HH011789,0
HH011790,0
HH011791,0
HH011792,1
HH011793,0
HH011794,1
HH011795,1
HH011796,0
HH011797,0
HH011798,0
HH011799,0
HH011800,0
HH011801,2
HH011802,1
HH011803,0
HH011804,2
HH011805,0
HH011806,0
HH011807,1
HH011808,0
HH011809,0
HH011810,1
HH011811,0
HH011812,0
HH011813,1
HH011814,0
HH011815,1
HH011816,0
HH011817,0
HH011818,1
HH011819,0
HH011820,0
HH011821,1
HH011822,0
HH011823,1
HH011824,1
HH011825,0
HH011826,0
HH011827,1
HH011828,1
HH011829,1
HH011830,2
HH011831,2
HH011832,0
HH011833,0
HH011834,0
HH011835,1
HH011836,0
HH011837,0
HH011838,0
HH011839,0
HH011840,1
HH011841,0
HH011842,1
HH011843,0
HH011844,0
HH011845,0
HH011846,1
HH011847,0
HH011848,1
HH011849,1
HH011850,1
HH011851,0
HH011852,1
HH011853,0
HH011854,2
HH011855,0
HH011856,1
HH011857,0
HH011858,1
HH011859,0
HH011860,0
HH011861,0
HH011862,1
HH011863,0
HH011864,1
HH011865,0
HH011866,1
HH011867,2
HH011868,0
HH011869,0
HH011870,0
HH011871,2
HH011872,1
HH011873,2
HH011874,1
HH011875,0
HH011876,1
HH011877,0
HH011878,0
HH011879,0
HH011880,0
HH011881,0
HH011882,2
HH011883,0
HH011884,1
HH011885,1
HH011886,1
HH011887,0
HH011888,2
HH011889,0
HH011890,0
HH011891,0
HH011892,1
HH011893,1
HH011894,1
HH011895,2
HH011896,1
HH011897,0
HH011898,2
HH011899,0
HH011900,1
HH011901,0
HH011902,0
HH011903,0
HH011904,1
HH011905,1
HH011906,0
HH011907,0
HH011908,0
HH011909,1
HH011910,1
HH011911,0
HH011912,1
HH011913,0
HH011914,2
HH011915,1
HH011916,1
HH011917,0
HH011918,0
HH011919,2
HH011920,2
HH011921,0
HH011922,0
HH011923,0
HH011924,1
HH011925,1
HH011926,1
HH011927,0
HH011928,0
HH011929,0
HH011930,0
HH011931,0
HH011932,0
HH011933,0
HH011934,2
HH011935,0
HH011936,0
HH011937,0
HH011938,1
HH011939,0
HH011940,1
HH011941,0
HH011942,2
HH011943,0
HH011944,0
HH011945,1
HH011946,1
HH011947,0
HH011948,0
HH011949,1
HH011950,0
HH011951,0
HH011952,0
HH011953,1
HH011954,1
HH011955,0
HH011956,0
HH011957,0
HH011958,0
HH011959,0
HH011960,0
HH011961,1
HH011962,0
HH011963,0
HH011964,0
HH011965,1
HH011966,0
HH011967,0
HH011968,0
HH011969,0
HH011970,0
HH011971,0
HH011972,1
HH011973,1
HH011974,2
HH011975,2
HH011976,0
HH011977,1
HH011978,2
HH011979,0
HH011980,0
HH011981,2
HH011982,1
HH011983,1
HH011984,1
HH011985,0
HH011986,0
HH011987,0
HH011988,0
HH011989,1
HH011990,2
HH011991,1
HH011992,2
HH011993,0
HH011994,1
HH011995,1
HH011996,0
HH011997,0
HH011998,1
HH011999,0
HH012000,2
HH012001,1
HH012002,2
HH012003,1
HH012004,2
HH012005,1
HH012006,1
HH012007,0
HH012008,0
HH012009,0
HH012010,0
HH012011,0
HH012012,0
HH012013,0
HH012014,2
HH012015,0
HH012016,2
HH012017,1
HH012018,1
HH012019,2
HH012020,1
HH012021,0
HH012022,0
HH012023,2
HH012024,1
HH012025,1
HH012026,0
HH012027,1
HH012028,2
HH012029,2
HH012030,0
HH012031,0
HH012032,0
HH012033,1
HH012034,1
HH012035,1
HH012036,0
HH012037,1
HH012038,1
HH012039,2
HH012040,0
HH012041,0
HH012042,1
HH012043,1
HH012044,0
HH012045,0
HH012046,1
HH012047,0
HH012048,2
HH012049,0
HH012050,0
HH012051,0
HH012052,0
HH012053,1
HH012054,0
HH012055,2
HH012056,0
HH012057,0
HH012058,0
HH012059,1
HH012060,1
HH012061,1
HH012062,2
HH012063,0
HH012064,1
HH012065,0
HH012066,1
HH012067,1
HH012068,1
HH012069,1
HH012070,1
HH012071,0
HH012072,1
HH012073,0
HH012074,0
HH012075,0
HH012076,1
HH012077,0
HH012078,1
HH012079,1
HH012080,1
HH012081,0
HH012082,1
HH012083,0
HH012084,0
HH012085,0
HH012086,0
HH012087,1
HH012088,1
HH012089,1
HH012090,1
HH012091,1
HH012092,0
HH012093,0
HH012094,1
HH012095,0
HH012096,0
HH012097,1
HH012098,0
HH012099,0
HH012100,1
HH012101,1
HH012102,0
HH012103,0
HH012104,1
HH012105,1
HH012106,0
HH012107,2
HH012108,0
HH012109,1
HH012110,1
HH012111,0
HH012112,1
HH012113,0
HH012114,1
HH012115,0
HH012116,0
HH012117,2
HH012118,2
HH012119,0
HH012120,0
HH012121,0
HH012122,0
HH012123,2
HH012124,2
HH012125,0
HH012126,0
HH012127,0
HH012128,0
HH012129,2
HH012130,0
HH012131,0
HH012132,0
HH012133,1
HH012134,2
HH012135,0
HH012136,0
HH012137,0
HH012138,1
HH012139,1
HH012140,0
HH012141,1
HH012142,1
HH012143,0
HH012144,0
HH012145,0
HH012146,1
HH012147,0
HH012148,1
HH012149,1
HH012150,0
HH012151,1
HH012152,0
HH012153,1
HH012154,0
HH012155,0
HH012156,1
HH012157,0
HH012158,1
HH012159,0
HH012160,1
HH012161,1
HH012162,0
HH012163,2
HH012164,1
HH012165,1
HH012166,1
HH012167,2
HH012168,0
HH012169,0
HH012170,0
HH012171,0
HH012172,0
HH012173,2
HH012174,0
HH012175,1
HH012176,0
HH012177,0
HH012178,0
HH012179,0
HH012180,1
HH012181,2
HH012182,2
HH012183,0
HH012184,0
HH012185,0
HH012186,0
HH012187,1
HH012188,0
HH012189,1
HH012190,0
HH012191,0
HH012192,2
HH012193,0
HH012194,1
HH012195,0
HH012196,1
HH012197,0
HH012198,0
HH012199,0
HH012200,2
HH012201,0
HH012202,0
HH012203,0
HH012204,0
HH012205,0
HH012206,1
HH012207,0
HH012208,1
HH012209,1
HH012210,2
HH012211,1
HH012212,0
HH012213,2
HH012214,0
HH012215,0
HH012216,2
HH012217,1
HH012218,0
HH012219,0
HH012220,0
HH012221,1
HH012222,0
HH012223,1
HH012224,0
HH012225,0
HH012226,0
HH012227,1
HH012228,0
HH012229,0
HH012230,0
HH012231,0
HH012232,1
HH012233,0
HH012234,2
HH012235,1
HH012236,0
HH012237,1
HH012238,0
HH012239,0
HH012240,1
HH012241,2
HH012242,0
HH012243,0
HH012244,0
HH012245,2
HH012246,1
HH012247,1
HH012248,0
HH012249,1
HH012250,0
HH012251,0
HH012252,0
HH012253,0
HH012254,0
HH012255,1
HH012256,0
HH012257,1
HH012258,0
HH012259,1
HH012260,0
HH012261,0
HH012262,1
HH012263,0
HH012264,0
HH012265,0
HH012266,0
HH012267,1
HH012268,1
HH012269,0
HH012270,2
HH012271,2
HH012272,0
HH012273,1
HH012274,0
HH012275,0
HH012276,0
HH012277,0
HH012278,0
HH012279,0
HH012280,0
HH012281,1
HH012282,2
HH012283,0
HH012284,1
HH012285,0
HH012286,1
HH012287,1
HH012288,0
HH012289,0
HH012290,2
HH012291,1
HH012292,1
HH012293,0
HH012294,1
HH012295,1
HH012296,0
HH012297,1
HH012298,0
HH012299,1
HH012300,0
HH012301,0
HH012302,1
HH012303,0
HH012304,0
HH012305,1
HH012306,0
HH012307,0
HH012308,1
HH012309,0
HH012310,0
HH012311,2
HH012312,2
HH012313,2
HH012314,1
HH012315,0
HH012316,1
HH012317,0
HH012318,0
HH012319,1
HH012320,1
HH012321,1
HH012322,0
HH012323,1
HH012324,1
HH012325,1
HH012326,0
HH012327,0
HH012328,0
HH012329,1
HH012330,1
HH012331,0
HH012332,1
HH012333,0
HH012334,0
HH012335,1
HH012336,2
HH012337,1
HH012338,0
HH012339,1
HH012340,1
HH012341,0
HH012342,0
HH012343,0
HH012344,0
HH012345,0
HH012346,1
HH012347,0
HH012348,1
HH012349,1
HH012350,0
HH012351,0
HH012352,1
HH012353,1
HH012354,0
HH012355,2
HH012356,0
HH012357,0
HH012358,0
HH012359,0
HH012360,1
HH012361,0
HH012362,0
HH012363,1
HH012364,0
HH012365,0
HH012366,1
HH012367,0
HH012368,0
HH012369,0
HH012370,0
HH012371,0
HH012372,0
HH012373,1
HH012374,1
HH012375,1
HH012376,0
HH012377,0
HH012378,1
HH012379,1
HH012380,1
HH012381,1
HH012382,0
HH012383,1
HH012384,1
HH012385,0
HH012386,1
HH012387,1
HH012388,0
HH012389,1
HH012390,0
HH012391,0
HH012392,2
HH012393,0
HH012394,2
HH012395,1
HH012396,2
HH012397,0
HH012398,0
HH012399,0
HH012400,0
HH012401,2
HH012402,2
HH012403,1
HH012404,0
HH012405,0
HH012406,0
HH012407,1
HH012408,2
HH012409,0
HH012410,0
HH012411,0
HH012412,0
HH012413,0
HH012414,1
HH012415,1
HH012416,2
HH012417,0
HH012418,1
HH012419,0
HH012420,2
HH012421,0
HH012422,0
HH012423,0
HH012424,0
HH012425,0
HH012426,2
HH012427,2
HH012428,2
HH012429,0
HH012430,1
HH012431,0
HH012432,1
HH012433,1
HH012434,2
HH012435,2
HH012436,0
HH012437,2
HH012438,0
HH012439,1
HH012440,1
HH012441,2
HH012442,0
HH012443,0
HH012444,0
HH012445,1
HH012446,1
HH012447,0
HH012448,1
HH012449,1
HH012450,2
HH012451,0
HH012452,1
HH012453,0
HH012454,0
HH012455,0
HH012456,1
HH012457,1
HH012458,0
HH012459,1
HH012460,0
HH012461,0
HH012462,0
HH012463,0
HH012464,0
HH012465,0
HH012466,0
HH012467,0
HH012468,0
HH012469,2
HH012470,1
HH012471,0
HH012472,0
HH012473,0
HH012474,1
HH012475,0
HH012476,0
HH012477,0
HH012478,1
HH012479,1
HH012480,0
HH012481,0
HH012482,0
HH012483,2
HH012484,1
HH012485,0
HH012486,0
HH012487,2
HH012488,0
HH012489,1
HH012490,0
HH012491,1
HH012492,0
HH012493,1
HH012494,1
HH012495,0
HH012496,0
HH012497,0
HH012498,1
HH012499,0
HH012500,1
HH012501,0
HH012502,0
HH012503,0
HH012504,0
HH012505,0
HH012506,0
HH012507,1
HH012508,0
HH012509,0
HH012510,0
HH012511,0
HH012512,0
HH012513,2
HH012514,1
HH012515,1
HH012516,0
HH012517,1
HH012518,0
HH012519,1
HH012520,1
HH012521,0
HH012522,0
HH012523,1
HH012524,0
HH012525,0
HH012526,1
HH012527,1
HH012528,1
HH012529,0
HH012530,0
HH012531,1
HH012532,0
HH012533,0
HH012534,0
HH012535,0
HH012536,0
HH012537,1
HH012538,1
HH012539,2
HH012540,2
HH012541,1
HH012542,0
HH012543,0
HH012544,1
HH012545,0
HH012546,0
HH012547,1
HH012548,1
HH012549,1
HH012550,0
HH012551,0
HH012552,0
HH012553,0
HH012554,0
HH012555,1
HH012556,0
HH012557,0
HH012558,0
HH012559,0
HH012560,1
HH012561,2
HH012562,1
HH012563,2
HH012564,0
HH012565,0
HH012566,0
HH012567,0
HH012568,1
HH012569,0
HH012570,0
HH012571,1
HH012572,0
HH012573,0
HH012574,1
HH012575,0
HH012576,1
HH012577,2
HH012578,1
HH012579,1
HH012580,2
HH012581,0
HH012582,0
HH012583,0
HH012584,0
HH012585,0
HH012586,1
HH012587,0
HH012588,2
HH012589,0
HH012590,0
HH012591,1
HH012592,0
HH012593,1
HH012594,0
HH012595,1
HH012596,2
HH012597,0
HH012598,0
HH012599,2
HH012600,0
HH012601,0
HH012602,2
HH012603,0
HH012604,0
HH012605,2
HH012606,0
HH012607,0
HH012608,0
HH012609,1
HH012610,1
HH012611,2
HH012612,1
HH012613,1
HH012614,1
HH012615,0
HH012616,0
HH012617,0
HH012618,1
HH012619,0
HH012620,1
HH012621,0
HH012622,1
HH012623,0
HH012624,0
HH012625,1
HH012626,1
HH012627,0
HH012628,0
HH012629,1
HH012630,0
HH012631,0
HH012632,1
HH012633,0
HH012634,0
HH012635,0
HH012636,0
HH012637,1
HH012638,1
HH012639,1
HH012640,0
HH012641,0
HH012642,1
HH012643,2
HH012644,0
HH012645,0
HH012646,1
HH012647,0
HH012648,1
HH012649,2
HH012650,0
HH012651,0
HH012652,2
HH012653,2
HH012654,0
HH012655,0
HH012656,1
HH012657,2
HH012658,1
HH012659,0
HH012660,0
HH012661,0
HH012662,0
HH012663,2
HH012664,0
HH012665,1
HH012666,0
HH012667,0
HH012668,0
HH012669,0
HH012670,0
HH012671,1
HH012672,1
HH012673,0
HH012674,0
HH012675,2
HH012676,0
HH012677,0
HH012678,0
HH012679,1
HH012680,0
HH012681,0
HH012682,2
HH012683,0
HH012684,0
HH012685,0
HH012686,2
HH012687,0
HH012688,1
HH012689,0
HH012690,0
HH012691,1
HH012692,1
HH012693,2
HH012694,0
HH012695,0
HH012696,1
HH012697,0
HH012698,0
HH012699,0
HH012700,0
HH012701,0
HH012702,0
HH012703,0
HH012704,0
HH012705,0
HH012706,1
HH012707,0
HH012708,1
HH012709,0
HH012710,1
HH012711,1
HH012712,0
HH012713,0
HH012714,0
HH012715,0
HH012716,0
HH012717,0
HH012718,0
HH012719,1
HH012720,0
HH012721,1
HH012722,1
HH012723,0
HH012724,0
HH012725,0
HH012726,0
HH012727,0
HH012728,0
HH012729,0
HH012730,0
HH012731,0
HH012732,0
HH012733,1
HH012734,1
HH012735,0
HH012736,0
HH012737,1
HH012738,1
HH012739,0
HH012740,2
HH012741,0
HH012742,0
HH012743,2
HH012744,0
HH012745,0
HH012746,2
HH012747,2
HH012748,0
HH012749,0
HH012750,0
HH012751,0
HH012752,0
HH012753,0
HH012754,0
HH012755,0
HH012756,1
HH012757,1
HH012758,1
HH012759,0
HH012760,1
HH012761,0
HH012762,2
HH012763,0
HH012764,0
HH012765,0
HH012766,0
HH012767,0
HH012768,1
HH012769,1
HH012770,1
HH012771,1
HH012772,0
HH012773,1
HH012774,1
HH012775,0
HH012776,1
HH012777,0
HH012778,1
HH012779,0
HH012780,0
HH012781,0
HH012782,1
HH012783,0
HH012784,2
HH012785,0
HH012786,1
HH012787,1
HH012788,2
HH012789,1
HH012790,0
HH012791,0
HH012792,0
HH012793,0
HH012794,1
HH012795,1
HH012796,1
HH012797,1
HH012798,1
HH012799,2
HH012800,0
HH012801,0
HH012802,1
HH012803,2
HH012804,0
HH012805,0
HH012806,0
HH012807,0
HH012808,2
HH012809,0
HH012810,0
HH012811,0
HH012812,2
HH012813,1
HH012814,0
HH012815,0
HH012816,1
HH012817,2
HH012818,1
HH012819,0
HH012820,0
HH012821,0
HH012822,1
HH012823,0
HH012824,1
HH012825,1
HH012826,0
HH012827,2
HH012828,1
HH012829,1
HH012830,0
HH012831,1
HH012832,1
HH012833,1
HH012834,0
HH012835,1
HH012836,0
HH012837,0
HH012838,0
HH012839,1
HH012840,0
HH012841,1
HH012842,1
HH012843,0
HH012844,1
HH012845,0
HH012846,1
HH012847,2
HH012848,1
HH012849,1
HH012850,0
HH012851,1
HH012852,0
HH012853,1
HH012854,1
HH012855,1
HH012856,0
HH012857,0
HH012858,2
HH012859,1
HH012860,1
HH012861,0
HH012862,0
HH012863,0
HH012864,0
HH012865,1
HH012866,0
HH012867,2
HH012868,0
HH012869,0
HH012870,0
HH012871,0
HH012872,1
HH012873,0
HH012874,0
HH012875,0
HH012876,0
HH012877,2
HH012878,0
HH012879,2
HH012880,2
HH012881,1
HH012882,1
HH012883,0
HH012884,0
HH012885,1
HH012886,0
HH012887,1
HH012888,2
HH012889,0
HH012890,0
HH012891,1
HH012892,0
HH012893,2
HH012894,0
HH012895,1
HH012896,2
HH012897,1
HH012898,1
HH012899,0
HH012900,0
HH012901,0
HH012902,0
HH012903,0
HH012904,0
HH012905,1
HH012906,2
HH012907,2
HH012908,1
HH012909,0
HH012910,0
HH012911,0
HH012912,1
HH012913,2
HH012914,0
HH012915,1
HH012916,0
HH012917,0
HH012918,0
HH012919,1
HH012920,0
HH012921,0
HH012922,2
HH012923,0
HH012924,1
HH012925,0
HH012926,0
HH012927,0
HH012928,1
HH012929,0
HH012930,0
HH012931,2
HH012932,0
HH012933,0
HH012934,0
HH012935,0
HH012936,1
HH012937,1
HH012938,2
HH012939,0
HH012940,0
HH012941,1
HH012942,0
HH012943,1
HH012944,0
HH012945,1
HH012946,0
HH012947,0
HH012948,2
HH012949,0
HH012950,2
HH012951,0
HH012952,1
HH012953,2
HH012954,1
HH012955,1
HH012956,0
HH012957,0
HH012958,1
HH012959,1
HH012960,0
HH012961,2
HH012962,0
HH012963,0
HH012964,0
HH012965,1
HH012966,1
HH012967,1
HH012968,0
HH012969,0
HH012970,1
HH012971,0
HH012972,0
HH012973,0
HH012974,0
HH012975,0
HH012976,0
HH012977,2
HH012978,1
HH012979,0
HH012980,1
HH012981,2
HH012982,1
HH012983,0
HH012984,0
HH012985,2
HH012986,0
HH012987,0
HH012988,1
HH012989,0
HH012990,1
HH012991,1
HH012992,1
HH012993,2
HH012994,2
HH012995,2
HH012996,0
HH012997,1
HH012998,0
HH012999,0
HH013000,0
HH013001,0
HH013002,1
HH013003,2
HH013004,0
HH013005,2
HH013006,0
HH013007,2
HH013008,0
HH013009,1
HH013010,2
HH013011,0
HH013012,1
HH013013,1
HH013014,1
HH013015,1
HH013016,0
HH013017,1
HH013018,0
HH013019,1
HH013020,1
HH013021,0
HH013022,0
HH013023,0
HH013024,0
HH013025,0
HH013026,1
HH013027,2
HH013028,0
HH013029,1
HH013030,0
HH013031,0
HH013032,0
HH013033,0
HH013034,0
HH013035,0
HH013036,0
HH013037,1
HH013038,1
HH013039,1
HH013040,1
HH013041,1
HH013042,1
HH013043,0
HH013044,1
HH013045,0
HH013046,2
HH013047,0
HH013048,2
HH013049,1
HH013050,0
HH013051,0
HH013052,2
HH013053,0
HH013054,2
HH013055,2
HH013056,0
HH013057,0
HH013058,0
HH013059,0
HH013060,0
HH013061,0
HH013062,2
HH013063,0
HH013064,2
HH013065,0
HH013066,2
HH013067,0
HH013068,1
HH013069,0
HH013070,1
HH013071,0
HH013072,0
HH013073,1
HH013074,1
HH013075,1
HH013076,0
HH013077,1
HH013078,0
HH013079,1
HH013080,2
HH013081,1
HH013082,0
HH013083,2
HH013084,0
HH013085,0
HH013086,2
HH013087,0
HH013088,1
HH013089,0
HH013090,0
HH013091,0
HH013092,1
HH013093,0
HH013094,1
HH013095,0
HH013096,2
HH013097,0
HH013098,0
HH013099,1
HH013100,0
HH013101,0
HH013102,2
HH013103,0
HH013104,1
HH013105,0
HH013106,1
HH013107,0
HH013108,0
HH013109,1
HH013110,0
HH013111,2
HH013112,0
HH013113,1
HH013114,2
HH013115,1
HH013116,2
HH013117,2
HH013118,2
HH013119,0
HH013120,1
HH013121,1
HH013122,0
HH013123,0
HH013124,1
HH013125,0
HH013126,0
HH013127,0
HH013128,0
HH013129,2
HH013130,0
HH013131,0
HH013132,0
HH013133,0
HH013134,1
HH013135,0
HH013136,0
HH013137,2
HH013138,2
HH013139,2
HH013140,0
HH013141,0
HH013142,1
HH013143,1
HH013144,1
HH013145,0
HH013146,1
HH013147,0
HH013148,0
HH013149,0
HH013150,0
HH013151,1
HH013152,0
HH013153,0
HH013154,1
HH013155,0
HH013156,0
HH013157,1
HH013158,1
HH013159,0
HH013160,0
HH013161,0
HH013162,0
HH013163,0
HH013164,0
HH013165,0
HH013166,0
HH013167,1
HH013168,1
HH013169,1
HH013170,0
HH013171,2
HH013172,0
HH013173,0
HH013174,1
HH013175,1
HH013176,0
HH013177,0
HH013178,1
HH013179,2
HH013180,2
HH013181,0
HH013182,0
HH013183,0
HH013184,0
HH013185,1
HH013186,0
HH013187,2
HH013188,0
HH013189,0
HH013190,1
HH013191,2
HH013192,1
HH013193,0
HH013194,1
HH013195,0
HH013196,1
HH013197,0
HH013198,1
HH013199,0
HH013200,0
HH013201,0
HH013202,1
HH013203,1
HH013204,1
HH013205,0
HH013206,0
HH013207,0
HH013208,0
HH013209,0
HH013210,0
HH013211,0
HH013212,1
HH013213,2
HH013214,0
HH013215,0
HH013216,1
HH013217,2
HH013218,1
HH013219,1
HH013220,1
HH013221,0
HH013222,0
HH013223,0
HH013224,2
HH013225,0
HH013226,2
HH013227,1
HH013228,1
HH013229,0
HH013230,0
HH013231,0
HH013232,0
HH013233,2
HH013234,2
HH013235,0
HH013236,1
HH013237,0
HH013238,1
HH013239,0
HH013240,0
HH013241,0
HH013242,1
HH013243,0
HH013244,0
HH013245,2
HH013246,1
HH013247,0
HH013248,1
HH013249,2
HH013250,2
HH013251,1
HH013252,0
HH013253,0
HH013254,0
HH013255,1
HH013256,0
HH013257,2
HH013258,2
HH013259,0
HH013260,1
HH013261,0
HH013262,1
HH013263,1
HH013264,2
HH013265,0
HH013266,0
HH013267,1
HH013268,1
HH013269,2
HH013270,0
HH013271,0
HH013272,0
HH013273,0
HH013274,0
HH013275,1
HH013276,0
HH013277,0
HH013278,0
HH013279,2
HH013280,0
HH013281,0
HH013282,0
HH013283,2
HH013284,0
HH013285,2
HH013286,0
HH013287,0
HH013288,1
HH013289,1
HH013290,0
HH013291,2
HH013292,0
HH013293,1
HH013294,2
HH013295,0
HH013296,1
HH013297,1
HH013298,0
HH013299,1
HH013300,1
HH013301,0
HH013302,0
HH013303,1
HH013304,0
HH013305,0
HH013306,1
HH013307,0
HH013308,0
HH013309,0
HH013310,0
HH013311,0
HH013312,2
HH013313,1
HH013314,0
HH013315,0
HH013316,0
HH013317,0
HH013318,0
HH013319,0
HH013320,0
HH013321,2
HH013322,1
HH013323,0
HH013324,0
HH013325,1
HH013326,0
HH013327,0
HH013328,0
HH013329,0
HH013330,0
HH013331,1
HH013332,0
HH013333,1
HH013334,2
HH013335,0
HH013336,2
HH013337,2
HH013338,1
HH013339,1
HH013340,0
HH013341,0
HH013342,0
HH013343,1
HH013344,2
HH013345,0
HH013346,2
HH013347,1
HH013348,0
HH013349,0
HH013350,0
HH013351,1
HH013352,0
HH013353,0
HH013354,0
HH013355,2
HH013356,1
HH013357,2
HH013358,0
HH013359,0
HH013360,0
HH013361,1
HH013362,0
HH013363,0
HH013364,0
HH013365,0
HH013366,0
HH013367,0
HH013368,0
HH013369,0
HH013370,2
HH013371,2
HH013372,1
HH013373,0
HH013374,1
HH013375,0
HH013376,0
HH013377,2
HH013378,1
HH013379,0
HH013380,1
HH013381,1
HH013382,0
HH013383,1
HH013384,0
HH013385,1
HH013386,0
HH013387,0
HH013388,2
HH013389,1
HH013390,0
HH013391,0
HH013392,2
HH013393,1
HH013394,0
HH013395,2
HH013396,0
HH013397,1
HH013398,1
HH013399,1
HH013400,0
HH013401,1
HH013402,1
HH013403,0
HH013404,0
HH013405,0
HH013406,0
HH013407,0
HH013408,0
HH013409,0
HH013410,0
HH013411,2
HH013412,2
HH013413,0
HH013414,0
HH013415,0
HH013416,0
HH013417,0
HH013418,0
HH013419,0
HH013420,1
HH013421,2
HH013422,1
HH013423,1
HH013424,2
HH013425,1
HH013426,1
HH013427,0
HH013428,2
HH013429,0
HH013430,0
HH013431,1
HH013432,0
HH013433,0
HH013434,0
HH013435,1
HH013436,1
HH013437,0
HH013438,0
HH013439,1
HH013440,1
HH013441,1
HH013442,0
HH013443,0
HH013444,0
HH013445,0
HH013446,1
HH013447,0
HH013448,1
HH013449,0
HH013450,0
HH013451,1
HH013452,0
HH013453,0
HH013454,0
HH013455,0
HH013456,2
HH013457,2
HH013458,1
HH013459,2
HH013460,2
HH013461,2
HH013462,1
HH013463,0
HH013464,1
HH013465,0
HH013466,2
HH013467,0
HH013468,0
HH013469,0
HH013470,1
HH013471,0
HH013472,1
HH013473,0
HH013474,1
HH013475,0
HH013476,0
HH013477,0
HH013478,2
HH013479,0
HH013480,0
HH013481,0
HH013482,0
HH013483,0
HH013484,0
HH013485,2
HH013486,0
HH013487,1
HH013488,1
HH013489,2
HH013490,0
HH013491,0
HH013492,0
HH013493,1
HH013494,0
HH013495,0
HH013496,1
HH013497,1
HH013498,1
HH013499,2
HH013500,1
HH013501,0
HH013502,1
HH013503,0
HH013504,1
HH013505,2
HH013506,0
HH013507,2
HH013508,0
HH013509,0
HH013510,0
HH013511,1
HH013512,1
HH013513,0
HH013514,0
HH013515,0
HH013516,2
HH013517,1
HH013518,2
HH013519,1
HH013520,1
HH013521,0
HH013522,1
HH013523,0
HH013524,2
HH013525,0
HH013526,0
HH013527,1
HH013528,0
HH013529,1
HH013530,2
HH013531,0
HH013532,1
HH013533,0
HH013534,0
HH013535,0
HH013536,2
HH013537,0
HH013538,1
HH013539,0
HH013540,1
HH013541,1
HH013542,0
HH013543,1
HH013544,1
HH013545,2
HH013546,2
HH013547,1
HH013548,1
HH013549,0
HH013550,1
HH013551,1
HH013552,2
HH013553,1
HH013554,1
HH013555,2
HH013556,2
HH013557,2
HH013558,0
HH013559,0
HH013560,0
HH013561,0
HH013562,0
HH013563,2
HH013564,1
HH013565,2
HH013566,0
HH013567,1
HH013568,1
HH013569,1
HH013570,2
HH013571,0
HH013572,0
HH013573,1
HH013574,0
HH013575,0
HH013576,0
HH013577,2
HH013578,0
HH013579,0
HH013580,0
HH013581,0
HH013582,0
HH013583,0
HH013584,0
HH013585,0
HH013586,0
HH013587,1
HH013588,0
HH013589,1
HH013590,1
HH013591,1
HH013592,0
HH013593,1
HH013594,0
HH013595,0
HH013596,0
HH013597,0
HH013598,0
HH013599,2
HH013600,0
HH013601,1
HH013602,0
HH013603,2
HH013604,0
HH013605,0
HH013606,2
HH013607,0
HH013608,2
HH013609,1
HH013610,0
HH013611,1
HH013612,0
HH013613,0
HH013614,1
HH013615,0
HH013616,2
HH013617,1
HH013618,1
HH013619,2
HH013620,1
HH013621,0
HH013622,0
HH013623,0
HH013624,0
HH013625,0
HH013626,1
HH013627,0
HH013628,0
HH013629,2
HH013630,1
HH013631,0
HH013632,1
HH013633,0
HH013634,0
HH013635,1
HH013636,0
HH013637,0
HH013638,1
HH013639,0
HH013640,2
HH013641,0
HH013642,2
HH013643,2
HH013644,0
HH013645,1
HH013646,0
HH013647,0
HH013648,2
HH013649,2
HH013650,0
HH013651,0
HH013652,0
HH013653,1
HH013654,0
HH013655,0
HH013656,0
HH013657,2
HH013658,2
HH013659,0
HH013660,1
HH013661,1
HH013662,1
HH013663,0
HH013664,0
HH013665,0
HH013666,1
HH013667,1
HH013668,0
HH013669,0
HH013670,0
HH013671,0
HH013672,0
HH013673,1
HH013674,1
HH013675,1
HH013676,1
HH013677,1
HH013678,1
HH013679,1
HH013680,0
HH013681,2
HH013682,0
HH013683,0
HH013684,2
HH013685,1
HH013686,1
HH013687,1
HH013688,1
HH013689,0
HH013690,0
HH013691,0
HH013692,2
HH013693,0
HH013694,0
HH013695,1
HH013696,0
HH013697,1
HH013698,0
HH013699,1
HH013700,0
HH013701,2
HH013702,2
HH013703,0
HH013704,1
HH013705,2
HH013706,0
HH013707,0
HH013708,1
HH013709,0
HH013710,1
HH013711,1
HH013712,1
HH013713,0
HH013714,1
HH013715,1
HH013716,1
HH013717,1
HH013718,0
HH013719,0
HH013720,1
HH013721,1
HH013722,2
HH013723,0
HH013724,1
HH013725,0
HH013726,1
HH013727,0
HH013728,0
HH013729,2
HH013730,1
HH013731,1
HH013732,1
HH013733,1
HH013734,0
HH013735,1
HH013736,1
HH013737,0
HH013738,0
HH013739,2
HH013740,0
HH013741,2
HH013742,0
HH013743,0
HH013744,1
HH013745,0
HH013746,1
HH013747,0
HH013748,2
HH013749,1
HH013750,0
HH013751,2
HH013752,1
HH013753,1
HH013754,0
HH013755,0
HH013756,1
HH013757,0
HH013758,0
HH013759,2
HH013760,1
HH013761,0
HH013762,0
HH013763,0
HH013764,0
HH013765,0
HH013766,0
HH013767,1
HH013768,1
HH013769,2
HH013770,0
HH013771,0
HH013772,2
HH013773,1
HH013774,0
HH013775,1
HH013776,0
HH013777,1
HH013778,0
HH013779,0
HH013780,1
HH013781,1
HH013782,1
HH013783,0
HH013784,0
HH013785,2
HH013786,0
HH013787,0
HH013788,2
HH013789,0
HH013790,0
HH013791,1
HH013792,0
HH013793,0
HH013794,0
HH013795,1
HH013796,0
HH013797,0
HH013798,0
HH013799,0
HH013800,1
HH013801,0
HH013802,0
HH013803,0
HH013804,0
HH013805,0
HH013806,1
HH013807,2
HH013808,0
HH013809,2
HH013810,0
HH013811,0
HH013812,0
HH013813,1
HH013814,2
HH013815,1
HH013816,1
HH013817,1
HH013818,2
HH013819,2
HH013820,2
HH013821,0
HH013822,0
HH013823,0
HH013824,0
HH013825,2
HH013826,2
HH013827,2
HH013828,0
HH013829,1
HH013830,2
HH013831,0
HH013832,0
HH013833,2
HH013834,1
HH013835,0
HH013836,1
HH013837,0
HH013838,1
HH013839,2
HH013840,1
HH013841,0
HH013842,0
HH013843,0
HH013844,0
HH013845,0
HH013846,1
HH013847,0
HH013848,0
HH013849,1
HH013850,1
HH013851,1
HH013852,0
HH013853,0
HH013854,0
HH013855,1
HH013856,0
HH013857,0
HH013858,0
HH013859,1
HH013860,1
HH013861,1
HH013862,0
HH013863,0
HH013864,1
HH013865,2
HH013866,0
HH013867,1
HH013868,1
HH013869,1
HH013870,1
HH013871,0
HH013872,2
HH013873,0
HH013874,0
HH013875,0
HH013876,2
HH013877,2
HH013878,0
HH013879,1
HH013880,0
HH013881,0
HH013882,0
HH013883,2
HH013884,0
HH013885,0
HH013886,0
HH013887,0
HH013888,0
HH013889,0
HH013890,0
HH013891,1
HH013892,0
HH013893,2
HH013894,2
HH013895,0
HH013896,1
HH013897,0
HH013898,0
HH013899,2
HH013900,1
HH013901,0
HH013902,0
HH013903,0
HH013904,1
HH013905,2
HH013906,0
HH013907,2
HH013908,0
HH013909,2
HH013910,2
HH013911,1
HH013912,0
HH013913,1
HH013914,0
HH013915,0
HH013916,0
HH013917,1
HH013918,0
HH013919,2
HH013920,0
HH013921,1
HH013922,2
HH013923,1
HH013924,1
HH013925,1
HH013926,0
HH013927,0
HH013928,0
HH013929,1
HH013930,0
HH013931,0
HH013932,0
HH013933,2
HH013934,0
HH013935,0
HH013936,0
HH013937,0
HH013938,0
HH013939,0
HH013940,0
HH013941,0
HH013942,0
HH013943,1
HH013944,0
HH013945,1
HH013946,2
HH013947,1
HH013948,0
HH013949,1
HH013950,1
HH013951,1
HH013952,0
HH013953,1
HH013954,0
HH013955,0
HH013956,2
HH013957,0
HH013958,0
HH013959,0
HH013960,1
HH013961,1
HH013962,1
HH013963,1
HH013964,2
HH013965,2
HH013966,0
HH013967,1
HH013968,1
HH013969,0
HH013970,2
HH013971,0
HH013972,0
HH013973,0
HH013974,1
HH013975,0
HH013976,2
HH013977,2
HH013978,0
HH013979,0
HH013980,0
HH013981,1
HH013982,0
HH013983,0
HH013984,1
HH013985,0
HH013986,0
HH013987,1
HH013988,0
HH013989,0
HH013990,0
HH013991,2
HH013992,2
HH013993,0
HH013994,0
HH013995,1
HH013996,1
HH013997,0
HH013998,0
HH013999,0
HH014000,1
HH014001,2
HH014002,0
HH014003,0
HH014004,1
HH014005,1
HH014006,2
HH014007,2
HH014008,0
HH014009,0
HH014010,1
HH014011,0
HH014012,0
HH014013,0
HH014014,0
HH014015,0
HH014016,1
HH014017,0
HH014018,0
HH014019,1
HH014020,0
HH014021,1
HH014022,0
HH014023,0
HH014024,0
HH014025,0
HH014026,0
HH014027,0
HH014028,2
HH014029,0
HH014030,0
HH014031,0
HH014032,0
HH014033,0
HH014034,0
HH014035,0
HH014036,0
HH014037,0
HH014038,0
HH014039,0
HH014040,0
HH014041,0
HH014042,0
HH014043,0
HH014044,0
HH014045,0
HH014046,2
HH014047,0
HH014048,2
HH014049,0
HH014050,0
HH014051,0
HH014052,0
HH014053,0
HH014054,1
HH014055,0
HH014056,0
HH014057,1
HH014058,0
HH014059,0
HH014060,0
HH014061,1
HH014062,0
HH014063,0
HH014064,0
HH014065,0
HH014066,0
HH014067,2
HH014068,0
HH014069,1
HH014070,1
HH014071,2
HH014072,0
HH014073,1
HH014074,0
HH014075,1
HH014076,0
HH014077,0
HH014078,0
HH014079,0
HH014080,0
HH014081,0
HH014082,0
HH014083,0
HH014084,0
HH014085,0
HH014086,1
HH014087,0
HH014088,0
HH014089,0
HH014090,1
HH014091,0
HH014092,1
HH014093,1
HH014094,1
HH014095,0
HH014096,1
HH014097,1
HH014098,1
HH014099,0
HH014100,1
HH014101,0
HH014102,1
HH014103,2
HH014104,0
HH014105,1
HH014106,1
HH014107,1
HH014108,0
HH014109,0
HH014110,0
HH014111,1
HH014112,2
HH014113,0
HH014114,1
HH014115,0
HH014116,0
HH014117,0
HH014118,0
HH014119,1
HH014120,0
HH014121,0
HH014122,1
HH014123,0
HH014124,0
HH014125,0
HH014126,1
HH014127,0
HH014128,2
HH014129,0
HH014130,0
HH014131,2
HH014132,2
HH014133,0
HH014134,2
HH014135,1
HH014136,0
HH014137,1
HH014138,0
HH014139,1
HH014140,1
HH014141,1
HH014142,0
HH014143,1
HH014144,2
HH014145,1
HH014146,0
HH014147,0
HH014148,1
HH014149,2
HH014150,0
HH014151,2
HH014152,1
HH014153,1
HH014154,0
HH014155,0
HH014156,1
HH014157,0
HH014158,2
HH014159,2
HH014160,0
HH014161,1
HH014162,0
HH014163,2
HH014164,1
HH014165,2
HH014166,0
HH014167,0
HH014168,0
HH014169,0
HH014170,0
HH014171,1
HH014172,0
HH014173,1
HH014174,0
HH014175,2
HH014176,2
HH014177,0
HH014178,1
HH014179,0
HH014180,0
HH014181,1
HH014182,0
HH014183,1
HH014184,0
HH014185,0
HH014186,1
HH014187,0
HH014188,1
HH014189,0
HH014190,0
HH014191,0
HH014192,1
HH014193,0
HH014194,0
HH014195,1
HH014196,2
HH014197,0
HH014198,1
HH014199,1
HH014200,2
HH014201,0
HH014202,0
HH014203,0
HH014204,0
HH014205,1
HH014206,0
HH014207,1
HH014208,0
HH014209,1
HH014210,0
HH014211,2
HH014212,0
HH014213,0
HH014214,1
HH014215,2
HH014216,0
HH014217,0
HH014218,0
HH014219,0
HH014220,0
HH014221,1
HH014222,0
HH014223,0
HH014224,1
HH014225,1
HH014226,1
HH014227,1
HH014228,1
HH014229,0
HH014230,2
HH014231,0
HH014232,1
HH014233,1
HH014234,0
HH014235,2
HH014236,0
HH014237,0
HH014238,1
HH014239,0
HH014240,0
HH014241,1
HH014242,0
HH014243,0
HH014244,2
HH014245,0
HH014246,0
HH014247,0
HH014248,1
HH014249,0
HH014250,1
HH014251,1
HH014252,0
HH014253,2
HH014254,0
HH014255,1
HH014256,0
HH014257,2
HH014258,1
HH014259,2
HH014260,0
HH014261,0
HH014262,0
HH014263,1
HH014264,1
HH014265,0
HH014266,0
HH014267,0
HH014268,0
HH014269,1
HH014270,2
HH014271,2
HH014272,0
HH014273,2
HH014274,0
HH014275,0
HH014276,0
HH014277,0
HH014278,0
HH014279,1
HH014280,1
HH014281,1
HH014282,1
HH014283,2
HH014284,1
HH014285,0
HH014286,2
HH014287,2
HH014288,0
HH014289,1
HH014290,1
HH014291,0
HH014292,0
HH014293,0
HH014294,1
HH014295,1
HH014296,0
HH014297,0
HH014298,0
HH014299,2
HH014300,0
HH014301,0
HH014302,0
HH014303,1
HH014304,0
HH014305,0
HH014306,0
HH014307,2
HH014308,2
HH014309,2
HH014310,0
HH014311,0
HH014312,0
HH014313,0
HH014314,1
HH014315,0
HH014316,0
HH014317,1
HH014318,1
HH014319,1
HH014320,0
HH014321,1
HH014322,1
HH014323,2
HH014324,0
HH014325,1
HH014326,1
HH014327,1
HH014328,1
HH014329,1
HH014330,1
HH014331,1
HH014332,1
HH014333,2
HH014334,0
HH014335,0
HH014336,2
HH014337,1
HH014338,0
HH014339,2
HH014340,0
HH014341,0
HH014342,0
HH014343,0
HH014344,0
HH014345,2
HH014346,0
HH014347,0
HH014348,2
HH014349,2
HH014350,0
HH014351,1
HH014352,0
HH014353,0
HH014354,0
HH014355,1
HH014356,0
HH014357,0
HH014358,0
HH014359,2
HH014360,0
HH014361,1
HH014362,0
HH014363,0
HH014364,0
HH014365,2
HH014366,0
HH014367,0
HH014368,0
HH014369,0
HH014370,0
HH014371,0
HH014372,0
HH014373,1
HH014374,1
HH014375,1
HH014376,1
HH014377,2
HH014378,0
HH014379,0
HH014380,2
HH014381,1
HH014382,0
HH014383,0
HH014384,0
HH014385,0
HH014386,1
HH014387,1
HH014388,0
HH014389,0
HH014390,1
HH014391,1
HH014392,0
HH014393,0
HH014394,0
HH014395,1
HH014396,1
HH014397,1
HH014398,0
HH014399,1
HH014400,0
HH014401,0
HH014402,1
HH014403,0
HH014404,0
HH014405,1
HH014406,0
HH014407,0
HH014408,1
HH014409,1
HH014410,0
HH014411,0
HH014412,0
HH014413,0
HH014414,1
HH014415,0
HH014416,0
HH014417,1
HH014418,1
HH014419,1
HH014420,1
HH014421,0
HH014422,2
HH014423,0
HH014424,0
HH014425,0
HH014426,1
HH014427,0
HH014428,1
HH014429,0
HH014430,0
HH014431,0
HH014432,0
HH014433,1
HH014434,1
HH014435,0
HH014436,2
HH014437,0
HH014438,2
HH014439,1
HH014440,0
HH014441,2
HH014442,1
HH014443,1
HH014444,1
HH014445,1
HH014446,0
HH014447,2
HH014448,0
HH014449,0
HH014450,1
HH014451,0
HH014452,2
HH014453,0
HH014454,0
HH014455,0
HH014456,2
HH014457,1
HH014458,0
HH014459,1
HH014460,0
HH014461,2
HH014462,0
HH014463,0
HH014464,1
HH014465,0
HH014466,1
HH014467,0
HH014468,0
HH014469,2
HH014470,0
HH014471,2
HH014472,1
HH014473,1
HH014474,0
HH014475,0
HH014476,1
HH014477,0
HH014478,0
HH014479,0
HH014480,2
HH014481,0
HH014482,1
HH014483,0
HH014484,0
HH014485,0
HH014486,0
HH014487,1
HH014488,0
HH014489,1
HH014490,2
HH014491,0
HH014492,2
HH014493,0
HH014494,2
HH014495,1
HH014496,0
HH014497,0
HH014498,0
HH014499,0
HH014500,0
HH014501,2
HH014502,0
HH014503,0
HH014504,0
HH014505,0
HH014506,0
HH014507,0
HH014508,1
HH014509,1
HH014510,0
HH014511,2
HH014512,1
HH014513,1
HH014514,0
HH014515,1
HH014516,0
HH014517,1
HH014518,0
HH014519,1
HH014520,0
HH014521,2
HH014522,1
HH014523,1
HH014524,1
HH014525,0
HH014526,2
HH014527,0
HH014528,2
HH014529,0
HH014530,1
HH014531,0
HH014532,0
HH014533,2
HH014534,0
HH014535,0
HH014536,1
HH014537,1
HH014538,0
HH014539,0
HH014540,0
HH014541,1
HH014542,1
HH014543,0
HH014544,0
HH014545,1
HH014546,1
HH014547,1
HH014548,2
HH014549,0
HH014550,1
HH014551,1
HH014552,1
HH014553,0
HH014554,1
HH014555,0
HH014556,0
HH014557,0
HH014558,1
HH014559,0
HH014560,0
HH014561,0
HH014562,0
HH014563,0
HH014564,0
HH014565,1
HH014566,0
HH014567,0
HH014568,0
HH014569,0
HH014570,0
HH014571,0
HH014572,0
HH014573,0
HH014574,0
HH014575,0
HH014576,0
HH014577,0
HH014578,0
HH014579,0
HH014580,1
HH014581,0
HH014582,1
HH014583,0
HH014584,0
HH014585,1
HH014586,0
HH014587,0
HH014588,1
HH014589,0
HH014590,0
HH014591,1
HH014592,0
HH014593,1
HH014594,1
HH014595,0
HH014596,1
HH014597,2
HH014598,1
HH014599,2
HH014600,1
HH014601,1
HH014602,0
HH014603,2
HH014604,1
HH014605,0
HH014606,1
HH014607,1
HH014608,1
HH014609,1
HH014610,0
HH014611,1
HH014612,1
HH014613,1
HH014614,0
HH014615,0
HH014616,1
HH014617,1
HH014618,0
HH014619,0
HH014620,0
HH014621,0
HH014622,1
HH014623,0
HH014624,0
HH014625,0
HH014626,0
HH014627,0
HH014628,0
HH014629,1
HH014630,0
HH014631,1
HH014632,0
HH014633,1
HH014634,0
HH014635,0
HH014636,1
HH014637,1
HH014638,0
HH014639,0
HH014640,2
HH014641,2
HH014642,0
HH014643,2
HH014644,1
HH014645,1
HH014646,0
HH014647,0
HH014648,0
HH014649,0
HH014650,1
HH014651,0
HH014652,0
HH014653,1
HH014654,1
HH014655,1
HH014656,1
HH014657,1
HH014658,2
HH014659,1
HH014660,0
HH014661,0
HH014662,1
HH014663,1
HH014664,0
HH014665,1
HH014666,0
HH014667,1
HH014668,0
HH014669,0
HH014670,0
HH014671,1
HH014672,2
HH014673,1
HH014674,1
HH014675,1
HH014676,0
HH014677,2
HH014678,2
HH014679,0
HH014680,0
HH014681,1
HH014682,0
HH014683,1
HH014684,0
HH014685,0
HH014686,2
HH014687,0
HH014688,0
HH014689,2
HH014690,0
HH014691,1
HH014692,1
HH014693,2
HH014694,0
HH014695,2
HH014696,0
HH014697,2
HH014698,1
HH014699,1
HH014700,0
HH014701,0
HH014702,0
HH014703,1
HH014704,0
HH014705,1
HH014706,2
HH014707,0
HH014708,1
HH014709,0
HH014710,1
HH014711,0
HH014712,1
HH014713,0
HH014714,1
HH014715,1
HH014716,1
HH014717,0
HH014718,1
HH014719,0
HH014720,0
HH014721,2
HH014722,0
HH014723,0
HH014724,1
HH014725,0
HH014726,0
HH014727,0
HH014728,0
HH014729,0
HH014730,0
HH014731,0
HH014732,2
HH014733,1
HH014734,0
HH014735,1
HH014736,1
HH014737,0
HH014738,1
HH014739,0
HH014740,0
HH014741,0
HH014742,1
HH014743,1
HH014744,1
HH014745,1
HH014746,1
HH014747,0
HH014748,1
HH014749,1
HH014750,0
HH014751,0
HH014752,0
HH014753,1
HH014754,0
HH014755,0
HH014756,2
HH014757,0
HH014758,0
HH014759,0
HH014760,1
HH014761,1
HH014762,2
HH014763,1
HH014764,0
HH014765,0
HH014766,0
HH014767,0
HH014768,0
HH014769,0
HH014770,1
HH014771,2
HH014772,0
HH014773,0
HH014774,0
HH014775,2
HH014776,0
HH014777,0
HH014778,0
HH014779,1
HH014780,2
HH014781,0
HH014782,0
HH014783,0
HH014784,2
HH014785,1
HH014786,1
HH014787,2
HH014788,0
HH014789,0
HH014790,0
HH014791,2
HH014792,1
HH014793,0
HH014794,1
HH014795,0
HH014796,0
HH014797,0
HH014798,2
HH014799,1
HH014800,0
HH014801,0
HH014802,0
HH014803,1
HH014804,0
HH014805,0
HH014806,0
HH014807,2
HH014808,1
HH014809,0
HH014810,1
HH014811,0
HH014812,1
HH014813,0
HH014814,0
HH014815,2
HH014816,0
HH014817,1
HH014818,1
HH014819,0
HH014820,1
HH014821,1
HH014822,2
HH014823,0
HH014824,0
HH014825,0
HH014826,0
HH014827,0
HH014828,0
HH014829,0
HH014830,0
HH014831,0
HH014832,1
HH014833,1
HH014834,0
HH014835,1
HH014836,0
HH014837,0
HH014838,1
HH014839,0
HH014840,2
HH014841,1
HH014842,0
HH014843,0
HH014844,1
HH014845,1
HH014846,0
HH014847,0
HH014848,1
HH014849,1
HH014850,1
HH014851,0
HH014852,2
HH014853,1
HH014854,0
HH014855,2
HH014856,2
HH014857,0
HH014858,0
HH014859,2
HH014860,0
HH014861,0
HH014862,1
HH014863,1
HH014864,1
HH014865,1
HH014866,1
HH014867,0
HH014868,0
HH014869,1
HH014870,0
HH014871,0
HH014872,0
HH014873,0
HH014874,1
HH014875,0
HH014876,1
HH014877,0
HH014878,2
HH014879,1
HH014880,0
HH014881,0
HH014882,1
HH014883,0
HH014884,0
HH014885,1
HH014886,0
HH014887,1
HH014888,1
HH014889,1
HH014890,0
HH014891,0
HH014892,1
HH014893,0
HH014894,0
HH014895,1
HH014896,0
HH014897,1
HH014898,0
HH014899,0
HH014900,0
HH014901,1
HH014902,2
HH014903,0
HH014904,2
HH014905,1
HH014906,0
HH014907,0
HH014908,1
HH014909,0
HH014910,2
HH014911,1
HH014912,1
HH014913,0
HH014914,0
HH014915,0
HH014916,1
HH014917,0
HH014918,0
HH014919,1
HH014920,2
HH014921,0
HH014922,0
HH014923,0
HH014924,0
HH014925,0
HH014926,1
HH014927,1
HH014928,2
HH014929,1
HH014930,0
HH014931,0
HH014932,0
HH014933,0
HH014934,1
HH014935,0
HH014936,2
HH014937,0
HH014938,0
HH014939,1
HH014940,0
HH014941,1
HH014942,0
HH014943,0
HH014944,2
HH014945,1
HH014946,0
HH014947,2
HH014948,0
HH014949,0
HH014950,2
HH014951,0
HH014952,1
HH014953,1
HH014954,0
HH014955,0
HH014956,0
HH014957,0
HH014958,0
HH014959,1
HH014960,2
HH014961,1
HH014962,0
HH014963,1
HH014964,0
HH014965,1
HH014966,0
HH014967,1
HH014968,0
HH014969,0
HH014970,0
HH014971,0
HH014972,0
HH014973,0
HH014974,0
HH014975,1
HH014976,0
HH014977,0
HH014978,1
HH014979,2
HH014980,0
HH014981,0
HH014982,1
HH014983,0
HH014984,0
HH014985,0
HH014986,1
HH014987,0
HH014988,1
HH014989,0
HH014990,0
HH014991,0
HH014992,1
HH014993,0
HH014994,0
HH014995,1
HH014996,1
HH014997,2
HH014998,2
HH014999,2
HH015000,1
HH015001,0
HH015002,0
HH015003,2
HH015004,0
HH015005,2
HH015006,1
HH015007,0
HH015008,2
HH015009,0
HH015010,0
HH015011,2
HH015012,2
HH015013,0
HH015014,2
HH015015,0
HH015016,0
HH015017,0
HH015018,0
HH015019,2
HH015020,1
HH015021,1
HH015022,2
HH015023,0
HH015024,2
HH015025,1
HH015026,0
HH015027,0
HH015028,0
HH015029,0
HH015030,1
HH015031,2
HH015032,0
HH015033,1
HH015034,2
HH015035,0
HH015036,0
HH015037,1
HH015038,0
HH015039,1
HH015040,0
HH015041,2
HH015042,0
HH015043,1
HH015044,0
HH015045,0
HH015046,0
HH015047,2
HH015048,0
HH015049,1
HH015050,0
HH015051,0
HH015052,0
HH015053,0
HH015054,0
HH015055,0
HH015056,0
HH015057,1
HH015058,1
HH015059,0
HH015060,1
HH015061,1
HH015062,2
HH015063,0
HH015064,2
HH015065,0
HH015066,1
HH015067,1
HH015068,0
HH015069,0
HH015070,0
HH015071,0
HH015072,0
HH015073,1
HH015074,0
HH015075,0
HH015076,0
HH015077,0
HH015078,0
HH015079,1
HH015080,0
HH015081,0
HH015082,1
HH015083,0
HH015084,1
HH015085,0
HH015086,0
HH015087,0
HH015088,0
HH015089,0
HH015090,0
HH015091,0
HH015092,0
HH015093,0
HH015094,0
HH015095,2
HH015096,0
HH015097,2
HH015098,0
HH015099,1
HH015100,0
HH015101,0
HH015102,0
HH015103,0
HH015104,0
HH015105,0
HH015106,2
HH015107,1
HH015108,0
HH015109,1
HH015110,1
HH015111,1
HH015112,0
HH015113,0
HH015114,1
HH015115,0
HH015116,0
HH015117,1
HH015118,0
HH015119,1
HH015120,2
HH015121,2
HH015122,0
HH015123,1
HH015124,1
HH015125,1
HH015126,1
HH015127,2
HH015128,2
HH015129,0
HH015130,0
HH015131,2
HH015132,1
HH015133,0
HH015134,1
HH015135,2
HH015136,1
HH015137,1
HH015138,1
HH015139,1
HH015140,0
HH015141,0
HH015142,0
HH015143,0
HH015144,1
HH015145,0
HH015146,1
HH015147,1
HH015148,0
HH015149,0
HH015150,0
HH015151,0
HH015152,1
HH015153,0
HH015154,1
HH015155,0
HH015156,0
HH015157,0
HH015158,1
HH015159,0
HH015160,2
HH015161,0
HH015162,2
HH015163,0
HH015164,1
HH015165,2
HH015166,2
HH015167,0
HH015168,0
HH015169,0
HH015170,0
HH015171,0
HH015172,0
HH015173,2
HH015174,0
HH015175,1
HH015176,0
HH015177,0
HH015178,1
HH015179,2
HH015180,1
HH015181,1
HH015182,1
HH015183,1
HH015184,0
HH015185,0
HH015186,2
HH015187,0
HH015188,0
HH015189,1
HH015190,1
HH015191,0
HH015192,2
HH015193,0
HH015194,2
HH015195,0
HH015196,1
HH015197,0
HH015198,1
HH015199,2
HH015200,2
HH015201,2
HH015202,0
HH015203,0
HH015204,1
HH015205,0
HH015206,2
HH015207,0
HH015208,0
HH015209,0
HH015210,0
HH015211,0
HH015212,0
HH015213,0
HH015214,0
HH015215,2
HH015216,1
HH015217,0
HH015218,1
HH015219,2
HH015220,0
HH015221,2
HH015222,1
HH015223,0
HH015224,2
HH015225,0
HH015226,0
HH015227,0
HH015228,1
HH015229,1
HH015230,0
HH015231,0
HH015232,0
HH015233,0
HH015234,0
HH015235,0
HH015236,0
HH015237,0
HH015238,0
HH015239,2
HH015240,1
HH015241,0
HH015242,0
HH015243,2
HH015244,0
HH015245,0
HH015246,2
HH015247,1
HH015248,0
HH015249,1
HH015250,0
HH015251,0
HH015252,2
HH015253,2
HH015254,1
HH015255,0
HH015256,0
HH015257,0
HH015258,1
HH015259,1
HH015260,2
HH015261,1
HH015262,0
HH015263,2
HH015264,0
HH015265,2
HH015266,1
HH015267,1
HH015268,0
HH015269,0
HH015270,0
HH015271,0
HH015272,1
HH015273,1
HH015274,1
HH015275,1
HH015276,1
HH015277,0
HH015278,0
HH015279,1
HH015280,2
HH015281,0
HH015282,1
HH015283,1
HH015284,0
HH015285,1
HH015286,2
HH015287,1
HH015288,0
HH015289,1
HH015290,0
HH015291,0
HH015292,0
HH015293,0
HH015294,0
HH015295,0
HH015296,0
HH015297,0
HH015298,0
HH015299,0
HH015300,0
HH015301,0
HH015302,0
HH015303,0
HH015304,1
HH015305,0
HH015306,0
HH015307,0
HH015308,1
HH015309,0
HH015310,0
HH015311,2
HH015312,0
HH015313,1
HH015314,0
HH015315,2
HH015316,2
HH015317,1
HH015318,1
HH015319,0
HH015320,1
HH015321,1
HH015322,0
HH015323,1
HH015324,0
HH015325,2
HH015326,2
HH015327,2
HH015328,0
HH015329,1
HH015330,0
HH015331,1
HH015332,1
HH015333,0
HH015334,1
HH015335,1
HH015336,0
HH015337,0
HH015338,1
HH015339,0
HH015340,0
HH015341,0
HH015342,0
HH015343,0
HH015344,1
HH015345,0
HH015346,2
HH015347,1
HH015348,1
HH015349,0
HH015350,1
HH015351,0
HH015352,1
HH015353,1
HH015354,1
HH015355,1
HH015356,2
HH015357,1
HH015358,1
HH015359,0
HH015360,0
HH015361,0
HH015362,1
HH015363,2
HH015364,0
HH015365,1
HH015366,1
HH015367,1
HH015368,1
HH015369,1
HH015370,1
HH015371,1
HH015372,1
HH015373,0
HH015374,0
HH015375,0
HH015376,0
HH015377,0
HH015378,1
HH015379,1
HH015380,0
HH015381,1
HH015382,0
HH015383,1
HH015384,2
HH015385,0
HH015386,0
HH015387,2
HH015388,0
HH015389,0
HH015390,2
HH015391,0
HH015392,0
HH015393,2
HH015394,0
HH015395,2
HH015396,2
HH015397,1
HH015398,0
HH015399,0
HH015400,2
HH015401,0
HH015402,0
HH015403,0
HH015404,2
HH015405,1
HH015406,1
HH015407,0
HH015408,1
HH015409,0
HH015410,1
HH015411,1
HH015412,1
HH015413,0
HH015414,0
HH015415,1
HH015416,0
HH015417,1
HH015418,0
HH015419,1
HH015420,1
HH015421,1
HH015422,0
HH015423,0
HH015424,0
HH015425,1
HH015426,0
HH015427,0
HH015428,1
HH015429,1
HH015430,0
HH015431,2
HH015432,1
HH015433,1
HH015434,1
HH015435,0
HH015436,0
HH015437,2
HH015438,1
HH015439,1
HH015440,2
HH015441,0
HH015442,0
HH015443,2
HH015444,2
HH015445,0
HH015446,1
HH015447,1
HH015448,0
HH015449,1
HH015450,0
HH015451,1
HH015452,0
HH015453,0
HH015454,2
HH015455,0
HH015456,0
HH015457,1
HH015458,2
HH015459,1
HH015460,0
HH015461,0
HH015462,0
HH015463,1
HH015464,0
HH015465,0
HH015466,0
HH015467,0
HH015468,1
HH015469,0
HH015470,0
HH015471,2
HH015472,1
HH015473,0
HH015474,0
HH015475,0
HH015476,0
HH015477,0
HH015478,0
HH015479,1
HH015480,2
HH015481,1
HH015482,2
HH015483,1
HH015484,0
HH015485,1
HH015486,0
HH015487,1
HH015488,0
HH015489,1
HH015490,0
HH015491,1
HH015492,0
HH015493,2
HH015494,0
HH015495,0
HH015496,1
HH015497,0
HH015498,0
HH015499,2
HH015500,0
HH015501,2
HH015502,1
HH015503,2
HH015504,1
HH015505,0
HH015506,0
HH015507,1
HH015508,0
HH015509,0
HH015510,2
HH015511,0
HH015512,0
HH015513,0
HH015514,0
HH015515,0
HH015516,0
HH015517,0
HH015518,1
HH015519,2
HH015520,0
HH015521,1
HH015522,1
HH015523,1
HH015524,0
HH015525,2
HH015526,1
HH015527,0
HH015528,2
HH015529,1
HH015530,1
HH015531,2
HH015532,0
HH015533,1
HH015534,1
HH015535,0
HH015536,1
HH015537,0
HH015538,0
HH015539,1
HH015540,0
HH015541,1
HH015542,0
HH015543,0
HH015544,2
HH015545,1
HH015546,0
HH015547,1
HH015548,1
HH015549,0
HH015550,0
HH015551,0
HH015552,0
HH015553,2
HH015554,2
HH015555,1
HH015556,0
HH015557,0
HH015558,2
HH015559,0
HH015560,0
HH015561,1
HH015562,2
HH015563,1
HH015564,0
HH015565,0
HH015566,1
HH015567,0
HH015568,0
HH015569,0
HH015570,0
HH015571,0
HH015572,1
HH015573,0
HH015574,0
HH015575,0
HH015576,1
HH015577,0
HH015578,0
HH015579,0
HH015580,0
HH015581,2
HH015582,2
HH015583,0
HH015584,0
HH015585,1
HH015586,0
HH015587,0
HH015588,0
HH015589,0
HH015590,1
HH015591,0
HH015592,0
HH015593,0
HH015594,2
HH015595,1
HH015596,1
HH015597,0
HH015598,0
HH015599,0
HH015600,0
HH015601,0
HH015602,2
HH015603,2
HH015604,1
HH015605,1
HH015606,1
HH015607,0
HH015608,1
HH015609,0
HH015610,0
HH015611,1
HH015612,0
HH015613,0
HH015614,0
HH015615,0
HH015616,1
HH015617,0
HH015618,0
HH015619,0
HH015620,0
HH015621,1
HH015622,0
HH015623,0
HH015624,0
HH015625,2
HH015626,2
HH015627,1
HH015628,0
HH015629,2
HH015630,0
HH015631,2
HH015632,0
HH015633,1
HH015634,2
HH015635,1
HH015636,1
HH015637,0
HH015638,1
HH015639,0
HH015640,0
HH015641,0
HH015642,1
HH015643,0
HH015644,0
HH015645,0
HH015646,0
HH015647,1
HH015648,0
HH015649,0
HH015650,0
HH015651,0
HH015652,0
HH015653,0
HH015654,0
HH015655,0
HH015656,1
HH015657,0
HH015658,1
HH015659,2
HH015660,1
HH015661,0
HH015662,0
HH015663,0
HH015664,0
HH015665,1
HH015666,0
HH015667,0
HH015668,1
HH015669,0
HH015670,0
HH015671,1
HH015672,0
HH015673,0
HH015674,0
HH015675,0
HH015676,0
HH015677,1
HH015678,1
HH015679,0
HH015680,1
HH015681,2
HH015682,0
HH015683,1
HH015684,1
HH015685,0
HH015686,0
HH015687,2
HH015688,0
HH015689,1
HH015690,1
HH015691,1
HH015692,0
HH015693,2
HH015694,0
HH015695,2
HH015696,0
HH015697,1
HH015698,0
HH015699,0
HH015700,0
HH015701,0
HH015702,0
HH015703,1
HH015704,1
HH015705,1
HH015706,1
HH015707,0
HH015708,0
HH015709,0
HH015710,0
HH015711,1
HH015712,2
HH015713,0
HH015714,0
HH015715,1
HH015716,0
HH015717,0
HH015718,0
HH015719,2
HH015720,1
HH015721,1
HH015722,0
HH015723,1
HH015724,1
HH015725,1
HH015726,0
HH015727,2
HH015728,0
HH015729,0
HH015730,1
HH015731,1
HH015732,1
HH015733,0
HH015734,0
HH015735,0
HH015736,0
HH015737,0
HH015738,1
HH015739,1
HH015740,1
HH015741,0
HH015742,1
HH015743,1
HH015744,1
HH015745,2
HH015746,0
HH015747,1
HH015748,0
HH015749,0
HH015750,0
HH015751,0
HH015752,1
HH015753,1
HH015754,1
HH015755,0
HH015756,2
HH015757,0
HH015758,2
HH015759,0
HH015760,0
HH015761,0
HH015762,1
HH015763,1
HH015764,0
HH015765,0
HH015766,0
HH015767,2
HH015768,0
HH015769,1
HH015770,0
HH015771,0
HH015772,0
HH015773,0
HH015774,0
HH015775,2
HH015776,1
HH015777,0
HH015778,0
HH015779,0
HH015780,1
HH015781,1
HH015782,0
HH015783,0
HH015784,1
HH015785,0
HH015786,0
HH015787,2
HH015788,1
HH015789,1
HH015790,2
HH015791,0
HH015792,0
HH015793,1
HH015794,1
HH015795,1
HH015796,0
HH015797,0
HH015798,1
HH015799,0
HH015800,1
HH015801,0
HH015802,0
HH015803,1
HH015804,0
HH015805,0
HH015806,1
HH015807,0
HH015808,2
HH015809,0
HH015810,1
HH015811,0
HH015812,0
HH015813,0
HH015814,0
HH015815,0
HH015816,0
HH015817,1
HH015818,1
HH015819,1
HH015820,0
HH015821,0
HH015822,1
HH015823,0
HH015824,0
HH015825,0
HH015826,1
HH015827,0
HH015828,2
HH015829,0
HH015830,0
HH015831,0
HH015832,0
HH015833,0
HH015834,0
HH015835,0
HH015836,0
HH015837,0
HH015838,2
HH015839,2
HH015840,0
HH015841,0
HH015842,0
HH015843,1
HH015844,0
HH015845,0
HH015846,0
HH015847,0
HH015848,0
HH015849,0
HH015850,0
HH015851,0
HH015852,1
HH015853,2
HH015854,2
HH015855,1
HH015856,1
HH015857,0
HH015858,2
HH015859,0
HH015860,0
HH015861,0
HH015862,0
HH015863,0
HH015864,0
HH015865,0
HH015866,2
HH015867,0
HH015868,1
HH015869,1
HH015870,0
HH015871,0
HH015872,1
HH015873,0
HH015874,1
HH015875,0
HH015876,0
HH015877,0
HH015878,0
HH015879,1
HH015880,0
HH015881,0
HH015882,1
HH015883,0
HH015884,2
HH015885,0
HH015886,0
HH015887,2
HH015888,2
HH015889,0
HH015890,0
HH015891,0
HH015892,0
HH015893,1
HH015894,1
HH015895,0
HH015896,0
HH015897,0
HH015898,0
HH015899,0
HH015900,1
HH015901,0
HH015902,1
HH015903,2
HH015904,0
HH015905,0
HH015906,0
HH015907,1
HH015908,0
HH015909,0
HH015910,2
HH015911,1
HH015912,0
HH015913,0
HH015914,0
HH015915,2
HH015916,1
HH015917,1
HH015918,2
HH015919,0
HH015920,1
HH015921,0
HH015922,0
HH015923,0
HH015924,0
HH015925,1
HH015926,0
HH015927,1
HH015928,1
HH015929,0
HH015930,1
HH015931,1
HH015932,0
HH015933,0
HH015934,1
HH015935,1
HH015936,0
HH015937,1
HH015938,0
HH015939,1
HH015940,0
HH015941,2
HH015942,1
HH015943,0
HH015944,1
HH015945,1
HH015946,1
HH015947,0
HH015948,1
HH015949,0
HH015950,1
HH015951,1
HH015952,0
HH015953,0
HH015954,1
HH015955,0
HH015956,2
HH015957,0
HH015958,0
HH015959,1
HH015960,0
HH015961,2
HH015962,1
HH015963,0
HH015964,0
HH015965,2
HH015966,2
HH015967,2
HH015968,0
HH015969,1
HH015970,1
HH015971,2
HH015972,1
HH015973,0
HH015974,1
HH015975,1
HH015976,0
HH015977,1
HH015978,2
HH015979,1
HH015980,1
HH015981,0
HH015982,2
HH015983,1
HH015984,0
HH015985,1
HH015986,2
HH015987,0
HH015988,0
HH015989,2
HH015990,1
HH015991,1
HH015992,0
HH015993,0
HH015994,0
HH015995,1
HH015996,0
HH015997,0
HH015998,0
HH015999,0
HH016000,0
HH016001,0
HH016002,0
HH016003,2
HH016004,0
HH016005,0
HH016006,0
HH016007,0
HH016008,0
HH016009,1
HH016010,0
HH016011,2
HH016012,1
HH016013,1
HH016014,0
HH016015,0
HH016016,1
HH016017,0
HH016018,0
HH016019,0
HH016020,1
HH016021,0
HH016022,1
HH016023,0
HH016024,0
HH016025,0
HH016026,0
HH016027,0
HH016028,2
HH016029,1
HH016030,2
HH016031,2
HH016032,1
HH016033,2
HH016034,0
HH016035,1
HH016036,0
HH016037,0
HH016038,0
HH016039,0
HH016040,0
HH016041,1
HH016042,0
HH016043,1
HH016044,1
HH016045,1
HH016046,1
HH016047,1
HH016048,0
HH016049,2
HH016050,2
HH016051,0
HH016052,0
HH016053,0
HH016054,0
HH016055,0
HH016056,0
HH016057,0
HH016058,2
HH016059,1
HH016060,0
HH016061,0
HH016062,1
HH016063,0
HH016064,1
HH016065,0
HH016066,2
HH016067,1
HH016068,0
HH016069,0
HH016070,0
HH016071,0
HH016072,0
HH016073,0
HH016074,0
HH016075,0
HH016076,2
HH016077,0
HH016078,0
HH016079,0
HH016080,1
HH016081,0
HH016082,0
HH016083,0
HH016084,0
HH016085,1
HH016086,2
HH016087,0
HH016088,0
HH016089,2
HH016090,0
HH016091,0
HH016092,0
HH016093,2
HH016094,1
HH016095,1
HH016096,1
HH016097,0
HH016098,0
HH016099,1
HH016100,1
HH016101,1
HH016102,0
HH016103,1
HH016104,2
HH016105,1
HH016106,1
HH016107,1
HH016108,0
HH016109,2
HH016110,2
HH016111,0
HH016112,1
HH016113,1
HH016114,1
HH016115,1
HH016116,2
HH016117,0
HH016118,1
HH016119,0
HH016120,0
HH016121,0
HH016122,1
HH016123,1
HH016124,0
HH016125,2
HH016126,0
HH016127,0
HH016128,1
HH016129,1
HH016130,0
HH016131,1
HH016132,0
HH016133,1
HH016134,2
HH016135,1
HH016136,0
HH016137,1
HH016138,0
HH016139,1
HH016140,0
HH016141,0
HH016142,0
HH016143,2
HH016144,0
HH016145,0
HH016146,2
HH016147,0
HH016148,2
HH016149,0
HH016150,0
HH016151,0
HH016152,1
HH016153,0
HH016154,0
HH016155,0
HH016156,0
HH016157,0
HH016158,1
HH016159,0
HH016160,0
HH016161,0
HH016162,1
HH016163,1
HH016164,1
HH016165,0
HH016166,2
HH016167,2
HH016168,0
HH016169,0
HH016170,0
HH016171,1
HH016172,0
HH016173,2
HH016174,1
HH016175,2
HH016176,0
HH016177,0
HH016178,0
HH016179,1
HH016180,0
HH016181,1
HH016182,0
HH016183,1
HH016184,0
HH016185,1
HH016186,0
HH016187,2
HH016188,1
HH016189,0
HH016190,1
HH016191,1
HH016192,1
HH016193,1
HH016194,1
HH016195,0
HH016196,0
HH016197,2
HH016198,0
HH016199,1
HH016200,1
HH016201,0
HH016202,0
HH016203,1
HH016204,0
HH016205,0
HH016206,1
HH016207,1
HH016208,0
HH016209,0
HH016210,0
HH016211,2
HH016212,1
HH016213,0
HH016214,1
HH016215,0
HH016216,2
HH016217,0
HH016218,1
HH016219,0
HH016220,0
HH016221,1
HH016222,0
HH016223,2
HH016224,0
HH016225,0
HH016226,2
HH016227,1
HH016228,1
HH016229,0
HH016230,2
HH016231,0
HH016232,1
HH016233,0
HH016234,0
HH016235,1
HH016236,0
HH016237,1
HH016238,0
HH016239,0
HH016240,1
HH016241,0
HH016242,0
HH016243,2
HH016244,0
HH016245,0
HH016246,2
HH016247,2
HH016248,0
HH016249,1
HH016250,0
HH016251,1
HH016252,0
HH016253,1
HH016254,0
HH016255,1
HH016256,0
HH016257,2
HH016258,0
HH016259,2
HH016260,0
HH016261,0
HH016262,0
HH016263,0
HH016264,1
HH016265,1
HH016266,0
HH016267,0
HH016268,0
HH016269,0
HH016270,1
HH016271,0
HH016272,0
HH016273,2
HH016274,0
HH016275,0
HH016276,0
HH016277,2
HH016278,0
HH016279,2
HH016280,1
HH016281,1
HH016282,0
HH016283,0
HH016284,2
HH016285,1
HH016286,2
HH016287,1
HH016288,0
HH016289,2
HH016290,0
HH016291,1
HH016292,2
HH016293,2
HH016294,0
HH016295,0
HH016296,0
HH016297,2
HH016298,1
HH016299,0
HH016300,2
HH016301,1
HH016302,1
HH016303,1
HH016304,2
HH016305,1
HH016306,1
HH016307,0
HH016308,0
HH016309,0
HH016310,1
HH016311,0
HH016312,1
HH016313,1
HH016314,0
HH016315,1
HH016316,0
HH016317,1
HH016318,0
HH016319,2
HH016320,1
HH016321,0
HH016322,2
HH016323,1
HH016324,0
HH016325,0
HH016326,1
HH016327,2
HH016328,0
HH016329,1
HH016330,0
HH016331,2
HH016332,1
HH016333,0
HH016334,0
HH016335,1
HH016336,0
HH016337,0
HH016338,0
HH016339,1
HH016340,2
HH016341,0
HH016342,0
HH016343,0
HH016344,1
HH016345,1
HH016346,1
HH016347,0
HH016348,1
HH016349,1
HH016350,0
HH016351,0
HH016352,0
HH016353,0
HH016354,0
HH016355,0
HH016356,1
HH016357,1
HH016358,1
HH016359,0
HH016360,1
HH016361,1
HH016362,0
HH016363,1
HH016364,2
HH016365,1
HH016366,2
HH016367,1
HH016368,0
HH016369,0
HH016370,1
HH016371,2
HH016372,0
HH016373,0
HH016374,0
HH016375,1
HH016376,1
HH016377,2
HH016378,0
HH016379,0
HH016380,1
HH016381,0
HH016382,0
HH016383,1
HH016384,0
HH016385,0
HH016386,1
HH016387,0
HH016388,0
HH016389,0
HH016390,1
HH016391,2
HH016392,1
HH016393,1
HH016394,0
HH016395,1
HH016396,1
HH016397,0
HH016398,0
HH016399,1
HH016400,2
HH016401,2
HH016402,0
HH016403,0
HH016404,1
HH016405,1
HH016406,1
HH016407,2
HH016408,1
HH016409,0
HH016410,2
HH016411,0
HH016412,2
HH016413,0
HH016414,0
HH016415,0
HH016416,2
HH016417,0
HH016418,0
HH016419,1
HH016420,1
HH016421,0
HH016422,0
HH016423,0
HH016424,1
HH016425,1
HH016426,2
HH016427,2
HH016428,1
HH016429,2
HH016430,1
HH016431,0
HH016432,0
HH016433,1
HH016434,2
HH016435,1
HH016436,1
HH016437,0
HH016438,1
HH016439,1
HH016440,0
HH016441,2
HH016442,0
HH016443,1
HH016444,2
HH016445,1
HH016446,1
HH016447,1
HH016448,0
HH016449,0
HH016450,1
HH016451,2
HH016452,0
HH016453,0
HH016454,0
HH016455,0
HH016456,0
HH016457,1
HH016458,0
HH016459,1
HH016460,0
HH016461,1
HH016462,0
HH016463,1
HH016464,2
HH016465,0
HH016466,1
HH016467,1
HH016468,0
HH016469,1
HH016470,2
HH016471,1
HH016472,1
HH016473,1
HH016474,2
HH016475,1
HH016476,0
HH016477,2
HH016478,0
HH016479,0
HH016480,2
HH016481,1
HH016482,0
HH016483,1
HH016484,0
HH016485,0
HH016486,0
HH016487,0
HH016488,0
HH016489,0
HH016490,0
HH016491,0
HH016492,0
HH016493,0
HH016494,0
HH016495,1
HH016496,0
HH016497,2
HH016498,0
HH016499,0
HH016500,0
HH016501,1
HH016502,0
HH016503,0
HH016504,0
HH016505,0
HH016506,1
HH016507,1
HH016508,0
HH016509,0
HH016510,1
HH016511,1
HH016512,2
HH016513,0
HH016514,0
HH016515,1
HH016516,1
HH016517,0
HH016518,1
HH016519,0
HH016520,0
HH016521,2
HH016522,0
HH016523,2
HH016524,0
HH016525,0
HH016526,0
HH016527,1
HH016528,2
HH016529,0
HH016530,0
HH016531,1
HH016532,1
HH016533,1
HH016534,0
HH016535,0
HH016536,0
HH016537,2
HH016538,1
HH016539,1
HH016540,2
HH016541,0
HH016542,0
HH016543,0
HH016544,1
HH016545,0
HH016546,0
HH016547,1
HH016548,0
HH016549,1
HH016550,0
HH016551,0
HH016552,1
HH016553,2
HH016554,0
HH016555,0
HH016556,0
HH016557,1
HH016558,2
HH016559,1
HH016560,0
HH016561,0
HH016562,1
HH016563,1
HH016564,0
HH016565,0
HH016566,0
HH016567,1
HH016568,0
HH016569,0
HH016570,0
HH016571,1
HH016572,1
HH016573,2
HH016574,1
HH016575,0
HH016576,0
HH016577,1
HH016578,1
HH016579,0
HH016580,0
HH016581,1
HH016582,0
HH016583,2
HH016584,0
HH016585,0
HH016586,0
HH016587,2
HH016588,2
HH016589,1
HH016590,0
HH016591,1
HH016592,0
HH016593,2
HH016594,0
HH016595,1
HH016596,0
HH016597,0
HH016598,2
HH016599,0
HH016600,1
HH016601,2
HH016602,0
HH016603,0
HH016604,1
HH016605,0
HH016606,2
HH016607,0
HH016608,2
HH016609,1
HH016610,0
HH016611,0
HH016612,0
HH016613,0
HH016614,0
HH016615,0
HH016616,1
HH016617,0
HH016618,0
HH016619,0
HH016620,0
HH016621,0
HH016622,0
HH016623,0
HH016624,0
HH016625,1
HH016626,0
HH016627,0
HH016628,2
HH016629,1
HH016630,0
HH016631,1
HH016632,0
HH016633,0
HH016634,0
HH016635,1
HH016636,0
HH016637,1
HH016638,2
HH016639,0
HH016640,1
HH016641,2
HH016642,2
HH016643,1
HH016644,1
HH016645,0
HH016646,1
HH016647,0
HH016648,0
HH016649,1
HH016650,2
HH016651,0
HH016652,0
HH016653,0
HH016654,0
HH016655,2
HH016656,1
HH016657,0
HH016658,0
HH016659,1
HH016660,0
HH016661,0
HH016662,1
HH016663,2
HH016664,0
HH016665,1
HH016666,0
HH016667,1
HH016668,0
HH016669,2
HH016670,2
HH016671,1
HH016672,1
HH016673,1
HH016674,0
HH016675,1
HH016676,0
HH016677,1
HH016678,0
HH016679,0
HH016680,2
HH016681,0
HH016682,0
HH016683,0
HH016684,0
HH016685,0
HH016686,2
HH016687,0
HH016688,1
HH016689,2
HH016690,2
HH016691,0
HH016692,0
HH016693,1
HH016694,1
HH016695,0
HH016696,1
HH016697,2
HH016698,2
HH016699,1
HH016700,1
HH016701,0
HH016702,0
HH016703,2
HH016704,1
HH016705,2
HH016706,2
HH016707,1
HH016708,0
HH016709,1
HH016710,0
HH016711,1
HH016712,0
HH016713,1
HH016714,0
HH016715,2
HH016716,0
HH016717,2
HH016718,1
HH016719,2
HH016720,0
HH016721,0
HH016722,2
HH016723,1
HH016724,2
HH016725,0
HH016726,0
HH016727,0
HH016728,1
HH016729,0
HH016730,0
HH016731,0
HH016732,1
HH016733,0
HH016734,0
HH016735,0
HH016736,0
HH016737,1
HH016738,0
HH016739,0
HH016740,0
HH016741,0
HH016742,0
HH016743,0
HH016744,0
HH016745,1
HH016746,2
HH016747,0
HH016748,1
HH016749,0
HH016750,0
HH016751,0
HH016752,0
HH016753,2
HH016754,0
HH016755,1
HH016756,0
HH016757,1
HH016758,1
HH016759,1
HH016760,1
HH016761,0
HH016762,1
HH016763,0
HH016764,0
HH016765,0
HH016766,0
HH016767,0
HH016768,0
HH016769,2
HH016770,0
HH016771,2
HH016772,1
HH016773,1
HH016774,0
HH016775,0
HH016776,0
HH016777,1
HH016778,0
HH016779,0
HH016780,1
HH016781,1
HH016782,1
HH016783,0
HH016784,0
HH016785,1
HH016786,0
HH016787,0
HH016788,0
HH016789,1
HH016790,1
HH016791,0
HH016792,1
HH016793,0
HH016794,2
HH016795,0
HH016796,0
HH016797,0
HH016798,2
HH016799,0
HH016800,0
HH016801,0
HH016802,0
HH016803,0
HH016804,0
HH016805,1
HH016806,0
HH016807,0
HH016808,0
HH016809,0
HH016810,0
HH016811,0
HH016812,1
HH016813,1
HH016814,0
HH016815,0
HH016816,0
HH016817,0
HH016818,0
HH016819,2
HH016820,0
HH016821,0
HH016822,0
HH016823,0
HH016824,1
HH016825,1
HH016826,1
HH016827,0
HH016828,2
HH016829,1
HH016830,0
HH016831,0
HH016832,0
HH016833,2
HH016834,1
HH016835,1
HH016836,2
HH016837,0
HH016838,1
HH016839,1
HH016840,2
HH016841,2
HH016842,0
HH016843,2
HH016844,0
HH016845,0
HH016846,1
HH016847,0
HH016848,0
HH016849,0
HH016850,0
HH016851,0
HH016852,0
HH016853,0
HH016854,0
HH016855,0
HH016856,0
HH016857,0
HH016858,0
HH016859,0
HH016860,0
HH016861,1
HH016862,0
HH016863,2
HH016864,0
HH016865,2
HH016866,0
HH016867,1
HH016868,0
HH016869,0
HH016870,1
HH016871,0
HH016872,2
HH016873,0
HH016874,1
HH016875,2
HH016876,0
HH016877,0
HH016878,0
HH016879,0
HH016880,0
HH016881,0
HH016882,1
HH016883,1
HH016884,0
HH016885,2
HH016886,1
HH016887,0
HH016888,1
HH016889,2
HH016890,1
HH016891,0
HH016892,0
HH016893,0
HH016894,0
HH016895,0
HH016896,0
HH016897,2
HH016898,0
HH016899,2
HH016900,0
HH016901,1
HH016902,0
HH016903,2
HH016904,0
HH016905,1
HH016906,0
HH016907,0
HH016908,0
HH016909,1
HH016910,1
HH016911,1
HH016912,0
HH016913,0
HH016914,1
HH016915,0
HH016916,0
HH016917,0
HH016918,1
HH016919,0
HH016920,0
HH016921,1
HH016922,0
HH016923,0
HH016924,0
HH016925,0
HH016926,1
HH016927,0
HH016928,0
HH016929,1
HH016930,1
HH016931,0
HH016932,0
HH016933,0
HH016934,1
HH016935,0
HH016936,0
HH016937,1
HH016938,0
HH016939,1
HH016940,0
HH016941,0
HH016942,0
HH016943,2
HH016944,1
HH016945,2
HH016946,0
HH016947,0
HH016948,0
HH016949,0
HH016950,0
HH016951,1
HH016952,1
HH016953,2
HH016954,1
HH016955,1
HH016956,1
HH016957,0
HH016958,0
HH016959,2
HH016960,0
HH016961,0
HH016962,0
HH016963,1
HH016964,1
HH016965,0
HH016966,0
HH016967,0
HH016968,0
HH016969,1
HH016970,0
HH016971,2
HH016972,0
HH016973,1
HH016974,0
HH016975,1
HH016976,2
HH016977,0
HH016978,0
HH016979,2
HH016980,0
HH016981,0
HH016982,0
HH016983,0
HH016984,0
HH016985,2
HH016986,2
HH016987,1
HH016988,1
HH016989,1
HH016990,1
HH016991,0
HH016992,2
HH016993,2
HH016994,1
HH016995,0
HH016996,0
HH016997,0
HH016998,0
HH016999,2
HH017000,0
HH017001,0
HH017002,0
HH017003,0
HH017004,2
HH017005,1
HH017006,0
HH017007,0
HH017008,2
HH017009,0
HH017010,0
HH017011,1
HH017012,0
HH017013,0
HH017014,0
HH017015,1
HH017016,2
HH017017,0
HH017018,1
HH017019,0
HH017020,0
HH017021,1
HH017022,1
HH017023,0
HH017024,1
HH017025,2
HH017026,0
HH017027,1
HH017028,0
HH017029,1
HH017030,0
HH017031,0
HH017032,0
HH017033,2
HH017034,1
HH017035,1
HH017036,0
HH017037,2
HH017038,0
HH017039,2
HH017040,0
HH017041,1
HH017042,0
HH017043,1
HH017044,2
HH017045,0
HH017046,1
HH017047,1
HH017048,0
HH017049,1
HH017050,0
HH017051,1
HH017052,0
HH017053,0
HH017054,0
HH017055,0
HH017056,0
HH017057,1
HH017058,1
HH017059,1
HH017060,0
HH017061,0
HH017062,2
HH017063,2
HH017064,1
HH017065,0
HH017066,0
HH017067,0
HH017068,2
HH017069,1
HH017070,0
HH017071,0
HH017072,1
HH017073,0
HH017074,0
HH017075,0
HH017076,1
HH017077,0
HH017078,0
HH017079,1
HH017080,1
HH017081,1
HH017082,0
HH017083,2
HH017084,0
HH017085,2
HH017086,1
HH017087,0
HH017088,1
HH017089,0
HH017090,0
HH017091,0
HH017092,2
HH017093,0
HH017094,0
HH017095,2
HH017096,0
HH017097,2
HH017098,0
HH017099,0
HH017100,0
HH017101,0
HH017102,0
HH017103,2
HH017104,2
HH017105,0
HH017106,0
HH017107,0
HH017108,2
HH017109,2
HH017110,2
HH017111,0
HH017112,2
HH017113,2
HH017114,1
HH017115,0
HH017116,0
HH017117,0
HH017118,0
HH017119,0
HH017120,0
HH017121,0
HH017122,0
HH017123,1
HH017124,2
HH017125,2
HH017126,1
HH017127,1
HH017128,1
HH017129,2
HH017130,1
HH017131,1
HH017132,0
HH017133,1
HH017134,0
HH017135,0
HH017136,1
HH017137,0
HH017138,0
HH017139,1
HH017140,0
HH017141,1
HH017142,0
HH017143,2
HH017144,0
HH017145,1
HH017146,1
HH017147,2
HH017148,0
HH017149,0
HH017150,2
HH017151,2
HH017152,0
HH017153,0
HH017154,1
HH017155,0
HH017156,1
HH017157,1
HH017158,0
HH017159,0
HH017160,1
HH017161,0
HH017162,1
HH017163,0
HH017164,0
HH017165,0
HH017166,0
HH017167,1
HH017168,1
HH017169,0
HH017170,1
HH017171,0
HH017172,2
HH017173,0
HH017174,0
HH017175,0
HH017176,0
HH017177,0
HH017178,1
HH017179,0
HH017180,1
HH017181,1
HH017182,1
HH017183,2
HH017184,1
HH017185,0
HH017186,0
HH017187,0
HH017188,0
HH017189,0
HH017190,1
HH017191,1
HH017192,2
HH017193,2
HH017194,0
HH017195,0
HH017196,1
HH017197,0
HH017198,0
HH017199,0
HH017200,0
HH017201,1
HH017202,1
HH017203,2
HH017204,1
HH017205,1
HH017206,1
HH017207,1
HH017208,0
HH017209,0
HH017210,1
HH017211,0
HH017212,0
HH017213,1
HH017214,2
HH017215,0
HH017216,0
HH017217,0
HH017218,1
HH017219,2
HH017220,2
HH017221,2
HH017222,0
HH017223,0
HH017224,1
HH017225,0
HH017226,0
HH017227,1
HH017228,2
HH017229,2
HH017230,0
HH017231,0
HH017232,2
HH017233,2
HH017234,0
HH017235,2
HH017236,2
HH017237,1
HH017238,0
HH017239,2
HH017240,1
HH017241,0
HH017242,0
HH017243,2
HH017244,1
HH017245,0
HH017246,0
HH017247,1
HH017248,2
HH017249,2
HH017250,0
HH017251,0
HH017252,0
HH017253,1
HH017254,0
HH017255,1
HH017256,2
HH017257,0
HH017258,0
HH017259,0
HH017260,1
HH017261,1
HH017262,2
HH017263,1
HH017264,0
HH017265,0
HH017266,1
HH017267,2
HH017268,0
HH017269,2
HH017270,1
HH017271,0
HH017272,1
HH017273,0
HH017274,0
HH017275,2
HH017276,1
HH017277,0
HH017278,1
HH017279,2
HH017280,0
HH017281,1
HH017282,0
HH017283,0
HH017284,0
HH017285,0
HH017286,1
HH017287,0
HH017288,0
HH017289,0
HH017290,0
HH017291,1
HH017292,2
HH017293,1
HH017294,2
HH017295,0
HH017296,1
HH017297,0
HH017298,0
HH017299,0
HH017300,1
HH017301,0
HH017302,0
HH017303,1
HH017304,2
HH017305,0
HH017306,0
HH017307,0
HH017308,0
HH017309,0
HH017310,0
HH017311,1
HH017312,0
HH017313,1
HH017314,2
HH017315,0
HH017316,0
HH017317,0
HH017318,0
HH017319,0
HH017320,0
HH017321,1
HH017322,0
HH017323,0
HH017324,0
HH017325,0
HH017326,1
HH017327,2
HH017328,0
HH017329,0
HH017330,0
HH017331,0
HH017332,1
HH017333,1
HH017334,0
HH017335,2
HH017336,1
HH017337,0
HH017338,0
HH017339,0
HH017340,0
HH017341,1
HH017342,2
HH017343,1
HH017344,1
HH017345,0
HH017346,0
HH017347,1
HH017348,1
HH017349,0
HH017350,1
HH017351,1
HH017352,0
HH017353,0
HH017354,2
HH017355,1
HH017356,0
HH017357,1
HH017358,0
HH017359,1
HH017360,0
HH017361,2
HH017362,0
HH017363,0
HH017364,0
HH017365,1
HH017366,2
HH017367,0
HH017368,0
HH017369,0
HH017370,0
HH017371,2
HH017372,0
HH017373,0
HH017374,0
HH017375,0
HH017376,0
HH017377,0
HH017378,1
HH017379,2
HH017380,1
HH017381,1
HH017382,0
HH017383,1
HH017384,1
HH017385,1
HH017386,1
HH017387,0
HH017388,1
HH017389,2
HH017390,1
HH017391,2
HH017392,1
HH017393,0
HH017394,2
HH017395,1
HH017396,0
HH017397,1
HH017398,0
HH017399,0
HH017400,2
HH017401,0
HH017402,2
HH017403,0
HH017404,0
HH017405,0
HH017406,0
HH017407,2
HH017408,1
HH017409,1
HH017410,0
HH017411,0
HH017412,0
HH017413,2
HH017414,1
HH017415,0
HH017416,1
HH017417,0
HH017418,1
HH017419,1
HH017420,1
HH017421,1
HH017422,1
HH017423,0
HH017424,0
HH017425,0
HH017426,0
HH017427,0
HH017428,0
HH017429,2
HH017430,0
HH017431,1
HH017432,2
HH017433,0
HH017434,1
HH017435,0
HH017436,0
HH017437,0
HH017438,1
HH017439,1
HH017440,2
HH017441,1
HH017442,1
HH017443,0
HH017444,1
HH017445,0
HH017446,1
HH017447,0
HH017448,1
HH017449,0
HH017450,1
HH017451,1
HH017452,1
HH017453,0
HH017454,1
HH017455,0
HH017456,0
HH017457,1
HH017458,1
HH017459,1
HH017460,1
HH017461,1
HH017462,0
HH017463,0
HH017464,0
HH017465,0
HH017466,1
HH017467,0
HH017468,0
HH017469,0
HH017470,0
HH017471,1
HH017472,0
HH017473,0
HH017474,0
HH017475,0
HH017476,2
HH017477,0
HH017478,0
HH017479,1
HH017480,1
HH017481,1
HH017482,0
HH017483,1
HH017484,0
HH017485,0
HH017486,0
HH017487,0
HH017488,2
HH017489,0
HH017490,0
HH017491,1
HH017492,1
HH017493,0
HH017494,1
HH017495,0
HH017496,0
HH017497,0
HH017498,1
HH017499,0
HH017500,0
HH017501,0
HH017502,0
HH017503,0
HH017504,1
HH017505,1
HH017506,0
HH017507,2
HH017508,0
HH017509,0
HH017510,0
HH017511,1
HH017512,1
HH017513,0
HH017514,0
HH017515,0
HH017516,1
HH017517,0
HH017518,2
HH017519,1
HH017520,1
HH017521,1
HH017522,0
HH017523,0
HH017524,2
HH017525,1
HH017526,1
HH017527,2
HH017528,0
HH017529,1
HH017530,0
HH017531,0
HH017532,0
HH017533,1
HH017534,2
HH017535,0
HH017536,2
HH017537,0
HH017538,1
HH017539,0
HH017540,1
HH017541,0
HH017542,0
HH017543,2
HH017544,2
HH017545,2
HH017546,0
HH017547,1
HH017548,2
HH017549,0
HH017550,0
HH017551,1
HH017552,0
HH017553,0
HH017554,0
HH017555,1
HH017556,1
HH017557,2
HH017558,1
HH017559,0
HH017560,0
HH017561,0
HH017562,2
HH017563,0
HH017564,2
HH017565,0
HH017566,2
HH017567,0
HH017568,1
HH017569,2
HH017570,0
HH017571,0
HH017572,0
HH017573,0
HH017574,2
HH017575,1
HH017576,0
HH017577,0
HH017578,0
HH017579,0
HH017580,0
HH017581,0
HH017582,1
HH017583,1
HH017584,0
HH017585,0
HH017586,0
HH017587,0
HH017588,2
HH017589,2
HH017590,0
HH017591,0
HH017592,2
HH017593,1
HH017594,1
HH017595,0
HH017596,0
HH017597,1
HH017598,0
HH017599,0
HH017600,2
HH017601,1
HH017602,0
HH017603,2
HH017604,0
HH017605,0
HH017606,1
HH017607,1
HH017608,2
HH017609,0
HH017610,2
HH017611,1
HH017612,0
HH017613,1
HH017614,0
HH017615,0
HH017616,0
HH017617,0
HH017618,0
HH017619,2
HH017620,0
HH017621,2
HH017622,1
HH017623,0
HH017624,1
HH017625,0
HH017626,1
HH017627,0
HH017628,2
HH017629,0
HH017630,0
HH017631,1
HH017632,1
HH017633,1
HH017634,0
HH017635,2
HH017636,1
HH017637,0
HH017638,2
HH017639,0
HH017640,2
HH017641,0
HH017642,2
HH017643,0
HH017644,1
HH017645,0
HH017646,0
HH017647,0
HH017648,0
HH017649,0
HH017650,0
HH017651,1
HH017652,0
HH017653,1
HH017654,0
HH017655,0
HH017656,2
HH017657,1
HH017658,0
HH017659,1
HH017660,0
HH017661,0
HH017662,0
HH017663,2
HH017664,1
HH017665,0
HH017666,2
HH017667,0
HH017668,0
HH017669,1
HH017670,1
HH017671,0
HH017672,1
HH017673,1
HH017674,0
HH017675,0
HH017676,1
HH017677,0
HH017678,0
HH017679,1
HH017680,1
HH017681,0
HH017682,2
HH017683,0
HH017684,0
HH017685,0
HH017686,1
HH017687,0
HH017688,0
HH017689,0
HH017690,0
HH017691,0
HH017692,0
HH017693,0
HH017694,0
HH017695,1
HH017696,1
HH017697,0
HH017698,2
HH017699,1
HH017700,0
HH017701,0
HH017702,1
HH017703,2
HH017704,1
HH017705,0
HH017706,1
HH017707,2
HH017708,1
HH017709,0
HH017710,0
HH017711,0
HH017712,0
HH017713,0
HH017714,1
HH017715,1
HH017716,2
HH017717,0
HH017718,0
HH017719,1
HH017720,0
HH017721,1
HH017722,0
HH017723,0
HH017724,1
HH017725,1
HH017726,1
HH017727,0
HH017728,0
HH017729,0
HH017730,2
HH017731,1
HH017732,0
HH017733,0
HH017734,1
HH017735,0
HH017736,0
HH017737,1
HH017738,1
HH017739,0
HH017740,0
HH017741,0
HH017742,2
HH017743,1
HH017744,0
HH017745,0
HH017746,0
HH017747,1
HH017748,1
HH017749,2
HH017750,0
HH017751,2
HH017752,0
HH017753,0
HH017754,0
HH017755,0
HH017756,2
HH017757,0
HH017758,1
HH017759,0
HH017760,0
HH017761,2
HH017762,0
HH017763,0
HH017764,1
HH017765,1
HH017766,0
HH017767,1
HH017768,0
HH017769,0
HH017770,1
HH017771,2
HH017772,0
HH017773,1
HH017774,1
HH017775,0
HH017776,0
HH017777,0
HH017778,2
HH017779,1
HH017780,2
HH017781,2
HH017782,1
HH017783,0
HH017784,1
HH017785,0
HH017786,0
HH017787,0
HH017788,0
HH017789,0
HH017790,1
HH017791,0
HH017792,0
HH017793,1
HH017794,0
HH017795,2
HH017796,0
HH017797,0
HH017798,2
HH017799,0
HH017800,0
HH017801,0
HH017802,0
HH017803,0
HH017804,0
HH017805,0
HH017806,0
HH017807,0
HH017808,1
HH017809,1
HH017810,0
HH017811,0
HH017812,0
HH017813,0
HH017814,1
HH017815,2
HH017816,0
HH017817,1
HH017818,0
HH017819,0
HH017820,0
HH017821,1
HH017822,0
HH017823,1
HH017824,0
HH017825,0
HH017826,0
HH017827,1
HH017828,2
HH017829,0
HH017830,0
HH017831,0
HH017832,0
HH017833,0
HH017834,0
HH017835,1
HH017836,1
HH017837,0
HH017838,1
HH017839,1
HH017840,0
HH017841,0
HH017842,0
HH017843,0
HH017844,0
HH017845,1
HH017846,2
HH017847,2
HH017848,1
HH017849,0
HH017850,1
HH017851,0
HH017852,1
HH017853,1
HH017854,1
HH017855,0
HH017856,2
HH017857,0
HH017858,2
HH017859,0
HH017860,2
HH017861,1
HH017862,0
HH017863,1
HH017864,0
HH017865,0
HH017866,1
HH017867,1
HH017868,1
HH017869,2
HH017870,1
HH017871,1
HH017872,0
HH017873,0
HH017874,0
HH017875,0
HH017876,2
HH017877,0
HH017878,2
HH017879,0
HH017880,0
HH017881,0
HH017882,0
HH017883,0
HH017884,1
HH017885,0
HH017886,0
HH017887,1
HH017888,0
HH017889,0
HH017890,1
HH017891,2
HH017892,0
HH017893,2
HH017894,0
HH017895,2
HH017896,0
HH017897,1
HH017898,0
HH017899,0
HH017900,0
HH017901,1
HH017902,1
HH017903,0
HH017904,2
HH017905,1
HH017906,1
HH017907,1
HH017908,0
HH017909,1
HH017910,0
HH017911,0
HH017912,0
HH017913,0
HH017914,0
HH017915,1
HH017916,1
HH017917,1
HH017918,0
HH017919,0
HH017920,0
HH017921,1
HH017922,0
HH017923,0
HH017924,0
HH017925,0
HH017926,0
HH017927,0
HH017928,0
HH017929,0
HH017930,1
HH017931,1
HH017932,1
HH017933,0
HH017934,1
HH017935,2
HH017936,0
HH017937,0
HH017938,0
HH017939,2
HH017940,2
HH017941,0
HH017942,1
HH017943,1
HH017944,1
HH017945,0
HH017946,1
HH017947,0
HH017948,0
HH017949,0
HH017950,1
HH017951,1
HH017952,0
HH017953,0
HH017954,1
HH017955,2
HH017956,1
HH017957,0
HH017958,2
HH017959,1
HH017960,0
HH017961,2
HH017962,0
HH017963,1
HH017964,1
HH017965,0
HH017966,0
HH017967,0
HH017968,1
HH017969,0
HH017970,0
HH017971,0
HH017972,1
HH017973,2
HH017974,0
HH017975,1
HH017976,0
HH017977,0
HH017978,1
HH017979,2
HH017980,0
HH017981,1
HH017982,1
HH017983,1
HH017984,2
HH017985,1
HH017986,0
HH017987,0
HH017988,0
HH017989,1
HH017990,1
HH017991,0
HH017992,0
HH017993,0
HH017994,2
HH017995,2
HH017996,1
HH017997,0
HH017998,1
HH017999,0
HH018000,0
HH018001,0
HH018002,1
HH018003,0
HH018004,0
HH018005,1
HH018006,1
HH018007,0
HH018008,1
HH018009,0
HH018010,0
HH018011,1
HH018012,0
HH018013,0
HH018014,1
HH018015,0
HH018016,1
HH018017,0
HH018018,1
HH018019,0
HH018020,1
HH018021,1
HH018022,1
HH018023,0
HH018024,2
HH018025,0
HH018026,2
HH018027,1
HH018028,0
HH018029,0
HH018030,0
HH018031,2
HH018032,0
HH018033,1
HH018034,0
HH018035,1
HH018036,1
HH018037,1
HH018038,2
HH018039,2
HH018040,0
HH018041,1
HH018042,0
HH018043,1
HH018044,0
HH018045,0
HH018046,1
HH018047,0
HH018048,1
HH018049,1
HH018050,2
HH018051,0
HH018052,1
HH018053,0
HH018054,0
HH018055,2
HH018056,0
HH018057,0
HH018058,0
HH018059,2
HH018060,2
HH018061,2
HH018062,0
HH018063,1
HH018064,2
HH018065,0
HH018066,1
HH018067,0
HH018068,0
HH018069,1
HH018070,0
HH018071,1
HH018072,1
HH018073,0
HH018074,1
HH018075,0
HH018076,1
HH018077,2
HH018078,2
HH018079,2
HH018080,1
HH018081,2
HH018082,0
HH018083,1
HH018084,0
HH018085,0
HH018086,1
HH018087,1
HH018088,0
HH018089,1
HH018090,0
HH018091,0
HH018092,0
HH018093,1
HH018094,1
HH018095,0
HH018096,0
HH018097,1
HH018098,0
HH018099,0
HH018100,1
HH018101,2
HH018102,1
HH018103,1
HH018104,0
HH018105,0
HH018106,0
HH018107,2
HH018108,0
HH018109,0
HH018110,0
HH018111,0
HH018112,2
HH018113,1
HH018114,0
HH018115,1
HH018116,1
HH018117,0
HH018118,0
HH018119,1
HH018120,1
HH018121,2
HH018122,0
HH018123,0
HH018124,2
HH018125,1
HH018126,2
HH018127,1
HH018128,0
HH018129,0
HH018130,1
HH018131,0
HH018132,0
HH018133,0
HH018134,2
HH018135,1
HH018136,0
HH018137,1
HH018138,0
HH018139,0
HH018140,2
HH018141,1
HH018142,2
HH018143,0
HH018144,1
HH018145,0
HH018146,1
HH018147,0
HH018148,1
HH018149,0
HH018150,1
HH018151,1
HH018152,0
HH018153,0
HH018154,1
HH018155,1
HH018156,0
HH018157,0
HH018158,2
HH018159,0
HH018160,2
HH018161,0
HH018162,0
HH018163,2
HH018164,1
HH018165,1
HH018166,1
HH018167,2
HH018168,0
HH018169,0
HH018170,1
HH018171,0
HH018172,1
HH018173,2
HH018174,2
HH018175,1
HH018176,2
HH018177,0
HH018178,1
HH018179,1
HH018180,2
HH018181,0
HH018182,1
HH018183,2
HH018184,2
HH018185,0
HH018186,1
HH018187,0
HH018188,0
HH018189,2
HH018190,2
HH018191,0
HH018192,0
HH018193,0
HH018194,1
HH018195,0
HH018196,1
HH018197,0
HH018198,0
HH018199,0
HH018200,0
HH018201,2
HH018202,0
HH018203,0
HH018204,0
HH018205,2
HH018206,1
HH018207,0
HH018208,0
HH018209,0
HH018210,0
HH018211,1
HH018212,0
HH018213,0
HH018214,0
HH018215,0
HH018216,0
HH018217,0
HH018218,1
HH018219,0
HH018220,1
HH018221,2
HH018222,1
HH018223,0
HH018224,1
HH018225,0
HH018226,0
HH018227,0
HH018228,0
HH018229,0
HH018230,0
HH018231,0
HH018232,0
HH018233,1
HH018234,0
HH018235,0
HH018236,0
HH018237,1
HH018238,0
HH018239,1
HH018240,0
HH018241,2
HH018242,1
HH018243,0
HH018244,0
HH018245,1
HH018246,1
HH018247,0
HH018248,0
HH018249,0
HH018250,2
HH018251,1
HH018252,1
HH018253,0
HH018254,0
HH018255,0
HH018256,0
HH018257,0
HH018258,0
HH018259,2
HH018260,1
HH018261,2
HH018262,1
HH018263,1
HH018264,2
HH018265,1
HH018266,1
HH018267,0
HH018268,0
HH018269,2
HH018270,0
HH018271,1
HH018272,2
HH018273,2
HH018274,0
HH018275,1
HH018276,1
HH018277,1
HH018278,0
HH018279,0
HH018280,2
HH018281,1
HH018282,0
HH018283,0
HH018284,2
HH018285,2
HH018286,0
HH018287,0
HH018288,0
HH018289,0
HH018290,0
HH018291,1
HH018292,0
HH018293,0
HH018294,2
HH018295,1
HH018296,0
HH018297,2
HH018298,0
HH018299,0
HH018300,1
HH018301,0
HH018302,1
HH018303,1
HH018304,0
HH018305,0
HH018306,1
HH018307,1
HH018308,0
HH018309,0
HH018310,0
HH018311,2
HH018312,2
HH018313,2
HH018314,0
HH018315,0
HH018316,1
HH018317,0
HH018318,2
HH018319,0
HH018320,0
HH018321,1
HH018322,0
HH018323,2
HH018324,0
HH018325,1
HH018326,1
HH018327,0
HH018328,0
HH018329,1
HH018330,1
HH018331,0
HH018332,2
HH018333,0
HH018334,0
HH018335,2
HH018336,1
HH018337,2
HH018338,1
HH018339,0
HH018340,0
HH018341,1
HH018342,1
HH018343,2
HH018344,2
HH018345,2
HH018346,0
HH018347,0
HH018348,0
HH018349,1
HH018350,0
HH018351,1
HH018352,0
HH018353,0
HH018354,0
HH018355,1
HH018356,1
HH018357,2
HH018358,0
HH018359,1
HH018360,0
HH018361,1
HH018362,0
HH018363,0
HH018364,1
HH018365,1
HH018366,0
HH018367,0
HH018368,0
HH018369,2
HH018370,0
HH018371,0
HH018372,1
HH018373,2
HH018374,0
HH018375,2
HH018376,1
HH018377,0
HH018378,1
HH018379,1
HH018380,0
HH018381,0
HH018382,0
HH018383,0
HH018384,1
HH018385,0
HH018386,0
HH018387,1
HH018388,1
HH018389,0
HH018390,1
HH018391,0
HH018392,0
HH018393,1
HH018394,1
HH018395,0
HH018396,1
HH018397,0
HH018398,0
HH018399,0
HH018400,0
HH018401,0
HH018402,0
HH018403,1
HH018404,0
HH018405,0
HH018406,0
HH018407,2
HH018408,0
HH018409,0
HH018410,0
HH018411,2
HH018412,1
HH018413,0
HH018414,1
HH018415,2
HH018416,0
HH018417,1
HH018418,0
HH018419,0
HH018420,0
HH018421,0
HH018422,0
HH018423,1
HH018424,1
HH018425,2
HH018426,0
HH018427,1
HH018428,1
HH018429,2
HH018430,0
HH018431,0
HH018432,0
HH018433,0
HH018434,0
HH018435,1
HH018436,2
HH018437,1
HH018438,2
HH018439,1
HH018440,0
HH018441,0
HH018442,0
HH018443,1
HH018444,1
HH018445,0
HH018446,0
HH018447,0
HH018448,0
HH018449,1
HH018450,0
HH018451,0
HH018452,1
HH018453,1
HH018454,2
HH018455,0
HH018456,0
HH018457,0
HH018458,1
HH018459,0
HH018460,0
HH018461,0
HH018462,2
HH018463,1
HH018464,0
HH018465,0
HH018466,0
HH018467,0
HH018468,0
HH018469,2
HH018470,0
HH018471,1
HH018472,0
HH018473,1
HH018474,0
HH018475,0
HH018476,1
HH018477,2
HH018478,0
HH018479,1
HH018480,1
HH018481,2
HH018482,1
HH018483,0
HH018484,0
HH018485,0
HH018486,1
HH018487,0
HH018488,2
HH018489,2
HH018490,0
HH018491,0
HH018492,1
HH018493,1
HH018494,0
HH018495,0
HH018496,2
HH018497,1
HH018498,0
HH018499,0
HH018500,0
HH018501,1
HH018502,1
HH018503,2
HH018504,1
HH018505,0
HH018506,0
HH018507,0
HH018508,0
HH018509,1
HH018510,2
HH018511,0
HH018512,2
HH018513,1
HH018514,1
HH018515,2
HH018516,2
HH018517,1
HH018518,2
HH018519,1
HH018520,0
HH018521,1
HH018522,2
HH018523,1
HH018524,0
HH018525,0
HH018526,2
HH018527,0
HH018528,0
HH018529,1
HH018530,1
HH018531,1
HH018532,0
HH018533,2
HH018534,1
HH018535,2
HH018536,0
HH018537,1
HH018538,0
HH018539,0
HH018540,0
HH018541,1
HH018542,0
HH018543,2
HH018544,0
HH018545,1
HH018546,1
HH018547,0
HH018548,2
HH018549,0
HH018550,0
HH018551,1
HH018552,0
HH018553,0
HH018554,0
HH018555,0
HH018556,0
HH018557,1
HH018558,0
HH018559,0
HH018560,2
HH018561,0
HH018562,0
HH018563,1
HH018564,2
HH018565,0
HH018566,0
HH018567,0
HH018568,0
HH018569,1
HH018570,1
HH018571,0
HH018572,1
HH018573,0
HH018574,0
HH018575,0
HH018576,0
HH018577,2
HH018578,0
HH018579,1
HH018580,2
HH018581,0
HH018582,2
HH018583,0
HH018584,2
HH018585,2
HH018586,0
HH018587,0
HH018588,1
HH018589,1
HH018590,0
HH018591,0
HH018592,1
HH018593,0
HH018594,0
HH018595,0
HH018596,1
HH018597,1
HH018598,0
HH018599,1
HH018600,0
HH018601,0
HH018602,1
HH018603,0
HH018604,0
HH018605,0
HH018606,0
HH018607,1
HH018608,0
HH018609,0
HH018610,0
HH018611,0
HH018612,0
HH018613,0
HH018614,0
HH018615,0
HH018616,1
HH018617,0
HH018618,0
HH018619,1
HH018620,1
HH018621,0
HH018622,0
HH018623,0
HH018624,2
HH018625,2
HH018626,0
HH018627,2
HH018628,0
HH018629,0
HH018630,0
HH018631,1
HH018632,1
HH018633,0
HH018634,1
HH018635,1
HH018636,0
HH018637,0
HH018638,1
HH018639,1
HH018640,0
HH018641,1
HH018642,0
HH018643,0
HH018644,0
HH018645,2
HH018646,0
HH018647,0
HH018648,1
HH018649,0
HH018650,2
HH018651,0
HH018652,1
HH018653,0
HH018654,2
HH018655,2
HH018656,0
HH018657,1
HH018658,1
HH018659,0
HH018660,1
HH018661,1
HH018662,2
HH018663,2
HH018664,1
HH018665,1
HH018666,0
HH018667,1
HH018668,2
HH018669,1
HH018670,0
HH018671,1
HH018672,1
HH018673,0
HH018674,2
HH018675,0
HH018676,0
HH018677,2
HH018678,2
HH018679,0
HH018680,0
HH018681,0
HH018682,1
HH018683,1
HH018684,0
HH018685,0
HH018686,2
HH018687,0
HH018688,0
HH018689,0
HH018690,1
HH018691,0
HH018692,2
HH018693,0
HH018694,1
HH018695,0
HH018696,0
HH018697,0
HH018698,0
HH018699,0
HH018700,2
HH018701,0
HH018702,0
HH018703,0
HH018704,2
HH018705,0
HH018706,0
HH018707,0
HH018708,0
HH018709,0
HH018710,1
HH018711,1
HH018712,0
HH018713,1
HH018714,1
HH018715,0
HH018716,0
HH018717,1
HH018718,0
HH018719,1
HH018720,0
HH018721,1
HH018722,0
HH018723,0
HH018724,0
HH018725,0
HH018726,0
HH018727,1
HH018728,0
HH018729,0
HH018730,0
HH018731,1
HH018732,1
HH018733,1
HH018734,1
HH018735,2
HH018736,0
HH018737,0
HH018738,0
HH018739,0
HH018740,2
HH018741,0
HH018742,2
HH018743,0
HH018744,0
HH018745,1
HH018746,0
HH018747,0
HH018748,0
HH018749,0
HH018750,0
HH018751,1
HH018752,0
HH018753,0
HH018754,0
HH018755,1
HH018756,2
HH018757,0
HH018758,0
HH018759,0
HH018760,0
HH018761,0
HH018762,2
HH018763,0
HH018764,0
HH018765,1
HH018766,1
HH018767,0
HH018768,0
HH018769,2
HH018770,1
HH018771,0
HH018772,2
HH018773,1
HH018774,0
HH018775,1
HH018776,0
HH018777,0
HH018778,2
HH018779,1
HH018780,0
HH018781,0
HH018782,1
HH018783,2
HH018784,2
HH018785,0
HH018786,1
HH018787,0
HH018788,0
HH018789,2
HH018790,2
HH018791,0
HH018792,0
HH018793,2
HH018794,1
HH018795,1
HH018796,1
HH018797,1
HH018798,0
HH018799,0
HH018800,0
HH018801,1
HH018802,0
HH018803,0
HH018804,0
HH018805,1
HH018806,0
HH018807,0
HH018808,0
HH018809,0
HH018810,1
HH018811,2
HH018812,1
HH018813,1
HH018814,2
HH018815,0
HH018816,1
HH018817,0
HH018818,1
HH018819,1
HH018820,1
HH018821,0
HH018822,0
HH018823,2
HH018824,2
HH018825,0
HH018826,1
HH018827,1
HH018828,0
HH018829,0
HH018830,2
HH018831,0
HH018832,1
HH018833,1
HH018834,0
HH018835,2
HH018836,0
HH018837,0
HH018838,1
HH018839,1
HH018840,0
HH018841,1
HH018842,0
HH018843,1
HH018844,0
HH018845,0
HH018846,0
HH018847,2
HH018848,2
HH018849,1
HH018850,0
HH018851,0
HH018852,1
HH018853,0
HH018854,0
HH018855,2
HH018856,1
HH018857,1
HH018858,0
HH018859,0
HH018860,0
HH018861,0
HH018862,2
HH018863,1
HH018864,2
HH018865,0
HH018866,0
HH018867,2
HH018868,2
HH018869,0
HH018870,0
HH018871,0
HH018872,0
HH018873,0
HH018874,0
HH018875,0
HH018876,1
HH018877,0
HH018878,0
HH018879,1
HH018880,0
HH018881,0
HH018882,1
HH018883,1
HH018884,0
HH018885,2
HH018886,0
HH018887,0
HH018888,0
HH018889,1
HH018890,0
HH018891,2
HH018892,0
HH018893,1
HH018894,0
HH018895,0
HH018896,0
HH018897,2
HH018898,1
HH018899,1
HH018900,1
HH018901,0
HH018902,0
HH018903,1
HH018904,1
HH018905,0
HH018906,0
HH018907,2
HH018908,0
HH018909,0
HH018910,1
HH018911,0
HH018912,2
HH018913,0
HH018914,0
HH018915,1
HH018916,0
HH018917,2
HH018918,0
HH018919,2
HH018920,1
HH018921,0
HH018922,1
HH018923,1
HH018924,0
HH018925,0
HH018926,0
HH018927,0
HH018928,0
HH018929,1
HH018930,1
HH018931,1
HH018932,2
HH018933,0
HH018934,1
HH018935,1
HH018936,0
HH018937,0
HH018938,1
HH018939,0
HH018940,2
HH018941,2
HH018942,2
HH018943,0
HH018944,0
HH018945,0
HH018946,2
HH018947,1
HH018948,1
HH018949,1
HH018950,1
HH018951,0
HH018952,0
HH018953,1
HH018954,0
HH018955,2
HH018956,0
HH018957,1
HH018958,1
HH018959,0
HH018960,1
HH018961,0
HH018962,0
HH018963,0
HH018964,2
HH018965,0
HH018966,0
HH018967,0
HH018968,0
HH018969,1
HH018970,0
HH018971,1
HH018972,1
HH018973,0
HH018974,2
HH018975,1
HH018976,0
HH018977,2
HH018978,0
HH018979,0
HH018980,0
HH018981,0
HH018982,0
HH018983,0
HH018984,0
HH018985,2
HH018986,1
HH018987,0
HH018988,0
HH018989,0
HH018990,0
HH018991,0
HH018992,0
HH018993,1
HH018994,1
HH018995,2
HH018996,2
HH018997,1
HH018998,0
HH018999,0
HH019000,0
HH019001,0
HH019002,0
HH019003,1
HH019004,0
HH019005,0
HH019006,1
HH019007,0
HH019008,2
HH019009,1
HH019010,2
HH019011,1
HH019012,0
HH019013,0
HH019014,0
HH019015,1
HH019016,0
HH019017,0
HH019018,0
HH019019,0
HH019020,0
HH019021,1
HH019022,0
HH019023,1
HH019024,1
HH019025,2
HH019026,0
HH019027,2
HH019028,1
HH019029,1
HH019030,0
HH019031,0
HH019032,0
HH019033,1
HH019034,0
HH019035,0
HH019036,0
HH019037,0
HH019038,0
HH019039,0
HH019040,0
HH019041,0
HH019042,0
HH019043,0
HH019044,1
HH019045,1
HH019046,1
HH019047,0
HH019048,1
HH019049,1
HH019050,1
HH019051,0
HH019052,0
HH019053,1
HH019054,0
HH019055,1
HH019056,1
HH019057,0
HH019058,0
HH019059,0
HH019060,0
HH019061,0
HH019062,1
HH019063,2
HH019064,1
HH019065,0
HH019066,0
HH019067,1
HH019068,0
HH019069,1
HH019070,1
HH019071,0
HH019072,2
HH019073,1
HH019074,1
HH019075,1
HH019076,2
HH019077,1
HH019078,0
HH019079,2
HH019080,0
HH019081,1
HH019082,0
HH019083,0
HH019084,0
HH019085,1
HH019086,0
HH019087,0
HH019088,0
HH019089,0
HH019090,0
HH019091,0
HH019092,0
HH019093,1
HH019094,1
HH019095,0
HH019096,0
HH019097,2
HH019098,0
HH019099,0
HH019100,1
HH019101,0
HH019102,2
HH019103,0
HH019104,1
HH019105,0
HH019106,0
HH019107,1
HH019108,0
HH019109,0
HH019110,0
HH019111,1
HH019112,0
HH019113,0
HH019114,1
HH019115,2
HH019116,0
HH019117,1
HH019118,0
HH019119,2
HH019120,0
HH019121,1
HH019122,0
HH019123,0
HH019124,0
HH019125,2
HH019126,1
HH019127,0
HH019128,1
HH019129,1
HH019130,1
HH019131,1
HH019132,2
HH019133,1
HH019134,1
HH019135,1
HH019136,1
HH019137,1
HH019138,0
HH019139,2
HH019140,0
HH019141,0
HH019142,0
HH019143,0
HH019144,1
HH019145,1
HH019146,2
HH019147,0
HH019148,1
HH019149,0
HH019150,1
HH019151,0
HH019152,0
HH019153,0
HH019154,0
HH019155,2
HH019156,0
HH019157,1
HH019158,0
HH019159,0
HH019160,0
HH019161,0
HH019162,0
HH019163,1
HH019164,0
HH019165,0
HH019166,0
HH019167,0
HH019168,0
HH019169,0
HH019170,0
HH019171,1
HH019172,1
HH019173,1
HH019174,0
HH019175,1
HH019176,0
HH019177,0
HH019178,2
HH019179,0
HH019180,0
HH019181,0
HH019182,0
HH019183,2
HH019184,1
HH019185,0
HH019186,0
HH019187,0
HH019188,1
HH019189,1
HH019190,1
HH019191,0
HH019192,0
HH019193,0
HH019194,0
HH019195,0
HH019196,0
HH019197,2
HH019198,2
HH019199,1
HH019200,0
HH019201,1
HH019202,0
HH019203,1
HH019204,0
HH019205,1
HH019206,0
HH019207,0
HH019208,0
HH019209,1
HH019210,0
HH019211,0
HH019212,0
HH019213,0
HH019214,0
HH019215,0
HH019216,0
HH019217,0
HH019218,0
HH019219,0
HH019220,1
HH019221,2
HH019222,0
HH019223,1
HH019224,2
HH019225,0
HH019226,0
HH019227,1
HH019228,1
HH019229,0
HH019230,0
HH019231,1
HH019232,0
HH019233,0
HH019234,2
HH019235,1
HH019236,0
HH019237,0
HH019238,0
HH019239,0
HH019240,0
HH019241,0
HH019242,0
HH019243,0
HH019244,0
HH019245,0
HH019246,0
HH019247,2
HH019248,0
HH019249,1
HH019250,1
HH019251,0
HH019252,0
HH019253,0
HH019254,2
HH019255,1
HH019256,1
HH019257,0
HH019258,0
HH019259,0
HH019260,1
HH019261,1
HH019262,0
HH019263,0
HH019264,0
HH019265,0
HH019266,0
HH019267,2
HH019268,2
HH019269,0
HH019270,0
HH019271,0
HH019272,1
HH019273,1
HH019274,0
HH019275,0
HH019276,1
HH019277,0
HH019278,0
HH019279,0
HH019280,1
HH019281,1
HH019282,1
HH019283,1
HH019284,0
HH019285,1
HH019286,1
HH019287,1
HH019288,1
HH019289,2
HH019290,0
HH019291,2
HH019292,0
HH019293,0
HH019294,0
HH019295,0
HH019296,1
HH019297,0
HH019298,1
HH019299,1
HH019300,1
HH019301,0
HH019302,1
HH019303,0
HH019304,0
HH019305,2
HH019306,0
HH019307,1
HH019308,0
HH019309,0
HH019310,2
HH019311,1
HH019312,0
HH019313,2
HH019314,1
HH019315,2
HH019316,1
HH019317,1
HH019318,2
HH019319,0
HH019320,0
HH019321,1
HH019322,0
HH019323,0
HH019324,0
HH019325,1
HH019326,2
HH019327,1
HH019328,0
HH019329,0
HH019330,2
HH019331,0
HH019332,0
HH019333,0
HH019334,0
HH019335,0
HH019336,0
HH019337,2
HH019338,2
HH019339,0
HH019340,0
HH019341,2
HH019342,0
HH019343,0
HH019344,1
HH019345,0
HH019346,2
HH019347,2
HH019348,0
HH019349,0
HH019350,2
HH019351,1
HH019352,0
HH019353,0
HH019354,0
HH019355,0
HH019356,0
HH019357,0
HH019358,0
HH019359,0
HH019360,2
HH019361,1
HH019362,1
HH019363,0
HH019364,0
HH019365,0
HH019366,0
HH019367,0
HH019368,0
HH019369,0
HH019370,0
HH019371,2
HH019372,0
HH019373,0
HH019374,1
HH019375,0
HH019376,0
HH019377,0
HH019378,0
HH019379,0
HH019380,0
HH019381,0
HH019382,0
HH019383,0
HH019384,0
HH019385,2
HH019386,0
HH019387,0
HH019388,0
HH019389,2
HH019390,0
HH019391,0
HH019392,0
HH019393,0
HH019394,0
HH019395,1
HH019396,2
HH019397,0
HH019398,1
HH019399,0
HH019400,1
HH019401,0
HH019402,0
HH019403,0
HH019404,2
HH019405,0
HH019406,0
HH019407,0
HH019408,0
HH019409,2
HH019410,2
HH019411,0
HH019412,0
HH019413,0
HH019414,1
HH019415,0
HH019416,1
HH019417,0
HH019418,2
HH019419,0
HH019420,0
HH019421,0
HH019422,0
HH019423,1
HH019424,2
HH019425,1
HH019426,2
HH019427,0
HH019428,1
HH019429,1
HH019430,1
HH019431,0
HH019432,0
HH019433,0
HH019434,0
HH019435,1
HH019436,1
HH019437,0
HH019438,0
HH019439,0
HH019440,0
HH019441,0
HH019442,1
HH019443,0
HH019444,0
HH019445,0
HH019446,0
HH019447,2
HH019448,0
HH019449,0
HH019450,1
HH019451,0
HH019452,2
HH019453,1
HH019454,0
HH019455,0
HH019456,1
HH019457,1
HH019458,1
HH019459,1
HH019460,0
HH019461,2
HH019462,2
HH019463,0
HH019464,0
HH019465,0
HH019466,0
HH019467,0
HH019468,0
HH019469,0
HH019470,0
HH019471,0
HH019472,0
HH019473,2
HH019474,1
HH019475,0
HH019476,1
HH019477,2
HH019478,0
HH019479,0
HH019480,0
HH019481,1
HH019482,2
HH019483,0
HH019484,0
HH019485,2
HH019486,0
HH019487,0
HH019488,1
HH019489,1
HH019490,0
HH019491,1
HH019492,0
HH019493,0
HH019494,0
HH019495,1
HH019496,1
HH019497,1
HH019498,0
HH019499,0
HH019500,0
HH019501,0
HH019502,0
HH019503,0
HH019504,0
HH019505,1
HH019506,0
HH019507,1
HH019508,1
HH019509,1
HH019510,0
HH019511,0
HH019512,1
HH019513,0
HH019514,1
HH019515,1
HH019516,0
HH019517,1
HH019518,0
HH019519,0
HH019520,1
HH019521,0
HH019522,1
HH019523,0
HH019524,2
HH019525,0
HH019526,1
HH019527,1
HH019528,1
HH019529,1
HH019530,0
HH019531,0
HH019532,2
HH019533,0
HH019534,0
HH019535,0
HH019536,0
HH019537,0
HH019538,1
HH019539,0
HH019540,0
HH019541,2
HH019542,1
HH019543,0
HH019544,0
HH019545,1
HH019546,0
HH019547,1
HH019548,0
HH019549,0
HH019550,0
HH019551,0
HH019552,0
HH019553,0
HH019554,1
HH019555,1
HH019556,0
HH019557,2
HH019558,1
HH019559,2
HH019560,2
HH019561,0
HH019562,0
HH019563,0
HH019564,0
HH019565,0
HH019566,2
HH019567,2
HH019568,0
HH019569,0
HH019570,1
HH019571,0
HH019572,1
HH019573,0
HH019574,0
HH019575,0
HH019576,0
HH019577,1
HH019578,0
HH019579,0
HH019580,1
HH019581,0
HH019582,1
HH019583,0
HH019584,1
HH019585,1
HH019586,1
HH019587,0
HH019588,0
HH019589,0
HH019590,0
HH019591,0
HH019592,1
HH019593,1
HH019594,0
HH019595,1
HH019596,0
HH019597,1
HH019598,0
HH019599,0
HH019600,2
HH019601,0
HH019602,2
HH019603,0
HH019604,0
HH019605,0
HH019606,0
HH019607,1
HH019608,1
HH019609,1
HH019610,1
HH019611,1
HH019612,1
HH019613,0
HH019614,0
HH019615,0
HH019616,2
HH019617,0
HH019618,1
HH019619,1
HH019620,0
HH019621,0
HH019622,1
HH019623,0
HH019624,1
HH019625,0
HH019626,1
HH019627,0
HH019628,0
HH019629,1
HH019630,1
HH019631,0
HH019632,0
HH019633,1
HH019634,0
HH019635,1
HH019636,0
HH019637,0
HH019638,0
HH019639,2
HH019640,0
HH019641,0
HH019642,0
HH019643,1
HH019644,1
HH019645,2
HH019646,2
HH019647,2
HH019648,0
HH019649,1
HH019650,1
HH019651,1
HH019652,1
HH019653,0
HH019654,1
HH019655,0
HH019656,0
HH019657,2
HH019658,1
HH019659,0
HH019660,0
HH019661,1
HH019662,2
HH019663,1
HH019664,0
HH019665,1
HH019666,1
HH019667,0
HH019668,0
HH019669,0
HH019670,1
HH019671,0
HH019672,0
HH019673,2
HH019674,1
HH019675,0
HH019676,1
HH019677,0
HH019678,2
HH019679,0
HH019680,2
HH019681,1
HH019682,0
HH019683,0
HH019684,2
HH019685,0
HH019686,0
HH019687,0
HH019688,2
HH019689,0
HH019690,1
HH019691,0
HH019692,1
HH019693,1
HH019694,1
HH019695,1
HH019696,0
HH019697,0
HH019698,0
HH019699,1
HH019700,0
HH019701,0
HH019702,1
HH019703,1
HH019704,0
HH019705,0
HH019706,0
HH019707,0
HH019708,0
HH019709,1
HH019710,2
HH019711,2
HH019712,0
HH019713,0
HH019714,1
HH019715,1
HH019716,1
HH019717,0
HH019718,1
HH019719,0
HH019720,0
HH019721,1
HH019722,1
HH019723,0
HH019724,0
HH019725,0
HH019726,0
HH019727,2
HH019728,1
HH019729,2
HH019730,0
HH019731,2
HH019732,0
HH019733,0
HH019734,0
HH019735,1
HH019736,1
HH019737,0
HH019738,0
HH019739,0
HH019740,1
HH019741,2
HH019742,0
HH019743,1
HH019744,2
HH019745,0
HH019746,0
HH019747,1
HH019748,1
HH019749,1
HH019750,2
HH019751,1
HH019752,0
HH019753,1
HH019754,2
HH019755,1
HH019756,0
HH019757,1
HH019758,1
HH019759,2
HH019760,0
HH019761,0
HH019762,0
HH019763,1
HH019764,0
HH019765,0
HH019766,1
HH019767,0
HH019768,0
HH019769,0
HH019770,2
HH019771,1
HH019772,0
HH019773,0
HH019774,0
HH019775,0
HH019776,0
HH019777,0
HH019778,1
HH019779,2
HH019780,0
HH019781,1
HH019782,0
HH019783,2
HH019784,0
HH019785,0
HH019786,0
HH019787,0
HH019788,1
HH019789,2
HH019790,1
HH019791,1
HH019792,2
HH019793,0
HH019794,0
HH019795,1
HH019796,2
HH019797,0
HH019798,1
HH019799,0
HH019800,0
HH019801,0
HH019802,0
HH019803,1
HH019804,0
HH019805,0
HH019806,0
HH019807,0
HH019808,2
HH019809,1
HH019810,2
HH019811,1
HH019812,0
HH019813,1
HH019814,1
HH019815,0
HH019816,1
HH019817,1
HH019818,0
HH019819,0
HH019820,2
HH019821,0
HH019822,0
HH019823,0
HH019824,1
HH019825,1
HH019826,0
HH019827,0
HH019828,0
HH019829,1
HH019830,1
HH019831,0
HH019832,0
HH019833,2
HH019834,0
HH019835,0
HH019836,1
HH019837,0
HH019838,0
HH019839,0
HH019840,0
HH019841,2
HH019842,1
HH019843,2
HH019844,1
HH019845,1
HH019846,2
HH019847,1
HH019848,1
HH019849,2
HH019850,1
HH019851,1
HH019852,0
HH019853,0
HH019854,0
HH019855,1
HH019856,1
HH019857,0
HH019858,1
HH019859,0
HH019860,0
HH019861,1
HH019862,0
HH019863,1
HH019864,0
HH019865,2
HH019866,1
HH019867,0
HH019868,0
HH019869,0
HH019870,0
HH019871,0
HH019872,0
HH019873,0
HH019874,0
HH019875,1
HH019876,0
HH019877,2
HH019878,0
HH019879,0
HH019880,2
HH019881,2
HH019882,0
HH019883,0
HH019884,0
HH019885,1
HH019886,1
HH019887,0
HH019888,0
HH019889,1
HH019890,1
HH019891,0
HH019892,2
HH019893,1
HH019894,1
HH019895,0
HH019896,2
HH019897,1
HH019898,0
HH019899,1
HH019900,0
HH019901,2
HH019902,1
HH019903,0
HH019904,0
HH019905,0
HH019906,0
HH019907,0
HH019908,0
HH019909,1
HH019910,0
HH019911,0
HH019912,2
HH019913,0
HH019914,0
HH019915,2
HH019916,0
HH019917,0
HH019918,1
HH019919,0
HH019920,2
HH019921,1
HH019922,1
HH019923,0
HH019924,1
HH019925,0
HH019926,2
HH019927,0
HH019928,0
HH019929,0
HH019930,0
HH019931,0
HH019932,2
HH019933,1
HH019934,0
HH019935,2
HH019936,0
HH019937,0
HH019938,0
HH019939,0
HH019940,1
HH019941,0
HH019942,1
HH019943,1
HH019944,1
HH019945,0
HH019946,0
HH019947,2
HH019948,1
HH019949,0
HH019950,0
HH019951,0
HH019952,1
HH019953,1
HH019954,0
HH019955,2
HH019956,1
HH019957,1
HH019958,0
HH019959,1
HH019960,0
HH019961,1
HH019962,0
HH019963,0
HH019964,0
HH019965,0
HH019966,1
HH019967,0
HH019968,2
HH019969,0
HH019970,0
HH019971,2
HH019972,2
HH019973,2
HH019974,0
HH019975,0
HH019976,0
HH019977,0
HH019978,0
HH019979,2
HH019980,2
HH019981,1
HH019982,1
HH019983,1
HH019984,0
HH019985,0
HH019986,0
HH019987,0
HH019988,1
HH019989,1
HH019990,0
HH019991,1
HH019992,0
HH019993,1
HH019994,2
HH019995,0
HH019996,0
HH019997,0
HH019998,0
HH019999,0
HH020000,2
