household_id,arquetipo
HH000001,Desenganche silencioso
HH000002,Desenganche silencioso
HH000003,Desenganche silencioso
HH000004,Desenganche silencioso
HH000005,Desenganche silencioso
HH000006,Salida con el banquero
HH000007,Desenganche silencioso
HH000008,Desenganche silencioso
HH000009,Desenganche silencioso
HH000010,Desenganche silencioso
HH000011,Desenganche silencioso
HH000012,Desenganche silencioso
HH000013,Desenganche silencioso
HH000014,Desenganche silencioso
HH000015,Desenganche silencioso
HH000016,Desenganche silencioso
HH000017,Desenganche silencioso
HH000018,Desenganche silencioso
HH000019,Desenganche silencioso
HH000020,Desenganche silencioso
HH000021,Desenganche silencioso
HH000022,Desenganche silencioso
HH000023,Desenganche silencioso
HH000024,Desenganche silencioso
HH000025,Desenganche silencioso
HH000026,Desenganche silencioso
HH000027,Desenganche silencioso
HH000028,Desenganche silencioso
HH000029,Desenganche silencioso
HH000030,Desenganche silencioso
HH000031,Salida con el banquero
HH000032,Desenganche silencioso
HH000033,Desenganche silencioso
HH000034,Desenganche silencioso
HH000035,Desenganche silencioso
HH000036,Desenganche silencioso
HH000037,Desenganche silencioso
HH000038,Desenganche silencioso
HH000039,Desenganche silencioso
HH000040,Desenganche silencioso
HH000041,Desenganche silencioso
HH000042,Externalización activa
HH000043,Desenganche silencioso
HH000044,Desenganche silencioso
HH000045,Externalización activa
HH000046,Desenganche silencioso
HH000047,Desenganche silencioso
HH000048,Desenganche silencioso
HH000049,Desenganche silencioso
HH000050,Desenganche silencioso
HH000051,Desenganche silencioso
HH000052,Externalización activa
HH000053,Desenganche silencioso
HH000054,Desenganche silencioso
HH000055,Desenganche silencioso
HH000056,Desenganche silencioso
HH000057,Externalización activa
HH000058,Desenganche silencioso
HH000059,Desenganche silencioso
HH000060,Desenganche silencioso
HH000061,Desenganche silencioso
HH000062,Desenganche silencioso
HH000063,Desenganche silencioso
HH000064,Externalización activa
HH000065,Salida con el banquero
HH000066,Salida con el banquero
HH000067,Salida con el banquero
HH000068,Desenganche silencioso
HH000069,Desenganche silencioso
HH000070,Desenganche silencioso
HH000071,Salida con el banquero
HH000072,Salida con el banquero
HH000073,Desenganche silencioso
HH000074,Desenganche silencioso
HH000075,Desenganche silencioso
HH000076,Desenganche silencioso
HH000077,Externalización activa
HH000078,Externalización activa
HH000079,Desenganche silencioso
HH000080,Desenganche silencioso
HH000081,Salida con el banquero
HH000082,Desenganche silencioso
HH000083,Desenganche silencioso
HH000084,Salida con el banquero
HH000085,Salida con el banquero
HH000086,Salida con el banquero
HH000087,Desenganche silencioso
HH000088,Desenganche silencioso
HH000089,Desenganche silencioso
HH000090,Desenganche silencioso
HH000091,Desenganche silencioso
HH000092,Desenganche silencioso
HH000093,Desenganche silencioso
HH000094,Externalización activa
HH000095,Desenganche silencioso
HH000096,Desenganche silencioso
HH000097,Desenganche silencioso
HH000098,Desenganche silencioso
HH000099,Desenganche silencioso
HH000100,Desenganche silencioso
HH000101,Desenganche silencioso
HH000102,Desenganche silencioso
HH000103,Desenganche silencioso
HH000104,Desenganche silencioso
HH000105,Desenganche silencioso
HH000106,Salida con el banquero
HH000107,Desenganche silencioso
HH000108,Externalización activa
HH000109,Desenganche silencioso
HH000110,Desenganche silencioso
HH000111,Desenganche silencioso
HH000112,Desenganche silencioso
HH000113,Salida con el banquero
HH000114,Desenganche silencioso
HH000115,Externalización activa
HH000116,Desenganche silencioso
HH000117,Externalización activa
HH000118,Desenganche silencioso
HH000119,Desenganche silencioso
HH000120,Salida con el banquero
HH000121,Desenganche silencioso
HH000122,Desenganche silencioso
HH000123,Desenganche silencioso
HH000124,Salida con el banquero
HH000125,Desenganche silencioso
HH000126,Desenganche silencioso
HH000127,Desenganche silencioso
HH000128,Desenganche silencioso
HH000129,Externalización activa
HH000130,Desenganche silencioso
HH000131,Desenganche silencioso
HH000132,Desenganche silencioso
HH000133,Desenganche silencioso
HH000134,Desenganche silencioso
HH000135,Desenganche silencioso
HH000136,Desenganche silencioso
HH000137,Desenganche silencioso
HH000138,Salida con el banquero
HH000139,Desenganche silencioso
HH000140,Desenganche silencioso
HH000141,Desenganche silencioso
HH000142,Desenganche silencioso
HH000143,Salida con el banquero
HH000144,Desenganche silencioso
HH000145,Desenganche silencioso
HH000146,Desenganche silencioso
HH000147,Desenganche silencioso
HH000148,Desenganche silencioso
HH000149,Desenganche silencioso
HH000150,Desenganche silencioso
HH000151,Desenganche silencioso
HH000152,Desenganche silencioso
HH000153,Desenganche silencioso
HH000154,Desenganche silencioso
HH000155,Desenganche silencioso
HH000156,Desenganche silencioso
HH000157,Desenganche silencioso
HH000158,Desenganche silencioso
HH000159,Desenganche silencioso
HH000160,Desenganche silencioso
HH000161,Desenganche silencioso
HH000162,Desenganche silencioso
HH000163,Desenganche silencioso
HH000164,Desenganche silencioso
HH000165,Desenganche silencioso
HH000166,Desenganche silencioso
HH000167,Desenganche silencioso
HH000168,Externalización activa
HH000169,Salida con el banquero
HH000170,Desenganche silencioso
HH000171,Desenganche silencioso
HH000172,Desenganche silencioso
HH000173,Desenganche silencioso
HH000174,Externalización activa
HH000175,Salida con el banquero
HH000176,Desenganche silencioso
HH000177,Desenganche silencioso
HH000178,Desenganche silencioso
HH000179,Salida con el banquero
HH000180,Desenganche silencioso
HH000181,Desenganche silencioso
HH000182,Externalización activa
HH000183,Desenganche silencioso
HH000184,Desenganche silencioso
HH000185,Desenganche silencioso
HH000186,Desenganche silencioso
HH000187,Desenganche silencioso
HH000188,Desenganche silencioso
HH000189,Desenganche silencioso
HH000190,Desenganche silencioso
HH000191,Desenganche silencioso
HH000192,Desenganche silencioso
HH000193,Salida con el banquero
HH000194,Desenganche silencioso
HH000195,Desenganche silencioso
HH000196,Desenganche silencioso
HH000197,Desenganche silencioso
HH000198,Desenganche silencioso
HH000199,Desenganche silencioso
HH000200,Desenganche silencioso
HH000201,Desenganche silencioso
HH000202,Desenganche silencioso
HH000203,Desenganche silencioso
HH000204,Desenganche silencioso
HH000205,Desenganche silencioso
HH000206,Desenganche silencioso
HH000207,Desenganche silencioso
HH000208,Desenganche silencioso
HH000209,Desenganche silencioso
HH000210,Desenganche silencioso
HH000211,Desenganche silencioso
HH000212,Desenganche silencioso
HH000213,Desenganche silencioso
HH000214,Externalización activa
HH000215,Desenganche silencioso
HH000216,Desenganche silencioso
HH000217,Desenganche silencioso
HH000218,Desenganche silencioso
HH000219,Desenganche silencioso
HH000220,Desenganche silencioso
HH000221,Desenganche silencioso
HH000222,Desenganche silencioso
HH000223,Desenganche silencioso
HH000224,Desenganche silencioso
HH000225,Salida con el banquero
HH000226,Desenganche silencioso
HH000227,Desenganche silencioso
HH000228,Desenganche silencioso
HH000229,Desenganche silencioso
HH000230,Desenganche silencioso
HH000231,Desenganche silencioso
HH000232,Externalización activa
HH000233,Desenganche silencioso
HH000234,Desenganche silencioso
HH000235,Desenganche silencioso
HH000236,Desenganche silencioso
HH000237,Desenganche silencioso
HH000238,Desenganche silencioso
HH000239,Desenganche silencioso
HH000240,Desenganche silencioso
HH000241,Desenganche silencioso
HH000242,Desenganche silencioso
HH000243,Desenganche silencioso
HH000244,Desenganche silencioso
HH000245,Desenganche silencioso
HH000246,Salida con el banquero
HH000247,Desenganche silencioso
HH000248,Desenganche silencioso
HH000249,Desenganche silencioso
HH000250,Desenganche silencioso
HH000251,Desenganche silencioso
HH000252,Desenganche silencioso
HH000253,Desenganche silencioso
HH000254,Desenganche silencioso
HH000255,Desenganche silencioso
HH000256,Desenganche silencioso
HH000257,Desenganche silencioso
HH000258,Desenganche silencioso
HH000259,Desenganche silencioso
HH000260,Desenganche silencioso
HH000261,Desenganche silencioso
HH000262,Desenganche silencioso
HH000263,Desenganche silencioso
HH000264,Desenganche silencioso
HH000265,Desenganche silencioso
HH000266,Externalización activa
HH000267,Desenganche silencioso
HH000268,Desenganche silencioso
HH000269,Salida con el banquero
HH000270,Salida con el banquero
HH000271,Desenganche silencioso
HH000272,Desenganche silencioso
HH000273,Desenganche silencioso
HH000274,Desenganche silencioso
HH000275,Desenganche silencioso
HH000276,Desenganche silencioso
HH000277,Desenganche silencioso
HH000278,Desenganche silencioso
HH000279,Externalización activa
HH000280,Desenganche silencioso
HH000281,Salida con el banquero
HH000282,Desenganche silencioso
HH000283,Desenganche silencioso
HH000284,Salida con el banquero
HH000285,Salida con el banquero
HH000286,Desenganche silencioso
HH000287,Desenganche silencioso
HH000288,Salida con el banquero
HH000289,Desenganche silencioso
HH000290,Desenganche silencioso
HH000291,Desenganche silencioso
HH000292,Desenganche silencioso
HH000293,Desenganche silencioso
HH000294,Desenganche silencioso
HH000295,Desenganche silencioso
HH000296,Salida con el banquero
HH000297,Desenganche silencioso
HH000298,Desenganche silencioso
HH000299,Externalización activa
HH000300,Externalización activa
HH000301,Desenganche silencioso
HH000302,Desenganche silencioso
HH000303,Desenganche silencioso
HH000304,Desenganche silencioso
HH000305,Desenganche silencioso
HH000306,Externalización activa
HH000307,Desenganche silencioso
HH000308,Desenganche silencioso
HH000309,Desenganche silencioso
HH000310,Salida con el banquero
HH000311,Desenganche silencioso
HH000312,Desenganche silencioso
HH000313,Desenganche silencioso
HH000314,Salida con el banquero
HH000315,Externalización activa
HH000316,Salida con el banquero
HH000317,Desenganche silencioso
HH000318,Desenganche silencioso
HH000319,Desenganche silencioso
HH000320,Desenganche silencioso
HH000321,Salida con el banquero
HH000322,Desenganche silencioso
HH000323,Desenganche silencioso
HH000324,Desenganche silencioso
HH000325,Externalización activa
HH000326,Desenganche silencioso
HH000327,Desenganche silencioso
HH000328,Desenganche silencioso
HH000329,Desenganche silencioso
HH000330,Desenganche silencioso
HH000331,Desenganche silencioso
HH000332,Desenganche silencioso
HH000333,Desenganche silencioso
HH000334,Desenganche silencioso
HH000335,Desenganche silencioso
HH000336,Desenganche silencioso
HH000337,Desenganche silencioso
HH000338,Desenganche silencioso
HH000339,Desenganche silencioso
HH000340,Externalización activa
HH000341,Desenganche silencioso
HH000342,Desenganche silencioso
HH000343,Salida con el banquero
HH000344,Salida con el banquero
HH000345,Desenganche silencioso
HH000346,Desenganche silencioso
HH000347,Desenganche silencioso
HH000348,Desenganche silencioso
HH000349,Desenganche silencioso
HH000350,Desenganche silencioso
HH000351,Desenganche silencioso
HH000352,Desenganche silencioso
HH000353,Desenganche silencioso
HH000354,Desenganche silencioso
HH000355,Desenganche silencioso
HH000356,Salida con el banquero
HH000357,Desenganche silencioso
HH000358,Salida con el banquero
HH000359,Desenganche silencioso
HH000360,Desenganche silencioso
HH000361,Salida con el banquero
HH000362,Desenganche silencioso
HH000363,Salida con el banquero
HH000364,Desenganche silencioso
HH000365,Externalización activa
HH000366,Desenganche silencioso
HH000367,Desenganche silencioso
HH000368,Desenganche silencioso
HH000369,Desenganche silencioso
HH000370,Desenganche silencioso
HH000371,Desenganche silencioso
HH000372,Desenganche silencioso
HH000373,Desenganche silencioso
HH000374,Salida con el banquero
HH000375,Desenganche silencioso
HH000376,Salida con el banquero
HH000377,Desenganche silencioso
HH000378,Desenganche silencioso
HH000379,Desenganche silencioso
HH000380,Desenganche silencioso
HH000381,Desenganche silencioso
HH000382,Salida con el banquero
HH000383,Desenganche silencioso
HH000384,Desenganche silencioso
HH000385,Desenganche silencioso
HH000386,Desenganche silencioso
HH000387,Desenganche silencioso
HH000388,Salida con el banquero
HH000389,Desenganche silencioso
HH000390,Desenganche silencioso
HH000391,Salida con el banquero
HH000392,Desenganche silencioso
HH000393,Desenganche silencioso
HH000394,Desenganche silencioso
HH000395,Desenganche silencioso
HH000396,Desenganche silencioso
HH000397,Desenganche silencioso
HH000398,Desenganche silencioso
HH000399,Desenganche silencioso
HH000400,Desenganche silencioso
HH000401,Externalización activa
HH000402,Desenganche silencioso
HH000403,Desenganche silencioso
HH000404,Desenganche silencioso
HH000405,Desenganche silencioso
HH000406,Desenganche silencioso
HH000407,Desenganche silencioso
HH000408,Desenganche silencioso
HH000409,Externalización activa
HH000410,Desenganche silencioso
HH000411,Desenganche silencioso
HH000412,Desenganche silencioso
HH000413,Desenganche silencioso
HH000414,Externalización activa
HH000415,Externalización activa
HH000416,Desenganche silencioso
HH000417,Desenganche silencioso
HH000418,Desenganche silencioso
HH000419,Desenganche silencioso
HH000420,Desenganche silencioso
HH000421,Desenganche silencioso
HH000422,Desenganche silencioso
HH000423,Desenganche silencioso
HH000424,Desenganche silencioso
HH000425,Desenganche silencioso
HH000426,Desenganche silencioso
HH000427,Desenganche silencioso
HH000428,Desenganche silencioso
HH000429,Salida con el banquero
HH000430,Desenganche silencioso
HH000431,Desenganche silencioso
HH000432,Salida con el banquero
HH000433,Desenganche silencioso
HH000434,Desenganche silencioso
HH000435,Desenganche silencioso
HH000436,Desenganche silencioso
HH000437,Desenganche silencioso
HH000438,Desenganche silencioso
HH000439,Desenganche silencioso
HH000440,Desenganche silencioso
HH000441,Salida con el banquero
HH000442,Desenganche silencioso
HH000443,Desenganche silencioso
HH000444,Desenganche silencioso
HH000445,Externalización activa
HH000446,Salida con el banquero
HH000447,Desenganche silencioso
HH000448,Desenganche silencioso
HH000449,Salida con el banquero
HH000450,Desenganche silencioso
HH000451,Desenganche silencioso
HH000452,Desenganche silencioso
HH000453,Salida con el banquero
HH000454,Externalización activa
HH000455,Desenganche silencioso
HH000456,Desenganche silencioso
HH000457,Desenganche silencioso
HH000458,Desenganche silencioso
HH000459,Salida con el banquero
HH000460,Desenganche silencioso
HH000461,Desenganche silencioso
HH000462,Desenganche silencioso
HH000463,Salida con el banquero
HH000464,Desenganche silencioso
HH000465,Salida con el banquero
HH000466,Desenganche silencioso
HH000467,Salida con el banquero
HH000468,Desenganche silencioso
HH000469,Salida con el banquero
HH000470,Desenganche silencioso
HH000471,Desenganche silencioso
HH000472,Desenganche silencioso
HH000473,Desenganche silencioso
HH000474,Desenganche silencioso
HH000475,Desenganche silencioso
HH000476,Desenganche silencioso
HH000477,Salida con el banquero
HH000478,Desenganche silencioso
HH000479,Salida con el banquero
HH000480,Externalización activa
HH000481,Desenganche silencioso
HH000482,Desenganche silencioso
HH000483,Salida con el banquero
HH000484,Desenganche silencioso
HH000485,Desenganche silencioso
HH000486,Desenganche silencioso
HH000487,Desenganche silencioso
HH000488,Desenganche silencioso
HH000489,Desenganche silencioso
HH000490,Salida con el banquero
HH000491,Desenganche silencioso
HH000492,Desenganche silencioso
HH000493,Desenganche silencioso
HH000494,Desenganche silencioso
HH000495,Desenganche silencioso
HH000496,Desenganche silencioso
HH000497,Desenganche silencioso
HH000498,Desenganche silencioso
HH000499,Desenganche silencioso
HH000500,Desenganche silencioso
HH000501,Desenganche silencioso
HH000502,Desenganche silencioso
HH000503,Desenganche silencioso
HH000504,Salida con el banquero
HH000505,Externalización activa
HH000506,Desenganche silencioso
HH000507,Desenganche silencioso
HH000508,Desenganche silencioso
HH000509,Desenganche silencioso
HH000510,Desenganche silencioso
HH000511,Desenganche silencioso
HH000512,Desenganche silencioso
HH000513,Desenganche silencioso
HH000514,Desenganche silencioso
HH000515,Desenganche silencioso
HH000516,Externalización activa
HH000517,Desenganche silencioso
HH000518,Desenganche silencioso
HH000519,Desenganche silencioso
HH000520,Salida con el banquero
HH000521,Desenganche silencioso
HH000522,Desenganche silencioso
HH000523,Desenganche silencioso
HH000524,Desenganche silencioso
HH000525,Salida con el banquero
HH000526,Desenganche silencioso
HH000527,Salida con el banquero
HH000528,Salida con el banquero
HH000529,Desenganche silencioso
HH000530,Desenganche silencioso
HH000531,Desenganche silencioso
HH000532,Desenganche silencioso
HH000533,Desenganche silencioso
HH000534,Salida con el banquero
HH000535,Desenganche silencioso
HH000536,Desenganche silencioso
HH000537,Desenganche silencioso
HH000538,Salida con el banquero
HH000539,Desenganche silencioso
HH000540,Desenganche silencioso
HH000541,Externalización activa
HH000542,Salida con el banquero
HH000543,Desenganche silencioso
HH000544,Desenganche silencioso
HH000545,Salida con el banquero
HH000546,Desenganche silencioso
HH000547,Salida con el banquero
HH000548,Desenganche silencioso
HH000549,Externalización activa
HH000550,Desenganche silencioso
HH000551,Desenganche silencioso
HH000552,Desenganche silencioso
HH000553,Desenganche silencioso
HH000554,Desenganche silencioso
HH000555,Desenganche silencioso
HH000556,Desenganche silencioso
HH000557,Salida con el banquero
HH000558,Desenganche silencioso
HH000559,Desenganche silencioso
HH000560,Desenganche silencioso
HH000561,Desenganche silencioso
HH000562,Desenganche silencioso
HH000563,Desenganche silencioso
HH000564,Externalización activa
HH000565,Salida con el banquero
HH000566,Desenganche silencioso
HH000567,Salida con el banquero
HH000568,Desenganche silencioso
HH000569,Desenganche silencioso
HH000570,Desenganche silencioso
HH000571,Desenganche silencioso
HH000572,Desenganche silencioso
HH000573,Desenganche silencioso
HH000574,Desenganche silencioso
HH000575,Desenganche silencioso
HH000576,Desenganche silencioso
HH000577,Desenganche silencioso
HH000578,Desenganche silencioso
HH000579,Desenganche silencioso
HH000580,Desenganche silencioso
HH000581,Externalización activa
HH000582,Desenganche silencioso
HH000583,Desenganche silencioso
HH000584,Desenganche silencioso
HH000585,Desenganche silencioso
HH000586,Desenganche silencioso
HH000587,Desenganche silencioso
HH000588,Desenganche silencioso
HH000589,Desenganche silencioso
HH000590,Desenganche silencioso
HH000591,Desenganche silencioso
HH000592,Salida con el banquero
HH000593,Desenganche silencioso
HH000594,Desenganche silencioso
HH000595,Desenganche silencioso
HH000596,Desenganche silencioso
HH000597,Desenganche silencioso
HH000598,Desenganche silencioso
HH000599,Externalización activa
HH000600,Desenganche silencioso
HH000601,Externalización activa
HH000602,Desenganche silencioso
HH000603,Desenganche silencioso
HH000604,Desenganche silencioso
HH000605,Desenganche silencioso
HH000606,Desenganche silencioso
HH000607,Desenganche silencioso
HH000608,Desenganche silencioso
HH000609,Salida con el banquero
HH000610,Salida con el banquero
HH000611,Desenganche silencioso
HH000612,Externalización activa
HH000613,Desenganche silencioso
HH000614,Desenganche silencioso
HH000615,Salida con el banquero
HH000616,Desenganche silencioso
HH000617,Desenganche silencioso
HH000618,Desenganche silencioso
HH000619,Salida con el banquero
HH000620,Desenganche silencioso
HH000621,Desenganche silencioso
HH000622,Desenganche silencioso
HH000623,Desenganche silencioso
HH000624,Desenganche silencioso
HH000625,Desenganche silencioso
HH000626,Desenganche silencioso
HH000627,Desenganche silencioso
HH000628,Desenganche silencioso
HH000629,Desenganche silencioso
HH000630,Desenganche silencioso
HH000631,Desenganche silencioso
HH000632,Desenganche silencioso
HH000633,Salida con el banquero
HH000634,Desenganche silencioso
HH000635,Desenganche silencioso
HH000636,Desenganche silencioso
HH000637,Desenganche silencioso
HH000638,Salida con el banquero
HH000639,Desenganche silencioso
HH000640,Desenganche silencioso
HH000641,Desenganche silencioso
HH000642,Desenganche silencioso
HH000643,Desenganche silencioso
HH000644,Desenganche silencioso
HH000645,Desenganche silencioso
HH000646,Desenganche silencioso
HH000647,Desenganche silencioso
HH000648,Desenganche silencioso
HH000649,Desenganche silencioso
HH000650,Desenganche silencioso
HH000651,Desenganche silencioso
HH000652,Desenganche silencioso
HH000653,Desenganche silencioso
HH000654,Desenganche silencioso
HH000655,Desenganche silencioso
HH000656,Desenganche silencioso
HH000657,Desenganche silencioso
HH000658,Desenganche silencioso
HH000659,Desenganche silencioso
HH000660,Salida con el banquero
HH000661,Desenganche silencioso
HH000662,Desenganche silencioso
HH000663,Desenganche silencioso
HH000664,Desenganche silencioso
HH000665,Desenganche silencioso
HH000666,Desenganche silencioso
HH000667,Desenganche silencioso
HH000668,Desenganche silencioso
HH000669,Desenganche silencioso
HH000670,Desenganche silencioso
HH000671,Externalización activa
HH000672,Desenganche silencioso
HH000673,Desenganche silencioso
HH000674,Desenganche silencioso
HH000675,Desenganche silencioso
HH000676,Desenganche silencioso
HH000677,Desenganche silencioso
HH000678,Salida con el banquero
HH000679,Desenganche silencioso
HH000680,Desenganche silencioso
HH000681,Desenganche silencioso
HH000682,Desenganche silencioso
HH000683,Desenganche silencioso
HH000684,Desenganche silencioso
HH000685,Desenganche silencioso
HH000686,Desenganche silencioso
HH000687,Desenganche silencioso
HH000688,Desenganche silencioso
HH000689,Salida con el banquero
HH000690,Desenganche silencioso
HH000691,Desenganche silencioso
HH000692,Desenganche silencioso
HH000693,Desenganche silencioso
HH000694,Desenganche silencioso
HH000695,Desenganche silencioso
HH000696,Desenganche silencioso
HH000697,Desenganche silencioso
HH000698,Desenganche silencioso
HH000699,Desenganche silencioso
HH000700,Desenganche silencioso
HH000701,Externalización activa
HH000702,Desenganche silencioso
HH000703,Desenganche silencioso
HH000704,Desenganche silencioso
HH000705,Desenganche silencioso
HH000706,Desenganche silencioso
HH000707,Desenganche silencioso
HH000708,Salida con el banquero
HH000709,Desenganche silencioso
HH000710,Salida con el banquero
HH000711,Desenganche silencioso
HH000712,Desenganche silencioso
HH000713,Desenganche silencioso
HH000714,Desenganche silencioso
HH000715,Desenganche silencioso
HH000716,Desenganche silencioso
HH000717,Salida con el banquero
HH000718,Desenganche silencioso
HH000719,Desenganche silencioso
HH000720,Desenganche silencioso
HH000721,Desenganche silencioso
HH000722,Desenganche silencioso
HH000723,Salida con el banquero
HH000724,Desenganche silencioso
HH000725,Desenganche silencioso
HH000726,Desenganche silencioso
HH000727,Desenganche silencioso
HH000728,Externalización activa
HH000729,Desenganche silencioso
HH000730,Desenganche silencioso
HH000731,Desenganche silencioso
HH000732,Desenganche silencioso
HH000733,Desenganche silencioso
HH000734,Desenganche silencioso
HH000735,Externalización activa
HH000736,Desenganche silencioso
HH000737,Salida con el banquero
HH000738,Desenganche silencioso
HH000739,Salida con el banquero
HH000740,Desenganche silencioso
HH000741,Desenganche silencioso
HH000742,Salida con el banquero
HH000743,Desenganche silencioso
HH000744,Desenganche silencioso
HH000745,Desenganche silencioso
HH000746,Desenganche silencioso
HH000747,Desenganche silencioso
HH000748,Desenganche silencioso
HH000749,Desenganche silencioso
HH000750,Externalización activa
HH000751,Desenganche silencioso
HH000752,Desenganche silencioso
HH000753,Desenganche silencioso
HH000754,Desenganche silencioso
HH000755,Desenganche silencioso
HH000756,Desenganche silencioso
HH000757,Salida con el banquero
HH000758,Desenganche silencioso
HH000759,Desenganche silencioso
HH000760,Desenganche silencioso
HH000761,Desenganche silencioso
HH000762,Salida con el banquero
HH000763,Desenganche silencioso
HH000764,Desenganche silencioso
HH000765,Desenganche silencioso
HH000766,Desenganche silencioso
HH000767,Desenganche silencioso
HH000768,Desenganche silencioso
HH000769,Desenganche silencioso
HH000770,Desenganche silencioso
HH000771,Desenganche silencioso
HH000772,Desenganche silencioso
HH000773,Externalización activa
HH000774,Desenganche silencioso
HH000775,Desenganche silencioso
HH000776,Desenganche silencioso
HH000777,Salida con el banquero
HH000778,Desenganche silencioso
HH000779,Desenganche silencioso
HH000780,Externalización activa
HH000781,Desenganche silencioso
HH000782,Desenganche silencioso
HH000783,Desenganche silencioso
HH000784,Desenganche silencioso
HH000785,Salida con el banquero
HH000786,Desenganche silencioso
HH000787,Desenganche silencioso
HH000788,Desenganche silencioso
HH000789,Desenganche silencioso
HH000790,Desenganche silencioso
HH000791,Externalización activa
HH000792,Desenganche silencioso
HH000793,Desenganche silencioso
HH000794,Desenganche silencioso
HH000795,Desenganche silencioso
HH000796,Desenganche silencioso
HH000797,Salida con el banquero
HH000798,Desenganche silencioso
HH000799,Desenganche silencioso
HH000800,Desenganche silencioso
HH000801,Desenganche silencioso
HH000802,Desenganche silencioso
HH000803,Desenganche silencioso
HH000804,Desenganche silencioso
HH000805,Desenganche silencioso
HH000806,Desenganche silencioso
HH000807,Desenganche silencioso
HH000808,Salida con el banquero
HH000809,Salida con el banquero
HH000810,Desenganche silencioso
HH000811,Desenganche silencioso
HH000812,Desenganche silencioso
HH000813,Desenganche silencioso
HH000814,Externalización activa
HH000815,Desenganche silencioso
HH000816,Desenganche silencioso
HH000817,Desenganche silencioso
HH000818,Externalización activa
HH000819,Desenganche silencioso
HH000820,Desenganche silencioso
HH000821,Desenganche silencioso
HH000822,Externalización activa
HH000823,Desenganche silencioso
HH000824,Desenganche silencioso
HH000825,Desenganche silencioso
HH000826,Desenganche silencioso
HH000827,Desenganche silencioso
HH000828,Desenganche silencioso
HH000829,Desenganche silencioso
HH000830,Desenganche silencioso
HH000831,Desenganche silencioso
HH000832,Desenganche silencioso
HH000833,Desenganche silencioso
HH000834,Desenganche silencioso
HH000835,Desenganche silencioso
HH000836,Desenganche silencioso
HH000837,Desenganche silencioso
HH000838,Desenganche silencioso
HH000839,Desenganche silencioso
HH000840,Desenganche silencioso
HH000841,Desenganche silencioso
HH000842,Desenganche silencioso
HH000843,Desenganche silencioso
HH000844,Desenganche silencioso
HH000845,Desenganche silencioso
HH000846,Salida con el banquero
HH000847,Desenganche silencioso
HH000848,Externalización activa
HH000849,Desenganche silencioso
HH000850,Salida con el banquero
HH000851,Desenganche silencioso
HH000852,Desenganche silencioso
HH000853,Desenganche silencioso
HH000854,Desenganche silencioso
HH000855,Desenganche silencioso
HH000856,Salida con el banquero
HH000857,Desenganche silencioso
HH000858,Desenganche silencioso
HH000859,Desenganche silencioso
HH000860,Desenganche silencioso
HH000861,Desenganche silencioso
HH000862,Salida con el banquero
HH000863,Desenganche silencioso
HH000864,Desenganche silencioso
HH000865,Desenganche silencioso
HH000866,Desenganche silencioso
HH000867,Desenganche silencioso
HH000868,Desenganche silencioso
HH000869,Desenganche silencioso
HH000870,Salida con el banquero
HH000871,Desenganche silencioso
HH000872,Desenganche silencioso
HH000873,Desenganche silencioso
HH000874,Desenganche silencioso
HH000875,Desenganche silencioso
HH000876,Salida con el banquero
HH000877,Desenganche silencioso
HH000878,Externalización activa
HH000879,Salida con el banquero
HH000880,Desenganche silencioso
HH000881,Desenganche silencioso
HH000882,Desenganche silencioso
HH000883,Salida con el banquero
HH000884,Desenganche silencioso
HH000885,Desenganche silencioso
HH000886,Salida con el banquero
HH000887,Desenganche silencioso
HH000888,Desenganche silencioso
HH000889,Desenganche silencioso
HH000890,Desenganche silencioso
HH000891,Desenganche silencioso
HH000892,Desenganche silencioso
HH000893,Desenganche silencioso
HH000894,Desenganche silencioso
HH000895,Desenganche silencioso
HH000896,Desenganche silencioso
HH000897,Salida con el banquero
HH000898,Salida con el banquero
HH000899,Desenganche silencioso
HH000900,Desenganche silencioso
HH000901,Desenganche silencioso
HH000902,Salida con el banquero
HH000903,Desenganche silencioso
HH000904,Salida con el banquero
HH000905,Desenganche silencioso
HH000906,Desenganche silencioso
HH000907,Desenganche silencioso
HH000908,Desenganche silencioso
HH000909,Desenganche silencioso
HH000910,Desenganche silencioso
HH000911,Desenganche silencioso
HH000912,Desenganche silencioso
HH000913,Desenganche silencioso
HH000914,Desenganche silencioso
HH000915,Desenganche silencioso
HH000916,Desenganche silencioso
HH000917,Desenganche silencioso
HH000918,Desenganche silencioso
HH000919,Desenganche silencioso
HH000920,Desenganche silencioso
HH000921,Desenganche silencioso
HH000922,Desenganche silencioso
HH000923,Desenganche silencioso
HH000924,Desenganche silencioso
HH000925,Desenganche silencioso
HH000926,Desenganche silencioso
HH000927,Desenganche silencioso
HH000928,Salida con el banquero
HH000929,Desenganche silencioso
HH000930,Desenganche silencioso
HH000931,Desenganche silencioso
HH000932,Desenganche silencioso
HH000933,Desenganche silencioso
HH000934,Desenganche silencioso
HH000935,Desenganche silencioso
HH000936,Desenganche silencioso
HH000937,Desenganche silencioso
HH000938,Externalización activa
HH000939,Desenganche silencioso
HH000940,Desenganche silencioso
HH000941,Desenganche silencioso
HH000942,Desenganche silencioso
HH000943,Desenganche silencioso
HH000944,Desenganche silencioso
HH000945,Desenganche silencioso
HH000946,Desenganche silencioso
HH000947,Desenganche silencioso
HH000948,Desenganche silencioso
HH000949,Desenganche silencioso
HH000950,Desenganche silencioso
HH000951,Desenganche silencioso
HH000952,Desenganche silencioso
HH000953,Desenganche silencioso
HH000954,Desenganche silencioso
HH000955,Desenganche silencioso
HH000956,Salida con el banquero
HH000957,Desenganche silencioso
HH000958,Desenganche silencioso
HH000959,Desenganche silencioso
HH000960,Desenganche silencioso
HH000961,Desenganche silencioso
HH000962,Desenganche silencioso
HH000963,Desenganche silencioso
HH000964,Desenganche silencioso
HH000965,Desenganche silencioso
HH000966,Desenganche silencioso
HH000967,Desenganche silencioso
HH000968,Desenganche silencioso
HH000969,Desenganche silencioso
HH000970,Desenganche silencioso
HH000971,Desenganche silencioso
HH000972,Desenganche silencioso
HH000973,Desenganche silencioso
HH000974,Desenganche silencioso
HH000975,Desenganche silencioso
HH000976,Desenganche silencioso
HH000977,Desenganche silencioso
HH000978,Desenganche silencioso
HH000979,Desenganche silencioso
HH000980,Externalización activa
HH000981,Desenganche silencioso
HH000982,Desenganche silencioso
HH000983,Desenganche silencioso
HH000984,Desenganche silencioso
HH000985,Desenganche silencioso
HH000986,Desenganche silencioso
HH000987,Desenganche silencioso
HH000988,Desenganche silencioso
HH000989,Salida con el banquero
HH000990,Externalización activa
HH000991,Externalización activa
HH000992,Desenganche silencioso
HH000993,Desenganche silencioso
HH000994,Desenganche silencioso
HH000995,Desenganche silencioso
HH000996,Desenganche silencioso
HH000997,Desenganche silencioso
HH000998,Desenganche silencioso
HH000999,Desenganche silencioso
HH001000,Salida con el banquero
HH001001,Externalización activa
HH001002,Desenganche silencioso
HH001003,Desenganche silencioso
HH001004,Desenganche silencioso
HH001005,Desenganche silencioso
HH001006,Desenganche silencioso
HH001007,Desenganche silencioso
HH001008,Salida con el banquero
HH001009,Desenganche silencioso
HH001010,Desenganche silencioso
HH001011,Desenganche silencioso
HH001012,Desenganche silencioso
HH001013,Desenganche silencioso
HH001014,Desenganche silencioso
HH001015,Salida con el banquero
HH001016,Desenganche silencioso
HH001017,Desenganche silencioso
HH001018,Desenganche silencioso
HH001019,Desenganche silencioso
HH001020,Desenganche silencioso
HH001021,Desenganche silencioso
HH001022,Salida con el banquero
HH001023,Desenganche silencioso
HH001024,Desenganche silencioso
HH001025,Salida con el banquero
HH001026,Desenganche silencioso
HH001027,Desenganche silencioso
HH001028,Desenganche silencioso
HH001029,Desenganche silencioso
HH001030,Externalización activa
HH001031,Desenganche silencioso
HH001032,Desenganche silencioso
HH001033,Desenganche silencioso
HH001034,Desenganche silencioso
HH001035,Externalización activa
HH001036,Desenganche silencioso
HH001037,Desenganche silencioso
HH001038,Desenganche silencioso
HH001039,Desenganche silencioso
HH001040,Desenganche silencioso
HH001041,Desenganche silencioso
HH001042,Desenganche silencioso
HH001043,Salida con el banquero
HH001044,Desenganche silencioso
HH001045,Desenganche silencioso
HH001046,Desenganche silencioso
HH001047,Desenganche silencioso
HH001048,Desenganche silencioso
HH001049,Desenganche silencioso
HH001050,Desenganche silencioso
HH001051,Desenganche silencioso
HH001052,Desenganche silencioso
HH001053,Desenganche silencioso
HH001054,Desenganche silencioso
HH001055,Salida con el banquero
HH001056,Desenganche silencioso
HH001057,Desenganche silencioso
HH001058,Desenganche silencioso
HH001059,Desenganche silencioso
HH001060,Desenganche silencioso
HH001061,Desenganche silencioso
HH001062,Desenganche silencioso
HH001063,Desenganche silencioso
HH001064,Salida con el banquero
HH001065,Desenganche silencioso
HH001066,Desenganche silencioso
HH001067,Desenganche silencioso
HH001068,Externalización activa
HH001069,Desenganche silencioso
HH001070,Desenganche silencioso
HH001071,Desenganche silencioso
HH001072,Salida con el banquero
HH001073,Desenganche silencioso
HH001074,Externalización activa
HH001075,Desenganche silencioso
HH001076,Desenganche silencioso
HH001077,Desenganche silencioso
HH001078,Externalización activa
HH001079,Desenganche silencioso
HH001080,Desenganche silencioso
HH001081,Desenganche silencioso
HH001082,Desenganche silencioso
HH001083,Desenganche silencioso
HH001084,Desenganche silencioso
HH001085,Desenganche silencioso
HH001086,Desenganche silencioso
HH001087,Desenganche silencioso
HH001088,Desenganche silencioso
HH001089,Externalización activa
HH001090,Desenganche silencioso
HH001091,Desenganche silencioso
HH001092,Desenganche silencioso
HH001093,Desenganche silencioso
HH001094,Desenganche silencioso
HH001095,Desenganche silencioso
HH001096,Desenganche silencioso
HH001097,Desenganche silencioso
HH001098,Desenganche silencioso
HH001099,Externalización activa
HH001100,Desenganche silencioso
HH001101,Desenganche silencioso
HH001102,Desenganche silencioso
HH001103,Desenganche silencioso
HH001104,Desenganche silencioso
HH001105,Desenganche silencioso
HH001106,Desenganche silencioso
HH001107,Desenganche silencioso
HH001108,Desenganche silencioso
HH001109,Desenganche silencioso
HH001110,Desenganche silencioso
HH001111,Desenganche silencioso
HH001112,Desenganche silencioso
HH001113,Desenganche silencioso
HH001114,Desenganche silencioso
HH001115,Desenganche silencioso
HH001116,Desenganche silencioso
HH001117,Desenganche silencioso
HH001118,Desenganche silencioso
HH001119,Desenganche silencioso
HH001120,Desenganche silencioso
HH001121,Desenganche silencioso
HH001122,Desenganche silencioso
HH001123,Desenganche silencioso
HH001124,Desenganche silencioso
HH001125,Desenganche silencioso
HH001126,Desenganche silencioso
HH001127,Desenganche silencioso
HH001128,Salida con el banquero
HH001129,Desenganche silencioso
HH001130,Desenganche silencioso
HH001131,Desenganche silencioso
HH001132,Desenganche silencioso
HH001133,Desenganche silencioso
HH001134,Desenganche silencioso
HH001135,Desenganche silencioso
HH001136,Desenganche silencioso
HH001137,Externalización activa
HH001138,Desenganche silencioso
HH001139,Salida con el banquero
HH001140,Desenganche silencioso
HH001141,Desenganche silencioso
HH001142,Salida con el banquero
HH001143,Desenganche silencioso
HH001144,Desenganche silencioso
HH001145,Desenganche silencioso
HH001146,Desenganche silencioso
HH001147,Salida con el banquero
HH001148,Salida con el banquero
HH001149,Salida con el banquero
HH001150,Desenganche silencioso
HH001151,Desenganche silencioso
HH001152,Desenganche silencioso
HH001153,Desenganche silencioso
HH001154,Desenganche silencioso
HH001155,Desenganche silencioso
HH001156,Desenganche silencioso
HH001157,Desenganche silencioso
HH001158,Externalización activa
HH001159,Desenganche silencioso
HH001160,Desenganche silencioso
HH001161,Desenganche silencioso
HH001162,Salida con el banquero
HH001163,Desenganche silencioso
HH001164,Desenganche silencioso
HH001165,Desenganche silencioso
HH001166,Externalización activa
HH001167,Desenganche silencioso
HH001168,Desenganche silencioso
HH001169,Desenganche silencioso
HH001170,Salida con el banquero
HH001171,Desenganche silencioso
HH001172,Desenganche silencioso
HH001173,Desenganche silencioso
HH001174,Salida con el banquero
HH001175,Salida con el banquero
HH001176,Salida con el banquero
HH001177,Desenganche silencioso
HH001178,Desenganche silencioso
HH001179,Desenganche silencioso
HH001180,Desenganche silencioso
HH001181,Desenganche silencioso
HH001182,Externalización activa
HH001183,Desenganche silencioso
HH001184,Desenganche silencioso
HH001185,Desenganche silencioso
HH001186,Desenganche silencioso
HH001187,Desenganche silencioso
HH001188,Desenganche silencioso
HH001189,Desenganche silencioso
HH001190,Desenganche silencioso
HH001191,Desenganche silencioso
HH001192,Desenganche silencioso
HH001193,Externalización activa
HH001194,Desenganche silencioso
HH001195,Salida con el banquero
HH001196,Desenganche silencioso
HH001197,Externalización activa
HH001198,Desenganche silencioso
HH001199,Externalización activa
HH001200,Desenganche silencioso
HH001201,Desenganche silencioso
HH001202,Desenganche silencioso
HH001203,Externalización activa
HH001204,Desenganche silencioso
HH001205,Desenganche silencioso
HH001206,Desenganche silencioso
HH001207,Desenganche silencioso
HH001208,Desenganche silencioso
HH001209,Desenganche silencioso
HH001210,Desenganche silencioso
HH001211,Desenganche silencioso
HH001212,Desenganche silencioso
HH001213,Desenganche silencioso
HH001214,Desenganche silencioso
HH001215,Desenganche silencioso
HH001216,Desenganche silencioso
HH001217,Salida con el banquero
HH001218,Externalización activa
HH001219,Desenganche silencioso
HH001220,Desenganche silencioso
HH001221,Desenganche silencioso
HH001222,Externalización activa
HH001223,Salida con el banquero
HH001224,Desenganche silencioso
HH001225,Desenganche silencioso
HH001226,Desenganche silencioso
HH001227,Desenganche silencioso
HH001228,Desenganche silencioso
HH001229,Desenganche silencioso
HH001230,Salida con el banquero
HH001231,Externalización activa
HH001232,Desenganche silencioso
HH001233,Salida con el banquero
HH001234,Desenganche silencioso
HH001235,Desenganche silencioso
HH001236,Desenganche silencioso
HH001237,Desenganche silencioso
HH001238,Desenganche silencioso
HH001239,Desenganche silencioso
HH001240,Desenganche silencioso
HH001241,Salida con el banquero
HH001242,Salida con el banquero
HH001243,Desenganche silencioso
HH001244,Externalización activa
HH001245,Desenganche silencioso
HH001246,Desenganche silencioso
HH001247,Externalización activa
HH001248,Desenganche silencioso
HH001249,Desenganche silencioso
HH001250,Desenganche silencioso
HH001251,Salida con el banquero
HH001252,Desenganche silencioso
HH001253,Desenganche silencioso
HH001254,Desenganche silencioso
HH001255,Desenganche silencioso
HH001256,Salida con el banquero
HH001257,Desenganche silencioso
HH001258,Desenganche silencioso
HH001259,Desenganche silencioso
HH001260,Desenganche silencioso
HH001261,Desenganche silencioso
HH001262,Desenganche silencioso
HH001263,Desenganche silencioso
HH001264,Desenganche silencioso
HH001265,Externalización activa
HH001266,Desenganche silencioso
HH001267,Desenganche silencioso
HH001268,Salida con el banquero
HH001269,Desenganche silencioso
HH001270,Desenganche silencioso
HH001271,Desenganche silencioso
HH001272,Desenganche silencioso
HH001273,Desenganche silencioso
HH001274,Desenganche silencioso
HH001275,Salida con el banquero
HH001276,Desenganche silencioso
HH001277,Desenganche silencioso
HH001278,Salida con el banquero
HH001279,Desenganche silencioso
HH001280,Desenganche silencioso
HH001281,Desenganche silencioso
HH001282,Externalización activa
HH001283,Desenganche silencioso
HH001284,Desenganche silencioso
HH001285,Salida con el banquero
HH001286,Desenganche silencioso
HH001287,Desenganche silencioso
HH001288,Desenganche silencioso
HH001289,Externalización activa
HH001290,Desenganche silencioso
HH001291,Desenganche silencioso
HH001292,Desenganche silencioso
HH001293,Desenganche silencioso
HH001294,Desenganche silencioso
HH001295,Salida con el banquero
HH001296,Desenganche silencioso
HH001297,Salida con el banquero
HH001298,Desenganche silencioso
HH001299,Desenganche silencioso
HH001300,Desenganche silencioso
HH001301,Externalización activa
HH001302,Desenganche silencioso
HH001303,Desenganche silencioso
HH001304,Desenganche silencioso
HH001305,Desenganche silencioso
HH001306,Desenganche silencioso
HH001307,Desenganche silencioso
HH001308,Salida con el banquero
HH001309,Desenganche silencioso
HH001310,Externalización activa
HH001311,Salida con el banquero
HH001312,Desenganche silencioso
HH001313,Desenganche silencioso
HH001314,Desenganche silencioso
HH001315,Desenganche silencioso
HH001316,Desenganche silencioso
HH001317,Desenganche silencioso
HH001318,Desenganche silencioso
HH001319,Salida con el banquero
HH001320,Desenganche silencioso
HH001321,Desenganche silencioso
HH001322,Desenganche silencioso
HH001323,Desenganche silencioso
HH001324,Desenganche silencioso
HH001325,Desenganche silencioso
HH001326,Desenganche silencioso
HH001327,Desenganche silencioso
HH001328,Externalización activa
HH001329,Desenganche silencioso
HH001330,Desenganche silencioso
HH001331,Desenganche silencioso
HH001332,Desenganche silencioso
HH001333,Salida con el banquero
HH001334,Desenganche silencioso
HH001335,Desenganche silencioso
HH001336,Desenganche silencioso
HH001337,Desenganche silencioso
HH001338,Desenganche silencioso
HH001339,Desenganche silencioso
HH001340,Desenganche silencioso
HH001341,Desenganche silencioso
HH001342,Desenganche silencioso
HH001343,Desenganche silencioso
HH001344,Desenganche silencioso
HH001345,Desenganche silencioso
HH001346,Desenganche silencioso
HH001347,Desenganche silencioso
HH001348,Desenganche silencioso
HH001349,Desenganche silencioso
HH001350,Desenganche silencioso
HH001351,Desenganche silencioso
HH001352,Desenganche silencioso
HH001353,Salida con el banquero
HH001354,Desenganche silencioso
HH001355,Desenganche silencioso
HH001356,Desenganche silencioso
HH001357,Desenganche silencioso
HH001358,Desenganche silencioso
HH001359,Desenganche silencioso
HH001360,Desenganche silencioso
HH001361,Externalización activa
HH001362,Desenganche silencioso
HH001363,Desenganche silencioso
HH001364,Desenganche silencioso
HH001365,Desenganche silencioso
HH001366,Desenganche silencioso
HH001367,Desenganche silencioso
HH001368,Desenganche silencioso
HH001369,Desenganche silencioso
HH001370,Desenganche silencioso
HH001371,Desenganche silencioso
HH001372,Desenganche silencioso
HH001373,Desenganche silencioso
HH001374,Desenganche silencioso
HH001375,Desenganche silencioso
HH001376,Desenganche silencioso
HH001377,Desenganche silencioso
HH001378,Externalización activa
HH001379,Desenganche silencioso
HH001380,Desenganche silencioso
HH001381,Desenganche silencioso
HH001382,Desenganche silencioso
HH001383,Desenganche silencioso
HH001384,Desenganche silencioso
HH001385,Salida con el banquero
HH001386,Desenganche silencioso
HH001387,Desenganche silencioso
HH001388,Desenganche silencioso
HH001389,Desenganche silencioso
HH001390,Desenganche silencioso
HH001391,Desenganche silencioso
HH001392,Desenganche silencioso
HH001393,Desenganche silencioso
HH001394,Desenganche silencioso
HH001395,Desenganche silencioso
HH001396,Desenganche silencioso
HH001397,Desenganche silencioso
HH001398,Desenganche silencioso
HH001399,Desenganche silencioso
HH001400,Salida con el banquero
HH001401,Desenganche silencioso
HH001402,Desenganche silencioso
HH001403,Desenganche silencioso
HH001404,Desenganche silencioso
HH001405,Desenganche silencioso
HH001406,Desenganche silencioso
HH001407,Desenganche silencioso
HH001408,Desenganche silencioso
HH001409,Externalización activa
HH001410,Desenganche silencioso
HH001411,Desenganche silencioso
HH001412,Desenganche silencioso
HH001413,Desenganche silencioso
HH001414,Desenganche silencioso
HH001415,Salida con el banquero
HH001416,Desenganche silencioso
HH001417,Desenganche silencioso
HH001418,Desenganche silencioso
HH001419,Desenganche silencioso
HH001420,Desenganche silencioso
HH001421,Desenganche silencioso
HH001422,Externalización activa
HH001423,Desenganche silencioso
HH001424,Salida con el banquero
HH001425,Desenganche silencioso
HH001426,Desenganche silencioso
HH001427,Desenganche silencioso
HH001428,Desenganche silencioso
HH001429,Desenganche silencioso
HH001430,Salida con el banquero
HH001431,Salida con el banquero
HH001432,Desenganche silencioso
HH001433,Desenganche silencioso
HH001434,Desenganche silencioso
HH001435,Desenganche silencioso
HH001436,Desenganche silencioso
HH001437,Desenganche silencioso
HH001438,Desenganche silencioso
HH001439,Desenganche silencioso
HH001440,Desenganche silencioso
HH001441,Desenganche silencioso
HH001442,Desenganche silencioso
HH001443,Salida con el banquero
HH001444,Desenganche silencioso
HH001445,Desenganche silencioso
HH001446,Desenganche silencioso
HH001447,Desenganche silencioso
HH001448,Desenganche silencioso
HH001449,Salida con el banquero
HH001450,Externalización activa
HH001451,Desenganche silencioso
HH001452,Desenganche silencioso
HH001453,Desenganche silencioso
HH001454,Desenganche silencioso
HH001455,Desenganche silencioso
HH001456,Desenganche silencioso
HH001457,Salida con el banquero
HH001458,Desenganche silencioso
HH001459,Desenganche silencioso
HH001460,Desenganche silencioso
HH001461,Desenganche silencioso
HH001462,Salida con el banquero
HH001463,Desenganche silencioso
HH001464,Desenganche silencioso
HH001465,Desenganche silencioso
HH001466,Desenganche silencioso
HH001467,Salida con el banquero
HH001468,Desenganche silencioso
HH001469,Desenganche silencioso
HH001470,Desenganche silencioso
HH001471,Desenganche silencioso
HH001472,Desenganche silencioso
HH001473,Desenganche silencioso
HH001474,Desenganche silencioso
HH001475,Salida con el banquero
HH001476,Desenganche silencioso
HH001477,Desenganche silencioso
HH001478,Desenganche silencioso
HH001479,Desenganche silencioso
HH001480,Desenganche silencioso
HH001481,Desenganche silencioso
HH001482,Desenganche silencioso
HH001483,Desenganche silencioso
HH001484,Desenganche silencioso
HH001485,Desenganche silencioso
HH001486,Desenganche silencioso
HH001487,Desenganche silencioso
HH001488,Desenganche silencioso
HH001489,Externalización activa
HH001490,Desenganche silencioso
HH001491,Desenganche silencioso
HH001492,Desenganche silencioso
HH001493,Desenganche silencioso
HH001494,Externalización activa
HH001495,Salida con el banquero
HH001496,Desenganche silencioso
HH001497,Desenganche silencioso
HH001498,Desenganche silencioso
HH001499,Salida con el banquero
HH001500,Desenganche silencioso
HH001501,Desenganche silencioso
HH001502,Desenganche silencioso
HH001503,Externalización activa
HH001504,Desenganche silencioso
HH001505,Desenganche silencioso
HH001506,Desenganche silencioso
HH001507,Externalización activa
HH001508,Desenganche silencioso
HH001509,Desenganche silencioso
HH001510,Salida con el banquero
HH001511,Desenganche silencioso
HH001512,Desenganche silencioso
HH001513,Externalización activa
HH001514,Salida con el banquero
HH001515,Salida con el banquero
HH001516,Salida con el banquero
HH001517,Desenganche silencioso
HH001518,Desenganche silencioso
HH001519,Desenganche silencioso
HH001520,Desenganche silencioso
HH001521,Externalización activa
HH001522,Desenganche silencioso
HH001523,Desenganche silencioso
HH001524,Desenganche silencioso
HH001525,Desenganche silencioso
HH001526,Salida con el banquero
HH001527,Desenganche silencioso
HH001528,Desenganche silencioso
HH001529,Desenganche silencioso
HH001530,Desenganche silencioso
HH001531,Desenganche silencioso
HH001532,Desenganche silencioso
HH001533,Desenganche silencioso
HH001534,Desenganche silencioso
HH001535,Desenganche silencioso
HH001536,Desenganche silencioso
HH001537,Desenganche silencioso
HH001538,Desenganche silencioso
HH001539,Desenganche silencioso
HH001540,Externalización activa
HH001541,Desenganche silencioso
HH001542,Desenganche silencioso
HH001543,Desenganche silencioso
HH001544,Desenganche silencioso
HH001545,Desenganche silencioso
HH001546,Desenganche silencioso
HH001547,Desenganche silencioso
HH001548,Desenganche silencioso
HH001549,Desenganche silencioso
HH001550,Desenganche silencioso
HH001551,Desenganche silencioso
HH001552,Desenganche silencioso
HH001553,Desenganche silencioso
HH001554,Salida con el banquero
HH001555,Desenganche silencioso
HH001556,Desenganche silencioso
HH001557,Desenganche silencioso
HH001558,Desenganche silencioso
HH001559,Externalización activa
HH001560,Desenganche silencioso
HH001561,Desenganche silencioso
HH001562,Desenganche silencioso
HH001563,Desenganche silencioso
HH001564,Externalización activa
HH001565,Desenganche silencioso
HH001566,Desenganche silencioso
HH001567,Desenganche silencioso
HH001568,Desenganche silencioso
HH001569,Desenganche silencioso
HH001570,Desenganche silencioso
HH001571,Desenganche silencioso
HH001572,Externalización activa
HH001573,Desenganche silencioso
HH001574,Desenganche silencioso
HH001575,Desenganche silencioso
HH001576,Desenganche silencioso
HH001577,Desenganche silencioso
HH001578,Desenganche silencioso
HH001579,Desenganche silencioso
HH001580,Desenganche silencioso
HH001581,Externalización activa
HH001582,Desenganche silencioso
HH001583,Desenganche silencioso
HH001584,Salida con el banquero
HH001585,Externalización activa
HH001586,Desenganche silencioso
HH001587,Desenganche silencioso
HH001588,Externalización activa
HH001589,Desenganche silencioso
HH001590,Desenganche silencioso
HH001591,Desenganche silencioso
HH001592,Desenganche silencioso
HH001593,Salida con el banquero
HH001594,Salida con el banquero
HH001595,Externalización activa
HH001596,Externalización activa
HH001597,Salida con el banquero
HH001598,Salida con el banquero
HH001599,Desenganche silencioso
HH001600,Desenganche silencioso
HH001601,Desenganche silencioso
HH001602,Desenganche silencioso
HH001603,Desenganche silencioso
HH001604,Externalización activa
HH001605,Desenganche silencioso
HH001606,Desenganche silencioso
HH001607,Desenganche silencioso
HH001608,Desenganche silencioso
HH001609,Desenganche silencioso
HH001610,Desenganche silencioso
HH001611,Desenganche silencioso
HH001612,Desenganche silencioso
HH001613,Desenganche silencioso
HH001614,Desenganche silencioso
HH001615,Desenganche silencioso
HH001616,Desenganche silencioso
HH001617,Desenganche silencioso
HH001618,Desenganche silencioso
HH001619,Desenganche silencioso
HH001620,Desenganche silencioso
HH001621,Desenganche silencioso
HH001622,Desenganche silencioso
HH001623,Externalización activa
HH001624,Desenganche silencioso
HH001625,Desenganche silencioso
HH001626,Desenganche silencioso
HH001627,Desenganche silencioso
HH001628,Desenganche silencioso
HH001629,Desenganche silencioso
HH001630,Desenganche silencioso
HH001631,Desenganche silencioso
HH001632,Desenganche silencioso
HH001633,Desenganche silencioso
HH001634,Desenganche silencioso
HH001635,Desenganche silencioso
HH001636,Salida con el banquero
HH001637,Desenganche silencioso
HH001638,Salida con el banquero
HH001639,Desenganche silencioso
HH001640,Desenganche silencioso
HH001641,Desenganche silencioso
HH001642,Externalización activa
HH001643,Salida con el banquero
HH001644,Desenganche silencioso
HH001645,Desenganche silencioso
HH001646,Desenganche silencioso
HH001647,Desenganche silencioso
HH001648,Desenganche silencioso
HH001649,Desenganche silencioso
HH001650,Desenganche silencioso
HH001651,Desenganche silencioso
HH001652,Desenganche silencioso
HH001653,Desenganche silencioso
HH001654,Desenganche silencioso
HH001655,Desenganche silencioso
HH001656,Externalización activa
HH001657,Desenganche silencioso
HH001658,Externalización activa
HH001659,Desenganche silencioso
HH001660,Desenganche silencioso
HH001661,Salida con el banquero
HH001662,Desenganche silencioso
HH001663,Desenganche silencioso
HH001664,Desenganche silencioso
HH001665,Desenganche silencioso
HH001666,Salida con el banquero
HH001667,Desenganche silencioso
HH001668,Desenganche silencioso
HH001669,Desenganche silencioso
HH001670,Desenganche silencioso
HH001671,Desenganche silencioso
HH001672,Desenganche silencioso
HH001673,Desenganche silencioso
HH001674,Desenganche silencioso
HH001675,Desenganche silencioso
HH001676,Desenganche silencioso
HH001677,Desenganche silencioso
HH001678,Salida con el banquero
HH001679,Desenganche silencioso
HH001680,Salida con el banquero
HH001681,Desenganche silencioso
HH001682,Desenganche silencioso
HH001683,Salida con el banquero
HH001684,Desenganche silencioso
HH001685,Desenganche silencioso
HH001686,Desenganche silencioso
HH001687,Salida con el banquero
HH001688,Externalización activa
HH001689,Desenganche silencioso
HH001690,Desenganche silencioso
HH001691,Salida con el banquero
HH001692,Desenganche silencioso
HH001693,Desenganche silencioso
HH001694,Desenganche silencioso
HH001695,Desenganche silencioso
HH001696,Desenganche silencioso
HH001697,Desenganche silencioso
HH001698,Desenganche silencioso
HH001699,Desenganche silencioso
HH001700,Desenganche silencioso
HH001701,Desenganche silencioso
HH001702,Desenganche silencioso
HH001703,Desenganche silencioso
HH001704,Desenganche silencioso
HH001705,Desenganche silencioso
HH001706,Desenganche silencioso
HH001707,Desenganche silencioso
HH001708,Desenganche silencioso
HH001709,Salida con el banquero
HH001710,Desenganche silencioso
HH001711,Salida con el banquero
HH001712,Desenganche silencioso
HH001713,Salida con el banquero
HH001714,Desenganche silencioso
HH001715,Desenganche silencioso
HH001716,Desenganche silencioso
HH001717,Desenganche silencioso
HH001718,Desenganche silencioso
HH001719,Desenganche silencioso
HH001720,Salida con el banquero
HH001721,Desenganche silencioso
HH001722,Desenganche silencioso
HH001723,Desenganche silencioso
HH001724,Desenganche silencioso
HH001725,Desenganche silencioso
HH001726,Desenganche silencioso
HH001727,Desenganche silencioso
HH001728,Desenganche silencioso
HH001729,Salida con el banquero
HH001730,Desenganche silencioso
HH001731,Salida con el banquero
HH001732,Desenganche silencioso
HH001733,Externalización activa
HH001734,Desenganche silencioso
HH001735,Desenganche silencioso
HH001736,Desenganche silencioso
HH001737,Salida con el banquero
HH001738,Desenganche silencioso
HH001739,Desenganche silencioso
HH001740,Desenganche silencioso
HH001741,Desenganche silencioso
HH001742,Desenganche silencioso
HH001743,Desenganche silencioso
HH001744,Salida con el banquero
HH001745,Desenganche silencioso
HH001746,Externalización activa
HH001747,Externalización activa
HH001748,Salida con el banquero
HH001749,Desenganche silencioso
HH001750,Desenganche silencioso
HH001751,Desenganche silencioso
HH001752,Desenganche silencioso
HH001753,Desenganche silencioso
HH001754,Desenganche silencioso
HH001755,Desenganche silencioso
HH001756,Salida con el banquero
HH001757,Desenganche silencioso
HH001758,Salida con el banquero
HH001759,Desenganche silencioso
HH001760,Salida con el banquero
HH001761,Desenganche silencioso
HH001762,Desenganche silencioso
HH001763,Desenganche silencioso
HH001764,Desenganche silencioso
HH001765,Desenganche silencioso
HH001766,Externalización activa
HH001767,Salida con el banquero
HH001768,Desenganche silencioso
HH001769,Desenganche silencioso
HH001770,Desenganche silencioso
HH001771,Desenganche silencioso
HH001772,Desenganche silencioso
HH001773,Desenganche silencioso
HH001774,Desenganche silencioso
HH001775,Desenganche silencioso
HH001776,Desenganche silencioso
HH001777,Salida con el banquero
HH001778,Desenganche silencioso
HH001779,Desenganche silencioso
HH001780,Desenganche silencioso
HH001781,Desenganche silencioso
HH001782,Salida con el banquero
HH001783,Desenganche silencioso
HH001784,Desenganche silencioso
HH001785,Desenganche silencioso
HH001786,Desenganche silencioso
HH001787,Desenganche silencioso
HH001788,Desenganche silencioso
HH001789,Desenganche silencioso
HH001790,Desenganche silencioso
HH001791,Desenganche silencioso
HH001792,Desenganche silencioso
HH001793,Desenganche silencioso
HH001794,Desenganche silencioso
HH001795,Desenganche silencioso
HH001796,Desenganche silencioso
HH001797,Desenganche silencioso
HH001798,Desenganche silencioso
HH001799,Desenganche silencioso
HH001800,Desenganche silencioso
HH001801,Desenganche silencioso
HH001802,Externalización activa
HH001803,Desenganche silencioso
HH001804,Salida con el banquero
HH001805,Desenganche silencioso
HH001806,Desenganche silencioso
HH001807,Desenganche silencioso
HH001808,Desenganche silencioso
HH001809,Desenganche silencioso
HH001810,Desenganche silencioso
HH001811,Desenganche silencioso
HH001812,Desenganche silencioso
HH001813,Desenganche silencioso
HH001814,Desenganche silencioso
HH001815,Desenganche silencioso
HH001816,Desenganche silencioso
HH001817,Desenganche silencioso
HH001818,Desenganche silencioso
HH001819,Desenganche silencioso
HH001820,Desenganche silencioso
HH001821,Desenganche silencioso
HH001822,Desenganche silencioso
HH001823,Desenganche silencioso
HH001824,Desenganche silencioso
HH001825,Desenganche silencioso
HH001826,Desenganche silencioso
HH001827,Desenganche silencioso
HH001828,Desenganche silencioso
HH001829,Desenganche silencioso
HH001830,Salida con el banquero
HH001831,Salida con el banquero
HH001832,Desenganche silencioso
HH001833,Desenganche silencioso
HH001834,Desenganche silencioso
HH001835,Desenganche silencioso
HH001836,Salida con el banquero
HH001837,Desenganche silencioso
HH001838,Desenganche silencioso
HH001839,Desenganche silencioso
HH001840,Salida con el banquero
HH001841,Desenganche silencioso
HH001842,Desenganche silencioso
HH001843,Desenganche silencioso
HH001844,Desenganche silencioso
HH001845,Desenganche silencioso
HH001846,Desenganche silencioso
HH001847,Desenganche silencioso
HH001848,Desenganche silencioso
HH001849,Desenganche silencioso
HH001850,Desenganche silencioso
HH001851,Desenganche silencioso
HH001852,Desenganche silencioso
HH001853,Salida con el banquero
HH001854,Salida con el banquero
HH001855,Externalización activa
HH001856,Desenganche silencioso
HH001857,Desenganche silencioso
HH001858,Salida con el banquero
HH001859,Desenganche silencioso
HH001860,Externalización activa
HH001861,Desenganche silencioso
HH001862,Salida con el banquero
HH001863,Desenganche silencioso
HH001864,Desenganche silencioso
HH001865,Desenganche silencioso
HH001866,Desenganche silencioso
HH001867,Salida con el banquero
HH001868,Desenganche silencioso
HH001869,Desenganche silencioso
HH001870,Desenganche silencioso
HH001871,Salida con el banquero
HH001872,Desenganche silencioso
HH001873,Desenganche silencioso
HH001874,Desenganche silencioso
HH001875,Salida con el banquero
HH001876,Salida con el banquero
HH001877,Desenganche silencioso
HH001878,Desenganche silencioso
HH001879,Externalización activa
HH001880,Desenganche silencioso
HH001881,Desenganche silencioso
HH001882,Desenganche silencioso
HH001883,Desenganche silencioso
HH001884,Desenganche silencioso
HH001885,Desenganche silencioso
HH001886,Desenganche silencioso
HH001887,Externalización activa
HH001888,Desenganche silencioso
HH001889,Desenganche silencioso
HH001890,Desenganche silencioso
HH001891,Salida con el banquero
HH001892,Desenganche silencioso
HH001893,Desenganche silencioso
HH001894,Desenganche silencioso
HH001895,Desenganche silencioso
HH001896,Desenganche silencioso
HH001897,Desenganche silencioso
HH001898,Desenganche silencioso
HH001899,Desenganche silencioso
HH001900,Salida con el banquero
HH001901,Desenganche silencioso
HH001902,Desenganche silencioso
HH001903,Salida con el banquero
HH001904,Desenganche silencioso
HH001905,Desenganche silencioso
HH001906,Salida con el banquero
HH001907,Desenganche silencioso
HH001908,Externalización activa
HH001909,Desenganche silencioso
HH001910,Desenganche silencioso
HH001911,Desenganche silencioso
HH001912,Desenganche silencioso
HH001913,Desenganche silencioso
HH001914,Desenganche silencioso
HH001915,Desenganche silencioso
HH001916,Desenganche silencioso
HH001917,Desenganche silencioso
HH001918,Desenganche silencioso
HH001919,Desenganche silencioso
HH001920,Desenganche silencioso
HH001921,Desenganche silencioso
HH001922,Desenganche silencioso
HH001923,Externalización activa
HH001924,Desenganche silencioso
HH001925,Desenganche silencioso
HH001926,Desenganche silencioso
HH001927,Desenganche silencioso
HH001928,Desenganche silencioso
HH001929,Desenganche silencioso
HH001930,Desenganche silencioso
HH001931,Desenganche silencioso
HH001932,Desenganche silencioso
HH001933,Desenganche silencioso
HH001934,Desenganche silencioso
HH001935,Desenganche silencioso
HH001936,Desenganche silencioso
HH001937,Desenganche silencioso
HH001938,Desenganche silencioso
HH001939,Desenganche silencioso
HH001940,Desenganche silencioso
HH001941,Desenganche silencioso
HH001942,Desenganche silencioso
HH001943,Desenganche silencioso
HH001944,Desenganche silencioso
HH001945,Desenganche silencioso
HH001946,Desenganche silencioso
HH001947,Desenganche silencioso
HH001948,Desenganche silencioso
HH001949,Salida con el banquero
HH001950,Desenganche silencioso
HH001951,Desenganche silencioso
HH001952,Desenganche silencioso
HH001953,Desenganche silencioso
HH001954,Desenganche silencioso
HH001955,Desenganche silencioso
HH001956,Desenganche silencioso
HH001957,Desenganche silencioso
HH001958,Desenganche silencioso
HH001959,Desenganche silencioso
HH001960,Desenganche silencioso
HH001961,Desenganche silencioso
HH001962,Desenganche silencioso
HH001963,Desenganche silencioso
HH001964,Salida con el banquero
HH001965,Desenganche silencioso
HH001966,Salida con el banquero
HH001967,Desenganche silencioso
HH001968,Desenganche silencioso
HH001969,Desenganche silencioso
HH001970,Desenganche silencioso
HH001971,Desenganche silencioso
HH001972,Desenganche silencioso
HH001973,Salida con el banquero
HH001974,Desenganche silencioso
HH001975,Desenganche silencioso
HH001976,Desenganche silencioso
HH001977,Desenganche silencioso
HH001978,Desenganche silencioso
HH001979,Desenganche silencioso
HH001980,Desenganche silencioso
HH001981,Salida con el banquero
HH001982,Desenganche silencioso
HH001983,Externalización activa
HH001984,Desenganche silencioso
HH001985,Desenganche silencioso
HH001986,Salida con el banquero
HH001987,Desenganche silencioso
HH001988,Salida con el banquero
HH001989,Desenganche silencioso
HH001990,Desenganche silencioso
HH001991,Desenganche silencioso
HH001992,Desenganche silencioso
HH001993,Desenganche silencioso
HH001994,Desenganche silencioso
HH001995,Desenganche silencioso
HH001996,Desenganche silencioso
HH001997,Desenganche silencioso
HH001998,Desenganche silencioso
HH001999,Desenganche silencioso
HH002000,Desenganche silencioso
HH002001,Desenganche silencioso
HH002002,Desenganche silencioso
HH002003,Desenganche silencioso
HH002004,Desenganche silencioso
HH002005,Desenganche silencioso
HH002006,Desenganche silencioso
HH002007,Desenganche silencioso
HH002008,Desenganche silencioso
HH002009,Desenganche silencioso
HH002010,Desenganche silencioso
HH002011,Desenganche silencioso
HH002012,Desenganche silencioso
HH002013,Desenganche silencioso
HH002014,Desenganche silencioso
HH002015,Desenganche silencioso
HH002016,Desenganche silencioso
HH002017,Salida con el banquero
HH002018,Desenganche silencioso
HH002019,Desenganche silencioso
HH002020,Salida con el banquero
HH002021,Desenganche silencioso
HH002022,Desenganche silencioso
HH002023,Desenganche silencioso
HH002024,Desenganche silencioso
HH002025,Desenganche silencioso
HH002026,Desenganche silencioso
HH002027,Desenganche silencioso
HH002028,Desenganche silencioso
HH002029,Desenganche silencioso
HH002030,Salida con el banquero
HH002031,Desenganche silencioso
HH002032,Desenganche silencioso
HH002033,Salida con el banquero
HH002034,Salida con el banquero
HH002035,Desenganche silencioso
HH002036,Desenganche silencioso
HH002037,Salida con el banquero
HH002038,Desenganche silencioso
HH002039,Desenganche silencioso
HH002040,Desenganche silencioso
HH002041,Desenganche silencioso
HH002042,Desenganche silencioso
HH002043,Desenganche silencioso
HH002044,Desenganche silencioso
HH002045,Desenganche silencioso
HH002046,Desenganche silencioso
HH002047,Desenganche silencioso
HH002048,Desenganche silencioso
HH002049,Desenganche silencioso
HH002050,Desenganche silencioso
HH002051,Desenganche silencioso
HH002052,Salida con el banquero
HH002053,Desenganche silencioso
HH002054,Externalización activa
HH002055,Desenganche silencioso
HH002056,Desenganche silencioso
HH002057,Desenganche silencioso
HH002058,Desenganche silencioso
HH002059,Desenganche silencioso
HH002060,Desenganche silencioso
HH002061,Desenganche silencioso
HH002062,Desenganche silencioso
HH002063,Desenganche silencioso
HH002064,Desenganche silencioso
HH002065,Externalización activa
HH002066,Desenganche silencioso
HH002067,Desenganche silencioso
HH002068,Desenganche silencioso
HH002069,Desenganche silencioso
HH002070,Desenganche silencioso
HH002071,Salida con el banquero
HH002072,Desenganche silencioso
HH002073,Desenganche silencioso
HH002074,Desenganche silencioso
HH002075,Salida con el banquero
HH002076,Desenganche silencioso
HH002077,Desenganche silencioso
HH002078,Desenganche silencioso
HH002079,Desenganche silencioso
HH002080,Desenganche silencioso
HH002081,Desenganche silencioso
HH002082,Desenganche silencioso
HH002083,Desenganche silencioso
HH002084,Desenganche silencioso
HH002085,Salida con el banquero
HH002086,Desenganche silencioso
HH002087,Desenganche silencioso
HH002088,Desenganche silencioso
HH002089,Desenganche silencioso
HH002090,Desenganche silencioso
HH002091,Externalización activa
HH002092,Desenganche silencioso
HH002093,Desenganche silencioso
HH002094,Salida con el banquero
HH002095,Desenganche silencioso
HH002096,Desenganche silencioso
HH002097,Salida con el banquero
HH002098,Desenganche silencioso
HH002099,Desenganche silencioso
HH002100,Desenganche silencioso
HH002101,Desenganche silencioso
HH002102,Desenganche silencioso
HH002103,Desenganche silencioso
HH002104,Desenganche silencioso
HH002105,Desenganche silencioso
HH002106,Desenganche silencioso
HH002107,Desenganche silencioso
HH002108,Desenganche silencioso
HH002109,Desenganche silencioso
HH002110,Externalización activa
HH002111,Desenganche silencioso
HH002112,Desenganche silencioso
HH002113,Desenganche silencioso
HH002114,Desenganche silencioso
HH002115,Desenganche silencioso
HH002116,Salida con el banquero
HH002117,Desenganche silencioso
HH002118,Salida con el banquero
HH002119,Externalización activa
HH002120,Desenganche silencioso
HH002121,Desenganche silencioso
HH002122,Desenganche silencioso
HH002123,Desenganche silencioso
HH002124,Desenganche silencioso
HH002125,Desenganche silencioso
HH002126,Desenganche silencioso
HH002127,Desenganche silencioso
HH002128,Externalización activa
HH002129,Salida con el banquero
HH002130,Desenganche silencioso
HH002131,Desenganche silencioso
HH002132,Externalización activa
HH002133,Desenganche silencioso
HH002134,Salida con el banquero
HH002135,Desenganche silencioso
HH002136,Desenganche silencioso
HH002137,Salida con el banquero
HH002138,Desenganche silencioso
HH002139,Desenganche silencioso
HH002140,Desenganche silencioso
HH002141,Externalización activa
HH002142,Desenganche silencioso
HH002143,Externalización activa
HH002144,Desenganche silencioso
HH002145,Externalización activa
HH002146,Desenganche silencioso
HH002147,Desenganche silencioso
HH002148,Desenganche silencioso
HH002149,Desenganche silencioso
HH002150,Desenganche silencioso
HH002151,Desenganche silencioso
HH002152,Desenganche silencioso
HH002153,Desenganche silencioso
HH002154,Desenganche silencioso
HH002155,Desenganche silencioso
HH002156,Desenganche silencioso
HH002157,Desenganche silencioso
HH002158,Salida con el banquero
HH002159,Desenganche silencioso
HH002160,Desenganche silencioso
HH002161,Desenganche silencioso
HH002162,Desenganche silencioso
HH002163,Desenganche silencioso
HH002164,Desenganche silencioso
HH002165,Salida con el banquero
HH002166,Desenganche silencioso
HH002167,Desenganche silencioso
HH002168,Desenganche silencioso
HH002169,Desenganche silencioso
HH002170,Desenganche silencioso
HH002171,Desenganche silencioso
HH002172,Desenganche silencioso
HH002173,Desenganche silencioso
HH002174,Desenganche silencioso
HH002175,Salida con el banquero
HH002176,Desenganche silencioso
HH002177,Externalización activa
HH002178,Salida con el banquero
HH002179,Desenganche silencioso
HH002180,Desenganche silencioso
HH002181,Desenganche silencioso
HH002182,Externalización activa
HH002183,Desenganche silencioso
HH002184,Salida con el banquero
HH002185,Desenganche silencioso
HH002186,Salida con el banquero
HH002187,Desenganche silencioso
HH002188,Desenganche silencioso
HH002189,Desenganche silencioso
HH002190,Desenganche silencioso
HH002191,Desenganche silencioso
HH002192,Desenganche silencioso
HH002193,Desenganche silencioso
HH002194,Desenganche silencioso
HH002195,Externalización activa
HH002196,Salida con el banquero
HH002197,Desenganche silencioso
HH002198,Desenganche silencioso
HH002199,Salida con el banquero
HH002200,Desenganche silencioso
HH002201,Desenganche silencioso
HH002202,Desenganche silencioso
HH002203,Desenganche silencioso
HH002204,Desenganche silencioso
HH002205,Desenganche silencioso
HH002206,Desenganche silencioso
HH002207,Desenganche silencioso
HH002208,Desenganche silencioso
HH002209,Desenganche silencioso
HH002210,Desenganche silencioso
HH002211,Desenganche silencioso
HH002212,Desenganche silencioso
HH002213,Desenganche silencioso
HH002214,Desenganche silencioso
HH002215,Desenganche silencioso
HH002216,Salida con el banquero
HH002217,Externalización activa
HH002218,Desenganche silencioso
HH002219,Desenganche silencioso
HH002220,Desenganche silencioso
HH002221,Desenganche silencioso
HH002222,Salida con el banquero
HH002223,Desenganche silencioso
HH002224,Desenganche silencioso
HH002225,Desenganche silencioso
HH002226,Desenganche silencioso
HH002227,Externalización activa
HH002228,Desenganche silencioso
HH002229,Desenganche silencioso
HH002230,Desenganche silencioso
HH002231,Desenganche silencioso
HH002232,Desenganche silencioso
HH002233,Salida con el banquero
HH002234,Desenganche silencioso
HH002235,Desenganche silencioso
HH002236,Desenganche silencioso
HH002237,Salida con el banquero
HH002238,Desenganche silencioso
HH002239,Desenganche silencioso
HH002240,Salida con el banquero
HH002241,Desenganche silencioso
HH002242,Desenganche silencioso
HH002243,Desenganche silencioso
HH002244,Desenganche silencioso
HH002245,Desenganche silencioso
HH002246,Salida con el banquero
HH002247,Desenganche silencioso
HH002248,Desenganche silencioso
HH002249,Salida con el banquero
HH002250,Desenganche silencioso
HH002251,Desenganche silencioso
HH002252,Desenganche silencioso
HH002253,Desenganche silencioso
HH002254,Desenganche silencioso
HH002255,Desenganche silencioso
HH002256,Desenganche silencioso
HH002257,Desenganche silencioso
HH002258,Salida con el banquero
HH002259,Desenganche silencioso
HH002260,Desenganche silencioso
HH002261,Desenganche silencioso
HH002262,Desenganche silencioso
HH002263,Salida con el banquero
HH002264,Desenganche silencioso
HH002265,Desenganche silencioso
HH002266,Desenganche silencioso
HH002267,Desenganche silencioso
HH002268,Desenganche silencioso
HH002269,Desenganche silencioso
HH002270,Desenganche silencioso
HH002271,Desenganche silencioso
HH002272,Desenganche silencioso
HH002273,Desenganche silencioso
HH002274,Externalización activa
HH002275,Desenganche silencioso
HH002276,Desenganche silencioso
HH002277,Salida con el banquero
HH002278,Desenganche silencioso
HH002279,Desenganche silencioso
HH002280,Desenganche silencioso
HH002281,Desenganche silencioso
HH002282,Desenganche silencioso
HH002283,Desenganche silencioso
HH002284,Desenganche silencioso
HH002285,Desenganche silencioso
HH002286,Salida con el banquero
HH002287,Desenganche silencioso
HH002288,Desenganche silencioso
HH002289,Desenganche silencioso
HH002290,Desenganche silencioso
HH002291,Salida con el banquero
HH002292,Desenganche silencioso
HH002293,Desenganche silencioso
HH002294,Externalización activa
HH002295,Desenganche silencioso
HH002296,Salida con el banquero
HH002297,Desenganche silencioso
HH002298,Desenganche silencioso
HH002299,Desenganche silencioso
HH002300,Desenganche silencioso
HH002301,Desenganche silencioso
HH002302,Desenganche silencioso
HH002303,Desenganche silencioso
HH002304,Desenganche silencioso
HH002305,Desenganche silencioso
HH002306,Desenganche silencioso
HH002307,Desenganche silencioso
HH002308,Desenganche silencioso
HH002309,Desenganche silencioso
HH002310,Desenganche silencioso
HH002311,Desenganche silencioso
HH002312,Externalización activa
HH002313,Desenganche silencioso
HH002314,Desenganche silencioso
HH002315,Desenganche silencioso
HH002316,Desenganche silencioso
HH002317,Externalización activa
HH002318,Salida con el banquero
HH002319,Desenganche silencioso
HH002320,Desenganche silencioso
HH002321,Desenganche silencioso
HH002322,Desenganche silencioso
HH002323,Externalización activa
HH002324,Desenganche silencioso
HH002325,Desenganche silencioso
HH002326,Desenganche silencioso
HH002327,Desenganche silencioso
HH002328,Desenganche silencioso
HH002329,Desenganche silencioso
HH002330,Desenganche silencioso
HH002331,Salida con el banquero
HH002332,Desenganche silencioso
HH002333,Desenganche silencioso
HH002334,Desenganche silencioso
HH002335,Desenganche silencioso
HH002336,Salida con el banquero
HH002337,Desenganche silencioso
HH002338,Desenganche silencioso
HH002339,Salida con el banquero
HH002340,Desenganche silencioso
HH002341,Salida con el banquero
HH002342,Desenganche silencioso
HH002343,Desenganche silencioso
HH002344,Desenganche silencioso
HH002345,Desenganche silencioso
HH002346,Desenganche silencioso
HH002347,Desenganche silencioso
HH002348,Desenganche silencioso
HH002349,Desenganche silencioso
HH002350,Salida con el banquero
HH002351,Desenganche silencioso
HH002352,Desenganche silencioso
HH002353,Desenganche silencioso
HH002354,Externalización activa
HH002355,Desenganche silencioso
HH002356,Desenganche silencioso
HH002357,Desenganche silencioso
HH002358,Desenganche silencioso
HH002359,Desenganche silencioso
HH002360,Salida con el banquero
HH002361,Salida con el banquero
HH002362,Desenganche silencioso
HH002363,Desenganche silencioso
HH002364,Desenganche silencioso
HH002365,Salida con el banquero
HH002366,Desenganche silencioso
HH002367,Desenganche silencioso
HH002368,Desenganche silencioso
HH002369,Desenganche silencioso
HH002370,Desenganche silencioso
HH002371,Desenganche silencioso
HH002372,Desenganche silencioso
HH002373,Desenganche silencioso
HH002374,Salida con el banquero
HH002375,Desenganche silencioso
HH002376,Externalización activa
HH002377,Desenganche silencioso
HH002378,Externalización activa
HH002379,Desenganche silencioso
HH002380,Salida con el banquero
HH002381,Desenganche silencioso
HH002382,Desenganche silencioso
HH002383,Desenganche silencioso
HH002384,Desenganche silencioso
HH002385,Desenganche silencioso
HH002386,Desenganche silencioso
HH002387,Desenganche silencioso
HH002388,Desenganche silencioso
HH002389,Desenganche silencioso
HH002390,Desenganche silencioso
HH002391,Salida con el banquero
HH002392,Salida con el banquero
HH002393,Desenganche silencioso
HH002394,Desenganche silencioso
HH002395,Desenganche silencioso
HH002396,Desenganche silencioso
HH002397,Desenganche silencioso
HH002398,Desenganche silencioso
HH002399,Externalización activa
HH002400,Desenganche silencioso
HH002401,Desenganche silencioso
HH002402,Externalización activa
HH002403,Desenganche silencioso
HH002404,Salida con el banquero
HH002405,Externalización activa
HH002406,Desenganche silencioso
HH002407,Desenganche silencioso
HH002408,Desenganche silencioso
HH002409,Desenganche silencioso
HH002410,Desenganche silencioso
HH002411,Desenganche silencioso
HH002412,Desenganche silencioso
HH002413,Desenganche silencioso
HH002414,Desenganche silencioso
HH002415,Desenganche silencioso
HH002416,Desenganche silencioso
HH002417,Desenganche silencioso
HH002418,Salida con el banquero
HH002419,Desenganche silencioso
HH002420,Desenganche silencioso
HH002421,Desenganche silencioso
HH002422,Desenganche silencioso
HH002423,Desenganche silencioso
HH002424,Desenganche silencioso
HH002425,Desenganche silencioso
HH002426,Desenganche silencioso
HH002427,Salida con el banquero
HH002428,Desenganche silencioso
HH002429,Desenganche silencioso
HH002430,Externalización activa
HH002431,Desenganche silencioso
HH002432,Desenganche silencioso
HH002433,Salida con el banquero
HH002434,Desenganche silencioso
HH002435,Desenganche silencioso
HH002436,Desenganche silencioso
HH002437,Desenganche silencioso
HH002438,Desenganche silencioso
HH002439,Desenganche silencioso
HH002440,Desenganche silencioso
HH002441,Desenganche silencioso
HH002442,Salida con el banquero
HH002443,Salida con el banquero
HH002444,Desenganche silencioso
HH002445,Desenganche silencioso
HH002446,Desenganche silencioso
HH002447,Desenganche silencioso
HH002448,Salida con el banquero
HH002449,Desenganche silencioso
HH002450,Desenganche silencioso
HH002451,Desenganche silencioso
HH002452,Desenganche silencioso
HH002453,Externalización activa
HH002454,Desenganche silencioso
HH002455,Salida con el banquero
HH002456,Desenganche silencioso
HH002457,Desenganche silencioso
HH002458,Salida con el banquero
HH002459,Desenganche silencioso
HH002460,Desenganche silencioso
HH002461,Salida con el banquero
HH002462,Salida con el banquero
HH002463,Desenganche silencioso
HH002464,Desenganche silencioso
HH002465,Desenganche silencioso
HH002466,Desenganche silencioso
HH002467,Desenganche silencioso
HH002468,Desenganche silencioso
HH002469,Desenganche silencioso
HH002470,Desenganche silencioso
HH002471,Desenganche silencioso
HH002472,Desenganche silencioso
HH002473,Desenganche silencioso
HH002474,Salida con el banquero
HH002475,Desenganche silencioso
HH002476,Desenganche silencioso
HH002477,Desenganche silencioso
HH002478,Desenganche silencioso
HH002479,Salida con el banquero
HH002480,Desenganche silencioso
HH002481,Desenganche silencioso
HH002482,Desenganche silencioso
HH002483,Desenganche silencioso
HH002484,Desenganche silencioso
HH002485,Desenganche silencioso
HH002486,Desenganche silencioso
HH002487,Desenganche silencioso
HH002488,Salida con el banquero
HH002489,Desenganche silencioso
HH002490,Desenganche silencioso
HH002491,Salida con el banquero
HH002492,Externalización activa
HH002493,Desenganche silencioso
HH002494,Desenganche silencioso
HH002495,Desenganche silencioso
HH002496,Desenganche silencioso
HH002497,Desenganche silencioso
HH002498,Desenganche silencioso
HH002499,Desenganche silencioso
HH002500,Desenganche silencioso
HH002501,Desenganche silencioso
HH002502,Desenganche silencioso
HH002503,Desenganche silencioso
HH002504,Desenganche silencioso
HH002505,Desenganche silencioso
HH002506,Desenganche silencioso
HH002507,Desenganche silencioso
HH002508,Desenganche silencioso
HH002509,Externalización activa
HH002510,Desenganche silencioso
HH002511,Desenganche silencioso
HH002512,Desenganche silencioso
HH002513,Salida con el banquero
HH002514,Desenganche silencioso
HH002515,Salida con el banquero
HH002516,Desenganche silencioso
HH002517,Desenganche silencioso
HH002518,Desenganche silencioso
HH002519,Desenganche silencioso
HH002520,Desenganche silencioso
HH002521,Desenganche silencioso
HH002522,Desenganche silencioso
HH002523,Externalización activa
HH002524,Desenganche silencioso
HH002525,Desenganche silencioso
HH002526,Desenganche silencioso
HH002527,Desenganche silencioso
HH002528,Desenganche silencioso
HH002529,Desenganche silencioso
HH002530,Desenganche silencioso
HH002531,Desenganche silencioso
HH002532,Desenganche silencioso
HH002533,Desenganche silencioso
HH002534,Desenganche silencioso
HH002535,Desenganche silencioso
HH002536,Desenganche silencioso
HH002537,Desenganche silencioso
HH002538,Desenganche silencioso
HH002539,Desenganche silencioso
HH002540,Desenganche silencioso
HH002541,Salida con el banquero
HH002542,Desenganche silencioso
HH002543,Desenganche silencioso
HH002544,Desenganche silencioso
HH002545,Desenganche silencioso
HH002546,Externalización activa
HH002547,Desenganche silencioso
HH002548,Desenganche silencioso
HH002549,Salida con el banquero
HH002550,Desenganche silencioso
HH002551,Desenganche silencioso
HH002552,Desenganche silencioso
HH002553,Desenganche silencioso
HH002554,Desenganche silencioso
HH002555,Desenganche silencioso
HH002556,Desenganche silencioso
HH002557,Desenganche silencioso
HH002558,Desenganche silencioso
HH002559,Desenganche silencioso
HH002560,Desenganche silencioso
HH002561,Desenganche silencioso
HH002562,Desenganche silencioso
HH002563,Salida con el banquero
HH002564,Salida con el banquero
HH002565,Desenganche silencioso
HH002566,Desenganche silencioso
HH002567,Desenganche silencioso
HH002568,Desenganche silencioso
HH002569,Desenganche silencioso
HH002570,Desenganche silencioso
HH002571,Desenganche silencioso
HH002572,Desenganche silencioso
HH002573,Desenganche silencioso
HH002574,Desenganche silencioso
HH002575,Desenganche silencioso
HH002576,Desenganche silencioso
HH002577,Desenganche silencioso
HH002578,Desenganche silencioso
HH002579,Desenganche silencioso
HH002580,Desenganche silencioso
HH002581,Desenganche silencioso
HH002582,Desenganche silencioso
HH002583,Desenganche silencioso
HH002584,Desenganche silencioso
HH002585,Desenganche silencioso
HH002586,Desenganche silencioso
HH002587,Desenganche silencioso
HH002588,Desenganche silencioso
HH002589,Desenganche silencioso
HH002590,Salida con el banquero
HH002591,Desenganche silencioso
HH002592,Desenganche silencioso
HH002593,Desenganche silencioso
HH002594,Desenganche silencioso
HH002595,Desenganche silencioso
HH002596,Desenganche silencioso
HH002597,Desenganche silencioso
HH002598,Desenganche silencioso
HH002599,Desenganche silencioso
HH002600,Desenganche silencioso
HH002601,Desenganche silencioso
HH002602,Desenganche silencioso
HH002603,Desenganche silencioso
HH002604,Desenganche silencioso
HH002605,Desenganche silencioso
HH002606,Desenganche silencioso
HH002607,Desenganche silencioso
HH002608,Desenganche silencioso
HH002609,Desenganche silencioso
HH002610,Desenganche silencioso
HH002611,Salida con el banquero
HH002612,Desenganche silencioso
HH002613,Desenganche silencioso
HH002614,Salida con el banquero
HH002615,Desenganche silencioso
HH002616,Desenganche silencioso
HH002617,Desenganche silencioso
HH002618,Desenganche silencioso
HH002619,Desenganche silencioso
HH002620,Desenganche silencioso
HH002621,Desenganche silencioso
HH002622,Desenganche silencioso
HH002623,Desenganche silencioso
HH002624,Salida con el banquero
HH002625,Desenganche silencioso
HH002626,Desenganche silencioso
HH002627,Desenganche silencioso
HH002628,Desenganche silencioso
HH002629,Desenganche silencioso
HH002630,Desenganche silencioso
HH002631,Desenganche silencioso
HH002632,Desenganche silencioso
HH002633,Desenganche silencioso
HH002634,Desenganche silencioso
HH002635,Desenganche silencioso
HH002636,Salida con el banquero
HH002637,Desenganche silencioso
HH002638,Desenganche silencioso
HH002639,Desenganche silencioso
HH002640,Salida con el banquero
HH002641,Desenganche silencioso
HH002642,Desenganche silencioso
HH002643,Desenganche silencioso
HH002644,Desenganche silencioso
HH002645,Desenganche silencioso
HH002646,Desenganche silencioso
HH002647,Salida con el banquero
HH002648,Desenganche silencioso
HH002649,Desenganche silencioso
HH002650,Desenganche silencioso
HH002651,Desenganche silencioso
HH002652,Salida con el banquero
HH002653,Desenganche silencioso
HH002654,Desenganche silencioso
HH002655,Desenganche silencioso
HH002656,Desenganche silencioso
HH002657,Desenganche silencioso
HH002658,Desenganche silencioso
HH002659,Desenganche silencioso
HH002660,Desenganche silencioso
HH002661,Salida con el banquero
HH002662,Desenganche silencioso
HH002663,Desenganche silencioso
HH002664,Desenganche silencioso
HH002665,Desenganche silencioso
HH002666,Desenganche silencioso
HH002667,Desenganche silencioso
HH002668,Desenganche silencioso
HH002669,Salida con el banquero
HH002670,Desenganche silencioso
HH002671,Desenganche silencioso
HH002672,Desenganche silencioso
HH002673,Desenganche silencioso
HH002674,Desenganche silencioso
HH002675,Desenganche silencioso
HH002676,Desenganche silencioso
HH002677,Desenganche silencioso
HH002678,Externalización activa
HH002679,Desenganche silencioso
HH002680,Desenganche silencioso
HH002681,Desenganche silencioso
HH002682,Desenganche silencioso
HH002683,Desenganche silencioso
HH002684,Desenganche silencioso
HH002685,Desenganche silencioso
HH002686,Desenganche silencioso
HH002687,Desenganche silencioso
HH002688,Desenganche silencioso
HH002689,Desenganche silencioso
HH002690,Desenganche silencioso
HH002691,Desenganche silencioso
HH002692,Desenganche silencioso
HH002693,Desenganche silencioso
HH002694,Desenganche silencioso
HH002695,Desenganche silencioso
HH002696,Desenganche silencioso
HH002697,Desenganche silencioso
HH002698,Desenganche silencioso
HH002699,Salida con el banquero
HH002700,Desenganche silencioso
HH002701,Desenganche silencioso
HH002702,Desenganche silencioso
HH002703,Desenganche silencioso
HH002704,Desenganche silencioso
HH002705,Desenganche silencioso
HH002706,Desenganche silencioso
HH002707,Externalización activa
HH002708,Desenganche silencioso
HH002709,Desenganche silencioso
HH002710,Externalización activa
HH002711,Desenganche silencioso
HH002712,Desenganche silencioso
HH002713,Salida con el banquero
HH002714,Externalización activa
HH002715,Desenganche silencioso
HH002716,Externalización activa
HH002717,Desenganche silencioso
HH002718,Desenganche silencioso
HH002719,Desenganche silencioso
HH002720,Salida con el banquero
HH002721,Salida con el banquero
HH002722,Desenganche silencioso
HH002723,Desenganche silencioso
HH002724,Desenganche silencioso
HH002725,Desenganche silencioso
HH002726,Desenganche silencioso
HH002727,Desenganche silencioso
HH002728,Desenganche silencioso
HH002729,Desenganche silencioso
HH002730,Desenganche silencioso
HH002731,Desenganche silencioso
HH002732,Desenganche silencioso
HH002733,Desenganche silencioso
HH002734,Desenganche silencioso
HH002735,Desenganche silencioso
HH002736,Salida con el banquero
HH002737,Desenganche silencioso
HH002738,Desenganche silencioso
HH002739,Desenganche silencioso
HH002740,Desenganche silencioso
HH002741,Desenganche silencioso
HH002742,Desenganche silencioso
HH002743,Desenganche silencioso
HH002744,Salida con el banquero
HH002745,Desenganche silencioso
HH002746,Desenganche silencioso
HH002747,Desenganche silencioso
HH002748,Desenganche silencioso
HH002749,Desenganche silencioso
HH002750,Desenganche silencioso
HH002751,Desenganche silencioso
HH002752,Desenganche silencioso
HH002753,Desenganche silencioso
HH002754,Desenganche silencioso
HH002755,Salida con el banquero
HH002756,Desenganche silencioso
HH002757,Desenganche silencioso
HH002758,Salida con el banquero
HH002759,Desenganche silencioso
HH002760,Desenganche silencioso
HH002761,Desenganche silencioso
HH002762,Desenganche silencioso
HH002763,Desenganche silencioso
HH002764,Desenganche silencioso
HH002765,Desenganche silencioso
HH002766,Desenganche silencioso
HH002767,Desenganche silencioso
HH002768,Desenganche silencioso
HH002769,Externalización activa
HH002770,Salida con el banquero
HH002771,Desenganche silencioso
HH002772,Desenganche silencioso
HH002773,Desenganche silencioso
HH002774,Desenganche silencioso
HH002775,Desenganche silencioso
HH002776,Salida con el banquero
HH002777,Desenganche silencioso
HH002778,Desenganche silencioso
HH002779,Desenganche silencioso
HH002780,Desenganche silencioso
HH002781,Desenganche silencioso
HH002782,Externalización activa
HH002783,Desenganche silencioso
HH002784,Desenganche silencioso
HH002785,Desenganche silencioso
HH002786,Salida con el banquero
HH002787,Salida con el banquero
HH002788,Desenganche silencioso
HH002789,Desenganche silencioso
HH002790,Desenganche silencioso
HH002791,Desenganche silencioso
HH002792,Desenganche silencioso
HH002793,Desenganche silencioso
HH002794,Desenganche silencioso
HH002795,Desenganche silencioso
HH002796,Desenganche silencioso
HH002797,Desenganche silencioso
HH002798,Desenganche silencioso
HH002799,Desenganche silencioso
HH002800,Desenganche silencioso
HH002801,Desenganche silencioso
HH002802,Desenganche silencioso
HH002803,Salida con el banquero
HH002804,Salida con el banquero
HH002805,Desenganche silencioso
HH002806,Desenganche silencioso
HH002807,Desenganche silencioso
HH002808,Desenganche silencioso
HH002809,Desenganche silencioso
HH002810,Desenganche silencioso
HH002811,Externalización activa
HH002812,Desenganche silencioso
HH002813,Externalización activa
HH002814,Desenganche silencioso
HH002815,Desenganche silencioso
HH002816,Salida con el banquero
HH002817,Desenganche silencioso
HH002818,Desenganche silencioso
HH002819,Desenganche silencioso
HH002820,Salida con el banquero
HH002821,Salida con el banquero
HH002822,Desenganche silencioso
HH002823,Desenganche silencioso
HH002824,Desenganche silencioso
HH002825,Desenganche silencioso
HH002826,Desenganche silencioso
HH002827,Desenganche silencioso
HH002828,Desenganche silencioso
HH002829,Desenganche silencioso
HH002830,Externalización activa
HH002831,Desenganche silencioso
HH002832,Desenganche silencioso
HH002833,Desenganche silencioso
HH002834,Desenganche silencioso
HH002835,Desenganche silencioso
HH002836,Desenganche silencioso
HH002837,Desenganche silencioso
HH002838,Desenganche silencioso
HH002839,Desenganche silencioso
HH002840,Desenganche silencioso
HH002841,Desenganche silencioso
HH002842,Desenganche silencioso
HH002843,Desenganche silencioso
HH002844,Desenganche silencioso
HH002845,Salida con el banquero
HH002846,Desenganche silencioso
HH002847,Desenganche silencioso
HH002848,Desenganche silencioso
HH002849,Desenganche silencioso
HH002850,Desenganche silencioso
HH002851,Desenganche silencioso
HH002852,Desenganche silencioso
HH002853,Desenganche silencioso
HH002854,Salida con el banquero
HH002855,Desenganche silencioso
HH002856,Desenganche silencioso
HH002857,Externalización activa
HH002858,Desenganche silencioso
HH002859,Desenganche silencioso
HH002860,Desenganche silencioso
HH002861,Desenganche silencioso
HH002862,Desenganche silencioso
HH002863,Desenganche silencioso
HH002864,Desenganche silencioso
HH002865,Desenganche silencioso
HH002866,Desenganche silencioso
HH002867,Externalización activa
HH002868,Desenganche silencioso
HH002869,Desenganche silencioso
HH002870,Desenganche silencioso
HH002871,Desenganche silencioso
HH002872,Desenganche silencioso
HH002873,Desenganche silencioso
HH002874,Externalización activa
HH002875,Desenganche silencioso
HH002876,Desenganche silencioso
HH002877,Desenganche silencioso
HH002878,Desenganche silencioso
HH002879,Desenganche silencioso
HH002880,Desenganche silencioso
HH002881,Desenganche silencioso
HH002882,Desenganche silencioso
HH002883,Desenganche silencioso
HH002884,Desenganche silencioso
HH002885,Desenganche silencioso
HH002886,Desenganche silencioso
HH002887,Desenganche silencioso
HH002888,Desenganche silencioso
HH002889,Desenganche silencioso
HH002890,Desenganche silencioso
HH002891,Desenganche silencioso
HH002892,Desenganche silencioso
HH002893,Salida con el banquero
HH002894,Desenganche silencioso
HH002895,Desenganche silencioso
HH002896,Desenganche silencioso
HH002897,Desenganche silencioso
HH002898,Salida con el banquero
HH002899,Desenganche silencioso
HH002900,Desenganche silencioso
HH002901,Desenganche silencioso
HH002902,Salida con el banquero
HH002903,Desenganche silencioso
HH002904,Salida con el banquero
HH002905,Desenganche silencioso
HH002906,Desenganche silencioso
HH002907,Desenganche silencioso
HH002908,Desenganche silencioso
HH002909,Desenganche silencioso
HH002910,Salida con el banquero
HH002911,Desenganche silencioso
HH002912,Salida con el banquero
HH002913,Desenganche silencioso
HH002914,Desenganche silencioso
HH002915,Desenganche silencioso
HH002916,Desenganche silencioso
HH002917,Desenganche silencioso
HH002918,Desenganche silencioso
HH002919,Desenganche silencioso
HH002920,Desenganche silencioso
HH002921,Desenganche silencioso
HH002922,Salida con el banquero
HH002923,Desenganche silencioso
HH002924,Desenganche silencioso
HH002925,Desenganche silencioso
HH002926,Desenganche silencioso
HH002927,Desenganche silencioso
HH002928,Desenganche silencioso
HH002929,Desenganche silencioso
HH002930,Desenganche silencioso
HH002931,Desenganche silencioso
HH002932,Desenganche silencioso
HH002933,Desenganche silencioso
HH002934,Desenganche silencioso
HH002935,Desenganche silencioso
HH002936,Salida con el banquero
HH002937,Desenganche silencioso
HH002938,Desenganche silencioso
HH002939,Desenganche silencioso
HH002940,Desenganche silencioso
HH002941,Desenganche silencioso
HH002942,Desenganche silencioso
HH002943,Desenganche silencioso
HH002944,Desenganche silencioso
HH002945,Externalización activa
HH002946,Desenganche silencioso
HH002947,Desenganche silencioso
HH002948,Desenganche silencioso
HH002949,Desenganche silencioso
HH002950,Desenganche silencioso
HH002951,Desenganche silencioso
HH002952,Desenganche silencioso
HH002953,Desenganche silencioso
HH002954,Desenganche silencioso
HH002955,Desenganche silencioso
HH002956,Desenganche silencioso
HH002957,Salida con el banquero
HH002958,Desenganche silencioso
HH002959,Desenganche silencioso
HH002960,Desenganche silencioso
HH002961,Desenganche silencioso
HH002962,Desenganche silencioso
HH002963,Desenganche silencioso
HH002964,Desenganche silencioso
HH002965,Desenganche silencioso
HH002966,Desenganche silencioso
HH002967,Desenganche silencioso
HH002968,Desenganche silencioso
HH002969,Externalización activa
HH002970,Desenganche silencioso
HH002971,Desenganche silencioso
HH002972,Desenganche silencioso
HH002973,Desenganche silencioso
HH002974,Desenganche silencioso
HH002975,Salida con el banquero
HH002976,Desenganche silencioso
HH002977,Desenganche silencioso
HH002978,Desenganche silencioso
HH002979,Salida con el banquero
HH002980,Desenganche silencioso
HH002981,Desenganche silencioso
HH002982,Externalización activa
HH002983,Desenganche silencioso
HH002984,Desenganche silencioso
HH002985,Desenganche silencioso
HH002986,Desenganche silencioso
HH002987,Desenganche silencioso
HH002988,Salida con el banquero
HH002989,Desenganche silencioso
HH002990,Desenganche silencioso
HH002991,Desenganche silencioso
HH002992,Salida con el banquero
HH002993,Desenganche silencioso
HH002994,Desenganche silencioso
HH002995,Desenganche silencioso
HH002996,Desenganche silencioso
HH002997,Externalización activa
HH002998,Desenganche silencioso
HH002999,Desenganche silencioso
HH003000,Desenganche silencioso
HH003001,Desenganche silencioso
HH003002,Externalización activa
HH003003,Desenganche silencioso
HH003004,Desenganche silencioso
HH003005,Desenganche silencioso
HH003006,Desenganche silencioso
HH003007,Desenganche silencioso
HH003008,Desenganche silencioso
HH003009,Desenganche silencioso
HH003010,Desenganche silencioso
HH003011,Desenganche silencioso
HH003012,Desenganche silencioso
HH003013,Desenganche silencioso
HH003014,Desenganche silencioso
HH003015,Desenganche silencioso
HH003016,Desenganche silencioso
HH003017,Desenganche silencioso
HH003018,Desenganche silencioso
HH003019,Desenganche silencioso
HH003020,Externalización activa
HH003021,Salida con el banquero
HH003022,Salida con el banquero
HH003023,Desenganche silencioso
HH003024,Desenganche silencioso
HH003025,Desenganche silencioso
HH003026,Desenganche silencioso
HH003027,Desenganche silencioso
HH003028,Desenganche silencioso
HH003029,Desenganche silencioso
HH003030,Desenganche silencioso
HH003031,Desenganche silencioso
HH003032,Desenganche silencioso
HH003033,Desenganche silencioso
HH003034,Desenganche silencioso
HH003035,Desenganche silencioso
HH003036,Desenganche silencioso
HH003037,Desenganche silencioso
HH003038,Desenganche silencioso
HH003039,Desenganche silencioso
HH003040,Desenganche silencioso
HH003041,Desenganche silencioso
HH003042,Externalización activa
HH003043,Desenganche silencioso
HH003044,Desenganche silencioso
HH003045,Desenganche silencioso
HH003046,Salida con el banquero
HH003047,Desenganche silencioso
HH003048,Desenganche silencioso
HH003049,Desenganche silencioso
HH003050,Salida con el banquero
HH003051,Desenganche silencioso
HH003052,Desenganche silencioso
HH003053,Desenganche silencioso
HH003054,Desenganche silencioso
HH003055,Desenganche silencioso
HH003056,Desenganche silencioso
HH003057,Desenganche silencioso
HH003058,Desenganche silencioso
HH003059,Desenganche silencioso
HH003060,Desenganche silencioso
HH003061,Desenganche silencioso
HH003062,Desenganche silencioso
HH003063,Desenganche silencioso
HH003064,Desenganche silencioso
HH003065,Salida con el banquero
HH003066,Salida con el banquero
HH003067,Desenganche silencioso
HH003068,Desenganche silencioso
HH003069,Desenganche silencioso
HH003070,Externalización activa
HH003071,Desenganche silencioso
HH003072,Desenganche silencioso
HH003073,Desenganche silencioso
HH003074,Desenganche silencioso
HH003075,Desenganche silencioso
HH003076,Desenganche silencioso
HH003077,Desenganche silencioso
HH003078,Externalización activa
HH003079,Desenganche silencioso
HH003080,Desenganche silencioso
HH003081,Desenganche silencioso
HH003082,Salida con el banquero
HH003083,Salida con el banquero
HH003084,Desenganche silencioso
HH003085,Desenganche silencioso
HH003086,Desenganche silencioso
HH003087,Desenganche silencioso
HH003088,Desenganche silencioso
HH003089,Desenganche silencioso
HH003090,Desenganche silencioso
HH003091,Salida con el banquero
HH003092,Desenganche silencioso
HH003093,Salida con el banquero
HH003094,Desenganche silencioso
HH003095,Desenganche silencioso
HH003096,Desenganche silencioso
HH003097,Desenganche silencioso
HH003098,Desenganche silencioso
HH003099,Desenganche silencioso
HH003100,Salida con el banquero
HH003101,Desenganche silencioso
HH003102,Desenganche silencioso
HH003103,Desenganche silencioso
HH003104,Desenganche silencioso
HH003105,Desenganche silencioso
HH003106,Desenganche silencioso
HH003107,Desenganche silencioso
HH003108,Desenganche silencioso
HH003109,Desenganche silencioso
HH003110,Desenganche silencioso
HH003111,Desenganche silencioso
HH003112,Desenganche silencioso
HH003113,Desenganche silencioso
HH003114,Salida con el banquero
HH003115,Desenganche silencioso
HH003116,Desenganche silencioso
HH003117,Salida con el banquero
HH003118,Desenganche silencioso
HH003119,Desenganche silencioso
HH003120,Desenganche silencioso
HH003121,Salida con el banquero
HH003122,Desenganche silencioso
HH003123,Desenganche silencioso
HH003124,Desenganche silencioso
HH003125,Desenganche silencioso
HH003126,Desenganche silencioso
HH003127,Desenganche silencioso
HH003128,Desenganche silencioso
HH003129,Desenganche silencioso
HH003130,Desenganche silencioso
HH003131,Desenganche silencioso
HH003132,Desenganche silencioso
HH003133,Desenganche silencioso
HH003134,Desenganche silencioso
HH003135,Salida con el banquero
HH003136,Externalización activa
HH003137,Salida con el banquero
HH003138,Desenganche silencioso
HH003139,Desenganche silencioso
HH003140,Desenganche silencioso
HH003141,Desenganche silencioso
HH003142,Desenganche silencioso
HH003143,Salida con el banquero
HH003144,Desenganche silencioso
HH003145,Desenganche silencioso
HH003146,Desenganche silencioso
HH003147,Externalización activa
HH003148,Desenganche silencioso
HH003149,Desenganche silencioso
HH003150,Desenganche silencioso
HH003151,Desenganche silencioso
HH003152,Desenganche silencioso
HH003153,Salida con el banquero
HH003154,Desenganche silencioso
HH003155,Externalización activa
HH003156,Desenganche silencioso
HH003157,Desenganche silencioso
HH003158,Desenganche silencioso
HH003159,Salida con el banquero
HH003160,Salida con el banquero
HH003161,Desenganche silencioso
HH003162,Externalización activa
HH003163,Desenganche silencioso
HH003164,Desenganche silencioso
HH003165,Salida con el banquero
HH003166,Desenganche silencioso
HH003167,Desenganche silencioso
HH003168,Desenganche silencioso
HH003169,Desenganche silencioso
HH003170,Desenganche silencioso
HH003171,Desenganche silencioso
HH003172,Desenganche silencioso
HH003173,Desenganche silencioso
HH003174,Desenganche silencioso
HH003175,Desenganche silencioso
HH003176,Desenganche silencioso
HH003177,Externalización activa
HH003178,Desenganche silencioso
HH003179,Desenganche silencioso
HH003180,Desenganche silencioso
HH003181,Desenganche silencioso
HH003182,Desenganche silencioso
HH003183,Desenganche silencioso
HH003184,Desenganche silencioso
HH003185,Desenganche silencioso
HH003186,Desenganche silencioso
HH003187,Desenganche silencioso
HH003188,Desenganche silencioso
HH003189,Desenganche silencioso
HH003190,Desenganche silencioso
HH003191,Desenganche silencioso
HH003192,Desenganche silencioso
HH003193,Desenganche silencioso
HH003194,Salida con el banquero
HH003195,Desenganche silencioso
HH003196,Desenganche silencioso
HH003197,Salida con el banquero
HH003198,Desenganche silencioso
HH003199,Desenganche silencioso
HH003200,Desenganche silencioso
HH003201,Desenganche silencioso
HH003202,Desenganche silencioso
HH003203,Desenganche silencioso
HH003204,Desenganche silencioso
HH003205,Desenganche silencioso
HH003206,Externalización activa
HH003207,Desenganche silencioso
HH003208,Desenganche silencioso
HH003209,Desenganche silencioso
HH003210,Desenganche silencioso
HH003211,Salida con el banquero
HH003212,Desenganche silencioso
HH003213,Desenganche silencioso
HH003214,Desenganche silencioso
HH003215,Desenganche silencioso
HH003216,Salida con el banquero
HH003217,Desenganche silencioso
HH003218,Desenganche silencioso
HH003219,Desenganche silencioso
HH003220,Desenganche silencioso
HH003221,Desenganche silencioso
HH003222,Desenganche silencioso
HH003223,Desenganche silencioso
HH003224,Salida con el banquero
HH003225,Desenganche silencioso
HH003226,Salida con el banquero
HH003227,Desenganche silencioso
HH003228,Desenganche silencioso
HH003229,Externalización activa
HH003230,Desenganche silencioso
HH003231,Desenganche silencioso
HH003232,Desenganche silencioso
HH003233,Desenganche silencioso
HH003234,Desenganche silencioso
HH003235,Desenganche silencioso
HH003236,Desenganche silencioso
HH003237,Desenganche silencioso
HH003238,Externalización activa
HH003239,Salida con el banquero
HH003240,Desenganche silencioso
HH003241,Desenganche silencioso
HH003242,Desenganche silencioso
HH003243,Desenganche silencioso
HH003244,Desenganche silencioso
HH003245,Desenganche silencioso
HH003246,Desenganche silencioso
HH003247,Desenganche silencioso
HH003248,Desenganche silencioso
HH003249,Desenganche silencioso
HH003250,Salida con el banquero
HH003251,Desenganche silencioso
HH003252,Desenganche silencioso
HH003253,Externalización activa
HH003254,Desenganche silencioso
HH003255,Desenganche silencioso
HH003256,Desenganche silencioso
HH003257,Desenganche silencioso
HH003258,Desenganche silencioso
HH003259,Desenganche silencioso
HH003260,Desenganche silencioso
HH003261,Externalización activa
HH003262,Desenganche silencioso
HH003263,Externalización activa
HH003264,Salida con el banquero
HH003265,Desenganche silencioso
HH003266,Salida con el banquero
HH003267,Desenganche silencioso
HH003268,Salida con el banquero
HH003269,Desenganche silencioso
HH003270,Desenganche silencioso
HH003271,Desenganche silencioso
HH003272,Desenganche silencioso
HH003273,Salida con el banquero
HH003274,Desenganche silencioso
HH003275,Desenganche silencioso
HH003276,Desenganche silencioso
HH003277,Desenganche silencioso
HH003278,Desenganche silencioso
HH003279,Desenganche silencioso
HH003280,Desenganche silencioso
HH003281,Desenganche silencioso
HH003282,Desenganche silencioso
HH003283,Desenganche silencioso
HH003284,Desenganche silencioso
HH003285,Desenganche silencioso
HH003286,Externalización activa
HH003287,Desenganche silencioso
HH003288,Desenganche silencioso
HH003289,Desenganche silencioso
HH003290,Desenganche silencioso
HH003291,Desenganche silencioso
HH003292,Desenganche silencioso
HH003293,Externalización activa
HH003294,Salida con el banquero
HH003295,Desenganche silencioso
HH003296,Desenganche silencioso
HH003297,Desenganche silencioso
HH003298,Desenganche silencioso
HH003299,Desenganche silencioso
HH003300,Desenganche silencioso
HH003301,Desenganche silencioso
HH003302,Desenganche silencioso
HH003303,Desenganche silencioso
HH003304,Externalización activa
HH003305,Desenganche silencioso
HH003306,Desenganche silencioso
HH003307,Desenganche silencioso
HH003308,Desenganche silencioso
HH003309,Externalización activa
HH003310,Desenganche silencioso
HH003311,Externalización activa
HH003312,Desenganche silencioso
HH003313,Desenganche silencioso
HH003314,Desenganche silencioso
HH003315,Desenganche silencioso
HH003316,Desenganche silencioso
HH003317,Desenganche silencioso
HH003318,Desenganche silencioso
HH003319,Desenganche silencioso
HH003320,Desenganche silencioso
HH003321,Desenganche silencioso
HH003322,Desenganche silencioso
HH003323,Desenganche silencioso
HH003324,Desenganche silencioso
HH003325,Desenganche silencioso
HH003326,Desenganche silencioso
HH003327,Salida con el banquero
HH003328,Desenganche silencioso
HH003329,Desenganche silencioso
HH003330,Desenganche silencioso
HH003331,Desenganche silencioso
HH003332,Externalización activa
HH003333,Desenganche silencioso
HH003334,Desenganche silencioso
HH003335,Salida con el banquero
HH003336,Desenganche silencioso
HH003337,Desenganche silencioso
HH003338,Desenganche silencioso
HH003339,Desenganche silencioso
HH003340,Desenganche silencioso
HH003341,Desenganche silencioso
HH003342,Desenganche silencioso
HH003343,Desenganche silencioso
HH003344,Desenganche silencioso
HH003345,Desenganche silencioso
HH003346,Externalización activa
HH003347,Desenganche silencioso
HH003348,Desenganche silencioso
HH003349,Desenganche silencioso
HH003350,Desenganche silencioso
HH003351,Desenganche silencioso
HH003352,Desenganche silencioso
HH003353,Desenganche silencioso
HH003354,Salida con el banquero
HH003355,Desenganche silencioso
HH003356,Desenganche silencioso
HH003357,Desenganche silencioso
HH003358,Salida con el banquero
HH003359,Desenganche silencioso
HH003360,Desenganche silencioso
HH003361,Desenganche silencioso
HH003362,Desenganche silencioso
HH003363,Salida con el banquero
HH003364,Desenganche silencioso
HH003365,Desenganche silencioso
HH003366,Externalización activa
HH003367,Desenganche silencioso
HH003368,Desenganche silencioso
HH003369,Externalización activa
HH003370,Desenganche silencioso
HH003371,Desenganche silencioso
HH003372,Desenganche silencioso
HH003373,Desenganche silencioso
HH003374,Desenganche silencioso
HH003375,Desenganche silencioso
HH003376,Externalización activa
HH003377,Salida con el banquero
HH003378,Desenganche silencioso
HH003379,Salida con el banquero
HH003380,Desenganche silencioso
HH003381,Desenganche silencioso
HH003382,Salida con el banquero
HH003383,Salida con el banquero
HH003384,Desenganche silencioso
HH003385,Desenganche silencioso
HH003386,Desenganche silencioso
HH003387,Desenganche silencioso
HH003388,Desenganche silencioso
HH003389,Desenganche silencioso
HH003390,Desenganche silencioso
HH003391,Desenganche silencioso
HH003392,Desenganche silencioso
HH003393,Desenganche silencioso
HH003394,Desenganche silencioso
HH003395,Desenganche silencioso
HH003396,Desenganche silencioso
HH003397,Desenganche silencioso
HH003398,Salida con el banquero
HH003399,Desenganche silencioso
HH003400,Salida con el banquero
HH003401,Desenganche silencioso
HH003402,Desenganche silencioso
HH003403,Desenganche silencioso
HH003404,Desenganche silencioso
HH003405,Desenganche silencioso
HH003406,Salida con el banquero
HH003407,Desenganche silencioso
HH003408,Desenganche silencioso
HH003409,Desenganche silencioso
HH003410,Desenganche silencioso
HH003411,Desenganche silencioso
HH003412,Desenganche silencioso
HH003413,Externalización activa
HH003414,Desenganche silencioso
HH003415,Desenganche silencioso
HH003416,Desenganche silencioso
HH003417,Salida con el banquero
HH003418,Desenganche silencioso
HH003419,Desenganche silencioso
HH003420,Desenganche silencioso
HH003421,Desenganche silencioso
HH003422,Desenganche silencioso
HH003423,Desenganche silencioso
HH003424,Desenganche silencioso
HH003425,Desenganche silencioso
HH003426,Desenganche silencioso
HH003427,Desenganche silencioso
HH003428,Salida con el banquero
HH003429,Desenganche silencioso
HH003430,Desenganche silencioso
HH003431,Desenganche silencioso
HH003432,Desenganche silencioso
HH003433,Desenganche silencioso
HH003434,Desenganche silencioso
HH003435,Salida con el banquero
HH003436,Desenganche silencioso
HH003437,Desenganche silencioso
HH003438,Desenganche silencioso
HH003439,Desenganche silencioso
HH003440,Desenganche silencioso
HH003441,Desenganche silencioso
HH003442,Desenganche silencioso
HH003443,Desenganche silencioso
HH003444,Desenganche silencioso
HH003445,Desenganche silencioso
HH003446,Desenganche silencioso
HH003447,Desenganche silencioso
HH003448,Salida con el banquero
HH003449,Desenganche silencioso
HH003450,Desenganche silencioso
HH003451,Desenganche silencioso
HH003452,Desenganche silencioso
HH003453,Externalización activa
HH003454,Desenganche silencioso
HH003455,Desenganche silencioso
HH003456,Desenganche silencioso
HH003457,Desenganche silencioso
HH003458,Desenganche silencioso
HH003459,Salida con el banquero
HH003460,Salida con el banquero
HH003461,Desenganche silencioso
HH003462,Desenganche silencioso
HH003463,Desenganche silencioso
HH003464,Externalización activa
HH003465,Desenganche silencioso
HH003466,Desenganche silencioso
HH003467,Desenganche silencioso
HH003468,Externalización activa
HH003469,Salida con el banquero
HH003470,Desenganche silencioso
HH003471,Salida con el banquero
HH003472,Desenganche silencioso
HH003473,Desenganche silencioso
HH003474,Desenganche silencioso
HH003475,Desenganche silencioso
HH003476,Desenganche silencioso
HH003477,Desenganche silencioso
HH003478,Desenganche silencioso
HH003479,Salida con el banquero
HH003480,Desenganche silencioso
HH003481,Salida con el banquero
HH003482,Desenganche silencioso
HH003483,Desenganche silencioso
HH003484,Desenganche silencioso
HH003485,Desenganche silencioso
HH003486,Desenganche silencioso
HH003487,Salida con el banquero
HH003488,Desenganche silencioso
HH003489,Desenganche silencioso
HH003490,Salida con el banquero
HH003491,Desenganche silencioso
HH003492,Desenganche silencioso
HH003493,Desenganche silencioso
HH003494,Desenganche silencioso
HH003495,Externalización activa
HH003496,Desenganche silencioso
HH003497,Desenganche silencioso
HH003498,Desenganche silencioso
HH003499,Salida con el banquero
HH003500,Desenganche silencioso
HH003501,Desenganche silencioso
HH003502,Desenganche silencioso
HH003503,Salida con el banquero
HH003504,Desenganche silencioso
HH003505,Desenganche silencioso
HH003506,Desenganche silencioso
HH003507,Desenganche silencioso
HH003508,Desenganche silencioso
HH003509,Desenganche silencioso
HH003510,Desenganche silencioso
HH003511,Salida con el banquero
HH003512,Desenganche silencioso
HH003513,Desenganche silencioso
HH003514,Desenganche silencioso
HH003515,Salida con el banquero
HH003516,Desenganche silencioso
HH003517,Desenganche silencioso
HH003518,Desenganche silencioso
HH003519,Desenganche silencioso
HH003520,Salida con el banquero
HH003521,Desenganche silencioso
HH003522,Desenganche silencioso
HH003523,Desenganche silencioso
HH003524,Desenganche silencioso
HH003525,Salida con el banquero
HH003526,Desenganche silencioso
HH003527,Desenganche silencioso
HH003528,Desenganche silencioso
HH003529,Desenganche silencioso
HH003530,Desenganche silencioso
HH003531,Desenganche silencioso
HH003532,Externalización activa
HH003533,Desenganche silencioso
HH003534,Desenganche silencioso
HH003535,Desenganche silencioso
HH003536,Desenganche silencioso
HH003537,Desenganche silencioso
HH003538,Desenganche silencioso
HH003539,Desenganche silencioso
HH003540,Desenganche silencioso
HH003541,Desenganche silencioso
HH003542,Desenganche silencioso
HH003543,Desenganche silencioso
HH003544,Desenganche silencioso
HH003545,Desenganche silencioso
HH003546,Desenganche silencioso
HH003547,Desenganche silencioso
HH003548,Externalización activa
HH003549,Desenganche silencioso
HH003550,Desenganche silencioso
HH003551,Desenganche silencioso
HH003552,Desenganche silencioso
HH003553,Salida con el banquero
HH003554,Desenganche silencioso
HH003555,Externalización activa
HH003556,Externalización activa
HH003557,Salida con el banquero
HH003558,Desenganche silencioso
HH003559,Desenganche silencioso
HH003560,Desenganche silencioso
HH003561,Desenganche silencioso
HH003562,Desenganche silencioso
HH003563,Desenganche silencioso
HH003564,Desenganche silencioso
HH003565,Desenganche silencioso
HH003566,Externalización activa
HH003567,Desenganche silencioso
HH003568,Externalización activa
HH003569,Desenganche silencioso
HH003570,Salida con el banquero
HH003571,Desenganche silencioso
HH003572,Desenganche silencioso
HH003573,Desenganche silencioso
HH003574,Externalización activa
HH003575,Desenganche silencioso
HH003576,Desenganche silencioso
HH003577,Desenganche silencioso
HH003578,Desenganche silencioso
HH003579,Desenganche silencioso
HH003580,Desenganche silencioso
HH003581,Desenganche silencioso
HH003582,Desenganche silencioso
HH003583,Salida con el banquero
HH003584,Desenganche silencioso
HH003585,Salida con el banquero
HH003586,Desenganche silencioso
HH003587,Salida con el banquero
HH003588,Desenganche silencioso
HH003589,Desenganche silencioso
HH003590,Desenganche silencioso
HH003591,Externalización activa
HH003592,Externalización activa
HH003593,Salida con el banquero
HH003594,Desenganche silencioso
HH003595,Desenganche silencioso
HH003596,Desenganche silencioso
HH003597,Desenganche silencioso
HH003598,Desenganche silencioso
HH003599,Desenganche silencioso
HH003600,Desenganche silencioso
HH003601,Salida con el banquero
HH003602,Desenganche silencioso
HH003603,Desenganche silencioso
HH003604,Desenganche silencioso
HH003605,Desenganche silencioso
HH003606,Desenganche silencioso
HH003607,Desenganche silencioso
HH003608,Desenganche silencioso
HH003609,Desenganche silencioso
HH003610,Desenganche silencioso
HH003611,Desenganche silencioso
HH003612,Desenganche silencioso
HH003613,Externalización activa
HH003614,Desenganche silencioso
HH003615,Desenganche silencioso
HH003616,Desenganche silencioso
HH003617,Desenganche silencioso
HH003618,Desenganche silencioso
HH003619,Desenganche silencioso
HH003620,Desenganche silencioso
HH003621,Desenganche silencioso
HH003622,Desenganche silencioso
HH003623,Desenganche silencioso
HH003624,Desenganche silencioso
HH003625,Salida con el banquero
HH003626,Desenganche silencioso
HH003627,Salida con el banquero
HH003628,Desenganche silencioso
HH003629,Desenganche silencioso
HH003630,Salida con el banquero
HH003631,Desenganche silencioso
HH003632,Desenganche silencioso
HH003633,Desenganche silencioso
HH003634,Externalización activa
HH003635,Desenganche silencioso
HH003636,Salida con el banquero
HH003637,Desenganche silencioso
HH003638,Desenganche silencioso
HH003639,Desenganche silencioso
HH003640,Desenganche silencioso
HH003641,Desenganche silencioso
HH003642,Desenganche silencioso
HH003643,Desenganche silencioso
HH003644,Desenganche silencioso
HH003645,Desenganche silencioso
HH003646,Desenganche silencioso
HH003647,Desenganche silencioso
HH003648,Desenganche silencioso
HH003649,Externalización activa
HH003650,Desenganche silencioso
HH003651,Externalización activa
HH003652,Desenganche silencioso
HH003653,Desenganche silencioso
HH003654,Desenganche silencioso
HH003655,Desenganche silencioso
HH003656,Desenganche silencioso
HH003657,Desenganche silencioso
HH003658,Desenganche silencioso
HH003659,Desenganche silencioso
HH003660,Desenganche silencioso
HH003661,Desenganche silencioso
HH003662,Desenganche silencioso
HH003663,Desenganche silencioso
HH003664,Desenganche silencioso
HH003665,Desenganche silencioso
HH003666,Desenganche silencioso
HH003667,Desenganche silencioso
HH003668,Desenganche silencioso
HH003669,Desenganche silencioso
HH003670,Desenganche silencioso
HH003671,Desenganche silencioso
HH003672,Desenganche silencioso
HH003673,Salida con el banquero
HH003674,Desenganche silencioso
HH003675,Externalización activa
HH003676,Desenganche silencioso
HH003677,Desenganche silencioso
HH003678,Desenganche silencioso
HH003679,Desenganche silencioso
HH003680,Salida con el banquero
HH003681,Desenganche silencioso
HH003682,Desenganche silencioso
HH003683,Salida con el banquero
HH003684,Desenganche silencioso
HH003685,Desenganche silencioso
HH003686,Desenganche silencioso
HH003687,Desenganche silencioso
HH003688,Desenganche silencioso
HH003689,Desenganche silencioso
HH003690,Desenganche silencioso
HH003691,Externalización activa
HH003692,Salida con el banquero
HH003693,Desenganche silencioso
HH003694,Desenganche silencioso
HH003695,Desenganche silencioso
HH003696,Desenganche silencioso
HH003697,Desenganche silencioso
HH003698,Desenganche silencioso
HH003699,Desenganche silencioso
HH003700,Desenganche silencioso
HH003701,Desenganche silencioso
HH003702,Desenganche silencioso
HH003703,Desenganche silencioso
HH003704,Desenganche silencioso
HH003705,Desenganche silencioso
HH003706,Desenganche silencioso
HH003707,Desenganche silencioso
HH003708,Desenganche silencioso
HH003709,Desenganche silencioso
HH003710,Externalización activa
HH003711,Desenganche silencioso
HH003712,Salida con el banquero
HH003713,Desenganche silencioso
HH003714,Desenganche silencioso
HH003715,Desenganche silencioso
HH003716,Desenganche silencioso
HH003717,Desenganche silencioso
HH003718,Desenganche silencioso
HH003719,Externalización activa
HH003720,Desenganche silencioso
HH003721,Desenganche silencioso
HH003722,Externalización activa
HH003723,Desenganche silencioso
HH003724,Desenganche silencioso
HH003725,Desenganche silencioso
HH003726,Desenganche silencioso
HH003727,Desenganche silencioso
HH003728,Desenganche silencioso
HH003729,Desenganche silencioso
HH003730,Desenganche silencioso
HH003731,Desenganche silencioso
HH003732,Salida con el banquero
HH003733,Desenganche silencioso
HH003734,Desenganche silencioso
HH003735,Desenganche silencioso
HH003736,Desenganche silencioso
HH003737,Desenganche silencioso
HH003738,Desenganche silencioso
HH003739,Desenganche silencioso
HH003740,Salida con el banquero
HH003741,Desenganche silencioso
HH003742,Desenganche silencioso
HH003743,Desenganche silencioso
HH003744,Desenganche silencioso
HH003745,Salida con el banquero
HH003746,Externalización activa
HH003747,Desenganche silencioso
HH003748,Desenganche silencioso
HH003749,Desenganche silencioso
HH003750,Desenganche silencioso
HH003751,Desenganche silencioso
HH003752,Salida con el banquero
HH003753,Desenganche silencioso
HH003754,Desenganche silencioso
HH003755,Desenganche silencioso
HH003756,Desenganche silencioso
HH003757,Desenganche silencioso
HH003758,Desenganche silencioso
HH003759,Salida con el banquero
HH003760,Desenganche silencioso
HH003761,Desenganche silencioso
HH003762,Desenganche silencioso
HH003763,Desenganche silencioso
HH003764,Desenganche silencioso
HH003765,Desenganche silencioso
HH003766,Desenganche silencioso
HH003767,Desenganche silencioso
HH003768,Desenganche silencioso
HH003769,Desenganche silencioso
HH003770,Salida con el banquero
HH003771,Desenganche silencioso
HH003772,Desenganche silencioso
HH003773,Desenganche silencioso
HH003774,Desenganche silencioso
HH003775,Desenganche silencioso
HH003776,Desenganche silencioso
HH003777,Externalización activa
HH003778,Salida con el banquero
HH003779,Externalización activa
HH003780,Desenganche silencioso
HH003781,Desenganche silencioso
HH003782,Desenganche silencioso
HH003783,Desenganche silencioso
HH003784,Desenganche silencioso
HH003785,Desenganche silencioso
HH003786,Externalización activa
HH003787,Desenganche silencioso
HH003788,Desenganche silencioso
HH003789,Desenganche silencioso
HH003790,Desenganche silencioso
HH003791,Desenganche silencioso
HH003792,Externalización activa
HH003793,Desenganche silencioso
HH003794,Desenganche silencioso
HH003795,Desenganche silencioso
HH003796,Desenganche silencioso
HH003797,Desenganche silencioso
HH003798,Desenganche silencioso
HH003799,Desenganche silencioso
HH003800,Desenganche silencioso
HH003801,Desenganche silencioso
HH003802,Desenganche silencioso
HH003803,Desenganche silencioso
HH003804,Salida con el banquero
HH003805,Desenganche silencioso
HH003806,Externalización activa
HH003807,Desenganche silencioso
HH003808,Externalización activa
HH003809,Externalización activa
HH003810,Desenganche silencioso
HH003811,Desenganche silencioso
HH003812,Desenganche silencioso
HH003813,Desenganche silencioso
HH003814,Desenganche silencioso
HH003815,Desenganche silencioso
HH003816,Desenganche silencioso
HH003817,Desenganche silencioso
HH003818,Desenganche silencioso
HH003819,Salida con el banquero
HH003820,Desenganche silencioso
HH003821,Desenganche silencioso
HH003822,Externalización activa
HH003823,Desenganche silencioso
HH003824,Desenganche silencioso
HH003825,Desenganche silencioso
HH003826,Desenganche silencioso
HH003827,Desenganche silencioso
HH003828,Desenganche silencioso
HH003829,Desenganche silencioso
HH003830,Desenganche silencioso
HH003831,Desenganche silencioso
HH003832,Desenganche silencioso
HH003833,Desenganche silencioso
HH003834,Desenganche silencioso
HH003835,Salida con el banquero
HH003836,Desenganche silencioso
HH003837,Desenganche silencioso
HH003838,Desenganche silencioso
HH003839,Desenganche silencioso
HH003840,Salida con el banquero
HH003841,Desenganche silencioso
HH003842,Salida con el banquero
HH003843,Desenganche silencioso
HH003844,Desenganche silencioso
HH003845,Desenganche silencioso
HH003846,Desenganche silencioso
HH003847,Desenganche silencioso
HH003848,Desenganche silencioso
HH003849,Desenganche silencioso
HH003850,Desenganche silencioso
HH003851,Desenganche silencioso
HH003852,Desenganche silencioso
HH003853,Desenganche silencioso
HH003854,Desenganche silencioso
HH003855,Desenganche silencioso
HH003856,Desenganche silencioso
HH003857,Desenganche silencioso
HH003858,Desenganche silencioso
HH003859,Desenganche silencioso
HH003860,Desenganche silencioso
HH003861,Desenganche silencioso
HH003862,Desenganche silencioso
HH003863,Externalización activa
HH003864,Desenganche silencioso
HH003865,Desenganche silencioso
HH003866,Desenganche silencioso
HH003867,Desenganche silencioso
HH003868,Desenganche silencioso
HH003869,Desenganche silencioso
HH003870,Desenganche silencioso
HH003871,Desenganche silencioso
HH003872,Desenganche silencioso
HH003873,Desenganche silencioso
HH003874,Desenganche silencioso
HH003875,Desenganche silencioso
HH003876,Desenganche silencioso
HH003877,Desenganche silencioso
HH003878,Desenganche silencioso
HH003879,Desenganche silencioso
HH003880,Desenganche silencioso
HH003881,Desenganche silencioso
HH003882,Desenganche silencioso
HH003883,Desenganche silencioso
HH003884,Desenganche silencioso
HH003885,Salida con el banquero
HH003886,Desenganche silencioso
HH003887,Desenganche silencioso
HH003888,Desenganche silencioso
HH003889,Desenganche silencioso
HH003890,Desenganche silencioso
HH003891,Desenganche silencioso
HH003892,Salida con el banquero
HH003893,Desenganche silencioso
HH003894,Salida con el banquero
HH003895,Desenganche silencioso
HH003896,Externalización activa
HH003897,Desenganche silencioso
HH003898,Desenganche silencioso
HH003899,Desenganche silencioso
HH003900,Desenganche silencioso
HH003901,Desenganche silencioso
HH003902,Desenganche silencioso
HH003903,Desenganche silencioso
HH003904,Desenganche silencioso
HH003905,Desenganche silencioso
HH003906,Externalización activa
HH003907,Desenganche silencioso
HH003908,Desenganche silencioso
HH003909,Desenganche silencioso
HH003910,Desenganche silencioso
HH003911,Desenganche silencioso
HH003912,Desenganche silencioso
HH003913,Desenganche silencioso
HH003914,Desenganche silencioso
HH003915,Desenganche silencioso
HH003916,Desenganche silencioso
HH003917,Desenganche silencioso
HH003918,Desenganche silencioso
HH003919,Salida con el banquero
HH003920,Desenganche silencioso
HH003921,Desenganche silencioso
HH003922,Desenganche silencioso
HH003923,Desenganche silencioso
HH003924,Salida con el banquero
HH003925,Externalización activa
HH003926,Desenganche silencioso
HH003927,Desenganche silencioso
HH003928,Desenganche silencioso
HH003929,Desenganche silencioso
HH003930,Desenganche silencioso
HH003931,Desenganche silencioso
HH003932,Desenganche silencioso
HH003933,Desenganche silencioso
HH003934,Desenganche silencioso
HH003935,Salida con el banquero
HH003936,Externalización activa
HH003937,Externalización activa
HH003938,Desenganche silencioso
HH003939,Desenganche silencioso
HH003940,Desenganche silencioso
HH003941,Desenganche silencioso
HH003942,Desenganche silencioso
HH003943,Desenganche silencioso
HH003944,Desenganche silencioso
HH003945,Desenganche silencioso
HH003946,Desenganche silencioso
HH003947,Desenganche silencioso
HH003948,Desenganche silencioso
HH003949,Desenganche silencioso
HH003950,Desenganche silencioso
HH003951,Desenganche silencioso
HH003952,Desenganche silencioso
HH003953,Desenganche silencioso
HH003954,Desenganche silencioso
HH003955,Desenganche silencioso
HH003956,Desenganche silencioso
HH003957,Desenganche silencioso
HH003958,Desenganche silencioso
HH003959,Desenganche silencioso
HH003960,Desenganche silencioso
HH003961,Desenganche silencioso
HH003962,Desenganche silencioso
HH003963,Desenganche silencioso
HH003964,Desenganche silencioso
HH003965,Desenganche silencioso
HH003966,Desenganche silencioso
HH003967,Desenganche silencioso
HH003968,Desenganche silencioso
HH003969,Desenganche silencioso
HH003970,Salida con el banquero
HH003971,Desenganche silencioso
HH003972,Desenganche silencioso
HH003973,Desenganche silencioso
HH003974,Externalización activa
HH003975,Externalización activa
HH003976,Desenganche silencioso
HH003977,Externalización activa
HH003978,Desenganche silencioso
HH003979,Desenganche silencioso
HH003980,Desenganche silencioso
HH003981,Desenganche silencioso
HH003982,Desenganche silencioso
HH003983,Desenganche silencioso
HH003984,Desenganche silencioso
HH003985,Desenganche silencioso
HH003986,Salida con el banquero
HH003987,Desenganche silencioso
HH003988,Desenganche silencioso
HH003989,Salida con el banquero
HH003990,Desenganche silencioso
HH003991,Desenganche silencioso
HH003992,Desenganche silencioso
HH003993,Desenganche silencioso
HH003994,Desenganche silencioso
HH003995,Desenganche silencioso
HH003996,Desenganche silencioso
HH003997,Desenganche silencioso
HH003998,Desenganche silencioso
HH003999,Desenganche silencioso
HH004000,Desenganche silencioso
HH004001,Desenganche silencioso
HH004002,Salida con el banquero
HH004003,Salida con el banquero
HH004004,Desenganche silencioso
HH004005,Desenganche silencioso
HH004006,Desenganche silencioso
HH004007,Salida con el banquero
HH004008,Desenganche silencioso
HH004009,Desenganche silencioso
HH004010,Desenganche silencioso
HH004011,Desenganche silencioso
HH004012,Desenganche silencioso
HH004013,Desenganche silencioso
HH004014,Desenganche silencioso
HH004015,Desenganche silencioso
HH004016,Desenganche silencioso
HH004017,Desenganche silencioso
HH004018,Desenganche silencioso
HH004019,Salida con el banquero
HH004020,Salida con el banquero
HH004021,Desenganche silencioso
HH004022,Desenganche silencioso
HH004023,Desenganche silencioso
HH004024,Salida con el banquero
HH004025,Desenganche silencioso
HH004026,Desenganche silencioso
HH004027,Desenganche silencioso
HH004028,Desenganche silencioso
HH004029,Salida con el banquero
HH004030,Desenganche silencioso
HH004031,Desenganche silencioso
HH004032,Desenganche silencioso
HH004033,Externalización activa
HH004034,Desenganche silencioso
HH004035,Desenganche silencioso
HH004036,Desenganche silencioso
HH004037,Desenganche silencioso
HH004038,Desenganche silencioso
HH004039,Desenganche silencioso
HH004040,Desenganche silencioso
HH004041,Desenganche silencioso
HH004042,Desenganche silencioso
HH004043,Desenganche silencioso
HH004044,Desenganche silencioso
HH004045,Desenganche silencioso
HH004046,Salida con el banquero
HH004047,Salida con el banquero
HH004048,Desenganche silencioso
HH004049,Desenganche silencioso
HH004050,Desenganche silencioso
HH004051,Desenganche silencioso
HH004052,Desenganche silencioso
HH004053,Desenganche silencioso
HH004054,Externalización activa
HH004055,Desenganche silencioso
HH004056,Desenganche silencioso
HH004057,Desenganche silencioso
HH004058,Desenganche silencioso
HH004059,Desenganche silencioso
HH004060,Desenganche silencioso
HH004061,Desenganche silencioso
HH004062,Desenganche silencioso
HH004063,Desenganche silencioso
HH004064,Salida con el banquero
HH004065,Desenganche silencioso
HH004066,Desenganche silencioso
HH004067,Desenganche silencioso
HH004068,Desenganche silencioso
HH004069,Desenganche silencioso
HH004070,Desenganche silencioso
HH004071,Desenganche silencioso
HH004072,Salida con el banquero
HH004073,Externalización activa
HH004074,Salida con el banquero
HH004075,Desenganche silencioso
HH004076,Desenganche silencioso
HH004077,Desenganche silencioso
HH004078,Desenganche silencioso
HH004079,Salida con el banquero
HH004080,Salida con el banquero
HH004081,Desenganche silencioso
HH004082,Desenganche silencioso
HH004083,Desenganche silencioso
HH004084,Desenganche silencioso
HH004085,Desenganche silencioso
HH004086,Salida con el banquero
HH004087,Salida con el banquero
HH004088,Desenganche silencioso
HH004089,Desenganche silencioso
HH004090,Desenganche silencioso
HH004091,Desenganche silencioso
HH004092,Desenganche silencioso
HH004093,Desenganche silencioso
HH004094,Desenganche silencioso
HH004095,Desenganche silencioso
HH004096,Salida con el banquero
HH004097,Desenganche silencioso
HH004098,Desenganche silencioso
HH004099,Desenganche silencioso
HH004100,Salida con el banquero
HH004101,Desenganche silencioso
HH004102,Salida con el banquero
HH004103,Desenganche silencioso
HH004104,Desenganche silencioso
HH004105,Desenganche silencioso
HH004106,Desenganche silencioso
HH004107,Desenganche silencioso
HH004108,Externalización activa
HH004109,Desenganche silencioso
HH004110,Desenganche silencioso
HH004111,Desenganche silencioso
HH004112,Desenganche silencioso
HH004113,Desenganche silencioso
HH004114,Desenganche silencioso
HH004115,Salida con el banquero
HH004116,Desenganche silencioso
HH004117,Desenganche silencioso
HH004118,Salida con el banquero
HH004119,Desenganche silencioso
HH004120,Externalización activa
HH004121,Desenganche silencioso
HH004122,Desenganche silencioso
HH004123,Desenganche silencioso
HH004124,Desenganche silencioso
HH004125,Desenganche silencioso
HH004126,Desenganche silencioso
HH004127,Desenganche silencioso
HH004128,Desenganche silencioso
HH004129,Desenganche silencioso
HH004130,Desenganche silencioso
HH004131,Desenganche silencioso
HH004132,Salida con el banquero
HH004133,Externalización activa
HH004134,Desenganche silencioso
HH004135,Salida con el banquero
HH004136,Desenganche silencioso
HH004137,Desenganche silencioso
HH004138,Desenganche silencioso
HH004139,Desenganche silencioso
HH004140,Desenganche silencioso
HH004141,Desenganche silencioso
HH004142,Desenganche silencioso
HH004143,Desenganche silencioso
HH004144,Desenganche silencioso
HH004145,Desenganche silencioso
HH004146,Desenganche silencioso
HH004147,Desenganche silencioso
HH004148,Desenganche silencioso
HH004149,Desenganche silencioso
HH004150,Desenganche silencioso
HH004151,Desenganche silencioso
HH004152,Desenganche silencioso
HH004153,Salida con el banquero
HH004154,Desenganche silencioso
HH004155,Desenganche silencioso
HH004156,Desenganche silencioso
HH004157,Desenganche silencioso
HH004158,Desenganche silencioso
HH004159,Desenganche silencioso
HH004160,Desenganche silencioso
HH004161,Externalización activa
HH004162,Desenganche silencioso
HH004163,Desenganche silencioso
HH004164,Desenganche silencioso
HH004165,Desenganche silencioso
HH004166,Externalización activa
HH004167,Salida con el banquero
HH004168,Desenganche silencioso
HH004169,Desenganche silencioso
HH004170,Externalización activa
HH004171,Desenganche silencioso
HH004172,Desenganche silencioso
HH004173,Desenganche silencioso
HH004174,Desenganche silencioso
HH004175,Desenganche silencioso
HH004176,Salida con el banquero
HH004177,Desenganche silencioso
HH004178,Desenganche silencioso
HH004179,Salida con el banquero
HH004180,Desenganche silencioso
HH004181,Externalización activa
HH004182,Externalización activa
HH004183,Desenganche silencioso
HH004184,Desenganche silencioso
HH004185,Desenganche silencioso
HH004186,Desenganche silencioso
HH004187,Desenganche silencioso
HH004188,Externalización activa
HH004189,Salida con el banquero
HH004190,Desenganche silencioso
HH004191,Desenganche silencioso
HH004192,Desenganche silencioso
HH004193,Externalización activa
HH004194,Desenganche silencioso
HH004195,Desenganche silencioso
HH004196,Desenganche silencioso
HH004197,Salida con el banquero
HH004198,Desenganche silencioso
HH004199,Desenganche silencioso
HH004200,Externalización activa
HH004201,Desenganche silencioso
HH004202,Desenganche silencioso
HH004203,Externalización activa
HH004204,Desenganche silencioso
HH004205,Desenganche silencioso
HH004206,Desenganche silencioso
HH004207,Desenganche silencioso
HH004208,Externalización activa
HH004209,Desenganche silencioso
HH004210,Salida con el banquero
HH004211,Desenganche silencioso
HH004212,Desenganche silencioso
HH004213,Desenganche silencioso
HH004214,Desenganche silencioso
HH004215,Desenganche silencioso
HH004216,Desenganche silencioso
HH004217,Desenganche silencioso
HH004218,Desenganche silencioso
HH004219,Desenganche silencioso
HH004220,Desenganche silencioso
HH004221,Desenganche silencioso
HH004222,Desenganche silencioso
HH004223,Desenganche silencioso
HH004224,Desenganche silencioso
HH004225,Salida con el banquero
HH004226,Desenganche silencioso
HH004227,Desenganche silencioso
HH004228,Desenganche silencioso
HH004229,Desenganche silencioso
HH004230,Desenganche silencioso
HH004231,Desenganche silencioso
HH004232,Desenganche silencioso
HH004233,Desenganche silencioso
HH004234,Desenganche silencioso
HH004235,Desenganche silencioso
HH004236,Desenganche silencioso
HH004237,Desenganche silencioso
HH004238,Desenganche silencioso
HH004239,Desenganche silencioso
HH004240,Desenganche silencioso
HH004241,Desenganche silencioso
HH004242,Desenganche silencioso
HH004243,Desenganche silencioso
HH004244,Desenganche silencioso
HH004245,Desenganche silencioso
HH004246,Salida con el banquero
HH004247,Desenganche silencioso
HH004248,Desenganche silencioso
HH004249,Desenganche silencioso
HH004250,Desenganche silencioso
HH004251,Desenganche silencioso
HH004252,Desenganche silencioso
HH004253,Desenganche silencioso
HH004254,Desenganche silencioso
HH004255,Desenganche silencioso
HH004256,Desenganche silencioso
HH004257,Desenganche silencioso
HH004258,Externalización activa
HH004259,Desenganche silencioso
HH004260,Desenganche silencioso
HH004261,Desenganche silencioso
HH004262,Desenganche silencioso
HH004263,Desenganche silencioso
HH004264,Salida con el banquero
HH004265,Desenganche silencioso
HH004266,Desenganche silencioso
HH004267,Desenganche silencioso
HH004268,Salida con el banquero
HH004269,Desenganche silencioso
HH004270,Desenganche silencioso
HH004271,Desenganche silencioso
HH004272,Desenganche silencioso
HH004273,Desenganche silencioso
HH004274,Desenganche silencioso
HH004275,Desenganche silencioso
HH004276,Desenganche silencioso
HH004277,Desenganche silencioso
HH004278,Desenganche silencioso
HH004279,Desenganche silencioso
HH004280,Desenganche silencioso
HH004281,Salida con el banquero
HH004282,Desenganche silencioso
HH004283,Desenganche silencioso
HH004284,Desenganche silencioso
HH004285,Desenganche silencioso
HH004286,Desenganche silencioso
HH004287,Salida con el banquero
HH004288,Desenganche silencioso
HH004289,Desenganche silencioso
HH004290,Salida con el banquero
HH004291,Desenganche silencioso
HH004292,Desenganche silencioso
HH004293,Salida con el banquero
HH004294,Desenganche silencioso
HH004295,Desenganche silencioso
HH004296,Salida con el banquero
HH004297,Desenganche silencioso
HH004298,Desenganche silencioso
HH004299,Desenganche silencioso
HH004300,Desenganche silencioso
HH004301,Desenganche silencioso
HH004302,Externalización activa
HH004303,Desenganche silencioso
HH004304,Desenganche silencioso
HH004305,Desenganche silencioso
HH004306,Salida con el banquero
HH004307,Desenganche silencioso
HH004308,Desenganche silencioso
HH004309,Desenganche silencioso
HH004310,Desenganche silencioso
HH004311,Desenganche silencioso
HH004312,Desenganche silencioso
HH004313,Desenganche silencioso
HH004314,Desenganche silencioso
HH004315,Desenganche silencioso
HH004316,Desenganche silencioso
HH004317,Desenganche silencioso
HH004318,Desenganche silencioso
HH004319,Desenganche silencioso
HH004320,Desenganche silencioso
HH004321,Desenganche silencioso
HH004322,Desenganche silencioso
HH004323,Externalización activa
HH004324,Desenganche silencioso
HH004325,Desenganche silencioso
HH004326,Desenganche silencioso
HH004327,Externalización activa
HH004328,Desenganche silencioso
HH004329,Salida con el banquero
HH004330,Desenganche silencioso
HH004331,Desenganche silencioso
HH004332,Desenganche silencioso
HH004333,Desenganche silencioso
HH004334,Desenganche silencioso
HH004335,Desenganche silencioso
HH004336,Externalización activa
HH004337,Desenganche silencioso
HH004338,Desenganche silencioso
HH004339,Desenganche silencioso
HH004340,Externalización activa
HH004341,Desenganche silencioso
HH004342,Desenganche silencioso
HH004343,Desenganche silencioso
HH004344,Salida con el banquero
HH004345,Desenganche silencioso
HH004346,Desenganche silencioso
HH004347,Desenganche silencioso
HH004348,Desenganche silencioso
HH004349,Desenganche silencioso
HH004350,Externalización activa
HH004351,Desenganche silencioso
HH004352,Desenganche silencioso
HH004353,Externalización activa
HH004354,Salida con el banquero
HH004355,Desenganche silencioso
HH004356,Desenganche silencioso
HH004357,Desenganche silencioso
HH004358,Desenganche silencioso
HH004359,Desenganche silencioso
HH004360,Desenganche silencioso
HH004361,Desenganche silencioso
HH004362,Externalización activa
HH004363,Desenganche silencioso
HH004364,Desenganche silencioso
HH004365,Desenganche silencioso
HH004366,Desenganche silencioso
HH004367,Desenganche silencioso
HH004368,Desenganche silencioso
HH004369,Desenganche silencioso
HH004370,Desenganche silencioso
HH004371,Desenganche silencioso
HH004372,Desenganche silencioso
HH004373,Desenganche silencioso
HH004374,Desenganche silencioso
HH004375,Desenganche silencioso
HH004376,Desenganche silencioso
HH004377,Desenganche silencioso
HH004378,Desenganche silencioso
HH004379,Externalización activa
HH004380,Salida con el banquero
HH004381,Desenganche silencioso
HH004382,Desenganche silencioso
HH004383,Desenganche silencioso
HH004384,Desenganche silencioso
HH004385,Desenganche silencioso
HH004386,Salida con el banquero
HH004387,Desenganche silencioso
HH004388,Desenganche silencioso
HH004389,Desenganche silencioso
HH004390,Salida con el banquero
HH004391,Desenganche silencioso
HH004392,Desenganche silencioso
HH004393,Desenganche silencioso
HH004394,Desenganche silencioso
HH004395,Desenganche silencioso
HH004396,Desenganche silencioso
HH004397,Desenganche silencioso
HH004398,Desenganche silencioso
HH004399,Desenganche silencioso
HH004400,Desenganche silencioso
HH004401,Desenganche silencioso
HH004402,Desenganche silencioso
HH004403,Desenganche silencioso
HH004404,Salida con el banquero
HH004405,Desenganche silencioso
HH004406,Externalización activa
HH004407,Desenganche silencioso
HH004408,Desenganche silencioso
HH004409,Salida con el banquero
HH004410,Desenganche silencioso
HH004411,Desenganche silencioso
HH004412,Desenganche silencioso
HH004413,Desenganche silencioso
HH004414,Desenganche silencioso
HH004415,Desenganche silencioso
HH004416,Desenganche silencioso
HH004417,Desenganche silencioso
HH004418,Salida con el banquero
HH004419,Desenganche silencioso
HH004420,Desenganche silencioso
HH004421,Desenganche silencioso
HH004422,Desenganche silencioso
HH004423,Desenganche silencioso
HH004424,Salida con el banquero
HH004425,Desenganche silencioso
HH004426,Desenganche silencioso
HH004427,Desenganche silencioso
HH004428,Desenganche silencioso
HH004429,Desenganche silencioso
HH004430,Desenganche silencioso
HH004431,Externalización activa
HH004432,Desenganche silencioso
HH004433,Desenganche silencioso
HH004434,Desenganche silencioso
HH004435,Externalización activa
HH004436,Desenganche silencioso
HH004437,Desenganche silencioso
HH004438,Salida con el banquero
HH004439,Desenganche silencioso
HH004440,Desenganche silencioso
HH004441,Desenganche silencioso
HH004442,Desenganche silencioso
HH004443,Desenganche silencioso
HH004444,Externalización activa
HH004445,Desenganche silencioso
HH004446,Desenganche silencioso
HH004447,Desenganche silencioso
HH004448,Desenganche silencioso
HH004449,Externalización activa
HH004450,Externalización activa
HH004451,Desenganche silencioso
HH004452,Desenganche silencioso
HH004453,Desenganche silencioso
HH004454,Desenganche silencioso
HH004455,Desenganche silencioso
HH004456,Desenganche silencioso
HH004457,Desenganche silencioso
HH004458,Desenganche silencioso
HH004459,Desenganche silencioso
HH004460,Desenganche silencioso
HH004461,Desenganche silencioso
HH004462,Desenganche silencioso
HH004463,Desenganche silencioso
HH004464,Desenganche silencioso
HH004465,Desenganche silencioso
HH004466,Desenganche silencioso
HH004467,Desenganche silencioso
HH004468,Desenganche silencioso
HH004469,Desenganche silencioso
HH004470,Desenganche silencioso
HH004471,Salida con el banquero
HH004472,Desenganche silencioso
HH004473,Desenganche silencioso
HH004474,Desenganche silencioso
HH004475,Desenganche silencioso
HH004476,Desenganche silencioso
HH004477,Desenganche silencioso
HH004478,Desenganche silencioso
HH004479,Desenganche silencioso
HH004480,Desenganche silencioso
HH004481,Desenganche silencioso
HH004482,Desenganche silencioso
HH004483,Desenganche silencioso
HH004484,Desenganche silencioso
HH004485,Desenganche silencioso
HH004486,Desenganche silencioso
HH004487,Desenganche silencioso
HH004488,Desenganche silencioso
HH004489,Desenganche silencioso
HH004490,Desenganche silencioso
HH004491,Desenganche silencioso
HH004492,Desenganche silencioso
HH004493,Desenganche silencioso
HH004494,Desenganche silencioso
HH004495,Desenganche silencioso
HH004496,Salida con el banquero
HH004497,Desenganche silencioso
HH004498,Desenganche silencioso
HH004499,Desenganche silencioso
HH004500,Desenganche silencioso
HH004501,Desenganche silencioso
HH004502,Desenganche silencioso
HH004503,Salida con el banquero
HH004504,Desenganche silencioso
HH004505,Desenganche silencioso
HH004506,Desenganche silencioso
HH004507,Desenganche silencioso
HH004508,Desenganche silencioso
HH004509,Desenganche silencioso
HH004510,Desenganche silencioso
HH004511,Desenganche silencioso
HH004512,Desenganche silencioso
HH004513,Desenganche silencioso
HH004514,Desenganche silencioso
HH004515,Desenganche silencioso
HH004516,Desenganche silencioso
HH004517,Desenganche silencioso
HH004518,Salida con el banquero
HH004519,Desenganche silencioso
HH004520,Desenganche silencioso
HH004521,Desenganche silencioso
HH004522,Desenganche silencioso
HH004523,Desenganche silencioso
HH004524,Salida con el banquero
HH004525,Desenganche silencioso
HH004526,Desenganche silencioso
HH004527,Desenganche silencioso
HH004528,Desenganche silencioso
HH004529,Externalización activa
HH004530,Desenganche silencioso
HH004531,Desenganche silencioso
HH004532,Desenganche silencioso
HH004533,Desenganche silencioso
HH004534,Desenganche silencioso
HH004535,Desenganche silencioso
HH004536,Salida con el banquero
HH004537,Desenganche silencioso
HH004538,Desenganche silencioso
HH004539,Desenganche silencioso
HH004540,Salida con el banquero
HH004541,Salida con el banquero
HH004542,Salida con el banquero
HH004543,Desenganche silencioso
HH004544,Desenganche silencioso
HH004545,Salida con el banquero
HH004546,Desenganche silencioso
HH004547,Desenganche silencioso
HH004548,Desenganche silencioso
HH004549,Desenganche silencioso
HH004550,Desenganche silencioso
HH004551,Desenganche silencioso
HH004552,Desenganche silencioso
HH004553,Externalización activa
HH004554,Salida con el banquero
HH004555,Desenganche silencioso
HH004556,Salida con el banquero
HH004557,Desenganche silencioso
HH004558,Desenganche silencioso
HH004559,Desenganche silencioso
HH004560,Desenganche silencioso
HH004561,Desenganche silencioso
HH004562,Salida con el banquero
HH004563,Desenganche silencioso
HH004564,Desenganche silencioso
HH004565,Desenganche silencioso
HH004566,Desenganche silencioso
HH004567,Externalización activa
HH004568,Desenganche silencioso
HH004569,Desenganche silencioso
HH004570,Salida con el banquero
HH004571,Desenganche silencioso
HH004572,Desenganche silencioso
HH004573,Salida con el banquero
HH004574,Desenganche silencioso
HH004575,Desenganche silencioso
HH004576,Desenganche silencioso
HH004577,Desenganche silencioso
HH004578,Desenganche silencioso
HH004579,Desenganche silencioso
HH004580,Desenganche silencioso
HH004581,Desenganche silencioso
HH004582,Desenganche silencioso
HH004583,Desenganche silencioso
HH004584,Desenganche silencioso
HH004585,Desenganche silencioso
HH004586,Externalización activa
HH004587,Salida con el banquero
HH004588,Desenganche silencioso
HH004589,Desenganche silencioso
HH004590,Desenganche silencioso
HH004591,Salida con el banquero
HH004592,Desenganche silencioso
HH004593,Desenganche silencioso
HH004594,Desenganche silencioso
HH004595,Desenganche silencioso
HH004596,Desenganche silencioso
HH004597,Desenganche silencioso
HH004598,Desenganche silencioso
HH004599,Desenganche silencioso
HH004600,Desenganche silencioso
HH004601,Desenganche silencioso
HH004602,Desenganche silencioso
HH004603,Desenganche silencioso
HH004604,Desenganche silencioso
HH004605,Desenganche silencioso
HH004606,Desenganche silencioso
HH004607,Desenganche silencioso
HH004608,Desenganche silencioso
HH004609,Desenganche silencioso
HH004610,Desenganche silencioso
HH004611,Desenganche silencioso
HH004612,Desenganche silencioso
HH004613,Externalización activa
HH004614,Salida con el banquero
HH004615,Desenganche silencioso
HH004616,Desenganche silencioso
HH004617,Desenganche silencioso
HH004618,Desenganche silencioso
HH004619,Desenganche silencioso
HH004620,Salida con el banquero
HH004621,Desenganche silencioso
HH004622,Desenganche silencioso
HH004623,Desenganche silencioso
HH004624,Desenganche silencioso
HH004625,Externalización activa
HH004626,Externalización activa
HH004627,Externalización activa
HH004628,Externalización activa
HH004629,Salida con el banquero
HH004630,Desenganche silencioso
HH004631,Desenganche silencioso
HH004632,Salida con el banquero
HH004633,Desenganche silencioso
HH004634,Desenganche silencioso
HH004635,Desenganche silencioso
HH004636,Desenganche silencioso
HH004637,Desenganche silencioso
HH004638,Desenganche silencioso
HH004639,Desenganche silencioso
HH004640,Desenganche silencioso
HH004641,Desenganche silencioso
HH004642,Desenganche silencioso
HH004643,Salida con el banquero
HH004644,Desenganche silencioso
HH004645,Desenganche silencioso
HH004646,Desenganche silencioso
HH004647,Desenganche silencioso
HH004648,Desenganche silencioso
HH004649,Salida con el banquero
HH004650,Desenganche silencioso
HH004651,Desenganche silencioso
HH004652,Desenganche silencioso
HH004653,Salida con el banquero
HH004654,Desenganche silencioso
HH004655,Desenganche silencioso
HH004656,Salida con el banquero
HH004657,Externalización activa
HH004658,Desenganche silencioso
HH004659,Desenganche silencioso
HH004660,Desenganche silencioso
HH004661,Desenganche silencioso
HH004662,Desenganche silencioso
HH004663,Salida con el banquero
HH004664,Salida con el banquero
HH004665,Desenganche silencioso
HH004666,Desenganche silencioso
HH004667,Salida con el banquero
HH004668,Desenganche silencioso
HH004669,Desenganche silencioso
HH004670,Desenganche silencioso
HH004671,Desenganche silencioso
HH004672,Salida con el banquero
HH004673,Desenganche silencioso
HH004674,Desenganche silencioso
HH004675,Desenganche silencioso
HH004676,Externalización activa
HH004677,Desenganche silencioso
HH004678,Desenganche silencioso
HH004679,Desenganche silencioso
HH004680,Desenganche silencioso
HH004681,Desenganche silencioso
HH004682,Desenganche silencioso
HH004683,Externalización activa
HH004684,Desenganche silencioso
HH004685,Desenganche silencioso
HH004686,Desenganche silencioso
HH004687,Salida con el banquero
HH004688,Desenganche silencioso
HH004689,Salida con el banquero
HH004690,Desenganche silencioso
HH004691,Desenganche silencioso
HH004692,Desenganche silencioso
HH004693,Salida con el banquero
HH004694,Desenganche silencioso
HH004695,Desenganche silencioso
HH004696,Desenganche silencioso
HH004697,Desenganche silencioso
HH004698,Desenganche silencioso
HH004699,Salida con el banquero
HH004700,Desenganche silencioso
HH004701,Salida con el banquero
HH004702,Desenganche silencioso
HH004703,Desenganche silencioso
HH004704,Externalización activa
HH004705,Desenganche silencioso
HH004706,Desenganche silencioso
HH004707,Desenganche silencioso
HH004708,Externalización activa
HH004709,Salida con el banquero
HH004710,Desenganche silencioso
HH004711,Desenganche silencioso
HH004712,Salida con el banquero
HH004713,Desenganche silencioso
HH004714,Desenganche silencioso
HH004715,Salida con el banquero
HH004716,Desenganche silencioso
HH004717,Desenganche silencioso
HH004718,Desenganche silencioso
HH004719,Desenganche silencioso
HH004720,Desenganche silencioso
HH004721,Desenganche silencioso
HH004722,Desenganche silencioso
HH004723,Desenganche silencioso
HH004724,Externalización activa
HH004725,Desenganche silencioso
HH004726,Desenganche silencioso
HH004727,Desenganche silencioso
HH004728,Desenganche silencioso
HH004729,Desenganche silencioso
HH004730,Desenganche silencioso
HH004731,Desenganche silencioso
HH004732,Desenganche silencioso
HH004733,Desenganche silencioso
HH004734,Desenganche silencioso
HH004735,Desenganche silencioso
HH004736,Salida con el banquero
HH004737,Desenganche silencioso
HH004738,Salida con el banquero
HH004739,Desenganche silencioso
HH004740,Desenganche silencioso
HH004741,Desenganche silencioso
HH004742,Desenganche silencioso
HH004743,Desenganche silencioso
HH004744,Desenganche silencioso
HH004745,Desenganche silencioso
HH004746,Desenganche silencioso
HH004747,Desenganche silencioso
HH004748,Desenganche silencioso
HH004749,Desenganche silencioso
HH004750,Desenganche silencioso
HH004751,Desenganche silencioso
HH004752,Desenganche silencioso
HH004753,Desenganche silencioso
HH004754,Desenganche silencioso
HH004755,Desenganche silencioso
HH004756,Desenganche silencioso
HH004757,Salida con el banquero
HH004758,Desenganche silencioso
HH004759,Desenganche silencioso
HH004760,Desenganche silencioso
HH004761,Salida con el banquero
HH004762,Desenganche silencioso
HH004763,Desenganche silencioso
HH004764,Desenganche silencioso
HH004765,Desenganche silencioso
HH004766,Externalización activa
HH004767,Desenganche silencioso
HH004768,Desenganche silencioso
HH004769,Salida con el banquero
HH004770,Salida con el banquero
HH004771,Desenganche silencioso
HH004772,Desenganche silencioso
HH004773,Desenganche silencioso
HH004774,Desenganche silencioso
HH004775,Desenganche silencioso
HH004776,Desenganche silencioso
HH004777,Desenganche silencioso
HH004778,Desenganche silencioso
HH004779,Salida con el banquero
HH004780,Desenganche silencioso
HH004781,Desenganche silencioso
HH004782,Desenganche silencioso
HH004783,Desenganche silencioso
HH004784,Desenganche silencioso
HH004785,Desenganche silencioso
HH004786,Desenganche silencioso
HH004787,Desenganche silencioso
HH004788,Externalización activa
HH004789,Desenganche silencioso
HH004790,Desenganche silencioso
HH004791,Desenganche silencioso
HH004792,Desenganche silencioso
HH004793,Desenganche silencioso
HH004794,Desenganche silencioso
HH004795,Desenganche silencioso
HH004796,Externalización activa
HH004797,Desenganche silencioso
HH004798,Desenganche silencioso
HH004799,Desenganche silencioso
HH004800,Externalización activa
HH004801,Desenganche silencioso
HH004802,Desenganche silencioso
HH004803,Desenganche silencioso
HH004804,Desenganche silencioso
HH004805,Desenganche silencioso
HH004806,Desenganche silencioso
HH004807,Desenganche silencioso
HH004808,Salida con el banquero
HH004809,Desenganche silencioso
HH004810,Desenganche silencioso
HH004811,Desenganche silencioso
HH004812,Desenganche silencioso
HH004813,Desenganche silencioso
HH004814,Desenganche silencioso
HH004815,Desenganche silencioso
HH004816,Desenganche silencioso
HH004817,Desenganche silencioso
HH004818,Desenganche silencioso
HH004819,Desenganche silencioso
HH004820,Desenganche silencioso
HH004821,Desenganche silencioso
HH004822,Desenganche silencioso
HH004823,Desenganche silencioso
HH004824,Desenganche silencioso
HH004825,Salida con el banquero
HH004826,Desenganche silencioso
HH004827,Desenganche silencioso
HH004828,Desenganche silencioso
HH004829,Desenganche silencioso
HH004830,Salida con el banquero
HH004831,Desenganche silencioso
HH004832,Desenganche silencioso
HH004833,Externalización activa
HH004834,Desenganche silencioso
HH004835,Desenganche silencioso
HH004836,Desenganche silencioso
HH004837,Salida con el banquero
HH004838,Desenganche silencioso
HH004839,Desenganche silencioso
HH004840,Desenganche silencioso
HH004841,Desenganche silencioso
HH004842,Desenganche silencioso
HH004843,Desenganche silencioso
HH004844,Desenganche silencioso
HH004845,Desenganche silencioso
HH004846,Desenganche silencioso
HH004847,Desenganche silencioso
HH004848,Desenganche silencioso
HH004849,Desenganche silencioso
HH004850,Desenganche silencioso
HH004851,Desenganche silencioso
HH004852,Externalización activa
HH004853,Desenganche silencioso
HH004854,Desenganche silencioso
HH004855,Externalización activa
HH004856,Salida con el banquero
HH004857,Desenganche silencioso
HH004858,Desenganche silencioso
HH004859,Desenganche silencioso
HH004860,Desenganche silencioso
HH004861,Desenganche silencioso
HH004862,Externalización activa
HH004863,Desenganche silencioso
HH004864,Desenganche silencioso
HH004865,Desenganche silencioso
HH004866,Desenganche silencioso
HH004867,Externalización activa
HH004868,Desenganche silencioso
HH004869,Desenganche silencioso
HH004870,Desenganche silencioso
HH004871,Desenganche silencioso
HH004872,Desenganche silencioso
HH004873,Desenganche silencioso
HH004874,Desenganche silencioso
HH004875,Desenganche silencioso
HH004876,Salida con el banquero
HH004877,Salida con el banquero
HH004878,Desenganche silencioso
HH004879,Desenganche silencioso
HH004880,Salida con el banquero
HH004881,Desenganche silencioso
HH004882,Externalización activa
HH004883,Desenganche silencioso
HH004884,Desenganche silencioso
HH004885,Salida con el banquero
HH004886,Desenganche silencioso
HH004887,Desenganche silencioso
HH004888,Desenganche silencioso
HH004889,Desenganche silencioso
HH004890,Desenganche silencioso
HH004891,Desenganche silencioso
HH004892,Externalización activa
HH004893,Externalización activa
HH004894,Desenganche silencioso
HH004895,Desenganche silencioso
HH004896,Desenganche silencioso
HH004897,Desenganche silencioso
HH004898,Desenganche silencioso
HH004899,Desenganche silencioso
HH004900,Salida con el banquero
HH004901,Salida con el banquero
HH004902,Desenganche silencioso
HH004903,Desenganche silencioso
HH004904,Desenganche silencioso
HH004905,Salida con el banquero
HH004906,Desenganche silencioso
HH004907,Desenganche silencioso
HH004908,Externalización activa
HH004909,Desenganche silencioso
HH004910,Desenganche silencioso
HH004911,Salida con el banquero
HH004912,Desenganche silencioso
HH004913,Desenganche silencioso
HH004914,Desenganche silencioso
HH004915,Desenganche silencioso
HH004916,Desenganche silencioso
HH004917,Desenganche silencioso
HH004918,Desenganche silencioso
HH004919,Desenganche silencioso
HH004920,Desenganche silencioso
HH004921,Externalización activa
HH004922,Desenganche silencioso
HH004923,Desenganche silencioso
HH004924,Salida con el banquero
HH004925,Externalización activa
HH004926,Desenganche silencioso
HH004927,Desenganche silencioso
HH004928,Desenganche silencioso
HH004929,Desenganche silencioso
HH004930,Desenganche silencioso
HH004931,Desenganche silencioso
HH004932,Desenganche silencioso
HH004933,Desenganche silencioso
HH004934,Desenganche silencioso
HH004935,Desenganche silencioso
HH004936,Salida con el banquero
HH004937,Externalización activa
HH004938,Desenganche silencioso
HH004939,Desenganche silencioso
HH004940,Desenganche silencioso
HH004941,Desenganche silencioso
HH004942,Desenganche silencioso
HH004943,Desenganche silencioso
HH004944,Desenganche silencioso
HH004945,Desenganche silencioso
HH004946,Salida con el banquero
HH004947,Desenganche silencioso
HH004948,Desenganche silencioso
HH004949,Desenganche silencioso
HH004950,Desenganche silencioso
HH004951,Salida con el banquero
HH004952,Desenganche silencioso
HH004953,Desenganche silencioso
HH004954,Desenganche silencioso
HH004955,Salida con el banquero
HH004956,Salida con el banquero
HH004957,Salida con el banquero
HH004958,Desenganche silencioso
HH004959,Desenganche silencioso
HH004960,Desenganche silencioso
HH004961,Desenganche silencioso
HH004962,Desenganche silencioso
HH004963,Desenganche silencioso
HH004964,Desenganche silencioso
HH004965,Salida con el banquero
HH004966,Externalización activa
HH004967,Desenganche silencioso
HH004968,Desenganche silencioso
HH004969,Desenganche silencioso
HH004970,Salida con el banquero
HH004971,Desenganche silencioso
HH004972,Salida con el banquero
HH004973,Desenganche silencioso
HH004974,Salida con el banquero
HH004975,Desenganche silencioso
HH004976,Desenganche silencioso
HH004977,Desenganche silencioso
HH004978,Desenganche silencioso
HH004979,Desenganche silencioso
HH004980,Desenganche silencioso
HH004981,Desenganche silencioso
HH004982,Desenganche silencioso
HH004983,Desenganche silencioso
HH004984,Desenganche silencioso
HH004985,Desenganche silencioso
HH004986,Desenganche silencioso
HH004987,Desenganche silencioso
HH004988,Desenganche silencioso
HH004989,Desenganche silencioso
HH004990,Salida con el banquero
HH004991,Desenganche silencioso
HH004992,Desenganche silencioso
HH004993,Desenganche silencioso
HH004994,Desenganche silencioso
HH004995,Desenganche silencioso
HH004996,Desenganche silencioso
HH004997,Desenganche silencioso
HH004998,Salida con el banquero
HH004999,Desenganche silencioso
HH005000,Salida con el banquero
HH005001,Desenganche silencioso
HH005002,Desenganche silencioso
HH005003,Desenganche silencioso
HH005004,Externalización activa
HH005005,Desenganche silencioso
HH005006,Desenganche silencioso
HH005007,Desenganche silencioso
HH005008,Desenganche silencioso
HH005009,Desenganche silencioso
HH005010,Desenganche silencioso
HH005011,Salida con el banquero
HH005012,Desenganche silencioso
HH005013,Desenganche silencioso
HH005014,Desenganche silencioso
HH005015,Desenganche silencioso
HH005016,Salida con el banquero
HH005017,Desenganche silencioso
HH005018,Desenganche silencioso
HH005019,Desenganche silencioso
HH005020,Desenganche silencioso
HH005021,Desenganche silencioso
HH005022,Salida con el banquero
HH005023,Desenganche silencioso
HH005024,Externalización activa
HH005025,Salida con el banquero
HH005026,Desenganche silencioso
HH005027,Desenganche silencioso
HH005028,Desenganche silencioso
HH005029,Desenganche silencioso
HH005030,Desenganche silencioso
HH005031,Desenganche silencioso
HH005032,Desenganche silencioso
HH005033,Desenganche silencioso
HH005034,Desenganche silencioso
HH005035,Salida con el banquero
HH005036,Externalización activa
HH005037,Desenganche silencioso
HH005038,Desenganche silencioso
HH005039,Desenganche silencioso
HH005040,Desenganche silencioso
HH005041,Desenganche silencioso
HH005042,Desenganche silencioso
HH005043,Desenganche silencioso
HH005044,Desenganche silencioso
HH005045,Desenganche silencioso
HH005046,Desenganche silencioso
HH005047,Desenganche silencioso
HH005048,Desenganche silencioso
HH005049,Desenganche silencioso
HH005050,Desenganche silencioso
HH005051,Externalización activa
HH005052,Desenganche silencioso
HH005053,Salida con el banquero
HH005054,Desenganche silencioso
HH005055,Desenganche silencioso
HH005056,Desenganche silencioso
HH005057,Desenganche silencioso
HH005058,Desenganche silencioso
HH005059,Desenganche silencioso
HH005060,Desenganche silencioso
HH005061,Salida con el banquero
HH005062,Desenganche silencioso
HH005063,Salida con el banquero
HH005064,Externalización activa
HH005065,Desenganche silencioso
HH005066,Desenganche silencioso
HH005067,Desenganche silencioso
HH005068,Desenganche silencioso
HH005069,Desenganche silencioso
HH005070,Desenganche silencioso
HH005071,Desenganche silencioso
HH005072,Desenganche silencioso
HH005073,Desenganche silencioso
HH005074,Desenganche silencioso
HH005075,Desenganche silencioso
HH005076,Desenganche silencioso
HH005077,Desenganche silencioso
HH005078,Desenganche silencioso
HH005079,Salida con el banquero
HH005080,Desenganche silencioso
HH005081,Desenganche silencioso
HH005082,Desenganche silencioso
HH005083,Desenganche silencioso
HH005084,Desenganche silencioso
HH005085,Desenganche silencioso
HH005086,Desenganche silencioso
HH005087,Desenganche silencioso
HH005088,Desenganche silencioso
HH005089,Desenganche silencioso
HH005090,Desenganche silencioso
HH005091,Desenganche silencioso
HH005092,Desenganche silencioso
HH005093,Desenganche silencioso
HH005094,Desenganche silencioso
HH005095,Desenganche silencioso
HH005096,Salida con el banquero
HH005097,Desenganche silencioso
HH005098,Desenganche silencioso
HH005099,Externalización activa
HH005100,Desenganche silencioso
HH005101,Desenganche silencioso
HH005102,Desenganche silencioso
HH005103,Desenganche silencioso
HH005104,Desenganche silencioso
HH005105,Externalización activa
HH005106,Desenganche silencioso
HH005107,Desenganche silencioso
HH005108,Desenganche silencioso
HH005109,Externalización activa
HH005110,Desenganche silencioso
HH005111,Desenganche silencioso
HH005112,Desenganche silencioso
HH005113,Desenganche silencioso
HH005114,Salida con el banquero
HH005115,Desenganche silencioso
HH005116,Desenganche silencioso
HH005117,Desenganche silencioso
HH005118,Desenganche silencioso
HH005119,Desenganche silencioso
HH005120,Desenganche silencioso
HH005121,Desenganche silencioso
HH005122,Externalización activa
HH005123,Desenganche silencioso
HH005124,Desenganche silencioso
HH005125,Externalización activa
HH005126,Desenganche silencioso
HH005127,Desenganche silencioso
HH005128,Desenganche silencioso
HH005129,Desenganche silencioso
HH005130,Desenganche silencioso
HH005131,Salida con el banquero
HH005132,Externalización activa
HH005133,Desenganche silencioso
HH005134,Desenganche silencioso
HH005135,Desenganche silencioso
HH005136,Desenganche silencioso
HH005137,Desenganche silencioso
HH005138,Desenganche silencioso
HH005139,Desenganche silencioso
HH005140,Desenganche silencioso
HH005141,Desenganche silencioso
HH005142,Desenganche silencioso
HH005143,Desenganche silencioso
HH005144,Desenganche silencioso
HH005145,Desenganche silencioso
HH005146,Desenganche silencioso
HH005147,Desenganche silencioso
HH005148,Desenganche silencioso
HH005149,Desenganche silencioso
HH005150,Desenganche silencioso
HH005151,Desenganche silencioso
HH005152,Desenganche silencioso
HH005153,Salida con el banquero
HH005154,Desenganche silencioso
HH005155,Salida con el banquero
HH005156,Desenganche silencioso
HH005157,Desenganche silencioso
HH005158,Desenganche silencioso
HH005159,Desenganche silencioso
HH005160,Desenganche silencioso
HH005161,Desenganche silencioso
HH005162,Desenganche silencioso
HH005163,Desenganche silencioso
HH005164,Desenganche silencioso
HH005165,Salida con el banquero
HH005166,Desenganche silencioso
HH005167,Desenganche silencioso
HH005168,Salida con el banquero
HH005169,Desenganche silencioso
HH005170,Desenganche silencioso
HH005171,Desenganche silencioso
HH005172,Desenganche silencioso
HH005173,Desenganche silencioso
HH005174,Desenganche silencioso
HH005175,Desenganche silencioso
HH005176,Desenganche silencioso
HH005177,Externalización activa
HH005178,Desenganche silencioso
HH005179,Desenganche silencioso
HH005180,Desenganche silencioso
HH005181,Desenganche silencioso
HH005182,Desenganche silencioso
HH005183,Desenganche silencioso
HH005184,Desenganche silencioso
HH005185,Desenganche silencioso
HH005186,Desenganche silencioso
HH005187,Desenganche silencioso
HH005188,Desenganche silencioso
HH005189,Desenganche silencioso
HH005190,Desenganche silencioso
HH005191,Desenganche silencioso
HH005192,Desenganche silencioso
HH005193,Desenganche silencioso
HH005194,Salida con el banquero
HH005195,Desenganche silencioso
HH005196,Desenganche silencioso
HH005197,Desenganche silencioso
HH005198,Desenganche silencioso
HH005199,Desenganche silencioso
HH005200,Desenganche silencioso
HH005201,Salida con el banquero
HH005202,Desenganche silencioso
HH005203,Desenganche silencioso
HH005204,Desenganche silencioso
HH005205,Desenganche silencioso
HH005206,Desenganche silencioso
HH005207,Desenganche silencioso
HH005208,Desenganche silencioso
HH005209,Desenganche silencioso
HH005210,Desenganche silencioso
HH005211,Salida con el banquero
HH005212,Desenganche silencioso
HH005213,Desenganche silencioso
HH005214,Desenganche silencioso
HH005215,Desenganche silencioso
HH005216,Desenganche silencioso
HH005217,Desenganche silencioso
HH005218,Desenganche silencioso
HH005219,Desenganche silencioso
HH005220,Desenganche silencioso
HH005221,Desenganche silencioso
HH005222,Desenganche silencioso
HH005223,Desenganche silencioso
HH005224,Desenganche silencioso
HH005225,Desenganche silencioso
HH005226,Desenganche silencioso
HH005227,Desenganche silencioso
HH005228,Externalización activa
HH005229,Desenganche silencioso
HH005230,Desenganche silencioso
HH005231,Desenganche silencioso
HH005232,Desenganche silencioso
HH005233,Desenganche silencioso
HH005234,Desenganche silencioso
HH005235,Desenganche silencioso
HH005236,Desenganche silencioso
HH005237,Desenganche silencioso
HH005238,Desenganche silencioso
HH005239,Desenganche silencioso
HH005240,Desenganche silencioso
HH005241,Desenganche silencioso
HH005242,Desenganche silencioso
HH005243,Desenganche silencioso
HH005244,Desenganche silencioso
HH005245,Desenganche silencioso
HH005246,Externalización activa
HH005247,Salida con el banquero
HH005248,Desenganche silencioso
HH005249,Desenganche silencioso
HH005250,Desenganche silencioso
HH005251,Desenganche silencioso
HH005252,Salida con el banquero
HH005253,Desenganche silencioso
HH005254,Desenganche silencioso
HH005255,Desenganche silencioso
HH005256,Desenganche silencioso
HH005257,Desenganche silencioso
HH005258,Desenganche silencioso
HH005259,Salida con el banquero
HH005260,Salida con el banquero
HH005261,Desenganche silencioso
HH005262,Externalización activa
HH005263,Desenganche silencioso
HH005264,Desenganche silencioso
HH005265,Desenganche silencioso
HH005266,Desenganche silencioso
HH005267,Desenganche silencioso
HH005268,Salida con el banquero
HH005269,Desenganche silencioso
HH005270,Salida con el banquero
HH005271,Desenganche silencioso
HH005272,Desenganche silencioso
HH005273,Desenganche silencioso
HH005274,Desenganche silencioso
HH005275,Desenganche silencioso
HH005276,Salida con el banquero
HH005277,Desenganche silencioso
HH005278,Desenganche silencioso
HH005279,Desenganche silencioso
HH005280,Desenganche silencioso
HH005281,Desenganche silencioso
HH005282,Salida con el banquero
HH005283,Desenganche silencioso
HH005284,Desenganche silencioso
HH005285,Desenganche silencioso
HH005286,Desenganche silencioso
HH005287,Desenganche silencioso
HH005288,Desenganche silencioso
HH005289,Desenganche silencioso
HH005290,Desenganche silencioso
HH005291,Desenganche silencioso
HH005292,Salida con el banquero
HH005293,Desenganche silencioso
HH005294,Desenganche silencioso
HH005295,Desenganche silencioso
HH005296,Desenganche silencioso
HH005297,Desenganche silencioso
HH005298,Desenganche silencioso
HH005299,Desenganche silencioso
HH005300,Desenganche silencioso
HH005301,Salida con el banquero
HH005302,Desenganche silencioso
HH005303,Desenganche silencioso
HH005304,Desenganche silencioso
HH005305,Desenganche silencioso
HH005306,Desenganche silencioso
HH005307,Desenganche silencioso
HH005308,Desenganche silencioso
HH005309,Desenganche silencioso
HH005310,Salida con el banquero
HH005311,Desenganche silencioso
HH005312,Salida con el banquero
HH005313,Desenganche silencioso
HH005314,Desenganche silencioso
HH005315,Desenganche silencioso
HH005316,Desenganche silencioso
HH005317,Desenganche silencioso
HH005318,Desenganche silencioso
HH005319,Desenganche silencioso
HH005320,Desenganche silencioso
HH005321,Desenganche silencioso
HH005322,Salida con el banquero
HH005323,Salida con el banquero
HH005324,Desenganche silencioso
HH005325,Desenganche silencioso
HH005326,Desenganche silencioso
HH005327,Desenganche silencioso
HH005328,Desenganche silencioso
HH005329,Desenganche silencioso
HH005330,Desenganche silencioso
HH005331,Desenganche silencioso
HH005332,Desenganche silencioso
HH005333,Desenganche silencioso
HH005334,Desenganche silencioso
HH005335,Desenganche silencioso
HH005336,Desenganche silencioso
HH005337,Desenganche silencioso
HH005338,Desenganche silencioso
HH005339,Desenganche silencioso
HH005340,Desenganche silencioso
HH005341,Desenganche silencioso
HH005342,Desenganche silencioso
HH005343,Salida con el banquero
HH005344,Desenganche silencioso
HH005345,Desenganche silencioso
HH005346,Salida con el banquero
HH005347,Externalización activa
HH005348,Salida con el banquero
HH005349,Desenganche silencioso
HH005350,Desenganche silencioso
HH005351,Desenganche silencioso
HH005352,Desenganche silencioso
HH005353,Desenganche silencioso
HH005354,Desenganche silencioso
HH005355,Desenganche silencioso
HH005356,Desenganche silencioso
HH005357,Desenganche silencioso
HH005358,Desenganche silencioso
HH005359,Desenganche silencioso
HH005360,Desenganche silencioso
HH005361,Desenganche silencioso
HH005362,Salida con el banquero
HH005363,Desenganche silencioso
HH005364,Desenganche silencioso
HH005365,Desenganche silencioso
HH005366,Salida con el banquero
HH005367,Desenganche silencioso
HH005368,Desenganche silencioso
HH005369,Desenganche silencioso
HH005370,Desenganche silencioso
HH005371,Desenganche silencioso
HH005372,Desenganche silencioso
HH005373,Desenganche silencioso
HH005374,Desenganche silencioso
HH005375,Desenganche silencioso
HH005376,Desenganche silencioso
HH005377,Desenganche silencioso
HH005378,Desenganche silencioso
HH005379,Desenganche silencioso
HH005380,Desenganche silencioso
HH005381,Desenganche silencioso
HH005382,Desenganche silencioso
HH005383,Desenganche silencioso
HH005384,Desenganche silencioso
HH005385,Salida con el banquero
HH005386,Desenganche silencioso
HH005387,Desenganche silencioso
HH005388,Desenganche silencioso
HH005389,Desenganche silencioso
HH005390,Salida con el banquero
HH005391,Desenganche silencioso
HH005392,Salida con el banquero
HH005393,Desenganche silencioso
HH005394,Desenganche silencioso
HH005395,Desenganche silencioso
HH005396,Desenganche silencioso
HH005397,Desenganche silencioso
HH005398,Desenganche silencioso
HH005399,Salida con el banquero
HH005400,Desenganche silencioso
HH005401,Desenganche silencioso
HH005402,Desenganche silencioso
HH005403,Desenganche silencioso
HH005404,Desenganche silencioso
HH005405,Salida con el banquero
HH005406,Salida con el banquero
HH005407,Desenganche silencioso
HH005408,Desenganche silencioso
HH005409,Desenganche silencioso
HH005410,Desenganche silencioso
HH005411,Desenganche silencioso
HH005412,Desenganche silencioso
HH005413,Desenganche silencioso
HH005414,Desenganche silencioso
HH005415,Desenganche silencioso
HH005416,Externalización activa
HH005417,Salida con el banquero
HH005418,Desenganche silencioso
HH005419,Desenganche silencioso
HH005420,Desenganche silencioso
HH005421,Desenganche silencioso
HH005422,Desenganche silencioso
HH005423,Salida con el banquero
HH005424,Desenganche silencioso
HH005425,Desenganche silencioso
HH005426,Desenganche silencioso
HH005427,Salida con el banquero
HH005428,Desenganche silencioso
HH005429,Desenganche silencioso
HH005430,Desenganche silencioso
HH005431,Desenganche silencioso
HH005432,Desenganche silencioso
HH005433,Desenganche silencioso
HH005434,Desenganche silencioso
HH005435,Desenganche silencioso
HH005436,Desenganche silencioso
HH005437,Desenganche silencioso
HH005438,Desenganche silencioso
HH005439,Salida con el banquero
HH005440,Desenganche silencioso
HH005441,Salida con el banquero
HH005442,Desenganche silencioso
HH005443,Desenganche silencioso
HH005444,Desenganche silencioso
HH005445,Desenganche silencioso
HH005446,Desenganche silencioso
HH005447,Desenganche silencioso
HH005448,Desenganche silencioso
HH005449,Desenganche silencioso
HH005450,Desenganche silencioso
HH005451,Externalización activa
HH005452,Desenganche silencioso
HH005453,Desenganche silencioso
HH005454,Desenganche silencioso
HH005455,Desenganche silencioso
HH005456,Desenganche silencioso
HH005457,Desenganche silencioso
HH005458,Desenganche silencioso
HH005459,Desenganche silencioso
HH005460,Salida con el banquero
HH005461,Desenganche silencioso
HH005462,Desenganche silencioso
HH005463,Desenganche silencioso
HH005464,Desenganche silencioso
HH005465,Desenganche silencioso
HH005466,Salida con el banquero
HH005467,Desenganche silencioso
HH005468,Desenganche silencioso
HH005469,Desenganche silencioso
HH005470,Desenganche silencioso
HH005471,Desenganche silencioso
HH005472,Desenganche silencioso
HH005473,Desenganche silencioso
HH005474,Desenganche silencioso
HH005475,Desenganche silencioso
HH005476,Desenganche silencioso
HH005477,Desenganche silencioso
HH005478,Desenganche silencioso
HH005479,Desenganche silencioso
HH005480,Desenganche silencioso
HH005481,Salida con el banquero
HH005482,Desenganche silencioso
HH005483,Desenganche silencioso
HH005484,Externalización activa
HH005485,Desenganche silencioso
HH005486,Desenganche silencioso
HH005487,Desenganche silencioso
HH005488,Desenganche silencioso
HH005489,Desenganche silencioso
HH005490,Desenganche silencioso
HH005491,Desenganche silencioso
HH005492,Externalización activa
HH005493,Desenganche silencioso
HH005494,Desenganche silencioso
HH005495,Desenganche silencioso
HH005496,Salida con el banquero
HH005497,Desenganche silencioso
HH005498,Desenganche silencioso
HH005499,Desenganche silencioso
HH005500,Desenganche silencioso
HH005501,Salida con el banquero
HH005502,Desenganche silencioso
HH005503,Desenganche silencioso
HH005504,Desenganche silencioso
HH005505,Desenganche silencioso
HH005506,Desenganche silencioso
HH005507,Desenganche silencioso
HH005508,Desenganche silencioso
HH005509,Desenganche silencioso
HH005510,Desenganche silencioso
HH005511,Desenganche silencioso
HH005512,Desenganche silencioso
HH005513,Desenganche silencioso
HH005514,Salida con el banquero
HH005515,Desenganche silencioso
HH005516,Desenganche silencioso
HH005517,Salida con el banquero
HH005518,Desenganche silencioso
HH005519,Salida con el banquero
HH005520,Desenganche silencioso
HH005521,Desenganche silencioso
HH005522,Desenganche silencioso
HH005523,Externalización activa
HH005524,Desenganche silencioso
HH005525,Desenganche silencioso
HH005526,Desenganche silencioso
HH005527,Desenganche silencioso
HH005528,Desenganche silencioso
HH005529,Salida con el banquero
HH005530,Externalización activa
HH005531,Desenganche silencioso
HH005532,Desenganche silencioso
HH005533,Desenganche silencioso
HH005534,Desenganche silencioso
HH005535,Desenganche silencioso
HH005536,Desenganche silencioso
HH005537,Salida con el banquero
HH005538,Desenganche silencioso
HH005539,Salida con el banquero
HH005540,Salida con el banquero
HH005541,Externalización activa
HH005542,Desenganche silencioso
HH005543,Desenganche silencioso
HH005544,Desenganche silencioso
HH005545,Desenganche silencioso
HH005546,Desenganche silencioso
HH005547,Desenganche silencioso
HH005548,Desenganche silencioso
HH005549,Desenganche silencioso
HH005550,Desenganche silencioso
HH005551,Desenganche silencioso
HH005552,Desenganche silencioso
HH005553,Desenganche silencioso
HH005554,Desenganche silencioso
HH005555,Desenganche silencioso
HH005556,Desenganche silencioso
HH005557,Desenganche silencioso
HH005558,Desenganche silencioso
HH005559,Desenganche silencioso
HH005560,Desenganche silencioso
HH005561,Desenganche silencioso
HH005562,Desenganche silencioso
HH005563,Desenganche silencioso
HH005564,Desenganche silencioso
HH005565,Salida con el banquero
HH005566,Desenganche silencioso
HH005567,Desenganche silencioso
HH005568,Desenganche silencioso
HH005569,Salida con el banquero
HH005570,Salida con el banquero
HH005571,Desenganche silencioso
HH005572,Desenganche silencioso
HH005573,Desenganche silencioso
HH005574,Desenganche silencioso
HH005575,Desenganche silencioso
HH005576,Desenganche silencioso
HH005577,Desenganche silencioso
HH005578,Desenganche silencioso
HH005579,Desenganche silencioso
HH005580,Desenganche silencioso
HH005581,Desenganche silencioso
HH005582,Desenganche silencioso
HH005583,Desenganche silencioso
HH005584,Desenganche silencioso
HH005585,Externalización activa
HH005586,Salida con el banquero
HH005587,Salida con el banquero
HH005588,Desenganche silencioso
HH005589,Salida con el banquero
HH005590,Desenganche silencioso
HH005591,Desenganche silencioso
HH005592,Salida con el banquero
HH005593,Desenganche silencioso
HH005594,Desenganche silencioso
HH005595,Desenganche silencioso
HH005596,Desenganche silencioso
HH005597,Desenganche silencioso
HH005598,Salida con el banquero
HH005599,Externalización activa
HH005600,Desenganche silencioso
HH005601,Desenganche silencioso
HH005602,Desenganche silencioso
HH005603,Desenganche silencioso
HH005604,Desenganche silencioso
HH005605,Externalización activa
HH005606,Desenganche silencioso
HH005607,Desenganche silencioso
HH005608,Desenganche silencioso
HH005609,Desenganche silencioso
HH005610,Desenganche silencioso
HH005611,Desenganche silencioso
HH005612,Desenganche silencioso
HH005613,Salida con el banquero
HH005614,Desenganche silencioso
HH005615,Desenganche silencioso
HH005616,Desenganche silencioso
HH005617,Desenganche silencioso
HH005618,Desenganche silencioso
HH005619,Desenganche silencioso
HH005620,Desenganche silencioso
HH005621,Desenganche silencioso
HH005622,Desenganche silencioso
HH005623,Desenganche silencioso
HH005624,Salida con el banquero
HH005625,Salida con el banquero
HH005626,Desenganche silencioso
HH005627,Desenganche silencioso
HH005628,Desenganche silencioso
HH005629,Desenganche silencioso
HH005630,Desenganche silencioso
HH005631,Desenganche silencioso
HH005632,Desenganche silencioso
HH005633,Desenganche silencioso
HH005634,Salida con el banquero
HH005635,Externalización activa
HH005636,Externalización activa
HH005637,Desenganche silencioso
HH005638,Desenganche silencioso
HH005639,Salida con el banquero
HH005640,Desenganche silencioso
HH005641,Externalización activa
HH005642,Desenganche silencioso
HH005643,Desenganche silencioso
HH005644,Desenganche silencioso
HH005645,Desenganche silencioso
HH005646,Desenganche silencioso
HH005647,Desenganche silencioso
HH005648,Desenganche silencioso
HH005649,Desenganche silencioso
HH005650,Desenganche silencioso
HH005651,Desenganche silencioso
HH005652,Salida con el banquero
HH005653,Desenganche silencioso
HH005654,Desenganche silencioso
HH005655,Desenganche silencioso
HH005656,Desenganche silencioso
HH005657,Desenganche silencioso
HH005658,Desenganche silencioso
HH005659,Salida con el banquero
HH005660,Desenganche silencioso
HH005661,Desenganche silencioso
HH005662,Desenganche silencioso
HH005663,Desenganche silencioso
HH005664,Desenganche silencioso
HH005665,Desenganche silencioso
HH005666,Desenganche silencioso
HH005667,Desenganche silencioso
HH005668,Desenganche silencioso
HH005669,Desenganche silencioso
HH005670,Desenganche silencioso
HH005671,Desenganche silencioso
HH005672,Desenganche silencioso
HH005673,Desenganche silencioso
HH005674,Desenganche silencioso
HH005675,Desenganche silencioso
HH005676,Desenganche silencioso
HH005677,Desenganche silencioso
HH005678,Desenganche silencioso
HH005679,Desenganche silencioso
HH005680,Desenganche silencioso
HH005681,Desenganche silencioso
HH005682,Desenganche silencioso
HH005683,Desenganche silencioso
HH005684,Salida con el banquero
HH005685,Desenganche silencioso
HH005686,Desenganche silencioso
HH005687,Desenganche silencioso
HH005688,Desenganche silencioso
HH005689,Externalización activa
HH005690,Desenganche silencioso
HH005691,Desenganche silencioso
HH005692,Desenganche silencioso
HH005693,Desenganche silencioso
HH005694,Desenganche silencioso
HH005695,Desenganche silencioso
HH005696,Salida con el banquero
HH005697,Desenganche silencioso
HH005698,Desenganche silencioso
HH005699,Externalización activa
HH005700,Salida con el banquero
HH005701,Desenganche silencioso
HH005702,Desenganche silencioso
HH005703,Salida con el banquero
HH005704,Desenganche silencioso
HH005705,Desenganche silencioso
HH005706,Salida con el banquero
HH005707,Desenganche silencioso
HH005708,Externalización activa
HH005709,Desenganche silencioso
HH005710,Desenganche silencioso
HH005711,Salida con el banquero
HH005712,Desenganche silencioso
HH005713,Desenganche silencioso
HH005714,Desenganche silencioso
HH005715,Desenganche silencioso
HH005716,Desenganche silencioso
HH005717,Desenganche silencioso
HH005718,Desenganche silencioso
HH005719,Desenganche silencioso
HH005720,Desenganche silencioso
HH005721,Desenganche silencioso
HH005722,Desenganche silencioso
HH005723,Desenganche silencioso
HH005724,Desenganche silencioso
HH005725,Salida con el banquero
HH005726,Desenganche silencioso
HH005727,Desenganche silencioso
HH005728,Desenganche silencioso
HH005729,Desenganche silencioso
HH005730,Salida con el banquero
HH005731,Desenganche silencioso
HH005732,Desenganche silencioso
HH005733,Desenganche silencioso
HH005734,Desenganche silencioso
HH005735,Desenganche silencioso
HH005736,Desenganche silencioso
HH005737,Desenganche silencioso
HH005738,Desenganche silencioso
HH005739,Externalización activa
HH005740,Desenganche silencioso
HH005741,Desenganche silencioso
HH005742,Desenganche silencioso
HH005743,Desenganche silencioso
HH005744,Desenganche silencioso
HH005745,Desenganche silencioso
HH005746,Desenganche silencioso
HH005747,Desenganche silencioso
HH005748,Salida con el banquero
HH005749,Externalización activa
HH005750,Desenganche silencioso
HH005751,Desenganche silencioso
HH005752,Salida con el banquero
HH005753,Desenganche silencioso
HH005754,Desenganche silencioso
HH005755,Desenganche silencioso
HH005756,Desenganche silencioso
HH005757,Desenganche silencioso
HH005758,Desenganche silencioso
HH005759,Desenganche silencioso
HH005760,Desenganche silencioso
HH005761,Desenganche silencioso
HH005762,Externalización activa
HH005763,Desenganche silencioso
HH005764,Desenganche silencioso
HH005765,Desenganche silencioso
HH005766,Desenganche silencioso
HH005767,Desenganche silencioso
HH005768,Externalización activa
HH005769,Salida con el banquero
HH005770,Desenganche silencioso
HH005771,Desenganche silencioso
HH005772,Desenganche silencioso
HH005773,Desenganche silencioso
HH005774,Desenganche silencioso
HH005775,Desenganche silencioso
HH005776,Desenganche silencioso
HH005777,Desenganche silencioso
HH005778,Desenganche silencioso
HH005779,Desenganche silencioso
HH005780,Desenganche silencioso
HH005781,Desenganche silencioso
HH005782,Desenganche silencioso
HH005783,Desenganche silencioso
HH005784,Desenganche silencioso
HH005785,Salida con el banquero
HH005786,Desenganche silencioso
HH005787,Desenganche silencioso
HH005788,Desenganche silencioso
HH005789,Desenganche silencioso
HH005790,Desenganche silencioso
HH005791,Desenganche silencioso
HH005792,Desenganche silencioso
HH005793,Desenganche silencioso
HH005794,Desenganche silencioso
HH005795,Desenganche silencioso
HH005796,Desenganche silencioso
HH005797,Desenganche silencioso
HH005798,Desenganche silencioso
HH005799,Desenganche silencioso
HH005800,Desenganche silencioso
HH005801,Desenganche silencioso
HH005802,Desenganche silencioso
HH005803,Desenganche silencioso
HH005804,Salida con el banquero
HH005805,Desenganche silencioso
HH005806,Desenganche silencioso
HH005807,Desenganche silencioso
HH005808,Desenganche silencioso
HH005809,Desenganche silencioso
HH005810,Salida con el banquero
HH005811,Desenganche silencioso
HH005812,Desenganche silencioso
HH005813,Desenganche silencioso
HH005814,Desenganche silencioso
HH005815,Desenganche silencioso
HH005816,Desenganche silencioso
HH005817,Externalización activa
HH005818,Externalización activa
HH005819,Desenganche silencioso
HH005820,Desenganche silencioso
HH005821,Desenganche silencioso
HH005822,Desenganche silencioso
HH005823,Desenganche silencioso
HH005824,Desenganche silencioso
HH005825,Salida con el banquero
HH005826,Desenganche silencioso
HH005827,Salida con el banquero
HH005828,Desenganche silencioso
HH005829,Desenganche silencioso
HH005830,Desenganche silencioso
HH005831,Externalización activa
HH005832,Desenganche silencioso
HH005833,Desenganche silencioso
HH005834,Desenganche silencioso
HH005835,Desenganche silencioso
HH005836,Desenganche silencioso
HH005837,Desenganche silencioso
HH005838,Desenganche silencioso
HH005839,Desenganche silencioso
HH005840,Desenganche silencioso
HH005841,Desenganche silencioso
HH005842,Desenganche silencioso
HH005843,Desenganche silencioso
HH005844,Desenganche silencioso
HH005845,Desenganche silencioso
HH005846,Desenganche silencioso
HH005847,Desenganche silencioso
HH005848,Desenganche silencioso
HH005849,Salida con el banquero
HH005850,Salida con el banquero
HH005851,Desenganche silencioso
HH005852,Desenganche silencioso
HH005853,Desenganche silencioso
HH005854,Desenganche silencioso
HH005855,Desenganche silencioso
HH005856,Desenganche silencioso
HH005857,Desenganche silencioso
HH005858,Desenganche silencioso
HH005859,Desenganche silencioso
HH005860,Desenganche silencioso
HH005861,Desenganche silencioso
HH005862,Desenganche silencioso
HH005863,Desenganche silencioso
HH005864,Desenganche silencioso
HH005865,Salida con el banquero
HH005866,Salida con el banquero
HH005867,Desenganche silencioso
HH005868,Salida con el banquero
HH005869,Desenganche silencioso
HH005870,Desenganche silencioso
HH005871,Desenganche silencioso
HH005872,Desenganche silencioso
HH005873,Desenganche silencioso
HH005874,Desenganche silencioso
HH005875,Salida con el banquero
HH005876,Desenganche silencioso
HH005877,Desenganche silencioso
HH005878,Salida con el banquero
HH005879,Desenganche silencioso
HH005880,Desenganche silencioso
HH005881,Desenganche silencioso
HH005882,Salida con el banquero
HH005883,Desenganche silencioso
HH005884,Salida con el banquero
HH005885,Desenganche silencioso
HH005886,Desenganche silencioso
HH005887,Salida con el banquero
HH005888,Salida con el banquero
HH005889,Desenganche silencioso
HH005890,Desenganche silencioso
HH005891,Externalización activa
HH005892,Desenganche silencioso
HH005893,Desenganche silencioso
HH005894,Desenganche silencioso
HH005895,Desenganche silencioso
HH005896,Desenganche silencioso
HH005897,Desenganche silencioso
HH005898,Desenganche silencioso
HH005899,Desenganche silencioso
HH005900,Desenganche silencioso
HH005901,Salida con el banquero
HH005902,Desenganche silencioso
HH005903,Desenganche silencioso
HH005904,Desenganche silencioso
HH005905,Desenganche silencioso
HH005906,Desenganche silencioso
HH005907,Desenganche silencioso
HH005908,Desenganche silencioso
HH005909,Desenganche silencioso
HH005910,Salida con el banquero
HH005911,Desenganche silencioso
HH005912,Desenganche silencioso
HH005913,Desenganche silencioso
HH005914,Desenganche silencioso
HH005915,Salida con el banquero
HH005916,Desenganche silencioso
HH005917,Salida con el banquero
HH005918,Desenganche silencioso
HH005919,Externalización activa
HH005920,Salida con el banquero
HH005921,Desenganche silencioso
HH005922,Salida con el banquero
HH005923,Desenganche silencioso
HH005924,Desenganche silencioso
HH005925,Desenganche silencioso
HH005926,Desenganche silencioso
HH005927,Desenganche silencioso
HH005928,Desenganche silencioso
HH005929,Desenganche silencioso
HH005930,Salida con el banquero
HH005931,Desenganche silencioso
HH005932,Desenganche silencioso
HH005933,Externalización activa
HH005934,Desenganche silencioso
HH005935,Salida con el banquero
HH005936,Desenganche silencioso
HH005937,Desenganche silencioso
HH005938,Desenganche silencioso
HH005939,Salida con el banquero
HH005940,Desenganche silencioso
HH005941,Desenganche silencioso
HH005942,Desenganche silencioso
HH005943,Desenganche silencioso
HH005944,Desenganche silencioso
HH005945,Desenganche silencioso
HH005946,Salida con el banquero
HH005947,Desenganche silencioso
HH005948,Desenganche silencioso
HH005949,Desenganche silencioso
HH005950,Desenganche silencioso
HH005951,Desenganche silencioso
HH005952,Salida con el banquero
HH005953,Externalización activa
HH005954,Externalización activa
HH005955,Desenganche silencioso
HH005956,Desenganche silencioso
HH005957,Desenganche silencioso
HH005958,Salida con el banquero
HH005959,Desenganche silencioso
HH005960,Desenganche silencioso
HH005961,Externalización activa
HH005962,Desenganche silencioso
HH005963,Desenganche silencioso
HH005964,Desenganche silencioso
HH005965,Desenganche silencioso
HH005966,Desenganche silencioso
HH005967,Desenganche silencioso
HH005968,Desenganche silencioso
HH005969,Desenganche silencioso
HH005970,Desenganche silencioso
HH005971,Desenganche silencioso
HH005972,Externalización activa
HH005973,Desenganche silencioso
HH005974,Desenganche silencioso
HH005975,Externalización activa
HH005976,Desenganche silencioso
HH005977,Desenganche silencioso
HH005978,Desenganche silencioso
HH005979,Desenganche silencioso
HH005980,Desenganche silencioso
HH005981,Desenganche silencioso
HH005982,Desenganche silencioso
HH005983,Desenganche silencioso
HH005984,Desenganche silencioso
HH005985,Desenganche silencioso
HH005986,Desenganche silencioso
HH005987,Desenganche silencioso
HH005988,Desenganche silencioso
HH005989,Desenganche silencioso
HH005990,Desenganche silencioso
HH005991,Desenganche silencioso
HH005992,Desenganche silencioso
HH005993,Desenganche silencioso
HH005994,Desenganche silencioso
HH005995,Desenganche silencioso
HH005996,Desenganche silencioso
HH005997,Desenganche silencioso
HH005998,Desenganche silencioso
HH005999,Desenganche silencioso
HH006000,Desenganche silencioso
HH006001,Salida con el banquero
HH006002,Externalización activa
HH006003,Salida con el banquero
HH006004,Desenganche silencioso
HH006005,Desenganche silencioso
HH006006,Desenganche silencioso
HH006007,Desenganche silencioso
HH006008,Desenganche silencioso
HH006009,Desenganche silencioso
HH006010,Salida con el banquero
HH006011,Desenganche silencioso
HH006012,Externalización activa
HH006013,Desenganche silencioso
HH006014,Desenganche silencioso
HH006015,Salida con el banquero
HH006016,Desenganche silencioso
HH006017,Desenganche silencioso
HH006018,Desenganche silencioso
HH006019,Desenganche silencioso
HH006020,Salida con el banquero
HH006021,Salida con el banquero
HH006022,Desenganche silencioso
HH006023,Salida con el banquero
HH006024,Salida con el banquero
HH006025,Desenganche silencioso
HH006026,Desenganche silencioso
HH006027,Externalización activa
HH006028,Desenganche silencioso
HH006029,Desenganche silencioso
HH006030,Desenganche silencioso
HH006031,Desenganche silencioso
HH006032,Desenganche silencioso
HH006033,Desenganche silencioso
HH006034,Desenganche silencioso
HH006035,Salida con el banquero
HH006036,Desenganche silencioso
HH006037,Desenganche silencioso
HH006038,Salida con el banquero
HH006039,Desenganche silencioso
HH006040,Desenganche silencioso
HH006041,Desenganche silencioso
HH006042,Desenganche silencioso
HH006043,Salida con el banquero
HH006044,Salida con el banquero
HH006045,Desenganche silencioso
HH006046,Salida con el banquero
HH006047,Desenganche silencioso
HH006048,Externalización activa
HH006049,Desenganche silencioso
HH006050,Desenganche silencioso
HH006051,Desenganche silencioso
HH006052,Desenganche silencioso
HH006053,Desenganche silencioso
HH006054,Desenganche silencioso
HH006055,Desenganche silencioso
HH006056,Desenganche silencioso
HH006057,Desenganche silencioso
HH006058,Desenganche silencioso
HH006059,Salida con el banquero
HH006060,Salida con el banquero
HH006061,Salida con el banquero
HH006062,Externalización activa
HH006063,Desenganche silencioso
HH006064,Externalización activa
HH006065,Desenganche silencioso
HH006066,Desenganche silencioso
HH006067,Salida con el banquero
HH006068,Desenganche silencioso
HH006069,Desenganche silencioso
HH006070,Desenganche silencioso
HH006071,Desenganche silencioso
HH006072,Desenganche silencioso
HH006073,Desenganche silencioso
HH006074,Desenganche silencioso
HH006075,Desenganche silencioso
HH006076,Desenganche silencioso
HH006077,Desenganche silencioso
HH006078,Desenganche silencioso
HH006079,Desenganche silencioso
HH006080,Desenganche silencioso
HH006081,Desenganche silencioso
HH006082,Desenganche silencioso
HH006083,Desenganche silencioso
HH006084,Desenganche silencioso
HH006085,Desenganche silencioso
HH006086,Desenganche silencioso
HH006087,Desenganche silencioso
HH006088,Desenganche silencioso
HH006089,Desenganche silencioso
HH006090,Desenganche silencioso
HH006091,Desenganche silencioso
HH006092,Salida con el banquero
HH006093,Salida con el banquero
HH006094,Desenganche silencioso
HH006095,Desenganche silencioso
HH006096,Desenganche silencioso
HH006097,Desenganche silencioso
HH006098,Desenganche silencioso
HH006099,Desenganche silencioso
HH006100,Desenganche silencioso
HH006101,Desenganche silencioso
HH006102,Desenganche silencioso
HH006103,Externalización activa
HH006104,Desenganche silencioso
HH006105,Desenganche silencioso
HH006106,Desenganche silencioso
HH006107,Desenganche silencioso
HH006108,Desenganche silencioso
HH006109,Desenganche silencioso
HH006110,Desenganche silencioso
HH006111,Desenganche silencioso
HH006112,Desenganche silencioso
HH006113,Desenganche silencioso
HH006114,Desenganche silencioso
HH006115,Desenganche silencioso
HH006116,Salida con el banquero
HH006117,Desenganche silencioso
HH006118,Desenganche silencioso
HH006119,Desenganche silencioso
HH006120,Externalización activa
HH006121,Desenganche silencioso
HH006122,Desenganche silencioso
HH006123,Desenganche silencioso
HH006124,Externalización activa
HH006125,Desenganche silencioso
HH006126,Desenganche silencioso
HH006127,Desenganche silencioso
HH006128,Desenganche silencioso
HH006129,Desenganche silencioso
HH006130,Desenganche silencioso
HH006131,Desenganche silencioso
HH006132,Desenganche silencioso
HH006133,Desenganche silencioso
HH006134,Desenganche silencioso
HH006135,Desenganche silencioso
HH006136,Desenganche silencioso
HH006137,Desenganche silencioso
HH006138,Desenganche silencioso
HH006139,Desenganche silencioso
HH006140,Desenganche silencioso
HH006141,Desenganche silencioso
HH006142,Salida con el banquero
HH006143,Desenganche silencioso
HH006144,Desenganche silencioso
HH006145,Desenganche silencioso
HH006146,Desenganche silencioso
HH006147,Desenganche silencioso
HH006148,Desenganche silencioso
HH006149,Externalización activa
HH006150,Externalización activa
HH006151,Desenganche silencioso
HH006152,Desenganche silencioso
HH006153,Desenganche silencioso
HH006154,Externalización activa
HH006155,Desenganche silencioso
HH006156,Desenganche silencioso
HH006157,Desenganche silencioso
HH006158,Desenganche silencioso
HH006159,Desenganche silencioso
HH006160,Desenganche silencioso
HH006161,Desenganche silencioso
HH006162,Externalización activa
HH006163,Salida con el banquero
HH006164,Desenganche silencioso
HH006165,Desenganche silencioso
HH006166,Desenganche silencioso
HH006167,Desenganche silencioso
HH006168,Desenganche silencioso
HH006169,Desenganche silencioso
HH006170,Salida con el banquero
HH006171,Salida con el banquero
HH006172,Desenganche silencioso
HH006173,Externalización activa
HH006174,Desenganche silencioso
HH006175,Desenganche silencioso
HH006176,Desenganche silencioso
HH006177,Desenganche silencioso
HH006178,Desenganche silencioso
HH006179,Salida con el banquero
HH006180,Salida con el banquero
HH006181,Desenganche silencioso
HH006182,Salida con el banquero
HH006183,Desenganche silencioso
HH006184,Desenganche silencioso
HH006185,Desenganche silencioso
HH006186,Desenganche silencioso
HH006187,Salida con el banquero
HH006188,Salida con el banquero
HH006189,Desenganche silencioso
HH006190,Salida con el banquero
HH006191,Desenganche silencioso
HH006192,Desenganche silencioso
HH006193,Salida con el banquero
HH006194,Desenganche silencioso
HH006195,Desenganche silencioso
HH006196,Desenganche silencioso
HH006197,Desenganche silencioso
HH006198,Desenganche silencioso
HH006199,Desenganche silencioso
HH006200,Desenganche silencioso
HH006201,Desenganche silencioso
HH006202,Desenganche silencioso
HH006203,Desenganche silencioso
HH006204,Desenganche silencioso
HH006205,Desenganche silencioso
HH006206,Salida con el banquero
HH006207,Desenganche silencioso
HH006208,Desenganche silencioso
HH006209,Desenganche silencioso
HH006210,Salida con el banquero
HH006211,Desenganche silencioso
HH006212,Desenganche silencioso
HH006213,Desenganche silencioso
HH006214,Desenganche silencioso
HH006215,Salida con el banquero
HH006216,Desenganche silencioso
HH006217,Desenganche silencioso
HH006218,Desenganche silencioso
HH006219,Desenganche silencioso
HH006220,Desenganche silencioso
HH006221,Desenganche silencioso
HH006222,Desenganche silencioso
HH006223,Desenganche silencioso
HH006224,Desenganche silencioso
HH006225,Salida con el banquero
HH006226,Desenganche silencioso
HH006227,Desenganche silencioso
HH006228,Salida con el banquero
HH006229,Desenganche silencioso
HH006230,Desenganche silencioso
HH006231,Desenganche silencioso
HH006232,Desenganche silencioso
HH006233,Desenganche silencioso
HH006234,Desenganche silencioso
HH006235,Desenganche silencioso
HH006236,Desenganche silencioso
HH006237,Salida con el banquero
HH006238,Salida con el banquero
HH006239,Desenganche silencioso
HH006240,Desenganche silencioso
HH006241,Desenganche silencioso
HH006242,Desenganche silencioso
HH006243,Salida con el banquero
HH006244,Desenganche silencioso
HH006245,Desenganche silencioso
HH006246,Desenganche silencioso
HH006247,Desenganche silencioso
HH006248,Desenganche silencioso
HH006249,Desenganche silencioso
HH006250,Salida con el banquero
HH006251,Salida con el banquero
HH006252,Desenganche silencioso
HH006253,Desenganche silencioso
HH006254,Desenganche silencioso
HH006255,Desenganche silencioso
HH006256,Desenganche silencioso
HH006257,Salida con el banquero
HH006258,Desenganche silencioso
HH006259,Desenganche silencioso
HH006260,Desenganche silencioso
HH006261,Desenganche silencioso
HH006262,Desenganche silencioso
HH006263,Salida con el banquero
HH006264,Desenganche silencioso
HH006265,Desenganche silencioso
HH006266,Desenganche silencioso
HH006267,Desenganche silencioso
HH006268,Desenganche silencioso
HH006269,Desenganche silencioso
HH006270,Desenganche silencioso
HH006271,Desenganche silencioso
HH006272,Desenganche silencioso
HH006273,Desenganche silencioso
HH006274,Desenganche silencioso
HH006275,Desenganche silencioso
HH006276,Desenganche silencioso
HH006277,Externalización activa
HH006278,Desenganche silencioso
HH006279,Desenganche silencioso
HH006280,Desenganche silencioso
HH006281,Salida con el banquero
HH006282,Desenganche silencioso
HH006283,Desenganche silencioso
HH006284,Desenganche silencioso
HH006285,Desenganche silencioso
HH006286,Desenganche silencioso
HH006287,Salida con el banquero
HH006288,Desenganche silencioso
HH006289,Desenganche silencioso
HH006290,Desenganche silencioso
HH006291,Salida con el banquero
HH006292,Desenganche silencioso
HH006293,Desenganche silencioso
HH006294,Desenganche silencioso
HH006295,Desenganche silencioso
HH006296,Desenganche silencioso
HH006297,Externalización activa
HH006298,Desenganche silencioso
HH006299,Desenganche silencioso
HH006300,Desenganche silencioso
HH006301,Desenganche silencioso
HH006302,Desenganche silencioso
HH006303,Salida con el banquero
HH006304,Desenganche silencioso
HH006305,Salida con el banquero
HH006306,Salida con el banquero
HH006307,Desenganche silencioso
HH006308,Externalización activa
HH006309,Salida con el banquero
HH006310,Desenganche silencioso
HH006311,Externalización activa
HH006312,Desenganche silencioso
HH006313,Desenganche silencioso
HH006314,Desenganche silencioso
HH006315,Desenganche silencioso
HH006316,Desenganche silencioso
HH006317,Desenganche silencioso
HH006318,Salida con el banquero
HH006319,Desenganche silencioso
HH006320,Desenganche silencioso
HH006321,Desenganche silencioso
HH006322,Desenganche silencioso
HH006323,Externalización activa
HH006324,Desenganche silencioso
HH006325,Desenganche silencioso
HH006326,Externalización activa
HH006327,Desenganche silencioso
HH006328,Desenganche silencioso
HH006329,Desenganche silencioso
HH006330,Desenganche silencioso
HH006331,Salida con el banquero
HH006332,Desenganche silencioso
HH006333,Desenganche silencioso
HH006334,Desenganche silencioso
HH006335,Desenganche silencioso
HH006336,Externalización activa
HH006337,Desenganche silencioso
HH006338,Desenganche silencioso
HH006339,Desenganche silencioso
HH006340,Desenganche silencioso
HH006341,Desenganche silencioso
HH006342,Desenganche silencioso
HH006343,Salida con el banquero
HH006344,Desenganche silencioso
HH006345,Desenganche silencioso
HH006346,Desenganche silencioso
HH006347,Desenganche silencioso
HH006348,Desenganche silencioso
HH006349,Desenganche silencioso
HH006350,Salida con el banquero
HH006351,Desenganche silencioso
HH006352,Desenganche silencioso
HH006353,Desenganche silencioso
HH006354,Desenganche silencioso
HH006355,Externalización activa
HH006356,Desenganche silencioso
HH006357,Desenganche silencioso
HH006358,Desenganche silencioso
HH006359,Desenganche silencioso
HH006360,Salida con el banquero
HH006361,Desenganche silencioso
HH006362,Desenganche silencioso
HH006363,Externalización activa
HH006364,Desenganche silencioso
HH006365,Desenganche silencioso
HH006366,Desenganche silencioso
HH006367,Salida con el banquero
HH006368,Desenganche silencioso
HH006369,Salida con el banquero
HH006370,Desenganche silencioso
HH006371,Desenganche silencioso
HH006372,Desenganche silencioso
HH006373,Desenganche silencioso
HH006374,Desenganche silencioso
HH006375,Desenganche silencioso
HH006376,Desenganche silencioso
HH006377,Desenganche silencioso
HH006378,Desenganche silencioso
HH006379,Desenganche silencioso
HH006380,Desenganche silencioso
HH006381,Desenganche silencioso
HH006382,Externalización activa
HH006383,Desenganche silencioso
HH006384,Desenganche silencioso
HH006385,Desenganche silencioso
HH006386,Salida con el banquero
HH006387,Salida con el banquero
HH006388,Desenganche silencioso
HH006389,Desenganche silencioso
HH006390,Desenganche silencioso
HH006391,Externalización activa
HH006392,Salida con el banquero
HH006393,Desenganche silencioso
HH006394,Desenganche silencioso
HH006395,Desenganche silencioso
HH006396,Desenganche silencioso
HH006397,Desenganche silencioso
HH006398,Salida con el banquero
HH006399,Desenganche silencioso
HH006400,Desenganche silencioso
HH006401,Desenganche silencioso
HH006402,Desenganche silencioso
HH006403,Desenganche silencioso
HH006404,Desenganche silencioso
HH006405,Desenganche silencioso
HH006406,Desenganche silencioso
HH006407,Desenganche silencioso
HH006408,Desenganche silencioso
HH006409,Desenganche silencioso
HH006410,Desenganche silencioso
HH006411,Desenganche silencioso
HH006412,Desenganche silencioso
HH006413,Desenganche silencioso
HH006414,Desenganche silencioso
HH006415,Desenganche silencioso
HH006416,Desenganche silencioso
HH006417,Desenganche silencioso
HH006418,Desenganche silencioso
HH006419,Desenganche silencioso
HH006420,Desenganche silencioso
HH006421,Desenganche silencioso
HH006422,Desenganche silencioso
HH006423,Externalización activa
HH006424,Desenganche silencioso
HH006425,Desenganche silencioso
HH006426,Desenganche silencioso
HH006427,Salida con el banquero
HH006428,Salida con el banquero
HH006429,Desenganche silencioso
HH006430,Desenganche silencioso
HH006431,Desenganche silencioso
HH006432,Desenganche silencioso
HH006433,Desenganche silencioso
HH006434,Desenganche silencioso
HH006435,Salida con el banquero
HH006436,Desenganche silencioso
HH006437,Desenganche silencioso
HH006438,Desenganche silencioso
HH006439,Desenganche silencioso
HH006440,Desenganche silencioso
HH006441,Desenganche silencioso
HH006442,Desenganche silencioso
HH006443,Desenganche silencioso
HH006444,Desenganche silencioso
HH006445,Desenganche silencioso
HH006446,Desenganche silencioso
HH006447,Desenganche silencioso
HH006448,Desenganche silencioso
HH006449,Desenganche silencioso
HH006450,Externalización activa
HH006451,Desenganche silencioso
HH006452,Desenganche silencioso
HH006453,Desenganche silencioso
HH006454,Desenganche silencioso
HH006455,Desenganche silencioso
HH006456,Salida con el banquero
HH006457,Salida con el banquero
HH006458,Desenganche silencioso
HH006459,Desenganche silencioso
HH006460,Salida con el banquero
HH006461,Salida con el banquero
HH006462,Desenganche silencioso
HH006463,Desenganche silencioso
HH006464,Desenganche silencioso
HH006465,Desenganche silencioso
HH006466,Desenganche silencioso
HH006467,Desenganche silencioso
HH006468,Desenganche silencioso
HH006469,Desenganche silencioso
HH006470,Salida con el banquero
HH006471,Desenganche silencioso
HH006472,Desenganche silencioso
HH006473,Desenganche silencioso
HH006474,Desenganche silencioso
HH006475,Desenganche silencioso
HH006476,Salida con el banquero
HH006477,Salida con el banquero
HH006478,Desenganche silencioso
HH006479,Salida con el banquero
HH006480,Desenganche silencioso
HH006481,Desenganche silencioso
HH006482,Salida con el banquero
HH006483,Desenganche silencioso
HH006484,Desenganche silencioso
HH006485,Desenganche silencioso
HH006486,Desenganche silencioso
HH006487,Desenganche silencioso
HH006488,Salida con el banquero
HH006489,Salida con el banquero
HH006490,Desenganche silencioso
HH006491,Desenganche silencioso
HH006492,Desenganche silencioso
HH006493,Externalización activa
HH006494,Desenganche silencioso
HH006495,Desenganche silencioso
HH006496,Desenganche silencioso
HH006497,Desenganche silencioso
HH006498,Desenganche silencioso
HH006499,Desenganche silencioso
HH006500,Desenganche silencioso
HH006501,Desenganche silencioso
HH006502,Desenganche silencioso
HH006503,Desenganche silencioso
HH006504,Desenganche silencioso
HH006505,Salida con el banquero
HH006506,Desenganche silencioso
HH006507,Desenganche silencioso
HH006508,Desenganche silencioso
HH006509,Desenganche silencioso
HH006510,Desenganche silencioso
HH006511,Desenganche silencioso
HH006512,Desenganche silencioso
HH006513,Salida con el banquero
HH006514,Desenganche silencioso
HH006515,Salida con el banquero
HH006516,Desenganche silencioso
HH006517,Desenganche silencioso
HH006518,Desenganche silencioso
HH006519,Desenganche silencioso
HH006520,Salida con el banquero
HH006521,Desenganche silencioso
HH006522,Desenganche silencioso
HH006523,Salida con el banquero
HH006524,Salida con el banquero
HH006525,Desenganche silencioso
HH006526,Desenganche silencioso
HH006527,Desenganche silencioso
HH006528,Desenganche silencioso
HH006529,Desenganche silencioso
HH006530,Desenganche silencioso
HH006531,Desenganche silencioso
HH006532,Desenganche silencioso
HH006533,Desenganche silencioso
HH006534,Salida con el banquero
HH006535,Desenganche silencioso
HH006536,Desenganche silencioso
HH006537,Desenganche silencioso
HH006538,Desenganche silencioso
HH006539,Desenganche silencioso
HH006540,Desenganche silencioso
HH006541,Desenganche silencioso
HH006542,Desenganche silencioso
HH006543,Desenganche silencioso
HH006544,Desenganche silencioso
HH006545,Desenganche silencioso
HH006546,Salida con el banquero
HH006547,Desenganche silencioso
HH006548,Desenganche silencioso
HH006549,Desenganche silencioso
HH006550,Desenganche silencioso
HH006551,Desenganche silencioso
HH006552,Desenganche silencioso
HH006553,Desenganche silencioso
HH006554,Desenganche silencioso
HH006555,Desenganche silencioso
HH006556,Desenganche silencioso
HH006557,Desenganche silencioso
HH006558,Desenganche silencioso
HH006559,Desenganche silencioso
HH006560,Externalización activa
HH006561,Desenganche silencioso
HH006562,Desenganche silencioso
HH006563,Desenganche silencioso
HH006564,Desenganche silencioso
HH006565,Desenganche silencioso
HH006566,Desenganche silencioso
HH006567,Salida con el banquero
HH006568,Desenganche silencioso
HH006569,Desenganche silencioso
HH006570,Desenganche silencioso
HH006571,Desenganche silencioso
HH006572,Desenganche silencioso
HH006573,Desenganche silencioso
HH006574,Desenganche silencioso
HH006575,Desenganche silencioso
HH006576,Salida con el banquero
HH006577,Desenganche silencioso
HH006578,Salida con el banquero
HH006579,Desenganche silencioso
HH006580,Desenganche silencioso
HH006581,Desenganche silencioso
HH006582,Desenganche silencioso
HH006583,Externalización activa
HH006584,Desenganche silencioso
HH006585,Desenganche silencioso
HH006586,Desenganche silencioso
HH006587,Desenganche silencioso
HH006588,Desenganche silencioso
HH006589,Desenganche silencioso
HH006590,Desenganche silencioso
HH006591,Desenganche silencioso
HH006592,Desenganche silencioso
HH006593,Desenganche silencioso
HH006594,Desenganche silencioso
HH006595,Desenganche silencioso
HH006596,Desenganche silencioso
HH006597,Desenganche silencioso
HH006598,Desenganche silencioso
HH006599,Desenganche silencioso
HH006600,Externalización activa
HH006601,Desenganche silencioso
HH006602,Desenganche silencioso
HH006603,Salida con el banquero
HH006604,Desenganche silencioso
HH006605,Desenganche silencioso
HH006606,Salida con el banquero
HH006607,Desenganche silencioso
HH006608,Desenganche silencioso
HH006609,Desenganche silencioso
HH006610,Desenganche silencioso
HH006611,Desenganche silencioso
HH006612,Desenganche silencioso
HH006613,Desenganche silencioso
HH006614,Desenganche silencioso
HH006615,Desenganche silencioso
HH006616,Desenganche silencioso
HH006617,Desenganche silencioso
HH006618,Salida con el banquero
HH006619,Desenganche silencioso
HH006620,Desenganche silencioso
HH006621,Desenganche silencioso
HH006622,Desenganche silencioso
HH006623,Desenganche silencioso
HH006624,Desenganche silencioso
HH006625,Desenganche silencioso
HH006626,Desenganche silencioso
HH006627,Desenganche silencioso
HH006628,Desenganche silencioso
HH006629,Desenganche silencioso
HH006630,Desenganche silencioso
HH006631,Desenganche silencioso
HH006632,Desenganche silencioso
HH006633,Desenganche silencioso
HH006634,Desenganche silencioso
HH006635,Desenganche silencioso
HH006636,Externalización activa
HH006637,Salida con el banquero
HH006638,Desenganche silencioso
HH006639,Salida con el banquero
HH006640,Desenganche silencioso
HH006641,Desenganche silencioso
HH006642,Desenganche silencioso
HH006643,Salida con el banquero
HH006644,Salida con el banquero
HH006645,Salida con el banquero
HH006646,Desenganche silencioso
HH006647,Desenganche silencioso
HH006648,Desenganche silencioso
HH006649,Desenganche silencioso
HH006650,Desenganche silencioso
HH006651,Desenganche silencioso
HH006652,Desenganche silencioso
HH006653,Desenganche silencioso
HH006654,Desenganche silencioso
HH006655,Desenganche silencioso
HH006656,Desenganche silencioso
HH006657,Desenganche silencioso
HH006658,Salida con el banquero
HH006659,Salida con el banquero
HH006660,Desenganche silencioso
HH006661,Desenganche silencioso
HH006662,Desenganche silencioso
HH006663,Desenganche silencioso
HH006664,Desenganche silencioso
HH006665,Desenganche silencioso
HH006666,Salida con el banquero
HH006667,Desenganche silencioso
HH006668,Desenganche silencioso
HH006669,Salida con el banquero
HH006670,Desenganche silencioso
HH006671,Desenganche silencioso
HH006672,Desenganche silencioso
HH006673,Externalización activa
HH006674,Desenganche silencioso
HH006675,Salida con el banquero
HH006676,Salida con el banquero
HH006677,Desenganche silencioso
HH006678,Desenganche silencioso
HH006679,Desenganche silencioso
HH006680,Desenganche silencioso
HH006681,Desenganche silencioso
HH006682,Desenganche silencioso
HH006683,Salida con el banquero
HH006684,Desenganche silencioso
HH006685,Desenganche silencioso
HH006686,Desenganche silencioso
HH006687,Desenganche silencioso
HH006688,Desenganche silencioso
HH006689,Salida con el banquero
HH006690,Desenganche silencioso
HH006691,Desenganche silencioso
HH006692,Externalización activa
HH006693,Desenganche silencioso
HH006694,Salida con el banquero
HH006695,Desenganche silencioso
HH006696,Desenganche silencioso
HH006697,Desenganche silencioso
HH006698,Desenganche silencioso
HH006699,Desenganche silencioso
HH006700,Desenganche silencioso
HH006701,Externalización activa
HH006702,Desenganche silencioso
HH006703,Desenganche silencioso
HH006704,Desenganche silencioso
HH006705,Externalización activa
HH006706,Desenganche silencioso
HH006707,Desenganche silencioso
HH006708,Desenganche silencioso
HH006709,Desenganche silencioso
HH006710,Desenganche silencioso
HH006711,Externalización activa
HH006712,Salida con el banquero
HH006713,Desenganche silencioso
HH006714,Desenganche silencioso
HH006715,Desenganche silencioso
HH006716,Desenganche silencioso
HH006717,Desenganche silencioso
HH006718,Desenganche silencioso
HH006719,Desenganche silencioso
HH006720,Desenganche silencioso
HH006721,Salida con el banquero
HH006722,Desenganche silencioso
HH006723,Desenganche silencioso
HH006724,Desenganche silencioso
HH006725,Desenganche silencioso
HH006726,Desenganche silencioso
HH006727,Desenganche silencioso
HH006728,Desenganche silencioso
HH006729,Desenganche silencioso
HH006730,Desenganche silencioso
HH006731,Desenganche silencioso
HH006732,Desenganche silencioso
HH006733,Desenganche silencioso
HH006734,Desenganche silencioso
HH006735,Desenganche silencioso
HH006736,Desenganche silencioso
HH006737,Salida con el banquero
HH006738,Desenganche silencioso
HH006739,Desenganche silencioso
HH006740,Desenganche silencioso
HH006741,Desenganche silencioso
HH006742,Desenganche silencioso
HH006743,Salida con el banquero
HH006744,Desenganche silencioso
HH006745,Desenganche silencioso
HH006746,Desenganche silencioso
HH006747,Desenganche silencioso
HH006748,Desenganche silencioso
HH006749,Desenganche silencioso
HH006750,Desenganche silencioso
HH006751,Desenganche silencioso
HH006752,Desenganche silencioso
HH006753,Externalización activa
HH006754,Salida con el banquero
HH006755,Desenganche silencioso
HH006756,Externalización activa
HH006757,Desenganche silencioso
HH006758,Desenganche silencioso
HH006759,Salida con el banquero
HH006760,Desenganche silencioso
HH006761,Salida con el banquero
HH006762,Desenganche silencioso
HH006763,Desenganche silencioso
HH006764,Desenganche silencioso
HH006765,Salida con el banquero
HH006766,Desenganche silencioso
HH006767,Desenganche silencioso
HH006768,Desenganche silencioso
HH006769,Salida con el banquero
HH006770,Salida con el banquero
HH006771,Desenganche silencioso
HH006772,Desenganche silencioso
HH006773,Desenganche silencioso
HH006774,Desenganche silencioso
HH006775,Desenganche silencioso
HH006776,Desenganche silencioso
HH006777,Desenganche silencioso
HH006778,Desenganche silencioso
HH006779,Desenganche silencioso
HH006780,Desenganche silencioso
HH006781,Desenganche silencioso
HH006782,Desenganche silencioso
HH006783,Desenganche silencioso
HH006784,Desenganche silencioso
HH006785,Desenganche silencioso
HH006786,Desenganche silencioso
HH006787,Desenganche silencioso
HH006788,Desenganche silencioso
HH006789,Desenganche silencioso
HH006790,Desenganche silencioso
HH006791,Desenganche silencioso
HH006792,Externalización activa
HH006793,Salida con el banquero
HH006794,Desenganche silencioso
HH006795,Desenganche silencioso
HH006796,Desenganche silencioso
HH006797,Desenganche silencioso
HH006798,Salida con el banquero
HH006799,Desenganche silencioso
HH006800,Desenganche silencioso
HH006801,Desenganche silencioso
HH006802,Desenganche silencioso
HH006803,Desenganche silencioso
HH006804,Desenganche silencioso
HH006805,Desenganche silencioso
HH006806,Desenganche silencioso
HH006807,Desenganche silencioso
HH006808,Desenganche silencioso
HH006809,Desenganche silencioso
HH006810,Desenganche silencioso
HH006811,Desenganche silencioso
HH006812,Desenganche silencioso
HH006813,Desenganche silencioso
HH006814,Desenganche silencioso
HH006815,Desenganche silencioso
HH006816,Desenganche silencioso
HH006817,Desenganche silencioso
HH006818,Desenganche silencioso
HH006819,Desenganche silencioso
HH006820,Desenganche silencioso
HH006821,Desenganche silencioso
HH006822,Salida con el banquero
HH006823,Desenganche silencioso
HH006824,Desenganche silencioso
HH006825,Desenganche silencioso
HH006826,Desenganche silencioso
HH006827,Desenganche silencioso
HH006828,Desenganche silencioso
HH006829,Desenganche silencioso
HH006830,Desenganche silencioso
HH006831,Salida con el banquero
HH006832,Salida con el banquero
HH006833,Salida con el banquero
HH006834,Desenganche silencioso
HH006835,Desenganche silencioso
HH006836,Salida con el banquero
HH006837,Desenganche silencioso
HH006838,Desenganche silencioso
HH006839,Desenganche silencioso
HH006840,Desenganche silencioso
HH006841,Desenganche silencioso
HH006842,Salida con el banquero
HH006843,Desenganche silencioso
HH006844,Desenganche silencioso
HH006845,Externalización activa
HH006846,Salida con el banquero
HH006847,Salida con el banquero
HH006848,Desenganche silencioso
HH006849,Desenganche silencioso
HH006850,Desenganche silencioso
HH006851,Desenganche silencioso
HH006852,Desenganche silencioso
HH006853,Desenganche silencioso
HH006854,Desenganche silencioso
HH006855,Desenganche silencioso
HH006856,Desenganche silencioso
HH006857,Desenganche silencioso
HH006858,Salida con el banquero
HH006859,Desenganche silencioso
HH006860,Salida con el banquero
HH006861,Desenganche silencioso
HH006862,Desenganche silencioso
HH006863,Desenganche silencioso
HH006864,Desenganche silencioso
HH006865,Desenganche silencioso
HH006866,Desenganche silencioso
HH006867,Desenganche silencioso
HH006868,Desenganche silencioso
HH006869,Desenganche silencioso
HH006870,Desenganche silencioso
HH006871,Salida con el banquero
HH006872,Desenganche silencioso
HH006873,Desenganche silencioso
HH006874,Desenganche silencioso
HH006875,Externalización activa
HH006876,Desenganche silencioso
HH006877,Desenganche silencioso
HH006878,Desenganche silencioso
HH006879,Desenganche silencioso
HH006880,Salida con el banquero
HH006881,Desenganche silencioso
HH006882,Desenganche silencioso
HH006883,Desenganche silencioso
HH006884,Desenganche silencioso
HH006885,Desenganche silencioso
HH006886,Desenganche silencioso
HH006887,Desenganche silencioso
HH006888,Desenganche silencioso
HH006889,Externalización activa
HH006890,Desenganche silencioso
HH006891,Salida con el banquero
HH006892,Desenganche silencioso
HH006893,Desenganche silencioso
HH006894,Externalización activa
HH006895,Salida con el banquero
HH006896,Desenganche silencioso
HH006897,Desenganche silencioso
HH006898,Desenganche silencioso
HH006899,Externalización activa
HH006900,Salida con el banquero
HH006901,Desenganche silencioso
HH006902,Desenganche silencioso
HH006903,Salida con el banquero
HH006904,Desenganche silencioso
HH006905,Desenganche silencioso
HH006906,Desenganche silencioso
HH006907,Desenganche silencioso
HH006908,Desenganche silencioso
HH006909,Desenganche silencioso
HH006910,Desenganche silencioso
HH006911,Externalización activa
HH006912,Salida con el banquero
HH006913,Desenganche silencioso
HH006914,Salida con el banquero
HH006915,Desenganche silencioso
HH006916,Salida con el banquero
HH006917,Desenganche silencioso
HH006918,Salida con el banquero
HH006919,Desenganche silencioso
HH006920,Desenganche silencioso
HH006921,Desenganche silencioso
HH006922,Desenganche silencioso
HH006923,Salida con el banquero
HH006924,Desenganche silencioso
HH006925,Externalización activa
HH006926,Salida con el banquero
HH006927,Desenganche silencioso
HH006928,Desenganche silencioso
HH006929,Desenganche silencioso
HH006930,Salida con el banquero
HH006931,Desenganche silencioso
HH006932,Desenganche silencioso
HH006933,Desenganche silencioso
HH006934,Desenganche silencioso
HH006935,Externalización activa
HH006936,Externalización activa
HH006937,Desenganche silencioso
HH006938,Desenganche silencioso
HH006939,Desenganche silencioso
HH006940,Desenganche silencioso
HH006941,Desenganche silencioso
HH006942,Desenganche silencioso
HH006943,Salida con el banquero
HH006944,Desenganche silencioso
HH006945,Desenganche silencioso
HH006946,Desenganche silencioso
HH006947,Desenganche silencioso
HH006948,Desenganche silencioso
HH006949,Salida con el banquero
HH006950,Desenganche silencioso
HH006951,Externalización activa
HH006952,Desenganche silencioso
HH006953,Desenganche silencioso
HH006954,Desenganche silencioso
HH006955,Desenganche silencioso
HH006956,Desenganche silencioso
HH006957,Desenganche silencioso
HH006958,Desenganche silencioso
HH006959,Desenganche silencioso
HH006960,Salida con el banquero
HH006961,Desenganche silencioso
HH006962,Desenganche silencioso
HH006963,Desenganche silencioso
HH006964,Desenganche silencioso
HH006965,Desenganche silencioso
HH006966,Desenganche silencioso
HH006967,Desenganche silencioso
HH006968,Salida con el banquero
HH006969,Desenganche silencioso
HH006970,Desenganche silencioso
HH006971,Desenganche silencioso
HH006972,Desenganche silencioso
HH006973,Desenganche silencioso
HH006974,Desenganche silencioso
HH006975,Salida con el banquero
HH006976,Desenganche silencioso
HH006977,Externalización activa
HH006978,Desenganche silencioso
HH006979,Desenganche silencioso
HH006980,Desenganche silencioso
HH006981,Desenganche silencioso
HH006982,Externalización activa
HH006983,Desenganche silencioso
HH006984,Desenganche silencioso
HH006985,Salida con el banquero
HH006986,Salida con el banquero
HH006987,Desenganche silencioso
HH006988,Desenganche silencioso
HH006989,Desenganche silencioso
HH006990,Salida con el banquero
HH006991,Salida con el banquero
HH006992,Desenganche silencioso
HH006993,Desenganche silencioso
HH006994,Desenganche silencioso
HH006995,Salida con el banquero
HH006996,Desenganche silencioso
HH006997,Desenganche silencioso
HH006998,Salida con el banquero
HH006999,Desenganche silencioso
HH007000,Externalización activa
HH007001,Desenganche silencioso
HH007002,Desenganche silencioso
HH007003,Salida con el banquero
HH007004,Desenganche silencioso
HH007005,Desenganche silencioso
HH007006,Salida con el banquero
HH007007,Salida con el banquero
HH007008,Salida con el banquero
HH007009,Desenganche silencioso
HH007010,Desenganche silencioso
HH007011,Desenganche silencioso
HH007012,Salida con el banquero
HH007013,Desenganche silencioso
HH007014,Desenganche silencioso
HH007015,Desenganche silencioso
HH007016,Desenganche silencioso
HH007017,Desenganche silencioso
HH007018,Desenganche silencioso
HH007019,Desenganche silencioso
HH007020,Externalización activa
HH007021,Desenganche silencioso
HH007022,Desenganche silencioso
HH007023,Salida con el banquero
HH007024,Desenganche silencioso
HH007025,Desenganche silencioso
HH007026,Desenganche silencioso
HH007027,Desenganche silencioso
HH007028,Desenganche silencioso
HH007029,Desenganche silencioso
HH007030,Salida con el banquero
HH007031,Desenganche silencioso
HH007032,Salida con el banquero
HH007033,Desenganche silencioso
HH007034,Salida con el banquero
HH007035,Desenganche silencioso
HH007036,Desenganche silencioso
HH007037,Desenganche silencioso
HH007038,Desenganche silencioso
HH007039,Salida con el banquero
HH007040,Desenganche silencioso
HH007041,Desenganche silencioso
HH007042,Desenganche silencioso
HH007043,Desenganche silencioso
HH007044,Desenganche silencioso
HH007045,Desenganche silencioso
HH007046,Desenganche silencioso
HH007047,Desenganche silencioso
HH007048,Desenganche silencioso
HH007049,Desenganche silencioso
HH007050,Desenganche silencioso
HH007051,Salida con el banquero
HH007052,Desenganche silencioso
HH007053,Desenganche silencioso
HH007054,Salida con el banquero
HH007055,Desenganche silencioso
HH007056,Desenganche silencioso
HH007057,Salida con el banquero
HH007058,Desenganche silencioso
HH007059,Desenganche silencioso
HH007060,Desenganche silencioso
HH007061,Desenganche silencioso
HH007062,Desenganche silencioso
HH007063,Desenganche silencioso
HH007064,Desenganche silencioso
HH007065,Salida con el banquero
HH007066,Salida con el banquero
HH007067,Desenganche silencioso
HH007068,Desenganche silencioso
HH007069,Desenganche silencioso
HH007070,Desenganche silencioso
HH007071,Desenganche silencioso
HH007072,Desenganche silencioso
HH007073,Desenganche silencioso
HH007074,Desenganche silencioso
HH007075,Externalización activa
HH007076,Salida con el banquero
HH007077,Salida con el banquero
HH007078,Desenganche silencioso
HH007079,Desenganche silencioso
HH007080,Desenganche silencioso
HH007081,Desenganche silencioso
HH007082,Desenganche silencioso
HH007083,Desenganche silencioso
HH007084,Desenganche silencioso
HH007085,Desenganche silencioso
HH007086,Desenganche silencioso
HH007087,Desenganche silencioso
HH007088,Desenganche silencioso
HH007089,Desenganche silencioso
HH007090,Desenganche silencioso
HH007091,Desenganche silencioso
HH007092,Desenganche silencioso
HH007093,Desenganche silencioso
HH007094,Desenganche silencioso
HH007095,Desenganche silencioso
HH007096,Salida con el banquero
HH007097,Desenganche silencioso
HH007098,Desenganche silencioso
HH007099,Desenganche silencioso
HH007100,Salida con el banquero
HH007101,Desenganche silencioso
HH007102,Desenganche silencioso
HH007103,Desenganche silencioso
HH007104,Desenganche silencioso
HH007105,Desenganche silencioso
HH007106,Salida con el banquero
HH007107,Desenganche silencioso
HH007108,Desenganche silencioso
HH007109,Desenganche silencioso
HH007110,Desenganche silencioso
HH007111,Desenganche silencioso
HH007112,Desenganche silencioso
HH007113,Desenganche silencioso
HH007114,Desenganche silencioso
HH007115,Salida con el banquero
HH007116,Desenganche silencioso
HH007117,Desenganche silencioso
HH007118,Salida con el banquero
HH007119,Desenganche silencioso
HH007120,Desenganche silencioso
HH007121,Desenganche silencioso
HH007122,Desenganche silencioso
HH007123,Salida con el banquero
HH007124,Desenganche silencioso
HH007125,Desenganche silencioso
HH007126,Desenganche silencioso
HH007127,Desenganche silencioso
HH007128,Desenganche silencioso
HH007129,Desenganche silencioso
HH007130,Desenganche silencioso
HH007131,Desenganche silencioso
HH007132,Desenganche silencioso
HH007133,Desenganche silencioso
HH007134,Externalización activa
HH007135,Desenganche silencioso
HH007136,Desenganche silencioso
HH007137,Externalización activa
HH007138,Desenganche silencioso
HH007139,Desenganche silencioso
HH007140,Desenganche silencioso
HH007141,Desenganche silencioso
HH007142,Desenganche silencioso
HH007143,Desenganche silencioso
HH007144,Salida con el banquero
HH007145,Desenganche silencioso
HH007146,Desenganche silencioso
HH007147,Desenganche silencioso
HH007148,Desenganche silencioso
HH007149,Salida con el banquero
HH007150,Desenganche silencioso
HH007151,Desenganche silencioso
HH007152,Desenganche silencioso
HH007153,Desenganche silencioso
HH007154,Desenganche silencioso
HH007155,Desenganche silencioso
HH007156,Desenganche silencioso
HH007157,Salida con el banquero
HH007158,Desenganche silencioso
HH007159,Desenganche silencioso
HH007160,Desenganche silencioso
HH007161,Desenganche silencioso
HH007162,Desenganche silencioso
HH007163,Desenganche silencioso
HH007164,Desenganche silencioso
HH007165,Desenganche silencioso
HH007166,Desenganche silencioso
HH007167,Externalización activa
HH007168,Desenganche silencioso
HH007169,Desenganche silencioso
HH007170,Desenganche silencioso
HH007171,Externalización activa
HH007172,Externalización activa
HH007173,Desenganche silencioso
HH007174,Salida con el banquero
HH007175,Desenganche silencioso
HH007176,Desenganche silencioso
HH007177,Desenganche silencioso
HH007178,Desenganche silencioso
HH007179,Desenganche silencioso
HH007180,Desenganche silencioso
HH007181,Desenganche silencioso
HH007182,Desenganche silencioso
HH007183,Desenganche silencioso
HH007184,Desenganche silencioso
HH007185,Desenganche silencioso
HH007186,Desenganche silencioso
HH007187,Salida con el banquero
HH007188,Desenganche silencioso
HH007189,Externalización activa
HH007190,Desenganche silencioso
HH007191,Salida con el banquero
HH007192,Salida con el banquero
HH007193,Externalización activa
HH007194,Desenganche silencioso
HH007195,Desenganche silencioso
HH007196,Desenganche silencioso
HH007197,Desenganche silencioso
HH007198,Desenganche silencioso
HH007199,Desenganche silencioso
HH007200,Externalización activa
HH007201,Desenganche silencioso
HH007202,Desenganche silencioso
HH007203,Externalización activa
HH007204,Desenganche silencioso
HH007205,Desenganche silencioso
HH007206,Desenganche silencioso
HH007207,Desenganche silencioso
HH007208,Externalización activa
HH007209,Desenganche silencioso
HH007210,Desenganche silencioso
HH007211,Salida con el banquero
HH007212,Desenganche silencioso
HH007213,Desenganche silencioso
HH007214,Desenganche silencioso
HH007215,Desenganche silencioso
HH007216,Desenganche silencioso
HH007217,Desenganche silencioso
HH007218,Desenganche silencioso
HH007219,Desenganche silencioso
HH007220,Desenganche silencioso
HH007221,Desenganche silencioso
HH007222,Desenganche silencioso
HH007223,Desenganche silencioso
HH007224,Desenganche silencioso
HH007225,Desenganche silencioso
HH007226,Desenganche silencioso
HH007227,Desenganche silencioso
HH007228,Externalización activa
HH007229,Desenganche silencioso
HH007230,Desenganche silencioso
HH007231,Desenganche silencioso
HH007232,Desenganche silencioso
HH007233,Desenganche silencioso
HH007234,Desenganche silencioso
HH007235,Desenganche silencioso
HH007236,Desenganche silencioso
HH007237,Desenganche silencioso
HH007238,Desenganche silencioso
HH007239,Desenganche silencioso
HH007240,Salida con el banquero
HH007241,Salida con el banquero
HH007242,Desenganche silencioso
HH007243,Desenganche silencioso
HH007244,Desenganche silencioso
HH007245,Desenganche silencioso
HH007246,Desenganche silencioso
HH007247,Salida con el banquero
HH007248,Desenganche silencioso
HH007249,Desenganche silencioso
HH007250,Externalización activa
HH007251,Desenganche silencioso
HH007252,Desenganche silencioso
HH007253,Desenganche silencioso
HH007254,Desenganche silencioso
HH007255,Desenganche silencioso
HH007256,Desenganche silencioso
HH007257,Desenganche silencioso
HH007258,Desenganche silencioso
HH007259,Desenganche silencioso
HH007260,Desenganche silencioso
HH007261,Desenganche silencioso
HH007262,Desenganche silencioso
HH007263,Desenganche silencioso
HH007264,Desenganche silencioso
HH007265,Desenganche silencioso
HH007266,Desenganche silencioso
HH007267,Desenganche silencioso
HH007268,Desenganche silencioso
HH007269,Desenganche silencioso
HH007270,Salida con el banquero
HH007271,Externalización activa
HH007272,Desenganche silencioso
HH007273,Desenganche silencioso
HH007274,Salida con el banquero
HH007275,Desenganche silencioso
HH007276,Desenganche silencioso
HH007277,Desenganche silencioso
HH007278,Desenganche silencioso
HH007279,Desenganche silencioso
HH007280,Desenganche silencioso
HH007281,Desenganche silencioso
HH007282,Desenganche silencioso
HH007283,Desenganche silencioso
HH007284,Desenganche silencioso
HH007285,Desenganche silencioso
HH007286,Externalización activa
HH007287,Desenganche silencioso
HH007288,Desenganche silencioso
HH007289,Desenganche silencioso
HH007290,Desenganche silencioso
HH007291,Desenganche silencioso
HH007292,Desenganche silencioso
HH007293,Desenganche silencioso
HH007294,Desenganche silencioso
HH007295,Desenganche silencioso
HH007296,Desenganche silencioso
HH007297,Desenganche silencioso
HH007298,Desenganche silencioso
HH007299,Desenganche silencioso
HH007300,Salida con el banquero
HH007301,Desenganche silencioso
HH007302,Desenganche silencioso
HH007303,Salida con el banquero
HH007304,Desenganche silencioso
HH007305,Desenganche silencioso
HH007306,Desenganche silencioso
HH007307,Desenganche silencioso
HH007308,Desenganche silencioso
HH007309,Desenganche silencioso
HH007310,Desenganche silencioso
HH007311,Externalización activa
HH007312,Salida con el banquero
HH007313,Externalización activa
HH007314,Desenganche silencioso
HH007315,Desenganche silencioso
HH007316,Desenganche silencioso
HH007317,Desenganche silencioso
HH007318,Desenganche silencioso
HH007319,Desenganche silencioso
HH007320,Desenganche silencioso
HH007321,Desenganche silencioso
HH007322,Desenganche silencioso
HH007323,Desenganche silencioso
HH007324,Desenganche silencioso
HH007325,Desenganche silencioso
HH007326,Desenganche silencioso
HH007327,Desenganche silencioso
HH007328,Salida con el banquero
HH007329,Desenganche silencioso
HH007330,Desenganche silencioso
HH007331,Desenganche silencioso
HH007332,Desenganche silencioso
HH007333,Externalización activa
HH007334,Salida con el banquero
HH007335,Desenganche silencioso
HH007336,Desenganche silencioso
HH007337,Desenganche silencioso
HH007338,Salida con el banquero
HH007339,Desenganche silencioso
HH007340,Desenganche silencioso
HH007341,Desenganche silencioso
HH007342,Desenganche silencioso
HH007343,Desenganche silencioso
HH007344,Desenganche silencioso
HH007345,Desenganche silencioso
HH007346,Desenganche silencioso
HH007347,Desenganche silencioso
HH007348,Desenganche silencioso
HH007349,Desenganche silencioso
HH007350,Desenganche silencioso
HH007351,Desenganche silencioso
HH007352,Desenganche silencioso
HH007353,Desenganche silencioso
HH007354,Externalización activa
HH007355,Desenganche silencioso
HH007356,Desenganche silencioso
HH007357,Desenganche silencioso
HH007358,Salida con el banquero
HH007359,Desenganche silencioso
HH007360,Desenganche silencioso
HH007361,Desenganche silencioso
HH007362,Desenganche silencioso
HH007363,Externalización activa
HH007364,Desenganche silencioso
HH007365,Desenganche silencioso
HH007366,Desenganche silencioso
HH007367,Desenganche silencioso
HH007368,Desenganche silencioso
HH007369,Desenganche silencioso
HH007370,Desenganche silencioso
HH007371,Desenganche silencioso
HH007372,Desenganche silencioso
HH007373,Desenganche silencioso
HH007374,Desenganche silencioso
HH007375,Desenganche silencioso
HH007376,Desenganche silencioso
HH007377,Desenganche silencioso
HH007378,Desenganche silencioso
HH007379,Desenganche silencioso
HH007380,Desenganche silencioso
HH007381,Desenganche silencioso
HH007382,Desenganche silencioso
HH007383,Desenganche silencioso
HH007384,Desenganche silencioso
HH007385,Desenganche silencioso
HH007386,Desenganche silencioso
HH007387,Desenganche silencioso
HH007388,Desenganche silencioso
HH007389,Desenganche silencioso
HH007390,Desenganche silencioso
HH007391,Salida con el banquero
HH007392,Desenganche silencioso
HH007393,Desenganche silencioso
HH007394,Desenganche silencioso
HH007395,Desenganche silencioso
HH007396,Desenganche silencioso
HH007397,Desenganche silencioso
HH007398,Desenganche silencioso
HH007399,Desenganche silencioso
HH007400,Desenganche silencioso
HH007401,Desenganche silencioso
HH007402,Desenganche silencioso
HH007403,Desenganche silencioso
HH007404,Salida con el banquero
HH007405,Desenganche silencioso
HH007406,Desenganche silencioso
HH007407,Externalización activa
HH007408,Desenganche silencioso
HH007409,Desenganche silencioso
HH007410,Desenganche silencioso
HH007411,Externalización activa
HH007412,Desenganche silencioso
HH007413,Desenganche silencioso
HH007414,Desenganche silencioso
HH007415,Desenganche silencioso
HH007416,Desenganche silencioso
HH007417,Desenganche silencioso
HH007418,Desenganche silencioso
HH007419,Desenganche silencioso
HH007420,Desenganche silencioso
HH007421,Desenganche silencioso
HH007422,Desenganche silencioso
HH007423,Desenganche silencioso
HH007424,Desenganche silencioso
HH007425,Desenganche silencioso
HH007426,Desenganche silencioso
HH007427,Desenganche silencioso
HH007428,Desenganche silencioso
HH007429,Desenganche silencioso
HH007430,Externalización activa
HH007431,Desenganche silencioso
HH007432,Externalización activa
HH007433,Desenganche silencioso
HH007434,Desenganche silencioso
HH007435,Salida con el banquero
HH007436,Desenganche silencioso
HH007437,Desenganche silencioso
HH007438,Externalización activa
HH007439,Desenganche silencioso
HH007440,Desenganche silencioso
HH007441,Salida con el banquero
HH007442,Desenganche silencioso
HH007443,Desenganche silencioso
HH007444,Desenganche silencioso
HH007445,Desenganche silencioso
HH007446,Desenganche silencioso
HH007447,Salida con el banquero
HH007448,Desenganche silencioso
HH007449,Desenganche silencioso
HH007450,Desenganche silencioso
HH007451,Desenganche silencioso
HH007452,Desenganche silencioso
HH007453,Desenganche silencioso
HH007454,Desenganche silencioso
HH007455,Desenganche silencioso
HH007456,Salida con el banquero
HH007457,Desenganche silencioso
HH007458,Desenganche silencioso
HH007459,Desenganche silencioso
HH007460,Desenganche silencioso
HH007461,Desenganche silencioso
HH007462,Desenganche silencioso
HH007463,Salida con el banquero
HH007464,Salida con el banquero
HH007465,Desenganche silencioso
HH007466,Desenganche silencioso
HH007467,Externalización activa
HH007468,Desenganche silencioso
HH007469,Salida con el banquero
HH007470,Desenganche silencioso
HH007471,Salida con el banquero
HH007472,Desenganche silencioso
HH007473,Externalización activa
HH007474,Desenganche silencioso
HH007475,Desenganche silencioso
HH007476,Desenganche silencioso
HH007477,Desenganche silencioso
HH007478,Desenganche silencioso
HH007479,Desenganche silencioso
HH007480,Desenganche silencioso
HH007481,Desenganche silencioso
HH007482,Salida con el banquero
HH007483,Desenganche silencioso
HH007484,Desenganche silencioso
HH007485,Salida con el banquero
HH007486,Salida con el banquero
HH007487,Desenganche silencioso
HH007488,Desenganche silencioso
HH007489,Desenganche silencioso
HH007490,Desenganche silencioso
HH007491,Desenganche silencioso
HH007492,Desenganche silencioso
HH007493,Desenganche silencioso
HH007494,Externalización activa
HH007495,Desenganche silencioso
HH007496,Salida con el banquero
HH007497,Salida con el banquero
HH007498,Desenganche silencioso
HH007499,Desenganche silencioso
HH007500,Desenganche silencioso
HH007501,Desenganche silencioso
HH007502,Desenganche silencioso
HH007503,Externalización activa
HH007504,Desenganche silencioso
HH007505,Desenganche silencioso
HH007506,Desenganche silencioso
HH007507,Salida con el banquero
HH007508,Salida con el banquero
HH007509,Salida con el banquero
HH007510,Desenganche silencioso
HH007511,Salida con el banquero
HH007512,Desenganche silencioso
HH007513,Desenganche silencioso
HH007514,Salida con el banquero
HH007515,Desenganche silencioso
HH007516,Desenganche silencioso
HH007517,Desenganche silencioso
HH007518,Desenganche silencioso
HH007519,Desenganche silencioso
HH007520,Desenganche silencioso
HH007521,Desenganche silencioso
HH007522,Desenganche silencioso
HH007523,Desenganche silencioso
HH007524,Desenganche silencioso
HH007525,Desenganche silencioso
HH007526,Desenganche silencioso
HH007527,Desenganche silencioso
HH007528,Desenganche silencioso
HH007529,Desenganche silencioso
HH007530,Desenganche silencioso
HH007531,Desenganche silencioso
HH007532,Desenganche silencioso
HH007533,Desenganche silencioso
HH007534,Desenganche silencioso
HH007535,Desenganche silencioso
HH007536,Salida con el banquero
HH007537,Desenganche silencioso
HH007538,Desenganche silencioso
HH007539,Desenganche silencioso
HH007540,Desenganche silencioso
HH007541,Desenganche silencioso
HH007542,Desenganche silencioso
HH007543,Desenganche silencioso
HH007544,Desenganche silencioso
HH007545,Desenganche silencioso
HH007546,Salida con el banquero
HH007547,Desenganche silencioso
HH007548,Desenganche silencioso
HH007549,Desenganche silencioso
HH007550,Desenganche silencioso
HH007551,Desenganche silencioso
HH007552,Desenganche silencioso
HH007553,Desenganche silencioso
HH007554,Desenganche silencioso
HH007555,Desenganche silencioso
HH007556,Desenganche silencioso
HH007557,Desenganche silencioso
HH007558,Salida con el banquero
HH007559,Desenganche silencioso
HH007560,Desenganche silencioso
HH007561,Desenganche silencioso
HH007562,Desenganche silencioso
HH007563,Desenganche silencioso
HH007564,Desenganche silencioso
HH007565,Desenganche silencioso
HH007566,Desenganche silencioso
HH007567,Desenganche silencioso
HH007568,Desenganche silencioso
HH007569,Desenganche silencioso
HH007570,Desenganche silencioso
HH007571,Salida con el banquero
HH007572,Salida con el banquero
HH007573,Desenganche silencioso
HH007574,Desenganche silencioso
HH007575,Desenganche silencioso
HH007576,Desenganche silencioso
HH007577,Desenganche silencioso
HH007578,Desenganche silencioso
HH007579,Desenganche silencioso
HH007580,Desenganche silencioso
HH007581,Desenganche silencioso
HH007582,Desenganche silencioso
HH007583,Desenganche silencioso
HH007584,Desenganche silencioso
HH007585,Desenganche silencioso
HH007586,Desenganche silencioso
HH007587,Salida con el banquero
HH007588,Desenganche silencioso
HH007589,Desenganche silencioso
HH007590,Externalización activa
HH007591,Desenganche silencioso
HH007592,Desenganche silencioso
HH007593,Desenganche silencioso
HH007594,Desenganche silencioso
HH007595,Desenganche silencioso
HH007596,Desenganche silencioso
HH007597,Desenganche silencioso
HH007598,Salida con el banquero
HH007599,Desenganche silencioso
HH007600,Desenganche silencioso
HH007601,Desenganche silencioso
HH007602,Desenganche silencioso
HH007603,Salida con el banquero
HH007604,Desenganche silencioso
HH007605,Desenganche silencioso
HH007606,Desenganche silencioso
HH007607,Salida con el banquero
HH007608,Salida con el banquero
HH007609,Desenganche silencioso
HH007610,Desenganche silencioso
HH007611,Desenganche silencioso
HH007612,Desenganche silencioso
HH007613,Desenganche silencioso
HH007614,Desenganche silencioso
HH007615,Desenganche silencioso
HH007616,Desenganche silencioso
HH007617,Externalización activa
HH007618,Desenganche silencioso
HH007619,Desenganche silencioso
HH007620,Desenganche silencioso
HH007621,Desenganche silencioso
HH007622,Desenganche silencioso
HH007623,Desenganche silencioso
HH007624,Desenganche silencioso
HH007625,Desenganche silencioso
HH007626,Desenganche silencioso
HH007627,Desenganche silencioso
HH007628,Desenganche silencioso
HH007629,Desenganche silencioso
HH007630,Externalización activa
HH007631,Salida con el banquero
HH007632,Desenganche silencioso
HH007633,Desenganche silencioso
HH007634,Desenganche silencioso
HH007635,Desenganche silencioso
HH007636,Desenganche silencioso
HH007637,Desenganche silencioso
HH007638,Desenganche silencioso
HH007639,Externalización activa
HH007640,Desenganche silencioso
HH007641,Desenganche silencioso
HH007642,Desenganche silencioso
HH007643,Desenganche silencioso
HH007644,Desenganche silencioso
HH007645,Desenganche silencioso
HH007646,Externalización activa
HH007647,Desenganche silencioso
HH007648,Desenganche silencioso
HH007649,Desenganche silencioso
HH007650,Desenganche silencioso
HH007651,Desenganche silencioso
HH007652,Desenganche silencioso
HH007653,Desenganche silencioso
HH007654,Desenganche silencioso
HH007655,Desenganche silencioso
HH007656,Desenganche silencioso
HH007657,Desenganche silencioso
HH007658,Desenganche silencioso
HH007659,Desenganche silencioso
HH007660,Desenganche silencioso
HH007661,Desenganche silencioso
HH007662,Salida con el banquero
HH007663,Salida con el banquero
HH007664,Desenganche silencioso
HH007665,Desenganche silencioso
HH007666,Desenganche silencioso
HH007667,Desenganche silencioso
HH007668,Desenganche silencioso
HH007669,Salida con el banquero
HH007670,Salida con el banquero
HH007671,Desenganche silencioso
HH007672,Desenganche silencioso
HH007673,Desenganche silencioso
HH007674,Desenganche silencioso
HH007675,Desenganche silencioso
HH007676,Desenganche silencioso
HH007677,Desenganche silencioso
HH007678,Desenganche silencioso
HH007679,Desenganche silencioso
HH007680,Desenganche silencioso
HH007681,Desenganche silencioso
HH007682,Salida con el banquero
HH007683,Desenganche silencioso
HH007684,Desenganche silencioso
HH007685,Desenganche silencioso
HH007686,Externalización activa
HH007687,Desenganche silencioso
HH007688,Desenganche silencioso
HH007689,Desenganche silencioso
HH007690,Salida con el banquero
HH007691,Desenganche silencioso
HH007692,Desenganche silencioso
HH007693,Desenganche silencioso
HH007694,Desenganche silencioso
HH007695,Desenganche silencioso
HH007696,Desenganche silencioso
HH007697,Desenganche silencioso
HH007698,Salida con el banquero
HH007699,Desenganche silencioso
HH007700,Desenganche silencioso
HH007701,Desenganche silencioso
HH007702,Salida con el banquero
HH007703,Desenganche silencioso
HH007704,Salida con el banquero
HH007705,Externalización activa
HH007706,Desenganche silencioso
HH007707,Desenganche silencioso
HH007708,Salida con el banquero
HH007709,Desenganche silencioso
HH007710,Externalización activa
HH007711,Salida con el banquero
HH007712,Externalización activa
HH007713,Desenganche silencioso
HH007714,Desenganche silencioso
HH007715,Salida con el banquero
HH007716,Desenganche silencioso
HH007717,Desenganche silencioso
HH007718,Desenganche silencioso
HH007719,Desenganche silencioso
HH007720,Desenganche silencioso
HH007721,Externalización activa
HH007722,Desenganche silencioso
HH007723,Desenganche silencioso
HH007724,Desenganche silencioso
HH007725,Salida con el banquero
HH007726,Desenganche silencioso
HH007727,Externalización activa
HH007728,Desenganche silencioso
HH007729,Desenganche silencioso
HH007730,Desenganche silencioso
HH007731,Desenganche silencioso
HH007732,Desenganche silencioso
HH007733,Desenganche silencioso
HH007734,Desenganche silencioso
HH007735,Salida con el banquero
HH007736,Externalización activa
HH007737,Desenganche silencioso
HH007738,Externalización activa
HH007739,Desenganche silencioso
HH007740,Desenganche silencioso
HH007741,Desenganche silencioso
HH007742,Salida con el banquero
HH007743,Desenganche silencioso
HH007744,Desenganche silencioso
HH007745,Desenganche silencioso
HH007746,Externalización activa
HH007747,Desenganche silencioso
HH007748,Desenganche silencioso
HH007749,Desenganche silencioso
HH007750,Desenganche silencioso
HH007751,Desenganche silencioso
HH007752,Desenganche silencioso
HH007753,Desenganche silencioso
HH007754,Desenganche silencioso
HH007755,Salida con el banquero
HH007756,Desenganche silencioso
HH007757,Externalización activa
HH007758,Salida con el banquero
HH007759,Salida con el banquero
HH007760,Desenganche silencioso
HH007761,Desenganche silencioso
HH007762,Desenganche silencioso
HH007763,Desenganche silencioso
HH007764,Desenganche silencioso
HH007765,Desenganche silencioso
HH007766,Desenganche silencioso
HH007767,Desenganche silencioso
HH007768,Desenganche silencioso
HH007769,Desenganche silencioso
HH007770,Desenganche silencioso
HH007771,Desenganche silencioso
HH007772,Desenganche silencioso
HH007773,Desenganche silencioso
HH007774,Desenganche silencioso
HH007775,Desenganche silencioso
HH007776,Desenganche silencioso
HH007777,Desenganche silencioso
HH007778,Desenganche silencioso
HH007779,Externalización activa
HH007780,Externalización activa
HH007781,Desenganche silencioso
HH007782,Desenganche silencioso
HH007783,Desenganche silencioso
HH007784,Desenganche silencioso
HH007785,Salida con el banquero
HH007786,Desenganche silencioso
HH007787,Desenganche silencioso
HH007788,Desenganche silencioso
HH007789,Externalización activa
HH007790,Desenganche silencioso
HH007791,Salida con el banquero
HH007792,Desenganche silencioso
HH007793,Desenganche silencioso
HH007794,Desenganche silencioso
HH007795,Externalización activa
HH007796,Desenganche silencioso
HH007797,Salida con el banquero
HH007798,Desenganche silencioso
HH007799,Desenganche silencioso
HH007800,Desenganche silencioso
HH007801,Desenganche silencioso
HH007802,Desenganche silencioso
HH007803,Desenganche silencioso
HH007804,Externalización activa
HH007805,Externalización activa
HH007806,Desenganche silencioso
HH007807,Desenganche silencioso
HH007808,Salida con el banquero
HH007809,Desenganche silencioso
HH007810,Desenganche silencioso
HH007811,Desenganche silencioso
HH007812,Desenganche silencioso
HH007813,Desenganche silencioso
HH007814,Desenganche silencioso
HH007815,Desenganche silencioso
HH007816,Desenganche silencioso
HH007817,Desenganche silencioso
HH007818,Desenganche silencioso
HH007819,Desenganche silencioso
HH007820,Salida con el banquero
HH007821,Desenganche silencioso
HH007822,Desenganche silencioso
HH007823,Desenganche silencioso
HH007824,Desenganche silencioso
HH007825,Desenganche silencioso
HH007826,Desenganche silencioso
HH007827,Desenganche silencioso
HH007828,Desenganche silencioso
HH007829,Desenganche silencioso
HH007830,Desenganche silencioso
HH007831,Desenganche silencioso
HH007832,Desenganche silencioso
HH007833,Desenganche silencioso
HH007834,Desenganche silencioso
HH007835,Desenganche silencioso
HH007836,Desenganche silencioso
HH007837,Desenganche silencioso
HH007838,Salida con el banquero
HH007839,Desenganche silencioso
HH007840,Desenganche silencioso
HH007841,Desenganche silencioso
HH007842,Externalización activa
HH007843,Desenganche silencioso
HH007844,Desenganche silencioso
HH007845,Salida con el banquero
HH007846,Desenganche silencioso
HH007847,Salida con el banquero
HH007848,Desenganche silencioso
HH007849,Desenganche silencioso
HH007850,Salida con el banquero
HH007851,Desenganche silencioso
HH007852,Desenganche silencioso
HH007853,Desenganche silencioso
HH007854,Desenganche silencioso
HH007855,Desenganche silencioso
HH007856,Desenganche silencioso
HH007857,Desenganche silencioso
HH007858,Desenganche silencioso
HH007859,Desenganche silencioso
HH007860,Desenganche silencioso
HH007861,Desenganche silencioso
HH007862,Desenganche silencioso
HH007863,Salida con el banquero
HH007864,Desenganche silencioso
HH007865,Desenganche silencioso
HH007866,Desenganche silencioso
HH007867,Desenganche silencioso
HH007868,Desenganche silencioso
HH007869,Desenganche silencioso
HH007870,Desenganche silencioso
HH007871,Desenganche silencioso
HH007872,Desenganche silencioso
HH007873,Salida con el banquero
HH007874,Desenganche silencioso
HH007875,Desenganche silencioso
HH007876,Desenganche silencioso
HH007877,Desenganche silencioso
HH007878,Desenganche silencioso
HH007879,Desenganche silencioso
HH007880,Desenganche silencioso
HH007881,Desenganche silencioso
HH007882,Desenganche silencioso
HH007883,Salida con el banquero
HH007884,Desenganche silencioso
HH007885,Desenganche silencioso
HH007886,Externalización activa
HH007887,Desenganche silencioso
HH007888,Desenganche silencioso
HH007889,Desenganche silencioso
HH007890,Desenganche silencioso
HH007891,Desenganche silencioso
HH007892,Desenganche silencioso
HH007893,Desenganche silencioso
HH007894,Desenganche silencioso
HH007895,Desenganche silencioso
HH007896,Desenganche silencioso
HH007897,Desenganche silencioso
HH007898,Desenganche silencioso
HH007899,Desenganche silencioso
HH007900,Desenganche silencioso
HH007901,Desenganche silencioso
HH007902,Salida con el banquero
HH007903,Desenganche silencioso
HH007904,Salida con el banquero
HH007905,Desenganche silencioso
HH007906,Externalización activa
HH007907,Desenganche silencioso
HH007908,Desenganche silencioso
HH007909,Desenganche silencioso
HH007910,Desenganche silencioso
HH007911,Salida con el banquero
HH007912,Desenganche silencioso
HH007913,Desenganche silencioso
HH007914,Desenganche silencioso
HH007915,Desenganche silencioso
HH007916,Desenganche silencioso
HH007917,Desenganche silencioso
HH007918,Desenganche silencioso
HH007919,Salida con el banquero
HH007920,Desenganche silencioso
HH007921,Desenganche silencioso
HH007922,Externalización activa
HH007923,Desenganche silencioso
HH007924,Desenganche silencioso
HH007925,Desenganche silencioso
HH007926,Desenganche silencioso
HH007927,Desenganche silencioso
HH007928,Desenganche silencioso
HH007929,Desenganche silencioso
HH007930,Salida con el banquero
HH007931,Desenganche silencioso
HH007932,Desenganche silencioso
HH007933,Desenganche silencioso
HH007934,Externalización activa
HH007935,Desenganche silencioso
HH007936,Desenganche silencioso
HH007937,Desenganche silencioso
HH007938,Desenganche silencioso
HH007939,Desenganche silencioso
HH007940,Desenganche silencioso
HH007941,Salida con el banquero
HH007942,Desenganche silencioso
HH007943,Externalización activa
HH007944,Desenganche silencioso
HH007945,Desenganche silencioso
HH007946,Externalización activa
HH007947,Desenganche silencioso
HH007948,Desenganche silencioso
HH007949,Desenganche silencioso
HH007950,Desenganche silencioso
HH007951,Desenganche silencioso
HH007952,Desenganche silencioso
HH007953,Desenganche silencioso
HH007954,Desenganche silencioso
HH007955,Desenganche silencioso
HH007956,Desenganche silencioso
HH007957,Desenganche silencioso
HH007958,Desenganche silencioso
HH007959,Externalización activa
HH007960,Desenganche silencioso
HH007961,Desenganche silencioso
HH007962,Salida con el banquero
HH007963,Desenganche silencioso
HH007964,Desenganche silencioso
HH007965,Desenganche silencioso
HH007966,Desenganche silencioso
HH007967,Desenganche silencioso
HH007968,Desenganche silencioso
HH007969,Desenganche silencioso
HH007970,Desenganche silencioso
HH007971,Desenganche silencioso
HH007972,Desenganche silencioso
HH007973,Desenganche silencioso
HH007974,Desenganche silencioso
HH007975,Salida con el banquero
HH007976,Desenganche silencioso
HH007977,Salida con el banquero
HH007978,Desenganche silencioso
HH007979,Desenganche silencioso
HH007980,Desenganche silencioso
HH007981,Desenganche silencioso
HH007982,Desenganche silencioso
HH007983,Externalización activa
HH007984,Desenganche silencioso
HH007985,Desenganche silencioso
HH007986,Desenganche silencioso
HH007987,Desenganche silencioso
HH007988,Desenganche silencioso
HH007989,Desenganche silencioso
HH007990,Desenganche silencioso
HH007991,Desenganche silencioso
HH007992,Desenganche silencioso
HH007993,Desenganche silencioso
HH007994,Desenganche silencioso
HH007995,Desenganche silencioso
HH007996,Desenganche silencioso
HH007997,Desenganche silencioso
HH007998,Salida con el banquero
HH007999,Salida con el banquero
HH008000,Desenganche silencioso
HH008001,Desenganche silencioso
HH008002,Desenganche silencioso
HH008003,Desenganche silencioso
HH008004,Desenganche silencioso
HH008005,Desenganche silencioso
HH008006,Desenganche silencioso
HH008007,Desenganche silencioso
HH008008,Externalización activa
HH008009,Desenganche silencioso
HH008010,Desenganche silencioso
HH008011,Salida con el banquero
HH008012,Desenganche silencioso
HH008013,Desenganche silencioso
HH008014,Desenganche silencioso
HH008015,Desenganche silencioso
HH008016,Desenganche silencioso
HH008017,Salida con el banquero
HH008018,Externalización activa
HH008019,Desenganche silencioso
HH008020,Salida con el banquero
HH008021,Desenganche silencioso
HH008022,Desenganche silencioso
HH008023,Desenganche silencioso
HH008024,Desenganche silencioso
HH008025,Desenganche silencioso
HH008026,Desenganche silencioso
HH008027,Desenganche silencioso
HH008028,Desenganche silencioso
HH008029,Desenganche silencioso
HH008030,Externalización activa
HH008031,Desenganche silencioso
HH008032,Desenganche silencioso
HH008033,Desenganche silencioso
HH008034,Externalización activa
HH008035,Desenganche silencioso
HH008036,Desenganche silencioso
HH008037,Salida con el banquero
HH008038,Desenganche silencioso
HH008039,Desenganche silencioso
HH008040,Salida con el banquero
HH008041,Desenganche silencioso
HH008042,Desenganche silencioso
HH008043,Desenganche silencioso
HH008044,Desenganche silencioso
HH008045,Salida con el banquero
HH008046,Desenganche silencioso
HH008047,Desenganche silencioso
HH008048,Desenganche silencioso
HH008049,Desenganche silencioso
HH008050,Desenganche silencioso
HH008051,Desenganche silencioso
HH008052,Desenganche silencioso
HH008053,Salida con el banquero
HH008054,Salida con el banquero
HH008055,Desenganche silencioso
HH008056,Desenganche silencioso
HH008057,Salida con el banquero
HH008058,Desenganche silencioso
HH008059,Desenganche silencioso
HH008060,Desenganche silencioso
HH008061,Externalización activa
HH008062,Desenganche silencioso
HH008063,Desenganche silencioso
HH008064,Desenganche silencioso
HH008065,Desenganche silencioso
HH008066,Desenganche silencioso
HH008067,Salida con el banquero
HH008068,Salida con el banquero
HH008069,Desenganche silencioso
HH008070,Desenganche silencioso
HH008071,Desenganche silencioso
HH008072,Desenganche silencioso
HH008073,Desenganche silencioso
HH008074,Desenganche silencioso
HH008075,Desenganche silencioso
HH008076,Desenganche silencioso
HH008077,Externalización activa
HH008078,Desenganche silencioso
HH008079,Desenganche silencioso
HH008080,Desenganche silencioso
HH008081,Externalización activa
HH008082,Desenganche silencioso
HH008083,Externalización activa
HH008084,Desenganche silencioso
HH008085,Desenganche silencioso
HH008086,Desenganche silencioso
HH008087,Desenganche silencioso
HH008088,Desenganche silencioso
HH008089,Desenganche silencioso
HH008090,Desenganche silencioso
HH008091,Desenganche silencioso
HH008092,Desenganche silencioso
HH008093,Externalización activa
HH008094,Desenganche silencioso
HH008095,Desenganche silencioso
HH008096,Desenganche silencioso
HH008097,Desenganche silencioso
HH008098,Desenganche silencioso
HH008099,Desenganche silencioso
HH008100,Externalización activa
HH008101,Desenganche silencioso
HH008102,Desenganche silencioso
HH008103,Desenganche silencioso
HH008104,Desenganche silencioso
HH008105,Desenganche silencioso
HH008106,Desenganche silencioso
HH008107,Desenganche silencioso
HH008108,Desenganche silencioso
HH008109,Desenganche silencioso
HH008110,Desenganche silencioso
HH008111,Desenganche silencioso
HH008112,Salida con el banquero
HH008113,Desenganche silencioso
HH008114,Desenganche silencioso
HH008115,Desenganche silencioso
HH008116,Desenganche silencioso
HH008117,Desenganche silencioso
HH008118,Desenganche silencioso
HH008119,Desenganche silencioso
HH008120,Salida con el banquero
HH008121,Salida con el banquero
HH008122,Desenganche silencioso
HH008123,Desenganche silencioso
HH008124,Desenganche silencioso
HH008125,Desenganche silencioso
HH008126,Desenganche silencioso
HH008127,Salida con el banquero
HH008128,Desenganche silencioso
HH008129,Desenganche silencioso
HH008130,Desenganche silencioso
HH008131,Desenganche silencioso
HH008132,Desenganche silencioso
HH008133,Desenganche silencioso
HH008134,Desenganche silencioso
HH008135,Desenganche silencioso
HH008136,Desenganche silencioso
HH008137,Desenganche silencioso
HH008138,Desenganche silencioso
HH008139,Desenganche silencioso
HH008140,Desenganche silencioso
HH008141,Desenganche silencioso
HH008142,Desenganche silencioso
HH008143,Desenganche silencioso
HH008144,Desenganche silencioso
HH008145,Desenganche silencioso
HH008146,Desenganche silencioso
HH008147,Desenganche silencioso
HH008148,Desenganche silencioso
HH008149,Salida con el banquero
HH008150,Salida con el banquero
HH008151,Salida con el banquero
HH008152,Desenganche silencioso
HH008153,Salida con el banquero
HH008154,Desenganche silencioso
HH008155,Desenganche silencioso
HH008156,Desenganche silencioso
HH008157,Desenganche silencioso
HH008158,Desenganche silencioso
HH008159,Desenganche silencioso
HH008160,Desenganche silencioso
HH008161,Desenganche silencioso
HH008162,Desenganche silencioso
HH008163,Salida con el banquero
HH008164,Desenganche silencioso
HH008165,Desenganche silencioso
HH008166,Desenganche silencioso
HH008167,Desenganche silencioso
HH008168,Salida con el banquero
HH008169,Desenganche silencioso
HH008170,Desenganche silencioso
HH008171,Salida con el banquero
HH008172,Desenganche silencioso
HH008173,Desenganche silencioso
HH008174,Desenganche silencioso
HH008175,Desenganche silencioso
HH008176,Desenganche silencioso
HH008177,Desenganche silencioso
HH008178,Externalización activa
HH008179,Desenganche silencioso
HH008180,Desenganche silencioso
HH008181,Desenganche silencioso
HH008182,Desenganche silencioso
HH008183,Desenganche silencioso
HH008184,Desenganche silencioso
HH008185,Desenganche silencioso
HH008186,Desenganche silencioso
HH008187,Desenganche silencioso
HH008188,Externalización activa
HH008189,Desenganche silencioso
HH008190,Desenganche silencioso
HH008191,Desenganche silencioso
HH008192,Desenganche silencioso
HH008193,Desenganche silencioso
HH008194,Desenganche silencioso
HH008195,Desenganche silencioso
HH008196,Desenganche silencioso
HH008197,Salida con el banquero
HH008198,Desenganche silencioso
HH008199,Desenganche silencioso
HH008200,Desenganche silencioso
HH008201,Desenganche silencioso
HH008202,Desenganche silencioso
HH008203,Desenganche silencioso
HH008204,Desenganche silencioso
HH008205,Desenganche silencioso
HH008206,Desenganche silencioso
HH008207,Desenganche silencioso
HH008208,Desenganche silencioso
HH008209,Desenganche silencioso
HH008210,Desenganche silencioso
HH008211,Desenganche silencioso
HH008212,Desenganche silencioso
HH008213,Desenganche silencioso
HH008214,Desenganche silencioso
HH008215,Desenganche silencioso
HH008216,Salida con el banquero
HH008217,Desenganche silencioso
HH008218,Desenganche silencioso
HH008219,Salida con el banquero
HH008220,Desenganche silencioso
HH008221,Desenganche silencioso
HH008222,Desenganche silencioso
HH008223,Desenganche silencioso
HH008224,Desenganche silencioso
HH008225,Desenganche silencioso
HH008226,Desenganche silencioso
HH008227,Desenganche silencioso
HH008228,Desenganche silencioso
HH008229,Desenganche silencioso
HH008230,Desenganche silencioso
HH008231,Desenganche silencioso
HH008232,Desenganche silencioso
HH008233,Desenganche silencioso
HH008234,Desenganche silencioso
HH008235,Salida con el banquero
HH008236,Desenganche silencioso
HH008237,Desenganche silencioso
HH008238,Desenganche silencioso
HH008239,Desenganche silencioso
HH008240,Desenganche silencioso
HH008241,Desenganche silencioso
HH008242,Desenganche silencioso
HH008243,Desenganche silencioso
HH008244,Desenganche silencioso
HH008245,Salida con el banquero
HH008246,Desenganche silencioso
HH008247,Desenganche silencioso
HH008248,Desenganche silencioso
HH008249,Desenganche silencioso
HH008250,Desenganche silencioso
HH008251,Salida con el banquero
HH008252,Desenganche silencioso
HH008253,Salida con el banquero
HH008254,Desenganche silencioso
HH008255,Desenganche silencioso
HH008256,Desenganche silencioso
HH008257,Desenganche silencioso
HH008258,Desenganche silencioso
HH008259,Desenganche silencioso
HH008260,Desenganche silencioso
HH008261,Desenganche silencioso
HH008262,Desenganche silencioso
HH008263,Desenganche silencioso
HH008264,Desenganche silencioso
HH008265,Desenganche silencioso
HH008266,Desenganche silencioso
HH008267,Desenganche silencioso
HH008268,Desenganche silencioso
HH008269,Desenganche silencioso
HH008270,Desenganche silencioso
HH008271,Desenganche silencioso
HH008272,Externalización activa
HH008273,Salida con el banquero
HH008274,Desenganche silencioso
HH008275,Desenganche silencioso
HH008276,Salida con el banquero
HH008277,Desenganche silencioso
HH008278,Desenganche silencioso
HH008279,Desenganche silencioso
HH008280,Desenganche silencioso
HH008281,Salida con el banquero
HH008282,Desenganche silencioso
HH008283,Desenganche silencioso
HH008284,Desenganche silencioso
HH008285,Desenganche silencioso
HH008286,Desenganche silencioso
HH008287,Desenganche silencioso
HH008288,Desenganche silencioso
HH008289,Desenganche silencioso
HH008290,Desenganche silencioso
HH008291,Desenganche silencioso
HH008292,Desenganche silencioso
HH008293,Desenganche silencioso
HH008294,Desenganche silencioso
HH008295,Externalización activa
HH008296,Salida con el banquero
HH008297,Externalización activa
HH008298,Salida con el banquero
HH008299,Desenganche silencioso
HH008300,Desenganche silencioso
HH008301,Desenganche silencioso
HH008302,Desenganche silencioso
HH008303,Desenganche silencioso
HH008304,Desenganche silencioso
HH008305,Desenganche silencioso
HH008306,Desenganche silencioso
HH008307,Salida con el banquero
HH008308,Desenganche silencioso
HH008309,Externalización activa
HH008310,Desenganche silencioso
HH008311,Desenganche silencioso
HH008312,Desenganche silencioso
HH008313,Desenganche silencioso
HH008314,Desenganche silencioso
HH008315,Desenganche silencioso
HH008316,Desenganche silencioso
HH008317,Desenganche silencioso
HH008318,Desenganche silencioso
HH008319,Desenganche silencioso
HH008320,Desenganche silencioso
HH008321,Desenganche silencioso
HH008322,Desenganche silencioso
HH008323,Desenganche silencioso
HH008324,Desenganche silencioso
HH008325,Desenganche silencioso
HH008326,Salida con el banquero
HH008327,Salida con el banquero
HH008328,Desenganche silencioso
HH008329,Externalización activa
HH008330,Desenganche silencioso
HH008331,Desenganche silencioso
HH008332,Externalización activa
HH008333,Desenganche silencioso
HH008334,Desenganche silencioso
HH008335,Desenganche silencioso
HH008336,Desenganche silencioso
HH008337,Desenganche silencioso
HH008338,Desenganche silencioso
HH008339,Salida con el banquero
HH008340,Desenganche silencioso
HH008341,Desenganche silencioso
HH008342,Desenganche silencioso
HH008343,Desenganche silencioso
HH008344,Desenganche silencioso
HH008345,Desenganche silencioso
HH008346,Desenganche silencioso
HH008347,Desenganche silencioso
HH008348,Desenganche silencioso
HH008349,Desenganche silencioso
HH008350,Salida con el banquero
HH008351,Desenganche silencioso
HH008352,Externalización activa
HH008353,Externalización activa
HH008354,Desenganche silencioso
HH008355,Desenganche silencioso
HH008356,Desenganche silencioso
HH008357,Desenganche silencioso
HH008358,Desenganche silencioso
HH008359,Externalización activa
HH008360,Desenganche silencioso
HH008361,Salida con el banquero
HH008362,Desenganche silencioso
HH008363,Desenganche silencioso
HH008364,Desenganche silencioso
HH008365,Desenganche silencioso
HH008366,Desenganche silencioso
HH008367,Desenganche silencioso
HH008368,Desenganche silencioso
HH008369,Salida con el banquero
HH008370,Desenganche silencioso
HH008371,Salida con el banquero
HH008372,Salida con el banquero
HH008373,Desenganche silencioso
HH008374,Desenganche silencioso
HH008375,Desenganche silencioso
HH008376,Salida con el banquero
HH008377,Desenganche silencioso
HH008378,Desenganche silencioso
HH008379,Desenganche silencioso
HH008380,Salida con el banquero
HH008381,Desenganche silencioso
HH008382,Salida con el banquero
HH008383,Desenganche silencioso
HH008384,Salida con el banquero
HH008385,Desenganche silencioso
HH008386,Desenganche silencioso
HH008387,Desenganche silencioso
HH008388,Desenganche silencioso
HH008389,Desenganche silencioso
HH008390,Desenganche silencioso
HH008391,Desenganche silencioso
HH008392,Salida con el banquero
HH008393,Desenganche silencioso
HH008394,Desenganche silencioso
HH008395,Desenganche silencioso
HH008396,Desenganche silencioso
HH008397,Desenganche silencioso
HH008398,Desenganche silencioso
HH008399,Desenganche silencioso
HH008400,Desenganche silencioso
HH008401,Desenganche silencioso
HH008402,Desenganche silencioso
HH008403,Desenganche silencioso
HH008404,Desenganche silencioso
HH008405,Desenganche silencioso
HH008406,Salida con el banquero
HH008407,Desenganche silencioso
HH008408,Desenganche silencioso
HH008409,Externalización activa
HH008410,Desenganche silencioso
HH008411,Desenganche silencioso
HH008412,Desenganche silencioso
HH008413,Desenganche silencioso
HH008414,Desenganche silencioso
HH008415,Desenganche silencioso
HH008416,Desenganche silencioso
HH008417,Externalización activa
HH008418,Externalización activa
HH008419,Salida con el banquero
HH008420,Desenganche silencioso
HH008421,Desenganche silencioso
HH008422,Desenganche silencioso
HH008423,Salida con el banquero
HH008424,Desenganche silencioso
HH008425,Desenganche silencioso
HH008426,Desenganche silencioso
HH008427,Desenganche silencioso
HH008428,Desenganche silencioso
HH008429,Desenganche silencioso
HH008430,Desenganche silencioso
HH008431,Desenganche silencioso
HH008432,Desenganche silencioso
HH008433,Desenganche silencioso
HH008434,Desenganche silencioso
HH008435,Desenganche silencioso
HH008436,Externalización activa
HH008437,Externalización activa
HH008438,Desenganche silencioso
HH008439,Desenganche silencioso
HH008440,Externalización activa
HH008441,Desenganche silencioso
HH008442,Desenganche silencioso
HH008443,Desenganche silencioso
HH008444,Desenganche silencioso
HH008445,Desenganche silencioso
HH008446,Desenganche silencioso
HH008447,Desenganche silencioso
HH008448,Desenganche silencioso
HH008449,Desenganche silencioso
HH008450,Salida con el banquero
HH008451,Desenganche silencioso
HH008452,Desenganche silencioso
HH008453,Desenganche silencioso
HH008454,Desenganche silencioso
HH008455,Desenganche silencioso
HH008456,Salida con el banquero
HH008457,Desenganche silencioso
HH008458,Desenganche silencioso
HH008459,Salida con el banquero
HH008460,Desenganche silencioso
HH008461,Desenganche silencioso
HH008462,Desenganche silencioso
HH008463,Externalización activa
HH008464,Externalización activa
HH008465,Desenganche silencioso
HH008466,Desenganche silencioso
HH008467,Desenganche silencioso
HH008468,Desenganche silencioso
HH008469,Desenganche silencioso
HH008470,Desenganche silencioso
HH008471,Desenganche silencioso
HH008472,Desenganche silencioso
HH008473,Desenganche silencioso
HH008474,Externalización activa
HH008475,Desenganche silencioso
HH008476,Desenganche silencioso
HH008477,Desenganche silencioso
HH008478,Desenganche silencioso
HH008479,Desenganche silencioso
HH008480,Desenganche silencioso
HH008481,Desenganche silencioso
HH008482,Desenganche silencioso
HH008483,Desenganche silencioso
HH008484,Desenganche silencioso
HH008485,Externalización activa
HH008486,Desenganche silencioso
HH008487,Desenganche silencioso
HH008488,Desenganche silencioso
HH008489,Desenganche silencioso
HH008490,Externalización activa
HH008491,Desenganche silencioso
HH008492,Desenganche silencioso
HH008493,Desenganche silencioso
HH008494,Desenganche silencioso
HH008495,Desenganche silencioso
HH008496,Desenganche silencioso
HH008497,Desenganche silencioso
HH008498,Desenganche silencioso
HH008499,Desenganche silencioso
HH008500,Desenganche silencioso
HH008501,Desenganche silencioso
HH008502,Desenganche silencioso
HH008503,Desenganche silencioso
HH008504,Desenganche silencioso
HH008505,Salida con el banquero
HH008506,Desenganche silencioso
HH008507,Desenganche silencioso
HH008508,Desenganche silencioso
HH008509,Desenganche silencioso
HH008510,Desenganche silencioso
HH008511,Desenganche silencioso
HH008512,Desenganche silencioso
HH008513,Desenganche silencioso
HH008514,Desenganche silencioso
HH008515,Desenganche silencioso
HH008516,Salida con el banquero
HH008517,Desenganche silencioso
HH008518,Desenganche silencioso
HH008519,Desenganche silencioso
HH008520,Salida con el banquero
HH008521,Desenganche silencioso
HH008522,Desenganche silencioso
HH008523,Desenganche silencioso
HH008524,Desenganche silencioso
HH008525,Desenganche silencioso
HH008526,Salida con el banquero
HH008527,Salida con el banquero
HH008528,Desenganche silencioso
HH008529,Desenganche silencioso
HH008530,Desenganche silencioso
HH008531,Salida con el banquero
HH008532,Salida con el banquero
HH008533,Desenganche silencioso
HH008534,Desenganche silencioso
HH008535,Desenganche silencioso
HH008536,Salida con el banquero
HH008537,Desenganche silencioso
HH008538,Salida con el banquero
HH008539,Desenganche silencioso
HH008540,Desenganche silencioso
HH008541,Desenganche silencioso
HH008542,Desenganche silencioso
HH008543,Desenganche silencioso
HH008544,Desenganche silencioso
HH008545,Desenganche silencioso
HH008546,Desenganche silencioso
HH008547,Desenganche silencioso
HH008548,Desenganche silencioso
HH008549,Desenganche silencioso
HH008550,Desenganche silencioso
HH008551,Desenganche silencioso
HH008552,Desenganche silencioso
HH008553,Desenganche silencioso
HH008554,Desenganche silencioso
HH008555,Desenganche silencioso
HH008556,Salida con el banquero
HH008557,Desenganche silencioso
HH008558,Desenganche silencioso
HH008559,Desenganche silencioso
HH008560,Desenganche silencioso
HH008561,Desenganche silencioso
HH008562,Desenganche silencioso
HH008563,Desenganche silencioso
HH008564,Desenganche silencioso
HH008565,Desenganche silencioso
HH008566,Desenganche silencioso
HH008567,Desenganche silencioso
HH008568,Desenganche silencioso
HH008569,Desenganche silencioso
HH008570,Desenganche silencioso
HH008571,Desenganche silencioso
HH008572,Desenganche silencioso
HH008573,Desenganche silencioso
HH008574,Desenganche silencioso
HH008575,Salida con el banquero
HH008576,Desenganche silencioso
HH008577,Desenganche silencioso
HH008578,Desenganche silencioso
HH008579,Desenganche silencioso
HH008580,Desenganche silencioso
HH008581,Salida con el banquero
HH008582,Desenganche silencioso
HH008583,Desenganche silencioso
HH008584,Desenganche silencioso
HH008585,Desenganche silencioso
HH008586,Desenganche silencioso
HH008587,Desenganche silencioso
HH008588,Desenganche silencioso
HH008589,Desenganche silencioso
HH008590,Desenganche silencioso
HH008591,Desenganche silencioso
HH008592,Salida con el banquero
HH008593,Desenganche silencioso
HH008594,Desenganche silencioso
HH008595,Salida con el banquero
HH008596,Desenganche silencioso
HH008597,Desenganche silencioso
HH008598,Desenganche silencioso
HH008599,Desenganche silencioso
HH008600,Desenganche silencioso
HH008601,Desenganche silencioso
HH008602,Desenganche silencioso
HH008603,Salida con el banquero
HH008604,Desenganche silencioso
HH008605,Desenganche silencioso
HH008606,Desenganche silencioso
HH008607,Desenganche silencioso
HH008608,Salida con el banquero
HH008609,Desenganche silencioso
HH008610,Desenganche silencioso
HH008611,Desenganche silencioso
HH008612,Desenganche silencioso
HH008613,Desenganche silencioso
HH008614,Salida con el banquero
HH008615,Salida con el banquero
HH008616,Desenganche silencioso
HH008617,Desenganche silencioso
HH008618,Salida con el banquero
HH008619,Desenganche silencioso
HH008620,Desenganche silencioso
HH008621,Desenganche silencioso
HH008622,Desenganche silencioso
HH008623,Desenganche silencioso
HH008624,Desenganche silencioso
HH008625,Salida con el banquero
HH008626,Desenganche silencioso
HH008627,Desenganche silencioso
HH008628,Desenganche silencioso
HH008629,Salida con el banquero
HH008630,Desenganche silencioso
HH008631,Salida con el banquero
HH008632,Desenganche silencioso
HH008633,Desenganche silencioso
HH008634,Desenganche silencioso
HH008635,Salida con el banquero
HH008636,Externalización activa
HH008637,Desenganche silencioso
HH008638,Desenganche silencioso
HH008639,Desenganche silencioso
HH008640,Desenganche silencioso
HH008641,Desenganche silencioso
HH008642,Desenganche silencioso
HH008643,Externalización activa
HH008644,Desenganche silencioso
HH008645,Desenganche silencioso
HH008646,Desenganche silencioso
HH008647,Desenganche silencioso
HH008648,Externalización activa
HH008649,Desenganche silencioso
HH008650,Desenganche silencioso
HH008651,Desenganche silencioso
HH008652,Desenganche silencioso
HH008653,Desenganche silencioso
HH008654,Salida con el banquero
HH008655,Desenganche silencioso
HH008656,Desenganche silencioso
HH008657,Desenganche silencioso
HH008658,Desenganche silencioso
HH008659,Desenganche silencioso
HH008660,Desenganche silencioso
HH008661,Desenganche silencioso
HH008662,Desenganche silencioso
HH008663,Desenganche silencioso
HH008664,Desenganche silencioso
HH008665,Externalización activa
HH008666,Desenganche silencioso
HH008667,Salida con el banquero
HH008668,Salida con el banquero
HH008669,Externalización activa
HH008670,Desenganche silencioso
HH008671,Desenganche silencioso
HH008672,Desenganche silencioso
HH008673,Desenganche silencioso
HH008674,Desenganche silencioso
HH008675,Desenganche silencioso
HH008676,Desenganche silencioso
HH008677,Desenganche silencioso
HH008678,Desenganche silencioso
HH008679,Desenganche silencioso
HH008680,Desenganche silencioso
HH008681,Desenganche silencioso
HH008682,Desenganche silencioso
HH008683,Desenganche silencioso
HH008684,Desenganche silencioso
HH008685,Desenganche silencioso
HH008686,Desenganche silencioso
HH008687,Desenganche silencioso
HH008688,Desenganche silencioso
HH008689,Desenganche silencioso
HH008690,Externalización activa
HH008691,Desenganche silencioso
HH008692,Desenganche silencioso
HH008693,Desenganche silencioso
HH008694,Desenganche silencioso
HH008695,Desenganche silencioso
HH008696,Desenganche silencioso
HH008697,Desenganche silencioso
HH008698,Desenganche silencioso
HH008699,Desenganche silencioso
HH008700,Desenganche silencioso
HH008701,Desenganche silencioso
HH008702,Desenganche silencioso
HH008703,Desenganche silencioso
HH008704,Desenganche silencioso
HH008705,Salida con el banquero
HH008706,Desenganche silencioso
HH008707,Salida con el banquero
HH008708,Desenganche silencioso
HH008709,Desenganche silencioso
HH008710,Desenganche silencioso
HH008711,Desenganche silencioso
HH008712,Desenganche silencioso
HH008713,Desenganche silencioso
HH008714,Desenganche silencioso
HH008715,Desenganche silencioso
HH008716,Desenganche silencioso
HH008717,Salida con el banquero
HH008718,Salida con el banquero
HH008719,Desenganche silencioso
HH008720,Desenganche silencioso
HH008721,Desenganche silencioso
HH008722,Desenganche silencioso
HH008723,Desenganche silencioso
HH008724,Desenganche silencioso
HH008725,Desenganche silencioso
HH008726,Desenganche silencioso
HH008727,Desenganche silencioso
HH008728,Desenganche silencioso
HH008729,Salida con el banquero
HH008730,Desenganche silencioso
HH008731,Desenganche silencioso
HH008732,Salida con el banquero
HH008733,Desenganche silencioso
HH008734,Salida con el banquero
HH008735,Salida con el banquero
HH008736,Desenganche silencioso
HH008737,Desenganche silencioso
HH008738,Desenganche silencioso
HH008739,Desenganche silencioso
HH008740,Desenganche silencioso
HH008741,Salida con el banquero
HH008742,Salida con el banquero
HH008743,Desenganche silencioso
HH008744,Desenganche silencioso
HH008745,Desenganche silencioso
HH008746,Desenganche silencioso
HH008747,Desenganche silencioso
HH008748,Desenganche silencioso
HH008749,Desenganche silencioso
HH008750,Desenganche silencioso
HH008751,Desenganche silencioso
HH008752,Salida con el banquero
HH008753,Desenganche silencioso
HH008754,Desenganche silencioso
HH008755,Desenganche silencioso
HH008756,Desenganche silencioso
HH008757,Desenganche silencioso
HH008758,Desenganche silencioso
HH008759,Desenganche silencioso
HH008760,Desenganche silencioso
HH008761,Desenganche silencioso
HH008762,Desenganche silencioso
HH008763,Desenganche silencioso
HH008764,Salida con el banquero
HH008765,Desenganche silencioso
HH008766,Desenganche silencioso
HH008767,Desenganche silencioso
HH008768,Desenganche silencioso
HH008769,Desenganche silencioso
HH008770,Desenganche silencioso
HH008771,Desenganche silencioso
HH008772,Desenganche silencioso
HH008773,Desenganche silencioso
HH008774,Desenganche silencioso
HH008775,Desenganche silencioso
HH008776,Desenganche silencioso
HH008777,Salida con el banquero
HH008778,Desenganche silencioso
HH008779,Desenganche silencioso
HH008780,Desenganche silencioso
HH008781,Desenganche silencioso
HH008782,Desenganche silencioso
HH008783,Desenganche silencioso
HH008784,Desenganche silencioso
HH008785,Desenganche silencioso
HH008786,Desenganche silencioso
HH008787,Desenganche silencioso
HH008788,Desenganche silencioso
HH008789,Desenganche silencioso
HH008790,Desenganche silencioso
HH008791,Desenganche silencioso
HH008792,Desenganche silencioso
HH008793,Desenganche silencioso
HH008794,Salida con el banquero
HH008795,Externalización activa
HH008796,Desenganche silencioso
HH008797,Desenganche silencioso
HH008798,Desenganche silencioso
HH008799,Desenganche silencioso
HH008800,Desenganche silencioso
HH008801,Desenganche silencioso
HH008802,Desenganche silencioso
HH008803,Salida con el banquero
HH008804,Desenganche silencioso
HH008805,Salida con el banquero
HH008806,Desenganche silencioso
HH008807,Desenganche silencioso
HH008808,Desenganche silencioso
HH008809,Desenganche silencioso
HH008810,Desenganche silencioso
HH008811,Desenganche silencioso
HH008812,Desenganche silencioso
HH008813,Desenganche silencioso
HH008814,Salida con el banquero
HH008815,Desenganche silencioso
HH008816,Desenganche silencioso
HH008817,Desenganche silencioso
HH008818,Desenganche silencioso
HH008819,Salida con el banquero
HH008820,Desenganche silencioso
HH008821,Desenganche silencioso
HH008822,Desenganche silencioso
HH008823,Desenganche silencioso
HH008824,Desenganche silencioso
HH008825,Desenganche silencioso
HH008826,Externalización activa
HH008827,Desenganche silencioso
HH008828,Desenganche silencioso
HH008829,Salida con el banquero
HH008830,Desenganche silencioso
HH008831,Desenganche silencioso
HH008832,Desenganche silencioso
HH008833,Desenganche silencioso
HH008834,Desenganche silencioso
HH008835,Desenganche silencioso
HH008836,Desenganche silencioso
HH008837,Desenganche silencioso
HH008838,Desenganche silencioso
HH008839,Desenganche silencioso
HH008840,Salida con el banquero
HH008841,Desenganche silencioso
HH008842,Desenganche silencioso
HH008843,Desenganche silencioso
HH008844,Desenganche silencioso
HH008845,Desenganche silencioso
HH008846,Desenganche silencioso
HH008847,Desenganche silencioso
HH008848,Desenganche silencioso
HH008849,Desenganche silencioso
HH008850,Desenganche silencioso
HH008851,Desenganche silencioso
HH008852,Desenganche silencioso
HH008853,Desenganche silencioso
HH008854,Externalización activa
HH008855,Desenganche silencioso
HH008856,Salida con el banquero
HH008857,Desenganche silencioso
HH008858,Desenganche silencioso
HH008859,Desenganche silencioso
HH008860,Desenganche silencioso
HH008861,Desenganche silencioso
HH008862,Desenganche silencioso
HH008863,Salida con el banquero
HH008864,Desenganche silencioso
HH008865,Desenganche silencioso
HH008866,Desenganche silencioso
HH008867,Desenganche silencioso
HH008868,Desenganche silencioso
HH008869,Desenganche silencioso
HH008870,Desenganche silencioso
HH008871,Desenganche silencioso
HH008872,Externalización activa
HH008873,Desenganche silencioso
HH008874,Desenganche silencioso
HH008875,Desenganche silencioso
HH008876,Desenganche silencioso
HH008877,Desenganche silencioso
HH008878,Desenganche silencioso
HH008879,Desenganche silencioso
HH008880,Salida con el banquero
HH008881,Desenganche silencioso
HH008882,Desenganche silencioso
HH008883,Desenganche silencioso
HH008884,Desenganche silencioso
HH008885,Desenganche silencioso
HH008886,Desenganche silencioso
HH008887,Desenganche silencioso
HH008888,Desenganche silencioso
HH008889,Externalización activa
HH008890,Desenganche silencioso
HH008891,Desenganche silencioso
HH008892,Desenganche silencioso
HH008893,Desenganche silencioso
HH008894,Salida con el banquero
HH008895,Desenganche silencioso
HH008896,Desenganche silencioso
HH008897,Desenganche silencioso
HH008898,Salida con el banquero
HH008899,Desenganche silencioso
HH008900,Desenganche silencioso
HH008901,Desenganche silencioso
HH008902,Desenganche silencioso
HH008903,Salida con el banquero
HH008904,Desenganche silencioso
HH008905,Desenganche silencioso
HH008906,Desenganche silencioso
HH008907,Desenganche silencioso
HH008908,Desenganche silencioso
HH008909,Desenganche silencioso
HH008910,Desenganche silencioso
HH008911,Desenganche silencioso
HH008912,Externalización activa
HH008913,Desenganche silencioso
HH008914,Salida con el banquero
HH008915,Externalización activa
HH008916,Desenganche silencioso
HH008917,Desenganche silencioso
HH008918,Desenganche silencioso
HH008919,Desenganche silencioso
HH008920,Salida con el banquero
HH008921,Desenganche silencioso
HH008922,Externalización activa
HH008923,Desenganche silencioso
HH008924,Desenganche silencioso
HH008925,Salida con el banquero
HH008926,Desenganche silencioso
HH008927,Desenganche silencioso
HH008928,Desenganche silencioso
HH008929,Desenganche silencioso
HH008930,Desenganche silencioso
HH008931,Salida con el banquero
HH008932,Desenganche silencioso
HH008933,Desenganche silencioso
HH008934,Salida con el banquero
HH008935,Desenganche silencioso
HH008936,Desenganche silencioso
HH008937,Desenganche silencioso
HH008938,Desenganche silencioso
HH008939,Desenganche silencioso
HH008940,Externalización activa
HH008941,Desenganche silencioso
HH008942,Desenganche silencioso
HH008943,Desenganche silencioso
HH008944,Desenganche silencioso
HH008945,Desenganche silencioso
HH008946,Salida con el banquero
HH008947,Desenganche silencioso
HH008948,Desenganche silencioso
HH008949,Externalización activa
HH008950,Salida con el banquero
HH008951,Desenganche silencioso
HH008952,Salida con el banquero
HH008953,Desenganche silencioso
HH008954,Desenganche silencioso
HH008955,Desenganche silencioso
HH008956,Desenganche silencioso
HH008957,Desenganche silencioso
HH008958,Externalización activa
HH008959,Desenganche silencioso
HH008960,Desenganche silencioso
HH008961,Desenganche silencioso
HH008962,Desenganche silencioso
HH008963,Desenganche silencioso
HH008964,Desenganche silencioso
HH008965,Desenganche silencioso
HH008966,Desenganche silencioso
HH008967,Desenganche silencioso
HH008968,Salida con el banquero
HH008969,Desenganche silencioso
HH008970,Desenganche silencioso
HH008971,Desenganche silencioso
HH008972,Desenganche silencioso
HH008973,Desenganche silencioso
HH008974,Externalización activa
HH008975,Desenganche silencioso
HH008976,Desenganche silencioso
HH008977,Salida con el banquero
HH008978,Desenganche silencioso
HH008979,Desenganche silencioso
HH008980,Externalización activa
HH008981,Desenganche silencioso
HH008982,Desenganche silencioso
HH008983,Desenganche silencioso
HH008984,Desenganche silencioso
HH008985,Desenganche silencioso
HH008986,Desenganche silencioso
HH008987,Desenganche silencioso
HH008988,Desenganche silencioso
HH008989,Desenganche silencioso
HH008990,Salida con el banquero
HH008991,Desenganche silencioso
HH008992,Externalización activa
HH008993,Desenganche silencioso
HH008994,Desenganche silencioso
HH008995,Desenganche silencioso
HH008996,Desenganche silencioso
HH008997,Desenganche silencioso
HH008998,Salida con el banquero
HH008999,Desenganche silencioso
HH009000,Desenganche silencioso
HH009001,Externalización activa
HH009002,Desenganche silencioso
HH009003,Desenganche silencioso
HH009004,Desenganche silencioso
HH009005,Externalización activa
HH009006,Desenganche silencioso
HH009007,Desenganche silencioso
HH009008,Desenganche silencioso
HH009009,Desenganche silencioso
HH009010,Desenganche silencioso
HH009011,Desenganche silencioso
HH009012,Desenganche silencioso
HH009013,Desenganche silencioso
HH009014,Desenganche silencioso
HH009015,Desenganche silencioso
HH009016,Desenganche silencioso
HH009017,Desenganche silencioso
HH009018,Desenganche silencioso
HH009019,Desenganche silencioso
HH009020,Desenganche silencioso
HH009021,Salida con el banquero
HH009022,Externalización activa
HH009023,Desenganche silencioso
HH009024,Desenganche silencioso
HH009025,Desenganche silencioso
HH009026,Salida con el banquero
HH009027,Externalización activa
HH009028,Desenganche silencioso
HH009029,Desenganche silencioso
HH009030,Desenganche silencioso
HH009031,Desenganche silencioso
HH009032,Desenganche silencioso
HH009033,Desenganche silencioso
HH009034,Desenganche silencioso
HH009035,Desenganche silencioso
HH009036,Desenganche silencioso
HH009037,Desenganche silencioso
HH009038,Desenganche silencioso
HH009039,Desenganche silencioso
HH009040,Desenganche silencioso
HH009041,Desenganche silencioso
HH009042,Desenganche silencioso
HH009043,Desenganche silencioso
HH009044,Desenganche silencioso
HH009045,Salida con el banquero
HH009046,Salida con el banquero
HH009047,Desenganche silencioso
HH009048,Desenganche silencioso
HH009049,Desenganche silencioso
HH009050,Desenganche silencioso
HH009051,Desenganche silencioso
HH009052,Desenganche silencioso
HH009053,Desenganche silencioso
HH009054,Desenganche silencioso
HH009055,Salida con el banquero
HH009056,Salida con el banquero
HH009057,Desenganche silencioso
HH009058,Desenganche silencioso
HH009059,Externalización activa
HH009060,Desenganche silencioso
HH009061,Desenganche silencioso
HH009062,Desenganche silencioso
HH009063,Salida con el banquero
HH009064,Desenganche silencioso
HH009065,Desenganche silencioso
HH009066,Desenganche silencioso
HH009067,Desenganche silencioso
HH009068,Desenganche silencioso
HH009069,Desenganche silencioso
HH009070,Desenganche silencioso
HH009071,Salida con el banquero
HH009072,Desenganche silencioso
HH009073,Desenganche silencioso
HH009074,Salida con el banquero
HH009075,Desenganche silencioso
HH009076,Desenganche silencioso
HH009077,Desenganche silencioso
HH009078,Desenganche silencioso
HH009079,Desenganche silencioso
HH009080,Desenganche silencioso
HH009081,Desenganche silencioso
HH009082,Desenganche silencioso
HH009083,Desenganche silencioso
HH009084,Salida con el banquero
HH009085,Desenganche silencioso
HH009086,Desenganche silencioso
HH009087,Desenganche silencioso
HH009088,Desenganche silencioso
HH009089,Desenganche silencioso
HH009090,Desenganche silencioso
HH009091,Salida con el banquero
HH009092,Salida con el banquero
HH009093,Desenganche silencioso
HH009094,Desenganche silencioso
HH009095,Desenganche silencioso
HH009096,Desenganche silencioso
HH009097,Desenganche silencioso
HH009098,Desenganche silencioso
HH009099,Desenganche silencioso
HH009100,Desenganche silencioso
HH009101,Desenganche silencioso
HH009102,Desenganche silencioso
HH009103,Desenganche silencioso
HH009104,Desenganche silencioso
HH009105,Desenganche silencioso
HH009106,Desenganche silencioso
HH009107,Desenganche silencioso
HH009108,Desenganche silencioso
HH009109,Desenganche silencioso
HH009110,Salida con el banquero
HH009111,Desenganche silencioso
HH009112,Desenganche silencioso
HH009113,Desenganche silencioso
HH009114,Desenganche silencioso
HH009115,Desenganche silencioso
HH009116,Desenganche silencioso
HH009117,Desenganche silencioso
HH009118,Externalización activa
HH009119,Desenganche silencioso
HH009120,Desenganche silencioso
HH009121,Desenganche silencioso
HH009122,Desenganche silencioso
HH009123,Desenganche silencioso
HH009124,Desenganche silencioso
HH009125,Desenganche silencioso
HH009126,Desenganche silencioso
HH009127,Externalización activa
HH009128,Desenganche silencioso
HH009129,Desenganche silencioso
HH009130,Desenganche silencioso
HH009131,Desenganche silencioso
HH009132,Salida con el banquero
HH009133,Desenganche silencioso
HH009134,Desenganche silencioso
HH009135,Desenganche silencioso
HH009136,Desenganche silencioso
HH009137,Desenganche silencioso
HH009138,Salida con el banquero
HH009139,Desenganche silencioso
HH009140,Salida con el banquero
HH009141,Desenganche silencioso
HH009142,Desenganche silencioso
HH009143,Desenganche silencioso
HH009144,Salida con el banquero
HH009145,Desenganche silencioso
HH009146,Desenganche silencioso
HH009147,Desenganche silencioso
HH009148,Desenganche silencioso
HH009149,Desenganche silencioso
HH009150,Desenganche silencioso
HH009151,Desenganche silencioso
HH009152,Desenganche silencioso
HH009153,Desenganche silencioso
HH009154,Desenganche silencioso
HH009155,Desenganche silencioso
HH009156,Desenganche silencioso
HH009157,Desenganche silencioso
HH009158,Desenganche silencioso
HH009159,Desenganche silencioso
HH009160,Salida con el banquero
HH009161,Desenganche silencioso
HH009162,Desenganche silencioso
HH009163,Desenganche silencioso
HH009164,Desenganche silencioso
HH009165,Salida con el banquero
HH009166,Desenganche silencioso
HH009167,Desenganche silencioso
HH009168,Desenganche silencioso
HH009169,Desenganche silencioso
HH009170,Salida con el banquero
HH009171,Desenganche silencioso
HH009172,Desenganche silencioso
HH009173,Desenganche silencioso
HH009174,Desenganche silencioso
HH009175,Desenganche silencioso
HH009176,Externalización activa
HH009177,Desenganche silencioso
HH009178,Desenganche silencioso
HH009179,Desenganche silencioso
HH009180,Desenganche silencioso
HH009181,Externalización activa
HH009182,Desenganche silencioso
HH009183,Desenganche silencioso
HH009184,Desenganche silencioso
HH009185,Desenganche silencioso
HH009186,Desenganche silencioso
HH009187,Desenganche silencioso
HH009188,Desenganche silencioso
HH009189,Desenganche silencioso
HH009190,Desenganche silencioso
HH009191,Desenganche silencioso
HH009192,Desenganche silencioso
HH009193,Desenganche silencioso
HH009194,Salida con el banquero
HH009195,Desenganche silencioso
HH009196,Desenganche silencioso
HH009197,Desenganche silencioso
HH009198,Desenganche silencioso
HH009199,Desenganche silencioso
HH009200,Desenganche silencioso
HH009201,Desenganche silencioso
HH009202,Desenganche silencioso
HH009203,Desenganche silencioso
HH009204,Desenganche silencioso
HH009205,Desenganche silencioso
HH009206,Desenganche silencioso
HH009207,Desenganche silencioso
HH009208,Salida con el banquero
HH009209,Desenganche silencioso
HH009210,Desenganche silencioso
HH009211,Desenganche silencioso
HH009212,Desenganche silencioso
HH009213,Desenganche silencioso
HH009214,Desenganche silencioso
HH009215,Desenganche silencioso
HH009216,Desenganche silencioso
HH009217,Desenganche silencioso
HH009218,Desenganche silencioso
HH009219,Externalización activa
HH009220,Desenganche silencioso
HH009221,Desenganche silencioso
HH009222,Desenganche silencioso
HH009223,Desenganche silencioso
HH009224,Desenganche silencioso
HH009225,Desenganche silencioso
HH009226,Desenganche silencioso
HH009227,Desenganche silencioso
HH009228,Salida con el banquero
HH009229,Desenganche silencioso
HH009230,Salida con el banquero
HH009231,Desenganche silencioso
HH009232,Desenganche silencioso
HH009233,Desenganche silencioso
HH009234,Desenganche silencioso
HH009235,Desenganche silencioso
HH009236,Salida con el banquero
HH009237,Desenganche silencioso
HH009238,Desenganche silencioso
HH009239,Salida con el banquero
HH009240,Desenganche silencioso
HH009241,Desenganche silencioso
HH009242,Desenganche silencioso
HH009243,Desenganche silencioso
HH009244,Desenganche silencioso
HH009245,Desenganche silencioso
HH009246,Desenganche silencioso
HH009247,Desenganche silencioso
HH009248,Desenganche silencioso
HH009249,Desenganche silencioso
HH009250,Desenganche silencioso
HH009251,Desenganche silencioso
HH009252,Desenganche silencioso
HH009253,Desenganche silencioso
HH009254,Desenganche silencioso
HH009255,Desenganche silencioso
HH009256,Desenganche silencioso
HH009257,Desenganche silencioso
HH009258,Desenganche silencioso
HH009259,Desenganche silencioso
HH009260,Desenganche silencioso
HH009261,Externalización activa
HH009262,Salida con el banquero
HH009263,Desenganche silencioso
HH009264,Desenganche silencioso
HH009265,Salida con el banquero
HH009266,Desenganche silencioso
HH009267,Desenganche silencioso
HH009268,Desenganche silencioso
HH009269,Salida con el banquero
HH009270,Desenganche silencioso
HH009271,Salida con el banquero
HH009272,Desenganche silencioso
HH009273,Desenganche silencioso
HH009274,Desenganche silencioso
HH009275,Desenganche silencioso
HH009276,Desenganche silencioso
HH009277,Desenganche silencioso
HH009278,Desenganche silencioso
HH009279,Desenganche silencioso
HH009280,Salida con el banquero
HH009281,Desenganche silencioso
HH009282,Externalización activa
HH009283,Desenganche silencioso
HH009284,Desenganche silencioso
HH009285,Desenganche silencioso
HH009286,Desenganche silencioso
HH009287,Desenganche silencioso
HH009288,Desenganche silencioso
HH009289,Desenganche silencioso
HH009290,Salida con el banquero
HH009291,Desenganche silencioso
HH009292,Desenganche silencioso
HH009293,Salida con el banquero
HH009294,Desenganche silencioso
HH009295,Desenganche silencioso
HH009296,Externalización activa
HH009297,Desenganche silencioso
HH009298,Desenganche silencioso
HH009299,Externalización activa
HH009300,Desenganche silencioso
HH009301,Externalización activa
HH009302,Desenganche silencioso
HH009303,Desenganche silencioso
HH009304,Desenganche silencioso
HH009305,Desenganche silencioso
HH009306,Desenganche silencioso
HH009307,Desenganche silencioso
HH009308,Desenganche silencioso
HH009309,Desenganche silencioso
HH009310,Desenganche silencioso
HH009311,Desenganche silencioso
HH009312,Desenganche silencioso
HH009313,Desenganche silencioso
HH009314,Desenganche silencioso
HH009315,Desenganche silencioso
HH009316,Desenganche silencioso
HH009317,Salida con el banquero
HH009318,Desenganche silencioso
HH009319,Desenganche silencioso
HH009320,Desenganche silencioso
HH009321,Desenganche silencioso
HH009322,Desenganche silencioso
HH009323,Desenganche silencioso
HH009324,Salida con el banquero
HH009325,Desenganche silencioso
HH009326,Desenganche silencioso
HH009327,Desenganche silencioso
HH009328,Desenganche silencioso
HH009329,Desenganche silencioso
HH009330,Desenganche silencioso
HH009331,Salida con el banquero
HH009332,Desenganche silencioso
HH009333,Desenganche silencioso
HH009334,Desenganche silencioso
HH009335,Desenganche silencioso
HH009336,Salida con el banquero
HH009337,Desenganche silencioso
HH009338,Desenganche silencioso
HH009339,Desenganche silencioso
HH009340,Desenganche silencioso
HH009341,Desenganche silencioso
HH009342,Desenganche silencioso
HH009343,Desenganche silencioso
HH009344,Desenganche silencioso
HH009345,Desenganche silencioso
HH009346,Desenganche silencioso
HH009347,Desenganche silencioso
HH009348,Desenganche silencioso
HH009349,Desenganche silencioso
HH009350,Salida con el banquero
HH009351,Desenganche silencioso
HH009352,Desenganche silencioso
HH009353,Desenganche silencioso
HH009354,Desenganche silencioso
HH009355,Desenganche silencioso
HH009356,Desenganche silencioso
HH009357,Externalización activa
HH009358,Desenganche silencioso
HH009359,Desenganche silencioso
HH009360,Desenganche silencioso
HH009361,Desenganche silencioso
HH009362,Desenganche silencioso
HH009363,Desenganche silencioso
HH009364,Desenganche silencioso
HH009365,Desenganche silencioso
HH009366,Desenganche silencioso
HH009367,Desenganche silencioso
HH009368,Desenganche silencioso
HH009369,Desenganche silencioso
HH009370,Desenganche silencioso
HH009371,Desenganche silencioso
HH009372,Desenganche silencioso
HH009373,Desenganche silencioso
HH009374,Desenganche silencioso
HH009375,Desenganche silencioso
HH009376,Desenganche silencioso
HH009377,Desenganche silencioso
HH009378,Desenganche silencioso
HH009379,Externalización activa
HH009380,Desenganche silencioso
HH009381,Desenganche silencioso
HH009382,Desenganche silencioso
HH009383,Desenganche silencioso
HH009384,Desenganche silencioso
HH009385,Desenganche silencioso
HH009386,Desenganche silencioso
HH009387,Salida con el banquero
HH009388,Desenganche silencioso
HH009389,Desenganche silencioso
HH009390,Desenganche silencioso
HH009391,Desenganche silencioso
HH009392,Desenganche silencioso
HH009393,Desenganche silencioso
HH009394,Desenganche silencioso
HH009395,Salida con el banquero
HH009396,Desenganche silencioso
HH009397,Desenganche silencioso
HH009398,Desenganche silencioso
HH009399,Desenganche silencioso
HH009400,Desenganche silencioso
HH009401,Desenganche silencioso
HH009402,Desenganche silencioso
HH009403,Salida con el banquero
HH009404,Desenganche silencioso
HH009405,Desenganche silencioso
HH009406,Desenganche silencioso
HH009407,Desenganche silencioso
HH009408,Desenganche silencioso
HH009409,Desenganche silencioso
HH009410,Desenganche silencioso
HH009411,Desenganche silencioso
HH009412,Desenganche silencioso
HH009413,Externalización activa
HH009414,Desenganche silencioso
HH009415,Desenganche silencioso
HH009416,Desenganche silencioso
HH009417,Desenganche silencioso
HH009418,Desenganche silencioso
HH009419,Desenganche silencioso
HH009420,Desenganche silencioso
HH009421,Desenganche silencioso
HH009422,Desenganche silencioso
HH009423,Desenganche silencioso
HH009424,Desenganche silencioso
HH009425,Externalización activa
HH009426,Desenganche silencioso
HH009427,Desenganche silencioso
HH009428,Desenganche silencioso
HH009429,Desenganche silencioso
HH009430,Desenganche silencioso
HH009431,Desenganche silencioso
HH009432,Desenganche silencioso
HH009433,Desenganche silencioso
HH009434,Desenganche silencioso
HH009435,Desenganche silencioso
HH009436,Desenganche silencioso
HH009437,Desenganche silencioso
HH009438,Desenganche silencioso
HH009439,Desenganche silencioso
HH009440,Desenganche silencioso
HH009441,Desenganche silencioso
HH009442,Desenganche silencioso
HH009443,Desenganche silencioso
HH009444,Desenganche silencioso
HH009445,Desenganche silencioso
HH009446,Salida con el banquero
HH009447,Desenganche silencioso
HH009448,Desenganche silencioso
HH009449,Desenganche silencioso
HH009450,Desenganche silencioso
HH009451,Desenganche silencioso
HH009452,Desenganche silencioso
HH009453,Salida con el banquero
HH009454,Desenganche silencioso
HH009455,Desenganche silencioso
HH009456,Desenganche silencioso
HH009457,Desenganche silencioso
HH009458,Desenganche silencioso
HH009459,Desenganche silencioso
HH009460,Desenganche silencioso
HH009461,Externalización activa
HH009462,Desenganche silencioso
HH009463,Desenganche silencioso
HH009464,Desenganche silencioso
HH009465,Salida con el banquero
HH009466,Desenganche silencioso
HH009467,Desenganche silencioso
HH009468,Salida con el banquero
HH009469,Desenganche silencioso
HH009470,Desenganche silencioso
HH009471,Desenganche silencioso
HH009472,Desenganche silencioso
HH009473,Salida con el banquero
HH009474,Salida con el banquero
HH009475,Desenganche silencioso
HH009476,Desenganche silencioso
HH009477,Desenganche silencioso
HH009478,Desenganche silencioso
HH009479,Desenganche silencioso
HH009480,Desenganche silencioso
HH009481,Desenganche silencioso
HH009482,Desenganche silencioso
HH009483,Desenganche silencioso
HH009484,Desenganche silencioso
HH009485,Desenganche silencioso
HH009486,Desenganche silencioso
HH009487,Externalización activa
HH009488,Desenganche silencioso
HH009489,Desenganche silencioso
HH009490,Desenganche silencioso
HH009491,Desenganche silencioso
HH009492,Desenganche silencioso
HH009493,Desenganche silencioso
HH009494,Desenganche silencioso
HH009495,Desenganche silencioso
HH009496,Desenganche silencioso
HH009497,Desenganche silencioso
HH009498,Desenganche silencioso
HH009499,Salida con el banquero
HH009500,Desenganche silencioso
HH009501,Desenganche silencioso
HH009502,Desenganche silencioso
HH009503,Desenganche silencioso
HH009504,Desenganche silencioso
HH009505,Desenganche silencioso
HH009506,Desenganche silencioso
HH009507,Desenganche silencioso
HH009508,Desenganche silencioso
HH009509,Desenganche silencioso
HH009510,Desenganche silencioso
HH009511,Desenganche silencioso
HH009512,Externalización activa
HH009513,Desenganche silencioso
HH009514,Desenganche silencioso
HH009515,Desenganche silencioso
HH009516,Desenganche silencioso
HH009517,Desenganche silencioso
HH009518,Desenganche silencioso
HH009519,Externalización activa
HH009520,Desenganche silencioso
HH009521,Desenganche silencioso
HH009522,Desenganche silencioso
HH009523,Desenganche silencioso
HH009524,Desenganche silencioso
HH009525,Desenganche silencioso
HH009526,Desenganche silencioso
HH009527,Desenganche silencioso
HH009528,Desenganche silencioso
HH009529,Desenganche silencioso
HH009530,Desenganche silencioso
HH009531,Desenganche silencioso
HH009532,Desenganche silencioso
HH009533,Externalización activa
HH009534,Desenganche silencioso
HH009535,Desenganche silencioso
HH009536,Desenganche silencioso
HH009537,Desenganche silencioso
HH009538,Salida con el banquero
HH009539,Desenganche silencioso
HH009540,Salida con el banquero
HH009541,Desenganche silencioso
HH009542,Desenganche silencioso
HH009543,Desenganche silencioso
HH009544,Desenganche silencioso
HH009545,Desenganche silencioso
HH009546,Desenganche silencioso
HH009547,Desenganche silencioso
HH009548,Desenganche silencioso
HH009549,Desenganche silencioso
HH009550,Externalización activa
HH009551,Externalización activa
HH009552,Desenganche silencioso
HH009553,Desenganche silencioso
HH009554,Salida con el banquero
HH009555,Desenganche silencioso
HH009556,Desenganche silencioso
HH009557,Desenganche silencioso
HH009558,Desenganche silencioso
HH009559,Externalización activa
HH009560,Desenganche silencioso
HH009561,Desenganche silencioso
HH009562,Salida con el banquero
HH009563,Desenganche silencioso
HH009564,Desenganche silencioso
HH009565,Desenganche silencioso
HH009566,Desenganche silencioso
HH009567,Desenganche silencioso
HH009568,Desenganche silencioso
HH009569,Desenganche silencioso
HH009570,Salida con el banquero
HH009571,Desenganche silencioso
HH009572,Desenganche silencioso
HH009573,Externalización activa
HH009574,Externalización activa
HH009575,Desenganche silencioso
HH009576,Desenganche silencioso
HH009577,Desenganche silencioso
HH009578,Salida con el banquero
HH009579,Salida con el banquero
HH009580,Desenganche silencioso
HH009581,Desenganche silencioso
HH009582,Desenganche silencioso
HH009583,Desenganche silencioso
HH009584,Desenganche silencioso
HH009585,Desenganche silencioso
HH009586,Desenganche silencioso
HH009587,Desenganche silencioso
HH009588,Desenganche silencioso
HH009589,Desenganche silencioso
HH009590,Desenganche silencioso
HH009591,Desenganche silencioso
HH009592,Salida con el banquero
HH009593,Desenganche silencioso
HH009594,Salida con el banquero
HH009595,Desenganche silencioso
HH009596,Externalización activa
HH009597,Desenganche silencioso
HH009598,Desenganche silencioso
HH009599,Desenganche silencioso
HH009600,Desenganche silencioso
HH009601,Desenganche silencioso
HH009602,Salida con el banquero
HH009603,Salida con el banquero
HH009604,Salida con el banquero
HH009605,Externalización activa
HH009606,Desenganche silencioso
HH009607,Desenganche silencioso
HH009608,Desenganche silencioso
HH009609,Desenganche silencioso
HH009610,Desenganche silencioso
HH009611,Desenganche silencioso
HH009612,Desenganche silencioso
HH009613,Desenganche silencioso
HH009614,Desenganche silencioso
HH009615,Desenganche silencioso
HH009616,Desenganche silencioso
HH009617,Desenganche silencioso
HH009618,Desenganche silencioso
HH009619,Desenganche silencioso
HH009620,Externalización activa
HH009621,Desenganche silencioso
HH009622,Desenganche silencioso
HH009623,Desenganche silencioso
HH009624,Desenganche silencioso
HH009625,Desenganche silencioso
HH009626,Desenganche silencioso
HH009627,Desenganche silencioso
HH009628,Desenganche silencioso
HH009629,Desenganche silencioso
HH009630,Desenganche silencioso
HH009631,Desenganche silencioso
HH009632,Desenganche silencioso
HH009633,Salida con el banquero
HH009634,Desenganche silencioso
HH009635,Desenganche silencioso
HH009636,Salida con el banquero
HH009637,Externalización activa
HH009638,Desenganche silencioso
HH009639,Desenganche silencioso
HH009640,Desenganche silencioso
HH009641,Desenganche silencioso
HH009642,Desenganche silencioso
HH009643,Desenganche silencioso
HH009644,Desenganche silencioso
HH009645,Desenganche silencioso
HH009646,Desenganche silencioso
HH009647,Desenganche silencioso
HH009648,Desenganche silencioso
HH009649,Salida con el banquero
HH009650,Desenganche silencioso
HH009651,Desenganche silencioso
HH009652,Salida con el banquero
HH009653,Desenganche silencioso
HH009654,Desenganche silencioso
HH009655,Desenganche silencioso
HH009656,Salida con el banquero
HH009657,Desenganche silencioso
HH009658,Desenganche silencioso
HH009659,Desenganche silencioso
HH009660,Desenganche silencioso
HH009661,Desenganche silencioso
HH009662,Desenganche silencioso
HH009663,Desenganche silencioso
HH009664,Desenganche silencioso
HH009665,Desenganche silencioso
HH009666,Desenganche silencioso
HH009667,Desenganche silencioso
HH009668,Desenganche silencioso
HH009669,Desenganche silencioso
HH009670,Desenganche silencioso
HH009671,Desenganche silencioso
HH009672,Desenganche silencioso
HH009673,Desenganche silencioso
HH009674,Desenganche silencioso
HH009675,Desenganche silencioso
HH009676,Desenganche silencioso
HH009677,Desenganche silencioso
HH009678,Salida con el banquero
HH009679,Desenganche silencioso
HH009680,Desenganche silencioso
HH009681,Desenganche silencioso
HH009682,Desenganche silencioso
HH009683,Desenganche silencioso
HH009684,Desenganche silencioso
HH009685,Desenganche silencioso
HH009686,Desenganche silencioso
HH009687,Desenganche silencioso
HH009688,Externalización activa
HH009689,Desenganche silencioso
HH009690,Desenganche silencioso
HH009691,Desenganche silencioso
HH009692,Desenganche silencioso
HH009693,Desenganche silencioso
HH009694,Desenganche silencioso
HH009695,Desenganche silencioso
HH009696,Desenganche silencioso
HH009697,Externalización activa
HH009698,Desenganche silencioso
HH009699,Desenganche silencioso
HH009700,Desenganche silencioso
HH009701,Desenganche silencioso
HH009702,Desenganche silencioso
HH009703,Desenganche silencioso
HH009704,Desenganche silencioso
HH009705,Desenganche silencioso
HH009706,Salida con el banquero
HH009707,Desenganche silencioso
HH009708,Desenganche silencioso
HH009709,Salida con el banquero
HH009710,Desenganche silencioso
HH009711,Desenganche silencioso
HH009712,Externalización activa
HH009713,Desenganche silencioso
HH009714,Desenganche silencioso
HH009715,Externalización activa
HH009716,Desenganche silencioso
HH009717,Desenganche silencioso
HH009718,Desenganche silencioso
HH009719,Desenganche silencioso
HH009720,Desenganche silencioso
HH009721,Salida con el banquero
HH009722,Desenganche silencioso
HH009723,Desenganche silencioso
HH009724,Desenganche silencioso
HH009725,Salida con el banquero
HH009726,Desenganche silencioso
HH009727,Desenganche silencioso
HH009728,Salida con el banquero
HH009729,Salida con el banquero
HH009730,Desenganche silencioso
HH009731,Desenganche silencioso
HH009732,Desenganche silencioso
HH009733,Desenganche silencioso
HH009734,Desenganche silencioso
HH009735,Desenganche silencioso
HH009736,Externalización activa
HH009737,Desenganche silencioso
HH009738,Desenganche silencioso
HH009739,Desenganche silencioso
HH009740,Desenganche silencioso
HH009741,Desenganche silencioso
HH009742,Desenganche silencioso
HH009743,Desenganche silencioso
HH009744,Desenganche silencioso
HH009745,Desenganche silencioso
HH009746,Desenganche silencioso
HH009747,Desenganche silencioso
HH009748,Desenganche silencioso
HH009749,Desenganche silencioso
HH009750,Salida con el banquero
HH009751,Desenganche silencioso
HH009752,Externalización activa
HH009753,Desenganche silencioso
HH009754,Salida con el banquero
HH009755,Desenganche silencioso
HH009756,Desenganche silencioso
HH009757,Desenganche silencioso
HH009758,Salida con el banquero
HH009759,Desenganche silencioso
HH009760,Desenganche silencioso
HH009761,Desenganche silencioso
HH009762,Desenganche silencioso
HH009763,Desenganche silencioso
HH009764,Desenganche silencioso
HH009765,Desenganche silencioso
HH009766,Desenganche silencioso
HH009767,Desenganche silencioso
HH009768,Desenganche silencioso
HH009769,Desenganche silencioso
HH009770,Desenganche silencioso
HH009771,Desenganche silencioso
HH009772,Desenganche silencioso
HH009773,Desenganche silencioso
HH009774,Salida con el banquero
HH009775,Externalización activa
HH009776,Desenganche silencioso
HH009777,Externalización activa
HH009778,Salida con el banquero
HH009779,Desenganche silencioso
HH009780,Desenganche silencioso
HH009781,Salida con el banquero
HH009782,Desenganche silencioso
HH009783,Desenganche silencioso
HH009784,Salida con el banquero
HH009785,Desenganche silencioso
HH009786,Desenganche silencioso
HH009787,Desenganche silencioso
HH009788,Desenganche silencioso
HH009789,Desenganche silencioso
HH009790,Desenganche silencioso
HH009791,Desenganche silencioso
HH009792,Externalización activa
HH009793,Desenganche silencioso
HH009794,Externalización activa
HH009795,Salida con el banquero
HH009796,Desenganche silencioso
HH009797,Desenganche silencioso
HH009798,Desenganche silencioso
HH009799,Desenganche silencioso
HH009800,Desenganche silencioso
HH009801,Desenganche silencioso
HH009802,Desenganche silencioso
HH009803,Desenganche silencioso
HH009804,Desenganche silencioso
HH009805,Desenganche silencioso
HH009806,Salida con el banquero
HH009807,Desenganche silencioso
HH009808,Desenganche silencioso
HH009809,Desenganche silencioso
HH009810,Externalización activa
HH009811,Salida con el banquero
HH009812,Desenganche silencioso
HH009813,Desenganche silencioso
HH009814,Desenganche silencioso
HH009815,Desenganche silencioso
HH009816,Desenganche silencioso
HH009817,Desenganche silencioso
HH009818,Desenganche silencioso
HH009819,Desenganche silencioso
HH009820,Desenganche silencioso
HH009821,Desenganche silencioso
HH009822,Desenganche silencioso
HH009823,Salida con el banquero
HH009824,Desenganche silencioso
HH009825,Desenganche silencioso
HH009826,Desenganche silencioso
HH009827,Desenganche silencioso
HH009828,Desenganche silencioso
HH009829,Desenganche silencioso
HH009830,Desenganche silencioso
HH009831,Salida con el banquero
HH009832,Desenganche silencioso
HH009833,Desenganche silencioso
HH009834,Desenganche silencioso
HH009835,Desenganche silencioso
HH009836,Desenganche silencioso
HH009837,Desenganche silencioso
HH009838,Desenganche silencioso
HH009839,Desenganche silencioso
HH009840,Salida con el banquero
HH009841,Desenganche silencioso
HH009842,Desenganche silencioso
HH009843,Desenganche silencioso
HH009844,Externalización activa
HH009845,Desenganche silencioso
HH009846,Desenganche silencioso
HH009847,Desenganche silencioso
HH009848,Desenganche silencioso
HH009849,Desenganche silencioso
HH009850,Desenganche silencioso
HH009851,Desenganche silencioso
HH009852,Desenganche silencioso
HH009853,Desenganche silencioso
HH009854,Desenganche silencioso
HH009855,Desenganche silencioso
HH009856,Desenganche silencioso
HH009857,Externalización activa
HH009858,Desenganche silencioso
HH009859,Desenganche silencioso
HH009860,Desenganche silencioso
HH009861,Externalización activa
HH009862,Desenganche silencioso
HH009863,Desenganche silencioso
HH009864,Desenganche silencioso
HH009865,Desenganche silencioso
HH009866,Desenganche silencioso
HH009867,Desenganche silencioso
HH009868,Desenganche silencioso
HH009869,Desenganche silencioso
HH009870,Desenganche silencioso
HH009871,Desenganche silencioso
HH009872,Desenganche silencioso
HH009873,Desenganche silencioso
HH009874,Desenganche silencioso
HH009875,Desenganche silencioso
HH009876,Desenganche silencioso
HH009877,Desenganche silencioso
HH009878,Salida con el banquero
HH009879,Salida con el banquero
HH009880,Desenganche silencioso
HH009881,Desenganche silencioso
HH009882,Desenganche silencioso
HH009883,Desenganche silencioso
HH009884,Desenganche silencioso
HH009885,Externalización activa
HH009886,Desenganche silencioso
HH009887,Desenganche silencioso
HH009888,Desenganche silencioso
HH009889,Desenganche silencioso
HH009890,Desenganche silencioso
HH009891,Desenganche silencioso
HH009892,Desenganche silencioso
HH009893,Desenganche silencioso
HH009894,Desenganche silencioso
HH009895,Externalización activa
HH009896,Salida con el banquero
HH009897,Salida con el banquero
HH009898,Desenganche silencioso
HH009899,Desenganche silencioso
HH009900,Desenganche silencioso
HH009901,Desenganche silencioso
HH009902,Desenganche silencioso
HH009903,Desenganche silencioso
HH009904,Desenganche silencioso
HH009905,Salida con el banquero
HH009906,Desenganche silencioso
HH009907,Desenganche silencioso
HH009908,Externalización activa
HH009909,Desenganche silencioso
HH009910,Desenganche silencioso
HH009911,Externalización activa
HH009912,Salida con el banquero
HH009913,Desenganche silencioso
HH009914,Desenganche silencioso
HH009915,Desenganche silencioso
HH009916,Desenganche silencioso
HH009917,Desenganche silencioso
HH009918,Desenganche silencioso
HH009919,Desenganche silencioso
HH009920,Desenganche silencioso
HH009921,Desenganche silencioso
HH009922,Desenganche silencioso
HH009923,Desenganche silencioso
HH009924,Desenganche silencioso
HH009925,Desenganche silencioso
HH009926,Desenganche silencioso
HH009927,Salida con el banquero
HH009928,Desenganche silencioso
HH009929,Desenganche silencioso
HH009930,Desenganche silencioso
HH009931,Salida con el banquero
HH009932,Desenganche silencioso
HH009933,Desenganche silencioso
HH009934,Desenganche silencioso
HH009935,Desenganche silencioso
HH009936,Desenganche silencioso
HH009937,Desenganche silencioso
HH009938,Desenganche silencioso
HH009939,Desenganche silencioso
HH009940,Desenganche silencioso
HH009941,Desenganche silencioso
HH009942,Desenganche silencioso
HH009943,Desenganche silencioso
HH009944,Desenganche silencioso
HH009945,Desenganche silencioso
HH009946,Salida con el banquero
HH009947,Desenganche silencioso
HH009948,Desenganche silencioso
HH009949,Externalización activa
HH009950,Desenganche silencioso
HH009951,Desenganche silencioso
HH009952,Salida con el banquero
HH009953,Salida con el banquero
HH009954,Desenganche silencioso
HH009955,Desenganche silencioso
HH009956,Salida con el banquero
HH009957,Desenganche silencioso
HH009958,Desenganche silencioso
HH009959,Desenganche silencioso
HH009960,Salida con el banquero
HH009961,Desenganche silencioso
HH009962,Desenganche silencioso
HH009963,Desenganche silencioso
HH009964,Desenganche silencioso
HH009965,Desenganche silencioso
HH009966,Desenganche silencioso
HH009967,Desenganche silencioso
HH009968,Salida con el banquero
HH009969,Desenganche silencioso
HH009970,Desenganche silencioso
HH009971,Desenganche silencioso
HH009972,Salida con el banquero
HH009973,Desenganche silencioso
HH009974,Desenganche silencioso
HH009975,Externalización activa
HH009976,Desenganche silencioso
HH009977,Desenganche silencioso
HH009978,Desenganche silencioso
HH009979,Desenganche silencioso
HH009980,Desenganche silencioso
HH009981,Desenganche silencioso
HH009982,Desenganche silencioso
HH009983,Salida con el banquero
HH009984,Salida con el banquero
HH009985,Desenganche silencioso
HH009986,Desenganche silencioso
HH009987,Desenganche silencioso
HH009988,Desenganche silencioso
HH009989,Desenganche silencioso
HH009990,Desenganche silencioso
HH009991,Desenganche silencioso
HH009992,Desenganche silencioso
HH009993,Desenganche silencioso
HH009994,Desenganche silencioso
HH009995,Salida con el banquero
HH009996,Desenganche silencioso
HH009997,Desenganche silencioso
HH009998,Desenganche silencioso
HH009999,Desenganche silencioso
HH010000,Desenganche silencioso
HH010001,Salida con el banquero
HH010002,Externalización activa
HH010003,Desenganche silencioso
HH010004,Desenganche silencioso
HH010005,Desenganche silencioso
HH010006,Desenganche silencioso
HH010007,Desenganche silencioso
HH010008,Salida con el banquero
HH010009,Desenganche silencioso
HH010010,Desenganche silencioso
HH010011,Salida con el banquero
HH010012,Salida con el banquero
HH010013,Desenganche silencioso
HH010014,Desenganche silencioso
HH010015,Desenganche silencioso
HH010016,Desenganche silencioso
HH010017,Desenganche silencioso
HH010018,Desenganche silencioso
HH010019,Desenganche silencioso
HH010020,Desenganche silencioso
HH010021,Externalización activa
HH010022,Desenganche silencioso
HH010023,Salida con el banquero
HH010024,Desenganche silencioso
HH010025,Desenganche silencioso
HH010026,Desenganche silencioso
HH010027,Desenganche silencioso
HH010028,Desenganche silencioso
HH010029,Desenganche silencioso
HH010030,Desenganche silencioso
HH010031,Desenganche silencioso
HH010032,Desenganche silencioso
HH010033,Desenganche silencioso
HH010034,Desenganche silencioso
HH010035,Desenganche silencioso
HH010036,Desenganche silencioso
HH010037,Desenganche silencioso
HH010038,Desenganche silencioso
HH010039,Desenganche silencioso
HH010040,Desenganche silencioso
HH010041,Desenganche silencioso
HH010042,Desenganche silencioso
HH010043,Desenganche silencioso
HH010044,Desenganche silencioso
HH010045,Salida con el banquero
HH010046,Desenganche silencioso
HH010047,Desenganche silencioso
HH010048,Desenganche silencioso
HH010049,Desenganche silencioso
HH010050,Desenganche silencioso
HH010051,Desenganche silencioso
HH010052,Desenganche silencioso
HH010053,Desenganche silencioso
HH010054,Desenganche silencioso
HH010055,Desenganche silencioso
HH010056,Desenganche silencioso
HH010057,Desenganche silencioso
HH010058,Salida con el banquero
HH010059,Desenganche silencioso
HH010060,Desenganche silencioso
HH010061,Desenganche silencioso
HH010062,Desenganche silencioso
HH010063,Desenganche silencioso
HH010064,Salida con el banquero
HH010065,Desenganche silencioso
HH010066,Salida con el banquero
HH010067,Desenganche silencioso
HH010068,Salida con el banquero
HH010069,Desenganche silencioso
HH010070,Desenganche silencioso
HH010071,Salida con el banquero
HH010072,Salida con el banquero
HH010073,Desenganche silencioso
HH010074,Desenganche silencioso
HH010075,Desenganche silencioso
HH010076,Desenganche silencioso
HH010077,Desenganche silencioso
HH010078,Desenganche silencioso
HH010079,Salida con el banquero
HH010080,Desenganche silencioso
HH010081,Desenganche silencioso
HH010082,Desenganche silencioso
HH010083,Desenganche silencioso
HH010084,Desenganche silencioso
HH010085,Desenganche silencioso
HH010086,Salida con el banquero
HH010087,Desenganche silencioso
HH010088,Desenganche silencioso
HH010089,Salida con el banquero
HH010090,Desenganche silencioso
HH010091,Desenganche silencioso
HH010092,Desenganche silencioso
HH010093,Desenganche silencioso
HH010094,Desenganche silencioso
HH010095,Desenganche silencioso
HH010096,Desenganche silencioso
HH010097,Desenganche silencioso
HH010098,Desenganche silencioso
HH010099,Desenganche silencioso
HH010100,Externalización activa
HH010101,Desenganche silencioso
HH010102,Desenganche silencioso
HH010103,Desenganche silencioso
HH010104,Salida con el banquero
HH010105,Desenganche silencioso
HH010106,Desenganche silencioso
HH010107,Desenganche silencioso
HH010108,Desenganche silencioso
HH010109,Desenganche silencioso
HH010110,Desenganche silencioso
HH010111,Desenganche silencioso
HH010112,Desenganche silencioso
HH010113,Desenganche silencioso
HH010114,Desenganche silencioso
HH010115,Desenganche silencioso
HH010116,Salida con el banquero
HH010117,Desenganche silencioso
HH010118,Desenganche silencioso
HH010119,Desenganche silencioso
HH010120,Desenganche silencioso
HH010121,Desenganche silencioso
HH010122,Desenganche silencioso
HH010123,Desenganche silencioso
HH010124,Desenganche silencioso
HH010125,Salida con el banquero
HH010126,Desenganche silencioso
HH010127,Desenganche silencioso
HH010128,Desenganche silencioso
HH010129,Desenganche silencioso
HH010130,Desenganche silencioso
HH010131,Desenganche silencioso
HH010132,Desenganche silencioso
HH010133,Desenganche silencioso
HH010134,Desenganche silencioso
HH010135,Desenganche silencioso
HH010136,Desenganche silencioso
HH010137,Desenganche silencioso
HH010138,Externalización activa
HH010139,Desenganche silencioso
HH010140,Salida con el banquero
HH010141,Desenganche silencioso
HH010142,Desenganche silencioso
HH010143,Desenganche silencioso
HH010144,Desenganche silencioso
HH010145,Desenganche silencioso
HH010146,Desenganche silencioso
HH010147,Desenganche silencioso
HH010148,Desenganche silencioso
HH010149,Salida con el banquero
HH010150,Desenganche silencioso
HH010151,Desenganche silencioso
HH010152,Desenganche silencioso
HH010153,Salida con el banquero
HH010154,Desenganche silencioso
HH010155,Desenganche silencioso
HH010156,Desenganche silencioso
HH010157,Desenganche silencioso
HH010158,Salida con el banquero
HH010159,Desenganche silencioso
HH010160,Desenganche silencioso
HH010161,Salida con el banquero
HH010162,Salida con el banquero
HH010163,Desenganche silencioso
HH010164,Desenganche silencioso
HH010165,Desenganche silencioso
HH010166,Desenganche silencioso
HH010167,Desenganche silencioso
HH010168,Desenganche silencioso
HH010169,Desenganche silencioso
HH010170,Desenganche silencioso
HH010171,Desenganche silencioso
HH010172,Desenganche silencioso
HH010173,Desenganche silencioso
HH010174,Desenganche silencioso
HH010175,Desenganche silencioso
HH010176,Desenganche silencioso
HH010177,Desenganche silencioso
HH010178,Desenganche silencioso
HH010179,Desenganche silencioso
HH010180,Desenganche silencioso
HH010181,Desenganche silencioso
HH010182,Desenganche silencioso
HH010183,Desenganche silencioso
HH010184,Salida con el banquero
HH010185,Desenganche silencioso
HH010186,Desenganche silencioso
HH010187,Desenganche silencioso
HH010188,Desenganche silencioso
HH010189,Desenganche silencioso
HH010190,Externalización activa
HH010191,Externalización activa
HH010192,Desenganche silencioso
HH010193,Desenganche silencioso
HH010194,Salida con el banquero
HH010195,Desenganche silencioso
HH010196,Desenganche silencioso
HH010197,Desenganche silencioso
HH010198,Desenganche silencioso
HH010199,Desenganche silencioso
HH010200,Desenganche silencioso
HH010201,Desenganche silencioso
HH010202,Desenganche silencioso
HH010203,Externalización activa
HH010204,Desenganche silencioso
HH010205,Desenganche silencioso
HH010206,Desenganche silencioso
HH010207,Desenganche silencioso
HH010208,Desenganche silencioso
HH010209,Salida con el banquero
HH010210,Externalización activa
HH010211,Desenganche silencioso
HH010212,Desenganche silencioso
HH010213,Desenganche silencioso
HH010214,Salida con el banquero
HH010215,Salida con el banquero
HH010216,Salida con el banquero
HH010217,Desenganche silencioso
HH010218,Desenganche silencioso
HH010219,Desenganche silencioso
HH010220,Desenganche silencioso
HH010221,Desenganche silencioso
HH010222,Externalización activa
HH010223,Desenganche silencioso
HH010224,Desenganche silencioso
HH010225,Desenganche silencioso
HH010226,Desenganche silencioso
HH010227,Desenganche silencioso
HH010228,Desenganche silencioso
HH010229,Desenganche silencioso
HH010230,Desenganche silencioso
HH010231,Desenganche silencioso
HH010232,Desenganche silencioso
HH010233,Desenganche silencioso
HH010234,Desenganche silencioso
HH010235,Desenganche silencioso
HH010236,Desenganche silencioso
HH010237,Externalización activa
HH010238,Desenganche silencioso
HH010239,Desenganche silencioso
HH010240,Desenganche silencioso
HH010241,Desenganche silencioso
HH010242,Desenganche silencioso
HH010243,Desenganche silencioso
HH010244,Desenganche silencioso
HH010245,Desenganche silencioso
HH010246,Desenganche silencioso
HH010247,Desenganche silencioso
HH010248,Desenganche silencioso
HH010249,Desenganche silencioso
HH010250,Desenganche silencioso
HH010251,Salida con el banquero
HH010252,Desenganche silencioso
HH010253,Desenganche silencioso
HH010254,Desenganche silencioso
HH010255,Desenganche silencioso
HH010256,Desenganche silencioso
HH010257,Desenganche silencioso
HH010258,Desenganche silencioso
HH010259,Desenganche silencioso
HH010260,Desenganche silencioso
HH010261,Salida con el banquero
HH010262,Desenganche silencioso
HH010263,Desenganche silencioso
HH010264,Desenganche silencioso
HH010265,Desenganche silencioso
HH010266,Salida con el banquero
HH010267,Desenganche silencioso
HH010268,Salida con el banquero
HH010269,Desenganche silencioso
HH010270,Desenganche silencioso
HH010271,Desenganche silencioso
HH010272,Desenganche silencioso
HH010273,Desenganche silencioso
HH010274,Desenganche silencioso
HH010275,Desenganche silencioso
HH010276,Desenganche silencioso
HH010277,Salida con el banquero
HH010278,Desenganche silencioso
HH010279,Desenganche silencioso
HH010280,Salida con el banquero
HH010281,Desenganche silencioso
HH010282,Desenganche silencioso
HH010283,Desenganche silencioso
HH010284,Desenganche silencioso
HH010285,Salida con el banquero
HH010286,Desenganche silencioso
HH010287,Desenganche silencioso
HH010288,Desenganche silencioso
HH010289,Desenganche silencioso
HH010290,Desenganche silencioso
HH010291,Desenganche silencioso
HH010292,Desenganche silencioso
HH010293,Desenganche silencioso
HH010294,Desenganche silencioso
HH010295,Desenganche silencioso
HH010296,Desenganche silencioso
HH010297,Desenganche silencioso
HH010298,Desenganche silencioso
HH010299,Desenganche silencioso
HH010300,Desenganche silencioso
HH010301,Desenganche silencioso
HH010302,Desenganche silencioso
HH010303,Desenganche silencioso
HH010304,Externalización activa
HH010305,Salida con el banquero
HH010306,Desenganche silencioso
HH010307,Salida con el banquero
HH010308,Desenganche silencioso
HH010309,Desenganche silencioso
HH010310,Desenganche silencioso
HH010311,Desenganche silencioso
HH010312,Desenganche silencioso
HH010313,Desenganche silencioso
HH010314,Desenganche silencioso
HH010315,Desenganche silencioso
HH010316,Desenganche silencioso
HH010317,Desenganche silencioso
HH010318,Desenganche silencioso
HH010319,Desenganche silencioso
HH010320,Salida con el banquero
HH010321,Salida con el banquero
HH010322,Desenganche silencioso
HH010323,Desenganche silencioso
HH010324,Desenganche silencioso
HH010325,Desenganche silencioso
HH010326,Desenganche silencioso
HH010327,Desenganche silencioso
HH010328,Desenganche silencioso
HH010329,Desenganche silencioso
HH010330,Desenganche silencioso
HH010331,Externalización activa
HH010332,Desenganche silencioso
HH010333,Desenganche silencioso
HH010334,Externalización activa
HH010335,Desenganche silencioso
HH010336,Desenganche silencioso
HH010337,Desenganche silencioso
HH010338,Desenganche silencioso
HH010339,Desenganche silencioso
HH010340,Desenganche silencioso
HH010341,Desenganche silencioso
HH010342,Salida con el banquero
HH010343,Desenganche silencioso
HH010344,Desenganche silencioso
HH010345,Desenganche silencioso
HH010346,Desenganche silencioso
HH010347,Desenganche silencioso
HH010348,Salida con el banquero
HH010349,Desenganche silencioso
HH010350,Desenganche silencioso
HH010351,Desenganche silencioso
HH010352,Desenganche silencioso
HH010353,Desenganche silencioso
HH010354,Desenganche silencioso
HH010355,Desenganche silencioso
HH010356,Desenganche silencioso
HH010357,Salida con el banquero
HH010358,Desenganche silencioso
HH010359,Desenganche silencioso
HH010360,Desenganche silencioso
HH010361,Desenganche silencioso
HH010362,Desenganche silencioso
HH010363,Desenganche silencioso
HH010364,Desenganche silencioso
HH010365,Desenganche silencioso
HH010366,Desenganche silencioso
HH010367,Desenganche silencioso
HH010368,Salida con el banquero
HH010369,Desenganche silencioso
HH010370,Externalización activa
HH010371,Salida con el banquero
HH010372,Desenganche silencioso
HH010373,Desenganche silencioso
HH010374,Desenganche silencioso
HH010375,Desenganche silencioso
HH010376,Desenganche silencioso
HH010377,Desenganche silencioso
HH010378,Desenganche silencioso
HH010379,Desenganche silencioso
HH010380,Desenganche silencioso
HH010381,Desenganche silencioso
HH010382,Desenganche silencioso
HH010383,Salida con el banquero
HH010384,Desenganche silencioso
HH010385,Desenganche silencioso
HH010386,Desenganche silencioso
HH010387,Desenganche silencioso
HH010388,Salida con el banquero
HH010389,Desenganche silencioso
HH010390,Desenganche silencioso
HH010391,Desenganche silencioso
HH010392,Desenganche silencioso
HH010393,Desenganche silencioso
HH010394,Desenganche silencioso
HH010395,Desenganche silencioso
HH010396,Desenganche silencioso
HH010397,Desenganche silencioso
HH010398,Desenganche silencioso
HH010399,Desenganche silencioso
HH010400,Desenganche silencioso
HH010401,Desenganche silencioso
HH010402,Desenganche silencioso
HH010403,Desenganche silencioso
HH010404,Desenganche silencioso
HH010405,Desenganche silencioso
HH010406,Desenganche silencioso
HH010407,Desenganche silencioso
HH010408,Externalización activa
HH010409,Desenganche silencioso
HH010410,Desenganche silencioso
HH010411,Desenganche silencioso
HH010412,Desenganche silencioso
HH010413,Desenganche silencioso
HH010414,Desenganche silencioso
HH010415,Salida con el banquero
HH010416,Desenganche silencioso
HH010417,Desenganche silencioso
HH010418,Desenganche silencioso
HH010419,Desenganche silencioso
HH010420,Desenganche silencioso
HH010421,Salida con el banquero
HH010422,Desenganche silencioso
HH010423,Desenganche silencioso
HH010424,Desenganche silencioso
HH010425,Desenganche silencioso
HH010426,Salida con el banquero
HH010427,Salida con el banquero
HH010428,Desenganche silencioso
HH010429,Salida con el banquero
HH010430,Desenganche silencioso
HH010431,Desenganche silencioso
HH010432,Desenganche silencioso
HH010433,Desenganche silencioso
HH010434,Desenganche silencioso
HH010435,Desenganche silencioso
HH010436,Desenganche silencioso
HH010437,Salida con el banquero
HH010438,Desenganche silencioso
HH010439,Desenganche silencioso
HH010440,Externalización activa
HH010441,Desenganche silencioso
HH010442,Desenganche silencioso
HH010443,Desenganche silencioso
HH010444,Desenganche silencioso
HH010445,Desenganche silencioso
HH010446,Desenganche silencioso
HH010447,Salida con el banquero
HH010448,Desenganche silencioso
HH010449,Externalización activa
HH010450,Desenganche silencioso
HH010451,Externalización activa
HH010452,Desenganche silencioso
HH010453,Desenganche silencioso
HH010454,Desenganche silencioso
HH010455,Desenganche silencioso
HH010456,Desenganche silencioso
HH010457,Externalización activa
HH010458,Desenganche silencioso
HH010459,Desenganche silencioso
HH010460,Desenganche silencioso
HH010461,Salida con el banquero
HH010462,Desenganche silencioso
HH010463,Desenganche silencioso
HH010464,Desenganche silencioso
HH010465,Desenganche silencioso
HH010466,Desenganche silencioso
HH010467,Desenganche silencioso
HH010468,Desenganche silencioso
HH010469,Desenganche silencioso
HH010470,Desenganche silencioso
HH010471,Desenganche silencioso
HH010472,Desenganche silencioso
HH010473,Salida con el banquero
HH010474,Desenganche silencioso
HH010475,Desenganche silencioso
HH010476,Desenganche silencioso
HH010477,Desenganche silencioso
HH010478,Salida con el banquero
HH010479,Desenganche silencioso
HH010480,Desenganche silencioso
HH010481,Desenganche silencioso
HH010482,Desenganche silencioso
HH010483,Desenganche silencioso
HH010484,Desenganche silencioso
HH010485,Desenganche silencioso
HH010486,Desenganche silencioso
HH010487,Salida con el banquero
HH010488,Salida con el banquero
HH010489,Desenganche silencioso
HH010490,Desenganche silencioso
HH010491,Externalización activa
HH010492,Desenganche silencioso
HH010493,Desenganche silencioso
HH010494,Desenganche silencioso
HH010495,Desenganche silencioso
HH010496,Desenganche silencioso
HH010497,Desenganche silencioso
HH010498,Desenganche silencioso
HH010499,Externalización activa
HH010500,Desenganche silencioso
HH010501,Desenganche silencioso
HH010502,Externalización activa
HH010503,Desenganche silencioso
HH010504,Desenganche silencioso
HH010505,Desenganche silencioso
HH010506,Desenganche silencioso
HH010507,Salida con el banquero
HH010508,Desenganche silencioso
HH010509,Desenganche silencioso
HH010510,Salida con el banquero
HH010511,Desenganche silencioso
HH010512,Desenganche silencioso
HH010513,Desenganche silencioso
HH010514,Salida con el banquero
HH010515,Externalización activa
HH010516,Desenganche silencioso
HH010517,Desenganche silencioso
HH010518,Desenganche silencioso
HH010519,Desenganche silencioso
HH010520,Desenganche silencioso
HH010521,Desenganche silencioso
HH010522,Salida con el banquero
HH010523,Salida con el banquero
HH010524,Desenganche silencioso
HH010525,Desenganche silencioso
HH010526,Salida con el banquero
HH010527,Desenganche silencioso
HH010528,Desenganche silencioso
HH010529,Desenganche silencioso
HH010530,Desenganche silencioso
HH010531,Salida con el banquero
HH010532,Desenganche silencioso
HH010533,Desenganche silencioso
HH010534,Desenganche silencioso
HH010535,Desenganche silencioso
HH010536,Desenganche silencioso
HH010537,Desenganche silencioso
HH010538,Desenganche silencioso
HH010539,Salida con el banquero
HH010540,Desenganche silencioso
HH010541,Desenganche silencioso
HH010542,Desenganche silencioso
HH010543,Desenganche silencioso
HH010544,Desenganche silencioso
HH010545,Desenganche silencioso
HH010546,Desenganche silencioso
HH010547,Externalización activa
HH010548,Salida con el banquero
HH010549,Desenganche silencioso
HH010550,Desenganche silencioso
HH010551,Desenganche silencioso
HH010552,Desenganche silencioso
HH010553,Desenganche silencioso
HH010554,Desenganche silencioso
HH010555,Desenganche silencioso
HH010556,Desenganche silencioso
HH010557,Desenganche silencioso
HH010558,Desenganche silencioso
HH010559,Desenganche silencioso
HH010560,Desenganche silencioso
HH010561,Desenganche silencioso
HH010562,Desenganche silencioso
HH010563,Desenganche silencioso
HH010564,Desenganche silencioso
HH010565,Salida con el banquero
HH010566,Desenganche silencioso
HH010567,Desenganche silencioso
HH010568,Desenganche silencioso
HH010569,Desenganche silencioso
HH010570,Desenganche silencioso
HH010571,Desenganche silencioso
HH010572,Desenganche silencioso
HH010573,Desenganche silencioso
HH010574,Desenganche silencioso
HH010575,Desenganche silencioso
HH010576,Desenganche silencioso
HH010577,Desenganche silencioso
HH010578,Desenganche silencioso
HH010579,Desenganche silencioso
HH010580,Desenganche silencioso
HH010581,Desenganche silencioso
HH010582,Desenganche silencioso
HH010583,Desenganche silencioso
HH010584,Desenganche silencioso
HH010585,Desenganche silencioso
HH010586,Salida con el banquero
HH010587,Desenganche silencioso
HH010588,Desenganche silencioso
HH010589,Desenganche silencioso
HH010590,Salida con el banquero
HH010591,Salida con el banquero
HH010592,Desenganche silencioso
HH010593,Salida con el banquero
HH010594,Desenganche silencioso
HH010595,Desenganche silencioso
HH010596,Desenganche silencioso
HH010597,Desenganche silencioso
HH010598,Desenganche silencioso
HH010599,Externalización activa
HH010600,Desenganche silencioso
HH010601,Desenganche silencioso
HH010602,Desenganche silencioso
HH010603,Salida con el banquero
HH010604,Desenganche silencioso
HH010605,Desenganche silencioso
HH010606,Desenganche silencioso
HH010607,Desenganche silencioso
HH010608,Desenganche silencioso
HH010609,Desenganche silencioso
HH010610,Desenganche silencioso
HH010611,Desenganche silencioso
HH010612,Desenganche silencioso
HH010613,Desenganche silencioso
HH010614,Desenganche silencioso
HH010615,Desenganche silencioso
HH010616,Desenganche silencioso
HH010617,Desenganche silencioso
HH010618,Desenganche silencioso
HH010619,Desenganche silencioso
HH010620,Desenganche silencioso
HH010621,Salida con el banquero
HH010622,Desenganche silencioso
HH010623,Desenganche silencioso
HH010624,Desenganche silencioso
HH010625,Desenganche silencioso
HH010626,Desenganche silencioso
HH010627,Desenganche silencioso
HH010628,Desenganche silencioso
HH010629,Desenganche silencioso
HH010630,Desenganche silencioso
HH010631,Desenganche silencioso
HH010632,Desenganche silencioso
HH010633,Desenganche silencioso
HH010634,Desenganche silencioso
HH010635,Desenganche silencioso
HH010636,Desenganche silencioso
HH010637,Salida con el banquero
HH010638,Desenganche silencioso
HH010639,Desenganche silencioso
HH010640,Desenganche silencioso
HH010641,Desenganche silencioso
HH010642,Desenganche silencioso
HH010643,Desenganche silencioso
HH010644,Desenganche silencioso
HH010645,Desenganche silencioso
HH010646,Desenganche silencioso
HH010647,Desenganche silencioso
HH010648,Desenganche silencioso
HH010649,Desenganche silencioso
HH010650,Desenganche silencioso
HH010651,Desenganche silencioso
HH010652,Salida con el banquero
HH010653,Desenganche silencioso
HH010654,Desenganche silencioso
HH010655,Salida con el banquero
HH010656,Salida con el banquero
HH010657,Desenganche silencioso
HH010658,Desenganche silencioso
HH010659,Desenganche silencioso
HH010660,Salida con el banquero
HH010661,Desenganche silencioso
HH010662,Desenganche silencioso
HH010663,Desenganche silencioso
HH010664,Salida con el banquero
HH010665,Desenganche silencioso
HH010666,Desenganche silencioso
HH010667,Desenganche silencioso
HH010668,Desenganche silencioso
HH010669,Desenganche silencioso
HH010670,Desenganche silencioso
HH010671,Desenganche silencioso
HH010672,Desenganche silencioso
HH010673,Desenganche silencioso
HH010674,Desenganche silencioso
HH010675,Desenganche silencioso
HH010676,Desenganche silencioso
HH010677,Desenganche silencioso
HH010678,Desenganche silencioso
HH010679,Desenganche silencioso
HH010680,Salida con el banquero
HH010681,Desenganche silencioso
HH010682,Desenganche silencioso
HH010683,Desenganche silencioso
HH010684,Desenganche silencioso
HH010685,Desenganche silencioso
HH010686,Desenganche silencioso
HH010687,Desenganche silencioso
HH010688,Desenganche silencioso
HH010689,Desenganche silencioso
HH010690,Desenganche silencioso
HH010691,Desenganche silencioso
HH010692,Desenganche silencioso
HH010693,Externalización activa
HH010694,Desenganche silencioso
HH010695,Desenganche silencioso
HH010696,Desenganche silencioso
HH010697,Desenganche silencioso
HH010698,Desenganche silencioso
HH010699,Desenganche silencioso
HH010700,Salida con el banquero
HH010701,Desenganche silencioso
HH010702,Desenganche silencioso
HH010703,Desenganche silencioso
HH010704,Desenganche silencioso
HH010705,Salida con el banquero
HH010706,Desenganche silencioso
HH010707,Desenganche silencioso
HH010708,Desenganche silencioso
HH010709,Salida con el banquero
HH010710,Desenganche silencioso
HH010711,Desenganche silencioso
HH010712,Desenganche silencioso
HH010713,Desenganche silencioso
HH010714,Desenganche silencioso
HH010715,Externalización activa
HH010716,Salida con el banquero
HH010717,Desenganche silencioso
HH010718,Desenganche silencioso
HH010719,Externalización activa
HH010720,Desenganche silencioso
HH010721,Desenganche silencioso
HH010722,Desenganche silencioso
HH010723,Desenganche silencioso
HH010724,Desenganche silencioso
HH010725,Desenganche silencioso
HH010726,Desenganche silencioso
HH010727,Salida con el banquero
HH010728,Desenganche silencioso
HH010729,Desenganche silencioso
HH010730,Desenganche silencioso
HH010731,Desenganche silencioso
HH010732,Desenganche silencioso
HH010733,Desenganche silencioso
HH010734,Externalización activa
HH010735,Desenganche silencioso
HH010736,Desenganche silencioso
HH010737,Desenganche silencioso
HH010738,Salida con el banquero
HH010739,Desenganche silencioso
HH010740,Externalización activa
HH010741,Desenganche silencioso
HH010742,Salida con el banquero
HH010743,Externalización activa
HH010744,Externalización activa
HH010745,Desenganche silencioso
HH010746,Desenganche silencioso
HH010747,Desenganche silencioso
HH010748,Desenganche silencioso
HH010749,Desenganche silencioso
HH010750,Salida con el banquero
HH010751,Desenganche silencioso
HH010752,Desenganche silencioso
HH010753,Desenganche silencioso
HH010754,Desenganche silencioso
HH010755,Desenganche silencioso
HH010756,Desenganche silencioso
HH010757,Salida con el banquero
HH010758,Desenganche silencioso
HH010759,Desenganche silencioso
HH010760,Desenganche silencioso
HH010761,Desenganche silencioso
HH010762,Externalización activa
HH010763,Salida con el banquero
HH010764,Externalización activa
HH010765,Desenganche silencioso
HH010766,Desenganche silencioso
HH010767,Salida con el banquero
HH010768,Salida con el banquero
HH010769,Desenganche silencioso
HH010770,Desenganche silencioso
HH010771,Desenganche silencioso
HH010772,Desenganche silencioso
HH010773,Salida con el banquero
HH010774,Desenganche silencioso
HH010775,Desenganche silencioso
HH010776,Externalización activa
HH010777,Desenganche silencioso
HH010778,Desenganche silencioso
HH010779,Desenganche silencioso
HH010780,Desenganche silencioso
HH010781,Externalización activa
HH010782,Salida con el banquero
HH010783,Salida con el banquero
HH010784,Desenganche silencioso
HH010785,Desenganche silencioso
HH010786,Desenganche silencioso
HH010787,Desenganche silencioso
HH010788,Desenganche silencioso
HH010789,Desenganche silencioso
HH010790,Desenganche silencioso
HH010791,Desenganche silencioso
HH010792,Desenganche silencioso
HH010793,Desenganche silencioso
HH010794,Salida con el banquero
HH010795,Desenganche silencioso
HH010796,Desenganche silencioso
HH010797,Desenganche silencioso
HH010798,Desenganche silencioso
HH010799,Desenganche silencioso
HH010800,Desenganche silencioso
HH010801,Desenganche silencioso
HH010802,Desenganche silencioso
HH010803,Desenganche silencioso
HH010804,Desenganche silencioso
HH010805,Desenganche silencioso
HH010806,Desenganche silencioso
HH010807,Desenganche silencioso
HH010808,Desenganche silencioso
HH010809,Desenganche silencioso
HH010810,Desenganche silencioso
HH010811,Salida con el banquero
HH010812,Desenganche silencioso
HH010813,Desenganche silencioso
HH010814,Desenganche silencioso
HH010815,Desenganche silencioso
HH010816,Desenganche silencioso
HH010817,Desenganche silencioso
HH010818,Desenganche silencioso
HH010819,Desenganche silencioso
HH010820,Desenganche silencioso
HH010821,Desenganche silencioso
HH010822,Desenganche silencioso
HH010823,Desenganche silencioso
HH010824,Desenganche silencioso
HH010825,Desenganche silencioso
HH010826,Externalización activa
HH010827,Desenganche silencioso
HH010828,Desenganche silencioso
HH010829,Salida con el banquero
HH010830,Desenganche silencioso
HH010831,Desenganche silencioso
HH010832,Desenganche silencioso
HH010833,Externalización activa
HH010834,Desenganche silencioso
HH010835,Desenganche silencioso
HH010836,Desenganche silencioso
HH010837,Desenganche silencioso
HH010838,Desenganche silencioso
HH010839,Desenganche silencioso
HH010840,Desenganche silencioso
HH010841,Desenganche silencioso
HH010842,Desenganche silencioso
HH010843,Desenganche silencioso
HH010844,Desenganche silencioso
HH010845,Desenganche silencioso
HH010846,Desenganche silencioso
HH010847,Desenganche silencioso
HH010848,Desenganche silencioso
HH010849,Desenganche silencioso
HH010850,Desenganche silencioso
HH010851,Desenganche silencioso
HH010852,Desenganche silencioso
HH010853,Desenganche silencioso
HH010854,Desenganche silencioso
HH010855,Desenganche silencioso
HH010856,Desenganche silencioso
HH010857,Desenganche silencioso
HH010858,Desenganche silencioso
HH010859,Desenganche silencioso
HH010860,Desenganche silencioso
HH010861,Desenganche silencioso
HH010862,Desenganche silencioso
HH010863,Salida con el banquero
HH010864,Salida con el banquero
HH010865,Desenganche silencioso
HH010866,Desenganche silencioso
HH010867,Desenganche silencioso
HH010868,Desenganche silencioso
HH010869,Desenganche silencioso
HH010870,Desenganche silencioso
HH010871,Desenganche silencioso
HH010872,Desenganche silencioso
HH010873,Desenganche silencioso
HH010874,Desenganche silencioso
HH010875,Desenganche silencioso
HH010876,Desenganche silencioso
HH010877,Desenganche silencioso
HH010878,Desenganche silencioso
HH010879,Desenganche silencioso
HH010880,Desenganche silencioso
HH010881,Desenganche silencioso
HH010882,Desenganche silencioso
HH010883,Desenganche silencioso
HH010884,Desenganche silencioso
HH010885,Desenganche silencioso
HH010886,Desenganche silencioso
HH010887,Desenganche silencioso
HH010888,Desenganche silencioso
HH010889,Desenganche silencioso
HH010890,Desenganche silencioso
HH010891,Desenganche silencioso
HH010892,Salida con el banquero
HH010893,Desenganche silencioso
HH010894,Desenganche silencioso
HH010895,Desenganche silencioso
HH010896,Desenganche silencioso
HH010897,Externalización activa
HH010898,Desenganche silencioso
HH010899,Desenganche silencioso
HH010900,Salida con el banquero
HH010901,Desenganche silencioso
HH010902,Desenganche silencioso
HH010903,Desenganche silencioso
HH010904,Externalización activa
HH010905,Desenganche silencioso
HH010906,Desenganche silencioso
HH010907,Externalización activa
HH010908,Desenganche silencioso
HH010909,Desenganche silencioso
HH010910,Desenganche silencioso
HH010911,Desenganche silencioso
HH010912,Desenganche silencioso
HH010913,Desenganche silencioso
HH010914,Desenganche silencioso
HH010915,Salida con el banquero
HH010916,Desenganche silencioso
HH010917,Desenganche silencioso
HH010918,Desenganche silencioso
HH010919,Desenganche silencioso
HH010920,Salida con el banquero
HH010921,Desenganche silencioso
HH010922,Desenganche silencioso
HH010923,Desenganche silencioso
HH010924,Desenganche silencioso
HH010925,Desenganche silencioso
HH010926,Salida con el banquero
HH010927,Desenganche silencioso
HH010928,Desenganche silencioso
HH010929,Desenganche silencioso
HH010930,Desenganche silencioso
HH010931,Desenganche silencioso
HH010932,Desenganche silencioso
HH010933,Desenganche silencioso
HH010934,Desenganche silencioso
HH010935,Desenganche silencioso
HH010936,Salida con el banquero
HH010937,Desenganche silencioso
HH010938,Desenganche silencioso
HH010939,Desenganche silencioso
HH010940,Desenganche silencioso
HH010941,Desenganche silencioso
HH010942,Desenganche silencioso
HH010943,Desenganche silencioso
HH010944,Desenganche silencioso
HH010945,Desenganche silencioso
HH010946,Desenganche silencioso
HH010947,Desenganche silencioso
HH010948,Salida con el banquero
HH010949,Desenganche silencioso
HH010950,Desenganche silencioso
HH010951,Desenganche silencioso
HH010952,Desenganche silencioso
HH010953,Desenganche silencioso
HH010954,Salida con el banquero
HH010955,Desenganche silencioso
HH010956,Desenganche silencioso
HH010957,Desenganche silencioso
HH010958,Desenganche silencioso
HH010959,Desenganche silencioso
HH010960,Desenganche silencioso
HH010961,Desenganche silencioso
HH010962,Desenganche silencioso
HH010963,Desenganche silencioso
HH010964,Desenganche silencioso
HH010965,Desenganche silencioso
HH010966,Salida con el banquero
HH010967,Desenganche silencioso
HH010968,Desenganche silencioso
HH010969,Desenganche silencioso
HH010970,Desenganche silencioso
HH010971,Desenganche silencioso
HH010972,Salida con el banquero
HH010973,Desenganche silencioso
HH010974,Desenganche silencioso
HH010975,Desenganche silencioso
HH010976,Desenganche silencioso
HH010977,Desenganche silencioso
HH010978,Desenganche silencioso
HH010979,Desenganche silencioso
HH010980,Externalización activa
HH010981,Desenganche silencioso
HH010982,Desenganche silencioso
HH010983,Desenganche silencioso
HH010984,Desenganche silencioso
HH010985,Salida con el banquero
HH010986,Desenganche silencioso
HH010987,Desenganche silencioso
HH010988,Desenganche silencioso
HH010989,Desenganche silencioso
HH010990,Desenganche silencioso
HH010991,Desenganche silencioso
HH010992,Externalización activa
HH010993,Desenganche silencioso
HH010994,Desenganche silencioso
HH010995,Salida con el banquero
HH010996,Salida con el banquero
HH010997,Desenganche silencioso
HH010998,Desenganche silencioso
HH010999,Desenganche silencioso
HH011000,Desenganche silencioso
HH011001,Desenganche silencioso
HH011002,Desenganche silencioso
HH011003,Desenganche silencioso
HH011004,Desenganche silencioso
HH011005,Salida con el banquero
HH011006,Salida con el banquero
HH011007,Desenganche silencioso
HH011008,Desenganche silencioso
HH011009,Desenganche silencioso
HH011010,Desenganche silencioso
HH011011,Desenganche silencioso
HH011012,Desenganche silencioso
HH011013,Desenganche silencioso
HH011014,Desenganche silencioso
HH011015,Externalización activa
HH011016,Desenganche silencioso
HH011017,Desenganche silencioso
HH011018,Desenganche silencioso
HH011019,Desenganche silencioso
HH011020,Desenganche silencioso
HH011021,Desenganche silencioso
HH011022,Desenganche silencioso
HH011023,Desenganche silencioso
HH011024,Desenganche silencioso
HH011025,Desenganche silencioso
HH011026,Desenganche silencioso
HH011027,Desenganche silencioso
HH011028,Desenganche silencioso
HH011029,Desenganche silencioso
HH011030,Desenganche silencioso
HH011031,Desenganche silencioso
HH011032,Desenganche silencioso
HH011033,Salida con el banquero
HH011034,Desenganche silencioso
HH011035,Desenganche silencioso
HH011036,Desenganche silencioso
HH011037,Externalización activa
HH011038,Externalización activa
HH011039,Desenganche silencioso
HH011040,Desenganche silencioso
HH011041,Desenganche silencioso
HH011042,Desenganche silencioso
HH011043,Desenganche silencioso
HH011044,Desenganche silencioso
HH011045,Externalización activa
HH011046,Desenganche silencioso
HH011047,Desenganche silencioso
HH011048,Desenganche silencioso
HH011049,Desenganche silencioso
HH011050,Desenganche silencioso
HH011051,Desenganche silencioso
HH011052,Desenganche silencioso
HH011053,Desenganche silencioso
HH011054,Salida con el banquero
HH011055,Desenganche silencioso
HH011056,Desenganche silencioso
HH011057,Desenganche silencioso
HH011058,Desenganche silencioso
HH011059,Salida con el banquero
HH011060,Desenganche silencioso
HH011061,Desenganche silencioso
HH011062,Desenganche silencioso
HH011063,Desenganche silencioso
HH011064,Desenganche silencioso
HH011065,Desenganche silencioso
HH011066,Externalización activa
HH011067,Desenganche silencioso
HH011068,Desenganche silencioso
HH011069,Salida con el banquero
HH011070,Desenganche silencioso
HH011071,Desenganche silencioso
HH011072,Desenganche silencioso
HH011073,Desenganche silencioso
HH011074,Desenganche silencioso
HH011075,Desenganche silencioso
HH011076,Desenganche silencioso
HH011077,Desenganche silencioso
HH011078,Desenganche silencioso
HH011079,Salida con el banquero
HH011080,Desenganche silencioso
HH011081,Desenganche silencioso
HH011082,Salida con el banquero
HH011083,Desenganche silencioso
HH011084,Desenganche silencioso
HH011085,Desenganche silencioso
HH011086,Desenganche silencioso
HH011087,Desenganche silencioso
HH011088,Desenganche silencioso
HH011089,Desenganche silencioso
HH011090,Desenganche silencioso
HH011091,Externalización activa
HH011092,Desenganche silencioso
HH011093,Salida con el banquero
HH011094,Desenganche silencioso
HH011095,Desenganche silencioso
HH011096,Salida con el banquero
HH011097,Salida con el banquero
HH011098,Desenganche silencioso
HH011099,Desenganche silencioso
HH011100,Desenganche silencioso
HH011101,Salida con el banquero
HH011102,Desenganche silencioso
HH011103,Desenganche silencioso
HH011104,Desenganche silencioso
HH011105,Salida con el banquero
HH011106,Desenganche silencioso
HH011107,Desenganche silencioso
HH011108,Desenganche silencioso
HH011109,Desenganche silencioso
HH011110,Salida con el banquero
HH011111,Desenganche silencioso
HH011112,Desenganche silencioso
HH011113,Salida con el banquero
HH011114,Desenganche silencioso
HH011115,Externalización activa
HH011116,Desenganche silencioso
HH011117,Desenganche silencioso
HH011118,Desenganche silencioso
HH011119,Salida con el banquero
HH011120,Desenganche silencioso
HH011121,Desenganche silencioso
HH011122,Desenganche silencioso
HH011123,Desenganche silencioso
HH011124,Desenganche silencioso
HH011125,Externalización activa
HH011126,Desenganche silencioso
HH011127,Desenganche silencioso
HH011128,Externalización activa
HH011129,Desenganche silencioso
HH011130,Salida con el banquero
HH011131,Desenganche silencioso
HH011132,Desenganche silencioso
HH011133,Desenganche silencioso
HH011134,Desenganche silencioso
HH011135,Desenganche silencioso
HH011136,Desenganche silencioso
HH011137,Desenganche silencioso
HH011138,Desenganche silencioso
HH011139,Desenganche silencioso
HH011140,Desenganche silencioso
HH011141,Desenganche silencioso
HH011142,Externalización activa
HH011143,Salida con el banquero
HH011144,Desenganche silencioso
HH011145,Salida con el banquero
HH011146,Desenganche silencioso
HH011147,Desenganche silencioso
HH011148,Desenganche silencioso
HH011149,Desenganche silencioso
HH011150,Desenganche silencioso
HH011151,Desenganche silencioso
HH011152,Salida con el banquero
HH011153,Externalización activa
HH011154,Desenganche silencioso
HH011155,Salida con el banquero
HH011156,Salida con el banquero
HH011157,Desenganche silencioso
HH011158,Desenganche silencioso
HH011159,Desenganche silencioso
HH011160,Salida con el banquero
HH011161,Externalización activa
HH011162,Desenganche silencioso
HH011163,Salida con el banquero
HH011164,Desenganche silencioso
HH011165,Desenganche silencioso
HH011166,Desenganche silencioso
HH011167,Salida con el banquero
HH011168,Desenganche silencioso
HH011169,Desenganche silencioso
HH011170,Salida con el banquero
HH011171,Externalización activa
HH011172,Desenganche silencioso
HH011173,Desenganche silencioso
HH011174,Desenganche silencioso
HH011175,Desenganche silencioso
HH011176,Desenganche silencioso
HH011177,Desenganche silencioso
HH011178,Desenganche silencioso
HH011179,Desenganche silencioso
HH011180,Desenganche silencioso
HH011181,Salida con el banquero
HH011182,Desenganche silencioso
HH011183,Salida con el banquero
HH011184,Desenganche silencioso
HH011185,Externalización activa
HH011186,Desenganche silencioso
HH011187,Desenganche silencioso
HH011188,Desenganche silencioso
HH011189,Desenganche silencioso
HH011190,Salida con el banquero
HH011191,Desenganche silencioso
HH011192,Desenganche silencioso
HH011193,Desenganche silencioso
HH011194,Desenganche silencioso
HH011195,Desenganche silencioso
HH011196,Salida con el banquero
HH011197,Desenganche silencioso
HH011198,Desenganche silencioso
HH011199,Desenganche silencioso
HH011200,Desenganche silencioso
HH011201,Desenganche silencioso
HH011202,Desenganche silencioso
HH011203,Desenganche silencioso
HH011204,Desenganche silencioso
HH011205,Desenganche silencioso
HH011206,Desenganche silencioso
HH011207,Desenganche silencioso
HH011208,Desenganche silencioso
HH011209,Salida con el banquero
HH011210,Externalización activa
HH011211,Salida con el banquero
HH011212,Desenganche silencioso
HH011213,Desenganche silencioso
HH011214,Salida con el banquero
HH011215,Desenganche silencioso
HH011216,Desenganche silencioso
HH011217,Desenganche silencioso
HH011218,Desenganche silencioso
HH011219,Desenganche silencioso
HH011220,Desenganche silencioso
HH011221,Desenganche silencioso
HH011222,Desenganche silencioso
HH011223,Externalización activa
HH011224,Desenganche silencioso
HH011225,Salida con el banquero
HH011226,Salida con el banquero
HH011227,Desenganche silencioso
HH011228,Desenganche silencioso
HH011229,Desenganche silencioso
HH011230,Desenganche silencioso
HH011231,Desenganche silencioso
HH011232,Desenganche silencioso
HH011233,Desenganche silencioso
HH011234,Desenganche silencioso
HH011235,Desenganche silencioso
HH011236,Desenganche silencioso
HH011237,Desenganche silencioso
HH011238,Desenganche silencioso
HH011239,Desenganche silencioso
HH011240,Desenganche silencioso
HH011241,Salida con el banquero
HH011242,Desenganche silencioso
HH011243,Salida con el banquero
HH011244,Desenganche silencioso
HH011245,Desenganche silencioso
HH011246,Desenganche silencioso
HH011247,Desenganche silencioso
HH011248,Desenganche silencioso
HH011249,Desenganche silencioso
HH011250,Desenganche silencioso
HH011251,Desenganche silencioso
HH011252,Desenganche silencioso
HH011253,Externalización activa
HH011254,Desenganche silencioso
HH011255,Desenganche silencioso
HH011256,Desenganche silencioso
HH011257,Desenganche silencioso
HH011258,Desenganche silencioso
HH011259,Desenganche silencioso
HH011260,Desenganche silencioso
HH011261,Desenganche silencioso
HH011262,Desenganche silencioso
HH011263,Desenganche silencioso
HH011264,Desenganche silencioso
HH011265,Desenganche silencioso
HH011266,Desenganche silencioso
HH011267,Salida con el banquero
HH011268,Desenganche silencioso
HH011269,Externalización activa
HH011270,Desenganche silencioso
HH011271,Salida con el banquero
HH011272,Desenganche silencioso
HH011273,Desenganche silencioso
HH011274,Desenganche silencioso
HH011275,Externalización activa
HH011276,Desenganche silencioso
HH011277,Desenganche silencioso
HH011278,Externalización activa
HH011279,Externalización activa
HH011280,Desenganche silencioso
HH011281,Desenganche silencioso
HH011282,Desenganche silencioso
HH011283,Desenganche silencioso
HH011284,Desenganche silencioso
HH011285,Desenganche silencioso
HH011286,Desenganche silencioso
HH011287,Desenganche silencioso
HH011288,Desenganche silencioso
HH011289,Salida con el banquero
HH011290,Desenganche silencioso
HH011291,Desenganche silencioso
HH011292,Desenganche silencioso
HH011293,Externalización activa
HH011294,Desenganche silencioso
HH011295,Externalización activa
HH011296,Desenganche silencioso
HH011297,Desenganche silencioso
HH011298,Externalización activa
HH011299,Desenganche silencioso
HH011300,Desenganche silencioso
HH011301,Salida con el banquero
HH011302,Desenganche silencioso
HH011303,Desenganche silencioso
HH011304,Desenganche silencioso
HH011305,Desenganche silencioso
HH011306,Desenganche silencioso
HH011307,Desenganche silencioso
HH011308,Desenganche silencioso
HH011309,Desenganche silencioso
HH011310,Desenganche silencioso
HH011311,Desenganche silencioso
HH011312,Desenganche silencioso
HH011313,Desenganche silencioso
HH011314,Desenganche silencioso
HH011315,Desenganche silencioso
HH011316,Salida con el banquero
HH011317,Desenganche silencioso
HH011318,Externalización activa
HH011319,Desenganche silencioso
HH011320,Desenganche silencioso
HH011321,Desenganche silencioso
HH011322,Externalización activa
HH011323,Desenganche silencioso
HH011324,Desenganche silencioso
HH011325,Desenganche silencioso
HH011326,Desenganche silencioso
HH011327,Desenganche silencioso
HH011328,Salida con el banquero
HH011329,Salida con el banquero
HH011330,Desenganche silencioso
HH011331,Desenganche silencioso
HH011332,Desenganche silencioso
HH011333,Desenganche silencioso
HH011334,Desenganche silencioso
HH011335,Desenganche silencioso
HH011336,Desenganche silencioso
HH011337,Externalización activa
HH011338,Desenganche silencioso
HH011339,Externalización activa
HH011340,Salida con el banquero
HH011341,Externalización activa
HH011342,Salida con el banquero
HH011343,Desenganche silencioso
HH011344,Desenganche silencioso
HH011345,Salida con el banquero
HH011346,Desenganche silencioso
HH011347,Desenganche silencioso
HH011348,Desenganche silencioso
HH011349,Desenganche silencioso
HH011350,Desenganche silencioso
HH011351,Desenganche silencioso
HH011352,Desenganche silencioso
HH011353,Desenganche silencioso
HH011354,Desenganche silencioso
HH011355,Desenganche silencioso
HH011356,Desenganche silencioso
HH011357,Desenganche silencioso
HH011358,Desenganche silencioso
HH011359,Desenganche silencioso
HH011360,Desenganche silencioso
HH011361,Desenganche silencioso
HH011362,Desenganche silencioso
HH011363,Desenganche silencioso
HH011364,Desenganche silencioso
HH011365,Desenganche silencioso
HH011366,Desenganche silencioso
HH011367,Desenganche silencioso
HH011368,Desenganche silencioso
HH011369,Desenganche silencioso
HH011370,Desenganche silencioso
HH011371,Desenganche silencioso
HH011372,Desenganche silencioso
HH011373,Desenganche silencioso
HH011374,Desenganche silencioso
HH011375,Desenganche silencioso
HH011376,Desenganche silencioso
HH011377,Salida con el banquero
HH011378,Desenganche silencioso
HH011379,Desenganche silencioso
HH011380,Desenganche silencioso
HH011381,Desenganche silencioso
HH011382,Desenganche silencioso
HH011383,Desenganche silencioso
HH011384,Desenganche silencioso
HH011385,Desenganche silencioso
HH011386,Desenganche silencioso
HH011387,Desenganche silencioso
HH011388,Desenganche silencioso
HH011389,Desenganche silencioso
HH011390,Desenganche silencioso
HH011391,Desenganche silencioso
HH011392,Salida con el banquero
HH011393,Desenganche silencioso
HH011394,Desenganche silencioso
HH011395,Desenganche silencioso
HH011396,Desenganche silencioso
HH011397,Desenganche silencioso
HH011398,Desenganche silencioso
HH011399,Salida con el banquero
HH011400,Salida con el banquero
HH011401,Desenganche silencioso
HH011402,Desenganche silencioso
HH011403,Desenganche silencioso
HH011404,Desenganche silencioso
HH011405,Salida con el banquero
HH011406,Desenganche silencioso
HH011407,Desenganche silencioso
HH011408,Desenganche silencioso
HH011409,Desenganche silencioso
HH011410,Salida con el banquero
HH011411,Desenganche silencioso
HH011412,Desenganche silencioso
HH011413,Salida con el banquero
HH011414,Desenganche silencioso
HH011415,Desenganche silencioso
HH011416,Desenganche silencioso
HH011417,Desenganche silencioso
HH011418,Desenganche silencioso
HH011419,Desenganche silencioso
HH011420,Desenganche silencioso
HH011421,Desenganche silencioso
HH011422,Desenganche silencioso
HH011423,Desenganche silencioso
HH011424,Salida con el banquero
HH011425,Desenganche silencioso
HH011426,Desenganche silencioso
HH011427,Desenganche silencioso
HH011428,Desenganche silencioso
HH011429,Desenganche silencioso
HH011430,Desenganche silencioso
HH011431,Desenganche silencioso
HH011432,Desenganche silencioso
HH011433,Desenganche silencioso
HH011434,Salida con el banquero
HH011435,Externalización activa
HH011436,Desenganche silencioso
HH011437,Desenganche silencioso
HH011438,Desenganche silencioso
HH011439,Desenganche silencioso
HH011440,Desenganche silencioso
HH011441,Externalización activa
HH011442,Desenganche silencioso
HH011443,Desenganche silencioso
HH011444,Desenganche silencioso
HH011445,Desenganche silencioso
HH011446,Desenganche silencioso
HH011447,Salida con el banquero
HH011448,Desenganche silencioso
HH011449,Salida con el banquero
HH011450,Desenganche silencioso
HH011451,Desenganche silencioso
HH011452,Desenganche silencioso
HH011453,Desenganche silencioso
HH011454,Desenganche silencioso
HH011455,Externalización activa
HH011456,Desenganche silencioso
HH011457,Desenganche silencioso
HH011458,Desenganche silencioso
HH011459,Desenganche silencioso
HH011460,Desenganche silencioso
HH011461,Desenganche silencioso
HH011462,Desenganche silencioso
HH011463,Desenganche silencioso
HH011464,Desenganche silencioso
HH011465,Desenganche silencioso
HH011466,Desenganche silencioso
HH011467,Desenganche silencioso
HH011468,Desenganche silencioso
HH011469,Desenganche silencioso
HH011470,Salida con el banquero
HH011471,Desenganche silencioso
HH011472,Externalización activa
HH011473,Desenganche silencioso
HH011474,Desenganche silencioso
HH011475,Desenganche silencioso
HH011476,Desenganche silencioso
HH011477,Externalización activa
HH011478,Desenganche silencioso
HH011479,Desenganche silencioso
HH011480,Desenganche silencioso
HH011481,Desenganche silencioso
HH011482,Desenganche silencioso
HH011483,Desenganche silencioso
HH011484,Desenganche silencioso
HH011485,Externalización activa
HH011486,Desenganche silencioso
HH011487,Desenganche silencioso
HH011488,Salida con el banquero
HH011489,Desenganche silencioso
HH011490,Desenganche silencioso
HH011491,Desenganche silencioso
HH011492,Salida con el banquero
HH011493,Desenganche silencioso
HH011494,Desenganche silencioso
HH011495,Desenganche silencioso
HH011496,Desenganche silencioso
HH011497,Desenganche silencioso
HH011498,Desenganche silencioso
HH011499,Desenganche silencioso
HH011500,Desenganche silencioso
HH011501,Desenganche silencioso
HH011502,Desenganche silencioso
HH011503,Desenganche silencioso
HH011504,Desenganche silencioso
HH011505,Desenganche silencioso
HH011506,Desenganche silencioso
HH011507,Desenganche silencioso
HH011508,Salida con el banquero
HH011509,Desenganche silencioso
HH011510,Desenganche silencioso
HH011511,Desenganche silencioso
HH011512,Desenganche silencioso
HH011513,Desenganche silencioso
HH011514,Salida con el banquero
HH011515,Salida con el banquero
HH011516,Externalización activa
HH011517,Desenganche silencioso
HH011518,Desenganche silencioso
HH011519,Desenganche silencioso
HH011520,Desenganche silencioso
HH011521,Desenganche silencioso
HH011522,Salida con el banquero
HH011523,Desenganche silencioso
HH011524,Desenganche silencioso
HH011525,Desenganche silencioso
HH011526,Desenganche silencioso
HH011527,Desenganche silencioso
HH011528,Desenganche silencioso
HH011529,Desenganche silencioso
HH011530,Externalización activa
HH011531,Desenganche silencioso
HH011532,Desenganche silencioso
HH011533,Desenganche silencioso
HH011534,Desenganche silencioso
HH011535,Desenganche silencioso
HH011536,Salida con el banquero
HH011537,Salida con el banquero
HH011538,Desenganche silencioso
HH011539,Desenganche silencioso
HH011540,Salida con el banquero
HH011541,Desenganche silencioso
HH011542,Desenganche silencioso
HH011543,Desenganche silencioso
HH011544,Desenganche silencioso
HH011545,Desenganche silencioso
HH011546,Desenganche silencioso
HH011547,Desenganche silencioso
HH011548,Desenganche silencioso
HH011549,Desenganche silencioso
HH011550,Desenganche silencioso
HH011551,Salida con el banquero
HH011552,Desenganche silencioso
HH011553,Salida con el banquero
HH011554,Desenganche silencioso
HH011555,Desenganche silencioso
HH011556,Desenganche silencioso
HH011557,Desenganche silencioso
HH011558,Salida con el banquero
HH011559,Desenganche silencioso
HH011560,Desenganche silencioso
HH011561,Desenganche silencioso
HH011562,Desenganche silencioso
HH011563,Desenganche silencioso
HH011564,Desenganche silencioso
HH011565,Desenganche silencioso
HH011566,Desenganche silencioso
HH011567,Desenganche silencioso
HH011568,Desenganche silencioso
HH011569,Desenganche silencioso
HH011570,Desenganche silencioso
HH011571,Desenganche silencioso
HH011572,Desenganche silencioso
HH011573,Desenganche silencioso
HH011574,Desenganche silencioso
HH011575,Desenganche silencioso
HH011576,Desenganche silencioso
HH011577,Desenganche silencioso
HH011578,Desenganche silencioso
HH011579,Externalización activa
HH011580,Desenganche silencioso
HH011581,Desenganche silencioso
HH011582,Desenganche silencioso
HH011583,Externalización activa
HH011584,Desenganche silencioso
HH011585,Desenganche silencioso
HH011586,Desenganche silencioso
HH011587,Desenganche silencioso
HH011588,Desenganche silencioso
HH011589,Desenganche silencioso
HH011590,Externalización activa
HH011591,Desenganche silencioso
HH011592,Desenganche silencioso
HH011593,Salida con el banquero
HH011594,Desenganche silencioso
HH011595,Desenganche silencioso
HH011596,Desenganche silencioso
HH011597,Desenganche silencioso
HH011598,Desenganche silencioso
HH011599,Desenganche silencioso
HH011600,Desenganche silencioso
HH011601,Desenganche silencioso
HH011602,Desenganche silencioso
HH011603,Desenganche silencioso
HH011604,Desenganche silencioso
HH011605,Desenganche silencioso
HH011606,Salida con el banquero
HH011607,Externalización activa
HH011608,Salida con el banquero
HH011609,Desenganche silencioso
HH011610,Desenganche silencioso
HH011611,Desenganche silencioso
HH011612,Desenganche silencioso
HH011613,Desenganche silencioso
HH011614,Desenganche silencioso
HH011615,Desenganche silencioso
HH011616,Desenganche silencioso
HH011617,Desenganche silencioso
HH011618,Desenganche silencioso
HH011619,Desenganche silencioso
HH011620,Desenganche silencioso
HH011621,Desenganche silencioso
HH011622,Desenganche silencioso
HH011623,Desenganche silencioso
HH011624,Desenganche silencioso
HH011625,Desenganche silencioso
HH011626,Desenganche silencioso
HH011627,Salida con el banquero
HH011628,Salida con el banquero
HH011629,Desenganche silencioso
HH011630,Desenganche silencioso
HH011631,Desenganche silencioso
HH011632,Desenganche silencioso
HH011633,Desenganche silencioso
HH011634,Desenganche silencioso
HH011635,Desenganche silencioso
HH011636,Desenganche silencioso
HH011637,Salida con el banquero
HH011638,Desenganche silencioso
HH011639,Salida con el banquero
HH011640,Desenganche silencioso
HH011641,Desenganche silencioso
HH011642,Desenganche silencioso
HH011643,Desenganche silencioso
HH011644,Desenganche silencioso
HH011645,Desenganche silencioso
HH011646,Salida con el banquero
HH011647,Desenganche silencioso
HH011648,Desenganche silencioso
HH011649,Desenganche silencioso
HH011650,Salida con el banquero
HH011651,Salida con el banquero
HH011652,Desenganche silencioso
HH011653,Desenganche silencioso
HH011654,Desenganche silencioso
HH011655,Desenganche silencioso
HH011656,Desenganche silencioso
HH011657,Desenganche silencioso
HH011658,Desenganche silencioso
HH011659,Desenganche silencioso
HH011660,Salida con el banquero
HH011661,Desenganche silencioso
HH011662,Desenganche silencioso
HH011663,Desenganche silencioso
HH011664,Desenganche silencioso
HH011665,Desenganche silencioso
HH011666,Desenganche silencioso
HH011667,Desenganche silencioso
HH011668,Salida con el banquero
HH011669,Desenganche silencioso
HH011670,Desenganche silencioso
HH011671,Desenganche silencioso
HH011672,Desenganche silencioso
HH011673,Desenganche silencioso
HH011674,Desenganche silencioso
HH011675,Desenganche silencioso
HH011676,Desenganche silencioso
HH011677,Desenganche silencioso
HH011678,Desenganche silencioso
HH011679,Desenganche silencioso
HH011680,Desenganche silencioso
HH011681,Desenganche silencioso
HH011682,Desenganche silencioso
HH011683,Desenganche silencioso
HH011684,Desenganche silencioso
HH011685,Desenganche silencioso
HH011686,Desenganche silencioso
HH011687,Desenganche silencioso
HH011688,Externalización activa
HH011689,Salida con el banquero
HH011690,Desenganche silencioso
HH011691,Desenganche silencioso
HH011692,Desenganche silencioso
HH011693,Desenganche silencioso
HH011694,Desenganche silencioso
HH011695,Desenganche silencioso
HH011696,Desenganche silencioso
HH011697,Desenganche silencioso
HH011698,Desenganche silencioso
HH011699,Salida con el banquero
HH011700,Desenganche silencioso
HH011701,Salida con el banquero
HH011702,Desenganche silencioso
HH011703,Desenganche silencioso
HH011704,Salida con el banquero
HH011705,Desenganche silencioso
HH011706,Desenganche silencioso
HH011707,Desenganche silencioso
HH011708,Desenganche silencioso
HH011709,Desenganche silencioso
HH011710,Desenganche silencioso
HH011711,Desenganche silencioso
HH011712,Desenganche silencioso
HH011713,Salida con el banquero
HH011714,Desenganche silencioso
HH011715,Desenganche silencioso
HH011716,Desenganche silencioso
HH011717,Salida con el banquero
HH011718,Desenganche silencioso
HH011719,Externalización activa
HH011720,Desenganche silencioso
HH011721,Desenganche silencioso
HH011722,Salida con el banquero
HH011723,Salida con el banquero
HH011724,Desenganche silencioso
HH011725,Desenganche silencioso
HH011726,Desenganche silencioso
HH011727,Desenganche silencioso
HH011728,Desenganche silencioso
HH011729,Desenganche silencioso
HH011730,Desenganche silencioso
HH011731,Desenganche silencioso
HH011732,Desenganche silencioso
HH011733,Desenganche silencioso
HH011734,Desenganche silencioso
HH011735,Desenganche silencioso
HH011736,Desenganche silencioso
HH011737,Salida con el banquero
HH011738,Desenganche silencioso
HH011739,Salida con el banquero
HH011740,Externalización activa
HH011741,Desenganche silencioso
HH011742,Desenganche silencioso
HH011743,Desenganche silencioso
HH011744,Salida con el banquero
HH011745,Desenganche silencioso
HH011746,Desenganche silencioso
HH011747,Desenganche silencioso
HH011748,Desenganche silencioso
HH011749,Salida con el banquero
HH011750,Desenganche silencioso
HH011751,Desenganche silencioso
HH011752,Desenganche silencioso
HH011753,Desenganche silencioso
HH011754,Desenganche silencioso
HH011755,Desenganche silencioso
HH011756,Desenganche silencioso
HH011757,Desenganche silencioso
HH011758,Salida con el banquero
HH011759,Desenganche silencioso
HH011760,Salida con el banquero
HH011761,Externalización activa
HH011762,Desenganche silencioso
HH011763,Desenganche silencioso
HH011764,Desenganche silencioso
HH011765,Externalización activa
HH011766,Desenganche silencioso
HH011767,Desenganche silencioso
HH011768,Desenganche silencioso
HH011769,Desenganche silencioso
HH011770,Desenganche silencioso
HH011771,Externalización activa
HH011772,Desenganche silencioso
HH011773,Desenganche silencioso
HH011774,Desenganche silencioso
HH011775,Salida con el banquero
HH011776,Desenganche silencioso
HH011777,Desenganche silencioso
HH011778,Salida con el banquero
HH011779,Salida con el banquero
HH011780,Desenganche silencioso
HH011781,Desenganche silencioso
HH011782,Salida con el banquero
HH011783,Externalización activa
HH011784,Desenganche silencioso
HH011785,Desenganche silencioso
HH011786,Desenganche silencioso
HH011787,Desenganche silencioso
HH011788,Desenganche silencioso
HH011789,Desenganche silencioso
HH011790,Externalización activa
HH011791,Desenganche silencioso
HH011792,Desenganche silencioso
HH011793,Desenganche silencioso
HH011794,Desenganche silencioso
HH011795,Desenganche silencioso
HH011796,Desenganche silencioso
HH011797,Desenganche silencioso
HH011798,Desenganche silencioso
HH011799,Desenganche silencioso
HH011800,Desenganche silencioso
HH011801,Desenganche silencioso
HH011802,Desenganche silencioso
HH011803,Desenganche silencioso
HH011804,Desenganche silencioso
HH011805,Desenganche silencioso
HH011806,Desenganche silencioso
HH011807,Desenganche silencioso
HH011808,Desenganche silencioso
HH011809,Desenganche silencioso
HH011810,Desenganche silencioso
HH011811,Desenganche silencioso
HH011812,Externalización activa
HH011813,Desenganche silencioso
HH011814,Desenganche silencioso
HH011815,Desenganche silencioso
HH011816,Desenganche silencioso
HH011817,Externalización activa
HH011818,Desenganche silencioso
HH011819,Salida con el banquero
HH011820,Desenganche silencioso
HH011821,Desenganche silencioso
HH011822,Desenganche silencioso
HH011823,Desenganche silencioso
HH011824,Desenganche silencioso
HH011825,Desenganche silencioso
HH011826,Desenganche silencioso
HH011827,Desenganche silencioso
HH011828,Externalización activa
HH011829,Desenganche silencioso
HH011830,Desenganche silencioso
HH011831,Salida con el banquero
HH011832,Desenganche silencioso
HH011833,Desenganche silencioso
HH011834,Desenganche silencioso
HH011835,Desenganche silencioso
HH011836,Desenganche silencioso
HH011837,Desenganche silencioso
HH011838,Desenganche silencioso
HH011839,Desenganche silencioso
HH011840,Salida con el banquero
HH011841,Desenganche silencioso
HH011842,Desenganche silencioso
HH011843,Desenganche silencioso
HH011844,Salida con el banquero
HH011845,Desenganche silencioso
HH011846,Desenganche silencioso
HH011847,Externalización activa
HH011848,Desenganche silencioso
HH011849,Desenganche silencioso
HH011850,Desenganche silencioso
HH011851,Desenganche silencioso
HH011852,Desenganche silencioso
HH011853,Desenganche silencioso
HH011854,Desenganche silencioso
HH011855,Desenganche silencioso
HH011856,Desenganche silencioso
HH011857,Desenganche silencioso
HH011858,Desenganche silencioso
HH011859,Desenganche silencioso
HH011860,Desenganche silencioso
HH011861,Desenganche silencioso
HH011862,Desenganche silencioso
HH011863,Externalización activa
HH011864,Desenganche silencioso
HH011865,Desenganche silencioso
HH011866,Desenganche silencioso
HH011867,Externalización activa
HH011868,Desenganche silencioso
HH011869,Desenganche silencioso
HH011870,Desenganche silencioso
HH011871,Desenganche silencioso
HH011872,Externalización activa
HH011873,Desenganche silencioso
HH011874,Desenganche silencioso
HH011875,Desenganche silencioso
HH011876,Desenganche silencioso
HH011877,Salida con el banquero
HH011878,Desenganche silencioso
HH011879,Desenganche silencioso
HH011880,Desenganche silencioso
HH011881,Desenganche silencioso
HH011882,Externalización activa
HH011883,Desenganche silencioso
HH011884,Desenganche silencioso
HH011885,Desenganche silencioso
HH011886,Desenganche silencioso
HH011887,Desenganche silencioso
HH011888,Desenganche silencioso
HH011889,Desenganche silencioso
HH011890,Desenganche silencioso
HH011891,Salida con el banquero
HH011892,Desenganche silencioso
HH011893,Desenganche silencioso
HH011894,Desenganche silencioso
HH011895,Desenganche silencioso
HH011896,Salida con el banquero
HH011897,Desenganche silencioso
HH011898,Desenganche silencioso
HH011899,Externalización activa
HH011900,Desenganche silencioso
HH011901,Externalización activa
HH011902,Desenganche silencioso
HH011903,Desenganche silencioso
HH011904,Desenganche silencioso
HH011905,Salida con el banquero
HH011906,Desenganche silencioso
HH011907,Desenganche silencioso
HH011908,Desenganche silencioso
HH011909,Desenganche silencioso
HH011910,Desenganche silencioso
HH011911,Desenganche silencioso
HH011912,Desenganche silencioso
HH011913,Desenganche silencioso
HH011914,Desenganche silencioso
HH011915,Desenganche silencioso
HH011916,Desenganche silencioso
HH011917,Desenganche silencioso
HH011918,Desenganche silencioso
HH011919,Desenganche silencioso
HH011920,Externalización activa
HH011921,Externalización activa
HH011922,Desenganche silencioso
HH011923,Salida con el banquero
HH011924,Desenganche silencioso
HH011925,Desenganche silencioso
HH011926,Desenganche silencioso
HH011927,Desenganche silencioso
HH011928,Desenganche silencioso
HH011929,Desenganche silencioso
HH011930,Desenganche silencioso
HH011931,Desenganche silencioso
HH011932,Salida con el banquero
HH011933,Desenganche silencioso
HH011934,Desenganche silencioso
HH011935,Desenganche silencioso
HH011936,Desenganche silencioso
HH011937,Desenganche silencioso
HH011938,Desenganche silencioso
HH011939,Desenganche silencioso
HH011940,Desenganche silencioso
HH011941,Desenganche silencioso
HH011942,Desenganche silencioso
HH011943,Desenganche silencioso
HH011944,Desenganche silencioso
HH011945,Desenganche silencioso
HH011946,Desenganche silencioso
HH011947,Desenganche silencioso
HH011948,Desenganche silencioso
HH011949,Desenganche silencioso
HH011950,Desenganche silencioso
HH011951,Desenganche silencioso
HH011952,Desenganche silencioso
HH011953,Desenganche silencioso
HH011954,Desenganche silencioso
HH011955,Desenganche silencioso
HH011956,Desenganche silencioso
HH011957,Desenganche silencioso
HH011958,Salida con el banquero
HH011959,Desenganche silencioso
HH011960,Desenganche silencioso
HH011961,Desenganche silencioso
HH011962,Desenganche silencioso
HH011963,Desenganche silencioso
HH011964,Desenganche silencioso
HH011965,Desenganche silencioso
HH011966,Salida con el banquero
HH011967,Salida con el banquero
HH011968,Desenganche silencioso
HH011969,Desenganche silencioso
HH011970,Desenganche silencioso
HH011971,Desenganche silencioso
HH011972,Desenganche silencioso
HH011973,Desenganche silencioso
HH011974,Desenganche silencioso
HH011975,Desenganche silencioso
HH011976,Desenganche silencioso
HH011977,Desenganche silencioso
HH011978,Desenganche silencioso
HH011979,Desenganche silencioso
HH011980,Desenganche silencioso
HH011981,Desenganche silencioso
HH011982,Desenganche silencioso
HH011983,Desenganche silencioso
HH011984,Desenganche silencioso
HH011985,Desenganche silencioso
HH011986,Desenganche silencioso
HH011987,Desenganche silencioso
HH011988,Desenganche silencioso
HH011989,Desenganche silencioso
HH011990,Externalización activa
HH011991,Salida con el banquero
HH011992,Salida con el banquero
HH011993,Desenganche silencioso
HH011994,Desenganche silencioso
HH011995,Desenganche silencioso
HH011996,Externalización activa
HH011997,Desenganche silencioso
HH011998,Desenganche silencioso
HH011999,Desenganche silencioso
HH012000,Desenganche silencioso
HH012001,Salida con el banquero
HH012002,Desenganche silencioso
HH012003,Salida con el banquero
HH012004,Desenganche silencioso
HH012005,Desenganche silencioso
HH012006,Desenganche silencioso
HH012007,Desenganche silencioso
HH012008,Desenganche silencioso
HH012009,Desenganche silencioso
HH012010,Desenganche silencioso
HH012011,Desenganche silencioso
HH012012,Externalización activa
HH012013,Salida con el banquero
HH012014,Desenganche silencioso
HH012015,Desenganche silencioso
HH012016,Desenganche silencioso
HH012017,Desenganche silencioso
HH012018,Desenganche silencioso
HH012019,Desenganche silencioso
HH012020,Salida con el banquero
HH012021,Desenganche silencioso
HH012022,Desenganche silencioso
HH012023,Desenganche silencioso
HH012024,Desenganche silencioso
HH012025,Desenganche silencioso
HH012026,Desenganche silencioso
HH012027,Desenganche silencioso
HH012028,Desenganche silencioso
HH012029,Desenganche silencioso
HH012030,Salida con el banquero
HH012031,Desenganche silencioso
HH012032,Desenganche silencioso
HH012033,Salida con el banquero
HH012034,Desenganche silencioso
HH012035,Desenganche silencioso
HH012036,Desenganche silencioso
HH012037,Desenganche silencioso
HH012038,Salida con el banquero
HH012039,Desenganche silencioso
HH012040,Desenganche silencioso
HH012041,Desenganche silencioso
HH012042,Desenganche silencioso
HH012043,Desenganche silencioso
HH012044,Desenganche silencioso
HH012045,Desenganche silencioso
HH012046,Desenganche silencioso
HH012047,Desenganche silencioso
HH012048,Desenganche silencioso
HH012049,Desenganche silencioso
HH012050,Desenganche silencioso
HH012051,Desenganche silencioso
HH012052,Desenganche silencioso
HH012053,Desenganche silencioso
HH012054,Desenganche silencioso
HH012055,Externalización activa
HH012056,Desenganche silencioso
HH012057,Desenganche silencioso
HH012058,Desenganche silencioso
HH012059,Desenganche silencioso
HH012060,Desenganche silencioso
HH012061,Desenganche silencioso
HH012062,Desenganche silencioso
HH012063,Desenganche silencioso
HH012064,Desenganche silencioso
HH012065,Desenganche silencioso
HH012066,Desenganche silencioso
HH012067,Externalización activa
HH012068,Salida con el banquero
HH012069,Desenganche silencioso
HH012070,Salida con el banquero
HH012071,Desenganche silencioso
HH012072,Desenganche silencioso
HH012073,Desenganche silencioso
HH012074,Desenganche silencioso
HH012075,Desenganche silencioso
HH012076,Salida con el banquero
HH012077,Desenganche silencioso
HH012078,Desenganche silencioso
HH012079,Desenganche silencioso
HH012080,Externalización activa
HH012081,Salida con el banquero
HH012082,Salida con el banquero
HH012083,Desenganche silencioso
HH012084,Desenganche silencioso
HH012085,Desenganche silencioso
HH012086,Desenganche silencioso
HH012087,Desenganche silencioso
HH012088,Desenganche silencioso
HH012089,Externalización activa
HH012090,Desenganche silencioso
HH012091,Desenganche silencioso
HH012092,Desenganche silencioso
HH012093,Desenganche silencioso
HH012094,Desenganche silencioso
HH012095,Desenganche silencioso
HH012096,Desenganche silencioso
HH012097,Desenganche silencioso
HH012098,Desenganche silencioso
HH012099,Desenganche silencioso
HH012100,Desenganche silencioso
HH012101,Desenganche silencioso
HH012102,Desenganche silencioso
HH012103,Desenganche silencioso
HH012104,Desenganche silencioso
HH012105,Desenganche silencioso
HH012106,Desenganche silencioso
HH012107,Desenganche silencioso
HH012108,Desenganche silencioso
HH012109,Desenganche silencioso
HH012110,Salida con el banquero
HH012111,Desenganche silencioso
HH012112,Desenganche silencioso
HH012113,Desenganche silencioso
HH012114,Desenganche silencioso
HH012115,Externalización activa
HH012116,Desenganche silencioso
HH012117,Desenganche silencioso
HH012118,Salida con el banquero
HH012119,Desenganche silencioso
HH012120,Desenganche silencioso
HH012121,Desenganche silencioso
HH012122,Desenganche silencioso
HH012123,Desenganche silencioso
HH012124,Desenganche silencioso
HH012125,Desenganche silencioso
HH012126,Desenganche silencioso
HH012127,Salida con el banquero
HH012128,Desenganche silencioso
HH012129,Desenganche silencioso
HH012130,Salida con el banquero
HH012131,Desenganche silencioso
HH012132,Desenganche silencioso
HH012133,Desenganche silencioso
HH012134,Desenganche silencioso
HH012135,Desenganche silencioso
HH012136,Desenganche silencioso
HH012137,Desenganche silencioso
HH012138,Desenganche silencioso
HH012139,Desenganche silencioso
HH012140,Desenganche silencioso
HH012141,Desenganche silencioso
HH012142,Desenganche silencioso
HH012143,Salida con el banquero
HH012144,Salida con el banquero
HH012145,Salida con el banquero
HH012146,Desenganche silencioso
HH012147,Desenganche silencioso
HH012148,Desenganche silencioso
HH012149,Externalización activa
HH012150,Desenganche silencioso
HH012151,Desenganche silencioso
HH012152,Desenganche silencioso
HH012153,Externalización activa
HH012154,Salida con el banquero
HH012155,Desenganche silencioso
HH012156,Desenganche silencioso
HH012157,Desenganche silencioso
HH012158,Desenganche silencioso
HH012159,Desenganche silencioso
HH012160,Desenganche silencioso
HH012161,Desenganche silencioso
HH012162,Desenganche silencioso
HH012163,Desenganche silencioso
HH012164,Desenganche silencioso
HH012165,Desenganche silencioso
HH012166,Externalización activa
HH012167,Desenganche silencioso
HH012168,Salida con el banquero
HH012169,Desenganche silencioso
HH012170,Desenganche silencioso
HH012171,Desenganche silencioso
HH012172,Desenganche silencioso
HH012173,Desenganche silencioso
HH012174,Desenganche silencioso
HH012175,Externalización activa
HH012176,Desenganche silencioso
HH012177,Desenganche silencioso
HH012178,Desenganche silencioso
HH012179,Desenganche silencioso
HH012180,Desenganche silencioso
HH012181,Salida con el banquero
HH012182,Desenganche silencioso
HH012183,Desenganche silencioso
HH012184,Desenganche silencioso
HH012185,Desenganche silencioso
HH012186,Salida con el banquero
HH012187,Desenganche silencioso
HH012188,Desenganche silencioso
HH012189,Desenganche silencioso
HH012190,Desenganche silencioso
HH012191,Desenganche silencioso
HH012192,Salida con el banquero
HH012193,Desenganche silencioso
HH012194,Desenganche silencioso
HH012195,Desenganche silencioso
HH012196,Desenganche silencioso
HH012197,Desenganche silencioso
HH012198,Desenganche silencioso
HH012199,Desenganche silencioso
HH012200,Desenganche silencioso
HH012201,Desenganche silencioso
HH012202,Salida con el banquero
HH012203,Desenganche silencioso
HH012204,Salida con el banquero
HH012205,Desenganche silencioso
HH012206,Desenganche silencioso
HH012207,Desenganche silencioso
HH012208,Desenganche silencioso
HH012209,Desenganche silencioso
HH012210,Desenganche silencioso
HH012211,Desenganche silencioso
HH012212,Desenganche silencioso
HH012213,Desenganche silencioso
HH012214,Desenganche silencioso
HH012215,Desenganche silencioso
HH012216,Desenganche silencioso
HH012217,Desenganche silencioso
HH012218,Desenganche silencioso
HH012219,Salida con el banquero
HH012220,Desenganche silencioso
HH012221,Desenganche silencioso
HH012222,Salida con el banquero
HH012223,Desenganche silencioso
HH012224,Desenganche silencioso
HH012225,Desenganche silencioso
HH012226,Desenganche silencioso
HH012227,Desenganche silencioso
HH012228,Desenganche silencioso
HH012229,Desenganche silencioso
HH012230,Desenganche silencioso
HH012231,Desenganche silencioso
HH012232,Salida con el banquero
HH012233,Desenganche silencioso
HH012234,Desenganche silencioso
HH012235,Desenganche silencioso
HH012236,Desenganche silencioso
HH012237,Desenganche silencioso
HH012238,Desenganche silencioso
HH012239,Desenganche silencioso
HH012240,Desenganche silencioso
HH012241,Desenganche silencioso
HH012242,Externalización activa
HH012243,Desenganche silencioso
HH012244,Desenganche silencioso
HH012245,Desenganche silencioso
HH012246,Desenganche silencioso
HH012247,Desenganche silencioso
HH012248,Desenganche silencioso
HH012249,Desenganche silencioso
HH012250,Desenganche silencioso
HH012251,Salida con el banquero
HH012252,Desenganche silencioso
HH012253,Desenganche silencioso
HH012254,Salida con el banquero
HH012255,Externalización activa
HH012256,Desenganche silencioso
HH012257,Desenganche silencioso
HH012258,Externalización activa
HH012259,Desenganche silencioso
HH012260,Desenganche silencioso
HH012261,Desenganche silencioso
HH012262,Desenganche silencioso
HH012263,Desenganche silencioso
HH012264,Desenganche silencioso
HH012265,Desenganche silencioso
HH012266,Desenganche silencioso
HH012267,Desenganche silencioso
HH012268,Desenganche silencioso
HH012269,Desenganche silencioso
HH012270,Desenganche silencioso
HH012271,Desenganche silencioso
HH012272,Desenganche silencioso
HH012273,Desenganche silencioso
HH012274,Desenganche silencioso
HH012275,Desenganche silencioso
HH012276,Desenganche silencioso
HH012277,Externalización activa
HH012278,Desenganche silencioso
HH012279,Desenganche silencioso
HH012280,Desenganche silencioso
HH012281,Desenganche silencioso
HH012282,Desenganche silencioso
HH012283,Desenganche silencioso
HH012284,Desenganche silencioso
HH012285,Desenganche silencioso
HH012286,Desenganche silencioso
HH012287,Desenganche silencioso
HH012288,Externalización activa
HH012289,Desenganche silencioso
HH012290,Salida con el banquero
HH012291,Salida con el banquero
HH012292,Desenganche silencioso
HH012293,Desenganche silencioso
HH012294,Desenganche silencioso
HH012295,Desenganche silencioso
HH012296,Desenganche silencioso
HH012297,Desenganche silencioso
HH012298,Desenganche silencioso
HH012299,Desenganche silencioso
HH012300,Desenganche silencioso
HH012301,Desenganche silencioso
HH012302,Desenganche silencioso
HH012303,Desenganche silencioso
HH012304,Desenganche silencioso
HH012305,Salida con el banquero
HH012306,Desenganche silencioso
HH012307,Desenganche silencioso
HH012308,Desenganche silencioso
HH012309,Desenganche silencioso
HH012310,Desenganche silencioso
HH012311,Externalización activa
HH012312,Desenganche silencioso
HH012313,Salida con el banquero
HH012314,Desenganche silencioso
HH012315,Desenganche silencioso
HH012316,Salida con el banquero
HH012317,Desenganche silencioso
HH012318,Externalización activa
HH012319,Desenganche silencioso
HH012320,Salida con el banquero
HH012321,Desenganche silencioso
HH012322,Externalización activa
HH012323,Desenganche silencioso
HH012324,Desenganche silencioso
HH012325,Desenganche silencioso
HH012326,Desenganche silencioso
HH012327,Desenganche silencioso
HH012328,Desenganche silencioso
HH012329,Salida con el banquero
HH012330,Desenganche silencioso
HH012331,Desenganche silencioso
HH012332,Desenganche silencioso
HH012333,Desenganche silencioso
HH012334,Externalización activa
HH012335,Desenganche silencioso
HH012336,Desenganche silencioso
HH012337,Desenganche silencioso
HH012338,Desenganche silencioso
HH012339,Desenganche silencioso
HH012340,Desenganche silencioso
HH012341,Desenganche silencioso
HH012342,Desenganche silencioso
HH012343,Desenganche silencioso
HH012344,Desenganche silencioso
HH012345,Desenganche silencioso
HH012346,Desenganche silencioso
HH012347,Desenganche silencioso
HH012348,Desenganche silencioso
HH012349,Desenganche silencioso
HH012350,Desenganche silencioso
HH012351,Salida con el banquero
HH012352,Salida con el banquero
HH012353,Desenganche silencioso
HH012354,Desenganche silencioso
HH012355,Externalización activa
HH012356,Externalización activa
HH012357,Desenganche silencioso
HH012358,Desenganche silencioso
HH012359,Salida con el banquero
HH012360,Desenganche silencioso
HH012361,Desenganche silencioso
HH012362,Desenganche silencioso
HH012363,Desenganche silencioso
HH012364,Desenganche silencioso
HH012365,Desenganche silencioso
HH012366,Desenganche silencioso
HH012367,Desenganche silencioso
HH012368,Desenganche silencioso
HH012369,Desenganche silencioso
HH012370,Desenganche silencioso
HH012371,Salida con el banquero
HH012372,Desenganche silencioso
HH012373,Salida con el banquero
HH012374,Desenganche silencioso
HH012375,Desenganche silencioso
HH012376,Desenganche silencioso
HH012377,Desenganche silencioso
HH012378,Desenganche silencioso
HH012379,Desenganche silencioso
HH012380,Desenganche silencioso
HH012381,Desenganche silencioso
HH012382,Desenganche silencioso
HH012383,Desenganche silencioso
HH012384,Desenganche silencioso
HH012385,Salida con el banquero
HH012386,Desenganche silencioso
HH012387,Desenganche silencioso
HH012388,Desenganche silencioso
HH012389,Desenganche silencioso
HH012390,Desenganche silencioso
HH012391,Desenganche silencioso
HH012392,Desenganche silencioso
HH012393,Desenganche silencioso
HH012394,Desenganche silencioso
HH012395,Salida con el banquero
HH012396,Desenganche silencioso
HH012397,Desenganche silencioso
HH012398,Desenganche silencioso
HH012399,Desenganche silencioso
HH012400,Desenganche silencioso
HH012401,Desenganche silencioso
HH012402,Desenganche silencioso
HH012403,Desenganche silencioso
HH012404,Salida con el banquero
HH012405,Desenganche silencioso
HH012406,Desenganche silencioso
HH012407,Salida con el banquero
HH012408,Desenganche silencioso
HH012409,Desenganche silencioso
HH012410,Desenganche silencioso
HH012411,Salida con el banquero
HH012412,Desenganche silencioso
HH012413,Desenganche silencioso
HH012414,Desenganche silencioso
HH012415,Desenganche silencioso
HH012416,Desenganche silencioso
HH012417,Externalización activa
HH012418,Desenganche silencioso
HH012419,Desenganche silencioso
HH012420,Desenganche silencioso
HH012421,Salida con el banquero
HH012422,Desenganche silencioso
HH012423,Desenganche silencioso
HH012424,Desenganche silencioso
HH012425,Desenganche silencioso
HH012426,Desenganche silencioso
HH012427,Externalización activa
HH012428,Desenganche silencioso
HH012429,Desenganche silencioso
HH012430,Desenganche silencioso
HH012431,Desenganche silencioso
HH012432,Desenganche silencioso
HH012433,Desenganche silencioso
HH012434,Desenganche silencioso
HH012435,Externalización activa
HH012436,Desenganche silencioso
HH012437,Externalización activa
HH012438,Desenganche silencioso
HH012439,Desenganche silencioso
HH012440,Externalización activa
HH012441,Salida con el banquero
HH012442,Desenganche silencioso
HH012443,Desenganche silencioso
HH012444,Desenganche silencioso
HH012445,Salida con el banquero
HH012446,Desenganche silencioso
HH012447,Desenganche silencioso
HH012448,Salida con el banquero
HH012449,Salida con el banquero
HH012450,Desenganche silencioso
HH012451,Desenganche silencioso
HH012452,Desenganche silencioso
HH012453,Desenganche silencioso
HH012454,Desenganche silencioso
HH012455,Desenganche silencioso
HH012456,Desenganche silencioso
HH012457,Desenganche silencioso
HH012458,Desenganche silencioso
HH012459,Desenganche silencioso
HH012460,Desenganche silencioso
HH012461,Desenganche silencioso
HH012462,Externalización activa
HH012463,Desenganche silencioso
HH012464,Salida con el banquero
HH012465,Desenganche silencioso
HH012466,Salida con el banquero
HH012467,Desenganche silencioso
HH012468,Desenganche silencioso
HH012469,Desenganche silencioso
HH012470,Desenganche silencioso
HH012471,Externalización activa
HH012472,Desenganche silencioso
HH012473,Salida con el banquero
HH012474,Desenganche silencioso
HH012475,Desenganche silencioso
HH012476,Desenganche silencioso
HH012477,Desenganche silencioso
HH012478,Desenganche silencioso
HH012479,Desenganche silencioso
HH012480,Desenganche silencioso
HH012481,Desenganche silencioso
HH012482,Desenganche silencioso
HH012483,Desenganche silencioso
HH012484,Desenganche silencioso
HH012485,Desenganche silencioso
HH012486,Desenganche silencioso
HH012487,Desenganche silencioso
HH012488,Desenganche silencioso
HH012489,Desenganche silencioso
HH012490,Desenganche silencioso
HH012491,Desenganche silencioso
HH012492,Salida con el banquero
HH012493,Desenganche silencioso
HH012494,Desenganche silencioso
HH012495,Desenganche silencioso
HH012496,Salida con el banquero
HH012497,Desenganche silencioso
HH012498,Desenganche silencioso
HH012499,Desenganche silencioso
HH012500,Externalización activa
HH012501,Salida con el banquero
HH012502,Desenganche silencioso
HH012503,Externalización activa
HH012504,Desenganche silencioso
HH012505,Desenganche silencioso
HH012506,Desenganche silencioso
HH012507,Desenganche silencioso
HH012508,Desenganche silencioso
HH012509,Desenganche silencioso
HH012510,Salida con el banquero
HH012511,Salida con el banquero
HH012512,Externalización activa
HH012513,Desenganche silencioso
HH012514,Desenganche silencioso
HH012515,Desenganche silencioso
HH012516,Desenganche silencioso
HH012517,Desenganche silencioso
HH012518,Externalización activa
HH012519,Externalización activa
HH012520,Desenganche silencioso
HH012521,Desenganche silencioso
HH012522,Desenganche silencioso
HH012523,Desenganche silencioso
HH012524,Desenganche silencioso
HH012525,Desenganche silencioso
HH012526,Desenganche silencioso
HH012527,Desenganche silencioso
HH012528,Desenganche silencioso
HH012529,Desenganche silencioso
HH012530,Desenganche silencioso
HH012531,Desenganche silencioso
HH012532,Externalización activa
HH012533,Desenganche silencioso
HH012534,Desenganche silencioso
HH012535,Desenganche silencioso
HH012536,Desenganche silencioso
HH012537,Desenganche silencioso
HH012538,Externalización activa
HH012539,Desenganche silencioso
HH012540,Desenganche silencioso
HH012541,Desenganche silencioso
HH012542,Desenganche silencioso
HH012543,Salida con el banquero
HH012544,Desenganche silencioso
HH012545,Desenganche silencioso
HH012546,Desenganche silencioso
HH012547,Desenganche silencioso
HH012548,Desenganche silencioso
HH012549,Desenganche silencioso
HH012550,Desenganche silencioso
HH012551,Salida con el banquero
HH012552,Desenganche silencioso
HH012553,Desenganche silencioso
HH012554,Desenganche silencioso
HH012555,Desenganche silencioso
HH012556,Desenganche silencioso
HH012557,Desenganche silencioso
HH012558,Desenganche silencioso
HH012559,Externalización activa
HH012560,Desenganche silencioso
HH012561,Desenganche silencioso
HH012562,Desenganche silencioso
HH012563,Desenganche silencioso
HH012564,Desenganche silencioso
HH012565,Desenganche silencioso
HH012566,Desenganche silencioso
HH012567,Salida con el banquero
HH012568,Desenganche silencioso
HH012569,Desenganche silencioso
HH012570,Desenganche silencioso
HH012571,Salida con el banquero
HH012572,Desenganche silencioso
HH012573,Desenganche silencioso
HH012574,Desenganche silencioso
HH012575,Desenganche silencioso
HH012576,Desenganche silencioso
HH012577,Desenganche silencioso
HH012578,Desenganche silencioso
HH012579,Desenganche silencioso
HH012580,Desenganche silencioso
HH012581,Desenganche silencioso
HH012582,Salida con el banquero
HH012583,Desenganche silencioso
HH012584,Desenganche silencioso
HH012585,Desenganche silencioso
HH012586,Desenganche silencioso
HH012587,Desenganche silencioso
HH012588,Desenganche silencioso
HH012589,Desenganche silencioso
HH012590,Desenganche silencioso
HH012591,Desenganche silencioso
HH012592,Desenganche silencioso
HH012593,Salida con el banquero
HH012594,Desenganche silencioso
HH012595,Desenganche silencioso
HH012596,Externalización activa
HH012597,Desenganche silencioso
HH012598,Desenganche silencioso
HH012599,Desenganche silencioso
HH012600,Desenganche silencioso
HH012601,Desenganche silencioso
HH012602,Externalización activa
HH012603,Salida con el banquero
HH012604,Desenganche silencioso
HH012605,Desenganche silencioso
HH012606,Desenganche silencioso
HH012607,Desenganche silencioso
HH012608,Externalización activa
HH012609,Desenganche silencioso
HH012610,Desenganche silencioso
HH012611,Desenganche silencioso
HH012612,Externalización activa
HH012613,Externalización activa
HH012614,Desenganche silencioso
HH012615,Desenganche silencioso
HH012616,Desenganche silencioso
HH012617,Desenganche silencioso
HH012618,Desenganche silencioso
HH012619,Desenganche silencioso
HH012620,Desenganche silencioso
HH012621,Desenganche silencioso
HH012622,Desenganche silencioso
HH012623,Externalización activa
HH012624,Desenganche silencioso
HH012625,Desenganche silencioso
HH012626,Desenganche silencioso
HH012627,Desenganche silencioso
HH012628,Desenganche silencioso
HH012629,Salida con el banquero
HH012630,Desenganche silencioso
HH012631,Externalización activa
HH012632,Desenganche silencioso
HH012633,Desenganche silencioso
HH012634,Externalización activa
HH012635,Desenganche silencioso
HH012636,Desenganche silencioso
HH012637,Salida con el banquero
HH012638,Desenganche silencioso
HH012639,Desenganche silencioso
HH012640,Desenganche silencioso
HH012641,Desenganche silencioso
HH012642,Salida con el banquero
HH012643,Externalización activa
HH012644,Desenganche silencioso
HH012645,Desenganche silencioso
HH012646,Desenganche silencioso
HH012647,Externalización activa
HH012648,Salida con el banquero
HH012649,Desenganche silencioso
HH012650,Desenganche silencioso
HH012651,Desenganche silencioso
HH012652,Desenganche silencioso
HH012653,Desenganche silencioso
HH012654,Desenganche silencioso
HH012655,Desenganche silencioso
HH012656,Desenganche silencioso
HH012657,Desenganche silencioso
HH012658,Desenganche silencioso
HH012659,Desenganche silencioso
HH012660,Desenganche silencioso
HH012661,Desenganche silencioso
HH012662,Externalización activa
HH012663,Desenganche silencioso
HH012664,Desenganche silencioso
HH012665,Desenganche silencioso
HH012666,Externalización activa
HH012667,Desenganche silencioso
HH012668,Salida con el banquero
HH012669,Desenganche silencioso
HH012670,Salida con el banquero
HH012671,Desenganche silencioso
HH012672,Desenganche silencioso
HH012673,Desenganche silencioso
HH012674,Desenganche silencioso
HH012675,Desenganche silencioso
HH012676,Desenganche silencioso
HH012677,Desenganche silencioso
HH012678,Desenganche silencioso
HH012679,Desenganche silencioso
HH012680,Desenganche silencioso
HH012681,Desenganche silencioso
HH012682,Desenganche silencioso
HH012683,Desenganche silencioso
HH012684,Desenganche silencioso
HH012685,Desenganche silencioso
HH012686,Desenganche silencioso
HH012687,Desenganche silencioso
HH012688,Salida con el banquero
HH012689,Desenganche silencioso
HH012690,Desenganche silencioso
HH012691,Desenganche silencioso
HH012692,Desenganche silencioso
HH012693,Desenganche silencioso
HH012694,Desenganche silencioso
HH012695,Desenganche silencioso
HH012696,Desenganche silencioso
HH012697,Desenganche silencioso
HH012698,Desenganche silencioso
HH012699,Desenganche silencioso
HH012700,Desenganche silencioso
HH012701,Desenganche silencioso
HH012702,Desenganche silencioso
HH012703,Desenganche silencioso
HH012704,Desenganche silencioso
HH012705,Externalización activa
HH012706,Desenganche silencioso
HH012707,Desenganche silencioso
HH012708,Desenganche silencioso
HH012709,Desenganche silencioso
HH012710,Desenganche silencioso
HH012711,Desenganche silencioso
HH012712,Desenganche silencioso
HH012713,Desenganche silencioso
HH012714,Desenganche silencioso
HH012715,Desenganche silencioso
HH012716,Salida con el banquero
HH012717,Desenganche silencioso
HH012718,Desenganche silencioso
HH012719,Desenganche silencioso
HH012720,Desenganche silencioso
HH012721,Salida con el banquero
HH012722,Desenganche silencioso
HH012723,Desenganche silencioso
HH012724,Desenganche silencioso
HH012725,Desenganche silencioso
HH012726,Externalización activa
HH012727,Desenganche silencioso
HH012728,Desenganche silencioso
HH012729,Desenganche silencioso
HH012730,Desenganche silencioso
HH012731,Desenganche silencioso
HH012732,Desenganche silencioso
HH012733,Desenganche silencioso
HH012734,Desenganche silencioso
HH012735,Desenganche silencioso
HH012736,Desenganche silencioso
HH012737,Desenganche silencioso
HH012738,Desenganche silencioso
HH012739,Desenganche silencioso
HH012740,Salida con el banquero
HH012741,Desenganche silencioso
HH012742,Desenganche silencioso
HH012743,Desenganche silencioso
HH012744,Salida con el banquero
HH012745,Desenganche silencioso
HH012746,Desenganche silencioso
HH012747,Desenganche silencioso
HH012748,Desenganche silencioso
HH012749,Desenganche silencioso
HH012750,Desenganche silencioso
HH012751,Desenganche silencioso
HH012752,Desenganche silencioso
HH012753,Externalización activa
HH012754,Desenganche silencioso
HH012755,Desenganche silencioso
HH012756,Externalización activa
HH012757,Desenganche silencioso
HH012758,Desenganche silencioso
HH012759,Desenganche silencioso
HH012760,Salida con el banquero
HH012761,Desenganche silencioso
HH012762,Salida con el banquero
HH012763,Desenganche silencioso
HH012764,Desenganche silencioso
HH012765,Salida con el banquero
HH012766,Desenganche silencioso
HH012767,Salida con el banquero
HH012768,Salida con el banquero
HH012769,Desenganche silencioso
HH012770,Desenganche silencioso
HH012771,Desenganche silencioso
HH012772,Desenganche silencioso
HH012773,Salida con el banquero
HH012774,Desenganche silencioso
HH012775,Desenganche silencioso
HH012776,Desenganche silencioso
HH012777,Desenganche silencioso
HH012778,Desenganche silencioso
HH012779,Desenganche silencioso
HH012780,Desenganche silencioso
HH012781,Desenganche silencioso
HH012782,Desenganche silencioso
HH012783,Externalización activa
HH012784,Desenganche silencioso
HH012785,Desenganche silencioso
HH012786,Desenganche silencioso
HH012787,Desenganche silencioso
HH012788,Desenganche silencioso
HH012789,Salida con el banquero
HH012790,Desenganche silencioso
HH012791,Desenganche silencioso
HH012792,Desenganche silencioso
HH012793,Salida con el banquero
HH012794,Desenganche silencioso
HH012795,Desenganche silencioso
HH012796,Desenganche silencioso
HH012797,Desenganche silencioso
HH012798,Desenganche silencioso
HH012799,Salida con el banquero
HH012800,Desenganche silencioso
HH012801,Desenganche silencioso
HH012802,Desenganche silencioso
HH012803,Desenganche silencioso
HH012804,Desenganche silencioso
HH012805,Desenganche silencioso
HH012806,Desenganche silencioso
HH012807,Desenganche silencioso
HH012808,Salida con el banquero
HH012809,Desenganche silencioso
HH012810,Desenganche silencioso
HH012811,Desenganche silencioso
HH012812,Desenganche silencioso
HH012813,Desenganche silencioso
HH012814,Desenganche silencioso
HH012815,Salida con el banquero
HH012816,Desenganche silencioso
HH012817,Desenganche silencioso
HH012818,Desenganche silencioso
HH012819,Desenganche silencioso
HH012820,Desenganche silencioso
HH012821,Desenganche silencioso
HH012822,Desenganche silencioso
HH012823,Desenganche silencioso
HH012824,Desenganche silencioso
HH012825,Desenganche silencioso
HH012826,Desenganche silencioso
HH012827,Desenganche silencioso
HH012828,Desenganche silencioso
HH012829,Desenganche silencioso
HH012830,Desenganche silencioso
HH012831,Salida con el banquero
HH012832,Salida con el banquero
HH012833,Desenganche silencioso
HH012834,Desenganche silencioso
HH012835,Desenganche silencioso
HH012836,Desenganche silencioso
HH012837,Desenganche silencioso
HH012838,Desenganche silencioso
HH012839,Salida con el banquero
HH012840,Desenganche silencioso
HH012841,Salida con el banquero
HH012842,Externalización activa
HH012843,Desenganche silencioso
HH012844,Desenganche silencioso
HH012845,Desenganche silencioso
HH012846,Desenganche silencioso
HH012847,Desenganche silencioso
HH012848,Desenganche silencioso
HH012849,Desenganche silencioso
HH012850,Salida con el banquero
HH012851,Desenganche silencioso
HH012852,Desenganche silencioso
HH012853,Desenganche silencioso
HH012854,Desenganche silencioso
HH012855,Salida con el banquero
HH012856,Desenganche silencioso
HH012857,Desenganche silencioso
HH012858,Desenganche silencioso
HH012859,Desenganche silencioso
HH012860,Desenganche silencioso
HH012861,Desenganche silencioso
HH012862,Desenganche silencioso
HH012863,Desenganche silencioso
HH012864,Desenganche silencioso
HH012865,Desenganche silencioso
HH012866,Desenganche silencioso
HH012867,Desenganche silencioso
HH012868,Desenganche silencioso
HH012869,Externalización activa
HH012870,Desenganche silencioso
HH012871,Desenganche silencioso
HH012872,Desenganche silencioso
HH012873,Desenganche silencioso
HH012874,Desenganche silencioso
HH012875,Desenganche silencioso
HH012876,Desenganche silencioso
HH012877,Desenganche silencioso
HH012878,Desenganche silencioso
HH012879,Desenganche silencioso
HH012880,Desenganche silencioso
HH012881,Desenganche silencioso
HH012882,Desenganche silencioso
HH012883,Desenganche silencioso
HH012884,Desenganche silencioso
HH012885,Desenganche silencioso
HH012886,Externalización activa
HH012887,Desenganche silencioso
HH012888,Desenganche silencioso
HH012889,Desenganche silencioso
HH012890,Salida con el banquero
HH012891,Desenganche silencioso
HH012892,Desenganche silencioso
HH012893,Desenganche silencioso
HH012894,Desenganche silencioso
HH012895,Desenganche silencioso
HH012896,Desenganche silencioso
HH012897,Salida con el banquero
HH012898,Desenganche silencioso
HH012899,Desenganche silencioso
HH012900,Desenganche silencioso
HH012901,Externalización activa
HH012902,Desenganche silencioso
HH012903,Desenganche silencioso
HH012904,Desenganche silencioso
HH012905,Salida con el banquero
HH012906,Desenganche silencioso
HH012907,Desenganche silencioso
HH012908,Externalización activa
HH012909,Desenganche silencioso
HH012910,Desenganche silencioso
HH012911,Desenganche silencioso
HH012912,Desenganche silencioso
HH012913,Externalización activa
HH012914,Desenganche silencioso
HH012915,Salida con el banquero
HH012916,Desenganche silencioso
HH012917,Desenganche silencioso
HH012918,Desenganche silencioso
HH012919,Desenganche silencioso
HH012920,Externalización activa
HH012921,Desenganche silencioso
HH012922,Desenganche silencioso
HH012923,Desenganche silencioso
HH012924,Desenganche silencioso
HH012925,Desenganche silencioso
HH012926,Desenganche silencioso
HH012927,Salida con el banquero
HH012928,Desenganche silencioso
HH012929,Desenganche silencioso
HH012930,Desenganche silencioso
HH012931,Desenganche silencioso
HH012932,Desenganche silencioso
HH012933,Salida con el banquero
HH012934,Desenganche silencioso
HH012935,Desenganche silencioso
HH012936,Desenganche silencioso
HH012937,Desenganche silencioso
HH012938,Desenganche silencioso
HH012939,Desenganche silencioso
HH012940,Desenganche silencioso
HH012941,Desenganche silencioso
HH012942,Desenganche silencioso
HH012943,Desenganche silencioso
HH012944,Desenganche silencioso
HH012945,Salida con el banquero
HH012946,Desenganche silencioso
HH012947,Desenganche silencioso
HH012948,Desenganche silencioso
HH012949,Desenganche silencioso
HH012950,Salida con el banquero
HH012951,Desenganche silencioso
HH012952,Desenganche silencioso
HH012953,Desenganche silencioso
HH012954,Salida con el banquero
HH012955,Externalización activa
HH012956,Desenganche silencioso
HH012957,Desenganche silencioso
HH012958,Desenganche silencioso
HH012959,Desenganche silencioso
HH012960,Desenganche silencioso
HH012961,Desenganche silencioso
HH012962,Desenganche silencioso
HH012963,Desenganche silencioso
HH012964,Desenganche silencioso
HH012965,Desenganche silencioso
HH012966,Desenganche silencioso
HH012967,Desenganche silencioso
HH012968,Desenganche silencioso
HH012969,Desenganche silencioso
HH012970,Salida con el banquero
HH012971,Desenganche silencioso
HH012972,Desenganche silencioso
HH012973,Externalización activa
HH012974,Desenganche silencioso
HH012975,Desenganche silencioso
HH012976,Desenganche silencioso
HH012977,Desenganche silencioso
HH012978,Salida con el banquero
HH012979,Desenganche silencioso
HH012980,Desenganche silencioso
HH012981,Desenganche silencioso
HH012982,Desenganche silencioso
HH012983,Desenganche silencioso
HH012984,Desenganche silencioso
HH012985,Desenganche silencioso
HH012986,Desenganche silencioso
HH012987,Desenganche silencioso
HH012988,Desenganche silencioso
HH012989,Desenganche silencioso
HH012990,Desenganche silencioso
HH012991,Desenganche silencioso
HH012992,Desenganche silencioso
HH012993,Salida con el banquero
HH012994,Desenganche silencioso
HH012995,Desenganche silencioso
HH012996,Desenganche silencioso
HH012997,Desenganche silencioso
HH012998,Desenganche silencioso
HH012999,Desenganche silencioso
HH013000,Desenganche silencioso
HH013001,Desenganche silencioso
HH013002,Desenganche silencioso
HH013003,Desenganche silencioso
HH013004,Desenganche silencioso
HH013005,Desenganche silencioso
HH013006,Desenganche silencioso
HH013007,Desenganche silencioso
HH013008,Desenganche silencioso
HH013009,Desenganche silencioso
HH013010,Desenganche silencioso
HH013011,Desenganche silencioso
HH013012,Desenganche silencioso
HH013013,Desenganche silencioso
HH013014,Desenganche silencioso
HH013015,Desenganche silencioso
HH013016,Desenganche silencioso
HH013017,Desenganche silencioso
HH013018,Desenganche silencioso
HH013019,Desenganche silencioso
HH013020,Desenganche silencioso
HH013021,Desenganche silencioso
HH013022,Desenganche silencioso
HH013023,Externalización activa
HH013024,Desenganche silencioso
HH013025,Desenganche silencioso
HH013026,Salida con el banquero
HH013027,Desenganche silencioso
HH013028,Desenganche silencioso
HH013029,Salida con el banquero
HH013030,Desenganche silencioso
HH013031,Externalización activa
HH013032,Desenganche silencioso
HH013033,Desenganche silencioso
HH013034,Salida con el banquero
HH013035,Desenganche silencioso
HH013036,Desenganche silencioso
HH013037,Desenganche silencioso
HH013038,Desenganche silencioso
HH013039,Desenganche silencioso
HH013040,Desenganche silencioso
HH013041,Desenganche silencioso
HH013042,Desenganche silencioso
HH013043,Externalización activa
HH013044,Desenganche silencioso
HH013045,Desenganche silencioso
HH013046,Externalización activa
HH013047,Desenganche silencioso
HH013048,Desenganche silencioso
HH013049,Salida con el banquero
HH013050,Salida con el banquero
HH013051,Desenganche silencioso
HH013052,Desenganche silencioso
HH013053,Desenganche silencioso
HH013054,Desenganche silencioso
HH013055,Desenganche silencioso
HH013056,Desenganche silencioso
HH013057,Desenganche silencioso
HH013058,Desenganche silencioso
HH013059,Salida con el banquero
HH013060,Desenganche silencioso
HH013061,Desenganche silencioso
HH013062,Desenganche silencioso
HH013063,Desenganche silencioso
HH013064,Desenganche silencioso
HH013065,Desenganche silencioso
HH013066,Desenganche silencioso
HH013067,Salida con el banquero
HH013068,Desenganche silencioso
HH013069,Salida con el banquero
HH013070,Desenganche silencioso
HH013071,Desenganche silencioso
HH013072,Desenganche silencioso
HH013073,Desenganche silencioso
HH013074,Desenganche silencioso
HH013075,Desenganche silencioso
HH013076,Desenganche silencioso
HH013077,Desenganche silencioso
HH013078,Salida con el banquero
HH013079,Desenganche silencioso
HH013080,Desenganche silencioso
HH013081,Salida con el banquero
HH013082,Desenganche silencioso
HH013083,Externalización activa
HH013084,Desenganche silencioso
HH013085,Desenganche silencioso
HH013086,Desenganche silencioso
HH013087,Desenganche silencioso
HH013088,Desenganche silencioso
HH013089,Desenganche silencioso
HH013090,Salida con el banquero
HH013091,Desenganche silencioso
HH013092,Salida con el banquero
HH013093,Desenganche silencioso
HH013094,Desenganche silencioso
HH013095,Desenganche silencioso
HH013096,Desenganche silencioso
HH013097,Salida con el banquero
HH013098,Externalización activa
HH013099,Desenganche silencioso
HH013100,Desenganche silencioso
HH013101,Desenganche silencioso
HH013102,Salida con el banquero
HH013103,Desenganche silencioso
HH013104,Desenganche silencioso
HH013105,Desenganche silencioso
HH013106,Desenganche silencioso
HH013107,Desenganche silencioso
HH013108,Desenganche silencioso
HH013109,Externalización activa
HH013110,Desenganche silencioso
HH013111,Desenganche silencioso
HH013112,Desenganche silencioso
HH013113,Desenganche silencioso
HH013114,Desenganche silencioso
HH013115,Desenganche silencioso
HH013116,Externalización activa
HH013117,Desenganche silencioso
HH013118,Desenganche silencioso
HH013119,Desenganche silencioso
HH013120,Desenganche silencioso
HH013121,Salida con el banquero
HH013122,Desenganche silencioso
HH013123,Salida con el banquero
HH013124,Desenganche silencioso
HH013125,Salida con el banquero
HH013126,Desenganche silencioso
HH013127,Desenganche silencioso
HH013128,Desenganche silencioso
HH013129,Desenganche silencioso
HH013130,Desenganche silencioso
HH013131,Externalización activa
HH013132,Salida con el banquero
HH013133,Desenganche silencioso
HH013134,Desenganche silencioso
HH013135,Desenganche silencioso
HH013136,Desenganche silencioso
HH013137,Desenganche silencioso
HH013138,Desenganche silencioso
HH013139,Desenganche silencioso
HH013140,Desenganche silencioso
HH013141,Desenganche silencioso
HH013142,Desenganche silencioso
HH013143,Desenganche silencioso
HH013144,Desenganche silencioso
HH013145,Desenganche silencioso
HH013146,Desenganche silencioso
HH013147,Desenganche silencioso
HH013148,Desenganche silencioso
HH013149,Desenganche silencioso
HH013150,Desenganche silencioso
HH013151,Desenganche silencioso
HH013152,Externalización activa
HH013153,Externalización activa
HH013154,Salida con el banquero
HH013155,Desenganche silencioso
HH013156,Desenganche silencioso
HH013157,Desenganche silencioso
HH013158,Salida con el banquero
HH013159,Salida con el banquero
HH013160,Desenganche silencioso
HH013161,Salida con el banquero
HH013162,Desenganche silencioso
HH013163,Desenganche silencioso
HH013164,Desenganche silencioso
HH013165,Desenganche silencioso
HH013166,Desenganche silencioso
HH013167,Desenganche silencioso
HH013168,Desenganche silencioso
HH013169,Desenganche silencioso
HH013170,Desenganche silencioso
HH013171,Desenganche silencioso
HH013172,Salida con el banquero
HH013173,Desenganche silencioso
HH013174,Salida con el banquero
HH013175,Salida con el banquero
HH013176,Desenganche silencioso
HH013177,Desenganche silencioso
HH013178,Desenganche silencioso
HH013179,Salida con el banquero
HH013180,Desenganche silencioso
HH013181,Desenganche silencioso
HH013182,Desenganche silencioso
HH013183,Externalización activa
HH013184,Desenganche silencioso
HH013185,Desenganche silencioso
HH013186,Desenganche silencioso
HH013187,Desenganche silencioso
HH013188,Salida con el banquero
HH013189,Desenganche silencioso
HH013190,Desenganche silencioso
HH013191,Desenganche silencioso
HH013192,Desenganche silencioso
HH013193,Desenganche silencioso
HH013194,Desenganche silencioso
HH013195,Desenganche silencioso
HH013196,Desenganche silencioso
HH013197,Desenganche silencioso
HH013198,Desenganche silencioso
HH013199,Desenganche silencioso
HH013200,Salida con el banquero
HH013201,Desenganche silencioso
HH013202,Desenganche silencioso
HH013203,Desenganche silencioso
HH013204,Desenganche silencioso
HH013205,Desenganche silencioso
HH013206,Desenganche silencioso
HH013207,Desenganche silencioso
HH013208,Desenganche silencioso
HH013209,Desenganche silencioso
HH013210,Desenganche silencioso
HH013211,Externalización activa
HH013212,Desenganche silencioso
HH013213,Desenganche silencioso
HH013214,Desenganche silencioso
HH013215,Salida con el banquero
HH013216,Desenganche silencioso
HH013217,Desenganche silencioso
HH013218,Desenganche silencioso
HH013219,Desenganche silencioso
HH013220,Desenganche silencioso
HH013221,Desenganche silencioso
HH013222,Salida con el banquero
HH013223,Desenganche silencioso
HH013224,Desenganche silencioso
HH013225,Desenganche silencioso
HH013226,Desenganche silencioso
HH013227,Salida con el banquero
HH013228,Desenganche silencioso
HH013229,Desenganche silencioso
HH013230,Desenganche silencioso
HH013231,Desenganche silencioso
HH013232,Desenganche silencioso
HH013233,Desenganche silencioso
HH013234,Desenganche silencioso
HH013235,Desenganche silencioso
HH013236,Desenganche silencioso
HH013237,Desenganche silencioso
HH013238,Desenganche silencioso
HH013239,Desenganche silencioso
HH013240,Salida con el banquero
HH013241,Desenganche silencioso
HH013242,Desenganche silencioso
HH013243,Desenganche silencioso
HH013244,Desenganche silencioso
HH013245,Externalización activa
HH013246,Salida con el banquero
HH013247,Desenganche silencioso
HH013248,Desenganche silencioso
HH013249,Externalización activa
HH013250,Salida con el banquero
HH013251,Desenganche silencioso
HH013252,Desenganche silencioso
HH013253,Externalización activa
HH013254,Desenganche silencioso
HH013255,Desenganche silencioso
HH013256,Desenganche silencioso
HH013257,Desenganche silencioso
HH013258,Externalización activa
HH013259,Desenganche silencioso
HH013260,Salida con el banquero
HH013261,Desenganche silencioso
HH013262,Desenganche silencioso
HH013263,Desenganche silencioso
HH013264,Desenganche silencioso
HH013265,Salida con el banquero
HH013266,Desenganche silencioso
HH013267,Externalización activa
HH013268,Desenganche silencioso
HH013269,Desenganche silencioso
HH013270,Salida con el banquero
HH013271,Desenganche silencioso
HH013272,Desenganche silencioso
HH013273,Desenganche silencioso
HH013274,Desenganche silencioso
HH013275,Desenganche silencioso
HH013276,Desenganche silencioso
HH013277,Desenganche silencioso
HH013278,Desenganche silencioso
HH013279,Salida con el banquero
HH013280,Desenganche silencioso
HH013281,Desenganche silencioso
HH013282,Desenganche silencioso
HH013283,Desenganche silencioso
HH013284,Externalización activa
HH013285,Desenganche silencioso
HH013286,Desenganche silencioso
HH013287,Salida con el banquero
HH013288,Desenganche silencioso
HH013289,Desenganche silencioso
HH013290,Salida con el banquero
HH013291,Desenganche silencioso
HH013292,Desenganche silencioso
HH013293,Desenganche silencioso
HH013294,Desenganche silencioso
HH013295,Salida con el banquero
HH013296,Desenganche silencioso
HH013297,Desenganche silencioso
HH013298,Salida con el banquero
HH013299,Desenganche silencioso
HH013300,Desenganche silencioso
HH013301,Externalización activa
HH013302,Externalización activa
HH013303,Desenganche silencioso
HH013304,Desenganche silencioso
HH013305,Desenganche silencioso
HH013306,Desenganche silencioso
HH013307,Desenganche silencioso
HH013308,Desenganche silencioso
HH013309,Desenganche silencioso
HH013310,Desenganche silencioso
HH013311,Desenganche silencioso
HH013312,Desenganche silencioso
HH013313,Desenganche silencioso
HH013314,Desenganche silencioso
HH013315,Desenganche silencioso
HH013316,Desenganche silencioso
HH013317,Desenganche silencioso
HH013318,Salida con el banquero
HH013319,Desenganche silencioso
HH013320,Desenganche silencioso
HH013321,Desenganche silencioso
HH013322,Desenganche silencioso
HH013323,Desenganche silencioso
HH013324,Salida con el banquero
HH013325,Desenganche silencioso
HH013326,Desenganche silencioso
HH013327,Desenganche silencioso
HH013328,Desenganche silencioso
HH013329,Desenganche silencioso
HH013330,Salida con el banquero
HH013331,Desenganche silencioso
HH013332,Desenganche silencioso
HH013333,Desenganche silencioso
HH013334,Salida con el banquero
HH013335,Desenganche silencioso
HH013336,Desenganche silencioso
HH013337,Salida con el banquero
HH013338,Salida con el banquero
HH013339,Desenganche silencioso
HH013340,Desenganche silencioso
HH013341,Desenganche silencioso
HH013342,Desenganche silencioso
HH013343,Salida con el banquero
HH013344,Desenganche silencioso
HH013345,Desenganche silencioso
HH013346,Desenganche silencioso
HH013347,Desenganche silencioso
HH013348,Desenganche silencioso
HH013349,Desenganche silencioso
HH013350,Desenganche silencioso
HH013351,Desenganche silencioso
HH013352,Externalización activa
HH013353,Desenganche silencioso
HH013354,Desenganche silencioso
HH013355,Desenganche silencioso
HH013356,Salida con el banquero
HH013357,Desenganche silencioso
HH013358,Desenganche silencioso
HH013359,Desenganche silencioso
HH013360,Desenganche silencioso
HH013361,Desenganche silencioso
HH013362,Desenganche silencioso
HH013363,Desenganche silencioso
HH013364,Desenganche silencioso
HH013365,Desenganche silencioso
HH013366,Externalización activa
HH013367,Desenganche silencioso
HH013368,Desenganche silencioso
HH013369,Desenganche silencioso
HH013370,Desenganche silencioso
HH013371,Desenganche silencioso
HH013372,Desenganche silencioso
HH013373,Desenganche silencioso
HH013374,Desenganche silencioso
HH013375,Salida con el banquero
HH013376,Desenganche silencioso
HH013377,Desenganche silencioso
HH013378,Desenganche silencioso
HH013379,Salida con el banquero
HH013380,Desenganche silencioso
HH013381,Salida con el banquero
HH013382,Desenganche silencioso
HH013383,Desenganche silencioso
HH013384,Desenganche silencioso
HH013385,Externalización activa
HH013386,Desenganche silencioso
HH013387,Desenganche silencioso
HH013388,Salida con el banquero
HH013389,Desenganche silencioso
HH013390,Desenganche silencioso
HH013391,Desenganche silencioso
HH013392,Desenganche silencioso
HH013393,Desenganche silencioso
HH013394,Desenganche silencioso
HH013395,Desenganche silencioso
HH013396,Externalización activa
HH013397,Externalización activa
HH013398,Desenganche silencioso
HH013399,Desenganche silencioso
HH013400,Desenganche silencioso
HH013401,Desenganche silencioso
HH013402,Desenganche silencioso
HH013403,Desenganche silencioso
HH013404,Desenganche silencioso
HH013405,Desenganche silencioso
HH013406,Desenganche silencioso
HH013407,Desenganche silencioso
HH013408,Salida con el banquero
HH013409,Desenganche silencioso
HH013410,Salida con el banquero
HH013411,Desenganche silencioso
HH013412,Desenganche silencioso
HH013413,Desenganche silencioso
HH013414,Desenganche silencioso
HH013415,Salida con el banquero
HH013416,Desenganche silencioso
HH013417,Desenganche silencioso
HH013418,Desenganche silencioso
HH013419,Desenganche silencioso
HH013420,Desenganche silencioso
HH013421,Desenganche silencioso
HH013422,Desenganche silencioso
HH013423,Desenganche silencioso
HH013424,Desenganche silencioso
HH013425,Desenganche silencioso
HH013426,Desenganche silencioso
HH013427,Externalización activa
HH013428,Desenganche silencioso
HH013429,Desenganche silencioso
HH013430,Salida con el banquero
HH013431,Desenganche silencioso
HH013432,Desenganche silencioso
HH013433,Desenganche silencioso
HH013434,Salida con el banquero
HH013435,Desenganche silencioso
HH013436,Desenganche silencioso
HH013437,Desenganche silencioso
HH013438,Desenganche silencioso
HH013439,Desenganche silencioso
HH013440,Desenganche silencioso
HH013441,Desenganche silencioso
HH013442,Desenganche silencioso
HH013443,Desenganche silencioso
HH013444,Desenganche silencioso
HH013445,Desenganche silencioso
HH013446,Desenganche silencioso
HH013447,Desenganche silencioso
HH013448,Desenganche silencioso
HH013449,Desenganche silencioso
HH013450,Desenganche silencioso
HH013451,Desenganche silencioso
HH013452,Desenganche silencioso
HH013453,Desenganche silencioso
HH013454,Desenganche silencioso
HH013455,Desenganche silencioso
HH013456,Desenganche silencioso
HH013457,Desenganche silencioso
HH013458,Externalización activa
HH013459,Desenganche silencioso
HH013460,Salida con el banquero
HH013461,Salida con el banquero
HH013462,Desenganche silencioso
HH013463,Desenganche silencioso
HH013464,Salida con el banquero
HH013465,Desenganche silencioso
HH013466,Desenganche silencioso
HH013467,Desenganche silencioso
HH013468,Desenganche silencioso
HH013469,Desenganche silencioso
HH013470,Desenganche silencioso
HH013471,Desenganche silencioso
HH013472,Desenganche silencioso
HH013473,Desenganche silencioso
HH013474,Desenganche silencioso
HH013475,Desenganche silencioso
HH013476,Desenganche silencioso
HH013477,Desenganche silencioso
HH013478,Desenganche silencioso
HH013479,Desenganche silencioso
HH013480,Desenganche silencioso
HH013481,Desenganche silencioso
HH013482,Desenganche silencioso
HH013483,Desenganche silencioso
HH013484,Desenganche silencioso
HH013485,Desenganche silencioso
HH013486,Desenganche silencioso
HH013487,Salida con el banquero
HH013488,Desenganche silencioso
HH013489,Salida con el banquero
HH013490,Salida con el banquero
HH013491,Externalización activa
HH013492,Desenganche silencioso
HH013493,Desenganche silencioso
HH013494,Desenganche silencioso
HH013495,Desenganche silencioso
HH013496,Desenganche silencioso
HH013497,Desenganche silencioso
HH013498,Desenganche silencioso
HH013499,Desenganche silencioso
HH013500,Desenganche silencioso
HH013501,Desenganche silencioso
HH013502,Desenganche silencioso
HH013503,Desenganche silencioso
HH013504,Desenganche silencioso
HH013505,Desenganche silencioso
HH013506,Desenganche silencioso
HH013507,Desenganche silencioso
HH013508,Desenganche silencioso
HH013509,Externalización activa
HH013510,Desenganche silencioso
HH013511,Desenganche silencioso
HH013512,Desenganche silencioso
HH013513,Desenganche silencioso
HH013514,Salida con el banquero
HH013515,Desenganche silencioso
HH013516,Desenganche silencioso
HH013517,Desenganche silencioso
HH013518,Desenganche silencioso
HH013519,Desenganche silencioso
HH013520,Salida con el banquero
HH013521,Desenganche silencioso
HH013522,Desenganche silencioso
HH013523,Salida con el banquero
HH013524,Desenganche silencioso
HH013525,Desenganche silencioso
HH013526,Desenganche silencioso
HH013527,Desenganche silencioso
HH013528,Desenganche silencioso
HH013529,Desenganche silencioso
HH013530,Desenganche silencioso
HH013531,Salida con el banquero
HH013532,Salida con el banquero
HH013533,Desenganche silencioso
HH013534,Desenganche silencioso
HH013535,Desenganche silencioso
HH013536,Desenganche silencioso
HH013537,Desenganche silencioso
HH013538,Desenganche silencioso
HH013539,Desenganche silencioso
HH013540,Desenganche silencioso
HH013541,Salida con el banquero
HH013542,Desenganche silencioso
HH013543,Desenganche silencioso
HH013544,Desenganche silencioso
HH013545,Desenganche silencioso
HH013546,Desenganche silencioso
HH013547,Desenganche silencioso
HH013548,Desenganche silencioso
HH013549,Desenganche silencioso
HH013550,Desenganche silencioso
HH013551,Externalización activa
HH013552,Desenganche silencioso
HH013553,Desenganche silencioso
HH013554,Desenganche silencioso
HH013555,Desenganche silencioso
HH013556,Desenganche silencioso
HH013557,Salida con el banquero
HH013558,Desenganche silencioso
HH013559,Desenganche silencioso
HH013560,Salida con el banquero
HH013561,Desenganche silencioso
HH013562,Desenganche silencioso
HH013563,Desenganche silencioso
HH013564,Desenganche silencioso
HH013565,Desenganche silencioso
HH013566,Desenganche silencioso
HH013567,Externalización activa
HH013568,Salida con el banquero
HH013569,Desenganche silencioso
HH013570,Externalización activa
HH013571,Desenganche silencioso
HH013572,Salida con el banquero
HH013573,Desenganche silencioso
HH013574,Externalización activa
HH013575,Desenganche silencioso
HH013576,Desenganche silencioso
HH013577,Desenganche silencioso
HH013578,Desenganche silencioso
HH013579,Desenganche silencioso
HH013580,Desenganche silencioso
HH013581,Desenganche silencioso
HH013582,Desenganche silencioso
HH013583,Desenganche silencioso
HH013584,Desenganche silencioso
HH013585,Desenganche silencioso
HH013586,Desenganche silencioso
HH013587,Desenganche silencioso
HH013588,Desenganche silencioso
HH013589,Desenganche silencioso
HH013590,Externalización activa
HH013591,Externalización activa
HH013592,Desenganche silencioso
HH013593,Desenganche silencioso
HH013594,Externalización activa
HH013595,Desenganche silencioso
HH013596,Salida con el banquero
HH013597,Desenganche silencioso
HH013598,Desenganche silencioso
HH013599,Salida con el banquero
HH013600,Desenganche silencioso
HH013601,Salida con el banquero
HH013602,Desenganche silencioso
HH013603,Desenganche silencioso
HH013604,Desenganche silencioso
HH013605,Desenganche silencioso
HH013606,Desenganche silencioso
HH013607,Desenganche silencioso
HH013608,Desenganche silencioso
HH013609,Desenganche silencioso
HH013610,Desenganche silencioso
HH013611,Desenganche silencioso
HH013612,Desenganche silencioso
HH013613,Desenganche silencioso
HH013614,Desenganche silencioso
HH013615,Desenganche silencioso
HH013616,Desenganche silencioso
HH013617,Desenganche silencioso
HH013618,Desenganche silencioso
HH013619,Desenganche silencioso
HH013620,Desenganche silencioso
HH013621,Desenganche silencioso
HH013622,Salida con el banquero
HH013623,Desenganche silencioso
HH013624,Desenganche silencioso
HH013625,Desenganche silencioso
HH013626,Desenganche silencioso
HH013627,Desenganche silencioso
HH013628,Desenganche silencioso
HH013629,Desenganche silencioso
HH013630,Desenganche silencioso
HH013631,Desenganche silencioso
HH013632,Desenganche silencioso
HH013633,Desenganche silencioso
HH013634,Desenganche silencioso
HH013635,Desenganche silencioso
HH013636,Desenganche silencioso
HH013637,Desenganche silencioso
HH013638,Desenganche silencioso
HH013639,Desenganche silencioso
HH013640,Desenganche silencioso
HH013641,Desenganche silencioso
HH013642,Desenganche silencioso
HH013643,Desenganche silencioso
HH013644,Salida con el banquero
HH013645,Desenganche silencioso
HH013646,Desenganche silencioso
HH013647,Desenganche silencioso
HH013648,Desenganche silencioso
HH013649,Desenganche silencioso
HH013650,Desenganche silencioso
HH013651,Desenganche silencioso
HH013652,Externalización activa
HH013653,Desenganche silencioso
HH013654,Desenganche silencioso
HH013655,Desenganche silencioso
HH013656,Desenganche silencioso
HH013657,Desenganche silencioso
HH013658,Desenganche silencioso
HH013659,Desenganche silencioso
HH013660,Desenganche silencioso
HH013661,Desenganche silencioso
HH013662,Desenganche silencioso
HH013663,Desenganche silencioso
HH013664,Desenganche silencioso
HH013665,Desenganche silencioso
HH013666,Desenganche silencioso
HH013667,Desenganche silencioso
HH013668,Desenganche silencioso
HH013669,Desenganche silencioso
HH013670,Salida con el banquero
HH013671,Desenganche silencioso
HH013672,Desenganche silencioso
HH013673,Desenganche silencioso
HH013674,Desenganche silencioso
HH013675,Salida con el banquero
HH013676,Desenganche silencioso
HH013677,Externalización activa
HH013678,Desenganche silencioso
HH013679,Desenganche silencioso
HH013680,Desenganche silencioso
HH013681,Desenganche silencioso
HH013682,Desenganche silencioso
HH013683,Desenganche silencioso
HH013684,Desenganche silencioso
HH013685,Salida con el banquero
HH013686,Desenganche silencioso
HH013687,Desenganche silencioso
HH013688,Desenganche silencioso
HH013689,Salida con el banquero
HH013690,Desenganche silencioso
HH013691,Salida con el banquero
HH013692,Desenganche silencioso
HH013693,Desenganche silencioso
HH013694,Desenganche silencioso
HH013695,Desenganche silencioso
HH013696,Desenganche silencioso
HH013697,Desenganche silencioso
HH013698,Salida con el banquero
HH013699,Salida con el banquero
HH013700,Desenganche silencioso
HH013701,Desenganche silencioso
HH013702,Desenganche silencioso
HH013703,Desenganche silencioso
HH013704,Desenganche silencioso
HH013705,Desenganche silencioso
HH013706,Desenganche silencioso
HH013707,Desenganche silencioso
HH013708,Desenganche silencioso
HH013709,Desenganche silencioso
HH013710,Desenganche silencioso
HH013711,Desenganche silencioso
HH013712,Externalización activa
HH013713,Desenganche silencioso
HH013714,Desenganche silencioso
HH013715,Desenganche silencioso
HH013716,Desenganche silencioso
HH013717,Desenganche silencioso
HH013718,Desenganche silencioso
HH013719,Desenganche silencioso
HH013720,Desenganche silencioso
HH013721,Desenganche silencioso
HH013722,Desenganche silencioso
HH013723,Desenganche silencioso
HH013724,Desenganche silencioso
HH013725,Externalización activa
HH013726,Desenganche silencioso
HH013727,Salida con el banquero
HH013728,Desenganche silencioso
HH013729,Externalización activa
HH013730,Desenganche silencioso
HH013731,Desenganche silencioso
HH013732,Desenganche silencioso
HH013733,Desenganche silencioso
HH013734,Desenganche silencioso
HH013735,Desenganche silencioso
HH013736,Desenganche silencioso
HH013737,Desenganche silencioso
HH013738,Salida con el banquero
HH013739,Desenganche silencioso
HH013740,Desenganche silencioso
HH013741,Salida con el banquero
HH013742,Desenganche silencioso
HH013743,Desenganche silencioso
HH013744,Desenganche silencioso
HH013745,Desenganche silencioso
HH013746,Desenganche silencioso
HH013747,Desenganche silencioso
HH013748,Salida con el banquero
HH013749,Desenganche silencioso
HH013750,Desenganche silencioso
HH013751,Desenganche silencioso
HH013752,Externalización activa
HH013753,Desenganche silencioso
HH013754,Desenganche silencioso
HH013755,Salida con el banquero
HH013756,Desenganche silencioso
HH013757,Desenganche silencioso
HH013758,Salida con el banquero
HH013759,Desenganche silencioso
HH013760,Desenganche silencioso
HH013761,Desenganche silencioso
HH013762,Desenganche silencioso
HH013763,Desenganche silencioso
HH013764,Desenganche silencioso
HH013765,Desenganche silencioso
HH013766,Salida con el banquero
HH013767,Salida con el banquero
HH013768,Desenganche silencioso
HH013769,Desenganche silencioso
HH013770,Desenganche silencioso
HH013771,Desenganche silencioso
HH013772,Desenganche silencioso
HH013773,Externalización activa
HH013774,Desenganche silencioso
HH013775,Desenganche silencioso
HH013776,Desenganche silencioso
HH013777,Desenganche silencioso
HH013778,Desenganche silencioso
HH013779,Desenganche silencioso
HH013780,Desenganche silencioso
HH013781,Desenganche silencioso
HH013782,Desenganche silencioso
HH013783,Desenganche silencioso
HH013784,Desenganche silencioso
HH013785,Desenganche silencioso
HH013786,Desenganche silencioso
HH013787,Desenganche silencioso
HH013788,Salida con el banquero
HH013789,Externalización activa
HH013790,Desenganche silencioso
HH013791,Desenganche silencioso
HH013792,Desenganche silencioso
HH013793,Salida con el banquero
HH013794,Desenganche silencioso
HH013795,Desenganche silencioso
HH013796,Desenganche silencioso
HH013797,Salida con el banquero
HH013798,Salida con el banquero
HH013799,Desenganche silencioso
HH013800,Desenganche silencioso
HH013801,Salida con el banquero
HH013802,Desenganche silencioso
HH013803,Desenganche silencioso
HH013804,Desenganche silencioso
HH013805,Desenganche silencioso
HH013806,Desenganche silencioso
HH013807,Desenganche silencioso
HH013808,Desenganche silencioso
HH013809,Desenganche silencioso
HH013810,Desenganche silencioso
HH013811,Desenganche silencioso
HH013812,Desenganche silencioso
HH013813,Salida con el banquero
HH013814,Desenganche silencioso
HH013815,Salida con el banquero
HH013816,Desenganche silencioso
HH013817,Desenganche silencioso
HH013818,Desenganche silencioso
HH013819,Desenganche silencioso
HH013820,Desenganche silencioso
HH013821,Desenganche silencioso
HH013822,Desenganche silencioso
HH013823,Desenganche silencioso
HH013824,Desenganche silencioso
HH013825,Desenganche silencioso
HH013826,Desenganche silencioso
HH013827,Desenganche silencioso
HH013828,Desenganche silencioso
HH013829,Desenganche silencioso
HH013830,Desenganche silencioso
HH013831,Desenganche silencioso
HH013832,Desenganche silencioso
HH013833,Desenganche silencioso
HH013834,Salida con el banquero
HH013835,Desenganche silencioso
HH013836,Salida con el banquero
HH013837,Salida con el banquero
HH013838,Desenganche silencioso
HH013839,Desenganche silencioso
HH013840,Salida con el banquero
HH013841,Desenganche silencioso
HH013842,Desenganche silencioso
HH013843,Desenganche silencioso
HH013844,Desenganche silencioso
HH013845,Externalización activa
HH013846,Desenganche silencioso
HH013847,Desenganche silencioso
HH013848,Desenganche silencioso
HH013849,Desenganche silencioso
HH013850,Salida con el banquero
HH013851,Desenganche silencioso
HH013852,Desenganche silencioso
HH013853,Salida con el banquero
HH013854,Desenganche silencioso
HH013855,Externalización activa
HH013856,Desenganche silencioso
HH013857,Desenganche silencioso
HH013858,Desenganche silencioso
HH013859,Desenganche silencioso
HH013860,Salida con el banquero
HH013861,Desenganche silencioso
HH013862,Desenganche silencioso
HH013863,Desenganche silencioso
HH013864,Desenganche silencioso
HH013865,Desenganche silencioso
HH013866,Salida con el banquero
HH013867,Desenganche silencioso
HH013868,Desenganche silencioso
HH013869,Desenganche silencioso
HH013870,Desenganche silencioso
HH013871,Desenganche silencioso
HH013872,Desenganche silencioso
HH013873,Desenganche silencioso
HH013874,Desenganche silencioso
HH013875,Desenganche silencioso
HH013876,Desenganche silencioso
HH013877,Desenganche silencioso
HH013878,Desenganche silencioso
HH013879,Salida con el banquero
HH013880,Desenganche silencioso
HH013881,Desenganche silencioso
HH013882,Externalización activa
HH013883,Desenganche silencioso
HH013884,Desenganche silencioso
HH013885,Desenganche silencioso
HH013886,Desenganche silencioso
HH013887,Desenganche silencioso
HH013888,Desenganche silencioso
HH013889,Desenganche silencioso
HH013890,Desenganche silencioso
HH013891,Desenganche silencioso
HH013892,Salida con el banquero
HH013893,Desenganche silencioso
HH013894,Desenganche silencioso
HH013895,Salida con el banquero
HH013896,Desenganche silencioso
HH013897,Desenganche silencioso
HH013898,Desenganche silencioso
HH013899,Desenganche silencioso
HH013900,Desenganche silencioso
HH013901,Desenganche silencioso
HH013902,Desenganche silencioso
HH013903,Desenganche silencioso
HH013904,Desenganche silencioso
HH013905,Desenganche silencioso
HH013906,Desenganche silencioso
HH013907,Desenganche silencioso
HH013908,Desenganche silencioso
HH013909,Desenganche silencioso
HH013910,Desenganche silencioso
HH013911,Desenganche silencioso
HH013912,Salida con el banquero
HH013913,Salida con el banquero
HH013914,Desenganche silencioso
HH013915,Desenganche silencioso
HH013916,Desenganche silencioso
HH013917,Desenganche silencioso
HH013918,Desenganche silencioso
HH013919,Desenganche silencioso
HH013920,Desenganche silencioso
HH013921,Desenganche silencioso
HH013922,Desenganche silencioso
HH013923,Desenganche silencioso
HH013924,Externalización activa
HH013925,Salida con el banquero
HH013926,Desenganche silencioso
HH013927,Desenganche silencioso
HH013928,Desenganche silencioso
HH013929,Desenganche silencioso
HH013930,Desenganche silencioso
HH013931,Desenganche silencioso
HH013932,Desenganche silencioso
HH013933,Desenganche silencioso
HH013934,Desenganche silencioso
HH013935,Desenganche silencioso
HH013936,Desenganche silencioso
HH013937,Desenganche silencioso
HH013938,Desenganche silencioso
HH013939,Desenganche silencioso
HH013940,Desenganche silencioso
HH013941,Desenganche silencioso
HH013942,Externalización activa
HH013943,Desenganche silencioso
HH013944,Desenganche silencioso
HH013945,Desenganche silencioso
HH013946,Desenganche silencioso
HH013947,Desenganche silencioso
HH013948,Desenganche silencioso
HH013949,Desenganche silencioso
HH013950,Desenganche silencioso
HH013951,Desenganche silencioso
HH013952,Desenganche silencioso
HH013953,Desenganche silencioso
HH013954,Salida con el banquero
HH013955,Desenganche silencioso
HH013956,Desenganche silencioso
HH013957,Salida con el banquero
HH013958,Salida con el banquero
HH013959,Salida con el banquero
HH013960,Desenganche silencioso
HH013961,Desenganche silencioso
HH013962,Desenganche silencioso
HH013963,Desenganche silencioso
HH013964,Externalización activa
HH013965,Externalización activa
HH013966,Externalización activa
HH013967,Desenganche silencioso
HH013968,Desenganche silencioso
HH013969,Externalización activa
HH013970,Desenganche silencioso
HH013971,Desenganche silencioso
HH013972,Desenganche silencioso
HH013973,Desenganche silencioso
HH013974,Desenganche silencioso
HH013975,Desenganche silencioso
HH013976,Externalización activa
HH013977,Desenganche silencioso
HH013978,Externalización activa
HH013979,Desenganche silencioso
HH013980,Desenganche silencioso
HH013981,Desenganche silencioso
HH013982,Desenganche silencioso
HH013983,Desenganche silencioso
HH013984,Desenganche silencioso
HH013985,Desenganche silencioso
HH013986,Salida con el banquero
HH013987,Desenganche silencioso
HH013988,Desenganche silencioso
HH013989,Desenganche silencioso
HH013990,Externalización activa
HH013991,Desenganche silencioso
HH013992,Desenganche silencioso
HH013993,Desenganche silencioso
HH013994,Desenganche silencioso
HH013995,Desenganche silencioso
HH013996,Desenganche silencioso
HH013997,Desenganche silencioso
HH013998,Desenganche silencioso
HH013999,Desenganche silencioso
HH014000,Externalización activa
HH014001,Salida con el banquero
HH014002,Desenganche silencioso
HH014003,Desenganche silencioso
HH014004,Desenganche silencioso
HH014005,Desenganche silencioso
HH014006,Desenganche silencioso
HH014007,Desenganche silencioso
HH014008,Desenganche silencioso
HH014009,Salida con el banquero
HH014010,Desenganche silencioso
HH014011,Desenganche silencioso
HH014012,Desenganche silencioso
HH014013,Desenganche silencioso
HH014014,Desenganche silencioso
HH014015,Desenganche silencioso
HH014016,Salida con el banquero
HH014017,Salida con el banquero
HH014018,Desenganche silencioso
HH014019,Desenganche silencioso
HH014020,Desenganche silencioso
HH014021,Desenganche silencioso
HH014022,Desenganche silencioso
HH014023,Desenganche silencioso
HH014024,Desenganche silencioso
HH014025,Desenganche silencioso
HH014026,Desenganche silencioso
HH014027,Desenganche silencioso
HH014028,Externalización activa
HH014029,Desenganche silencioso
HH014030,Desenganche silencioso
HH014031,Salida con el banquero
HH014032,Desenganche silencioso
HH014033,Desenganche silencioso
HH014034,Desenganche silencioso
HH014035,Desenganche silencioso
HH014036,Externalización activa
HH014037,Desenganche silencioso
HH014038,Desenganche silencioso
HH014039,Desenganche silencioso
HH014040,Externalización activa
HH014041,Desenganche silencioso
HH014042,Desenganche silencioso
HH014043,Desenganche silencioso
HH014044,Desenganche silencioso
HH014045,Desenganche silencioso
HH014046,Desenganche silencioso
HH014047,Desenganche silencioso
HH014048,Desenganche silencioso
HH014049,Externalización activa
HH014050,Desenganche silencioso
HH014051,Desenganche silencioso
HH014052,Desenganche silencioso
HH014053,Desenganche silencioso
HH014054,Desenganche silencioso
HH014055,Desenganche silencioso
HH014056,Salida con el banquero
HH014057,Desenganche silencioso
HH014058,Desenganche silencioso
HH014059,Desenganche silencioso
HH014060,Desenganche silencioso
HH014061,Desenganche silencioso
HH014062,Desenganche silencioso
HH014063,Desenganche silencioso
HH014064,Externalización activa
HH014065,Desenganche silencioso
HH014066,Desenganche silencioso
HH014067,Desenganche silencioso
HH014068,Salida con el banquero
HH014069,Desenganche silencioso
HH014070,Desenganche silencioso
HH014071,Desenganche silencioso
HH014072,Desenganche silencioso
HH014073,Salida con el banquero
HH014074,Desenganche silencioso
HH014075,Externalización activa
HH014076,Desenganche silencioso
HH014077,Desenganche silencioso
HH014078,Desenganche silencioso
HH014079,Desenganche silencioso
HH014080,Desenganche silencioso
HH014081,Desenganche silencioso
HH014082,Desenganche silencioso
HH014083,Desenganche silencioso
HH014084,Desenganche silencioso
HH014085,Desenganche silencioso
HH014086,Desenganche silencioso
HH014087,Desenganche silencioso
HH014088,Desenganche silencioso
HH014089,Desenganche silencioso
HH014090,Desenganche silencioso
HH014091,Desenganche silencioso
HH014092,Salida con el banquero
HH014093,Desenganche silencioso
HH014094,Desenganche silencioso
HH014095,Externalización activa
HH014096,Desenganche silencioso
HH014097,Salida con el banquero
HH014098,Desenganche silencioso
HH014099,Desenganche silencioso
HH014100,Desenganche silencioso
HH014101,Desenganche silencioso
HH014102,Desenganche silencioso
HH014103,Salida con el banquero
HH014104,Desenganche silencioso
HH014105,Desenganche silencioso
HH014106,Desenganche silencioso
HH014107,Desenganche silencioso
HH014108,Desenganche silencioso
HH014109,Desenganche silencioso
HH014110,Salida con el banquero
HH014111,Desenganche silencioso
HH014112,Desenganche silencioso
HH014113,Desenganche silencioso
HH014114,Desenganche silencioso
HH014115,Externalización activa
HH014116,Desenganche silencioso
HH014117,Desenganche silencioso
HH014118,Externalización activa
HH014119,Desenganche silencioso
HH014120,Desenganche silencioso
HH014121,Desenganche silencioso
HH014122,Desenganche silencioso
HH014123,Desenganche silencioso
HH014124,Desenganche silencioso
HH014125,Desenganche silencioso
HH014126,Externalización activa
HH014127,Desenganche silencioso
HH014128,Desenganche silencioso
HH014129,Desenganche silencioso
HH014130,Desenganche silencioso
HH014131,Desenganche silencioso
HH014132,Desenganche silencioso
HH014133,Externalización activa
HH014134,Desenganche silencioso
HH014135,Desenganche silencioso
HH014136,Desenganche silencioso
HH014137,Desenganche silencioso
HH014138,Desenganche silencioso
HH014139,Desenganche silencioso
HH014140,Desenganche silencioso
HH014141,Desenganche silencioso
HH014142,Desenganche silencioso
HH014143,Desenganche silencioso
HH014144,Externalización activa
HH014145,Desenganche silencioso
HH014146,Desenganche silencioso
HH014147,Desenganche silencioso
HH014148,Desenganche silencioso
HH014149,Desenganche silencioso
HH014150,Desenganche silencioso
HH014151,Desenganche silencioso
HH014152,Desenganche silencioso
HH014153,Desenganche silencioso
HH014154,Desenganche silencioso
HH014155,Desenganche silencioso
HH014156,Desenganche silencioso
HH014157,Desenganche silencioso
HH014158,Desenganche silencioso
HH014159,Desenganche silencioso
HH014160,Desenganche silencioso
HH014161,Desenganche silencioso
HH014162,Desenganche silencioso
HH014163,Desenganche silencioso
HH014164,Desenganche silencioso
HH014165,Desenganche silencioso
HH014166,Desenganche silencioso
HH014167,Desenganche silencioso
HH014168,Desenganche silencioso
HH014169,Desenganche silencioso
HH014170,Desenganche silencioso
HH014171,Desenganche silencioso
HH014172,Desenganche silencioso
HH014173,Salida con el banquero
HH014174,Desenganche silencioso
HH014175,Desenganche silencioso
HH014176,Desenganche silencioso
HH014177,Desenganche silencioso
HH014178,Desenganche silencioso
HH014179,Desenganche silencioso
HH014180,Desenganche silencioso
HH014181,Desenganche silencioso
HH014182,Desenganche silencioso
HH014183,Desenganche silencioso
HH014184,Desenganche silencioso
HH014185,Desenganche silencioso
HH014186,Desenganche silencioso
HH014187,Desenganche silencioso
HH014188,Desenganche silencioso
HH014189,Desenganche silencioso
HH014190,Desenganche silencioso
HH014191,Desenganche silencioso
HH014192,Salida con el banquero
HH014193,Desenganche silencioso
HH014194,Desenganche silencioso
HH014195,Desenganche silencioso
HH014196,Externalización activa
HH014197,Desenganche silencioso
HH014198,Desenganche silencioso
HH014199,Desenganche silencioso
HH014200,Desenganche silencioso
HH014201,Desenganche silencioso
HH014202,Desenganche silencioso
HH014203,Desenganche silencioso
HH014204,Desenganche silencioso
HH014205,Externalización activa
HH014206,Desenganche silencioso
HH014207,Desenganche silencioso
HH014208,Desenganche silencioso
HH014209,Desenganche silencioso
HH014210,Desenganche silencioso
HH014211,Desenganche silencioso
HH014212,Desenganche silencioso
HH014213,Desenganche silencioso
HH014214,Desenganche silencioso
HH014215,Desenganche silencioso
HH014216,Desenganche silencioso
HH014217,Desenganche silencioso
HH014218,Desenganche silencioso
HH014219,Salida con el banquero
HH014220,Desenganche silencioso
HH014221,Desenganche silencioso
HH014222,Desenganche silencioso
HH014223,Desenganche silencioso
HH014224,Desenganche silencioso
HH014225,Desenganche silencioso
HH014226,Desenganche silencioso
HH014227,Desenganche silencioso
HH014228,Desenganche silencioso
HH014229,Desenganche silencioso
HH014230,Desenganche silencioso
HH014231,Desenganche silencioso
HH014232,Desenganche silencioso
HH014233,Desenganche silencioso
HH014234,Desenganche silencioso
HH014235,Desenganche silencioso
HH014236,Desenganche silencioso
HH014237,Desenganche silencioso
HH014238,Desenganche silencioso
HH014239,Desenganche silencioso
HH014240,Desenganche silencioso
HH014241,Desenganche silencioso
HH014242,Salida con el banquero
HH014243,Desenganche silencioso
HH014244,Salida con el banquero
HH014245,Desenganche silencioso
HH014246,Desenganche silencioso
HH014247,Salida con el banquero
HH014248,Salida con el banquero
HH014249,Desenganche silencioso
HH014250,Desenganche silencioso
HH014251,Salida con el banquero
HH014252,Desenganche silencioso
HH014253,Desenganche silencioso
HH014254,Desenganche silencioso
HH014255,Desenganche silencioso
HH014256,Desenganche silencioso
HH014257,Desenganche silencioso
HH014258,Desenganche silencioso
HH014259,Desenganche silencioso
HH014260,Desenganche silencioso
HH014261,Salida con el banquero
HH014262,Desenganche silencioso
HH014263,Desenganche silencioso
HH014264,Desenganche silencioso
HH014265,Externalización activa
HH014266,Desenganche silencioso
HH014267,Desenganche silencioso
HH014268,Desenganche silencioso
HH014269,Desenganche silencioso
HH014270,Desenganche silencioso
HH014271,Desenganche silencioso
HH014272,Desenganche silencioso
HH014273,Desenganche silencioso
HH014274,Desenganche silencioso
HH014275,Desenganche silencioso
HH014276,Externalización activa
HH014277,Desenganche silencioso
HH014278,Desenganche silencioso
HH014279,Salida con el banquero
HH014280,Desenganche silencioso
HH014281,Desenganche silencioso
HH014282,Salida con el banquero
HH014283,Desenganche silencioso
HH014284,Desenganche silencioso
HH014285,Salida con el banquero
HH014286,Salida con el banquero
HH014287,Salida con el banquero
HH014288,Desenganche silencioso
HH014289,Salida con el banquero
HH014290,Salida con el banquero
HH014291,Desenganche silencioso
HH014292,Desenganche silencioso
HH014293,Desenganche silencioso
HH014294,Desenganche silencioso
HH014295,Desenganche silencioso
HH014296,Externalización activa
HH014297,Desenganche silencioso
HH014298,Desenganche silencioso
HH014299,Desenganche silencioso
HH014300,Desenganche silencioso
HH014301,Desenganche silencioso
HH014302,Desenganche silencioso
HH014303,Desenganche silencioso
HH014304,Salida con el banquero
HH014305,Desenganche silencioso
HH014306,Desenganche silencioso
HH014307,Salida con el banquero
HH014308,Desenganche silencioso
HH014309,Desenganche silencioso
HH014310,Desenganche silencioso
HH014311,Desenganche silencioso
HH014312,Desenganche silencioso
HH014313,Desenganche silencioso
HH014314,Desenganche silencioso
HH014315,Desenganche silencioso
HH014316,Desenganche silencioso
HH014317,Desenganche silencioso
HH014318,Desenganche silencioso
HH014319,Desenganche silencioso
HH014320,Externalización activa
HH014321,Desenganche silencioso
HH014322,Salida con el banquero
HH014323,Desenganche silencioso
HH014324,Desenganche silencioso
HH014325,Desenganche silencioso
HH014326,Salida con el banquero
HH014327,Desenganche silencioso
HH014328,Desenganche silencioso
HH014329,Desenganche silencioso
HH014330,Desenganche silencioso
HH014331,Desenganche silencioso
HH014332,Desenganche silencioso
HH014333,Desenganche silencioso
HH014334,Desenganche silencioso
HH014335,Externalización activa
HH014336,Desenganche silencioso
HH014337,Desenganche silencioso
HH014338,Desenganche silencioso
HH014339,Salida con el banquero
HH014340,Desenganche silencioso
HH014341,Desenganche silencioso
HH014342,Desenganche silencioso
HH014343,Desenganche silencioso
HH014344,Desenganche silencioso
HH014345,Salida con el banquero
HH014346,Desenganche silencioso
HH014347,Desenganche silencioso
HH014348,Desenganche silencioso
HH014349,Desenganche silencioso
HH014350,Desenganche silencioso
HH014351,Desenganche silencioso
HH014352,Desenganche silencioso
HH014353,Desenganche silencioso
HH014354,Salida con el banquero
HH014355,Desenganche silencioso
HH014356,Desenganche silencioso
HH014357,Desenganche silencioso
HH014358,Desenganche silencioso
HH014359,Desenganche silencioso
HH014360,Desenganche silencioso
HH014361,Desenganche silencioso
HH014362,Desenganche silencioso
HH014363,Desenganche silencioso
HH014364,Desenganche silencioso
HH014365,Salida con el banquero
HH014366,Desenganche silencioso
HH014367,Desenganche silencioso
HH014368,Desenganche silencioso
HH014369,Salida con el banquero
HH014370,Desenganche silencioso
HH014371,Desenganche silencioso
HH014372,Salida con el banquero
HH014373,Externalización activa
HH014374,Salida con el banquero
HH014375,Desenganche silencioso
HH014376,Desenganche silencioso
HH014377,Salida con el banquero
HH014378,Desenganche silencioso
HH014379,Desenganche silencioso
HH014380,Desenganche silencioso
HH014381,Desenganche silencioso
HH014382,Desenganche silencioso
HH014383,Desenganche silencioso
HH014384,Desenganche silencioso
HH014385,Desenganche silencioso
HH014386,Desenganche silencioso
HH014387,Desenganche silencioso
HH014388,Desenganche silencioso
HH014389,Desenganche silencioso
HH014390,Desenganche silencioso
HH014391,Externalización activa
HH014392,Desenganche silencioso
HH014393,Desenganche silencioso
HH014394,Salida con el banquero
HH014395,Desenganche silencioso
HH014396,Desenganche silencioso
HH014397,Desenganche silencioso
HH014398,Desenganche silencioso
HH014399,Desenganche silencioso
HH014400,Desenganche silencioso
HH014401,Desenganche silencioso
HH014402,Desenganche silencioso
HH014403,Desenganche silencioso
HH014404,Desenganche silencioso
HH014405,Desenganche silencioso
HH014406,Desenganche silencioso
HH014407,Desenganche silencioso
HH014408,Desenganche silencioso
HH014409,Desenganche silencioso
HH014410,Desenganche silencioso
HH014411,Desenganche silencioso
HH014412,Desenganche silencioso
HH014413,Desenganche silencioso
HH014414,Desenganche silencioso
HH014415,Desenganche silencioso
HH014416,Desenganche silencioso
HH014417,Desenganche silencioso
HH014418,Desenganche silencioso
HH014419,Externalización activa
HH014420,Desenganche silencioso
HH014421,Externalización activa
HH014422,Desenganche silencioso
HH014423,Desenganche silencioso
HH014424,Externalización activa
HH014425,Desenganche silencioso
HH014426,Desenganche silencioso
HH014427,Desenganche silencioso
HH014428,Desenganche silencioso
HH014429,Salida con el banquero
HH014430,Desenganche silencioso
HH014431,Desenganche silencioso
HH014432,Externalización activa
HH014433,Desenganche silencioso
HH014434,Desenganche silencioso
HH014435,Externalización activa
HH014436,Desenganche silencioso
HH014437,Desenganche silencioso
HH014438,Desenganche silencioso
HH014439,Desenganche silencioso
HH014440,Desenganche silencioso
HH014441,Salida con el banquero
HH014442,Desenganche silencioso
HH014443,Salida con el banquero
HH014444,Desenganche silencioso
HH014445,Desenganche silencioso
HH014446,Desenganche silencioso
HH014447,Desenganche silencioso
HH014448,Desenganche silencioso
HH014449,Desenganche silencioso
HH014450,Desenganche silencioso
HH014451,Desenganche silencioso
HH014452,Desenganche silencioso
HH014453,Desenganche silencioso
HH014454,Desenganche silencioso
HH014455,Externalización activa
HH014456,Desenganche silencioso
HH014457,Desenganche silencioso
HH014458,Desenganche silencioso
HH014459,Desenganche silencioso
HH014460,Desenganche silencioso
HH014461,Externalización activa
HH014462,Desenganche silencioso
HH014463,Salida con el banquero
HH014464,Desenganche silencioso
HH014465,Salida con el banquero
HH014466,Desenganche silencioso
HH014467,Desenganche silencioso
HH014468,Desenganche silencioso
HH014469,Externalización activa
HH014470,Desenganche silencioso
HH014471,Desenganche silencioso
HH014472,Desenganche silencioso
HH014473,Salida con el banquero
HH014474,Desenganche silencioso
HH014475,Desenganche silencioso
HH014476,Desenganche silencioso
HH014477,Desenganche silencioso
HH014478,Salida con el banquero
HH014479,Desenganche silencioso
HH014480,Desenganche silencioso
HH014481,Salida con el banquero
HH014482,Desenganche silencioso
HH014483,Desenganche silencioso
HH014484,Desenganche silencioso
HH014485,Desenganche silencioso
HH014486,Desenganche silencioso
HH014487,Salida con el banquero
HH014488,Salida con el banquero
HH014489,Desenganche silencioso
HH014490,Desenganche silencioso
HH014491,Salida con el banquero
HH014492,Desenganche silencioso
HH014493,Desenganche silencioso
HH014494,Salida con el banquero
HH014495,Desenganche silencioso
HH014496,Desenganche silencioso
HH014497,Desenganche silencioso
HH014498,Desenganche silencioso
HH014499,Desenganche silencioso
HH014500,Desenganche silencioso
HH014501,Desenganche silencioso
HH014502,Externalización activa
HH014503,Desenganche silencioso
HH014504,Salida con el banquero
HH014505,Desenganche silencioso
HH014506,Desenganche silencioso
HH014507,Desenganche silencioso
HH014508,Externalización activa
HH014509,Desenganche silencioso
HH014510,Desenganche silencioso
HH014511,Desenganche silencioso
HH014512,Desenganche silencioso
HH014513,Desenganche silencioso
HH014514,Desenganche silencioso
HH014515,Desenganche silencioso
HH014516,Desenganche silencioso
HH014517,Salida con el banquero
HH014518,Desenganche silencioso
HH014519,Externalización activa
HH014520,Desenganche silencioso
HH014521,Desenganche silencioso
HH014522,Desenganche silencioso
HH014523,Desenganche silencioso
HH014524,Desenganche silencioso
HH014525,Externalización activa
HH014526,Desenganche silencioso
HH014527,Desenganche silencioso
HH014528,Desenganche silencioso
HH014529,Desenganche silencioso
HH014530,Desenganche silencioso
HH014531,Desenganche silencioso
HH014532,Salida con el banquero
HH014533,Desenganche silencioso
HH014534,Externalización activa
HH014535,Desenganche silencioso
HH014536,Salida con el banquero
HH014537,Desenganche silencioso
HH014538,Desenganche silencioso
HH014539,Salida con el banquero
HH014540,Desenganche silencioso
HH014541,Desenganche silencioso
HH014542,Desenganche silencioso
HH014543,Desenganche silencioso
HH014544,Desenganche silencioso
HH014545,Desenganche silencioso
HH014546,Desenganche silencioso
HH014547,Desenganche silencioso
HH014548,Desenganche silencioso
HH014549,Desenganche silencioso
HH014550,Desenganche silencioso
HH014551,Desenganche silencioso
HH014552,Salida con el banquero
HH014553,Desenganche silencioso
HH014554,Desenganche silencioso
HH014555,Salida con el banquero
HH014556,Desenganche silencioso
HH014557,Desenganche silencioso
HH014558,Desenganche silencioso
HH014559,Desenganche silencioso
HH014560,Desenganche silencioso
HH014561,Desenganche silencioso
HH014562,Desenganche silencioso
HH014563,Desenganche silencioso
HH014564,Desenganche silencioso
HH014565,Desenganche silencioso
HH014566,Desenganche silencioso
HH014567,Salida con el banquero
HH014568,Desenganche silencioso
HH014569,Desenganche silencioso
HH014570,Desenganche silencioso
HH014571,Desenganche silencioso
HH014572,Desenganche silencioso
HH014573,Desenganche silencioso
HH014574,Desenganche silencioso
HH014575,Desenganche silencioso
HH014576,Desenganche silencioso
HH014577,Externalización activa
HH014578,Desenganche silencioso
HH014579,Desenganche silencioso
HH014580,Desenganche silencioso
HH014581,Desenganche silencioso
HH014582,Desenganche silencioso
HH014583,Desenganche silencioso
HH014584,Desenganche silencioso
HH014585,Desenganche silencioso
HH014586,Desenganche silencioso
HH014587,Externalización activa
HH014588,Desenganche silencioso
HH014589,Desenganche silencioso
HH014590,Desenganche silencioso
HH014591,Salida con el banquero
HH014592,Desenganche silencioso
HH014593,Desenganche silencioso
HH014594,Salida con el banquero
HH014595,Desenganche silencioso
HH014596,Desenganche silencioso
HH014597,Desenganche silencioso
HH014598,Desenganche silencioso
HH014599,Desenganche silencioso
HH014600,Desenganche silencioso
HH014601,Desenganche silencioso
HH014602,Desenganche silencioso
HH014603,Desenganche silencioso
HH014604,Desenganche silencioso
HH014605,Desenganche silencioso
HH014606,Desenganche silencioso
HH014607,Desenganche silencioso
HH014608,Desenganche silencioso
HH014609,Desenganche silencioso
HH014610,Salida con el banquero
HH014611,Externalización activa
HH014612,Desenganche silencioso
HH014613,Desenganche silencioso
HH014614,Desenganche silencioso
HH014615,Desenganche silencioso
HH014616,Desenganche silencioso
HH014617,Desenganche silencioso
HH014618,Salida con el banquero
HH014619,Desenganche silencioso
HH014620,Desenganche silencioso
HH014621,Desenganche silencioso
HH014622,Salida con el banquero
HH014623,Desenganche silencioso
HH014624,Desenganche silencioso
HH014625,Desenganche silencioso
HH014626,Desenganche silencioso
HH014627,Desenganche silencioso
HH014628,Desenganche silencioso
HH014629,Desenganche silencioso
HH014630,Desenganche silencioso
HH014631,Salida con el banquero
HH014632,Desenganche silencioso
HH014633,Desenganche silencioso
HH014634,Externalización activa
HH014635,Desenganche silencioso
HH014636,Desenganche silencioso
HH014637,Desenganche silencioso
HH014638,Desenganche silencioso
HH014639,Desenganche silencioso
HH014640,Desenganche silencioso
HH014641,Externalización activa
HH014642,Salida con el banquero
HH014643,Desenganche silencioso
HH014644,Desenganche silencioso
HH014645,Desenganche silencioso
HH014646,Desenganche silencioso
HH014647,Externalización activa
HH014648,Desenganche silencioso
HH014649,Desenganche silencioso
HH014650,Desenganche silencioso
HH014651,Desenganche silencioso
HH014652,Desenganche silencioso
HH014653,Desenganche silencioso
HH014654,Desenganche silencioso
HH014655,Salida con el banquero
HH014656,Desenganche silencioso
HH014657,Desenganche silencioso
HH014658,Desenganche silencioso
HH014659,Desenganche silencioso
HH014660,Desenganche silencioso
HH014661,Externalización activa
HH014662,Desenganche silencioso
HH014663,Desenganche silencioso
HH014664,Desenganche silencioso
HH014665,Desenganche silencioso
HH014666,Desenganche silencioso
HH014667,Desenganche silencioso
HH014668,Desenganche silencioso
HH014669,Desenganche silencioso
HH014670,Desenganche silencioso
HH014671,Salida con el banquero
HH014672,Desenganche silencioso
HH014673,Desenganche silencioso
HH014674,Desenganche silencioso
HH014675,Desenganche silencioso
HH014676,Desenganche silencioso
HH014677,Desenganche silencioso
HH014678,Desenganche silencioso
HH014679,Desenganche silencioso
HH014680,Desenganche silencioso
HH014681,Desenganche silencioso
HH014682,Desenganche silencioso
HH014683,Desenganche silencioso
HH014684,Desenganche silencioso
HH014685,Desenganche silencioso
HH014686,Desenganche silencioso
HH014687,Desenganche silencioso
HH014688,Desenganche silencioso
HH014689,Desenganche silencioso
HH014690,Desenganche silencioso
HH014691,Desenganche silencioso
HH014692,Desenganche silencioso
HH014693,Desenganche silencioso
HH014694,Desenganche silencioso
HH014695,Desenganche silencioso
HH014696,Desenganche silencioso
HH014697,Desenganche silencioso
HH014698,Externalización activa
HH014699,Desenganche silencioso
HH014700,Salida con el banquero
HH014701,Desenganche silencioso
HH014702,Desenganche silencioso
HH014703,Desenganche silencioso
HH014704,Desenganche silencioso
HH014705,Desenganche silencioso
HH014706,Externalización activa
HH014707,Desenganche silencioso
HH014708,Desenganche silencioso
HH014709,Desenganche silencioso
HH014710,Salida con el banquero
HH014711,Desenganche silencioso
HH014712,Salida con el banquero
HH014713,Desenganche silencioso
HH014714,Desenganche silencioso
HH014715,Desenganche silencioso
HH014716,Desenganche silencioso
HH014717,Desenganche silencioso
HH014718,Desenganche silencioso
HH014719,Externalización activa
HH014720,Externalización activa
HH014721,Desenganche silencioso
HH014722,Desenganche silencioso
HH014723,Desenganche silencioso
HH014724,Desenganche silencioso
HH014725,Externalización activa
HH014726,Desenganche silencioso
HH014727,Desenganche silencioso
HH014728,Desenganche silencioso
HH014729,Desenganche silencioso
HH014730,Desenganche silencioso
HH014731,Desenganche silencioso
HH014732,Desenganche silencioso
HH014733,Desenganche silencioso
HH014734,Desenganche silencioso
HH014735,Salida con el banquero
HH014736,Desenganche silencioso
HH014737,Desenganche silencioso
HH014738,Desenganche silencioso
HH014739,Salida con el banquero
HH014740,Desenganche silencioso
HH014741,Salida con el banquero
HH014742,Externalización activa
HH014743,Salida con el banquero
HH014744,Desenganche silencioso
HH014745,Desenganche silencioso
HH014746,Desenganche silencioso
HH014747,Desenganche silencioso
HH014748,Externalización activa
HH014749,Desenganche silencioso
HH014750,Salida con el banquero
HH014751,Externalización activa
HH014752,Desenganche silencioso
HH014753,Salida con el banquero
HH014754,Externalización activa
HH014755,Desenganche silencioso
HH014756,Desenganche silencioso
HH014757,Salida con el banquero
HH014758,Desenganche silencioso
HH014759,Desenganche silencioso
HH014760,Externalización activa
HH014761,Salida con el banquero
HH014762,Desenganche silencioso
HH014763,Desenganche silencioso
HH014764,Desenganche silencioso
HH014765,Desenganche silencioso
HH014766,Salida con el banquero
HH014767,Salida con el banquero
HH014768,Desenganche silencioso
HH014769,Desenganche silencioso
HH014770,Salida con el banquero
HH014771,Desenganche silencioso
HH014772,Desenganche silencioso
HH014773,Salida con el banquero
HH014774,Desenganche silencioso
HH014775,Desenganche silencioso
HH014776,Desenganche silencioso
HH014777,Desenganche silencioso
HH014778,Desenganche silencioso
HH014779,Desenganche silencioso
HH014780,Desenganche silencioso
HH014781,Desenganche silencioso
HH014782,Desenganche silencioso
HH014783,Desenganche silencioso
HH014784,Desenganche silencioso
HH014785,Desenganche silencioso
HH014786,Desenganche silencioso
HH014787,Desenganche silencioso
HH014788,Salida con el banquero
HH014789,Desenganche silencioso
HH014790,Desenganche silencioso
HH014791,Salida con el banquero
HH014792,Desenganche silencioso
HH014793,Desenganche silencioso
HH014794,Desenganche silencioso
HH014795,Salida con el banquero
HH014796,Desenganche silencioso
HH014797,Salida con el banquero
HH014798,Desenganche silencioso
HH014799,Desenganche silencioso
HH014800,Desenganche silencioso
HH014801,Desenganche silencioso
HH014802,Desenganche silencioso
HH014803,Desenganche silencioso
HH014804,Desenganche silencioso
HH014805,Externalización activa
HH014806,Desenganche silencioso
HH014807,Desenganche silencioso
HH014808,Desenganche silencioso
HH014809,Desenganche silencioso
HH014810,Externalización activa
HH014811,Desenganche silencioso
HH014812,Desenganche silencioso
HH014813,Desenganche silencioso
HH014814,Desenganche silencioso
HH014815,Desenganche silencioso
HH014816,Desenganche silencioso
HH014817,Desenganche silencioso
HH014818,Desenganche silencioso
HH014819,Salida con el banquero
HH014820,Desenganche silencioso
HH014821,Desenganche silencioso
HH014822,Desenganche silencioso
HH014823,Desenganche silencioso
HH014824,Desenganche silencioso
HH014825,Desenganche silencioso
HH014826,Salida con el banquero
HH014827,Salida con el banquero
HH014828,Desenganche silencioso
HH014829,Salida con el banquero
HH014830,Desenganche silencioso
HH014831,Desenganche silencioso
HH014832,Desenganche silencioso
HH014833,Desenganche silencioso
HH014834,Desenganche silencioso
HH014835,Desenganche silencioso
HH014836,Salida con el banquero
HH014837,Desenganche silencioso
HH014838,Desenganche silencioso
HH014839,Desenganche silencioso
HH014840,Desenganche silencioso
HH014841,Desenganche silencioso
HH014842,Desenganche silencioso
HH014843,Desenganche silencioso
HH014844,Desenganche silencioso
HH014845,Desenganche silencioso
HH014846,Desenganche silencioso
HH014847,Desenganche silencioso
HH014848,Desenganche silencioso
HH014849,Desenganche silencioso
HH014850,Desenganche silencioso
HH014851,Desenganche silencioso
HH014852,Externalización activa
HH014853,Desenganche silencioso
HH014854,Desenganche silencioso
HH014855,Desenganche silencioso
HH014856,Desenganche silencioso
HH014857,Desenganche silencioso
HH014858,Desenganche silencioso
HH014859,Externalización activa
HH014860,Desenganche silencioso
HH014861,Salida con el banquero
HH014862,Desenganche silencioso
HH014863,Externalización activa
HH014864,Desenganche silencioso
HH014865,Salida con el banquero
HH014866,Desenganche silencioso
HH014867,Desenganche silencioso
HH014868,Desenganche silencioso
HH014869,Desenganche silencioso
HH014870,Desenganche silencioso
HH014871,Externalización activa
HH014872,Desenganche silencioso
HH014873,Desenganche silencioso
HH014874,Desenganche silencioso
HH014875,Desenganche silencioso
HH014876,Desenganche silencioso
HH014877,Desenganche silencioso
HH014878,Salida con el banquero
HH014879,Desenganche silencioso
HH014880,Desenganche silencioso
HH014881,Desenganche silencioso
HH014882,Salida con el banquero
HH014883,Salida con el banquero
HH014884,Desenganche silencioso
HH014885,Desenganche silencioso
HH014886,Desenganche silencioso
HH014887,Desenganche silencioso
HH014888,Salida con el banquero
HH014889,Desenganche silencioso
HH014890,Desenganche silencioso
HH014891,Salida con el banquero
HH014892,Externalización activa
HH014893,Desenganche silencioso
HH014894,Desenganche silencioso
HH014895,Desenganche silencioso
HH014896,Desenganche silencioso
HH014897,Desenganche silencioso
HH014898,Desenganche silencioso
HH014899,Desenganche silencioso
HH014900,Desenganche silencioso
HH014901,Desenganche silencioso
HH014902,Desenganche silencioso
HH014903,Desenganche silencioso
HH014904,Desenganche silencioso
HH014905,Desenganche silencioso
HH014906,Desenganche silencioso
HH014907,Desenganche silencioso
HH014908,Salida con el banquero
HH014909,Desenganche silencioso
HH014910,Desenganche silencioso
HH014911,Salida con el banquero
HH014912,Desenganche silencioso
HH014913,Desenganche silencioso
HH014914,Desenganche silencioso
HH014915,Desenganche silencioso
HH014916,Desenganche silencioso
HH014917,Desenganche silencioso
HH014918,Desenganche silencioso
HH014919,Desenganche silencioso
HH014920,Desenganche silencioso
HH014921,Desenganche silencioso
HH014922,Desenganche silencioso
HH014923,Desenganche silencioso
HH014924,Desenganche silencioso
HH014925,Desenganche silencioso
HH014926,Salida con el banquero
HH014927,Desenganche silencioso
HH014928,Desenganche silencioso
HH014929,Desenganche silencioso
HH014930,Desenganche silencioso
HH014931,Desenganche silencioso
HH014932,Desenganche silencioso
HH014933,Salida con el banquero
HH014934,Desenganche silencioso
HH014935,Desenganche silencioso
HH014936,Salida con el banquero
HH014937,Desenganche silencioso
HH014938,Desenganche silencioso
HH014939,Desenganche silencioso
HH014940,Desenganche silencioso
HH014941,Desenganche silencioso
HH014942,Desenganche silencioso
HH014943,Desenganche silencioso
HH014944,Desenganche silencioso
HH014945,Salida con el banquero
HH014946,Desenganche silencioso
HH014947,Salida con el banquero
HH014948,Desenganche silencioso
HH014949,Desenganche silencioso
HH014950,Desenganche silencioso
HH014951,Desenganche silencioso
HH014952,Desenganche silencioso
HH014953,Desenganche silencioso
HH014954,Desenganche silencioso
HH014955,Desenganche silencioso
HH014956,Desenganche silencioso
HH014957,Desenganche silencioso
HH014958,Desenganche silencioso
HH014959,Desenganche silencioso
HH014960,Desenganche silencioso
HH014961,Salida con el banquero
HH014962,Externalización activa
HH014963,Desenganche silencioso
HH014964,Externalización activa
HH014965,Desenganche silencioso
HH014966,Desenganche silencioso
HH014967,Desenganche silencioso
HH014968,Salida con el banquero
HH014969,Desenganche silencioso
HH014970,Desenganche silencioso
HH014971,Desenganche silencioso
HH014972,Desenganche silencioso
HH014973,Desenganche silencioso
HH014974,Salida con el banquero
HH014975,Desenganche silencioso
HH014976,Desenganche silencioso
HH014977,Desenganche silencioso
HH014978,Salida con el banquero
HH014979,Desenganche silencioso
HH014980,Desenganche silencioso
HH014981,Salida con el banquero
HH014982,Desenganche silencioso
HH014983,Desenganche silencioso
HH014984,Externalización activa
HH014985,Salida con el banquero
HH014986,Desenganche silencioso
HH014987,Desenganche silencioso
HH014988,Externalización activa
HH014989,Desenganche silencioso
HH014990,Desenganche silencioso
HH014991,Desenganche silencioso
HH014992,Desenganche silencioso
HH014993,Desenganche silencioso
HH014994,Externalización activa
HH014995,Desenganche silencioso
HH014996,Desenganche silencioso
HH014997,Desenganche silencioso
HH014998,Desenganche silencioso
HH014999,Desenganche silencioso
HH015000,Desenganche silencioso
HH015001,Salida con el banquero
HH015002,Desenganche silencioso
HH015003,Desenganche silencioso
HH015004,Desenganche silencioso
HH015005,Externalización activa
HH015006,Desenganche silencioso
HH015007,Desenganche silencioso
HH015008,Desenganche silencioso
HH015009,Desenganche silencioso
HH015010,Desenganche silencioso
HH015011,Desenganche silencioso
HH015012,Desenganche silencioso
HH015013,Externalización activa
HH015014,Desenganche silencioso
HH015015,Externalización activa
HH015016,Desenganche silencioso
HH015017,Desenganche silencioso
HH015018,Desenganche silencioso
HH015019,Desenganche silencioso
HH015020,Desenganche silencioso
HH015021,Externalización activa
HH015022,Desenganche silencioso
HH015023,Desenganche silencioso
HH015024,Desenganche silencioso
HH015025,Desenganche silencioso
HH015026,Desenganche silencioso
HH015027,Externalización activa
HH015028,Desenganche silencioso
HH015029,Desenganche silencioso
HH015030,Desenganche silencioso
HH015031,Desenganche silencioso
HH015032,Desenganche silencioso
HH015033,Salida con el banquero
HH015034,Desenganche silencioso
HH015035,Desenganche silencioso
HH015036,Desenganche silencioso
HH015037,Desenganche silencioso
HH015038,Desenganche silencioso
HH015039,Externalización activa
HH015040,Desenganche silencioso
HH015041,Desenganche silencioso
HH015042,Desenganche silencioso
HH015043,Desenganche silencioso
HH015044,Salida con el banquero
HH015045,Desenganche silencioso
HH015046,Salida con el banquero
HH015047,Desenganche silencioso
HH015048,Desenganche silencioso
HH015049,Desenganche silencioso
HH015050,Desenganche silencioso
HH015051,Desenganche silencioso
HH015052,Desenganche silencioso
HH015053,Desenganche silencioso
HH015054,Desenganche silencioso
HH015055,Desenganche silencioso
HH015056,Desenganche silencioso
HH015057,Desenganche silencioso
HH015058,Desenganche silencioso
HH015059,Desenganche silencioso
HH015060,Desenganche silencioso
HH015061,Desenganche silencioso
HH015062,Desenganche silencioso
HH015063,Desenganche silencioso
HH015064,Desenganche silencioso
HH015065,Desenganche silencioso
HH015066,Desenganche silencioso
HH015067,Desenganche silencioso
HH015068,Desenganche silencioso
HH015069,Desenganche silencioso
HH015070,Desenganche silencioso
HH015071,Externalización activa
HH015072,Desenganche silencioso
HH015073,Salida con el banquero
HH015074,Desenganche silencioso
HH015075,Desenganche silencioso
HH015076,Desenganche silencioso
HH015077,Desenganche silencioso
HH015078,Salida con el banquero
HH015079,Desenganche silencioso
HH015080,Desenganche silencioso
HH015081,Salida con el banquero
HH015082,Salida con el banquero
HH015083,Desenganche silencioso
HH015084,Desenganche silencioso
HH015085,Desenganche silencioso
HH015086,Salida con el banquero
HH015087,Desenganche silencioso
HH015088,Salida con el banquero
HH015089,Salida con el banquero
HH015090,Externalización activa
HH015091,Desenganche silencioso
HH015092,Desenganche silencioso
HH015093,Desenganche silencioso
HH015094,Desenganche silencioso
HH015095,Desenganche silencioso
HH015096,Desenganche silencioso
HH015097,Desenganche silencioso
HH015098,Desenganche silencioso
HH015099,Desenganche silencioso
HH015100,Desenganche silencioso
HH015101,Desenganche silencioso
HH015102,Desenganche silencioso
HH015103,Salida con el banquero
HH015104,Externalización activa
HH015105,Desenganche silencioso
HH015106,Desenganche silencioso
HH015107,Desenganche silencioso
HH015108,Desenganche silencioso
HH015109,Externalización activa
HH015110,Desenganche silencioso
HH015111,Desenganche silencioso
HH015112,Desenganche silencioso
HH015113,Desenganche silencioso
HH015114,Desenganche silencioso
HH015115,Externalización activa
HH015116,Desenganche silencioso
HH015117,Salida con el banquero
HH015118,Salida con el banquero
HH015119,Desenganche silencioso
HH015120,Desenganche silencioso
HH015121,Desenganche silencioso
HH015122,Desenganche silencioso
HH015123,Salida con el banquero
HH015124,Desenganche silencioso
HH015125,Desenganche silencioso
HH015126,Desenganche silencioso
HH015127,Desenganche silencioso
HH015128,Externalización activa
HH015129,Desenganche silencioso
HH015130,Desenganche silencioso
HH015131,Desenganche silencioso
HH015132,Externalización activa
HH015133,Desenganche silencioso
HH015134,Desenganche silencioso
HH015135,Salida con el banquero
HH015136,Desenganche silencioso
HH015137,Desenganche silencioso
HH015138,Desenganche silencioso
HH015139,Salida con el banquero
HH015140,Desenganche silencioso
HH015141,Desenganche silencioso
HH015142,Desenganche silencioso
HH015143,Desenganche silencioso
HH015144,Desenganche silencioso
HH015145,Salida con el banquero
HH015146,Externalización activa
HH015147,Desenganche silencioso
HH015148,Desenganche silencioso
HH015149,Desenganche silencioso
HH015150,Desenganche silencioso
HH015151,Desenganche silencioso
HH015152,Desenganche silencioso
HH015153,Salida con el banquero
HH015154,Desenganche silencioso
HH015155,Desenganche silencioso
HH015156,Desenganche silencioso
HH015157,Desenganche silencioso
HH015158,Salida con el banquero
HH015159,Desenganche silencioso
HH015160,Desenganche silencioso
HH015161,Desenganche silencioso
HH015162,Desenganche silencioso
HH015163,Desenganche silencioso
HH015164,Desenganche silencioso
HH015165,Desenganche silencioso
HH015166,Salida con el banquero
HH015167,Desenganche silencioso
HH015168,Desenganche silencioso
HH015169,Desenganche silencioso
HH015170,Desenganche silencioso
HH015171,Desenganche silencioso
HH015172,Desenganche silencioso
HH015173,Desenganche silencioso
HH015174,Desenganche silencioso
HH015175,Salida con el banquero
HH015176,Desenganche silencioso
HH015177,Desenganche silencioso
HH015178,Externalización activa
HH015179,Salida con el banquero
HH015180,Desenganche silencioso
HH015181,Desenganche silencioso
HH015182,Desenganche silencioso
HH015183,Desenganche silencioso
HH015184,Desenganche silencioso
HH015185,Desenganche silencioso
HH015186,Desenganche silencioso
HH015187,Desenganche silencioso
HH015188,Desenganche silencioso
HH015189,Desenganche silencioso
HH015190,Salida con el banquero
HH015191,Desenganche silencioso
HH015192,Desenganche silencioso
HH015193,Desenganche silencioso
HH015194,Desenganche silencioso
HH015195,Desenganche silencioso
HH015196,Desenganche silencioso
HH015197,Desenganche silencioso
HH015198,Desenganche silencioso
HH015199,Desenganche silencioso
HH015200,Desenganche silencioso
HH015201,Desenganche silencioso
HH015202,Desenganche silencioso
HH015203,Desenganche silencioso
HH015204,Salida con el banquero
HH015205,Desenganche silencioso
HH015206,Desenganche silencioso
HH015207,Desenganche silencioso
HH015208,Salida con el banquero
HH015209,Desenganche silencioso
HH015210,Desenganche silencioso
HH015211,Desenganche silencioso
HH015212,Desenganche silencioso
HH015213,Desenganche silencioso
HH015214,Desenganche silencioso
HH015215,Desenganche silencioso
HH015216,Desenganche silencioso
HH015217,Desenganche silencioso
HH015218,Externalización activa
HH015219,Desenganche silencioso
HH015220,Desenganche silencioso
HH015221,Desenganche silencioso
HH015222,Desenganche silencioso
HH015223,Desenganche silencioso
HH015224,Desenganche silencioso
HH015225,Salida con el banquero
HH015226,Desenganche silencioso
HH015227,Desenganche silencioso
HH015228,Desenganche silencioso
HH015229,Desenganche silencioso
HH015230,Desenganche silencioso
HH015231,Desenganche silencioso
HH015232,Desenganche silencioso
HH015233,Desenganche silencioso
HH015234,Externalización activa
HH015235,Desenganche silencioso
HH015236,Desenganche silencioso
HH015237,Externalización activa
HH015238,Desenganche silencioso
HH015239,Desenganche silencioso
HH015240,Desenganche silencioso
HH015241,Desenganche silencioso
HH015242,Desenganche silencioso
HH015243,Desenganche silencioso
HH015244,Desenganche silencioso
HH015245,Desenganche silencioso
HH015246,Desenganche silencioso
HH015247,Desenganche silencioso
HH015248,Desenganche silencioso
HH015249,Desenganche silencioso
HH015250,Desenganche silencioso
HH015251,Desenganche silencioso
HH015252,Desenganche silencioso
HH015253,Externalización activa
HH015254,Desenganche silencioso
HH015255,Salida con el banquero
HH015256,Desenganche silencioso
HH015257,Desenganche silencioso
HH015258,Salida con el banquero
HH015259,Desenganche silencioso
HH015260,Desenganche silencioso
HH015261,Salida con el banquero
HH015262,Desenganche silencioso
HH015263,Desenganche silencioso
HH015264,Desenganche silencioso
HH015265,Desenganche silencioso
HH015266,Desenganche silencioso
HH015267,Desenganche silencioso
HH015268,Desenganche silencioso
HH015269,Desenganche silencioso
HH015270,Desenganche silencioso
HH015271,Desenganche silencioso
HH015272,Desenganche silencioso
HH015273,Salida con el banquero
HH015274,Desenganche silencioso
HH015275,Desenganche silencioso
HH015276,Desenganche silencioso
HH015277,Desenganche silencioso
HH015278,Desenganche silencioso
HH015279,Desenganche silencioso
HH015280,Desenganche silencioso
HH015281,Desenganche silencioso
HH015282,Externalización activa
HH015283,Desenganche silencioso
HH015284,Salida con el banquero
HH015285,Desenganche silencioso
HH015286,Salida con el banquero
HH015287,Desenganche silencioso
HH015288,Desenganche silencioso
HH015289,Externalización activa
HH015290,Desenganche silencioso
HH015291,Desenganche silencioso
HH015292,Desenganche silencioso
HH015293,Salida con el banquero
HH015294,Desenganche silencioso
HH015295,Desenganche silencioso
HH015296,Desenganche silencioso
HH015297,Desenganche silencioso
HH015298,Desenganche silencioso
HH015299,Externalización activa
HH015300,Desenganche silencioso
HH015301,Desenganche silencioso
HH015302,Externalización activa
HH015303,Desenganche silencioso
HH015304,Desenganche silencioso
HH015305,Desenganche silencioso
HH015306,Desenganche silencioso
HH015307,Desenganche silencioso
HH015308,Desenganche silencioso
HH015309,Externalización activa
HH015310,Desenganche silencioso
HH015311,Salida con el banquero
HH015312,Externalización activa
HH015313,Desenganche silencioso
HH015314,Externalización activa
HH015315,Desenganche silencioso
HH015316,Desenganche silencioso
HH015317,Desenganche silencioso
HH015318,Desenganche silencioso
HH015319,Externalización activa
HH015320,Desenganche silencioso
HH015321,Salida con el banquero
HH015322,Desenganche silencioso
HH015323,Desenganche silencioso
HH015324,Desenganche silencioso
HH015325,Desenganche silencioso
HH015326,Desenganche silencioso
HH015327,Desenganche silencioso
HH015328,Desenganche silencioso
HH015329,Salida con el banquero
HH015330,Desenganche silencioso
HH015331,Desenganche silencioso
HH015332,Desenganche silencioso
HH015333,Desenganche silencioso
HH015334,Desenganche silencioso
HH015335,Desenganche silencioso
HH015336,Desenganche silencioso
HH015337,Salida con el banquero
HH015338,Desenganche silencioso
HH015339,Desenganche silencioso
HH015340,Externalización activa
HH015341,Desenganche silencioso
HH015342,Desenganche silencioso
HH015343,Salida con el banquero
HH015344,Desenganche silencioso
HH015345,Desenganche silencioso
HH015346,Desenganche silencioso
HH015347,Desenganche silencioso
HH015348,Desenganche silencioso
HH015349,Desenganche silencioso
HH015350,Desenganche silencioso
HH015351,Desenganche silencioso
HH015352,Salida con el banquero
HH015353,Desenganche silencioso
HH015354,Desenganche silencioso
HH015355,Desenganche silencioso
HH015356,Desenganche silencioso
HH015357,Desenganche silencioso
HH015358,Externalización activa
HH015359,Desenganche silencioso
HH015360,Desenganche silencioso
HH015361,Desenganche silencioso
HH015362,Desenganche silencioso
HH015363,Desenganche silencioso
HH015364,Salida con el banquero
HH015365,Desenganche silencioso
HH015366,Desenganche silencioso
HH015367,Desenganche silencioso
HH015368,Desenganche silencioso
HH015369,Desenganche silencioso
HH015370,Salida con el banquero
HH015371,Desenganche silencioso
HH015372,Desenganche silencioso
HH015373,Desenganche silencioso
HH015374,Salida con el banquero
HH015375,Desenganche silencioso
HH015376,Desenganche silencioso
HH015377,Desenganche silencioso
HH015378,Desenganche silencioso
HH015379,Salida con el banquero
HH015380,Desenganche silencioso
HH015381,Desenganche silencioso
HH015382,Desenganche silencioso
HH015383,Desenganche silencioso
HH015384,Salida con el banquero
HH015385,Externalización activa
HH015386,Salida con el banquero
HH015387,Desenganche silencioso
HH015388,Desenganche silencioso
HH015389,Desenganche silencioso
HH015390,Desenganche silencioso
HH015391,Desenganche silencioso
HH015392,Desenganche silencioso
HH015393,Desenganche silencioso
HH015394,Salida con el banquero
HH015395,Desenganche silencioso
HH015396,Desenganche silencioso
HH015397,Desenganche silencioso
HH015398,Desenganche silencioso
HH015399,Externalización activa
HH015400,Salida con el banquero
HH015401,Desenganche silencioso
HH015402,Desenganche silencioso
HH015403,Desenganche silencioso
HH015404,Desenganche silencioso
HH015405,Desenganche silencioso
HH015406,Desenganche silencioso
HH015407,Desenganche silencioso
HH015408,Desenganche silencioso
HH015409,Desenganche silencioso
HH015410,Desenganche silencioso
HH015411,Externalización activa
HH015412,Desenganche silencioso
HH015413,Desenganche silencioso
HH015414,Desenganche silencioso
HH015415,Desenganche silencioso
HH015416,Desenganche silencioso
HH015417,Desenganche silencioso
HH015418,Desenganche silencioso
HH015419,Desenganche silencioso
HH015420,Desenganche silencioso
HH015421,Desenganche silencioso
HH015422,Desenganche silencioso
HH015423,Desenganche silencioso
HH015424,Desenganche silencioso
HH015425,Salida con el banquero
HH015426,Externalización activa
HH015427,Desenganche silencioso
HH015428,Desenganche silencioso
HH015429,Salida con el banquero
HH015430,Desenganche silencioso
HH015431,Externalización activa
HH015432,Desenganche silencioso
HH015433,Desenganche silencioso
HH015434,Desenganche silencioso
HH015435,Desenganche silencioso
HH015436,Desenganche silencioso
HH015437,Desenganche silencioso
HH015438,Desenganche silencioso
HH015439,Desenganche silencioso
HH015440,Desenganche silencioso
HH015441,Desenganche silencioso
HH015442,Desenganche silencioso
HH015443,Externalización activa
HH015444,Salida con el banquero
HH015445,Desenganche silencioso
HH015446,Desenganche silencioso
HH015447,Desenganche silencioso
HH015448,Desenganche silencioso
HH015449,Desenganche silencioso
HH015450,Salida con el banquero
HH015451,Desenganche silencioso
HH015452,Desenganche silencioso
HH015453,Desenganche silencioso
HH015454,Desenganche silencioso
HH015455,Desenganche silencioso
HH015456,Salida con el banquero
HH015457,Desenganche silencioso
HH015458,Desenganche silencioso
HH015459,Desenganche silencioso
HH015460,Desenganche silencioso
HH015461,Desenganche silencioso
HH015462,Desenganche silencioso
HH015463,Desenganche silencioso
HH015464,Desenganche silencioso
HH015465,Desenganche silencioso
HH015466,Desenganche silencioso
HH015467,Desenganche silencioso
HH015468,Desenganche silencioso
HH015469,Externalización activa
HH015470,Salida con el banquero
HH015471,Desenganche silencioso
HH015472,Salida con el banquero
HH015473,Desenganche silencioso
HH015474,Externalización activa
HH015475,Desenganche silencioso
HH015476,Externalización activa
HH015477,Desenganche silencioso
HH015478,Desenganche silencioso
HH015479,Desenganche silencioso
HH015480,Desenganche silencioso
HH015481,Desenganche silencioso
HH015482,Desenganche silencioso
HH015483,Desenganche silencioso
HH015484,Externalización activa
HH015485,Desenganche silencioso
HH015486,Desenganche silencioso
HH015487,Salida con el banquero
HH015488,Externalización activa
HH015489,Desenganche silencioso
HH015490,Desenganche silencioso
HH015491,Externalización activa
HH015492,Desenganche silencioso
HH015493,Salida con el banquero
HH015494,Desenganche silencioso
HH015495,Desenganche silencioso
HH015496,Desenganche silencioso
HH015497,Desenganche silencioso
HH015498,Desenganche silencioso
HH015499,Desenganche silencioso
HH015500,Desenganche silencioso
HH015501,Desenganche silencioso
HH015502,Desenganche silencioso
HH015503,Desenganche silencioso
HH015504,Desenganche silencioso
HH015505,Desenganche silencioso
HH015506,Desenganche silencioso
HH015507,Desenganche silencioso
HH015508,Desenganche silencioso
HH015509,Desenganche silencioso
HH015510,Desenganche silencioso
HH015511,Salida con el banquero
HH015512,Salida con el banquero
HH015513,Desenganche silencioso
HH015514,Desenganche silencioso
HH015515,Desenganche silencioso
HH015516,Desenganche silencioso
HH015517,Desenganche silencioso
HH015518,Desenganche silencioso
HH015519,Desenganche silencioso
HH015520,Desenganche silencioso
HH015521,Desenganche silencioso
HH015522,Desenganche silencioso
HH015523,Salida con el banquero
HH015524,Desenganche silencioso
HH015525,Desenganche silencioso
HH015526,Desenganche silencioso
HH015527,Desenganche silencioso
HH015528,Salida con el banquero
HH015529,Desenganche silencioso
HH015530,Desenganche silencioso
HH015531,Desenganche silencioso
HH015532,Desenganche silencioso
HH015533,Desenganche silencioso
HH015534,Desenganche silencioso
HH015535,Desenganche silencioso
HH015536,Desenganche silencioso
HH015537,Desenganche silencioso
HH015538,Desenganche silencioso
HH015539,Desenganche silencioso
HH015540,Salida con el banquero
HH015541,Desenganche silencioso
HH015542,Desenganche silencioso
HH015543,Desenganche silencioso
HH015544,Desenganche silencioso
HH015545,Desenganche silencioso
HH015546,Externalización activa
HH015547,Salida con el banquero
HH015548,Desenganche silencioso
HH015549,Desenganche silencioso
HH015550,Desenganche silencioso
HH015551,Desenganche silencioso
HH015552,Desenganche silencioso
HH015553,Desenganche silencioso
HH015554,Desenganche silencioso
HH015555,Desenganche silencioso
HH015556,Desenganche silencioso
HH015557,Salida con el banquero
HH015558,Salida con el banquero
HH015559,Salida con el banquero
HH015560,Desenganche silencioso
HH015561,Desenganche silencioso
HH015562,Salida con el banquero
HH015563,Desenganche silencioso
HH015564,Desenganche silencioso
HH015565,Desenganche silencioso
HH015566,Desenganche silencioso
HH015567,Desenganche silencioso
HH015568,Desenganche silencioso
HH015569,Desenganche silencioso
HH015570,Desenganche silencioso
HH015571,Desenganche silencioso
HH015572,Desenganche silencioso
HH015573,Desenganche silencioso
HH015574,Desenganche silencioso
HH015575,Desenganche silencioso
HH015576,Desenganche silencioso
HH015577,Desenganche silencioso
HH015578,Desenganche silencioso
HH015579,Desenganche silencioso
HH015580,Desenganche silencioso
HH015581,Desenganche silencioso
HH015582,Desenganche silencioso
HH015583,Desenganche silencioso
HH015584,Desenganche silencioso
HH015585,Desenganche silencioso
HH015586,Desenganche silencioso
HH015587,Desenganche silencioso
HH015588,Salida con el banquero
HH015589,Salida con el banquero
HH015590,Desenganche silencioso
HH015591,Salida con el banquero
HH015592,Desenganche silencioso
HH015593,Desenganche silencioso
HH015594,Desenganche silencioso
HH015595,Salida con el banquero
HH015596,Desenganche silencioso
HH015597,Desenganche silencioso
HH015598,Desenganche silencioso
HH015599,Salida con el banquero
HH015600,Desenganche silencioso
HH015601,Desenganche silencioso
HH015602,Salida con el banquero
HH015603,Salida con el banquero
HH015604,Salida con el banquero
HH015605,Desenganche silencioso
HH015606,Desenganche silencioso
HH015607,Desenganche silencioso
HH015608,Desenganche silencioso
HH015609,Desenganche silencioso
HH015610,Desenganche silencioso
HH015611,Desenganche silencioso
HH015612,Desenganche silencioso
HH015613,Desenganche silencioso
HH015614,Desenganche silencioso
HH015615,Salida con el banquero
HH015616,Externalización activa
HH015617,Desenganche silencioso
HH015618,Desenganche silencioso
HH015619,Externalización activa
HH015620,Desenganche silencioso
HH015621,Desenganche silencioso
HH015622,Salida con el banquero
HH015623,Desenganche silencioso
HH015624,Desenganche silencioso
HH015625,Desenganche silencioso
HH015626,Desenganche silencioso
HH015627,Desenganche silencioso
HH015628,Desenganche silencioso
HH015629,Desenganche silencioso
HH015630,Desenganche silencioso
HH015631,Desenganche silencioso
HH015632,Desenganche silencioso
HH015633,Desenganche silencioso
HH015634,Desenganche silencioso
HH015635,Desenganche silencioso
HH015636,Desenganche silencioso
HH015637,Desenganche silencioso
HH015638,Desenganche silencioso
HH015639,Desenganche silencioso
HH015640,Salida con el banquero
HH015641,Desenganche silencioso
HH015642,Desenganche silencioso
HH015643,Desenganche silencioso
HH015644,Salida con el banquero
HH015645,Desenganche silencioso
HH015646,Desenganche silencioso
HH015647,Desenganche silencioso
HH015648,Desenganche silencioso
HH015649,Desenganche silencioso
HH015650,Desenganche silencioso
HH015651,Desenganche silencioso
HH015652,Desenganche silencioso
HH015653,Desenganche silencioso
HH015654,Desenganche silencioso
HH015655,Desenganche silencioso
HH015656,Desenganche silencioso
HH015657,Desenganche silencioso
HH015658,Desenganche silencioso
HH015659,Desenganche silencioso
HH015660,Desenganche silencioso
HH015661,Desenganche silencioso
HH015662,Desenganche silencioso
HH015663,Desenganche silencioso
HH015664,Desenganche silencioso
HH015665,Desenganche silencioso
HH015666,Externalización activa
HH015667,Desenganche silencioso
HH015668,Desenganche silencioso
HH015669,Desenganche silencioso
HH015670,Externalización activa
HH015671,Desenganche silencioso
HH015672,Desenganche silencioso
HH015673,Desenganche silencioso
HH015674,Desenganche silencioso
HH015675,Desenganche silencioso
HH015676,Desenganche silencioso
HH015677,Externalización activa
HH015678,Externalización activa
HH015679,Desenganche silencioso
HH015680,Salida con el banquero
HH015681,Desenganche silencioso
HH015682,Desenganche silencioso
HH015683,Desenganche silencioso
HH015684,Desenganche silencioso
HH015685,Externalización activa
HH015686,Desenganche silencioso
HH015687,Desenganche silencioso
HH015688,Desenganche silencioso
HH015689,Externalización activa
HH015690,Desenganche silencioso
HH015691,Desenganche silencioso
HH015692,Desenganche silencioso
HH015693,Desenganche silencioso
HH015694,Desenganche silencioso
HH015695,Salida con el banquero
HH015696,Desenganche silencioso
HH015697,Desenganche silencioso
HH015698,Desenganche silencioso
HH015699,Desenganche silencioso
HH015700,Desenganche silencioso
HH015701,Desenganche silencioso
HH015702,Salida con el banquero
HH015703,Desenganche silencioso
HH015704,Desenganche silencioso
HH015705,Desenganche silencioso
HH015706,Desenganche silencioso
HH015707,Desenganche silencioso
HH015708,Salida con el banquero
HH015709,Desenganche silencioso
HH015710,Desenganche silencioso
HH015711,Salida con el banquero
HH015712,Desenganche silencioso
HH015713,Salida con el banquero
HH015714,Desenganche silencioso
HH015715,Desenganche silencioso
HH015716,Desenganche silencioso
HH015717,Desenganche silencioso
HH015718,Desenganche silencioso
HH015719,Desenganche silencioso
HH015720,Desenganche silencioso
HH015721,Externalización activa
HH015722,Desenganche silencioso
HH015723,Desenganche silencioso
HH015724,Desenganche silencioso
HH015725,Desenganche silencioso
HH015726,Desenganche silencioso
HH015727,Desenganche silencioso
HH015728,Desenganche silencioso
HH015729,Desenganche silencioso
HH015730,Desenganche silencioso
HH015731,Salida con el banquero
HH015732,Desenganche silencioso
HH015733,Desenganche silencioso
HH015734,Desenganche silencioso
HH015735,Desenganche silencioso
HH015736,Desenganche silencioso
HH015737,Desenganche silencioso
HH015738,Desenganche silencioso
HH015739,Salida con el banquero
HH015740,Desenganche silencioso
HH015741,Desenganche silencioso
HH015742,Salida con el banquero
HH015743,Salida con el banquero
HH015744,Desenganche silencioso
HH015745,Externalización activa
HH015746,Desenganche silencioso
HH015747,Desenganche silencioso
HH015748,Desenganche silencioso
HH015749,Desenganche silencioso
HH015750,Desenganche silencioso
HH015751,Desenganche silencioso
HH015752,Desenganche silencioso
HH015753,Desenganche silencioso
HH015754,Desenganche silencioso
HH015755,Desenganche silencioso
HH015756,Desenganche silencioso
HH015757,Desenganche silencioso
HH015758,Desenganche silencioso
HH015759,Desenganche silencioso
HH015760,Salida con el banquero
HH015761,Desenganche silencioso
HH015762,Desenganche silencioso
HH015763,Desenganche silencioso
HH015764,Desenganche silencioso
HH015765,Desenganche silencioso
HH015766,Salida con el banquero
HH015767,Desenganche silencioso
HH015768,Salida con el banquero
HH015769,Desenganche silencioso
HH015770,Desenganche silencioso
HH015771,Externalización activa
HH015772,Desenganche silencioso
HH015773,Desenganche silencioso
HH015774,Desenganche silencioso
HH015775,Desenganche silencioso
HH015776,Desenganche silencioso
HH015777,Salida con el banquero
HH015778,Desenganche silencioso
HH015779,Desenganche silencioso
HH015780,Desenganche silencioso
HH015781,Desenganche silencioso
HH015782,Desenganche silencioso
HH015783,Desenganche silencioso
HH015784,Desenganche silencioso
HH015785,Desenganche silencioso
HH015786,Desenganche silencioso
HH015787,Desenganche silencioso
HH015788,Desenganche silencioso
HH015789,Externalización activa
HH015790,Desenganche silencioso
HH015791,Desenganche silencioso
HH015792,Desenganche silencioso
HH015793,Desenganche silencioso
HH015794,Desenganche silencioso
HH015795,Desenganche silencioso
HH015796,Desenganche silencioso
HH015797,Desenganche silencioso
HH015798,Desenganche silencioso
HH015799,Desenganche silencioso
HH015800,Desenganche silencioso
HH015801,Externalización activa
HH015802,Salida con el banquero
HH015803,Desenganche silencioso
HH015804,Desenganche silencioso
HH015805,Desenganche silencioso
HH015806,Desenganche silencioso
HH015807,Desenganche silencioso
HH015808,Desenganche silencioso
HH015809,Desenganche silencioso
HH015810,Desenganche silencioso
HH015811,Desenganche silencioso
HH015812,Desenganche silencioso
HH015813,Externalización activa
HH015814,Salida con el banquero
HH015815,Desenganche silencioso
HH015816,Desenganche silencioso
HH015817,Desenganche silencioso
HH015818,Desenganche silencioso
HH015819,Desenganche silencioso
HH015820,Desenganche silencioso
HH015821,Desenganche silencioso
HH015822,Desenganche silencioso
HH015823,Desenganche silencioso
HH015824,Desenganche silencioso
HH015825,Desenganche silencioso
HH015826,Externalización activa
HH015827,Desenganche silencioso
HH015828,Desenganche silencioso
HH015829,Desenganche silencioso
HH015830,Desenganche silencioso
HH015831,Desenganche silencioso
HH015832,Desenganche silencioso
HH015833,Desenganche silencioso
HH015834,Salida con el banquero
HH015835,Salida con el banquero
HH015836,Desenganche silencioso
HH015837,Desenganche silencioso
HH015838,Desenganche silencioso
HH015839,Desenganche silencioso
HH015840,Desenganche silencioso
HH015841,Desenganche silencioso
HH015842,Desenganche silencioso
HH015843,Desenganche silencioso
HH015844,Desenganche silencioso
HH015845,Desenganche silencioso
HH015846,Desenganche silencioso
HH015847,Desenganche silencioso
HH015848,Desenganche silencioso
HH015849,Externalización activa
HH015850,Desenganche silencioso
HH015851,Desenganche silencioso
HH015852,Desenganche silencioso
HH015853,Desenganche silencioso
HH015854,Desenganche silencioso
HH015855,Desenganche silencioso
HH015856,Desenganche silencioso
HH015857,Salida con el banquero
HH015858,Desenganche silencioso
HH015859,Desenganche silencioso
HH015860,Desenganche silencioso
HH015861,Salida con el banquero
HH015862,Salida con el banquero
HH015863,Desenganche silencioso
HH015864,Desenganche silencioso
HH015865,Desenganche silencioso
HH015866,Desenganche silencioso
HH015867,Desenganche silencioso
HH015868,Desenganche silencioso
HH015869,Desenganche silencioso
HH015870,Desenganche silencioso
HH015871,Desenganche silencioso
HH015872,Desenganche silencioso
HH015873,Desenganche silencioso
HH015874,Desenganche silencioso
HH015875,Desenganche silencioso
HH015876,Desenganche silencioso
HH015877,Desenganche silencioso
HH015878,Desenganche silencioso
HH015879,Desenganche silencioso
HH015880,Desenganche silencioso
HH015881,Desenganche silencioso
HH015882,Desenganche silencioso
HH015883,Desenganche silencioso
HH015884,Desenganche silencioso
HH015885,Desenganche silencioso
HH015886,Desenganche silencioso
HH015887,Desenganche silencioso
HH015888,Desenganche silencioso
HH015889,Desenganche silencioso
HH015890,Desenganche silencioso
HH015891,Salida con el banquero
HH015892,Desenganche silencioso
HH015893,Desenganche silencioso
HH015894,Desenganche silencioso
HH015895,Desenganche silencioso
HH015896,Salida con el banquero
HH015897,Salida con el banquero
HH015898,Desenganche silencioso
HH015899,Desenganche silencioso
HH015900,Desenganche silencioso
HH015901,Desenganche silencioso
HH015902,Salida con el banquero
HH015903,Salida con el banquero
HH015904,Desenganche silencioso
HH015905,Desenganche silencioso
HH015906,Desenganche silencioso
HH015907,Desenganche silencioso
HH015908,Salida con el banquero
HH015909,Desenganche silencioso
HH015910,Desenganche silencioso
HH015911,Desenganche silencioso
HH015912,Salida con el banquero
HH015913,Desenganche silencioso
HH015914,Desenganche silencioso
HH015915,Desenganche silencioso
HH015916,Desenganche silencioso
HH015917,Desenganche silencioso
HH015918,Desenganche silencioso
HH015919,Desenganche silencioso
HH015920,Desenganche silencioso
HH015921,Desenganche silencioso
HH015922,Desenganche silencioso
HH015923,Desenganche silencioso
HH015924,Desenganche silencioso
HH015925,Desenganche silencioso
HH015926,Desenganche silencioso
HH015927,Desenganche silencioso
HH015928,Desenganche silencioso
HH015929,Desenganche silencioso
HH015930,Salida con el banquero
HH015931,Desenganche silencioso
HH015932,Desenganche silencioso
HH015933,Desenganche silencioso
HH015934,Desenganche silencioso
HH015935,Desenganche silencioso
HH015936,Desenganche silencioso
HH015937,Desenganche silencioso
HH015938,Desenganche silencioso
HH015939,Externalización activa
HH015940,Desenganche silencioso
HH015941,Desenganche silencioso
HH015942,Desenganche silencioso
HH015943,Desenganche silencioso
HH015944,Desenganche silencioso
HH015945,Desenganche silencioso
HH015946,Desenganche silencioso
HH015947,Desenganche silencioso
HH015948,Desenganche silencioso
HH015949,Desenganche silencioso
HH015950,Desenganche silencioso
HH015951,Salida con el banquero
HH015952,Desenganche silencioso
HH015953,Desenganche silencioso
HH015954,Desenganche silencioso
HH015955,Desenganche silencioso
HH015956,Desenganche silencioso
HH015957,Desenganche silencioso
HH015958,Desenganche silencioso
HH015959,Desenganche silencioso
HH015960,Desenganche silencioso
HH015961,Desenganche silencioso
HH015962,Desenganche silencioso
HH015963,Desenganche silencioso
HH015964,Desenganche silencioso
HH015965,Desenganche silencioso
HH015966,Desenganche silencioso
HH015967,Desenganche silencioso
HH015968,Desenganche silencioso
HH015969,Desenganche silencioso
HH015970,Salida con el banquero
HH015971,Desenganche silencioso
HH015972,Desenganche silencioso
HH015973,Desenganche silencioso
HH015974,Desenganche silencioso
HH015975,Desenganche silencioso
HH015976,Desenganche silencioso
HH015977,Salida con el banquero
HH015978,Salida con el banquero
HH015979,Desenganche silencioso
HH015980,Desenganche silencioso
HH015981,Desenganche silencioso
HH015982,Desenganche silencioso
HH015983,Desenganche silencioso
HH015984,Desenganche silencioso
HH015985,Desenganche silencioso
HH015986,Desenganche silencioso
HH015987,Desenganche silencioso
HH015988,Desenganche silencioso
HH015989,Desenganche silencioso
HH015990,Desenganche silencioso
HH015991,Desenganche silencioso
HH015992,Desenganche silencioso
HH015993,Desenganche silencioso
HH015994,Desenganche silencioso
HH015995,Desenganche silencioso
HH015996,Desenganche silencioso
HH015997,Desenganche silencioso
HH015998,Desenganche silencioso
HH015999,Desenganche silencioso
HH016000,Desenganche silencioso
HH016001,Salida con el banquero
HH016002,Desenganche silencioso
HH016003,Desenganche silencioso
HH016004,Desenganche silencioso
HH016005,Desenganche silencioso
HH016006,Desenganche silencioso
HH016007,Desenganche silencioso
HH016008,Desenganche silencioso
HH016009,Desenganche silencioso
HH016010,Desenganche silencioso
HH016011,Desenganche silencioso
HH016012,Desenganche silencioso
HH016013,Desenganche silencioso
HH016014,Desenganche silencioso
HH016015,Desenganche silencioso
HH016016,Externalización activa
HH016017,Externalización activa
HH016018,Desenganche silencioso
HH016019,Salida con el banquero
HH016020,Desenganche silencioso
HH016021,Desenganche silencioso
HH016022,Desenganche silencioso
HH016023,Externalización activa
HH016024,Desenganche silencioso
HH016025,Desenganche silencioso
HH016026,Desenganche silencioso
HH016027,Desenganche silencioso
HH016028,Desenganche silencioso
HH016029,Desenganche silencioso
HH016030,Desenganche silencioso
HH016031,Desenganche silencioso
HH016032,Desenganche silencioso
HH016033,Desenganche silencioso
HH016034,Desenganche silencioso
HH016035,Desenganche silencioso
HH016036,Desenganche silencioso
HH016037,Desenganche silencioso
HH016038,Desenganche silencioso
HH016039,Desenganche silencioso
HH016040,Desenganche silencioso
HH016041,Desenganche silencioso
HH016042,Desenganche silencioso
HH016043,Salida con el banquero
HH016044,Desenganche silencioso
HH016045,Desenganche silencioso
HH016046,Desenganche silencioso
HH016047,Desenganche silencioso
HH016048,Desenganche silencioso
HH016049,Salida con el banquero
HH016050,Desenganche silencioso
HH016051,Desenganche silencioso
HH016052,Desenganche silencioso
HH016053,Desenganche silencioso
HH016054,Desenganche silencioso
HH016055,Desenganche silencioso
HH016056,Desenganche silencioso
HH016057,Desenganche silencioso
HH016058,Salida con el banquero
HH016059,Desenganche silencioso
HH016060,Desenganche silencioso
HH016061,Salida con el banquero
HH016062,Desenganche silencioso
HH016063,Desenganche silencioso
HH016064,Salida con el banquero
HH016065,Externalización activa
HH016066,Desenganche silencioso
HH016067,Salida con el banquero
HH016068,Desenganche silencioso
HH016069,Desenganche silencioso
HH016070,Externalización activa
HH016071,Desenganche silencioso
HH016072,Desenganche silencioso
HH016073,Desenganche silencioso
HH016074,Desenganche silencioso
HH016075,Desenganche silencioso
HH016076,Desenganche silencioso
HH016077,Desenganche silencioso
HH016078,Desenganche silencioso
HH016079,Desenganche silencioso
HH016080,Desenganche silencioso
HH016081,Desenganche silencioso
HH016082,Desenganche silencioso
HH016083,Desenganche silencioso
HH016084,Desenganche silencioso
HH016085,Desenganche silencioso
HH016086,Desenganche silencioso
HH016087,Salida con el banquero
HH016088,Salida con el banquero
HH016089,Desenganche silencioso
HH016090,Desenganche silencioso
HH016091,Externalización activa
HH016092,Salida con el banquero
HH016093,Desenganche silencioso
HH016094,Desenganche silencioso
HH016095,Desenganche silencioso
HH016096,Externalización activa
HH016097,Desenganche silencioso
HH016098,Externalización activa
HH016099,Desenganche silencioso
HH016100,Desenganche silencioso
HH016101,Desenganche silencioso
HH016102,Desenganche silencioso
HH016103,Desenganche silencioso
HH016104,Desenganche silencioso
HH016105,Salida con el banquero
HH016106,Desenganche silencioso
HH016107,Desenganche silencioso
HH016108,Desenganche silencioso
HH016109,Desenganche silencioso
HH016110,Desenganche silencioso
HH016111,Desenganche silencioso
HH016112,Desenganche silencioso
HH016113,Desenganche silencioso
HH016114,Desenganche silencioso
HH016115,Desenganche silencioso
HH016116,Desenganche silencioso
HH016117,Desenganche silencioso
HH016118,Desenganche silencioso
HH016119,Desenganche silencioso
HH016120,Salida con el banquero
HH016121,Desenganche silencioso
HH016122,Desenganche silencioso
HH016123,Desenganche silencioso
HH016124,Salida con el banquero
HH016125,Desenganche silencioso
HH016126,Desenganche silencioso
HH016127,Desenganche silencioso
HH016128,Desenganche silencioso
HH016129,Desenganche silencioso
HH016130,Desenganche silencioso
HH016131,Desenganche silencioso
HH016132,Desenganche silencioso
HH016133,Desenganche silencioso
HH016134,Desenganche silencioso
HH016135,Desenganche silencioso
HH016136,Desenganche silencioso
HH016137,Externalización activa
HH016138,Desenganche silencioso
HH016139,Desenganche silencioso
HH016140,Desenganche silencioso
HH016141,Desenganche silencioso
HH016142,Desenganche silencioso
HH016143,Desenganche silencioso
HH016144,Externalización activa
HH016145,Desenganche silencioso
HH016146,Desenganche silencioso
HH016147,Desenganche silencioso
HH016148,Desenganche silencioso
HH016149,Desenganche silencioso
HH016150,Desenganche silencioso
HH016151,Desenganche silencioso
HH016152,Externalización activa
HH016153,Desenganche silencioso
HH016154,Desenganche silencioso
HH016155,Salida con el banquero
HH016156,Externalización activa
HH016157,Desenganche silencioso
HH016158,Desenganche silencioso
HH016159,Desenganche silencioso
HH016160,Desenganche silencioso
HH016161,Desenganche silencioso
HH016162,Desenganche silencioso
HH016163,Externalización activa
HH016164,Desenganche silencioso
HH016165,Desenganche silencioso
HH016166,Desenganche silencioso
HH016167,Desenganche silencioso
HH016168,Desenganche silencioso
HH016169,Desenganche silencioso
HH016170,Desenganche silencioso
HH016171,Desenganche silencioso
HH016172,Desenganche silencioso
HH016173,Desenganche silencioso
HH016174,Desenganche silencioso
HH016175,Desenganche silencioso
HH016176,Externalización activa
HH016177,Desenganche silencioso
HH016178,Desenganche silencioso
HH016179,Desenganche silencioso
HH016180,Desenganche silencioso
HH016181,Desenganche silencioso
HH016182,Desenganche silencioso
HH016183,Desenganche silencioso
HH016184,Desenganche silencioso
HH016185,Desenganche silencioso
HH016186,Desenganche silencioso
HH016187,Salida con el banquero
HH016188,Desenganche silencioso
HH016189,Desenganche silencioso
HH016190,Desenganche silencioso
HH016191,Desenganche silencioso
HH016192,Desenganche silencioso
HH016193,Desenganche silencioso
HH016194,Desenganche silencioso
HH016195,Desenganche silencioso
HH016196,Desenganche silencioso
HH016197,Desenganche silencioso
HH016198,Desenganche silencioso
HH016199,Desenganche silencioso
HH016200,Salida con el banquero
HH016201,Externalización activa
HH016202,Desenganche silencioso
HH016203,Desenganche silencioso
HH016204,Desenganche silencioso
HH016205,Desenganche silencioso
HH016206,Desenganche silencioso
HH016207,Desenganche silencioso
HH016208,Desenganche silencioso
HH016209,Externalización activa
HH016210,Desenganche silencioso
HH016211,Desenganche silencioso
HH016212,Desenganche silencioso
HH016213,Salida con el banquero
HH016214,Salida con el banquero
HH016215,Desenganche silencioso
HH016216,Desenganche silencioso
HH016217,Desenganche silencioso
HH016218,Externalización activa
HH016219,Desenganche silencioso
HH016220,Desenganche silencioso
HH016221,Desenganche silencioso
HH016222,Desenganche silencioso
HH016223,Desenganche silencioso
HH016224,Desenganche silencioso
HH016225,Externalización activa
HH016226,Externalización activa
HH016227,Desenganche silencioso
HH016228,Desenganche silencioso
HH016229,Desenganche silencioso
HH016230,Desenganche silencioso
HH016231,Desenganche silencioso
HH016232,Desenganche silencioso
HH016233,Desenganche silencioso
HH016234,Desenganche silencioso
HH016235,Desenganche silencioso
HH016236,Desenganche silencioso
HH016237,Desenganche silencioso
HH016238,Desenganche silencioso
HH016239,Desenganche silencioso
HH016240,Desenganche silencioso
HH016241,Desenganche silencioso
HH016242,Desenganche silencioso
HH016243,Desenganche silencioso
HH016244,Desenganche silencioso
HH016245,Desenganche silencioso
HH016246,Salida con el banquero
HH016247,Desenganche silencioso
HH016248,Desenganche silencioso
HH016249,Desenganche silencioso
HH016250,Desenganche silencioso
HH016251,Desenganche silencioso
HH016252,Salida con el banquero
HH016253,Salida con el banquero
HH016254,Desenganche silencioso
HH016255,Desenganche silencioso
HH016256,Salida con el banquero
HH016257,Desenganche silencioso
HH016258,Desenganche silencioso
HH016259,Salida con el banquero
HH016260,Desenganche silencioso
HH016261,Salida con el banquero
HH016262,Desenganche silencioso
HH016263,Desenganche silencioso
HH016264,Desenganche silencioso
HH016265,Desenganche silencioso
HH016266,Desenganche silencioso
HH016267,Desenganche silencioso
HH016268,Desenganche silencioso
HH016269,Desenganche silencioso
HH016270,Desenganche silencioso
HH016271,Desenganche silencioso
HH016272,Externalización activa
HH016273,Desenganche silencioso
HH016274,Desenganche silencioso
HH016275,Desenganche silencioso
HH016276,Desenganche silencioso
HH016277,Salida con el banquero
HH016278,Desenganche silencioso
HH016279,Desenganche silencioso
HH016280,Salida con el banquero
HH016281,Desenganche silencioso
HH016282,Desenganche silencioso
HH016283,Desenganche silencioso
HH016284,Salida con el banquero
HH016285,Salida con el banquero
HH016286,Desenganche silencioso
HH016287,Desenganche silencioso
HH016288,Desenganche silencioso
HH016289,Desenganche silencioso
HH016290,Desenganche silencioso
HH016291,Desenganche silencioso
HH016292,Desenganche silencioso
HH016293,Desenganche silencioso
HH016294,Desenganche silencioso
HH016295,Desenganche silencioso
HH016296,Desenganche silencioso
HH016297,Desenganche silencioso
HH016298,Desenganche silencioso
HH016299,Externalización activa
HH016300,Desenganche silencioso
HH016301,Desenganche silencioso
HH016302,Salida con el banquero
HH016303,Desenganche silencioso
HH016304,Salida con el banquero
HH016305,Desenganche silencioso
HH016306,Desenganche silencioso
HH016307,Desenganche silencioso
HH016308,Desenganche silencioso
HH016309,Salida con el banquero
HH016310,Desenganche silencioso
HH016311,Desenganche silencioso
HH016312,Desenganche silencioso
HH016313,Desenganche silencioso
HH016314,Desenganche silencioso
HH016315,Desenganche silencioso
HH016316,Desenganche silencioso
HH016317,Desenganche silencioso
HH016318,Externalización activa
HH016319,Desenganche silencioso
HH016320,Desenganche silencioso
HH016321,Desenganche silencioso
HH016322,Desenganche silencioso
HH016323,Desenganche silencioso
HH016324,Desenganche silencioso
HH016325,Salida con el banquero
HH016326,Desenganche silencioso
HH016327,Desenganche silencioso
HH016328,Desenganche silencioso
HH016329,Desenganche silencioso
HH016330,Desenganche silencioso
HH016331,Externalización activa
HH016332,Desenganche silencioso
HH016333,Salida con el banquero
HH016334,Desenganche silencioso
HH016335,Salida con el banquero
HH016336,Desenganche silencioso
HH016337,Desenganche silencioso
HH016338,Desenganche silencioso
HH016339,Externalización activa
HH016340,Desenganche silencioso
HH016341,Desenganche silencioso
HH016342,Salida con el banquero
HH016343,Desenganche silencioso
HH016344,Salida con el banquero
HH016345,Desenganche silencioso
HH016346,Desenganche silencioso
HH016347,Desenganche silencioso
HH016348,Desenganche silencioso
HH016349,Desenganche silencioso
HH016350,Desenganche silencioso
HH016351,Desenganche silencioso
HH016352,Desenganche silencioso
HH016353,Desenganche silencioso
HH016354,Desenganche silencioso
HH016355,Desenganche silencioso
HH016356,Desenganche silencioso
HH016357,Salida con el banquero
HH016358,Desenganche silencioso
HH016359,Salida con el banquero
HH016360,Desenganche silencioso
HH016361,Salida con el banquero
HH016362,Desenganche silencioso
HH016363,Desenganche silencioso
HH016364,Externalización activa
HH016365,Desenganche silencioso
HH016366,Desenganche silencioso
HH016367,Desenganche silencioso
HH016368,Desenganche silencioso
HH016369,Salida con el banquero
HH016370,Desenganche silencioso
HH016371,Desenganche silencioso
HH016372,Desenganche silencioso
HH016373,Desenganche silencioso
HH016374,Desenganche silencioso
HH016375,Desenganche silencioso
HH016376,Desenganche silencioso
HH016377,Desenganche silencioso
HH016378,Desenganche silencioso
HH016379,Desenganche silencioso
HH016380,Desenganche silencioso
HH016381,Desenganche silencioso
HH016382,Desenganche silencioso
HH016383,Desenganche silencioso
HH016384,Externalización activa
HH016385,Desenganche silencioso
HH016386,Desenganche silencioso
HH016387,Desenganche silencioso
HH016388,Desenganche silencioso
HH016389,Desenganche silencioso
HH016390,Desenganche silencioso
HH016391,Desenganche silencioso
HH016392,Desenganche silencioso
HH016393,Desenganche silencioso
HH016394,Desenganche silencioso
HH016395,Salida con el banquero
HH016396,Desenganche silencioso
HH016397,Desenganche silencioso
HH016398,Desenganche silencioso
HH016399,Desenganche silencioso
HH016400,Desenganche silencioso
HH016401,Desenganche silencioso
HH016402,Desenganche silencioso
HH016403,Desenganche silencioso
HH016404,Desenganche silencioso
HH016405,Salida con el banquero
HH016406,Desenganche silencioso
HH016407,Salida con el banquero
HH016408,Salida con el banquero
HH016409,Salida con el banquero
HH016410,Desenganche silencioso
HH016411,Desenganche silencioso
HH016412,Desenganche silencioso
HH016413,Desenganche silencioso
HH016414,Desenganche silencioso
HH016415,Salida con el banquero
HH016416,Salida con el banquero
HH016417,Desenganche silencioso
HH016418,Desenganche silencioso
HH016419,Desenganche silencioso
HH016420,Salida con el banquero
HH016421,Desenganche silencioso
HH016422,Desenganche silencioso
HH016423,Desenganche silencioso
HH016424,Desenganche silencioso
HH016425,Desenganche silencioso
HH016426,Desenganche silencioso
HH016427,Desenganche silencioso
HH016428,Desenganche silencioso
HH016429,Desenganche silencioso
HH016430,Desenganche silencioso
HH016431,Externalización activa
HH016432,Desenganche silencioso
HH016433,Salida con el banquero
HH016434,Desenganche silencioso
HH016435,Desenganche silencioso
HH016436,Desenganche silencioso
HH016437,Desenganche silencioso
HH016438,Desenganche silencioso
HH016439,Desenganche silencioso
HH016440,Desenganche silencioso
HH016441,Desenganche silencioso
HH016442,Desenganche silencioso
HH016443,Desenganche silencioso
HH016444,Salida con el banquero
HH016445,Desenganche silencioso
HH016446,Desenganche silencioso
HH016447,Desenganche silencioso
HH016448,Desenganche silencioso
HH016449,Salida con el banquero
HH016450,Desenganche silencioso
HH016451,Desenganche silencioso
HH016452,Desenganche silencioso
HH016453,Desenganche silencioso
HH016454,Desenganche silencioso
HH016455,Desenganche silencioso
HH016456,Desenganche silencioso
HH016457,Desenganche silencioso
HH016458,Desenganche silencioso
HH016459,Desenganche silencioso
HH016460,Desenganche silencioso
HH016461,Desenganche silencioso
HH016462,Desenganche silencioso
HH016463,Desenganche silencioso
HH016464,Desenganche silencioso
HH016465,Desenganche silencioso
HH016466,Desenganche silencioso
HH016467,Salida con el banquero
HH016468,Desenganche silencioso
HH016469,Salida con el banquero
HH016470,Desenganche silencioso
HH016471,Desenganche silencioso
HH016472,Desenganche silencioso
HH016473,Desenganche silencioso
HH016474,Desenganche silencioso
HH016475,Desenganche silencioso
HH016476,Salida con el banquero
HH016477,Desenganche silencioso
HH016478,Desenganche silencioso
HH016479,Desenganche silencioso
HH016480,Desenganche silencioso
HH016481,Salida con el banquero
HH016482,Desenganche silencioso
HH016483,Desenganche silencioso
HH016484,Desenganche silencioso
HH016485,Desenganche silencioso
HH016486,Externalización activa
HH016487,Desenganche silencioso
HH016488,Desenganche silencioso
HH016489,Desenganche silencioso
HH016490,Desenganche silencioso
HH016491,Desenganche silencioso
HH016492,Salida con el banquero
HH016493,Desenganche silencioso
HH016494,Desenganche silencioso
HH016495,Desenganche silencioso
HH016496,Desenganche silencioso
HH016497,Desenganche silencioso
HH016498,Desenganche silencioso
HH016499,Desenganche silencioso
HH016500,Desenganche silencioso
HH016501,Desenganche silencioso
HH016502,Desenganche silencioso
HH016503,Desenganche silencioso
HH016504,Salida con el banquero
HH016505,Desenganche silencioso
HH016506,Desenganche silencioso
HH016507,Desenganche silencioso
HH016508,Salida con el banquero
HH016509,Desenganche silencioso
HH016510,Desenganche silencioso
HH016511,Desenganche silencioso
HH016512,Desenganche silencioso
HH016513,Desenganche silencioso
HH016514,Desenganche silencioso
HH016515,Desenganche silencioso
HH016516,Desenganche silencioso
HH016517,Salida con el banquero
HH016518,Desenganche silencioso
HH016519,Desenganche silencioso
HH016520,Externalización activa
HH016521,Desenganche silencioso
HH016522,Desenganche silencioso
HH016523,Salida con el banquero
HH016524,Desenganche silencioso
HH016525,Desenganche silencioso
HH016526,Desenganche silencioso
HH016527,Desenganche silencioso
HH016528,Desenganche silencioso
HH016529,Desenganche silencioso
HH016530,Desenganche silencioso
HH016531,Desenganche silencioso
HH016532,Desenganche silencioso
HH016533,Desenganche silencioso
HH016534,Desenganche silencioso
HH016535,Desenganche silencioso
HH016536,Desenganche silencioso
HH016537,Desenganche silencioso
HH016538,Desenganche silencioso
HH016539,Desenganche silencioso
HH016540,Desenganche silencioso
HH016541,Salida con el banquero
HH016542,Externalización activa
HH016543,Desenganche silencioso
HH016544,Salida con el banquero
HH016545,Desenganche silencioso
HH016546,Desenganche silencioso
HH016547,Desenganche silencioso
HH016548,Desenganche silencioso
HH016549,Desenganche silencioso
HH016550,Desenganche silencioso
HH016551,Externalización activa
HH016552,Desenganche silencioso
HH016553,Desenganche silencioso
HH016554,Desenganche silencioso
HH016555,Desenganche silencioso
HH016556,Desenganche silencioso
HH016557,Desenganche silencioso
HH016558,Desenganche silencioso
HH016559,Desenganche silencioso
HH016560,Desenganche silencioso
HH016561,Salida con el banquero
HH016562,Desenganche silencioso
HH016563,Desenganche silencioso
HH016564,Desenganche silencioso
HH016565,Desenganche silencioso
HH016566,Desenganche silencioso
HH016567,Desenganche silencioso
HH016568,Desenganche silencioso
HH016569,Salida con el banquero
HH016570,Desenganche silencioso
HH016571,Desenganche silencioso
HH016572,Desenganche silencioso
HH016573,Salida con el banquero
HH016574,Desenganche silencioso
HH016575,Desenganche silencioso
HH016576,Desenganche silencioso
HH016577,Desenganche silencioso
HH016578,Desenganche silencioso
HH016579,Desenganche silencioso
HH016580,Desenganche silencioso
HH016581,Salida con el banquero
HH016582,Desenganche silencioso
HH016583,Salida con el banquero
HH016584,Desenganche silencioso
HH016585,Desenganche silencioso
HH016586,Desenganche silencioso
HH016587,Desenganche silencioso
HH016588,Desenganche silencioso
HH016589,Desenganche silencioso
HH016590,Desenganche silencioso
HH016591,Desenganche silencioso
HH016592,Desenganche silencioso
HH016593,Salida con el banquero
HH016594,Desenganche silencioso
HH016595,Externalización activa
HH016596,Salida con el banquero
HH016597,Salida con el banquero
HH016598,Desenganche silencioso
HH016599,Desenganche silencioso
HH016600,Desenganche silencioso
HH016601,Desenganche silencioso
HH016602,Desenganche silencioso
HH016603,Desenganche silencioso
HH016604,Desenganche silencioso
HH016605,Desenganche silencioso
HH016606,Salida con el banquero
HH016607,Desenganche silencioso
HH016608,Desenganche silencioso
HH016609,Desenganche silencioso
HH016610,Desenganche silencioso
HH016611,Desenganche silencioso
HH016612,Desenganche silencioso
HH016613,Salida con el banquero
HH016614,Desenganche silencioso
HH016615,Desenganche silencioso
HH016616,Desenganche silencioso
HH016617,Externalización activa
HH016618,Desenganche silencioso
HH016619,Desenganche silencioso
HH016620,Externalización activa
HH016621,Desenganche silencioso
HH016622,Desenganche silencioso
HH016623,Desenganche silencioso
HH016624,Salida con el banquero
HH016625,Desenganche silencioso
HH016626,Desenganche silencioso
HH016627,Desenganche silencioso
HH016628,Desenganche silencioso
HH016629,Desenganche silencioso
HH016630,Desenganche silencioso
HH016631,Desenganche silencioso
HH016632,Desenganche silencioso
HH016633,Desenganche silencioso
HH016634,Desenganche silencioso
HH016635,Desenganche silencioso
HH016636,Desenganche silencioso
HH016637,Desenganche silencioso
HH016638,Desenganche silencioso
HH016639,Desenganche silencioso
HH016640,Desenganche silencioso
HH016641,Desenganche silencioso
HH016642,Salida con el banquero
HH016643,Desenganche silencioso
HH016644,Desenganche silencioso
HH016645,Desenganche silencioso
HH016646,Desenganche silencioso
HH016647,Desenganche silencioso
HH016648,Desenganche silencioso
HH016649,Salida con el banquero
HH016650,Desenganche silencioso
HH016651,Desenganche silencioso
HH016652,Desenganche silencioso
HH016653,Desenganche silencioso
HH016654,Desenganche silencioso
HH016655,Salida con el banquero
HH016656,Desenganche silencioso
HH016657,Desenganche silencioso
HH016658,Desenganche silencioso
HH016659,Desenganche silencioso
HH016660,Desenganche silencioso
HH016661,Desenganche silencioso
HH016662,Salida con el banquero
HH016663,Desenganche silencioso
HH016664,Desenganche silencioso
HH016665,Desenganche silencioso
HH016666,Salida con el banquero
HH016667,Desenganche silencioso
HH016668,Desenganche silencioso
HH016669,Desenganche silencioso
HH016670,Desenganche silencioso
HH016671,Salida con el banquero
HH016672,Desenganche silencioso
HH016673,Salida con el banquero
HH016674,Desenganche silencioso
HH016675,Desenganche silencioso
HH016676,Desenganche silencioso
HH016677,Salida con el banquero
HH016678,Desenganche silencioso
HH016679,Desenganche silencioso
HH016680,Desenganche silencioso
HH016681,Desenganche silencioso
HH016682,Desenganche silencioso
HH016683,Desenganche silencioso
HH016684,Desenganche silencioso
HH016685,Externalización activa
HH016686,Desenganche silencioso
HH016687,Desenganche silencioso
HH016688,Desenganche silencioso
HH016689,Externalización activa
HH016690,Desenganche silencioso
HH016691,Desenganche silencioso
HH016692,Desenganche silencioso
HH016693,Desenganche silencioso
HH016694,Externalización activa
HH016695,Desenganche silencioso
HH016696,Desenganche silencioso
HH016697,Desenganche silencioso
HH016698,Desenganche silencioso
HH016699,Salida con el banquero
HH016700,Desenganche silencioso
HH016701,Desenganche silencioso
HH016702,Externalización activa
HH016703,Salida con el banquero
HH016704,Externalización activa
HH016705,Desenganche silencioso
HH016706,Desenganche silencioso
HH016707,Desenganche silencioso
HH016708,Desenganche silencioso
HH016709,Desenganche silencioso
HH016710,Desenganche silencioso
HH016711,Desenganche silencioso
HH016712,Desenganche silencioso
HH016713,Desenganche silencioso
HH016714,Desenganche silencioso
HH016715,Desenganche silencioso
HH016716,Desenganche silencioso
HH016717,Desenganche silencioso
HH016718,Desenganche silencioso
HH016719,Salida con el banquero
HH016720,Desenganche silencioso
HH016721,Desenganche silencioso
HH016722,Desenganche silencioso
HH016723,Salida con el banquero
HH016724,Desenganche silencioso
HH016725,Salida con el banquero
HH016726,Salida con el banquero
HH016727,Desenganche silencioso
HH016728,Desenganche silencioso
HH016729,Desenganche silencioso
HH016730,Desenganche silencioso
HH016731,Desenganche silencioso
HH016732,Externalización activa
HH016733,Desenganche silencioso
HH016734,Salida con el banquero
HH016735,Desenganche silencioso
HH016736,Desenganche silencioso
HH016737,Salida con el banquero
HH016738,Salida con el banquero
HH016739,Desenganche silencioso
HH016740,Desenganche silencioso
HH016741,Desenganche silencioso
HH016742,Desenganche silencioso
HH016743,Desenganche silencioso
HH016744,Desenganche silencioso
HH016745,Desenganche silencioso
HH016746,Desenganche silencioso
HH016747,Desenganche silencioso
HH016748,Desenganche silencioso
HH016749,Desenganche silencioso
HH016750,Desenganche silencioso
HH016751,Desenganche silencioso
HH016752,Desenganche silencioso
HH016753,Desenganche silencioso
HH016754,Desenganche silencioso
HH016755,Salida con el banquero
HH016756,Desenganche silencioso
HH016757,Salida con el banquero
HH016758,Desenganche silencioso
HH016759,Externalización activa
HH016760,Desenganche silencioso
HH016761,Desenganche silencioso
HH016762,Salida con el banquero
HH016763,Externalización activa
HH016764,Desenganche silencioso
HH016765,Desenganche silencioso
HH016766,Desenganche silencioso
HH016767,Desenganche silencioso
HH016768,Desenganche silencioso
HH016769,Desenganche silencioso
HH016770,Desenganche silencioso
HH016771,Desenganche silencioso
HH016772,Desenganche silencioso
HH016773,Salida con el banquero
HH016774,Desenganche silencioso
HH016775,Desenganche silencioso
HH016776,Desenganche silencioso
HH016777,Desenganche silencioso
HH016778,Desenganche silencioso
HH016779,Externalización activa
HH016780,Desenganche silencioso
HH016781,Salida con el banquero
HH016782,Desenganche silencioso
HH016783,Desenganche silencioso
HH016784,Desenganche silencioso
HH016785,Desenganche silencioso
HH016786,Desenganche silencioso
HH016787,Desenganche silencioso
HH016788,Desenganche silencioso
HH016789,Desenganche silencioso
HH016790,Salida con el banquero
HH016791,Salida con el banquero
HH016792,Desenganche silencioso
HH016793,Desenganche silencioso
HH016794,Desenganche silencioso
HH016795,Desenganche silencioso
HH016796,Desenganche silencioso
HH016797,Desenganche silencioso
HH016798,Desenganche silencioso
HH016799,Desenganche silencioso
HH016800,Desenganche silencioso
HH016801,Desenganche silencioso
HH016802,Desenganche silencioso
HH016803,Desenganche silencioso
HH016804,Desenganche silencioso
HH016805,Desenganche silencioso
HH016806,Desenganche silencioso
HH016807,Desenganche silencioso
HH016808,Salida con el banquero
HH016809,Salida con el banquero
HH016810,Salida con el banquero
HH016811,Desenganche silencioso
HH016812,Desenganche silencioso
HH016813,Externalización activa
HH016814,Externalización activa
HH016815,Salida con el banquero
HH016816,Desenganche silencioso
HH016817,Desenganche silencioso
HH016818,Desenganche silencioso
HH016819,Salida con el banquero
HH016820,Salida con el banquero
HH016821,Desenganche silencioso
HH016822,Desenganche silencioso
HH016823,Desenganche silencioso
HH016824,Desenganche silencioso
HH016825,Desenganche silencioso
HH016826,Desenganche silencioso
HH016827,Externalización activa
HH016828,Desenganche silencioso
HH016829,Desenganche silencioso
HH016830,Desenganche silencioso
HH016831,Desenganche silencioso
HH016832,Desenganche silencioso
HH016833,Desenganche silencioso
HH016834,Salida con el banquero
HH016835,Desenganche silencioso
HH016836,Desenganche silencioso
HH016837,Desenganche silencioso
HH016838,Desenganche silencioso
HH016839,Desenganche silencioso
HH016840,Salida con el banquero
HH016841,Desenganche silencioso
HH016842,Externalización activa
HH016843,Desenganche silencioso
HH016844,Salida con el banquero
HH016845,Desenganche silencioso
HH016846,Salida con el banquero
HH016847,Desenganche silencioso
HH016848,Desenganche silencioso
HH016849,Desenganche silencioso
HH016850,Desenganche silencioso
HH016851,Desenganche silencioso
HH016852,Desenganche silencioso
HH016853,Desenganche silencioso
HH016854,Desenganche silencioso
HH016855,Externalización activa
HH016856,Desenganche silencioso
HH016857,Desenganche silencioso
HH016858,Salida con el banquero
HH016859,Desenganche silencioso
HH016860,Desenganche silencioso
HH016861,Desenganche silencioso
HH016862,Desenganche silencioso
HH016863,Desenganche silencioso
HH016864,Desenganche silencioso
HH016865,Desenganche silencioso
HH016866,Desenganche silencioso
HH016867,Desenganche silencioso
HH016868,Desenganche silencioso
HH016869,Salida con el banquero
HH016870,Desenganche silencioso
HH016871,Desenganche silencioso
HH016872,Desenganche silencioso
HH016873,Desenganche silencioso
HH016874,Desenganche silencioso
HH016875,Desenganche silencioso
HH016876,Desenganche silencioso
HH016877,Desenganche silencioso
HH016878,Desenganche silencioso
HH016879,Desenganche silencioso
HH016880,Desenganche silencioso
HH016881,Salida con el banquero
HH016882,Desenganche silencioso
HH016883,Desenganche silencioso
HH016884,Desenganche silencioso
HH016885,Desenganche silencioso
HH016886,Desenganche silencioso
HH016887,Desenganche silencioso
HH016888,Desenganche silencioso
HH016889,Desenganche silencioso
HH016890,Desenganche silencioso
HH016891,Desenganche silencioso
HH016892,Desenganche silencioso
HH016893,Externalización activa
HH016894,Externalización activa
HH016895,Desenganche silencioso
HH016896,Desenganche silencioso
HH016897,Desenganche silencioso
HH016898,Salida con el banquero
HH016899,Desenganche silencioso
HH016900,Desenganche silencioso
HH016901,Desenganche silencioso
HH016902,Desenganche silencioso
HH016903,Desenganche silencioso
HH016904,Salida con el banquero
HH016905,Desenganche silencioso
HH016906,Desenganche silencioso
HH016907,Desenganche silencioso
HH016908,Desenganche silencioso
HH016909,Desenganche silencioso
HH016910,Desenganche silencioso
HH016911,Desenganche silencioso
HH016912,Desenganche silencioso
HH016913,Desenganche silencioso
HH016914,Desenganche silencioso
HH016915,Desenganche silencioso
HH016916,Desenganche silencioso
HH016917,Desenganche silencioso
HH016918,Desenganche silencioso
HH016919,Salida con el banquero
HH016920,Externalización activa
HH016921,Desenganche silencioso
HH016922,Desenganche silencioso
HH016923,Desenganche silencioso
HH016924,Desenganche silencioso
HH016925,Desenganche silencioso
HH016926,Desenganche silencioso
HH016927,Desenganche silencioso
HH016928,Desenganche silencioso
HH016929,Desenganche silencioso
HH016930,Desenganche silencioso
HH016931,Desenganche silencioso
HH016932,Desenganche silencioso
HH016933,Desenganche silencioso
HH016934,Desenganche silencioso
HH016935,Desenganche silencioso
HH016936,Desenganche silencioso
HH016937,Desenganche silencioso
HH016938,Desenganche silencioso
HH016939,Desenganche silencioso
HH016940,Desenganche silencioso
HH016941,Desenganche silencioso
HH016942,Desenganche silencioso
HH016943,Desenganche silencioso
HH016944,Desenganche silencioso
HH016945,Desenganche silencioso
HH016946,Desenganche silencioso
HH016947,Desenganche silencioso
HH016948,Desenganche silencioso
HH016949,Desenganche silencioso
HH016950,Externalización activa
HH016951,Desenganche silencioso
HH016952,Salida con el banquero
HH016953,Desenganche silencioso
HH016954,Desenganche silencioso
HH016955,Desenganche silencioso
HH016956,Desenganche silencioso
HH016957,Desenganche silencioso
HH016958,Desenganche silencioso
HH016959,Salida con el banquero
HH016960,Desenganche silencioso
HH016961,Desenganche silencioso
HH016962,Desenganche silencioso
HH016963,Externalización activa
HH016964,Desenganche silencioso
HH016965,Desenganche silencioso
HH016966,Desenganche silencioso
HH016967,Desenganche silencioso
HH016968,Desenganche silencioso
HH016969,Desenganche silencioso
HH016970,Desenganche silencioso
HH016971,Desenganche silencioso
HH016972,Desenganche silencioso
HH016973,Desenganche silencioso
HH016974,Desenganche silencioso
HH016975,Desenganche silencioso
HH016976,Desenganche silencioso
HH016977,Desenganche silencioso
HH016978,Salida con el banquero
HH016979,Desenganche silencioso
HH016980,Desenganche silencioso
HH016981,Desenganche silencioso
HH016982,Desenganche silencioso
HH016983,Externalización activa
HH016984,Desenganche silencioso
HH016985,Salida con el banquero
HH016986,Desenganche silencioso
HH016987,Desenganche silencioso
HH016988,Desenganche silencioso
HH016989,Desenganche silencioso
HH016990,Desenganche silencioso
HH016991,Desenganche silencioso
HH016992,Desenganche silencioso
HH016993,Desenganche silencioso
HH016994,Desenganche silencioso
HH016995,Desenganche silencioso
HH016996,Desenganche silencioso
HH016997,Desenganche silencioso
HH016998,Desenganche silencioso
HH016999,Desenganche silencioso
HH017000,Desenganche silencioso
HH017001,Desenganche silencioso
HH017002,Desenganche silencioso
HH017003,Desenganche silencioso
HH017004,Salida con el banquero
HH017005,Desenganche silencioso
HH017006,Desenganche silencioso
HH017007,Desenganche silencioso
HH017008,Desenganche silencioso
HH017009,Salida con el banquero
HH017010,Desenganche silencioso
HH017011,Desenganche silencioso
HH017012,Externalización activa
HH017013,Desenganche silencioso
HH017014,Desenganche silencioso
HH017015,Desenganche silencioso
HH017016,Desenganche silencioso
HH017017,Desenganche silencioso
HH017018,Desenganche silencioso
HH017019,Desenganche silencioso
HH017020,Desenganche silencioso
HH017021,Desenganche silencioso
HH017022,Desenganche silencioso
HH017023,Desenganche silencioso
HH017024,Desenganche silencioso
HH017025,Desenganche silencioso
HH017026,Salida con el banquero
HH017027,Externalización activa
HH017028,Desenganche silencioso
HH017029,Desenganche silencioso
HH017030,Desenganche silencioso
HH017031,Desenganche silencioso
HH017032,Desenganche silencioso
HH017033,Desenganche silencioso
HH017034,Desenganche silencioso
HH017035,Desenganche silencioso
HH017036,Salida con el banquero
HH017037,Salida con el banquero
HH017038,Desenganche silencioso
HH017039,Desenganche silencioso
HH017040,Desenganche silencioso
HH017041,Desenganche silencioso
HH017042,Desenganche silencioso
HH017043,Desenganche silencioso
HH017044,Desenganche silencioso
HH017045,Desenganche silencioso
HH017046,Desenganche silencioso
HH017047,Desenganche silencioso
HH017048,Desenganche silencioso
HH017049,Desenganche silencioso
HH017050,Salida con el banquero
HH017051,Desenganche silencioso
HH017052,Desenganche silencioso
HH017053,Desenganche silencioso
HH017054,Desenganche silencioso
HH017055,Desenganche silencioso
HH017056,Desenganche silencioso
HH017057,Externalización activa
HH017058,Desenganche silencioso
HH017059,Desenganche silencioso
HH017060,Desenganche silencioso
HH017061,Desenganche silencioso
HH017062,Desenganche silencioso
HH017063,Desenganche silencioso
HH017064,Desenganche silencioso
HH017065,Salida con el banquero
HH017066,Desenganche silencioso
HH017067,Desenganche silencioso
HH017068,Desenganche silencioso
HH017069,Salida con el banquero
HH017070,Desenganche silencioso
HH017071,Desenganche silencioso
HH017072,Desenganche silencioso
HH017073,Desenganche silencioso
HH017074,Desenganche silencioso
HH017075,Desenganche silencioso
HH017076,Salida con el banquero
HH017077,Desenganche silencioso
HH017078,Desenganche silencioso
HH017079,Desenganche silencioso
HH017080,Desenganche silencioso
HH017081,Desenganche silencioso
HH017082,Desenganche silencioso
HH017083,Salida con el banquero
HH017084,Desenganche silencioso
HH017085,Desenganche silencioso
HH017086,Desenganche silencioso
HH017087,Desenganche silencioso
HH017088,Desenganche silencioso
HH017089,Desenganche silencioso
HH017090,Desenganche silencioso
HH017091,Desenganche silencioso
HH017092,Externalización activa
HH017093,Desenganche silencioso
HH017094,Desenganche silencioso
HH017095,Desenganche silencioso
HH017096,Desenganche silencioso
HH017097,Desenganche silencioso
HH017098,Desenganche silencioso
HH017099,Desenganche silencioso
HH017100,Salida con el banquero
HH017101,Externalización activa
HH017102,Externalización activa
HH017103,Desenganche silencioso
HH017104,Desenganche silencioso
HH017105,Desenganche silencioso
HH017106,Externalización activa
HH017107,Desenganche silencioso
HH017108,Desenganche silencioso
HH017109,Desenganche silencioso
HH017110,Desenganche silencioso
HH017111,Externalización activa
HH017112,Desenganche silencioso
HH017113,Desenganche silencioso
HH017114,Desenganche silencioso
HH017115,Desenganche silencioso
HH017116,Desenganche silencioso
HH017117,Desenganche silencioso
HH017118,Desenganche silencioso
HH017119,Salida con el banquero
HH017120,Desenganche silencioso
HH017121,Desenganche silencioso
HH017122,Desenganche silencioso
HH017123,Desenganche silencioso
HH017124,Desenganche silencioso
HH017125,Desenganche silencioso
HH017126,Desenganche silencioso
HH017127,Desenganche silencioso
HH017128,Salida con el banquero
HH017129,Desenganche silencioso
HH017130,Desenganche silencioso
HH017131,Desenganche silencioso
HH017132,Desenganche silencioso
HH017133,Desenganche silencioso
HH017134,Desenganche silencioso
HH017135,Desenganche silencioso
HH017136,Externalización activa
HH017137,Desenganche silencioso
HH017138,Desenganche silencioso
HH017139,Desenganche silencioso
HH017140,Desenganche silencioso
HH017141,Desenganche silencioso
HH017142,Externalización activa
HH017143,Desenganche silencioso
HH017144,Desenganche silencioso
HH017145,Desenganche silencioso
HH017146,Desenganche silencioso
HH017147,Desenganche silencioso
HH017148,Desenganche silencioso
HH017149,Externalización activa
HH017150,Desenganche silencioso
HH017151,Externalización activa
HH017152,Desenganche silencioso
HH017153,Desenganche silencioso
HH017154,Desenganche silencioso
HH017155,Desenganche silencioso
HH017156,Desenganche silencioso
HH017157,Desenganche silencioso
HH017158,Desenganche silencioso
HH017159,Externalización activa
HH017160,Desenganche silencioso
HH017161,Salida con el banquero
HH017162,Desenganche silencioso
HH017163,Desenganche silencioso
HH017164,Salida con el banquero
HH017165,Externalización activa
HH017166,Salida con el banquero
HH017167,Desenganche silencioso
HH017168,Desenganche silencioso
HH017169,Desenganche silencioso
HH017170,Desenganche silencioso
HH017171,Desenganche silencioso
HH017172,Salida con el banquero
HH017173,Desenganche silencioso
HH017174,Desenganche silencioso
HH017175,Desenganche silencioso
HH017176,Desenganche silencioso
HH017177,Salida con el banquero
HH017178,Externalización activa
HH017179,Externalización activa
HH017180,Externalización activa
HH017181,Desenganche silencioso
HH017182,Desenganche silencioso
HH017183,Salida con el banquero
HH017184,Desenganche silencioso
HH017185,Desenganche silencioso
HH017186,Desenganche silencioso
HH017187,Desenganche silencioso
HH017188,Desenganche silencioso
HH017189,Desenganche silencioso
HH017190,Desenganche silencioso
HH017191,Salida con el banquero
HH017192,Desenganche silencioso
HH017193,Desenganche silencioso
HH017194,Desenganche silencioso
HH017195,Desenganche silencioso
HH017196,Desenganche silencioso
HH017197,Desenganche silencioso
HH017198,Desenganche silencioso
HH017199,Desenganche silencioso
HH017200,Desenganche silencioso
HH017201,Salida con el banquero
HH017202,Desenganche silencioso
HH017203,Desenganche silencioso
HH017204,Desenganche silencioso
HH017205,Desenganche silencioso
HH017206,Desenganche silencioso
HH017207,Desenganche silencioso
HH017208,Desenganche silencioso
HH017209,Desenganche silencioso
HH017210,Desenganche silencioso
HH017211,Desenganche silencioso
HH017212,Desenganche silencioso
HH017213,Desenganche silencioso
HH017214,Desenganche silencioso
HH017215,Desenganche silencioso
HH017216,Desenganche silencioso
HH017217,Desenganche silencioso
HH017218,Desenganche silencioso
HH017219,Desenganche silencioso
HH017220,Desenganche silencioso
HH017221,Desenganche silencioso
HH017222,Desenganche silencioso
HH017223,Externalización activa
HH017224,Desenganche silencioso
HH017225,Externalización activa
HH017226,Desenganche silencioso
HH017227,Desenganche silencioso
HH017228,Desenganche silencioso
HH017229,Desenganche silencioso
HH017230,Desenganche silencioso
HH017231,Externalización activa
HH017232,Desenganche silencioso
HH017233,Desenganche silencioso
HH017234,Desenganche silencioso
HH017235,Desenganche silencioso
HH017236,Desenganche silencioso
HH017237,Desenganche silencioso
HH017238,Desenganche silencioso
HH017239,Desenganche silencioso
HH017240,Desenganche silencioso
HH017241,Externalización activa
HH017242,Salida con el banquero
HH017243,Desenganche silencioso
HH017244,Desenganche silencioso
HH017245,Externalización activa
HH017246,Desenganche silencioso
HH017247,Externalización activa
HH017248,Desenganche silencioso
HH017249,Salida con el banquero
HH017250,Desenganche silencioso
HH017251,Desenganche silencioso
HH017252,Salida con el banquero
HH017253,Desenganche silencioso
HH017254,Desenganche silencioso
HH017255,Desenganche silencioso
HH017256,Desenganche silencioso
HH017257,Externalización activa
HH017258,Desenganche silencioso
HH017259,Salida con el banquero
HH017260,Desenganche silencioso
HH017261,Desenganche silencioso
HH017262,Desenganche silencioso
HH017263,Desenganche silencioso
HH017264,Desenganche silencioso
HH017265,Desenganche silencioso
HH017266,Desenganche silencioso
HH017267,Desenganche silencioso
HH017268,Desenganche silencioso
HH017269,Desenganche silencioso
HH017270,Desenganche silencioso
HH017271,Salida con el banquero
HH017272,Externalización activa
HH017273,Desenganche silencioso
HH017274,Desenganche silencioso
HH017275,Salida con el banquero
HH017276,Desenganche silencioso
HH017277,Desenganche silencioso
HH017278,Desenganche silencioso
HH017279,Desenganche silencioso
HH017280,Desenganche silencioso
HH017281,Desenganche silencioso
HH017282,Desenganche silencioso
HH017283,Desenganche silencioso
HH017284,Desenganche silencioso
HH017285,Desenganche silencioso
HH017286,Desenganche silencioso
HH017287,Desenganche silencioso
HH017288,Desenganche silencioso
HH017289,Externalización activa
HH017290,Salida con el banquero
HH017291,Externalización activa
HH017292,Desenganche silencioso
HH017293,Desenganche silencioso
HH017294,Desenganche silencioso
HH017295,Desenganche silencioso
HH017296,Desenganche silencioso
HH017297,Desenganche silencioso
HH017298,Salida con el banquero
HH017299,Salida con el banquero
HH017300,Desenganche silencioso
HH017301,Desenganche silencioso
HH017302,Desenganche silencioso
HH017303,Desenganche silencioso
HH017304,Desenganche silencioso
HH017305,Desenganche silencioso
HH017306,Desenganche silencioso
HH017307,Externalización activa
HH017308,Salida con el banquero
HH017309,Desenganche silencioso
HH017310,Salida con el banquero
HH017311,Desenganche silencioso
HH017312,Desenganche silencioso
HH017313,Desenganche silencioso
HH017314,Desenganche silencioso
HH017315,Salida con el banquero
HH017316,Desenganche silencioso
HH017317,Salida con el banquero
HH017318,Desenganche silencioso
HH017319,Desenganche silencioso
HH017320,Desenganche silencioso
HH017321,Desenganche silencioso
HH017322,Desenganche silencioso
HH017323,Desenganche silencioso
HH017324,Desenganche silencioso
HH017325,Desenganche silencioso
HH017326,Desenganche silencioso
HH017327,Desenganche silencioso
HH017328,Desenganche silencioso
HH017329,Desenganche silencioso
HH017330,Desenganche silencioso
HH017331,Desenganche silencioso
HH017332,Desenganche silencioso
HH017333,Desenganche silencioso
HH017334,Desenganche silencioso
HH017335,Desenganche silencioso
HH017336,Externalización activa
HH017337,Desenganche silencioso
HH017338,Desenganche silencioso
HH017339,Desenganche silencioso
HH017340,Desenganche silencioso
HH017341,Desenganche silencioso
HH017342,Desenganche silencioso
HH017343,Desenganche silencioso
HH017344,Desenganche silencioso
HH017345,Desenganche silencioso
HH017346,Desenganche silencioso
HH017347,Desenganche silencioso
HH017348,Desenganche silencioso
HH017349,Desenganche silencioso
HH017350,Desenganche silencioso
HH017351,Salida con el banquero
HH017352,Desenganche silencioso
HH017353,Desenganche silencioso
HH017354,Desenganche silencioso
HH017355,Desenganche silencioso
HH017356,Desenganche silencioso
HH017357,Externalización activa
HH017358,Desenganche silencioso
HH017359,Desenganche silencioso
HH017360,Salida con el banquero
HH017361,Desenganche silencioso
HH017362,Desenganche silencioso
HH017363,Desenganche silencioso
HH017364,Desenganche silencioso
HH017365,Desenganche silencioso
HH017366,Externalización activa
HH017367,Desenganche silencioso
HH017368,Salida con el banquero
HH017369,Desenganche silencioso
HH017370,Desenganche silencioso
HH017371,Desenganche silencioso
HH017372,Desenganche silencioso
HH017373,Desenganche silencioso
HH017374,Desenganche silencioso
HH017375,Desenganche silencioso
HH017376,Desenganche silencioso
HH017377,Desenganche silencioso
HH017378,Desenganche silencioso
HH017379,Desenganche silencioso
HH017380,Externalización activa
HH017381,Desenganche silencioso
HH017382,Desenganche silencioso
HH017383,Desenganche silencioso
HH017384,Desenganche silencioso
HH017385,Desenganche silencioso
HH017386,Desenganche silencioso
HH017387,Desenganche silencioso
HH017388,Desenganche silencioso
HH017389,Externalización activa
HH017390,Salida con el banquero
HH017391,Desenganche silencioso
HH017392,Desenganche silencioso
HH017393,Desenganche silencioso
HH017394,Desenganche silencioso
HH017395,Desenganche silencioso
HH017396,Desenganche silencioso
HH017397,Desenganche silencioso
HH017398,Desenganche silencioso
HH017399,Desenganche silencioso
HH017400,Desenganche silencioso
HH017401,Desenganche silencioso
HH017402,Desenganche silencioso
HH017403,Desenganche silencioso
HH017404,Desenganche silencioso
HH017405,Desenganche silencioso
HH017406,Desenganche silencioso
HH017407,Salida con el banquero
HH017408,Salida con el banquero
HH017409,Desenganche silencioso
HH017410,Desenganche silencioso
HH017411,Desenganche silencioso
HH017412,Desenganche silencioso
HH017413,Desenganche silencioso
HH017414,Desenganche silencioso
HH017415,Desenganche silencioso
HH017416,Desenganche silencioso
HH017417,Desenganche silencioso
HH017418,Desenganche silencioso
HH017419,Desenganche silencioso
HH017420,Salida con el banquero
HH017421,Desenganche silencioso
HH017422,Desenganche silencioso
HH017423,Desenganche silencioso
HH017424,Salida con el banquero
HH017425,Desenganche silencioso
HH017426,Desenganche silencioso
HH017427,Desenganche silencioso
HH017428,Desenganche silencioso
HH017429,Desenganche silencioso
HH017430,Desenganche silencioso
HH017431,Desenganche silencioso
HH017432,Desenganche silencioso
HH017433,Desenganche silencioso
HH017434,Desenganche silencioso
HH017435,Desenganche silencioso
HH017436,Desenganche silencioso
HH017437,Desenganche silencioso
HH017438,Desenganche silencioso
HH017439,Desenganche silencioso
HH017440,Desenganche silencioso
HH017441,Desenganche silencioso
HH017442,Desenganche silencioso
HH017443,Desenganche silencioso
HH017444,Desenganche silencioso
HH017445,Salida con el banquero
HH017446,Desenganche silencioso
HH017447,Desenganche silencioso
HH017448,Desenganche silencioso
HH017449,Desenganche silencioso
HH017450,Desenganche silencioso
HH017451,Desenganche silencioso
HH017452,Desenganche silencioso
HH017453,Desenganche silencioso
HH017454,Desenganche silencioso
HH017455,Desenganche silencioso
HH017456,Desenganche silencioso
HH017457,Desenganche silencioso
HH017458,Desenganche silencioso
HH017459,Desenganche silencioso
HH017460,Desenganche silencioso
HH017461,Desenganche silencioso
HH017462,Desenganche silencioso
HH017463,Desenganche silencioso
HH017464,Desenganche silencioso
HH017465,Desenganche silencioso
HH017466,Desenganche silencioso
HH017467,Desenganche silencioso
HH017468,Desenganche silencioso
HH017469,Desenganche silencioso
HH017470,Desenganche silencioso
HH017471,Desenganche silencioso
HH017472,Salida con el banquero
HH017473,Salida con el banquero
HH017474,Desenganche silencioso
HH017475,Desenganche silencioso
HH017476,Desenganche silencioso
HH017477,Desenganche silencioso
HH017478,Desenganche silencioso
HH017479,Desenganche silencioso
HH017480,Salida con el banquero
HH017481,Externalización activa
HH017482,Externalización activa
HH017483,Salida con el banquero
HH017484,Desenganche silencioso
HH017485,Desenganche silencioso
HH017486,Desenganche silencioso
HH017487,Desenganche silencioso
HH017488,Desenganche silencioso
HH017489,Desenganche silencioso
HH017490,Desenganche silencioso
HH017491,Desenganche silencioso
HH017492,Desenganche silencioso
HH017493,Salida con el banquero
HH017494,Desenganche silencioso
HH017495,Desenganche silencioso
HH017496,Desenganche silencioso
HH017497,Desenganche silencioso
HH017498,Desenganche silencioso
HH017499,Desenganche silencioso
HH017500,Desenganche silencioso
HH017501,Externalización activa
HH017502,Desenganche silencioso
HH017503,Desenganche silencioso
HH017504,Externalización activa
HH017505,Externalización activa
HH017506,Desenganche silencioso
HH017507,Salida con el banquero
HH017508,Desenganche silencioso
HH017509,Desenganche silencioso
HH017510,Desenganche silencioso
HH017511,Salida con el banquero
HH017512,Salida con el banquero
HH017513,Desenganche silencioso
HH017514,Desenganche silencioso
HH017515,Externalización activa
HH017516,Desenganche silencioso
HH017517,Desenganche silencioso
HH017518,Salida con el banquero
HH017519,Desenganche silencioso
HH017520,Desenganche silencioso
HH017521,Desenganche silencioso
HH017522,Desenganche silencioso
HH017523,Desenganche silencioso
HH017524,Salida con el banquero
HH017525,Desenganche silencioso
HH017526,Externalización activa
HH017527,Desenganche silencioso
HH017528,Salida con el banquero
HH017529,Desenganche silencioso
HH017530,Desenganche silencioso
HH017531,Salida con el banquero
HH017532,Salida con el banquero
HH017533,Desenganche silencioso
HH017534,Externalización activa
HH017535,Desenganche silencioso
HH017536,Desenganche silencioso
HH017537,Externalización activa
HH017538,Salida con el banquero
HH017539,Desenganche silencioso
HH017540,Desenganche silencioso
HH017541,Desenganche silencioso
HH017542,Desenganche silencioso
HH017543,Desenganche silencioso
HH017544,Salida con el banquero
HH017545,Desenganche silencioso
HH017546,Desenganche silencioso
HH017547,Externalización activa
HH017548,Desenganche silencioso
HH017549,Desenganche silencioso
HH017550,Salida con el banquero
HH017551,Desenganche silencioso
HH017552,Desenganche silencioso
HH017553,Desenganche silencioso
HH017554,Externalización activa
HH017555,Desenganche silencioso
HH017556,Desenganche silencioso
HH017557,Desenganche silencioso
HH017558,Desenganche silencioso
HH017559,Desenganche silencioso
HH017560,Desenganche silencioso
HH017561,Desenganche silencioso
HH017562,Externalización activa
HH017563,Desenganche silencioso
HH017564,Desenganche silencioso
HH017565,Desenganche silencioso
HH017566,Desenganche silencioso
HH017567,Desenganche silencioso
HH017568,Desenganche silencioso
HH017569,Desenganche silencioso
HH017570,Desenganche silencioso
HH017571,Desenganche silencioso
HH017572,Salida con el banquero
HH017573,Desenganche silencioso
HH017574,Desenganche silencioso
HH017575,Desenganche silencioso
HH017576,Desenganche silencioso
HH017577,Desenganche silencioso
HH017578,Desenganche silencioso
HH017579,Desenganche silencioso
HH017580,Desenganche silencioso
HH017581,Desenganche silencioso
HH017582,Desenganche silencioso
HH017583,Desenganche silencioso
HH017584,Desenganche silencioso
HH017585,Salida con el banquero
HH017586,Salida con el banquero
HH017587,Desenganche silencioso
HH017588,Desenganche silencioso
HH017589,Desenganche silencioso
HH017590,Desenganche silencioso
HH017591,Desenganche silencioso
HH017592,Salida con el banquero
HH017593,Externalización activa
HH017594,Externalización activa
HH017595,Desenganche silencioso
HH017596,Desenganche silencioso
HH017597,Desenganche silencioso
HH017598,Desenganche silencioso
HH017599,Desenganche silencioso
HH017600,Desenganche silencioso
HH017601,Desenganche silencioso
HH017602,Salida con el banquero
HH017603,Desenganche silencioso
HH017604,Salida con el banquero
HH017605,Desenganche silencioso
HH017606,Desenganche silencioso
HH017607,Desenganche silencioso
HH017608,Desenganche silencioso
HH017609,Desenganche silencioso
HH017610,Salida con el banquero
HH017611,Externalización activa
HH017612,Desenganche silencioso
HH017613,Desenganche silencioso
HH017614,Salida con el banquero
HH017615,Desenganche silencioso
HH017616,Salida con el banquero
HH017617,Salida con el banquero
HH017618,Salida con el banquero
HH017619,Salida con el banquero
HH017620,Desenganche silencioso
HH017621,Desenganche silencioso
HH017622,Desenganche silencioso
HH017623,Desenganche silencioso
HH017624,Desenganche silencioso
HH017625,Desenganche silencioso
HH017626,Desenganche silencioso
HH017627,Desenganche silencioso
HH017628,Desenganche silencioso
HH017629,Desenganche silencioso
HH017630,Desenganche silencioso
HH017631,Desenganche silencioso
HH017632,Desenganche silencioso
HH017633,Desenganche silencioso
HH017634,Desenganche silencioso
HH017635,Desenganche silencioso
HH017636,Externalización activa
HH017637,Desenganche silencioso
HH017638,Desenganche silencioso
HH017639,Desenganche silencioso
HH017640,Desenganche silencioso
HH017641,Desenganche silencioso
HH017642,Desenganche silencioso
HH017643,Desenganche silencioso
HH017644,Salida con el banquero
HH017645,Desenganche silencioso
HH017646,Desenganche silencioso
HH017647,Desenganche silencioso
HH017648,Desenganche silencioso
HH017649,Desenganche silencioso
HH017650,Salida con el banquero
HH017651,Desenganche silencioso
HH017652,Desenganche silencioso
HH017653,Desenganche silencioso
HH017654,Desenganche silencioso
HH017655,Desenganche silencioso
HH017656,Desenganche silencioso
HH017657,Desenganche silencioso
HH017658,Desenganche silencioso
HH017659,Desenganche silencioso
HH017660,Salida con el banquero
HH017661,Desenganche silencioso
HH017662,Desenganche silencioso
HH017663,Desenganche silencioso
HH017664,Desenganche silencioso
HH017665,Desenganche silencioso
HH017666,Salida con el banquero
HH017667,Desenganche silencioso
HH017668,Desenganche silencioso
HH017669,Desenganche silencioso
HH017670,Desenganche silencioso
HH017671,Desenganche silencioso
HH017672,Desenganche silencioso
HH017673,Desenganche silencioso
HH017674,Desenganche silencioso
HH017675,Desenganche silencioso
HH017676,Desenganche silencioso
HH017677,Desenganche silencioso
HH017678,Desenganche silencioso
HH017679,Desenganche silencioso
HH017680,Desenganche silencioso
HH017681,Desenganche silencioso
HH017682,Desenganche silencioso
HH017683,Desenganche silencioso
HH017684,Desenganche silencioso
HH017685,Desenganche silencioso
HH017686,Salida con el banquero
HH017687,Desenganche silencioso
HH017688,Desenganche silencioso
HH017689,Desenganche silencioso
HH017690,Salida con el banquero
HH017691,Desenganche silencioso
HH017692,Desenganche silencioso
HH017693,Desenganche silencioso
HH017694,Desenganche silencioso
HH017695,Desenganche silencioso
HH017696,Desenganche silencioso
HH017697,Desenganche silencioso
HH017698,Salida con el banquero
HH017699,Desenganche silencioso
HH017700,Desenganche silencioso
HH017701,Desenganche silencioso
HH017702,Desenganche silencioso
HH017703,Desenganche silencioso
HH017704,Desenganche silencioso
HH017705,Desenganche silencioso
HH017706,Desenganche silencioso
HH017707,Desenganche silencioso
HH017708,Salida con el banquero
HH017709,Desenganche silencioso
HH017710,Desenganche silencioso
HH017711,Desenganche silencioso
HH017712,Desenganche silencioso
HH017713,Desenganche silencioso
HH017714,Salida con el banquero
HH017715,Salida con el banquero
HH017716,Salida con el banquero
HH017717,Desenganche silencioso
HH017718,Desenganche silencioso
HH017719,Desenganche silencioso
HH017720,Desenganche silencioso
HH017721,Desenganche silencioso
HH017722,Desenganche silencioso
HH017723,Desenganche silencioso
HH017724,Salida con el banquero
HH017725,Desenganche silencioso
HH017726,Desenganche silencioso
HH017727,Desenganche silencioso
HH017728,Desenganche silencioso
HH017729,Salida con el banquero
HH017730,Salida con el banquero
HH017731,Externalización activa
HH017732,Desenganche silencioso
HH017733,Desenganche silencioso
HH017734,Desenganche silencioso
HH017735,Desenganche silencioso
HH017736,Desenganche silencioso
HH017737,Desenganche silencioso
HH017738,Desenganche silencioso
HH017739,Desenganche silencioso
HH017740,Desenganche silencioso
HH017741,Salida con el banquero
HH017742,Desenganche silencioso
HH017743,Desenganche silencioso
HH017744,Desenganche silencioso
HH017745,Desenganche silencioso
HH017746,Desenganche silencioso
HH017747,Salida con el banquero
HH017748,Salida con el banquero
HH017749,Desenganche silencioso
HH017750,Desenganche silencioso
HH017751,Desenganche silencioso
HH017752,Salida con el banquero
HH017753,Desenganche silencioso
HH017754,Desenganche silencioso
HH017755,Desenganche silencioso
HH017756,Salida con el banquero
HH017757,Desenganche silencioso
HH017758,Desenganche silencioso
HH017759,Desenganche silencioso
HH017760,Externalización activa
HH017761,Salida con el banquero
HH017762,Desenganche silencioso
HH017763,Desenganche silencioso
HH017764,Desenganche silencioso
HH017765,Desenganche silencioso
HH017766,Desenganche silencioso
HH017767,Desenganche silencioso
HH017768,Salida con el banquero
HH017769,Salida con el banquero
HH017770,Desenganche silencioso
HH017771,Desenganche silencioso
HH017772,Desenganche silencioso
HH017773,Desenganche silencioso
HH017774,Desenganche silencioso
HH017775,Desenganche silencioso
HH017776,Desenganche silencioso
HH017777,Desenganche silencioso
HH017778,Desenganche silencioso
HH017779,Salida con el banquero
HH017780,Salida con el banquero
HH017781,Desenganche silencioso
HH017782,Desenganche silencioso
HH017783,Desenganche silencioso
HH017784,Externalización activa
HH017785,Desenganche silencioso
HH017786,Desenganche silencioso
HH017787,Externalización activa
HH017788,Desenganche silencioso
HH017789,Desenganche silencioso
HH017790,Desenganche silencioso
HH017791,Desenganche silencioso
HH017792,Desenganche silencioso
HH017793,Salida con el banquero
HH017794,Desenganche silencioso
HH017795,Desenganche silencioso
HH017796,Desenganche silencioso
HH017797,Desenganche silencioso
HH017798,Desenganche silencioso
HH017799,Desenganche silencioso
HH017800,Desenganche silencioso
HH017801,Desenganche silencioso
HH017802,Desenganche silencioso
HH017803,Desenganche silencioso
HH017804,Externalización activa
HH017805,Desenganche silencioso
HH017806,Desenganche silencioso
HH017807,Desenganche silencioso
HH017808,Desenganche silencioso
HH017809,Desenganche silencioso
HH017810,Desenganche silencioso
HH017811,Desenganche silencioso
HH017812,Desenganche silencioso
HH017813,Desenganche silencioso
HH017814,Desenganche silencioso
HH017815,Desenganche silencioso
HH017816,Desenganche silencioso
HH017817,Desenganche silencioso
HH017818,Desenganche silencioso
HH017819,Desenganche silencioso
HH017820,Desenganche silencioso
HH017821,Desenganche silencioso
HH017822,Salida con el banquero
HH017823,Desenganche silencioso
HH017824,Desenganche silencioso
HH017825,Desenganche silencioso
HH017826,Desenganche silencioso
HH017827,Desenganche silencioso
HH017828,Salida con el banquero
HH017829,Desenganche silencioso
HH017830,Desenganche silencioso
HH017831,Desenganche silencioso
HH017832,Desenganche silencioso
HH017833,Desenganche silencioso
HH017834,Desenganche silencioso
HH017835,Desenganche silencioso
HH017836,Salida con el banquero
HH017837,Desenganche silencioso
HH017838,Desenganche silencioso
HH017839,Salida con el banquero
HH017840,Desenganche silencioso
HH017841,Desenganche silencioso
HH017842,Desenganche silencioso
HH017843,Desenganche silencioso
HH017844,Salida con el banquero
HH017845,Desenganche silencioso
HH017846,Desenganche silencioso
HH017847,Desenganche silencioso
HH017848,Externalización activa
HH017849,Salida con el banquero
HH017850,Salida con el banquero
HH017851,Desenganche silencioso
HH017852,Desenganche silencioso
HH017853,Desenganche silencioso
HH017854,Desenganche silencioso
HH017855,Desenganche silencioso
HH017856,Desenganche silencioso
HH017857,Desenganche silencioso
HH017858,Desenganche silencioso
HH017859,Desenganche silencioso
HH017860,Externalización activa
HH017861,Desenganche silencioso
HH017862,Externalización activa
HH017863,Salida con el banquero
HH017864,Externalización activa
HH017865,Externalización activa
HH017866,Desenganche silencioso
HH017867,Desenganche silencioso
HH017868,Desenganche silencioso
HH017869,Desenganche silencioso
HH017870,Desenganche silencioso
HH017871,Salida con el banquero
HH017872,Externalización activa
HH017873,Desenganche silencioso
HH017874,Desenganche silencioso
HH017875,Desenganche silencioso
HH017876,Desenganche silencioso
HH017877,Desenganche silencioso
HH017878,Desenganche silencioso
HH017879,Salida con el banquero
HH017880,Desenganche silencioso
HH017881,Desenganche silencioso
HH017882,Salida con el banquero
HH017883,Desenganche silencioso
HH017884,Desenganche silencioso
HH017885,Desenganche silencioso
HH017886,Desenganche silencioso
HH017887,Desenganche silencioso
HH017888,Desenganche silencioso
HH017889,Desenganche silencioso
HH017890,Desenganche silencioso
HH017891,Desenganche silencioso
HH017892,Desenganche silencioso
HH017893,Desenganche silencioso
HH017894,Desenganche silencioso
HH017895,Desenganche silencioso
HH017896,Desenganche silencioso
HH017897,Desenganche silencioso
HH017898,Desenganche silencioso
HH017899,Desenganche silencioso
HH017900,Desenganche silencioso
HH017901,Desenganche silencioso
HH017902,Desenganche silencioso
HH017903,Desenganche silencioso
HH017904,Desenganche silencioso
HH017905,Desenganche silencioso
HH017906,Desenganche silencioso
HH017907,Desenganche silencioso
HH017908,Externalización activa
HH017909,Desenganche silencioso
HH017910,Salida con el banquero
HH017911,Salida con el banquero
HH017912,Desenganche silencioso
HH017913,Externalización activa
HH017914,Desenganche silencioso
HH017915,Desenganche silencioso
HH017916,Salida con el banquero
HH017917,Desenganche silencioso
HH017918,Salida con el banquero
HH017919,Desenganche silencioso
HH017920,Desenganche silencioso
HH017921,Desenganche silencioso
HH017922,Desenganche silencioso
HH017923,Desenganche silencioso
HH017924,Salida con el banquero
HH017925,Desenganche silencioso
HH017926,Desenganche silencioso
HH017927,Desenganche silencioso
HH017928,Desenganche silencioso
HH017929,Desenganche silencioso
HH017930,Salida con el banquero
HH017931,Desenganche silencioso
HH017932,Salida con el banquero
HH017933,Salida con el banquero
HH017934,Desenganche silencioso
HH017935,Desenganche silencioso
HH017936,Desenganche silencioso
HH017937,Desenganche silencioso
HH017938,Desenganche silencioso
HH017939,Desenganche silencioso
HH017940,Desenganche silencioso
HH017941,Desenganche silencioso
HH017942,Desenganche silencioso
HH017943,Externalización activa
HH017944,Salida con el banquero
HH017945,Desenganche silencioso
HH017946,Desenganche silencioso
HH017947,Desenganche silencioso
HH017948,Desenganche silencioso
HH017949,Desenganche silencioso
HH017950,Desenganche silencioso
HH017951,Desenganche silencioso
HH017952,Salida con el banquero
HH017953,Desenganche silencioso
HH017954,Desenganche silencioso
HH017955,Desenganche silencioso
HH017956,Desenganche silencioso
HH017957,Desenganche silencioso
HH017958,Desenganche silencioso
HH017959,Desenganche silencioso
HH017960,Desenganche silencioso
HH017961,Desenganche silencioso
HH017962,Desenganche silencioso
HH017963,Desenganche silencioso
HH017964,Desenganche silencioso
HH017965,Desenganche silencioso
HH017966,Desenganche silencioso
HH017967,Salida con el banquero
HH017968,Desenganche silencioso
HH017969,Desenganche silencioso
HH017970,Desenganche silencioso
HH017971,Desenganche silencioso
HH017972,Desenganche silencioso
HH017973,Desenganche silencioso
HH017974,Desenganche silencioso
HH017975,Desenganche silencioso
HH017976,Desenganche silencioso
HH017977,Desenganche silencioso
HH017978,Desenganche silencioso
HH017979,Desenganche silencioso
HH017980,Desenganche silencioso
HH017981,Desenganche silencioso
HH017982,Desenganche silencioso
HH017983,Desenganche silencioso
HH017984,Desenganche silencioso
HH017985,Desenganche silencioso
HH017986,Desenganche silencioso
HH017987,Desenganche silencioso
HH017988,Salida con el banquero
HH017989,Desenganche silencioso
HH017990,Desenganche silencioso
HH017991,Desenganche silencioso
HH017992,Desenganche silencioso
HH017993,Desenganche silencioso
HH017994,Desenganche silencioso
HH017995,Desenganche silencioso
HH017996,Desenganche silencioso
HH017997,Externalización activa
HH017998,Desenganche silencioso
HH017999,Desenganche silencioso
HH018000,Desenganche silencioso
HH018001,Salida con el banquero
HH018002,Desenganche silencioso
HH018003,Desenganche silencioso
HH018004,Desenganche silencioso
HH018005,Desenganche silencioso
HH018006,Salida con el banquero
HH018007,Desenganche silencioso
HH018008,Desenganche silencioso
HH018009,Desenganche silencioso
HH018010,Salida con el banquero
HH018011,Salida con el banquero
HH018012,Desenganche silencioso
HH018013,Desenganche silencioso
HH018014,Desenganche silencioso
HH018015,Desenganche silencioso
HH018016,Desenganche silencioso
HH018017,Salida con el banquero
HH018018,Desenganche silencioso
HH018019,Desenganche silencioso
HH018020,Externalización activa
HH018021,Desenganche silencioso
HH018022,Desenganche silencioso
HH018023,Desenganche silencioso
HH018024,Externalización activa
HH018025,Salida con el banquero
HH018026,Desenganche silencioso
HH018027,Salida con el banquero
HH018028,Desenganche silencioso
HH018029,Desenganche silencioso
HH018030,Desenganche silencioso
HH018031,Desenganche silencioso
HH018032,Desenganche silencioso
HH018033,Desenganche silencioso
HH018034,Desenganche silencioso
HH018035,Desenganche silencioso
HH018036,Salida con el banquero
HH018037,Desenganche silencioso
HH018038,Desenganche silencioso
HH018039,Externalización activa
HH018040,Desenganche silencioso
HH018041,Desenganche silencioso
HH018042,Salida con el banquero
HH018043,Desenganche silencioso
HH018044,Desenganche silencioso
HH018045,Desenganche silencioso
HH018046,Desenganche silencioso
HH018047,Desenganche silencioso
HH018048,Desenganche silencioso
HH018049,Desenganche silencioso
HH018050,Desenganche silencioso
HH018051,Desenganche silencioso
HH018052,Desenganche silencioso
HH018053,Desenganche silencioso
HH018054,Desenganche silencioso
HH018055,Desenganche silencioso
HH018056,Desenganche silencioso
HH018057,Desenganche silencioso
HH018058,Desenganche silencioso
HH018059,Salida con el banquero
HH018060,Externalización activa
HH018061,Desenganche silencioso
HH018062,Desenganche silencioso
HH018063,Desenganche silencioso
HH018064,Desenganche silencioso
HH018065,Desenganche silencioso
HH018066,Desenganche silencioso
HH018067,Desenganche silencioso
HH018068,Desenganche silencioso
HH018069,Desenganche silencioso
HH018070,Desenganche silencioso
HH018071,Desenganche silencioso
HH018072,Salida con el banquero
HH018073,Desenganche silencioso
HH018074,Desenganche silencioso
HH018075,Desenganche silencioso
HH018076,Desenganche silencioso
HH018077,Salida con el banquero
HH018078,Desenganche silencioso
HH018079,Externalización activa
HH018080,Desenganche silencioso
HH018081,Desenganche silencioso
HH018082,Desenganche silencioso
HH018083,Desenganche silencioso
HH018084,Desenganche silencioso
HH018085,Salida con el banquero
HH018086,Salida con el banquero
HH018087,Desenganche silencioso
HH018088,Salida con el banquero
HH018089,Desenganche silencioso
HH018090,Desenganche silencioso
HH018091,Desenganche silencioso
HH018092,Desenganche silencioso
HH018093,Desenganche silencioso
HH018094,Desenganche silencioso
HH018095,Salida con el banquero
HH018096,Externalización activa
HH018097,Desenganche silencioso
HH018098,Salida con el banquero
HH018099,Desenganche silencioso
HH018100,Desenganche silencioso
HH018101,Desenganche silencioso
HH018102,Desenganche silencioso
HH018103,Desenganche silencioso
HH018104,Desenganche silencioso
HH018105,Salida con el banquero
HH018106,Desenganche silencioso
HH018107,Desenganche silencioso
HH018108,Desenganche silencioso
HH018109,Desenganche silencioso
HH018110,Desenganche silencioso
HH018111,Desenganche silencioso
HH018112,Desenganche silencioso
HH018113,Desenganche silencioso
HH018114,Desenganche silencioso
HH018115,Desenganche silencioso
HH018116,Desenganche silencioso
HH018117,Salida con el banquero
HH018118,Desenganche silencioso
HH018119,Desenganche silencioso
HH018120,Salida con el banquero
HH018121,Desenganche silencioso
HH018122,Desenganche silencioso
HH018123,Salida con el banquero
HH018124,Desenganche silencioso
HH018125,Desenganche silencioso
HH018126,Desenganche silencioso
HH018127,Desenganche silencioso
HH018128,Desenganche silencioso
HH018129,Desenganche silencioso
HH018130,Desenganche silencioso
HH018131,Desenganche silencioso
HH018132,Desenganche silencioso
HH018133,Desenganche silencioso
HH018134,Desenganche silencioso
HH018135,Desenganche silencioso
HH018136,Desenganche silencioso
HH018137,Desenganche silencioso
HH018138,Desenganche silencioso
HH018139,Desenganche silencioso
HH018140,Desenganche silencioso
HH018141,Desenganche silencioso
HH018142,Desenganche silencioso
HH018143,Desenganche silencioso
HH018144,Desenganche silencioso
HH018145,Desenganche silencioso
HH018146,Desenganche silencioso
HH018147,Desenganche silencioso
HH018148,Desenganche silencioso
HH018149,Desenganche silencioso
HH018150,Salida con el banquero
HH018151,Salida con el banquero
HH018152,Salida con el banquero
HH018153,Salida con el banquero
HH018154,Desenganche silencioso
HH018155,Desenganche silencioso
HH018156,Salida con el banquero
HH018157,Desenganche silencioso
HH018158,Desenganche silencioso
HH018159,Desenganche silencioso
HH018160,Desenganche silencioso
HH018161,Desenganche silencioso
HH018162,Salida con el banquero
HH018163,Desenganche silencioso
HH018164,Desenganche silencioso
HH018165,Desenganche silencioso
HH018166,Desenganche silencioso
HH018167,Desenganche silencioso
HH018168,Desenganche silencioso
HH018169,Externalización activa
HH018170,Desenganche silencioso
HH018171,Desenganche silencioso
HH018172,Desenganche silencioso
HH018173,Desenganche silencioso
HH018174,Desenganche silencioso
HH018175,Desenganche silencioso
HH018176,Desenganche silencioso
HH018177,Desenganche silencioso
HH018178,Desenganche silencioso
HH018179,Desenganche silencioso
HH018180,Desenganche silencioso
HH018181,Salida con el banquero
HH018182,Desenganche silencioso
HH018183,Desenganche silencioso
HH018184,Desenganche silencioso
HH018185,Desenganche silencioso
HH018186,Desenganche silencioso
HH018187,Desenganche silencioso
HH018188,Desenganche silencioso
HH018189,Desenganche silencioso
HH018190,Desenganche silencioso
HH018191,Desenganche silencioso
HH018192,Salida con el banquero
HH018193,Desenganche silencioso
HH018194,Desenganche silencioso
HH018195,Desenganche silencioso
HH018196,Salida con el banquero
HH018197,Desenganche silencioso
HH018198,Externalización activa
HH018199,Desenganche silencioso
HH018200,Desenganche silencioso
HH018201,Desenganche silencioso
HH018202,Desenganche silencioso
HH018203,Desenganche silencioso
HH018204,Desenganche silencioso
HH018205,Desenganche silencioso
HH018206,Desenganche silencioso
HH018207,Desenganche silencioso
HH018208,Desenganche silencioso
HH018209,Desenganche silencioso
HH018210,Desenganche silencioso
HH018211,Salida con el banquero
HH018212,Desenganche silencioso
HH018213,Salida con el banquero
HH018214,Desenganche silencioso
HH018215,Desenganche silencioso
HH018216,Desenganche silencioso
HH018217,Desenganche silencioso
HH018218,Desenganche silencioso
HH018219,Salida con el banquero
HH018220,Desenganche silencioso
HH018221,Desenganche silencioso
HH018222,Desenganche silencioso
HH018223,Desenganche silencioso
HH018224,Desenganche silencioso
HH018225,Desenganche silencioso
HH018226,Desenganche silencioso
HH018227,Salida con el banquero
HH018228,Desenganche silencioso
HH018229,Desenganche silencioso
HH018230,Salida con el banquero
HH018231,Desenganche silencioso
HH018232,Desenganche silencioso
HH018233,Desenganche silencioso
HH018234,Desenganche silencioso
HH018235,Desenganche silencioso
HH018236,Desenganche silencioso
HH018237,Desenganche silencioso
HH018238,Desenganche silencioso
HH018239,Desenganche silencioso
HH018240,Salida con el banquero
HH018241,Salida con el banquero
HH018242,Desenganche silencioso
HH018243,Desenganche silencioso
HH018244,Salida con el banquero
HH018245,Externalización activa
HH018246,Desenganche silencioso
HH018247,Externalización activa
HH018248,Desenganche silencioso
HH018249,Salida con el banquero
HH018250,Desenganche silencioso
HH018251,Desenganche silencioso
HH018252,Desenganche silencioso
HH018253,Desenganche silencioso
HH018254,Desenganche silencioso
HH018255,Desenganche silencioso
HH018256,Desenganche silencioso
HH018257,Desenganche silencioso
HH018258,Desenganche silencioso
HH018259,Desenganche silencioso
HH018260,Desenganche silencioso
HH018261,Desenganche silencioso
HH018262,Desenganche silencioso
HH018263,Externalización activa
HH018264,Desenganche silencioso
HH018265,Desenganche silencioso
HH018266,Desenganche silencioso
HH018267,Salida con el banquero
HH018268,Salida con el banquero
HH018269,Desenganche silencioso
HH018270,Desenganche silencioso
HH018271,Desenganche silencioso
HH018272,Desenganche silencioso
HH018273,Desenganche silencioso
HH018274,Salida con el banquero
HH018275,Salida con el banquero
HH018276,Desenganche silencioso
HH018277,Desenganche silencioso
HH018278,Desenganche silencioso
HH018279,Desenganche silencioso
HH018280,Desenganche silencioso
HH018281,Desenganche silencioso
HH018282,Desenganche silencioso
HH018283,Desenganche silencioso
HH018284,Desenganche silencioso
HH018285,Desenganche silencioso
HH018286,Desenganche silencioso
HH018287,Desenganche silencioso
HH018288,Desenganche silencioso
HH018289,Desenganche silencioso
HH018290,Desenganche silencioso
HH018291,Desenganche silencioso
HH018292,Salida con el banquero
HH018293,Desenganche silencioso
HH018294,Desenganche silencioso
HH018295,Desenganche silencioso
HH018296,Salida con el banquero
HH018297,Salida con el banquero
HH018298,Desenganche silencioso
HH018299,Desenganche silencioso
HH018300,Desenganche silencioso
HH018301,Salida con el banquero
HH018302,Desenganche silencioso
HH018303,Desenganche silencioso
HH018304,Externalización activa
HH018305,Salida con el banquero
HH018306,Desenganche silencioso
HH018307,Desenganche silencioso
HH018308,Desenganche silencioso
HH018309,Desenganche silencioso
HH018310,Desenganche silencioso
HH018311,Desenganche silencioso
HH018312,Desenganche silencioso
HH018313,Desenganche silencioso
HH018314,Desenganche silencioso
HH018315,Desenganche silencioso
HH018316,Desenganche silencioso
HH018317,Desenganche silencioso
HH018318,Desenganche silencioso
HH018319,Desenganche silencioso
HH018320,Desenganche silencioso
HH018321,Salida con el banquero
HH018322,Salida con el banquero
HH018323,Desenganche silencioso
HH018324,Externalización activa
HH018325,Desenganche silencioso
HH018326,Desenganche silencioso
HH018327,Desenganche silencioso
HH018328,Desenganche silencioso
HH018329,Desenganche silencioso
HH018330,Desenganche silencioso
HH018331,Desenganche silencioso
HH018332,Externalización activa
HH018333,Desenganche silencioso
HH018334,Desenganche silencioso
HH018335,Desenganche silencioso
HH018336,Desenganche silencioso
HH018337,Desenganche silencioso
HH018338,Desenganche silencioso
HH018339,Desenganche silencioso
HH018340,Desenganche silencioso
HH018341,Desenganche silencioso
HH018342,Desenganche silencioso
HH018343,Desenganche silencioso
HH018344,Desenganche silencioso
HH018345,Desenganche silencioso
HH018346,Desenganche silencioso
HH018347,Desenganche silencioso
HH018348,Desenganche silencioso
HH018349,Salida con el banquero
HH018350,Salida con el banquero
HH018351,Desenganche silencioso
HH018352,Externalización activa
HH018353,Desenganche silencioso
HH018354,Desenganche silencioso
HH018355,Desenganche silencioso
HH018356,Desenganche silencioso
HH018357,Desenganche silencioso
HH018358,Desenganche silencioso
HH018359,Desenganche silencioso
HH018360,Desenganche silencioso
HH018361,Desenganche silencioso
HH018362,Desenganche silencioso
HH018363,Desenganche silencioso
HH018364,Desenganche silencioso
HH018365,Desenganche silencioso
HH018366,Desenganche silencioso
HH018367,Desenganche silencioso
HH018368,Desenganche silencioso
HH018369,Desenganche silencioso
HH018370,Externalización activa
HH018371,Desenganche silencioso
HH018372,Desenganche silencioso
HH018373,Desenganche silencioso
HH018374,Desenganche silencioso
HH018375,Externalización activa
HH018376,Desenganche silencioso
HH018377,Desenganche silencioso
HH018378,Desenganche silencioso
HH018379,Desenganche silencioso
HH018380,Desenganche silencioso
HH018381,Desenganche silencioso
HH018382,Desenganche silencioso
HH018383,Externalización activa
HH018384,Salida con el banquero
HH018385,Desenganche silencioso
HH018386,Desenganche silencioso
HH018387,Desenganche silencioso
HH018388,Desenganche silencioso
HH018389,Desenganche silencioso
HH018390,Desenganche silencioso
HH018391,Desenganche silencioso
HH018392,Desenganche silencioso
HH018393,Desenganche silencioso
HH018394,Desenganche silencioso
HH018395,Desenganche silencioso
HH018396,Desenganche silencioso
HH018397,Desenganche silencioso
HH018398,Desenganche silencioso
HH018399,Desenganche silencioso
HH018400,Desenganche silencioso
HH018401,Salida con el banquero
HH018402,Desenganche silencioso
HH018403,Salida con el banquero
HH018404,Desenganche silencioso
HH018405,Desenganche silencioso
HH018406,Desenganche silencioso
HH018407,Salida con el banquero
HH018408,Desenganche silencioso
HH018409,Desenganche silencioso
HH018410,Desenganche silencioso
HH018411,Desenganche silencioso
HH018412,Desenganche silencioso
HH018413,Desenganche silencioso
HH018414,Desenganche silencioso
HH018415,Desenganche silencioso
HH018416,Salida con el banquero
HH018417,Desenganche silencioso
HH018418,Desenganche silencioso
HH018419,Desenganche silencioso
HH018420,Desenganche silencioso
HH018421,Desenganche silencioso
HH018422,Desenganche silencioso
HH018423,Desenganche silencioso
HH018424,Desenganche silencioso
HH018425,Desenganche silencioso
HH018426,Desenganche silencioso
HH018427,Desenganche silencioso
HH018428,Salida con el banquero
HH018429,Desenganche silencioso
HH018430,Desenganche silencioso
HH018431,Desenganche silencioso
HH018432,Externalización activa
HH018433,Salida con el banquero
HH018434,Salida con el banquero
HH018435,Desenganche silencioso
HH018436,Desenganche silencioso
HH018437,Desenganche silencioso
HH018438,Desenganche silencioso
HH018439,Externalización activa
HH018440,Desenganche silencioso
HH018441,Desenganche silencioso
HH018442,Desenganche silencioso
HH018443,Desenganche silencioso
HH018444,Desenganche silencioso
HH018445,Desenganche silencioso
HH018446,Desenganche silencioso
HH018447,Desenganche silencioso
HH018448,Desenganche silencioso
HH018449,Desenganche silencioso
HH018450,Desenganche silencioso
HH018451,Desenganche silencioso
HH018452,Desenganche silencioso
HH018453,Desenganche silencioso
HH018454,Desenganche silencioso
HH018455,Externalización activa
HH018456,Desenganche silencioso
HH018457,Externalización activa
HH018458,Salida con el banquero
HH018459,Desenganche silencioso
HH018460,Desenganche silencioso
HH018461,Externalización activa
HH018462,Externalización activa
HH018463,Desenganche silencioso
HH018464,Desenganche silencioso
HH018465,Desenganche silencioso
HH018466,Desenganche silencioso
HH018467,Desenganche silencioso
HH018468,Externalización activa
HH018469,Desenganche silencioso
HH018470,Desenganche silencioso
HH018471,Desenganche silencioso
HH018472,Desenganche silencioso
HH018473,Desenganche silencioso
HH018474,Desenganche silencioso
HH018475,Salida con el banquero
HH018476,Desenganche silencioso
HH018477,Desenganche silencioso
HH018478,Desenganche silencioso
HH018479,Desenganche silencioso
HH018480,Desenganche silencioso
HH018481,Salida con el banquero
HH018482,Salida con el banquero
HH018483,Desenganche silencioso
HH018484,Desenganche silencioso
HH018485,Desenganche silencioso
HH018486,Desenganche silencioso
HH018487,Desenganche silencioso
HH018488,Desenganche silencioso
HH018489,Desenganche silencioso
HH018490,Salida con el banquero
HH018491,Desenganche silencioso
HH018492,Desenganche silencioso
HH018493,Salida con el banquero
HH018494,Desenganche silencioso
HH018495,Salida con el banquero
HH018496,Desenganche silencioso
HH018497,Externalización activa
HH018498,Salida con el banquero
HH018499,Desenganche silencioso
HH018500,Desenganche silencioso
HH018501,Desenganche silencioso
HH018502,Desenganche silencioso
HH018503,Desenganche silencioso
HH018504,Desenganche silencioso
HH018505,Desenganche silencioso
HH018506,Desenganche silencioso
HH018507,Desenganche silencioso
HH018508,Desenganche silencioso
HH018509,Desenganche silencioso
HH018510,Desenganche silencioso
HH018511,Desenganche silencioso
HH018512,Desenganche silencioso
HH018513,Desenganche silencioso
HH018514,Desenganche silencioso
HH018515,Desenganche silencioso
HH018516,Desenganche silencioso
HH018517,Desenganche silencioso
HH018518,Desenganche silencioso
HH018519,Desenganche silencioso
HH018520,Desenganche silencioso
HH018521,Desenganche silencioso
HH018522,Desenganche silencioso
HH018523,Externalización activa
HH018524,Desenganche silencioso
HH018525,Desenganche silencioso
HH018526,Externalización activa
HH018527,Desenganche silencioso
HH018528,Salida con el banquero
HH018529,Desenganche silencioso
HH018530,Desenganche silencioso
HH018531,Desenganche silencioso
HH018532,Desenganche silencioso
HH018533,Desenganche silencioso
HH018534,Desenganche silencioso
HH018535,Desenganche silencioso
HH018536,Desenganche silencioso
HH018537,Desenganche silencioso
HH018538,Desenganche silencioso
HH018539,Desenganche silencioso
HH018540,Desenganche silencioso
HH018541,Desenganche silencioso
HH018542,Desenganche silencioso
HH018543,Desenganche silencioso
HH018544,Desenganche silencioso
HH018545,Desenganche silencioso
HH018546,Desenganche silencioso
HH018547,Salida con el banquero
HH018548,Desenganche silencioso
HH018549,Desenganche silencioso
HH018550,Desenganche silencioso
HH018551,Externalización activa
HH018552,Desenganche silencioso
HH018553,Desenganche silencioso
HH018554,Desenganche silencioso
HH018555,Desenganche silencioso
HH018556,Desenganche silencioso
HH018557,Desenganche silencioso
HH018558,Desenganche silencioso
HH018559,Desenganche silencioso
HH018560,Desenganche silencioso
HH018561,Desenganche silencioso
HH018562,Desenganche silencioso
HH018563,Desenganche silencioso
HH018564,Externalización activa
HH018565,Desenganche silencioso
HH018566,Desenganche silencioso
HH018567,Desenganche silencioso
HH018568,Desenganche silencioso
HH018569,Desenganche silencioso
HH018570,Desenganche silencioso
HH018571,Salida con el banquero
HH018572,Externalización activa
HH018573,Desenganche silencioso
HH018574,Desenganche silencioso
HH018575,Desenganche silencioso
HH018576,Salida con el banquero
HH018577,Desenganche silencioso
HH018578,Desenganche silencioso
HH018579,Desenganche silencioso
HH018580,Desenganche silencioso
HH018581,Desenganche silencioso
HH018582,Desenganche silencioso
HH018583,Salida con el banquero
HH018584,Desenganche silencioso
HH018585,Desenganche silencioso
HH018586,Desenganche silencioso
HH018587,Desenganche silencioso
HH018588,Salida con el banquero
HH018589,Desenganche silencioso
HH018590,Desenganche silencioso
HH018591,Desenganche silencioso
HH018592,Externalización activa
HH018593,Desenganche silencioso
HH018594,Salida con el banquero
HH018595,Desenganche silencioso
HH018596,Desenganche silencioso
HH018597,Desenganche silencioso
HH018598,Desenganche silencioso
HH018599,Desenganche silencioso
HH018600,Desenganche silencioso
HH018601,Desenganche silencioso
HH018602,Salida con el banquero
HH018603,Desenganche silencioso
HH018604,Desenganche silencioso
HH018605,Desenganche silencioso
HH018606,Desenganche silencioso
HH018607,Desenganche silencioso
HH018608,Desenganche silencioso
HH018609,Desenganche silencioso
HH018610,Desenganche silencioso
HH018611,Desenganche silencioso
HH018612,Desenganche silencioso
HH018613,Salida con el banquero
HH018614,Desenganche silencioso
HH018615,Desenganche silencioso
HH018616,Desenganche silencioso
HH018617,Desenganche silencioso
HH018618,Externalización activa
HH018619,Desenganche silencioso
HH018620,Desenganche silencioso
HH018621,Desenganche silencioso
HH018622,Desenganche silencioso
HH018623,Salida con el banquero
HH018624,Externalización activa
HH018625,Desenganche silencioso
HH018626,Desenganche silencioso
HH018627,Desenganche silencioso
HH018628,Desenganche silencioso
HH018629,Desenganche silencioso
HH018630,Desenganche silencioso
HH018631,Desenganche silencioso
HH018632,Desenganche silencioso
HH018633,Externalización activa
HH018634,Desenganche silencioso
HH018635,Desenganche silencioso
HH018636,Desenganche silencioso
HH018637,Desenganche silencioso
HH018638,Desenganche silencioso
HH018639,Desenganche silencioso
HH018640,Desenganche silencioso
HH018641,Desenganche silencioso
HH018642,Desenganche silencioso
HH018643,Desenganche silencioso
HH018644,Desenganche silencioso
HH018645,Desenganche silencioso
HH018646,Desenganche silencioso
HH018647,Desenganche silencioso
HH018648,Externalización activa
HH018649,Desenganche silencioso
HH018650,Desenganche silencioso
HH018651,Desenganche silencioso
HH018652,Salida con el banquero
HH018653,Salida con el banquero
HH018654,Desenganche silencioso
HH018655,Desenganche silencioso
HH018656,Externalización activa
HH018657,Desenganche silencioso
HH018658,Salida con el banquero
HH018659,Desenganche silencioso
HH018660,Salida con el banquero
HH018661,Desenganche silencioso
HH018662,Desenganche silencioso
HH018663,Desenganche silencioso
HH018664,Desenganche silencioso
HH018665,Salida con el banquero
HH018666,Externalización activa
HH018667,Desenganche silencioso
HH018668,Desenganche silencioso
HH018669,Desenganche silencioso
HH018670,Desenganche silencioso
HH018671,Desenganche silencioso
HH018672,Desenganche silencioso
HH018673,Salida con el banquero
HH018674,Desenganche silencioso
HH018675,Salida con el banquero
HH018676,Externalización activa
HH018677,Desenganche silencioso
HH018678,Salida con el banquero
HH018679,Desenganche silencioso
HH018680,Desenganche silencioso
HH018681,Desenganche silencioso
HH018682,Desenganche silencioso
HH018683,Salida con el banquero
HH018684,Desenganche silencioso
HH018685,Desenganche silencioso
HH018686,Desenganche silencioso
HH018687,Desenganche silencioso
HH018688,Desenganche silencioso
HH018689,Desenganche silencioso
HH018690,Desenganche silencioso
HH018691,Desenganche silencioso
HH018692,Desenganche silencioso
HH018693,Desenganche silencioso
HH018694,Desenganche silencioso
HH018695,Desenganche silencioso
HH018696,Desenganche silencioso
HH018697,Desenganche silencioso
HH018698,Salida con el banquero
HH018699,Desenganche silencioso
HH018700,Salida con el banquero
HH018701,Desenganche silencioso
HH018702,Desenganche silencioso
HH018703,Desenganche silencioso
HH018704,Desenganche silencioso
HH018705,Desenganche silencioso
HH018706,Salida con el banquero
HH018707,Desenganche silencioso
HH018708,Desenganche silencioso
HH018709,Desenganche silencioso
HH018710,Desenganche silencioso
HH018711,Desenganche silencioso
HH018712,Desenganche silencioso
HH018713,Desenganche silencioso
HH018714,Desenganche silencioso
HH018715,Desenganche silencioso
HH018716,Salida con el banquero
HH018717,Desenganche silencioso
HH018718,Salida con el banquero
HH018719,Desenganche silencioso
HH018720,Desenganche silencioso
HH018721,Desenganche silencioso
HH018722,Salida con el banquero
HH018723,Desenganche silencioso
HH018724,Desenganche silencioso
HH018725,Desenganche silencioso
HH018726,Desenganche silencioso
HH018727,Desenganche silencioso
HH018728,Desenganche silencioso
HH018729,Desenganche silencioso
HH018730,Desenganche silencioso
HH018731,Desenganche silencioso
HH018732,Desenganche silencioso
HH018733,Salida con el banquero
HH018734,Desenganche silencioso
HH018735,Salida con el banquero
HH018736,Salida con el banquero
HH018737,Desenganche silencioso
HH018738,Desenganche silencioso
HH018739,Desenganche silencioso
HH018740,Desenganche silencioso
HH018741,Desenganche silencioso
HH018742,Desenganche silencioso
HH018743,Desenganche silencioso
HH018744,Salida con el banquero
HH018745,Externalización activa
HH018746,Desenganche silencioso
HH018747,Desenganche silencioso
HH018748,Desenganche silencioso
HH018749,Desenganche silencioso
HH018750,Desenganche silencioso
HH018751,Desenganche silencioso
HH018752,Desenganche silencioso
HH018753,Desenganche silencioso
HH018754,Externalización activa
HH018755,Desenganche silencioso
HH018756,Desenganche silencioso
HH018757,Externalización activa
HH018758,Desenganche silencioso
HH018759,Desenganche silencioso
HH018760,Desenganche silencioso
HH018761,Salida con el banquero
HH018762,Desenganche silencioso
HH018763,Desenganche silencioso
HH018764,Desenganche silencioso
HH018765,Desenganche silencioso
HH018766,Desenganche silencioso
HH018767,Desenganche silencioso
HH018768,Desenganche silencioso
HH018769,Desenganche silencioso
HH018770,Desenganche silencioso
HH018771,Desenganche silencioso
HH018772,Desenganche silencioso
HH018773,Desenganche silencioso
HH018774,Desenganche silencioso
HH018775,Externalización activa
HH018776,Desenganche silencioso
HH018777,Desenganche silencioso
HH018778,Desenganche silencioso
HH018779,Desenganche silencioso
HH018780,Desenganche silencioso
HH018781,Salida con el banquero
HH018782,Desenganche silencioso
HH018783,Desenganche silencioso
HH018784,Desenganche silencioso
HH018785,Desenganche silencioso
HH018786,Desenganche silencioso
HH018787,Externalización activa
HH018788,Desenganche silencioso
HH018789,Desenganche silencioso
HH018790,Desenganche silencioso
HH018791,Desenganche silencioso
HH018792,Desenganche silencioso
HH018793,Desenganche silencioso
HH018794,Desenganche silencioso
HH018795,Desenganche silencioso
HH018796,Desenganche silencioso
HH018797,Desenganche silencioso
HH018798,Desenganche silencioso
HH018799,Desenganche silencioso
HH018800,Desenganche silencioso
HH018801,Desenganche silencioso
HH018802,Desenganche silencioso
HH018803,Desenganche silencioso
HH018804,Desenganche silencioso
HH018805,Desenganche silencioso
HH018806,Desenganche silencioso
HH018807,Desenganche silencioso
HH018808,Desenganche silencioso
HH018809,Desenganche silencioso
HH018810,Desenganche silencioso
HH018811,Desenganche silencioso
HH018812,Desenganche silencioso
HH018813,Desenganche silencioso
HH018814,Desenganche silencioso
HH018815,Desenganche silencioso
HH018816,Salida con el banquero
HH018817,Desenganche silencioso
HH018818,Desenganche silencioso
HH018819,Desenganche silencioso
HH018820,Desenganche silencioso
HH018821,Desenganche silencioso
HH018822,Desenganche silencioso
HH018823,Desenganche silencioso
HH018824,Desenganche silencioso
HH018825,Desenganche silencioso
HH018826,Desenganche silencioso
HH018827,Salida con el banquero
HH018828,Desenganche silencioso
HH018829,Desenganche silencioso
HH018830,Desenganche silencioso
HH018831,Desenganche silencioso
HH018832,Desenganche silencioso
HH018833,Desenganche silencioso
HH018834,Desenganche silencioso
HH018835,Desenganche silencioso
HH018836,Desenganche silencioso
HH018837,Salida con el banquero
HH018838,Salida con el banquero
HH018839,Externalización activa
HH018840,Desenganche silencioso
HH018841,Desenganche silencioso
HH018842,Salida con el banquero
HH018843,Desenganche silencioso
HH018844,Desenganche silencioso
HH018845,Externalización activa
HH018846,Desenganche silencioso
HH018847,Desenganche silencioso
HH018848,Desenganche silencioso
HH018849,Desenganche silencioso
HH018850,Desenganche silencioso
HH018851,Desenganche silencioso
HH018852,Externalización activa
HH018853,Desenganche silencioso
HH018854,Salida con el banquero
HH018855,Desenganche silencioso
HH018856,Desenganche silencioso
HH018857,Desenganche silencioso
HH018858,Desenganche silencioso
HH018859,Desenganche silencioso
HH018860,Desenganche silencioso
HH018861,Desenganche silencioso
HH018862,Salida con el banquero
HH018863,Externalización activa
HH018864,Desenganche silencioso
HH018865,Salida con el banquero
HH018866,Salida con el banquero
HH018867,Desenganche silencioso
HH018868,Desenganche silencioso
HH018869,Desenganche silencioso
HH018870,Desenganche silencioso
HH018871,Desenganche silencioso
HH018872,Desenganche silencioso
HH018873,Desenganche silencioso
HH018874,Desenganche silencioso
HH018875,Desenganche silencioso
HH018876,Desenganche silencioso
HH018877,Desenganche silencioso
HH018878,Externalización activa
HH018879,Desenganche silencioso
HH018880,Desenganche silencioso
HH018881,Desenganche silencioso
HH018882,Desenganche silencioso
HH018883,Desenganche silencioso
HH018884,Desenganche silencioso
HH018885,Desenganche silencioso
HH018886,Desenganche silencioso
HH018887,Desenganche silencioso
HH018888,Desenganche silencioso
HH018889,Desenganche silencioso
HH018890,Desenganche silencioso
HH018891,Desenganche silencioso
HH018892,Externalización activa
HH018893,Desenganche silencioso
HH018894,Desenganche silencioso
HH018895,Desenganche silencioso
HH018896,Desenganche silencioso
HH018897,Desenganche silencioso
HH018898,Desenganche silencioso
HH018899,Desenganche silencioso
HH018900,Desenganche silencioso
HH018901,Desenganche silencioso
HH018902,Salida con el banquero
HH018903,Desenganche silencioso
HH018904,Desenganche silencioso
HH018905,Desenganche silencioso
HH018906,Desenganche silencioso
HH018907,Desenganche silencioso
HH018908,Desenganche silencioso
HH018909,Desenganche silencioso
HH018910,Desenganche silencioso
HH018911,Salida con el banquero
HH018912,Desenganche silencioso
HH018913,Externalización activa
HH018914,Desenganche silencioso
HH018915,Desenganche silencioso
HH018916,Salida con el banquero
HH018917,Desenganche silencioso
HH018918,Salida con el banquero
HH018919,Desenganche silencioso
HH018920,Desenganche silencioso
HH018921,Desenganche silencioso
HH018922,Desenganche silencioso
HH018923,Desenganche silencioso
HH018924,Desenganche silencioso
HH018925,Desenganche silencioso
HH018926,Desenganche silencioso
HH018927,Desenganche silencioso
HH018928,Desenganche silencioso
HH018929,Salida con el banquero
HH018930,Desenganche silencioso
HH018931,Desenganche silencioso
HH018932,Desenganche silencioso
HH018933,Desenganche silencioso
HH018934,Desenganche silencioso
HH018935,Externalización activa
HH018936,Salida con el banquero
HH018937,Desenganche silencioso
HH018938,Desenganche silencioso
HH018939,Salida con el banquero
HH018940,Salida con el banquero
HH018941,Desenganche silencioso
HH018942,Desenganche silencioso
HH018943,Salida con el banquero
HH018944,Desenganche silencioso
HH018945,Desenganche silencioso
HH018946,Desenganche silencioso
HH018947,Desenganche silencioso
HH018948,Desenganche silencioso
HH018949,Desenganche silencioso
HH018950,Desenganche silencioso
HH018951,Desenganche silencioso
HH018952,Desenganche silencioso
HH018953,Desenganche silencioso
HH018954,Desenganche silencioso
HH018955,Salida con el banquero
HH018956,Desenganche silencioso
HH018957,Desenganche silencioso
HH018958,Desenganche silencioso
HH018959,Desenganche silencioso
HH018960,Desenganche silencioso
HH018961,Desenganche silencioso
HH018962,Desenganche silencioso
HH018963,Desenganche silencioso
HH018964,Desenganche silencioso
HH018965,Desenganche silencioso
HH018966,Desenganche silencioso
HH018967,Desenganche silencioso
HH018968,Desenganche silencioso
HH018969,Desenganche silencioso
HH018970,Desenganche silencioso
HH018971,Salida con el banquero
HH018972,Desenganche silencioso
HH018973,Desenganche silencioso
HH018974,Desenganche silencioso
HH018975,Desenganche silencioso
HH018976,Externalización activa
HH018977,Desenganche silencioso
HH018978,Desenganche silencioso
HH018979,Desenganche silencioso
HH018980,Desenganche silencioso
HH018981,Desenganche silencioso
HH018982,Desenganche silencioso
HH018983,Externalización activa
HH018984,Desenganche silencioso
HH018985,Desenganche silencioso
HH018986,Desenganche silencioso
HH018987,Externalización activa
HH018988,Desenganche silencioso
HH018989,Desenganche silencioso
HH018990,Desenganche silencioso
HH018991,Desenganche silencioso
HH018992,Externalización activa
HH018993,Externalización activa
HH018994,Desenganche silencioso
HH018995,Desenganche silencioso
HH018996,Desenganche silencioso
HH018997,Desenganche silencioso
HH018998,Desenganche silencioso
HH018999,Desenganche silencioso
HH019000,Desenganche silencioso
HH019001,Desenganche silencioso
HH019002,Desenganche silencioso
HH019003,Desenganche silencioso
HH019004,Salida con el banquero
HH019005,Desenganche silencioso
HH019006,Desenganche silencioso
HH019007,Desenganche silencioso
HH019008,Desenganche silencioso
HH019009,Salida con el banquero
HH019010,Desenganche silencioso
HH019011,Desenganche silencioso
HH019012,Salida con el banquero
HH019013,Desenganche silencioso
HH019014,Desenganche silencioso
HH019015,Desenganche silencioso
HH019016,Desenganche silencioso
HH019017,Desenganche silencioso
HH019018,Desenganche silencioso
HH019019,Desenganche silencioso
HH019020,Desenganche silencioso
HH019021,Desenganche silencioso
HH019022,Salida con el banquero
HH019023,Desenganche silencioso
HH019024,Desenganche silencioso
HH019025,Desenganche silencioso
HH019026,Salida con el banquero
HH019027,Externalización activa
HH019028,Desenganche silencioso
HH019029,Desenganche silencioso
HH019030,Desenganche silencioso
HH019031,Desenganche silencioso
HH019032,Desenganche silencioso
HH019033,Desenganche silencioso
HH019034,Desenganche silencioso
HH019035,Desenganche silencioso
HH019036,Desenganche silencioso
HH019037,Salida con el banquero
HH019038,Salida con el banquero
HH019039,Desenganche silencioso
HH019040,Salida con el banquero
HH019041,Desenganche silencioso
HH019042,Desenganche silencioso
HH019043,Desenganche silencioso
HH019044,Desenganche silencioso
HH019045,Desenganche silencioso
HH019046,Desenganche silencioso
HH019047,Desenganche silencioso
HH019048,Desenganche silencioso
HH019049,Desenganche silencioso
HH019050,Desenganche silencioso
HH019051,Desenganche silencioso
HH019052,Desenganche silencioso
HH019053,Desenganche silencioso
HH019054,Desenganche silencioso
HH019055,Desenganche silencioso
HH019056,Desenganche silencioso
HH019057,Desenganche silencioso
HH019058,Desenganche silencioso
HH019059,Desenganche silencioso
HH019060,Desenganche silencioso
HH019061,Desenganche silencioso
HH019062,Desenganche silencioso
HH019063,Desenganche silencioso
HH019064,Salida con el banquero
HH019065,Desenganche silencioso
HH019066,Desenganche silencioso
HH019067,Desenganche silencioso
HH019068,Desenganche silencioso
HH019069,Desenganche silencioso
HH019070,Desenganche silencioso
HH019071,Desenganche silencioso
HH019072,Desenganche silencioso
HH019073,Desenganche silencioso
HH019074,Desenganche silencioso
HH019075,Desenganche silencioso
HH019076,Desenganche silencioso
HH019077,Desenganche silencioso
HH019078,Desenganche silencioso
HH019079,Desenganche silencioso
HH019080,Desenganche silencioso
HH019081,Desenganche silencioso
HH019082,Desenganche silencioso
HH019083,Desenganche silencioso
HH019084,Desenganche silencioso
HH019085,Externalización activa
HH019086,Desenganche silencioso
HH019087,Desenganche silencioso
HH019088,Desenganche silencioso
HH019089,Desenganche silencioso
HH019090,Desenganche silencioso
HH019091,Salida con el banquero
HH019092,Desenganche silencioso
HH019093,Desenganche silencioso
HH019094,Desenganche silencioso
HH019095,Salida con el banquero
HH019096,Desenganche silencioso
HH019097,Desenganche silencioso
HH019098,Salida con el banquero
HH019099,Externalización activa
HH019100,Desenganche silencioso
HH019101,Desenganche silencioso
HH019102,Salida con el banquero
HH019103,Desenganche silencioso
HH019104,Desenganche silencioso
HH019105,Desenganche silencioso
HH019106,Desenganche silencioso
HH019107,Desenganche silencioso
HH019108,Desenganche silencioso
HH019109,Desenganche silencioso
HH019110,Desenganche silencioso
HH019111,Desenganche silencioso
HH019112,Desenganche silencioso
HH019113,Salida con el banquero
HH019114,Desenganche silencioso
HH019115,Desenganche silencioso
HH019116,Desenganche silencioso
HH019117,Externalización activa
HH019118,Desenganche silencioso
HH019119,Desenganche silencioso
HH019120,Desenganche silencioso
HH019121,Desenganche silencioso
HH019122,Desenganche silencioso
HH019123,Desenganche silencioso
HH019124,Desenganche silencioso
HH019125,Desenganche silencioso
HH019126,Desenganche silencioso
HH019127,Desenganche silencioso
HH019128,Desenganche silencioso
HH019129,Salida con el banquero
HH019130,Desenganche silencioso
HH019131,Desenganche silencioso
HH019132,Desenganche silencioso
HH019133,Externalización activa
HH019134,Desenganche silencioso
HH019135,Desenganche silencioso
HH019136,Salida con el banquero
HH019137,Desenganche silencioso
HH019138,Desenganche silencioso
HH019139,Desenganche silencioso
HH019140,Desenganche silencioso
HH019141,Salida con el banquero
HH019142,Desenganche silencioso
HH019143,Desenganche silencioso
HH019144,Desenganche silencioso
HH019145,Desenganche silencioso
HH019146,Salida con el banquero
HH019147,Desenganche silencioso
HH019148,Desenganche silencioso
HH019149,Desenganche silencioso
HH019150,Desenganche silencioso
HH019151,Salida con el banquero
HH019152,Desenganche silencioso
HH019153,Externalización activa
HH019154,Desenganche silencioso
HH019155,Desenganche silencioso
HH019156,Desenganche silencioso
HH019157,Desenganche silencioso
HH019158,Desenganche silencioso
HH019159,Desenganche silencioso
HH019160,Desenganche silencioso
HH019161,Desenganche silencioso
HH019162,Desenganche silencioso
HH019163,Desenganche silencioso
HH019164,Salida con el banquero
HH019165,Desenganche silencioso
HH019166,Desenganche silencioso
HH019167,Desenganche silencioso
HH019168,Desenganche silencioso
HH019169,Desenganche silencioso
HH019170,Desenganche silencioso
HH019171,Salida con el banquero
HH019172,Externalización activa
HH019173,Desenganche silencioso
HH019174,Salida con el banquero
HH019175,Desenganche silencioso
HH019176,Desenganche silencioso
HH019177,Desenganche silencioso
HH019178,Desenganche silencioso
HH019179,Salida con el banquero
HH019180,Desenganche silencioso
HH019181,Desenganche silencioso
HH019182,Desenganche silencioso
HH019183,Desenganche silencioso
HH019184,Desenganche silencioso
HH019185,Desenganche silencioso
HH019186,Desenganche silencioso
HH019187,Desenganche silencioso
HH019188,Desenganche silencioso
HH019189,Desenganche silencioso
HH019190,Salida con el banquero
HH019191,Desenganche silencioso
HH019192,Externalización activa
HH019193,Desenganche silencioso
HH019194,Salida con el banquero
HH019195,Desenganche silencioso
HH019196,Desenganche silencioso
HH019197,Desenganche silencioso
HH019198,Desenganche silencioso
HH019199,Desenganche silencioso
HH019200,Desenganche silencioso
HH019201,Desenganche silencioso
HH019202,Desenganche silencioso
HH019203,Desenganche silencioso
HH019204,Desenganche silencioso
HH019205,Desenganche silencioso
HH019206,Desenganche silencioso
HH019207,Desenganche silencioso
HH019208,Desenganche silencioso
HH019209,Desenganche silencioso
HH019210,Salida con el banquero
HH019211,Desenganche silencioso
HH019212,Desenganche silencioso
HH019213,Desenganche silencioso
HH019214,Desenganche silencioso
HH019215,Desenganche silencioso
HH019216,Salida con el banquero
HH019217,Desenganche silencioso
HH019218,Desenganche silencioso
HH019219,Desenganche silencioso
HH019220,Externalización activa
HH019221,Desenganche silencioso
HH019222,Desenganche silencioso
HH019223,Desenganche silencioso
HH019224,Salida con el banquero
HH019225,Desenganche silencioso
HH019226,Desenganche silencioso
HH019227,Desenganche silencioso
HH019228,Desenganche silencioso
HH019229,Desenganche silencioso
HH019230,Salida con el banquero
HH019231,Desenganche silencioso
HH019232,Desenganche silencioso
HH019233,Desenganche silencioso
HH019234,Desenganche silencioso
HH019235,Desenganche silencioso
HH019236,Desenganche silencioso
HH019237,Desenganche silencioso
HH019238,Desenganche silencioso
HH019239,Externalización activa
HH019240,Desenganche silencioso
HH019241,Desenganche silencioso
HH019242,Desenganche silencioso
HH019243,Salida con el banquero
HH019244,Desenganche silencioso
HH019245,Desenganche silencioso
HH019246,Desenganche silencioso
HH019247,Desenganche silencioso
HH019248,Externalización activa
HH019249,Desenganche silencioso
HH019250,Desenganche silencioso
HH019251,Desenganche silencioso
HH019252,Desenganche silencioso
HH019253,Desenganche silencioso
HH019254,Externalización activa
HH019255,Desenganche silencioso
HH019256,Desenganche silencioso
HH019257,Desenganche silencioso
HH019258,Desenganche silencioso
HH019259,Desenganche silencioso
HH019260,Desenganche silencioso
HH019261,Salida con el banquero
HH019262,Desenganche silencioso
HH019263,Desenganche silencioso
HH019264,Desenganche silencioso
HH019265,Externalización activa
HH019266,Externalización activa
HH019267,Desenganche silencioso
HH019268,Desenganche silencioso
HH019269,Desenganche silencioso
HH019270,Salida con el banquero
HH019271,Desenganche silencioso
HH019272,Salida con el banquero
HH019273,Desenganche silencioso
HH019274,Desenganche silencioso
HH019275,Salida con el banquero
HH019276,Desenganche silencioso
HH019277,Desenganche silencioso
HH019278,Desenganche silencioso
HH019279,Desenganche silencioso
HH019280,Desenganche silencioso
HH019281,Desenganche silencioso
HH019282,Salida con el banquero
HH019283,Desenganche silencioso
HH019284,Desenganche silencioso
HH019285,Desenganche silencioso
HH019286,Desenganche silencioso
HH019287,Salida con el banquero
HH019288,Desenganche silencioso
HH019289,Desenganche silencioso
HH019290,Salida con el banquero
HH019291,Desenganche silencioso
HH019292,Desenganche silencioso
HH019293,Desenganche silencioso
HH019294,Desenganche silencioso
HH019295,Desenganche silencioso
HH019296,Desenganche silencioso
HH019297,Salida con el banquero
HH019298,Desenganche silencioso
HH019299,Desenganche silencioso
HH019300,Desenganche silencioso
HH019301,Desenganche silencioso
HH019302,Desenganche silencioso
HH019303,Desenganche silencioso
HH019304,Desenganche silencioso
HH019305,Desenganche silencioso
HH019306,Desenganche silencioso
HH019307,Desenganche silencioso
HH019308,Salida con el banquero
HH019309,Desenganche silencioso
HH019310,Desenganche silencioso
HH019311,Desenganche silencioso
HH019312,Desenganche silencioso
HH019313,Desenganche silencioso
HH019314,Desenganche silencioso
HH019315,Desenganche silencioso
HH019316,Desenganche silencioso
HH019317,Desenganche silencioso
HH019318,Desenganche silencioso
HH019319,Desenganche silencioso
HH019320,Desenganche silencioso
HH019321,Desenganche silencioso
HH019322,Desenganche silencioso
HH019323,Desenganche silencioso
HH019324,Salida con el banquero
HH019325,Externalización activa
HH019326,Desenganche silencioso
HH019327,Desenganche silencioso
HH019328,Desenganche silencioso
HH019329,Desenganche silencioso
HH019330,Desenganche silencioso
HH019331,Desenganche silencioso
HH019332,Desenganche silencioso
HH019333,Desenganche silencioso
HH019334,Desenganche silencioso
HH019335,Desenganche silencioso
HH019336,Desenganche silencioso
HH019337,Desenganche silencioso
HH019338,Desenganche silencioso
HH019339,Desenganche silencioso
HH019340,Desenganche silencioso
HH019341,Desenganche silencioso
HH019342,Desenganche silencioso
HH019343,Desenganche silencioso
HH019344,Desenganche silencioso
HH019345,Desenganche silencioso
HH019346,Desenganche silencioso
HH019347,Desenganche silencioso
HH019348,Desenganche silencioso
HH019349,Desenganche silencioso
HH019350,Desenganche silencioso
HH019351,Desenganche silencioso
HH019352,Desenganche silencioso
HH019353,Desenganche silencioso
HH019354,Salida con el banquero
HH019355,Desenganche silencioso
HH019356,Desenganche silencioso
HH019357,Desenganche silencioso
HH019358,Desenganche silencioso
HH019359,Desenganche silencioso
HH019360,Desenganche silencioso
HH019361,Desenganche silencioso
HH019362,Desenganche silencioso
HH019363,Desenganche silencioso
HH019364,Desenganche silencioso
HH019365,Desenganche silencioso
HH019366,Salida con el banquero
HH019367,Desenganche silencioso
HH019368,Desenganche silencioso
HH019369,Desenganche silencioso
HH019370,Desenganche silencioso
HH019371,Desenganche silencioso
HH019372,Desenganche silencioso
HH019373,Desenganche silencioso
HH019374,Externalización activa
HH019375,Desenganche silencioso
HH019376,Desenganche silencioso
HH019377,Desenganche silencioso
HH019378,Desenganche silencioso
HH019379,Salida con el banquero
HH019380,Desenganche silencioso
HH019381,Desenganche silencioso
HH019382,Salida con el banquero
HH019383,Desenganche silencioso
HH019384,Desenganche silencioso
HH019385,Externalización activa
HH019386,Desenganche silencioso
HH019387,Desenganche silencioso
HH019388,Desenganche silencioso
HH019389,Desenganche silencioso
HH019390,Externalización activa
HH019391,Salida con el banquero
HH019392,Desenganche silencioso
HH019393,Desenganche silencioso
HH019394,Desenganche silencioso
HH019395,Desenganche silencioso
HH019396,Desenganche silencioso
HH019397,Desenganche silencioso
HH019398,Salida con el banquero
HH019399,Desenganche silencioso
HH019400,Desenganche silencioso
HH019401,Desenganche silencioso
HH019402,Desenganche silencioso
HH019403,Desenganche silencioso
HH019404,Desenganche silencioso
HH019405,Desenganche silencioso
HH019406,Desenganche silencioso
HH019407,Desenganche silencioso
HH019408,Salida con el banquero
HH019409,Desenganche silencioso
HH019410,Desenganche silencioso
HH019411,Desenganche silencioso
HH019412,Desenganche silencioso
HH019413,Desenganche silencioso
HH019414,Desenganche silencioso
HH019415,Externalización activa
HH019416,Desenganche silencioso
HH019417,Externalización activa
HH019418,Desenganche silencioso
HH019419,Desenganche silencioso
HH019420,Desenganche silencioso
HH019421,Desenganche silencioso
HH019422,Desenganche silencioso
HH019423,Desenganche silencioso
HH019424,Desenganche silencioso
HH019425,Desenganche silencioso
HH019426,Desenganche silencioso
HH019427,Salida con el banquero
HH019428,Desenganche silencioso
HH019429,Desenganche silencioso
HH019430,Desenganche silencioso
HH019431,Salida con el banquero
HH019432,Desenganche silencioso
HH019433,Desenganche silencioso
HH019434,Desenganche silencioso
HH019435,Desenganche silencioso
HH019436,Desenganche silencioso
HH019437,Desenganche silencioso
HH019438,Salida con el banquero
HH019439,Desenganche silencioso
HH019440,Desenganche silencioso
HH019441,Salida con el banquero
HH019442,Desenganche silencioso
HH019443,Desenganche silencioso
HH019444,Desenganche silencioso
HH019445,Desenganche silencioso
HH019446,Desenganche silencioso
HH019447,Desenganche silencioso
HH019448,Desenganche silencioso
HH019449,Desenganche silencioso
HH019450,Desenganche silencioso
HH019451,Externalización activa
HH019452,Salida con el banquero
HH019453,Desenganche silencioso
HH019454,Desenganche silencioso
HH019455,Desenganche silencioso
HH019456,Salida con el banquero
HH019457,Externalización activa
HH019458,Desenganche silencioso
HH019459,Salida con el banquero
HH019460,Desenganche silencioso
HH019461,Salida con el banquero
HH019462,Desenganche silencioso
HH019463,Desenganche silencioso
HH019464,Desenganche silencioso
HH019465,Salida con el banquero
HH019466,Desenganche silencioso
HH019467,Desenganche silencioso
HH019468,Desenganche silencioso
HH019469,Desenganche silencioso
HH019470,Desenganche silencioso
HH019471,Desenganche silencioso
HH019472,Desenganche silencioso
HH019473,Desenganche silencioso
HH019474,Desenganche silencioso
HH019475,Salida con el banquero
HH019476,Desenganche silencioso
HH019477,Externalización activa
HH019478,Desenganche silencioso
HH019479,Desenganche silencioso
HH019480,Desenganche silencioso
HH019481,Desenganche silencioso
HH019482,Desenganche silencioso
HH019483,Desenganche silencioso
HH019484,Externalización activa
HH019485,Desenganche silencioso
HH019486,Desenganche silencioso
HH019487,Desenganche silencioso
HH019488,Desenganche silencioso
HH019489,Desenganche silencioso
HH019490,Desenganche silencioso
HH019491,Desenganche silencioso
HH019492,Salida con el banquero
HH019493,Desenganche silencioso
HH019494,Desenganche silencioso
HH019495,Desenganche silencioso
HH019496,Desenganche silencioso
HH019497,Desenganche silencioso
HH019498,Desenganche silencioso
HH019499,Desenganche silencioso
HH019500,Desenganche silencioso
HH019501,Desenganche silencioso
HH019502,Desenganche silencioso
HH019503,Desenganche silencioso
HH019504,Desenganche silencioso
HH019505,Desenganche silencioso
HH019506,Desenganche silencioso
HH019507,Desenganche silencioso
HH019508,Desenganche silencioso
HH019509,Desenganche silencioso
HH019510,Desenganche silencioso
HH019511,Desenganche silencioso
HH019512,Desenganche silencioso
HH019513,Externalización activa
HH019514,Desenganche silencioso
HH019515,Desenganche silencioso
HH019516,Desenganche silencioso
HH019517,Desenganche silencioso
HH019518,Desenganche silencioso
HH019519,Desenganche silencioso
HH019520,Desenganche silencioso
HH019521,Desenganche silencioso
HH019522,Desenganche silencioso
HH019523,Desenganche silencioso
HH019524,Desenganche silencioso
HH019525,Desenganche silencioso
HH019526,Salida con el banquero
HH019527,Desenganche silencioso
HH019528,Desenganche silencioso
HH019529,Salida con el banquero
HH019530,Desenganche silencioso
HH019531,Desenganche silencioso
HH019532,Desenganche silencioso
HH019533,Desenganche silencioso
HH019534,Desenganche silencioso
HH019535,Externalización activa
HH019536,Desenganche silencioso
HH019537,Desenganche silencioso
HH019538,Salida con el banquero
HH019539,Desenganche silencioso
HH019540,Desenganche silencioso
HH019541,Desenganche silencioso
HH019542,Desenganche silencioso
HH019543,Desenganche silencioso
HH019544,Desenganche silencioso
HH019545,Desenganche silencioso
HH019546,Salida con el banquero
HH019547,Salida con el banquero
HH019548,Desenganche silencioso
HH019549,Desenganche silencioso
HH019550,Salida con el banquero
HH019551,Desenganche silencioso
HH019552,Desenganche silencioso
HH019553,Desenganche silencioso
HH019554,Desenganche silencioso
HH019555,Desenganche silencioso
HH019556,Desenganche silencioso
HH019557,Desenganche silencioso
HH019558,Desenganche silencioso
HH019559,Externalización activa
HH019560,Desenganche silencioso
HH019561,Desenganche silencioso
HH019562,Desenganche silencioso
HH019563,Desenganche silencioso
HH019564,Externalización activa
HH019565,Desenganche silencioso
HH019566,Desenganche silencioso
HH019567,Desenganche silencioso
HH019568,Desenganche silencioso
HH019569,Desenganche silencioso
HH019570,Desenganche silencioso
HH019571,Desenganche silencioso
HH019572,Desenganche silencioso
HH019573,Desenganche silencioso
HH019574,Desenganche silencioso
HH019575,Externalización activa
HH019576,Desenganche silencioso
HH019577,Salida con el banquero
HH019578,Desenganche silencioso
HH019579,Desenganche silencioso
HH019580,Desenganche silencioso
HH019581,Desenganche silencioso
HH019582,Desenganche silencioso
HH019583,Externalización activa
HH019584,Externalización activa
HH019585,Desenganche silencioso
HH019586,Desenganche silencioso
HH019587,Desenganche silencioso
HH019588,Desenganche silencioso
HH019589,Desenganche silencioso
HH019590,Desenganche silencioso
HH019591,Desenganche silencioso
HH019592,Desenganche silencioso
HH019593,Salida con el banquero
HH019594,Desenganche silencioso
HH019595,Desenganche silencioso
HH019596,Desenganche silencioso
HH019597,Externalización activa
HH019598,Desenganche silencioso
HH019599,Desenganche silencioso
HH019600,Desenganche silencioso
HH019601,Desenganche silencioso
HH019602,Desenganche silencioso
HH019603,Desenganche silencioso
HH019604,Desenganche silencioso
HH019605,Desenganche silencioso
HH019606,Desenganche silencioso
HH019607,Desenganche silencioso
HH019608,Desenganche silencioso
HH019609,Desenganche silencioso
HH019610,Desenganche silencioso
HH019611,Desenganche silencioso
HH019612,Desenganche silencioso
HH019613,Salida con el banquero
HH019614,Desenganche silencioso
HH019615,Desenganche silencioso
HH019616,Desenganche silencioso
HH019617,Desenganche silencioso
HH019618,Desenganche silencioso
HH019619,Desenganche silencioso
HH019620,Desenganche silencioso
HH019621,Desenganche silencioso
HH019622,Desenganche silencioso
HH019623,Desenganche silencioso
HH019624,Desenganche silencioso
HH019625,Desenganche silencioso
HH019626,Desenganche silencioso
HH019627,Salida con el banquero
HH019628,Desenganche silencioso
HH019629,Desenganche silencioso
HH019630,Desenganche silencioso
HH019631,Desenganche silencioso
HH019632,Desenganche silencioso
HH019633,Salida con el banquero
HH019634,Salida con el banquero
HH019635,Externalización activa
HH019636,Desenganche silencioso
HH019637,Externalización activa
HH019638,Externalización activa
HH019639,Desenganche silencioso
HH019640,Desenganche silencioso
HH019641,Desenganche silencioso
HH019642,Desenganche silencioso
HH019643,Desenganche silencioso
HH019644,Desenganche silencioso
HH019645,Desenganche silencioso
HH019646,Desenganche silencioso
HH019647,Desenganche silencioso
HH019648,Desenganche silencioso
HH019649,Desenganche silencioso
HH019650,Externalización activa
HH019651,Desenganche silencioso
HH019652,Desenganche silencioso
HH019653,Desenganche silencioso
HH019654,Externalización activa
HH019655,Desenganche silencioso
HH019656,Desenganche silencioso
HH019657,Desenganche silencioso
HH019658,Desenganche silencioso
HH019659,Externalización activa
HH019660,Desenganche silencioso
HH019661,Desenganche silencioso
HH019662,Desenganche silencioso
HH019663,Desenganche silencioso
HH019664,Desenganche silencioso
HH019665,Desenganche silencioso
HH019666,Salida con el banquero
HH019667,Desenganche silencioso
HH019668,Externalización activa
HH019669,Desenganche silencioso
HH019670,Desenganche silencioso
HH019671,Desenganche silencioso
HH019672,Desenganche silencioso
HH019673,Desenganche silencioso
HH019674,Desenganche silencioso
HH019675,Desenganche silencioso
HH019676,Desenganche silencioso
HH019677,Salida con el banquero
HH019678,Desenganche silencioso
HH019679,Desenganche silencioso
HH019680,Salida con el banquero
HH019681,Salida con el banquero
HH019682,Desenganche silencioso
HH019683,Desenganche silencioso
HH019684,Desenganche silencioso
HH019685,Desenganche silencioso
HH019686,Externalización activa
HH019687,Desenganche silencioso
HH019688,Desenganche silencioso
HH019689,Desenganche silencioso
HH019690,Desenganche silencioso
HH019691,Desenganche silencioso
HH019692,Salida con el banquero
HH019693,Salida con el banquero
HH019694,Desenganche silencioso
HH019695,Desenganche silencioso
HH019696,Desenganche silencioso
HH019697,Desenganche silencioso
HH019698,Desenganche silencioso
HH019699,Externalización activa
HH019700,Desenganche silencioso
HH019701,Desenganche silencioso
HH019702,Desenganche silencioso
HH019703,Desenganche silencioso
HH019704,Desenganche silencioso
HH019705,Desenganche silencioso
HH019706,Desenganche silencioso
HH019707,Salida con el banquero
HH019708,Desenganche silencioso
HH019709,Desenganche silencioso
HH019710,Desenganche silencioso
HH019711,Desenganche silencioso
HH019712,Desenganche silencioso
HH019713,Desenganche silencioso
HH019714,Desenganche silencioso
HH019715,Desenganche silencioso
HH019716,Desenganche silencioso
HH019717,Desenganche silencioso
HH019718,Desenganche silencioso
HH019719,Desenganche silencioso
HH019720,Desenganche silencioso
HH019721,Desenganche silencioso
HH019722,Desenganche silencioso
HH019723,Desenganche silencioso
HH019724,Desenganche silencioso
HH019725,Salida con el banquero
HH019726,Desenganche silencioso
HH019727,Desenganche silencioso
HH019728,Desenganche silencioso
HH019729,Desenganche silencioso
HH019730,Desenganche silencioso
HH019731,Desenganche silencioso
HH019732,Salida con el banquero
HH019733,Salida con el banquero
HH019734,Desenganche silencioso
HH019735,Desenganche silencioso
HH019736,Desenganche silencioso
HH019737,Desenganche silencioso
HH019738,Salida con el banquero
HH019739,Desenganche silencioso
HH019740,Salida con el banquero
HH019741,Desenganche silencioso
HH019742,Desenganche silencioso
HH019743,Desenganche silencioso
HH019744,Desenganche silencioso
HH019745,Desenganche silencioso
HH019746,Desenganche silencioso
HH019747,Desenganche silencioso
HH019748,Desenganche silencioso
HH019749,Salida con el banquero
HH019750,Desenganche silencioso
HH019751,Desenganche silencioso
HH019752,Desenganche silencioso
HH019753,Desenganche silencioso
HH019754,Desenganche silencioso
HH019755,Desenganche silencioso
HH019756,Salida con el banquero
HH019757,Desenganche silencioso
HH019758,Desenganche silencioso
HH019759,Desenganche silencioso
HH019760,Desenganche silencioso
HH019761,Externalización activa
HH019762,Desenganche silencioso
HH019763,Salida con el banquero
HH019764,Desenganche silencioso
HH019765,Desenganche silencioso
HH019766,Desenganche silencioso
HH019767,Desenganche silencioso
HH019768,Desenganche silencioso
HH019769,Desenganche silencioso
HH019770,Desenganche silencioso
HH019771,Desenganche silencioso
HH019772,Desenganche silencioso
HH019773,Desenganche silencioso
HH019774,Desenganche silencioso
HH019775,Desenganche silencioso
HH019776,Desenganche silencioso
HH019777,Desenganche silencioso
HH019778,Desenganche silencioso
HH019779,Desenganche silencioso
HH019780,Desenganche silencioso
HH019781,Desenganche silencioso
HH019782,Salida con el banquero
HH019783,Desenganche silencioso
HH019784,Salida con el banquero
HH019785,Desenganche silencioso
HH019786,Desenganche silencioso
HH019787,Desenganche silencioso
HH019788,Desenganche silencioso
HH019789,Desenganche silencioso
HH019790,Desenganche silencioso
HH019791,Salida con el banquero
HH019792,Desenganche silencioso
HH019793,Desenganche silencioso
HH019794,Desenganche silencioso
HH019795,Desenganche silencioso
HH019796,Salida con el banquero
HH019797,Desenganche silencioso
HH019798,Salida con el banquero
HH019799,Desenganche silencioso
HH019800,Desenganche silencioso
HH019801,Desenganche silencioso
HH019802,Salida con el banquero
HH019803,Salida con el banquero
HH019804,Salida con el banquero
HH019805,Desenganche silencioso
HH019806,Desenganche silencioso
HH019807,Salida con el banquero
HH019808,Desenganche silencioso
HH019809,Desenganche silencioso
HH019810,Externalización activa
HH019811,Salida con el banquero
HH019812,Desenganche silencioso
HH019813,Externalización activa
HH019814,Desenganche silencioso
HH019815,Desenganche silencioso
HH019816,Desenganche silencioso
HH019817,Desenganche silencioso
HH019818,Desenganche silencioso
HH019819,Desenganche silencioso
HH019820,Salida con el banquero
HH019821,Desenganche silencioso
HH019822,Desenganche silencioso
HH019823,Desenganche silencioso
HH019824,Salida con el banquero
HH019825,Desenganche silencioso
HH019826,Desenganche silencioso
HH019827,Externalización activa
HH019828,Desenganche silencioso
HH019829,Salida con el banquero
HH019830,Externalización activa
HH019831,Desenganche silencioso
HH019832,Desenganche silencioso
HH019833,Desenganche silencioso
HH019834,Desenganche silencioso
HH019835,Desenganche silencioso
HH019836,Externalización activa
HH019837,Desenganche silencioso
HH019838,Desenganche silencioso
HH019839,Desenganche silencioso
HH019840,Desenganche silencioso
HH019841,Desenganche silencioso
HH019842,Desenganche silencioso
HH019843,Desenganche silencioso
HH019844,Externalización activa
HH019845,Desenganche silencioso
HH019846,Salida con el banquero
HH019847,Externalización activa
HH019848,Desenganche silencioso
HH019849,Desenganche silencioso
HH019850,Desenganche silencioso
HH019851,Desenganche silencioso
HH019852,Desenganche silencioso
HH019853,Desenganche silencioso
HH019854,Salida con el banquero
HH019855,Desenganche silencioso
HH019856,Salida con el banquero
HH019857,Desenganche silencioso
HH019858,Desenganche silencioso
HH019859,Desenganche silencioso
HH019860,Desenganche silencioso
HH019861,Desenganche silencioso
HH019862,Desenganche silencioso
HH019863,Desenganche silencioso
HH019864,Desenganche silencioso
HH019865,Desenganche silencioso
HH019866,Desenganche silencioso
HH019867,Desenganche silencioso
HH019868,Desenganche silencioso
HH019869,Desenganche silencioso
HH019870,Desenganche silencioso
HH019871,Desenganche silencioso
HH019872,Desenganche silencioso
HH019873,Desenganche silencioso
HH019874,Desenganche silencioso
HH019875,Salida con el banquero
HH019876,Desenganche silencioso
HH019877,Desenganche silencioso
HH019878,Salida con el banquero
HH019879,Desenganche silencioso
HH019880,Desenganche silencioso
HH019881,Desenganche silencioso
HH019882,Salida con el banquero
HH019883,Desenganche silencioso
HH019884,Desenganche silencioso
HH019885,Desenganche silencioso
HH019886,Salida con el banquero
HH019887,Salida con el banquero
HH019888,Desenganche silencioso
HH019889,Desenganche silencioso
HH019890,Desenganche silencioso
HH019891,Salida con el banquero
HH019892,Externalización activa
HH019893,Desenganche silencioso
HH019894,Desenganche silencioso
HH019895,Desenganche silencioso
HH019896,Desenganche silencioso
HH019897,Desenganche silencioso
HH019898,Desenganche silencioso
HH019899,Desenganche silencioso
HH019900,Desenganche silencioso
HH019901,Desenganche silencioso
HH019902,Salida con el banquero
HH019903,Desenganche silencioso
HH019904,Salida con el banquero
HH019905,Desenganche silencioso
HH019906,Desenganche silencioso
HH019907,Desenganche silencioso
HH019908,Desenganche silencioso
HH019909,Desenganche silencioso
HH019910,Salida con el banquero
HH019911,Desenganche silencioso
HH019912,Desenganche silencioso
HH019913,Desenganche silencioso
HH019914,Salida con el banquero
HH019915,Desenganche silencioso
HH019916,Salida con el banquero
HH019917,Desenganche silencioso
HH019918,Desenganche silencioso
HH019919,Desenganche silencioso
HH019920,Desenganche silencioso
HH019921,Desenganche silencioso
HH019922,Salida con el banquero
HH019923,Desenganche silencioso
HH019924,Desenganche silencioso
HH019925,Desenganche silencioso
HH019926,Desenganche silencioso
HH019927,Desenganche silencioso
HH019928,Desenganche silencioso
HH019929,Salida con el banquero
HH019930,Externalización activa
HH019931,Desenganche silencioso
HH019932,Desenganche silencioso
HH019933,Desenganche silencioso
HH019934,Desenganche silencioso
HH019935,Desenganche silencioso
HH019936,Desenganche silencioso
HH019937,Desenganche silencioso
HH019938,Desenganche silencioso
HH019939,Desenganche silencioso
HH019940,Desenganche silencioso
HH019941,Desenganche silencioso
HH019942,Desenganche silencioso
HH019943,Desenganche silencioso
HH019944,Desenganche silencioso
HH019945,Desenganche silencioso
HH019946,Desenganche silencioso
HH019947,Desenganche silencioso
HH019948,Salida con el banquero
HH019949,Desenganche silencioso
HH019950,Desenganche silencioso
HH019951,Desenganche silencioso
HH019952,Desenganche silencioso
HH019953,Desenganche silencioso
HH019954,Desenganche silencioso
HH019955,Salida con el banquero
HH019956,Desenganche silencioso
HH019957,Salida con el banquero
HH019958,Externalización activa
HH019959,Salida con el banquero
HH019960,Desenganche silencioso
HH019961,Desenganche silencioso
HH019962,Desenganche silencioso
HH019963,Desenganche silencioso
HH019964,Desenganche silencioso
HH019965,Desenganche silencioso
HH019966,Externalización activa
HH019967,Desenganche silencioso
HH019968,Desenganche silencioso
HH019969,Salida con el banquero
HH019970,Desenganche silencioso
HH019971,Desenganche silencioso
HH019972,Desenganche silencioso
HH019973,Desenganche silencioso
HH019974,Desenganche silencioso
HH019975,Desenganche silencioso
HH019976,Desenganche silencioso
HH019977,Desenganche silencioso
HH019978,Salida con el banquero
HH019979,Salida con el banquero
HH019980,Desenganche silencioso
HH019981,Externalización activa
HH019982,Desenganche silencioso
HH019983,Externalización activa
HH019984,Desenganche silencioso
HH019985,Desenganche silencioso
HH019986,Desenganche silencioso
HH019987,Externalización activa
HH019988,Desenganche silencioso
HH019989,Salida con el banquero
HH019990,Desenganche silencioso
HH019991,Salida con el banquero
HH019992,Desenganche silencioso
HH019993,Desenganche silencioso
HH019994,Desenganche silencioso
HH019995,Desenganche silencioso
HH019996,Desenganche silencioso
HH019997,Desenganche silencioso
HH019998,Desenganche silencioso
HH019999,Desenganche silencioso
HH020000,Desenganche silencioso
