household_id,segment,hard_churn_6m,muestra,cv_r1,cv_r2,cv_r3,cv_r4,cv_r5
HH000001,HNW,0.0,desarrollo,1,3,1,3,1
HH000002,HNW,0.0,holdout,,,,,
HH000003,HNW,0.0,holdout,,,,,
HH000004,HNW,0.0,desarrollo,4,2,1,1,1
HH000005,HNW,0.0,desarrollo,0,4,2,3,1
HH000006,HNW,0.0,desarrollo,2,0,4,4,4
HH000007,HNW,0.0,holdout,,,,,
HH000008,HNW,1.0,desarrollo,4,0,3,3,2
HH000009,HNW,0.0,holdout,,,,,
HH000010,HNW,1.0,holdout,,,,,
HH000011,HNW,0.0,desarrollo,1,2,1,0,2
HH000012,HNW,0.0,holdout,,,,,
HH000013,HNW,0.0,desarrollo,0,4,0,0,2
HH000014,HNW,1.0,desarrollo,3,3,4,4,1
HH000015,HNW,0.0,holdout,,,,,
HH000016,HNW,0.0,desarrollo,3,2,4,1,3
HH000017,HNW,0.0,holdout,,,,,
HH000018,HNW,0.0,desarrollo,0,4,0,3,2
HH000019,HNW,0.0,desarrollo,2,1,0,0,0
HH000020,HNW,0.0,holdout,,,,,
HH000021,HNW,0.0,desarrollo,4,0,2,2,4
HH000022,HNW,0.0,holdout,,,,,
HH000023,HNW,0.0,desarrollo,4,2,4,0,4
HH000024,HNW,0.0,desarrollo,4,2,4,1,4
HH000025,HNW,0.0,holdout,,,,,
HH000026,HNW,0.0,holdout,,,,,
HH000027,HNW,0.0,desarrollo,0,4,4,0,3
HH000028,HNW,0.0,holdout,,,,,
HH000029,HNW,0.0,holdout,,,,,
HH000030,HNW,0.0,desarrollo,4,3,4,0,0
HH000031,HNW,0.0,desarrollo,2,0,0,3,4
HH000032,HNW,0.0,desarrollo,3,1,3,2,1
HH000033,HNW,0.0,desarrollo,3,1,1,3,1
HH000034,HNW,0.0,desarrollo,2,4,1,0,4
HH000035,HNW,1.0,desarrollo,1,0,4,1,4
HH000036,HNW,0.0,desarrollo,3,4,2,0,1
HH000037,HNW,0.0,desarrollo,4,0,3,0,2
HH000038,HNW,0.0,desarrollo,1,0,4,2,1
HH000039,UHNW,0.0,desarrollo,2,1,4,4,1
HH000040,HNW,0.0,desarrollo,2,2,1,0,0
HH000041,HNW,0.0,desarrollo,4,3,0,1,4
HH000042,HNW,0.0,desarrollo,1,3,0,4,0
HH000043,HNW,0.0,desarrollo,2,2,2,3,1
HH000044,HNW,0.0,holdout,,,,,
HH000045,HNW,0.0,desarrollo,2,1,1,3,1
HH000046,HNW,0.0,holdout,,,,,
HH000047,HNW,0.0,desarrollo,1,3,3,1,2
HH000048,HNW,0.0,desarrollo,0,1,0,2,4
HH000049,HNW,0.0,desarrollo,4,3,3,4,3
HH000050,UHNW,0.0,desarrollo,0,1,4,0,3
HH000051,HNW,0.0,desarrollo,3,0,4,4,3
HH000052,HNW,0.0,desarrollo,4,3,2,2,2
HH000053,HNW,0.0,desarrollo,2,2,0,4,2
HH000054,HNW,0.0,desarrollo,1,2,0,1,2
HH000055,HNW,0.0,desarrollo,1,4,1,4,4
HH000056,HNW,0.0,holdout,,,,,
HH000057,UHNW,0.0,holdout,,,,,
HH000058,HNW,0.0,desarrollo,4,3,1,3,3
HH000059,HNW,0.0,desarrollo,4,3,3,1,1
HH000060,HNW,0.0,desarrollo,2,2,4,2,4
HH000061,UHNW,0.0,desarrollo,0,3,0,0,1
HH000062,HNW,0.0,holdout,,,,,
HH000063,HNW,0.0,desarrollo,3,3,3,1,1
HH000064,HNW,0.0,holdout,,,,,
HH000065,HNW,0.0,desarrollo,2,0,1,2,4
HH000066,HNW,0.0,desarrollo,1,4,1,2,2
HH000067,HNW,0.0,desarrollo,2,2,2,1,3
HH000068,HNW,0.0,desarrollo,3,0,1,0,2
HH000069,HNW,0.0,holdout,,,,,
HH000070,HNW,0.0,desarrollo,2,4,3,3,4
HH000071,HNW,0.0,holdout,,,,,
HH000072,HNW,1.0,desarrollo,3,3,3,4,1
HH000073,HNW,0.0,desarrollo,0,4,0,2,2
HH000074,HNW,0.0,desarrollo,4,4,1,2,1
HH000075,HNW,0.0,desarrollo,4,0,4,3,2
HH000076,HNW,0.0,desarrollo,3,4,0,0,1
HH000077,HNW,1.0,desarrollo,4,0,2,3,0
HH000078,HNW,1.0,desarrollo,1,0,2,2,2
HH000079,HNW,0.0,holdout,,,,,
HH000080,HNW,0.0,desarrollo,3,1,2,3,1
HH000081,UHNW,0.0,desarrollo,4,3,2,0,1
HH000082,HNW,0.0,desarrollo,2,3,2,4,2
HH000083,HNW,0.0,desarrollo,3,3,4,0,4
HH000084,HNW,0.0,desarrollo,3,3,0,0,1
HH000085,HNW,0.0,holdout,,,,,
HH000086,HNW,0.0,desarrollo,2,3,4,2,1
HH000087,HNW,0.0,desarrollo,3,1,3,4,4
HH000088,HNW,0.0,desarrollo,0,2,3,2,3
HH000089,HNW,0.0,desarrollo,0,3,1,0,0
HH000090,HNW,0.0,holdout,,,,,
HH000091,HNW,1.0,holdout,,,,,
HH000092,HNW,0.0,holdout,,,,,
HH000093,HNW,0.0,desarrollo,2,1,2,3,3
HH000094,HNW,0.0,desarrollo,3,0,4,1,1
HH000095,HNW,0.0,desarrollo,1,2,3,3,0
HH000096,HNW,0.0,holdout,,,,,
HH000097,HNW,0.0,desarrollo,0,0,1,2,2
HH000098,HNW,0.0,desarrollo,1,4,0,4,3
HH000099,HNW,0.0,desarrollo,3,4,1,2,2
HH000100,HNW,0.0,holdout,,,,,
HH000101,HNW,0.0,desarrollo,1,0,2,2,3
HH000102,HNW,0.0,desarrollo,1,1,1,3,0
HH000103,HNW,0.0,holdout,,,,,
HH000104,HNW,0.0,desarrollo,3,0,0,1,4
HH000105,HNW,0.0,desarrollo,4,3,0,0,1
HH000106,HNW,0.0,desarrollo,3,3,0,3,2
HH000107,HNW,0.0,desarrollo,0,4,1,1,3
HH000108,HNW,0.0,desarrollo,2,0,0,3,2
HH000109,HNW,0.0,desarrollo,0,4,4,0,0
HH000110,HNW,0.0,desarrollo,2,4,3,2,2
HH000111,HNW,0.0,holdout,,,,,
HH000112,HNW,0.0,desarrollo,1,4,0,0,3
HH000113,HNW,0.0,desarrollo,4,0,4,2,3
HH000114,HNW,0.0,desarrollo,1,0,2,3,3
HH000115,HNW,0.0,desarrollo,4,3,1,0,2
HH000116,HNW,0.0,desarrollo,2,2,1,0,1
HH000117,HNW,1.0,desarrollo,2,1,4,1,1
HH000118,HNW,0.0,desarrollo,3,1,3,4,0
HH000119,HNW,0.0,desarrollo,0,4,3,0,3
HH000120,HNW,0.0,holdout,,,,,
HH000121,HNW,0.0,desarrollo,0,3,4,4,3
HH000122,HNW,0.0,desarrollo,2,0,1,3,0
HH000123,HNW,0.0,desarrollo,2,2,1,1,3
HH000124,UHNW,0.0,holdout,,,,,
HH000125,HNW,0.0,desarrollo,2,3,4,1,0
HH000126,HNW,0.0,desarrollo,1,1,3,1,3
HH000127,HNW,0.0,desarrollo,2,3,3,2,2
HH000128,HNW,0.0,holdout,,,,,
HH000129,HNW,0.0,desarrollo,3,1,4,2,2
HH000130,HNW,0.0,desarrollo,3,2,0,4,3
HH000131,HNW,0.0,holdout,,,,,
HH000132,HNW,0.0,holdout,,,,,
HH000133,HNW,0.0,holdout,,,,,
HH000134,HNW,0.0,desarrollo,2,3,2,0,2
HH000135,HNW,0.0,desarrollo,3,2,4,3,1
HH000136,HNW,0.0,desarrollo,0,2,4,3,0
HH000137,HNW,0.0,desarrollo,3,3,0,1,3
HH000138,HNW,0.0,desarrollo,2,2,2,1,2
HH000139,HNW,0.0,desarrollo,2,4,4,3,1
HH000140,HNW,0.0,desarrollo,3,2,1,2,3
HH000141,HNW,1.0,desarrollo,0,0,1,2,3
HH000142,HNW,0.0,holdout,,,,,
HH000143,HNW,0.0,holdout,,,,,
HH000144,HNW,0.0,desarrollo,3,0,1,3,3
HH000145,HNW,0.0,desarrollo,0,3,3,3,4
HH000146,HNW,0.0,desarrollo,0,2,3,3,1
HH000147,HNW,0.0,desarrollo,3,0,1,1,0
HH000148,HNW,0.0,desarrollo,4,2,1,3,0
HH000149,HNW,0.0,desarrollo,4,1,2,4,4
HH000150,HNW,0.0,desarrollo,4,3,2,2,1
HH000151,HNW,0.0,desarrollo,3,3,2,0,0
HH000152,HNW,0.0,desarrollo,3,0,3,1,1
HH000153,HNW,0.0,holdout,,,,,
HH000154,HNW,0.0,desarrollo,2,0,1,3,1
HH000155,HNW,0.0,holdout,,,,,
HH000156,HNW,0.0,holdout,,,,,
HH000157,HNW,0.0,holdout,,,,,
HH000158,HNW,0.0,holdout,,,,,
HH000159,HNW,0.0,desarrollo,1,2,3,1,1
HH000160,HNW,1.0,desarrollo,3,3,0,1,3
HH000161,HNW,0.0,desarrollo,2,1,0,1,1
HH000162,HNW,0.0,desarrollo,3,2,4,3,2
HH000163,HNW,0.0,holdout,,,,,
HH000164,HNW,0.0,holdout,,,,,
HH000165,HNW,0.0,holdout,,,,,
HH000166,HNW,0.0,holdout,,,,,
HH000167,HNW,0.0,desarrollo,2,0,4,2,3
HH000168,HNW,0.0,desarrollo,1,3,2,3,0
HH000169,HNW,0.0,desarrollo,2,2,3,4,2
HH000170,HNW,0.0,holdout,,,,,
HH000171,HNW,0.0,holdout,,,,,
HH000172,HNW,0.0,desarrollo,4,3,1,4,3
HH000173,HNW,0.0,holdout,,,,,
HH000174,HNW,0.0,desarrollo,3,4,0,3,2
HH000175,HNW,1.0,desarrollo,0,1,0,1,3
HH000176,HNW,0.0,desarrollo,2,0,1,3,1
HH000177,HNW,0.0,holdout,,,,,
HH000178,HNW,0.0,holdout,,,,,
HH000179,HNW,0.0,holdout,,,,,
HH000180,HNW,0.0,holdout,,,,,
HH000181,UHNW,0.0,desarrollo,3,0,0,1,2
HH000182,HNW,1.0,desarrollo,1,2,3,4,0
HH000183,HNW,0.0,holdout,,,,,
HH000184,HNW,0.0,holdout,,,,,
HH000185,HNW,0.0,desarrollo,2,2,1,2,3
HH000186,HNW,0.0,holdout,,,,,
HH000187,HNW,0.0,holdout,,,,,
HH000188,HNW,0.0,desarrollo,3,2,4,1,3
HH000189,HNW,0.0,desarrollo,1,3,4,3,3
HH000190,HNW,0.0,desarrollo,1,3,2,4,0
HH000191,HNW,0.0,desarrollo,2,2,0,0,1
HH000192,UHNW,0.0,desarrollo,2,4,0,0,2
HH000193,HNW,,excluido,,,,,
HH000194,HNW,0.0,desarrollo,1,0,2,4,2
HH000195,HNW,0.0,desarrollo,4,0,3,3,1
HH000196,HNW,0.0,desarrollo,4,1,0,3,1
HH000197,HNW,0.0,holdout,,,,,
HH000198,HNW,0.0,desarrollo,2,0,4,3,1
HH000199,HNW,0.0,desarrollo,1,3,3,1,0
HH000200,HNW,0.0,desarrollo,0,1,1,3,2
HH000201,HNW,0.0,desarrollo,4,4,1,2,3
HH000202,HNW,0.0,desarrollo,3,3,1,3,4
HH000203,HNW,0.0,desarrollo,3,2,3,1,0
HH000204,HNW,0.0,desarrollo,2,2,0,0,4
HH000205,UHNW,0.0,desarrollo,1,3,2,4,3
HH000206,HNW,0.0,holdout,,,,,
HH000207,HNW,1.0,desarrollo,1,1,4,1,3
HH000208,HNW,0.0,desarrollo,1,4,1,4,4
HH000209,HNW,0.0,desarrollo,4,3,1,3,3
HH000210,HNW,0.0,desarrollo,0,4,0,0,0
HH000211,HNW,0.0,desarrollo,2,3,4,1,2
HH000212,HNW,0.0,holdout,,,,,
HH000213,HNW,0.0,desarrollo,0,1,0,3,4
HH000214,HNW,1.0,desarrollo,4,4,0,4,2
HH000215,HNW,0.0,holdout,,,,,
HH000216,HNW,0.0,holdout,,,,,
HH000217,HNW,0.0,holdout,,,,,
HH000218,HNW,0.0,holdout,,,,,
HH000219,HNW,0.0,holdout,,,,,
HH000220,HNW,0.0,desarrollo,4,1,2,1,4
HH000221,HNW,0.0,holdout,,,,,
HH000222,HNW,0.0,desarrollo,4,1,2,0,3
HH000223,HNW,0.0,holdout,,,,,
HH000224,HNW,0.0,desarrollo,2,0,4,0,0
HH000225,HNW,1.0,desarrollo,1,0,2,1,3
HH000226,HNW,0.0,desarrollo,3,1,3,2,1
HH000227,HNW,0.0,desarrollo,1,1,1,4,1
HH000228,HNW,0.0,holdout,,,,,
HH000229,HNW,0.0,holdout,,,,,
HH000230,HNW,0.0,holdout,,,,,
HH000231,HNW,0.0,holdout,,,,,
HH000232,HNW,0.0,holdout,,,,,
HH000233,UHNW,0.0,desarrollo,2,2,3,0,4
HH000234,HNW,0.0,holdout,,,,,
HH000235,HNW,0.0,holdout,,,,,
HH000236,HNW,0.0,desarrollo,1,1,2,2,2
HH000237,HNW,0.0,desarrollo,4,2,3,0,1
HH000238,UHNW,0.0,desarrollo,4,0,1,2,4
HH000239,HNW,0.0,desarrollo,3,4,4,1,2
HH000240,HNW,0.0,desarrollo,1,4,3,0,3
HH000241,HNW,0.0,desarrollo,4,2,3,1,3
HH000242,HNW,1.0,holdout,,,,,
HH000243,HNW,0.0,holdout,,,,,
HH000244,HNW,0.0,desarrollo,0,1,4,1,4
HH000245,HNW,0.0,holdout,,,,,
HH000246,HNW,0.0,desarrollo,3,1,2,2,0
HH000247,HNW,0.0,desarrollo,2,1,3,3,4
HH000248,UHNW,0.0,desarrollo,1,3,2,3,3
HH000249,HNW,0.0,desarrollo,2,1,3,0,1
HH000250,HNW,0.0,desarrollo,3,4,1,0,2
HH000251,HNW,0.0,desarrollo,3,4,2,3,1
HH000252,HNW,0.0,desarrollo,0,3,2,1,3
HH000253,HNW,0.0,desarrollo,4,1,2,4,3
HH000254,HNW,0.0,desarrollo,1,3,4,3,3
HH000255,HNW,0.0,desarrollo,4,2,4,1,1
HH000256,HNW,0.0,desarrollo,4,1,2,1,3
HH000257,HNW,0.0,holdout,,,,,
HH000258,HNW,0.0,desarrollo,4,0,1,0,4
HH000259,HNW,0.0,desarrollo,3,3,1,2,4
HH000260,HNW,0.0,desarrollo,2,4,0,3,2
HH000261,HNW,0.0,desarrollo,0,3,1,1,3
HH000262,HNW,0.0,desarrollo,0,4,3,3,0
HH000263,HNW,0.0,holdout,,,,,
HH000264,HNW,0.0,desarrollo,1,0,1,2,1
HH000265,HNW,0.0,holdout,,,,,
HH000266,HNW,0.0,holdout,,,,,
HH000267,HNW,0.0,holdout,,,,,
HH000268,HNW,0.0,desarrollo,0,2,1,2,2
HH000269,HNW,0.0,holdout,,,,,
HH000270,HNW,0.0,desarrollo,3,0,0,3,2
HH000271,HNW,0.0,desarrollo,2,3,0,0,0
HH000272,HNW,0.0,holdout,,,,,
HH000273,HNW,0.0,desarrollo,4,0,3,2,4
HH000274,HNW,0.0,desarrollo,1,0,3,1,0
HH000275,HNW,0.0,desarrollo,3,3,4,0,4
HH000276,HNW,0.0,desarrollo,3,4,0,0,0
HH000277,HNW,0.0,desarrollo,4,0,1,2,2
HH000278,HNW,,excluido,,,,,
HH000279,HNW,1.0,holdout,,,,,
HH000280,HNW,0.0,desarrollo,1,0,1,4,1
HH000281,HNW,0.0,desarrollo,3,2,4,3,3
HH000282,HNW,0.0,holdout,,,,,
HH000283,HNW,0.0,desarrollo,1,3,4,0,1
HH000284,HNW,0.0,desarrollo,0,3,3,3,3
HH000285,HNW,0.0,desarrollo,0,0,1,1,1
HH000286,UHNW,0.0,desarrollo,1,1,1,2,2
HH000287,HNW,0.0,desarrollo,2,1,0,0,4
HH000288,HNW,0.0,desarrollo,1,2,1,3,1
HH000289,HNW,0.0,desarrollo,1,0,4,1,4
HH000290,HNW,0.0,desarrollo,4,2,4,3,0
HH000291,HNW,0.0,desarrollo,3,2,4,1,4
HH000292,HNW,,excluido,,,,,
HH000293,HNW,0.0,holdout,,,,,
HH000294,HNW,0.0,desarrollo,4,2,1,1,1
HH000295,HNW,0.0,desarrollo,4,4,0,1,3
HH000296,HNW,0.0,desarrollo,4,0,1,1,0
HH000297,HNW,0.0,desarrollo,0,1,3,1,4
HH000298,HNW,0.0,desarrollo,4,4,3,1,4
HH000299,HNW,0.0,holdout,,,,,
HH000300,HNW,0.0,desarrollo,4,0,4,2,3
HH000301,HNW,1.0,holdout,,,,,
HH000302,HNW,0.0,desarrollo,1,3,3,4,0
HH000303,HNW,0.0,desarrollo,4,1,2,4,3
HH000304,UHNW,0.0,desarrollo,0,2,0,3,3
HH000305,HNW,0.0,desarrollo,1,0,0,0,3
HH000306,HNW,1.0,desarrollo,1,1,3,3,4
HH000307,HNW,0.0,holdout,,,,,
HH000308,HNW,0.0,holdout,,,,,
HH000309,HNW,0.0,holdout,,,,,
HH000310,HNW,0.0,desarrollo,2,1,3,4,3
HH000311,HNW,0.0,desarrollo,0,0,1,4,2
HH000312,HNW,0.0,desarrollo,2,2,4,4,0
HH000313,HNW,0.0,desarrollo,3,4,1,3,3
HH000314,HNW,0.0,holdout,,,,,
HH000315,HNW,0.0,holdout,,,,,
HH000316,HNW,0.0,holdout,,,,,
HH000317,HNW,0.0,desarrollo,3,0,4,3,1
HH000318,HNW,1.0,desarrollo,3,1,4,4,1
HH000319,HNW,0.0,desarrollo,0,3,1,1,4
HH000320,HNW,0.0,holdout,,,,,
HH000321,HNW,0.0,holdout,,,,,
HH000322,HNW,0.0,desarrollo,0,2,1,0,4
HH000323,HNW,0.0,desarrollo,3,1,2,2,2
HH000324,HNW,0.0,holdout,,,,,
HH000325,HNW,1.0,desarrollo,1,4,1,0,3
HH000326,HNW,0.0,desarrollo,2,2,1,2,2
HH000327,HNW,0.0,desarrollo,1,0,3,2,0
HH000328,HNW,0.0,desarrollo,4,2,1,0,2
HH000329,HNW,0.0,holdout,,,,,
HH000330,HNW,0.0,desarrollo,1,4,0,4,3
HH000331,HNW,0.0,desarrollo,0,4,4,4,4
HH000332,HNW,0.0,desarrollo,0,3,3,3,4
HH000333,HNW,0.0,desarrollo,3,1,3,1,1
HH000334,HNW,0.0,holdout,,,,,
HH000335,HNW,0.0,desarrollo,2,0,1,3,4
HH000336,UHNW,1.0,desarrollo,0,3,2,3,4
HH000337,HNW,0.0,desarrollo,3,0,4,2,2
HH000338,UHNW,0.0,desarrollo,0,3,0,4,3
HH000339,HNW,0.0,desarrollo,1,0,0,3,4
HH000340,HNW,1.0,desarrollo,3,4,1,0,1
HH000341,UHNW,0.0,desarrollo,3,0,1,3,4
HH000342,HNW,0.0,desarrollo,0,1,2,3,2
HH000343,HNW,0.0,desarrollo,4,3,0,3,2
HH000344,HNW,0.0,desarrollo,0,1,4,1,4
HH000345,HNW,0.0,holdout,,,,,
HH000346,HNW,0.0,holdout,,,,,
HH000347,HNW,0.0,desarrollo,2,4,2,2,1
HH000348,HNW,0.0,desarrollo,2,4,4,2,4
HH000349,HNW,0.0,desarrollo,2,3,4,4,1
HH000350,HNW,0.0,holdout,,,,,
HH000351,HNW,0.0,desarrollo,2,4,3,4,4
HH000352,HNW,0.0,desarrollo,4,4,4,0,1
HH000353,HNW,0.0,desarrollo,3,1,4,2,3
HH000354,HNW,0.0,desarrollo,4,4,2,0,1
HH000355,HNW,0.0,desarrollo,2,1,1,0,0
HH000356,HNW,0.0,desarrollo,0,4,4,2,1
HH000357,HNW,0.0,desarrollo,3,4,1,2,4
HH000358,HNW,0.0,desarrollo,0,3,1,0,0
HH000359,HNW,0.0,desarrollo,0,1,2,3,4
HH000360,HNW,0.0,desarrollo,0,3,4,3,2
HH000361,HNW,0.0,desarrollo,2,4,1,3,2
HH000362,HNW,0.0,desarrollo,1,3,4,3,2
HH000363,HNW,1.0,desarrollo,4,3,3,4,4
HH000364,HNW,0.0,desarrollo,4,1,1,1,4
HH000365,HNW,0.0,desarrollo,4,0,4,1,2
HH000366,HNW,0.0,desarrollo,4,2,2,4,1
HH000367,HNW,0.0,desarrollo,3,4,0,3,1
HH000368,HNW,0.0,desarrollo,3,0,1,0,2
HH000369,UHNW,0.0,desarrollo,4,3,1,0,1
HH000370,HNW,0.0,desarrollo,0,4,0,4,0
HH000371,HNW,0.0,desarrollo,4,2,2,1,4
HH000372,HNW,0.0,desarrollo,4,2,3,2,0
HH000373,HNW,0.0,desarrollo,3,0,2,1,3
HH000374,HNW,1.0,desarrollo,0,3,1,3,1
HH000375,HNW,0.0,desarrollo,0,3,2,4,2
HH000376,HNW,0.0,desarrollo,2,1,2,1,0
HH000377,HNW,0.0,desarrollo,4,4,4,4,4
HH000378,HNW,0.0,holdout,,,,,
HH000379,HNW,0.0,desarrollo,3,3,2,4,4
HH000380,HNW,0.0,desarrollo,4,3,1,3,0
HH000381,HNW,0.0,desarrollo,3,3,3,3,1
HH000382,HNW,0.0,desarrollo,0,2,1,4,1
HH000383,HNW,0.0,desarrollo,0,4,4,2,3
HH000384,HNW,0.0,desarrollo,0,3,2,3,0
HH000385,HNW,0.0,holdout,,,,,
HH000386,HNW,0.0,desarrollo,4,4,4,2,4
HH000387,HNW,0.0,holdout,,,,,
HH000388,HNW,0.0,desarrollo,0,4,4,0,1
HH000389,HNW,0.0,holdout,,,,,
HH000390,HNW,0.0,desarrollo,4,2,3,4,0
HH000391,HNW,0.0,desarrollo,3,3,4,0,0
HH000392,HNW,0.0,desarrollo,0,3,3,0,0
HH000393,HNW,0.0,desarrollo,2,3,0,3,4
HH000394,HNW,0.0,desarrollo,0,0,3,3,2
HH000395,HNW,0.0,desarrollo,2,0,2,3,4
HH000396,UHNW,0.0,holdout,,,,,
HH000397,HNW,0.0,desarrollo,2,2,2,2,3
HH000398,HNW,0.0,desarrollo,3,4,3,1,0
HH000399,HNW,0.0,desarrollo,4,4,2,0,0
HH000400,HNW,0.0,holdout,,,,,
HH000401,HNW,0.0,desarrollo,3,0,1,2,0
HH000402,HNW,1.0,desarrollo,2,4,3,3,4
HH000403,HNW,0.0,desarrollo,1,4,1,0,1
HH000404,HNW,1.0,desarrollo,1,2,4,1,0
HH000405,HNW,0.0,desarrollo,4,0,0,4,4
HH000406,HNW,0.0,desarrollo,0,3,1,3,0
HH000407,HNW,0.0,desarrollo,3,2,1,3,0
HH000408,HNW,0.0,holdout,,,,,
HH000409,HNW,0.0,holdout,,,,,
HH000410,HNW,0.0,desarrollo,0,3,0,2,2
HH000411,HNW,0.0,desarrollo,1,0,1,2,0
HH000412,HNW,0.0,holdout,,,,,
HH000413,HNW,0.0,desarrollo,3,1,1,4,0
HH000414,HNW,1.0,holdout,,,,,
HH000415,HNW,0.0,holdout,,,,,
HH000416,HNW,0.0,holdout,,,,,
HH000417,HNW,0.0,desarrollo,2,0,0,2,2
HH000418,HNW,0.0,desarrollo,1,3,1,0,4
HH000419,HNW,1.0,desarrollo,2,1,2,2,0
HH000420,HNW,0.0,desarrollo,0,0,0,3,2
HH000421,HNW,0.0,holdout,,,,,
HH000422,HNW,0.0,holdout,,,,,
HH000423,HNW,0.0,desarrollo,0,0,3,3,1
HH000424,HNW,0.0,desarrollo,3,0,3,4,3
HH000425,HNW,0.0,desarrollo,2,0,2,3,1
HH000426,HNW,0.0,holdout,,,,,
HH000427,HNW,0.0,desarrollo,2,3,3,1,2
HH000428,HNW,0.0,desarrollo,1,3,2,1,4
HH000429,HNW,0.0,desarrollo,0,2,2,4,4
HH000430,HNW,0.0,desarrollo,4,4,1,1,0
HH000431,HNW,0.0,desarrollo,1,1,0,2,3
HH000432,HNW,1.0,desarrollo,0,0,1,3,1
HH000433,HNW,0.0,desarrollo,4,0,2,4,1
HH000434,HNW,0.0,desarrollo,4,4,3,3,2
HH000435,HNW,0.0,holdout,,,,,
HH000436,HNW,0.0,holdout,,,,,
HH000437,HNW,0.0,holdout,,,,,
HH000438,HNW,0.0,desarrollo,4,4,3,0,1
HH000439,HNW,0.0,holdout,,,,,
HH000440,HNW,0.0,desarrollo,4,3,0,0,3
HH000441,HNW,0.0,desarrollo,0,2,2,1,4
HH000442,HNW,1.0,desarrollo,1,3,1,0,0
HH000443,HNW,0.0,holdout,,,,,
HH000444,UHNW,0.0,desarrollo,3,3,2,0,4
HH000445,HNW,0.0,desarrollo,3,3,2,1,0
HH000446,HNW,0.0,holdout,,,,,
HH000447,HNW,0.0,holdout,,,,,
HH000448,HNW,0.0,desarrollo,2,1,1,3,3
HH000449,HNW,0.0,desarrollo,1,4,1,4,3
HH000450,HNW,0.0,desarrollo,1,1,0,1,2
HH000451,HNW,0.0,desarrollo,1,3,4,1,4
HH000452,HNW,0.0,desarrollo,4,4,2,0,1
HH000453,HNW,0.0,desarrollo,2,4,4,4,0
HH000454,HNW,0.0,desarrollo,2,1,3,3,3
HH000455,UHNW,0.0,desarrollo,1,4,2,4,4
HH000456,HNW,0.0,desarrollo,0,3,0,4,1
HH000457,HNW,0.0,desarrollo,2,0,4,2,3
HH000458,HNW,0.0,desarrollo,0,3,4,4,2
HH000459,HNW,0.0,desarrollo,2,1,2,0,4
HH000460,HNW,0.0,holdout,,,,,
HH000461,HNW,0.0,holdout,,,,,
HH000462,HNW,0.0,holdout,,,,,
HH000463,HNW,0.0,desarrollo,1,3,0,4,1
HH000464,UHNW,0.0,holdout,,,,,
HH000465,HNW,1.0,holdout,,,,,
HH000466,HNW,0.0,desarrollo,2,0,1,0,1
HH000467,HNW,0.0,desarrollo,0,1,4,2,1
HH000468,HNW,1.0,desarrollo,1,0,3,1,1
HH000469,HNW,0.0,desarrollo,2,2,0,3,1
HH000470,HNW,0.0,desarrollo,0,1,4,2,3
HH000471,HNW,0.0,holdout,,,,,
HH000472,HNW,0.0,desarrollo,3,4,3,1,2
HH000473,HNW,,excluido,,,,,
HH000474,HNW,0.0,desarrollo,0,2,1,4,0
HH000475,HNW,0.0,desarrollo,1,3,0,4,2
HH000476,HNW,0.0,desarrollo,4,2,0,1,1
HH000477,HNW,0.0,holdout,,,,,
HH000478,UHNW,0.0,holdout,,,,,
HH000479,HNW,0.0,desarrollo,3,3,4,2,2
HH000480,HNW,0.0,holdout,,,,,
HH000481,HNW,0.0,desarrollo,2,2,4,4,0
HH000482,HNW,0.0,desarrollo,0,0,2,4,4
HH000483,HNW,0.0,desarrollo,0,3,3,1,2
HH000484,HNW,0.0,holdout,,,,,
HH000485,HNW,0.0,desarrollo,1,1,1,4,1
HH000486,HNW,0.0,desarrollo,2,3,0,0,2
HH000487,HNW,1.0,desarrollo,4,3,2,1,1
HH000488,HNW,0.0,desarrollo,2,2,2,0,3
HH000489,HNW,0.0,desarrollo,4,4,0,0,4
HH000490,HNW,0.0,desarrollo,2,0,3,3,0
HH000491,HNW,,excluido,,,,,
HH000492,HNW,0.0,desarrollo,2,0,0,3,3
HH000493,HNW,0.0,desarrollo,3,4,2,3,2
HH000494,HNW,0.0,desarrollo,0,0,2,2,4
HH000495,HNW,0.0,desarrollo,3,3,2,1,3
HH000496,HNW,0.0,desarrollo,0,0,4,3,2
HH000497,HNW,0.0,desarrollo,0,0,4,4,2
HH000498,HNW,0.0,desarrollo,4,1,1,3,0
HH000499,HNW,0.0,holdout,,,,,
HH000500,HNW,0.0,desarrollo,2,3,0,3,1
HH000501,HNW,0.0,desarrollo,4,3,0,2,0
HH000502,HNW,0.0,desarrollo,1,2,0,0,2
HH000503,HNW,1.0,desarrollo,3,2,0,0,4
HH000504,HNW,0.0,desarrollo,0,2,0,1,1
HH000505,HNW,0.0,holdout,,,,,
HH000506,HNW,0.0,holdout,,,,,
HH000507,HNW,1.0,holdout,,,,,
HH000508,HNW,0.0,desarrollo,0,4,3,1,2
HH000509,HNW,0.0,desarrollo,1,4,4,1,1
HH000510,HNW,0.0,desarrollo,4,2,2,2,4
HH000511,HNW,0.0,desarrollo,0,0,1,0,2
HH000512,HNW,0.0,desarrollo,2,1,0,1,3
HH000513,HNW,0.0,holdout,,,,,
HH000514,HNW,0.0,desarrollo,2,0,0,3,0
HH000515,HNW,0.0,desarrollo,0,0,2,2,4
HH000516,HNW,0.0,holdout,,,,,
HH000517,HNW,0.0,desarrollo,2,3,4,0,1
HH000518,HNW,0.0,desarrollo,1,2,4,0,3
HH000519,HNW,0.0,holdout,,,,,
HH000520,HNW,0.0,desarrollo,2,2,2,1,3
HH000521,HNW,0.0,desarrollo,2,1,1,2,3
HH000522,HNW,0.0,desarrollo,3,2,4,4,1
HH000523,HNW,0.0,holdout,,,,,
HH000524,HNW,0.0,holdout,,,,,
HH000525,HNW,0.0,desarrollo,2,4,0,2,4
HH000526,HNW,0.0,desarrollo,3,4,1,4,1
HH000527,HNW,0.0,desarrollo,2,3,2,3,3
HH000528,HNW,0.0,desarrollo,3,3,0,2,2
HH000529,HNW,0.0,holdout,,,,,
HH000530,HNW,0.0,desarrollo,3,0,0,3,0
HH000531,HNW,1.0,desarrollo,2,2,2,3,0
HH000532,HNW,0.0,desarrollo,1,1,4,3,4
HH000533,HNW,0.0,desarrollo,0,2,3,0,4
HH000534,HNW,0.0,desarrollo,0,4,3,4,2
HH000535,HNW,0.0,desarrollo,2,2,0,1,1
HH000536,HNW,0.0,desarrollo,2,4,4,3,1
HH000537,HNW,0.0,desarrollo,3,3,3,4,4
HH000538,HNW,0.0,desarrollo,1,3,0,4,1
HH000539,HNW,0.0,desarrollo,0,3,3,1,1
HH000540,HNW,0.0,desarrollo,3,4,0,1,3
HH000541,UHNW,0.0,desarrollo,4,0,1,0,4
HH000542,HNW,0.0,holdout,,,,,
HH000543,HNW,,excluido,,,,,
HH000544,HNW,0.0,desarrollo,3,3,2,4,4
HH000545,UHNW,0.0,desarrollo,4,3,0,2,3
HH000546,HNW,0.0,desarrollo,1,1,4,1,2
HH000547,HNW,0.0,desarrollo,2,0,3,4,3
HH000548,HNW,0.0,desarrollo,4,3,0,0,1
HH000549,HNW,1.0,desarrollo,4,4,1,4,2
HH000550,UHNW,0.0,holdout,,,,,
HH000551,HNW,0.0,desarrollo,2,4,3,1,3
HH000552,HNW,0.0,holdout,,,,,
HH000553,HNW,0.0,holdout,,,,,
HH000554,HNW,0.0,desarrollo,4,1,1,1,0
HH000555,HNW,0.0,desarrollo,4,0,3,1,3
HH000556,HNW,0.0,desarrollo,4,0,0,0,1
HH000557,HNW,0.0,desarrollo,0,1,2,3,2
HH000558,HNW,0.0,desarrollo,4,3,3,2,2
HH000559,HNW,0.0,holdout,,,,,
HH000560,HNW,0.0,holdout,,,,,
HH000561,HNW,0.0,desarrollo,1,0,4,2,0
HH000562,HNW,0.0,desarrollo,3,3,2,3,4
HH000563,HNW,0.0,holdout,,,,,
HH000564,HNW,1.0,desarrollo,0,0,3,1,0
HH000565,HNW,0.0,desarrollo,1,4,4,0,3
HH000566,HNW,1.0,desarrollo,2,2,2,0,1
HH000567,HNW,1.0,desarrollo,0,0,4,2,3
HH000568,HNW,0.0,desarrollo,2,1,4,0,0
HH000569,HNW,0.0,desarrollo,2,1,2,2,3
HH000570,HNW,0.0,desarrollo,3,2,3,2,2
HH000571,HNW,0.0,desarrollo,3,4,3,3,0
HH000572,HNW,0.0,desarrollo,2,2,1,4,1
HH000573,HNW,0.0,desarrollo,4,0,2,2,2
HH000574,HNW,0.0,desarrollo,2,4,1,1,1
HH000575,HNW,0.0,desarrollo,1,3,1,0,1
HH000576,HNW,0.0,holdout,,,,,
HH000577,HNW,1.0,holdout,,,,,
HH000578,HNW,0.0,desarrollo,0,0,0,4,1
HH000579,HNW,0.0,holdout,,,,,
HH000580,HNW,0.0,desarrollo,0,2,3,0,0
HH000581,HNW,0.0,desarrollo,0,3,3,4,1
HH000582,HNW,0.0,desarrollo,2,2,3,3,1
HH000583,HNW,0.0,holdout,,,,,
HH000584,HNW,0.0,desarrollo,2,4,1,4,1
HH000585,HNW,0.0,desarrollo,3,4,3,3,4
HH000586,HNW,0.0,desarrollo,1,0,2,1,0
HH000587,HNW,0.0,desarrollo,0,2,4,2,4
HH000588,HNW,0.0,desarrollo,1,3,3,2,2
HH000589,HNW,0.0,holdout,,,,,
HH000590,HNW,0.0,desarrollo,1,0,1,4,4
HH000591,HNW,0.0,desarrollo,2,4,0,0,3
HH000592,HNW,0.0,holdout,,,,,
HH000593,HNW,0.0,desarrollo,3,4,2,1,1
HH000594,HNW,0.0,desarrollo,0,0,0,2,1
HH000595,HNW,0.0,desarrollo,2,2,1,0,0
HH000596,HNW,0.0,holdout,,,,,
HH000597,HNW,0.0,holdout,,,,,
HH000598,HNW,0.0,desarrollo,3,0,3,3,2
HH000599,HNW,0.0,desarrollo,2,3,4,4,2
HH000600,HNW,0.0,holdout,,,,,
HH000601,HNW,0.0,holdout,,,,,
HH000602,HNW,0.0,desarrollo,0,0,4,0,1
HH000603,HNW,0.0,desarrollo,0,4,0,0,0
HH000604,UHNW,0.0,desarrollo,2,4,4,3,2
HH000605,HNW,0.0,holdout,,,,,
HH000606,UHNW,0.0,holdout,,,,,
HH000607,UHNW,0.0,desarrollo,4,0,2,1,1
HH000608,HNW,0.0,desarrollo,4,2,4,2,0
HH000609,HNW,0.0,holdout,,,,,
HH000610,HNW,0.0,desarrollo,0,1,0,4,4
HH000611,HNW,0.0,desarrollo,1,2,4,1,0
HH000612,HNW,0.0,desarrollo,0,2,4,0,3
HH000613,HNW,0.0,desarrollo,2,0,0,3,0
HH000614,HNW,0.0,holdout,,,,,
HH000615,HNW,0.0,desarrollo,0,0,2,0,3
HH000616,HNW,0.0,desarrollo,1,0,3,0,1
HH000617,HNW,0.0,holdout,,,,,
HH000618,HNW,0.0,desarrollo,1,4,4,0,1
HH000619,HNW,0.0,holdout,,,,,
HH000620,HNW,0.0,desarrollo,3,2,2,0,4
HH000621,HNW,1.0,desarrollo,1,1,0,0,4
HH000622,HNW,0.0,desarrollo,0,3,0,3,2
HH000623,HNW,0.0,desarrollo,1,2,2,3,1
HH000624,HNW,0.0,holdout,,,,,
HH000625,HNW,0.0,desarrollo,1,0,0,3,2
HH000626,HNW,0.0,desarrollo,1,1,2,3,4
HH000627,HNW,0.0,desarrollo,2,2,2,1,0
HH000628,HNW,0.0,desarrollo,4,2,4,3,2
HH000629,HNW,0.0,desarrollo,0,2,2,1,0
HH000630,HNW,0.0,desarrollo,1,2,0,2,0
HH000631,HNW,0.0,holdout,,,,,
HH000632,HNW,0.0,desarrollo,1,4,4,3,3
HH000633,HNW,0.0,desarrollo,4,3,1,0,3
HH000634,HNW,0.0,desarrollo,2,4,4,3,2
HH000635,HNW,0.0,desarrollo,4,1,0,2,1
HH000636,HNW,0.0,holdout,,,,,
HH000637,HNW,0.0,desarrollo,2,2,0,1,0
HH000638,HNW,0.0,desarrollo,1,3,4,1,4
HH000639,HNW,0.0,holdout,,,,,
HH000640,HNW,0.0,desarrollo,1,0,3,3,2
HH000641,HNW,0.0,desarrollo,0,4,2,0,2
HH000642,HNW,0.0,desarrollo,0,1,1,4,4
HH000643,UHNW,0.0,holdout,,,,,
HH000644,HNW,0.0,desarrollo,2,2,4,3,3
HH000645,HNW,0.0,desarrollo,3,3,2,0,4
HH000646,HNW,0.0,desarrollo,0,3,3,4,3
HH000647,HNW,0.0,desarrollo,0,4,1,2,0
HH000648,HNW,0.0,desarrollo,1,0,2,4,4
HH000649,HNW,1.0,holdout,,,,,
HH000650,HNW,0.0,holdout,,,,,
HH000651,HNW,0.0,holdout,,,,,
HH000652,HNW,0.0,holdout,,,,,
HH000653,HNW,0.0,holdout,,,,,
HH000654,HNW,0.0,desarrollo,2,4,2,3,0
HH000655,UHNW,0.0,desarrollo,1,0,3,1,4
HH000656,HNW,0.0,holdout,,,,,
HH000657,HNW,0.0,holdout,,,,,
HH000658,HNW,0.0,desarrollo,3,1,4,4,2
HH000659,HNW,0.0,desarrollo,3,2,2,3,1
HH000660,HNW,0.0,desarrollo,4,3,2,4,0
HH000661,HNW,0.0,desarrollo,2,0,4,1,1
HH000662,HNW,0.0,holdout,,,,,
HH000663,HNW,0.0,holdout,,,,,
HH000664,HNW,0.0,desarrollo,0,2,4,1,4
HH000665,HNW,0.0,holdout,,,,,
HH000666,HNW,0.0,desarrollo,2,2,0,1,1
HH000667,UHNW,0.0,holdout,,,,,
HH000668,HNW,0.0,desarrollo,4,3,4,0,3
HH000669,HNW,0.0,desarrollo,0,4,1,2,2
HH000670,HNW,0.0,holdout,,,,,
HH000671,HNW,0.0,desarrollo,2,2,1,2,2
HH000672,HNW,0.0,desarrollo,2,0,3,4,3
HH000673,UHNW,0.0,holdout,,,,,
HH000674,HNW,0.0,desarrollo,1,4,1,4,3
HH000675,HNW,0.0,desarrollo,1,4,3,4,0
HH000676,HNW,0.0,desarrollo,1,2,4,3,4
HH000677,HNW,0.0,holdout,,,,,
HH000678,HNW,0.0,desarrollo,1,1,4,4,4
HH000679,HNW,0.0,desarrollo,4,2,1,0,3
HH000680,HNW,0.0,holdout,,,,,
HH000681,HNW,0.0,holdout,,,,,
HH000682,HNW,0.0,desarrollo,1,2,4,3,2
HH000683,HNW,0.0,desarrollo,0,2,2,1,4
HH000684,HNW,0.0,desarrollo,1,3,0,0,0
HH000685,HNW,0.0,desarrollo,0,2,4,3,3
HH000686,HNW,0.0,holdout,,,,,
HH000687,HNW,0.0,desarrollo,4,2,3,0,3
HH000688,HNW,0.0,desarrollo,3,2,3,3,1
HH000689,HNW,0.0,desarrollo,2,3,0,2,0
HH000690,HNW,0.0,desarrollo,2,0,0,4,4
HH000691,HNW,0.0,desarrollo,4,4,3,0,3
HH000692,HNW,,excluido,,,,,
HH000693,HNW,0.0,desarrollo,4,2,0,4,2
HH000694,UHNW,1.0,desarrollo,3,3,4,1,3
HH000695,HNW,0.0,desarrollo,2,2,2,3,1
HH000696,HNW,0.0,holdout,,,,,
HH000697,HNW,0.0,desarrollo,4,3,4,4,2
HH000698,HNW,0.0,holdout,,,,,
HH000699,HNW,0.0,desarrollo,2,4,1,4,1
HH000700,HNW,0.0,holdout,,,,,
HH000701,HNW,0.0,holdout,,,,,
HH000702,HNW,0.0,desarrollo,1,0,1,2,4
HH000703,HNW,0.0,desarrollo,0,2,1,2,0
HH000704,HNW,0.0,desarrollo,0,4,3,3,1
HH000705,HNW,0.0,holdout,,,,,
HH000706,HNW,0.0,desarrollo,0,1,0,3,4
HH000707,HNW,0.0,desarrollo,4,3,4,3,2
HH000708,HNW,0.0,desarrollo,0,1,4,0,2
HH000709,UHNW,0.0,desarrollo,1,3,2,4,3
HH000710,HNW,0.0,desarrollo,4,2,4,0,3
HH000711,HNW,0.0,desarrollo,2,1,3,3,4
HH000712,HNW,0.0,desarrollo,2,1,3,4,2
HH000713,HNW,0.0,desarrollo,4,2,3,3,4
HH000714,HNW,0.0,desarrollo,0,1,4,1,1
HH000715,HNW,0.0,holdout,,,,,
HH000716,HNW,0.0,holdout,,,,,
HH000717,HNW,0.0,holdout,,,,,
HH000718,HNW,0.0,holdout,,,,,
HH000719,HNW,0.0,holdout,,,,,
HH000720,HNW,0.0,desarrollo,1,1,4,0,2
HH000721,HNW,0.0,holdout,,,,,
HH000722,HNW,0.0,desarrollo,2,1,0,4,4
HH000723,HNW,0.0,desarrollo,1,2,1,0,2
HH000724,HNW,0.0,desarrollo,3,1,0,3,0
HH000725,HNW,0.0,desarrollo,4,1,3,4,4
HH000726,HNW,0.0,desarrollo,2,2,1,2,2
HH000727,HNW,0.0,desarrollo,0,1,1,1,4
HH000728,HNW,0.0,desarrollo,1,1,1,4,0
HH000729,HNW,0.0,desarrollo,0,3,2,3,3
HH000730,HNW,0.0,desarrollo,0,3,0,0,1
HH000731,HNW,0.0,holdout,,,,,
HH000732,HNW,0.0,holdout,,,,,
HH000733,UHNW,0.0,holdout,,,,,
HH000734,HNW,0.0,holdout,,,,,
HH000735,HNW,0.0,desarrollo,1,2,3,1,1
HH000736,HNW,0.0,desarrollo,0,1,3,0,3
HH000737,HNW,0.0,holdout,,,,,
HH000738,HNW,0.0,holdout,,,,,
HH000739,HNW,0.0,desarrollo,1,4,3,1,0
HH000740,HNW,0.0,desarrollo,3,0,0,0,4
HH000741,HNW,0.0,desarrollo,2,4,3,2,3
HH000742,HNW,0.0,desarrollo,1,2,4,3,0
HH000743,HNW,0.0,desarrollo,3,1,1,3,4
HH000744,HNW,0.0,desarrollo,1,3,0,0,3
HH000745,HNW,0.0,desarrollo,1,0,2,3,2
HH000746,HNW,0.0,holdout,,,,,
HH000747,HNW,0.0,holdout,,,,,
HH000748,HNW,0.0,holdout,,,,,
HH000749,HNW,0.0,holdout,,,,,
HH000750,HNW,0.0,desarrollo,3,4,4,2,1
HH000751,HNW,1.0,desarrollo,1,3,0,2,2
HH000752,HNW,0.0,holdout,,,,,
HH000753,HNW,0.0,desarrollo,4,2,2,4,2
HH000754,HNW,0.0,desarrollo,0,0,3,1,4
HH000755,HNW,0.0,holdout,,,,,
HH000756,HNW,0.0,holdout,,,,,
HH000757,HNW,0.0,desarrollo,4,2,2,3,0
HH000758,HNW,0.0,holdout,,,,,
HH000759,HNW,0.0,holdout,,,,,
HH000760,HNW,0.0,holdout,,,,,
HH000761,HNW,0.0,desarrollo,0,4,2,1,3
HH000762,HNW,0.0,desarrollo,2,2,4,1,1
HH000763,HNW,0.0,holdout,,,,,
HH000764,HNW,0.0,desarrollo,2,0,1,3,1
HH000765,HNW,1.0,holdout,,,,,
HH000766,HNW,0.0,desarrollo,0,0,0,4,2
HH000767,HNW,0.0,desarrollo,1,2,3,0,2
HH000768,HNW,1.0,desarrollo,4,1,4,4,2
HH000769,HNW,0.0,desarrollo,0,0,3,2,2
HH000770,HNW,0.0,holdout,,,,,
HH000771,HNW,0.0,holdout,,,,,
HH000772,HNW,0.0,desarrollo,4,3,0,1,1
HH000773,HNW,0.0,desarrollo,2,2,0,3,3
HH000774,HNW,0.0,desarrollo,1,4,0,4,2
HH000775,HNW,0.0,desarrollo,3,2,4,3,0
HH000776,HNW,0.0,holdout,,,,,
HH000777,HNW,,excluido,,,,,
HH000778,HNW,0.0,desarrollo,4,0,0,2,4
HH000779,HNW,0.0,holdout,,,,,
HH000780,HNW,0.0,desarrollo,3,2,3,1,2
HH000781,HNW,0.0,holdout,,,,,
HH000782,HNW,0.0,holdout,,,,,
HH000783,HNW,0.0,desarrollo,1,4,2,2,4
HH000784,HNW,0.0,holdout,,,,,
HH000785,HNW,0.0,desarrollo,3,4,1,1,2
HH000786,HNW,1.0,holdout,,,,,
HH000787,HNW,0.0,desarrollo,3,2,0,4,1
HH000788,HNW,0.0,holdout,,,,,
HH000789,HNW,0.0,desarrollo,0,3,3,1,2
HH000790,HNW,0.0,holdout,,,,,
HH000791,HNW,0.0,holdout,,,,,
HH000792,HNW,0.0,holdout,,,,,
HH000793,HNW,0.0,desarrollo,4,4,2,1,3
HH000794,HNW,0.0,desarrollo,4,4,4,2,4
HH000795,HNW,0.0,desarrollo,3,2,0,4,0
HH000796,HNW,0.0,holdout,,,,,
HH000797,HNW,0.0,desarrollo,0,2,1,4,3
HH000798,HNW,0.0,desarrollo,3,1,3,4,0
HH000799,HNW,0.0,desarrollo,4,3,1,2,1
HH000800,HNW,0.0,holdout,,,,,
HH000801,HNW,1.0,desarrollo,2,3,2,0,1
HH000802,HNW,0.0,desarrollo,1,2,0,2,1
HH000803,HNW,0.0,desarrollo,3,2,3,0,1
HH000804,UHNW,0.0,desarrollo,0,4,3,2,1
HH000805,HNW,0.0,desarrollo,1,2,3,3,2
HH000806,HNW,0.0,desarrollo,2,3,2,0,0
HH000807,HNW,0.0,desarrollo,0,3,4,2,2
HH000808,HNW,0.0,desarrollo,2,3,1,2,0
HH000809,HNW,0.0,desarrollo,2,0,4,1,1
HH000810,HNW,0.0,desarrollo,3,3,2,2,2
HH000811,HNW,0.0,desarrollo,2,0,0,1,2
HH000812,UHNW,1.0,desarrollo,4,3,0,2,1
HH000813,HNW,0.0,holdout,,,,,
HH000814,HNW,0.0,desarrollo,2,3,2,3,4
HH000815,HNW,0.0,holdout,,,,,
HH000816,HNW,,excluido,,,,,
HH000817,HNW,0.0,desarrollo,3,1,2,2,2
HH000818,HNW,1.0,holdout,,,,,
HH000819,HNW,0.0,desarrollo,1,2,4,3,0
HH000820,HNW,0.0,desarrollo,1,1,3,4,1
HH000821,HNW,0.0,desarrollo,1,1,4,4,3
HH000822,HNW,1.0,desarrollo,2,2,3,4,4
HH000823,HNW,0.0,desarrollo,2,1,2,3,4
HH000824,HNW,0.0,desarrollo,2,4,3,1,0
HH000825,HNW,0.0,holdout,,,,,
HH000826,HNW,0.0,holdout,,,,,
HH000827,HNW,0.0,holdout,,,,,
HH000828,HNW,0.0,desarrollo,4,0,2,4,3
HH000829,HNW,0.0,desarrollo,0,2,2,2,1
HH000830,HNW,0.0,desarrollo,1,4,4,1,3
HH000831,HNW,0.0,desarrollo,4,3,1,0,3
HH000832,HNW,0.0,desarrollo,1,0,1,2,1
HH000833,HNW,0.0,desarrollo,3,3,1,4,1
HH000834,HNW,0.0,desarrollo,2,0,4,4,0
HH000835,HNW,0.0,desarrollo,3,4,4,4,2
HH000836,HNW,0.0,desarrollo,0,0,0,4,0
HH000837,HNW,0.0,desarrollo,2,2,0,4,3
HH000838,HNW,0.0,desarrollo,4,3,2,4,4
HH000839,HNW,0.0,desarrollo,0,1,2,2,2
HH000840,HNW,0.0,desarrollo,0,0,4,3,0
HH000841,HNW,0.0,desarrollo,4,1,3,3,1
HH000842,HNW,0.0,desarrollo,3,3,2,4,2
HH000843,HNW,0.0,desarrollo,4,4,3,3,4
HH000844,HNW,0.0,desarrollo,1,0,4,0,2
HH000845,HNW,0.0,desarrollo,1,3,4,3,4
HH000846,HNW,0.0,desarrollo,0,4,3,4,2
HH000847,HNW,0.0,desarrollo,2,1,2,4,3
HH000848,HNW,1.0,desarrollo,3,1,0,2,4
HH000849,HNW,0.0,desarrollo,4,3,3,3,4
HH000850,HNW,0.0,desarrollo,4,4,1,3,1
HH000851,HNW,0.0,desarrollo,4,2,1,4,3
HH000852,HNW,0.0,desarrollo,1,1,3,1,2
HH000853,HNW,0.0,desarrollo,2,0,4,2,1
HH000854,HNW,0.0,desarrollo,0,3,1,0,0
HH000855,HNW,0.0,desarrollo,0,2,3,2,2
HH000856,HNW,0.0,desarrollo,2,2,0,0,2
HH000857,HNW,0.0,desarrollo,4,3,1,4,2
HH000858,HNW,0.0,desarrollo,3,3,1,4,3
HH000859,UHNW,0.0,desarrollo,3,1,1,0,3
HH000860,UHNW,0.0,desarrollo,3,1,0,0,2
HH000861,HNW,0.0,desarrollo,1,3,2,4,0
HH000862,HNW,0.0,desarrollo,0,1,0,3,0
HH000863,HNW,0.0,desarrollo,3,1,0,4,2
HH000864,HNW,0.0,desarrollo,3,2,0,0,2
HH000865,HNW,0.0,desarrollo,4,0,1,0,0
HH000866,HNW,0.0,desarrollo,0,4,2,1,2
HH000867,UHNW,0.0,desarrollo,0,4,1,1,3
HH000868,HNW,0.0,desarrollo,2,0,0,4,2
HH000869,HNW,0.0,desarrollo,1,4,4,2,1
HH000870,HNW,0.0,holdout,,,,,
HH000871,HNW,0.0,holdout,,,,,
HH000872,HNW,0.0,holdout,,,,,
HH000873,HNW,0.0,holdout,,,,,
HH000874,HNW,0.0,holdout,,,,,
HH000875,HNW,0.0,desarrollo,0,2,4,2,2
HH000876,HNW,0.0,desarrollo,1,2,0,2,3
HH000877,UHNW,0.0,desarrollo,2,0,2,2,3
HH000878,HNW,0.0,desarrollo,1,2,4,0,4
HH000879,HNW,0.0,holdout,,,,,
HH000880,HNW,0.0,desarrollo,1,4,1,1,4
HH000881,HNW,0.0,desarrollo,3,3,1,1,1
HH000882,HNW,0.0,holdout,,,,,
HH000883,HNW,0.0,desarrollo,4,1,3,0,3
HH000884,HNW,0.0,holdout,,,,,
HH000885,HNW,0.0,holdout,,,,,
HH000886,HNW,0.0,desarrollo,1,4,4,0,1
HH000887,HNW,0.0,desarrollo,4,3,1,4,3
HH000888,HNW,0.0,holdout,,,,,
HH000889,HNW,0.0,holdout,,,,,
HH000890,HNW,0.0,desarrollo,2,2,2,4,1
HH000891,HNW,0.0,desarrollo,2,2,0,3,4
HH000892,HNW,0.0,desarrollo,2,0,2,0,0
HH000893,HNW,0.0,desarrollo,1,4,0,3,0
HH000894,HNW,0.0,desarrollo,3,3,2,3,4
HH000895,HNW,0.0,desarrollo,0,1,0,0,1
HH000896,HNW,0.0,desarrollo,4,4,1,4,2
HH000897,HNW,0.0,holdout,,,,,
HH000898,HNW,0.0,desarrollo,1,4,3,3,4
HH000899,HNW,0.0,desarrollo,4,3,4,2,1
HH000900,HNW,0.0,desarrollo,1,0,2,4,1
HH000901,HNW,0.0,desarrollo,2,1,3,1,3
HH000902,HNW,0.0,desarrollo,2,2,2,0,0
HH000903,HNW,0.0,desarrollo,1,2,3,3,0
HH000904,HNW,0.0,desarrollo,0,3,0,2,4
HH000905,HNW,0.0,desarrollo,4,4,0,3,4
HH000906,HNW,0.0,holdout,,,,,
HH000907,HNW,0.0,desarrollo,3,0,0,2,3
HH000908,HNW,0.0,holdout,,,,,
HH000909,HNW,0.0,desarrollo,3,0,0,2,4
HH000910,HNW,0.0,holdout,,,,,
HH000911,HNW,0.0,desarrollo,1,3,4,2,1
HH000912,HNW,0.0,desarrollo,2,0,2,2,0
HH000913,HNW,0.0,desarrollo,2,2,2,2,1
HH000914,HNW,0.0,desarrollo,0,4,2,3,4
HH000915,HNW,0.0,desarrollo,1,1,4,4,2
HH000916,HNW,0.0,desarrollo,2,2,3,2,2
HH000917,HNW,0.0,desarrollo,3,0,0,3,0
HH000918,HNW,,excluido,,,,,
HH000919,HNW,0.0,holdout,,,,,
HH000920,HNW,0.0,desarrollo,1,3,3,3,0
HH000921,HNW,0.0,holdout,,,,,
HH000922,HNW,,excluido,,,,,
HH000923,HNW,0.0,desarrollo,2,4,1,0,3
HH000924,HNW,0.0,desarrollo,2,1,0,1,3
HH000925,HNW,0.0,desarrollo,0,1,3,0,0
HH000926,HNW,0.0,desarrollo,4,2,2,3,2
HH000927,HNW,0.0,desarrollo,2,0,1,4,3
HH000928,HNW,0.0,holdout,,,,,
HH000929,HNW,0.0,holdout,,,,,
HH000930,HNW,0.0,holdout,,,,,
HH000931,UHNW,0.0,desarrollo,4,2,3,4,1
HH000932,HNW,0.0,desarrollo,1,0,1,0,4
HH000933,HNW,0.0,desarrollo,3,4,4,3,0
HH000934,HNW,0.0,holdout,,,,,
HH000935,UHNW,0.0,desarrollo,0,3,4,3,3
HH000936,HNW,0.0,desarrollo,4,2,2,2,3
HH000937,HNW,0.0,desarrollo,1,1,1,0,3
HH000938,HNW,0.0,holdout,,,,,
HH000939,HNW,0.0,desarrollo,3,0,3,1,3
HH000940,HNW,0.0,desarrollo,1,4,4,2,3
HH000941,HNW,0.0,desarrollo,3,0,1,0,0
HH000942,HNW,0.0,desarrollo,3,0,1,4,3
HH000943,HNW,0.0,desarrollo,3,3,1,2,4
HH000944,HNW,0.0,desarrollo,2,2,1,1,4
HH000945,HNW,0.0,desarrollo,4,1,0,0,0
HH000946,HNW,0.0,desarrollo,0,0,2,1,2
HH000947,HNW,0.0,desarrollo,4,4,4,0,4
HH000948,HNW,0.0,desarrollo,4,3,2,0,2
HH000949,HNW,0.0,desarrollo,0,0,1,2,1
HH000950,HNW,0.0,desarrollo,4,2,2,4,0
HH000951,HNW,0.0,desarrollo,4,3,4,2,0
HH000952,HNW,0.0,desarrollo,0,0,0,4,1
HH000953,UHNW,0.0,desarrollo,3,4,0,1,0
HH000954,HNW,0.0,holdout,,,,,
HH000955,HNW,0.0,holdout,,,,,
HH000956,HNW,0.0,desarrollo,4,2,2,0,3
HH000957,HNW,0.0,desarrollo,4,1,2,4,2
HH000958,HNW,0.0,desarrollo,4,2,2,3,2
HH000959,HNW,0.0,desarrollo,1,2,2,4,3
HH000960,HNW,0.0,holdout,,,,,
HH000961,HNW,0.0,desarrollo,4,4,1,0,4
HH000962,HNW,0.0,holdout,,,,,
HH000963,HNW,0.0,holdout,,,,,
HH000964,HNW,0.0,holdout,,,,,
HH000965,HNW,0.0,desarrollo,2,3,2,3,3
HH000966,HNW,0.0,holdout,,,,,
HH000967,HNW,0.0,desarrollo,4,2,2,4,2
HH000968,UHNW,0.0,holdout,,,,,
HH000969,HNW,0.0,holdout,,,,,
HH000970,HNW,0.0,holdout,,,,,
HH000971,HNW,0.0,holdout,,,,,
HH000972,HNW,0.0,desarrollo,4,3,2,2,0
HH000973,HNW,0.0,desarrollo,1,0,2,0,4
HH000974,HNW,0.0,desarrollo,3,0,0,3,1
HH000975,HNW,0.0,desarrollo,3,4,3,1,2
HH000976,UHNW,0.0,desarrollo,0,3,1,1,0
HH000977,HNW,0.0,desarrollo,4,3,1,3,0
HH000978,HNW,0.0,holdout,,,,,
HH000979,HNW,0.0,desarrollo,0,2,3,0,2
HH000980,HNW,1.0,desarrollo,0,4,0,0,1
HH000981,HNW,1.0,desarrollo,3,3,0,3,2
HH000982,HNW,0.0,holdout,,,,,
HH000983,HNW,0.0,desarrollo,1,3,1,3,2
HH000984,HNW,0.0,desarrollo,0,2,1,4,0
HH000985,HNW,1.0,desarrollo,2,1,2,0,4
HH000986,HNW,0.0,desarrollo,4,0,0,0,3
HH000987,HNW,0.0,desarrollo,2,0,4,3,4
HH000988,HNW,0.0,holdout,,,,,
HH000989,UHNW,0.0,desarrollo,4,3,3,4,4
HH000990,HNW,0.0,desarrollo,2,1,3,2,2
HH000991,HNW,0.0,holdout,,,,,
HH000992,HNW,0.0,desarrollo,4,4,4,0,4
HH000993,HNW,0.0,desarrollo,0,1,3,4,2
HH000994,HNW,0.0,desarrollo,3,2,1,4,3
HH000995,HNW,0.0,desarrollo,3,0,1,4,2
HH000996,HNW,0.0,desarrollo,0,4,4,4,1
HH000997,HNW,0.0,holdout,,,,,
HH000998,HNW,0.0,desarrollo,2,2,4,2,4
HH000999,HNW,0.0,desarrollo,4,2,2,3,0
HH001000,HNW,1.0,holdout,,,,,
HH001001,HNW,1.0,desarrollo,4,0,2,3,1
HH001002,HNW,0.0,desarrollo,4,0,4,1,2
HH001003,HNW,0.0,desarrollo,1,3,3,0,0
HH001004,HNW,0.0,holdout,,,,,
HH001005,HNW,0.0,desarrollo,2,4,3,0,1
HH001006,HNW,0.0,desarrollo,3,3,3,0,4
HH001007,HNW,0.0,desarrollo,1,2,4,1,0
HH001008,HNW,0.0,holdout,,,,,
HH001009,HNW,0.0,holdout,,,,,
HH001010,HNW,0.0,desarrollo,1,4,2,3,0
HH001011,HNW,0.0,holdout,,,,,
HH001012,HNW,0.0,desarrollo,4,1,2,2,3
HH001013,HNW,0.0,desarrollo,1,4,3,4,3
HH001014,HNW,0.0,holdout,,,,,
HH001015,HNW,1.0,desarrollo,4,0,2,0,4
HH001016,HNW,0.0,desarrollo,0,2,2,3,0
HH001017,HNW,0.0,holdout,,,,,
HH001018,HNW,0.0,desarrollo,3,3,0,0,2
HH001019,HNW,0.0,desarrollo,2,2,1,1,1
HH001020,HNW,0.0,desarrollo,3,4,1,3,2
HH001021,HNW,0.0,desarrollo,4,2,0,3,4
HH001022,HNW,0.0,desarrollo,1,1,3,0,3
HH001023,HNW,0.0,holdout,,,,,
HH001024,HNW,0.0,desarrollo,1,1,1,2,0
HH001025,HNW,0.0,desarrollo,1,3,3,4,0
HH001026,HNW,0.0,desarrollo,3,0,2,1,4
HH001027,HNW,0.0,desarrollo,0,0,0,3,3
HH001028,HNW,0.0,holdout,,,,,
HH001029,HNW,0.0,desarrollo,3,3,4,4,2
HH001030,HNW,1.0,holdout,,,,,
HH001031,HNW,0.0,desarrollo,0,0,3,4,2
HH001032,HNW,0.0,holdout,,,,,
HH001033,HNW,0.0,desarrollo,1,3,0,4,4
HH001034,HNW,0.0,desarrollo,2,3,2,4,2
HH001035,HNW,1.0,holdout,,,,,
HH001036,HNW,0.0,desarrollo,1,4,1,1,1
HH001037,HNW,0.0,holdout,,,,,
HH001038,UHNW,0.0,desarrollo,0,2,2,3,2
HH001039,HNW,0.0,desarrollo,0,2,0,4,4
HH001040,HNW,0.0,holdout,,,,,
HH001041,HNW,0.0,desarrollo,4,0,4,4,3
HH001042,HNW,0.0,desarrollo,1,4,1,4,4
HH001043,HNW,0.0,holdout,,,,,
HH001044,HNW,0.0,holdout,,,,,
HH001045,HNW,0.0,desarrollo,4,0,1,4,2
HH001046,HNW,0.0,desarrollo,0,0,1,1,2
HH001047,HNW,0.0,desarrollo,3,4,4,0,0
HH001048,HNW,0.0,desarrollo,1,1,3,0,4
HH001049,UHNW,0.0,desarrollo,4,2,1,1,4
HH001050,HNW,0.0,desarrollo,4,1,3,1,4
HH001051,HNW,0.0,holdout,,,,,
HH001052,UHNW,0.0,desarrollo,3,3,2,2,3
HH001053,HNW,0.0,desarrollo,4,3,4,3,3
HH001054,HNW,0.0,desarrollo,4,1,4,4,3
HH001055,HNW,0.0,desarrollo,3,4,1,3,4
HH001056,HNW,0.0,holdout,,,,,
HH001057,HNW,0.0,desarrollo,1,3,1,1,2
HH001058,HNW,0.0,holdout,,,,,
HH001059,HNW,0.0,desarrollo,4,4,0,0,2
HH001060,HNW,0.0,desarrollo,0,4,0,4,2
HH001061,HNW,0.0,desarrollo,3,3,1,2,4
HH001062,HNW,0.0,desarrollo,2,1,0,2,1
HH001063,HNW,0.0,desarrollo,0,3,0,4,0
HH001064,HNW,1.0,desarrollo,0,1,2,2,3
HH001065,HNW,0.0,desarrollo,1,3,2,4,4
HH001066,HNW,0.0,desarrollo,2,2,1,3,2
HH001067,HNW,0.0,desarrollo,2,3,1,0,1
HH001068,HNW,0.0,desarrollo,1,3,3,1,4
HH001069,HNW,0.0,desarrollo,2,1,2,2,4
HH001070,HNW,0.0,holdout,,,,,
HH001071,HNW,0.0,desarrollo,2,3,1,2,1
HH001072,HNW,0.0,holdout,,,,,
HH001073,HNW,0.0,desarrollo,4,2,4,0,3
HH001074,HNW,0.0,desarrollo,3,2,2,0,0
HH001075,HNW,1.0,desarrollo,2,4,3,4,0
HH001076,HNW,0.0,holdout,,,,,
HH001077,HNW,0.0,desarrollo,0,1,4,3,0
HH001078,HNW,0.0,desarrollo,3,4,4,4,4
HH001079,HNW,0.0,holdout,,,,,
HH001080,HNW,0.0,holdout,,,,,
HH001081,HNW,0.0,holdout,,,,,
HH001082,HNW,0.0,desarrollo,0,1,0,0,0
HH001083,HNW,1.0,holdout,,,,,
HH001084,HNW,0.0,desarrollo,4,1,2,3,2
HH001085,HNW,0.0,desarrollo,1,2,4,4,3
HH001086,HNW,0.0,desarrollo,4,1,3,1,2
HH001087,HNW,1.0,holdout,,,,,
HH001088,HNW,0.0,desarrollo,0,4,1,2,4
HH001089,HNW,0.0,desarrollo,3,0,2,4,1
HH001090,HNW,0.0,holdout,,,,,
HH001091,HNW,1.0,holdout,,,,,
HH001092,HNW,0.0,desarrollo,4,2,4,1,2
HH001093,HNW,,excluido,,,,,
HH001094,HNW,0.0,desarrollo,1,4,3,4,4
HH001095,HNW,0.0,desarrollo,1,3,0,1,0
HH001096,HNW,0.0,desarrollo,2,0,4,4,0
HH001097,HNW,0.0,holdout,,,,,
HH001098,HNW,0.0,desarrollo,4,1,0,4,4
HH001099,HNW,0.0,desarrollo,0,2,1,1,2
HH001100,HNW,0.0,desarrollo,0,2,1,3,2
HH001101,HNW,0.0,holdout,,,,,
HH001102,HNW,0.0,desarrollo,3,4,3,2,2
HH001103,HNW,0.0,holdout,,,,,
HH001104,HNW,0.0,holdout,,,,,
HH001105,HNW,0.0,desarrollo,4,4,2,1,1
HH001106,HNW,0.0,desarrollo,0,1,2,2,3
HH001107,HNW,0.0,desarrollo,1,1,4,0,3
HH001108,HNW,0.0,desarrollo,1,3,3,0,1
HH001109,HNW,0.0,desarrollo,4,1,3,4,2
HH001110,HNW,0.0,desarrollo,0,3,1,1,4
HH001111,HNW,0.0,desarrollo,3,2,4,3,3
HH001112,HNW,0.0,desarrollo,4,4,3,3,1
HH001113,HNW,0.0,desarrollo,1,1,2,4,3
HH001114,HNW,0.0,desarrollo,1,2,0,2,4
HH001115,HNW,0.0,holdout,,,,,
HH001116,HNW,0.0,holdout,,,,,
HH001117,HNW,0.0,holdout,,,,,
HH001118,HNW,0.0,holdout,,,,,
HH001119,HNW,0.0,holdout,,,,,
HH001120,HNW,0.0,holdout,,,,,
HH001121,HNW,0.0,holdout,,,,,
HH001122,HNW,0.0,desarrollo,4,3,3,2,3
HH001123,HNW,0.0,desarrollo,0,4,4,0,3
HH001124,HNW,0.0,holdout,,,,,
HH001125,HNW,0.0,desarrollo,3,3,3,0,2
HH001126,HNW,0.0,desarrollo,4,0,3,4,1
HH001127,HNW,0.0,desarrollo,3,2,0,1,3
HH001128,HNW,0.0,holdout,,,,,
HH001129,HNW,0.0,holdout,,,,,
HH001130,HNW,0.0,desarrollo,1,1,0,3,0
HH001131,HNW,0.0,desarrollo,3,3,2,1,4
HH001132,HNW,0.0,desarrollo,3,1,1,0,0
HH001133,HNW,0.0,desarrollo,3,2,4,3,2
HH001134,HNW,0.0,desarrollo,1,2,2,3,4
HH001135,HNW,0.0,desarrollo,2,4,3,0,3
HH001136,HNW,0.0,holdout,,,,,
HH001137,UHNW,1.0,holdout,,,,,
HH001138,HNW,0.0,desarrollo,1,3,0,2,3
HH001139,HNW,0.0,desarrollo,2,0,4,3,2
HH001140,HNW,0.0,desarrollo,1,1,0,4,4
HH001141,HNW,0.0,desarrollo,4,1,1,3,4
HH001142,HNW,1.0,holdout,,,,,
HH001143,HNW,0.0,holdout,,,,,
HH001144,HNW,0.0,holdout,,,,,
HH001145,HNW,1.0,holdout,,,,,
HH001146,HNW,0.0,holdout,,,,,
HH001147,HNW,0.0,holdout,,,,,
HH001148,HNW,1.0,desarrollo,3,1,1,4,4
HH001149,HNW,0.0,holdout,,,,,
HH001150,HNW,0.0,desarrollo,0,2,1,0,0
HH001151,HNW,0.0,desarrollo,3,0,2,3,1
HH001152,HNW,0.0,holdout,,,,,
HH001153,HNW,1.0,desarrollo,0,1,0,2,2
HH001154,HNW,0.0,desarrollo,4,0,1,0,2
HH001155,HNW,0.0,holdout,,,,,
HH001156,HNW,0.0,desarrollo,0,2,2,4,4
HH001157,HNW,0.0,desarrollo,1,4,2,0,1
HH001158,HNW,0.0,desarrollo,2,0,4,3,3
HH001159,HNW,0.0,desarrollo,3,1,3,0,2
HH001160,HNW,0.0,desarrollo,2,3,1,0,4
HH001161,HNW,1.0,desarrollo,3,4,0,4,3
HH001162,HNW,0.0,desarrollo,1,0,3,2,2
HH001163,HNW,0.0,desarrollo,4,4,0,4,4
HH001164,HNW,0.0,holdout,,,,,
HH001165,HNW,0.0,desarrollo,4,4,1,0,4
HH001166,HNW,0.0,desarrollo,2,2,3,4,3
HH001167,HNW,0.0,desarrollo,2,3,4,4,2
HH001168,HNW,0.0,desarrollo,1,4,3,0,1
HH001169,HNW,0.0,desarrollo,3,2,0,3,1
HH001170,HNW,0.0,desarrollo,0,3,4,0,0
HH001171,HNW,0.0,holdout,,,,,
HH001172,HNW,0.0,holdout,,,,,
HH001173,HNW,0.0,desarrollo,3,1,4,3,3
HH001174,HNW,0.0,desarrollo,0,2,3,3,2
HH001175,HNW,0.0,desarrollo,4,2,4,3,1
HH001176,HNW,0.0,desarrollo,0,0,2,0,4
HH001177,HNW,0.0,desarrollo,0,1,3,1,4
HH001178,HNW,0.0,desarrollo,0,4,0,0,4
HH001179,HNW,0.0,desarrollo,1,0,4,1,3
HH001180,HNW,0.0,desarrollo,4,1,0,3,0
HH001181,HNW,0.0,desarrollo,1,4,1,4,0
HH001182,HNW,0.0,desarrollo,2,3,1,4,0
HH001183,HNW,0.0,holdout,,,,,
HH001184,HNW,1.0,holdout,,,,,
HH001185,HNW,0.0,desarrollo,0,3,4,0,3
HH001186,HNW,0.0,desarrollo,1,3,2,0,3
HH001187,HNW,0.0,desarrollo,4,0,1,2,3
HH001188,HNW,0.0,desarrollo,0,1,0,3,4
HH001189,HNW,0.0,desarrollo,0,1,2,4,4
HH001190,HNW,0.0,holdout,,,,,
HH001191,UHNW,0.0,holdout,,,,,
HH001192,HNW,0.0,desarrollo,3,3,0,4,1
HH001193,HNW,0.0,desarrollo,4,4,4,0,2
HH001194,HNW,0.0,desarrollo,1,0,1,1,2
HH001195,HNW,0.0,holdout,,,,,
HH001196,HNW,0.0,holdout,,,,,
HH001197,HNW,1.0,desarrollo,0,1,0,4,3
HH001198,HNW,0.0,holdout,,,,,
HH001199,HNW,0.0,desarrollo,4,3,0,3,1
HH001200,HNW,0.0,holdout,,,,,
HH001201,HNW,0.0,desarrollo,4,0,1,4,2
HH001202,HNW,0.0,desarrollo,3,3,0,3,4
HH001203,HNW,1.0,holdout,,,,,
HH001204,HNW,1.0,desarrollo,0,2,4,0,0
HH001205,HNW,0.0,desarrollo,0,4,1,1,2
HH001206,HNW,0.0,desarrollo,3,3,1,4,1
HH001207,HNW,0.0,desarrollo,0,3,4,0,4
HH001208,HNW,0.0,desarrollo,1,3,2,4,2
HH001209,HNW,0.0,desarrollo,1,4,0,2,2
HH001210,HNW,0.0,desarrollo,2,2,4,3,4
HH001211,HNW,0.0,desarrollo,0,4,3,1,4
HH001212,HNW,0.0,holdout,,,,,
HH001213,HNW,0.0,desarrollo,3,4,1,4,2
HH001214,HNW,0.0,desarrollo,2,3,3,0,3
HH001215,HNW,0.0,desarrollo,0,3,3,0,0
HH001216,HNW,0.0,desarrollo,1,3,2,2,1
HH001217,HNW,0.0,desarrollo,0,4,3,1,0
HH001218,HNW,0.0,desarrollo,1,3,3,0,0
HH001219,HNW,0.0,desarrollo,0,2,0,1,4
HH001220,HNW,0.0,holdout,,,,,
HH001221,HNW,0.0,holdout,,,,,
HH001222,UHNW,0.0,holdout,,,,,
HH001223,HNW,0.0,desarrollo,1,2,0,0,0
HH001224,HNW,0.0,desarrollo,3,1,0,4,0
HH001225,HNW,0.0,desarrollo,0,2,4,3,4
HH001226,HNW,0.0,desarrollo,2,2,3,4,1
HH001227,HNW,0.0,desarrollo,2,3,4,2,3
HH001228,HNW,0.0,desarrollo,3,4,0,2,3
HH001229,HNW,0.0,holdout,,,,,
HH001230,HNW,1.0,desarrollo,1,1,3,1,1
HH001231,HNW,0.0,holdout,,,,,
HH001232,HNW,0.0,desarrollo,2,4,4,2,1
HH001233,HNW,0.0,desarrollo,1,2,4,3,1
HH001234,HNW,0.0,desarrollo,3,2,3,2,0
HH001235,HNW,0.0,holdout,,,,,
HH001236,HNW,,excluido,,,,,
HH001237,HNW,0.0,holdout,,,,,
HH001238,HNW,0.0,desarrollo,4,0,3,4,0
HH001239,HNW,0.0,desarrollo,3,1,1,4,1
HH001240,HNW,0.0,desarrollo,4,0,4,0,2
HH001241,HNW,0.0,holdout,,,,,
HH001242,HNW,0.0,desarrollo,0,0,4,2,3
HH001243,HNW,0.0,holdout,,,,,
HH001244,HNW,0.0,desarrollo,1,3,3,0,3
HH001245,HNW,0.0,holdout,,,,,
HH001246,HNW,0.0,desarrollo,1,1,3,2,2
HH001247,HNW,1.0,desarrollo,1,4,0,3,0
HH001248,HNW,0.0,holdout,,,,,
HH001249,HNW,0.0,holdout,,,,,
HH001250,HNW,0.0,desarrollo,0,3,3,2,3
HH001251,HNW,0.0,desarrollo,1,2,2,3,1
HH001252,HNW,0.0,desarrollo,3,1,1,3,4
HH001253,HNW,0.0,desarrollo,4,0,1,2,3
HH001254,HNW,0.0,desarrollo,4,0,4,0,2
HH001255,HNW,0.0,desarrollo,3,2,0,4,2
HH001256,HNW,0.0,desarrollo,2,4,1,0,1
HH001257,HNW,0.0,desarrollo,4,3,2,1,3
HH001258,HNW,0.0,desarrollo,4,3,0,4,4
HH001259,HNW,0.0,desarrollo,3,4,2,3,2
HH001260,HNW,0.0,holdout,,,,,
HH001261,HNW,0.0,desarrollo,2,3,3,0,0
HH001262,HNW,0.0,desarrollo,0,2,0,0,4
HH001263,HNW,0.0,desarrollo,3,1,0,4,3
HH001264,HNW,0.0,holdout,,,,,
HH001265,HNW,0.0,desarrollo,2,3,4,1,4
HH001266,HNW,0.0,desarrollo,4,3,3,3,4
HH001267,HNW,0.0,desarrollo,0,3,0,0,4
HH001268,HNW,0.0,holdout,,,,,
HH001269,HNW,0.0,holdout,,,,,
HH001270,HNW,0.0,desarrollo,1,3,0,4,0
HH001271,HNW,0.0,desarrollo,0,2,3,2,3
HH001272,HNW,0.0,desarrollo,2,2,2,0,4
HH001273,UHNW,0.0,holdout,,,,,
HH001274,HNW,0.0,desarrollo,1,1,1,2,0
HH001275,HNW,0.0,holdout,,,,,
HH001276,HNW,0.0,desarrollo,2,1,3,2,3
HH001277,HNW,0.0,holdout,,,,,
HH001278,HNW,0.0,desarrollo,2,3,3,1,0
HH001279,UHNW,0.0,holdout,,,,,
HH001280,HNW,0.0,holdout,,,,,
HH001281,HNW,0.0,holdout,,,,,
HH001282,HNW,0.0,holdout,,,,,
HH001283,HNW,0.0,holdout,,,,,
HH001284,HNW,0.0,holdout,,,,,
HH001285,HNW,0.0,desarrollo,0,1,1,2,3
HH001286,HNW,0.0,holdout,,,,,
HH001287,HNW,1.0,desarrollo,0,3,1,4,0
HH001288,HNW,0.0,holdout,,,,,
HH001289,HNW,0.0,desarrollo,4,2,3,4,3
HH001290,HNW,0.0,desarrollo,4,1,1,1,0
HH001291,HNW,0.0,desarrollo,2,3,0,1,3
HH001292,HNW,0.0,desarrollo,0,3,4,0,0
HH001293,HNW,0.0,desarrollo,4,1,2,2,3
HH001294,HNW,0.0,desarrollo,4,1,0,2,0
HH001295,HNW,0.0,desarrollo,1,3,0,4,4
HH001296,HNW,0.0,desarrollo,2,4,4,2,1
HH001297,HNW,0.0,holdout,,,,,
HH001298,HNW,0.0,holdout,,,,,
HH001299,HNW,0.0,desarrollo,1,4,4,4,4
HH001300,HNW,0.0,desarrollo,4,3,2,0,4
HH001301,HNW,,excluido,,,,,
HH001302,HNW,0.0,holdout,,,,,
HH001303,HNW,0.0,desarrollo,4,0,0,0,1
HH001304,HNW,0.0,desarrollo,2,2,0,4,4
HH001305,HNW,0.0,desarrollo,4,2,1,1,3
HH001306,HNW,0.0,desarrollo,0,0,4,1,2
HH001307,HNW,0.0,holdout,,,,,
HH001308,HNW,1.0,desarrollo,0,4,1,0,0
HH001309,HNW,0.0,desarrollo,0,2,4,1,2
HH001310,HNW,0.0,desarrollo,4,0,3,0,4
HH001311,HNW,0.0,desarrollo,0,2,2,0,3
HH001312,HNW,0.0,desarrollo,2,2,1,0,3
HH001313,HNW,0.0,desarrollo,0,0,0,1,1
HH001314,HNW,0.0,holdout,,,,,
HH001315,HNW,0.0,desarrollo,4,4,3,3,4
HH001316,HNW,0.0,holdout,,,,,
HH001317,HNW,0.0,desarrollo,2,2,3,2,1
HH001318,HNW,0.0,holdout,,,,,
HH001319,HNW,0.0,desarrollo,0,1,2,1,2
HH001320,HNW,0.0,holdout,,,,,
HH001321,HNW,0.0,desarrollo,1,3,1,4,1
HH001322,HNW,0.0,desarrollo,4,4,0,3,2
HH001323,HNW,0.0,desarrollo,1,4,4,0,1
HH001324,HNW,0.0,desarrollo,3,4,0,3,4
HH001325,HNW,0.0,desarrollo,4,1,0,1,0
HH001326,HNW,0.0,holdout,,,,,
HH001327,HNW,0.0,desarrollo,2,4,3,1,0
HH001328,HNW,0.0,holdout,,,,,
HH001329,HNW,0.0,desarrollo,2,0,2,1,0
HH001330,HNW,0.0,desarrollo,0,2,2,3,1
HH001331,HNW,0.0,desarrollo,4,4,4,0,3
HH001332,HNW,0.0,desarrollo,0,4,1,0,4
HH001333,HNW,0.0,holdout,,,,,
HH001334,HNW,0.0,holdout,,,,,
HH001335,HNW,0.0,desarrollo,2,1,3,1,3
HH001336,HNW,0.0,desarrollo,0,2,0,3,1
HH001337,HNW,0.0,desarrollo,4,0,4,0,2
HH001338,HNW,0.0,desarrollo,2,3,0,0,1
HH001339,HNW,0.0,desarrollo,3,2,1,2,2
HH001340,HNW,0.0,desarrollo,2,1,2,1,3
HH001341,HNW,0.0,desarrollo,4,1,2,3,2
HH001342,HNW,0.0,desarrollo,0,2,4,1,4
HH001343,HNW,0.0,desarrollo,4,1,4,2,0
HH001344,HNW,0.0,desarrollo,3,1,0,0,4
HH001345,HNW,0.0,holdout,,,,,
HH001346,HNW,0.0,desarrollo,1,2,1,2,1
HH001347,HNW,0.0,holdout,,,,,
HH001348,HNW,0.0,desarrollo,1,4,2,4,1
HH001349,HNW,0.0,holdout,,,,,
HH001350,HNW,0.0,desarrollo,3,1,3,4,2
HH001351,HNW,0.0,desarrollo,0,3,0,0,0
HH001352,HNW,0.0,desarrollo,0,2,1,1,4
HH001353,HNW,0.0,desarrollo,4,3,4,1,2
HH001354,HNW,0.0,holdout,,,,,
HH001355,HNW,0.0,desarrollo,4,2,2,0,2
HH001356,HNW,0.0,holdout,,,,,
HH001357,HNW,0.0,desarrollo,2,0,1,4,1
HH001358,HNW,0.0,desarrollo,0,2,1,3,3
HH001359,HNW,1.0,holdout,,,,,
HH001360,HNW,0.0,desarrollo,1,4,0,2,4
HH001361,HNW,0.0,desarrollo,0,1,3,1,0
HH001362,HNW,0.0,desarrollo,3,3,3,3,4
HH001363,HNW,0.0,desarrollo,1,2,0,3,3
HH001364,HNW,0.0,holdout,,,,,
HH001365,HNW,0.0,desarrollo,1,2,2,3,2
HH001366,HNW,0.0,desarrollo,2,4,4,2,4
HH001367,HNW,1.0,holdout,,,,,
HH001368,HNW,1.0,holdout,,,,,
HH001369,HNW,0.0,desarrollo,3,2,3,0,4
HH001370,HNW,0.0,holdout,,,,,
HH001371,HNW,0.0,desarrollo,3,4,3,0,0
HH001372,HNW,0.0,desarrollo,1,1,2,3,0
HH001373,HNW,0.0,desarrollo,0,1,3,0,1
HH001374,HNW,0.0,desarrollo,1,0,0,4,0
HH001375,HNW,0.0,desarrollo,1,3,4,0,3
HH001376,HNW,0.0,desarrollo,4,1,3,3,3
HH001377,HNW,0.0,desarrollo,2,1,3,3,0
HH001378,HNW,0.0,desarrollo,4,1,2,2,2
HH001379,HNW,0.0,holdout,,,,,
HH001380,HNW,0.0,holdout,,,,,
HH001381,UHNW,0.0,desarrollo,3,4,2,0,2
HH001382,HNW,0.0,holdout,,,,,
HH001383,HNW,0.0,holdout,,,,,
HH001384,HNW,0.0,desarrollo,1,1,2,0,1
HH001385,HNW,0.0,desarrollo,3,3,3,0,4
HH001386,HNW,0.0,desarrollo,0,0,1,2,1
HH001387,HNW,0.0,desarrollo,3,3,2,1,3
HH001388,HNW,0.0,desarrollo,1,1,4,3,1
HH001389,HNW,0.0,desarrollo,2,2,3,3,4
HH001390,HNW,1.0,holdout,,,,,
HH001391,HNW,0.0,desarrollo,2,1,2,2,0
HH001392,HNW,0.0,holdout,,,,,
HH001393,HNW,0.0,holdout,,,,,
HH001394,HNW,0.0,holdout,,,,,
HH001395,HNW,0.0,holdout,,,,,
HH001396,HNW,0.0,desarrollo,1,4,3,4,0
HH001397,HNW,0.0,desarrollo,0,1,3,2,3
HH001398,HNW,0.0,desarrollo,4,2,4,1,4
HH001399,HNW,0.0,desarrollo,0,4,1,1,2
HH001400,UHNW,0.0,holdout,,,,,
HH001401,HNW,0.0,holdout,,,,,
HH001402,HNW,0.0,desarrollo,2,1,1,4,3
HH001403,HNW,0.0,holdout,,,,,
HH001404,HNW,0.0,holdout,,,,,
HH001405,UHNW,0.0,desarrollo,0,3,4,2,2
HH001406,HNW,0.0,desarrollo,3,0,2,4,1
HH001407,HNW,0.0,desarrollo,2,2,3,1,2
HH001408,HNW,0.0,holdout,,,,,
HH001409,HNW,0.0,desarrollo,3,1,4,1,4
HH001410,HNW,0.0,desarrollo,0,1,2,1,0
HH001411,HNW,0.0,desarrollo,4,1,3,0,4
HH001412,HNW,0.0,holdout,,,,,
HH001413,HNW,0.0,holdout,,,,,
HH001414,HNW,0.0,holdout,,,,,
HH001415,HNW,0.0,desarrollo,3,0,2,4,0
HH001416,HNW,0.0,desarrollo,1,3,3,0,2
HH001417,HNW,0.0,desarrollo,1,2,4,1,2
HH001418,HNW,0.0,holdout,,,,,
HH001419,HNW,0.0,desarrollo,0,4,3,3,2
HH001420,HNW,0.0,desarrollo,0,3,0,1,4
HH001421,HNW,0.0,desarrollo,4,4,0,0,4
HH001422,HNW,1.0,desarrollo,1,2,1,3,1
HH001423,HNW,0.0,holdout,,,,,
HH001424,HNW,0.0,holdout,,,,,
HH001425,HNW,0.0,desarrollo,0,1,3,0,0
HH001426,HNW,0.0,desarrollo,3,4,4,1,0
HH001427,HNW,0.0,desarrollo,2,2,2,2,2
HH001428,HNW,0.0,holdout,,,,,
HH001429,HNW,0.0,desarrollo,3,1,2,2,4
HH001430,HNW,0.0,desarrollo,2,1,1,4,1
HH001431,HNW,0.0,holdout,,,,,
HH001432,HNW,0.0,desarrollo,3,2,4,3,3
HH001433,HNW,0.0,desarrollo,2,2,2,1,0
HH001434,HNW,0.0,desarrollo,2,1,1,4,2
HH001435,HNW,0.0,desarrollo,4,0,2,4,0
HH001436,UHNW,0.0,desarrollo,1,1,1,4,4
HH001437,HNW,0.0,holdout,,,,,
HH001438,HNW,0.0,desarrollo,1,4,4,4,0
HH001439,HNW,0.0,desarrollo,3,1,3,1,3
HH001440,HNW,0.0,desarrollo,0,1,1,0,0
HH001441,HNW,0.0,holdout,,,,,
HH001442,HNW,0.0,desarrollo,2,3,4,0,1
HH001443,HNW,0.0,desarrollo,1,1,4,0,3
HH001444,HNW,0.0,holdout,,,,,
HH001445,HNW,0.0,desarrollo,3,2,0,1,1
HH001446,UHNW,0.0,desarrollo,3,3,0,1,4
HH001447,HNW,0.0,desarrollo,1,1,2,2,0
HH001448,HNW,0.0,holdout,,,,,
HH001449,HNW,1.0,desarrollo,4,3,2,1,3
HH001450,HNW,0.0,desarrollo,3,0,4,3,4
HH001451,HNW,0.0,desarrollo,4,0,3,1,1
HH001452,HNW,0.0,desarrollo,3,2,3,3,1
HH001453,HNW,0.0,holdout,,,,,
HH001454,HNW,0.0,desarrollo,2,3,4,0,2
HH001455,HNW,0.0,desarrollo,2,3,2,4,4
HH001456,HNW,1.0,desarrollo,1,3,2,0,4
HH001457,HNW,0.0,holdout,,,,,
HH001458,HNW,0.0,desarrollo,0,3,0,2,3
HH001459,HNW,0.0,desarrollo,4,0,3,1,4
HH001460,HNW,0.0,desarrollo,2,0,4,1,1
HH001461,HNW,0.0,holdout,,,,,
HH001462,HNW,1.0,desarrollo,1,1,3,3,3
HH001463,HNW,0.0,desarrollo,3,2,1,4,3
HH001464,HNW,0.0,desarrollo,4,3,1,3,4
HH001465,HNW,1.0,desarrollo,1,4,0,1,3
HH001466,HNW,0.0,desarrollo,2,1,2,1,2
HH001467,HNW,0.0,holdout,,,,,
HH001468,HNW,0.0,desarrollo,1,1,0,1,1
HH001469,HNW,0.0,holdout,,,,,
HH001470,HNW,0.0,holdout,,,,,
HH001471,UHNW,0.0,desarrollo,1,3,0,2,0
HH001472,HNW,0.0,desarrollo,2,2,0,2,1
HH001473,HNW,0.0,desarrollo,3,2,2,1,4
HH001474,HNW,0.0,desarrollo,0,4,3,3,2
HH001475,HNW,0.0,desarrollo,3,2,3,2,2
HH001476,HNW,0.0,holdout,,,,,
HH001477,HNW,0.0,desarrollo,1,1,2,3,3
HH001478,HNW,0.0,desarrollo,2,1,2,4,2
HH001479,HNW,0.0,desarrollo,1,0,1,0,2
HH001480,HNW,0.0,holdout,,,,,
HH001481,HNW,0.0,desarrollo,1,2,0,2,0
HH001482,HNW,0.0,desarrollo,1,2,4,4,4
HH001483,HNW,0.0,holdout,,,,,
HH001484,HNW,0.0,desarrollo,3,1,4,3,3
HH001485,HNW,0.0,desarrollo,2,4,1,0,3
HH001486,HNW,0.0,desarrollo,4,1,3,4,1
HH001487,HNW,0.0,desarrollo,1,2,1,2,2
HH001488,HNW,0.0,holdout,,,,,
HH001489,HNW,0.0,holdout,,,,,
HH001490,UHNW,0.0,desarrollo,4,4,0,2,2
HH001491,HNW,0.0,desarrollo,4,2,2,3,4
HH001492,HNW,0.0,desarrollo,2,2,3,4,2
HH001493,UHNW,0.0,desarrollo,2,4,2,4,2
HH001494,HNW,0.0,desarrollo,4,1,3,1,2
HH001495,HNW,1.0,desarrollo,0,3,1,0,1
HH001496,HNW,0.0,desarrollo,3,3,3,0,3
HH001497,HNW,0.0,desarrollo,2,0,2,4,2
HH001498,HNW,0.0,desarrollo,0,4,1,0,3
HH001499,HNW,0.0,desarrollo,4,0,3,1,4
HH001500,HNW,0.0,desarrollo,0,4,3,3,1
HH001501,HNW,0.0,desarrollo,2,0,3,1,3
HH001502,HNW,0.0,desarrollo,4,2,0,1,2
HH001503,HNW,0.0,desarrollo,2,4,2,0,4
HH001504,HNW,0.0,holdout,,,,,
HH001505,HNW,0.0,holdout,,,,,
HH001506,HNW,0.0,desarrollo,1,2,3,0,0
HH001507,HNW,0.0,desarrollo,1,3,2,1,3
HH001508,HNW,0.0,holdout,,,,,
HH001509,HNW,0.0,holdout,,,,,
HH001510,HNW,0.0,holdout,,,,,
HH001511,HNW,0.0,desarrollo,2,1,1,2,1
HH001512,HNW,0.0,desarrollo,2,1,4,3,4
HH001513,HNW,0.0,desarrollo,2,1,3,2,2
HH001514,HNW,0.0,desarrollo,2,4,0,3,0
HH001515,HNW,0.0,holdout,,,,,
HH001516,HNW,0.0,desarrollo,4,1,2,0,1
HH001517,HNW,0.0,desarrollo,3,2,4,2,2
HH001518,HNW,0.0,desarrollo,3,1,1,4,4
HH001519,HNW,0.0,desarrollo,0,4,4,0,2
HH001520,HNW,0.0,holdout,,,,,
HH001521,UHNW,1.0,desarrollo,2,1,1,4,1
HH001522,HNW,0.0,desarrollo,4,3,3,4,1
HH001523,HNW,0.0,desarrollo,3,0,4,0,4
HH001524,HNW,0.0,holdout,,,,,
HH001525,HNW,0.0,desarrollo,0,4,2,1,3
HH001526,HNW,0.0,desarrollo,0,3,1,4,3
HH001527,HNW,0.0,desarrollo,0,2,4,1,0
HH001528,HNW,0.0,desarrollo,2,0,2,3,1
HH001529,HNW,0.0,holdout,,,,,
HH001530,HNW,0.0,desarrollo,2,3,0,4,3
HH001531,HNW,0.0,holdout,,,,,
HH001532,HNW,0.0,holdout,,,,,
HH001533,UHNW,0.0,desarrollo,0,1,0,3,3
HH001534,HNW,0.0,desarrollo,2,3,3,0,0
HH001535,UHNW,0.0,desarrollo,3,2,4,3,4
HH001536,HNW,0.0,desarrollo,2,1,1,4,3
HH001537,HNW,1.0,holdout,,,,,
HH001538,HNW,0.0,holdout,,,,,
HH001539,HNW,0.0,desarrollo,1,1,2,3,2
HH001540,HNW,0.0,desarrollo,4,3,1,3,0
HH001541,HNW,0.0,desarrollo,0,1,2,3,3
HH001542,HNW,0.0,desarrollo,1,3,1,1,0
HH001543,HNW,0.0,desarrollo,3,4,4,3,1
HH001544,HNW,0.0,desarrollo,0,3,2,4,3
HH001545,HNW,0.0,desarrollo,3,2,2,2,4
HH001546,HNW,0.0,desarrollo,1,0,2,4,3
HH001547,HNW,0.0,holdout,,,,,
HH001548,HNW,0.0,holdout,,,,,
HH001549,HNW,0.0,holdout,,,,,
HH001550,HNW,0.0,desarrollo,4,0,1,1,1
HH001551,HNW,0.0,holdout,,,,,
HH001552,HNW,0.0,holdout,,,,,
HH001553,HNW,0.0,holdout,,,,,
HH001554,HNW,0.0,desarrollo,2,1,0,1,3
HH001555,HNW,0.0,desarrollo,3,2,2,4,2
HH001556,HNW,0.0,desarrollo,4,3,3,3,2
HH001557,UHNW,1.0,holdout,,,,,
HH001558,HNW,0.0,desarrollo,0,2,0,2,1
HH001559,HNW,0.0,desarrollo,0,1,0,1,4
HH001560,HNW,0.0,holdout,,,,,
HH001561,HNW,0.0,holdout,,,,,
HH001562,HNW,0.0,holdout,,,,,
HH001563,HNW,0.0,desarrollo,2,1,4,1,1
HH001564,HNW,0.0,desarrollo,0,3,2,1,2
HH001565,HNW,0.0,desarrollo,0,4,3,4,0
HH001566,HNW,1.0,desarrollo,2,3,0,1,1
HH001567,HNW,0.0,holdout,,,,,
HH001568,HNW,0.0,desarrollo,4,1,2,2,4
HH001569,HNW,0.0,desarrollo,4,4,0,2,0
HH001570,UHNW,0.0,desarrollo,4,3,1,4,0
HH001571,HNW,0.0,desarrollo,3,4,3,3,3
HH001572,HNW,0.0,desarrollo,2,2,3,0,2
HH001573,HNW,0.0,desarrollo,3,1,0,0,0
HH001574,HNW,0.0,desarrollo,3,4,1,2,3
HH001575,HNW,0.0,holdout,,,,,
HH001576,HNW,0.0,desarrollo,0,3,4,0,3
HH001577,UHNW,0.0,desarrollo,2,1,4,3,3
HH001578,HNW,0.0,holdout,,,,,
HH001579,HNW,0.0,desarrollo,0,1,2,1,2
HH001580,HNW,0.0,desarrollo,3,1,4,0,0
HH001581,HNW,0.0,desarrollo,3,3,2,3,1
HH001582,HNW,0.0,desarrollo,3,4,3,2,0
HH001583,HNW,0.0,desarrollo,4,0,4,3,0
HH001584,HNW,0.0,holdout,,,,,
HH001585,HNW,1.0,holdout,,,,,
HH001586,HNW,0.0,desarrollo,4,1,1,2,4
HH001587,HNW,0.0,desarrollo,1,1,0,1,4
HH001588,HNW,0.0,desarrollo,4,0,0,2,0
HH001589,HNW,0.0,desarrollo,0,0,4,3,3
HH001590,HNW,0.0,desarrollo,4,3,3,1,3
HH001591,HNW,0.0,desarrollo,2,3,4,1,1
HH001592,HNW,0.0,desarrollo,3,4,1,3,1
HH001593,HNW,0.0,desarrollo,4,3,1,3,0
HH001594,HNW,1.0,holdout,,,,,
HH001595,HNW,0.0,desarrollo,3,3,4,3,3
HH001596,HNW,0.0,desarrollo,3,2,4,3,1
HH001597,UHNW,0.0,desarrollo,3,1,0,3,0
HH001598,HNW,0.0,desarrollo,1,1,2,1,3
HH001599,HNW,0.0,desarrollo,0,1,3,3,4
HH001600,HNW,0.0,holdout,,,,,
HH001601,HNW,0.0,desarrollo,3,2,0,3,4
HH001602,HNW,0.0,holdout,,,,,
HH001603,HNW,1.0,desarrollo,4,2,3,4,2
HH001604,HNW,1.0,desarrollo,1,3,2,0,1
HH001605,HNW,0.0,desarrollo,3,0,3,2,0
HH001606,HNW,1.0,desarrollo,2,2,3,2,0
HH001607,HNW,0.0,desarrollo,2,4,1,0,0
HH001608,HNW,0.0,desarrollo,4,4,4,0,4
HH001609,HNW,0.0,holdout,,,,,
HH001610,HNW,0.0,desarrollo,4,3,3,3,3
HH001611,HNW,0.0,desarrollo,2,3,4,3,3
HH001612,HNW,0.0,holdout,,,,,
HH001613,HNW,0.0,desarrollo,4,2,0,1,0
HH001614,HNW,0.0,desarrollo,1,0,2,4,1
HH001615,HNW,0.0,desarrollo,0,4,1,0,3
HH001616,HNW,0.0,holdout,,,,,
HH001617,HNW,0.0,desarrollo,1,4,2,4,2
HH001618,HNW,0.0,desarrollo,0,2,2,2,0
HH001619,HNW,0.0,desarrollo,1,0,1,0,3
HH001620,HNW,0.0,holdout,,,,,
HH001621,HNW,0.0,holdout,,,,,
HH001622,HNW,0.0,desarrollo,2,4,2,0,2
HH001623,HNW,1.0,holdout,,,,,
HH001624,HNW,0.0,holdout,,,,,
HH001625,HNW,0.0,desarrollo,0,2,2,4,4
HH001626,HNW,0.0,desarrollo,0,0,1,3,1
HH001627,HNW,1.0,holdout,,,,,
HH001628,HNW,0.0,desarrollo,3,4,2,3,4
HH001629,HNW,0.0,desarrollo,2,4,4,0,1
HH001630,HNW,0.0,holdout,,,,,
HH001631,HNW,0.0,holdout,,,,,
HH001632,HNW,0.0,holdout,,,,,
HH001633,HNW,0.0,desarrollo,2,3,2,3,4
HH001634,HNW,0.0,desarrollo,0,1,0,2,3
HH001635,HNW,0.0,desarrollo,4,1,3,4,3
HH001636,HNW,0.0,desarrollo,1,0,1,1,1
HH001637,HNW,0.0,desarrollo,0,4,0,2,1
HH001638,HNW,0.0,holdout,,,,,
HH001639,HNW,0.0,desarrollo,0,4,0,2,1
HH001640,HNW,0.0,desarrollo,3,1,0,2,1
HH001641,HNW,0.0,desarrollo,3,3,0,2,2
HH001642,HNW,0.0,desarrollo,0,0,2,0,2
HH001643,HNW,1.0,holdout,,,,,
HH001644,HNW,0.0,holdout,,,,,
HH001645,HNW,0.0,holdout,,,,,
HH001646,HNW,0.0,desarrollo,0,4,2,0,1
HH001647,HNW,0.0,desarrollo,0,0,3,3,3
HH001648,HNW,0.0,desarrollo,1,3,2,0,2
HH001649,HNW,0.0,desarrollo,1,0,3,0,0
HH001650,HNW,0.0,desarrollo,0,3,4,4,2
HH001651,HNW,0.0,desarrollo,2,3,0,4,0
HH001652,HNW,0.0,desarrollo,4,4,2,4,4
HH001653,HNW,1.0,desarrollo,3,4,2,3,3
HH001654,HNW,0.0,desarrollo,1,4,0,3,1
HH001655,HNW,0.0,desarrollo,1,4,1,1,0
HH001656,HNW,0.0,desarrollo,0,0,2,4,2
HH001657,HNW,0.0,desarrollo,1,1,4,4,4
HH001658,HNW,1.0,holdout,,,,,
HH001659,HNW,0.0,desarrollo,2,3,2,4,4
HH001660,HNW,0.0,holdout,,,,,
HH001661,HNW,0.0,desarrollo,3,3,0,4,4
HH001662,HNW,0.0,holdout,,,,,
HH001663,HNW,0.0,desarrollo,1,1,4,2,1
HH001664,HNW,0.0,holdout,,,,,
HH001665,HNW,0.0,desarrollo,0,1,4,2,4
HH001666,HNW,0.0,desarrollo,1,4,2,2,0
HH001667,HNW,0.0,holdout,,,,,
HH001668,HNW,0.0,desarrollo,1,3,3,4,4
HH001669,HNW,0.0,desarrollo,3,3,0,0,3
HH001670,HNW,0.0,desarrollo,1,4,3,2,1
HH001671,HNW,0.0,desarrollo,2,2,4,1,2
HH001672,HNW,0.0,desarrollo,3,3,3,2,4
HH001673,HNW,0.0,desarrollo,2,1,3,2,3
HH001674,HNW,,excluido,,,,,
HH001675,HNW,0.0,desarrollo,2,1,4,2,0
HH001676,HNW,0.0,desarrollo,4,4,3,2,0
HH001677,HNW,0.0,desarrollo,1,0,3,0,2
HH001678,HNW,0.0,desarrollo,0,1,2,0,4
HH001679,HNW,0.0,holdout,,,,,
HH001680,HNW,0.0,desarrollo,3,3,1,0,3
HH001681,HNW,0.0,desarrollo,3,4,4,1,3
HH001682,HNW,0.0,desarrollo,3,4,4,1,3
HH001683,HNW,0.0,desarrollo,4,4,1,4,2
HH001684,UHNW,0.0,desarrollo,3,1,2,0,3
HH001685,UHNW,0.0,desarrollo,0,3,0,4,1
HH001686,HNW,0.0,holdout,,,,,
HH001687,HNW,1.0,desarrollo,0,3,3,3,0
HH001688,HNW,0.0,desarrollo,3,2,4,1,4
HH001689,HNW,0.0,desarrollo,2,4,4,2,1
HH001690,HNW,0.0,holdout,,,,,
HH001691,HNW,0.0,desarrollo,3,0,4,3,2
HH001692,HNW,0.0,desarrollo,2,4,2,0,1
HH001693,HNW,0.0,desarrollo,1,0,2,2,1
HH001694,HNW,0.0,desarrollo,1,0,3,2,2
HH001695,HNW,0.0,holdout,,,,,
HH001696,HNW,0.0,desarrollo,0,0,3,1,1
HH001697,HNW,0.0,desarrollo,3,0,2,2,1
HH001698,HNW,0.0,desarrollo,2,0,0,3,3
HH001699,HNW,0.0,desarrollo,3,4,0,0,2
HH001700,HNW,0.0,desarrollo,4,1,4,4,4
HH001701,HNW,0.0,desarrollo,1,2,3,0,3
HH001702,HNW,0.0,desarrollo,1,2,3,2,3
HH001703,HNW,0.0,desarrollo,4,4,3,1,2
HH001704,HNW,0.0,desarrollo,1,1,4,1,0
HH001705,HNW,0.0,desarrollo,1,4,0,3,1
HH001706,HNW,1.0,desarrollo,0,1,4,2,1
HH001707,HNW,0.0,desarrollo,4,3,4,3,4
HH001708,HNW,0.0,holdout,,,,,
HH001709,HNW,1.0,holdout,,,,,
HH001710,HNW,0.0,holdout,,,,,
HH001711,HNW,0.0,holdout,,,,,
HH001712,HNW,1.0,desarrollo,1,2,3,1,4
HH001713,HNW,0.0,desarrollo,4,1,0,3,4
HH001714,HNW,0.0,desarrollo,1,0,3,3,3
HH001715,HNW,0.0,desarrollo,3,0,3,4,2
HH001716,HNW,0.0,desarrollo,2,1,3,3,1
HH001717,HNW,0.0,holdout,,,,,
HH001718,HNW,0.0,holdout,,,,,
HH001719,HNW,0.0,holdout,,,,,
HH001720,HNW,0.0,desarrollo,4,3,1,4,3
HH001721,HNW,0.0,desarrollo,2,0,1,0,0
HH001722,HNW,0.0,holdout,,,,,
HH001723,HNW,0.0,desarrollo,1,3,2,1,1
HH001724,HNW,0.0,holdout,,,,,
HH001725,HNW,0.0,desarrollo,1,4,2,0,4
HH001726,HNW,0.0,desarrollo,0,4,0,2,1
HH001727,HNW,0.0,desarrollo,1,4,0,4,4
HH001728,HNW,0.0,desarrollo,3,0,4,2,1
HH001729,HNW,0.0,desarrollo,4,0,4,4,0
HH001730,HNW,0.0,holdout,,,,,
HH001731,HNW,1.0,desarrollo,3,0,1,3,4
HH001732,HNW,0.0,holdout,,,,,
HH001733,HNW,0.0,desarrollo,4,4,2,0,2
HH001734,HNW,0.0,desarrollo,1,2,4,3,1
HH001735,HNW,0.0,desarrollo,0,2,3,3,2
HH001736,HNW,0.0,holdout,,,,,
HH001737,HNW,0.0,desarrollo,3,1,0,2,4
HH001738,HNW,0.0,desarrollo,4,4,2,4,2
HH001739,HNW,0.0,desarrollo,0,3,4,0,0
HH001740,HNW,0.0,holdout,,,,,
HH001741,HNW,0.0,desarrollo,4,4,3,2,1
HH001742,HNW,0.0,holdout,,,,,
HH001743,HNW,0.0,holdout,,,,,
HH001744,HNW,0.0,desarrollo,1,3,2,2,1
HH001745,HNW,0.0,holdout,,,,,
HH001746,HNW,0.0,desarrollo,3,1,4,0,0
HH001747,HNW,0.0,desarrollo,1,0,3,2,3
HH001748,HNW,0.0,desarrollo,0,4,0,3,0
HH001749,HNW,0.0,desarrollo,1,2,3,0,0
HH001750,HNW,0.0,holdout,,,,,
HH001751,HNW,0.0,desarrollo,4,0,0,4,4
HH001752,HNW,1.0,desarrollo,0,0,4,3,2
HH001753,HNW,0.0,desarrollo,0,1,0,3,3
HH001754,HNW,0.0,desarrollo,3,2,4,4,0
HH001755,HNW,0.0,holdout,,,,,
HH001756,HNW,0.0,desarrollo,3,0,2,1,1
HH001757,HNW,0.0,desarrollo,2,2,4,3,1
HH001758,HNW,0.0,desarrollo,0,2,1,4,4
HH001759,HNW,0.0,desarrollo,4,2,2,4,0
HH001760,HNW,0.0,desarrollo,0,2,0,4,4
HH001761,HNW,0.0,desarrollo,4,2,1,1,3
HH001762,HNW,0.0,holdout,,,,,
HH001763,HNW,0.0,desarrollo,0,1,1,3,0
HH001764,HNW,0.0,desarrollo,0,2,4,1,1
HH001765,HNW,0.0,desarrollo,4,1,3,1,2
HH001766,HNW,1.0,holdout,,,,,
HH001767,HNW,0.0,desarrollo,0,2,4,4,2
HH001768,HNW,0.0,desarrollo,4,4,3,3,4
HH001769,UHNW,0.0,desarrollo,0,4,4,2,0
HH001770,HNW,0.0,desarrollo,4,3,3,1,0
HH001771,HNW,0.0,desarrollo,4,1,3,4,2
HH001772,HNW,0.0,desarrollo,4,0,4,4,3
HH001773,HNW,0.0,desarrollo,2,2,0,0,2
HH001774,HNW,0.0,holdout,,,,,
HH001775,HNW,0.0,desarrollo,4,4,2,3,4
HH001776,HNW,0.0,desarrollo,2,1,3,2,1
HH001777,HNW,0.0,desarrollo,2,4,0,0,4
HH001778,HNW,0.0,holdout,,,,,
HH001779,HNW,0.0,desarrollo,4,0,1,3,4
HH001780,HNW,0.0,desarrollo,0,3,0,1,2
HH001781,HNW,0.0,desarrollo,2,1,0,1,2
HH001782,HNW,0.0,holdout,,,,,
HH001783,HNW,0.0,desarrollo,0,3,4,4,4
HH001784,HNW,0.0,desarrollo,1,4,1,0,0
HH001785,HNW,0.0,holdout,,,,,
HH001786,HNW,0.0,holdout,,,,,
HH001787,HNW,0.0,desarrollo,2,1,4,4,1
HH001788,HNW,0.0,holdout,,,,,
HH001789,HNW,0.0,desarrollo,2,4,1,2,1
HH001790,HNW,0.0,desarrollo,4,3,3,2,4
HH001791,HNW,0.0,desarrollo,3,3,4,0,2
HH001792,HNW,0.0,desarrollo,3,4,2,1,1
HH001793,HNW,0.0,desarrollo,2,1,4,3,1
HH001794,HNW,0.0,desarrollo,4,2,1,0,3
HH001795,HNW,0.0,desarrollo,3,4,0,4,3
HH001796,HNW,0.0,desarrollo,2,4,0,2,3
HH001797,HNW,0.0,desarrollo,4,3,0,1,2
HH001798,HNW,1.0,desarrollo,3,3,0,3,4
HH001799,HNW,0.0,desarrollo,3,3,4,4,3
HH001800,HNW,0.0,desarrollo,4,1,1,1,2
HH001801,HNW,0.0,desarrollo,1,4,1,3,4
HH001802,HNW,0.0,desarrollo,2,4,2,3,0
HH001803,HNW,0.0,holdout,,,,,
HH001804,HNW,0.0,desarrollo,2,3,2,2,0
HH001805,HNW,0.0,holdout,,,,,
HH001806,HNW,0.0,desarrollo,0,1,1,2,2
HH001807,HNW,0.0,desarrollo,2,0,1,1,4
HH001808,HNW,0.0,desarrollo,2,4,0,1,1
HH001809,HNW,0.0,desarrollo,2,0,2,4,0
HH001810,HNW,0.0,desarrollo,4,2,1,3,1
HH001811,HNW,0.0,desarrollo,3,0,3,1,2
HH001812,HNW,0.0,desarrollo,4,4,4,0,2
HH001813,HNW,0.0,desarrollo,1,0,2,1,1
HH001814,HNW,0.0,desarrollo,4,4,4,1,4
HH001815,HNW,0.0,desarrollo,1,2,0,1,2
HH001816,HNW,0.0,desarrollo,3,3,2,3,2
HH001817,HNW,0.0,holdout,,,,,
HH001818,HNW,0.0,desarrollo,0,3,3,0,1
HH001819,HNW,0.0,desarrollo,4,3,0,2,3
HH001820,HNW,0.0,holdout,,,,,
HH001821,HNW,0.0,desarrollo,0,0,0,4,1
HH001822,UHNW,0.0,holdout,,,,,
HH001823,HNW,0.0,desarrollo,0,0,3,0,1
HH001824,HNW,0.0,holdout,,,,,
HH001825,HNW,0.0,desarrollo,0,1,0,2,1
HH001826,HNW,0.0,holdout,,,,,
HH001827,HNW,0.0,holdout,,,,,
HH001828,HNW,0.0,holdout,,,,,
HH001829,HNW,0.0,desarrollo,2,4,3,3,2
HH001830,HNW,1.0,desarrollo,2,2,4,4,1
HH001831,UHNW,0.0,desarrollo,4,0,1,1,2
HH001832,HNW,0.0,desarrollo,0,1,2,3,2
HH001833,HNW,0.0,desarrollo,2,2,4,1,1
HH001834,HNW,0.0,holdout,,,,,
HH001835,HNW,0.0,desarrollo,4,0,2,4,2
HH001836,HNW,0.0,holdout,,,,,
HH001837,HNW,0.0,holdout,,,,,
HH001838,HNW,0.0,holdout,,,,,
HH001839,HNW,0.0,holdout,,,,,
HH001840,HNW,0.0,desarrollo,3,2,1,3,1
HH001841,HNW,0.0,desarrollo,2,2,3,2,3
HH001842,HNW,0.0,desarrollo,3,3,4,0,4
HH001843,HNW,0.0,desarrollo,4,3,1,3,2
HH001844,HNW,0.0,desarrollo,0,3,3,4,3
HH001845,HNW,0.0,desarrollo,1,2,4,3,2
HH001846,HNW,0.0,holdout,,,,,
HH001847,HNW,0.0,holdout,,,,,
HH001848,HNW,0.0,holdout,,,,,
HH001849,HNW,0.0,desarrollo,1,3,4,2,4
HH001850,HNW,0.0,desarrollo,4,3,1,3,3
HH001851,HNW,0.0,desarrollo,2,1,2,0,3
HH001852,HNW,0.0,holdout,,,,,
HH001853,HNW,1.0,holdout,,,,,
HH001854,UHNW,0.0,holdout,,,,,
HH001855,UHNW,1.0,desarrollo,4,2,0,3,4
HH001856,HNW,0.0,desarrollo,3,1,0,2,2
HH001857,HNW,0.0,holdout,,,,,
HH001858,UHNW,0.0,holdout,,,,,
HH001859,HNW,0.0,desarrollo,0,3,0,3,4
HH001860,HNW,0.0,desarrollo,4,2,4,2,3
HH001861,HNW,0.0,desarrollo,0,1,3,2,0
HH001862,HNW,0.0,desarrollo,2,0,0,3,1
HH001863,HNW,0.0,desarrollo,2,3,4,0,4
HH001864,HNW,0.0,desarrollo,3,1,1,0,4
HH001865,HNW,0.0,desarrollo,1,3,4,1,0
HH001866,UHNW,0.0,desarrollo,1,4,1,3,2
HH001867,HNW,0.0,holdout,,,,,
HH001868,HNW,0.0,desarrollo,2,3,2,4,4
HH001869,HNW,0.0,desarrollo,1,3,3,1,1
HH001870,HNW,0.0,desarrollo,1,0,3,0,0
HH001871,HNW,0.0,desarrollo,0,4,2,2,1
HH001872,HNW,0.0,desarrollo,2,4,3,1,3
HH001873,HNW,0.0,holdout,,,,,
HH001874,HNW,0.0,holdout,,,,,
HH001875,HNW,0.0,desarrollo,4,3,4,2,4
HH001876,HNW,0.0,desarrollo,0,2,2,3,1
HH001877,HNW,0.0,desarrollo,0,4,4,3,2
HH001878,HNW,0.0,desarrollo,4,3,1,2,1
HH001879,HNW,0.0,holdout,,,,,
HH001880,HNW,1.0,holdout,,,,,
HH001881,HNW,0.0,holdout,,,,,
HH001882,HNW,0.0,desarrollo,1,2,1,3,1
HH001883,HNW,0.0,holdout,,,,,
HH001884,HNW,0.0,desarrollo,4,2,3,2,4
HH001885,HNW,0.0,holdout,,,,,
HH001886,HNW,0.0,holdout,,,,,
HH001887,HNW,0.0,desarrollo,4,0,1,0,3
HH001888,HNW,0.0,desarrollo,4,2,4,2,3
HH001889,HNW,0.0,holdout,,,,,
HH001890,HNW,0.0,desarrollo,0,1,4,0,3
HH001891,HNW,0.0,desarrollo,2,4,3,1,0
HH001892,HNW,0.0,holdout,,,,,
HH001893,HNW,0.0,desarrollo,4,2,3,4,2
HH001894,HNW,0.0,desarrollo,3,0,2,4,3
HH001895,HNW,0.0,desarrollo,1,1,0,1,4
HH001896,HNW,0.0,holdout,,,,,
HH001897,HNW,0.0,desarrollo,4,2,3,1,0
HH001898,HNW,0.0,desarrollo,4,4,0,0,0
HH001899,HNW,0.0,desarrollo,0,1,3,0,0
HH001900,HNW,0.0,desarrollo,3,0,0,2,1
HH001901,HNW,0.0,desarrollo,3,3,3,1,2
HH001902,HNW,0.0,desarrollo,1,2,4,2,3
HH001903,HNW,0.0,holdout,,,,,
HH001904,HNW,0.0,desarrollo,1,0,1,0,4
HH001905,HNW,0.0,desarrollo,3,0,1,1,4
HH001906,HNW,0.0,desarrollo,3,3,3,4,1
HH001907,HNW,0.0,holdout,,,,,
HH001908,HNW,1.0,desarrollo,0,1,3,3,1
HH001909,HNW,0.0,desarrollo,0,4,2,0,1
HH001910,HNW,0.0,desarrollo,1,3,4,4,3
HH001911,HNW,0.0,desarrollo,0,2,0,4,1
HH001912,HNW,0.0,desarrollo,3,3,3,2,4
HH001913,HNW,0.0,desarrollo,2,1,0,3,2
HH001914,HNW,0.0,desarrollo,1,4,1,2,4
HH001915,HNW,0.0,desarrollo,3,2,3,1,4
HH001916,HNW,0.0,holdout,,,,,
HH001917,HNW,0.0,holdout,,,,,
HH001918,HNW,0.0,desarrollo,2,1,0,1,2
HH001919,HNW,0.0,desarrollo,0,2,3,2,2
HH001920,HNW,0.0,holdout,,,,,
HH001921,HNW,0.0,desarrollo,0,1,1,4,3
HH001922,HNW,0.0,desarrollo,1,2,0,1,4
HH001923,HNW,1.0,desarrollo,0,2,3,0,2
HH001924,HNW,0.0,holdout,,,,,
HH001925,HNW,1.0,desarrollo,0,4,2,4,0
HH001926,HNW,0.0,desarrollo,1,4,1,1,1
HH001927,HNW,0.0,desarrollo,1,3,0,2,3
HH001928,HNW,0.0,desarrollo,1,2,0,3,2
HH001929,HNW,0.0,desarrollo,2,3,0,2,0
HH001930,HNW,0.0,desarrollo,4,2,3,3,4
HH001931,HNW,1.0,desarrollo,0,4,1,4,3
HH001932,UHNW,0.0,holdout,,,,,
HH001933,HNW,0.0,desarrollo,3,3,1,1,3
HH001934,HNW,0.0,desarrollo,0,2,1,0,3
HH001935,HNW,0.0,desarrollo,3,1,2,1,0
HH001936,HNW,0.0,holdout,,,,,
HH001937,HNW,0.0,desarrollo,1,3,2,3,2
HH001938,HNW,0.0,desarrollo,0,1,4,2,4
HH001939,UHNW,0.0,holdout,,,,,
HH001940,HNW,0.0,holdout,,,,,
HH001941,UHNW,0.0,desarrollo,2,0,1,0,4
HH001942,HNW,0.0,desarrollo,0,3,1,4,3
HH001943,HNW,0.0,desarrollo,3,2,0,3,4
HH001944,HNW,0.0,desarrollo,2,4,3,0,4
HH001945,HNW,0.0,desarrollo,1,4,3,3,0
HH001946,HNW,1.0,desarrollo,0,2,1,4,1
HH001947,HNW,1.0,holdout,,,,,
HH001948,HNW,0.0,desarrollo,1,2,4,3,2
HH001949,HNW,0.0,holdout,,,,,
HH001950,HNW,0.0,holdout,,,,,
HH001951,HNW,0.0,holdout,,,,,
HH001952,HNW,0.0,desarrollo,4,1,3,0,4
HH001953,HNW,0.0,desarrollo,3,0,2,4,2
HH001954,HNW,0.0,desarrollo,0,4,1,1,3
HH001955,UHNW,0.0,holdout,,,,,
HH001956,HNW,0.0,desarrollo,0,1,1,1,2
HH001957,HNW,0.0,desarrollo,2,2,3,1,1
HH001958,HNW,0.0,desarrollo,2,1,0,2,3
HH001959,HNW,0.0,holdout,,,,,
HH001960,HNW,0.0,desarrollo,1,3,2,4,2
HH001961,UHNW,1.0,desarrollo,0,3,4,2,3
HH001962,HNW,0.0,desarrollo,3,0,4,0,3
HH001963,HNW,0.0,desarrollo,0,3,1,0,0
HH001964,HNW,0.0,desarrollo,3,0,0,1,0
HH001965,HNW,0.0,desarrollo,2,3,3,0,3
HH001966,HNW,0.0,desarrollo,1,4,3,4,1
HH001967,HNW,0.0,holdout,,,,,
HH001968,HNW,0.0,holdout,,,,,
HH001969,HNW,0.0,holdout,,,,,
HH001970,HNW,0.0,desarrollo,2,4,1,3,4
HH001971,UHNW,0.0,desarrollo,0,4,3,1,4
HH001972,HNW,0.0,holdout,,,,,
HH001973,HNW,0.0,desarrollo,3,1,2,1,4
HH001974,HNW,0.0,desarrollo,1,3,1,0,0
HH001975,HNW,0.0,desarrollo,4,2,0,0,0
HH001976,HNW,0.0,holdout,,,,,
HH001977,HNW,0.0,desarrollo,0,3,4,3,2
HH001978,HNW,0.0,holdout,,,,,
HH001979,HNW,0.0,desarrollo,2,4,3,2,0
HH001980,HNW,0.0,holdout,,,,,
HH001981,HNW,0.0,holdout,,,,,
HH001982,HNW,0.0,holdout,,,,,
HH001983,HNW,0.0,desarrollo,3,3,0,4,0
HH001984,HNW,0.0,desarrollo,4,2,3,0,3
HH001985,HNW,0.0,desarrollo,3,3,0,0,4
HH001986,HNW,0.0,desarrollo,1,2,1,0,2
HH001987,HNW,,excluido,,,,,
HH001988,HNW,0.0,desarrollo,3,0,1,0,4
HH001989,HNW,0.0,desarrollo,1,3,4,2,1
HH001990,HNW,0.0,desarrollo,2,4,1,0,4
HH001991,HNW,0.0,desarrollo,4,3,4,0,0
HH001992,HNW,1.0,holdout,,,,,
HH001993,HNW,0.0,holdout,,,,,
HH001994,HNW,0.0,desarrollo,3,2,3,2,1
HH001995,HNW,0.0,holdout,,,,,
HH001996,UHNW,0.0,desarrollo,0,1,4,0,1
HH001997,HNW,0.0,desarrollo,0,0,0,2,0
HH001998,HNW,0.0,holdout,,,,,
HH001999,HNW,0.0,desarrollo,0,4,3,2,3
HH002000,HNW,0.0,holdout,,,,,
HH002001,HNW,0.0,holdout,,,,,
HH002002,HNW,0.0,desarrollo,3,3,2,4,1
HH002003,HNW,0.0,desarrollo,4,4,0,4,4
HH002004,HNW,0.0,desarrollo,0,0,3,0,1
HH002005,HNW,0.0,desarrollo,2,4,0,2,4
HH002006,HNW,0.0,desarrollo,1,0,0,1,4
HH002007,HNW,0.0,desarrollo,1,2,1,3,4
HH002008,HNW,0.0,desarrollo,3,3,3,1,3
HH002009,HNW,0.0,holdout,,,,,
HH002010,HNW,0.0,holdout,,,,,
HH002011,HNW,0.0,desarrollo,3,1,4,4,0
HH002012,HNW,0.0,desarrollo,0,4,1,4,3
HH002013,HNW,0.0,desarrollo,1,2,1,2,3
HH002014,HNW,0.0,holdout,,,,,
HH002015,UHNW,0.0,desarrollo,1,1,2,1,1
HH002016,HNW,0.0,desarrollo,4,1,4,1,4
HH002017,HNW,0.0,desarrollo,3,2,1,3,0
HH002018,HNW,0.0,desarrollo,2,2,4,0,3
HH002019,HNW,0.0,desarrollo,2,3,3,3,1
HH002020,HNW,0.0,desarrollo,1,3,0,0,3
HH002021,HNW,0.0,holdout,,,,,
HH002022,HNW,0.0,desarrollo,1,2,0,0,0
HH002023,HNW,0.0,holdout,,,,,
HH002024,HNW,0.0,desarrollo,1,4,2,4,0
HH002025,HNW,0.0,holdout,,,,,
HH002026,HNW,0.0,desarrollo,3,1,2,4,2
HH002027,HNW,0.0,holdout,,,,,
HH002028,HNW,0.0,desarrollo,1,3,4,3,3
HH002029,HNW,0.0,desarrollo,1,1,0,0,2
HH002030,HNW,1.0,desarrollo,1,0,4,3,1
HH002031,HNW,0.0,desarrollo,3,3,3,2,1
HH002032,HNW,0.0,desarrollo,2,2,3,1,4
HH002033,HNW,0.0,holdout,,,,,
HH002034,HNW,0.0,holdout,,,,,
HH002035,HNW,0.0,desarrollo,1,2,4,2,1
HH002036,HNW,0.0,holdout,,,,,
HH002037,HNW,1.0,desarrollo,3,0,3,2,3
HH002038,HNW,0.0,holdout,,,,,
HH002039,HNW,0.0,desarrollo,1,3,3,3,1
HH002040,HNW,0.0,holdout,,,,,
HH002041,HNW,0.0,holdout,,,,,
HH002042,HNW,0.0,desarrollo,4,2,2,2,2
HH002043,HNW,0.0,holdout,,,,,
HH002044,HNW,0.0,holdout,,,,,
HH002045,HNW,0.0,desarrollo,4,4,3,2,4
HH002046,HNW,0.0,desarrollo,0,4,2,2,1
HH002047,HNW,0.0,desarrollo,0,2,4,4,0
HH002048,HNW,0.0,holdout,,,,,
HH002049,HNW,0.0,desarrollo,3,1,2,1,3
HH002050,HNW,0.0,desarrollo,2,2,2,2,0
HH002051,HNW,,excluido,,,,,
HH002052,HNW,0.0,holdout,,,,,
HH002053,HNW,0.0,holdout,,,,,
HH002054,HNW,0.0,holdout,,,,,
HH002055,HNW,0.0,holdout,,,,,
HH002056,HNW,0.0,desarrollo,3,2,2,3,4
HH002057,HNW,1.0,holdout,,,,,
HH002058,UHNW,0.0,holdout,,,,,
HH002059,HNW,0.0,desarrollo,4,2,4,2,1
HH002060,HNW,0.0,desarrollo,3,2,0,4,4
HH002061,HNW,0.0,desarrollo,0,2,1,3,3
HH002062,HNW,0.0,desarrollo,1,0,4,1,0
HH002063,HNW,0.0,desarrollo,4,2,0,4,2
HH002064,HNW,0.0,desarrollo,2,4,4,0,2
HH002065,HNW,1.0,desarrollo,3,1,0,4,3
HH002066,HNW,0.0,holdout,,,,,
HH002067,HNW,0.0,desarrollo,4,0,3,4,0
HH002068,UHNW,0.0,desarrollo,4,3,0,2,0
HH002069,HNW,0.0,desarrollo,2,2,0,0,1
HH002070,HNW,0.0,desarrollo,1,3,0,2,3
HH002071,HNW,0.0,desarrollo,0,2,1,1,2
HH002072,HNW,0.0,holdout,,,,,
HH002073,HNW,0.0,desarrollo,0,1,3,0,3
HH002074,HNW,0.0,desarrollo,0,1,0,2,3
HH002075,HNW,0.0,desarrollo,0,2,3,3,0
HH002076,HNW,0.0,holdout,,,,,
HH002077,HNW,0.0,desarrollo,2,0,2,2,2
HH002078,HNW,0.0,desarrollo,4,1,3,0,1
HH002079,HNW,0.0,holdout,,,,,
HH002080,HNW,0.0,desarrollo,3,1,2,4,4
HH002081,HNW,0.0,desarrollo,1,4,2,3,4
HH002082,HNW,0.0,holdout,,,,,
HH002083,HNW,1.0,holdout,,,,,
HH002084,HNW,0.0,desarrollo,2,2,4,1,4
HH002085,HNW,0.0,holdout,,,,,
HH002086,HNW,1.0,desarrollo,4,2,3,1,3
HH002087,HNW,0.0,holdout,,,,,
HH002088,HNW,0.0,holdout,,,,,
HH002089,HNW,0.0,holdout,,,,,
HH002090,UHNW,1.0,desarrollo,3,1,2,1,2
HH002091,HNW,1.0,desarrollo,1,0,4,0,3
HH002092,HNW,0.0,desarrollo,0,1,3,3,2
HH002093,HNW,0.0,desarrollo,4,0,0,1,3
HH002094,HNW,0.0,desarrollo,4,4,4,3,2
HH002095,UHNW,0.0,desarrollo,0,2,2,4,4
HH002096,HNW,0.0,desarrollo,4,4,1,4,3
HH002097,HNW,0.0,desarrollo,2,0,2,0,0
HH002098,UHNW,0.0,holdout,,,,,
HH002099,HNW,0.0,holdout,,,,,
HH002100,HNW,0.0,desarrollo,0,4,3,4,3
HH002101,HNW,0.0,desarrollo,4,3,2,0,1
HH002102,UHNW,1.0,desarrollo,2,2,0,2,4
HH002103,HNW,0.0,desarrollo,1,2,2,0,3
HH002104,HNW,0.0,desarrollo,2,0,4,4,1
HH002105,HNW,0.0,holdout,,,,,
HH002106,HNW,0.0,desarrollo,4,2,3,0,3
HH002107,HNW,0.0,desarrollo,1,0,2,3,4
HH002108,HNW,0.0,desarrollo,4,1,2,1,0
HH002109,UHNW,0.0,holdout,,,,,
HH002110,HNW,1.0,desarrollo,3,0,4,2,2
HH002111,HNW,0.0,desarrollo,3,0,4,2,2
HH002112,HNW,0.0,holdout,,,,,
HH002113,HNW,0.0,desarrollo,3,0,2,3,2
HH002114,HNW,1.0,desarrollo,1,4,3,2,2
HH002115,HNW,0.0,holdout,,,,,
HH002116,UHNW,1.0,desarrollo,0,2,4,3,2
HH002117,HNW,0.0,desarrollo,0,3,4,1,1
HH002118,HNW,0.0,desarrollo,2,3,4,2,2
HH002119,HNW,0.0,desarrollo,4,2,2,0,1
HH002120,HNW,0.0,holdout,,,,,
HH002121,HNW,0.0,desarrollo,4,1,2,2,0
HH002122,HNW,0.0,desarrollo,3,2,4,0,1
HH002123,HNW,0.0,desarrollo,2,4,0,1,4
HH002124,UHNW,0.0,desarrollo,0,1,4,1,4
HH002125,HNW,0.0,desarrollo,2,0,4,1,0
HH002126,HNW,0.0,holdout,,,,,
HH002127,HNW,1.0,holdout,,,,,
HH002128,HNW,0.0,desarrollo,0,2,2,0,0
HH002129,HNW,0.0,desarrollo,2,1,3,2,1
HH002130,HNW,0.0,desarrollo,0,3,2,4,2
HH002131,HNW,0.0,desarrollo,0,4,1,2,1
HH002132,HNW,0.0,desarrollo,4,1,0,1,4
HH002133,UHNW,0.0,desarrollo,4,2,2,4,1
HH002134,HNW,0.0,desarrollo,2,4,4,0,3
HH002135,HNW,0.0,desarrollo,0,0,0,2,0
HH002136,UHNW,0.0,desarrollo,4,4,4,2,2
HH002137,HNW,0.0,holdout,,,,,
HH002138,HNW,0.0,desarrollo,1,0,0,3,4
HH002139,HNW,0.0,desarrollo,3,4,0,2,4
HH002140,HNW,0.0,holdout,,,,,
HH002141,HNW,0.0,desarrollo,1,1,3,1,1
HH002142,HNW,0.0,desarrollo,1,1,1,3,1
HH002143,HNW,0.0,holdout,,,,,
HH002144,HNW,0.0,holdout,,,,,
HH002145,HNW,1.0,desarrollo,3,3,3,1,0
HH002146,HNW,0.0,holdout,,,,,
HH002147,HNW,0.0,desarrollo,2,2,3,4,3
HH002148,HNW,0.0,desarrollo,3,1,1,2,1
HH002149,HNW,0.0,holdout,,,,,
HH002150,HNW,1.0,desarrollo,1,2,4,4,0
HH002151,HNW,0.0,desarrollo,4,2,0,0,2
HH002152,HNW,0.0,desarrollo,3,3,4,2,2
HH002153,HNW,0.0,holdout,,,,,
HH002154,HNW,0.0,holdout,,,,,
HH002155,HNW,0.0,holdout,,,,,
HH002156,HNW,0.0,desarrollo,3,3,2,1,0
HH002157,HNW,0.0,desarrollo,1,4,2,3,0
HH002158,UHNW,0.0,holdout,,,,,
HH002159,HNW,0.0,desarrollo,3,2,2,2,0
HH002160,HNW,0.0,desarrollo,0,3,2,4,4
HH002161,UHNW,0.0,desarrollo,1,3,4,3,4
HH002162,HNW,0.0,holdout,,,,,
HH002163,HNW,,excluido,,,,,
HH002164,HNW,0.0,holdout,,,,,
HH002165,HNW,0.0,desarrollo,0,1,2,1,2
HH002166,HNW,0.0,desarrollo,2,3,0,2,3
HH002167,HNW,0.0,holdout,,,,,
HH002168,HNW,0.0,desarrollo,3,4,4,4,0
HH002169,HNW,0.0,desarrollo,4,4,3,2,2
HH002170,HNW,0.0,holdout,,,,,
HH002171,HNW,0.0,desarrollo,3,1,3,2,4
HH002172,HNW,0.0,desarrollo,4,2,1,1,0
HH002173,HNW,0.0,desarrollo,2,3,4,0,0
HH002174,HNW,0.0,desarrollo,3,2,3,3,1
HH002175,HNW,1.0,desarrollo,0,1,3,1,3
HH002176,HNW,0.0,holdout,,,,,
HH002177,HNW,0.0,desarrollo,3,0,1,4,0
HH002178,HNW,0.0,holdout,,,,,
HH002179,HNW,0.0,desarrollo,0,0,0,2,2
HH002180,HNW,0.0,holdout,,,,,
HH002181,UHNW,0.0,desarrollo,0,3,0,3,0
HH002182,HNW,0.0,holdout,,,,,
HH002183,HNW,0.0,holdout,,,,,
HH002184,HNW,0.0,holdout,,,,,
HH002185,HNW,0.0,holdout,,,,,
HH002186,HNW,0.0,desarrollo,0,0,2,3,4
HH002187,HNW,0.0,desarrollo,2,3,4,0,3
HH002188,HNW,0.0,holdout,,,,,
HH002189,HNW,0.0,desarrollo,0,0,0,0,1
HH002190,HNW,0.0,holdout,,,,,
HH002191,HNW,0.0,holdout,,,,,
HH002192,HNW,0.0,desarrollo,3,3,0,3,3
HH002193,HNW,0.0,desarrollo,1,0,4,0,3
HH002194,HNW,0.0,holdout,,,,,
HH002195,HNW,0.0,desarrollo,3,1,1,2,1
HH002196,HNW,0.0,desarrollo,0,0,3,4,3
HH002197,HNW,0.0,desarrollo,1,4,4,4,4
HH002198,UHNW,0.0,desarrollo,0,2,4,4,1
HH002199,HNW,1.0,desarrollo,0,0,2,4,1
HH002200,HNW,0.0,holdout,,,,,
HH002201,HNW,0.0,desarrollo,4,0,4,3,4
HH002202,HNW,0.0,holdout,,,,,
HH002203,HNW,0.0,holdout,,,,,
HH002204,HNW,0.0,desarrollo,2,1,2,0,4
HH002205,HNW,0.0,desarrollo,0,3,0,0,2
HH002206,HNW,0.0,desarrollo,1,1,3,0,3
HH002207,HNW,0.0,desarrollo,0,1,2,1,2
HH002208,HNW,0.0,desarrollo,2,4,4,0,2
HH002209,UHNW,1.0,desarrollo,3,0,3,4,3
HH002210,HNW,0.0,desarrollo,3,2,0,1,0
HH002211,HNW,0.0,desarrollo,2,3,4,1,2
HH002212,HNW,0.0,desarrollo,0,2,1,1,1
HH002213,HNW,0.0,holdout,,,,,
HH002214,HNW,0.0,desarrollo,1,4,3,3,2
HH002215,HNW,0.0,holdout,,,,,
HH002216,HNW,0.0,desarrollo,1,1,1,4,3
HH002217,HNW,0.0,desarrollo,2,0,2,1,2
HH002218,HNW,0.0,desarrollo,3,0,3,1,4
HH002219,HNW,1.0,desarrollo,4,4,0,3,1
HH002220,HNW,0.0,desarrollo,1,1,1,3,2
HH002221,HNW,0.0,desarrollo,2,3,2,1,0
HH002222,HNW,0.0,desarrollo,3,4,1,2,4
HH002223,HNW,0.0,holdout,,,,,
HH002224,HNW,0.0,holdout,,,,,
HH002225,HNW,0.0,holdout,,,,,
HH002226,HNW,0.0,holdout,,,,,
HH002227,HNW,0.0,desarrollo,4,1,2,2,1
HH002228,HNW,0.0,desarrollo,3,1,1,4,2
HH002229,HNW,0.0,desarrollo,4,2,1,0,0
HH002230,HNW,0.0,holdout,,,,,
HH002231,HNW,0.0,desarrollo,0,2,3,0,4
HH002232,HNW,0.0,desarrollo,1,4,4,3,3
HH002233,HNW,0.0,desarrollo,2,4,0,4,3
HH002234,HNW,0.0,desarrollo,4,3,0,4,3
HH002235,HNW,0.0,desarrollo,3,0,0,1,1
HH002236,HNW,0.0,holdout,,,,,
HH002237,HNW,1.0,holdout,,,,,
HH002238,HNW,0.0,desarrollo,1,4,1,2,2
HH002239,HNW,0.0,desarrollo,3,2,1,0,4
HH002240,HNW,0.0,desarrollo,2,4,3,0,4
HH002241,HNW,0.0,desarrollo,2,3,3,2,3
HH002242,HNW,0.0,desarrollo,3,0,2,2,4
HH002243,UHNW,0.0,desarrollo,1,1,1,0,0
HH002244,HNW,0.0,holdout,,,,,
HH002245,HNW,0.0,desarrollo,2,2,1,3,3
HH002246,HNW,0.0,holdout,,,,,
HH002247,UHNW,0.0,desarrollo,2,1,2,0,2
HH002248,HNW,0.0,desarrollo,1,3,4,1,3
HH002249,HNW,0.0,holdout,,,,,
HH002250,HNW,0.0,holdout,,,,,
HH002251,HNW,0.0,desarrollo,0,2,4,0,3
HH002252,HNW,0.0,holdout,,,,,
HH002253,HNW,0.0,holdout,,,,,
HH002254,UHNW,0.0,desarrollo,0,2,4,2,4
HH002255,UHNW,0.0,desarrollo,0,0,0,2,0
HH002256,HNW,0.0,desarrollo,4,0,4,0,2
HH002257,HNW,0.0,desarrollo,0,3,0,2,0
HH002258,HNW,0.0,desarrollo,3,0,0,0,4
HH002259,HNW,0.0,holdout,,,,,
HH002260,HNW,0.0,holdout,,,,,
HH002261,HNW,0.0,desarrollo,2,3,2,4,0
HH002262,HNW,0.0,desarrollo,3,2,2,3,3
HH002263,HNW,0.0,desarrollo,2,1,3,2,3
HH002264,HNW,0.0,desarrollo,0,4,3,4,3
HH002265,HNW,0.0,desarrollo,2,4,1,0,0
HH002266,HNW,0.0,holdout,,,,,
HH002267,HNW,0.0,desarrollo,3,3,3,3,2
HH002268,HNW,0.0,holdout,,,,,
HH002269,HNW,0.0,desarrollo,1,2,4,0,3
HH002270,HNW,0.0,desarrollo,2,1,3,2,1
HH002271,HNW,0.0,holdout,,,,,
HH002272,HNW,0.0,holdout,,,,,
HH002273,HNW,0.0,desarrollo,2,1,0,4,4
HH002274,HNW,0.0,desarrollo,2,4,2,1,0
HH002275,HNW,0.0,holdout,,,,,
HH002276,HNW,0.0,desarrollo,3,4,1,1,4
HH002277,HNW,0.0,holdout,,,,,
HH002278,HNW,0.0,desarrollo,4,1,0,3,0
HH002279,HNW,0.0,desarrollo,0,4,1,2,4
HH002280,HNW,0.0,desarrollo,2,4,3,3,0
HH002281,HNW,0.0,desarrollo,4,2,0,2,1
HH002282,HNW,0.0,desarrollo,2,3,1,2,2
HH002283,HNW,0.0,desarrollo,2,0,2,2,2
HH002284,HNW,0.0,holdout,,,,,
HH002285,HNW,0.0,desarrollo,3,4,3,0,2
HH002286,HNW,0.0,desarrollo,3,2,1,0,2
HH002287,HNW,0.0,desarrollo,2,3,2,1,1
HH002288,HNW,0.0,holdout,,,,,
HH002289,HNW,0.0,desarrollo,1,3,2,4,1
HH002290,HNW,0.0,desarrollo,0,3,1,3,1
HH002291,HNW,0.0,desarrollo,4,1,1,1,1
HH002292,UHNW,0.0,holdout,,,,,
HH002293,HNW,0.0,desarrollo,3,0,3,4,4
HH002294,HNW,0.0,holdout,,,,,
HH002295,HNW,0.0,holdout,,,,,
HH002296,HNW,0.0,desarrollo,1,0,2,0,0
HH002297,HNW,0.0,desarrollo,1,0,0,3,4
HH002298,HNW,0.0,desarrollo,3,3,4,2,2
HH002299,HNW,0.0,desarrollo,1,3,2,3,4
HH002300,HNW,0.0,desarrollo,0,4,3,2,3
HH002301,HNW,0.0,desarrollo,0,2,0,4,3
HH002302,HNW,0.0,desarrollo,0,4,1,4,0
HH002303,HNW,0.0,holdout,,,,,
HH002304,HNW,0.0,desarrollo,3,4,3,4,2
HH002305,HNW,0.0,holdout,,,,,
HH002306,HNW,0.0,holdout,,,,,
HH002307,HNW,0.0,desarrollo,0,4,4,2,1
HH002308,HNW,0.0,desarrollo,3,2,0,0,4
HH002309,HNW,0.0,desarrollo,3,4,1,2,0
HH002310,HNW,0.0,holdout,,,,,
HH002311,HNW,0.0,holdout,,,,,
HH002312,HNW,0.0,holdout,,,,,
HH002313,HNW,0.0,desarrollo,2,4,0,3,4
HH002314,HNW,0.0,desarrollo,3,0,1,1,4
HH002315,HNW,0.0,desarrollo,1,3,1,3,3
HH002316,HNW,0.0,desarrollo,2,2,2,1,3
HH002317,HNW,0.0,desarrollo,2,1,0,0,3
HH002318,HNW,1.0,desarrollo,1,3,2,4,2
HH002319,HNW,0.0,holdout,,,,,
HH002320,HNW,0.0,desarrollo,1,1,2,1,0
HH002321,HNW,0.0,desarrollo,3,4,4,3,0
HH002322,HNW,0.0,desarrollo,2,1,0,0,2
HH002323,UHNW,0.0,desarrollo,2,2,1,3,1
HH002324,HNW,0.0,desarrollo,1,2,1,1,1
HH002325,HNW,1.0,desarrollo,0,1,3,4,0
HH002326,HNW,0.0,desarrollo,1,4,4,2,1
HH002327,HNW,0.0,desarrollo,3,4,1,4,4
HH002328,HNW,0.0,desarrollo,1,0,2,0,0
HH002329,HNW,0.0,holdout,,,,,
HH002330,HNW,0.0,desarrollo,0,2,1,1,4
HH002331,HNW,1.0,desarrollo,3,0,3,2,1
HH002332,HNW,0.0,holdout,,,,,
HH002333,HNW,0.0,desarrollo,4,1,4,1,4
HH002334,HNW,0.0,holdout,,,,,
HH002335,HNW,0.0,desarrollo,2,2,4,1,1
HH002336,HNW,1.0,desarrollo,0,3,3,4,4
HH002337,HNW,0.0,holdout,,,,,
HH002338,HNW,0.0,holdout,,,,,
HH002339,HNW,0.0,desarrollo,0,4,3,1,1
HH002340,HNW,0.0,desarrollo,2,3,3,3,3
HH002341,HNW,1.0,desarrollo,1,4,3,2,1
HH002342,HNW,0.0,desarrollo,3,0,1,4,4
HH002343,HNW,0.0,desarrollo,4,4,2,1,1
HH002344,HNW,0.0,desarrollo,0,1,1,3,3
HH002345,HNW,0.0,desarrollo,1,0,0,0,3
HH002346,HNW,0.0,desarrollo,4,3,3,3,1
HH002347,HNW,0.0,holdout,,,,,
HH002348,HNW,0.0,desarrollo,1,3,4,0,2
HH002349,HNW,0.0,desarrollo,4,3,4,3,3
HH002350,HNW,0.0,holdout,,,,,
HH002351,HNW,0.0,desarrollo,4,0,1,4,4
HH002352,HNW,0.0,desarrollo,4,2,1,2,2
HH002353,HNW,0.0,desarrollo,2,2,4,1,4
HH002354,HNW,0.0,desarrollo,4,3,2,1,3
HH002355,HNW,0.0,desarrollo,2,4,2,3,4
HH002356,HNW,0.0,desarrollo,2,4,3,2,2
HH002357,HNW,0.0,desarrollo,1,0,2,3,3
HH002358,HNW,0.0,holdout,,,,,
HH002359,HNW,0.0,desarrollo,4,4,1,3,1
HH002360,HNW,0.0,holdout,,,,,
HH002361,HNW,0.0,holdout,,,,,
HH002362,HNW,0.0,desarrollo,4,2,4,2,3
HH002363,HNW,0.0,desarrollo,2,4,3,3,4
HH002364,HNW,0.0,holdout,,,,,
HH002365,HNW,0.0,holdout,,,,,
HH002366,HNW,0.0,desarrollo,2,0,0,1,1
HH002367,HNW,0.0,desarrollo,1,0,0,1,3
HH002368,HNW,0.0,holdout,,,,,
HH002369,HNW,0.0,holdout,,,,,
HH002370,HNW,0.0,desarrollo,3,1,3,0,1
HH002371,HNW,0.0,holdout,,,,,
HH002372,HNW,0.0,holdout,,,,,
HH002373,HNW,0.0,holdout,,,,,
HH002374,HNW,0.0,holdout,,,,,
HH002375,HNW,0.0,desarrollo,1,1,4,1,4
HH002376,HNW,1.0,desarrollo,1,3,1,0,3
HH002377,HNW,0.0,desarrollo,0,1,3,2,2
HH002378,UHNW,0.0,desarrollo,1,3,4,3,2
HH002379,HNW,0.0,desarrollo,3,4,2,4,4
HH002380,HNW,0.0,desarrollo,1,4,1,2,1
HH002381,HNW,,excluido,,,,,
HH002382,HNW,0.0,desarrollo,3,3,0,3,0
HH002383,HNW,0.0,desarrollo,2,4,0,1,0
HH002384,HNW,0.0,holdout,,,,,
HH002385,HNW,0.0,desarrollo,1,2,0,4,2
HH002386,HNW,0.0,desarrollo,0,0,4,0,4
HH002387,HNW,0.0,holdout,,,,,
HH002388,HNW,0.0,desarrollo,1,4,0,4,1
HH002389,HNW,0.0,desarrollo,1,0,1,1,1
HH002390,UHNW,0.0,desarrollo,1,4,0,1,1
HH002391,HNW,0.0,desarrollo,1,0,1,0,4
HH002392,HNW,0.0,holdout,,,,,
HH002393,HNW,0.0,desarrollo,4,4,2,4,0
HH002394,HNW,0.0,desarrollo,1,2,0,2,1
HH002395,HNW,0.0,desarrollo,4,2,3,2,0
HH002396,HNW,0.0,desarrollo,2,4,0,1,4
HH002397,UHNW,,excluido,,,,,
HH002398,HNW,1.0,holdout,,,,,
HH002399,HNW,1.0,desarrollo,1,1,3,4,0
HH002400,HNW,0.0,holdout,,,,,
HH002401,HNW,0.0,desarrollo,4,0,1,1,4
HH002402,HNW,0.0,desarrollo,1,1,1,2,0
HH002403,HNW,0.0,desarrollo,3,1,3,1,0
HH002404,HNW,0.0,desarrollo,0,1,0,4,1
HH002405,HNW,0.0,holdout,,,,,
HH002406,HNW,0.0,desarrollo,1,2,3,0,2
HH002407,HNW,0.0,desarrollo,3,1,0,1,3
HH002408,HNW,0.0,desarrollo,3,4,3,2,4
HH002409,HNW,0.0,desarrollo,3,2,4,4,3
HH002410,HNW,1.0,holdout,,,,,
HH002411,HNW,0.0,desarrollo,3,1,3,4,3
HH002412,HNW,0.0,desarrollo,2,0,4,3,1
HH002413,HNW,0.0,holdout,,,,,
HH002414,HNW,0.0,desarrollo,2,1,4,4,3
HH002415,HNW,0.0,holdout,,,,,
HH002416,HNW,0.0,desarrollo,4,4,0,4,0
HH002417,HNW,0.0,desarrollo,4,3,4,3,4
HH002418,HNW,0.0,desarrollo,1,0,2,2,1
HH002419,HNW,0.0,holdout,,,,,
HH002420,HNW,0.0,desarrollo,3,2,2,1,1
HH002421,HNW,0.0,desarrollo,4,3,3,2,2
HH002422,HNW,0.0,desarrollo,3,1,1,4,3
HH002423,HNW,0.0,desarrollo,0,3,2,4,3
HH002424,HNW,1.0,desarrollo,1,2,3,1,1
HH002425,HNW,0.0,holdout,,,,,
HH002426,HNW,0.0,desarrollo,1,2,1,4,2
HH002427,HNW,0.0,desarrollo,4,2,0,2,0
HH002428,HNW,0.0,holdout,,,,,
HH002429,HNW,0.0,desarrollo,1,1,3,2,0
HH002430,UHNW,1.0,desarrollo,2,4,3,2,3
HH002431,HNW,0.0,desarrollo,0,0,0,1,1
HH002432,HNW,0.0,desarrollo,1,0,4,2,1
HH002433,HNW,0.0,desarrollo,0,4,3,3,2
HH002434,HNW,0.0,desarrollo,0,0,2,2,3
HH002435,HNW,0.0,desarrollo,4,2,4,4,0
HH002436,HNW,0.0,holdout,,,,,
HH002437,HNW,0.0,holdout,,,,,
HH002438,HNW,0.0,holdout,,,,,
HH002439,HNW,0.0,holdout,,,,,
HH002440,HNW,0.0,desarrollo,0,2,0,3,4
HH002441,HNW,0.0,desarrollo,0,1,3,4,4
HH002442,HNW,0.0,desarrollo,2,3,1,1,2
HH002443,HNW,0.0,desarrollo,3,4,0,4,3
HH002444,HNW,0.0,desarrollo,2,3,2,1,4
HH002445,HNW,0.0,desarrollo,0,0,0,4,1
HH002446,HNW,0.0,desarrollo,2,0,4,2,3
HH002447,HNW,0.0,holdout,,,,,
HH002448,HNW,0.0,desarrollo,1,3,3,3,1
HH002449,HNW,0.0,holdout,,,,,
HH002450,HNW,0.0,holdout,,,,,
HH002451,HNW,0.0,desarrollo,3,4,0,3,2
HH002452,HNW,0.0,desarrollo,4,3,3,1,1
HH002453,HNW,0.0,desarrollo,3,0,2,1,4
HH002454,HNW,1.0,desarrollo,4,3,3,3,3
HH002455,HNW,0.0,holdout,,,,,
HH002456,HNW,0.0,desarrollo,0,3,0,3,0
HH002457,HNW,0.0,desarrollo,4,0,0,2,3
HH002458,HNW,0.0,holdout,,,,,
HH002459,HNW,0.0,desarrollo,2,0,4,4,4
HH002460,UHNW,0.0,desarrollo,4,2,0,4,1
HH002461,HNW,0.0,desarrollo,1,2,4,3,4
HH002462,HNW,0.0,desarrollo,4,4,4,3,2
HH002463,HNW,0.0,desarrollo,3,3,0,3,4
HH002464,HNW,0.0,desarrollo,1,1,4,4,0
HH002465,HNW,0.0,desarrollo,3,2,4,3,2
HH002466,HNW,0.0,desarrollo,3,2,1,1,3
HH002467,HNW,0.0,holdout,,,,,
HH002468,UHNW,0.0,holdout,,,,,
HH002469,HNW,0.0,desarrollo,3,4,4,1,2
HH002470,HNW,0.0,desarrollo,0,4,4,0,1
HH002471,HNW,0.0,holdout,,,,,
HH002472,HNW,0.0,desarrollo,1,4,1,4,3
HH002473,HNW,0.0,holdout,,,,,
HH002474,HNW,1.0,desarrollo,2,3,0,0,2
HH002475,HNW,0.0,holdout,,,,,
HH002476,HNW,0.0,desarrollo,4,2,3,0,3
HH002477,HNW,0.0,holdout,,,,,
HH002478,HNW,0.0,holdout,,,,,
HH002479,HNW,0.0,desarrollo,2,2,3,3,0
HH002480,HNW,0.0,holdout,,,,,
HH002481,HNW,0.0,desarrollo,2,3,4,2,2
HH002482,UHNW,0.0,desarrollo,2,3,2,3,0
HH002483,HNW,0.0,holdout,,,,,
HH002484,HNW,0.0,desarrollo,0,2,4,2,1
HH002485,HNW,,excluido,,,,,
HH002486,UHNW,0.0,desarrollo,1,2,3,4,2
HH002487,HNW,0.0,desarrollo,0,1,1,0,4
HH002488,HNW,1.0,desarrollo,4,1,0,4,2
HH002489,HNW,0.0,holdout,,,,,
HH002490,HNW,0.0,holdout,,,,,
HH002491,HNW,1.0,desarrollo,3,4,3,0,0
HH002492,HNW,0.0,desarrollo,4,3,0,0,0
HH002493,HNW,0.0,desarrollo,4,4,1,1,4
HH002494,HNW,0.0,holdout,,,,,
HH002495,HNW,0.0,desarrollo,0,3,4,3,3
HH002496,HNW,0.0,desarrollo,2,3,1,4,1
HH002497,UHNW,0.0,holdout,,,,,
HH002498,HNW,0.0,desarrollo,0,1,0,3,3
HH002499,HNW,0.0,desarrollo,3,4,2,3,2
HH002500,HNW,0.0,desarrollo,2,1,0,3,0
HH002501,HNW,0.0,desarrollo,3,2,1,0,1
HH002502,HNW,0.0,desarrollo,4,4,2,3,0
HH002503,UHNW,0.0,desarrollo,3,2,3,2,2
HH002504,HNW,0.0,desarrollo,0,3,2,4,3
HH002505,HNW,0.0,desarrollo,4,2,4,0,1
HH002506,HNW,0.0,holdout,,,,,
HH002507,HNW,0.0,desarrollo,1,3,0,1,2
HH002508,HNW,0.0,holdout,,,,,
HH002509,HNW,0.0,desarrollo,0,0,0,1,3
HH002510,HNW,0.0,desarrollo,0,1,2,4,3
HH002511,HNW,0.0,holdout,,,,,
HH002512,HNW,0.0,desarrollo,2,3,2,3,0
HH002513,HNW,0.0,holdout,,,,,
HH002514,HNW,0.0,desarrollo,4,1,2,4,2
HH002515,HNW,0.0,desarrollo,2,1,0,2,2
HH002516,HNW,0.0,desarrollo,2,3,3,4,1
HH002517,HNW,0.0,desarrollo,4,1,1,1,3
HH002518,HNW,0.0,desarrollo,0,2,0,3,2
HH002519,HNW,0.0,holdout,,,,,
HH002520,HNW,0.0,desarrollo,1,4,0,3,4
HH002521,HNW,0.0,desarrollo,3,3,0,1,0
HH002522,HNW,0.0,desarrollo,0,2,0,2,0
HH002523,HNW,0.0,desarrollo,2,3,0,1,4
HH002524,UHNW,0.0,desarrollo,0,2,0,3,1
HH002525,HNW,0.0,holdout,,,,,
HH002526,HNW,0.0,desarrollo,0,0,2,1,4
HH002527,HNW,0.0,desarrollo,3,0,1,3,1
HH002528,HNW,0.0,desarrollo,2,0,0,4,1
HH002529,HNW,0.0,desarrollo,4,2,3,0,3
HH002530,HNW,1.0,holdout,,,,,
HH002531,HNW,0.0,holdout,,,,,
HH002532,HNW,0.0,desarrollo,2,2,0,2,2
HH002533,HNW,0.0,holdout,,,,,
HH002534,HNW,0.0,holdout,,,,,
HH002535,HNW,0.0,desarrollo,2,4,1,2,1
HH002536,HNW,0.0,desarrollo,0,0,4,4,2
HH002537,HNW,0.0,desarrollo,0,0,2,4,0
HH002538,HNW,0.0,holdout,,,,,
HH002539,HNW,0.0,desarrollo,0,3,0,2,3
HH002540,HNW,0.0,desarrollo,4,3,1,3,2
HH002541,HNW,0.0,desarrollo,2,1,0,4,1
HH002542,HNW,0.0,desarrollo,0,0,2,0,3
HH002543,HNW,0.0,desarrollo,4,4,4,0,1
HH002544,HNW,0.0,desarrollo,1,1,3,3,1
HH002545,HNW,0.0,desarrollo,3,3,0,0,4
HH002546,HNW,1.0,desarrollo,4,3,3,3,2
HH002547,HNW,0.0,desarrollo,3,4,1,2,0
HH002548,HNW,0.0,desarrollo,3,1,4,1,2
HH002549,UHNW,0.0,desarrollo,1,1,0,0,2
HH002550,HNW,0.0,holdout,,,,,
HH002551,HNW,0.0,holdout,,,,,
HH002552,UHNW,0.0,desarrollo,2,0,4,3,1
HH002553,HNW,0.0,holdout,,,,,
HH002554,HNW,0.0,desarrollo,0,3,0,4,1
HH002555,HNW,0.0,holdout,,,,,
HH002556,HNW,0.0,desarrollo,1,3,3,3,4
HH002557,HNW,0.0,desarrollo,4,1,4,2,3
HH002558,HNW,0.0,desarrollo,0,3,1,1,3
HH002559,HNW,0.0,desarrollo,2,0,3,4,1
HH002560,HNW,0.0,desarrollo,4,0,2,4,1
HH002561,HNW,0.0,desarrollo,1,3,4,3,1
HH002562,HNW,0.0,desarrollo,0,1,0,0,3
HH002563,HNW,0.0,desarrollo,0,0,3,1,3
HH002564,UHNW,0.0,holdout,,,,,
HH002565,HNW,0.0,desarrollo,0,2,2,1,0
HH002566,HNW,0.0,desarrollo,2,3,3,0,0
HH002567,HNW,0.0,desarrollo,4,1,1,4,1
HH002568,HNW,0.0,desarrollo,1,0,4,3,3
HH002569,HNW,0.0,holdout,,,,,
HH002570,HNW,0.0,desarrollo,3,3,4,3,3
HH002571,HNW,0.0,desarrollo,2,0,3,1,3
HH002572,HNW,0.0,desarrollo,2,1,2,4,4
HH002573,HNW,0.0,holdout,,,,,
HH002574,HNW,0.0,holdout,,,,,
HH002575,HNW,0.0,desarrollo,0,1,4,1,0
HH002576,HNW,0.0,desarrollo,2,3,2,0,0
HH002577,HNW,0.0,holdout,,,,,
HH002578,HNW,0.0,desarrollo,0,0,2,0,2
HH002579,HNW,0.0,desarrollo,1,4,2,2,1
HH002580,HNW,0.0,holdout,,,,,
HH002581,HNW,0.0,desarrollo,1,0,0,0,3
HH002582,HNW,0.0,desarrollo,0,4,4,4,4
HH002583,HNW,0.0,desarrollo,2,4,2,2,0
HH002584,HNW,0.0,holdout,,,,,
HH002585,HNW,0.0,desarrollo,4,1,3,1,1
HH002586,HNW,0.0,desarrollo,2,3,4,1,2
HH002587,HNW,0.0,holdout,,,,,
HH002588,HNW,0.0,holdout,,,,,
HH002589,HNW,0.0,holdout,,,,,
HH002590,HNW,0.0,holdout,,,,,
HH002591,HNW,0.0,desarrollo,2,2,0,0,3
HH002592,HNW,0.0,holdout,,,,,
HH002593,HNW,0.0,desarrollo,3,0,2,1,2
HH002594,HNW,0.0,desarrollo,1,3,4,1,3
HH002595,HNW,0.0,desarrollo,3,4,3,1,1
HH002596,HNW,0.0,desarrollo,2,1,3,1,4
HH002597,HNW,0.0,desarrollo,3,2,2,3,4
HH002598,HNW,0.0,desarrollo,1,0,4,2,0
HH002599,HNW,0.0,desarrollo,0,0,0,0,4
HH002600,HNW,0.0,holdout,,,,,
HH002601,HNW,0.0,desarrollo,0,1,4,2,4
HH002602,HNW,0.0,holdout,,,,,
HH002603,HNW,0.0,desarrollo,0,2,0,2,4
HH002604,HNW,0.0,holdout,,,,,
HH002605,UHNW,0.0,desarrollo,4,4,0,4,0
HH002606,HNW,0.0,desarrollo,0,2,3,1,4
HH002607,HNW,0.0,desarrollo,4,0,0,1,3
HH002608,HNW,0.0,desarrollo,1,2,1,3,4
HH002609,HNW,0.0,desarrollo,1,3,2,4,4
HH002610,HNW,0.0,desarrollo,1,0,1,0,3
HH002611,HNW,0.0,desarrollo,2,3,0,1,0
HH002612,HNW,1.0,desarrollo,2,4,0,2,3
HH002613,HNW,0.0,desarrollo,4,3,0,4,3
HH002614,HNW,,excluido,,,,,
HH002615,HNW,0.0,desarrollo,3,4,2,4,0
HH002616,HNW,0.0,desarrollo,2,0,0,2,1
HH002617,HNW,0.0,desarrollo,3,3,1,2,3
HH002618,HNW,0.0,desarrollo,0,3,2,0,4
HH002619,HNW,1.0,desarrollo,1,0,2,0,3
HH002620,HNW,0.0,desarrollo,4,2,3,3,3
HH002621,HNW,0.0,desarrollo,1,0,3,0,3
HH002622,HNW,0.0,desarrollo,1,0,3,2,1
HH002623,HNW,0.0,holdout,,,,,
HH002624,HNW,1.0,holdout,,,,,
HH002625,HNW,0.0,desarrollo,2,1,3,2,0
HH002626,HNW,0.0,holdout,,,,,
HH002627,HNW,0.0,holdout,,,,,
HH002628,HNW,0.0,desarrollo,1,4,1,0,3
HH002629,HNW,0.0,desarrollo,1,2,4,3,4
HH002630,HNW,0.0,holdout,,,,,
HH002631,HNW,0.0,desarrollo,2,1,1,0,3
HH002632,HNW,0.0,desarrollo,2,2,2,4,1
HH002633,HNW,0.0,desarrollo,2,1,2,1,1
HH002634,HNW,0.0,desarrollo,2,0,2,4,1
HH002635,HNW,0.0,desarrollo,4,4,1,1,0
HH002636,HNW,0.0,holdout,,,,,
HH002637,HNW,0.0,desarrollo,2,3,4,3,4
HH002638,HNW,0.0,desarrollo,2,4,3,2,2
HH002639,HNW,0.0,desarrollo,1,2,0,4,4
HH002640,HNW,0.0,desarrollo,1,0,1,0,4
HH002641,HNW,0.0,desarrollo,4,1,2,0,3
HH002642,HNW,0.0,desarrollo,3,2,0,4,3
HH002643,HNW,0.0,holdout,,,,,
HH002644,HNW,0.0,desarrollo,4,1,4,2,4
HH002645,HNW,0.0,desarrollo,2,0,1,2,0
HH002646,HNW,0.0,holdout,,,,,
HH002647,HNW,1.0,desarrollo,1,2,2,4,3
HH002648,HNW,1.0,desarrollo,0,2,2,1,4
HH002649,HNW,0.0,desarrollo,2,2,4,0,3
HH002650,HNW,0.0,desarrollo,1,3,2,4,1
HH002651,HNW,0.0,holdout,,,,,
HH002652,HNW,0.0,desarrollo,1,2,0,3,4
HH002653,HNW,0.0,desarrollo,3,4,0,2,1
HH002654,HNW,0.0,holdout,,,,,
HH002655,HNW,0.0,holdout,,,,,
HH002656,HNW,0.0,desarrollo,1,2,0,0,2
HH002657,HNW,0.0,holdout,,,,,
HH002658,HNW,0.0,holdout,,,,,
HH002659,HNW,0.0,desarrollo,1,2,2,3,3
HH002660,HNW,0.0,desarrollo,4,2,4,1,1
HH002661,HNW,0.0,holdout,,,,,
HH002662,HNW,0.0,desarrollo,0,2,2,0,2
HH002663,HNW,0.0,holdout,,,,,
HH002664,HNW,0.0,desarrollo,0,1,1,2,0
HH002665,HNW,0.0,desarrollo,0,0,0,3,1
HH002666,HNW,0.0,desarrollo,3,3,1,2,0
HH002667,HNW,0.0,holdout,,,,,
HH002668,HNW,0.0,desarrollo,2,1,3,3,4
HH002669,HNW,0.0,desarrollo,4,4,3,3,1
HH002670,HNW,0.0,holdout,,,,,
HH002671,UHNW,0.0,desarrollo,1,4,4,2,4
HH002672,HNW,1.0,holdout,,,,,
HH002673,HNW,0.0,holdout,,,,,
HH002674,HNW,0.0,desarrollo,1,2,0,0,1
HH002675,HNW,0.0,desarrollo,0,0,0,1,1
HH002676,HNW,0.0,desarrollo,1,0,3,1,0
HH002677,HNW,0.0,desarrollo,3,4,4,0,0
HH002678,HNW,0.0,desarrollo,3,3,0,1,3
HH002679,HNW,0.0,desarrollo,3,2,2,3,0
HH002680,HNW,0.0,holdout,,,,,
HH002681,HNW,0.0,desarrollo,4,1,0,1,4
HH002682,HNW,0.0,holdout,,,,,
HH002683,HNW,0.0,desarrollo,4,4,0,1,3
HH002684,HNW,0.0,desarrollo,3,3,2,2,3
HH002685,HNW,0.0,desarrollo,4,4,4,0,4
HH002686,HNW,0.0,holdout,,,,,
HH002687,HNW,0.0,desarrollo,1,3,4,0,4
HH002688,UHNW,0.0,desarrollo,4,2,4,3,4
HH002689,HNW,0.0,holdout,,,,,
HH002690,HNW,0.0,holdout,,,,,
HH002691,HNW,0.0,desarrollo,2,0,0,1,4
HH002692,HNW,0.0,holdout,,,,,
HH002693,HNW,0.0,desarrollo,2,4,1,2,0
HH002694,HNW,0.0,desarrollo,1,2,4,2,2
HH002695,HNW,0.0,desarrollo,2,3,2,2,4
HH002696,HNW,0.0,desarrollo,4,2,4,4,0
HH002697,HNW,0.0,desarrollo,1,3,3,0,4
HH002698,HNW,0.0,desarrollo,2,0,1,2,4
HH002699,HNW,0.0,holdout,,,,,
HH002700,HNW,0.0,desarrollo,3,4,2,1,2
HH002701,HNW,0.0,holdout,,,,,
HH002702,HNW,0.0,desarrollo,1,0,3,3,4
HH002703,UHNW,0.0,holdout,,,,,
HH002704,HNW,0.0,desarrollo,3,3,4,0,0
HH002705,HNW,0.0,desarrollo,0,1,2,4,4
HH002706,HNW,0.0,desarrollo,2,0,3,4,4
HH002707,HNW,1.0,desarrollo,3,0,2,4,2
HH002708,HNW,0.0,desarrollo,1,3,2,0,0
HH002709,HNW,0.0,desarrollo,1,2,0,0,4
HH002710,HNW,1.0,desarrollo,0,2,3,4,4
HH002711,HNW,0.0,desarrollo,0,4,2,2,4
HH002712,HNW,0.0,desarrollo,1,0,2,0,2
HH002713,HNW,0.0,desarrollo,0,0,1,3,1
HH002714,HNW,0.0,desarrollo,0,2,0,3,2
HH002715,HNW,0.0,desarrollo,2,4,0,3,2
HH002716,HNW,0.0,holdout,,,,,
HH002717,HNW,0.0,holdout,,,,,
HH002718,HNW,0.0,desarrollo,2,2,3,3,3
HH002719,HNW,0.0,holdout,,,,,
HH002720,HNW,0.0,desarrollo,1,1,4,0,3
HH002721,HNW,0.0,desarrollo,2,3,1,0,1
HH002722,UHNW,0.0,desarrollo,0,0,2,3,0
HH002723,HNW,0.0,desarrollo,0,0,4,0,2
HH002724,HNW,0.0,desarrollo,0,3,1,4,1
HH002725,HNW,0.0,holdout,,,,,
HH002726,HNW,0.0,desarrollo,3,4,3,0,4
HH002727,HNW,0.0,desarrollo,0,1,1,1,1
HH002728,HNW,0.0,desarrollo,0,2,0,3,1
HH002729,HNW,0.0,desarrollo,4,1,1,1,4
HH002730,HNW,0.0,holdout,,,,,
HH002731,HNW,0.0,desarrollo,2,3,3,4,4
HH002732,HNW,0.0,desarrollo,3,3,0,3,0
HH002733,HNW,0.0,holdout,,,,,
HH002734,HNW,0.0,desarrollo,1,4,1,4,3
HH002735,HNW,0.0,holdout,,,,,
HH002736,HNW,0.0,holdout,,,,,
HH002737,HNW,0.0,holdout,,,,,
HH002738,HNW,0.0,desarrollo,4,1,1,1,4
HH002739,HNW,0.0,holdout,,,,,
HH002740,HNW,0.0,desarrollo,2,3,4,0,1
HH002741,HNW,0.0,desarrollo,1,0,3,4,3
HH002742,HNW,0.0,holdout,,,,,
HH002743,HNW,0.0,desarrollo,4,1,2,1,1
HH002744,HNW,0.0,desarrollo,4,1,2,0,2
HH002745,HNW,0.0,desarrollo,0,2,4,3,0
HH002746,HNW,0.0,holdout,,,,,
HH002747,HNW,0.0,holdout,,,,,
HH002748,HNW,0.0,desarrollo,1,1,1,3,3
HH002749,HNW,0.0,desarrollo,3,3,3,1,2
HH002750,HNW,0.0,desarrollo,0,3,3,4,0
HH002751,HNW,0.0,desarrollo,1,2,0,1,3
HH002752,HNW,0.0,holdout,,,,,
HH002753,HNW,0.0,desarrollo,1,4,2,4,2
HH002754,HNW,0.0,desarrollo,3,4,0,4,3
HH002755,HNW,0.0,desarrollo,3,4,4,4,4
HH002756,HNW,0.0,desarrollo,0,1,0,3,0
HH002757,HNW,0.0,desarrollo,1,3,0,0,1
HH002758,HNW,1.0,desarrollo,3,0,3,1,4
HH002759,HNW,0.0,desarrollo,4,4,2,4,3
HH002760,HNW,0.0,desarrollo,1,2,1,4,1
HH002761,HNW,0.0,holdout,,,,,
HH002762,HNW,0.0,desarrollo,1,1,2,1,2
HH002763,HNW,0.0,desarrollo,3,2,3,1,4
HH002764,HNW,0.0,holdout,,,,,
HH002765,HNW,0.0,desarrollo,4,4,3,2,2
HH002766,HNW,0.0,desarrollo,2,4,4,3,3
HH002767,HNW,0.0,desarrollo,4,3,2,1,3
HH002768,HNW,0.0,desarrollo,0,2,4,0,3
HH002769,HNW,1.0,holdout,,,,,
HH002770,HNW,0.0,desarrollo,0,2,3,4,2
HH002771,HNW,0.0,holdout,,,,,
HH002772,HNW,0.0,holdout,,,,,
HH002773,HNW,0.0,desarrollo,3,4,1,0,2
HH002774,HNW,0.0,desarrollo,4,1,0,0,3
HH002775,HNW,0.0,desarrollo,1,1,0,2,2
HH002776,HNW,0.0,desarrollo,3,0,4,3,0
HH002777,HNW,0.0,holdout,,,,,
HH002778,HNW,0.0,desarrollo,3,4,0,1,0
HH002779,HNW,0.0,holdout,,,,,
HH002780,HNW,0.0,holdout,,,,,
HH002781,HNW,0.0,desarrollo,4,2,0,0,3
HH002782,HNW,0.0,desarrollo,4,0,3,3,3
HH002783,HNW,0.0,holdout,,,,,
HH002784,HNW,0.0,desarrollo,4,1,1,4,2
HH002785,HNW,0.0,desarrollo,4,3,1,0,2
HH002786,HNW,0.0,holdout,,,,,
HH002787,HNW,0.0,desarrollo,4,2,4,4,4
HH002788,HNW,0.0,desarrollo,2,2,0,3,3
HH002789,HNW,0.0,desarrollo,0,3,2,3,2
HH002790,HNW,0.0,holdout,,,,,
HH002791,HNW,0.0,desarrollo,3,1,1,0,0
HH002792,HNW,0.0,desarrollo,2,1,0,1,1
HH002793,HNW,1.0,desarrollo,2,3,4,4,0
HH002794,HNW,0.0,holdout,,,,,
HH002795,HNW,0.0,desarrollo,4,1,0,0,0
HH002796,HNW,0.0,desarrollo,0,1,0,0,2
HH002797,HNW,0.0,desarrollo,4,2,2,1,3
HH002798,HNW,0.0,desarrollo,3,1,3,3,3
HH002799,HNW,0.0,desarrollo,4,1,0,4,0
HH002800,HNW,0.0,desarrollo,3,2,2,4,0
HH002801,HNW,0.0,holdout,,,,,
HH002802,HNW,0.0,holdout,,,,,
HH002803,HNW,0.0,holdout,,,,,
HH002804,HNW,0.0,desarrollo,1,2,0,0,3
HH002805,HNW,0.0,holdout,,,,,
HH002806,HNW,0.0,holdout,,,,,
HH002807,UHNW,0.0,desarrollo,0,0,4,2,3
HH002808,HNW,0.0,desarrollo,1,4,0,0,2
HH002809,HNW,0.0,holdout,,,,,
HH002810,HNW,0.0,holdout,,,,,
HH002811,HNW,0.0,desarrollo,1,4,0,2,3
HH002812,HNW,0.0,desarrollo,1,1,4,2,1
HH002813,HNW,0.0,desarrollo,2,2,4,0,0
HH002814,HNW,0.0,desarrollo,2,1,0,4,0
HH002815,HNW,0.0,holdout,,,,,
HH002816,HNW,0.0,desarrollo,0,2,3,3,1
HH002817,HNW,0.0,holdout,,,,,
HH002818,HNW,0.0,holdout,,,,,
HH002819,HNW,0.0,desarrollo,3,0,3,2,3
HH002820,HNW,0.0,desarrollo,0,1,1,3,4
HH002821,HNW,0.0,desarrollo,0,0,1,1,4
HH002822,HNW,0.0,desarrollo,4,4,1,0,3
HH002823,HNW,0.0,desarrollo,2,0,4,1,1
HH002824,HNW,0.0,desarrollo,3,2,3,3,0
HH002825,HNW,0.0,desarrollo,3,4,1,0,0
HH002826,HNW,0.0,desarrollo,2,2,0,1,3
HH002827,HNW,0.0,desarrollo,1,0,4,0,2
HH002828,UHNW,0.0,holdout,,,,,
HH002829,HNW,0.0,desarrollo,4,3,0,4,2
HH002830,HNW,1.0,desarrollo,4,2,3,2,1
HH002831,HNW,0.0,desarrollo,1,4,1,0,0
HH002832,UHNW,0.0,holdout,,,,,
HH002833,HNW,0.0,desarrollo,4,4,0,2,1
HH002834,HNW,0.0,desarrollo,2,1,2,1,2
HH002835,HNW,0.0,desarrollo,2,2,4,0,2
HH002836,HNW,0.0,holdout,,,,,
HH002837,HNW,0.0,desarrollo,2,0,1,3,4
HH002838,HNW,,excluido,,,,,
HH002839,UHNW,0.0,desarrollo,2,3,3,2,3
HH002840,HNW,0.0,desarrollo,2,4,2,0,3
HH002841,HNW,0.0,desarrollo,3,0,3,1,1
HH002842,HNW,0.0,holdout,,,,,
HH002843,HNW,0.0,desarrollo,4,1,4,1,4
HH002844,HNW,0.0,desarrollo,1,1,1,2,4
HH002845,HNW,0.0,desarrollo,3,0,0,1,1
HH002846,HNW,0.0,desarrollo,1,0,1,0,0
HH002847,HNW,0.0,holdout,,,,,
HH002848,HNW,0.0,holdout,,,,,
HH002849,HNW,1.0,desarrollo,2,4,0,2,4
HH002850,HNW,0.0,desarrollo,3,0,1,3,2
HH002851,UHNW,0.0,desarrollo,0,3,3,3,0
HH002852,HNW,0.0,desarrollo,3,1,3,2,4
HH002853,HNW,1.0,desarrollo,0,1,4,2,0
HH002854,HNW,0.0,desarrollo,0,4,1,0,2
HH002855,HNW,0.0,desarrollo,4,1,4,3,4
HH002856,HNW,0.0,holdout,,,,,
HH002857,HNW,0.0,desarrollo,2,0,0,0,4
HH002858,HNW,0.0,desarrollo,3,3,0,1,3
HH002859,HNW,0.0,desarrollo,1,0,1,3,3
HH002860,HNW,0.0,holdout,,,,,
HH002861,HNW,0.0,desarrollo,0,3,1,3,2
HH002862,HNW,0.0,desarrollo,3,2,4,2,4
HH002863,HNW,0.0,desarrollo,0,2,0,1,4
HH002864,HNW,0.0,desarrollo,4,1,1,3,3
HH002865,HNW,0.0,desarrollo,1,1,2,3,0
HH002866,HNW,0.0,desarrollo,3,2,2,1,2
HH002867,HNW,0.0,desarrollo,0,4,2,4,1
HH002868,HNW,0.0,holdout,,,,,
HH002869,HNW,0.0,desarrollo,3,0,0,1,0
HH002870,HNW,0.0,desarrollo,0,1,3,1,2
HH002871,HNW,0.0,desarrollo,4,0,1,2,4
HH002872,HNW,0.0,holdout,,,,,
HH002873,HNW,,excluido,,,,,
HH002874,HNW,0.0,desarrollo,4,3,3,3,2
HH002875,HNW,0.0,desarrollo,3,3,0,1,0
HH002876,HNW,0.0,desarrollo,0,1,3,2,1
HH002877,HNW,0.0,holdout,,,,,
HH002878,HNW,,excluido,,,,,
HH002879,HNW,0.0,desarrollo,3,4,2,4,2
HH002880,HNW,0.0,holdout,,,,,
HH002881,HNW,0.0,desarrollo,3,2,0,0,3
HH002882,HNW,0.0,desarrollo,4,2,3,2,2
HH002883,HNW,0.0,desarrollo,0,0,1,1,4
HH002884,HNW,0.0,holdout,,,,,
HH002885,HNW,0.0,desarrollo,4,0,2,2,4
HH002886,HNW,0.0,holdout,,,,,
HH002887,HNW,0.0,desarrollo,0,1,3,4,1
HH002888,HNW,0.0,holdout,,,,,
HH002889,HNW,,excluido,,,,,
HH002890,HNW,0.0,holdout,,,,,
HH002891,HNW,0.0,holdout,,,,,
HH002892,HNW,0.0,holdout,,,,,
HH002893,HNW,0.0,desarrollo,4,2,1,0,4
HH002894,HNW,0.0,desarrollo,2,1,0,2,4
HH002895,HNW,0.0,desarrollo,1,4,3,2,3
HH002896,HNW,0.0,desarrollo,4,4,3,1,0
HH002897,HNW,0.0,holdout,,,,,
HH002898,HNW,0.0,desarrollo,0,3,4,1,3
HH002899,HNW,0.0,holdout,,,,,
HH002900,HNW,1.0,desarrollo,3,4,0,0,1
HH002901,HNW,0.0,desarrollo,1,0,1,3,1
HH002902,HNW,0.0,desarrollo,3,2,3,2,3
HH002903,UHNW,0.0,desarrollo,2,0,2,3,1
HH002904,HNW,0.0,desarrollo,0,0,4,2,3
HH002905,HNW,0.0,desarrollo,0,0,2,0,4
HH002906,HNW,0.0,desarrollo,3,1,4,3,0
HH002907,HNW,1.0,desarrollo,2,4,0,4,2
HH002908,HNW,0.0,holdout,,,,,
HH002909,UHNW,0.0,desarrollo,2,0,3,0,4
HH002910,HNW,0.0,desarrollo,0,0,0,1,4
HH002911,UHNW,0.0,holdout,,,,,
HH002912,HNW,1.0,desarrollo,1,4,0,4,4
HH002913,HNW,0.0,desarrollo,3,2,1,3,3
HH002914,HNW,0.0,desarrollo,3,2,2,1,3
HH002915,UHNW,0.0,holdout,,,,,
HH002916,HNW,1.0,desarrollo,1,2,1,2,2
HH002917,HNW,0.0,desarrollo,1,4,3,4,2
HH002918,HNW,0.0,desarrollo,3,2,1,1,2
HH002919,HNW,0.0,holdout,,,,,
HH002920,HNW,0.0,desarrollo,2,4,2,4,2
HH002921,UHNW,0.0,desarrollo,4,4,4,1,3
HH002922,HNW,0.0,desarrollo,2,4,2,3,3
HH002923,HNW,0.0,holdout,,,,,
HH002924,HNW,0.0,holdout,,,,,
HH002925,HNW,0.0,desarrollo,4,2,3,1,2
HH002926,HNW,0.0,desarrollo,2,4,0,1,1
HH002927,HNW,0.0,holdout,,,,,
HH002928,HNW,0.0,desarrollo,1,4,0,4,3
HH002929,HNW,0.0,desarrollo,4,4,4,4,4
HH002930,HNW,0.0,holdout,,,,,
HH002931,HNW,0.0,desarrollo,1,0,3,3,1
HH002932,HNW,0.0,holdout,,,,,
HH002933,HNW,0.0,holdout,,,,,
HH002934,HNW,0.0,desarrollo,2,4,3,0,1
HH002935,UHNW,0.0,desarrollo,4,0,4,2,3
HH002936,HNW,1.0,desarrollo,0,3,2,4,3
HH002937,HNW,0.0,desarrollo,3,2,0,1,2
HH002938,HNW,0.0,desarrollo,2,0,0,3,3
HH002939,HNW,0.0,holdout,,,,,
HH002940,HNW,0.0,desarrollo,4,3,2,1,4
HH002941,HNW,0.0,holdout,,,,,
HH002942,HNW,0.0,holdout,,,,,
HH002943,HNW,0.0,desarrollo,2,1,1,2,2
HH002944,HNW,0.0,desarrollo,0,0,4,4,4
HH002945,HNW,0.0,holdout,,,,,
HH002946,HNW,0.0,desarrollo,1,1,4,0,1
HH002947,HNW,0.0,holdout,,,,,
HH002948,UHNW,0.0,holdout,,,,,
HH002949,HNW,0.0,desarrollo,0,3,1,2,0
HH002950,HNW,0.0,desarrollo,0,3,4,2,0
HH002951,HNW,0.0,desarrollo,4,3,2,4,2
HH002952,HNW,0.0,desarrollo,4,0,0,3,3
HH002953,HNW,0.0,holdout,,,,,
HH002954,HNW,0.0,holdout,,,,,
HH002955,HNW,0.0,desarrollo,3,2,0,0,3
HH002956,HNW,0.0,desarrollo,2,3,3,0,3
HH002957,HNW,0.0,desarrollo,4,3,1,1,3
HH002958,HNW,0.0,desarrollo,4,0,1,4,0
HH002959,HNW,0.0,desarrollo,0,1,3,0,0
HH002960,HNW,0.0,holdout,,,,,
HH002961,HNW,0.0,desarrollo,0,2,1,3,0
HH002962,HNW,1.0,desarrollo,0,3,1,4,3
HH002963,HNW,0.0,desarrollo,1,3,4,1,0
HH002964,HNW,1.0,desarrollo,1,3,4,4,2
HH002965,HNW,0.0,desarrollo,2,2,3,4,0
HH002966,HNW,0.0,desarrollo,3,0,0,2,4
HH002967,HNW,0.0,desarrollo,4,1,2,4,3
HH002968,HNW,0.0,desarrollo,1,0,2,1,0
HH002969,HNW,0.0,desarrollo,3,1,1,4,0
HH002970,HNW,0.0,holdout,,,,,
HH002971,HNW,0.0,desarrollo,4,3,4,3,2
HH002972,HNW,0.0,holdout,,,,,
HH002973,HNW,0.0,desarrollo,4,0,1,2,0
HH002974,HNW,0.0,desarrollo,4,0,3,4,0
HH002975,HNW,0.0,desarrollo,3,0,3,4,1
HH002976,HNW,0.0,desarrollo,0,2,2,3,4
HH002977,HNW,0.0,desarrollo,2,0,3,4,1
HH002978,HNW,0.0,desarrollo,1,2,1,2,0
HH002979,HNW,0.0,desarrollo,1,0,2,0,3
HH002980,HNW,0.0,holdout,,,,,
HH002981,HNW,0.0,holdout,,,,,
HH002982,HNW,0.0,desarrollo,0,3,3,0,4
HH002983,HNW,0.0,holdout,,,,,
HH002984,HNW,0.0,desarrollo,2,1,0,4,3
HH002985,HNW,0.0,desarrollo,4,1,2,1,1
HH002986,HNW,0.0,desarrollo,3,4,1,1,3
HH002987,HNW,0.0,holdout,,,,,
HH002988,HNW,0.0,desarrollo,1,4,1,2,2
HH002989,HNW,0.0,desarrollo,3,0,3,0,2
HH002990,HNW,0.0,desarrollo,4,3,3,3,1
HH002991,HNW,0.0,desarrollo,3,1,1,2,4
HH002992,HNW,0.0,desarrollo,3,0,4,1,3
HH002993,HNW,0.0,desarrollo,1,0,0,1,4
HH002994,HNW,0.0,desarrollo,2,2,3,0,2
HH002995,HNW,0.0,desarrollo,0,4,3,2,2
HH002996,HNW,0.0,holdout,,,,,
HH002997,HNW,0.0,holdout,,,,,
HH002998,HNW,0.0,holdout,,,,,
HH002999,HNW,0.0,holdout,,,,,
HH003000,HNW,0.0,desarrollo,3,2,1,0,3
HH003001,HNW,0.0,desarrollo,1,4,4,4,1
HH003002,HNW,0.0,desarrollo,3,0,3,1,4
HH003003,HNW,0.0,holdout,,,,,
HH003004,HNW,0.0,desarrollo,1,0,0,4,4
HH003005,HNW,0.0,holdout,,,,,
HH003006,HNW,0.0,holdout,,,,,
HH003007,UHNW,0.0,holdout,,,,,
HH003008,HNW,0.0,desarrollo,4,4,3,0,0
HH003009,HNW,0.0,desarrollo,1,4,0,0,4
HH003010,HNW,0.0,desarrollo,0,1,4,4,4
HH003011,HNW,0.0,holdout,,,,,
HH003012,HNW,0.0,desarrollo,4,4,3,0,2
HH003013,HNW,0.0,holdout,,,,,
HH003014,HNW,0.0,desarrollo,4,3,1,4,1
HH003015,HNW,0.0,desarrollo,2,1,2,0,0
HH003016,HNW,0.0,desarrollo,4,2,1,3,0
HH003017,HNW,0.0,desarrollo,4,4,2,1,4
HH003018,HNW,1.0,desarrollo,1,4,0,2,3
HH003019,HNW,0.0,holdout,,,,,
HH003020,UHNW,0.0,holdout,,,,,
HH003021,UHNW,0.0,desarrollo,0,1,4,0,2
HH003022,UHNW,0.0,desarrollo,3,2,1,1,3
HH003023,HNW,0.0,desarrollo,2,4,4,1,2
HH003024,HNW,0.0,desarrollo,0,2,4,4,1
HH003025,UHNW,0.0,desarrollo,0,2,4,4,2
HH003026,HNW,0.0,desarrollo,3,0,4,3,4
HH003027,HNW,0.0,desarrollo,4,0,0,0,3
HH003028,HNW,0.0,desarrollo,0,1,2,2,3
HH003029,HNW,0.0,desarrollo,1,3,3,1,4
HH003030,HNW,0.0,desarrollo,0,1,0,3,0
HH003031,HNW,1.0,desarrollo,2,1,1,1,2
HH003032,HNW,0.0,holdout,,,,,
HH003033,HNW,0.0,desarrollo,1,4,1,2,1
HH003034,HNW,0.0,desarrollo,1,3,2,0,4
HH003035,HNW,0.0,holdout,,,,,
HH003036,HNW,0.0,desarrollo,2,1,0,0,1
HH003037,HNW,0.0,desarrollo,0,3,0,1,0
HH003038,HNW,0.0,holdout,,,,,
HH003039,HNW,0.0,desarrollo,3,1,2,3,4
HH003040,UHNW,0.0,desarrollo,4,0,3,2,3
HH003041,HNW,0.0,holdout,,,,,
HH003042,HNW,0.0,desarrollo,4,1,3,4,4
HH003043,HNW,0.0,desarrollo,1,0,0,1,1
HH003044,HNW,0.0,desarrollo,2,1,2,1,1
HH003045,HNW,0.0,desarrollo,4,2,3,2,3
HH003046,HNW,0.0,holdout,,,,,
HH003047,HNW,0.0,desarrollo,2,4,4,1,0
HH003048,HNW,0.0,holdout,,,,,
HH003049,HNW,0.0,desarrollo,3,0,0,2,4
HH003050,HNW,0.0,desarrollo,3,0,4,2,0
HH003051,HNW,0.0,desarrollo,3,1,2,4,2
HH003052,HNW,0.0,desarrollo,0,0,1,1,1
HH003053,HNW,0.0,desarrollo,4,0,0,4,3
HH003054,HNW,0.0,holdout,,,,,
HH003055,HNW,0.0,desarrollo,4,4,4,0,1
HH003056,HNW,0.0,desarrollo,3,4,3,3,4
HH003057,HNW,0.0,holdout,,,,,
HH003058,HNW,0.0,desarrollo,3,4,1,3,1
HH003059,HNW,0.0,desarrollo,1,3,3,4,1
HH003060,HNW,0.0,desarrollo,1,1,2,1,0
HH003061,HNW,0.0,desarrollo,3,4,2,3,2
HH003062,HNW,0.0,desarrollo,0,1,2,1,2
HH003063,HNW,0.0,holdout,,,,,
HH003064,HNW,0.0,desarrollo,1,3,1,1,0
HH003065,HNW,1.0,holdout,,,,,
HH003066,HNW,0.0,holdout,,,,,
HH003067,HNW,0.0,holdout,,,,,
HH003068,HNW,0.0,desarrollo,4,4,4,2,1
HH003069,HNW,0.0,desarrollo,4,0,0,4,3
HH003070,HNW,0.0,holdout,,,,,
HH003071,HNW,0.0,desarrollo,1,3,2,1,3
HH003072,HNW,0.0,holdout,,,,,
HH003073,HNW,0.0,desarrollo,4,4,2,1,0
HH003074,UHNW,0.0,desarrollo,4,2,3,0,0
HH003075,HNW,0.0,desarrollo,1,0,0,4,0
HH003076,HNW,0.0,desarrollo,1,3,2,4,2
HH003077,HNW,0.0,desarrollo,4,3,1,0,1
HH003078,HNW,1.0,desarrollo,0,2,3,3,3
HH003079,HNW,0.0,desarrollo,0,1,0,3,2
HH003080,HNW,0.0,desarrollo,1,1,0,0,0
HH003081,HNW,0.0,desarrollo,3,1,4,4,1
HH003082,HNW,0.0,desarrollo,0,3,2,0,0
HH003083,HNW,0.0,holdout,,,,,
HH003084,HNW,0.0,holdout,,,,,
HH003085,HNW,0.0,desarrollo,1,4,0,3,4
HH003086,HNW,0.0,desarrollo,1,4,1,0,1
HH003087,HNW,0.0,holdout,,,,,
HH003088,HNW,0.0,desarrollo,2,2,2,3,2
HH003089,UHNW,0.0,holdout,,,,,
HH003090,HNW,0.0,holdout,,,,,
HH003091,HNW,0.0,desarrollo,1,1,0,0,1
HH003092,HNW,0.0,desarrollo,0,4,3,2,3
HH003093,UHNW,0.0,holdout,,,,,
HH003094,HNW,0.0,holdout,,,,,
HH003095,HNW,0.0,desarrollo,3,3,1,2,4
HH003096,HNW,0.0,holdout,,,,,
HH003097,HNW,0.0,desarrollo,0,0,4,0,0
HH003098,HNW,0.0,holdout,,,,,
HH003099,HNW,0.0,desarrollo,4,3,3,0,2
HH003100,UHNW,0.0,desarrollo,0,0,3,4,1
HH003101,HNW,0.0,holdout,,,,,
HH003102,HNW,0.0,desarrollo,4,3,1,4,2
HH003103,HNW,0.0,desarrollo,0,2,4,0,1
HH003104,HNW,0.0,desarrollo,3,3,3,3,0
HH003105,HNW,0.0,desarrollo,1,1,2,1,2
HH003106,HNW,0.0,desarrollo,3,2,1,2,0
HH003107,HNW,0.0,desarrollo,0,3,3,1,4
HH003108,HNW,0.0,desarrollo,1,0,4,3,0
HH003109,HNW,0.0,holdout,,,,,
HH003110,HNW,0.0,desarrollo,2,2,4,0,1
HH003111,HNW,0.0,desarrollo,1,3,2,1,0
HH003112,HNW,0.0,desarrollo,1,2,3,4,2
HH003113,HNW,0.0,holdout,,,,,
HH003114,HNW,0.0,desarrollo,3,1,0,1,3
HH003115,HNW,1.0,holdout,,,,,
HH003116,UHNW,0.0,desarrollo,4,2,0,4,1
HH003117,HNW,0.0,holdout,,,,,
HH003118,HNW,0.0,desarrollo,0,4,3,4,3
HH003119,HNW,0.0,holdout,,,,,
HH003120,HNW,0.0,desarrollo,1,3,2,1,2
HH003121,HNW,0.0,holdout,,,,,
HH003122,HNW,0.0,desarrollo,0,0,4,2,2
HH003123,HNW,0.0,desarrollo,1,4,2,2,4
HH003124,HNW,0.0,desarrollo,3,3,0,2,1
HH003125,HNW,0.0,desarrollo,1,1,4,1,1
HH003126,HNW,0.0,holdout,,,,,
HH003127,HNW,0.0,holdout,,,,,
HH003128,HNW,0.0,desarrollo,4,4,3,0,4
HH003129,HNW,0.0,holdout,,,,,
HH003130,HNW,0.0,desarrollo,2,4,3,0,3
HH003131,HNW,0.0,desarrollo,1,0,3,2,0
HH003132,HNW,0.0,desarrollo,4,4,2,3,0
HH003133,HNW,0.0,holdout,,,,,
HH003134,HNW,0.0,holdout,,,,,
HH003135,HNW,0.0,desarrollo,2,0,4,3,2
HH003136,HNW,1.0,holdout,,,,,
HH003137,HNW,0.0,desarrollo,0,3,0,3,0
HH003138,HNW,0.0,holdout,,,,,
HH003139,HNW,0.0,desarrollo,0,1,3,1,1
HH003140,HNW,0.0,holdout,,,,,
HH003141,HNW,0.0,desarrollo,2,3,1,0,2
HH003142,HNW,0.0,holdout,,,,,
HH003143,HNW,0.0,desarrollo,1,3,1,1,4
HH003144,HNW,0.0,holdout,,,,,
HH003145,HNW,0.0,desarrollo,2,3,0,2,4
HH003146,HNW,0.0,desarrollo,3,2,3,0,2
HH003147,HNW,1.0,desarrollo,4,3,1,0,1
HH003148,UHNW,1.0,desarrollo,3,3,2,0,0
HH003149,HNW,0.0,holdout,,,,,
HH003150,HNW,0.0,desarrollo,0,1,0,4,3
HH003151,HNW,0.0,desarrollo,0,1,3,2,0
HH003152,HNW,0.0,desarrollo,3,2,1,3,4
HH003153,HNW,0.0,desarrollo,3,3,2,3,3
HH003154,HNW,0.0,desarrollo,0,4,4,3,0
HH003155,HNW,0.0,desarrollo,2,4,0,1,4
HH003156,HNW,0.0,desarrollo,2,3,4,3,3
HH003157,HNW,0.0,holdout,,,,,
HH003158,HNW,0.0,desarrollo,1,3,4,1,1
HH003159,HNW,1.0,holdout,,,,,
HH003160,HNW,0.0,desarrollo,0,3,1,0,3
HH003161,HNW,0.0,holdout,,,,,
HH003162,HNW,0.0,desarrollo,4,4,0,0,4
HH003163,HNW,0.0,desarrollo,1,0,0,0,2
HH003164,HNW,0.0,desarrollo,3,2,3,0,1
HH003165,HNW,0.0,desarrollo,0,3,2,1,1
HH003166,HNW,0.0,holdout,,,,,
HH003167,HNW,0.0,desarrollo,4,2,0,3,2
HH003168,HNW,0.0,holdout,,,,,
HH003169,HNW,0.0,holdout,,,,,
HH003170,HNW,0.0,desarrollo,4,3,0,0,2
HH003171,HNW,0.0,desarrollo,0,1,4,3,0
HH003172,HNW,0.0,desarrollo,0,0,4,1,4
HH003173,HNW,0.0,desarrollo,0,3,4,4,0
HH003174,UHNW,0.0,desarrollo,3,2,1,0,4
HH003175,HNW,0.0,desarrollo,4,4,4,2,3
HH003176,HNW,0.0,holdout,,,,,
HH003177,HNW,0.0,desarrollo,1,0,3,1,2
HH003178,HNW,0.0,holdout,,,,,
HH003179,HNW,0.0,desarrollo,0,0,3,3,2
HH003180,HNW,0.0,desarrollo,0,0,4,1,4
HH003181,HNW,0.0,holdout,,,,,
HH003182,HNW,1.0,holdout,,,,,
HH003183,HNW,0.0,desarrollo,3,0,3,3,4
HH003184,HNW,0.0,desarrollo,4,3,0,1,1
HH003185,HNW,0.0,desarrollo,4,1,3,4,4
HH003186,HNW,0.0,desarrollo,3,3,4,4,1
HH003187,HNW,0.0,holdout,,,,,
HH003188,HNW,0.0,holdout,,,,,
HH003189,HNW,0.0,desarrollo,0,0,4,3,3
HH003190,HNW,0.0,desarrollo,0,1,3,2,4
HH003191,HNW,0.0,desarrollo,0,0,4,1,4
HH003192,HNW,0.0,holdout,,,,,
HH003193,HNW,0.0,desarrollo,1,1,4,1,2
HH003194,HNW,0.0,holdout,,,,,
HH003195,HNW,0.0,desarrollo,3,4,0,0,0
HH003196,HNW,0.0,desarrollo,0,3,2,1,3
HH003197,HNW,1.0,desarrollo,1,0,0,1,4
HH003198,HNW,0.0,desarrollo,3,3,2,0,4
HH003199,HNW,0.0,desarrollo,3,2,0,4,0
HH003200,HNW,0.0,holdout,,,,,
HH003201,HNW,0.0,desarrollo,1,3,3,1,4
HH003202,HNW,0.0,holdout,,,,,
HH003203,HNW,0.0,desarrollo,3,2,2,3,0
HH003204,HNW,0.0,desarrollo,1,4,3,4,3
HH003205,HNW,0.0,holdout,,,,,
HH003206,HNW,0.0,desarrollo,0,1,2,3,0
HH003207,HNW,1.0,desarrollo,1,1,1,2,3
HH003208,HNW,0.0,desarrollo,1,2,4,0,0
HH003209,HNW,0.0,desarrollo,1,2,3,2,1
HH003210,HNW,0.0,desarrollo,1,2,4,4,0
HH003211,HNW,0.0,holdout,,,,,
HH003212,UHNW,1.0,holdout,,,,,
HH003213,HNW,0.0,holdout,,,,,
HH003214,HNW,0.0,desarrollo,3,4,1,4,2
HH003215,HNW,0.0,holdout,,,,,
HH003216,HNW,0.0,desarrollo,3,0,2,4,0
HH003217,HNW,0.0,holdout,,,,,
HH003218,HNW,0.0,desarrollo,0,1,3,4,3
HH003219,HNW,0.0,desarrollo,3,1,3,0,1
HH003220,HNW,0.0,desarrollo,4,3,2,4,2
HH003221,HNW,0.0,desarrollo,0,2,2,1,1
HH003222,HNW,0.0,desarrollo,4,4,4,3,4
HH003223,HNW,0.0,desarrollo,4,4,0,2,1
HH003224,HNW,0.0,desarrollo,1,3,2,3,2
HH003225,HNW,0.0,desarrollo,2,4,2,0,4
HH003226,HNW,0.0,holdout,,,,,
HH003227,HNW,0.0,desarrollo,4,4,3,4,3
HH003228,HNW,0.0,desarrollo,3,0,2,0,3
HH003229,HNW,0.0,holdout,,,,,
HH003230,HNW,0.0,desarrollo,2,3,3,1,2
HH003231,HNW,0.0,desarrollo,2,0,0,2,0
HH003232,HNW,0.0,holdout,,,,,
HH003233,HNW,0.0,desarrollo,4,1,3,0,4
HH003234,HNW,0.0,holdout,,,,,
HH003235,HNW,0.0,desarrollo,2,0,2,0,3
HH003236,HNW,0.0,desarrollo,4,4,4,1,1
HH003237,HNW,0.0,desarrollo,4,3,3,0,2
HH003238,HNW,0.0,holdout,,,,,
HH003239,HNW,1.0,desarrollo,2,4,2,2,1
HH003240,HNW,0.0,desarrollo,1,0,2,0,1
HH003241,HNW,0.0,desarrollo,1,0,0,4,4
HH003242,UHNW,0.0,desarrollo,2,3,3,2,1
HH003243,HNW,0.0,desarrollo,4,3,1,3,1
HH003244,HNW,0.0,desarrollo,2,1,3,3,2
HH003245,HNW,0.0,desarrollo,4,4,1,3,2
HH003246,HNW,0.0,desarrollo,2,2,0,0,2
HH003247,HNW,0.0,desarrollo,1,1,1,0,3
HH003248,HNW,0.0,desarrollo,3,2,0,3,2
HH003249,HNW,0.0,desarrollo,3,3,3,0,1
HH003250,HNW,0.0,desarrollo,4,4,1,4,2
HH003251,HNW,0.0,desarrollo,4,4,1,2,0
HH003252,HNW,0.0,desarrollo,3,1,0,2,4
HH003253,HNW,1.0,holdout,,,,,
HH003254,HNW,0.0,desarrollo,2,2,4,2,2
HH003255,HNW,0.0,desarrollo,1,3,2,1,4
HH003256,HNW,0.0,holdout,,,,,
HH003257,HNW,0.0,holdout,,,,,
HH003258,HNW,0.0,desarrollo,4,1,3,1,0
HH003259,HNW,0.0,desarrollo,4,0,0,2,0
HH003260,HNW,0.0,desarrollo,1,3,3,4,0
HH003261,HNW,0.0,holdout,,,,,
HH003262,UHNW,0.0,desarrollo,2,4,1,3,3
HH003263,HNW,1.0,desarrollo,3,2,1,4,2
HH003264,HNW,0.0,desarrollo,2,3,1,1,1
HH003265,HNW,0.0,desarrollo,0,1,1,1,0
HH003266,HNW,0.0,desarrollo,1,4,1,2,1
HH003267,HNW,0.0,desarrollo,0,0,1,0,3
HH003268,UHNW,1.0,desarrollo,3,2,1,0,0
HH003269,HNW,0.0,desarrollo,1,3,3,3,1
HH003270,HNW,0.0,desarrollo,4,1,4,3,0
HH003271,HNW,0.0,desarrollo,3,0,0,2,1
HH003272,HNW,0.0,desarrollo,3,4,4,4,2
HH003273,HNW,0.0,holdout,,,,,
HH003274,HNW,0.0,desarrollo,1,4,2,1,4
HH003275,HNW,0.0,desarrollo,2,2,3,0,1
HH003276,HNW,0.0,desarrollo,4,4,2,1,2
HH003277,UHNW,0.0,holdout,,,,,
HH003278,HNW,0.0,desarrollo,2,2,3,4,3
HH003279,HNW,0.0,desarrollo,3,0,3,2,1
HH003280,HNW,0.0,desarrollo,3,3,2,2,3
HH003281,HNW,0.0,holdout,,,,,
HH003282,HNW,0.0,holdout,,,,,
HH003283,HNW,0.0,desarrollo,2,3,0,2,2
HH003284,HNW,0.0,holdout,,,,,
HH003285,HNW,0.0,holdout,,,,,
HH003286,HNW,0.0,desarrollo,2,3,2,3,3
HH003287,HNW,0.0,desarrollo,2,1,4,4,2
HH003288,HNW,0.0,desarrollo,0,4,1,4,1
HH003289,HNW,0.0,desarrollo,1,4,3,1,1
HH003290,HNW,0.0,holdout,,,,,
HH003291,HNW,0.0,desarrollo,0,1,1,2,0
HH003292,HNW,0.0,desarrollo,0,0,2,2,3
HH003293,HNW,0.0,desarrollo,4,0,2,3,1
HH003294,HNW,0.0,desarrollo,3,0,0,0,2
HH003295,HNW,0.0,desarrollo,2,0,0,4,2
HH003296,HNW,0.0,desarrollo,4,1,0,2,2
HH003297,HNW,0.0,desarrollo,3,2,2,1,0
HH003298,HNW,0.0,desarrollo,0,0,4,3,3
HH003299,UHNW,0.0,desarrollo,1,2,3,0,4
HH003300,HNW,0.0,desarrollo,1,2,4,1,3
HH003301,HNW,0.0,desarrollo,3,4,1,3,3
HH003302,HNW,0.0,desarrollo,4,1,0,2,4
HH003303,HNW,0.0,desarrollo,1,1,2,4,0
HH003304,HNW,1.0,desarrollo,4,2,0,2,3
HH003305,HNW,0.0,desarrollo,4,3,4,0,3
HH003306,HNW,0.0,desarrollo,0,1,2,3,1
HH003307,UHNW,1.0,holdout,,,,,
HH003308,HNW,0.0,desarrollo,3,2,4,1,0
HH003309,HNW,0.0,desarrollo,4,4,0,1,2
HH003310,HNW,0.0,desarrollo,1,4,3,1,4
HH003311,HNW,0.0,desarrollo,2,4,4,3,3
HH003312,HNW,0.0,desarrollo,1,0,0,4,3
HH003313,HNW,0.0,desarrollo,0,1,0,0,0
HH003314,HNW,1.0,desarrollo,1,0,4,3,1
HH003315,HNW,0.0,desarrollo,0,0,4,0,4
HH003316,UHNW,0.0,desarrollo,2,0,1,0,4
HH003317,HNW,0.0,holdout,,,,,
HH003318,HNW,0.0,desarrollo,1,3,4,0,0
HH003319,HNW,0.0,desarrollo,0,3,4,2,4
HH003320,HNW,0.0,desarrollo,1,0,4,0,2
HH003321,UHNW,0.0,holdout,,,,,
HH003322,HNW,0.0,holdout,,,,,
HH003323,HNW,0.0,desarrollo,2,0,0,3,4
HH003324,HNW,0.0,desarrollo,2,0,3,3,1
HH003325,HNW,0.0,holdout,,,,,
HH003326,HNW,0.0,desarrollo,1,0,2,2,0
HH003327,HNW,0.0,holdout,,,,,
HH003328,HNW,0.0,desarrollo,4,2,0,4,4
HH003329,HNW,0.0,holdout,,,,,
HH003330,HNW,0.0,desarrollo,1,2,3,0,2
HH003331,HNW,0.0,desarrollo,1,3,3,2,4
HH003332,HNW,0.0,desarrollo,0,1,4,1,2
HH003333,HNW,0.0,desarrollo,1,2,3,4,1
HH003334,HNW,0.0,holdout,,,,,
HH003335,HNW,1.0,desarrollo,2,0,1,1,1
HH003336,HNW,0.0,desarrollo,2,3,2,1,2
HH003337,HNW,0.0,desarrollo,4,3,0,1,4
HH003338,HNW,0.0,holdout,,,,,
HH003339,HNW,0.0,holdout,,,,,
HH003340,HNW,0.0,desarrollo,0,3,4,0,0
HH003341,HNW,0.0,holdout,,,,,
HH003342,HNW,0.0,desarrollo,1,4,2,3,3
HH003343,HNW,0.0,desarrollo,0,3,2,0,4
HH003344,UHNW,0.0,holdout,,,,,
HH003345,UHNW,0.0,desarrollo,1,1,2,2,2
HH003346,HNW,1.0,desarrollo,1,1,2,4,4
HH003347,HNW,0.0,holdout,,,,,
HH003348,HNW,0.0,desarrollo,4,1,1,3,0
HH003349,HNW,0.0,holdout,,,,,
HH003350,HNW,0.0,desarrollo,3,4,2,2,2
HH003351,HNW,0.0,desarrollo,1,2,0,4,2
HH003352,HNW,0.0,holdout,,,,,
HH003353,HNW,0.0,desarrollo,4,1,2,1,1
HH003354,HNW,0.0,desarrollo,2,1,0,3,2
HH003355,HNW,0.0,holdout,,,,,
HH003356,HNW,0.0,desarrollo,4,2,1,3,3
HH003357,HNW,0.0,desarrollo,4,2,4,3,4
HH003358,UHNW,0.0,desarrollo,3,1,4,4,0
HH003359,HNW,0.0,holdout,,,,,
HH003360,HNW,0.0,holdout,,,,,
HH003361,HNW,0.0,desarrollo,0,1,1,3,2
HH003362,HNW,0.0,desarrollo,1,1,2,0,3
HH003363,HNW,0.0,desarrollo,0,4,1,2,1
HH003364,HNW,0.0,holdout,,,,,
HH003365,HNW,0.0,desarrollo,4,3,2,0,3
HH003366,HNW,0.0,desarrollo,4,4,2,2,1
HH003367,HNW,0.0,desarrollo,4,2,4,0,3
HH003368,HNW,0.0,desarrollo,0,2,4,4,2
HH003369,HNW,0.0,desarrollo,1,2,4,0,0
HH003370,HNW,0.0,holdout,,,,,
HH003371,UHNW,0.0,desarrollo,2,3,3,1,1
HH003372,HNW,0.0,holdout,,,,,
HH003373,HNW,1.0,desarrollo,3,2,4,0,2
HH003374,HNW,0.0,desarrollo,3,0,0,1,2
HH003375,HNW,0.0,desarrollo,1,4,3,4,4
HH003376,UHNW,1.0,desarrollo,2,4,3,2,4
HH003377,HNW,0.0,desarrollo,4,0,1,4,1
HH003378,HNW,0.0,holdout,,,,,
HH003379,HNW,0.0,desarrollo,0,3,3,0,2
HH003380,HNW,0.0,desarrollo,2,0,1,0,0
HH003381,HNW,0.0,desarrollo,3,1,0,1,1
HH003382,HNW,0.0,desarrollo,3,1,0,1,4
HH003383,HNW,0.0,desarrollo,0,3,3,3,0
HH003384,UHNW,0.0,holdout,,,,,
HH003385,HNW,0.0,desarrollo,0,0,4,1,0
HH003386,HNW,0.0,desarrollo,3,3,0,4,1
HH003387,HNW,1.0,desarrollo,0,0,4,0,2
HH003388,HNW,0.0,desarrollo,3,0,4,1,1
HH003389,UHNW,0.0,desarrollo,1,1,4,4,3
HH003390,HNW,0.0,desarrollo,1,1,3,2,0
HH003391,HNW,0.0,holdout,,,,,
HH003392,HNW,0.0,holdout,,,,,
HH003393,UHNW,0.0,desarrollo,2,4,4,3,3
HH003394,HNW,0.0,desarrollo,3,1,2,0,1
HH003395,UHNW,0.0,desarrollo,1,1,0,3,3
HH003396,HNW,0.0,desarrollo,1,1,3,4,2
HH003397,HNW,1.0,holdout,,,,,
HH003398,HNW,0.0,holdout,,,,,
HH003399,HNW,0.0,holdout,,,,,
HH003400,HNW,1.0,desarrollo,1,4,2,0,1
HH003401,HNW,1.0,holdout,,,,,
HH003402,HNW,0.0,desarrollo,3,1,2,3,1
HH003403,HNW,0.0,desarrollo,4,4,2,4,0
HH003404,HNW,0.0,desarrollo,1,2,0,1,0
HH003405,HNW,0.0,desarrollo,4,0,1,0,3
HH003406,HNW,0.0,desarrollo,0,3,4,4,2
HH003407,HNW,0.0,desarrollo,2,4,0,0,4
HH003408,HNW,0.0,desarrollo,3,0,4,2,0
HH003409,HNW,0.0,desarrollo,4,4,0,2,0
HH003410,HNW,0.0,desarrollo,0,2,0,1,4
HH003411,HNW,0.0,desarrollo,2,4,1,1,3
HH003412,HNW,0.0,holdout,,,,,
HH003413,HNW,1.0,holdout,,,,,
HH003414,HNW,0.0,desarrollo,1,1,0,3,4
HH003415,HNW,0.0,desarrollo,0,4,1,3,4
HH003416,HNW,0.0,desarrollo,1,0,0,3,3
HH003417,HNW,0.0,desarrollo,4,1,2,1,0
HH003418,HNW,0.0,desarrollo,0,1,2,3,3
HH003419,HNW,0.0,desarrollo,1,1,1,3,2
HH003420,HNW,0.0,desarrollo,4,4,4,4,2
HH003421,HNW,0.0,holdout,,,,,
HH003422,HNW,0.0,desarrollo,0,1,3,3,2
HH003423,HNW,0.0,desarrollo,3,3,0,3,3
HH003424,HNW,0.0,desarrollo,3,2,3,4,0
HH003425,HNW,0.0,desarrollo,0,4,1,4,1
HH003426,HNW,0.0,desarrollo,3,2,0,0,1
HH003427,HNW,0.0,desarrollo,2,4,3,4,1
HH003428,HNW,0.0,desarrollo,0,2,2,0,1
HH003429,HNW,0.0,holdout,,,,,
HH003430,HNW,0.0,desarrollo,1,3,1,4,4
HH003431,HNW,0.0,desarrollo,0,1,2,4,0
HH003432,HNW,0.0,desarrollo,4,0,1,4,1
HH003433,HNW,0.0,holdout,,,,,
HH003434,HNW,0.0,holdout,,,,,
HH003435,HNW,0.0,desarrollo,0,4,0,0,3
HH003436,HNW,0.0,desarrollo,3,1,3,2,2
HH003437,HNW,0.0,desarrollo,1,2,2,3,1
HH003438,UHNW,0.0,desarrollo,3,0,1,2,2
HH003439,HNW,0.0,desarrollo,3,3,4,4,2
HH003440,HNW,0.0,holdout,,,,,
HH003441,HNW,0.0,desarrollo,2,1,2,3,3
HH003442,HNW,0.0,desarrollo,1,1,4,3,3
HH003443,HNW,0.0,desarrollo,2,4,1,0,1
HH003444,HNW,0.0,desarrollo,4,4,3,2,3
HH003445,HNW,0.0,holdout,,,,,
HH003446,HNW,0.0,holdout,,,,,
HH003447,HNW,0.0,desarrollo,0,2,1,1,1
HH003448,HNW,0.0,holdout,,,,,
HH003449,HNW,0.0,desarrollo,4,2,0,3,1
HH003450,HNW,0.0,desarrollo,2,4,1,0,4
HH003451,HNW,0.0,desarrollo,2,2,2,4,1
HH003452,HNW,0.0,desarrollo,4,3,1,0,3
HH003453,HNW,1.0,desarrollo,0,4,2,2,2
HH003454,HNW,0.0,desarrollo,0,1,2,2,3
HH003455,HNW,0.0,desarrollo,4,3,1,3,2
HH003456,HNW,0.0,desarrollo,1,4,0,2,2
HH003457,HNW,0.0,holdout,,,,,
HH003458,HNW,0.0,desarrollo,4,0,3,1,4
HH003459,HNW,0.0,desarrollo,0,0,3,1,2
HH003460,HNW,0.0,desarrollo,4,1,2,0,3
HH003461,HNW,0.0,desarrollo,4,1,4,3,1
HH003462,HNW,0.0,holdout,,,,,
HH003463,HNW,0.0,desarrollo,0,0,1,4,3
HH003464,HNW,1.0,desarrollo,1,0,2,2,0
HH003465,HNW,0.0,desarrollo,1,0,3,1,0
HH003466,UHNW,0.0,desarrollo,3,4,0,2,0
HH003467,HNW,0.0,desarrollo,4,4,4,1,0
HH003468,HNW,0.0,desarrollo,1,1,4,4,4
HH003469,HNW,0.0,holdout,,,,,
HH003470,HNW,0.0,desarrollo,1,2,2,0,1
HH003471,HNW,0.0,holdout,,,,,
HH003472,HNW,,excluido,,,,,
HH003473,HNW,0.0,holdout,,,,,
HH003474,HNW,0.0,desarrollo,3,4,0,2,4
HH003475,HNW,0.0,desarrollo,3,0,1,4,0
HH003476,UHNW,0.0,desarrollo,2,4,0,3,0
HH003477,HNW,0.0,desarrollo,4,2,3,2,2
HH003478,HNW,0.0,desarrollo,0,4,0,3,2
HH003479,HNW,0.0,desarrollo,0,4,0,2,4
HH003480,HNW,0.0,holdout,,,,,
HH003481,HNW,0.0,desarrollo,2,1,0,0,4
HH003482,HNW,0.0,holdout,,,,,
HH003483,HNW,0.0,desarrollo,2,2,2,3,4
HH003484,HNW,0.0,desarrollo,2,0,3,0,0
HH003485,UHNW,0.0,desarrollo,0,2,3,3,3
HH003486,HNW,0.0,holdout,,,,,
HH003487,HNW,0.0,desarrollo,0,3,2,2,2
HH003488,HNW,0.0,desarrollo,0,3,0,0,4
HH003489,HNW,0.0,desarrollo,2,4,0,4,3
HH003490,HNW,1.0,holdout,,,,,
HH003491,UHNW,0.0,desarrollo,4,1,1,0,3
HH003492,HNW,0.0,desarrollo,1,4,4,0,4
HH003493,HNW,1.0,desarrollo,2,0,3,4,0
HH003494,HNW,1.0,desarrollo,2,2,0,0,0
HH003495,HNW,0.0,desarrollo,4,0,3,0,0
HH003496,HNW,0.0,desarrollo,1,1,0,2,2
HH003497,HNW,0.0,holdout,,,,,
HH003498,HNW,0.0,desarrollo,0,2,4,3,0
HH003499,HNW,0.0,desarrollo,2,0,1,3,1
HH003500,HNW,0.0,desarrollo,4,2,1,4,1
HH003501,UHNW,0.0,desarrollo,0,2,2,3,2
HH003502,HNW,0.0,holdout,,,,,
HH003503,HNW,0.0,desarrollo,3,2,4,0,4
HH003504,HNW,0.0,desarrollo,1,2,1,1,3
HH003505,HNW,0.0,desarrollo,2,0,0,3,4
HH003506,HNW,0.0,desarrollo,4,4,1,3,3
HH003507,HNW,0.0,desarrollo,4,3,3,2,1
HH003508,HNW,0.0,desarrollo,0,2,1,2,1
HH003509,HNW,0.0,holdout,,,,,
HH003510,HNW,0.0,desarrollo,3,1,4,4,4
HH003511,HNW,1.0,desarrollo,4,1,1,4,4
HH003512,HNW,0.0,desarrollo,3,0,2,2,4
HH003513,HNW,0.0,desarrollo,2,3,0,2,3
HH003514,HNW,0.0,desarrollo,0,4,4,1,3
HH003515,HNW,0.0,holdout,,,,,
HH003516,HNW,0.0,desarrollo,1,4,1,3,1
HH003517,HNW,0.0,desarrollo,0,4,3,4,2
HH003518,HNW,0.0,holdout,,,,,
HH003519,HNW,0.0,desarrollo,1,3,3,3,1
HH003520,HNW,0.0,desarrollo,2,4,2,0,3
HH003521,HNW,0.0,desarrollo,1,4,0,0,1
HH003522,HNW,0.0,desarrollo,4,0,0,3,4
HH003523,HNW,0.0,holdout,,,,,
HH003524,HNW,0.0,desarrollo,0,1,2,1,1
HH003525,UHNW,0.0,holdout,,,,,
HH003526,HNW,0.0,holdout,,,,,
HH003527,HNW,0.0,desarrollo,1,2,3,2,4
HH003528,HNW,0.0,desarrollo,4,0,0,4,0
HH003529,HNW,0.0,desarrollo,4,0,3,0,1
HH003530,HNW,0.0,desarrollo,4,0,3,3,4
HH003531,HNW,0.0,holdout,,,,,
HH003532,HNW,0.0,desarrollo,0,3,3,2,2
HH003533,HNW,0.0,desarrollo,0,0,3,2,0
HH003534,HNW,0.0,desarrollo,3,3,3,0,0
HH003535,HNW,0.0,desarrollo,3,4,0,1,3
HH003536,HNW,0.0,desarrollo,4,2,0,0,1
HH003537,HNW,0.0,desarrollo,0,2,4,0,4
HH003538,HNW,0.0,desarrollo,2,2,3,2,1
HH003539,HNW,0.0,desarrollo,3,1,3,2,4
HH003540,HNW,0.0,desarrollo,2,1,0,2,2
HH003541,HNW,0.0,holdout,,,,,
HH003542,HNW,0.0,holdout,,,,,
HH003543,HNW,0.0,desarrollo,0,1,3,0,4
HH003544,HNW,0.0,holdout,,,,,
HH003545,HNW,0.0,holdout,,,,,
HH003546,HNW,0.0,desarrollo,0,0,0,3,3
HH003547,UHNW,0.0,holdout,,,,,
HH003548,HNW,1.0,desarrollo,3,3,2,2,4
HH003549,HNW,1.0,desarrollo,3,2,1,2,4
HH003550,HNW,0.0,desarrollo,1,0,1,4,3
HH003551,HNW,0.0,holdout,,,,,
HH003552,HNW,0.0,desarrollo,2,1,4,0,2
HH003553,HNW,0.0,desarrollo,3,1,3,4,0
HH003554,HNW,0.0,holdout,,,,,
HH003555,HNW,0.0,desarrollo,0,2,2,1,2
HH003556,HNW,0.0,desarrollo,2,2,3,1,3
HH003557,HNW,0.0,desarrollo,0,2,0,1,1
HH003558,HNW,0.0,desarrollo,1,0,2,4,3
HH003559,HNW,0.0,desarrollo,4,1,3,4,3
HH003560,HNW,0.0,desarrollo,3,3,3,3,3
HH003561,HNW,0.0,desarrollo,0,4,0,3,0
HH003562,HNW,0.0,holdout,,,,,
HH003563,HNW,0.0,desarrollo,2,3,1,4,2
HH003564,HNW,0.0,desarrollo,3,3,3,2,2
HH003565,HNW,0.0,holdout,,,,,
HH003566,HNW,0.0,holdout,,,,,
HH003567,HNW,0.0,desarrollo,0,2,1,4,0
HH003568,UHNW,0.0,desarrollo,4,1,1,4,3
HH003569,HNW,1.0,holdout,,,,,
HH003570,HNW,0.0,desarrollo,1,3,0,0,3
HH003571,HNW,0.0,desarrollo,2,2,0,1,4
HH003572,HNW,0.0,desarrollo,1,0,0,4,2
HH003573,HNW,0.0,desarrollo,4,3,4,0,4
HH003574,HNW,0.0,holdout,,,,,
HH003575,HNW,0.0,holdout,,,,,
HH003576,UHNW,0.0,holdout,,,,,
HH003577,UHNW,0.0,desarrollo,3,0,4,3,2
HH003578,HNW,0.0,desarrollo,0,4,2,1,0
HH003579,HNW,0.0,desarrollo,4,1,1,3,4
HH003580,HNW,0.0,desarrollo,1,4,1,3,3
HH003581,HNW,0.0,holdout,,,,,
HH003582,HNW,0.0,holdout,,,,,
HH003583,HNW,1.0,holdout,,,,,
HH003584,HNW,0.0,desarrollo,3,2,3,2,3
HH003585,HNW,0.0,holdout,,,,,
HH003586,HNW,0.0,holdout,,,,,
HH003587,HNW,1.0,desarrollo,4,2,2,2,3
HH003588,HNW,0.0,desarrollo,0,4,2,4,0
HH003589,HNW,0.0,holdout,,,,,
HH003590,HNW,0.0,holdout,,,,,
HH003591,HNW,1.0,holdout,,,,,
HH003592,HNW,0.0,holdout,,,,,
HH003593,HNW,1.0,desarrollo,2,3,0,0,4
HH003594,HNW,0.0,desarrollo,2,1,2,4,3
HH003595,HNW,0.0,desarrollo,0,3,4,3,4
HH003596,HNW,0.0,holdout,,,,,
HH003597,HNW,0.0,holdout,,,,,
HH003598,HNW,0.0,holdout,,,,,
HH003599,UHNW,0.0,holdout,,,,,
HH003600,HNW,0.0,desarrollo,0,0,0,1,2
HH003601,HNW,1.0,desarrollo,1,0,2,0,1
HH003602,HNW,0.0,desarrollo,3,0,2,4,4
HH003603,HNW,0.0,desarrollo,2,3,0,0,1
HH003604,HNW,0.0,desarrollo,4,2,1,2,0
HH003605,HNW,0.0,desarrollo,3,4,0,4,4
HH003606,HNW,0.0,holdout,,,,,
HH003607,HNW,0.0,desarrollo,3,1,0,4,4
HH003608,HNW,0.0,desarrollo,4,1,2,0,1
HH003609,HNW,0.0,desarrollo,0,3,0,2,2
HH003610,HNW,0.0,desarrollo,1,3,3,3,2
HH003611,HNW,0.0,holdout,,,,,
HH003612,HNW,0.0,holdout,,,,,
HH003613,HNW,1.0,desarrollo,2,3,0,2,1
HH003614,HNW,0.0,desarrollo,4,4,1,0,4
HH003615,HNW,0.0,desarrollo,4,0,0,3,3
HH003616,HNW,0.0,desarrollo,2,4,2,1,2
HH003617,HNW,0.0,desarrollo,3,4,3,1,4
HH003618,HNW,0.0,holdout,,,,,
HH003619,HNW,0.0,holdout,,,,,
HH003620,HNW,0.0,desarrollo,3,0,0,1,1
HH003621,HNW,0.0,holdout,,,,,
HH003622,HNW,0.0,desarrollo,2,4,1,2,4
HH003623,HNW,0.0,desarrollo,1,4,0,2,3
HH003624,UHNW,0.0,holdout,,,,,
HH003625,HNW,0.0,desarrollo,0,4,0,4,3
HH003626,HNW,0.0,desarrollo,2,3,0,3,2
HH003627,HNW,0.0,desarrollo,0,4,0,1,2
HH003628,HNW,0.0,desarrollo,1,1,2,0,2
HH003629,HNW,0.0,desarrollo,4,0,4,0,0
HH003630,HNW,0.0,desarrollo,0,1,2,0,0
HH003631,HNW,0.0,desarrollo,4,2,1,0,0
HH003632,HNW,0.0,desarrollo,1,1,2,3,3
HH003633,HNW,0.0,holdout,,,,,
HH003634,HNW,1.0,desarrollo,0,1,4,1,0
HH003635,HNW,0.0,holdout,,,,,
HH003636,HNW,0.0,desarrollo,1,3,3,1,2
HH003637,HNW,0.0,desarrollo,0,2,4,2,1
HH003638,HNW,0.0,desarrollo,2,1,2,1,4
HH003639,HNW,0.0,holdout,,,,,
HH003640,HNW,0.0,desarrollo,0,3,2,0,4
HH003641,HNW,0.0,desarrollo,0,2,4,1,0
HH003642,HNW,0.0,desarrollo,1,1,0,4,2
HH003643,HNW,0.0,holdout,,,,,
HH003644,UHNW,0.0,holdout,,,,,
HH003645,HNW,0.0,desarrollo,3,2,1,1,3
HH003646,HNW,0.0,desarrollo,0,1,1,3,1
HH003647,HNW,0.0,desarrollo,4,4,2,2,4
HH003648,HNW,0.0,holdout,,,,,
HH003649,HNW,1.0,desarrollo,3,1,1,2,0
HH003650,HNW,0.0,holdout,,,,,
HH003651,HNW,1.0,desarrollo,3,1,0,3,4
HH003652,HNW,0.0,holdout,,,,,
HH003653,HNW,0.0,holdout,,,,,
HH003654,HNW,0.0,holdout,,,,,
HH003655,HNW,0.0,desarrollo,3,1,4,4,3
HH003656,HNW,0.0,holdout,,,,,
HH003657,HNW,0.0,desarrollo,0,0,2,4,1
HH003658,HNW,0.0,desarrollo,1,3,3,3,1
HH003659,HNW,0.0,desarrollo,4,4,4,1,1
HH003660,HNW,0.0,desarrollo,4,2,1,1,4
HH003661,HNW,0.0,desarrollo,2,0,3,4,2
HH003662,HNW,0.0,holdout,,,,,
HH003663,HNW,0.0,holdout,,,,,
HH003664,UHNW,0.0,desarrollo,1,0,0,3,0
HH003665,HNW,0.0,desarrollo,1,3,4,2,2
HH003666,HNW,0.0,desarrollo,3,0,2,3,3
HH003667,HNW,0.0,holdout,,,,,
HH003668,HNW,0.0,desarrollo,1,4,0,0,1
HH003669,UHNW,0.0,holdout,,,,,
HH003670,HNW,0.0,desarrollo,1,3,0,1,1
HH003671,HNW,0.0,holdout,,,,,
HH003672,HNW,0.0,desarrollo,0,1,3,2,4
HH003673,UHNW,0.0,desarrollo,0,2,1,0,3
HH003674,HNW,0.0,desarrollo,2,0,3,0,0
HH003675,HNW,1.0,holdout,,,,,
HH003676,HNW,0.0,desarrollo,1,1,0,3,0
HH003677,HNW,0.0,desarrollo,2,4,4,1,4
HH003678,HNW,0.0,desarrollo,0,4,2,2,1
HH003679,UHNW,1.0,holdout,,,,,
HH003680,HNW,0.0,holdout,,,,,
HH003681,HNW,0.0,desarrollo,3,2,0,3,3
HH003682,HNW,0.0,desarrollo,3,1,4,2,3
HH003683,HNW,0.0,holdout,,,,,
HH003684,HNW,0.0,holdout,,,,,
HH003685,UHNW,0.0,desarrollo,4,2,4,3,3
HH003686,HNW,0.0,desarrollo,2,4,1,3,1
HH003687,HNW,0.0,holdout,,,,,
HH003688,HNW,0.0,desarrollo,3,4,0,1,0
HH003689,HNW,0.0,desarrollo,4,3,0,1,3
HH003690,HNW,0.0,holdout,,,,,
HH003691,HNW,1.0,desarrollo,2,3,0,3,3
HH003692,HNW,0.0,holdout,,,,,
HH003693,HNW,0.0,desarrollo,1,3,1,2,1
HH003694,HNW,0.0,desarrollo,4,1,4,3,2
HH003695,HNW,0.0,holdout,,,,,
HH003696,HNW,0.0,desarrollo,4,2,2,3,4
HH003697,HNW,0.0,desarrollo,4,0,3,2,4
HH003698,HNW,0.0,desarrollo,3,1,0,3,4
HH003699,HNW,0.0,holdout,,,,,
HH003700,HNW,0.0,holdout,,,,,
HH003701,HNW,0.0,desarrollo,1,2,3,0,1
HH003702,HNW,0.0,desarrollo,0,4,0,4,3
HH003703,HNW,0.0,desarrollo,0,1,4,4,0
HH003704,HNW,0.0,holdout,,,,,
HH003705,HNW,0.0,desarrollo,3,2,2,1,2
HH003706,HNW,0.0,holdout,,,,,
HH003707,HNW,0.0,desarrollo,4,4,1,4,3
HH003708,HNW,0.0,desarrollo,4,0,4,1,4
HH003709,HNW,0.0,holdout,,,,,
HH003710,HNW,0.0,holdout,,,,,
HH003711,HNW,,excluido,,,,,
HH003712,HNW,1.0,desarrollo,4,3,0,0,2
HH003713,HNW,0.0,holdout,,,,,
HH003714,HNW,0.0,desarrollo,0,4,4,3,1
HH003715,HNW,0.0,desarrollo,4,4,1,3,0
HH003716,HNW,0.0,desarrollo,4,2,3,4,4
HH003717,HNW,0.0,desarrollo,0,2,3,0,2
HH003718,HNW,0.0,desarrollo,3,0,4,4,3
HH003719,HNW,0.0,desarrollo,3,0,2,4,4
HH003720,HNW,0.0,desarrollo,1,4,2,0,4
HH003721,HNW,0.0,desarrollo,0,3,0,1,0
HH003722,HNW,0.0,desarrollo,3,3,3,2,2
HH003723,HNW,1.0,holdout,,,,,
HH003724,HNW,0.0,desarrollo,4,1,0,1,0
HH003725,HNW,0.0,desarrollo,0,1,3,4,2
HH003726,UHNW,0.0,desarrollo,4,4,3,0,3
HH003727,HNW,0.0,desarrollo,1,2,4,3,3
HH003728,HNW,0.0,holdout,,,,,
HH003729,HNW,0.0,holdout,,,,,
HH003730,HNW,0.0,desarrollo,4,3,0,3,1
HH003731,HNW,0.0,holdout,,,,,
HH003732,HNW,0.0,desarrollo,0,0,4,2,0
HH003733,HNW,0.0,desarrollo,0,3,0,2,1
HH003734,HNW,0.0,desarrollo,3,2,4,1,4
HH003735,HNW,0.0,desarrollo,2,3,0,2,0
HH003736,HNW,0.0,desarrollo,1,4,4,1,0
HH003737,HNW,0.0,holdout,,,,,
HH003738,HNW,0.0,desarrollo,3,2,3,3,1
HH003739,HNW,0.0,holdout,,,,,
HH003740,HNW,0.0,desarrollo,0,0,4,0,1
HH003741,HNW,0.0,holdout,,,,,
HH003742,HNW,0.0,desarrollo,0,2,4,2,4
HH003743,HNW,,excluido,,,,,
HH003744,HNW,0.0,holdout,,,,,
HH003745,HNW,0.0,desarrollo,0,0,1,1,3
HH003746,HNW,1.0,holdout,,,,,
HH003747,HNW,0.0,desarrollo,4,1,3,3,4
HH003748,HNW,0.0,desarrollo,1,4,3,2,1
HH003749,HNW,0.0,desarrollo,4,2,4,4,2
HH003750,HNW,0.0,holdout,,,,,
HH003751,UHNW,0.0,desarrollo,4,2,1,1,3
HH003752,HNW,0.0,desarrollo,3,0,4,1,3
HH003753,HNW,0.0,holdout,,,,,
HH003754,HNW,0.0,desarrollo,3,3,2,3,4
HH003755,HNW,0.0,desarrollo,4,2,1,1,0
HH003756,HNW,0.0,desarrollo,0,2,1,3,1
HH003757,HNW,0.0,desarrollo,3,4,4,2,4
HH003758,HNW,0.0,holdout,,,,,
HH003759,HNW,1.0,desarrollo,1,3,2,3,0
HH003760,HNW,0.0,desarrollo,1,3,2,0,2
HH003761,HNW,0.0,desarrollo,1,2,2,3,2
HH003762,HNW,0.0,holdout,,,,,
HH003763,HNW,0.0,desarrollo,1,0,4,3,0
HH003764,HNW,0.0,desarrollo,0,2,4,0,0
HH003765,HNW,0.0,desarrollo,1,1,2,2,3
HH003766,HNW,0.0,desarrollo,4,4,4,2,4
HH003767,HNW,0.0,holdout,,,,,
HH003768,HNW,0.0,holdout,,,,,
HH003769,HNW,0.0,desarrollo,2,4,3,1,2
HH003770,HNW,1.0,desarrollo,4,1,2,3,4
HH003771,HNW,0.0,desarrollo,1,2,3,1,4
HH003772,HNW,0.0,holdout,,,,,
HH003773,HNW,0.0,holdout,,,,,
HH003774,HNW,0.0,desarrollo,2,4,0,0,1
HH003775,HNW,0.0,desarrollo,3,4,0,3,2
HH003776,HNW,0.0,desarrollo,3,4,2,4,2
HH003777,HNW,1.0,desarrollo,4,1,0,0,2
HH003778,HNW,0.0,desarrollo,2,1,0,2,0
HH003779,HNW,1.0,desarrollo,0,2,3,1,0
HH003780,HNW,1.0,holdout,,,,,
HH003781,HNW,0.0,desarrollo,3,0,2,3,4
HH003782,HNW,0.0,desarrollo,1,2,1,2,4
HH003783,HNW,0.0,desarrollo,3,0,0,2,4
HH003784,HNW,0.0,desarrollo,3,0,2,4,4
HH003785,HNW,1.0,desarrollo,4,2,0,0,4
HH003786,HNW,0.0,holdout,,,,,
HH003787,HNW,0.0,desarrollo,3,0,2,1,4
HH003788,HNW,0.0,holdout,,,,,
HH003789,HNW,0.0,holdout,,,,,
HH003790,HNW,0.0,desarrollo,4,1,1,1,3
HH003791,HNW,0.0,desarrollo,4,1,4,3,0
HH003792,HNW,0.0,desarrollo,2,2,3,2,4
HH003793,HNW,0.0,desarrollo,3,4,4,4,2
HH003794,HNW,0.0,holdout,,,,,
HH003795,HNW,0.0,desarrollo,3,0,1,2,1
HH003796,HNW,0.0,desarrollo,4,3,2,0,4
HH003797,HNW,0.0,desarrollo,0,4,1,2,2
HH003798,HNW,0.0,desarrollo,0,3,3,3,4
HH003799,HNW,0.0,desarrollo,0,1,2,1,3
HH003800,HNW,0.0,desarrollo,4,3,3,0,1
HH003801,HNW,0.0,desarrollo,1,4,2,2,0
HH003802,HNW,0.0,holdout,,,,,
HH003803,HNW,0.0,desarrollo,0,0,0,1,2
HH003804,HNW,0.0,desarrollo,3,2,0,0,2
HH003805,HNW,0.0,desarrollo,4,3,3,3,0
HH003806,HNW,0.0,holdout,,,,,
HH003807,HNW,0.0,holdout,,,,,
HH003808,HNW,0.0,desarrollo,3,1,1,0,0
HH003809,HNW,1.0,desarrollo,3,4,4,0,2
HH003810,HNW,0.0,holdout,,,,,
HH003811,HNW,0.0,desarrollo,0,0,4,4,0
HH003812,HNW,0.0,desarrollo,2,4,1,2,2
HH003813,HNW,0.0,desarrollo,2,0,1,0,4
HH003814,HNW,0.0,desarrollo,4,3,1,3,2
HH003815,HNW,0.0,holdout,,,,,
HH003816,HNW,0.0,desarrollo,3,4,0,0,0
HH003817,HNW,0.0,desarrollo,4,4,0,2,2
HH003818,HNW,0.0,desarrollo,4,1,1,0,4
HH003819,UHNW,0.0,desarrollo,3,4,3,1,4
HH003820,HNW,0.0,desarrollo,1,1,2,2,2
HH003821,HNW,0.0,holdout,,,,,
HH003822,HNW,0.0,holdout,,,,,
HH003823,HNW,0.0,desarrollo,0,2,2,4,3
HH003824,HNW,0.0,desarrollo,4,0,3,4,4
HH003825,HNW,0.0,desarrollo,1,3,1,1,1
HH003826,HNW,0.0,desarrollo,4,4,4,4,1
HH003827,HNW,0.0,desarrollo,4,2,3,2,2
HH003828,HNW,0.0,holdout,,,,,
HH003829,UHNW,0.0,desarrollo,2,4,0,2,4
HH003830,HNW,0.0,desarrollo,4,2,4,1,4
HH003831,HNW,0.0,desarrollo,0,3,3,1,1
HH003832,HNW,0.0,desarrollo,2,2,2,0,4
HH003833,HNW,0.0,holdout,,,,,
HH003834,HNW,0.0,desarrollo,3,0,0,1,2
HH003835,HNW,0.0,desarrollo,3,4,1,2,3
HH003836,HNW,0.0,desarrollo,3,2,1,2,3
HH003837,HNW,0.0,desarrollo,3,4,4,4,4
HH003838,HNW,0.0,holdout,,,,,
HH003839,HNW,0.0,holdout,,,,,
HH003840,HNW,0.0,holdout,,,,,
HH003841,HNW,0.0,desarrollo,3,2,3,1,0
HH003842,HNW,1.0,holdout,,,,,
HH003843,HNW,0.0,desarrollo,3,4,0,3,1
HH003844,HNW,0.0,desarrollo,0,4,4,4,1
HH003845,HNW,0.0,desarrollo,3,0,3,4,3
HH003846,HNW,0.0,desarrollo,3,4,2,3,1
HH003847,HNW,0.0,desarrollo,2,1,0,2,1
HH003848,HNW,0.0,desarrollo,4,2,1,4,0
HH003849,HNW,0.0,desarrollo,2,1,2,1,3
HH003850,HNW,0.0,desarrollo,0,1,1,0,1
HH003851,HNW,0.0,desarrollo,3,4,1,3,0
HH003852,HNW,0.0,desarrollo,4,0,2,3,4
HH003853,HNW,0.0,desarrollo,2,4,4,4,2
HH003854,HNW,0.0,desarrollo,0,4,4,1,4
HH003855,HNW,0.0,desarrollo,4,3,2,3,1
HH003856,HNW,0.0,holdout,,,,,
HH003857,HNW,0.0,desarrollo,2,2,1,3,1
HH003858,HNW,0.0,holdout,,,,,
HH003859,HNW,0.0,desarrollo,3,2,2,2,4
HH003860,HNW,0.0,desarrollo,0,1,1,1,4
HH003861,HNW,0.0,desarrollo,3,3,2,3,1
HH003862,HNW,0.0,desarrollo,2,2,2,0,3
HH003863,HNW,0.0,desarrollo,0,0,2,0,3
HH003864,HNW,0.0,holdout,,,,,
HH003865,HNW,0.0,holdout,,,,,
HH003866,HNW,0.0,desarrollo,1,4,2,4,0
HH003867,HNW,0.0,holdout,,,,,
HH003868,HNW,0.0,desarrollo,0,2,2,1,2
HH003869,HNW,0.0,holdout,,,,,
HH003870,HNW,0.0,holdout,,,,,
HH003871,HNW,0.0,desarrollo,1,2,2,4,3
HH003872,HNW,0.0,desarrollo,0,1,3,2,2
HH003873,HNW,0.0,holdout,,,,,
HH003874,HNW,0.0,desarrollo,4,4,4,2,3
HH003875,HNW,0.0,desarrollo,0,2,0,3,0
HH003876,HNW,0.0,holdout,,,,,
HH003877,HNW,0.0,holdout,,,,,
HH003878,HNW,0.0,desarrollo,1,0,4,3,1
HH003879,HNW,0.0,desarrollo,2,4,4,3,0
HH003880,HNW,0.0,holdout,,,,,
HH003881,HNW,0.0,desarrollo,3,1,3,0,2
HH003882,HNW,0.0,holdout,,,,,
HH003883,HNW,0.0,desarrollo,0,3,0,2,0
HH003884,HNW,0.0,desarrollo,0,2,0,0,4
HH003885,HNW,0.0,desarrollo,3,4,1,2,4
HH003886,HNW,0.0,holdout,,,,,
HH003887,UHNW,0.0,desarrollo,0,2,2,3,4
HH003888,HNW,0.0,desarrollo,3,1,2,0,4
HH003889,HNW,0.0,desarrollo,2,0,2,3,1
HH003890,HNW,0.0,holdout,,,,,
HH003891,HNW,0.0,holdout,,,,,
HH003892,HNW,0.0,desarrollo,4,1,3,0,1
HH003893,HNW,0.0,desarrollo,3,2,1,1,0
HH003894,HNW,0.0,desarrollo,0,3,1,1,4
HH003895,HNW,0.0,holdout,,,,,
HH003896,HNW,0.0,desarrollo,1,0,1,4,1
HH003897,HNW,0.0,desarrollo,1,0,0,4,4
HH003898,HNW,0.0,desarrollo,2,0,4,3,4
HH003899,HNW,0.0,desarrollo,1,3,0,4,2
HH003900,HNW,0.0,desarrollo,2,3,2,3,3
HH003901,HNW,0.0,holdout,,,,,
HH003902,HNW,0.0,holdout,,,,,
HH003903,HNW,0.0,holdout,,,,,
HH003904,HNW,0.0,holdout,,,,,
HH003905,HNW,0.0,desarrollo,3,0,2,0,3
HH003906,HNW,1.0,desarrollo,2,4,4,3,3
HH003907,UHNW,0.0,desarrollo,1,3,3,1,3
HH003908,HNW,0.0,desarrollo,1,2,3,1,2
HH003909,HNW,0.0,holdout,,,,,
HH003910,HNW,0.0,desarrollo,3,3,2,0,3
HH003911,HNW,0.0,desarrollo,0,4,1,2,0
HH003912,HNW,0.0,desarrollo,3,1,1,0,0
HH003913,UHNW,0.0,desarrollo,1,3,0,3,0
HH003914,HNW,0.0,desarrollo,3,3,1,4,4
HH003915,HNW,0.0,desarrollo,0,3,3,0,0
HH003916,HNW,0.0,desarrollo,3,1,3,2,4
HH003917,HNW,0.0,desarrollo,3,4,3,3,0
HH003918,HNW,0.0,desarrollo,1,1,3,1,0
HH003919,HNW,0.0,desarrollo,4,4,3,0,1
HH003920,HNW,0.0,holdout,,,,,
HH003921,HNW,0.0,desarrollo,0,3,1,2,0
HH003922,HNW,0.0,desarrollo,3,0,2,3,4
HH003923,HNW,0.0,desarrollo,0,2,0,1,1
HH003924,HNW,0.0,desarrollo,4,2,3,4,4
HH003925,HNW,1.0,desarrollo,2,4,3,0,2
HH003926,HNW,0.0,holdout,,,,,
HH003927,HNW,0.0,desarrollo,3,3,1,4,1
HH003928,HNW,0.0,desarrollo,0,0,4,4,3
HH003929,HNW,0.0,desarrollo,2,4,4,2,4
HH003930,HNW,0.0,desarrollo,2,4,3,0,3
HH003931,HNW,1.0,desarrollo,1,1,3,0,0
HH003932,HNW,0.0,holdout,,,,,
HH003933,HNW,0.0,desarrollo,3,3,1,4,1
HH003934,HNW,1.0,holdout,,,,,
HH003935,HNW,0.0,desarrollo,3,4,3,0,4
HH003936,HNW,0.0,desarrollo,1,4,2,1,0
HH003937,HNW,1.0,desarrollo,3,1,1,4,0
HH003938,HNW,0.0,desarrollo,1,0,3,3,0
HH003939,HNW,0.0,desarrollo,1,3,1,4,4
HH003940,HNW,0.0,desarrollo,3,0,1,0,3
HH003941,HNW,1.0,holdout,,,,,
HH003942,HNW,0.0,holdout,,,,,
HH003943,HNW,0.0,desarrollo,2,3,3,3,0
HH003944,HNW,0.0,desarrollo,4,4,3,3,1
HH003945,HNW,0.0,desarrollo,1,2,4,0,0
HH003946,HNW,0.0,desarrollo,2,2,2,3,4
HH003947,HNW,0.0,desarrollo,0,4,1,0,2
HH003948,HNW,0.0,holdout,,,,,
HH003949,HNW,0.0,holdout,,,,,
HH003950,HNW,0.0,desarrollo,3,1,3,2,1
HH003951,HNW,0.0,desarrollo,0,3,0,1,2
HH003952,HNW,0.0,holdout,,,,,
HH003953,HNW,0.0,desarrollo,2,3,4,4,2
HH003954,HNW,0.0,desarrollo,0,2,1,3,4
HH003955,HNW,0.0,holdout,,,,,
HH003956,UHNW,0.0,desarrollo,2,0,0,4,3
HH003957,HNW,0.0,desarrollo,4,3,1,3,2
HH003958,HNW,0.0,desarrollo,2,2,2,1,2
HH003959,UHNW,0.0,desarrollo,1,2,3,4,0
HH003960,HNW,0.0,desarrollo,2,3,0,2,3
HH003961,HNW,0.0,holdout,,,,,
HH003962,HNW,0.0,desarrollo,3,2,4,2,2
HH003963,HNW,0.0,desarrollo,4,3,2,2,0
HH003964,HNW,0.0,desarrollo,1,3,1,3,2
HH003965,HNW,0.0,holdout,,,,,
HH003966,HNW,0.0,holdout,,,,,
HH003967,HNW,0.0,holdout,,,,,
HH003968,HNW,0.0,desarrollo,2,2,4,3,1
HH003969,HNW,0.0,desarrollo,4,0,2,0,0
HH003970,HNW,0.0,desarrollo,1,3,4,4,4
HH003971,HNW,1.0,desarrollo,1,2,1,4,0
HH003972,HNW,0.0,desarrollo,1,0,1,3,2
HH003973,HNW,0.0,desarrollo,4,1,4,4,1
HH003974,HNW,0.0,desarrollo,4,1,1,4,3
HH003975,HNW,0.0,desarrollo,2,2,0,2,4
HH003976,HNW,0.0,desarrollo,2,4,2,4,2
HH003977,HNW,1.0,desarrollo,0,0,1,0,0
HH003978,HNW,0.0,desarrollo,3,2,3,1,2
HH003979,HNW,0.0,holdout,,,,,
HH003980,HNW,0.0,desarrollo,2,4,4,2,4
HH003981,HNW,0.0,desarrollo,3,2,3,2,1
HH003982,HNW,0.0,desarrollo,0,4,1,1,1
HH003983,HNW,0.0,desarrollo,3,1,1,3,0
HH003984,HNW,0.0,holdout,,,,,
HH003985,HNW,0.0,desarrollo,2,3,4,1,2
HH003986,HNW,0.0,desarrollo,0,3,3,4,3
HH003987,HNW,0.0,desarrollo,2,3,1,2,1
HH003988,UHNW,0.0,desarrollo,4,1,2,4,3
HH003989,HNW,0.0,holdout,,,,,
HH003990,HNW,0.0,desarrollo,3,0,0,2,1
HH003991,HNW,0.0,desarrollo,2,4,4,3,0
HH003992,HNW,0.0,desarrollo,1,2,1,3,4
HH003993,HNW,0.0,desarrollo,0,3,4,2,1
HH003994,HNW,0.0,holdout,,,,,
HH003995,HNW,0.0,desarrollo,3,1,4,2,3
HH003996,HNW,0.0,desarrollo,0,0,0,2,0
HH003997,HNW,0.0,desarrollo,4,1,4,1,0
HH003998,HNW,0.0,desarrollo,3,0,4,3,0
HH003999,HNW,0.0,desarrollo,0,0,4,4,1
HH004000,HNW,0.0,holdout,,,,,
HH004001,HNW,0.0,holdout,,,,,
HH004002,HNW,0.0,desarrollo,3,3,4,2,0
HH004003,HNW,0.0,holdout,,,,,
HH004004,HNW,0.0,desarrollo,0,3,1,4,1
HH004005,HNW,0.0,desarrollo,4,1,4,2,4
HH004006,HNW,0.0,desarrollo,4,2,3,2,0
HH004007,HNW,0.0,desarrollo,4,1,1,3,1
HH004008,HNW,0.0,desarrollo,3,3,1,4,3
HH004009,HNW,0.0,desarrollo,2,2,3,0,1
HH004010,HNW,0.0,desarrollo,3,1,4,2,2
HH004011,HNW,0.0,desarrollo,4,0,1,4,2
HH004012,HNW,0.0,desarrollo,4,0,2,2,2
HH004013,HNW,0.0,desarrollo,3,0,0,1,2
HH004014,HNW,0.0,desarrollo,0,3,0,4,2
HH004015,HNW,0.0,holdout,,,,,
HH004016,HNW,0.0,holdout,,,,,
HH004017,HNW,0.0,holdout,,,,,
HH004018,HNW,0.0,holdout,,,,,
HH004019,HNW,0.0,desarrollo,1,1,4,1,0
HH004020,HNW,1.0,desarrollo,3,1,1,3,2
HH004021,UHNW,0.0,desarrollo,4,2,0,4,0
HH004022,HNW,0.0,holdout,,,,,
HH004023,HNW,0.0,desarrollo,3,2,3,2,0
HH004024,HNW,0.0,desarrollo,2,4,1,2,4
HH004025,HNW,0.0,desarrollo,1,1,0,3,0
HH004026,HNW,0.0,holdout,,,,,
HH004027,HNW,0.0,holdout,,,,,
HH004028,HNW,0.0,desarrollo,1,1,0,4,4
HH004029,HNW,0.0,desarrollo,2,2,1,3,2
HH004030,HNW,0.0,holdout,,,,,
HH004031,HNW,0.0,desarrollo,1,0,3,3,4
HH004032,HNW,0.0,desarrollo,4,0,0,4,4
HH004033,HNW,0.0,desarrollo,3,2,2,2,3
HH004034,HNW,0.0,holdout,,,,,
HH004035,HNW,0.0,desarrollo,4,2,0,4,1
HH004036,HNW,0.0,desarrollo,2,1,1,0,2
HH004037,HNW,1.0,holdout,,,,,
HH004038,HNW,0.0,desarrollo,4,3,2,4,0
HH004039,HNW,0.0,desarrollo,1,0,3,0,2
HH004040,HNW,0.0,desarrollo,1,0,3,1,1
HH004041,HNW,0.0,desarrollo,3,4,3,3,2
HH004042,HNW,0.0,desarrollo,0,1,2,4,0
HH004043,UHNW,0.0,desarrollo,2,3,3,4,4
HH004044,HNW,0.0,desarrollo,1,0,2,0,1
HH004045,HNW,0.0,desarrollo,1,4,3,4,4
HH004046,HNW,0.0,desarrollo,4,1,1,1,4
HH004047,HNW,0.0,desarrollo,1,0,0,4,4
HH004048,HNW,0.0,desarrollo,4,2,3,2,4
HH004049,HNW,0.0,desarrollo,3,1,2,2,1
HH004050,HNW,0.0,desarrollo,1,1,0,3,2
HH004051,HNW,0.0,holdout,,,,,
HH004052,HNW,0.0,desarrollo,4,2,4,4,2
HH004053,HNW,0.0,desarrollo,3,4,0,0,2
HH004054,UHNW,1.0,desarrollo,1,4,4,3,2
HH004055,HNW,0.0,holdout,,,,,
HH004056,HNW,0.0,desarrollo,4,0,1,1,0
HH004057,HNW,0.0,desarrollo,2,4,2,2,1
HH004058,HNW,0.0,desarrollo,2,2,1,0,1
HH004059,HNW,0.0,desarrollo,0,1,1,3,4
HH004060,HNW,0.0,holdout,,,,,
HH004061,HNW,0.0,desarrollo,1,1,3,1,2
HH004062,HNW,0.0,desarrollo,3,3,4,4,1
HH004063,UHNW,0.0,desarrollo,3,1,3,3,3
HH004064,HNW,0.0,desarrollo,1,2,0,4,0
HH004065,HNW,0.0,desarrollo,3,3,2,2,0
HH004066,HNW,0.0,holdout,,,,,
HH004067,HNW,0.0,desarrollo,4,0,1,1,0
HH004068,HNW,0.0,desarrollo,1,1,0,1,1
HH004069,HNW,0.0,desarrollo,3,0,4,4,0
HH004070,HNW,0.0,holdout,,,,,
HH004071,HNW,0.0,desarrollo,4,3,2,3,1
HH004072,HNW,1.0,desarrollo,0,2,3,0,1
HH004073,HNW,0.0,desarrollo,4,0,3,0,0
HH004074,HNW,0.0,desarrollo,3,2,3,0,0
HH004075,HNW,0.0,holdout,,,,,
HH004076,HNW,1.0,holdout,,,,,
HH004077,HNW,0.0,desarrollo,3,2,3,1,4
HH004078,HNW,0.0,holdout,,,,,
HH004079,HNW,0.0,holdout,,,,,
HH004080,HNW,1.0,holdout,,,,,
HH004081,UHNW,0.0,desarrollo,3,2,1,2,0
HH004082,HNW,0.0,desarrollo,3,3,3,0,4
HH004083,UHNW,0.0,holdout,,,,,
HH004084,UHNW,0.0,holdout,,,,,
HH004085,HNW,0.0,desarrollo,3,2,4,0,4
HH004086,HNW,0.0,holdout,,,,,
HH004087,HNW,0.0,desarrollo,2,1,2,2,0
HH004088,HNW,0.0,holdout,,,,,
HH004089,UHNW,0.0,desarrollo,4,4,3,1,2
HH004090,HNW,0.0,desarrollo,2,0,0,0,4
HH004091,HNW,0.0,desarrollo,1,2,3,4,0
HH004092,HNW,0.0,desarrollo,3,4,1,1,3
HH004093,HNW,0.0,desarrollo,1,0,2,3,0
HH004094,HNW,0.0,desarrollo,4,0,4,3,0
HH004095,HNW,0.0,desarrollo,1,4,0,0,4
HH004096,HNW,1.0,desarrollo,0,2,3,0,4
HH004097,HNW,0.0,holdout,,,,,
HH004098,HNW,0.0,desarrollo,4,3,1,2,1
HH004099,HNW,0.0,desarrollo,0,0,1,0,0
HH004100,HNW,0.0,desarrollo,3,4,3,0,0
HH004101,UHNW,0.0,desarrollo,2,1,1,0,2
HH004102,HNW,0.0,desarrollo,1,3,2,4,2
HH004103,HNW,0.0,desarrollo,3,3,1,3,0
HH004104,HNW,0.0,desarrollo,2,2,3,2,1
HH004105,HNW,0.0,desarrollo,0,1,4,4,2
HH004106,HNW,0.0,holdout,,,,,
HH004107,HNW,1.0,desarrollo,0,4,1,2,1
HH004108,HNW,0.0,holdout,,,,,
HH004109,HNW,1.0,desarrollo,2,0,0,3,3
HH004110,HNW,0.0,holdout,,,,,
HH004111,HNW,0.0,holdout,,,,,
HH004112,HNW,0.0,holdout,,,,,
HH004113,HNW,0.0,desarrollo,1,4,3,0,0
HH004114,HNW,0.0,desarrollo,4,1,0,4,2
HH004115,HNW,1.0,desarrollo,2,4,1,3,3
HH004116,HNW,0.0,desarrollo,1,0,3,0,0
HH004117,HNW,0.0,desarrollo,2,2,1,2,1
HH004118,HNW,1.0,desarrollo,3,1,1,2,1
HH004119,HNW,0.0,holdout,,,,,
HH004120,HNW,0.0,holdout,,,,,
HH004121,HNW,0.0,holdout,,,,,
HH004122,HNW,0.0,desarrollo,0,2,0,4,2
HH004123,HNW,0.0,holdout,,,,,
HH004124,HNW,0.0,holdout,,,,,
HH004125,HNW,0.0,holdout,,,,,
HH004126,UHNW,0.0,desarrollo,0,1,1,1,4
HH004127,HNW,0.0,desarrollo,3,3,0,1,0
HH004128,HNW,0.0,holdout,,,,,
HH004129,HNW,0.0,holdout,,,,,
HH004130,HNW,0.0,desarrollo,2,2,2,4,3
HH004131,HNW,0.0,desarrollo,4,0,2,3,0
HH004132,HNW,0.0,holdout,,,,,
HH004133,HNW,0.0,desarrollo,3,2,4,2,3
HH004134,HNW,0.0,desarrollo,4,4,1,4,1
HH004135,HNW,1.0,holdout,,,,,
HH004136,HNW,0.0,desarrollo,2,4,2,4,3
HH004137,HNW,0.0,desarrollo,1,1,0,2,0
HH004138,HNW,0.0,desarrollo,1,1,0,3,3
HH004139,HNW,0.0,holdout,,,,,
HH004140,HNW,1.0,desarrollo,1,2,4,3,3
HH004141,HNW,0.0,holdout,,,,,
HH004142,HNW,0.0,desarrollo,3,4,4,2,3
HH004143,HNW,0.0,desarrollo,2,4,4,3,0
HH004144,HNW,0.0,desarrollo,3,2,1,3,4
HH004145,HNW,0.0,desarrollo,2,1,4,3,3
HH004146,HNW,0.0,desarrollo,3,2,1,1,2
HH004147,HNW,0.0,desarrollo,3,0,2,3,0
HH004148,HNW,0.0,desarrollo,2,3,2,4,4
HH004149,HNW,0.0,holdout,,,,,
HH004150,HNW,0.0,holdout,,,,,
HH004151,HNW,1.0,holdout,,,,,
HH004152,HNW,1.0,desarrollo,2,3,0,4,3
HH004153,HNW,0.0,holdout,,,,,
HH004154,HNW,0.0,desarrollo,0,4,3,3,4
HH004155,HNW,0.0,holdout,,,,,
HH004156,HNW,0.0,desarrollo,2,2,0,2,2
HH004157,HNW,,excluido,,,,,
HH004158,HNW,0.0,desarrollo,4,1,1,4,2
HH004159,HNW,0.0,holdout,,,,,
HH004160,HNW,0.0,desarrollo,2,2,3,1,4
HH004161,HNW,0.0,desarrollo,0,3,4,0,4
HH004162,HNW,0.0,desarrollo,3,3,2,3,0
HH004163,HNW,0.0,holdout,,,,,
HH004164,UHNW,0.0,desarrollo,1,3,3,3,2
HH004165,HNW,0.0,desarrollo,0,4,2,3,0
HH004166,HNW,0.0,holdout,,,,,
HH004167,HNW,0.0,desarrollo,2,2,0,2,2
HH004168,HNW,0.0,desarrollo,0,0,4,3,1
HH004169,HNW,0.0,desarrollo,0,0,3,3,3
HH004170,HNW,0.0,desarrollo,1,3,4,0,3
HH004171,HNW,0.0,desarrollo,1,3,4,4,0
HH004172,HNW,0.0,desarrollo,2,0,1,1,4
HH004173,HNW,0.0,holdout,,,,,
HH004174,HNW,0.0,desarrollo,2,3,0,4,2
HH004175,HNW,0.0,desarrollo,0,3,4,2,4
HH004176,HNW,1.0,holdout,,,,,
HH004177,HNW,0.0,desarrollo,2,4,2,4,1
HH004178,HNW,0.0,holdout,,,,,
HH004179,HNW,0.0,desarrollo,2,3,2,0,2
HH004180,HNW,0.0,desarrollo,0,3,0,2,3
HH004181,HNW,0.0,holdout,,,,,
HH004182,UHNW,0.0,desarrollo,3,0,3,1,2
HH004183,UHNW,0.0,desarrollo,1,4,3,4,4
HH004184,HNW,0.0,desarrollo,3,4,0,0,2
HH004185,HNW,0.0,desarrollo,3,2,2,2,4
HH004186,HNW,0.0,desarrollo,0,0,4,1,3
HH004187,HNW,0.0,desarrollo,3,0,4,3,2
HH004188,HNW,0.0,desarrollo,0,1,2,1,3
HH004189,HNW,0.0,holdout,,,,,
HH004190,HNW,0.0,desarrollo,0,3,0,3,1
HH004191,HNW,0.0,desarrollo,0,0,0,2,0
HH004192,HNW,0.0,holdout,,,,,
HH004193,HNW,1.0,holdout,,,,,
HH004194,HNW,0.0,holdout,,,,,
HH004195,HNW,0.0,holdout,,,,,
HH004196,HNW,0.0,desarrollo,1,4,0,2,0
HH004197,HNW,0.0,desarrollo,1,0,3,4,3
HH004198,HNW,0.0,desarrollo,1,2,1,0,1
HH004199,HNW,0.0,desarrollo,2,1,1,4,4
HH004200,HNW,1.0,holdout,,,,,
HH004201,HNW,0.0,desarrollo,2,3,1,1,3
HH004202,HNW,0.0,desarrollo,3,1,3,3,3
HH004203,HNW,0.0,desarrollo,2,4,3,1,2
HH004204,HNW,0.0,holdout,,,,,
HH004205,HNW,0.0,desarrollo,3,2,1,1,2
HH004206,HNW,0.0,holdout,,,,,
HH004207,HNW,0.0,holdout,,,,,
HH004208,HNW,1.0,desarrollo,2,2,4,4,3
HH004209,HNW,0.0,holdout,,,,,
HH004210,HNW,0.0,holdout,,,,,
HH004211,HNW,0.0,desarrollo,4,0,4,3,1
HH004212,UHNW,0.0,desarrollo,4,3,2,3,3
HH004213,HNW,1.0,desarrollo,1,3,4,1,3
HH004214,HNW,0.0,holdout,,,,,
HH004215,UHNW,0.0,desarrollo,3,4,4,3,2
HH004216,HNW,0.0,desarrollo,3,4,2,0,4
HH004217,HNW,0.0,holdout,,,,,
HH004218,HNW,0.0,holdout,,,,,
HH004219,HNW,0.0,desarrollo,4,0,2,4,0
HH004220,HNW,0.0,desarrollo,1,0,3,4,2
HH004221,HNW,0.0,holdout,,,,,
HH004222,HNW,0.0,desarrollo,1,3,3,2,0
HH004223,HNW,0.0,desarrollo,1,3,1,1,4
HH004224,HNW,0.0,holdout,,,,,
HH004225,HNW,0.0,holdout,,,,,
HH004226,HNW,1.0,holdout,,,,,
HH004227,HNW,0.0,holdout,,,,,
HH004228,HNW,0.0,desarrollo,1,4,3,3,2
HH004229,HNW,1.0,holdout,,,,,
HH004230,HNW,1.0,desarrollo,1,2,3,0,1
HH004231,HNW,0.0,desarrollo,3,2,2,2,1
HH004232,UHNW,0.0,holdout,,,,,
HH004233,HNW,0.0,holdout,,,,,
HH004234,HNW,0.0,holdout,,,,,
HH004235,HNW,0.0,desarrollo,4,1,3,2,3
HH004236,HNW,0.0,desarrollo,2,0,1,0,4
HH004237,HNW,0.0,desarrollo,3,0,0,3,1
HH004238,HNW,0.0,holdout,,,,,
HH004239,HNW,0.0,holdout,,,,,
HH004240,HNW,0.0,desarrollo,2,3,0,1,2
HH004241,HNW,0.0,holdout,,,,,
HH004242,HNW,0.0,desarrollo,3,1,4,2,3
HH004243,HNW,0.0,holdout,,,,,
HH004244,HNW,0.0,holdout,,,,,
HH004245,HNW,0.0,desarrollo,2,3,0,3,3
HH004246,HNW,0.0,holdout,,,,,
HH004247,HNW,0.0,holdout,,,,,
HH004248,HNW,0.0,desarrollo,0,1,1,3,4
HH004249,HNW,0.0,desarrollo,4,2,3,2,2
HH004250,HNW,0.0,holdout,,,,,
HH004251,HNW,0.0,holdout,,,,,
HH004252,HNW,0.0,desarrollo,2,0,3,0,2
HH004253,HNW,0.0,holdout,,,,,
HH004254,HNW,0.0,desarrollo,3,1,2,3,1
HH004255,HNW,0.0,desarrollo,2,1,4,4,1
HH004256,HNW,0.0,desarrollo,2,0,4,1,1
HH004257,HNW,0.0,holdout,,,,,
HH004258,HNW,0.0,desarrollo,1,3,3,1,0
HH004259,HNW,0.0,holdout,,,,,
HH004260,HNW,0.0,desarrollo,2,1,0,1,3
HH004261,HNW,0.0,desarrollo,0,4,0,2,3
HH004262,HNW,1.0,holdout,,,,,
HH004263,HNW,0.0,holdout,,,,,
HH004264,UHNW,0.0,desarrollo,1,4,2,1,2
HH004265,HNW,0.0,holdout,,,,,
HH004266,HNW,0.0,desarrollo,2,3,4,4,0
HH004267,HNW,0.0,holdout,,,,,
HH004268,UHNW,0.0,desarrollo,2,1,2,0,3
HH004269,HNW,0.0,desarrollo,2,1,1,1,1
HH004270,HNW,0.0,holdout,,,,,
HH004271,HNW,0.0,holdout,,,,,
HH004272,HNW,0.0,desarrollo,3,2,2,1,1
HH004273,HNW,0.0,desarrollo,2,3,3,0,0
HH004274,HNW,0.0,desarrollo,3,3,3,3,3
HH004275,HNW,0.0,desarrollo,4,3,3,3,3
HH004276,HNW,0.0,desarrollo,0,0,1,2,1
HH004277,HNW,0.0,desarrollo,2,3,1,4,4
HH004278,HNW,0.0,desarrollo,3,1,0,0,4
HH004279,HNW,0.0,desarrollo,2,1,1,3,1
HH004280,HNW,0.0,desarrollo,0,3,1,1,1
HH004281,HNW,0.0,desarrollo,4,2,2,0,0
HH004282,HNW,0.0,desarrollo,2,0,1,0,1
HH004283,HNW,0.0,desarrollo,3,3,3,3,0
HH004284,HNW,0.0,desarrollo,0,1,2,0,2
HH004285,HNW,0.0,desarrollo,1,2,0,1,2
HH004286,HNW,0.0,desarrollo,2,0,2,3,4
HH004287,HNW,0.0,desarrollo,4,2,1,4,3
HH004288,HNW,0.0,desarrollo,4,3,1,1,3
HH004289,UHNW,0.0,desarrollo,3,1,3,2,0
HH004290,HNW,0.0,desarrollo,0,0,4,3,1
HH004291,HNW,0.0,desarrollo,2,3,3,4,3
HH004292,HNW,0.0,desarrollo,3,4,1,3,3
HH004293,HNW,0.0,holdout,,,,,
HH004294,HNW,0.0,desarrollo,1,3,1,0,0
HH004295,HNW,0.0,holdout,,,,,
HH004296,HNW,0.0,desarrollo,2,4,3,1,2
HH004297,HNW,0.0,desarrollo,0,3,2,3,4
HH004298,HNW,0.0,desarrollo,2,0,0,2,0
HH004299,HNW,0.0,holdout,,,,,
HH004300,HNW,0.0,desarrollo,3,1,0,2,3
HH004301,HNW,0.0,desarrollo,0,4,1,3,2
HH004302,HNW,0.0,desarrollo,1,2,0,1,4
HH004303,HNW,0.0,holdout,,,,,
HH004304,HNW,0.0,holdout,,,,,
HH004305,HNW,0.0,desarrollo,2,3,0,4,4
HH004306,HNW,0.0,desarrollo,0,1,1,2,1
HH004307,HNW,0.0,desarrollo,3,2,3,3,0
HH004308,HNW,0.0,holdout,,,,,
HH004309,HNW,0.0,holdout,,,,,
HH004310,UHNW,0.0,holdout,,,,,
HH004311,UHNW,0.0,desarrollo,1,1,3,3,0
HH004312,HNW,0.0,desarrollo,2,1,2,2,2
HH004313,HNW,0.0,desarrollo,2,0,3,0,1
HH004314,HNW,0.0,holdout,,,,,
HH004315,HNW,0.0,desarrollo,4,4,3,2,2
HH004316,HNW,0.0,holdout,,,,,
HH004317,HNW,0.0,holdout,,,,,
HH004318,HNW,0.0,desarrollo,2,2,4,3,0
HH004319,HNW,0.0,holdout,,,,,
HH004320,UHNW,0.0,holdout,,,,,
HH004321,HNW,0.0,holdout,,,,,
HH004322,HNW,0.0,holdout,,,,,
HH004323,UHNW,1.0,desarrollo,0,0,1,1,1
HH004324,HNW,0.0,desarrollo,0,1,3,4,2
HH004325,HNW,0.0,holdout,,,,,
HH004326,HNW,0.0,desarrollo,1,2,2,2,0
HH004327,HNW,1.0,desarrollo,4,4,4,3,4
HH004328,HNW,0.0,holdout,,,,,
HH004329,UHNW,0.0,desarrollo,4,3,4,4,1
HH004330,HNW,0.0,desarrollo,2,2,0,0,1
HH004331,HNW,0.0,holdout,,,,,
HH004332,HNW,0.0,desarrollo,1,0,2,2,3
HH004333,HNW,1.0,desarrollo,2,4,0,3,3
HH004334,HNW,0.0,desarrollo,2,0,2,0,3
HH004335,HNW,0.0,desarrollo,0,2,0,1,1
HH004336,HNW,0.0,desarrollo,2,0,1,0,2
HH004337,HNW,0.0,desarrollo,4,1,0,2,4
HH004338,HNW,0.0,holdout,,,,,
HH004339,HNW,0.0,holdout,,,,,
HH004340,HNW,0.0,desarrollo,2,3,0,1,4
HH004341,HNW,0.0,desarrollo,1,2,3,2,1
HH004342,HNW,0.0,holdout,,,,,
HH004343,HNW,0.0,desarrollo,2,2,1,3,0
HH004344,HNW,1.0,holdout,,,,,
HH004345,HNW,0.0,holdout,,,,,
HH004346,HNW,0.0,holdout,,,,,
HH004347,HNW,0.0,holdout,,,,,
HH004348,HNW,0.0,desarrollo,4,3,2,4,4
HH004349,UHNW,0.0,holdout,,,,,
HH004350,HNW,0.0,desarrollo,2,1,1,1,2
HH004351,HNW,0.0,holdout,,,,,
HH004352,HNW,0.0,desarrollo,0,0,3,4,4
HH004353,HNW,0.0,desarrollo,4,3,1,4,3
HH004354,HNW,0.0,desarrollo,2,4,3,1,1
HH004355,HNW,0.0,holdout,,,,,
HH004356,HNW,1.0,desarrollo,2,2,0,0,3
HH004357,HNW,1.0,holdout,,,,,
HH004358,HNW,1.0,desarrollo,3,0,4,1,2
HH004359,HNW,0.0,desarrollo,3,1,0,4,4
HH004360,UHNW,1.0,holdout,,,,,
HH004361,HNW,0.0,holdout,,,,,
HH004362,HNW,1.0,desarrollo,4,0,0,1,1
HH004363,HNW,0.0,desarrollo,1,1,2,2,2
HH004364,HNW,0.0,desarrollo,3,1,2,1,3
HH004365,HNW,0.0,desarrollo,1,4,2,2,3
HH004366,HNW,0.0,desarrollo,0,4,2,4,3
HH004367,HNW,0.0,desarrollo,0,4,3,4,0
HH004368,UHNW,0.0,desarrollo,3,0,0,1,2
HH004369,HNW,0.0,desarrollo,4,3,1,0,0
HH004370,HNW,0.0,desarrollo,1,2,4,2,4
HH004371,UHNW,0.0,desarrollo,3,0,3,2,2
HH004372,HNW,0.0,holdout,,,,,
HH004373,HNW,0.0,holdout,,,,,
HH004374,HNW,0.0,desarrollo,0,2,1,4,0
HH004375,HNW,0.0,desarrollo,1,2,2,3,1
HH004376,HNW,0.0,desarrollo,4,4,4,2,3
HH004377,HNW,0.0,holdout,,,,,
HH004378,UHNW,0.0,holdout,,,,,
HH004379,HNW,0.0,desarrollo,1,0,2,0,2
HH004380,HNW,1.0,desarrollo,2,4,1,1,1
HH004381,HNW,0.0,holdout,,,,,
HH004382,HNW,0.0,desarrollo,4,2,0,0,0
HH004383,HNW,0.0,desarrollo,2,1,3,2,0
HH004384,HNW,0.0,desarrollo,0,4,4,4,3
HH004385,HNW,0.0,desarrollo,2,2,3,0,1
HH004386,HNW,0.0,desarrollo,4,0,1,0,0
HH004387,HNW,0.0,desarrollo,4,4,1,4,1
HH004388,HNW,0.0,holdout,,,,,
HH004389,HNW,0.0,holdout,,,,,
HH004390,HNW,1.0,holdout,,,,,
HH004391,HNW,0.0,desarrollo,4,1,0,1,1
HH004392,HNW,0.0,holdout,,,,,
HH004393,HNW,0.0,holdout,,,,,
HH004394,HNW,1.0,desarrollo,2,0,0,0,1
HH004395,HNW,0.0,holdout,,,,,
HH004396,UHNW,0.0,desarrollo,4,4,2,2,2
HH004397,HNW,0.0,desarrollo,1,3,4,0,4
HH004398,HNW,0.0,desarrollo,4,3,0,1,3
HH004399,HNW,0.0,desarrollo,2,4,4,4,2
HH004400,UHNW,0.0,desarrollo,4,1,3,4,2
HH004401,HNW,0.0,desarrollo,0,0,1,0,1
HH004402,HNW,0.0,desarrollo,2,1,3,2,3
HH004403,HNW,0.0,holdout,,,,,
HH004404,HNW,0.0,holdout,,,,,
HH004405,HNW,0.0,desarrollo,0,2,2,2,1
HH004406,HNW,1.0,desarrollo,3,3,0,2,2
HH004407,HNW,0.0,desarrollo,2,1,1,2,3
HH004408,HNW,0.0,desarrollo,2,1,3,1,0
HH004409,HNW,0.0,desarrollo,2,1,2,3,1
HH004410,HNW,0.0,desarrollo,2,3,3,1,0
HH004411,HNW,0.0,desarrollo,1,2,3,0,0
HH004412,HNW,0.0,holdout,,,,,
HH004413,HNW,0.0,desarrollo,4,3,0,1,2
HH004414,HNW,0.0,desarrollo,3,4,0,0,2
HH004415,HNW,0.0,desarrollo,4,4,0,1,0
HH004416,HNW,0.0,desarrollo,1,4,0,1,2
HH004417,HNW,0.0,desarrollo,2,3,2,0,3
HH004418,HNW,0.0,desarrollo,0,3,3,4,1
HH004419,HNW,0.0,desarrollo,4,0,0,4,2
HH004420,HNW,0.0,holdout,,,,,
HH004421,HNW,0.0,desarrollo,3,4,4,0,4
HH004422,HNW,0.0,desarrollo,0,3,1,1,1
HH004423,UHNW,0.0,desarrollo,0,2,2,0,2
HH004424,HNW,0.0,holdout,,,,,
HH004425,HNW,0.0,desarrollo,1,4,3,2,3
HH004426,HNW,0.0,desarrollo,3,0,0,2,1
HH004427,HNW,0.0,desarrollo,0,4,2,1,4
HH004428,HNW,0.0,holdout,,,,,
HH004429,HNW,0.0,desarrollo,0,2,3,2,3
HH004430,HNW,0.0,desarrollo,0,2,1,2,4
HH004431,HNW,0.0,holdout,,,,,
HH004432,HNW,0.0,holdout,,,,,
HH004433,HNW,0.0,desarrollo,2,2,0,4,0
HH004434,HNW,0.0,desarrollo,2,0,2,3,0
HH004435,HNW,0.0,holdout,,,,,
HH004436,HNW,0.0,desarrollo,1,2,3,2,0
HH004437,HNW,0.0,holdout,,,,,
HH004438,HNW,0.0,desarrollo,1,4,0,4,4
HH004439,HNW,0.0,desarrollo,2,0,2,0,1
HH004440,HNW,0.0,desarrollo,1,4,0,1,2
HH004441,HNW,0.0,desarrollo,4,4,3,4,0
HH004442,HNW,0.0,holdout,,,,,
HH004443,HNW,0.0,desarrollo,1,4,0,2,3
HH004444,HNW,0.0,holdout,,,,,
HH004445,HNW,0.0,desarrollo,3,1,0,2,1
HH004446,HNW,0.0,desarrollo,1,4,2,2,0
HH004447,HNW,0.0,desarrollo,0,1,1,1,1
HH004448,HNW,,excluido,,,,,
HH004449,HNW,0.0,desarrollo,3,2,2,2,4
HH004450,HNW,0.0,desarrollo,2,3,2,3,0
HH004451,HNW,0.0,desarrollo,4,4,3,0,4
HH004452,HNW,0.0,holdout,,,,,
HH004453,UHNW,0.0,desarrollo,1,3,3,2,4
HH004454,HNW,1.0,desarrollo,1,4,0,4,1
HH004455,HNW,0.0,desarrollo,4,3,1,0,4
HH004456,HNW,0.0,holdout,,,,,
HH004457,HNW,0.0,holdout,,,,,
HH004458,HNW,0.0,desarrollo,4,1,2,3,1
HH004459,HNW,0.0,desarrollo,1,3,4,1,1
HH004460,HNW,0.0,holdout,,,,,
HH004461,HNW,0.0,holdout,,,,,
HH004462,HNW,0.0,desarrollo,4,4,3,0,4
HH004463,HNW,0.0,holdout,,,,,
HH004464,HNW,0.0,desarrollo,0,3,1,2,0
HH004465,HNW,0.0,desarrollo,1,2,4,1,4
HH004466,HNW,,excluido,,,,,
HH004467,HNW,0.0,desarrollo,4,2,3,4,4
HH004468,HNW,0.0,desarrollo,1,2,2,4,1
HH004469,HNW,0.0,desarrollo,3,0,0,0,4
HH004470,HNW,0.0,holdout,,,,,
HH004471,HNW,0.0,desarrollo,4,0,0,4,2
HH004472,HNW,1.0,desarrollo,4,1,3,2,3
HH004473,HNW,0.0,desarrollo,1,3,4,1,3
HH004474,HNW,0.0,desarrollo,4,4,2,4,0
HH004475,HNW,0.0,desarrollo,0,2,3,2,2
HH004476,UHNW,0.0,desarrollo,1,0,0,1,4
HH004477,HNW,0.0,holdout,,,,,
HH004478,HNW,0.0,desarrollo,0,2,3,2,3
HH004479,HNW,0.0,desarrollo,3,1,1,4,4
HH004480,HNW,0.0,holdout,,,,,
HH004481,HNW,0.0,desarrollo,2,2,4,3,2
HH004482,HNW,0.0,desarrollo,3,3,3,3,4
HH004483,HNW,0.0,desarrollo,1,4,0,0,1
HH004484,HNW,0.0,holdout,,,,,
HH004485,HNW,0.0,desarrollo,4,1,2,3,3
HH004486,HNW,0.0,desarrollo,1,1,4,1,1
HH004487,HNW,0.0,desarrollo,2,4,2,4,2
HH004488,HNW,0.0,holdout,,,,,
HH004489,HNW,0.0,desarrollo,2,1,2,0,1
HH004490,HNW,0.0,holdout,,,,,
HH004491,HNW,0.0,desarrollo,0,0,2,3,3
HH004492,UHNW,0.0,desarrollo,4,2,0,2,4
HH004493,HNW,0.0,desarrollo,1,1,2,2,0
HH004494,HNW,0.0,desarrollo,3,2,2,1,0
HH004495,HNW,0.0,desarrollo,1,1,2,2,0
HH004496,HNW,0.0,desarrollo,4,4,0,0,1
HH004497,HNW,0.0,holdout,,,,,
HH004498,HNW,1.0,desarrollo,2,0,2,1,1
HH004499,HNW,0.0,desarrollo,1,2,4,1,4
HH004500,HNW,0.0,desarrollo,4,1,3,0,4
HH004501,HNW,0.0,desarrollo,1,1,3,1,0
HH004502,HNW,0.0,desarrollo,1,2,4,0,4
HH004503,HNW,0.0,desarrollo,0,4,4,0,2
HH004504,HNW,0.0,holdout,,,,,
HH004505,HNW,0.0,desarrollo,4,1,0,4,0
HH004506,HNW,0.0,holdout,,,,,
HH004507,HNW,0.0,desarrollo,2,4,0,1,4
HH004508,HNW,0.0,desarrollo,2,4,4,2,1
HH004509,HNW,0.0,holdout,,,,,
HH004510,HNW,0.0,desarrollo,2,1,1,4,2
HH004511,HNW,0.0,holdout,,,,,
HH004512,HNW,0.0,desarrollo,1,1,4,4,4
HH004513,HNW,0.0,desarrollo,0,1,3,4,3
HH004514,HNW,0.0,desarrollo,3,0,3,4,4
HH004515,HNW,0.0,holdout,,,,,
HH004516,HNW,0.0,desarrollo,1,4,3,4,3
HH004517,HNW,0.0,desarrollo,4,1,3,1,1
HH004518,HNW,0.0,desarrollo,0,2,4,0,4
HH004519,HNW,0.0,desarrollo,4,0,3,2,1
HH004520,HNW,0.0,desarrollo,3,1,0,4,2
HH004521,HNW,0.0,desarrollo,3,4,3,1,3
HH004522,HNW,0.0,holdout,,,,,
HH004523,HNW,0.0,desarrollo,1,2,0,1,0
HH004524,HNW,0.0,desarrollo,4,3,2,2,3
HH004525,HNW,0.0,desarrollo,2,4,0,0,3
HH004526,HNW,0.0,holdout,,,,,
HH004527,HNW,0.0,desarrollo,1,0,3,3,4
HH004528,HNW,0.0,desarrollo,3,3,2,2,3
HH004529,HNW,1.0,desarrollo,0,0,1,2,2
HH004530,HNW,0.0,desarrollo,3,1,0,3,2
HH004531,UHNW,0.0,desarrollo,4,1,3,4,1
HH004532,HNW,0.0,desarrollo,4,4,2,0,2
HH004533,HNW,0.0,desarrollo,2,2,3,3,2
HH004534,HNW,0.0,desarrollo,3,2,4,3,1
HH004535,HNW,0.0,desarrollo,1,3,0,1,0
HH004536,HNW,1.0,desarrollo,4,1,0,4,4
HH004537,HNW,0.0,desarrollo,2,0,0,4,1
HH004538,HNW,0.0,desarrollo,3,4,0,1,3
HH004539,HNW,0.0,desarrollo,1,3,3,2,1
HH004540,HNW,0.0,holdout,,,,,
HH004541,HNW,0.0,desarrollo,1,0,0,0,1
HH004542,HNW,0.0,holdout,,,,,
HH004543,HNW,0.0,desarrollo,0,4,0,3,1
HH004544,HNW,0.0,desarrollo,0,0,2,1,0
HH004545,HNW,0.0,desarrollo,3,0,0,2,1
HH004546,HNW,0.0,desarrollo,4,2,4,2,2
HH004547,HNW,0.0,holdout,,,,,
HH004548,HNW,0.0,desarrollo,0,4,1,2,2
HH004549,HNW,0.0,desarrollo,1,3,2,4,1
HH004550,HNW,0.0,holdout,,,,,
HH004551,HNW,0.0,holdout,,,,,
HH004552,HNW,0.0,desarrollo,2,0,4,4,0
HH004553,HNW,0.0,desarrollo,1,0,1,3,4
HH004554,HNW,0.0,desarrollo,3,0,3,1,2
HH004555,HNW,0.0,desarrollo,1,2,1,1,2
HH004556,HNW,0.0,holdout,,,,,
HH004557,HNW,0.0,desarrollo,1,1,3,4,1
HH004558,UHNW,0.0,holdout,,,,,
HH004559,HNW,0.0,desarrollo,0,1,1,4,3
HH004560,HNW,0.0,holdout,,,,,
HH004561,UHNW,0.0,holdout,,,,,
HH004562,HNW,0.0,holdout,,,,,
HH004563,HNW,0.0,desarrollo,2,2,3,3,1
HH004564,HNW,0.0,holdout,,,,,
HH004565,HNW,0.0,desarrollo,0,4,3,0,0
HH004566,HNW,0.0,desarrollo,4,1,0,1,4
HH004567,HNW,,excluido,,,,,
HH004568,HNW,0.0,desarrollo,1,1,2,3,4
HH004569,HNW,0.0,desarrollo,2,1,0,0,1
HH004570,HNW,0.0,holdout,,,,,
HH004571,HNW,0.0,desarrollo,3,1,1,4,0
HH004572,HNW,0.0,holdout,,,,,
HH004573,HNW,0.0,desarrollo,4,2,2,2,4
HH004574,HNW,0.0,desarrollo,0,4,2,1,4
HH004575,HNW,0.0,desarrollo,0,4,4,1,4
HH004576,HNW,0.0,desarrollo,2,0,4,4,2
HH004577,HNW,0.0,desarrollo,1,1,4,0,2
HH004578,HNW,0.0,holdout,,,,,
HH004579,HNW,0.0,desarrollo,0,3,4,0,0
HH004580,HNW,0.0,desarrollo,4,1,2,4,3
HH004581,HNW,0.0,desarrollo,3,2,1,0,1
HH004582,HNW,0.0,holdout,,,,,
HH004583,HNW,0.0,desarrollo,0,2,2,1,0
HH004584,HNW,0.0,desarrollo,0,2,4,2,4
HH004585,UHNW,0.0,holdout,,,,,
HH004586,HNW,1.0,holdout,,,,,
HH004587,HNW,0.0,desarrollo,3,3,2,4,4
HH004588,HNW,0.0,desarrollo,2,0,3,3,3
HH004589,HNW,0.0,desarrollo,4,2,2,1,3
HH004590,HNW,0.0,desarrollo,0,2,4,1,1
HH004591,HNW,0.0,desarrollo,2,2,0,3,1
HH004592,HNW,0.0,desarrollo,1,3,0,0,1
HH004593,HNW,0.0,desarrollo,2,3,0,1,4
HH004594,HNW,0.0,desarrollo,4,1,0,4,4
HH004595,HNW,0.0,desarrollo,3,1,2,4,3
HH004596,HNW,1.0,desarrollo,0,4,4,2,3
HH004597,HNW,0.0,desarrollo,3,0,2,2,0
HH004598,HNW,0.0,desarrollo,3,3,3,4,3
HH004599,HNW,0.0,desarrollo,1,3,1,0,3
HH004600,HNW,0.0,desarrollo,1,0,0,3,1
HH004601,HNW,0.0,desarrollo,1,4,1,1,2
HH004602,HNW,0.0,desarrollo,2,0,2,4,2
HH004603,HNW,0.0,desarrollo,1,2,1,4,4
HH004604,HNW,0.0,desarrollo,3,1,0,2,2
HH004605,HNW,0.0,desarrollo,0,2,3,1,4
HH004606,HNW,0.0,desarrollo,3,4,0,3,1
HH004607,HNW,0.0,desarrollo,4,0,3,4,2
HH004608,HNW,0.0,desarrollo,2,4,2,0,3
HH004609,HNW,0.0,desarrollo,0,2,1,4,0
HH004610,HNW,0.0,desarrollo,2,2,3,3,1
HH004611,HNW,0.0,holdout,,,,,
HH004612,HNW,0.0,desarrollo,1,2,4,1,3
HH004613,HNW,0.0,desarrollo,0,3,0,2,2
HH004614,HNW,0.0,desarrollo,2,4,0,4,0
HH004615,HNW,0.0,desarrollo,3,0,0,4,0
HH004616,HNW,0.0,holdout,,,,,
HH004617,HNW,0.0,desarrollo,3,0,4,2,4
HH004618,HNW,0.0,desarrollo,1,3,4,2,3
HH004619,HNW,0.0,desarrollo,1,1,2,2,0
HH004620,HNW,0.0,holdout,,,,,
HH004621,HNW,0.0,desarrollo,4,4,3,3,2
HH004622,UHNW,0.0,desarrollo,3,3,4,0,1
HH004623,HNW,0.0,desarrollo,2,4,4,3,2
HH004624,HNW,0.0,desarrollo,0,2,1,2,4
HH004625,HNW,0.0,desarrollo,0,1,2,3,0
HH004626,UHNW,1.0,desarrollo,3,4,2,1,0
HH004627,HNW,1.0,desarrollo,4,4,4,3,0
HH004628,HNW,1.0,holdout,,,,,
HH004629,HNW,0.0,desarrollo,1,2,0,3,4
HH004630,HNW,0.0,desarrollo,0,0,2,1,0
HH004631,HNW,0.0,holdout,,,,,
HH004632,HNW,0.0,desarrollo,3,0,4,0,1
HH004633,HNW,0.0,desarrollo,3,2,0,1,3
HH004634,HNW,0.0,holdout,,,,,
HH004635,HNW,0.0,desarrollo,4,0,3,3,2
HH004636,HNW,0.0,desarrollo,4,0,3,4,3
HH004637,HNW,0.0,desarrollo,3,1,3,4,3
HH004638,HNW,0.0,desarrollo,0,0,1,3,0
HH004639,HNW,0.0,desarrollo,0,0,0,1,0
HH004640,HNW,0.0,holdout,,,,,
HH004641,HNW,0.0,desarrollo,4,1,0,2,4
HH004642,HNW,0.0,holdout,,,,,
HH004643,HNW,1.0,desarrollo,0,1,0,1,0
HH004644,HNW,0.0,desarrollo,3,4,3,1,0
HH004645,HNW,0.0,desarrollo,1,3,3,2,1
HH004646,HNW,0.0,desarrollo,0,1,3,0,1
HH004647,HNW,0.0,desarrollo,0,2,1,1,4
HH004648,HNW,0.0,desarrollo,2,1,3,4,3
HH004649,HNW,0.0,desarrollo,2,2,1,4,4
HH004650,HNW,0.0,desarrollo,3,3,0,3,1
HH004651,HNW,0.0,desarrollo,3,2,0,0,3
HH004652,HNW,0.0,desarrollo,1,4,1,0,0
HH004653,HNW,0.0,desarrollo,0,0,4,0,4
HH004654,HNW,0.0,desarrollo,2,1,0,2,2
HH004655,HNW,0.0,desarrollo,1,1,1,3,3
HH004656,HNW,0.0,desarrollo,3,2,0,4,2
HH004657,HNW,1.0,holdout,,,,,
HH004658,HNW,0.0,desarrollo,3,2,4,3,3
HH004659,HNW,0.0,desarrollo,1,4,0,4,0
HH004660,HNW,0.0,desarrollo,1,4,4,3,3
HH004661,HNW,0.0,holdout,,,,,
HH004662,HNW,0.0,holdout,,,,,
HH004663,HNW,0.0,holdout,,,,,
HH004664,HNW,0.0,desarrollo,2,3,1,4,4
HH004665,HNW,0.0,desarrollo,1,4,2,2,3
HH004666,HNW,0.0,desarrollo,0,4,4,3,4
HH004667,HNW,0.0,desarrollo,0,4,2,2,2
HH004668,HNW,0.0,holdout,,,,,
HH004669,HNW,0.0,desarrollo,0,3,2,2,1
HH004670,HNW,0.0,desarrollo,2,3,1,2,1
HH004671,HNW,0.0,holdout,,,,,
HH004672,HNW,0.0,desarrollo,0,3,0,3,2
HH004673,HNW,0.0,desarrollo,1,2,1,4,2
HH004674,HNW,0.0,holdout,,,,,
HH004675,HNW,0.0,desarrollo,2,4,0,0,2
HH004676,HNW,0.0,desarrollo,1,4,0,0,2
HH004677,HNW,1.0,desarrollo,1,1,4,4,1
HH004678,HNW,0.0,desarrollo,0,1,2,0,2
HH004679,HNW,0.0,desarrollo,3,2,0,1,1
HH004680,HNW,0.0,desarrollo,1,0,4,0,0
HH004681,HNW,0.0,desarrollo,2,0,2,3,0
HH004682,HNW,0.0,desarrollo,0,3,0,3,2
HH004683,HNW,0.0,desarrollo,1,0,1,1,0
HH004684,HNW,0.0,desarrollo,1,4,2,3,0
HH004685,HNW,0.0,desarrollo,1,1,3,2,2
HH004686,HNW,1.0,desarrollo,4,2,2,3,0
HH004687,HNW,0.0,holdout,,,,,
HH004688,HNW,0.0,desarrollo,1,4,1,4,2
HH004689,HNW,0.0,holdout,,,,,
HH004690,HNW,0.0,holdout,,,,,
HH004691,HNW,0.0,holdout,,,,,
HH004692,HNW,0.0,desarrollo,4,2,3,3,3
HH004693,HNW,0.0,desarrollo,0,4,4,3,4
HH004694,HNW,0.0,holdout,,,,,
HH004695,HNW,0.0,desarrollo,1,4,0,1,0
HH004696,UHNW,0.0,desarrollo,0,2,1,4,4
HH004697,HNW,0.0,desarrollo,0,2,2,1,1
HH004698,HNW,0.0,desarrollo,3,2,4,0,0
HH004699,HNW,1.0,desarrollo,1,4,0,1,1
HH004700,HNW,0.0,holdout,,,,,
HH004701,HNW,0.0,desarrollo,2,0,2,3,4
HH004702,HNW,0.0,desarrollo,1,3,4,4,4
HH004703,HNW,1.0,holdout,,,,,
HH004704,HNW,0.0,holdout,,,,,
HH004705,HNW,0.0,holdout,,,,,
HH004706,HNW,0.0,desarrollo,0,4,2,2,2
HH004707,HNW,0.0,desarrollo,2,1,3,4,1
HH004708,HNW,0.0,desarrollo,3,4,1,4,3
HH004709,HNW,0.0,desarrollo,0,0,2,2,1
HH004710,HNW,0.0,desarrollo,1,0,1,0,0
HH004711,HNW,0.0,holdout,,,,,
HH004712,HNW,0.0,desarrollo,0,4,2,3,4
HH004713,HNW,0.0,holdout,,,,,
HH004714,HNW,0.0,desarrollo,3,3,0,4,1
HH004715,HNW,0.0,desarrollo,2,3,4,4,3
HH004716,HNW,0.0,desarrollo,1,4,3,3,1
HH004717,HNW,0.0,holdout,,,,,
HH004718,HNW,0.0,desarrollo,4,3,4,3,1
HH004719,HNW,0.0,holdout,,,,,
HH004720,HNW,0.0,desarrollo,2,1,0,4,3
HH004721,HNW,0.0,desarrollo,2,2,4,1,0
HH004722,HNW,1.0,desarrollo,1,4,1,3,2
HH004723,HNW,0.0,desarrollo,1,2,4,1,1
HH004724,HNW,0.0,holdout,,,,,
HH004725,HNW,0.0,desarrollo,1,1,0,2,3
HH004726,HNW,0.0,desarrollo,2,3,1,0,1
HH004727,HNW,0.0,holdout,,,,,
HH004728,HNW,0.0,desarrollo,3,4,4,1,1
HH004729,HNW,0.0,desarrollo,0,3,2,0,4
HH004730,HNW,0.0,desarrollo,1,1,4,0,2
HH004731,HNW,0.0,holdout,,,,,
HH004732,HNW,0.0,holdout,,,,,
HH004733,HNW,0.0,holdout,,,,,
HH004734,HNW,0.0,desarrollo,0,3,4,4,3
HH004735,HNW,0.0,desarrollo,0,1,2,2,4
HH004736,HNW,0.0,desarrollo,4,3,2,4,3
HH004737,HNW,0.0,holdout,,,,,
HH004738,HNW,0.0,holdout,,,,,
HH004739,HNW,0.0,desarrollo,3,1,1,2,2
HH004740,HNW,0.0,desarrollo,1,0,3,4,0
HH004741,HNW,0.0,desarrollo,2,0,3,3,3
HH004742,HNW,0.0,desarrollo,4,1,2,0,1
HH004743,HNW,0.0,holdout,,,,,
HH004744,HNW,0.0,desarrollo,2,0,3,4,0
HH004745,HNW,,excluido,,,,,
HH004746,HNW,0.0,desarrollo,2,3,1,1,2
HH004747,HNW,0.0,desarrollo,0,2,3,3,3
HH004748,HNW,0.0,desarrollo,1,2,1,2,0
HH004749,HNW,0.0,holdout,,,,,
HH004750,HNW,0.0,desarrollo,3,2,2,1,1
HH004751,HNW,0.0,desarrollo,4,4,4,1,3
HH004752,HNW,0.0,desarrollo,4,3,3,3,2
HH004753,HNW,0.0,desarrollo,1,4,2,2,0
HH004754,HNW,0.0,desarrollo,2,4,1,2,2
HH004755,HNW,0.0,desarrollo,4,1,4,2,3
HH004756,HNW,1.0,desarrollo,3,4,2,1,3
HH004757,HNW,0.0,holdout,,,,,
HH004758,HNW,0.0,desarrollo,3,0,2,1,1
HH004759,HNW,0.0,holdout,,,,,
HH004760,HNW,0.0,desarrollo,2,2,0,4,3
HH004761,HNW,0.0,holdout,,,,,
HH004762,HNW,0.0,holdout,,,,,
HH004763,HNW,0.0,desarrollo,2,4,1,0,2
HH004764,HNW,0.0,desarrollo,4,4,4,3,2
HH004765,HNW,0.0,desarrollo,4,3,0,4,3
HH004766,UHNW,0.0,holdout,,,,,
HH004767,HNW,0.0,desarrollo,2,1,3,2,0
HH004768,HNW,0.0,desarrollo,2,4,3,0,0
HH004769,HNW,0.0,desarrollo,0,1,2,2,3
HH004770,HNW,0.0,desarrollo,4,3,1,0,0
HH004771,HNW,0.0,holdout,,,,,
HH004772,HNW,0.0,desarrollo,2,3,3,3,4
HH004773,HNW,0.0,desarrollo,3,1,3,0,1
HH004774,HNW,0.0,holdout,,,,,
HH004775,HNW,0.0,holdout,,,,,
HH004776,HNW,0.0,holdout,,,,,
HH004777,HNW,0.0,holdout,,,,,
HH004778,HNW,0.0,desarrollo,4,4,0,4,4
HH004779,UHNW,0.0,holdout,,,,,
HH004780,HNW,1.0,desarrollo,4,0,4,1,1
HH004781,HNW,0.0,desarrollo,1,4,0,2,2
HH004782,HNW,0.0,desarrollo,1,4,2,3,4
HH004783,HNW,0.0,desarrollo,1,2,2,3,1
HH004784,HNW,0.0,desarrollo,3,3,4,1,4
HH004785,HNW,0.0,desarrollo,2,4,2,1,3
HH004786,HNW,0.0,desarrollo,1,3,4,4,4
HH004787,HNW,0.0,desarrollo,4,2,1,1,4
HH004788,HNW,1.0,desarrollo,3,0,1,4,2
HH004789,HNW,0.0,desarrollo,2,0,4,2,4
HH004790,HNW,0.0,desarrollo,4,0,2,1,4
HH004791,HNW,0.0,holdout,,,,,
HH004792,HNW,0.0,desarrollo,1,0,1,1,2
HH004793,HNW,0.0,desarrollo,2,2,2,0,1
HH004794,HNW,0.0,desarrollo,1,2,1,3,4
HH004795,HNW,0.0,desarrollo,0,1,0,3,0
HH004796,HNW,0.0,desarrollo,1,0,4,3,3
HH004797,HNW,0.0,desarrollo,4,0,0,0,0
HH004798,HNW,0.0,holdout,,,,,
HH004799,UHNW,0.0,desarrollo,3,3,2,4,4
HH004800,HNW,0.0,desarrollo,1,3,0,3,3
HH004801,HNW,0.0,holdout,,,,,
HH004802,HNW,0.0,desarrollo,4,3,4,1,0
HH004803,HNW,0.0,holdout,,,,,
HH004804,HNW,0.0,desarrollo,1,3,1,2,2
HH004805,HNW,1.0,desarrollo,3,4,2,1,2
HH004806,HNW,0.0,desarrollo,0,0,2,2,4
HH004807,HNW,0.0,desarrollo,2,1,3,0,1
HH004808,HNW,0.0,desarrollo,3,4,1,2,3
HH004809,HNW,0.0,desarrollo,2,3,3,1,3
HH004810,HNW,0.0,desarrollo,1,2,0,3,2
HH004811,HNW,0.0,holdout,,,,,
HH004812,HNW,0.0,desarrollo,3,1,1,1,1
HH004813,HNW,0.0,desarrollo,1,4,1,1,2
HH004814,HNW,0.0,desarrollo,0,4,2,4,1
HH004815,HNW,0.0,desarrollo,3,4,4,0,0
HH004816,HNW,0.0,desarrollo,0,3,4,4,3
HH004817,HNW,0.0,holdout,,,,,
HH004818,HNW,0.0,desarrollo,4,1,0,0,3
HH004819,HNW,0.0,holdout,,,,,
HH004820,HNW,0.0,desarrollo,4,0,0,1,4
HH004821,HNW,0.0,desarrollo,1,2,1,0,4
HH004822,HNW,0.0,desarrollo,2,4,4,1,1
HH004823,HNW,0.0,holdout,,,,,
HH004824,HNW,0.0,desarrollo,0,2,4,2,4
HH004825,HNW,0.0,desarrollo,3,4,0,0,4
HH004826,HNW,0.0,holdout,,,,,
HH004827,HNW,0.0,holdout,,,,,
HH004828,HNW,0.0,holdout,,,,,
HH004829,HNW,0.0,desarrollo,1,3,4,3,1
HH004830,HNW,0.0,desarrollo,3,3,3,2,2
HH004831,HNW,0.0,holdout,,,,,
HH004832,HNW,0.0,desarrollo,0,1,0,3,1
HH004833,HNW,1.0,desarrollo,3,1,3,3,0
HH004834,HNW,0.0,desarrollo,3,0,2,2,0
HH004835,HNW,0.0,desarrollo,0,3,1,1,2
HH004836,HNW,0.0,desarrollo,0,3,3,1,0
HH004837,HNW,0.0,holdout,,,,,
HH004838,HNW,1.0,holdout,,,,,
HH004839,HNW,0.0,desarrollo,4,1,0,1,4
HH004840,HNW,0.0,desarrollo,2,4,1,3,1
HH004841,HNW,0.0,desarrollo,3,0,1,3,0
HH004842,HNW,0.0,desarrollo,4,1,2,3,3
HH004843,UHNW,0.0,holdout,,,,,
HH004844,HNW,0.0,desarrollo,2,3,3,0,0
HH004845,HNW,0.0,desarrollo,4,4,3,0,1
HH004846,HNW,0.0,desarrollo,3,2,1,2,1
HH004847,HNW,0.0,holdout,,,,,
HH004848,HNW,0.0,desarrollo,3,2,1,2,2
HH004849,HNW,0.0,desarrollo,4,4,0,3,2
HH004850,HNW,0.0,desarrollo,2,4,4,0,1
HH004851,HNW,0.0,desarrollo,1,4,1,3,3
HH004852,HNW,0.0,desarrollo,0,2,0,4,0
HH004853,HNW,0.0,desarrollo,3,2,4,2,1
HH004854,HNW,0.0,holdout,,,,,
HH004855,UHNW,0.0,holdout,,,,,
HH004856,HNW,0.0,desarrollo,2,4,1,3,2
HH004857,HNW,0.0,holdout,,,,,
HH004858,UHNW,0.0,desarrollo,1,1,2,3,2
HH004859,HNW,0.0,desarrollo,4,4,2,3,4
HH004860,HNW,0.0,holdout,,,,,
HH004861,HNW,0.0,desarrollo,3,1,2,3,4
HH004862,HNW,1.0,desarrollo,3,1,4,1,0
HH004863,HNW,0.0,desarrollo,0,4,1,2,3
HH004864,HNW,0.0,holdout,,,,,
HH004865,HNW,0.0,desarrollo,1,0,4,4,0
HH004866,HNW,,excluido,,,,,
HH004867,HNW,0.0,desarrollo,3,3,4,2,1
HH004868,HNW,0.0,holdout,,,,,
HH004869,HNW,0.0,desarrollo,4,2,1,3,1
HH004870,HNW,0.0,desarrollo,2,2,3,0,2
HH004871,UHNW,0.0,desarrollo,4,2,3,4,0
HH004872,HNW,0.0,desarrollo,3,2,0,3,3
HH004873,HNW,0.0,holdout,,,,,
HH004874,HNW,0.0,desarrollo,0,1,3,3,2
HH004875,HNW,0.0,desarrollo,4,1,2,2,3
HH004876,HNW,0.0,holdout,,,,,
HH004877,HNW,0.0,desarrollo,2,3,0,4,0
HH004878,HNW,0.0,desarrollo,4,2,2,0,1
HH004879,HNW,0.0,desarrollo,4,3,2,2,1
HH004880,HNW,0.0,desarrollo,4,2,0,3,3
HH004881,HNW,0.0,desarrollo,3,1,2,0,0
HH004882,HNW,0.0,desarrollo,3,2,0,2,0
HH004883,HNW,0.0,holdout,,,,,
HH004884,HNW,0.0,desarrollo,0,0,3,2,2
HH004885,HNW,0.0,desarrollo,0,2,0,4,3
HH004886,HNW,0.0,desarrollo,0,3,3,3,0
HH004887,HNW,0.0,desarrollo,0,4,4,3,1
HH004888,HNW,0.0,holdout,,,,,
HH004889,HNW,0.0,desarrollo,1,4,4,4,2
HH004890,HNW,0.0,desarrollo,1,3,0,2,3
HH004891,HNW,0.0,desarrollo,3,4,3,1,2
HH004892,HNW,0.0,holdout,,,,,
HH004893,HNW,0.0,desarrollo,3,3,3,2,0
HH004894,HNW,0.0,holdout,,,,,
HH004895,UHNW,0.0,desarrollo,1,4,4,4,0
HH004896,HNW,0.0,desarrollo,4,1,3,4,0
HH004897,HNW,0.0,desarrollo,1,4,2,1,1
HH004898,HNW,0.0,desarrollo,0,1,3,4,2
HH004899,HNW,0.0,desarrollo,2,2,3,4,1
HH004900,HNW,0.0,desarrollo,2,0,3,3,3
HH004901,HNW,0.0,holdout,,,,,
HH004902,HNW,0.0,desarrollo,1,0,2,4,4
HH004903,HNW,0.0,desarrollo,2,4,3,2,0
HH004904,HNW,0.0,desarrollo,0,2,3,3,0
HH004905,HNW,1.0,desarrollo,3,2,0,3,1
HH004906,HNW,0.0,desarrollo,2,3,2,0,4
HH004907,HNW,0.0,desarrollo,3,3,0,3,2
HH004908,HNW,1.0,holdout,,,,,
HH004909,HNW,0.0,holdout,,,,,
HH004910,HNW,0.0,holdout,,,,,
HH004911,HNW,0.0,desarrollo,4,1,2,1,0
HH004912,HNW,0.0,desarrollo,3,0,0,4,2
HH004913,HNW,0.0,holdout,,,,,
HH004914,HNW,0.0,desarrollo,3,1,1,4,1
HH004915,HNW,0.0,desarrollo,1,0,0,0,1
HH004916,HNW,0.0,desarrollo,2,3,2,2,2
HH004917,HNW,0.0,desarrollo,1,0,0,4,1
HH004918,HNW,0.0,desarrollo,1,2,2,4,1
HH004919,UHNW,0.0,holdout,,,,,
HH004920,HNW,0.0,holdout,,,,,
HH004921,HNW,1.0,desarrollo,2,2,3,4,2
HH004922,HNW,0.0,desarrollo,2,2,3,1,1
HH004923,HNW,0.0,desarrollo,3,0,1,2,4
HH004924,HNW,0.0,desarrollo,1,0,2,4,2
HH004925,HNW,0.0,desarrollo,3,3,3,1,0
HH004926,HNW,0.0,desarrollo,1,1,1,2,3
HH004927,HNW,0.0,holdout,,,,,
HH004928,HNW,0.0,desarrollo,4,1,4,3,4
HH004929,HNW,0.0,desarrollo,3,1,3,2,2
HH004930,HNW,0.0,holdout,,,,,
HH004931,HNW,0.0,desarrollo,3,3,3,1,3
HH004932,HNW,0.0,desarrollo,4,0,3,1,2
HH004933,HNW,0.0,desarrollo,1,3,0,1,4
HH004934,HNW,0.0,desarrollo,1,1,1,4,1
HH004935,HNW,0.0,desarrollo,3,1,2,0,4
HH004936,HNW,1.0,desarrollo,1,4,4,2,2
HH004937,HNW,0.0,desarrollo,0,4,4,0,4
HH004938,HNW,0.0,holdout,,,,,
HH004939,HNW,0.0,holdout,,,,,
HH004940,HNW,0.0,holdout,,,,,
HH004941,HNW,0.0,desarrollo,3,2,2,2,3
HH004942,HNW,0.0,holdout,,,,,
HH004943,HNW,0.0,holdout,,,,,
HH004944,HNW,0.0,desarrollo,4,4,1,0,4
HH004945,HNW,0.0,holdout,,,,,
HH004946,HNW,0.0,holdout,,,,,
HH004947,HNW,0.0,desarrollo,2,0,4,2,3
HH004948,HNW,0.0,desarrollo,3,3,1,0,1
HH004949,HNW,0.0,desarrollo,0,1,0,1,1
HH004950,UHNW,0.0,desarrollo,3,0,3,4,0
HH004951,HNW,0.0,desarrollo,1,4,0,1,3
HH004952,HNW,0.0,holdout,,,,,
HH004953,HNW,0.0,holdout,,,,,
HH004954,UHNW,0.0,holdout,,,,,
HH004955,HNW,0.0,desarrollo,3,4,3,4,4
HH004956,HNW,1.0,desarrollo,4,2,2,3,3
HH004957,HNW,0.0,desarrollo,0,3,3,4,1
HH004958,HNW,0.0,desarrollo,4,1,3,3,3
HH004959,HNW,0.0,desarrollo,4,3,4,4,2
HH004960,HNW,0.0,desarrollo,0,1,3,0,0
HH004961,HNW,0.0,desarrollo,2,3,2,3,4
HH004962,HNW,0.0,desarrollo,2,2,1,1,0
HH004963,UHNW,0.0,holdout,,,,,
HH004964,HNW,0.0,holdout,,,,,
HH004965,HNW,0.0,desarrollo,4,0,1,2,3
HH004966,HNW,0.0,holdout,,,,,
HH004967,UHNW,0.0,desarrollo,0,3,0,1,3
HH004968,HNW,0.0,desarrollo,3,4,0,4,1
HH004969,HNW,0.0,desarrollo,4,0,0,2,0
HH004970,HNW,0.0,holdout,,,,,
HH004971,HNW,0.0,holdout,,,,,
HH004972,HNW,1.0,holdout,,,,,
HH004973,HNW,0.0,desarrollo,1,1,4,2,4
HH004974,HNW,0.0,desarrollo,2,3,4,4,0
HH004975,HNW,0.0,desarrollo,0,3,4,0,3
HH004976,HNW,0.0,desarrollo,3,0,1,3,3
HH004977,HNW,0.0,holdout,,,,,
HH004978,HNW,0.0,holdout,,,,,
HH004979,HNW,0.0,desarrollo,4,4,1,1,4
HH004980,HNW,0.0,desarrollo,1,1,2,0,4
HH004981,HNW,0.0,desarrollo,2,0,3,2,2
HH004982,UHNW,0.0,desarrollo,2,0,4,0,1
HH004983,HNW,0.0,desarrollo,1,3,4,0,0
HH004984,HNW,0.0,desarrollo,2,3,3,4,0
HH004985,HNW,0.0,holdout,,,,,
HH004986,HNW,0.0,desarrollo,0,1,0,1,0
HH004987,HNW,0.0,desarrollo,2,1,2,1,2
HH004988,HNW,0.0,holdout,,,,,
HH004989,HNW,0.0,desarrollo,2,3,4,2,3
HH004990,HNW,0.0,desarrollo,0,2,4,4,1
HH004991,HNW,0.0,holdout,,,,,
HH004992,HNW,0.0,desarrollo,3,0,1,0,3
HH004993,HNW,0.0,desarrollo,4,1,2,1,3
HH004994,UHNW,0.0,holdout,,,,,
HH004995,HNW,0.0,desarrollo,4,0,0,1,1
HH004996,HNW,0.0,holdout,,,,,
HH004997,HNW,0.0,desarrollo,2,4,3,4,0
HH004998,HNW,0.0,holdout,,,,,
HH004999,HNW,0.0,desarrollo,0,4,3,2,1
HH005000,HNW,0.0,desarrollo,0,3,1,1,1
HH005001,HNW,0.0,desarrollo,4,1,1,3,4
HH005002,UHNW,0.0,holdout,,,,,
HH005003,HNW,0.0,desarrollo,3,4,1,3,4
HH005004,HNW,0.0,desarrollo,2,1,0,0,4
HH005005,HNW,0.0,desarrollo,3,2,0,3,2
HH005006,HNW,0.0,desarrollo,3,2,4,1,1
HH005007,HNW,0.0,desarrollo,4,3,1,1,3
HH005008,HNW,0.0,desarrollo,3,1,0,2,4
HH005009,HNW,0.0,desarrollo,2,0,3,2,3
HH005010,HNW,0.0,desarrollo,2,1,2,0,2
HH005011,HNW,1.0,holdout,,,,,
HH005012,HNW,0.0,desarrollo,3,4,0,1,2
HH005013,HNW,0.0,desarrollo,0,1,0,3,1
HH005014,HNW,0.0,holdout,,,,,
HH005015,HNW,0.0,desarrollo,3,1,4,3,2
HH005016,HNW,0.0,holdout,,,,,
HH005017,HNW,0.0,holdout,,,,,
HH005018,HNW,0.0,holdout,,,,,
HH005019,HNW,0.0,desarrollo,1,1,4,1,2
HH005020,HNW,0.0,desarrollo,1,0,3,2,2
HH005021,HNW,0.0,desarrollo,2,3,1,2,2
HH005022,HNW,0.0,holdout,,,,,
HH005023,HNW,0.0,holdout,,,,,
HH005024,HNW,0.0,holdout,,,,,
HH005025,HNW,0.0,desarrollo,3,4,4,3,4
HH005026,HNW,0.0,holdout,,,,,
HH005027,HNW,0.0,desarrollo,2,3,4,4,0
HH005028,HNW,0.0,desarrollo,1,0,3,1,4
HH005029,HNW,0.0,holdout,,,,,
HH005030,HNW,0.0,desarrollo,0,0,3,0,3
HH005031,HNW,0.0,desarrollo,4,3,0,2,4
HH005032,HNW,0.0,holdout,,,,,
HH005033,HNW,0.0,desarrollo,1,1,2,1,0
HH005034,HNW,0.0,desarrollo,3,2,1,4,2
HH005035,HNW,0.0,holdout,,,,,
HH005036,HNW,0.0,holdout,,,,,
HH005037,HNW,0.0,holdout,,,,,
HH005038,HNW,0.0,desarrollo,0,1,4,4,0
HH005039,HNW,0.0,desarrollo,2,2,0,3,3
HH005040,HNW,0.0,desarrollo,4,2,2,3,1
HH005041,UHNW,0.0,desarrollo,2,4,2,2,4
HH005042,HNW,0.0,desarrollo,2,1,0,3,4
HH005043,HNW,0.0,desarrollo,1,4,1,2,0
HH005044,HNW,0.0,holdout,,,,,
HH005045,HNW,0.0,holdout,,,,,
HH005046,HNW,0.0,desarrollo,4,0,1,2,1
HH005047,HNW,0.0,desarrollo,2,4,3,2,2
HH005048,HNW,0.0,desarrollo,4,4,4,3,1
HH005049,HNW,0.0,holdout,,,,,
HH005050,HNW,0.0,desarrollo,4,4,0,1,0
HH005051,HNW,0.0,holdout,,,,,
HH005052,HNW,0.0,desarrollo,3,1,2,0,2
HH005053,HNW,1.0,desarrollo,2,2,3,1,3
HH005054,HNW,0.0,holdout,,,,,
HH005055,HNW,0.0,desarrollo,2,0,0,1,1
HH005056,UHNW,0.0,desarrollo,1,4,2,2,0
HH005057,HNW,0.0,desarrollo,2,0,2,4,1
HH005058,HNW,0.0,desarrollo,1,1,2,1,1
HH005059,HNW,0.0,desarrollo,1,0,2,4,2
HH005060,HNW,0.0,holdout,,,,,
HH005061,HNW,0.0,desarrollo,0,4,4,2,4
HH005062,HNW,0.0,desarrollo,2,4,0,3,2
HH005063,UHNW,0.0,desarrollo,4,4,0,4,4
HH005064,HNW,0.0,desarrollo,2,1,3,1,2
HH005065,HNW,0.0,desarrollo,0,1,1,1,4
HH005066,HNW,0.0,holdout,,,,,
HH005067,HNW,0.0,desarrollo,3,2,3,1,1
HH005068,HNW,0.0,desarrollo,2,4,0,2,1
HH005069,HNW,0.0,desarrollo,2,0,3,3,0
HH005070,HNW,0.0,desarrollo,1,4,0,1,3
HH005071,HNW,0.0,desarrollo,2,3,3,1,1
HH005072,HNW,0.0,desarrollo,1,0,4,0,3
HH005073,HNW,0.0,desarrollo,1,4,3,4,0
HH005074,HNW,0.0,holdout,,,,,
HH005075,HNW,0.0,desarrollo,0,1,4,3,2
HH005076,HNW,0.0,desarrollo,3,4,2,1,4
HH005077,HNW,1.0,desarrollo,2,1,3,3,2
HH005078,HNW,0.0,holdout,,,,,
HH005079,HNW,0.0,desarrollo,1,4,4,0,2
HH005080,HNW,0.0,desarrollo,4,4,0,0,1
HH005081,HNW,0.0,desarrollo,1,3,1,0,2
HH005082,HNW,0.0,desarrollo,4,3,0,1,2
HH005083,HNW,0.0,desarrollo,3,3,3,4,0
HH005084,HNW,0.0,desarrollo,1,4,1,0,4
HH005085,HNW,0.0,desarrollo,3,0,3,0,0
HH005086,HNW,0.0,desarrollo,4,4,0,1,4
HH005087,HNW,0.0,desarrollo,4,4,1,0,4
HH005088,HNW,0.0,holdout,,,,,
HH005089,HNW,0.0,holdout,,,,,
HH005090,UHNW,0.0,holdout,,,,,
HH005091,HNW,0.0,holdout,,,,,
HH005092,HNW,0.0,holdout,,,,,
HH005093,HNW,0.0,holdout,,,,,
HH005094,UHNW,0.0,holdout,,,,,
HH005095,HNW,0.0,desarrollo,1,1,1,3,0
HH005096,HNW,0.0,holdout,,,,,
HH005097,HNW,0.0,desarrollo,4,0,3,0,2
HH005098,UHNW,0.0,desarrollo,1,3,2,2,1
HH005099,HNW,0.0,holdout,,,,,
HH005100,HNW,1.0,holdout,,,,,
HH005101,HNW,0.0,holdout,,,,,
HH005102,HNW,0.0,desarrollo,4,0,2,3,1
HH005103,HNW,0.0,desarrollo,0,2,3,0,3
HH005104,HNW,0.0,desarrollo,0,2,4,2,0
HH005105,HNW,0.0,desarrollo,3,2,0,4,0
HH005106,HNW,0.0,desarrollo,2,1,0,2,0
HH005107,HNW,0.0,desarrollo,3,4,3,3,0
HH005108,HNW,0.0,holdout,,,,,
HH005109,HNW,0.0,desarrollo,4,3,0,1,1
HH005110,HNW,0.0,desarrollo,4,0,2,3,1
HH005111,HNW,0.0,desarrollo,3,4,4,2,3
HH005112,HNW,0.0,desarrollo,4,1,3,3,4
HH005113,HNW,0.0,desarrollo,0,1,3,2,4
HH005114,HNW,0.0,desarrollo,0,0,2,0,2
HH005115,HNW,0.0,desarrollo,3,4,4,3,3
HH005116,HNW,0.0,desarrollo,1,0,0,4,2
HH005117,HNW,0.0,desarrollo,0,4,4,2,1
HH005118,HNW,0.0,holdout,,,,,
HH005119,UHNW,0.0,desarrollo,1,3,4,1,3
HH005120,HNW,0.0,desarrollo,3,0,1,3,0
HH005121,HNW,0.0,desarrollo,2,2,3,1,4
HH005122,HNW,0.0,desarrollo,2,3,3,4,0
HH005123,HNW,0.0,desarrollo,1,4,1,3,3
HH005124,UHNW,0.0,desarrollo,4,4,4,2,2
HH005125,HNW,0.0,desarrollo,3,1,3,2,1
HH005126,HNW,0.0,holdout,,,,,
HH005127,HNW,0.0,desarrollo,3,1,1,1,4
HH005128,HNW,0.0,desarrollo,4,1,2,2,2
HH005129,HNW,0.0,desarrollo,1,3,3,0,0
HH005130,HNW,0.0,desarrollo,1,3,1,4,2
HH005131,HNW,1.0,desarrollo,1,4,0,4,2
HH005132,HNW,0.0,desarrollo,2,2,3,1,3
HH005133,HNW,0.0,holdout,,,,,
HH005134,HNW,0.0,desarrollo,1,1,0,0,1
HH005135,HNW,0.0,holdout,,,,,
HH005136,UHNW,0.0,desarrollo,3,1,3,0,0
HH005137,HNW,0.0,desarrollo,4,3,1,2,1
HH005138,HNW,0.0,desarrollo,1,1,1,1,1
HH005139,HNW,0.0,desarrollo,0,3,2,4,3
HH005140,HNW,0.0,desarrollo,1,4,4,3,2
HH005141,HNW,0.0,desarrollo,3,2,1,0,2
HH005142,HNW,0.0,desarrollo,2,1,0,1,1
HH005143,HNW,0.0,holdout,,,,,
HH005144,HNW,0.0,desarrollo,2,0,2,0,0
HH005145,HNW,0.0,desarrollo,2,1,3,2,0
HH005146,HNW,0.0,desarrollo,1,4,2,0,3
HH005147,HNW,0.0,desarrollo,3,3,3,2,1
HH005148,HNW,0.0,holdout,,,,,
HH005149,HNW,0.0,holdout,,,,,
HH005150,HNW,0.0,holdout,,,,,
HH005151,UHNW,0.0,holdout,,,,,
HH005152,HNW,0.0,desarrollo,2,0,1,0,1
HH005153,HNW,0.0,desarrollo,0,3,2,1,2
HH005154,HNW,0.0,desarrollo,1,0,2,4,2
HH005155,HNW,0.0,desarrollo,3,3,2,4,2
HH005156,HNW,0.0,desarrollo,2,1,4,2,1
HH005157,HNW,0.0,desarrollo,3,1,4,0,1
HH005158,HNW,0.0,holdout,,,,,
HH005159,HNW,0.0,desarrollo,0,2,1,1,3
HH005160,HNW,0.0,desarrollo,3,4,2,0,3
HH005161,HNW,0.0,holdout,,,,,
HH005162,HNW,0.0,desarrollo,4,2,0,4,4
HH005163,HNW,0.0,holdout,,,,,
HH005164,HNW,0.0,holdout,,,,,
HH005165,HNW,0.0,holdout,,,,,
HH005166,HNW,0.0,desarrollo,4,3,2,2,2
HH005167,HNW,0.0,desarrollo,3,0,2,4,0
HH005168,UHNW,1.0,holdout,,,,,
HH005169,HNW,0.0,desarrollo,1,2,1,4,2
HH005170,HNW,0.0,desarrollo,4,4,3,2,3
HH005171,HNW,0.0,desarrollo,1,0,0,1,4
HH005172,HNW,0.0,desarrollo,1,3,4,0,0
HH005173,HNW,0.0,holdout,,,,,
HH005174,HNW,0.0,desarrollo,1,3,0,0,3
HH005175,HNW,0.0,desarrollo,3,4,0,3,1
HH005176,HNW,0.0,desarrollo,1,4,1,4,1
HH005177,HNW,0.0,holdout,,,,,
HH005178,HNW,0.0,desarrollo,4,3,0,0,4
HH005179,HNW,0.0,desarrollo,2,4,2,4,3
HH005180,HNW,0.0,desarrollo,0,3,2,2,4
HH005181,HNW,0.0,desarrollo,1,3,2,2,4
HH005182,HNW,0.0,desarrollo,0,0,3,2,2
HH005183,HNW,0.0,holdout,,,,,
HH005184,HNW,0.0,holdout,,,,,
HH005185,HNW,0.0,holdout,,,,,
HH005186,HNW,0.0,holdout,,,,,
HH005187,HNW,0.0,desarrollo,3,4,0,3,0
HH005188,HNW,0.0,desarrollo,3,0,1,3,2
HH005189,HNW,0.0,desarrollo,0,2,3,0,2
HH005190,HNW,0.0,holdout,,,,,
HH005191,HNW,0.0,desarrollo,2,2,2,2,0
HH005192,HNW,0.0,holdout,,,,,
HH005193,HNW,0.0,desarrollo,4,1,1,2,0
HH005194,HNW,0.0,desarrollo,0,4,0,1,4
HH005195,HNW,1.0,desarrollo,2,2,1,4,0
HH005196,HNW,,excluido,,,,,
HH005197,HNW,0.0,desarrollo,1,0,1,2,0
HH005198,HNW,0.0,holdout,,,,,
HH005199,HNW,0.0,desarrollo,4,0,1,4,3
HH005200,HNW,0.0,holdout,,,,,
HH005201,HNW,0.0,holdout,,,,,
HH005202,HNW,0.0,desarrollo,3,2,3,4,1
HH005203,UHNW,0.0,holdout,,,,,
HH005204,HNW,0.0,holdout,,,,,
HH005205,HNW,0.0,holdout,,,,,
HH005206,HNW,0.0,holdout,,,,,
HH005207,HNW,0.0,desarrollo,2,2,2,1,4
HH005208,HNW,0.0,desarrollo,1,4,0,1,1
HH005209,HNW,0.0,holdout,,,,,
HH005210,UHNW,0.0,desarrollo,1,2,2,3,1
HH005211,HNW,0.0,desarrollo,1,1,1,4,2
HH005212,HNW,0.0,desarrollo,3,0,4,2,0
HH005213,HNW,0.0,desarrollo,1,2,3,3,2
HH005214,UHNW,0.0,desarrollo,3,2,2,4,0
HH005215,HNW,0.0,desarrollo,3,2,2,3,4
HH005216,UHNW,0.0,holdout,,,,,
HH005217,HNW,0.0,desarrollo,3,2,1,2,0
HH005218,HNW,0.0,desarrollo,1,4,3,3,0
HH005219,HNW,0.0,desarrollo,1,4,3,4,0
HH005220,HNW,0.0,desarrollo,3,3,2,0,3
HH005221,HNW,0.0,desarrollo,0,1,3,1,4
HH005222,HNW,0.0,desarrollo,4,1,4,4,0
HH005223,HNW,0.0,desarrollo,4,2,0,2,2
HH005224,HNW,0.0,holdout,,,,,
HH005225,HNW,0.0,holdout,,,,,
HH005226,HNW,0.0,desarrollo,4,3,3,1,1
HH005227,HNW,0.0,desarrollo,2,1,1,3,1
HH005228,HNW,1.0,desarrollo,2,4,0,3,1
HH005229,HNW,0.0,holdout,,,,,
HH005230,UHNW,0.0,desarrollo,3,4,2,1,4
HH005231,HNW,0.0,holdout,,,,,
HH005232,HNW,0.0,desarrollo,2,2,2,1,4
HH005233,UHNW,0.0,holdout,,,,,
HH005234,HNW,0.0,desarrollo,1,4,4,2,3
HH005235,HNW,0.0,desarrollo,4,2,2,2,2
HH005236,HNW,0.0,desarrollo,0,3,0,2,1
HH005237,HNW,0.0,holdout,,,,,
HH005238,HNW,0.0,desarrollo,3,2,4,0,4
HH005239,HNW,0.0,desarrollo,4,4,4,0,3
HH005240,UHNW,0.0,desarrollo,4,2,2,4,4
HH005241,HNW,0.0,holdout,,,,,
HH005242,HNW,0.0,desarrollo,2,2,4,1,2
HH005243,HNW,0.0,desarrollo,4,0,4,0,3
HH005244,HNW,0.0,holdout,,,,,
HH005245,HNW,0.0,holdout,,,,,
HH005246,HNW,0.0,desarrollo,4,1,0,3,4
HH005247,HNW,0.0,desarrollo,3,3,2,2,2
HH005248,UHNW,0.0,desarrollo,3,4,2,0,3
HH005249,UHNW,0.0,holdout,,,,,
HH005250,HNW,0.0,desarrollo,4,0,3,0,1
HH005251,HNW,1.0,desarrollo,3,4,1,4,4
HH005252,HNW,0.0,holdout,,,,,
HH005253,HNW,0.0,desarrollo,2,3,1,4,1
HH005254,HNW,0.0,desarrollo,2,3,3,4,3
HH005255,HNW,0.0,desarrollo,3,3,1,4,4
HH005256,HNW,0.0,desarrollo,3,2,4,0,4
HH005257,HNW,1.0,desarrollo,3,3,2,3,1
HH005258,HNW,0.0,holdout,,,,,
HH005259,HNW,0.0,desarrollo,0,3,0,1,4
HH005260,HNW,0.0,desarrollo,3,2,1,0,2
HH005261,HNW,0.0,desarrollo,3,4,0,3,2
HH005262,HNW,0.0,desarrollo,4,0,1,4,1
HH005263,HNW,0.0,holdout,,,,,
HH005264,HNW,0.0,desarrollo,4,4,0,1,0
HH005265,HNW,0.0,holdout,,,,,
HH005266,HNW,0.0,desarrollo,1,3,2,1,0
HH005267,HNW,0.0,holdout,,,,,
HH005268,HNW,0.0,desarrollo,1,1,4,4,1
HH005269,HNW,0.0,holdout,,,,,
HH005270,HNW,0.0,desarrollo,2,4,0,2,4
HH005271,HNW,0.0,holdout,,,,,
HH005272,HNW,0.0,desarrollo,4,0,1,3,0
HH005273,UHNW,0.0,desarrollo,3,0,4,2,0
HH005274,UHNW,,excluido,,,,,
HH005275,HNW,0.0,holdout,,,,,
HH005276,HNW,0.0,desarrollo,3,0,0,3,3
HH005277,HNW,0.0,holdout,,,,,
HH005278,HNW,0.0,desarrollo,0,1,2,4,3
HH005279,HNW,0.0,desarrollo,1,4,4,3,1
HH005280,HNW,0.0,desarrollo,2,2,4,1,2
HH005281,HNW,0.0,holdout,,,,,
HH005282,UHNW,0.0,desarrollo,0,0,0,1,4
HH005283,UHNW,0.0,holdout,,,,,
HH005284,HNW,0.0,desarrollo,2,2,0,0,3
HH005285,HNW,0.0,desarrollo,3,2,1,4,3
HH005286,HNW,0.0,desarrollo,1,4,3,1,0
HH005287,HNW,1.0,desarrollo,0,3,2,2,0
HH005288,HNW,0.0,holdout,,,,,
HH005289,HNW,0.0,desarrollo,2,0,0,2,3
HH005290,HNW,0.0,desarrollo,2,0,4,4,0
HH005291,HNW,0.0,desarrollo,4,4,3,1,0
HH005292,HNW,0.0,holdout,,,,,
HH005293,HNW,0.0,desarrollo,0,2,3,2,4
HH005294,HNW,1.0,holdout,,,,,
HH005295,HNW,0.0,desarrollo,2,1,1,0,1
HH005296,HNW,0.0,holdout,,,,,
HH005297,HNW,0.0,holdout,,,,,
HH005298,UHNW,0.0,desarrollo,4,1,2,0,2
HH005299,HNW,1.0,holdout,,,,,
HH005300,HNW,0.0,desarrollo,0,0,3,4,4
HH005301,HNW,1.0,desarrollo,4,3,4,1,0
HH005302,HNW,1.0,holdout,,,,,
HH005303,HNW,0.0,desarrollo,2,4,4,4,1
HH005304,HNW,1.0,desarrollo,2,0,4,2,4
HH005305,HNW,0.0,holdout,,,,,
HH005306,HNW,0.0,desarrollo,4,3,1,4,3
HH005307,HNW,0.0,holdout,,,,,
HH005308,HNW,0.0,desarrollo,1,1,1,1,3
HH005309,HNW,0.0,desarrollo,4,2,1,1,0
HH005310,HNW,0.0,holdout,,,,,
HH005311,HNW,0.0,desarrollo,0,4,4,2,0
HH005312,HNW,1.0,desarrollo,0,0,4,1,3
HH005313,HNW,0.0,desarrollo,1,0,1,0,4
HH005314,HNW,0.0,desarrollo,3,1,1,0,4
HH005315,HNW,0.0,desarrollo,2,2,4,1,0
HH005316,HNW,0.0,desarrollo,1,3,4,2,2
HH005317,HNW,0.0,desarrollo,4,4,3,0,3
HH005318,HNW,0.0,desarrollo,0,2,3,2,2
HH005319,HNW,0.0,desarrollo,1,3,0,1,3
HH005320,HNW,0.0,desarrollo,4,0,1,2,1
HH005321,HNW,0.0,desarrollo,0,1,0,2,0
HH005322,HNW,0.0,desarrollo,0,2,0,1,0
HH005323,HNW,0.0,holdout,,,,,
HH005324,HNW,0.0,desarrollo,0,2,0,3,0
HH005325,HNW,0.0,desarrollo,1,3,1,1,4
HH005326,UHNW,0.0,desarrollo,4,1,3,1,1
HH005327,HNW,0.0,desarrollo,4,1,0,0,3
HH005328,HNW,0.0,desarrollo,0,2,4,0,1
HH005329,HNW,0.0,desarrollo,2,3,3,0,2
HH005330,HNW,0.0,desarrollo,1,2,2,1,0
HH005331,UHNW,0.0,desarrollo,2,1,4,2,3
HH005332,HNW,0.0,holdout,,,,,
HH005333,HNW,0.0,desarrollo,3,4,1,2,2
HH005334,HNW,0.0,holdout,,,,,
HH005335,HNW,0.0,desarrollo,0,2,4,3,4
HH005336,HNW,0.0,desarrollo,4,4,3,3,1
HH005337,HNW,0.0,desarrollo,2,1,1,3,3
HH005338,HNW,0.0,holdout,,,,,
HH005339,HNW,0.0,desarrollo,3,0,3,1,1
HH005340,HNW,0.0,desarrollo,1,2,0,1,4
HH005341,HNW,0.0,desarrollo,4,1,0,1,2
HH005342,HNW,0.0,desarrollo,2,3,4,3,4
HH005343,HNW,0.0,desarrollo,3,4,0,1,2
HH005344,HNW,0.0,desarrollo,2,0,3,0,2
HH005345,HNW,0.0,desarrollo,2,0,0,2,2
HH005346,HNW,1.0,desarrollo,4,1,1,0,4
HH005347,HNW,0.0,desarrollo,3,2,0,1,2
HH005348,HNW,0.0,desarrollo,3,4,3,4,4
HH005349,HNW,0.0,holdout,,,,,
HH005350,HNW,0.0,desarrollo,3,0,0,4,4
HH005351,HNW,0.0,desarrollo,1,1,2,2,1
HH005352,HNW,0.0,desarrollo,2,3,4,0,0
HH005353,HNW,0.0,desarrollo,3,0,0,4,1
HH005354,HNW,0.0,desarrollo,4,1,4,1,3
HH005355,HNW,0.0,holdout,,,,,
HH005356,HNW,0.0,desarrollo,2,3,4,4,4
HH005357,HNW,0.0,desarrollo,4,1,0,3,4
HH005358,HNW,0.0,desarrollo,2,3,2,3,1
HH005359,HNW,0.0,desarrollo,4,3,1,4,3
HH005360,HNW,0.0,desarrollo,3,4,1,4,3
HH005361,HNW,0.0,desarrollo,3,0,4,0,0
HH005362,HNW,0.0,desarrollo,1,0,3,0,3
HH005363,HNW,0.0,holdout,,,,,
HH005364,HNW,0.0,holdout,,,,,
HH005365,HNW,0.0,holdout,,,,,
HH005366,HNW,0.0,desarrollo,4,2,3,0,4
HH005367,UHNW,0.0,desarrollo,3,2,4,0,2
HH005368,HNW,0.0,desarrollo,0,0,2,0,4
HH005369,HNW,0.0,holdout,,,,,
HH005370,HNW,0.0,holdout,,,,,
HH005371,HNW,0.0,desarrollo,3,3,2,0,0
HH005372,HNW,0.0,holdout,,,,,
HH005373,UHNW,0.0,holdout,,,,,
HH005374,HNW,0.0,holdout,,,,,
HH005375,HNW,0.0,holdout,,,,,
HH005376,HNW,0.0,desarrollo,0,2,2,0,1
HH005377,HNW,0.0,desarrollo,4,4,1,1,4
HH005378,HNW,0.0,desarrollo,1,4,3,2,4
HH005379,HNW,0.0,holdout,,,,,
HH005380,HNW,0.0,desarrollo,1,1,3,0,2
HH005381,HNW,0.0,desarrollo,1,4,4,3,4
HH005382,HNW,0.0,holdout,,,,,
HH005383,HNW,0.0,desarrollo,0,0,1,2,0
HH005384,HNW,0.0,desarrollo,4,3,4,3,0
HH005385,HNW,0.0,desarrollo,2,2,0,4,2
HH005386,HNW,0.0,holdout,,,,,
HH005387,HNW,0.0,holdout,,,,,
HH005388,HNW,0.0,desarrollo,4,1,0,3,1
HH005389,HNW,0.0,desarrollo,2,3,2,2,1
HH005390,HNW,0.0,desarrollo,2,1,2,2,3
HH005391,HNW,0.0,desarrollo,3,3,3,4,1
HH005392,HNW,0.0,desarrollo,3,4,4,4,2
HH005393,HNW,0.0,desarrollo,4,1,0,0,2
HH005394,HNW,0.0,desarrollo,0,1,4,2,0
HH005395,HNW,1.0,desarrollo,3,2,4,4,2
HH005396,HNW,0.0,holdout,,,,,
HH005397,HNW,0.0,desarrollo,4,4,4,3,1
HH005398,HNW,0.0,desarrollo,2,1,2,0,0
HH005399,HNW,0.0,holdout,,,,,
HH005400,HNW,0.0,holdout,,,,,
HH005401,HNW,0.0,desarrollo,4,2,2,4,1
HH005402,HNW,0.0,desarrollo,0,3,2,2,2
HH005403,HNW,0.0,desarrollo,0,4,0,3,2
HH005404,HNW,0.0,desarrollo,2,0,3,1,4
HH005405,HNW,0.0,desarrollo,2,4,1,2,3
HH005406,UHNW,0.0,holdout,,,,,
HH005407,HNW,0.0,desarrollo,3,0,3,2,0
HH005408,HNW,1.0,holdout,,,,,
HH005409,HNW,0.0,desarrollo,3,2,1,0,1
HH005410,HNW,0.0,holdout,,,,,
HH005411,HNW,0.0,desarrollo,3,0,1,1,3
HH005412,HNW,0.0,desarrollo,3,4,4,2,2
HH005413,HNW,0.0,desarrollo,4,1,4,3,0
HH005414,HNW,0.0,desarrollo,1,4,2,1,0
HH005415,HNW,0.0,desarrollo,4,0,4,1,3
HH005416,HNW,0.0,desarrollo,3,2,4,3,1
HH005417,HNW,0.0,holdout,,,,,
HH005418,HNW,0.0,holdout,,,,,
HH005419,HNW,0.0,holdout,,,,,
HH005420,HNW,0.0,desarrollo,1,2,0,1,0
HH005421,HNW,0.0,holdout,,,,,
HH005422,HNW,0.0,holdout,,,,,
HH005423,HNW,0.0,desarrollo,2,2,3,4,2
HH005424,HNW,0.0,desarrollo,3,2,4,1,3
HH005425,HNW,0.0,desarrollo,3,3,1,3,3
HH005426,HNW,0.0,desarrollo,0,4,3,2,4
HH005427,HNW,0.0,desarrollo,2,0,2,1,2
HH005428,HNW,0.0,desarrollo,2,1,2,1,2
HH005429,HNW,0.0,desarrollo,1,2,4,2,3
HH005430,HNW,0.0,desarrollo,4,0,4,3,1
HH005431,HNW,0.0,holdout,,,,,
HH005432,HNW,0.0,desarrollo,4,1,1,0,0
HH005433,HNW,0.0,desarrollo,4,3,3,4,2
HH005434,UHNW,0.0,desarrollo,1,2,2,3,2
HH005435,HNW,0.0,desarrollo,4,1,3,3,3
HH005436,HNW,0.0,desarrollo,4,1,1,2,0
HH005437,HNW,0.0,holdout,,,,,
HH005438,HNW,0.0,holdout,,,,,
HH005439,HNW,0.0,desarrollo,4,3,2,4,3
HH005440,HNW,0.0,holdout,,,,,
HH005441,HNW,0.0,holdout,,,,,
HH005442,HNW,0.0,desarrollo,2,4,2,1,3
HH005443,HNW,0.0,desarrollo,3,2,1,3,4
HH005444,HNW,0.0,desarrollo,1,3,3,2,2
HH005445,HNW,0.0,desarrollo,0,3,1,4,0
HH005446,HNW,0.0,holdout,,,,,
HH005447,HNW,0.0,holdout,,,,,
HH005448,HNW,0.0,holdout,,,,,
HH005449,HNW,0.0,desarrollo,2,0,2,0,3
HH005450,HNW,0.0,desarrollo,0,3,0,3,3
HH005451,HNW,1.0,desarrollo,1,1,1,2,2
HH005452,HNW,0.0,holdout,,,,,
HH005453,HNW,0.0,desarrollo,1,1,2,4,1
HH005454,HNW,0.0,desarrollo,4,1,3,3,0
HH005455,HNW,0.0,desarrollo,2,0,4,4,2
HH005456,HNW,0.0,desarrollo,1,3,0,4,3
HH005457,UHNW,0.0,desarrollo,1,1,2,2,1
HH005458,HNW,0.0,desarrollo,0,4,2,4,0
HH005459,HNW,0.0,holdout,,,,,
HH005460,HNW,0.0,desarrollo,2,0,2,4,0
HH005461,UHNW,0.0,desarrollo,1,3,4,1,0
HH005462,HNW,0.0,desarrollo,4,3,1,3,1
HH005463,HNW,0.0,desarrollo,0,4,4,0,1
HH005464,HNW,0.0,desarrollo,0,3,3,2,3
HH005465,HNW,0.0,desarrollo,3,1,2,3,1
HH005466,HNW,0.0,holdout,,,,,
HH005467,HNW,0.0,desarrollo,0,0,2,0,0
HH005468,HNW,0.0,desarrollo,0,3,4,1,2
HH005469,HNW,0.0,desarrollo,1,4,3,2,0
HH005470,HNW,0.0,desarrollo,0,3,0,3,4
HH005471,HNW,0.0,desarrollo,4,0,0,4,1
HH005472,HNW,0.0,desarrollo,2,4,4,0,0
HH005473,HNW,0.0,desarrollo,1,1,3,2,2
HH005474,HNW,0.0,desarrollo,1,1,2,3,1
HH005475,HNW,0.0,desarrollo,0,4,4,4,3
HH005476,HNW,0.0,holdout,,,,,
HH005477,HNW,0.0,desarrollo,2,2,2,2,0
HH005478,HNW,0.0,desarrollo,4,4,4,3,2
HH005479,UHNW,0.0,desarrollo,3,0,3,2,0
HH005480,HNW,0.0,desarrollo,3,2,4,1,1
HH005481,HNW,0.0,holdout,,,,,
HH005482,HNW,0.0,desarrollo,1,2,1,4,2
HH005483,UHNW,0.0,desarrollo,4,1,3,1,0
HH005484,HNW,0.0,holdout,,,,,
HH005485,HNW,0.0,desarrollo,2,1,4,0,1
HH005486,HNW,0.0,holdout,,,,,
HH005487,HNW,0.0,desarrollo,0,0,4,4,2
HH005488,HNW,0.0,holdout,,,,,
HH005489,HNW,0.0,desarrollo,0,0,4,4,1
HH005490,HNW,0.0,desarrollo,3,4,3,3,3
HH005491,HNW,0.0,desarrollo,3,2,2,2,2
HH005492,HNW,0.0,desarrollo,2,3,2,0,4
HH005493,HNW,0.0,holdout,,,,,
HH005494,HNW,0.0,desarrollo,4,1,3,1,4
HH005495,HNW,0.0,desarrollo,2,4,3,3,2
HH005496,HNW,0.0,desarrollo,1,4,1,2,4
HH005497,HNW,0.0,desarrollo,3,1,3,0,3
HH005498,HNW,0.0,desarrollo,4,2,3,4,4
HH005499,HNW,0.0,desarrollo,0,3,2,0,0
HH005500,HNW,0.0,holdout,,,,,
HH005501,HNW,0.0,holdout,,,,,
HH005502,HNW,0.0,holdout,,,,,
HH005503,HNW,0.0,desarrollo,3,2,3,3,2
HH005504,HNW,0.0,holdout,,,,,
HH005505,HNW,0.0,holdout,,,,,
HH005506,HNW,0.0,desarrollo,2,3,1,4,3
HH005507,HNW,0.0,desarrollo,2,3,2,4,4
HH005508,HNW,0.0,desarrollo,1,2,2,1,0
HH005509,HNW,0.0,desarrollo,4,2,3,4,3
HH005510,HNW,0.0,desarrollo,2,3,2,4,4
HH005511,UHNW,1.0,desarrollo,3,1,3,2,3
HH005512,HNW,0.0,desarrollo,1,2,2,4,4
HH005513,HNW,0.0,desarrollo,1,3,1,2,0
HH005514,HNW,1.0,holdout,,,,,
HH005515,HNW,0.0,desarrollo,2,3,2,3,4
HH005516,HNW,0.0,desarrollo,2,0,1,0,4
HH005517,HNW,0.0,desarrollo,4,3,2,0,0
HH005518,HNW,0.0,holdout,,,,,
HH005519,HNW,0.0,desarrollo,3,1,0,3,2
HH005520,HNW,0.0,desarrollo,2,3,0,2,1
HH005521,HNW,0.0,desarrollo,0,2,1,0,4
HH005522,HNW,0.0,holdout,,,,,
HH005523,HNW,0.0,desarrollo,1,3,1,2,0
HH005524,HNW,0.0,holdout,,,,,
HH005525,HNW,0.0,desarrollo,4,0,4,0,2
HH005526,HNW,0.0,desarrollo,3,2,3,4,0
HH005527,HNW,0.0,desarrollo,4,3,4,4,0
HH005528,UHNW,0.0,desarrollo,4,2,1,2,0
HH005529,HNW,0.0,desarrollo,1,2,4,1,1
HH005530,HNW,1.0,desarrollo,1,4,0,0,4
HH005531,HNW,0.0,desarrollo,1,3,3,0,4
HH005532,HNW,0.0,desarrollo,4,1,3,1,2
HH005533,HNW,0.0,holdout,,,,,
HH005534,HNW,0.0,desarrollo,2,4,3,1,0
HH005535,HNW,0.0,desarrollo,0,4,3,4,3
HH005536,HNW,0.0,desarrollo,3,0,3,1,1
HH005537,HNW,0.0,holdout,,,,,
HH005538,HNW,0.0,desarrollo,1,2,2,0,3
HH005539,HNW,0.0,holdout,,,,,
HH005540,HNW,0.0,desarrollo,1,1,4,0,1
HH005541,HNW,1.0,desarrollo,1,0,3,1,0
HH005542,HNW,0.0,desarrollo,2,4,4,4,2
HH005543,HNW,0.0,desarrollo,2,0,2,3,3
HH005544,HNW,0.0,holdout,,,,,
HH005545,HNW,0.0,desarrollo,1,4,4,1,1
HH005546,HNW,0.0,desarrollo,1,3,1,1,2
HH005547,HNW,0.0,holdout,,,,,
HH005548,HNW,0.0,desarrollo,2,1,0,1,4
HH005549,HNW,0.0,holdout,,,,,
HH005550,HNW,0.0,desarrollo,0,4,4,2,0
HH005551,HNW,0.0,desarrollo,2,2,3,2,3
HH005552,HNW,0.0,desarrollo,4,1,1,1,4
HH005553,HNW,0.0,desarrollo,0,2,0,0,4
HH005554,HNW,0.0,desarrollo,1,4,1,0,4
HH005555,HNW,0.0,desarrollo,0,3,0,4,3
HH005556,HNW,0.0,holdout,,,,,
HH005557,HNW,0.0,desarrollo,0,3,1,4,0
HH005558,HNW,0.0,desarrollo,4,1,2,4,2
HH005559,HNW,0.0,desarrollo,0,1,3,3,2
HH005560,HNW,0.0,desarrollo,2,4,2,1,4
HH005561,HNW,0.0,holdout,,,,,
HH005562,HNW,0.0,holdout,,,,,
HH005563,HNW,0.0,desarrollo,2,2,4,0,4
HH005564,HNW,0.0,holdout,,,,,
HH005565,HNW,0.0,desarrollo,3,3,3,2,4
HH005566,HNW,0.0,desarrollo,0,0,1,3,1
HH005567,HNW,0.0,desarrollo,2,4,4,2,1
HH005568,HNW,0.0,holdout,,,,,
HH005569,HNW,1.0,desarrollo,1,1,0,0,4
HH005570,HNW,0.0,holdout,,,,,
HH005571,HNW,0.0,desarrollo,1,3,0,2,3
HH005572,HNW,0.0,desarrollo,4,0,3,4,1
HH005573,HNW,0.0,desarrollo,0,2,4,0,3
HH005574,HNW,0.0,desarrollo,1,1,0,0,4
HH005575,HNW,0.0,desarrollo,2,4,0,3,4
HH005576,HNW,0.0,desarrollo,2,0,3,3,3
HH005577,HNW,0.0,desarrollo,2,2,1,2,3
HH005578,HNW,0.0,desarrollo,1,2,4,4,2
HH005579,HNW,0.0,desarrollo,0,4,0,3,1
HH005580,HNW,0.0,holdout,,,,,
HH005581,HNW,0.0,holdout,,,,,
HH005582,HNW,0.0,desarrollo,1,1,1,2,0
HH005583,HNW,0.0,desarrollo,3,1,2,4,1
HH005584,HNW,0.0,holdout,,,,,
HH005585,HNW,0.0,desarrollo,2,0,1,3,2
HH005586,HNW,0.0,holdout,,,,,
HH005587,HNW,0.0,desarrollo,4,0,3,1,3
HH005588,HNW,0.0,desarrollo,0,1,2,3,1
HH005589,HNW,0.0,desarrollo,0,2,2,0,3
HH005590,HNW,0.0,holdout,,,,,
HH005591,HNW,0.0,desarrollo,0,0,1,2,2
HH005592,HNW,0.0,desarrollo,2,1,1,4,2
HH005593,HNW,0.0,holdout,,,,,
HH005594,HNW,0.0,holdout,,,,,
HH005595,HNW,0.0,desarrollo,2,2,4,4,3
HH005596,HNW,0.0,holdout,,,,,
HH005597,HNW,1.0,desarrollo,0,0,1,1,3
HH005598,HNW,0.0,holdout,,,,,
HH005599,HNW,0.0,holdout,,,,,
HH005600,HNW,0.0,holdout,,,,,
HH005601,HNW,0.0,desarrollo,1,3,1,4,1
HH005602,HNW,0.0,desarrollo,4,4,0,1,2
HH005603,HNW,0.0,desarrollo,1,0,0,1,4
HH005604,UHNW,0.0,holdout,,,,,
HH005605,HNW,0.0,desarrollo,2,2,4,4,2
HH005606,UHNW,0.0,holdout,,,,,
HH005607,HNW,0.0,holdout,,,,,
HH005608,HNW,0.0,desarrollo,4,0,1,3,3
HH005609,HNW,0.0,desarrollo,1,4,0,0,2
HH005610,HNW,0.0,desarrollo,0,2,4,0,1
HH005611,HNW,0.0,desarrollo,1,3,1,1,2
HH005612,HNW,0.0,holdout,,,,,
HH005613,HNW,0.0,desarrollo,1,0,2,1,1
HH005614,HNW,0.0,holdout,,,,,
HH005615,HNW,0.0,desarrollo,1,2,3,2,4
HH005616,HNW,0.0,desarrollo,2,0,0,3,4
HH005617,HNW,0.0,desarrollo,4,1,3,3,0
HH005618,HNW,0.0,desarrollo,2,4,1,2,0
HH005619,HNW,0.0,desarrollo,2,1,3,4,0
HH005620,HNW,0.0,holdout,,,,,
HH005621,HNW,0.0,desarrollo,1,0,3,0,4
HH005622,HNW,0.0,holdout,,,,,
HH005623,HNW,0.0,holdout,,,,,
HH005624,HNW,0.0,holdout,,,,,
HH005625,HNW,1.0,desarrollo,0,4,4,3,1
HH005626,HNW,0.0,desarrollo,2,3,1,0,2
HH005627,HNW,0.0,holdout,,,,,
HH005628,HNW,0.0,holdout,,,,,
HH005629,HNW,0.0,desarrollo,2,4,2,0,3
HH005630,HNW,0.0,desarrollo,3,4,0,2,4
HH005631,HNW,0.0,desarrollo,2,3,2,0,1
HH005632,HNW,0.0,desarrollo,0,2,3,2,4
HH005633,HNW,0.0,holdout,,,,,
HH005634,HNW,0.0,desarrollo,3,3,3,4,1
HH005635,HNW,0.0,desarrollo,0,1,0,1,0
HH005636,HNW,0.0,holdout,,,,,
HH005637,HNW,0.0,desarrollo,1,2,3,3,2
HH005638,HNW,0.0,desarrollo,2,1,3,1,3
HH005639,UHNW,0.0,desarrollo,3,3,3,4,2
HH005640,HNW,0.0,desarrollo,4,3,3,2,1
HH005641,HNW,1.0,holdout,,,,,
HH005642,HNW,0.0,desarrollo,1,0,4,3,0
HH005643,HNW,0.0,desarrollo,3,1,0,3,3
HH005644,HNW,0.0,desarrollo,3,4,3,2,0
HH005645,HNW,0.0,holdout,,,,,
HH005646,HNW,0.0,holdout,,,,,
HH005647,HNW,1.0,holdout,,,,,
HH005648,HNW,0.0,holdout,,,,,
HH005649,HNW,1.0,holdout,,,,,
HH005650,HNW,0.0,desarrollo,3,1,0,3,2
HH005651,HNW,0.0,desarrollo,3,2,0,2,4
HH005652,HNW,0.0,desarrollo,2,4,3,1,3
HH005653,HNW,0.0,desarrollo,3,4,3,1,1
HH005654,HNW,0.0,desarrollo,2,0,0,2,3
HH005655,HNW,0.0,holdout,,,,,
HH005656,HNW,0.0,desarrollo,0,3,2,2,2
HH005657,HNW,0.0,holdout,,,,,
HH005658,HNW,0.0,holdout,,,,,
HH005659,HNW,0.0,holdout,,,,,
HH005660,HNW,0.0,desarrollo,3,2,0,1,2
HH005661,HNW,0.0,holdout,,,,,
HH005662,HNW,1.0,desarrollo,1,1,2,3,0
HH005663,HNW,0.0,desarrollo,3,4,1,3,0
HH005664,HNW,0.0,holdout,,,,,
HH005665,HNW,0.0,desarrollo,3,4,2,0,4
HH005666,HNW,0.0,holdout,,,,,
HH005667,HNW,0.0,desarrollo,3,3,4,2,4
HH005668,HNW,0.0,desarrollo,3,2,3,3,1
HH005669,HNW,0.0,desarrollo,2,1,2,1,2
HH005670,HNW,0.0,desarrollo,2,3,2,3,4
HH005671,HNW,0.0,desarrollo,4,3,4,0,3
HH005672,HNW,0.0,holdout,,,,,
HH005673,HNW,0.0,desarrollo,2,4,0,2,1
HH005674,HNW,0.0,desarrollo,2,1,2,2,0
HH005675,HNW,0.0,desarrollo,4,1,2,4,0
HH005676,UHNW,0.0,holdout,,,,,
HH005677,HNW,0.0,desarrollo,1,4,0,2,4
HH005678,HNW,0.0,desarrollo,0,1,0,1,0
HH005679,HNW,0.0,holdout,,,,,
HH005680,HNW,0.0,holdout,,,,,
HH005681,HNW,0.0,desarrollo,2,1,0,4,1
HH005682,HNW,0.0,desarrollo,2,4,3,4,2
HH005683,HNW,0.0,desarrollo,2,4,3,4,0
HH005684,HNW,0.0,holdout,,,,,
HH005685,HNW,0.0,desarrollo,3,2,3,3,4
HH005686,HNW,0.0,desarrollo,1,1,2,1,3
HH005687,HNW,,excluido,,,,,
HH005688,HNW,0.0,desarrollo,2,4,2,0,3
HH005689,HNW,1.0,desarrollo,1,3,1,1,3
HH005690,UHNW,0.0,desarrollo,1,3,3,2,1
HH005691,HNW,0.0,desarrollo,1,0,4,0,1
HH005692,HNW,0.0,desarrollo,3,1,4,0,0
HH005693,HNW,0.0,desarrollo,0,4,0,2,1
HH005694,HNW,0.0,desarrollo,4,3,1,0,1
HH005695,HNW,0.0,holdout,,,,,
HH005696,HNW,0.0,desarrollo,3,2,2,2,0
HH005697,HNW,0.0,desarrollo,1,1,3,4,4
HH005698,HNW,0.0,desarrollo,2,4,2,3,0
HH005699,HNW,0.0,desarrollo,4,3,1,3,4
HH005700,HNW,0.0,desarrollo,2,4,4,3,0
HH005701,HNW,0.0,desarrollo,0,1,2,3,1
HH005702,HNW,0.0,holdout,,,,,
HH005703,HNW,0.0,holdout,,,,,
HH005704,HNW,0.0,desarrollo,2,2,0,2,0
HH005705,HNW,0.0,holdout,,,,,
HH005706,HNW,1.0,holdout,,,,,
HH005707,HNW,0.0,desarrollo,0,3,4,3,3
HH005708,HNW,0.0,holdout,,,,,
HH005709,HNW,0.0,desarrollo,3,4,3,0,1
HH005710,HNW,0.0,desarrollo,0,1,1,2,0
HH005711,HNW,0.0,desarrollo,3,0,2,4,3
HH005712,HNW,0.0,desarrollo,4,3,1,4,3
HH005713,HNW,0.0,desarrollo,4,1,4,2,2
HH005714,HNW,0.0,holdout,,,,,
HH005715,HNW,0.0,desarrollo,0,1,4,1,0
HH005716,HNW,0.0,desarrollo,2,3,1,2,4
HH005717,HNW,0.0,desarrollo,4,3,3,4,3
HH005718,UHNW,0.0,desarrollo,1,3,1,3,4
HH005719,HNW,0.0,holdout,,,,,
HH005720,HNW,0.0,holdout,,,,,
HH005721,HNW,0.0,desarrollo,4,2,4,3,4
HH005722,HNW,0.0,holdout,,,,,
HH005723,HNW,0.0,holdout,,,,,
HH005724,HNW,0.0,holdout,,,,,
HH005725,HNW,0.0,holdout,,,,,
HH005726,HNW,0.0,desarrollo,3,4,2,1,0
HH005727,HNW,0.0,holdout,,,,,
HH005728,HNW,0.0,desarrollo,0,1,3,0,4
HH005729,HNW,0.0,desarrollo,1,4,2,2,4
HH005730,HNW,0.0,desarrollo,0,4,3,2,3
HH005731,HNW,0.0,holdout,,,,,
HH005732,HNW,0.0,desarrollo,1,3,2,1,2
HH005733,HNW,0.0,desarrollo,3,0,4,3,2
HH005734,HNW,0.0,desarrollo,0,4,3,0,1
HH005735,HNW,0.0,desarrollo,3,2,1,4,0
HH005736,HNW,0.0,holdout,,,,,
HH005737,HNW,0.0,desarrollo,0,3,3,3,1
HH005738,HNW,0.0,desarrollo,4,2,1,2,1
HH005739,HNW,0.0,desarrollo,2,4,1,4,2
HH005740,HNW,0.0,desarrollo,0,0,0,0,4
HH005741,HNW,0.0,holdout,,,,,
HH005742,HNW,0.0,desarrollo,2,2,3,1,2
HH005743,HNW,0.0,holdout,,,,,
HH005744,HNW,0.0,desarrollo,2,2,3,4,2
HH005745,UHNW,0.0,desarrollo,0,0,4,4,3
HH005746,HNW,0.0,desarrollo,3,2,4,3,2
HH005747,HNW,0.0,holdout,,,,,
HH005748,HNW,0.0,desarrollo,1,3,0,0,4
HH005749,HNW,0.0,desarrollo,2,4,1,0,2
HH005750,HNW,0.0,desarrollo,3,4,4,4,3
HH005751,HNW,0.0,desarrollo,3,0,0,4,0
HH005752,HNW,0.0,desarrollo,2,1,3,3,3
HH005753,HNW,0.0,holdout,,,,,
HH005754,HNW,0.0,holdout,,,,,
HH005755,UHNW,0.0,holdout,,,,,
HH005756,HNW,0.0,holdout,,,,,
HH005757,HNW,0.0,desarrollo,1,1,3,1,0
HH005758,HNW,0.0,desarrollo,3,3,1,0,4
HH005759,HNW,1.0,holdout,,,,,
HH005760,HNW,1.0,desarrollo,2,0,2,3,0
HH005761,HNW,0.0,desarrollo,4,3,3,4,4
HH005762,HNW,1.0,holdout,,,,,
HH005763,HNW,0.0,desarrollo,2,0,4,0,2
HH005764,HNW,0.0,desarrollo,4,2,1,2,1
HH005765,HNW,0.0,desarrollo,0,4,1,4,0
HH005766,UHNW,0.0,desarrollo,4,1,4,0,1
HH005767,HNW,0.0,holdout,,,,,
HH005768,HNW,0.0,desarrollo,0,0,2,1,2
HH005769,HNW,0.0,desarrollo,1,4,3,1,3
HH005770,HNW,0.0,desarrollo,3,4,1,2,1
HH005771,HNW,0.0,holdout,,,,,
HH005772,HNW,0.0,desarrollo,2,2,3,1,3
HH005773,HNW,0.0,desarrollo,0,2,0,3,0
HH005774,HNW,0.0,desarrollo,2,0,2,2,4
HH005775,HNW,0.0,holdout,,,,,
HH005776,HNW,1.0,holdout,,,,,
HH005777,HNW,0.0,holdout,,,,,
HH005778,HNW,0.0,holdout,,,,,
HH005779,HNW,0.0,holdout,,,,,
HH005780,HNW,0.0,holdout,,,,,
HH005781,HNW,0.0,desarrollo,2,3,0,0,2
HH005782,UHNW,0.0,desarrollo,2,1,2,1,2
HH005783,HNW,0.0,desarrollo,4,4,4,1,2
HH005784,HNW,0.0,holdout,,,,,
HH005785,HNW,0.0,holdout,,,,,
HH005786,HNW,0.0,holdout,,,,,
HH005787,UHNW,0.0,desarrollo,2,4,0,2,4
HH005788,HNW,0.0,desarrollo,3,3,3,0,4
HH005789,HNW,0.0,desarrollo,2,3,3,3,3
HH005790,HNW,0.0,desarrollo,3,1,1,4,1
HH005791,HNW,0.0,desarrollo,4,4,2,3,2
HH005792,HNW,0.0,desarrollo,2,0,0,0,4
HH005793,HNW,0.0,desarrollo,2,0,1,0,1
HH005794,HNW,0.0,desarrollo,3,4,2,1,1
HH005795,HNW,0.0,desarrollo,0,4,4,2,0
HH005796,HNW,0.0,holdout,,,,,
HH005797,HNW,0.0,desarrollo,1,0,4,0,4
HH005798,HNW,0.0,desarrollo,2,4,3,2,2
HH005799,HNW,0.0,holdout,,,,,
HH005800,HNW,0.0,desarrollo,2,0,3,4,2
HH005801,HNW,0.0,holdout,,,,,
HH005802,HNW,0.0,desarrollo,1,4,3,4,4
HH005803,HNW,0.0,holdout,,,,,
HH005804,HNW,0.0,desarrollo,3,3,0,1,3
HH005805,HNW,0.0,desarrollo,0,4,0,1,1
HH005806,HNW,0.0,desarrollo,4,0,1,0,0
HH005807,HNW,0.0,desarrollo,3,1,1,2,4
HH005808,HNW,0.0,holdout,,,,,
HH005809,HNW,1.0,holdout,,,,,
HH005810,HNW,0.0,holdout,,,,,
HH005811,HNW,0.0,desarrollo,3,3,2,0,1
HH005812,HNW,0.0,desarrollo,0,2,4,4,3
HH005813,HNW,1.0,desarrollo,3,4,1,4,1
HH005814,HNW,0.0,desarrollo,1,4,2,2,1
HH005815,HNW,0.0,holdout,,,,,
HH005816,UHNW,0.0,desarrollo,1,4,2,3,2
HH005817,HNW,0.0,desarrollo,2,2,4,2,1
HH005818,HNW,0.0,desarrollo,3,0,0,1,2
HH005819,HNW,0.0,desarrollo,0,3,1,2,0
HH005820,HNW,0.0,desarrollo,1,3,4,2,3
HH005821,HNW,0.0,holdout,,,,,
HH005822,UHNW,0.0,desarrollo,1,0,4,1,0
HH005823,HNW,0.0,desarrollo,4,0,3,1,2
HH005824,HNW,0.0,desarrollo,4,2,0,2,1
HH005825,HNW,1.0,desarrollo,4,3,3,4,0
HH005826,UHNW,0.0,holdout,,,,,
HH005827,HNW,0.0,desarrollo,0,4,2,2,0
HH005828,HNW,0.0,desarrollo,4,1,1,4,0
HH005829,HNW,0.0,desarrollo,2,2,1,4,2
HH005830,HNW,0.0,desarrollo,2,3,0,2,4
HH005831,HNW,0.0,desarrollo,3,3,2,0,0
HH005832,HNW,0.0,desarrollo,2,4,1,1,2
HH005833,HNW,0.0,desarrollo,2,0,4,4,0
HH005834,HNW,0.0,desarrollo,3,3,0,1,4
HH005835,HNW,0.0,desarrollo,4,3,4,2,1
HH005836,HNW,0.0,desarrollo,3,4,3,2,1
HH005837,HNW,,excluido,,,,,
HH005838,HNW,0.0,holdout,,,,,
HH005839,HNW,0.0,desarrollo,2,4,3,2,4
HH005840,HNW,0.0,desarrollo,2,0,0,0,3
HH005841,HNW,0.0,desarrollo,0,1,1,1,2
HH005842,HNW,0.0,holdout,,,,,
HH005843,HNW,0.0,desarrollo,0,4,4,0,0
HH005844,HNW,0.0,holdout,,,,,
HH005845,HNW,0.0,desarrollo,3,3,0,2,4
HH005846,HNW,0.0,holdout,,,,,
HH005847,HNW,0.0,desarrollo,1,4,2,1,3
HH005848,HNW,0.0,holdout,,,,,
HH005849,HNW,0.0,desarrollo,2,1,4,3,2
HH005850,HNW,0.0,holdout,,,,,
HH005851,HNW,0.0,holdout,,,,,
HH005852,HNW,0.0,desarrollo,3,0,1,1,1
HH005853,HNW,0.0,desarrollo,1,3,0,3,0
HH005854,HNW,0.0,desarrollo,1,2,1,0,0
HH005855,HNW,0.0,desarrollo,3,3,2,3,4
HH005856,HNW,0.0,desarrollo,4,1,2,4,2
HH005857,HNW,0.0,desarrollo,1,3,3,4,1
HH005858,HNW,1.0,desarrollo,0,2,1,1,1
HH005859,HNW,0.0,desarrollo,0,2,3,4,4
HH005860,HNW,0.0,holdout,,,,,
HH005861,HNW,0.0,desarrollo,3,1,2,2,4
HH005862,HNW,0.0,holdout,,,,,
HH005863,HNW,0.0,holdout,,,,,
HH005864,HNW,0.0,holdout,,,,,
HH005865,HNW,0.0,desarrollo,1,4,2,4,4
HH005866,HNW,0.0,desarrollo,0,4,2,4,1
HH005867,UHNW,0.0,desarrollo,1,2,2,0,2
HH005868,HNW,0.0,desarrollo,4,4,3,0,3
HH005869,HNW,0.0,desarrollo,2,0,0,0,3
HH005870,HNW,0.0,holdout,,,,,
HH005871,HNW,0.0,holdout,,,,,
HH005872,HNW,0.0,desarrollo,2,0,3,4,3
HH005873,HNW,0.0,desarrollo,2,1,2,4,3
HH005874,HNW,1.0,desarrollo,3,0,2,2,0
HH005875,HNW,0.0,desarrollo,3,0,4,0,2
HH005876,HNW,0.0,holdout,,,,,
HH005877,HNW,0.0,desarrollo,2,4,1,1,2
HH005878,HNW,0.0,desarrollo,4,1,2,1,3
HH005879,HNW,0.0,desarrollo,1,0,0,1,1
HH005880,HNW,0.0,desarrollo,1,0,0,4,3
HH005881,HNW,0.0,desarrollo,2,1,0,1,3
HH005882,HNW,0.0,desarrollo,2,1,3,1,4
HH005883,HNW,0.0,desarrollo,2,2,3,3,2
HH005884,UHNW,0.0,holdout,,,,,
HH005885,HNW,0.0,desarrollo,1,4,1,1,4
HH005886,UHNW,0.0,desarrollo,3,2,0,3,0
HH005887,HNW,1.0,desarrollo,3,0,3,2,1
HH005888,HNW,0.0,desarrollo,4,3,4,1,3
HH005889,HNW,0.0,desarrollo,3,0,1,1,1
HH005890,HNW,0.0,desarrollo,2,4,3,0,4
HH005891,HNW,0.0,desarrollo,2,4,4,2,0
HH005892,HNW,0.0,desarrollo,1,0,2,4,0
HH005893,HNW,0.0,holdout,,,,,
HH005894,HNW,0.0,desarrollo,1,2,0,4,2
HH005895,HNW,0.0,desarrollo,2,1,3,4,2
HH005896,HNW,0.0,desarrollo,4,2,4,1,0
HH005897,HNW,0.0,desarrollo,2,0,0,4,1
HH005898,HNW,0.0,holdout,,,,,
HH005899,HNW,0.0,desarrollo,0,3,4,4,4
HH005900,HNW,0.0,desarrollo,1,2,1,2,4
HH005901,HNW,0.0,desarrollo,3,2,1,2,3
HH005902,HNW,0.0,desarrollo,4,0,4,0,0
HH005903,HNW,0.0,holdout,,,,,
HH005904,HNW,0.0,desarrollo,2,0,2,0,1
HH005905,HNW,0.0,desarrollo,0,1,3,1,3
HH005906,HNW,0.0,desarrollo,2,2,0,1,0
HH005907,HNW,0.0,desarrollo,4,3,4,2,4
HH005908,HNW,0.0,desarrollo,0,3,0,1,2
HH005909,HNW,0.0,desarrollo,3,2,1,1,1
HH005910,HNW,0.0,desarrollo,3,1,3,2,4
HH005911,HNW,0.0,desarrollo,2,1,4,3,3
HH005912,HNW,0.0,desarrollo,3,0,0,4,3
HH005913,HNW,0.0,holdout,,,,,
HH005914,HNW,0.0,desarrollo,0,1,0,1,0
HH005915,HNW,0.0,desarrollo,4,1,0,2,2
HH005916,HNW,0.0,desarrollo,1,0,2,4,2
HH005917,HNW,0.0,desarrollo,0,3,0,2,0
HH005918,HNW,0.0,desarrollo,3,3,3,3,0
HH005919,UHNW,0.0,desarrollo,4,3,3,4,2
HH005920,UHNW,0.0,desarrollo,0,2,4,4,1
HH005921,HNW,0.0,desarrollo,0,2,0,4,2
HH005922,HNW,1.0,desarrollo,0,2,3,2,0
HH005923,HNW,0.0,desarrollo,4,2,4,2,4
HH005924,HNW,0.0,desarrollo,1,4,0,4,2
HH005925,HNW,0.0,holdout,,,,,
HH005926,HNW,0.0,holdout,,,,,
HH005927,HNW,0.0,desarrollo,1,0,2,2,1
HH005928,HNW,0.0,desarrollo,1,0,1,1,1
HH005929,HNW,0.0,desarrollo,4,0,0,4,4
HH005930,HNW,,excluido,,,,,
HH005931,HNW,1.0,holdout,,,,,
HH005932,HNW,0.0,holdout,,,,,
HH005933,HNW,0.0,holdout,,,,,
HH005934,HNW,0.0,desarrollo,3,0,4,2,0
HH005935,HNW,0.0,holdout,,,,,
HH005936,HNW,0.0,holdout,,,,,
HH005937,HNW,0.0,holdout,,,,,
HH005938,HNW,0.0,holdout,,,,,
HH005939,HNW,0.0,desarrollo,3,4,2,0,0
HH005940,UHNW,0.0,holdout,,,,,
HH005941,HNW,0.0,desarrollo,2,4,2,3,3
HH005942,HNW,0.0,desarrollo,3,0,1,4,0
HH005943,HNW,0.0,desarrollo,1,3,4,4,1
HH005944,HNW,0.0,holdout,,,,,
HH005945,HNW,0.0,holdout,,,,,
HH005946,UHNW,0.0,desarrollo,2,3,3,2,3
HH005947,HNW,0.0,desarrollo,0,0,3,1,3
HH005948,HNW,0.0,holdout,,,,,
HH005949,HNW,0.0,holdout,,,,,
HH005950,HNW,0.0,desarrollo,2,2,4,3,3
HH005951,HNW,0.0,desarrollo,0,2,1,0,4
HH005952,UHNW,0.0,desarrollo,3,1,1,1,3
HH005953,UHNW,0.0,desarrollo,0,0,3,3,1
HH005954,HNW,0.0,holdout,,,,,
HH005955,HNW,0.0,holdout,,,,,
HH005956,HNW,0.0,desarrollo,1,4,3,1,3
HH005957,HNW,0.0,holdout,,,,,
HH005958,HNW,0.0,desarrollo,0,1,2,2,2
HH005959,HNW,0.0,holdout,,,,,
HH005960,HNW,0.0,desarrollo,4,2,1,4,0
HH005961,HNW,0.0,desarrollo,1,3,2,4,1
HH005962,HNW,0.0,desarrollo,0,4,0,3,3
HH005963,HNW,0.0,desarrollo,2,0,1,1,0
HH005964,HNW,1.0,desarrollo,3,4,4,4,0
HH005965,HNW,0.0,desarrollo,4,4,2,1,4
HH005966,UHNW,0.0,holdout,,,,,
HH005967,UHNW,0.0,holdout,,,,,
HH005968,HNW,0.0,desarrollo,0,1,2,1,1
HH005969,UHNW,0.0,desarrollo,2,3,3,0,4
HH005970,HNW,0.0,desarrollo,1,0,0,4,3
HH005971,HNW,0.0,desarrollo,2,0,1,0,1
HH005972,HNW,0.0,desarrollo,1,3,2,4,1
HH005973,HNW,0.0,desarrollo,2,0,4,3,0
HH005974,UHNW,0.0,desarrollo,2,4,1,0,0
HH005975,HNW,0.0,desarrollo,4,4,2,0,2
HH005976,HNW,0.0,desarrollo,3,2,3,1,1
HH005977,HNW,1.0,desarrollo,0,4,2,3,3
HH005978,UHNW,0.0,desarrollo,3,3,0,4,2
HH005979,UHNW,0.0,desarrollo,0,0,3,2,2
HH005980,HNW,0.0,desarrollo,0,4,1,0,1
HH005981,HNW,0.0,desarrollo,2,0,2,2,1
HH005982,HNW,0.0,desarrollo,4,2,4,0,1
HH005983,HNW,0.0,holdout,,,,,
HH005984,HNW,0.0,desarrollo,3,2,1,0,2
HH005985,HNW,0.0,desarrollo,4,0,1,1,0
HH005986,HNW,0.0,desarrollo,3,0,0,3,0
HH005987,HNW,0.0,holdout,,,,,
HH005988,HNW,0.0,desarrollo,3,2,2,2,2
HH005989,HNW,0.0,desarrollo,0,2,0,2,2
HH005990,HNW,0.0,holdout,,,,,
HH005991,HNW,0.0,desarrollo,1,0,2,2,1
HH005992,HNW,0.0,holdout,,,,,
HH005993,HNW,0.0,desarrollo,3,3,4,4,1
HH005994,UHNW,0.0,holdout,,,,,
HH005995,HNW,0.0,holdout,,,,,
HH005996,HNW,1.0,desarrollo,3,1,4,2,2
HH005997,HNW,0.0,desarrollo,0,1,2,3,0
HH005998,HNW,0.0,desarrollo,2,2,0,1,4
HH005999,HNW,0.0,desarrollo,0,4,1,0,3
HH006000,HNW,0.0,holdout,,,,,
HH006001,HNW,1.0,desarrollo,3,4,1,2,1
HH006002,HNW,0.0,desarrollo,2,3,2,2,2
HH006003,HNW,0.0,desarrollo,0,0,3,3,1
HH006004,HNW,0.0,desarrollo,3,2,3,4,0
HH006005,HNW,0.0,holdout,,,,,
HH006006,HNW,0.0,desarrollo,0,2,4,0,3
HH006007,HNW,0.0,desarrollo,0,2,3,4,3
HH006008,HNW,0.0,desarrollo,0,3,1,2,4
HH006009,HNW,0.0,holdout,,,,,
HH006010,HNW,0.0,desarrollo,0,3,3,3,2
HH006011,HNW,0.0,holdout,,,,,
HH006012,HNW,0.0,desarrollo,4,2,1,4,2
HH006013,HNW,0.0,desarrollo,2,4,2,1,0
HH006014,HNW,0.0,desarrollo,1,1,2,4,1
HH006015,HNW,0.0,desarrollo,0,0,3,4,2
HH006016,HNW,0.0,desarrollo,3,4,4,0,2
HH006017,HNW,0.0,holdout,,,,,
HH006018,HNW,0.0,desarrollo,2,1,0,2,2
HH006019,HNW,0.0,desarrollo,0,1,3,1,3
HH006020,HNW,0.0,holdout,,,,,
HH006021,HNW,0.0,holdout,,,,,
HH006022,HNW,0.0,desarrollo,0,3,4,4,3
HH006023,HNW,0.0,desarrollo,2,3,3,4,0
HH006024,UHNW,0.0,holdout,,,,,
HH006025,HNW,,excluido,,,,,
HH006026,HNW,0.0,desarrollo,1,1,3,0,0
HH006027,HNW,1.0,desarrollo,2,3,2,0,1
HH006028,HNW,0.0,desarrollo,4,0,2,4,4
HH006029,HNW,0.0,desarrollo,2,0,1,2,1
HH006030,HNW,0.0,desarrollo,3,1,0,0,0
HH006031,HNW,0.0,desarrollo,4,0,3,2,0
HH006032,HNW,0.0,holdout,,,,,
HH006033,HNW,0.0,holdout,,,,,
HH006034,HNW,0.0,desarrollo,0,3,2,1,3
HH006035,HNW,0.0,desarrollo,1,2,1,2,1
HH006036,HNW,0.0,desarrollo,4,3,2,3,4
HH006037,HNW,0.0,desarrollo,0,0,4,0,4
HH006038,HNW,0.0,desarrollo,2,2,3,1,3
HH006039,HNW,1.0,desarrollo,4,4,1,2,0
HH006040,HNW,0.0,desarrollo,0,4,2,2,1
HH006041,HNW,0.0,desarrollo,4,0,2,1,2
HH006042,HNW,0.0,desarrollo,3,2,3,2,2
HH006043,HNW,0.0,desarrollo,0,4,3,0,0
HH006044,HNW,0.0,holdout,,,,,
HH006045,HNW,0.0,desarrollo,1,1,4,3,0
HH006046,HNW,,excluido,,,,,
HH006047,HNW,0.0,desarrollo,2,3,1,3,4
HH006048,HNW,0.0,desarrollo,0,4,3,4,2
HH006049,HNW,0.0,holdout,,,,,
HH006050,HNW,0.0,desarrollo,2,1,3,1,3
HH006051,HNW,0.0,desarrollo,1,2,0,4,1
HH006052,HNW,0.0,desarrollo,3,1,1,3,0
HH006053,HNW,0.0,desarrollo,1,0,3,2,1
HH006054,HNW,1.0,desarrollo,0,0,4,2,0
HH006055,HNW,1.0,desarrollo,0,0,1,2,4
HH006056,HNW,0.0,desarrollo,1,1,3,2,2
HH006057,HNW,0.0,desarrollo,4,0,4,3,2
HH006058,HNW,0.0,holdout,,,,,
HH006059,HNW,1.0,desarrollo,1,3,0,1,0
HH006060,HNW,0.0,holdout,,,,,
HH006061,HNW,0.0,holdout,,,,,
HH006062,HNW,0.0,desarrollo,0,0,4,1,0
HH006063,HNW,0.0,holdout,,,,,
HH006064,HNW,0.0,desarrollo,2,2,4,2,0
HH006065,HNW,0.0,holdout,,,,,
HH006066,HNW,,excluido,,,,,
HH006067,HNW,0.0,desarrollo,3,0,2,4,4
HH006068,HNW,0.0,desarrollo,3,0,2,4,3
HH006069,HNW,0.0,desarrollo,0,0,4,0,0
HH006070,HNW,0.0,desarrollo,2,3,1,2,0
HH006071,HNW,0.0,desarrollo,0,4,4,1,2
HH006072,HNW,0.0,desarrollo,4,2,1,0,3
HH006073,HNW,0.0,desarrollo,4,4,1,0,0
HH006074,HNW,0.0,holdout,,,,,
HH006075,HNW,0.0,desarrollo,1,4,3,2,2
HH006076,HNW,0.0,desarrollo,0,2,0,3,2
HH006077,HNW,0.0,desarrollo,4,0,2,1,3
HH006078,HNW,0.0,desarrollo,3,1,3,0,4
HH006079,HNW,0.0,desarrollo,3,1,3,3,0
HH006080,HNW,0.0,desarrollo,1,1,4,4,1
HH006081,HNW,0.0,desarrollo,1,4,2,2,1
HH006082,HNW,0.0,desarrollo,1,4,0,3,4
HH006083,HNW,0.0,desarrollo,4,1,4,3,3
HH006084,HNW,0.0,desarrollo,1,1,0,1,1
HH006085,HNW,0.0,holdout,,,,,
HH006086,HNW,0.0,desarrollo,1,2,4,1,1
HH006087,HNW,0.0,desarrollo,4,0,2,1,1
HH006088,HNW,0.0,desarrollo,4,4,2,3,2
HH006089,HNW,0.0,holdout,,,,,
HH006090,HNW,0.0,desarrollo,2,3,4,4,1
HH006091,HNW,0.0,desarrollo,1,3,0,1,2
HH006092,HNW,0.0,holdout,,,,,
HH006093,HNW,0.0,holdout,,,,,
HH006094,HNW,0.0,desarrollo,4,1,4,4,1
HH006095,HNW,0.0,desarrollo,4,0,0,2,4
HH006096,HNW,0.0,desarrollo,2,3,1,0,3
HH006097,HNW,1.0,holdout,,,,,
HH006098,HNW,0.0,desarrollo,1,1,3,2,4
HH006099,HNW,0.0,desarrollo,4,0,2,2,2
HH006100,HNW,0.0,desarrollo,1,0,3,4,3
HH006101,HNW,0.0,desarrollo,4,0,3,0,1
HH006102,HNW,0.0,desarrollo,4,3,1,0,2
HH006103,HNW,0.0,holdout,,,,,
HH006104,HNW,0.0,desarrollo,4,0,0,3,2
HH006105,UHNW,0.0,desarrollo,1,3,0,3,4
HH006106,HNW,1.0,desarrollo,4,4,1,2,4
HH006107,HNW,0.0,desarrollo,1,1,2,2,0
HH006108,HNW,0.0,desarrollo,4,2,1,2,0
HH006109,HNW,0.0,holdout,,,,,
HH006110,HNW,0.0,holdout,,,,,
HH006111,HNW,0.0,desarrollo,4,4,0,1,2
HH006112,HNW,0.0,holdout,,,,,
HH006113,HNW,0.0,desarrollo,2,1,1,4,0
HH006114,HNW,0.0,desarrollo,0,4,4,0,0
HH006115,HNW,0.0,desarrollo,0,2,3,2,0
HH006116,HNW,1.0,holdout,,,,,
HH006117,HNW,0.0,holdout,,,,,
HH006118,HNW,0.0,holdout,,,,,
HH006119,HNW,0.0,desarrollo,2,3,4,4,3
HH006120,HNW,0.0,desarrollo,4,4,2,4,2
HH006121,HNW,0.0,desarrollo,2,4,3,3,3
HH006122,HNW,0.0,desarrollo,3,1,1,2,4
HH006123,HNW,0.0,desarrollo,0,3,2,1,3
HH006124,HNW,1.0,holdout,,,,,
HH006125,HNW,0.0,desarrollo,3,3,4,1,0
HH006126,HNW,0.0,desarrollo,3,4,1,1,4
HH006127,HNW,0.0,desarrollo,0,2,3,0,0
HH006128,HNW,0.0,desarrollo,4,2,3,0,0
HH006129,HNW,0.0,desarrollo,1,0,0,4,3
HH006130,HNW,0.0,desarrollo,0,4,1,1,1
HH006131,HNW,0.0,desarrollo,3,0,0,3,2
HH006132,HNW,0.0,holdout,,,,,
HH006133,HNW,0.0,holdout,,,,,
HH006134,HNW,0.0,holdout,,,,,
HH006135,UHNW,0.0,desarrollo,3,4,1,0,1
HH006136,HNW,0.0,desarrollo,0,1,2,3,2
HH006137,HNW,1.0,desarrollo,3,3,1,2,0
HH006138,HNW,0.0,desarrollo,3,1,1,3,3
HH006139,HNW,0.0,holdout,,,,,
HH006140,HNW,0.0,desarrollo,2,1,3,2,1
HH006141,HNW,0.0,holdout,,,,,
HH006142,HNW,0.0,holdout,,,,,
HH006143,HNW,0.0,desarrollo,4,3,3,4,1
HH006144,HNW,0.0,desarrollo,3,0,4,4,2
HH006145,HNW,0.0,desarrollo,4,4,0,0,2
HH006146,HNW,0.0,holdout,,,,,
HH006147,HNW,0.0,desarrollo,0,3,3,2,1
HH006148,HNW,0.0,desarrollo,3,1,4,2,2
HH006149,HNW,1.0,holdout,,,,,
HH006150,HNW,0.0,holdout,,,,,
HH006151,HNW,0.0,desarrollo,2,3,3,0,4
HH006152,HNW,0.0,desarrollo,1,0,1,2,0
HH006153,HNW,0.0,desarrollo,1,1,2,1,3
HH006154,HNW,0.0,desarrollo,0,2,3,3,2
HH006155,HNW,0.0,desarrollo,4,3,3,0,0
HH006156,HNW,0.0,holdout,,,,,
HH006157,HNW,0.0,desarrollo,1,1,2,0,2
HH006158,HNW,0.0,desarrollo,1,0,4,0,1
HH006159,HNW,0.0,holdout,,,,,
HH006160,HNW,0.0,holdout,,,,,
HH006161,HNW,1.0,desarrollo,3,0,2,0,0
HH006162,HNW,0.0,desarrollo,1,4,3,2,1
HH006163,UHNW,0.0,holdout,,,,,
HH006164,HNW,0.0,holdout,,,,,
HH006165,HNW,0.0,desarrollo,0,0,1,2,3
HH006166,HNW,0.0,desarrollo,1,4,1,1,3
HH006167,HNW,0.0,desarrollo,2,3,2,3,4
HH006168,HNW,0.0,holdout,,,,,
HH006169,HNW,0.0,desarrollo,1,3,3,2,1
HH006170,UHNW,1.0,holdout,,,,,
HH006171,HNW,1.0,desarrollo,4,3,0,3,1
HH006172,HNW,0.0,desarrollo,1,1,0,0,4
HH006173,UHNW,0.0,desarrollo,3,1,1,3,0
HH006174,HNW,0.0,holdout,,,,,
HH006175,HNW,0.0,holdout,,,,,
HH006176,HNW,0.0,desarrollo,4,2,4,1,1
HH006177,HNW,0.0,holdout,,,,,
HH006178,HNW,0.0,desarrollo,0,0,2,0,1
HH006179,HNW,0.0,desarrollo,2,3,2,4,2
HH006180,HNW,0.0,holdout,,,,,
HH006181,HNW,0.0,desarrollo,1,1,3,0,4
HH006182,HNW,0.0,holdout,,,,,
HH006183,HNW,0.0,holdout,,,,,
HH006184,HNW,0.0,desarrollo,0,1,2,0,4
HH006185,HNW,0.0,desarrollo,0,0,2,0,0
HH006186,HNW,0.0,desarrollo,2,0,4,1,0
HH006187,HNW,0.0,holdout,,,,,
HH006188,HNW,0.0,desarrollo,2,4,2,1,2
HH006189,HNW,0.0,holdout,,,,,
HH006190,HNW,0.0,desarrollo,0,0,2,3,4
HH006191,HNW,0.0,desarrollo,2,2,4,4,0
HH006192,HNW,0.0,desarrollo,0,3,4,0,1
HH006193,HNW,0.0,desarrollo,0,3,4,1,3
HH006194,HNW,0.0,desarrollo,0,4,1,2,0
HH006195,HNW,0.0,holdout,,,,,
HH006196,HNW,0.0,desarrollo,2,1,4,0,4
HH006197,HNW,0.0,desarrollo,4,1,1,1,2
HH006198,HNW,0.0,desarrollo,0,0,3,4,0
HH006199,HNW,0.0,desarrollo,1,0,0,2,4
HH006200,HNW,0.0,desarrollo,4,1,1,4,4
HH006201,HNW,0.0,holdout,,,,,
HH006202,HNW,0.0,desarrollo,1,3,2,1,2
HH006203,HNW,0.0,desarrollo,3,0,2,0,4
HH006204,HNW,0.0,holdout,,,,,
HH006205,HNW,0.0,desarrollo,4,4,1,0,0
HH006206,HNW,1.0,desarrollo,0,1,4,0,4
HH006207,HNW,0.0,desarrollo,0,4,3,1,2
HH006208,HNW,0.0,holdout,,,,,
HH006209,HNW,0.0,holdout,,,,,
HH006210,HNW,0.0,desarrollo,4,1,2,1,0
HH006211,HNW,0.0,desarrollo,2,2,3,3,4
HH006212,HNW,0.0,desarrollo,1,2,3,0,0
HH006213,HNW,0.0,desarrollo,3,0,4,0,2
HH006214,HNW,0.0,desarrollo,1,1,4,2,0
HH006215,HNW,,excluido,,,,,
HH006216,HNW,0.0,holdout,,,,,
HH006217,HNW,0.0,desarrollo,4,2,4,1,0
HH006218,HNW,0.0,desarrollo,1,0,4,1,0
HH006219,HNW,0.0,holdout,,,,,
HH006220,HNW,0.0,holdout,,,,,
HH006221,HNW,0.0,desarrollo,0,2,0,2,4
HH006222,HNW,0.0,holdout,,,,,
HH006223,HNW,,excluido,,,,,
HH006224,HNW,0.0,desarrollo,2,1,0,2,3
HH006225,HNW,0.0,holdout,,,,,
HH006226,HNW,0.0,desarrollo,4,2,2,1,3
HH006227,HNW,0.0,desarrollo,1,1,0,4,1
HH006228,HNW,0.0,desarrollo,3,2,0,4,0
HH006229,HNW,0.0,desarrollo,4,1,1,0,2
HH006230,HNW,0.0,holdout,,,,,
HH006231,HNW,0.0,desarrollo,1,1,4,1,2
HH006232,HNW,0.0,desarrollo,2,1,0,2,0
HH006233,HNW,0.0,holdout,,,,,
HH006234,HNW,0.0,desarrollo,0,1,3,1,0
HH006235,HNW,0.0,desarrollo,1,3,0,4,1
HH006236,HNW,1.0,desarrollo,2,1,2,3,1
HH006237,HNW,1.0,holdout,,,,,
HH006238,HNW,0.0,desarrollo,4,0,0,1,2
HH006239,HNW,0.0,desarrollo,0,2,4,2,3
HH006240,HNW,0.0,desarrollo,0,2,2,1,0
HH006241,HNW,0.0,desarrollo,3,3,2,3,2
HH006242,HNW,1.0,desarrollo,2,0,1,4,3
HH006243,HNW,0.0,desarrollo,2,4,4,3,2
HH006244,HNW,0.0,desarrollo,2,0,4,2,1
HH006245,HNW,0.0,desarrollo,4,1,2,4,2
HH006246,HNW,0.0,desarrollo,4,1,4,1,3
HH006247,HNW,0.0,desarrollo,2,4,2,4,4
HH006248,HNW,0.0,holdout,,,,,
HH006249,HNW,0.0,desarrollo,3,1,0,4,3
HH006250,HNW,0.0,desarrollo,2,3,3,3,1
HH006251,HNW,1.0,desarrollo,2,0,2,4,0
HH006252,HNW,0.0,desarrollo,1,1,4,0,3
HH006253,HNW,0.0,desarrollo,0,1,3,0,0
HH006254,HNW,0.0,desarrollo,0,1,2,2,3
HH006255,HNW,0.0,desarrollo,3,4,4,1,3
HH006256,HNW,0.0,desarrollo,2,0,4,4,2
HH006257,HNW,0.0,desarrollo,3,0,3,4,3
HH006258,HNW,0.0,desarrollo,0,4,2,0,4
HH006259,HNW,0.0,holdout,,,,,
HH006260,HNW,0.0,desarrollo,2,2,0,0,4
HH006261,HNW,0.0,desarrollo,3,2,4,1,0
HH006262,HNW,0.0,desarrollo,0,4,3,1,4
HH006263,HNW,1.0,desarrollo,4,0,4,0,4
HH006264,HNW,0.0,desarrollo,3,2,2,1,3
HH006265,HNW,0.0,holdout,,,,,
HH006266,HNW,0.0,desarrollo,4,4,1,2,3
HH006267,HNW,0.0,desarrollo,0,3,2,4,2
HH006268,HNW,0.0,desarrollo,1,1,2,0,2
HH006269,HNW,0.0,desarrollo,4,4,4,0,0
HH006270,HNW,0.0,holdout,,,,,
HH006271,HNW,0.0,desarrollo,0,1,0,4,1
HH006272,HNW,0.0,desarrollo,4,1,4,0,3
HH006273,HNW,0.0,desarrollo,4,4,1,3,0
HH006274,HNW,0.0,desarrollo,4,0,2,2,2
HH006275,HNW,0.0,desarrollo,0,4,0,4,3
HH006276,HNW,0.0,holdout,,,,,
HH006277,HNW,0.0,desarrollo,3,3,4,1,4
HH006278,HNW,0.0,desarrollo,4,3,4,3,4
HH006279,HNW,0.0,holdout,,,,,
HH006280,HNW,0.0,desarrollo,3,4,3,1,2
HH006281,UHNW,0.0,desarrollo,4,4,1,3,2
HH006282,HNW,0.0,desarrollo,2,1,3,0,0
HH006283,HNW,0.0,holdout,,,,,
HH006284,HNW,0.0,holdout,,,,,
HH006285,HNW,0.0,desarrollo,2,4,1,1,0
HH006286,HNW,0.0,desarrollo,0,0,1,0,4
HH006287,HNW,0.0,holdout,,,,,
HH006288,HNW,0.0,desarrollo,2,0,2,0,3
HH006289,HNW,0.0,holdout,,,,,
HH006290,HNW,0.0,desarrollo,2,2,1,3,0
HH006291,HNW,0.0,desarrollo,0,1,4,4,1
HH006292,HNW,0.0,desarrollo,1,2,4,0,3
HH006293,HNW,0.0,holdout,,,,,
HH006294,HNW,0.0,desarrollo,3,4,0,1,3
HH006295,HNW,0.0,desarrollo,2,4,2,2,1
HH006296,HNW,0.0,desarrollo,3,3,4,0,3
HH006297,HNW,0.0,desarrollo,4,0,4,3,0
HH006298,HNW,0.0,desarrollo,2,1,3,1,1
HH006299,HNW,0.0,desarrollo,4,2,3,1,4
HH006300,HNW,0.0,desarrollo,4,0,1,1,3
HH006301,HNW,0.0,holdout,,,,,
HH006302,HNW,0.0,desarrollo,4,0,3,2,3
HH006303,HNW,0.0,desarrollo,3,4,3,4,1
HH006304,HNW,0.0,desarrollo,1,2,4,2,4
HH006305,HNW,0.0,desarrollo,1,2,4,3,0
HH006306,HNW,0.0,holdout,,,,,
HH006307,HNW,0.0,desarrollo,3,2,2,1,2
HH006308,HNW,0.0,desarrollo,0,3,2,1,0
HH006309,HNW,0.0,desarrollo,0,3,2,4,2
HH006310,HNW,0.0,holdout,,,,,
HH006311,HNW,0.0,desarrollo,0,3,3,1,0
HH006312,HNW,0.0,holdout,,,,,
HH006313,HNW,0.0,desarrollo,3,4,2,1,3
HH006314,HNW,0.0,desarrollo,0,4,1,0,4
HH006315,HNW,0.0,holdout,,,,,
HH006316,HNW,0.0,holdout,,,,,
HH006317,HNW,0.0,desarrollo,2,4,1,0,2
HH006318,HNW,0.0,desarrollo,0,3,1,3,2
HH006319,HNW,0.0,desarrollo,0,4,0,0,4
HH006320,HNW,0.0,desarrollo,1,0,3,3,4
HH006321,HNW,0.0,desarrollo,2,3,1,0,0
HH006322,HNW,0.0,desarrollo,3,3,1,3,1
HH006323,HNW,0.0,desarrollo,0,3,3,3,1
HH006324,HNW,1.0,desarrollo,3,1,4,2,0
HH006325,HNW,0.0,desarrollo,0,4,3,2,4
HH006326,HNW,0.0,desarrollo,0,0,0,1,4
HH006327,HNW,0.0,holdout,,,,,
HH006328,HNW,0.0,desarrollo,3,0,2,1,2
HH006329,HNW,0.0,desarrollo,3,2,1,0,2
HH006330,HNW,0.0,holdout,,,,,
HH006331,HNW,0.0,desarrollo,2,3,1,2,1
HH006332,HNW,0.0,holdout,,,,,
HH006333,HNW,0.0,holdout,,,,,
HH006334,HNW,0.0,holdout,,,,,
HH006335,HNW,0.0,desarrollo,1,0,4,0,4
HH006336,HNW,0.0,desarrollo,0,4,1,0,4
HH006337,HNW,0.0,desarrollo,4,0,3,2,3
HH006338,HNW,0.0,desarrollo,0,0,4,2,2
HH006339,HNW,0.0,desarrollo,4,3,1,4,0
HH006340,HNW,0.0,desarrollo,4,2,1,0,4
HH006341,HNW,0.0,desarrollo,0,4,1,2,0
HH006342,HNW,0.0,holdout,,,,,
HH006343,HNW,0.0,desarrollo,0,2,1,1,2
HH006344,HNW,0.0,desarrollo,3,4,4,1,3
HH006345,HNW,0.0,desarrollo,1,0,2,0,0
HH006346,HNW,0.0,desarrollo,1,0,2,3,0
HH006347,HNW,1.0,desarrollo,2,4,1,2,0
HH006348,HNW,0.0,desarrollo,1,3,4,0,0
HH006349,HNW,0.0,desarrollo,1,0,3,0,3
HH006350,HNW,0.0,holdout,,,,,
HH006351,HNW,1.0,desarrollo,2,1,3,4,0
HH006352,HNW,0.0,desarrollo,0,2,2,0,1
HH006353,HNW,0.0,desarrollo,2,4,1,0,0
HH006354,HNW,0.0,desarrollo,0,3,3,3,3
HH006355,HNW,0.0,desarrollo,0,0,0,4,4
HH006356,HNW,0.0,desarrollo,2,0,2,0,4
HH006357,HNW,0.0,desarrollo,2,1,3,4,1
HH006358,HNW,0.0,desarrollo,0,4,0,0,4
HH006359,HNW,0.0,desarrollo,0,2,4,2,4
HH006360,UHNW,0.0,desarrollo,3,4,3,0,1
HH006361,HNW,0.0,desarrollo,3,1,3,1,4
HH006362,HNW,0.0,desarrollo,0,0,4,4,0
HH006363,HNW,0.0,holdout,,,,,
HH006364,HNW,0.0,holdout,,,,,
HH006365,UHNW,0.0,desarrollo,3,2,4,3,4
HH006366,HNW,0.0,desarrollo,3,2,0,0,2
HH006367,HNW,0.0,holdout,,,,,
HH006368,HNW,0.0,holdout,,,,,
HH006369,HNW,,excluido,,,,,
HH006370,HNW,1.0,desarrollo,0,1,2,3,2
HH006371,HNW,0.0,desarrollo,4,0,0,0,2
HH006372,HNW,0.0,holdout,,,,,
HH006373,UHNW,0.0,holdout,,,,,
HH006374,HNW,0.0,desarrollo,2,3,2,0,4
HH006375,HNW,0.0,holdout,,,,,
HH006376,HNW,0.0,desarrollo,0,3,2,1,0
HH006377,HNW,0.0,holdout,,,,,
HH006378,HNW,0.0,desarrollo,1,1,3,1,2
HH006379,HNW,0.0,holdout,,,,,
HH006380,HNW,0.0,holdout,,,,,
HH006381,HNW,0.0,desarrollo,0,4,4,2,2
HH006382,HNW,0.0,holdout,,,,,
HH006383,HNW,0.0,holdout,,,,,
HH006384,UHNW,0.0,desarrollo,4,3,1,0,2
HH006385,HNW,0.0,desarrollo,1,3,3,0,0
HH006386,HNW,0.0,desarrollo,2,3,4,4,1
HH006387,UHNW,1.0,desarrollo,2,1,3,0,0
HH006388,HNW,0.0,holdout,,,,,
HH006389,HNW,0.0,desarrollo,2,1,4,1,4
HH006390,HNW,0.0,desarrollo,4,2,3,2,1
HH006391,UHNW,0.0,holdout,,,,,
HH006392,HNW,0.0,desarrollo,1,1,1,4,0
HH006393,HNW,0.0,desarrollo,1,1,4,0,4
HH006394,HNW,0.0,desarrollo,0,4,1,0,2
HH006395,HNW,0.0,desarrollo,3,2,4,1,4
HH006396,HNW,0.0,holdout,,,,,
HH006397,HNW,0.0,holdout,,,,,
HH006398,HNW,0.0,desarrollo,1,4,2,4,2
HH006399,HNW,0.0,holdout,,,,,
HH006400,HNW,0.0,desarrollo,0,1,1,0,3
HH006401,HNW,0.0,desarrollo,0,1,1,1,4
HH006402,HNW,0.0,desarrollo,2,1,0,3,0
HH006403,HNW,0.0,desarrollo,4,0,1,3,1
HH006404,HNW,0.0,desarrollo,3,1,1,0,3
HH006405,HNW,0.0,desarrollo,0,1,0,0,0
HH006406,HNW,0.0,desarrollo,3,0,4,2,0
HH006407,HNW,1.0,desarrollo,1,0,1,4,1
HH006408,UHNW,0.0,desarrollo,4,2,1,0,2
HH006409,HNW,0.0,holdout,,,,,
HH006410,HNW,0.0,holdout,,,,,
HH006411,HNW,0.0,desarrollo,2,4,3,3,0
HH006412,HNW,0.0,desarrollo,2,2,1,1,2
HH006413,HNW,0.0,desarrollo,0,3,2,0,1
HH006414,HNW,0.0,holdout,,,,,
HH006415,HNW,0.0,holdout,,,,,
HH006416,HNW,0.0,desarrollo,3,2,4,4,2
HH006417,HNW,0.0,desarrollo,0,3,4,2,1
HH006418,HNW,0.0,desarrollo,1,1,1,3,1
HH006419,HNW,0.0,desarrollo,0,0,0,3,1
HH006420,HNW,0.0,desarrollo,2,0,4,2,1
HH006421,HNW,0.0,desarrollo,4,3,1,0,0
HH006422,UHNW,0.0,desarrollo,4,0,3,3,0
HH006423,HNW,0.0,holdout,,,,,
HH006424,HNW,0.0,holdout,,,,,
HH006425,UHNW,0.0,holdout,,,,,
HH006426,UHNW,0.0,desarrollo,3,4,0,2,0
HH006427,HNW,0.0,holdout,,,,,
HH006428,HNW,0.0,holdout,,,,,
HH006429,HNW,0.0,holdout,,,,,
HH006430,HNW,0.0,desarrollo,0,1,1,4,4
HH006431,HNW,0.0,desarrollo,0,2,4,2,4
HH006432,HNW,0.0,holdout,,,,,
HH006433,HNW,0.0,desarrollo,2,4,3,4,0
HH006434,HNW,0.0,desarrollo,2,4,3,1,1
HH006435,HNW,0.0,desarrollo,1,1,0,1,1
HH006436,HNW,0.0,holdout,,,,,
HH006437,HNW,0.0,desarrollo,3,3,4,3,3
HH006438,HNW,0.0,desarrollo,4,0,0,2,4
HH006439,HNW,0.0,desarrollo,1,0,2,3,0
HH006440,HNW,0.0,desarrollo,1,2,3,0,2
HH006441,HNW,0.0,desarrollo,2,3,1,4,4
HH006442,HNW,0.0,holdout,,,,,
HH006443,UHNW,0.0,desarrollo,1,4,4,2,4
HH006444,UHNW,0.0,desarrollo,4,4,1,3,4
HH006445,HNW,0.0,holdout,,,,,
HH006446,HNW,0.0,desarrollo,2,0,3,1,3
HH006447,HNW,0.0,desarrollo,3,1,0,3,3
HH006448,HNW,0.0,desarrollo,4,1,4,0,2
HH006449,HNW,0.0,holdout,,,,,
HH006450,HNW,0.0,desarrollo,4,2,2,3,2
HH006451,HNW,0.0,desarrollo,3,3,3,4,3
HH006452,HNW,0.0,holdout,,,,,
HH006453,HNW,0.0,holdout,,,,,
HH006454,HNW,0.0,desarrollo,1,4,0,0,3
HH006455,HNW,0.0,desarrollo,2,2,0,0,0
HH006456,HNW,0.0,desarrollo,2,0,2,3,4
HH006457,HNW,0.0,desarrollo,2,2,3,2,0
HH006458,HNW,0.0,holdout,,,,,
HH006459,HNW,0.0,desarrollo,4,3,3,3,2
HH006460,HNW,0.0,desarrollo,4,0,0,3,0
HH006461,HNW,0.0,desarrollo,0,1,3,2,2
HH006462,HNW,0.0,desarrollo,2,1,0,1,2
HH006463,HNW,0.0,holdout,,,,,
HH006464,HNW,0.0,desarrollo,0,2,2,4,4
HH006465,HNW,0.0,desarrollo,3,1,2,3,3
HH006466,HNW,0.0,desarrollo,3,2,2,4,0
HH006467,HNW,0.0,desarrollo,0,2,0,1,0
HH006468,HNW,0.0,desarrollo,2,3,0,0,0
HH006469,HNW,0.0,holdout,,,,,
HH006470,HNW,0.0,desarrollo,0,0,2,2,4
HH006471,HNW,0.0,desarrollo,2,3,0,4,0
HH006472,HNW,0.0,holdout,,,,,
HH006473,HNW,0.0,desarrollo,1,2,0,4,4
HH006474,HNW,0.0,desarrollo,1,0,3,1,4
HH006475,HNW,0.0,desarrollo,1,3,2,1,0
HH006476,HNW,0.0,holdout,,,,,
HH006477,HNW,0.0,desarrollo,4,2,4,3,1
HH006478,UHNW,0.0,desarrollo,3,4,0,0,1
HH006479,HNW,0.0,desarrollo,4,1,1,0,2
HH006480,HNW,0.0,desarrollo,0,0,3,1,3
HH006481,HNW,0.0,desarrollo,0,0,0,3,4
HH006482,HNW,0.0,holdout,,,,,
HH006483,HNW,0.0,desarrollo,4,4,1,3,2
HH006484,HNW,0.0,holdout,,,,,
HH006485,HNW,0.0,desarrollo,2,2,3,3,3
HH006486,HNW,0.0,holdout,,,,,
HH006487,HNW,0.0,desarrollo,3,3,0,2,4
HH006488,HNW,0.0,desarrollo,2,1,2,4,2
HH006489,HNW,1.0,desarrollo,1,3,4,1,4
HH006490,UHNW,0.0,desarrollo,0,0,0,0,0
HH006491,HNW,0.0,desarrollo,4,0,2,2,4
HH006492,HNW,0.0,desarrollo,2,4,4,1,2
HH006493,HNW,0.0,desarrollo,3,1,4,1,4
HH006494,UHNW,0.0,desarrollo,1,1,2,1,0
HH006495,HNW,0.0,desarrollo,4,0,4,0,3
HH006496,UHNW,0.0,holdout,,,,,
HH006497,HNW,0.0,desarrollo,3,1,3,4,2
HH006498,HNW,0.0,desarrollo,1,2,3,0,4
HH006499,HNW,0.0,desarrollo,2,1,2,4,4
HH006500,HNW,0.0,desarrollo,3,3,1,4,1
HH006501,HNW,0.0,desarrollo,0,2,0,3,2
HH006502,HNW,0.0,holdout,,,,,
HH006503,HNW,0.0,desarrollo,1,2,1,3,1
HH006504,HNW,0.0,desarrollo,4,3,1,2,1
HH006505,HNW,0.0,holdout,,,,,
HH006506,HNW,0.0,desarrollo,1,2,3,2,4
HH006507,HNW,0.0,desarrollo,0,3,0,4,2
HH006508,HNW,0.0,holdout,,,,,
HH006509,HNW,0.0,holdout,,,,,
HH006510,HNW,0.0,desarrollo,3,2,0,0,3
HH006511,HNW,0.0,desarrollo,1,3,4,2,2
HH006512,HNW,0.0,desarrollo,4,1,3,3,4
HH006513,HNW,0.0,desarrollo,1,2,0,4,3
HH006514,HNW,1.0,holdout,,,,,
HH006515,HNW,0.0,holdout,,,,,
HH006516,HNW,0.0,desarrollo,4,1,3,0,0
HH006517,HNW,0.0,holdout,,,,,
HH006518,HNW,0.0,desarrollo,4,0,2,4,1
HH006519,HNW,0.0,holdout,,,,,
HH006520,HNW,0.0,holdout,,,,,
HH006521,HNW,0.0,desarrollo,0,2,2,1,2
HH006522,HNW,0.0,holdout,,,,,
HH006523,HNW,0.0,desarrollo,2,1,3,2,2
HH006524,HNW,0.0,holdout,,,,,
HH006525,HNW,0.0,desarrollo,1,3,3,4,4
HH006526,HNW,0.0,desarrollo,2,4,3,2,0
HH006527,HNW,0.0,desarrollo,2,3,2,1,3
HH006528,HNW,0.0,desarrollo,1,1,2,1,2
HH006529,HNW,0.0,desarrollo,2,4,3,3,2
HH006530,HNW,0.0,desarrollo,1,1,4,4,2
HH006531,HNW,0.0,desarrollo,3,1,4,3,1
HH006532,UHNW,0.0,desarrollo,4,0,0,3,0
HH006533,HNW,0.0,desarrollo,4,2,3,3,3
HH006534,HNW,0.0,desarrollo,4,4,1,4,2
HH006535,HNW,0.0,desarrollo,1,0,3,1,2
HH006536,HNW,0.0,desarrollo,0,4,0,4,3
HH006537,HNW,0.0,desarrollo,4,3,1,2,0
HH006538,HNW,0.0,holdout,,,,,
HH006539,HNW,0.0,desarrollo,4,1,4,1,3
HH006540,HNW,0.0,holdout,,,,,
HH006541,HNW,0.0,desarrollo,1,2,3,1,0
HH006542,HNW,0.0,holdout,,,,,
HH006543,HNW,0.0,holdout,,,,,
HH006544,HNW,1.0,desarrollo,2,2,4,2,2
HH006545,HNW,0.0,desarrollo,2,4,3,4,1
HH006546,HNW,0.0,holdout,,,,,
HH006547,HNW,0.0,holdout,,,,,
HH006548,HNW,0.0,desarrollo,1,1,2,3,3
HH006549,HNW,0.0,holdout,,,,,
HH006550,HNW,0.0,holdout,,,,,
HH006551,HNW,0.0,holdout,,,,,
HH006552,HNW,,excluido,,,,,
HH006553,HNW,0.0,desarrollo,3,4,1,0,2
HH006554,HNW,0.0,desarrollo,3,3,0,4,2
HH006555,HNW,0.0,desarrollo,1,2,2,3,2
HH006556,HNW,0.0,holdout,,,,,
HH006557,HNW,0.0,holdout,,,,,
HH006558,HNW,0.0,desarrollo,2,0,1,3,0
HH006559,HNW,0.0,holdout,,,,,
HH006560,HNW,1.0,holdout,,,,,
HH006561,HNW,0.0,desarrollo,4,4,1,3,0
HH006562,HNW,0.0,holdout,,,,,
HH006563,HNW,0.0,desarrollo,2,4,4,0,1
HH006564,HNW,0.0,desarrollo,1,3,2,3,2
HH006565,UHNW,0.0,holdout,,,,,
HH006566,HNW,0.0,desarrollo,4,1,4,3,1
HH006567,HNW,0.0,holdout,,,,,
HH006568,HNW,0.0,desarrollo,2,0,0,1,4
HH006569,HNW,0.0,desarrollo,0,0,0,4,1
HH006570,HNW,0.0,desarrollo,2,0,0,3,2
HH006571,HNW,0.0,holdout,,,,,
HH006572,HNW,0.0,desarrollo,1,1,4,0,0
HH006573,HNW,0.0,desarrollo,3,1,2,4,3
HH006574,HNW,0.0,desarrollo,2,0,2,3,3
HH006575,HNW,0.0,desarrollo,3,1,1,4,4
HH006576,HNW,1.0,desarrollo,1,2,0,0,0
HH006577,HNW,,excluido,,,,,
HH006578,HNW,1.0,desarrollo,4,3,2,3,2
HH006579,HNW,0.0,holdout,,,,,
HH006580,HNW,0.0,desarrollo,1,1,0,1,2
HH006581,HNW,0.0,holdout,,,,,
HH006582,HNW,0.0,desarrollo,4,2,2,1,1
HH006583,HNW,0.0,holdout,,,,,
HH006584,HNW,0.0,desarrollo,2,4,3,2,1
HH006585,HNW,0.0,desarrollo,0,2,2,0,4
HH006586,HNW,0.0,desarrollo,4,1,0,2,2
HH006587,HNW,0.0,desarrollo,2,3,1,4,0
HH006588,HNW,1.0,desarrollo,2,1,3,0,3
HH006589,HNW,0.0,desarrollo,4,4,0,1,0
HH006590,HNW,0.0,desarrollo,1,1,4,1,0
HH006591,HNW,0.0,desarrollo,4,1,3,4,0
HH006592,UHNW,0.0,desarrollo,0,3,4,1,4
HH006593,HNW,0.0,holdout,,,,,
HH006594,HNW,0.0,desarrollo,3,1,4,0,2
HH006595,HNW,0.0,desarrollo,3,4,4,2,1
HH006596,HNW,0.0,desarrollo,0,1,4,1,0
HH006597,HNW,0.0,desarrollo,3,3,4,2,2
HH006598,HNW,0.0,holdout,,,,,
HH006599,HNW,0.0,desarrollo,2,0,2,2,3
HH006600,UHNW,,excluido,,,,,
HH006601,HNW,0.0,desarrollo,2,4,3,4,3
HH006602,HNW,0.0,desarrollo,2,1,4,0,0
HH006603,HNW,1.0,desarrollo,3,3,2,2,2
HH006604,HNW,0.0,holdout,,,,,
HH006605,UHNW,0.0,desarrollo,2,4,3,4,2
HH006606,HNW,0.0,desarrollo,0,3,2,0,4
HH006607,HNW,0.0,desarrollo,1,0,1,2,1
HH006608,HNW,0.0,desarrollo,2,0,1,2,1
HH006609,HNW,0.0,desarrollo,2,4,4,0,1
HH006610,HNW,0.0,holdout,,,,,
HH006611,HNW,0.0,desarrollo,1,0,1,3,2
HH006612,HNW,0.0,desarrollo,0,1,3,1,2
HH006613,HNW,0.0,desarrollo,0,1,3,2,1
HH006614,HNW,0.0,desarrollo,2,3,3,0,3
HH006615,HNW,0.0,desarrollo,0,4,2,1,3
HH006616,HNW,0.0,desarrollo,2,0,1,3,1
HH006617,HNW,0.0,desarrollo,1,4,3,4,2
HH006618,HNW,0.0,desarrollo,0,0,1,2,3
HH006619,HNW,0.0,desarrollo,1,1,2,2,0
HH006620,HNW,0.0,holdout,,,,,
HH006621,HNW,0.0,desarrollo,4,2,0,1,2
HH006622,UHNW,0.0,holdout,,,,,
HH006623,HNW,0.0,desarrollo,3,3,4,3,2
HH006624,HNW,0.0,holdout,,,,,
HH006625,HNW,0.0,desarrollo,0,2,3,2,1
HH006626,HNW,,excluido,,,,,
HH006627,HNW,0.0,desarrollo,3,4,4,1,4
HH006628,HNW,0.0,desarrollo,3,1,4,4,1
HH006629,HNW,0.0,desarrollo,0,4,3,1,2
HH006630,HNW,0.0,desarrollo,1,3,0,3,3
HH006631,HNW,0.0,desarrollo,0,0,4,4,3
HH006632,HNW,0.0,desarrollo,3,4,1,3,4
HH006633,HNW,0.0,desarrollo,4,4,1,0,1
HH006634,HNW,0.0,desarrollo,3,2,1,0,1
HH006635,HNW,0.0,holdout,,,,,
HH006636,HNW,0.0,desarrollo,0,0,0,4,0
HH006637,HNW,1.0,desarrollo,1,0,1,4,0
HH006638,HNW,0.0,desarrollo,4,1,4,2,1
HH006639,HNW,0.0,desarrollo,3,0,2,2,1
HH006640,HNW,0.0,desarrollo,1,3,2,4,4
HH006641,HNW,0.0,desarrollo,0,1,1,3,0
HH006642,HNW,0.0,desarrollo,3,4,4,4,2
HH006643,HNW,0.0,desarrollo,1,2,0,0,1
HH006644,HNW,0.0,desarrollo,0,1,0,4,2
HH006645,HNW,0.0,desarrollo,2,1,4,2,3
HH006646,HNW,0.0,desarrollo,3,0,1,2,4
HH006647,HNW,0.0,holdout,,,,,
HH006648,HNW,0.0,holdout,,,,,
HH006649,HNW,0.0,desarrollo,4,0,4,0,4
HH006650,HNW,0.0,desarrollo,0,0,2,3,0
HH006651,HNW,0.0,holdout,,,,,
HH006652,HNW,0.0,desarrollo,3,1,0,1,4
HH006653,HNW,0.0,desarrollo,3,0,4,4,3
HH006654,HNW,0.0,desarrollo,3,2,2,4,4
HH006655,HNW,0.0,desarrollo,0,4,0,3,1
HH006656,HNW,0.0,desarrollo,4,3,3,0,2
HH006657,HNW,0.0,holdout,,,,,
HH006658,HNW,0.0,desarrollo,1,2,4,3,4
HH006659,HNW,0.0,holdout,,,,,
HH006660,HNW,0.0,holdout,,,,,
HH006661,HNW,0.0,desarrollo,2,3,2,1,1
HH006662,HNW,0.0,holdout,,,,,
HH006663,HNW,0.0,desarrollo,4,0,0,2,0
HH006664,HNW,0.0,desarrollo,2,4,1,0,4
HH006665,HNW,0.0,desarrollo,4,1,2,2,4
HH006666,HNW,0.0,desarrollo,4,0,0,0,4
HH006667,HNW,0.0,desarrollo,3,1,2,2,0
HH006668,HNW,0.0,holdout,,,,,
HH006669,HNW,0.0,desarrollo,2,3,2,3,1
HH006670,HNW,0.0,holdout,,,,,
HH006671,HNW,0.0,desarrollo,1,0,4,1,0
HH006672,HNW,0.0,holdout,,,,,
HH006673,HNW,0.0,holdout,,,,,
HH006674,HNW,0.0,desarrollo,1,3,2,2,2
HH006675,HNW,0.0,desarrollo,4,3,0,2,4
HH006676,HNW,0.0,holdout,,,,,
HH006677,HNW,0.0,desarrollo,1,3,0,3,1
HH006678,UHNW,0.0,desarrollo,2,0,1,3,1
HH006679,HNW,0.0,holdout,,,,,
HH006680,UHNW,0.0,desarrollo,3,4,2,1,2
HH006681,HNW,0.0,desarrollo,3,4,1,3,3
HH006682,HNW,0.0,desarrollo,1,0,2,4,1
HH006683,HNW,0.0,desarrollo,2,2,4,0,4
HH006684,HNW,0.0,holdout,,,,,
HH006685,HNW,0.0,desarrollo,3,0,2,1,4
HH006686,HNW,1.0,desarrollo,3,1,0,2,4
HH006687,HNW,0.0,desarrollo,4,2,0,4,0
HH006688,HNW,0.0,holdout,,,,,
HH006689,HNW,0.0,desarrollo,0,0,1,0,2
HH006690,HNW,0.0,holdout,,,,,
HH006691,HNW,0.0,holdout,,,,,
HH006692,HNW,1.0,holdout,,,,,
HH006693,HNW,1.0,desarrollo,4,1,0,3,4
HH006694,HNW,0.0,desarrollo,4,0,3,0,1
HH006695,HNW,0.0,desarrollo,1,4,1,0,2
HH006696,HNW,0.0,desarrollo,0,0,1,1,2
HH006697,HNW,0.0,holdout,,,,,
HH006698,UHNW,0.0,holdout,,,,,
HH006699,HNW,0.0,desarrollo,0,4,0,1,2
HH006700,HNW,0.0,desarrollo,4,0,1,0,1
HH006701,HNW,0.0,desarrollo,3,4,4,3,3
HH006702,HNW,0.0,desarrollo,2,4,0,1,1
HH006703,HNW,0.0,desarrollo,1,1,1,2,4
HH006704,UHNW,0.0,holdout,,,,,
HH006705,HNW,0.0,desarrollo,1,2,3,1,4
HH006706,HNW,0.0,desarrollo,3,2,1,0,0
HH006707,HNW,0.0,desarrollo,2,4,4,1,2
HH006708,HNW,0.0,desarrollo,2,2,2,4,4
HH006709,HNW,0.0,desarrollo,2,3,3,1,2
HH006710,HNW,0.0,desarrollo,0,4,2,4,0
HH006711,HNW,1.0,desarrollo,0,3,3,3,3
HH006712,HNW,0.0,desarrollo,1,3,2,1,3
HH006713,HNW,0.0,desarrollo,3,2,4,2,0
HH006714,HNW,0.0,holdout,,,,,
HH006715,UHNW,0.0,desarrollo,1,4,3,1,1
HH006716,HNW,0.0,holdout,,,,,
HH006717,HNW,0.0,desarrollo,0,0,0,0,0
HH006718,HNW,0.0,desarrollo,4,0,2,2,4
HH006719,HNW,0.0,holdout,,,,,
HH006720,HNW,0.0,desarrollo,1,2,3,2,0
HH006721,HNW,0.0,desarrollo,2,4,2,2,3
HH006722,HNW,0.0,desarrollo,0,0,2,2,2
HH006723,HNW,0.0,desarrollo,4,4,1,3,1
HH006724,HNW,1.0,desarrollo,2,4,3,4,2
HH006725,HNW,0.0,holdout,,,,,
HH006726,HNW,0.0,desarrollo,2,4,2,1,4
HH006727,HNW,0.0,desarrollo,2,4,4,4,3
HH006728,HNW,0.0,desarrollo,4,0,3,2,4
HH006729,HNW,0.0,desarrollo,3,3,1,2,0
HH006730,HNW,0.0,holdout,,,,,
HH006731,HNW,0.0,desarrollo,1,0,3,4,4
HH006732,HNW,0.0,holdout,,,,,
HH006733,HNW,0.0,desarrollo,0,3,1,1,1
HH006734,HNW,0.0,desarrollo,4,3,1,4,1
HH006735,HNW,0.0,holdout,,,,,
HH006736,HNW,1.0,desarrollo,0,1,4,2,4
HH006737,HNW,0.0,desarrollo,2,2,4,4,0
HH006738,HNW,0.0,holdout,,,,,
HH006739,HNW,0.0,holdout,,,,,
HH006740,HNW,0.0,desarrollo,1,0,0,2,2
HH006741,HNW,0.0,holdout,,,,,
HH006742,HNW,0.0,desarrollo,4,0,3,3,0
HH006743,HNW,0.0,holdout,,,,,
HH006744,UHNW,0.0,desarrollo,0,0,2,4,0
HH006745,HNW,0.0,desarrollo,0,4,4,3,4
HH006746,HNW,0.0,desarrollo,0,0,2,2,2
HH006747,HNW,0.0,desarrollo,1,0,2,0,2
HH006748,UHNW,0.0,desarrollo,2,2,0,4,3
HH006749,HNW,0.0,desarrollo,1,3,4,3,1
HH006750,HNW,0.0,desarrollo,3,3,3,1,3
HH006751,HNW,0.0,desarrollo,3,2,0,4,3
HH006752,HNW,0.0,desarrollo,0,4,0,0,2
HH006753,HNW,1.0,desarrollo,1,1,0,4,2
HH006754,HNW,0.0,holdout,,,,,
HH006755,HNW,0.0,desarrollo,3,0,3,1,2
HH006756,UHNW,0.0,desarrollo,3,0,4,1,3
HH006757,HNW,0.0,desarrollo,3,1,2,4,1
HH006758,HNW,0.0,holdout,,,,,
HH006759,HNW,0.0,desarrollo,0,0,0,2,4
HH006760,HNW,0.0,desarrollo,2,4,3,0,4
HH006761,HNW,0.0,desarrollo,1,2,2,0,2
HH006762,HNW,0.0,desarrollo,1,1,0,2,4
HH006763,HNW,0.0,desarrollo,3,2,1,2,4
HH006764,HNW,0.0,desarrollo,0,4,3,1,0
HH006765,HNW,0.0,desarrollo,0,1,0,2,4
HH006766,HNW,0.0,desarrollo,0,2,4,3,4
HH006767,HNW,0.0,desarrollo,1,4,4,4,4
HH006768,HNW,0.0,desarrollo,3,4,2,1,0
HH006769,HNW,0.0,holdout,,,,,
HH006770,HNW,0.0,desarrollo,3,1,4,4,1
HH006771,HNW,0.0,desarrollo,0,3,2,0,4
HH006772,HNW,0.0,holdout,,,,,
HH006773,HNW,0.0,desarrollo,2,4,2,1,3
HH006774,HNW,0.0,holdout,,,,,
HH006775,HNW,0.0,desarrollo,0,0,4,3,1
HH006776,HNW,0.0,desarrollo,3,2,4,1,1
HH006777,HNW,0.0,desarrollo,2,1,1,0,4
HH006778,HNW,0.0,desarrollo,4,0,0,4,1
HH006779,HNW,0.0,desarrollo,3,3,2,1,1
HH006780,HNW,0.0,holdout,,,,,
HH006781,HNW,0.0,desarrollo,2,0,1,1,1
HH006782,HNW,0.0,holdout,,,,,
HH006783,HNW,0.0,desarrollo,1,2,2,2,2
HH006784,HNW,0.0,holdout,,,,,
HH006785,HNW,0.0,holdout,,,,,
HH006786,HNW,0.0,desarrollo,1,4,1,1,3
HH006787,HNW,0.0,holdout,,,,,
HH006788,HNW,0.0,desarrollo,3,2,1,3,3
HH006789,HNW,0.0,desarrollo,0,3,3,0,1
HH006790,HNW,0.0,desarrollo,1,0,3,3,2
HH006791,HNW,0.0,holdout,,,,,
HH006792,HNW,0.0,desarrollo,3,2,3,4,1
HH006793,HNW,0.0,holdout,,,,,
HH006794,HNW,1.0,desarrollo,3,2,3,4,3
HH006795,HNW,0.0,desarrollo,0,3,1,2,1
HH006796,HNW,0.0,desarrollo,2,3,4,0,0
HH006797,HNW,0.0,desarrollo,4,4,4,0,0
HH006798,HNW,0.0,desarrollo,2,3,0,4,0
HH006799,HNW,0.0,desarrollo,0,1,3,4,0
HH006800,HNW,0.0,holdout,,,,,
HH006801,HNW,0.0,desarrollo,1,3,1,4,3
HH006802,HNW,0.0,desarrollo,1,0,0,1,3
HH006803,HNW,0.0,desarrollo,4,2,1,0,3
HH006804,HNW,0.0,holdout,,,,,
HH006805,HNW,0.0,desarrollo,1,3,0,1,0
HH006806,HNW,0.0,desarrollo,2,2,4,4,0
HH006807,HNW,0.0,desarrollo,2,1,2,4,2
HH006808,HNW,0.0,desarrollo,1,1,4,2,3
HH006809,HNW,0.0,holdout,,,,,
HH006810,HNW,0.0,desarrollo,0,0,0,1,1
HH006811,HNW,0.0,desarrollo,0,1,1,0,2
HH006812,HNW,0.0,desarrollo,0,3,4,0,3
HH006813,HNW,0.0,desarrollo,3,2,3,2,3
HH006814,HNW,0.0,desarrollo,1,1,1,3,4
HH006815,HNW,0.0,desarrollo,0,1,1,3,4
HH006816,HNW,0.0,holdout,,,,,
HH006817,HNW,0.0,desarrollo,2,3,2,3,2
HH006818,HNW,0.0,desarrollo,1,4,2,3,4
HH006819,HNW,0.0,desarrollo,4,2,4,3,2
HH006820,HNW,0.0,desarrollo,2,2,0,4,2
HH006821,UHNW,0.0,desarrollo,2,1,0,4,3
HH006822,HNW,0.0,desarrollo,0,0,2,4,1
HH006823,HNW,0.0,desarrollo,3,0,4,4,4
HH006824,HNW,0.0,holdout,,,,,
HH006825,HNW,0.0,desarrollo,2,2,3,1,2
HH006826,HNW,0.0,holdout,,,,,
HH006827,HNW,0.0,desarrollo,0,1,1,0,3
HH006828,HNW,0.0,desarrollo,4,4,3,0,4
HH006829,HNW,0.0,holdout,,,,,
HH006830,HNW,0.0,desarrollo,2,1,2,1,3
HH006831,HNW,0.0,holdout,,,,,
HH006832,HNW,0.0,holdout,,,,,
HH006833,HNW,0.0,desarrollo,2,2,3,1,0
HH006834,HNW,0.0,holdout,,,,,
HH006835,HNW,0.0,desarrollo,3,4,2,4,4
HH006836,HNW,0.0,holdout,,,,,
HH006837,HNW,0.0,holdout,,,,,
HH006838,HNW,0.0,holdout,,,,,
HH006839,HNW,0.0,desarrollo,1,1,1,0,1
HH006840,HNW,0.0,holdout,,,,,
HH006841,HNW,0.0,holdout,,,,,
HH006842,HNW,0.0,desarrollo,2,2,2,3,2
HH006843,HNW,0.0,desarrollo,0,1,2,0,2
HH006844,HNW,0.0,holdout,,,,,
HH006845,HNW,0.0,holdout,,,,,
HH006846,HNW,1.0,desarrollo,3,4,4,1,2
HH006847,HNW,0.0,holdout,,,,,
HH006848,HNW,0.0,holdout,,,,,
HH006849,HNW,0.0,desarrollo,1,2,1,4,2
HH006850,HNW,0.0,desarrollo,1,1,4,3,0
HH006851,HNW,0.0,holdout,,,,,
HH006852,HNW,0.0,desarrollo,0,1,1,1,2
HH006853,HNW,0.0,desarrollo,3,1,2,4,1
HH006854,HNW,0.0,holdout,,,,,
HH006855,HNW,0.0,holdout,,,,,
HH006856,HNW,0.0,desarrollo,2,0,0,2,3
HH006857,HNW,0.0,desarrollo,2,3,2,3,2
HH006858,HNW,1.0,holdout,,,,,
HH006859,HNW,0.0,holdout,,,,,
HH006860,HNW,0.0,desarrollo,0,3,3,0,1
HH006861,UHNW,0.0,holdout,,,,,
HH006862,HNW,0.0,desarrollo,2,0,0,2,2
HH006863,HNW,0.0,desarrollo,2,4,1,4,1
HH006864,HNW,0.0,holdout,,,,,
HH006865,HNW,0.0,desarrollo,1,4,4,2,0
HH006866,HNW,0.0,holdout,,,,,
HH006867,HNW,0.0,desarrollo,0,2,3,4,1
HH006868,HNW,0.0,desarrollo,0,4,0,2,1
HH006869,HNW,0.0,holdout,,,,,
HH006870,HNW,0.0,desarrollo,1,1,4,3,1
HH006871,HNW,0.0,desarrollo,4,1,3,4,4
HH006872,HNW,0.0,desarrollo,0,3,1,4,4
HH006873,HNW,0.0,desarrollo,2,1,0,0,0
HH006874,HNW,0.0,desarrollo,4,1,4,0,3
HH006875,HNW,0.0,desarrollo,0,2,0,4,0
HH006876,HNW,0.0,desarrollo,1,0,2,4,0
HH006877,HNW,0.0,desarrollo,2,3,4,4,3
HH006878,HNW,0.0,desarrollo,4,2,1,0,4
HH006879,HNW,0.0,holdout,,,,,
HH006880,HNW,0.0,holdout,,,,,
HH006881,HNW,0.0,desarrollo,3,0,0,1,3
HH006882,HNW,0.0,desarrollo,4,2,1,0,2
HH006883,HNW,0.0,holdout,,,,,
HH006884,HNW,0.0,desarrollo,1,4,0,1,0
HH006885,HNW,0.0,desarrollo,4,2,2,1,2
HH006886,HNW,0.0,desarrollo,0,4,3,3,2
HH006887,HNW,0.0,desarrollo,3,2,1,1,0
HH006888,HNW,0.0,desarrollo,3,2,2,4,3
HH006889,HNW,1.0,holdout,,,,,
HH006890,HNW,0.0,desarrollo,3,0,1,1,4
HH006891,HNW,0.0,holdout,,,,,
HH006892,HNW,0.0,holdout,,,,,
HH006893,HNW,0.0,holdout,,,,,
HH006894,HNW,1.0,desarrollo,3,1,2,1,2
HH006895,HNW,0.0,desarrollo,4,2,1,4,0
HH006896,HNW,0.0,holdout,,,,,
HH006897,HNW,0.0,desarrollo,3,4,3,3,2
HH006898,HNW,0.0,desarrollo,3,1,1,2,2
HH006899,HNW,1.0,desarrollo,2,2,2,1,3
HH006900,HNW,0.0,desarrollo,2,0,0,3,1
HH006901,HNW,0.0,holdout,,,,,
HH006902,HNW,0.0,desarrollo,1,0,4,0,4
HH006903,HNW,0.0,holdout,,,,,
HH006904,HNW,0.0,desarrollo,0,3,1,0,4
HH006905,HNW,0.0,desarrollo,0,1,0,1,3
HH006906,HNW,0.0,holdout,,,,,
HH006907,HNW,0.0,desarrollo,1,2,0,1,0
HH006908,HNW,0.0,desarrollo,4,3,0,3,0
HH006909,HNW,0.0,desarrollo,2,0,1,1,2
HH006910,HNW,0.0,desarrollo,2,3,1,3,0
HH006911,HNW,0.0,desarrollo,4,3,3,0,1
HH006912,HNW,0.0,desarrollo,0,2,3,1,2
HH006913,HNW,0.0,desarrollo,3,0,4,4,0
HH006914,HNW,0.0,desarrollo,4,2,2,1,0
HH006915,HNW,0.0,holdout,,,,,
HH006916,HNW,0.0,desarrollo,1,4,1,2,2
HH006917,HNW,0.0,desarrollo,2,3,2,4,3
HH006918,HNW,0.0,desarrollo,2,2,2,2,0
HH006919,HNW,0.0,holdout,,,,,
HH006920,HNW,0.0,holdout,,,,,
HH006921,HNW,0.0,desarrollo,2,2,2,1,4
HH006922,HNW,0.0,desarrollo,1,2,3,0,3
HH006923,HNW,0.0,desarrollo,3,3,1,4,1
HH006924,HNW,0.0,desarrollo,2,4,2,2,2
HH006925,HNW,0.0,holdout,,,,,
HH006926,HNW,0.0,holdout,,,,,
HH006927,HNW,0.0,desarrollo,2,1,0,4,3
HH006928,HNW,0.0,holdout,,,,,
HH006929,HNW,0.0,desarrollo,3,1,3,3,2
HH006930,HNW,0.0,desarrollo,2,3,0,1,4
HH006931,HNW,0.0,desarrollo,2,0,2,3,4
HH006932,HNW,0.0,desarrollo,3,4,0,3,1
HH006933,HNW,0.0,desarrollo,0,2,4,3,2
HH006934,HNW,0.0,desarrollo,1,1,4,1,1
HH006935,HNW,1.0,desarrollo,0,3,2,3,2
HH006936,HNW,0.0,desarrollo,2,3,3,0,2
HH006937,HNW,0.0,holdout,,,,,
HH006938,HNW,0.0,desarrollo,1,1,4,2,0
HH006939,HNW,0.0,desarrollo,3,3,4,1,3
HH006940,HNW,0.0,desarrollo,4,3,4,1,0
HH006941,HNW,0.0,holdout,,,,,
HH006942,HNW,0.0,desarrollo,3,1,0,0,1
HH006943,HNW,0.0,desarrollo,2,1,2,1,1
HH006944,HNW,0.0,holdout,,,,,
HH006945,HNW,0.0,holdout,,,,,
HH006946,HNW,0.0,desarrollo,4,2,0,2,4
HH006947,HNW,0.0,holdout,,,,,
HH006948,HNW,0.0,desarrollo,3,3,4,1,4
HH006949,HNW,1.0,holdout,,,,,
HH006950,HNW,0.0,holdout,,,,,
HH006951,HNW,1.0,desarrollo,3,3,3,3,4
HH006952,HNW,0.0,desarrollo,4,2,3,2,2
HH006953,HNW,0.0,desarrollo,3,1,2,0,1
HH006954,UHNW,0.0,desarrollo,3,3,3,3,0
HH006955,HNW,0.0,desarrollo,2,2,3,4,1
HH006956,HNW,0.0,desarrollo,4,1,3,3,4
HH006957,HNW,0.0,desarrollo,1,0,2,2,2
HH006958,UHNW,0.0,desarrollo,1,2,1,4,2
HH006959,HNW,0.0,holdout,,,,,
HH006960,HNW,0.0,desarrollo,4,4,1,3,1
HH006961,HNW,0.0,desarrollo,0,1,1,4,0
HH006962,HNW,0.0,desarrollo,4,0,3,1,4
HH006963,HNW,0.0,holdout,,,,,
HH006964,HNW,0.0,holdout,,,,,
HH006965,HNW,0.0,desarrollo,3,0,2,3,4
HH006966,HNW,0.0,desarrollo,3,1,0,2,4
HH006967,HNW,0.0,desarrollo,4,1,0,3,3
HH006968,HNW,0.0,desarrollo,0,0,2,1,2
HH006969,HNW,0.0,holdout,,,,,
HH006970,HNW,0.0,desarrollo,4,4,3,4,0
HH006971,HNW,0.0,desarrollo,4,4,2,1,3
HH006972,HNW,0.0,holdout,,,,,
HH006973,HNW,0.0,holdout,,,,,
HH006974,HNW,0.0,desarrollo,4,1,2,3,4
HH006975,HNW,0.0,desarrollo,4,3,0,1,3
HH006976,HNW,0.0,desarrollo,4,0,0,4,3
HH006977,HNW,0.0,holdout,,,,,
HH006978,UHNW,0.0,desarrollo,1,4,4,4,0
HH006979,HNW,0.0,desarrollo,3,2,0,0,4
HH006980,HNW,0.0,desarrollo,2,0,3,1,4
HH006981,HNW,0.0,holdout,,,,,
HH006982,HNW,0.0,holdout,,,,,
HH006983,HNW,0.0,desarrollo,4,4,1,0,3
HH006984,HNW,0.0,desarrollo,4,0,1,2,0
HH006985,HNW,0.0,desarrollo,3,0,1,0,1
HH006986,HNW,0.0,desarrollo,4,4,0,4,1
HH006987,UHNW,0.0,desarrollo,3,3,3,0,4
HH006988,HNW,0.0,desarrollo,0,1,1,0,2
HH006989,HNW,0.0,desarrollo,0,0,3,1,3
HH006990,HNW,0.0,desarrollo,2,3,3,0,0
HH006991,HNW,0.0,desarrollo,3,3,4,1,1
HH006992,HNW,0.0,desarrollo,3,0,0,3,4
HH006993,HNW,0.0,desarrollo,2,0,4,3,4
HH006994,HNW,0.0,holdout,,,,,
HH006995,HNW,0.0,holdout,,,,,
HH006996,HNW,0.0,desarrollo,0,1,0,0,2
HH006997,HNW,0.0,desarrollo,2,0,0,3,0
HH006998,HNW,0.0,desarrollo,4,0,1,2,4
HH006999,HNW,0.0,desarrollo,1,0,4,4,4
HH007000,HNW,0.0,desarrollo,0,3,4,3,3
HH007001,HNW,0.0,holdout,,,,,
HH007002,HNW,0.0,desarrollo,0,2,4,1,2
HH007003,HNW,1.0,desarrollo,1,4,2,0,1
HH007004,HNW,0.0,desarrollo,2,1,1,3,2
HH007005,HNW,0.0,desarrollo,2,4,0,1,0
HH007006,HNW,1.0,desarrollo,2,1,3,1,2
HH007007,HNW,0.0,desarrollo,1,3,3,1,2
HH007008,HNW,0.0,desarrollo,0,1,3,1,0
HH007009,HNW,0.0,desarrollo,1,0,4,0,0
HH007010,HNW,0.0,desarrollo,4,2,1,3,4
HH007011,HNW,0.0,holdout,,,,,
HH007012,UHNW,0.0,desarrollo,1,3,1,4,0
HH007013,HNW,0.0,desarrollo,2,2,0,2,3
HH007014,HNW,0.0,desarrollo,1,4,3,2,4
HH007015,HNW,0.0,desarrollo,3,0,3,0,1
HH007016,HNW,0.0,desarrollo,0,0,2,3,3
HH007017,HNW,0.0,desarrollo,4,1,1,0,3
HH007018,HNW,0.0,holdout,,,,,
HH007019,HNW,0.0,desarrollo,2,0,4,1,3
HH007020,HNW,0.0,desarrollo,2,4,4,2,4
HH007021,HNW,0.0,holdout,,,,,
HH007022,HNW,0.0,desarrollo,1,2,3,2,1
HH007023,HNW,0.0,desarrollo,4,4,2,1,1
HH007024,UHNW,0.0,desarrollo,1,2,2,0,0
HH007025,HNW,0.0,desarrollo,0,1,0,2,3
HH007026,HNW,0.0,desarrollo,3,0,2,1,3
HH007027,HNW,0.0,desarrollo,4,3,2,4,4
HH007028,HNW,0.0,desarrollo,3,4,3,3,4
HH007029,HNW,0.0,desarrollo,2,3,0,4,4
HH007030,HNW,1.0,desarrollo,1,2,1,2,2
HH007031,HNW,0.0,desarrollo,3,3,0,2,3
HH007032,HNW,0.0,desarrollo,2,3,2,0,1
HH007033,HNW,0.0,holdout,,,,,
HH007034,HNW,0.0,holdout,,,,,
HH007035,HNW,0.0,holdout,,,,,
HH007036,HNW,0.0,desarrollo,0,4,4,1,0
HH007037,HNW,0.0,desarrollo,3,3,0,0,1
HH007038,HNW,0.0,desarrollo,2,4,4,3,0
HH007039,HNW,0.0,desarrollo,2,4,2,2,2
HH007040,HNW,0.0,desarrollo,4,1,0,1,3
HH007041,UHNW,0.0,desarrollo,2,2,3,3,4
HH007042,HNW,0.0,desarrollo,3,1,4,3,1
HH007043,HNW,0.0,desarrollo,2,1,0,0,1
HH007044,HNW,0.0,desarrollo,0,2,2,2,1
HH007045,HNW,0.0,holdout,,,,,
HH007046,HNW,0.0,holdout,,,,,
HH007047,HNW,0.0,holdout,,,,,
HH007048,HNW,0.0,holdout,,,,,
HH007049,HNW,1.0,desarrollo,4,3,1,4,2
HH007050,HNW,0.0,desarrollo,3,4,4,1,1
HH007051,HNW,0.0,holdout,,,,,
HH007052,HNW,0.0,desarrollo,3,4,1,1,3
HH007053,HNW,0.0,desarrollo,3,3,0,1,1
HH007054,HNW,1.0,desarrollo,4,4,0,2,4
HH007055,HNW,1.0,desarrollo,4,3,4,2,1
HH007056,HNW,0.0,holdout,,,,,
HH007057,HNW,0.0,desarrollo,0,1,2,2,4
HH007058,HNW,0.0,holdout,,,,,
HH007059,HNW,0.0,holdout,,,,,
HH007060,HNW,0.0,desarrollo,3,0,0,4,1
HH007061,HNW,0.0,holdout,,,,,
HH007062,HNW,0.0,holdout,,,,,
HH007063,HNW,0.0,desarrollo,1,1,0,1,4
HH007064,HNW,0.0,desarrollo,4,3,1,3,0
HH007065,HNW,0.0,desarrollo,2,0,4,3,1
HH007066,HNW,0.0,holdout,,,,,
HH007067,HNW,0.0,desarrollo,1,3,4,0,2
HH007068,HNW,0.0,desarrollo,0,4,3,1,0
HH007069,HNW,0.0,desarrollo,1,1,3,3,2
HH007070,HNW,0.0,desarrollo,4,1,0,3,3
HH007071,HNW,0.0,holdout,,,,,
HH007072,HNW,0.0,desarrollo,0,2,2,3,1
HH007073,HNW,0.0,desarrollo,3,0,0,4,3
HH007074,HNW,0.0,holdout,,,,,
HH007075,HNW,1.0,holdout,,,,,
HH007076,HNW,0.0,desarrollo,1,2,4,0,0
HH007077,HNW,0.0,holdout,,,,,
HH007078,HNW,0.0,holdout,,,,,
HH007079,HNW,0.0,desarrollo,4,1,3,2,4
HH007080,HNW,0.0,desarrollo,4,4,2,3,0
HH007081,HNW,0.0,desarrollo,1,1,0,3,3
HH007082,HNW,0.0,holdout,,,,,
HH007083,HNW,0.0,holdout,,,,,
HH007084,HNW,0.0,desarrollo,3,2,2,3,4
HH007085,HNW,0.0,desarrollo,2,0,1,4,1
HH007086,HNW,0.0,holdout,,,,,
HH007087,HNW,0.0,desarrollo,0,4,2,2,0
HH007088,HNW,0.0,holdout,,,,,
HH007089,HNW,0.0,holdout,,,,,
HH007090,HNW,0.0,holdout,,,,,
HH007091,HNW,0.0,desarrollo,1,3,0,3,4
HH007092,HNW,0.0,desarrollo,0,3,4,4,3
HH007093,HNW,1.0,holdout,,,,,
HH007094,HNW,0.0,holdout,,,,,
HH007095,HNW,0.0,desarrollo,4,4,2,2,4
HH007096,HNW,0.0,holdout,,,,,
HH007097,HNW,0.0,desarrollo,2,1,2,2,0
HH007098,HNW,0.0,holdout,,,,,
HH007099,HNW,0.0,desarrollo,1,4,2,2,0
HH007100,HNW,0.0,desarrollo,1,2,3,4,3
HH007101,HNW,0.0,holdout,,,,,
HH007102,HNW,0.0,desarrollo,1,1,3,4,3
HH007103,UHNW,0.0,desarrollo,2,4,4,3,3
HH007104,HNW,0.0,desarrollo,4,1,3,0,4
HH007105,HNW,0.0,desarrollo,2,3,2,1,0
HH007106,HNW,0.0,holdout,,,,,
HH007107,HNW,0.0,holdout,,,,,
HH007108,HNW,0.0,holdout,,,,,
HH007109,UHNW,0.0,holdout,,,,,
HH007110,HNW,0.0,desarrollo,3,0,2,3,3
HH007111,UHNW,0.0,desarrollo,3,2,3,1,3
HH007112,HNW,0.0,desarrollo,1,2,3,3,1
HH007113,HNW,0.0,holdout,,,,,
HH007114,HNW,0.0,desarrollo,1,3,2,4,4
HH007115,HNW,1.0,holdout,,,,,
HH007116,HNW,0.0,desarrollo,0,3,1,2,0
HH007117,HNW,1.0,desarrollo,1,0,0,1,4
HH007118,HNW,0.0,desarrollo,2,0,0,2,3
HH007119,HNW,0.0,desarrollo,4,0,4,4,4
HH007120,HNW,0.0,desarrollo,1,3,1,3,2
HH007121,HNW,0.0,holdout,,,,,
HH007122,HNW,0.0,holdout,,,,,
HH007123,HNW,1.0,desarrollo,0,3,0,1,2
HH007124,HNW,0.0,holdout,,,,,
HH007125,HNW,0.0,holdout,,,,,
HH007126,HNW,0.0,desarrollo,1,0,0,3,4
HH007127,HNW,0.0,holdout,,,,,
HH007128,HNW,0.0,desarrollo,2,2,2,1,2
HH007129,HNW,0.0,desarrollo,0,1,3,4,0
HH007130,HNW,1.0,holdout,,,,,
HH007131,HNW,0.0,desarrollo,0,1,4,2,4
HH007132,HNW,0.0,holdout,,,,,
HH007133,HNW,0.0,holdout,,,,,
HH007134,UHNW,1.0,desarrollo,4,3,3,2,2
HH007135,HNW,0.0,desarrollo,4,0,1,3,2
HH007136,HNW,0.0,desarrollo,2,2,3,4,1
HH007137,HNW,0.0,desarrollo,2,2,2,2,3
HH007138,HNW,0.0,desarrollo,3,2,1,2,0
HH007139,HNW,0.0,holdout,,,,,
HH007140,HNW,0.0,desarrollo,0,2,3,1,0
HH007141,HNW,0.0,desarrollo,1,3,3,3,1
HH007142,UHNW,0.0,holdout,,,,,
HH007143,HNW,0.0,desarrollo,0,2,2,0,4
HH007144,UHNW,0.0,desarrollo,2,2,3,0,1
HH007145,HNW,0.0,holdout,,,,,
HH007146,HNW,0.0,holdout,,,,,
HH007147,HNW,0.0,desarrollo,1,4,2,0,3
HH007148,HNW,0.0,desarrollo,3,3,0,4,1
HH007149,HNW,0.0,holdout,,,,,
HH007150,HNW,0.0,holdout,,,,,
HH007151,HNW,0.0,desarrollo,0,3,0,2,0
HH007152,HNW,0.0,desarrollo,1,1,4,3,4
HH007153,HNW,0.0,desarrollo,4,3,3,3,0
HH007154,HNW,0.0,desarrollo,2,4,2,3,1
HH007155,HNW,0.0,desarrollo,3,2,0,4,0
HH007156,UHNW,0.0,desarrollo,1,1,0,4,0
HH007157,HNW,0.0,desarrollo,1,1,4,1,2
HH007158,HNW,0.0,desarrollo,0,2,1,0,2
HH007159,UHNW,0.0,desarrollo,3,4,3,1,0
HH007160,HNW,0.0,desarrollo,3,1,1,2,1
HH007161,HNW,0.0,desarrollo,1,4,0,4,0
HH007162,HNW,0.0,holdout,,,,,
HH007163,HNW,0.0,desarrollo,3,2,3,2,4
HH007164,HNW,0.0,desarrollo,2,4,2,2,3
HH007165,HNW,0.0,holdout,,,,,
HH007166,HNW,0.0,desarrollo,0,0,3,3,0
HH007167,HNW,0.0,desarrollo,2,3,2,4,0
HH007168,HNW,0.0,desarrollo,3,0,1,1,3
HH007169,HNW,0.0,desarrollo,4,3,0,3,0
HH007170,HNW,0.0,holdout,,,,,
HH007171,UHNW,0.0,holdout,,,,,
HH007172,HNW,0.0,holdout,,,,,
HH007173,HNW,0.0,desarrollo,3,2,1,0,1
HH007174,HNW,0.0,desarrollo,1,0,2,4,1
HH007175,HNW,0.0,holdout,,,,,
HH007176,HNW,0.0,desarrollo,3,3,2,3,3
HH007177,HNW,0.0,holdout,,,,,
HH007178,HNW,0.0,desarrollo,3,4,2,0,3
HH007179,HNW,0.0,holdout,,,,,
HH007180,UHNW,0.0,desarrollo,2,3,2,0,2
HH007181,HNW,0.0,desarrollo,2,4,0,4,4
HH007182,HNW,0.0,desarrollo,3,0,3,1,0
HH007183,HNW,0.0,desarrollo,0,4,1,0,1
HH007184,HNW,0.0,desarrollo,2,4,4,3,1
HH007185,HNW,0.0,desarrollo,0,1,3,4,4
HH007186,HNW,0.0,desarrollo,3,3,4,2,4
HH007187,HNW,0.0,desarrollo,3,2,4,1,2
HH007188,HNW,0.0,holdout,,,,,
HH007189,HNW,1.0,desarrollo,0,0,4,2,0
HH007190,HNW,0.0,holdout,,,,,
HH007191,HNW,0.0,holdout,,,,,
HH007192,HNW,0.0,desarrollo,0,1,2,2,1
HH007193,HNW,1.0,holdout,,,,,
HH007194,HNW,0.0,holdout,,,,,
HH007195,HNW,,excluido,,,,,
HH007196,HNW,0.0,desarrollo,0,2,4,1,3
HH007197,HNW,0.0,holdout,,,,,
HH007198,HNW,0.0,holdout,,,,,
HH007199,HNW,0.0,desarrollo,0,2,4,3,1
HH007200,HNW,1.0,desarrollo,1,3,4,4,4
HH007201,HNW,0.0,holdout,,,,,
HH007202,UHNW,0.0,desarrollo,1,1,1,1,3
HH007203,HNW,0.0,holdout,,,,,
HH007204,HNW,0.0,desarrollo,2,1,1,0,0
HH007205,UHNW,0.0,holdout,,,,,
HH007206,HNW,0.0,desarrollo,0,4,2,0,1
HH007207,HNW,0.0,desarrollo,2,0,0,0,2
HH007208,HNW,0.0,desarrollo,0,4,3,4,4
HH007209,HNW,0.0,desarrollo,1,3,0,3,1
HH007210,HNW,0.0,holdout,,,,,
HH007211,HNW,0.0,desarrollo,2,3,1,0,0
HH007212,HNW,0.0,holdout,,,,,
HH007213,HNW,0.0,holdout,,,,,
HH007214,HNW,0.0,desarrollo,2,2,2,2,3
HH007215,HNW,1.0,holdout,,,,,
HH007216,HNW,0.0,desarrollo,2,2,0,1,3
HH007217,HNW,0.0,holdout,,,,,
HH007218,HNW,0.0,desarrollo,0,2,1,1,1
HH007219,HNW,0.0,holdout,,,,,
HH007220,HNW,0.0,desarrollo,3,4,0,0,1
HH007221,HNW,0.0,desarrollo,0,3,3,0,4
HH007222,HNW,0.0,desarrollo,4,1,1,1,0
HH007223,UHNW,0.0,desarrollo,2,1,0,1,3
HH007224,HNW,0.0,desarrollo,4,3,2,1,0
HH007225,HNW,0.0,holdout,,,,,
HH007226,HNW,0.0,desarrollo,3,1,4,1,1
HH007227,HNW,0.0,desarrollo,2,4,0,2,3
HH007228,HNW,1.0,desarrollo,4,4,2,3,1
HH007229,HNW,0.0,desarrollo,2,0,4,3,3
HH007230,HNW,0.0,desarrollo,0,0,4,1,1
HH007231,UHNW,1.0,desarrollo,3,1,2,0,0
HH007232,HNW,0.0,desarrollo,0,2,4,1,0
HH007233,HNW,0.0,desarrollo,4,4,2,3,1
HH007234,HNW,0.0,desarrollo,0,3,4,1,2
HH007235,HNW,0.0,desarrollo,3,3,2,0,4
HH007236,HNW,0.0,desarrollo,4,3,2,4,4
HH007237,HNW,0.0,desarrollo,4,4,2,4,4
HH007238,HNW,0.0,desarrollo,4,3,3,1,2
HH007239,HNW,0.0,desarrollo,1,0,1,4,0
HH007240,HNW,1.0,desarrollo,2,3,3,3,3
HH007241,HNW,0.0,desarrollo,4,3,2,4,0
HH007242,HNW,0.0,desarrollo,1,2,2,0,3
HH007243,HNW,0.0,holdout,,,,,
HH007244,HNW,0.0,holdout,,,,,
HH007245,HNW,0.0,desarrollo,4,4,0,2,0
HH007246,HNW,0.0,desarrollo,4,2,2,2,4
HH007247,HNW,0.0,desarrollo,2,4,0,2,4
HH007248,HNW,0.0,holdout,,,,,
HH007249,HNW,0.0,desarrollo,3,0,0,4,0
HH007250,HNW,0.0,desarrollo,4,2,3,2,4
HH007251,HNW,0.0,holdout,,,,,
HH007252,UHNW,0.0,holdout,,,,,
HH007253,HNW,1.0,desarrollo,3,0,1,1,4
HH007254,HNW,0.0,desarrollo,0,4,2,2,0
HH007255,HNW,0.0,holdout,,,,,
HH007256,HNW,0.0,desarrollo,0,4,0,2,3
HH007257,HNW,0.0,desarrollo,2,2,4,3,3
HH007258,HNW,0.0,holdout,,,,,
HH007259,HNW,0.0,holdout,,,,,
HH007260,HNW,0.0,holdout,,,,,
HH007261,HNW,0.0,desarrollo,0,0,2,1,0
HH007262,HNW,0.0,desarrollo,4,0,0,2,4
HH007263,HNW,0.0,desarrollo,0,2,0,2,3
HH007264,HNW,0.0,desarrollo,0,1,3,4,4
HH007265,HNW,0.0,holdout,,,,,
HH007266,HNW,0.0,desarrollo,1,2,2,3,2
HH007267,HNW,0.0,desarrollo,1,2,3,3,3
HH007268,HNW,0.0,holdout,,,,,
HH007269,HNW,0.0,holdout,,,,,
HH007270,HNW,1.0,holdout,,,,,
HH007271,HNW,0.0,desarrollo,2,1,1,4,2
HH007272,HNW,0.0,desarrollo,0,3,2,0,2
HH007273,HNW,0.0,desarrollo,1,3,1,1,4
HH007274,HNW,0.0,desarrollo,1,0,2,4,2
HH007275,HNW,0.0,desarrollo,4,3,3,3,0
HH007276,HNW,0.0,holdout,,,,,
HH007277,HNW,0.0,desarrollo,0,3,2,2,2
HH007278,HNW,0.0,desarrollo,0,1,2,1,1
HH007279,HNW,0.0,desarrollo,0,1,4,0,0
HH007280,HNW,0.0,holdout,,,,,
HH007281,HNW,0.0,desarrollo,3,1,4,2,4
HH007282,HNW,0.0,holdout,,,,,
HH007283,HNW,0.0,desarrollo,0,2,4,2,0
HH007284,HNW,0.0,desarrollo,3,2,1,3,1
HH007285,HNW,0.0,desarrollo,4,4,2,3,4
HH007286,HNW,0.0,desarrollo,2,2,4,4,4
HH007287,HNW,0.0,desarrollo,4,1,1,2,3
HH007288,HNW,0.0,desarrollo,2,0,1,1,2
HH007289,HNW,0.0,holdout,,,,,
HH007290,HNW,0.0,desarrollo,0,2,0,2,4
HH007291,HNW,0.0,holdout,,,,,
HH007292,HNW,0.0,desarrollo,1,1,0,0,2
HH007293,HNW,0.0,desarrollo,2,4,2,0,1
HH007294,HNW,0.0,desarrollo,3,0,1,4,4
HH007295,HNW,,excluido,,,,,
HH007296,HNW,0.0,holdout,,,,,
HH007297,HNW,0.0,holdout,,,,,
HH007298,HNW,0.0,desarrollo,0,1,3,2,4
HH007299,HNW,0.0,desarrollo,2,0,1,3,1
HH007300,HNW,0.0,desarrollo,3,0,1,1,0
HH007301,HNW,0.0,holdout,,,,,
HH007302,HNW,0.0,desarrollo,1,1,0,3,4
HH007303,HNW,1.0,holdout,,,,,
HH007304,HNW,0.0,desarrollo,0,3,3,1,1
HH007305,HNW,0.0,desarrollo,2,4,2,0,0
HH007306,HNW,0.0,desarrollo,0,3,0,4,0
HH007307,HNW,0.0,desarrollo,4,0,0,1,1
HH007308,HNW,0.0,holdout,,,,,
HH007309,HNW,0.0,holdout,,,,,
HH007310,HNW,0.0,desarrollo,1,2,3,3,2
HH007311,HNW,0.0,desarrollo,2,2,3,1,3
HH007312,HNW,0.0,holdout,,,,,
HH007313,HNW,0.0,desarrollo,3,4,0,3,4
HH007314,HNW,0.0,desarrollo,3,3,3,4,3
HH007315,HNW,0.0,desarrollo,4,4,4,3,3
HH007316,HNW,0.0,desarrollo,1,2,4,4,3
HH007317,HNW,0.0,holdout,,,,,
HH007318,HNW,0.0,desarrollo,3,0,0,2,4
HH007319,HNW,0.0,desarrollo,0,3,3,2,4
HH007320,HNW,0.0,holdout,,,,,
HH007321,UHNW,0.0,desarrollo,3,4,3,3,1
HH007322,HNW,0.0,holdout,,,,,
HH007323,HNW,0.0,desarrollo,4,0,4,1,3
HH007324,HNW,0.0,holdout,,,,,
HH007325,HNW,0.0,desarrollo,4,2,1,2,2
HH007326,HNW,0.0,desarrollo,2,4,4,3,2
HH007327,HNW,0.0,holdout,,,,,
HH007328,HNW,0.0,desarrollo,4,1,4,0,3
HH007329,HNW,0.0,holdout,,,,,
HH007330,HNW,0.0,holdout,,,,,
HH007331,HNW,0.0,desarrollo,0,3,3,4,4
HH007332,HNW,0.0,desarrollo,2,1,1,4,0
HH007333,HNW,1.0,desarrollo,2,1,0,2,2
HH007334,HNW,0.0,desarrollo,0,4,3,4,0
HH007335,HNW,1.0,desarrollo,0,2,1,2,0
HH007336,HNW,0.0,holdout,,,,,
HH007337,HNW,0.0,desarrollo,1,0,2,1,0
HH007338,HNW,0.0,holdout,,,,,
HH007339,HNW,0.0,desarrollo,3,4,3,0,4
HH007340,HNW,,excluido,,,,,
HH007341,HNW,0.0,desarrollo,4,1,0,4,2
HH007342,HNW,0.0,desarrollo,2,4,4,2,0
HH007343,HNW,0.0,desarrollo,1,0,2,4,2
HH007344,HNW,0.0,holdout,,,,,
HH007345,HNW,0.0,desarrollo,0,3,2,0,3
HH007346,HNW,0.0,desarrollo,2,3,3,1,2
HH007347,HNW,0.0,desarrollo,0,3,0,0,2
HH007348,HNW,0.0,desarrollo,4,2,1,0,0
HH007349,HNW,0.0,holdout,,,,,
HH007350,UHNW,0.0,desarrollo,3,2,2,2,3
HH007351,HNW,1.0,desarrollo,3,0,2,1,2
HH007352,HNW,0.0,desarrollo,4,4,3,1,1
HH007353,HNW,0.0,desarrollo,3,2,2,0,2
HH007354,HNW,1.0,desarrollo,1,2,4,4,1
HH007355,UHNW,0.0,desarrollo,0,1,4,4,0
HH007356,HNW,0.0,desarrollo,0,0,2,0,2
HH007357,HNW,0.0,desarrollo,3,4,2,1,2
HH007358,HNW,0.0,desarrollo,0,2,2,1,3
HH007359,HNW,0.0,desarrollo,0,4,1,2,1
HH007360,HNW,0.0,desarrollo,3,4,1,0,1
HH007361,HNW,0.0,desarrollo,4,1,1,4,4
HH007362,HNW,0.0,desarrollo,2,3,4,3,3
HH007363,HNW,0.0,desarrollo,0,4,2,4,0
HH007364,HNW,0.0,desarrollo,4,3,4,3,1
HH007365,HNW,0.0,desarrollo,0,3,4,3,3
HH007366,UHNW,0.0,desarrollo,0,3,4,2,2
HH007367,HNW,0.0,desarrollo,3,2,4,2,4
HH007368,HNW,0.0,desarrollo,2,4,4,0,4
HH007369,HNW,0.0,desarrollo,2,1,1,0,0
HH007370,HNW,0.0,holdout,,,,,
HH007371,HNW,0.0,desarrollo,1,0,2,0,0
HH007372,HNW,0.0,holdout,,,,,
HH007373,HNW,,excluido,,,,,
HH007374,UHNW,0.0,holdout,,,,,
HH007375,UHNW,0.0,holdout,,,,,
HH007376,HNW,0.0,desarrollo,0,4,3,1,3
HH007377,HNW,0.0,desarrollo,3,0,2,2,3
HH007378,HNW,0.0,holdout,,,,,
HH007379,HNW,0.0,desarrollo,3,4,3,4,2
HH007380,HNW,0.0,holdout,,,,,
HH007381,HNW,0.0,desarrollo,0,2,4,4,2
HH007382,HNW,0.0,desarrollo,0,4,3,0,2
HH007383,HNW,0.0,holdout,,,,,
HH007384,UHNW,0.0,holdout,,,,,
HH007385,HNW,0.0,desarrollo,3,1,0,4,4
HH007386,HNW,0.0,desarrollo,2,0,3,0,4
HH007387,HNW,0.0,desarrollo,0,1,0,0,2
HH007388,HNW,0.0,desarrollo,3,2,3,0,0
HH007389,HNW,0.0,desarrollo,3,2,1,3,2
HH007390,UHNW,0.0,desarrollo,1,4,4,1,0
HH007391,HNW,0.0,holdout,,,,,
HH007392,HNW,0.0,desarrollo,3,2,2,4,3
HH007393,HNW,0.0,holdout,,,,,
HH007394,HNW,0.0,desarrollo,4,3,0,2,3
HH007395,HNW,0.0,desarrollo,3,4,4,1,1
HH007396,HNW,0.0,holdout,,,,,
HH007397,HNW,1.0,desarrollo,2,0,1,0,2
HH007398,HNW,0.0,desarrollo,0,4,3,0,0
HH007399,HNW,0.0,desarrollo,1,0,4,3,4
HH007400,HNW,0.0,desarrollo,2,4,2,1,0
HH007401,HNW,0.0,holdout,,,,,
HH007402,HNW,0.0,desarrollo,4,0,0,2,1
HH007403,HNW,0.0,desarrollo,1,4,2,2,2
HH007404,HNW,0.0,desarrollo,4,0,4,0,0
HH007405,HNW,0.0,holdout,,,,,
HH007406,HNW,0.0,holdout,,,,,
HH007407,HNW,0.0,holdout,,,,,
HH007408,HNW,0.0,desarrollo,0,0,1,4,2
HH007409,HNW,0.0,holdout,,,,,
HH007410,HNW,0.0,desarrollo,4,3,1,2,3
HH007411,HNW,1.0,desarrollo,3,4,1,1,0
HH007412,HNW,0.0,desarrollo,1,1,1,1,0
HH007413,HNW,0.0,desarrollo,3,3,1,1,4
HH007414,HNW,0.0,holdout,,,,,
HH007415,HNW,0.0,holdout,,,,,
HH007416,HNW,0.0,holdout,,,,,
HH007417,HNW,0.0,holdout,,,,,
HH007418,HNW,0.0,desarrollo,1,2,2,4,0
HH007419,HNW,0.0,desarrollo,3,4,1,2,0
HH007420,HNW,0.0,desarrollo,0,1,3,1,2
HH007421,HNW,0.0,desarrollo,3,1,4,3,4
HH007422,UHNW,0.0,desarrollo,2,0,0,4,3
HH007423,HNW,0.0,desarrollo,2,1,3,0,4
HH007424,HNW,0.0,holdout,,,,,
HH007425,HNW,0.0,desarrollo,0,0,3,0,3
HH007426,HNW,0.0,desarrollo,2,0,3,4,4
HH007427,HNW,0.0,desarrollo,3,3,1,2,1
HH007428,HNW,0.0,desarrollo,0,2,2,0,0
HH007429,HNW,0.0,desarrollo,0,1,3,4,3
HH007430,HNW,1.0,desarrollo,3,3,4,1,0
HH007431,HNW,0.0,desarrollo,0,3,1,0,0
HH007432,HNW,0.0,desarrollo,1,0,0,1,1
HH007433,HNW,,excluido,,,,,
HH007434,HNW,0.0,holdout,,,,,
HH007435,UHNW,0.0,holdout,,,,,
HH007436,HNW,0.0,holdout,,,,,
HH007437,HNW,0.0,holdout,,,,,
HH007438,HNW,0.0,holdout,,,,,
HH007439,HNW,0.0,desarrollo,3,3,0,2,0
HH007440,HNW,0.0,desarrollo,4,3,0,4,1
HH007441,HNW,0.0,desarrollo,1,4,2,4,1
HH007442,HNW,0.0,holdout,,,,,
HH007443,HNW,0.0,desarrollo,4,3,4,4,3
HH007444,HNW,0.0,desarrollo,4,4,2,0,3
HH007445,HNW,0.0,holdout,,,,,
HH007446,HNW,0.0,holdout,,,,,
HH007447,HNW,0.0,desarrollo,3,1,3,1,4
HH007448,HNW,0.0,desarrollo,4,1,1,2,2
HH007449,HNW,0.0,desarrollo,1,4,3,0,0
HH007450,HNW,0.0,desarrollo,0,1,0,0,3
HH007451,HNW,0.0,holdout,,,,,
HH007452,HNW,0.0,desarrollo,0,3,0,0,2
HH007453,HNW,0.0,holdout,,,,,
HH007454,HNW,0.0,holdout,,,,,
HH007455,HNW,0.0,holdout,,,,,
HH007456,HNW,0.0,desarrollo,2,2,4,4,0
HH007457,HNW,0.0,holdout,,,,,
HH007458,HNW,0.0,desarrollo,1,1,2,2,1
HH007459,HNW,0.0,desarrollo,1,3,2,3,2
HH007460,HNW,0.0,holdout,,,,,
HH007461,HNW,0.0,holdout,,,,,
HH007462,HNW,0.0,desarrollo,4,2,4,0,1
HH007463,HNW,0.0,holdout,,,,,
HH007464,HNW,0.0,desarrollo,2,1,0,1,3
HH007465,HNW,0.0,holdout,,,,,
HH007466,HNW,0.0,desarrollo,0,4,1,2,1
HH007467,HNW,1.0,holdout,,,,,
HH007468,HNW,0.0,desarrollo,0,4,3,3,2
HH007469,HNW,0.0,desarrollo,4,0,1,0,2
HH007470,HNW,0.0,desarrollo,3,4,0,2,0
HH007471,HNW,0.0,desarrollo,4,2,1,1,0
HH007472,HNW,0.0,holdout,,,,,
HH007473,HNW,0.0,desarrollo,2,1,1,1,4
HH007474,HNW,0.0,desarrollo,1,1,4,0,0
HH007475,HNW,0.0,holdout,,,,,
HH007476,HNW,0.0,desarrollo,3,3,0,4,3
HH007477,HNW,0.0,desarrollo,2,2,0,3,0
HH007478,HNW,0.0,desarrollo,4,0,3,1,3
HH007479,HNW,0.0,desarrollo,3,3,3,2,0
HH007480,HNW,0.0,desarrollo,3,2,2,1,1
HH007481,HNW,0.0,desarrollo,0,4,0,3,4
HH007482,HNW,0.0,desarrollo,0,2,3,3,3
HH007483,HNW,0.0,holdout,,,,,
HH007484,HNW,0.0,desarrollo,4,0,4,3,0
HH007485,HNW,0.0,desarrollo,2,1,2,0,3
HH007486,HNW,0.0,desarrollo,2,3,1,1,1
HH007487,HNW,0.0,holdout,,,,,
HH007488,HNW,0.0,desarrollo,2,4,3,3,3
HH007489,HNW,0.0,holdout,,,,,
HH007490,UHNW,0.0,desarrollo,3,1,0,3,3
HH007491,HNW,0.0,desarrollo,1,1,4,1,0
HH007492,HNW,0.0,desarrollo,0,4,1,0,4
HH007493,HNW,0.0,desarrollo,4,2,0,2,0
HH007494,HNW,0.0,desarrollo,2,3,4,2,4
HH007495,HNW,0.0,desarrollo,3,4,0,1,4
HH007496,HNW,0.0,desarrollo,4,1,1,0,1
HH007497,HNW,0.0,holdout,,,,,
HH007498,HNW,0.0,desarrollo,2,1,2,0,3
HH007499,HNW,0.0,desarrollo,4,0,1,2,4
HH007500,HNW,0.0,holdout,,,,,
HH007501,HNW,0.0,desarrollo,1,3,1,0,4
HH007502,HNW,0.0,holdout,,,,,
HH007503,HNW,0.0,holdout,,,,,
HH007504,HNW,0.0,desarrollo,2,3,2,4,3
HH007505,HNW,1.0,holdout,,,,,
HH007506,HNW,0.0,desarrollo,2,0,2,2,3
HH007507,HNW,0.0,desarrollo,1,2,4,3,0
HH007508,HNW,0.0,holdout,,,,,
HH007509,HNW,0.0,desarrollo,4,3,4,4,4
HH007510,HNW,0.0,desarrollo,3,3,2,3,2
HH007511,HNW,0.0,desarrollo,2,1,3,1,4
HH007512,HNW,0.0,desarrollo,3,1,1,0,4
HH007513,HNW,0.0,holdout,,,,,
HH007514,HNW,0.0,desarrollo,1,3,4,3,2
HH007515,HNW,0.0,holdout,,,,,
HH007516,HNW,0.0,desarrollo,3,0,1,0,1
HH007517,HNW,0.0,holdout,,,,,
HH007518,HNW,0.0,holdout,,,,,
HH007519,HNW,0.0,holdout,,,,,
HH007520,HNW,0.0,holdout,,,,,
HH007521,HNW,0.0,desarrollo,3,1,1,0,0
HH007522,HNW,0.0,desarrollo,4,3,2,0,1
HH007523,HNW,0.0,desarrollo,3,2,1,0,3
HH007524,HNW,0.0,desarrollo,0,2,0,3,4
HH007525,HNW,0.0,desarrollo,4,4,0,3,2
HH007526,HNW,1.0,desarrollo,2,2,4,1,2
HH007527,HNW,0.0,desarrollo,2,3,3,4,4
HH007528,HNW,0.0,holdout,,,,,
HH007529,HNW,1.0,holdout,,,,,
HH007530,HNW,0.0,desarrollo,1,3,1,1,1
HH007531,HNW,0.0,desarrollo,2,0,4,1,4
HH007532,HNW,0.0,holdout,,,,,
HH007533,HNW,0.0,holdout,,,,,
HH007534,HNW,0.0,desarrollo,4,0,3,1,0
HH007535,HNW,0.0,desarrollo,4,0,2,2,3
HH007536,HNW,0.0,holdout,,,,,
HH007537,HNW,0.0,desarrollo,1,1,3,2,1
HH007538,HNW,0.0,desarrollo,0,2,2,1,0
HH007539,HNW,0.0,desarrollo,4,3,2,2,2
HH007540,HNW,1.0,desarrollo,1,1,4,3,0
HH007541,HNW,0.0,desarrollo,1,3,4,3,3
HH007542,HNW,0.0,desarrollo,4,1,0,2,2
HH007543,HNW,0.0,desarrollo,0,4,0,2,0
HH007544,HNW,0.0,desarrollo,2,1,3,0,1
HH007545,HNW,0.0,desarrollo,3,2,0,4,1
HH007546,HNW,0.0,desarrollo,2,2,3,2,3
HH007547,UHNW,0.0,desarrollo,4,0,4,1,2
HH007548,HNW,0.0,desarrollo,2,2,4,1,1
HH007549,HNW,0.0,desarrollo,4,2,2,0,1
HH007550,HNW,0.0,desarrollo,1,2,1,2,3
HH007551,HNW,0.0,desarrollo,0,1,0,0,3
HH007552,UHNW,0.0,desarrollo,1,1,0,0,4
HH007553,HNW,0.0,desarrollo,4,4,1,4,0
HH007554,HNW,0.0,holdout,,,,,
HH007555,HNW,0.0,holdout,,,,,
HH007556,HNW,0.0,desarrollo,1,4,1,2,1
HH007557,HNW,0.0,desarrollo,0,0,4,0,0
HH007558,HNW,0.0,desarrollo,2,1,1,2,0
HH007559,HNW,0.0,desarrollo,0,1,3,3,3
HH007560,HNW,0.0,holdout,,,,,
HH007561,UHNW,0.0,holdout,,,,,
HH007562,HNW,0.0,desarrollo,4,1,4,3,0
HH007563,HNW,0.0,desarrollo,0,1,2,0,0
HH007564,HNW,0.0,holdout,,,,,
HH007565,UHNW,1.0,desarrollo,0,2,0,4,4
HH007566,HNW,0.0,desarrollo,1,0,0,4,4
HH007567,HNW,0.0,desarrollo,3,2,1,3,3
HH007568,HNW,0.0,desarrollo,0,2,4,3,2
HH007569,HNW,0.0,holdout,,,,,
HH007570,HNW,0.0,desarrollo,1,1,1,0,1
HH007571,HNW,0.0,holdout,,,,,
HH007572,HNW,0.0,desarrollo,0,1,1,2,0
HH007573,HNW,1.0,desarrollo,2,4,4,0,4
HH007574,UHNW,0.0,desarrollo,1,3,0,1,3
HH007575,UHNW,0.0,holdout,,,,,
HH007576,UHNW,0.0,holdout,,,,,
HH007577,HNW,0.0,desarrollo,0,1,3,1,2
HH007578,HNW,0.0,desarrollo,1,1,4,0,4
HH007579,HNW,0.0,desarrollo,1,3,2,1,4
HH007580,HNW,0.0,desarrollo,1,0,2,4,4
HH007581,HNW,0.0,desarrollo,1,2,3,3,3
HH007582,HNW,0.0,holdout,,,,,
HH007583,HNW,0.0,desarrollo,1,4,4,1,4
HH007584,HNW,0.0,desarrollo,3,2,2,3,4
HH007585,HNW,0.0,desarrollo,4,0,2,4,2
HH007586,HNW,0.0,desarrollo,1,0,4,4,1
HH007587,HNW,0.0,holdout,,,,,
HH007588,UHNW,0.0,desarrollo,1,4,0,3,3
HH007589,HNW,0.0,desarrollo,3,3,0,3,3
HH007590,HNW,0.0,desarrollo,2,1,2,0,2
HH007591,HNW,0.0,holdout,,,,,
HH007592,HNW,0.0,desarrollo,4,0,4,4,2
HH007593,HNW,0.0,desarrollo,1,4,0,4,4
HH007594,HNW,0.0,holdout,,,,,
HH007595,HNW,0.0,holdout,,,,,
HH007596,HNW,0.0,desarrollo,2,0,1,0,3
HH007597,HNW,0.0,holdout,,,,,
HH007598,HNW,0.0,holdout,,,,,
HH007599,HNW,0.0,desarrollo,4,4,4,1,4
HH007600,HNW,0.0,desarrollo,3,4,0,1,1
HH007601,HNW,0.0,desarrollo,0,4,4,4,2
HH007602,HNW,0.0,desarrollo,0,3,0,4,4
HH007603,HNW,0.0,holdout,,,,,
HH007604,HNW,0.0,desarrollo,3,3,1,2,2
HH007605,HNW,0.0,holdout,,,,,
HH007606,HNW,0.0,desarrollo,3,0,0,2,1
HH007607,HNW,0.0,desarrollo,0,4,4,2,2
HH007608,HNW,0.0,holdout,,,,,
HH007609,HNW,0.0,holdout,,,,,
HH007610,UHNW,0.0,desarrollo,3,4,2,1,1
HH007611,HNW,0.0,desarrollo,0,3,1,4,1
HH007612,HNW,0.0,desarrollo,1,2,1,3,4
HH007613,HNW,1.0,desarrollo,2,2,4,1,0
HH007614,HNW,0.0,desarrollo,4,4,3,3,3
HH007615,HNW,0.0,desarrollo,2,1,0,1,2
HH007616,HNW,0.0,desarrollo,0,3,1,1,4
HH007617,UHNW,1.0,holdout,,,,,
HH007618,HNW,0.0,desarrollo,4,0,4,0,2
HH007619,HNW,0.0,desarrollo,3,2,2,1,2
HH007620,HNW,0.0,desarrollo,0,0,1,3,1
HH007621,HNW,0.0,holdout,,,,,
HH007622,HNW,0.0,holdout,,,,,
HH007623,HNW,0.0,desarrollo,1,0,2,0,3
HH007624,HNW,0.0,desarrollo,4,3,3,1,1
HH007625,HNW,0.0,desarrollo,3,1,2,2,3
HH007626,HNW,0.0,holdout,,,,,
HH007627,HNW,1.0,desarrollo,3,1,4,3,3
HH007628,UHNW,0.0,desarrollo,3,4,4,3,0
HH007629,HNW,1.0,desarrollo,0,3,3,2,1
HH007630,HNW,0.0,holdout,,,,,
HH007631,HNW,0.0,holdout,,,,,
HH007632,HNW,0.0,desarrollo,4,4,2,1,0
HH007633,HNW,0.0,desarrollo,1,0,4,3,2
HH007634,HNW,0.0,desarrollo,1,4,2,3,4
HH007635,HNW,0.0,desarrollo,4,2,1,2,4
HH007636,HNW,0.0,desarrollo,0,0,3,3,2
HH007637,UHNW,0.0,holdout,,,,,
HH007638,HNW,0.0,holdout,,,,,
HH007639,HNW,0.0,desarrollo,2,1,0,0,2
HH007640,HNW,0.0,desarrollo,2,0,1,4,2
HH007641,HNW,0.0,desarrollo,3,4,3,3,4
HH007642,HNW,0.0,holdout,,,,,
HH007643,HNW,0.0,desarrollo,0,3,3,2,0
HH007644,HNW,0.0,desarrollo,4,0,3,4,1
HH007645,HNW,0.0,desarrollo,1,4,0,1,4
HH007646,HNW,1.0,desarrollo,2,2,2,1,2
HH007647,HNW,0.0,desarrollo,4,0,1,1,1
HH007648,HNW,0.0,desarrollo,3,4,2,4,1
HH007649,HNW,0.0,desarrollo,4,1,4,2,1
HH007650,HNW,0.0,desarrollo,1,0,4,1,2
HH007651,HNW,0.0,desarrollo,2,2,0,2,1
HH007652,HNW,0.0,desarrollo,1,0,4,2,3
HH007653,HNW,0.0,desarrollo,1,3,1,3,4
HH007654,HNW,0.0,desarrollo,3,4,3,4,1
HH007655,HNW,0.0,desarrollo,3,2,0,3,3
HH007656,HNW,0.0,desarrollo,4,2,0,4,2
HH007657,HNW,0.0,desarrollo,1,2,4,3,4
HH007658,HNW,0.0,holdout,,,,,
HH007659,HNW,0.0,holdout,,,,,
HH007660,HNW,1.0,desarrollo,2,3,1,0,2
HH007661,HNW,0.0,desarrollo,2,0,3,2,3
HH007662,HNW,1.0,desarrollo,4,1,4,2,2
HH007663,HNW,0.0,desarrollo,3,0,0,4,0
HH007664,HNW,0.0,holdout,,,,,
HH007665,HNW,0.0,desarrollo,1,2,0,3,3
HH007666,HNW,0.0,desarrollo,1,2,1,0,2
HH007667,HNW,0.0,holdout,,,,,
HH007668,HNW,0.0,holdout,,,,,
HH007669,HNW,0.0,desarrollo,2,4,4,1,3
HH007670,HNW,1.0,desarrollo,4,3,4,3,0
HH007671,HNW,0.0,holdout,,,,,
HH007672,HNW,0.0,holdout,,,,,
HH007673,HNW,0.0,desarrollo,1,1,1,3,3
HH007674,HNW,0.0,holdout,,,,,
HH007675,HNW,1.0,desarrollo,0,0,2,0,0
HH007676,HNW,0.0,desarrollo,4,0,4,0,4
HH007677,HNW,1.0,desarrollo,3,2,4,4,3
HH007678,HNW,0.0,desarrollo,3,2,4,0,1
HH007679,HNW,0.0,desarrollo,2,1,0,4,3
HH007680,HNW,0.0,holdout,,,,,
HH007681,HNW,0.0,desarrollo,2,1,2,4,0
HH007682,HNW,0.0,desarrollo,4,3,4,4,0
HH007683,HNW,0.0,holdout,,,,,
HH007684,HNW,0.0,desarrollo,3,0,1,1,1
HH007685,HNW,0.0,desarrollo,1,1,1,1,4
HH007686,HNW,1.0,desarrollo,1,0,2,0,1
HH007687,HNW,0.0,desarrollo,4,3,3,2,1
HH007688,HNW,0.0,holdout,,,,,
HH007689,HNW,0.0,holdout,,,,,
HH007690,HNW,0.0,holdout,,,,,
HH007691,HNW,0.0,desarrollo,3,3,1,4,2
HH007692,HNW,0.0,desarrollo,4,1,2,1,0
HH007693,HNW,0.0,desarrollo,4,3,4,2,2
HH007694,UHNW,0.0,desarrollo,1,4,3,2,3
HH007695,HNW,0.0,holdout,,,,,
HH007696,HNW,0.0,desarrollo,3,1,2,4,2
HH007697,HNW,0.0,desarrollo,4,2,0,3,3
HH007698,HNW,0.0,holdout,,,,,
HH007699,HNW,0.0,desarrollo,4,0,3,1,3
HH007700,HNW,0.0,desarrollo,3,1,4,4,4
HH007701,HNW,0.0,holdout,,,,,
HH007702,HNW,0.0,desarrollo,0,3,2,2,2
HH007703,HNW,0.0,holdout,,,,,
HH007704,HNW,0.0,desarrollo,2,2,0,4,2
HH007705,HNW,0.0,desarrollo,2,3,1,4,4
HH007706,HNW,0.0,desarrollo,4,4,1,0,0
HH007707,HNW,0.0,desarrollo,0,4,0,4,3
HH007708,HNW,0.0,desarrollo,0,1,2,3,3
HH007709,HNW,0.0,holdout,,,,,
HH007710,HNW,1.0,desarrollo,3,0,0,4,1
HH007711,HNW,0.0,desarrollo,2,3,0,1,0
HH007712,HNW,1.0,desarrollo,3,3,2,0,2
HH007713,HNW,0.0,holdout,,,,,
HH007714,HNW,0.0,desarrollo,4,4,4,1,1
HH007715,HNW,0.0,holdout,,,,,
HH007716,HNW,0.0,holdout,,,,,
HH007717,HNW,0.0,holdout,,,,,
HH007718,HNW,0.0,desarrollo,3,2,4,1,4
HH007719,HNW,0.0,holdout,,,,,
HH007720,HNW,0.0,holdout,,,,,
HH007721,HNW,0.0,desarrollo,4,1,1,3,3
HH007722,HNW,0.0,desarrollo,3,0,1,0,2
HH007723,HNW,0.0,holdout,,,,,
HH007724,HNW,0.0,desarrollo,2,4,2,3,2
HH007725,HNW,0.0,desarrollo,3,4,3,3,1
HH007726,HNW,0.0,desarrollo,0,1,0,3,3
HH007727,HNW,0.0,holdout,,,,,
HH007728,HNW,0.0,desarrollo,0,4,2,4,1
HH007729,HNW,0.0,desarrollo,0,2,0,1,2
HH007730,HNW,0.0,desarrollo,3,4,2,1,3
HH007731,HNW,0.0,desarrollo,4,2,1,1,0
HH007732,HNW,0.0,desarrollo,1,4,1,2,2
HH007733,HNW,0.0,desarrollo,1,0,4,2,3
HH007734,HNW,1.0,holdout,,,,,
HH007735,HNW,0.0,desarrollo,4,0,0,0,4
HH007736,HNW,0.0,desarrollo,2,0,3,0,0
HH007737,HNW,1.0,desarrollo,3,0,3,0,2
HH007738,HNW,0.0,desarrollo,1,1,4,3,0
HH007739,HNW,0.0,holdout,,,,,
HH007740,HNW,0.0,desarrollo,2,0,0,2,4
HH007741,HNW,0.0,desarrollo,3,0,1,3,1
HH007742,HNW,0.0,desarrollo,2,1,3,4,4
HH007743,HNW,0.0,holdout,,,,,
HH007744,HNW,0.0,holdout,,,,,
HH007745,HNW,0.0,desarrollo,1,0,3,4,3
HH007746,HNW,1.0,holdout,,,,,
HH007747,HNW,0.0,desarrollo,3,3,4,4,2
HH007748,HNW,1.0,holdout,,,,,
HH007749,HNW,0.0,holdout,,,,,
HH007750,HNW,0.0,desarrollo,0,2,1,4,0
HH007751,HNW,0.0,desarrollo,0,3,0,1,4
HH007752,UHNW,1.0,desarrollo,4,1,1,0,0
HH007753,HNW,0.0,desarrollo,4,2,3,0,0
HH007754,HNW,0.0,desarrollo,0,1,4,4,3
HH007755,UHNW,0.0,desarrollo,0,3,0,3,4
HH007756,HNW,0.0,holdout,,,,,
HH007757,HNW,0.0,desarrollo,3,3,2,1,1
HH007758,HNW,0.0,desarrollo,4,3,0,2,1
HH007759,HNW,0.0,desarrollo,1,2,0,3,2
HH007760,HNW,0.0,desarrollo,0,4,1,3,3
HH007761,HNW,0.0,desarrollo,1,0,0,0,0
HH007762,HNW,0.0,holdout,,,,,
HH007763,HNW,0.0,desarrollo,1,0,2,1,0
HH007764,HNW,0.0,desarrollo,3,0,4,4,1
HH007765,HNW,0.0,desarrollo,1,0,0,0,3
HH007766,HNW,0.0,desarrollo,4,0,4,0,1
HH007767,HNW,0.0,desarrollo,4,4,1,0,2
HH007768,HNW,0.0,desarrollo,2,4,3,0,1
HH007769,HNW,0.0,holdout,,,,,
HH007770,HNW,0.0,desarrollo,0,3,1,0,2
HH007771,HNW,0.0,desarrollo,2,0,4,1,3
HH007772,HNW,0.0,desarrollo,2,4,4,1,0
HH007773,HNW,0.0,desarrollo,2,2,2,2,4
HH007774,HNW,0.0,holdout,,,,,
HH007775,HNW,0.0,desarrollo,3,0,0,2,4
HH007776,HNW,0.0,desarrollo,2,0,2,3,2
HH007777,HNW,0.0,desarrollo,3,3,2,1,3
HH007778,HNW,0.0,holdout,,,,,
HH007779,HNW,0.0,holdout,,,,,
HH007780,HNW,0.0,desarrollo,1,3,0,3,0
HH007781,HNW,0.0,holdout,,,,,
HH007782,HNW,0.0,desarrollo,1,3,0,0,4
HH007783,HNW,0.0,holdout,,,,,
HH007784,HNW,0.0,desarrollo,4,0,4,4,0
HH007785,HNW,0.0,desarrollo,4,1,2,0,4
HH007786,HNW,0.0,desarrollo,1,3,4,1,4
HH007787,HNW,0.0,desarrollo,2,2,1,3,0
HH007788,HNW,0.0,desarrollo,0,4,1,4,4
HH007789,UHNW,1.0,desarrollo,0,2,4,4,2
HH007790,HNW,0.0,desarrollo,4,4,4,3,3
HH007791,HNW,0.0,desarrollo,1,0,4,2,1
HH007792,HNW,0.0,holdout,,,,,
HH007793,HNW,0.0,holdout,,,,,
HH007794,HNW,0.0,desarrollo,3,1,3,1,4
HH007795,HNW,0.0,desarrollo,3,1,3,4,3
HH007796,HNW,0.0,desarrollo,3,1,3,0,1
HH007797,HNW,0.0,desarrollo,4,0,2,1,2
HH007798,HNW,0.0,desarrollo,1,1,0,1,3
HH007799,HNW,0.0,desarrollo,3,2,2,1,1
HH007800,HNW,0.0,desarrollo,2,0,1,1,1
HH007801,HNW,0.0,desarrollo,4,0,4,1,1
HH007802,HNW,0.0,desarrollo,2,1,3,3,2
HH007803,HNW,0.0,holdout,,,,,
HH007804,HNW,0.0,holdout,,,,,
HH007805,HNW,0.0,holdout,,,,,
HH007806,HNW,0.0,holdout,,,,,
HH007807,HNW,0.0,desarrollo,2,4,0,0,3
HH007808,UHNW,0.0,desarrollo,1,0,3,2,1
HH007809,HNW,0.0,desarrollo,1,2,0,2,3
HH007810,HNW,0.0,holdout,,,,,
HH007811,HNW,0.0,desarrollo,3,0,1,3,3
HH007812,HNW,0.0,holdout,,,,,
HH007813,HNW,0.0,holdout,,,,,
HH007814,HNW,0.0,desarrollo,0,3,2,3,3
HH007815,HNW,0.0,desarrollo,1,3,0,3,3
HH007816,HNW,0.0,desarrollo,2,3,2,2,4
HH007817,HNW,0.0,holdout,,,,,
HH007818,UHNW,0.0,holdout,,,,,
HH007819,HNW,0.0,desarrollo,4,4,0,1,1
HH007820,HNW,0.0,holdout,,,,,
HH007821,HNW,0.0,desarrollo,0,2,1,0,4
HH007822,HNW,0.0,desarrollo,4,0,4,4,4
HH007823,HNW,0.0,holdout,,,,,
HH007824,HNW,0.0,desarrollo,4,3,2,3,4
HH007825,HNW,0.0,desarrollo,0,0,3,3,4
HH007826,HNW,0.0,desarrollo,0,3,2,4,3
HH007827,HNW,0.0,desarrollo,3,3,1,4,3
HH007828,HNW,1.0,desarrollo,0,4,3,4,4
HH007829,HNW,0.0,holdout,,,,,
HH007830,HNW,0.0,desarrollo,2,2,4,4,4
HH007831,HNW,0.0,holdout,,,,,
HH007832,HNW,0.0,desarrollo,0,0,1,2,3
HH007833,HNW,0.0,holdout,,,,,
HH007834,HNW,0.0,desarrollo,3,0,0,0,0
HH007835,HNW,0.0,desarrollo,4,0,1,2,4
HH007836,HNW,0.0,desarrollo,4,4,1,0,2
HH007837,HNW,0.0,desarrollo,0,2,0,4,1
HH007838,HNW,0.0,holdout,,,,,
HH007839,HNW,0.0,desarrollo,4,1,4,4,3
HH007840,HNW,1.0,desarrollo,2,3,4,4,1
HH007841,HNW,0.0,desarrollo,2,0,4,0,0
HH007842,HNW,1.0,desarrollo,3,1,4,4,2
HH007843,HNW,0.0,desarrollo,1,2,0,4,3
HH007844,HNW,0.0,holdout,,,,,
HH007845,HNW,0.0,desarrollo,3,4,0,0,2
HH007846,HNW,0.0,desarrollo,4,4,0,1,0
HH007847,HNW,0.0,desarrollo,1,1,0,1,2
HH007848,HNW,0.0,desarrollo,3,2,1,2,0
HH007849,HNW,0.0,desarrollo,3,1,4,2,3
HH007850,HNW,0.0,desarrollo,0,2,2,3,0
HH007851,HNW,0.0,desarrollo,1,1,2,0,0
HH007852,HNW,0.0,holdout,,,,,
HH007853,UHNW,1.0,desarrollo,1,0,0,1,0
HH007854,HNW,0.0,desarrollo,3,0,2,1,1
HH007855,UHNW,0.0,desarrollo,0,1,2,2,3
HH007856,HNW,0.0,holdout,,,,,
HH007857,HNW,0.0,desarrollo,4,1,3,0,3
HH007858,HNW,0.0,desarrollo,3,4,2,0,0
HH007859,UHNW,0.0,desarrollo,0,3,2,1,2
HH007860,HNW,0.0,holdout,,,,,
HH007861,HNW,1.0,desarrollo,1,1,0,0,2
HH007862,HNW,0.0,desarrollo,4,3,0,4,2
HH007863,HNW,0.0,holdout,,,,,
HH007864,HNW,0.0,desarrollo,4,1,2,2,2
HH007865,HNW,0.0,desarrollo,4,3,4,2,4
HH007866,HNW,0.0,desarrollo,0,3,4,3,0
HH007867,HNW,0.0,desarrollo,2,1,1,1,2
HH007868,HNW,0.0,desarrollo,2,2,2,3,2
HH007869,UHNW,0.0,desarrollo,0,0,1,2,3
HH007870,HNW,0.0,holdout,,,,,
HH007871,HNW,0.0,desarrollo,3,3,2,4,3
HH007872,HNW,0.0,desarrollo,0,1,4,2,0
HH007873,HNW,0.0,desarrollo,2,0,1,2,2
HH007874,HNW,0.0,holdout,,,,,
HH007875,HNW,0.0,desarrollo,0,0,1,0,2
HH007876,HNW,0.0,desarrollo,4,3,0,3,3
HH007877,HNW,0.0,desarrollo,1,4,4,4,3
HH007878,HNW,0.0,desarrollo,2,1,1,0,2
HH007879,HNW,0.0,desarrollo,4,2,4,2,2
HH007880,HNW,0.0,desarrollo,2,3,2,3,2
HH007881,HNW,0.0,holdout,,,,,
HH007882,HNW,0.0,desarrollo,2,4,0,0,4
HH007883,HNW,0.0,desarrollo,2,0,4,0,3
HH007884,UHNW,0.0,desarrollo,2,2,3,0,2
HH007885,HNW,0.0,holdout,,,,,
HH007886,HNW,0.0,desarrollo,1,0,1,2,3
HH007887,HNW,0.0,desarrollo,1,1,4,0,0
HH007888,HNW,1.0,desarrollo,4,4,1,0,4
HH007889,HNW,0.0,holdout,,,,,
HH007890,HNW,0.0,desarrollo,4,4,3,0,0
HH007891,HNW,0.0,holdout,,,,,
HH007892,HNW,0.0,desarrollo,0,0,3,4,0
HH007893,HNW,0.0,holdout,,,,,
HH007894,HNW,0.0,holdout,,,,,
HH007895,HNW,0.0,holdout,,,,,
HH007896,HNW,0.0,desarrollo,3,1,1,3,4
HH007897,HNW,0.0,desarrollo,2,3,4,3,0
HH007898,HNW,0.0,desarrollo,2,0,2,0,2
HH007899,HNW,0.0,holdout,,,,,
HH007900,HNW,0.0,desarrollo,1,3,2,0,4
HH007901,HNW,0.0,desarrollo,3,4,1,4,1
HH007902,HNW,0.0,holdout,,,,,
HH007903,HNW,0.0,holdout,,,,,
HH007904,HNW,0.0,holdout,,,,,
HH007905,HNW,0.0,holdout,,,,,
HH007906,HNW,1.0,holdout,,,,,
HH007907,HNW,0.0,desarrollo,2,1,2,2,3
HH007908,HNW,0.0,desarrollo,4,4,1,1,4
HH007909,HNW,1.0,holdout,,,,,
HH007910,HNW,0.0,holdout,,,,,
HH007911,HNW,0.0,desarrollo,2,4,4,0,3
HH007912,HNW,0.0,desarrollo,1,2,3,0,0
HH007913,HNW,0.0,holdout,,,,,
HH007914,HNW,0.0,holdout,,,,,
HH007915,HNW,0.0,holdout,,,,,
HH007916,HNW,0.0,desarrollo,2,2,0,1,3
HH007917,HNW,0.0,desarrollo,1,0,3,0,3
HH007918,HNW,0.0,holdout,,,,,
HH007919,HNW,0.0,desarrollo,1,4,1,0,4
HH007920,HNW,0.0,desarrollo,4,0,2,4,3
HH007921,HNW,0.0,holdout,,,,,
HH007922,HNW,1.0,desarrollo,4,1,3,4,1
HH007923,HNW,0.0,desarrollo,3,3,1,1,3
HH007924,HNW,0.0,desarrollo,2,3,1,1,3
HH007925,HNW,0.0,holdout,,,,,
HH007926,HNW,0.0,holdout,,,,,
HH007927,HNW,0.0,desarrollo,1,2,2,1,0
HH007928,HNW,0.0,holdout,,,,,
HH007929,HNW,0.0,holdout,,,,,
HH007930,HNW,0.0,desarrollo,3,1,0,1,0
HH007931,HNW,0.0,holdout,,,,,
HH007932,HNW,0.0,holdout,,,,,
HH007933,HNW,0.0,desarrollo,1,2,3,3,2
HH007934,HNW,0.0,desarrollo,4,4,0,0,0
HH007935,HNW,0.0,holdout,,,,,
HH007936,HNW,0.0,holdout,,,,,
HH007937,HNW,0.0,holdout,,,,,
HH007938,HNW,0.0,desarrollo,4,2,0,1,3
HH007939,HNW,0.0,desarrollo,2,4,1,0,4
HH007940,HNW,0.0,holdout,,,,,
HH007941,HNW,0.0,desarrollo,2,3,1,2,2
HH007942,HNW,0.0,holdout,,,,,
HH007943,HNW,0.0,desarrollo,0,0,0,1,2
HH007944,HNW,0.0,desarrollo,3,2,2,1,1
HH007945,HNW,0.0,desarrollo,2,3,1,0,1
HH007946,UHNW,0.0,desarrollo,4,3,4,4,3
HH007947,HNW,0.0,desarrollo,1,2,4,2,2
HH007948,HNW,0.0,desarrollo,3,2,3,3,4
HH007949,HNW,0.0,holdout,,,,,
HH007950,HNW,0.0,desarrollo,1,0,3,3,1
HH007951,HNW,0.0,holdout,,,,,
HH007952,HNW,0.0,desarrollo,1,4,1,2,4
HH007953,HNW,0.0,desarrollo,0,0,3,3,2
HH007954,HNW,0.0,desarrollo,3,4,1,2,3
HH007955,HNW,1.0,holdout,,,,,
HH007956,HNW,0.0,desarrollo,4,3,0,2,2
HH007957,HNW,0.0,holdout,,,,,
HH007958,HNW,0.0,desarrollo,4,4,1,0,3
HH007959,HNW,0.0,holdout,,,,,
HH007960,HNW,0.0,holdout,,,,,
HH007961,HNW,0.0,desarrollo,1,0,4,3,0
HH007962,HNW,0.0,desarrollo,1,0,1,3,2
HH007963,HNW,0.0,desarrollo,1,1,2,3,4
HH007964,HNW,0.0,desarrollo,1,1,3,4,3
HH007965,UHNW,1.0,desarrollo,0,0,4,3,4
HH007966,HNW,0.0,desarrollo,3,2,3,1,2
HH007967,HNW,0.0,desarrollo,0,2,2,4,4
HH007968,HNW,1.0,desarrollo,1,4,3,1,2
HH007969,HNW,0.0,desarrollo,0,1,4,0,2
HH007970,HNW,0.0,desarrollo,1,1,3,1,2
HH007971,HNW,0.0,holdout,,,,,
HH007972,HNW,0.0,desarrollo,2,4,3,0,0
HH007973,HNW,0.0,holdout,,,,,
HH007974,UHNW,0.0,desarrollo,2,2,3,4,2
HH007975,UHNW,0.0,desarrollo,2,2,2,0,0
HH007976,HNW,0.0,desarrollo,3,1,2,0,3
HH007977,HNW,0.0,holdout,,,,,
HH007978,HNW,1.0,desarrollo,4,2,2,2,0
HH007979,HNW,0.0,desarrollo,4,0,1,4,3
HH007980,HNW,0.0,desarrollo,2,0,2,1,3
HH007981,HNW,0.0,desarrollo,4,0,2,1,4
HH007982,HNW,0.0,desarrollo,1,3,2,1,2
HH007983,HNW,0.0,desarrollo,4,0,1,0,3
HH007984,UHNW,0.0,holdout,,,,,
HH007985,HNW,0.0,desarrollo,2,2,4,1,2
HH007986,HNW,0.0,holdout,,,,,
HH007987,HNW,0.0,desarrollo,1,2,2,3,1
HH007988,HNW,,excluido,,,,,
HH007989,HNW,0.0,desarrollo,3,4,4,0,1
HH007990,HNW,0.0,desarrollo,0,2,3,2,1
HH007991,HNW,0.0,holdout,,,,,
HH007992,HNW,0.0,holdout,,,,,
HH007993,HNW,0.0,desarrollo,4,0,4,4,3
HH007994,HNW,0.0,holdout,,,,,
HH007995,HNW,0.0,desarrollo,1,2,1,3,2
HH007996,HNW,0.0,desarrollo,4,1,1,0,0
HH007997,HNW,0.0,holdout,,,,,
HH007998,HNW,0.0,desarrollo,0,3,0,1,0
HH007999,HNW,0.0,holdout,,,,,
HH008000,HNW,0.0,desarrollo,4,0,3,0,3
HH008001,HNW,0.0,desarrollo,1,4,1,3,4
HH008002,HNW,0.0,desarrollo,4,4,4,4,2
HH008003,HNW,0.0,desarrollo,2,4,1,0,2
HH008004,HNW,0.0,holdout,,,,,
HH008005,HNW,0.0,desarrollo,3,3,0,2,3
HH008006,HNW,0.0,holdout,,,,,
HH008007,HNW,0.0,desarrollo,0,4,4,0,1
HH008008,HNW,0.0,desarrollo,3,0,2,1,2
HH008009,HNW,0.0,desarrollo,3,4,1,4,0
HH008010,HNW,0.0,desarrollo,0,0,4,1,0
HH008011,HNW,0.0,desarrollo,4,4,1,0,0
HH008012,UHNW,0.0,desarrollo,2,4,0,1,4
HH008013,HNW,0.0,desarrollo,2,4,4,4,0
HH008014,HNW,0.0,desarrollo,0,4,4,0,0
HH008015,HNW,0.0,holdout,,,,,
HH008016,UHNW,0.0,desarrollo,4,0,4,2,0
HH008017,HNW,0.0,desarrollo,3,0,0,2,4
HH008018,HNW,0.0,holdout,,,,,
HH008019,HNW,0.0,holdout,,,,,
HH008020,HNW,0.0,holdout,,,,,
HH008021,HNW,0.0,holdout,,,,,
HH008022,HNW,1.0,holdout,,,,,
HH008023,HNW,0.0,desarrollo,3,2,4,0,0
HH008024,HNW,0.0,holdout,,,,,
HH008025,HNW,0.0,desarrollo,0,3,2,0,4
HH008026,UHNW,0.0,desarrollo,3,0,3,2,4
HH008027,HNW,0.0,holdout,,,,,
HH008028,UHNW,0.0,holdout,,,,,
HH008029,HNW,0.0,desarrollo,3,0,0,2,1
HH008030,HNW,0.0,desarrollo,3,0,0,1,1
HH008031,HNW,0.0,desarrollo,0,2,3,2,1
HH008032,HNW,0.0,desarrollo,3,2,2,0,4
HH008033,HNW,0.0,desarrollo,0,1,2,1,1
HH008034,HNW,0.0,holdout,,,,,
HH008035,HNW,0.0,desarrollo,4,0,1,3,1
HH008036,HNW,0.0,holdout,,,,,
HH008037,UHNW,1.0,desarrollo,3,2,3,4,4
HH008038,HNW,0.0,holdout,,,,,
HH008039,HNW,0.0,desarrollo,4,4,3,3,4
HH008040,UHNW,0.0,desarrollo,2,0,4,1,1
HH008041,HNW,0.0,holdout,,,,,
HH008042,HNW,,excluido,,,,,
HH008043,HNW,0.0,desarrollo,4,0,1,2,1
HH008044,HNW,0.0,desarrollo,4,2,4,4,3
HH008045,HNW,0.0,holdout,,,,,
HH008046,HNW,1.0,holdout,,,,,
HH008047,HNW,0.0,desarrollo,0,4,1,0,0
HH008048,HNW,0.0,desarrollo,3,1,1,0,3
HH008049,HNW,0.0,desarrollo,2,4,3,2,1
HH008050,UHNW,0.0,desarrollo,1,2,4,3,3
HH008051,HNW,0.0,holdout,,,,,
HH008052,HNW,0.0,desarrollo,2,0,4,3,4
HH008053,HNW,0.0,desarrollo,3,1,3,4,3
HH008054,HNW,0.0,desarrollo,0,3,4,1,0
HH008055,HNW,0.0,desarrollo,2,2,0,0,3
HH008056,HNW,,excluido,,,,,
HH008057,HNW,0.0,desarrollo,1,4,3,4,2
HH008058,HNW,0.0,desarrollo,4,3,3,4,3
HH008059,HNW,0.0,desarrollo,1,4,0,4,4
HH008060,HNW,0.0,holdout,,,,,
HH008061,HNW,0.0,holdout,,,,,
HH008062,HNW,0.0,desarrollo,0,2,2,1,1
HH008063,UHNW,0.0,desarrollo,3,0,4,1,1
HH008064,HNW,0.0,holdout,,,,,
HH008065,UHNW,0.0,holdout,,,,,
HH008066,HNW,0.0,desarrollo,2,1,4,1,1
HH008067,HNW,0.0,holdout,,,,,
HH008068,HNW,0.0,desarrollo,3,2,0,1,0
HH008069,HNW,0.0,holdout,,,,,
HH008070,HNW,0.0,holdout,,,,,
HH008071,HNW,0.0,holdout,,,,,
HH008072,HNW,0.0,desarrollo,0,2,2,4,0
HH008073,HNW,0.0,desarrollo,3,4,1,2,0
HH008074,HNW,0.0,desarrollo,2,0,0,1,1
HH008075,HNW,0.0,desarrollo,0,0,3,4,3
HH008076,HNW,0.0,holdout,,,,,
HH008077,UHNW,1.0,desarrollo,2,0,2,4,1
HH008078,HNW,0.0,holdout,,,,,
HH008079,HNW,0.0,desarrollo,1,2,1,2,2
HH008080,HNW,0.0,desarrollo,0,4,4,1,1
HH008081,HNW,0.0,desarrollo,4,2,1,3,2
HH008082,HNW,0.0,holdout,,,,,
HH008083,HNW,1.0,holdout,,,,,
HH008084,HNW,0.0,desarrollo,2,4,0,4,3
HH008085,HNW,0.0,desarrollo,4,4,2,4,4
HH008086,HNW,0.0,desarrollo,0,4,4,1,1
HH008087,HNW,0.0,holdout,,,,,
HH008088,HNW,0.0,desarrollo,3,0,3,0,1
HH008089,HNW,0.0,desarrollo,4,3,0,2,1
HH008090,HNW,0.0,desarrollo,4,1,3,4,1
HH008091,HNW,0.0,desarrollo,4,4,1,0,4
HH008092,HNW,0.0,desarrollo,0,0,2,2,3
HH008093,HNW,0.0,desarrollo,0,1,0,0,2
HH008094,HNW,0.0,desarrollo,0,0,0,3,3
HH008095,HNW,0.0,desarrollo,3,3,0,4,0
HH008096,HNW,0.0,desarrollo,0,3,4,2,0
HH008097,HNW,0.0,holdout,,,,,
HH008098,HNW,0.0,desarrollo,4,0,2,1,0
HH008099,UHNW,0.0,holdout,,,,,
HH008100,HNW,1.0,holdout,,,,,
HH008101,HNW,0.0,desarrollo,4,4,0,4,2
HH008102,HNW,0.0,desarrollo,4,3,2,0,0
HH008103,HNW,0.0,holdout,,,,,
HH008104,HNW,0.0,desarrollo,4,4,3,3,2
HH008105,HNW,0.0,desarrollo,0,1,3,3,1
HH008106,HNW,0.0,holdout,,,,,
HH008107,HNW,0.0,holdout,,,,,
HH008108,HNW,0.0,holdout,,,,,
HH008109,HNW,0.0,desarrollo,0,0,3,1,3
HH008110,HNW,1.0,desarrollo,3,4,4,0,4
HH008111,HNW,0.0,holdout,,,,,
HH008112,HNW,0.0,desarrollo,3,0,2,1,4
HH008113,UHNW,0.0,desarrollo,2,1,2,3,1
HH008114,HNW,0.0,holdout,,,,,
HH008115,HNW,0.0,holdout,,,,,
HH008116,HNW,0.0,holdout,,,,,
HH008117,HNW,0.0,desarrollo,3,2,1,1,1
HH008118,HNW,0.0,desarrollo,4,1,1,1,1
HH008119,HNW,0.0,holdout,,,,,
HH008120,UHNW,0.0,holdout,,,,,
HH008121,HNW,0.0,holdout,,,,,
HH008122,HNW,0.0,holdout,,,,,
HH008123,HNW,0.0,desarrollo,1,4,2,1,3
HH008124,HNW,0.0,desarrollo,2,1,2,3,3
HH008125,UHNW,0.0,desarrollo,3,4,1,0,0
HH008126,HNW,0.0,holdout,,,,,
HH008127,HNW,0.0,desarrollo,4,2,3,3,0
HH008128,HNW,0.0,desarrollo,3,2,3,0,3
HH008129,HNW,0.0,desarrollo,3,1,4,2,2
HH008130,HNW,0.0,desarrollo,1,0,4,4,2
HH008131,HNW,0.0,holdout,,,,,
HH008132,UHNW,0.0,desarrollo,2,0,4,2,0
HH008133,HNW,0.0,desarrollo,3,4,4,3,2
HH008134,HNW,0.0,holdout,,,,,
HH008135,HNW,0.0,holdout,,,,,
HH008136,HNW,0.0,holdout,,,,,
HH008137,HNW,0.0,desarrollo,2,0,4,3,1
HH008138,HNW,0.0,desarrollo,4,3,1,4,3
HH008139,HNW,0.0,desarrollo,0,2,4,3,4
HH008140,HNW,1.0,desarrollo,1,0,2,1,0
HH008141,HNW,0.0,holdout,,,,,
HH008142,HNW,0.0,holdout,,,,,
HH008143,HNW,0.0,desarrollo,3,2,2,4,3
HH008144,HNW,0.0,holdout,,,,,
HH008145,HNW,0.0,desarrollo,4,1,0,2,0
HH008146,HNW,0.0,desarrollo,4,2,3,1,4
HH008147,HNW,1.0,desarrollo,0,3,2,4,1
HH008148,HNW,0.0,desarrollo,4,4,3,2,0
HH008149,HNW,0.0,holdout,,,,,
HH008150,HNW,0.0,desarrollo,3,1,1,4,2
HH008151,HNW,0.0,desarrollo,1,0,1,0,0
HH008152,HNW,0.0,holdout,,,,,
HH008153,HNW,0.0,desarrollo,0,0,0,0,0
HH008154,HNW,0.0,desarrollo,1,2,1,2,3
HH008155,HNW,0.0,holdout,,,,,
HH008156,HNW,0.0,desarrollo,0,3,4,0,3
HH008157,HNW,0.0,desarrollo,4,4,2,0,0
HH008158,HNW,0.0,desarrollo,1,3,2,3,4
HH008159,UHNW,0.0,desarrollo,2,4,2,1,2
HH008160,HNW,0.0,desarrollo,3,1,1,3,4
HH008161,HNW,0.0,desarrollo,0,3,2,0,2
HH008162,HNW,0.0,desarrollo,0,0,0,2,1
HH008163,HNW,0.0,desarrollo,1,3,2,2,0
HH008164,HNW,0.0,desarrollo,1,0,1,2,0
HH008165,HNW,0.0,desarrollo,4,3,4,1,4
HH008166,HNW,0.0,holdout,,,,,
HH008167,HNW,0.0,desarrollo,1,2,0,1,2
HH008168,HNW,0.0,holdout,,,,,
HH008169,UHNW,0.0,desarrollo,4,4,0,2,1
HH008170,HNW,1.0,desarrollo,0,0,1,3,2
HH008171,HNW,0.0,desarrollo,0,0,3,2,3
HH008172,HNW,0.0,desarrollo,1,0,1,1,3
HH008173,HNW,0.0,desarrollo,2,0,2,2,1
HH008174,HNW,0.0,holdout,,,,,
HH008175,HNW,0.0,desarrollo,0,4,2,4,3
HH008176,HNW,0.0,holdout,,,,,
HH008177,HNW,0.0,desarrollo,4,0,3,1,4
HH008178,HNW,1.0,holdout,,,,,
HH008179,HNW,0.0,desarrollo,0,1,2,3,2
HH008180,HNW,0.0,desarrollo,1,4,1,4,2
HH008181,HNW,0.0,holdout,,,,,
HH008182,HNW,0.0,desarrollo,1,4,1,4,4
HH008183,HNW,0.0,desarrollo,1,3,2,3,2
HH008184,HNW,1.0,desarrollo,4,1,2,4,3
HH008185,HNW,0.0,desarrollo,2,4,2,2,0
HH008186,HNW,0.0,desarrollo,2,1,2,4,3
HH008187,HNW,0.0,desarrollo,2,4,2,2,1
HH008188,HNW,1.0,desarrollo,0,1,3,4,1
HH008189,HNW,0.0,desarrollo,3,3,1,0,2
HH008190,HNW,0.0,desarrollo,4,2,1,2,4
HH008191,UHNW,0.0,desarrollo,3,2,0,1,0
HH008192,UHNW,0.0,holdout,,,,,
HH008193,HNW,0.0,holdout,,,,,
HH008194,HNW,0.0,holdout,,,,,
HH008195,HNW,0.0,desarrollo,2,1,1,0,2
HH008196,HNW,0.0,desarrollo,4,0,2,2,3
HH008197,HNW,0.0,holdout,,,,,
HH008198,HNW,0.0,desarrollo,4,0,2,1,0
HH008199,HNW,0.0,holdout,,,,,
HH008200,HNW,0.0,desarrollo,0,4,3,1,1
HH008201,HNW,0.0,desarrollo,1,0,4,0,0
HH008202,HNW,0.0,desarrollo,2,3,0,1,1
HH008203,HNW,0.0,holdout,,,,,
HH008204,HNW,0.0,desarrollo,1,0,0,0,3
HH008205,UHNW,0.0,desarrollo,2,0,1,3,4
HH008206,HNW,0.0,desarrollo,0,4,4,1,1
HH008207,HNW,0.0,holdout,,,,,
HH008208,HNW,0.0,holdout,,,,,
HH008209,HNW,0.0,holdout,,,,,
HH008210,HNW,0.0,desarrollo,4,1,3,1,4
HH008211,HNW,0.0,desarrollo,4,4,2,3,1
HH008212,HNW,0.0,desarrollo,1,1,4,3,2
HH008213,HNW,0.0,desarrollo,0,2,4,2,3
HH008214,HNW,0.0,desarrollo,0,1,3,0,1
HH008215,HNW,0.0,desarrollo,4,1,1,4,4
HH008216,HNW,0.0,desarrollo,3,4,0,4,1
HH008217,HNW,0.0,desarrollo,3,3,2,2,4
HH008218,HNW,0.0,desarrollo,0,0,0,1,1
HH008219,HNW,1.0,desarrollo,0,3,1,1,3
HH008220,HNW,0.0,desarrollo,1,1,1,4,3
HH008221,HNW,0.0,desarrollo,4,1,3,4,4
HH008222,HNW,0.0,holdout,,,,,
HH008223,HNW,0.0,desarrollo,4,2,0,4,4
HH008224,HNW,0.0,desarrollo,4,3,2,1,4
HH008225,HNW,0.0,holdout,,,,,
HH008226,HNW,1.0,holdout,,,,,
HH008227,HNW,0.0,desarrollo,0,0,1,4,4
HH008228,HNW,0.0,desarrollo,1,2,3,2,3
HH008229,UHNW,0.0,desarrollo,2,3,4,2,3
HH008230,HNW,0.0,desarrollo,0,0,1,3,1
HH008231,HNW,0.0,holdout,,,,,
HH008232,HNW,0.0,desarrollo,2,2,1,0,0
HH008233,HNW,0.0,holdout,,,,,
HH008234,HNW,0.0,holdout,,,,,
HH008235,HNW,0.0,holdout,,,,,
HH008236,HNW,0.0,desarrollo,3,0,3,2,2
HH008237,HNW,0.0,holdout,,,,,
HH008238,HNW,0.0,desarrollo,1,3,1,0,0
HH008239,HNW,0.0,desarrollo,1,0,2,2,1
HH008240,HNW,0.0,holdout,,,,,
HH008241,HNW,0.0,desarrollo,3,1,1,1,4
HH008242,HNW,0.0,desarrollo,4,0,2,3,1
HH008243,HNW,0.0,desarrollo,3,3,2,2,4
HH008244,HNW,0.0,desarrollo,0,4,2,0,4
HH008245,HNW,0.0,holdout,,,,,
HH008246,HNW,1.0,holdout,,,,,
HH008247,UHNW,0.0,desarrollo,0,2,1,3,0
HH008248,HNW,0.0,desarrollo,1,2,4,1,2
HH008249,HNW,0.0,desarrollo,0,1,4,4,0
HH008250,HNW,0.0,desarrollo,1,0,3,1,3
HH008251,HNW,0.0,desarrollo,2,1,0,0,4
HH008252,HNW,0.0,desarrollo,0,0,3,3,1
HH008253,HNW,0.0,desarrollo,4,1,4,4,3
HH008254,HNW,0.0,desarrollo,2,2,3,4,1
HH008255,HNW,0.0,desarrollo,0,4,4,0,1
HH008256,HNW,0.0,desarrollo,3,1,3,3,0
HH008257,HNW,0.0,desarrollo,3,1,4,1,0
HH008258,HNW,0.0,holdout,,,,,
HH008259,HNW,0.0,desarrollo,2,3,4,1,4
HH008260,HNW,0.0,holdout,,,,,
HH008261,HNW,0.0,desarrollo,1,2,4,4,0
HH008262,HNW,0.0,desarrollo,1,0,3,3,4
HH008263,HNW,0.0,desarrollo,1,3,1,2,4
HH008264,HNW,0.0,holdout,,,,,
HH008265,HNW,0.0,desarrollo,1,2,4,3,0
HH008266,HNW,0.0,desarrollo,4,1,1,2,4
HH008267,HNW,0.0,holdout,,,,,
HH008268,HNW,0.0,holdout,,,,,
HH008269,HNW,0.0,holdout,,,,,
HH008270,HNW,0.0,desarrollo,4,1,2,3,3
HH008271,UHNW,0.0,desarrollo,1,3,2,2,1
HH008272,HNW,0.0,desarrollo,3,1,2,4,0
HH008273,HNW,1.0,desarrollo,4,1,1,4,1
HH008274,HNW,0.0,desarrollo,0,0,2,2,4
HH008275,HNW,0.0,desarrollo,3,3,4,0,3
HH008276,HNW,0.0,desarrollo,3,3,1,0,4
HH008277,HNW,0.0,desarrollo,2,3,3,2,3
HH008278,UHNW,0.0,desarrollo,4,3,0,2,4
HH008279,HNW,0.0,desarrollo,3,1,3,0,4
HH008280,HNW,0.0,holdout,,,,,
HH008281,HNW,0.0,desarrollo,0,1,3,4,1
HH008282,HNW,0.0,desarrollo,1,1,1,3,2
HH008283,HNW,0.0,desarrollo,2,2,0,1,1
HH008284,HNW,0.0,desarrollo,0,1,4,3,2
HH008285,HNW,0.0,desarrollo,0,3,0,0,3
HH008286,HNW,0.0,desarrollo,1,1,0,2,3
HH008287,HNW,0.0,holdout,,,,,
HH008288,HNW,1.0,desarrollo,3,1,2,2,4
HH008289,HNW,0.0,holdout,,,,,
HH008290,HNW,0.0,desarrollo,0,0,3,2,2
HH008291,UHNW,0.0,desarrollo,0,1,2,1,1
HH008292,HNW,0.0,holdout,,,,,
HH008293,HNW,0.0,desarrollo,1,0,0,3,1
HH008294,HNW,0.0,desarrollo,3,4,1,0,4
HH008295,HNW,1.0,desarrollo,4,1,0,4,0
HH008296,HNW,0.0,desarrollo,0,0,3,3,4
HH008297,HNW,1.0,desarrollo,0,2,2,1,0
HH008298,HNW,0.0,desarrollo,4,1,0,2,1
HH008299,UHNW,0.0,desarrollo,4,2,2,0,1
HH008300,HNW,0.0,desarrollo,1,2,2,3,3
HH008301,HNW,0.0,desarrollo,3,4,4,0,2
HH008302,HNW,0.0,holdout,,,,,
HH008303,HNW,0.0,desarrollo,3,0,3,0,0
HH008304,HNW,0.0,holdout,,,,,
HH008305,HNW,0.0,desarrollo,1,2,2,2,3
HH008306,HNW,0.0,desarrollo,4,2,0,0,0
HH008307,HNW,0.0,desarrollo,1,1,4,3,0
HH008308,HNW,1.0,desarrollo,0,3,2,2,4
HH008309,HNW,1.0,desarrollo,1,0,2,3,4
HH008310,HNW,0.0,holdout,,,,,
HH008311,HNW,0.0,desarrollo,0,4,2,0,4
HH008312,HNW,0.0,holdout,,,,,
HH008313,HNW,0.0,desarrollo,0,1,3,3,0
HH008314,HNW,0.0,holdout,,,,,
HH008315,HNW,0.0,desarrollo,3,0,4,0,2
HH008316,HNW,0.0,desarrollo,0,1,1,2,4
HH008317,HNW,0.0,desarrollo,1,3,0,1,3
HH008318,HNW,0.0,desarrollo,0,0,0,3,1
HH008319,HNW,0.0,desarrollo,1,4,2,3,1
HH008320,HNW,0.0,desarrollo,1,4,3,0,3
HH008321,HNW,0.0,desarrollo,3,0,3,3,1
HH008322,HNW,0.0,desarrollo,4,0,0,1,1
HH008323,HNW,0.0,holdout,,,,,
HH008324,HNW,0.0,desarrollo,1,1,0,4,2
HH008325,HNW,0.0,desarrollo,4,4,4,2,4
HH008326,HNW,0.0,holdout,,,,,
HH008327,HNW,0.0,desarrollo,1,1,3,4,2
HH008328,HNW,0.0,holdout,,,,,
HH008329,HNW,1.0,desarrollo,2,1,1,4,2
HH008330,HNW,0.0,desarrollo,1,1,4,0,0
HH008331,HNW,0.0,desarrollo,0,0,2,3,4
HH008332,HNW,0.0,desarrollo,3,3,0,0,1
HH008333,HNW,0.0,desarrollo,1,1,4,4,0
HH008334,HNW,0.0,holdout,,,,,
HH008335,HNW,0.0,holdout,,,,,
HH008336,HNW,0.0,holdout,,,,,
HH008337,HNW,0.0,holdout,,,,,
HH008338,HNW,0.0,desarrollo,2,2,4,3,1
HH008339,UHNW,0.0,desarrollo,1,1,0,0,1
HH008340,HNW,0.0,holdout,,,,,
HH008341,HNW,0.0,desarrollo,4,0,1,3,0
HH008342,HNW,0.0,holdout,,,,,
HH008343,HNW,0.0,holdout,,,,,
HH008344,HNW,0.0,desarrollo,4,1,3,2,0
HH008345,HNW,0.0,desarrollo,0,0,0,0,0
HH008346,HNW,0.0,holdout,,,,,
HH008347,HNW,0.0,desarrollo,0,3,2,0,3
HH008348,HNW,1.0,holdout,,,,,
HH008349,HNW,0.0,desarrollo,1,3,2,1,3
HH008350,HNW,1.0,holdout,,,,,
HH008351,HNW,0.0,desarrollo,2,2,4,0,3
HH008352,HNW,0.0,holdout,,,,,
HH008353,HNW,0.0,desarrollo,1,4,1,0,2
HH008354,HNW,0.0,desarrollo,3,0,3,4,0
HH008355,HNW,0.0,holdout,,,,,
HH008356,HNW,0.0,desarrollo,0,3,2,1,1
HH008357,HNW,0.0,desarrollo,0,1,1,1,0
HH008358,HNW,0.0,desarrollo,0,1,0,2,3
HH008359,HNW,1.0,desarrollo,1,1,3,0,3
HH008360,HNW,0.0,desarrollo,2,3,3,0,2
HH008361,HNW,0.0,holdout,,,,,
HH008362,HNW,0.0,holdout,,,,,
HH008363,HNW,0.0,desarrollo,0,3,4,4,4
HH008364,HNW,0.0,desarrollo,4,3,2,2,3
HH008365,HNW,0.0,desarrollo,0,4,2,2,3
HH008366,HNW,0.0,holdout,,,,,
HH008367,HNW,0.0,desarrollo,2,0,3,3,2
HH008368,HNW,0.0,holdout,,,,,
HH008369,HNW,0.0,desarrollo,1,2,3,0,4
HH008370,HNW,0.0,holdout,,,,,
HH008371,HNW,0.0,desarrollo,3,2,1,1,2
HH008372,HNW,0.0,desarrollo,3,1,1,2,4
HH008373,HNW,0.0,desarrollo,0,2,0,0,2
HH008374,UHNW,0.0,desarrollo,3,4,1,4,1
HH008375,HNW,1.0,desarrollo,0,3,0,0,3
HH008376,HNW,0.0,desarrollo,2,4,3,1,1
HH008377,HNW,0.0,desarrollo,4,3,2,4,0
HH008378,HNW,0.0,desarrollo,2,0,0,2,1
HH008379,HNW,0.0,holdout,,,,,
HH008380,HNW,0.0,holdout,,,,,
HH008381,HNW,0.0,desarrollo,2,3,2,2,1
HH008382,HNW,0.0,holdout,,,,,
HH008383,HNW,0.0,desarrollo,2,0,2,0,4
HH008384,HNW,0.0,holdout,,,,,
HH008385,HNW,0.0,holdout,,,,,
HH008386,HNW,0.0,desarrollo,1,3,1,0,2
HH008387,HNW,0.0,holdout,,,,,
HH008388,HNW,0.0,holdout,,,,,
HH008389,HNW,0.0,desarrollo,1,3,3,0,2
HH008390,HNW,0.0,holdout,,,,,
HH008391,HNW,0.0,desarrollo,4,1,2,3,0
HH008392,HNW,1.0,desarrollo,0,0,4,0,0
HH008393,HNW,0.0,desarrollo,0,3,2,4,0
HH008394,HNW,0.0,desarrollo,3,1,4,2,1
HH008395,HNW,0.0,holdout,,,,,
HH008396,HNW,0.0,desarrollo,3,2,1,2,0
HH008397,UHNW,0.0,holdout,,,,,
HH008398,HNW,0.0,desarrollo,4,1,3,4,1
HH008399,HNW,0.0,desarrollo,3,4,4,3,1
HH008400,HNW,0.0,desarrollo,3,2,2,4,3
HH008401,HNW,0.0,desarrollo,2,3,4,3,2
HH008402,HNW,0.0,desarrollo,3,1,4,0,2
HH008403,HNW,0.0,desarrollo,1,2,4,1,2
HH008404,HNW,0.0,desarrollo,1,1,0,0,1
HH008405,UHNW,1.0,holdout,,,,,
HH008406,HNW,1.0,desarrollo,3,3,4,2,4
HH008407,HNW,0.0,desarrollo,0,2,1,0,1
HH008408,HNW,0.0,desarrollo,3,1,3,2,3
HH008409,HNW,1.0,desarrollo,2,0,1,4,1
HH008410,HNW,1.0,desarrollo,2,4,3,2,1
HH008411,HNW,0.0,holdout,,,,,
HH008412,HNW,0.0,desarrollo,2,0,2,4,3
HH008413,HNW,0.0,desarrollo,2,1,3,2,1
HH008414,HNW,0.0,holdout,,,,,
HH008415,HNW,0.0,desarrollo,0,1,2,2,4
HH008416,HNW,0.0,desarrollo,3,0,4,3,3
HH008417,HNW,0.0,holdout,,,,,
HH008418,HNW,0.0,desarrollo,4,1,0,0,3
HH008419,HNW,0.0,holdout,,,,,
HH008420,HNW,0.0,holdout,,,,,
HH008421,HNW,0.0,desarrollo,1,0,0,0,4
HH008422,HNW,0.0,holdout,,,,,
HH008423,HNW,0.0,holdout,,,,,
HH008424,HNW,0.0,desarrollo,1,3,3,1,0
HH008425,HNW,0.0,holdout,,,,,
HH008426,HNW,0.0,holdout,,,,,
HH008427,HNW,0.0,holdout,,,,,
HH008428,HNW,0.0,holdout,,,,,
HH008429,HNW,0.0,desarrollo,3,1,1,1,0
HH008430,HNW,0.0,desarrollo,2,3,2,4,4
HH008431,HNW,0.0,desarrollo,2,4,4,4,0
HH008432,HNW,0.0,desarrollo,3,0,4,0,3
HH008433,HNW,0.0,desarrollo,1,3,2,2,0
HH008434,HNW,0.0,desarrollo,3,3,0,0,1
HH008435,HNW,0.0,desarrollo,1,3,4,0,0
HH008436,HNW,1.0,desarrollo,3,2,2,0,2
HH008437,HNW,0.0,desarrollo,1,4,1,1,2
HH008438,HNW,0.0,desarrollo,3,1,3,1,4
HH008439,HNW,0.0,desarrollo,0,3,0,1,1
HH008440,HNW,0.0,desarrollo,4,2,1,1,3
HH008441,HNW,0.0,desarrollo,1,3,0,0,1
HH008442,HNW,0.0,desarrollo,4,2,3,2,1
HH008443,HNW,0.0,holdout,,,,,
HH008444,HNW,0.0,desarrollo,1,4,0,2,1
HH008445,HNW,0.0,desarrollo,0,4,4,3,1
HH008446,HNW,0.0,desarrollo,3,0,4,1,4
HH008447,HNW,0.0,desarrollo,1,4,0,0,2
HH008448,HNW,0.0,holdout,,,,,
HH008449,HNW,0.0,desarrollo,0,4,0,3,0
HH008450,HNW,0.0,desarrollo,0,1,3,4,1
HH008451,HNW,0.0,desarrollo,2,3,3,4,3
HH008452,HNW,0.0,holdout,,,,,
HH008453,HNW,0.0,desarrollo,3,2,4,0,3
HH008454,HNW,0.0,desarrollo,4,4,4,1,4
HH008455,HNW,0.0,desarrollo,1,1,2,3,1
HH008456,HNW,0.0,desarrollo,4,4,1,2,4
HH008457,HNW,1.0,desarrollo,2,0,0,2,1
HH008458,HNW,0.0,desarrollo,2,4,2,3,3
HH008459,HNW,0.0,holdout,,,,,
HH008460,HNW,0.0,holdout,,,,,
HH008461,HNW,0.0,desarrollo,4,3,0,2,4
HH008462,HNW,0.0,desarrollo,2,1,4,4,4
HH008463,HNW,0.0,desarrollo,4,0,1,2,2
HH008464,HNW,1.0,desarrollo,2,1,2,4,3
HH008465,HNW,0.0,desarrollo,0,4,3,2,2
HH008466,HNW,0.0,desarrollo,4,2,3,2,1
HH008467,HNW,0.0,holdout,,,,,
HH008468,HNW,0.0,desarrollo,0,0,0,3,1
HH008469,HNW,0.0,holdout,,,,,
HH008470,HNW,0.0,desarrollo,4,1,2,1,0
HH008471,UHNW,0.0,desarrollo,4,3,1,2,1
HH008472,HNW,0.0,desarrollo,1,4,1,1,2
HH008473,HNW,0.0,holdout,,,,,
HH008474,HNW,1.0,holdout,,,,,
HH008475,HNW,0.0,desarrollo,1,2,4,3,0
HH008476,HNW,0.0,desarrollo,4,0,4,0,0
HH008477,HNW,0.0,desarrollo,3,4,2,2,4
HH008478,HNW,0.0,desarrollo,1,2,1,2,0
HH008479,HNW,0.0,desarrollo,4,2,3,0,1
HH008480,HNW,0.0,desarrollo,1,0,4,0,3
HH008481,HNW,0.0,holdout,,,,,
HH008482,HNW,1.0,desarrollo,0,0,4,3,3
HH008483,HNW,0.0,desarrollo,2,0,1,0,2
HH008484,HNW,0.0,desarrollo,4,4,2,3,3
HH008485,HNW,0.0,holdout,,,,,
HH008486,HNW,0.0,desarrollo,4,2,0,4,3
HH008487,HNW,0.0,holdout,,,,,
HH008488,HNW,0.0,desarrollo,4,0,4,4,1
HH008489,HNW,0.0,desarrollo,2,3,1,0,0
HH008490,HNW,0.0,desarrollo,1,3,1,0,3
HH008491,HNW,,excluido,,,,,
HH008492,HNW,0.0,desarrollo,1,0,4,1,3
HH008493,HNW,0.0,desarrollo,4,1,2,4,2
HH008494,HNW,0.0,holdout,,,,,
HH008495,HNW,0.0,desarrollo,2,3,1,0,0
HH008496,UHNW,0.0,desarrollo,1,3,0,0,0
HH008497,HNW,0.0,desarrollo,3,2,2,1,2
HH008498,HNW,0.0,holdout,,,,,
HH008499,HNW,1.0,desarrollo,3,3,2,0,3
HH008500,HNW,0.0,desarrollo,1,2,3,4,0
HH008501,HNW,0.0,desarrollo,2,3,4,4,3
HH008502,HNW,0.0,desarrollo,1,1,2,2,0
HH008503,HNW,0.0,desarrollo,2,0,4,1,3
HH008504,HNW,0.0,desarrollo,0,4,1,4,3
HH008505,HNW,1.0,holdout,,,,,
HH008506,HNW,0.0,desarrollo,1,4,2,4,0
HH008507,HNW,0.0,desarrollo,2,4,2,3,1
HH008508,UHNW,0.0,desarrollo,4,1,4,0,1
HH008509,HNW,0.0,desarrollo,0,0,4,0,0
HH008510,HNW,0.0,desarrollo,4,2,0,3,2
HH008511,HNW,0.0,holdout,,,,,
HH008512,HNW,0.0,desarrollo,3,1,1,3,4
HH008513,HNW,0.0,desarrollo,4,3,3,1,0
HH008514,HNW,0.0,desarrollo,1,0,4,3,3
HH008515,HNW,0.0,desarrollo,2,4,3,2,0
HH008516,UHNW,0.0,desarrollo,0,1,1,2,4
HH008517,HNW,0.0,desarrollo,3,3,2,0,0
HH008518,HNW,0.0,desarrollo,2,2,0,0,0
HH008519,HNW,0.0,desarrollo,2,2,3,4,4
HH008520,HNW,0.0,desarrollo,4,1,0,4,1
HH008521,HNW,0.0,desarrollo,2,0,0,2,4
HH008522,HNW,1.0,desarrollo,4,0,1,4,3
HH008523,UHNW,0.0,desarrollo,0,4,4,4,0
HH008524,HNW,0.0,desarrollo,0,0,1,0,1
HH008525,HNW,0.0,desarrollo,2,0,0,3,0
HH008526,HNW,0.0,desarrollo,1,3,4,2,4
HH008527,HNW,0.0,desarrollo,2,1,1,0,3
HH008528,HNW,0.0,desarrollo,2,1,1,3,0
HH008529,HNW,0.0,holdout,,,,,
HH008530,HNW,0.0,desarrollo,4,0,2,2,2
HH008531,HNW,0.0,holdout,,,,,
HH008532,HNW,0.0,desarrollo,0,0,4,3,4
HH008533,HNW,0.0,desarrollo,0,2,0,1,3
HH008534,HNW,0.0,desarrollo,3,0,3,1,4
HH008535,HNW,0.0,desarrollo,1,2,3,0,2
HH008536,HNW,0.0,holdout,,,,,
HH008537,HNW,0.0,holdout,,,,,
HH008538,HNW,0.0,desarrollo,0,3,4,0,4
HH008539,HNW,0.0,desarrollo,1,4,1,3,1
HH008540,HNW,0.0,desarrollo,1,0,4,3,4
HH008541,HNW,0.0,holdout,,,,,
HH008542,HNW,0.0,desarrollo,3,1,1,3,0
HH008543,HNW,0.0,desarrollo,0,0,2,2,0
HH008544,HNW,0.0,desarrollo,0,1,4,1,2
HH008545,HNW,0.0,desarrollo,3,2,3,2,4
HH008546,HNW,0.0,desarrollo,3,4,2,4,0
HH008547,HNW,0.0,holdout,,,,,
HH008548,HNW,0.0,desarrollo,1,2,0,4,3
HH008549,HNW,0.0,desarrollo,2,0,0,0,0
HH008550,HNW,0.0,desarrollo,1,4,1,3,3
HH008551,HNW,0.0,desarrollo,1,0,3,1,2
HH008552,HNW,0.0,holdout,,,,,
HH008553,HNW,0.0,holdout,,,,,
HH008554,HNW,0.0,holdout,,,,,
HH008555,HNW,0.0,desarrollo,1,3,3,1,1
HH008556,HNW,0.0,desarrollo,3,4,1,2,0
HH008557,HNW,0.0,holdout,,,,,
HH008558,HNW,0.0,holdout,,,,,
HH008559,HNW,0.0,desarrollo,2,2,3,2,4
HH008560,HNW,0.0,desarrollo,1,2,4,0,2
HH008561,HNW,0.0,desarrollo,1,2,2,2,4
HH008562,HNW,0.0,holdout,,,,,
HH008563,HNW,0.0,desarrollo,1,1,0,0,4
HH008564,HNW,0.0,desarrollo,3,0,4,0,1
HH008565,HNW,0.0,desarrollo,4,2,0,1,1
HH008566,HNW,0.0,desarrollo,2,0,4,3,4
HH008567,HNW,0.0,holdout,,,,,
HH008568,HNW,0.0,desarrollo,1,1,2,0,0
HH008569,HNW,0.0,desarrollo,2,2,2,2,1
HH008570,HNW,0.0,holdout,,,,,
HH008571,HNW,1.0,desarrollo,1,2,4,0,2
HH008572,UHNW,0.0,desarrollo,2,3,4,0,0
HH008573,HNW,0.0,holdout,,,,,
HH008574,HNW,0.0,desarrollo,0,3,1,1,0
HH008575,HNW,0.0,desarrollo,2,3,3,2,4
HH008576,HNW,0.0,holdout,,,,,
HH008577,UHNW,0.0,desarrollo,0,4,0,1,2
HH008578,HNW,0.0,desarrollo,1,1,3,4,0
HH008579,HNW,0.0,desarrollo,4,4,2,1,0
HH008580,HNW,0.0,desarrollo,3,2,4,3,4
HH008581,HNW,0.0,holdout,,,,,
HH008582,HNW,0.0,holdout,,,,,
HH008583,HNW,0.0,holdout,,,,,
HH008584,HNW,0.0,desarrollo,4,2,0,4,3
HH008585,HNW,0.0,desarrollo,3,2,0,4,1
HH008586,HNW,0.0,desarrollo,2,1,0,1,3
HH008587,HNW,0.0,holdout,,,,,
HH008588,HNW,0.0,desarrollo,2,3,4,4,3
HH008589,UHNW,0.0,desarrollo,2,1,3,4,0
HH008590,HNW,0.0,desarrollo,3,0,2,4,2
HH008591,HNW,0.0,holdout,,,,,
HH008592,HNW,0.0,desarrollo,1,1,2,2,4
HH008593,HNW,0.0,desarrollo,1,0,1,3,3
HH008594,HNW,0.0,desarrollo,0,0,1,1,0
HH008595,HNW,0.0,desarrollo,4,1,0,1,3
HH008596,UHNW,0.0,desarrollo,0,0,2,4,1
HH008597,HNW,0.0,desarrollo,2,1,3,0,1
HH008598,HNW,0.0,desarrollo,1,0,0,4,2
HH008599,HNW,0.0,desarrollo,3,2,0,4,3
HH008600,HNW,0.0,desarrollo,4,2,1,2,3
HH008601,HNW,0.0,desarrollo,2,1,2,0,3
HH008602,HNW,0.0,holdout,,,,,
HH008603,HNW,0.0,desarrollo,3,4,4,1,2
HH008604,HNW,0.0,desarrollo,0,4,2,3,3
HH008605,HNW,0.0,desarrollo,4,0,1,1,0
HH008606,HNW,0.0,desarrollo,1,0,3,3,1
HH008607,HNW,0.0,desarrollo,1,4,1,2,4
HH008608,HNW,0.0,desarrollo,3,0,1,0,2
HH008609,HNW,0.0,holdout,,,,,
HH008610,HNW,0.0,holdout,,,,,
HH008611,HNW,0.0,desarrollo,4,4,3,0,3
HH008612,HNW,0.0,holdout,,,,,
HH008613,HNW,0.0,desarrollo,0,3,4,2,2
HH008614,HNW,0.0,desarrollo,0,3,1,1,3
HH008615,HNW,0.0,desarrollo,2,2,3,2,3
HH008616,HNW,0.0,desarrollo,0,0,3,1,4
HH008617,HNW,0.0,desarrollo,0,3,3,0,3
HH008618,HNW,0.0,desarrollo,1,4,4,0,4
HH008619,HNW,0.0,holdout,,,,,
HH008620,HNW,0.0,holdout,,,,,
HH008621,HNW,0.0,desarrollo,0,0,2,0,1
HH008622,HNW,0.0,desarrollo,2,0,1,3,2
HH008623,HNW,0.0,desarrollo,4,4,4,1,2
HH008624,HNW,0.0,holdout,,,,,
HH008625,HNW,0.0,holdout,,,,,
HH008626,HNW,0.0,holdout,,,,,
HH008627,HNW,1.0,desarrollo,2,4,3,1,4
HH008628,HNW,0.0,desarrollo,2,0,0,3,0
HH008629,HNW,0.0,desarrollo,3,0,0,1,4
HH008630,HNW,0.0,desarrollo,4,2,1,3,1
HH008631,HNW,0.0,desarrollo,0,1,2,3,4
HH008632,HNW,0.0,holdout,,,,,
HH008633,UHNW,0.0,desarrollo,1,0,0,2,1
HH008634,HNW,0.0,holdout,,,,,
HH008635,HNW,0.0,holdout,,,,,
HH008636,HNW,0.0,holdout,,,,,
HH008637,HNW,0.0,desarrollo,3,2,2,0,3
HH008638,HNW,0.0,desarrollo,1,4,3,4,1
HH008639,HNW,0.0,holdout,,,,,
HH008640,HNW,0.0,desarrollo,2,0,1,3,0
HH008641,UHNW,0.0,holdout,,,,,
HH008642,HNW,0.0,desarrollo,3,0,1,3,3
HH008643,HNW,0.0,desarrollo,4,1,1,4,4
HH008644,HNW,0.0,desarrollo,4,0,0,4,4
HH008645,HNW,0.0,desarrollo,1,1,2,1,0
HH008646,HNW,0.0,desarrollo,1,1,4,1,2
HH008647,HNW,0.0,holdout,,,,,
HH008648,HNW,0.0,desarrollo,4,1,3,0,1
HH008649,HNW,0.0,desarrollo,4,3,2,1,1
HH008650,HNW,0.0,desarrollo,0,2,2,3,2
HH008651,HNW,0.0,desarrollo,0,3,4,1,1
HH008652,HNW,0.0,desarrollo,0,4,3,1,3
HH008653,HNW,0.0,desarrollo,4,1,3,4,4
HH008654,HNW,0.0,desarrollo,2,1,4,2,2
HH008655,HNW,1.0,desarrollo,3,3,1,1,4
HH008656,HNW,0.0,desarrollo,3,2,1,4,3
HH008657,HNW,0.0,holdout,,,,,
HH008658,HNW,0.0,desarrollo,3,1,1,4,0
HH008659,HNW,0.0,desarrollo,2,4,0,3,4
HH008660,HNW,0.0,desarrollo,3,1,3,1,1
HH008661,HNW,1.0,holdout,,,,,
HH008662,HNW,0.0,desarrollo,2,2,4,1,1
HH008663,HNW,0.0,holdout,,,,,
HH008664,HNW,0.0,holdout,,,,,
HH008665,HNW,1.0,desarrollo,3,0,4,1,3
HH008666,HNW,0.0,desarrollo,0,3,3,0,4
HH008667,HNW,0.0,desarrollo,0,2,2,0,1
HH008668,HNW,0.0,holdout,,,,,
HH008669,HNW,1.0,holdout,,,,,
HH008670,HNW,0.0,desarrollo,4,1,4,2,3
HH008671,HNW,0.0,desarrollo,2,3,2,4,0
HH008672,HNW,0.0,holdout,,,,,
HH008673,HNW,0.0,holdout,,,,,
HH008674,HNW,1.0,desarrollo,0,1,3,0,4
HH008675,HNW,0.0,desarrollo,3,0,2,4,2
HH008676,HNW,0.0,desarrollo,3,4,0,1,3
HH008677,HNW,0.0,desarrollo,0,1,2,2,1
HH008678,HNW,0.0,desarrollo,3,2,4,0,4
HH008679,HNW,0.0,desarrollo,0,2,4,4,2
HH008680,HNW,0.0,holdout,,,,,
HH008681,HNW,0.0,desarrollo,3,4,2,3,4
HH008682,HNW,0.0,holdout,,,,,
HH008683,HNW,0.0,desarrollo,0,2,4,1,3
HH008684,HNW,0.0,holdout,,,,,
HH008685,HNW,0.0,desarrollo,2,3,4,2,0
HH008686,HNW,0.0,desarrollo,2,4,0,1,1
HH008687,HNW,0.0,desarrollo,3,2,2,1,2
HH008688,HNW,0.0,desarrollo,2,0,4,4,0
HH008689,HNW,0.0,desarrollo,0,4,2,1,1
HH008690,HNW,0.0,desarrollo,0,3,0,3,2
HH008691,HNW,0.0,desarrollo,0,4,0,3,1
HH008692,UHNW,0.0,desarrollo,3,4,1,0,0
HH008693,HNW,0.0,desarrollo,1,4,2,4,4
HH008694,HNW,0.0,desarrollo,1,3,0,3,0
HH008695,HNW,0.0,desarrollo,3,4,0,4,1
HH008696,HNW,0.0,desarrollo,1,2,4,4,3
HH008697,HNW,1.0,desarrollo,4,2,4,2,1
HH008698,HNW,0.0,holdout,,,,,
HH008699,HNW,0.0,holdout,,,,,
HH008700,HNW,0.0,desarrollo,3,1,3,2,2
HH008701,HNW,0.0,desarrollo,1,2,2,2,2
HH008702,UHNW,0.0,desarrollo,1,2,3,4,4
HH008703,HNW,0.0,desarrollo,1,2,1,4,2
HH008704,HNW,0.0,desarrollo,1,4,3,0,4
HH008705,HNW,0.0,holdout,,,,,
HH008706,HNW,0.0,desarrollo,0,3,1,1,2
HH008707,HNW,0.0,desarrollo,0,4,2,1,3
HH008708,HNW,0.0,desarrollo,0,0,1,2,0
HH008709,HNW,1.0,holdout,,,,,
HH008710,HNW,0.0,desarrollo,1,4,1,1,0
HH008711,HNW,0.0,holdout,,,,,
HH008712,HNW,0.0,desarrollo,4,2,0,3,2
HH008713,HNW,0.0,desarrollo,0,3,4,2,2
HH008714,HNW,0.0,desarrollo,4,0,3,4,1
HH008715,HNW,0.0,desarrollo,3,3,0,1,1
HH008716,HNW,0.0,desarrollo,0,0,3,2,1
HH008717,HNW,0.0,desarrollo,3,2,0,0,1
HH008718,HNW,0.0,desarrollo,3,4,0,4,4
HH008719,HNW,0.0,desarrollo,3,2,4,0,1
HH008720,HNW,0.0,holdout,,,,,
HH008721,HNW,0.0,desarrollo,1,1,1,1,1
HH008722,HNW,0.0,desarrollo,0,1,3,1,0
HH008723,HNW,0.0,desarrollo,0,3,4,0,4
HH008724,HNW,0.0,holdout,,,,,
HH008725,HNW,0.0,desarrollo,4,4,1,3,0
HH008726,HNW,0.0,desarrollo,1,4,0,3,1
HH008727,UHNW,0.0,desarrollo,3,3,0,2,3
HH008728,HNW,0.0,desarrollo,3,2,4,1,4
HH008729,HNW,0.0,desarrollo,3,4,0,3,3
HH008730,HNW,0.0,desarrollo,2,0,3,3,2
HH008731,HNW,0.0,holdout,,,,,
HH008732,HNW,0.0,desarrollo,3,0,2,0,1
HH008733,HNW,0.0,holdout,,,,,
HH008734,HNW,0.0,desarrollo,1,4,0,2,2
HH008735,HNW,0.0,desarrollo,3,2,0,1,4
HH008736,HNW,0.0,desarrollo,0,1,3,4,0
HH008737,UHNW,0.0,desarrollo,0,0,2,1,4
HH008738,HNW,0.0,desarrollo,4,1,1,1,3
HH008739,HNW,0.0,holdout,,,,,
HH008740,HNW,0.0,desarrollo,2,1,1,3,0
HH008741,HNW,0.0,desarrollo,0,2,1,0,3
HH008742,HNW,0.0,desarrollo,2,3,1,0,3
HH008743,HNW,0.0,desarrollo,4,4,0,4,4
HH008744,HNW,0.0,holdout,,,,,
HH008745,HNW,0.0,desarrollo,2,2,2,2,2
HH008746,HNW,0.0,desarrollo,4,0,2,3,2
HH008747,HNW,0.0,holdout,,,,,
HH008748,HNW,0.0,desarrollo,0,3,3,0,4
HH008749,HNW,0.0,desarrollo,4,4,2,4,0
HH008750,HNW,0.0,desarrollo,2,4,3,3,4
HH008751,HNW,0.0,desarrollo,4,3,3,4,2
HH008752,HNW,0.0,desarrollo,3,1,3,1,0
HH008753,HNW,0.0,desarrollo,1,1,2,1,1
HH008754,HNW,0.0,desarrollo,2,0,0,0,3
HH008755,HNW,0.0,desarrollo,0,1,2,1,2
HH008756,HNW,0.0,desarrollo,3,2,0,3,2
HH008757,HNW,0.0,desarrollo,4,3,0,2,1
HH008758,UHNW,0.0,desarrollo,0,4,1,4,4
HH008759,HNW,0.0,desarrollo,4,2,0,2,4
HH008760,HNW,0.0,holdout,,,,,
HH008761,HNW,0.0,desarrollo,4,4,2,0,4
HH008762,HNW,0.0,desarrollo,3,0,2,2,4
HH008763,HNW,0.0,desarrollo,2,2,2,2,1
HH008764,HNW,0.0,desarrollo,3,4,0,4,2
HH008765,HNW,0.0,desarrollo,0,2,0,3,0
HH008766,HNW,0.0,holdout,,,,,
HH008767,HNW,0.0,holdout,,,,,
HH008768,HNW,0.0,desarrollo,3,0,0,2,1
HH008769,HNW,0.0,holdout,,,,,
HH008770,HNW,0.0,desarrollo,3,3,0,4,0
HH008771,HNW,0.0,desarrollo,3,2,1,0,2
HH008772,HNW,1.0,desarrollo,4,4,3,3,1
HH008773,HNW,0.0,holdout,,,,,
HH008774,HNW,0.0,desarrollo,2,3,3,1,2
HH008775,HNW,0.0,desarrollo,1,2,0,1,4
HH008776,HNW,0.0,desarrollo,0,1,0,1,1
HH008777,HNW,0.0,desarrollo,0,3,2,2,2
HH008778,HNW,0.0,desarrollo,1,0,2,1,2
HH008779,HNW,0.0,desarrollo,1,1,3,0,4
HH008780,HNW,0.0,desarrollo,3,0,0,1,0
HH008781,HNW,0.0,desarrollo,1,3,4,2,0
HH008782,HNW,0.0,holdout,,,,,
HH008783,HNW,0.0,desarrollo,1,0,1,0,3
HH008784,HNW,0.0,desarrollo,0,0,0,3,2
HH008785,HNW,0.0,desarrollo,1,0,4,3,3
HH008786,HNW,0.0,desarrollo,0,0,1,0,0
HH008787,HNW,0.0,desarrollo,0,3,0,2,4
HH008788,HNW,0.0,desarrollo,3,0,1,1,3
HH008789,HNW,0.0,holdout,,,,,
HH008790,HNW,0.0,desarrollo,1,3,1,0,2
HH008791,UHNW,0.0,desarrollo,0,3,3,4,2
HH008792,HNW,0.0,desarrollo,2,3,0,4,4
HH008793,HNW,0.0,holdout,,,,,
HH008794,HNW,0.0,desarrollo,0,1,1,4,2
HH008795,HNW,0.0,holdout,,,,,
HH008796,HNW,0.0,desarrollo,4,4,3,3,2
HH008797,HNW,0.0,desarrollo,2,2,4,0,0
HH008798,HNW,0.0,desarrollo,3,1,0,0,3
HH008799,HNW,0.0,desarrollo,4,4,0,2,2
HH008800,HNW,0.0,desarrollo,2,2,3,3,2
HH008801,UHNW,0.0,desarrollo,1,3,3,1,0
HH008802,HNW,0.0,desarrollo,4,0,2,4,3
HH008803,HNW,0.0,desarrollo,3,0,0,2,2
HH008804,HNW,0.0,desarrollo,2,3,3,2,3
HH008805,HNW,0.0,desarrollo,4,2,2,0,1
HH008806,HNW,0.0,desarrollo,0,0,3,0,0
HH008807,HNW,1.0,desarrollo,4,3,1,2,2
HH008808,HNW,0.0,desarrollo,2,0,2,4,3
HH008809,HNW,0.0,desarrollo,3,2,0,2,3
HH008810,HNW,0.0,desarrollo,2,4,2,0,3
HH008811,HNW,0.0,holdout,,,,,
HH008812,HNW,0.0,holdout,,,,,
HH008813,HNW,0.0,desarrollo,3,2,3,1,2
HH008814,HNW,0.0,desarrollo,1,0,0,4,2
HH008815,HNW,0.0,desarrollo,0,2,4,1,1
HH008816,HNW,0.0,desarrollo,0,2,0,2,2
HH008817,HNW,0.0,holdout,,,,,
HH008818,HNW,0.0,desarrollo,0,4,2,2,1
HH008819,HNW,0.0,desarrollo,1,1,1,4,1
HH008820,HNW,0.0,holdout,,,,,
HH008821,HNW,0.0,desarrollo,2,4,0,0,0
HH008822,HNW,0.0,holdout,,,,,
HH008823,HNW,0.0,holdout,,,,,
HH008824,HNW,0.0,desarrollo,1,3,3,2,2
HH008825,UHNW,0.0,holdout,,,,,
HH008826,HNW,0.0,desarrollo,2,4,3,2,4
HH008827,HNW,0.0,desarrollo,2,4,1,2,2
HH008828,HNW,0.0,desarrollo,1,3,4,3,0
HH008829,HNW,0.0,desarrollo,4,3,2,1,2
HH008830,HNW,0.0,desarrollo,1,4,0,3,3
HH008831,UHNW,0.0,desarrollo,2,1,1,4,4
HH008832,HNW,0.0,desarrollo,2,4,3,0,0
HH008833,HNW,0.0,desarrollo,4,4,1,1,3
HH008834,HNW,0.0,desarrollo,4,1,1,1,0
HH008835,HNW,0.0,desarrollo,3,1,3,2,3
HH008836,HNW,0.0,desarrollo,2,0,1,0,0
HH008837,HNW,0.0,desarrollo,0,1,4,1,3
HH008838,HNW,0.0,desarrollo,0,2,4,0,2
HH008839,HNW,0.0,desarrollo,4,3,4,1,4
HH008840,HNW,0.0,holdout,,,,,
HH008841,HNW,0.0,holdout,,,,,
HH008842,HNW,0.0,desarrollo,2,0,0,2,0
HH008843,HNW,0.0,desarrollo,1,1,4,1,1
HH008844,HNW,0.0,desarrollo,1,3,3,1,1
HH008845,HNW,0.0,desarrollo,4,3,3,3,4
HH008846,HNW,0.0,desarrollo,0,0,4,3,0
HH008847,UHNW,0.0,desarrollo,2,1,4,3,1
HH008848,HNW,0.0,desarrollo,1,2,4,2,4
HH008849,HNW,0.0,holdout,,,,,
HH008850,HNW,0.0,holdout,,,,,
HH008851,HNW,0.0,desarrollo,2,3,2,3,1
HH008852,HNW,0.0,holdout,,,,,
HH008853,HNW,0.0,desarrollo,3,0,2,1,2
HH008854,UHNW,1.0,desarrollo,2,0,4,4,1
HH008855,HNW,0.0,holdout,,,,,
HH008856,HNW,0.0,holdout,,,,,
HH008857,HNW,0.0,desarrollo,0,4,0,0,3
HH008858,HNW,0.0,desarrollo,2,3,1,2,4
HH008859,HNW,0.0,desarrollo,2,0,2,1,3
HH008860,HNW,0.0,desarrollo,3,4,2,0,0
HH008861,HNW,0.0,holdout,,,,,
HH008862,HNW,0.0,desarrollo,0,3,3,0,3
HH008863,HNW,1.0,desarrollo,1,4,2,2,3
HH008864,HNW,0.0,desarrollo,1,0,3,2,1
HH008865,HNW,0.0,desarrollo,3,0,2,1,0
HH008866,HNW,0.0,desarrollo,4,1,2,2,2
HH008867,HNW,0.0,desarrollo,2,4,4,1,4
HH008868,HNW,0.0,holdout,,,,,
HH008869,HNW,0.0,desarrollo,0,0,4,4,0
HH008870,HNW,0.0,desarrollo,2,3,2,3,2
HH008871,HNW,0.0,holdout,,,,,
HH008872,HNW,1.0,holdout,,,,,
HH008873,HNW,0.0,holdout,,,,,
HH008874,HNW,0.0,desarrollo,4,3,4,4,0
HH008875,HNW,0.0,holdout,,,,,
HH008876,HNW,0.0,desarrollo,2,1,3,2,4
HH008877,HNW,0.0,desarrollo,4,3,2,3,3
HH008878,HNW,0.0,desarrollo,1,0,3,2,3
HH008879,HNW,0.0,desarrollo,0,2,2,4,1
HH008880,HNW,0.0,desarrollo,1,4,4,0,0
HH008881,HNW,0.0,desarrollo,0,3,2,4,1
HH008882,HNW,0.0,holdout,,,,,
HH008883,HNW,0.0,holdout,,,,,
HH008884,HNW,0.0,desarrollo,3,3,0,1,0
HH008885,HNW,0.0,holdout,,,,,
HH008886,UHNW,0.0,desarrollo,2,1,2,1,2
HH008887,HNW,0.0,holdout,,,,,
HH008888,HNW,0.0,desarrollo,1,1,0,3,0
HH008889,HNW,0.0,holdout,,,,,
HH008890,HNW,0.0,desarrollo,0,0,1,2,3
HH008891,HNW,0.0,desarrollo,3,4,2,0,1
HH008892,HNW,0.0,holdout,,,,,
HH008893,HNW,0.0,desarrollo,3,1,4,1,3
HH008894,HNW,0.0,desarrollo,4,0,1,0,1
HH008895,HNW,0.0,desarrollo,3,1,3,4,3
HH008896,HNW,0.0,desarrollo,3,2,3,4,2
HH008897,HNW,0.0,desarrollo,3,0,0,3,4
HH008898,HNW,0.0,holdout,,,,,
HH008899,HNW,0.0,desarrollo,0,0,0,3,2
HH008900,HNW,0.0,desarrollo,0,2,1,0,1
HH008901,HNW,0.0,desarrollo,4,0,3,2,4
HH008902,HNW,0.0,desarrollo,3,4,1,2,4
HH008903,HNW,0.0,desarrollo,1,3,4,0,1
HH008904,HNW,0.0,holdout,,,,,
HH008905,HNW,0.0,desarrollo,4,1,4,4,4
HH008906,HNW,1.0,holdout,,,,,
HH008907,HNW,0.0,desarrollo,1,0,1,1,2
HH008908,HNW,0.0,holdout,,,,,
HH008909,HNW,0.0,holdout,,,,,
HH008910,HNW,0.0,desarrollo,2,4,3,0,1
HH008911,HNW,0.0,desarrollo,2,3,1,0,4
HH008912,HNW,0.0,holdout,,,,,
HH008913,HNW,0.0,holdout,,,,,
HH008914,HNW,1.0,desarrollo,0,4,3,4,4
HH008915,HNW,0.0,desarrollo,4,0,1,2,1
HH008916,HNW,0.0,desarrollo,1,0,0,2,0
HH008917,HNW,0.0,desarrollo,3,1,1,2,1
HH008918,HNW,0.0,holdout,,,,,
HH008919,HNW,0.0,holdout,,,,,
HH008920,HNW,0.0,desarrollo,2,1,1,0,1
HH008921,HNW,0.0,desarrollo,1,4,2,1,3
HH008922,HNW,1.0,holdout,,,,,
HH008923,UHNW,,excluido,,,,,
HH008924,HNW,0.0,desarrollo,2,1,2,2,3
HH008925,HNW,1.0,desarrollo,1,3,2,3,4
HH008926,HNW,0.0,holdout,,,,,
HH008927,HNW,0.0,desarrollo,1,0,2,2,3
HH008928,HNW,0.0,desarrollo,4,3,4,3,0
HH008929,HNW,1.0,desarrollo,2,1,4,4,2
HH008930,HNW,0.0,desarrollo,4,1,4,0,0
HH008931,HNW,0.0,desarrollo,2,1,2,3,4
HH008932,HNW,0.0,desarrollo,3,3,4,3,3
HH008933,HNW,0.0,desarrollo,3,3,4,0,1
HH008934,HNW,0.0,desarrollo,0,4,1,4,2
HH008935,HNW,0.0,holdout,,,,,
HH008936,HNW,0.0,desarrollo,0,3,0,3,2
HH008937,HNW,0.0,desarrollo,1,3,3,2,2
HH008938,HNW,0.0,desarrollo,4,1,2,0,3
HH008939,HNW,0.0,desarrollo,4,4,1,2,4
HH008940,HNW,1.0,holdout,,,,,
HH008941,HNW,0.0,desarrollo,4,1,0,4,3
HH008942,UHNW,0.0,desarrollo,2,1,0,0,3
HH008943,HNW,0.0,desarrollo,2,3,4,3,3
HH008944,HNW,0.0,desarrollo,4,4,4,0,2
HH008945,HNW,0.0,holdout,,,,,
HH008946,HNW,0.0,desarrollo,4,1,2,0,0
HH008947,HNW,0.0,holdout,,,,,
HH008948,HNW,0.0,desarrollo,0,4,3,0,1
HH008949,HNW,0.0,desarrollo,4,4,0,2,2
HH008950,HNW,0.0,holdout,,,,,
HH008951,HNW,0.0,holdout,,,,,
HH008952,HNW,0.0,desarrollo,0,2,2,0,0
HH008953,HNW,0.0,holdout,,,,,
HH008954,HNW,0.0,desarrollo,4,4,3,0,1
HH008955,HNW,0.0,holdout,,,,,
HH008956,HNW,1.0,desarrollo,4,1,0,1,2
HH008957,HNW,0.0,desarrollo,1,1,0,1,4
HH008958,HNW,1.0,desarrollo,0,2,0,3,1
HH008959,HNW,1.0,holdout,,,,,
HH008960,HNW,0.0,desarrollo,1,0,3,2,4
HH008961,HNW,0.0,holdout,,,,,
HH008962,HNW,0.0,desarrollo,2,1,4,2,4
HH008963,HNW,0.0,desarrollo,0,1,3,0,0
HH008964,HNW,1.0,desarrollo,4,2,1,4,0
HH008965,HNW,0.0,desarrollo,1,1,4,2,0
HH008966,HNW,0.0,holdout,,,,,
HH008967,HNW,0.0,desarrollo,1,2,3,2,2
HH008968,HNW,0.0,desarrollo,2,1,0,3,2
HH008969,HNW,0.0,desarrollo,1,4,1,0,2
HH008970,HNW,0.0,desarrollo,4,1,2,1,2
HH008971,HNW,0.0,desarrollo,4,1,1,0,1
HH008972,HNW,0.0,desarrollo,1,2,2,4,1
HH008973,HNW,0.0,desarrollo,1,3,0,0,1
HH008974,HNW,1.0,desarrollo,3,0,3,1,0
HH008975,HNW,0.0,desarrollo,1,2,3,1,3
HH008976,HNW,0.0,holdout,,,,,
HH008977,HNW,0.0,desarrollo,2,2,0,2,0
HH008978,HNW,0.0,desarrollo,0,3,0,2,3
HH008979,HNW,0.0,desarrollo,4,3,3,4,1
HH008980,HNW,0.0,desarrollo,3,4,1,2,3
HH008981,HNW,0.0,holdout,,,,,
HH008982,HNW,0.0,desarrollo,4,3,3,3,3
HH008983,HNW,0.0,holdout,,,,,
HH008984,HNW,0.0,desarrollo,2,4,1,4,4
HH008985,HNW,0.0,desarrollo,3,1,3,3,2
HH008986,HNW,0.0,desarrollo,0,2,0,3,1
HH008987,UHNW,0.0,desarrollo,3,4,1,3,2
HH008988,HNW,0.0,desarrollo,3,3,0,1,0
HH008989,HNW,1.0,desarrollo,1,4,1,3,0
HH008990,HNW,0.0,desarrollo,1,4,4,2,4
HH008991,HNW,0.0,holdout,,,,,
HH008992,HNW,1.0,holdout,,,,,
HH008993,HNW,0.0,desarrollo,3,2,0,2,2
HH008994,UHNW,0.0,desarrollo,4,2,3,3,4
HH008995,HNW,0.0,desarrollo,0,0,3,2,3
HH008996,HNW,0.0,holdout,,,,,
HH008997,HNW,0.0,holdout,,,,,
HH008998,HNW,0.0,desarrollo,3,4,0,3,2
HH008999,HNW,0.0,holdout,,,,,
HH009000,HNW,0.0,desarrollo,2,4,1,3,2
HH009001,HNW,0.0,holdout,,,,,
HH009002,HNW,0.0,desarrollo,3,3,2,4,3
HH009003,HNW,0.0,desarrollo,1,3,0,4,4
HH009004,HNW,0.0,desarrollo,0,3,4,0,0
HH009005,HNW,0.0,desarrollo,0,3,3,1,1
HH009006,HNW,0.0,desarrollo,4,3,1,3,3
HH009007,HNW,0.0,desarrollo,4,2,1,0,0
HH009008,HNW,0.0,holdout,,,,,
HH009009,HNW,0.0,holdout,,,,,
HH009010,HNW,0.0,desarrollo,0,1,3,0,3
HH009011,HNW,0.0,desarrollo,4,4,1,0,3
HH009012,HNW,0.0,desarrollo,3,1,1,1,2
HH009013,UHNW,0.0,holdout,,,,,
HH009014,HNW,0.0,desarrollo,4,1,2,2,4
HH009015,HNW,1.0,holdout,,,,,
HH009016,HNW,0.0,desarrollo,3,0,2,4,1
HH009017,HNW,0.0,holdout,,,,,
HH009018,HNW,0.0,desarrollo,0,3,3,0,4
HH009019,HNW,0.0,desarrollo,1,4,2,0,4
HH009020,HNW,0.0,desarrollo,4,1,1,1,3
HH009021,HNW,1.0,desarrollo,0,0,3,1,3
HH009022,HNW,1.0,desarrollo,4,4,0,2,1
HH009023,HNW,0.0,holdout,,,,,
HH009024,HNW,0.0,desarrollo,3,0,0,4,2
HH009025,HNW,0.0,desarrollo,2,4,4,3,0
HH009026,HNW,0.0,desarrollo,4,1,2,1,0
HH009027,HNW,1.0,holdout,,,,,
HH009028,HNW,0.0,desarrollo,4,2,4,4,4
HH009029,HNW,0.0,desarrollo,1,3,4,0,1
HH009030,HNW,0.0,holdout,,,,,
HH009031,HNW,0.0,desarrollo,1,0,2,4,2
HH009032,HNW,0.0,desarrollo,4,2,1,2,1
HH009033,HNW,0.0,holdout,,,,,
HH009034,HNW,0.0,desarrollo,4,0,1,4,1
HH009035,HNW,0.0,holdout,,,,,
HH009036,HNW,0.0,holdout,,,,,
HH009037,HNW,0.0,desarrollo,2,0,0,0,1
HH009038,HNW,0.0,desarrollo,2,1,4,3,3
HH009039,HNW,0.0,desarrollo,2,2,0,4,2
HH009040,HNW,0.0,desarrollo,3,2,0,1,2
HH009041,HNW,1.0,desarrollo,2,3,0,2,3
HH009042,HNW,0.0,desarrollo,0,3,1,3,2
HH009043,HNW,0.0,holdout,,,,,
HH009044,HNW,0.0,holdout,,,,,
HH009045,HNW,0.0,desarrollo,1,1,3,1,1
HH009046,HNW,1.0,desarrollo,1,2,1,1,3
HH009047,HNW,0.0,holdout,,,,,
HH009048,HNW,0.0,desarrollo,1,2,4,4,4
HH009049,HNW,0.0,holdout,,,,,
HH009050,HNW,0.0,desarrollo,1,3,0,3,4
HH009051,HNW,0.0,holdout,,,,,
HH009052,HNW,0.0,holdout,,,,,
HH009053,HNW,0.0,desarrollo,0,1,3,3,1
HH009054,HNW,0.0,holdout,,,,,
HH009055,HNW,0.0,desarrollo,2,1,2,1,4
HH009056,HNW,0.0,desarrollo,1,3,0,0,1
HH009057,HNW,0.0,holdout,,,,,
HH009058,HNW,0.0,holdout,,,,,
HH009059,HNW,1.0,desarrollo,4,1,0,1,2
HH009060,HNW,0.0,holdout,,,,,
HH009061,UHNW,0.0,desarrollo,3,4,1,1,1
HH009062,HNW,0.0,desarrollo,4,4,3,1,0
HH009063,HNW,1.0,desarrollo,0,4,3,0,2
HH009064,HNW,0.0,holdout,,,,,
HH009065,HNW,0.0,holdout,,,,,
HH009066,HNW,0.0,desarrollo,4,3,0,2,4
HH009067,HNW,0.0,holdout,,,,,
HH009068,HNW,0.0,desarrollo,4,3,3,3,1
HH009069,HNW,0.0,desarrollo,0,2,0,2,3
HH009070,HNW,0.0,holdout,,,,,
HH009071,HNW,0.0,holdout,,,,,
HH009072,HNW,0.0,holdout,,,,,
HH009073,HNW,0.0,desarrollo,1,0,3,4,0
HH009074,HNW,1.0,holdout,,,,,
HH009075,HNW,0.0,holdout,,,,,
HH009076,HNW,0.0,holdout,,,,,
HH009077,HNW,0.0,desarrollo,3,1,3,0,3
HH009078,HNW,0.0,desarrollo,2,2,3,0,2
HH009079,HNW,0.0,desarrollo,3,4,0,1,4
HH009080,HNW,0.0,desarrollo,2,1,1,2,1
HH009081,HNW,0.0,desarrollo,3,2,0,1,1
HH009082,UHNW,0.0,desarrollo,0,4,4,3,0
HH009083,HNW,0.0,desarrollo,2,3,4,2,4
HH009084,HNW,0.0,desarrollo,4,3,2,2,4
HH009085,HNW,0.0,desarrollo,1,0,2,3,4
HH009086,HNW,1.0,desarrollo,3,2,0,2,4
HH009087,HNW,0.0,holdout,,,,,
HH009088,HNW,0.0,holdout,,,,,
HH009089,HNW,0.0,desarrollo,2,1,4,2,1
HH009090,UHNW,0.0,desarrollo,3,1,2,2,1
HH009091,UHNW,0.0,desarrollo,3,0,0,1,0
HH009092,UHNW,1.0,desarrollo,4,1,1,2,1
HH009093,HNW,0.0,desarrollo,0,4,3,1,4
HH009094,HNW,0.0,desarrollo,1,3,2,2,2
HH009095,HNW,0.0,desarrollo,0,0,4,2,2
HH009096,HNW,0.0,desarrollo,4,4,0,3,0
HH009097,HNW,0.0,desarrollo,1,4,4,3,0
HH009098,HNW,0.0,holdout,,,,,
HH009099,HNW,0.0,desarrollo,0,2,1,4,1
HH009100,HNW,0.0,holdout,,,,,
HH009101,HNW,0.0,desarrollo,4,3,2,1,4
HH009102,HNW,0.0,desarrollo,2,1,3,3,1
HH009103,HNW,0.0,desarrollo,4,4,3,2,1
HH009104,HNW,0.0,desarrollo,3,4,4,4,0
HH009105,HNW,0.0,desarrollo,3,3,4,2,3
HH009106,HNW,0.0,holdout,,,,,
HH009107,HNW,0.0,holdout,,,,,
HH009108,HNW,0.0,desarrollo,1,1,0,4,2
HH009109,UHNW,0.0,desarrollo,3,1,2,4,4
HH009110,HNW,0.0,desarrollo,4,3,2,0,3
HH009111,HNW,0.0,holdout,,,,,
HH009112,HNW,0.0,desarrollo,4,0,0,4,1
HH009113,HNW,0.0,holdout,,,,,
HH009114,HNW,0.0,desarrollo,0,0,2,2,1
HH009115,HNW,0.0,desarrollo,2,2,2,1,3
HH009116,HNW,0.0,holdout,,,,,
HH009117,UHNW,0.0,holdout,,,,,
HH009118,HNW,1.0,desarrollo,4,2,0,2,1
HH009119,HNW,0.0,desarrollo,2,2,3,0,3
HH009120,HNW,0.0,holdout,,,,,
HH009121,HNW,0.0,desarrollo,3,2,3,4,4
HH009122,HNW,0.0,desarrollo,2,3,4,3,0
HH009123,HNW,0.0,desarrollo,1,3,4,3,3
HH009124,HNW,0.0,desarrollo,1,0,3,1,3
HH009125,HNW,0.0,desarrollo,3,1,0,0,2
HH009126,HNW,0.0,desarrollo,4,2,1,0,0
HH009127,HNW,0.0,holdout,,,,,
HH009128,HNW,0.0,desarrollo,3,3,2,1,0
HH009129,HNW,0.0,desarrollo,4,0,3,0,0
HH009130,UHNW,0.0,holdout,,,,,
HH009131,HNW,0.0,holdout,,,,,
HH009132,HNW,0.0,desarrollo,0,3,0,2,4
HH009133,HNW,0.0,desarrollo,3,0,2,4,4
HH009134,HNW,0.0,desarrollo,0,1,1,2,2
HH009135,HNW,0.0,desarrollo,0,2,2,3,0
HH009136,HNW,0.0,holdout,,,,,
HH009137,HNW,0.0,desarrollo,1,0,4,3,3
HH009138,HNW,0.0,desarrollo,1,4,4,2,0
HH009139,HNW,0.0,desarrollo,4,4,0,0,3
HH009140,HNW,0.0,desarrollo,1,3,0,0,2
HH009141,HNW,0.0,desarrollo,2,1,0,0,3
HH009142,HNW,0.0,desarrollo,1,2,0,3,4
HH009143,HNW,0.0,desarrollo,3,4,2,1,1
HH009144,HNW,0.0,desarrollo,3,3,0,2,4
HH009145,HNW,0.0,desarrollo,0,4,4,4,3
HH009146,HNW,0.0,holdout,,,,,
HH009147,HNW,0.0,desarrollo,2,0,1,3,0
HH009148,HNW,0.0,holdout,,,,,
HH009149,HNW,0.0,desarrollo,4,2,4,0,0
HH009150,HNW,0.0,desarrollo,2,2,1,1,2
HH009151,HNW,0.0,holdout,,,,,
HH009152,HNW,0.0,desarrollo,3,1,0,2,4
HH009153,HNW,0.0,desarrollo,0,3,3,0,1
HH009154,HNW,0.0,desarrollo,1,4,1,0,4
HH009155,HNW,0.0,desarrollo,2,0,1,0,1
HH009156,HNW,0.0,holdout,,,,,
HH009157,HNW,0.0,desarrollo,2,1,1,3,0
HH009158,HNW,0.0,holdout,,,,,
HH009159,UHNW,0.0,desarrollo,3,2,1,4,3
HH009160,HNW,0.0,desarrollo,1,1,0,0,1
HH009161,HNW,0.0,desarrollo,1,1,3,3,0
HH009162,HNW,0.0,desarrollo,2,2,4,3,3
HH009163,HNW,0.0,desarrollo,3,4,2,4,4
HH009164,HNW,0.0,desarrollo,0,2,0,0,2
HH009165,HNW,0.0,desarrollo,2,4,0,3,3
HH009166,HNW,0.0,holdout,,,,,
HH009167,HNW,0.0,holdout,,,,,
HH009168,UHNW,0.0,desarrollo,1,2,2,0,1
HH009169,HNW,0.0,holdout,,,,,
HH009170,HNW,0.0,desarrollo,0,3,4,4,2
HH009171,HNW,0.0,desarrollo,0,3,3,2,1
HH009172,HNW,0.0,holdout,,,,,
HH009173,HNW,0.0,desarrollo,3,2,3,0,2
HH009174,HNW,0.0,desarrollo,1,1,1,1,4
HH009175,HNW,0.0,desarrollo,1,1,1,1,3
HH009176,HNW,0.0,holdout,,,,,
HH009177,HNW,0.0,desarrollo,3,3,2,0,1
HH009178,HNW,0.0,desarrollo,2,1,2,1,0
HH009179,HNW,0.0,desarrollo,3,4,2,0,4
HH009180,UHNW,0.0,holdout,,,,,
HH009181,UHNW,0.0,desarrollo,3,3,3,1,4
HH009182,HNW,0.0,holdout,,,,,
HH009183,HNW,0.0,desarrollo,3,1,0,4,3
HH009184,HNW,0.0,desarrollo,0,0,4,0,2
HH009185,UHNW,0.0,holdout,,,,,
HH009186,HNW,0.0,holdout,,,,,
HH009187,HNW,0.0,desarrollo,3,4,0,0,3
HH009188,HNW,1.0,desarrollo,3,3,2,4,3
HH009189,HNW,0.0,holdout,,,,,
HH009190,HNW,0.0,desarrollo,1,0,1,1,3
HH009191,HNW,0.0,desarrollo,4,4,3,2,0
HH009192,UHNW,0.0,desarrollo,2,1,0,2,4
HH009193,UHNW,0.0,desarrollo,2,3,4,2,3
HH009194,HNW,0.0,desarrollo,0,3,1,1,1
HH009195,HNW,0.0,desarrollo,3,0,2,1,1
HH009196,HNW,0.0,holdout,,,,,
HH009197,HNW,0.0,desarrollo,4,3,3,0,3
HH009198,HNW,0.0,holdout,,,,,
HH009199,HNW,0.0,desarrollo,2,2,2,4,3
HH009200,HNW,0.0,desarrollo,0,2,3,1,4
HH009201,HNW,1.0,holdout,,,,,
HH009202,HNW,0.0,desarrollo,1,3,0,1,4
HH009203,HNW,0.0,desarrollo,3,3,0,2,0
HH009204,HNW,0.0,desarrollo,3,3,1,4,1
HH009205,HNW,0.0,desarrollo,1,3,0,1,2
HH009206,HNW,0.0,desarrollo,2,0,0,4,2
HH009207,HNW,0.0,holdout,,,,,
HH009208,HNW,0.0,desarrollo,4,4,3,3,1
HH009209,HNW,0.0,desarrollo,1,2,1,3,3
HH009210,HNW,0.0,holdout,,,,,
HH009211,HNW,0.0,desarrollo,2,2,0,3,0
HH009212,HNW,0.0,holdout,,,,,
HH009213,HNW,0.0,desarrollo,0,2,4,4,0
HH009214,UHNW,0.0,desarrollo,0,3,4,1,1
HH009215,HNW,0.0,desarrollo,2,1,1,1,0
HH009216,HNW,0.0,desarrollo,2,2,1,0,0
HH009217,HNW,0.0,desarrollo,1,3,4,1,2
HH009218,HNW,0.0,holdout,,,,,
HH009219,HNW,0.0,desarrollo,0,4,3,3,3
HH009220,HNW,0.0,desarrollo,2,3,0,0,0
HH009221,HNW,0.0,holdout,,,,,
HH009222,HNW,0.0,desarrollo,3,4,2,0,2
HH009223,HNW,0.0,holdout,,,,,
HH009224,HNW,0.0,desarrollo,1,2,4,3,3
HH009225,HNW,0.0,desarrollo,4,2,3,4,2
HH009226,HNW,0.0,desarrollo,0,1,4,3,1
HH009227,HNW,0.0,desarrollo,3,1,1,0,2
HH009228,HNW,0.0,desarrollo,1,3,3,4,3
HH009229,HNW,0.0,desarrollo,0,1,2,0,3
HH009230,HNW,0.0,desarrollo,4,1,4,1,0
HH009231,HNW,0.0,holdout,,,,,
HH009232,HNW,0.0,desarrollo,3,4,0,1,1
HH009233,HNW,0.0,desarrollo,3,1,1,1,0
HH009234,HNW,0.0,desarrollo,3,2,2,4,1
HH009235,HNW,0.0,desarrollo,3,1,1,4,4
HH009236,HNW,0.0,holdout,,,,,
HH009237,HNW,0.0,desarrollo,0,2,0,4,0
HH009238,HNW,0.0,holdout,,,,,
HH009239,HNW,0.0,desarrollo,4,0,1,3,3
HH009240,HNW,0.0,holdout,,,,,
HH009241,HNW,0.0,desarrollo,2,1,2,1,0
HH009242,HNW,0.0,desarrollo,4,1,4,1,2
HH009243,HNW,0.0,holdout,,,,,
HH009244,HNW,0.0,desarrollo,2,0,2,2,4
HH009245,HNW,0.0,desarrollo,3,2,3,3,2
HH009246,HNW,0.0,desarrollo,1,0,0,0,0
HH009247,HNW,0.0,desarrollo,3,4,0,1,0
HH009248,HNW,0.0,holdout,,,,,
HH009249,HNW,0.0,desarrollo,0,1,1,2,3
HH009250,HNW,0.0,holdout,,,,,
HH009251,HNW,0.0,desarrollo,1,1,3,2,4
HH009252,HNW,0.0,desarrollo,2,3,3,0,3
HH009253,HNW,0.0,desarrollo,0,4,3,0,4
HH009254,HNW,0.0,desarrollo,4,0,2,3,0
HH009255,UHNW,0.0,desarrollo,2,2,0,1,1
HH009256,UHNW,0.0,desarrollo,1,0,0,3,4
HH009257,HNW,0.0,desarrollo,2,0,4,1,4
HH009258,HNW,0.0,desarrollo,0,4,4,0,2
HH009259,HNW,0.0,desarrollo,3,1,2,2,3
HH009260,HNW,0.0,desarrollo,4,1,3,0,3
HH009261,HNW,0.0,desarrollo,1,2,0,2,1
HH009262,HNW,0.0,holdout,,,,,
HH009263,HNW,0.0,holdout,,,,,
HH009264,HNW,0.0,holdout,,,,,
HH009265,HNW,0.0,holdout,,,,,
HH009266,HNW,0.0,desarrollo,3,1,3,3,0
HH009267,HNW,0.0,desarrollo,0,0,0,0,2
HH009268,HNW,0.0,desarrollo,1,1,3,3,0
HH009269,HNW,0.0,holdout,,,,,
HH009270,HNW,0.0,desarrollo,0,2,4,0,2
HH009271,HNW,1.0,desarrollo,0,3,1,1,3
HH009272,HNW,0.0,holdout,,,,,
HH009273,HNW,0.0,holdout,,,,,
HH009274,HNW,0.0,desarrollo,3,4,0,2,4
HH009275,UHNW,0.0,desarrollo,4,0,4,0,0
HH009276,HNW,0.0,desarrollo,0,1,2,3,0
HH009277,HNW,0.0,desarrollo,4,0,2,2,1
HH009278,UHNW,0.0,desarrollo,3,0,1,4,2
HH009279,UHNW,0.0,desarrollo,0,3,1,3,1
HH009280,HNW,0.0,holdout,,,,,
HH009281,HNW,0.0,desarrollo,2,4,2,0,0
HH009282,HNW,0.0,desarrollo,4,2,3,2,0
HH009283,HNW,0.0,holdout,,,,,
HH009284,HNW,0.0,desarrollo,1,4,1,3,0
HH009285,HNW,0.0,desarrollo,0,0,1,0,4
HH009286,HNW,0.0,desarrollo,1,3,1,4,2
HH009287,HNW,0.0,desarrollo,0,2,0,3,4
HH009288,UHNW,0.0,desarrollo,4,0,3,4,0
HH009289,HNW,0.0,desarrollo,1,3,4,1,1
HH009290,HNW,0.0,desarrollo,1,3,3,1,0
HH009291,HNW,0.0,desarrollo,1,1,3,1,0
HH009292,HNW,0.0,desarrollo,4,4,0,2,0
HH009293,HNW,0.0,desarrollo,3,3,3,4,1
HH009294,HNW,0.0,holdout,,,,,
HH009295,HNW,0.0,desarrollo,3,2,1,1,1
HH009296,HNW,0.0,desarrollo,4,3,4,4,2
HH009297,HNW,0.0,holdout,,,,,
HH009298,HNW,1.0,holdout,,,,,
HH009299,HNW,0.0,desarrollo,1,1,2,2,4
HH009300,HNW,0.0,desarrollo,2,4,3,0,1
HH009301,HNW,0.0,desarrollo,3,1,3,3,1
HH009302,HNW,0.0,desarrollo,1,4,0,3,4
HH009303,HNW,0.0,desarrollo,1,1,2,3,1
HH009304,HNW,0.0,holdout,,,,,
HH009305,HNW,0.0,desarrollo,0,0,2,0,0
HH009306,HNW,0.0,holdout,,,,,
HH009307,HNW,0.0,desarrollo,1,2,1,4,0
HH009308,HNW,0.0,holdout,,,,,
HH009309,HNW,0.0,desarrollo,2,2,4,0,0
HH009310,HNW,0.0,desarrollo,4,0,2,2,2
HH009311,HNW,0.0,desarrollo,1,0,2,3,3
HH009312,HNW,0.0,desarrollo,4,3,0,4,2
HH009313,HNW,0.0,desarrollo,4,2,3,4,0
HH009314,HNW,1.0,desarrollo,2,1,1,2,0
HH009315,HNW,0.0,desarrollo,1,0,1,1,1
HH009316,HNW,0.0,holdout,,,,,
HH009317,HNW,1.0,desarrollo,2,0,3,3,1
HH009318,HNW,0.0,desarrollo,3,3,1,1,1
HH009319,HNW,0.0,desarrollo,1,4,3,2,0
HH009320,HNW,0.0,desarrollo,4,2,0,3,1
HH009321,HNW,0.0,desarrollo,0,1,3,3,4
HH009322,HNW,0.0,holdout,,,,,
HH009323,HNW,0.0,desarrollo,2,0,2,1,4
HH009324,HNW,1.0,desarrollo,1,4,1,0,0
HH009325,HNW,0.0,holdout,,,,,
HH009326,HNW,0.0,holdout,,,,,
HH009327,HNW,0.0,holdout,,,,,
HH009328,HNW,0.0,desarrollo,4,3,3,2,1
HH009329,HNW,0.0,holdout,,,,,
HH009330,HNW,0.0,desarrollo,2,3,0,0,3
HH009331,HNW,0.0,desarrollo,1,3,0,1,1
HH009332,HNW,0.0,desarrollo,3,3,0,3,1
HH009333,HNW,0.0,holdout,,,,,
HH009334,HNW,0.0,holdout,,,,,
HH009335,HNW,0.0,desarrollo,0,0,2,1,2
HH009336,HNW,0.0,desarrollo,2,0,4,2,1
HH009337,HNW,0.0,desarrollo,0,4,0,4,4
HH009338,HNW,0.0,desarrollo,1,4,2,1,1
HH009339,UHNW,0.0,desarrollo,4,3,4,4,0
HH009340,HNW,0.0,desarrollo,2,1,1,0,2
HH009341,HNW,0.0,desarrollo,3,4,1,3,1
HH009342,HNW,0.0,desarrollo,1,2,2,1,4
HH009343,HNW,0.0,desarrollo,1,2,3,1,0
HH009344,HNW,0.0,holdout,,,,,
HH009345,HNW,0.0,holdout,,,,,
HH009346,HNW,0.0,desarrollo,4,2,1,0,3
HH009347,HNW,0.0,desarrollo,2,2,4,3,4
HH009348,HNW,0.0,desarrollo,4,3,4,0,0
HH009349,HNW,0.0,desarrollo,3,3,2,0,3
HH009350,HNW,0.0,desarrollo,0,2,2,1,0
HH009351,HNW,0.0,desarrollo,3,1,2,2,2
HH009352,HNW,0.0,holdout,,,,,
HH009353,HNW,0.0,desarrollo,4,0,1,1,2
HH009354,HNW,0.0,desarrollo,2,2,4,0,4
HH009355,HNW,0.0,desarrollo,3,3,4,1,3
HH009356,HNW,0.0,desarrollo,3,1,0,2,0
HH009357,UHNW,0.0,desarrollo,3,3,1,3,0
HH009358,HNW,0.0,desarrollo,3,3,2,2,2
HH009359,HNW,0.0,holdout,,,,,
HH009360,HNW,0.0,holdout,,,,,
HH009361,UHNW,0.0,holdout,,,,,
HH009362,HNW,0.0,desarrollo,4,3,3,1,0
HH009363,HNW,0.0,desarrollo,2,1,4,1,2
HH009364,HNW,1.0,holdout,,,,,
HH009365,HNW,0.0,desarrollo,3,0,2,4,3
HH009366,HNW,0.0,desarrollo,0,0,3,3,1
HH009367,HNW,0.0,holdout,,,,,
HH009368,HNW,0.0,desarrollo,1,3,0,3,0
HH009369,HNW,,excluido,,,,,
HH009370,HNW,0.0,holdout,,,,,
HH009371,HNW,0.0,desarrollo,3,1,0,3,4
HH009372,HNW,1.0,holdout,,,,,
HH009373,HNW,0.0,desarrollo,2,2,4,1,3
HH009374,HNW,0.0,desarrollo,0,2,0,2,4
HH009375,HNW,0.0,desarrollo,3,0,1,4,3
HH009376,HNW,,excluido,,,,,
HH009377,HNW,0.0,desarrollo,1,0,4,3,2
HH009378,HNW,0.0,desarrollo,2,0,2,4,3
HH009379,HNW,1.0,desarrollo,1,4,2,1,4
HH009380,HNW,0.0,desarrollo,4,3,1,1,0
HH009381,UHNW,0.0,holdout,,,,,
HH009382,HNW,0.0,desarrollo,2,0,2,2,1
HH009383,HNW,0.0,holdout,,,,,
HH009384,HNW,0.0,desarrollo,3,1,1,3,3
HH009385,HNW,0.0,holdout,,,,,
HH009386,HNW,0.0,desarrollo,1,3,1,0,0
HH009387,HNW,0.0,desarrollo,2,2,4,3,3
HH009388,UHNW,0.0,desarrollo,0,0,4,2,4
HH009389,HNW,0.0,desarrollo,4,0,3,2,4
HH009390,HNW,0.0,holdout,,,,,
HH009391,HNW,1.0,holdout,,,,,
HH009392,HNW,0.0,desarrollo,2,0,4,1,1
HH009393,HNW,0.0,desarrollo,4,3,2,3,3
HH009394,HNW,0.0,desarrollo,1,1,4,2,3
HH009395,HNW,0.0,desarrollo,4,0,4,3,0
HH009396,HNW,0.0,holdout,,,,,
HH009397,UHNW,0.0,holdout,,,,,
HH009398,HNW,0.0,desarrollo,3,3,1,1,2
HH009399,HNW,0.0,desarrollo,0,4,0,1,2
HH009400,HNW,0.0,desarrollo,3,2,0,2,4
HH009401,HNW,0.0,desarrollo,0,4,3,2,2
HH009402,HNW,0.0,desarrollo,0,0,1,2,0
HH009403,HNW,0.0,desarrollo,3,4,0,2,3
HH009404,HNW,0.0,desarrollo,4,1,0,1,4
HH009405,HNW,0.0,desarrollo,3,0,4,3,4
HH009406,HNW,0.0,desarrollo,1,3,0,3,0
HH009407,HNW,0.0,desarrollo,4,3,3,2,2
HH009408,HNW,0.0,desarrollo,4,0,0,2,0
HH009409,HNW,0.0,desarrollo,3,4,0,2,1
HH009410,HNW,0.0,desarrollo,4,2,4,0,1
HH009411,HNW,0.0,desarrollo,2,1,1,1,1
HH009412,UHNW,0.0,desarrollo,4,0,0,4,4
HH009413,HNW,1.0,desarrollo,1,4,1,4,3
HH009414,HNW,0.0,holdout,,,,,
HH009415,HNW,0.0,desarrollo,0,3,1,0,2
HH009416,HNW,0.0,desarrollo,0,4,1,0,3
HH009417,HNW,0.0,desarrollo,3,0,0,3,0
HH009418,HNW,0.0,holdout,,,,,
HH009419,HNW,0.0,holdout,,,,,
HH009420,HNW,0.0,holdout,,,,,
HH009421,HNW,0.0,holdout,,,,,
HH009422,UHNW,0.0,desarrollo,2,2,4,2,2
HH009423,HNW,0.0,desarrollo,0,4,3,4,0
HH009424,HNW,0.0,desarrollo,3,2,3,4,4
HH009425,HNW,0.0,holdout,,,,,
HH009426,HNW,0.0,holdout,,,,,
HH009427,HNW,0.0,desarrollo,1,4,1,2,0
HH009428,UHNW,1.0,holdout,,,,,
HH009429,HNW,0.0,desarrollo,2,1,0,0,2
HH009430,HNW,0.0,holdout,,,,,
HH009431,HNW,0.0,desarrollo,1,2,0,0,4
HH009432,HNW,0.0,desarrollo,4,3,0,2,1
HH009433,HNW,0.0,desarrollo,2,4,1,4,3
HH009434,HNW,0.0,holdout,,,,,
HH009435,HNW,0.0,holdout,,,,,
HH009436,HNW,0.0,holdout,,,,,
HH009437,HNW,0.0,holdout,,,,,
HH009438,HNW,0.0,desarrollo,2,3,2,0,1
HH009439,HNW,0.0,desarrollo,0,1,0,3,3
HH009440,HNW,0.0,holdout,,,,,
HH009441,HNW,0.0,holdout,,,,,
HH009442,HNW,0.0,desarrollo,2,4,4,0,3
HH009443,HNW,0.0,holdout,,,,,
HH009444,UHNW,0.0,holdout,,,,,
HH009445,HNW,0.0,holdout,,,,,
HH009446,HNW,0.0,desarrollo,4,2,2,2,2
HH009447,HNW,0.0,desarrollo,2,0,2,4,0
HH009448,UHNW,0.0,desarrollo,3,0,1,4,3
HH009449,HNW,0.0,desarrollo,4,0,2,3,1
HH009450,HNW,0.0,holdout,,,,,
HH009451,HNW,0.0,desarrollo,2,4,3,4,3
HH009452,HNW,0.0,holdout,,,,,
HH009453,HNW,0.0,desarrollo,2,0,4,0,4
HH009454,HNW,0.0,desarrollo,1,3,3,3,0
HH009455,HNW,0.0,holdout,,,,,
HH009456,HNW,0.0,desarrollo,2,1,3,0,4
HH009457,HNW,0.0,desarrollo,3,4,2,1,3
HH009458,HNW,1.0,desarrollo,1,3,4,2,2
HH009459,HNW,0.0,desarrollo,3,2,4,1,1
HH009460,HNW,0.0,holdout,,,,,
HH009461,HNW,1.0,desarrollo,0,4,1,4,4
HH009462,HNW,0.0,desarrollo,4,0,3,1,4
HH009463,HNW,0.0,desarrollo,1,3,2,2,1
HH009464,HNW,0.0,holdout,,,,,
HH009465,HNW,1.0,desarrollo,2,0,2,2,4
HH009466,HNW,0.0,desarrollo,4,0,3,2,2
HH009467,HNW,0.0,desarrollo,3,1,0,2,2
HH009468,HNW,0.0,desarrollo,0,1,2,0,0
HH009469,HNW,0.0,desarrollo,3,2,0,0,1
HH009470,HNW,0.0,holdout,,,,,
HH009471,HNW,0.0,desarrollo,4,0,0,4,4
HH009472,HNW,0.0,desarrollo,4,4,1,2,0
HH009473,HNW,0.0,holdout,,,,,
HH009474,HNW,0.0,desarrollo,4,2,3,0,3
HH009475,HNW,0.0,desarrollo,1,1,0,0,2
HH009476,HNW,0.0,holdout,,,,,
HH009477,HNW,0.0,holdout,,,,,
HH009478,HNW,0.0,desarrollo,1,4,1,3,0
HH009479,HNW,0.0,desarrollo,4,0,1,4,3
HH009480,UHNW,0.0,desarrollo,3,2,0,3,3
HH009481,HNW,0.0,desarrollo,1,2,2,3,3
HH009482,UHNW,0.0,desarrollo,1,1,2,2,3
HH009483,HNW,0.0,desarrollo,1,1,2,2,1
HH009484,HNW,0.0,desarrollo,2,4,0,2,1
HH009485,HNW,0.0,holdout,,,,,
HH009486,HNW,0.0,desarrollo,4,3,4,0,3
HH009487,HNW,0.0,holdout,,,,,
HH009488,HNW,0.0,desarrollo,3,2,1,0,2
HH009489,HNW,0.0,holdout,,,,,
HH009490,HNW,0.0,desarrollo,0,2,1,2,0
HH009491,HNW,0.0,desarrollo,1,0,1,0,1
HH009492,HNW,0.0,desarrollo,3,3,4,4,4
HH009493,HNW,0.0,desarrollo,1,4,2,2,1
HH009494,HNW,0.0,desarrollo,4,2,3,0,4
HH009495,HNW,0.0,desarrollo,4,0,2,0,2
HH009496,HNW,0.0,desarrollo,4,2,0,1,1
HH009497,HNW,0.0,desarrollo,4,1,2,3,0
HH009498,HNW,0.0,desarrollo,1,1,2,1,4
HH009499,HNW,1.0,desarrollo,1,1,2,0,4
HH009500,HNW,0.0,desarrollo,3,2,0,2,0
HH009501,HNW,0.0,desarrollo,2,4,4,0,3
HH009502,HNW,0.0,desarrollo,3,3,3,4,1
HH009503,HNW,0.0,desarrollo,4,2,4,0,0
HH009504,HNW,0.0,holdout,,,,,
HH009505,HNW,0.0,desarrollo,1,0,0,2,2
HH009506,HNW,0.0,desarrollo,2,1,0,3,2
HH009507,HNW,0.0,desarrollo,4,3,4,2,0
HH009508,HNW,0.0,holdout,,,,,
HH009509,UHNW,0.0,desarrollo,4,4,2,2,2
HH009510,HNW,0.0,holdout,,,,,
HH009511,HNW,0.0,desarrollo,0,1,4,1,2
HH009512,HNW,0.0,desarrollo,1,1,1,1,0
HH009513,HNW,0.0,holdout,,,,,
HH009514,HNW,0.0,desarrollo,2,3,1,4,2
HH009515,HNW,0.0,desarrollo,4,4,4,4,3
HH009516,HNW,0.0,holdout,,,,,
HH009517,HNW,0.0,desarrollo,0,2,0,0,2
HH009518,HNW,0.0,desarrollo,3,2,2,3,2
HH009519,HNW,0.0,desarrollo,0,3,3,2,2
HH009520,HNW,0.0,desarrollo,3,2,0,0,3
HH009521,HNW,1.0,desarrollo,1,1,0,1,2
HH009522,HNW,0.0,holdout,,,,,
HH009523,HNW,0.0,desarrollo,2,4,3,0,3
HH009524,HNW,0.0,holdout,,,,,
HH009525,HNW,0.0,desarrollo,2,0,4,2,4
HH009526,HNW,0.0,desarrollo,3,0,3,1,3
HH009527,HNW,0.0,desarrollo,1,2,1,1,4
HH009528,HNW,0.0,desarrollo,2,1,0,4,0
HH009529,HNW,0.0,desarrollo,1,1,0,1,2
HH009530,HNW,0.0,desarrollo,3,1,3,1,0
HH009531,HNW,0.0,desarrollo,1,0,4,4,2
HH009532,HNW,0.0,desarrollo,2,1,1,1,1
HH009533,HNW,0.0,desarrollo,1,3,4,4,3
HH009534,HNW,0.0,desarrollo,2,2,3,3,4
HH009535,HNW,0.0,desarrollo,3,1,2,0,4
HH009536,HNW,0.0,holdout,,,,,
HH009537,HNW,0.0,desarrollo,1,3,1,3,3
HH009538,HNW,0.0,desarrollo,2,1,1,0,4
HH009539,HNW,0.0,desarrollo,4,4,4,2,4
HH009540,HNW,0.0,holdout,,,,,
HH009541,HNW,0.0,desarrollo,2,0,2,2,3
HH009542,HNW,0.0,desarrollo,1,3,3,3,2
HH009543,HNW,0.0,holdout,,,,,
HH009544,HNW,0.0,desarrollo,2,4,1,1,1
HH009545,HNW,0.0,desarrollo,1,1,4,3,2
HH009546,HNW,0.0,desarrollo,0,3,3,2,0
HH009547,HNW,0.0,desarrollo,4,2,2,3,3
HH009548,HNW,0.0,desarrollo,0,4,4,0,1
HH009549,HNW,1.0,holdout,,,,,
HH009550,HNW,1.0,desarrollo,2,0,0,0,3
HH009551,HNW,1.0,desarrollo,3,3,3,3,0
HH009552,HNW,0.0,desarrollo,3,2,1,1,2
HH009553,HNW,0.0,desarrollo,2,3,4,3,0
HH009554,UHNW,1.0,desarrollo,1,4,1,2,2
HH009555,HNW,0.0,desarrollo,3,0,2,0,0
HH009556,HNW,0.0,holdout,,,,,
HH009557,HNW,0.0,holdout,,,,,
HH009558,HNW,0.0,holdout,,,,,
HH009559,HNW,0.0,desarrollo,3,2,1,3,1
HH009560,HNW,0.0,desarrollo,3,2,0,4,3
HH009561,HNW,0.0,desarrollo,2,2,1,2,2
HH009562,HNW,0.0,holdout,,,,,
HH009563,HNW,0.0,desarrollo,0,4,1,0,3
HH009564,HNW,0.0,holdout,,,,,
HH009565,HNW,0.0,holdout,,,,,
HH009566,HNW,0.0,desarrollo,0,1,0,0,2
HH009567,HNW,0.0,holdout,,,,,
HH009568,HNW,0.0,desarrollo,4,4,3,3,2
HH009569,HNW,0.0,desarrollo,4,1,2,2,4
HH009570,HNW,0.0,desarrollo,0,3,4,1,2
HH009571,HNW,0.0,holdout,,,,,
HH009572,HNW,0.0,desarrollo,3,1,1,1,2
HH009573,UHNW,1.0,holdout,,,,,
HH009574,HNW,0.0,desarrollo,4,3,1,2,4
HH009575,HNW,0.0,holdout,,,,,
HH009576,HNW,0.0,desarrollo,0,1,1,0,0
HH009577,HNW,0.0,desarrollo,2,4,1,3,3
HH009578,HNW,1.0,desarrollo,3,4,0,3,0
HH009579,HNW,0.0,holdout,,,,,
HH009580,HNW,0.0,desarrollo,1,1,1,2,0
HH009581,UHNW,0.0,desarrollo,1,1,2,3,4
HH009582,HNW,0.0,desarrollo,3,0,3,4,2
HH009583,HNW,0.0,desarrollo,2,4,3,2,4
HH009584,HNW,,excluido,,,,,
HH009585,HNW,0.0,desarrollo,1,1,1,2,2
HH009586,HNW,0.0,holdout,,,,,
HH009587,HNW,0.0,desarrollo,3,3,1,0,4
HH009588,HNW,0.0,desarrollo,1,1,1,2,4
HH009589,HNW,1.0,desarrollo,4,0,0,2,4
HH009590,HNW,0.0,desarrollo,2,0,3,4,1
HH009591,HNW,0.0,desarrollo,1,3,2,2,2
HH009592,HNW,0.0,holdout,,,,,
HH009593,HNW,0.0,desarrollo,4,4,3,0,3
HH009594,HNW,0.0,desarrollo,0,1,1,0,4
HH009595,HNW,0.0,holdout,,,,,
HH009596,HNW,0.0,desarrollo,0,3,1,2,3
HH009597,HNW,0.0,holdout,,,,,
HH009598,HNW,0.0,desarrollo,2,0,2,2,4
HH009599,HNW,0.0,holdout,,,,,
HH009600,HNW,0.0,desarrollo,2,1,4,0,1
HH009601,HNW,0.0,holdout,,,,,
HH009602,HNW,0.0,holdout,,,,,
HH009603,HNW,0.0,desarrollo,2,4,0,4,0
HH009604,HNW,0.0,desarrollo,2,2,1,2,0
HH009605,HNW,0.0,desarrollo,3,1,0,3,1
HH009606,HNW,0.0,holdout,,,,,
HH009607,HNW,0.0,desarrollo,0,2,0,3,3
HH009608,HNW,0.0,holdout,,,,,
HH009609,HNW,0.0,holdout,,,,,
HH009610,HNW,0.0,desarrollo,1,4,1,1,0
HH009611,HNW,0.0,desarrollo,1,4,2,3,0
HH009612,HNW,0.0,desarrollo,0,1,3,4,1
HH009613,HNW,0.0,desarrollo,4,1,2,3,2
HH009614,HNW,0.0,desarrollo,4,4,3,0,3
HH009615,HNW,0.0,desarrollo,1,0,3,0,2
HH009616,HNW,0.0,desarrollo,4,1,3,1,0
HH009617,HNW,0.0,desarrollo,3,1,4,2,2
HH009618,HNW,0.0,desarrollo,3,1,1,1,0
HH009619,HNW,0.0,desarrollo,3,3,1,1,4
HH009620,HNW,1.0,desarrollo,4,4,2,3,4
HH009621,HNW,0.0,desarrollo,3,1,4,3,0
HH009622,HNW,0.0,desarrollo,3,0,0,0,2
HH009623,HNW,0.0,desarrollo,0,3,4,4,2
HH009624,HNW,0.0,desarrollo,3,3,2,3,3
HH009625,HNW,0.0,holdout,,,,,
HH009626,HNW,0.0,holdout,,,,,
HH009627,HNW,0.0,desarrollo,2,3,0,0,2
HH009628,HNW,0.0,desarrollo,0,4,4,2,3
HH009629,HNW,0.0,desarrollo,3,0,1,2,1
HH009630,HNW,0.0,desarrollo,2,4,2,2,1
HH009631,HNW,0.0,desarrollo,3,2,0,0,0
HH009632,HNW,0.0,holdout,,,,,
HH009633,HNW,1.0,desarrollo,1,0,0,2,3
HH009634,HNW,1.0,desarrollo,2,2,0,4,0
HH009635,HNW,0.0,desarrollo,2,4,1,4,2
HH009636,HNW,0.0,desarrollo,0,3,2,4,3
HH009637,UHNW,0.0,holdout,,,,,
HH009638,HNW,0.0,desarrollo,2,4,0,4,1
HH009639,HNW,1.0,desarrollo,1,0,4,1,3
HH009640,HNW,0.0,holdout,,,,,
HH009641,HNW,0.0,holdout,,,,,
HH009642,HNW,0.0,holdout,,,,,
HH009643,HNW,0.0,desarrollo,3,2,2,1,0
HH009644,HNW,0.0,holdout,,,,,
HH009645,HNW,0.0,desarrollo,2,3,0,0,3
HH009646,HNW,0.0,desarrollo,2,0,1,3,1
HH009647,HNW,0.0,holdout,,,,,
HH009648,HNW,0.0,desarrollo,1,3,3,1,2
HH009649,HNW,0.0,desarrollo,4,0,3,3,4
HH009650,HNW,0.0,desarrollo,3,0,2,2,3
HH009651,HNW,0.0,holdout,,,,,
HH009652,HNW,0.0,desarrollo,2,2,0,2,1
HH009653,HNW,0.0,desarrollo,2,0,1,1,0
HH009654,HNW,0.0,desarrollo,2,3,0,4,0
HH009655,HNW,0.0,desarrollo,3,4,0,0,4
HH009656,HNW,0.0,desarrollo,1,2,1,4,1
HH009657,HNW,0.0,desarrollo,1,3,4,1,3
HH009658,HNW,0.0,holdout,,,,,
HH009659,HNW,0.0,desarrollo,4,1,3,2,2
HH009660,HNW,0.0,desarrollo,0,3,1,3,1
HH009661,HNW,0.0,desarrollo,2,0,3,3,0
HH009662,HNW,0.0,desarrollo,0,4,4,4,3
HH009663,HNW,0.0,desarrollo,1,0,2,0,2
HH009664,HNW,0.0,desarrollo,3,4,1,0,3
HH009665,HNW,1.0,holdout,,,,,
HH009666,HNW,0.0,desarrollo,3,2,0,0,3
HH009667,HNW,0.0,desarrollo,0,2,1,2,3
HH009668,HNW,0.0,desarrollo,2,4,0,3,1
HH009669,HNW,0.0,holdout,,,,,
HH009670,HNW,0.0,desarrollo,3,0,4,1,4
HH009671,HNW,0.0,desarrollo,3,0,1,0,4
HH009672,HNW,0.0,desarrollo,1,2,3,2,4
HH009673,HNW,0.0,holdout,,,,,
HH009674,HNW,0.0,desarrollo,4,0,1,4,1
HH009675,HNW,0.0,holdout,,,,,
HH009676,HNW,0.0,desarrollo,0,3,1,1,1
HH009677,HNW,0.0,desarrollo,4,1,3,3,1
HH009678,HNW,,excluido,,,,,
HH009679,HNW,0.0,desarrollo,3,0,2,2,2
HH009680,HNW,1.0,desarrollo,2,3,0,3,1
HH009681,HNW,0.0,desarrollo,2,4,2,3,3
HH009682,UHNW,1.0,desarrollo,2,1,0,2,4
HH009683,HNW,0.0,desarrollo,1,4,4,4,4
HH009684,HNW,0.0,desarrollo,2,2,4,2,4
HH009685,HNW,0.0,desarrollo,0,3,2,0,0
HH009686,HNW,0.0,desarrollo,4,3,4,0,3
HH009687,HNW,0.0,desarrollo,4,4,2,0,1
HH009688,HNW,1.0,desarrollo,0,0,0,4,3
HH009689,HNW,0.0,desarrollo,4,2,0,2,2
HH009690,HNW,0.0,desarrollo,4,3,4,0,3
HH009691,HNW,0.0,holdout,,,,,
HH009692,HNW,0.0,holdout,,,,,
HH009693,HNW,0.0,holdout,,,,,
HH009694,HNW,0.0,desarrollo,0,1,2,2,0
HH009695,HNW,0.0,holdout,,,,,
HH009696,HNW,0.0,desarrollo,2,0,2,4,3
HH009697,HNW,1.0,desarrollo,1,2,2,2,4
HH009698,HNW,0.0,holdout,,,,,
HH009699,HNW,0.0,desarrollo,2,1,0,0,1
HH009700,HNW,0.0,holdout,,,,,
HH009701,HNW,0.0,holdout,,,,,
HH009702,HNW,0.0,desarrollo,4,1,4,4,1
HH009703,HNW,0.0,desarrollo,4,0,0,4,3
HH009704,HNW,1.0,desarrollo,0,2,0,1,4
HH009705,HNW,1.0,desarrollo,3,2,2,1,1
HH009706,HNW,0.0,desarrollo,0,0,4,1,3
HH009707,HNW,0.0,holdout,,,,,
HH009708,HNW,0.0,holdout,,,,,
HH009709,HNW,0.0,holdout,,,,,
HH009710,UHNW,0.0,desarrollo,1,4,3,4,1
HH009711,HNW,0.0,desarrollo,0,0,3,1,3
HH009712,UHNW,1.0,desarrollo,0,2,1,0,2
HH009713,HNW,0.0,holdout,,,,,
HH009714,HNW,0.0,desarrollo,0,2,3,4,2
HH009715,HNW,0.0,holdout,,,,,
HH009716,HNW,0.0,holdout,,,,,
HH009717,HNW,0.0,desarrollo,4,3,4,3,0
HH009718,HNW,0.0,holdout,,,,,
HH009719,HNW,0.0,desarrollo,3,0,0,4,0
HH009720,HNW,1.0,desarrollo,2,4,3,2,0
HH009721,HNW,0.0,holdout,,,,,
HH009722,HNW,0.0,desarrollo,0,3,4,2,2
HH009723,UHNW,0.0,desarrollo,1,3,1,2,2
HH009724,HNW,0.0,desarrollo,0,4,2,0,4
HH009725,HNW,0.0,desarrollo,1,2,1,3,0
HH009726,HNW,0.0,holdout,,,,,
HH009727,HNW,0.0,desarrollo,1,0,4,4,4
HH009728,HNW,0.0,holdout,,,,,
HH009729,HNW,0.0,holdout,,,,,
HH009730,HNW,0.0,desarrollo,3,0,4,4,2
HH009731,HNW,0.0,holdout,,,,,
HH009732,HNW,0.0,desarrollo,3,2,3,1,0
HH009733,HNW,0.0,desarrollo,4,3,3,0,1
HH009734,HNW,0.0,desarrollo,4,3,4,0,4
HH009735,HNW,0.0,holdout,,,,,
HH009736,HNW,0.0,desarrollo,4,1,3,1,1
HH009737,HNW,0.0,holdout,,,,,
HH009738,HNW,0.0,desarrollo,0,0,1,1,2
HH009739,HNW,0.0,holdout,,,,,
HH009740,HNW,0.0,desarrollo,3,4,1,4,4
HH009741,HNW,0.0,holdout,,,,,
HH009742,HNW,0.0,holdout,,,,,
HH009743,HNW,0.0,holdout,,,,,
HH009744,HNW,0.0,desarrollo,1,1,2,1,4
HH009745,HNW,0.0,desarrollo,2,1,1,1,4
HH009746,HNW,0.0,holdout,,,,,
HH009747,HNW,0.0,desarrollo,1,2,1,4,2
HH009748,HNW,0.0,holdout,,,,,
HH009749,HNW,0.0,desarrollo,1,3,4,1,3
HH009750,HNW,0.0,holdout,,,,,
HH009751,HNW,0.0,desarrollo,1,3,2,3,1
HH009752,HNW,0.0,holdout,,,,,
HH009753,HNW,0.0,desarrollo,1,0,3,2,2
HH009754,HNW,0.0,desarrollo,4,0,1,4,1
HH009755,HNW,0.0,desarrollo,0,0,1,2,4
HH009756,HNW,0.0,holdout,,,,,
HH009757,HNW,0.0,desarrollo,0,1,2,4,2
HH009758,HNW,0.0,desarrollo,2,3,2,3,1
HH009759,HNW,0.0,desarrollo,0,3,2,4,4
HH009760,HNW,0.0,desarrollo,0,3,4,2,4
HH009761,HNW,0.0,desarrollo,3,3,3,0,1
HH009762,HNW,0.0,holdout,,,,,
HH009763,HNW,0.0,desarrollo,3,3,3,4,1
HH009764,HNW,0.0,desarrollo,0,4,1,0,4
HH009765,HNW,0.0,desarrollo,4,1,0,0,4
HH009766,HNW,0.0,desarrollo,3,2,4,1,3
HH009767,HNW,0.0,holdout,,,,,
HH009768,HNW,0.0,desarrollo,0,3,3,2,0
HH009769,HNW,0.0,desarrollo,4,1,2,3,2
HH009770,HNW,0.0,holdout,,,,,
HH009771,HNW,0.0,desarrollo,2,2,3,2,0
HH009772,HNW,0.0,desarrollo,4,3,0,3,0
HH009773,HNW,0.0,desarrollo,0,2,1,3,1
HH009774,HNW,0.0,holdout,,,,,
HH009775,HNW,0.0,desarrollo,1,1,1,4,1
HH009776,HNW,0.0,desarrollo,0,4,2,4,0
HH009777,HNW,0.0,desarrollo,4,3,3,3,0
HH009778,HNW,0.0,desarrollo,1,3,3,4,0
HH009779,HNW,0.0,desarrollo,2,1,3,2,3
HH009780,HNW,0.0,desarrollo,0,0,2,1,2
HH009781,HNW,0.0,desarrollo,1,0,1,0,3
HH009782,HNW,0.0,desarrollo,4,3,4,4,2
HH009783,HNW,0.0,holdout,,,,,
HH009784,HNW,1.0,holdout,,,,,
HH009785,HNW,0.0,holdout,,,,,
HH009786,HNW,0.0,desarrollo,2,4,3,4,3
HH009787,HNW,0.0,desarrollo,2,2,4,0,1
HH009788,HNW,0.0,holdout,,,,,
HH009789,HNW,0.0,desarrollo,2,2,3,0,1
HH009790,HNW,0.0,desarrollo,1,1,1,2,1
HH009791,HNW,0.0,desarrollo,4,1,1,1,4
HH009792,HNW,1.0,desarrollo,2,2,0,1,3
HH009793,HNW,0.0,holdout,,,,,
HH009794,UHNW,0.0,desarrollo,3,2,1,4,0
HH009795,HNW,0.0,desarrollo,0,1,4,1,4
HH009796,HNW,1.0,desarrollo,0,4,1,1,0
HH009797,HNW,0.0,desarrollo,3,3,3,2,0
HH009798,HNW,0.0,holdout,,,,,
HH009799,HNW,0.0,desarrollo,3,2,3,1,4
HH009800,HNW,0.0,desarrollo,4,4,3,1,3
HH009801,HNW,0.0,holdout,,,,,
HH009802,HNW,0.0,desarrollo,2,2,2,3,2
HH009803,HNW,0.0,holdout,,,,,
HH009804,HNW,0.0,desarrollo,0,0,0,3,0
HH009805,HNW,0.0,desarrollo,2,3,1,3,3
HH009806,HNW,0.0,desarrollo,1,4,0,1,0
HH009807,UHNW,0.0,desarrollo,2,4,3,3,4
HH009808,HNW,0.0,holdout,,,,,
HH009809,HNW,0.0,desarrollo,2,4,4,2,2
HH009810,HNW,0.0,desarrollo,1,4,2,3,1
HH009811,HNW,0.0,desarrollo,2,3,3,3,0
HH009812,HNW,0.0,holdout,,,,,
HH009813,HNW,0.0,desarrollo,1,0,3,0,0
HH009814,HNW,0.0,desarrollo,4,1,2,4,4
HH009815,HNW,0.0,holdout,,,,,
HH009816,HNW,0.0,desarrollo,3,4,1,1,4
HH009817,HNW,0.0,desarrollo,0,2,3,1,4
HH009818,HNW,0.0,holdout,,,,,
HH009819,HNW,1.0,desarrollo,3,0,1,0,0
HH009820,HNW,1.0,desarrollo,3,4,1,0,4
HH009821,HNW,0.0,desarrollo,0,1,0,0,1
HH009822,HNW,0.0,desarrollo,0,3,1,1,0
HH009823,HNW,0.0,desarrollo,1,2,1,2,1
HH009824,UHNW,0.0,desarrollo,0,3,3,4,3
HH009825,HNW,0.0,holdout,,,,,
HH009826,HNW,0.0,holdout,,,,,
HH009827,HNW,0.0,desarrollo,3,0,2,1,4
HH009828,HNW,0.0,desarrollo,2,1,2,1,0
HH009829,HNW,0.0,desarrollo,3,4,0,2,3
HH009830,HNW,0.0,desarrollo,4,3,0,4,0
HH009831,HNW,0.0,desarrollo,1,1,3,2,2
HH009832,HNW,0.0,desarrollo,4,4,1,2,0
HH009833,HNW,0.0,desarrollo,4,2,3,2,2
HH009834,HNW,0.0,desarrollo,3,3,1,1,3
HH009835,HNW,0.0,holdout,,,,,
HH009836,HNW,0.0,desarrollo,3,0,0,1,1
HH009837,HNW,0.0,desarrollo,4,0,4,2,3
HH009838,HNW,0.0,desarrollo,0,3,0,1,3
HH009839,HNW,0.0,holdout,,,,,
HH009840,HNW,0.0,desarrollo,0,3,3,3,1
HH009841,HNW,0.0,holdout,,,,,
HH009842,HNW,0.0,desarrollo,4,2,3,4,3
HH009843,HNW,0.0,desarrollo,2,4,0,2,3
HH009844,HNW,0.0,holdout,,,,,
HH009845,HNW,0.0,desarrollo,3,3,3,1,0
HH009846,HNW,0.0,desarrollo,1,3,1,2,1
HH009847,HNW,0.0,desarrollo,4,3,2,0,0
HH009848,HNW,0.0,desarrollo,2,1,0,0,1
HH009849,HNW,0.0,holdout,,,,,
HH009850,HNW,0.0,holdout,,,,,
HH009851,HNW,0.0,desarrollo,4,1,2,0,4
HH009852,HNW,0.0,desarrollo,0,0,1,2,0
HH009853,HNW,0.0,desarrollo,2,1,1,3,0
HH009854,HNW,,excluido,,,,,
HH009855,UHNW,0.0,desarrollo,3,2,2,1,0
HH009856,HNW,0.0,desarrollo,1,1,3,2,2
HH009857,HNW,1.0,desarrollo,4,3,1,2,0
HH009858,HNW,0.0,desarrollo,4,2,1,0,0
HH009859,HNW,0.0,desarrollo,4,2,2,4,4
HH009860,HNW,0.0,desarrollo,4,1,4,2,4
HH009861,HNW,1.0,desarrollo,0,0,0,4,1
HH009862,HNW,0.0,desarrollo,3,3,0,1,4
HH009863,UHNW,0.0,desarrollo,2,3,3,4,1
HH009864,HNW,0.0,desarrollo,2,1,0,4,4
HH009865,HNW,0.0,desarrollo,0,0,2,3,3
HH009866,HNW,0.0,holdout,,,,,
HH009867,HNW,0.0,desarrollo,2,0,4,4,0
HH009868,HNW,0.0,desarrollo,4,4,0,1,1
HH009869,HNW,0.0,holdout,,,,,
HH009870,HNW,0.0,holdout,,,,,
HH009871,HNW,0.0,holdout,,,,,
HH009872,HNW,0.0,holdout,,,,,
HH009873,HNW,0.0,desarrollo,0,2,3,3,1
HH009874,HNW,0.0,desarrollo,1,0,3,4,0
HH009875,HNW,0.0,holdout,,,,,
HH009876,HNW,0.0,holdout,,,,,
HH009877,HNW,0.0,desarrollo,3,3,3,3,1
HH009878,HNW,0.0,holdout,,,,,
HH009879,HNW,0.0,desarrollo,1,4,4,2,2
HH009880,HNW,0.0,holdout,,,,,
HH009881,HNW,1.0,desarrollo,1,2,4,3,2
HH009882,UHNW,0.0,desarrollo,4,4,0,1,4
HH009883,HNW,0.0,holdout,,,,,
HH009884,HNW,0.0,desarrollo,4,2,4,2,3
HH009885,HNW,0.0,desarrollo,1,0,3,2,1
HH009886,HNW,0.0,desarrollo,3,2,0,2,3
HH009887,HNW,0.0,desarrollo,1,1,3,2,1
HH009888,HNW,0.0,desarrollo,1,3,4,4,3
HH009889,HNW,0.0,desarrollo,3,2,2,1,3
HH009890,HNW,0.0,desarrollo,3,4,0,3,4
HH009891,HNW,0.0,desarrollo,0,0,0,2,2
HH009892,HNW,0.0,desarrollo,4,4,1,1,2
HH009893,HNW,0.0,desarrollo,2,1,4,0,0
HH009894,HNW,0.0,desarrollo,3,4,1,0,2
HH009895,HNW,0.0,desarrollo,4,1,2,4,1
HH009896,HNW,0.0,desarrollo,2,0,4,3,2
HH009897,HNW,0.0,desarrollo,3,0,2,4,1
HH009898,HNW,0.0,desarrollo,2,2,0,4,4
HH009899,HNW,0.0,holdout,,,,,
HH009900,HNW,0.0,holdout,,,,,
HH009901,HNW,0.0,desarrollo,1,3,2,1,4
HH009902,HNW,0.0,desarrollo,3,4,1,0,0
HH009903,UHNW,0.0,desarrollo,3,3,0,0,3
HH009904,HNW,0.0,holdout,,,,,
HH009905,HNW,0.0,holdout,,,,,
HH009906,HNW,0.0,desarrollo,1,3,4,1,1
HH009907,HNW,0.0,desarrollo,4,2,1,4,1
HH009908,HNW,1.0,holdout,,,,,
HH009909,HNW,0.0,desarrollo,4,0,1,3,1
HH009910,HNW,0.0,desarrollo,4,2,1,3,4
HH009911,HNW,0.0,desarrollo,4,0,3,1,3
HH009912,HNW,0.0,desarrollo,2,1,0,1,0
HH009913,UHNW,0.0,desarrollo,4,1,1,3,4
HH009914,HNW,0.0,desarrollo,4,4,2,2,1
HH009915,HNW,0.0,desarrollo,0,2,4,4,0
HH009916,HNW,0.0,desarrollo,3,2,1,1,3
HH009917,HNW,0.0,desarrollo,1,2,1,4,3
HH009918,HNW,0.0,desarrollo,2,1,4,1,3
HH009919,HNW,0.0,desarrollo,3,4,1,1,3
HH009920,HNW,0.0,holdout,,,,,
HH009921,HNW,0.0,holdout,,,,,
HH009922,HNW,0.0,desarrollo,4,3,2,4,2
HH009923,HNW,0.0,holdout,,,,,
HH009924,HNW,0.0,holdout,,,,,
HH009925,HNW,0.0,desarrollo,3,0,3,0,2
HH009926,HNW,0.0,desarrollo,4,3,4,1,3
HH009927,HNW,0.0,holdout,,,,,
HH009928,HNW,0.0,desarrollo,3,4,1,0,4
HH009929,HNW,0.0,desarrollo,3,0,4,1,2
HH009930,HNW,0.0,desarrollo,1,3,4,2,1
HH009931,HNW,0.0,desarrollo,0,3,3,4,0
HH009932,HNW,0.0,desarrollo,2,2,2,3,4
HH009933,HNW,0.0,desarrollo,4,3,0,3,4
HH009934,HNW,0.0,desarrollo,0,3,4,1,0
HH009935,HNW,0.0,holdout,,,,,
HH009936,HNW,0.0,holdout,,,,,
HH009937,HNW,0.0,desarrollo,4,4,2,1,0
HH009938,UHNW,0.0,desarrollo,1,1,4,4,3
HH009939,HNW,0.0,desarrollo,0,1,2,4,3
HH009940,UHNW,0.0,desarrollo,4,3,1,1,4
HH009941,HNW,0.0,holdout,,,,,
HH009942,HNW,0.0,desarrollo,1,0,4,2,1
HH009943,HNW,0.0,desarrollo,2,3,3,2,2
HH009944,HNW,0.0,desarrollo,0,4,3,0,2
HH009945,HNW,0.0,desarrollo,4,1,0,3,0
HH009946,HNW,1.0,desarrollo,3,1,1,4,2
HH009947,HNW,0.0,holdout,,,,,
HH009948,HNW,0.0,desarrollo,1,0,0,2,1
HH009949,UHNW,1.0,desarrollo,1,0,2,0,1
HH009950,HNW,0.0,desarrollo,4,0,2,3,0
HH009951,HNW,0.0,desarrollo,3,0,2,1,4
HH009952,HNW,0.0,desarrollo,0,0,4,2,2
HH009953,UHNW,0.0,desarrollo,2,0,3,2,0
HH009954,HNW,0.0,desarrollo,2,3,3,3,4
HH009955,HNW,0.0,desarrollo,3,4,3,1,0
HH009956,HNW,0.0,holdout,,,,,
HH009957,HNW,0.0,holdout,,,,,
HH009958,HNW,0.0,desarrollo,1,4,1,2,0
HH009959,HNW,0.0,holdout,,,,,
HH009960,HNW,0.0,desarrollo,3,1,2,2,2
HH009961,HNW,,excluido,,,,,
HH009962,HNW,0.0,holdout,,,,,
HH009963,HNW,0.0,desarrollo,1,3,0,2,4
HH009964,HNW,0.0,holdout,,,,,
HH009965,HNW,0.0,desarrollo,2,1,3,1,1
HH009966,HNW,0.0,desarrollo,3,0,1,4,4
HH009967,UHNW,0.0,holdout,,,,,
HH009968,HNW,0.0,holdout,,,,,
HH009969,HNW,0.0,desarrollo,3,4,2,4,4
HH009970,HNW,1.0,desarrollo,4,0,2,3,1
HH009971,HNW,0.0,desarrollo,1,4,3,0,3
HH009972,HNW,0.0,holdout,,,,,
HH009973,HNW,0.0,desarrollo,2,2,2,0,0
HH009974,HNW,0.0,desarrollo,3,3,3,3,4
HH009975,HNW,0.0,desarrollo,3,0,0,0,3
HH009976,HNW,0.0,holdout,,,,,
HH009977,HNW,0.0,holdout,,,,,
HH009978,HNW,0.0,holdout,,,,,
HH009979,HNW,0.0,desarrollo,0,0,2,2,3
HH009980,HNW,0.0,desarrollo,4,4,4,3,3
HH009981,HNW,0.0,holdout,,,,,
HH009982,HNW,0.0,desarrollo,3,4,2,1,3
HH009983,HNW,0.0,desarrollo,3,3,3,3,4
HH009984,HNW,0.0,desarrollo,2,2,1,3,0
HH009985,HNW,0.0,holdout,,,,,
HH009986,HNW,0.0,desarrollo,2,4,4,1,2
HH009987,HNW,0.0,desarrollo,2,2,2,4,1
HH009988,HNW,0.0,holdout,,,,,
HH009989,HNW,0.0,desarrollo,0,1,3,4,1
HH009990,HNW,0.0,desarrollo,4,4,4,3,4
HH009991,HNW,0.0,desarrollo,1,2,1,0,0
HH009992,HNW,0.0,desarrollo,2,3,4,3,4
HH009993,HNW,0.0,desarrollo,1,2,3,3,1
HH009994,HNW,0.0,desarrollo,4,0,0,1,0
HH009995,HNW,0.0,desarrollo,1,2,0,3,0
HH009996,HNW,0.0,desarrollo,1,1,3,2,2
HH009997,HNW,0.0,holdout,,,,,
HH009998,HNW,0.0,desarrollo,0,1,2,3,1
HH009999,HNW,0.0,desarrollo,2,0,3,1,0
HH010000,HNW,1.0,desarrollo,2,1,3,4,0
HH010001,UHNW,0.0,holdout,,,,,
HH010002,HNW,0.0,desarrollo,3,4,4,1,2
HH010003,HNW,0.0,desarrollo,0,4,3,3,4
HH010004,HNW,0.0,desarrollo,1,3,3,2,2
HH010005,HNW,0.0,desarrollo,1,3,2,0,4
HH010006,HNW,0.0,desarrollo,2,1,3,1,2
HH010007,HNW,0.0,holdout,,,,,
HH010008,HNW,0.0,desarrollo,1,1,4,0,4
HH010009,HNW,0.0,desarrollo,0,3,3,4,4
HH010010,HNW,0.0,holdout,,,,,
HH010011,HNW,1.0,desarrollo,3,3,0,4,1
HH010012,HNW,0.0,desarrollo,3,4,1,0,4
HH010013,HNW,0.0,desarrollo,0,1,2,2,0
HH010014,HNW,1.0,holdout,,,,,
HH010015,HNW,0.0,desarrollo,0,2,3,3,1
HH010016,HNW,0.0,holdout,,,,,
HH010017,HNW,0.0,desarrollo,2,0,1,3,3
HH010018,HNW,0.0,holdout,,,,,
HH010019,HNW,0.0,holdout,,,,,
HH010020,HNW,0.0,desarrollo,3,1,0,1,4
HH010021,HNW,0.0,desarrollo,3,1,2,4,4
HH010022,HNW,0.0,holdout,,,,,
HH010023,HNW,1.0,desarrollo,3,0,1,3,3
HH010024,HNW,1.0,desarrollo,4,2,1,0,1
HH010025,HNW,0.0,desarrollo,0,1,2,4,3
HH010026,HNW,0.0,holdout,,,,,
HH010027,HNW,0.0,desarrollo,1,1,2,3,1
HH010028,HNW,0.0,desarrollo,4,4,1,2,4
HH010029,HNW,0.0,desarrollo,0,3,2,4,0
HH010030,HNW,0.0,desarrollo,3,4,2,4,4
HH010031,HNW,0.0,holdout,,,,,
HH010032,HNW,0.0,desarrollo,3,2,1,2,0
HH010033,HNW,0.0,holdout,,,,,
HH010034,HNW,0.0,holdout,,,,,
HH010035,UHNW,0.0,holdout,,,,,
HH010036,HNW,0.0,desarrollo,4,0,1,3,2
HH010037,HNW,0.0,holdout,,,,,
HH010038,HNW,0.0,desarrollo,0,0,0,2,1
HH010039,HNW,0.0,desarrollo,3,2,3,4,3
HH010040,HNW,0.0,desarrollo,1,4,4,4,2
HH010041,HNW,0.0,desarrollo,3,1,1,2,2
HH010042,HNW,0.0,holdout,,,,,
HH010043,HNW,0.0,holdout,,,,,
HH010044,HNW,0.0,desarrollo,2,4,2,2,4
HH010045,HNW,0.0,desarrollo,0,4,3,3,2
HH010046,HNW,0.0,desarrollo,1,0,4,3,2
HH010047,HNW,0.0,desarrollo,2,0,2,0,0
HH010048,HNW,0.0,desarrollo,0,2,4,2,1
HH010049,HNW,0.0,desarrollo,1,2,2,0,4
HH010050,HNW,0.0,desarrollo,1,1,2,3,4
HH010051,HNW,0.0,desarrollo,3,1,4,1,2
HH010052,HNW,0.0,desarrollo,3,3,0,2,4
HH010053,HNW,0.0,desarrollo,0,0,1,2,2
HH010054,HNW,0.0,desarrollo,1,4,2,3,1
HH010055,HNW,0.0,desarrollo,4,0,0,1,2
HH010056,HNW,0.0,desarrollo,1,1,4,4,0
HH010057,HNW,0.0,desarrollo,4,2,2,3,1
HH010058,HNW,0.0,desarrollo,2,4,1,1,2
HH010059,HNW,0.0,desarrollo,4,1,1,3,2
HH010060,HNW,0.0,desarrollo,2,1,1,1,1
HH010061,HNW,0.0,desarrollo,2,3,4,4,2
HH010062,HNW,0.0,desarrollo,3,3,2,0,4
HH010063,HNW,0.0,desarrollo,3,3,3,1,2
HH010064,HNW,0.0,desarrollo,0,3,0,2,4
HH010065,HNW,0.0,desarrollo,1,0,2,3,4
HH010066,HNW,0.0,desarrollo,1,0,1,0,4
HH010067,HNW,0.0,desarrollo,2,3,3,4,2
HH010068,HNW,0.0,holdout,,,,,
HH010069,HNW,0.0,desarrollo,3,0,0,2,3
HH010070,HNW,0.0,desarrollo,4,1,4,0,1
HH010071,HNW,0.0,desarrollo,3,3,2,2,4
HH010072,HNW,0.0,desarrollo,0,0,2,0,1
HH010073,HNW,0.0,desarrollo,2,3,4,3,3
HH010074,HNW,0.0,desarrollo,1,2,4,2,3
HH010075,HNW,0.0,holdout,,,,,
HH010076,HNW,0.0,desarrollo,1,2,2,4,1
HH010077,HNW,0.0,desarrollo,3,1,0,4,2
HH010078,HNW,0.0,holdout,,,,,
HH010079,HNW,0.0,holdout,,,,,
HH010080,HNW,0.0,desarrollo,2,4,2,2,0
HH010081,HNW,0.0,desarrollo,3,3,3,1,4
HH010082,HNW,0.0,desarrollo,2,2,2,0,3
HH010083,HNW,0.0,desarrollo,3,1,3,2,2
HH010084,HNW,0.0,desarrollo,3,4,4,0,2
HH010085,HNW,0.0,desarrollo,1,4,4,3,2
HH010086,HNW,0.0,desarrollo,0,3,2,3,4
HH010087,HNW,0.0,desarrollo,4,2,1,4,3
HH010088,HNW,0.0,desarrollo,4,3,4,1,2
HH010089,HNW,0.0,holdout,,,,,
HH010090,HNW,0.0,holdout,,,,,
HH010091,HNW,0.0,holdout,,,,,
HH010092,HNW,0.0,desarrollo,1,1,4,2,1
HH010093,HNW,0.0,desarrollo,2,0,4,1,0
HH010094,HNW,0.0,desarrollo,4,1,2,2,2
HH010095,HNW,0.0,desarrollo,0,2,4,0,2
HH010096,UHNW,0.0,holdout,,,,,
HH010097,HNW,0.0,holdout,,,,,
HH010098,HNW,0.0,desarrollo,1,1,1,4,4
HH010099,HNW,0.0,desarrollo,2,0,3,0,0
HH010100,HNW,0.0,holdout,,,,,
HH010101,HNW,0.0,desarrollo,3,3,2,0,2
HH010102,HNW,0.0,desarrollo,4,4,3,1,0
HH010103,HNW,0.0,desarrollo,0,0,1,1,2
HH010104,HNW,0.0,desarrollo,1,1,2,1,2
HH010105,HNW,0.0,holdout,,,,,
HH010106,HNW,0.0,holdout,,,,,
HH010107,UHNW,0.0,desarrollo,0,0,4,0,2
HH010108,HNW,0.0,desarrollo,4,3,4,0,0
HH010109,HNW,0.0,holdout,,,,,
HH010110,HNW,0.0,holdout,,,,,
HH010111,HNW,0.0,desarrollo,0,0,4,3,0
HH010112,HNW,0.0,desarrollo,2,4,0,4,2
HH010113,HNW,0.0,holdout,,,,,
HH010114,HNW,0.0,desarrollo,3,0,1,3,4
HH010115,HNW,0.0,desarrollo,2,0,2,0,4
HH010116,HNW,0.0,desarrollo,1,4,1,4,4
HH010117,HNW,0.0,holdout,,,,,
HH010118,HNW,0.0,desarrollo,0,1,2,0,1
HH010119,HNW,0.0,holdout,,,,,
HH010120,HNW,0.0,desarrollo,1,1,0,0,3
HH010121,HNW,0.0,desarrollo,3,0,3,4,0
HH010122,HNW,0.0,desarrollo,1,0,1,2,4
HH010123,HNW,0.0,desarrollo,0,2,4,0,0
HH010124,HNW,0.0,desarrollo,0,3,0,0,1
HH010125,HNW,0.0,desarrollo,3,3,0,2,1
HH010126,HNW,0.0,desarrollo,2,2,2,3,2
HH010127,HNW,0.0,holdout,,,,,
HH010128,HNW,0.0,holdout,,,,,
HH010129,HNW,0.0,desarrollo,4,0,4,0,1
HH010130,HNW,0.0,desarrollo,2,3,4,1,1
HH010131,HNW,0.0,desarrollo,1,2,4,4,3
HH010132,HNW,0.0,holdout,,,,,
HH010133,HNW,0.0,desarrollo,1,0,3,3,3
HH010134,HNW,0.0,desarrollo,3,0,4,4,1
HH010135,HNW,0.0,desarrollo,2,0,0,3,4
HH010136,HNW,0.0,desarrollo,0,4,0,4,0
HH010137,HNW,0.0,desarrollo,2,1,2,1,0
HH010138,UHNW,0.0,desarrollo,4,3,4,1,3
HH010139,UHNW,0.0,desarrollo,3,4,1,0,0
HH010140,HNW,0.0,desarrollo,4,4,4,0,4
HH010141,HNW,0.0,desarrollo,0,1,4,4,4
HH010142,HNW,0.0,holdout,,,,,
HH010143,HNW,0.0,desarrollo,0,3,1,2,1
HH010144,HNW,0.0,desarrollo,3,3,3,4,1
HH010145,HNW,0.0,desarrollo,2,0,3,4,4
HH010146,HNW,0.0,desarrollo,0,3,1,1,0
HH010147,HNW,0.0,desarrollo,1,2,2,3,3
HH010148,HNW,0.0,holdout,,,,,
HH010149,HNW,1.0,desarrollo,3,3,0,4,4
HH010150,HNW,0.0,desarrollo,4,0,4,0,0
HH010151,HNW,0.0,desarrollo,3,4,3,4,0
HH010152,HNW,0.0,desarrollo,2,1,0,0,2
HH010153,HNW,0.0,holdout,,,,,
HH010154,HNW,0.0,desarrollo,4,0,1,3,2
HH010155,HNW,0.0,desarrollo,4,0,1,1,4
HH010156,HNW,0.0,holdout,,,,,
HH010157,HNW,0.0,desarrollo,2,1,1,3,0
HH010158,HNW,0.0,desarrollo,0,4,4,2,0
HH010159,HNW,0.0,desarrollo,0,3,0,2,2
HH010160,UHNW,1.0,desarrollo,0,4,2,3,0
HH010161,HNW,0.0,desarrollo,3,3,3,2,1
HH010162,HNW,0.0,desarrollo,4,3,0,0,3
HH010163,HNW,0.0,desarrollo,1,1,4,1,4
HH010164,HNW,0.0,desarrollo,1,1,3,1,2
HH010165,HNW,0.0,desarrollo,3,1,1,2,0
HH010166,HNW,0.0,desarrollo,2,3,3,2,1
HH010167,HNW,0.0,desarrollo,0,4,2,1,1
HH010168,HNW,0.0,desarrollo,1,2,3,3,3
HH010169,HNW,0.0,desarrollo,2,0,1,4,1
HH010170,HNW,0.0,holdout,,,,,
HH010171,HNW,0.0,desarrollo,3,1,0,0,1
HH010172,HNW,0.0,desarrollo,0,3,3,1,4
HH010173,HNW,0.0,desarrollo,2,3,3,0,3
HH010174,HNW,0.0,holdout,,,,,
HH010175,HNW,0.0,desarrollo,1,3,3,1,2
HH010176,HNW,0.0,desarrollo,3,4,1,4,0
HH010177,UHNW,0.0,holdout,,,,,
HH010178,HNW,0.0,holdout,,,,,
HH010179,HNW,0.0,holdout,,,,,
HH010180,HNW,0.0,desarrollo,1,4,4,3,1
HH010181,UHNW,0.0,desarrollo,2,0,2,2,0
HH010182,HNW,0.0,desarrollo,1,2,3,4,4
HH010183,HNW,0.0,desarrollo,4,4,1,2,4
HH010184,UHNW,0.0,desarrollo,3,2,2,2,3
HH010185,HNW,0.0,desarrollo,1,1,0,2,4
HH010186,HNW,0.0,desarrollo,2,0,2,3,4
HH010187,HNW,0.0,desarrollo,3,4,1,0,4
HH010188,HNW,0.0,holdout,,,,,
HH010189,HNW,0.0,holdout,,,,,
HH010190,HNW,0.0,desarrollo,4,2,2,0,3
HH010191,HNW,1.0,holdout,,,,,
HH010192,HNW,0.0,desarrollo,0,1,0,3,0
HH010193,HNW,0.0,desarrollo,4,1,1,0,0
HH010194,HNW,0.0,desarrollo,2,2,2,1,4
HH010195,HNW,0.0,desarrollo,2,1,3,3,4
HH010196,HNW,1.0,desarrollo,1,3,2,0,3
HH010197,HNW,0.0,desarrollo,1,2,2,0,4
HH010198,HNW,0.0,desarrollo,4,3,4,3,4
HH010199,HNW,0.0,desarrollo,1,2,1,3,1
HH010200,HNW,0.0,holdout,,,,,
HH010201,HNW,0.0,desarrollo,3,1,1,1,1
HH010202,HNW,0.0,holdout,,,,,
HH010203,HNW,1.0,holdout,,,,,
HH010204,HNW,0.0,desarrollo,4,3,0,2,4
HH010205,HNW,0.0,holdout,,,,,
HH010206,HNW,0.0,holdout,,,,,
HH010207,HNW,0.0,holdout,,,,,
HH010208,HNW,1.0,desarrollo,0,0,2,1,3
HH010209,HNW,1.0,holdout,,,,,
HH010210,HNW,0.0,holdout,,,,,
HH010211,HNW,0.0,holdout,,,,,
HH010212,HNW,0.0,holdout,,,,,
HH010213,HNW,0.0,desarrollo,0,2,1,0,0
HH010214,HNW,1.0,desarrollo,1,0,3,0,1
HH010215,HNW,0.0,desarrollo,0,2,2,2,2
HH010216,HNW,1.0,desarrollo,4,4,0,2,0
HH010217,HNW,0.0,holdout,,,,,
HH010218,HNW,0.0,holdout,,,,,
HH010219,HNW,0.0,desarrollo,0,3,1,2,1
HH010220,HNW,0.0,desarrollo,3,1,3,3,1
HH010221,HNW,0.0,desarrollo,0,2,3,3,1
HH010222,HNW,0.0,desarrollo,4,0,4,4,3
HH010223,HNW,0.0,desarrollo,4,0,4,4,0
HH010224,HNW,0.0,desarrollo,2,3,2,3,1
HH010225,UHNW,0.0,desarrollo,2,3,3,4,4
HH010226,HNW,0.0,desarrollo,3,4,4,3,1
HH010227,HNW,0.0,desarrollo,4,2,1,3,1
HH010228,HNW,0.0,desarrollo,1,4,3,1,4
HH010229,HNW,0.0,holdout,,,,,
HH010230,HNW,0.0,desarrollo,3,3,3,3,0
HH010231,HNW,0.0,desarrollo,0,4,2,2,3
HH010232,HNW,0.0,holdout,,,,,
HH010233,UHNW,0.0,desarrollo,1,1,1,3,3
HH010234,HNW,0.0,holdout,,,,,
HH010235,HNW,0.0,desarrollo,4,1,4,4,4
HH010236,HNW,0.0,desarrollo,2,1,3,4,4
HH010237,HNW,1.0,desarrollo,3,3,3,4,3
HH010238,HNW,0.0,desarrollo,1,4,4,1,3
HH010239,HNW,0.0,desarrollo,4,1,0,4,1
HH010240,HNW,0.0,desarrollo,1,0,4,2,2
HH010241,HNW,0.0,desarrollo,4,3,1,4,3
HH010242,HNW,0.0,desarrollo,2,3,2,2,1
HH010243,HNW,0.0,desarrollo,1,4,4,3,3
HH010244,HNW,0.0,desarrollo,3,2,0,0,2
HH010245,HNW,1.0,desarrollo,2,0,3,4,4
HH010246,HNW,0.0,holdout,,,,,
HH010247,HNW,0.0,desarrollo,4,0,2,0,4
HH010248,HNW,0.0,desarrollo,1,2,1,1,0
HH010249,UHNW,0.0,desarrollo,3,1,1,1,2
HH010250,HNW,0.0,desarrollo,1,3,4,0,2
HH010251,HNW,0.0,holdout,,,,,
HH010252,HNW,0.0,holdout,,,,,
HH010253,HNW,0.0,desarrollo,0,0,0,2,4
HH010254,HNW,0.0,desarrollo,2,4,0,1,1
HH010255,HNW,0.0,desarrollo,1,3,3,2,2
HH010256,HNW,0.0,desarrollo,0,4,3,1,3
HH010257,HNW,0.0,desarrollo,4,2,0,1,1
HH010258,HNW,0.0,desarrollo,1,3,0,4,4
HH010259,HNW,0.0,desarrollo,3,4,0,3,3
HH010260,HNW,0.0,desarrollo,4,1,1,0,4
HH010261,HNW,0.0,desarrollo,4,4,3,2,2
HH010262,HNW,0.0,desarrollo,0,1,2,0,2
HH010263,HNW,0.0,desarrollo,1,0,1,0,3
HH010264,HNW,0.0,desarrollo,1,3,0,0,1
HH010265,HNW,0.0,desarrollo,2,3,2,2,0
HH010266,HNW,0.0,holdout,,,,,
HH010267,HNW,0.0,desarrollo,1,2,4,0,3
HH010268,HNW,0.0,desarrollo,0,4,0,2,3
HH010269,HNW,0.0,holdout,,,,,
HH010270,UHNW,0.0,holdout,,,,,
HH010271,HNW,0.0,holdout,,,,,
HH010272,HNW,0.0,desarrollo,0,4,3,2,0
HH010273,HNW,0.0,holdout,,,,,
HH010274,HNW,0.0,desarrollo,0,3,0,1,3
HH010275,HNW,0.0,desarrollo,2,2,2,2,1
HH010276,HNW,0.0,desarrollo,2,1,4,2,3
HH010277,HNW,0.0,desarrollo,2,1,2,3,1
HH010278,HNW,0.0,desarrollo,3,0,0,1,3
HH010279,HNW,0.0,desarrollo,0,4,4,1,3
HH010280,HNW,0.0,holdout,,,,,
HH010281,HNW,0.0,desarrollo,3,0,2,1,3
HH010282,UHNW,0.0,desarrollo,0,1,4,3,3
HH010283,HNW,0.0,holdout,,,,,
HH010284,HNW,0.0,holdout,,,,,
HH010285,HNW,1.0,holdout,,,,,
HH010286,HNW,0.0,holdout,,,,,
HH010287,HNW,0.0,desarrollo,2,2,1,3,3
HH010288,HNW,0.0,holdout,,,,,
HH010289,HNW,0.0,desarrollo,0,0,1,4,3
HH010290,HNW,0.0,desarrollo,1,3,2,1,0
HH010291,HNW,0.0,holdout,,,,,
HH010292,HNW,0.0,desarrollo,1,0,3,2,3
HH010293,HNW,0.0,desarrollo,4,1,3,1,4
HH010294,HNW,0.0,holdout,,,,,
HH010295,HNW,0.0,holdout,,,,,
HH010296,HNW,0.0,desarrollo,1,0,2,2,1
HH010297,HNW,1.0,holdout,,,,,
HH010298,HNW,0.0,desarrollo,2,4,0,1,0
HH010299,HNW,0.0,desarrollo,4,4,2,4,3
HH010300,HNW,0.0,desarrollo,2,0,1,0,3
HH010301,HNW,0.0,holdout,,,,,
HH010302,HNW,0.0,desarrollo,3,1,2,0,4
HH010303,HNW,0.0,holdout,,,,,
HH010304,HNW,0.0,holdout,,,,,
HH010305,HNW,0.0,desarrollo,1,1,0,4,3
HH010306,UHNW,0.0,desarrollo,1,4,3,0,2
HH010307,HNW,0.0,desarrollo,1,3,1,2,1
HH010308,HNW,0.0,desarrollo,2,2,4,0,4
HH010309,HNW,0.0,desarrollo,4,3,2,3,1
HH010310,HNW,0.0,desarrollo,3,4,3,1,1
HH010311,HNW,0.0,holdout,,,,,
HH010312,HNW,1.0,desarrollo,0,0,2,1,2
HH010313,HNW,0.0,desarrollo,1,2,4,0,3
HH010314,HNW,0.0,desarrollo,0,3,4,3,0
HH010315,HNW,0.0,desarrollo,3,1,0,1,2
HH010316,HNW,0.0,holdout,,,,,
HH010317,HNW,0.0,holdout,,,,,
HH010318,HNW,0.0,desarrollo,4,3,3,3,1
HH010319,HNW,0.0,holdout,,,,,
HH010320,HNW,0.0,desarrollo,0,2,3,2,3
HH010321,HNW,0.0,holdout,,,,,
HH010322,HNW,0.0,holdout,,,,,
HH010323,HNW,0.0,desarrollo,4,1,3,3,4
HH010324,HNW,0.0,desarrollo,4,3,3,2,0
HH010325,HNW,0.0,holdout,,,,,
HH010326,UHNW,0.0,desarrollo,3,3,1,3,4
HH010327,HNW,0.0,desarrollo,2,0,4,0,4
HH010328,HNW,0.0,holdout,,,,,
HH010329,HNW,0.0,desarrollo,2,1,2,1,0
HH010330,HNW,0.0,desarrollo,1,3,1,2,0
HH010331,HNW,1.0,desarrollo,0,3,4,0,2
HH010332,HNW,0.0,desarrollo,2,0,1,4,0
HH010333,UHNW,0.0,desarrollo,0,4,4,4,4
HH010334,HNW,1.0,desarrollo,4,2,3,2,4
HH010335,HNW,1.0,holdout,,,,,
HH010336,HNW,0.0,holdout,,,,,
HH010337,HNW,0.0,desarrollo,0,2,1,2,2
HH010338,HNW,0.0,holdout,,,,,
HH010339,HNW,0.0,desarrollo,4,4,0,3,0
HH010340,HNW,0.0,desarrollo,1,3,2,3,4
HH010341,HNW,0.0,desarrollo,2,2,1,4,4
HH010342,HNW,0.0,desarrollo,4,1,2,0,4
HH010343,HNW,0.0,holdout,,,,,
HH010344,HNW,0.0,desarrollo,0,0,1,3,3
HH010345,HNW,0.0,desarrollo,3,4,1,1,3
HH010346,HNW,0.0,holdout,,,,,
HH010347,HNW,0.0,holdout,,,,,
HH010348,HNW,0.0,desarrollo,3,1,0,2,4
HH010349,HNW,0.0,holdout,,,,,
HH010350,HNW,0.0,holdout,,,,,
HH010351,HNW,0.0,holdout,,,,,
HH010352,HNW,0.0,holdout,,,,,
HH010353,HNW,0.0,holdout,,,,,
HH010354,HNW,0.0,desarrollo,4,1,2,2,0
HH010355,HNW,0.0,desarrollo,2,1,2,0,3
HH010356,HNW,0.0,desarrollo,3,4,0,4,4
HH010357,HNW,1.0,desarrollo,0,2,0,4,2
HH010358,HNW,0.0,holdout,,,,,
HH010359,HNW,0.0,desarrollo,3,0,3,3,2
HH010360,HNW,0.0,desarrollo,3,3,3,1,2
HH010361,HNW,0.0,desarrollo,3,4,4,3,0
HH010362,HNW,0.0,desarrollo,1,4,3,3,1
HH010363,HNW,0.0,holdout,,,,,
HH010364,HNW,0.0,desarrollo,2,2,4,0,4
HH010365,HNW,0.0,desarrollo,2,1,2,4,2
HH010366,HNW,0.0,desarrollo,0,3,2,3,3
HH010367,HNW,0.0,desarrollo,2,3,2,4,1
HH010368,UHNW,0.0,desarrollo,4,1,2,0,0
HH010369,UHNW,0.0,desarrollo,1,3,3,3,2
HH010370,HNW,0.0,holdout,,,,,
HH010371,HNW,0.0,desarrollo,0,2,4,4,1
HH010372,HNW,0.0,holdout,,,,,
HH010373,HNW,0.0,holdout,,,,,
HH010374,HNW,0.0,holdout,,,,,
HH010375,HNW,0.0,desarrollo,4,1,4,4,3
HH010376,HNW,0.0,desarrollo,0,1,3,4,0
HH010377,HNW,0.0,desarrollo,0,0,2,4,0
HH010378,HNW,0.0,desarrollo,0,0,3,0,2
HH010379,HNW,0.0,holdout,,,,,
HH010380,HNW,,excluido,,,,,
HH010381,HNW,0.0,desarrollo,0,0,3,1,4
HH010382,HNW,0.0,desarrollo,0,0,4,2,3
HH010383,HNW,1.0,desarrollo,1,0,2,3,4
HH010384,HNW,0.0,desarrollo,1,1,0,4,3
HH010385,HNW,0.0,desarrollo,2,2,4,2,2
HH010386,HNW,0.0,holdout,,,,,
HH010387,HNW,0.0,holdout,,,,,
HH010388,HNW,0.0,desarrollo,3,0,4,3,2
HH010389,HNW,0.0,holdout,,,,,
HH010390,HNW,0.0,desarrollo,1,0,1,3,3
HH010391,HNW,0.0,desarrollo,3,3,3,1,3
HH010392,HNW,0.0,holdout,,,,,
HH010393,HNW,0.0,holdout,,,,,
HH010394,HNW,0.0,desarrollo,1,2,2,3,3
HH010395,HNW,0.0,desarrollo,0,3,2,3,2
HH010396,HNW,0.0,desarrollo,2,1,4,3,4
HH010397,HNW,0.0,desarrollo,4,3,4,1,0
HH010398,HNW,0.0,holdout,,,,,
HH010399,HNW,0.0,desarrollo,0,2,2,3,0
HH010400,HNW,0.0,desarrollo,0,1,3,0,0
HH010401,HNW,0.0,desarrollo,0,4,0,2,0
HH010402,HNW,0.0,holdout,,,,,
HH010403,HNW,0.0,desarrollo,4,3,2,4,4
HH010404,HNW,0.0,desarrollo,3,1,0,0,1
HH010405,HNW,0.0,holdout,,,,,
HH010406,HNW,0.0,desarrollo,0,1,0,3,2
HH010407,HNW,0.0,desarrollo,1,0,1,4,1
HH010408,HNW,1.0,desarrollo,0,3,4,0,3
HH010409,HNW,0.0,desarrollo,4,2,2,4,0
HH010410,HNW,0.0,desarrollo,4,4,4,4,4
HH010411,HNW,0.0,desarrollo,0,1,0,2,2
HH010412,HNW,0.0,holdout,,,,,
HH010413,HNW,0.0,desarrollo,4,0,3,0,4
HH010414,HNW,0.0,desarrollo,0,0,2,1,3
HH010415,HNW,0.0,desarrollo,3,4,0,4,2
HH010416,HNW,0.0,desarrollo,3,1,2,4,1
HH010417,HNW,0.0,desarrollo,3,3,4,3,3
HH010418,HNW,0.0,holdout,,,,,
HH010419,HNW,0.0,desarrollo,1,2,0,4,2
HH010420,HNW,0.0,holdout,,,,,
HH010421,UHNW,0.0,desarrollo,3,4,0,4,3
HH010422,HNW,0.0,desarrollo,3,3,1,3,1
HH010423,HNW,0.0,holdout,,,,,
HH010424,HNW,0.0,desarrollo,4,2,2,0,2
HH010425,UHNW,0.0,desarrollo,2,3,3,4,1
HH010426,UHNW,0.0,desarrollo,0,1,3,3,4
HH010427,HNW,0.0,desarrollo,4,3,0,3,1
HH010428,HNW,0.0,holdout,,,,,
HH010429,HNW,0.0,holdout,,,,,
HH010430,HNW,0.0,desarrollo,3,4,1,2,1
HH010431,HNW,0.0,holdout,,,,,
HH010432,HNW,0.0,holdout,,,,,
HH010433,HNW,0.0,holdout,,,,,
HH010434,HNW,0.0,desarrollo,4,1,1,4,1
HH010435,HNW,0.0,desarrollo,1,0,4,4,2
HH010436,HNW,0.0,desarrollo,1,0,2,1,1
HH010437,HNW,0.0,desarrollo,2,1,4,2,1
HH010438,HNW,0.0,desarrollo,1,4,4,1,2
HH010439,HNW,0.0,desarrollo,4,2,1,4,1
HH010440,HNW,0.0,holdout,,,,,
HH010441,HNW,0.0,desarrollo,3,1,4,4,3
HH010442,UHNW,0.0,desarrollo,1,1,4,0,4
HH010443,UHNW,0.0,holdout,,,,,
HH010444,HNW,0.0,desarrollo,3,2,3,3,4
HH010445,HNW,0.0,holdout,,,,,
HH010446,HNW,0.0,desarrollo,0,3,4,2,0
HH010447,HNW,0.0,desarrollo,3,3,2,0,1
HH010448,HNW,1.0,desarrollo,2,2,2,4,1
HH010449,UHNW,0.0,holdout,,,,,
HH010450,HNW,0.0,desarrollo,3,3,4,2,4
HH010451,HNW,0.0,desarrollo,1,4,4,2,1
HH010452,HNW,0.0,holdout,,,,,
HH010453,HNW,0.0,desarrollo,3,1,2,1,0
HH010454,UHNW,0.0,desarrollo,0,0,1,4,4
HH010455,HNW,0.0,desarrollo,4,3,1,3,2
HH010456,HNW,0.0,desarrollo,2,4,2,2,1
HH010457,UHNW,0.0,holdout,,,,,
HH010458,HNW,0.0,holdout,,,,,
HH010459,HNW,0.0,desarrollo,2,2,1,3,4
HH010460,HNW,0.0,holdout,,,,,
HH010461,HNW,0.0,desarrollo,3,2,3,4,0
HH010462,HNW,0.0,desarrollo,0,3,1,0,4
HH010463,HNW,0.0,desarrollo,3,2,2,0,3
HH010464,HNW,0.0,desarrollo,4,0,3,2,2
HH010465,HNW,0.0,desarrollo,1,3,0,1,3
HH010466,HNW,0.0,holdout,,,,,
HH010467,HNW,0.0,desarrollo,1,4,1,4,2
HH010468,HNW,0.0,desarrollo,3,0,0,4,0
HH010469,HNW,0.0,desarrollo,4,3,1,3,3
HH010470,HNW,0.0,desarrollo,1,4,4,4,4
HH010471,HNW,0.0,desarrollo,2,2,2,4,0
HH010472,HNW,0.0,desarrollo,2,2,1,4,2
HH010473,HNW,0.0,holdout,,,,,
HH010474,HNW,0.0,desarrollo,2,1,1,4,4
HH010475,HNW,0.0,desarrollo,1,2,2,2,1
HH010476,HNW,0.0,desarrollo,0,3,4,3,2
HH010477,HNW,0.0,desarrollo,3,0,3,0,0
HH010478,HNW,0.0,desarrollo,4,0,4,4,4
HH010479,HNW,0.0,desarrollo,0,2,2,1,4
HH010480,HNW,0.0,desarrollo,0,4,1,0,2
HH010481,HNW,0.0,holdout,,,,,
HH010482,HNW,0.0,desarrollo,2,2,1,0,4
HH010483,HNW,0.0,desarrollo,1,0,4,1,3
HH010484,HNW,0.0,desarrollo,0,3,0,0,4
HH010485,HNW,0.0,desarrollo,2,0,0,1,1
HH010486,HNW,0.0,desarrollo,2,4,0,2,1
HH010487,HNW,1.0,holdout,,,,,
HH010488,HNW,0.0,holdout,,,,,
HH010489,HNW,0.0,desarrollo,2,0,2,4,0
HH010490,HNW,0.0,desarrollo,3,1,4,1,0
HH010491,HNW,0.0,holdout,,,,,
HH010492,HNW,0.0,desarrollo,0,3,3,3,4
HH010493,HNW,0.0,desarrollo,3,3,2,2,3
HH010494,HNW,0.0,holdout,,,,,
HH010495,HNW,0.0,desarrollo,0,3,1,4,2
HH010496,HNW,0.0,desarrollo,1,0,2,1,4
HH010497,HNW,0.0,desarrollo,4,4,2,2,3
HH010498,HNW,0.0,desarrollo,1,0,3,4,1
HH010499,HNW,0.0,desarrollo,1,3,3,0,0
HH010500,HNW,0.0,holdout,,,,,
HH010501,HNW,0.0,desarrollo,3,1,3,0,0
HH010502,UHNW,1.0,desarrollo,1,0,4,0,1
HH010503,HNW,0.0,desarrollo,3,3,0,1,4
HH010504,UHNW,0.0,desarrollo,3,0,1,0,2
HH010505,HNW,0.0,desarrollo,0,4,0,2,2
HH010506,HNW,0.0,desarrollo,4,1,1,0,0
HH010507,HNW,0.0,desarrollo,0,2,1,0,2
HH010508,UHNW,0.0,desarrollo,0,1,3,4,3
HH010509,HNW,0.0,holdout,,,,,
HH010510,HNW,0.0,holdout,,,,,
HH010511,HNW,0.0,desarrollo,0,4,1,0,1
HH010512,UHNW,0.0,holdout,,,,,
HH010513,HNW,1.0,desarrollo,0,1,3,1,2
HH010514,HNW,0.0,holdout,,,,,
HH010515,HNW,0.0,desarrollo,4,0,4,4,3
HH010516,HNW,0.0,desarrollo,0,4,2,0,3
HH010517,HNW,0.0,holdout,,,,,
HH010518,HNW,0.0,desarrollo,3,1,3,3,1
HH010519,HNW,0.0,desarrollo,0,0,1,2,2
HH010520,HNW,0.0,holdout,,,,,
HH010521,HNW,0.0,desarrollo,3,3,4,2,3
HH010522,HNW,0.0,desarrollo,0,2,2,0,1
HH010523,HNW,0.0,desarrollo,3,0,4,0,4
HH010524,HNW,0.0,desarrollo,4,1,3,0,2
HH010525,HNW,0.0,holdout,,,,,
HH010526,HNW,1.0,holdout,,,,,
HH010527,HNW,0.0,desarrollo,0,0,0,1,0
HH010528,HNW,0.0,holdout,,,,,
HH010529,HNW,1.0,desarrollo,3,1,0,1,4
HH010530,HNW,0.0,holdout,,,,,
HH010531,UHNW,0.0,desarrollo,0,2,0,3,1
HH010532,HNW,0.0,desarrollo,1,2,4,2,1
HH010533,HNW,0.0,desarrollo,2,2,1,2,4
HH010534,HNW,0.0,desarrollo,2,4,4,3,2
HH010535,HNW,1.0,desarrollo,3,3,1,2,1
HH010536,HNW,0.0,desarrollo,1,4,4,0,2
HH010537,HNW,0.0,desarrollo,1,3,3,1,4
HH010538,HNW,0.0,desarrollo,2,4,2,1,0
HH010539,HNW,0.0,holdout,,,,,
HH010540,HNW,0.0,holdout,,,,,
HH010541,HNW,,excluido,,,,,
HH010542,HNW,0.0,desarrollo,4,2,4,2,3
HH010543,HNW,0.0,desarrollo,0,3,0,4,4
HH010544,HNW,0.0,holdout,,,,,
HH010545,HNW,0.0,desarrollo,1,0,2,3,0
HH010546,HNW,0.0,desarrollo,4,1,2,3,4
HH010547,UHNW,0.0,desarrollo,1,1,4,0,4
HH010548,HNW,0.0,desarrollo,0,1,0,1,0
HH010549,HNW,0.0,holdout,,,,,
HH010550,HNW,0.0,desarrollo,1,0,2,4,3
HH010551,HNW,0.0,desarrollo,0,3,4,3,0
HH010552,HNW,0.0,desarrollo,1,4,1,0,2
HH010553,HNW,0.0,holdout,,,,,
HH010554,HNW,0.0,desarrollo,2,3,3,1,0
HH010555,HNW,0.0,holdout,,,,,
HH010556,HNW,0.0,desarrollo,1,1,2,0,4
HH010557,HNW,0.0,desarrollo,4,0,3,4,4
HH010558,HNW,0.0,desarrollo,0,2,1,1,2
HH010559,HNW,0.0,desarrollo,0,4,1,1,3
HH010560,HNW,0.0,desarrollo,2,1,3,3,3
HH010561,HNW,0.0,desarrollo,0,1,3,1,3
HH010562,HNW,0.0,desarrollo,4,2,4,1,4
HH010563,HNW,0.0,desarrollo,2,3,2,2,4
HH010564,HNW,0.0,desarrollo,3,2,0,2,1
HH010565,HNW,0.0,desarrollo,3,0,3,4,2
HH010566,HNW,0.0,holdout,,,,,
HH010567,HNW,0.0,holdout,,,,,
HH010568,HNW,0.0,holdout,,,,,
HH010569,HNW,0.0,holdout,,,,,
HH010570,HNW,0.0,holdout,,,,,
HH010571,HNW,0.0,desarrollo,1,3,4,2,1
HH010572,HNW,0.0,desarrollo,2,4,2,4,3
HH010573,HNW,0.0,desarrollo,2,0,2,2,4
HH010574,HNW,0.0,desarrollo,2,2,4,2,2
HH010575,HNW,0.0,desarrollo,3,2,2,0,1
HH010576,HNW,0.0,holdout,,,,,
HH010577,HNW,0.0,desarrollo,0,1,4,4,1
HH010578,UHNW,0.0,holdout,,,,,
HH010579,HNW,0.0,holdout,,,,,
HH010580,HNW,0.0,desarrollo,3,1,2,2,0
HH010581,HNW,0.0,holdout,,,,,
HH010582,HNW,0.0,desarrollo,1,1,0,1,2
HH010583,HNW,1.0,holdout,,,,,
HH010584,HNW,0.0,holdout,,,,,
HH010585,HNW,0.0,desarrollo,3,4,2,0,2
HH010586,HNW,1.0,desarrollo,2,0,0,1,0
HH010587,HNW,0.0,desarrollo,4,4,0,4,3
HH010588,HNW,0.0,holdout,,,,,
HH010589,HNW,0.0,desarrollo,0,1,3,2,3
HH010590,HNW,0.0,desarrollo,1,2,4,2,3
HH010591,HNW,1.0,desarrollo,4,4,3,4,0
HH010592,HNW,0.0,desarrollo,0,2,0,1,1
HH010593,HNW,0.0,holdout,,,,,
HH010594,HNW,0.0,desarrollo,1,2,4,1,4
HH010595,HNW,0.0,holdout,,,,,
HH010596,HNW,0.0,desarrollo,3,0,0,2,2
HH010597,HNW,0.0,desarrollo,4,2,0,0,0
HH010598,HNW,0.0,desarrollo,4,4,2,4,2
HH010599,HNW,0.0,desarrollo,1,4,3,3,4
HH010600,HNW,0.0,desarrollo,0,3,2,4,3
HH010601,HNW,0.0,desarrollo,2,1,2,2,2
HH010602,HNW,0.0,desarrollo,0,3,4,4,4
HH010603,UHNW,0.0,desarrollo,3,4,4,3,2
HH010604,HNW,0.0,desarrollo,1,0,3,3,4
HH010605,HNW,0.0,desarrollo,0,3,1,0,3
HH010606,HNW,0.0,desarrollo,1,0,1,2,2
HH010607,HNW,0.0,holdout,,,,,
HH010608,HNW,0.0,desarrollo,2,0,3,3,0
HH010609,HNW,0.0,desarrollo,2,2,0,2,4
HH010610,HNW,0.0,desarrollo,4,0,2,3,3
HH010611,HNW,0.0,desarrollo,1,0,1,2,0
HH010612,HNW,0.0,desarrollo,2,0,3,4,0
HH010613,HNW,0.0,desarrollo,3,4,4,0,4
HH010614,HNW,0.0,desarrollo,4,4,0,4,1
HH010615,HNW,0.0,desarrollo,2,1,1,4,0
HH010616,HNW,0.0,desarrollo,2,1,1,2,1
HH010617,HNW,0.0,holdout,,,,,
HH010618,HNW,0.0,holdout,,,,,
HH010619,HNW,0.0,desarrollo,3,0,1,1,1
HH010620,HNW,0.0,desarrollo,1,3,0,0,3
HH010621,UHNW,0.0,holdout,,,,,
HH010622,HNW,0.0,desarrollo,0,0,4,1,2
HH010623,UHNW,0.0,holdout,,,,,
HH010624,HNW,1.0,holdout,,,,,
HH010625,HNW,0.0,holdout,,,,,
HH010626,HNW,0.0,desarrollo,4,2,0,0,2
HH010627,HNW,0.0,desarrollo,4,1,2,0,0
HH010628,HNW,0.0,desarrollo,0,2,0,1,0
HH010629,HNW,0.0,desarrollo,4,4,3,4,2
HH010630,HNW,0.0,desarrollo,0,2,4,0,2
HH010631,HNW,0.0,desarrollo,0,3,1,4,3
HH010632,HNW,0.0,desarrollo,3,0,2,3,3
HH010633,HNW,0.0,holdout,,,,,
HH010634,HNW,0.0,desarrollo,0,3,0,0,4
HH010635,HNW,1.0,desarrollo,2,0,3,2,3
HH010636,HNW,1.0,desarrollo,2,4,0,3,0
HH010637,HNW,0.0,desarrollo,1,3,0,2,3
HH010638,HNW,0.0,desarrollo,1,4,0,1,4
HH010639,HNW,0.0,desarrollo,2,0,1,4,0
HH010640,HNW,0.0,desarrollo,0,1,3,4,2
HH010641,HNW,0.0,holdout,,,,,
HH010642,HNW,0.0,desarrollo,3,1,2,4,1
HH010643,HNW,0.0,desarrollo,3,1,4,0,4
HH010644,HNW,0.0,desarrollo,0,1,4,0,4
HH010645,HNW,0.0,desarrollo,0,1,4,0,4
HH010646,HNW,0.0,desarrollo,1,1,1,3,3
HH010647,HNW,0.0,desarrollo,1,1,3,4,1
HH010648,HNW,0.0,desarrollo,2,0,4,0,1
HH010649,HNW,0.0,desarrollo,1,4,2,4,3
HH010650,HNW,0.0,desarrollo,4,4,2,3,0
HH010651,HNW,0.0,holdout,,,,,
HH010652,HNW,0.0,desarrollo,0,0,3,2,4
HH010653,UHNW,0.0,holdout,,,,,
HH010654,HNW,0.0,holdout,,,,,
HH010655,HNW,1.0,desarrollo,4,4,2,3,0
HH010656,HNW,1.0,desarrollo,2,1,1,3,4
HH010657,HNW,0.0,desarrollo,0,0,0,0,0
HH010658,HNW,0.0,desarrollo,1,1,3,2,4
HH010659,HNW,0.0,desarrollo,2,4,4,4,2
HH010660,HNW,0.0,desarrollo,4,2,4,3,2
HH010661,HNW,0.0,holdout,,,,,
HH010662,HNW,0.0,desarrollo,1,1,2,0,0
HH010663,HNW,0.0,desarrollo,2,2,2,3,0
HH010664,HNW,0.0,holdout,,,,,
HH010665,HNW,0.0,desarrollo,2,0,3,4,0
HH010666,HNW,0.0,desarrollo,0,2,2,3,0
HH010667,HNW,0.0,desarrollo,3,2,2,0,1
HH010668,HNW,0.0,desarrollo,4,2,2,3,2
HH010669,HNW,0.0,desarrollo,2,4,1,0,4
HH010670,HNW,0.0,desarrollo,3,2,4,3,4
HH010671,HNW,0.0,desarrollo,3,0,1,0,4
HH010672,HNW,0.0,desarrollo,0,1,0,3,3
HH010673,HNW,0.0,desarrollo,1,4,1,2,2
HH010674,HNW,0.0,desarrollo,1,2,1,2,4
HH010675,HNW,0.0,desarrollo,1,4,2,4,2
HH010676,HNW,0.0,desarrollo,1,1,1,2,0
HH010677,HNW,0.0,desarrollo,1,1,2,0,3
HH010678,HNW,0.0,desarrollo,4,3,2,0,4
HH010679,HNW,0.0,desarrollo,4,4,2,1,2
HH010680,HNW,0.0,holdout,,,,,
HH010681,HNW,0.0,desarrollo,4,2,1,2,2
HH010682,HNW,0.0,desarrollo,1,3,3,0,0
HH010683,HNW,0.0,desarrollo,3,0,2,4,3
HH010684,HNW,0.0,holdout,,,,,
HH010685,HNW,0.0,holdout,,,,,
HH010686,HNW,0.0,desarrollo,1,1,2,1,3
HH010687,HNW,0.0,desarrollo,2,3,3,2,3
HH010688,HNW,0.0,desarrollo,3,0,2,2,1
HH010689,HNW,0.0,holdout,,,,,
HH010690,HNW,0.0,desarrollo,2,3,1,2,4
HH010691,HNW,0.0,holdout,,,,,
HH010692,UHNW,0.0,holdout,,,,,
HH010693,UHNW,0.0,desarrollo,1,1,1,4,0
HH010694,UHNW,0.0,desarrollo,3,3,0,0,0
HH010695,HNW,0.0,desarrollo,3,3,2,0,1
HH010696,HNW,0.0,desarrollo,4,3,0,0,4
HH010697,UHNW,0.0,desarrollo,2,3,0,0,4
HH010698,HNW,0.0,desarrollo,1,2,2,4,0
HH010699,HNW,0.0,holdout,,,,,
HH010700,HNW,0.0,desarrollo,4,4,4,4,4
HH010701,HNW,0.0,desarrollo,2,2,0,0,0
HH010702,HNW,0.0,desarrollo,4,4,3,4,0
HH010703,HNW,0.0,desarrollo,3,1,2,0,3
HH010704,HNW,0.0,holdout,,,,,
HH010705,HNW,0.0,desarrollo,3,2,2,3,2
HH010706,HNW,0.0,holdout,,,,,
HH010707,HNW,0.0,holdout,,,,,
HH010708,HNW,0.0,desarrollo,1,2,3,4,0
HH010709,HNW,0.0,holdout,,,,,
HH010710,HNW,0.0,desarrollo,0,3,3,2,4
HH010711,HNW,0.0,desarrollo,1,4,0,4,2
HH010712,HNW,0.0,desarrollo,3,1,1,0,3
HH010713,HNW,0.0,desarrollo,4,3,0,3,3
HH010714,HNW,0.0,desarrollo,0,2,4,0,1
HH010715,HNW,1.0,desarrollo,3,1,0,3,0
HH010716,HNW,0.0,desarrollo,1,0,3,0,2
HH010717,HNW,0.0,holdout,,,,,
HH010718,HNW,0.0,desarrollo,3,2,4,0,0
HH010719,HNW,0.0,desarrollo,3,2,1,4,0
HH010720,HNW,0.0,desarrollo,4,0,0,4,1
HH010721,HNW,0.0,desarrollo,0,4,0,3,1
HH010722,HNW,0.0,holdout,,,,,
HH010723,HNW,0.0,desarrollo,2,2,1,1,4
HH010724,HNW,0.0,desarrollo,0,2,1,2,3
HH010725,HNW,0.0,desarrollo,0,2,0,4,1
HH010726,HNW,0.0,holdout,,,,,
HH010727,HNW,0.0,desarrollo,2,3,3,0,1
HH010728,HNW,0.0,holdout,,,,,
HH010729,HNW,0.0,desarrollo,1,4,1,3,0
HH010730,HNW,0.0,desarrollo,2,0,4,0,1
HH010731,HNW,0.0,desarrollo,4,1,1,2,1
HH010732,HNW,0.0,holdout,,,,,
HH010733,HNW,0.0,holdout,,,,,
HH010734,HNW,0.0,desarrollo,0,0,2,1,1
HH010735,HNW,0.0,holdout,,,,,
HH010736,HNW,0.0,holdout,,,,,
HH010737,HNW,0.0,holdout,,,,,
HH010738,HNW,1.0,desarrollo,3,2,0,1,1
HH010739,HNW,0.0,desarrollo,0,4,4,0,1
HH010740,HNW,0.0,desarrollo,1,2,1,2,2
HH010741,HNW,0.0,desarrollo,0,3,0,0,2
HH010742,HNW,0.0,holdout,,,,,
HH010743,HNW,0.0,desarrollo,3,0,4,3,1
HH010744,HNW,1.0,holdout,,,,,
HH010745,HNW,0.0,desarrollo,2,4,2,3,1
HH010746,HNW,0.0,desarrollo,4,3,4,2,2
HH010747,HNW,0.0,desarrollo,1,1,1,3,0
HH010748,HNW,0.0,desarrollo,0,0,3,2,4
HH010749,HNW,0.0,desarrollo,2,0,1,3,3
HH010750,HNW,0.0,desarrollo,2,2,4,3,2
HH010751,HNW,0.0,desarrollo,1,0,2,3,0
HH010752,HNW,0.0,desarrollo,3,0,1,2,1
HH010753,HNW,0.0,desarrollo,3,0,3,4,3
HH010754,HNW,0.0,holdout,,,,,
HH010755,HNW,0.0,desarrollo,3,3,4,1,3
HH010756,HNW,0.0,holdout,,,,,
HH010757,HNW,0.0,desarrollo,3,3,1,3,4
HH010758,HNW,0.0,holdout,,,,,
HH010759,HNW,0.0,holdout,,,,,
HH010760,HNW,0.0,desarrollo,3,3,1,4,4
HH010761,UHNW,0.0,desarrollo,0,0,4,1,4
HH010762,UHNW,0.0,holdout,,,,,
HH010763,HNW,0.0,desarrollo,2,2,0,4,1
HH010764,HNW,0.0,holdout,,,,,
HH010765,HNW,0.0,desarrollo,0,3,1,0,0
HH010766,HNW,0.0,holdout,,,,,
HH010767,HNW,0.0,desarrollo,1,1,4,4,1
HH010768,HNW,0.0,holdout,,,,,
HH010769,HNW,0.0,desarrollo,4,3,2,2,0
HH010770,HNW,0.0,desarrollo,1,2,2,3,3
HH010771,HNW,0.0,desarrollo,1,0,4,4,0
HH010772,HNW,0.0,desarrollo,2,0,1,2,4
HH010773,HNW,0.0,holdout,,,,,
HH010774,HNW,0.0,desarrollo,3,1,3,1,2
HH010775,HNW,0.0,holdout,,,,,
HH010776,HNW,1.0,desarrollo,3,0,1,0,1
HH010777,HNW,0.0,desarrollo,3,3,2,1,0
HH010778,HNW,0.0,desarrollo,3,2,0,2,0
HH010779,HNW,0.0,desarrollo,3,4,0,2,4
HH010780,HNW,0.0,desarrollo,4,0,1,0,3
HH010781,UHNW,0.0,desarrollo,0,2,2,1,1
HH010782,HNW,1.0,desarrollo,0,3,3,0,1
HH010783,HNW,0.0,desarrollo,4,4,2,2,1
HH010784,HNW,0.0,holdout,,,,,
HH010785,HNW,0.0,desarrollo,2,3,3,0,0
HH010786,HNW,0.0,holdout,,,,,
HH010787,HNW,0.0,holdout,,,,,
HH010788,HNW,0.0,desarrollo,3,1,0,3,3
HH010789,HNW,0.0,holdout,,,,,
HH010790,HNW,0.0,desarrollo,2,0,2,1,2
HH010791,HNW,0.0,holdout,,,,,
HH010792,HNW,0.0,holdout,,,,,
HH010793,HNW,0.0,desarrollo,2,2,4,0,4
HH010794,HNW,0.0,desarrollo,2,3,4,1,3
HH010795,HNW,0.0,desarrollo,4,2,3,3,1
HH010796,HNW,0.0,holdout,,,,,
HH010797,HNW,0.0,desarrollo,1,1,0,4,2
HH010798,HNW,0.0,desarrollo,1,3,0,0,1
HH010799,UHNW,0.0,holdout,,,,,
HH010800,HNW,0.0,desarrollo,2,3,3,4,4
HH010801,HNW,0.0,desarrollo,4,2,1,4,4
HH010802,HNW,0.0,holdout,,,,,
HH010803,HNW,0.0,desarrollo,2,1,1,1,1
HH010804,HNW,1.0,desarrollo,0,2,0,3,4
HH010805,HNW,0.0,desarrollo,0,0,1,1,3
HH010806,HNW,0.0,desarrollo,0,3,4,4,3
HH010807,HNW,0.0,desarrollo,4,1,4,0,4
HH010808,HNW,0.0,desarrollo,1,2,2,4,0
HH010809,UHNW,0.0,desarrollo,4,2,4,4,4
HH010810,HNW,0.0,holdout,,,,,
HH010811,HNW,0.0,holdout,,,,,
HH010812,HNW,0.0,desarrollo,3,0,0,1,1
HH010813,HNW,0.0,desarrollo,1,2,4,0,2
HH010814,HNW,0.0,desarrollo,2,3,0,1,1
HH010815,HNW,0.0,desarrollo,0,0,4,4,1
HH010816,HNW,0.0,desarrollo,1,3,1,2,0
HH010817,HNW,0.0,desarrollo,1,0,2,0,4
HH010818,HNW,0.0,desarrollo,0,3,2,0,3
HH010819,HNW,0.0,desarrollo,0,4,3,2,4
HH010820,HNW,0.0,desarrollo,2,3,0,3,2
HH010821,HNW,0.0,holdout,,,,,
HH010822,HNW,0.0,desarrollo,0,3,2,3,3
HH010823,HNW,0.0,desarrollo,3,0,0,1,2
HH010824,HNW,1.0,desarrollo,0,4,1,0,3
HH010825,HNW,0.0,desarrollo,1,0,1,3,1
HH010826,HNW,1.0,desarrollo,0,1,2,0,2
HH010827,UHNW,0.0,desarrollo,2,3,1,3,0
HH010828,HNW,0.0,desarrollo,3,1,3,3,4
HH010829,HNW,0.0,holdout,,,,,
HH010830,HNW,0.0,holdout,,,,,
HH010831,HNW,0.0,holdout,,,,,
HH010832,HNW,0.0,desarrollo,3,4,3,1,4
HH010833,HNW,1.0,desarrollo,2,4,3,3,1
HH010834,HNW,0.0,desarrollo,1,0,3,4,0
HH010835,HNW,0.0,holdout,,,,,
HH010836,HNW,0.0,desarrollo,0,4,4,0,0
HH010837,HNW,0.0,desarrollo,2,3,1,2,3
HH010838,HNW,0.0,desarrollo,3,4,3,3,2
HH010839,HNW,0.0,desarrollo,1,0,2,0,2
HH010840,HNW,0.0,desarrollo,4,1,4,0,0
HH010841,HNW,0.0,desarrollo,2,0,3,1,3
HH010842,HNW,0.0,desarrollo,2,4,4,2,3
HH010843,HNW,0.0,desarrollo,0,4,0,0,0
HH010844,HNW,0.0,holdout,,,,,
HH010845,HNW,0.0,desarrollo,3,1,0,2,4
HH010846,HNW,0.0,desarrollo,1,0,2,0,2
HH010847,HNW,0.0,desarrollo,0,2,3,4,3
HH010848,UHNW,1.0,desarrollo,1,0,2,1,2
HH010849,UHNW,0.0,desarrollo,1,2,0,1,2
HH010850,HNW,0.0,desarrollo,2,2,2,1,2
HH010851,HNW,0.0,desarrollo,4,3,4,1,0
HH010852,HNW,0.0,desarrollo,0,0,1,0,2
HH010853,HNW,0.0,holdout,,,,,
HH010854,HNW,0.0,desarrollo,3,0,2,3,1
HH010855,HNW,0.0,desarrollo,4,3,3,1,2
HH010856,HNW,0.0,holdout,,,,,
HH010857,HNW,0.0,holdout,,,,,
HH010858,HNW,0.0,desarrollo,0,0,1,2,3
HH010859,HNW,0.0,holdout,,,,,
HH010860,HNW,0.0,holdout,,,,,
HH010861,HNW,0.0,desarrollo,4,3,4,4,3
HH010862,HNW,0.0,desarrollo,4,4,0,1,2
HH010863,HNW,0.0,desarrollo,4,4,0,2,3
HH010864,HNW,0.0,holdout,,,,,
HH010865,HNW,0.0,holdout,,,,,
HH010866,HNW,0.0,desarrollo,3,0,0,0,2
HH010867,HNW,0.0,desarrollo,4,4,0,1,4
HH010868,UHNW,0.0,desarrollo,0,4,1,1,3
HH010869,HNW,0.0,holdout,,,,,
HH010870,HNW,0.0,desarrollo,3,4,4,4,0
HH010871,HNW,0.0,desarrollo,4,0,0,0,4
HH010872,HNW,0.0,desarrollo,3,3,3,3,3
HH010873,HNW,0.0,desarrollo,2,2,2,4,2
HH010874,UHNW,0.0,desarrollo,0,1,0,3,4
HH010875,HNW,0.0,holdout,,,,,
HH010876,HNW,0.0,desarrollo,0,2,2,3,2
HH010877,HNW,0.0,desarrollo,1,4,0,0,1
HH010878,HNW,0.0,desarrollo,2,2,3,2,1
HH010879,HNW,0.0,holdout,,,,,
HH010880,HNW,0.0,desarrollo,0,2,2,2,4
HH010881,HNW,1.0,desarrollo,2,1,4,0,3
HH010882,HNW,0.0,desarrollo,4,0,2,2,3
HH010883,HNW,0.0,desarrollo,4,1,0,4,0
HH010884,HNW,0.0,desarrollo,1,2,3,3,3
HH010885,HNW,0.0,desarrollo,4,3,0,0,0
HH010886,HNW,0.0,desarrollo,4,4,0,1,1
HH010887,HNW,1.0,holdout,,,,,
HH010888,HNW,0.0,holdout,,,,,
HH010889,UHNW,0.0,desarrollo,1,2,1,0,0
HH010890,HNW,0.0,desarrollo,2,3,3,2,1
HH010891,HNW,0.0,desarrollo,2,0,2,0,1
HH010892,HNW,0.0,desarrollo,4,1,3,0,3
HH010893,HNW,0.0,desarrollo,4,1,0,2,2
HH010894,HNW,0.0,desarrollo,2,0,3,2,4
HH010895,HNW,0.0,desarrollo,0,0,1,1,3
HH010896,HNW,0.0,holdout,,,,,
HH010897,HNW,0.0,desarrollo,4,4,2,1,1
HH010898,UHNW,0.0,holdout,,,,,
HH010899,HNW,0.0,desarrollo,0,3,3,2,0
HH010900,HNW,0.0,desarrollo,0,0,3,4,0
HH010901,HNW,0.0,desarrollo,2,1,3,2,0
HH010902,HNW,0.0,desarrollo,2,3,3,3,3
HH010903,HNW,0.0,desarrollo,4,1,3,0,2
HH010904,HNW,0.0,desarrollo,4,3,1,2,0
HH010905,HNW,0.0,desarrollo,1,0,0,3,0
HH010906,HNW,0.0,desarrollo,0,1,2,0,0
HH010907,HNW,0.0,desarrollo,1,3,4,2,3
HH010908,HNW,0.0,desarrollo,1,1,2,0,3
HH010909,HNW,0.0,desarrollo,4,1,4,3,4
HH010910,HNW,0.0,desarrollo,3,1,0,1,1
HH010911,HNW,0.0,desarrollo,3,0,0,0,4
HH010912,HNW,0.0,desarrollo,2,2,3,3,3
HH010913,HNW,0.0,desarrollo,4,0,4,2,1
HH010914,HNW,0.0,holdout,,,,,
HH010915,HNW,0.0,desarrollo,4,2,2,1,0
HH010916,HNW,0.0,holdout,,,,,
HH010917,HNW,,excluido,,,,,
HH010918,HNW,0.0,desarrollo,3,1,0,3,4
HH010919,HNW,0.0,desarrollo,2,0,3,1,3
HH010920,HNW,0.0,desarrollo,2,0,0,0,3
HH010921,HNW,0.0,holdout,,,,,
HH010922,HNW,0.0,desarrollo,2,2,3,1,1
HH010923,HNW,0.0,desarrollo,1,2,3,2,3
HH010924,UHNW,0.0,desarrollo,3,1,0,1,2
HH010925,HNW,1.0,holdout,,,,,
HH010926,HNW,0.0,desarrollo,4,0,1,1,0
HH010927,HNW,0.0,holdout,,,,,
HH010928,HNW,0.0,desarrollo,2,4,3,1,0
HH010929,HNW,0.0,desarrollo,2,0,0,2,2
HH010930,HNW,0.0,desarrollo,1,2,3,3,1
HH010931,HNW,0.0,desarrollo,3,0,0,0,3
HH010932,HNW,0.0,desarrollo,4,2,2,0,4
HH010933,HNW,0.0,desarrollo,1,2,3,1,1
HH010934,HNW,0.0,desarrollo,1,2,0,4,1
HH010935,HNW,0.0,holdout,,,,,
HH010936,HNW,1.0,desarrollo,2,1,2,0,4
HH010937,HNW,0.0,holdout,,,,,
HH010938,HNW,0.0,holdout,,,,,
HH010939,HNW,0.0,desarrollo,1,2,0,0,2
HH010940,HNW,0.0,holdout,,,,,
HH010941,HNW,0.0,holdout,,,,,
HH010942,HNW,0.0,holdout,,,,,
HH010943,HNW,0.0,desarrollo,3,1,2,3,0
HH010944,UHNW,0.0,desarrollo,4,4,0,3,2
HH010945,HNW,0.0,desarrollo,0,0,4,3,3
HH010946,HNW,0.0,holdout,,,,,
HH010947,HNW,0.0,desarrollo,3,1,3,0,0
HH010948,HNW,0.0,desarrollo,4,1,4,2,0
HH010949,HNW,0.0,desarrollo,3,4,4,1,4
HH010950,HNW,0.0,holdout,,,,,
HH010951,HNW,0.0,desarrollo,4,1,1,4,1
HH010952,HNW,0.0,desarrollo,3,1,2,0,4
HH010953,HNW,0.0,holdout,,,,,
HH010954,HNW,0.0,desarrollo,2,0,0,1,2
HH010955,HNW,0.0,holdout,,,,,
HH010956,HNW,0.0,desarrollo,1,4,1,1,0
HH010957,HNW,0.0,desarrollo,0,1,4,2,2
HH010958,HNW,0.0,desarrollo,4,4,2,0,4
HH010959,HNW,0.0,desarrollo,2,0,0,3,1
HH010960,HNW,0.0,desarrollo,2,1,1,1,2
HH010961,HNW,0.0,desarrollo,1,4,1,2,1
HH010962,HNW,0.0,desarrollo,2,2,1,3,1
HH010963,HNW,0.0,desarrollo,1,0,0,2,0
HH010964,HNW,0.0,desarrollo,4,2,4,2,4
HH010965,HNW,0.0,desarrollo,1,4,2,3,4
HH010966,HNW,0.0,holdout,,,,,
HH010967,UHNW,0.0,holdout,,,,,
HH010968,HNW,0.0,desarrollo,1,0,3,2,0
HH010969,HNW,0.0,desarrollo,2,3,3,0,1
HH010970,HNW,0.0,desarrollo,1,2,4,1,1
HH010971,HNW,0.0,desarrollo,1,2,2,3,4
HH010972,HNW,0.0,desarrollo,4,3,1,3,3
HH010973,HNW,0.0,desarrollo,4,4,0,4,4
HH010974,UHNW,0.0,holdout,,,,,
HH010975,HNW,0.0,holdout,,,,,
HH010976,HNW,0.0,holdout,,,,,
HH010977,HNW,0.0,desarrollo,1,3,1,1,1
HH010978,HNW,0.0,desarrollo,2,2,1,4,2
HH010979,HNW,0.0,holdout,,,,,
HH010980,HNW,0.0,desarrollo,1,1,1,2,3
HH010981,UHNW,0.0,desarrollo,3,0,0,1,3
HH010982,HNW,1.0,desarrollo,4,3,3,0,4
HH010983,HNW,0.0,desarrollo,4,1,2,3,2
HH010984,HNW,0.0,holdout,,,,,
HH010985,HNW,0.0,desarrollo,3,3,3,1,0
HH010986,HNW,0.0,desarrollo,3,1,1,0,2
HH010987,HNW,0.0,holdout,,,,,
HH010988,HNW,0.0,desarrollo,2,3,3,2,3
HH010989,HNW,0.0,desarrollo,0,2,4,3,3
HH010990,HNW,0.0,desarrollo,3,0,2,0,1
HH010991,HNW,0.0,desarrollo,3,0,1,3,4
HH010992,HNW,0.0,holdout,,,,,
HH010993,HNW,0.0,desarrollo,2,3,2,3,2
HH010994,HNW,0.0,holdout,,,,,
HH010995,HNW,0.0,desarrollo,0,0,1,3,3
HH010996,HNW,0.0,desarrollo,1,3,1,1,4
HH010997,HNW,0.0,desarrollo,0,4,4,2,2
HH010998,HNW,0.0,desarrollo,2,0,0,4,2
HH010999,HNW,0.0,desarrollo,3,1,3,0,1
HH011000,HNW,0.0,desarrollo,1,2,3,2,0
HH011001,HNW,0.0,desarrollo,0,2,3,2,0
HH011002,HNW,0.0,holdout,,,,,
HH011003,HNW,0.0,desarrollo,0,3,3,3,4
HH011004,HNW,0.0,desarrollo,0,0,2,3,2
HH011005,HNW,0.0,desarrollo,0,1,3,3,1
HH011006,HNW,0.0,holdout,,,,,
HH011007,HNW,0.0,holdout,,,,,
HH011008,HNW,0.0,desarrollo,2,1,2,0,0
HH011009,HNW,0.0,desarrollo,3,0,2,1,4
HH011010,HNW,0.0,desarrollo,2,3,2,0,3
HH011011,HNW,0.0,desarrollo,1,1,1,1,0
HH011012,HNW,0.0,desarrollo,0,1,0,2,3
HH011013,HNW,1.0,desarrollo,2,3,2,2,4
HH011014,HNW,0.0,desarrollo,0,2,4,1,0
HH011015,HNW,0.0,desarrollo,4,3,3,2,1
HH011016,HNW,0.0,desarrollo,2,3,1,2,3
HH011017,HNW,0.0,desarrollo,3,2,1,0,0
HH011018,HNW,0.0,desarrollo,4,2,3,1,3
HH011019,HNW,0.0,desarrollo,0,4,4,1,0
HH011020,HNW,0.0,desarrollo,2,4,2,1,0
HH011021,HNW,0.0,desarrollo,2,2,4,0,3
HH011022,HNW,0.0,holdout,,,,,
HH011023,HNW,0.0,desarrollo,1,2,4,3,1
HH011024,HNW,0.0,desarrollo,4,3,0,0,2
HH011025,HNW,0.0,holdout,,,,,
HH011026,HNW,0.0,desarrollo,0,3,3,1,4
HH011027,HNW,0.0,desarrollo,1,2,3,1,0
HH011028,HNW,0.0,desarrollo,1,4,0,0,2
HH011029,UHNW,0.0,desarrollo,3,0,3,2,1
HH011030,HNW,0.0,desarrollo,0,1,4,3,3
HH011031,HNW,0.0,desarrollo,4,1,0,0,4
HH011032,HNW,0.0,holdout,,,,,
HH011033,HNW,1.0,desarrollo,2,0,3,2,3
HH011034,HNW,0.0,desarrollo,2,0,0,3,1
HH011035,HNW,0.0,desarrollo,4,3,2,1,4
HH011036,HNW,0.0,holdout,,,,,
HH011037,HNW,1.0,desarrollo,0,4,2,0,0
HH011038,HNW,1.0,desarrollo,0,2,2,2,2
HH011039,UHNW,0.0,desarrollo,0,2,4,2,1
HH011040,HNW,0.0,desarrollo,0,2,0,1,0
HH011041,HNW,0.0,desarrollo,1,2,0,1,2
HH011042,HNW,0.0,holdout,,,,,
HH011043,HNW,0.0,desarrollo,4,1,0,4,1
HH011044,UHNW,0.0,desarrollo,0,2,4,3,3
HH011045,HNW,0.0,desarrollo,2,3,2,3,4
HH011046,HNW,0.0,desarrollo,1,4,0,3,1
HH011047,HNW,0.0,holdout,,,,,
HH011048,HNW,0.0,desarrollo,0,3,4,2,1
HH011049,HNW,0.0,desarrollo,3,4,1,2,0
HH011050,HNW,0.0,desarrollo,2,2,4,1,1
HH011051,HNW,0.0,holdout,,,,,
HH011052,UHNW,0.0,desarrollo,3,0,3,1,1
HH011053,HNW,0.0,desarrollo,2,1,3,1,3
HH011054,HNW,0.0,desarrollo,2,4,3,3,4
HH011055,HNW,0.0,desarrollo,2,3,4,4,4
HH011056,HNW,0.0,desarrollo,3,1,0,4,3
HH011057,HNW,0.0,desarrollo,3,0,1,3,4
HH011058,HNW,0.0,desarrollo,0,1,4,0,0
HH011059,HNW,0.0,holdout,,,,,
HH011060,HNW,0.0,desarrollo,0,4,1,1,0
HH011061,HNW,0.0,desarrollo,1,4,3,2,2
HH011062,HNW,0.0,holdout,,,,,
HH011063,HNW,0.0,holdout,,,,,
HH011064,HNW,0.0,holdout,,,,,
HH011065,HNW,0.0,holdout,,,,,
HH011066,HNW,0.0,holdout,,,,,
HH011067,HNW,0.0,desarrollo,3,3,2,1,2
HH011068,HNW,0.0,holdout,,,,,
HH011069,HNW,0.0,holdout,,,,,
HH011070,HNW,0.0,desarrollo,3,0,1,1,0
HH011071,HNW,0.0,holdout,,,,,
HH011072,HNW,0.0,desarrollo,0,2,3,2,0
HH011073,HNW,0.0,desarrollo,0,2,2,4,3
HH011074,HNW,0.0,desarrollo,1,1,4,3,0
HH011075,HNW,0.0,desarrollo,2,4,4,3,3
HH011076,HNW,0.0,holdout,,,,,
HH011077,HNW,0.0,holdout,,,,,
HH011078,HNW,0.0,desarrollo,2,4,0,1,1
HH011079,HNW,1.0,desarrollo,4,0,3,4,3
HH011080,HNW,0.0,holdout,,,,,
HH011081,HNW,0.0,desarrollo,4,0,4,4,0
HH011082,HNW,0.0,desarrollo,3,2,1,4,1
HH011083,HNW,0.0,desarrollo,3,3,0,1,4
HH011084,HNW,0.0,holdout,,,,,
HH011085,HNW,0.0,holdout,,,,,
HH011086,UHNW,0.0,holdout,,,,,
HH011087,HNW,0.0,desarrollo,3,4,4,1,0
HH011088,UHNW,0.0,holdout,,,,,
HH011089,HNW,0.0,holdout,,,,,
HH011090,HNW,0.0,desarrollo,3,0,0,3,0
HH011091,HNW,0.0,holdout,,,,,
HH011092,HNW,0.0,holdout,,,,,
HH011093,HNW,0.0,desarrollo,4,2,3,4,1
HH011094,HNW,0.0,desarrollo,0,2,1,1,0
HH011095,HNW,0.0,desarrollo,0,2,2,4,2
HH011096,HNW,0.0,holdout,,,,,
HH011097,HNW,0.0,holdout,,,,,
HH011098,HNW,0.0,holdout,,,,,
HH011099,HNW,0.0,desarrollo,4,3,3,1,1
HH011100,HNW,0.0,holdout,,,,,
HH011101,HNW,0.0,desarrollo,0,0,3,4,3
HH011102,HNW,0.0,desarrollo,0,2,2,3,3
HH011103,HNW,0.0,desarrollo,2,0,1,0,0
HH011104,HNW,0.0,desarrollo,0,3,4,2,4
HH011105,HNW,0.0,holdout,,,,,
HH011106,HNW,0.0,desarrollo,3,0,3,2,3
HH011107,HNW,0.0,desarrollo,0,1,1,2,4
HH011108,UHNW,0.0,desarrollo,4,2,3,4,1
HH011109,HNW,0.0,holdout,,,,,
HH011110,HNW,0.0,desarrollo,0,1,2,1,4
HH011111,HNW,0.0,desarrollo,3,4,1,4,2
HH011112,HNW,0.0,desarrollo,4,2,4,2,4
HH011113,HNW,0.0,desarrollo,3,4,0,4,4
HH011114,HNW,0.0,desarrollo,2,2,0,4,0
HH011115,HNW,1.0,holdout,,,,,
HH011116,HNW,0.0,desarrollo,3,3,3,4,4
HH011117,HNW,1.0,desarrollo,0,3,1,0,2
HH011118,HNW,0.0,desarrollo,3,1,4,2,1
HH011119,HNW,0.0,holdout,,,,,
HH011120,HNW,0.0,desarrollo,2,1,1,1,2
HH011121,HNW,1.0,desarrollo,3,2,1,3,4
HH011122,HNW,0.0,desarrollo,3,3,3,1,4
HH011123,UHNW,0.0,desarrollo,4,2,0,0,3
HH011124,HNW,0.0,holdout,,,,,
HH011125,HNW,0.0,holdout,,,,,
HH011126,HNW,0.0,desarrollo,2,3,4,0,2
HH011127,HNW,0.0,desarrollo,0,0,3,1,3
HH011128,HNW,0.0,desarrollo,1,0,1,1,4
HH011129,HNW,0.0,holdout,,,,,
HH011130,HNW,0.0,desarrollo,2,3,0,1,4
HH011131,HNW,0.0,holdout,,,,,
HH011132,HNW,0.0,desarrollo,1,1,1,4,0
HH011133,HNW,0.0,desarrollo,0,1,0,3,1
HH011134,HNW,0.0,desarrollo,1,0,0,3,2
HH011135,HNW,0.0,desarrollo,3,0,4,4,2
HH011136,HNW,0.0,desarrollo,0,0,2,1,3
HH011137,HNW,0.0,holdout,,,,,
HH011138,HNW,0.0,desarrollo,4,0,2,1,0
HH011139,HNW,0.0,desarrollo,0,2,4,3,1
HH011140,HNW,0.0,holdout,,,,,
HH011141,HNW,0.0,holdout,,,,,
HH011142,HNW,0.0,desarrollo,4,1,0,2,3
HH011143,HNW,0.0,desarrollo,4,4,4,1,4
HH011144,HNW,0.0,holdout,,,,,
HH011145,HNW,0.0,desarrollo,2,2,1,0,4
HH011146,HNW,0.0,desarrollo,3,4,3,0,0
HH011147,HNW,0.0,desarrollo,4,3,3,3,1
HH011148,HNW,0.0,desarrollo,3,1,4,2,0
HH011149,HNW,0.0,desarrollo,1,3,0,3,3
HH011150,HNW,0.0,desarrollo,4,1,1,0,1
HH011151,HNW,0.0,desarrollo,0,3,0,0,1
HH011152,HNW,0.0,desarrollo,3,4,0,3,2
HH011153,HNW,0.0,desarrollo,2,0,2,2,3
HH011154,HNW,0.0,desarrollo,4,1,0,1,2
HH011155,HNW,0.0,holdout,,,,,
HH011156,HNW,0.0,desarrollo,2,4,1,1,2
HH011157,UHNW,0.0,holdout,,,,,
HH011158,HNW,0.0,desarrollo,0,3,1,0,3
HH011159,HNW,0.0,desarrollo,3,3,3,4,3
HH011160,HNW,0.0,desarrollo,1,1,1,2,4
HH011161,HNW,1.0,desarrollo,2,2,1,2,4
HH011162,HNW,0.0,holdout,,,,,
HH011163,HNW,0.0,desarrollo,3,1,1,0,0
HH011164,UHNW,0.0,desarrollo,3,4,4,3,4
HH011165,HNW,1.0,desarrollo,3,4,2,3,3
HH011166,HNW,0.0,desarrollo,1,1,4,2,3
HH011167,HNW,0.0,desarrollo,0,4,3,0,1
HH011168,HNW,0.0,desarrollo,0,4,1,4,1
HH011169,HNW,0.0,desarrollo,0,0,1,1,1
HH011170,HNW,0.0,desarrollo,4,1,3,1,0
HH011171,HNW,0.0,desarrollo,2,2,1,4,3
HH011172,HNW,0.0,holdout,,,,,
HH011173,HNW,0.0,desarrollo,3,4,1,3,2
HH011174,HNW,0.0,desarrollo,2,1,3,3,1
HH011175,HNW,0.0,desarrollo,2,0,2,2,0
HH011176,HNW,0.0,desarrollo,3,0,0,0,0
HH011177,HNW,0.0,holdout,,,,,
HH011178,HNW,0.0,holdout,,,,,
HH011179,UHNW,0.0,desarrollo,3,2,3,1,3
HH011180,HNW,0.0,holdout,,,,,
HH011181,HNW,0.0,desarrollo,4,4,0,2,0
HH011182,HNW,0.0,desarrollo,1,1,2,4,2
HH011183,HNW,0.0,desarrollo,0,4,2,3,3
HH011184,HNW,0.0,desarrollo,3,0,3,3,2
HH011185,HNW,1.0,desarrollo,4,2,1,0,2
HH011186,HNW,0.0,desarrollo,1,1,1,4,4
HH011187,HNW,0.0,holdout,,,,,
HH011188,HNW,0.0,holdout,,,,,
HH011189,HNW,0.0,desarrollo,0,1,4,3,4
HH011190,HNW,0.0,desarrollo,4,3,4,4,0
HH011191,HNW,0.0,desarrollo,2,0,1,4,4
HH011192,HNW,0.0,desarrollo,2,3,2,2,4
HH011193,HNW,0.0,holdout,,,,,
HH011194,HNW,0.0,desarrollo,0,4,1,2,0
HH011195,HNW,0.0,desarrollo,0,3,2,3,3
HH011196,HNW,0.0,holdout,,,,,
HH011197,HNW,0.0,desarrollo,1,3,2,1,4
HH011198,HNW,0.0,holdout,,,,,
HH011199,HNW,0.0,holdout,,,,,
HH011200,HNW,1.0,desarrollo,3,1,1,2,2
HH011201,HNW,0.0,desarrollo,3,4,4,1,3
HH011202,HNW,0.0,desarrollo,0,3,4,4,2
HH011203,HNW,0.0,desarrollo,4,3,3,3,0
HH011204,HNW,0.0,holdout,,,,,
HH011205,HNW,0.0,holdout,,,,,
HH011206,HNW,0.0,desarrollo,4,3,2,1,1
HH011207,HNW,0.0,desarrollo,0,3,1,2,2
HH011208,HNW,0.0,desarrollo,1,1,3,3,2
HH011209,HNW,0.0,desarrollo,3,1,1,2,1
HH011210,HNW,0.0,desarrollo,2,3,4,0,2
HH011211,HNW,0.0,desarrollo,1,2,4,0,0
HH011212,UHNW,0.0,holdout,,,,,
HH011213,HNW,0.0,holdout,,,,,
HH011214,UHNW,0.0,desarrollo,0,1,4,2,2
HH011215,HNW,0.0,desarrollo,1,2,2,3,2
HH011216,HNW,0.0,desarrollo,1,2,1,1,4
HH011217,HNW,0.0,holdout,,,,,
HH011218,HNW,0.0,desarrollo,0,3,0,0,2
HH011219,UHNW,0.0,desarrollo,0,4,3,2,1
HH011220,HNW,0.0,desarrollo,4,1,4,3,2
HH011221,HNW,0.0,holdout,,,,,
HH011222,HNW,0.0,desarrollo,4,1,4,2,0
HH011223,HNW,0.0,holdout,,,,,
HH011224,HNW,0.0,desarrollo,4,0,0,2,3
HH011225,HNW,0.0,holdout,,,,,
HH011226,HNW,0.0,holdout,,,,,
HH011227,HNW,0.0,holdout,,,,,
HH011228,HNW,0.0,desarrollo,3,4,3,3,3
HH011229,HNW,0.0,holdout,,,,,
HH011230,HNW,,excluido,,,,,
HH011231,HNW,0.0,desarrollo,0,0,0,1,3
HH011232,HNW,0.0,desarrollo,4,4,2,0,1
HH011233,HNW,0.0,holdout,,,,,
HH011234,HNW,0.0,holdout,,,,,
HH011235,HNW,0.0,holdout,,,,,
HH011236,HNW,0.0,holdout,,,,,
HH011237,HNW,0.0,desarrollo,2,0,2,1,2
HH011238,HNW,0.0,desarrollo,1,0,1,1,0
HH011239,HNW,0.0,desarrollo,1,2,0,3,3
HH011240,HNW,1.0,desarrollo,3,3,4,0,1
HH011241,HNW,0.0,desarrollo,4,2,0,3,4
HH011242,HNW,0.0,desarrollo,1,4,3,3,0
HH011243,HNW,0.0,desarrollo,2,4,3,0,4
HH011244,HNW,0.0,desarrollo,4,0,1,1,0
HH011245,HNW,0.0,desarrollo,1,0,3,2,0
HH011246,HNW,0.0,desarrollo,1,1,4,0,1
HH011247,HNW,0.0,desarrollo,3,0,1,4,3
HH011248,HNW,0.0,holdout,,,,,
HH011249,HNW,0.0,desarrollo,2,4,0,4,3
HH011250,HNW,0.0,desarrollo,1,0,0,4,1
HH011251,HNW,0.0,desarrollo,0,1,4,0,4
HH011252,HNW,0.0,desarrollo,1,0,3,3,2
HH011253,HNW,1.0,desarrollo,1,4,0,3,3
HH011254,HNW,0.0,desarrollo,3,1,0,1,3
HH011255,HNW,,excluido,,,,,
HH011256,HNW,0.0,desarrollo,3,4,3,4,0
HH011257,HNW,0.0,desarrollo,0,4,4,0,2
HH011258,HNW,0.0,desarrollo,4,2,4,3,4
HH011259,HNW,0.0,desarrollo,2,0,4,4,2
HH011260,HNW,0.0,desarrollo,1,4,4,0,2
HH011261,HNW,0.0,desarrollo,0,4,3,1,0
HH011262,HNW,0.0,desarrollo,4,4,4,4,1
HH011263,HNW,0.0,holdout,,,,,
HH011264,HNW,0.0,desarrollo,3,3,2,3,2
HH011265,HNW,0.0,desarrollo,1,4,3,4,0
HH011266,HNW,0.0,holdout,,,,,
HH011267,HNW,0.0,desarrollo,1,3,2,3,0
HH011268,HNW,0.0,desarrollo,1,3,2,1,3
HH011269,UHNW,1.0,desarrollo,4,0,0,0,0
HH011270,HNW,0.0,desarrollo,4,1,4,1,4
HH011271,UHNW,0.0,holdout,,,,,
HH011272,HNW,0.0,desarrollo,3,4,0,0,4
HH011273,HNW,0.0,desarrollo,2,3,0,2,3
HH011274,HNW,0.0,desarrollo,0,4,3,1,1
HH011275,HNW,0.0,holdout,,,,,
HH011276,UHNW,0.0,desarrollo,3,4,0,0,0
HH011277,HNW,0.0,desarrollo,4,0,4,2,1
HH011278,HNW,1.0,desarrollo,0,4,4,1,1
HH011279,HNW,0.0,desarrollo,3,2,2,3,1
HH011280,HNW,0.0,desarrollo,1,0,4,0,3
HH011281,HNW,0.0,desarrollo,3,4,4,1,3
HH011282,HNW,0.0,holdout,,,,,
HH011283,HNW,0.0,desarrollo,1,1,1,3,0
HH011284,HNW,0.0,holdout,,,,,
HH011285,HNW,0.0,holdout,,,,,
HH011286,HNW,0.0,desarrollo,4,3,3,4,2
HH011287,HNW,0.0,holdout,,,,,
HH011288,HNW,0.0,desarrollo,4,2,4,4,3
HH011289,HNW,0.0,desarrollo,1,1,2,0,0
HH011290,HNW,0.0,desarrollo,0,3,1,3,1
HH011291,HNW,0.0,desarrollo,4,4,2,2,0
HH011292,UHNW,0.0,desarrollo,0,0,3,2,4
HH011293,HNW,0.0,desarrollo,0,3,3,2,3
HH011294,HNW,0.0,desarrollo,4,3,4,4,4
HH011295,HNW,0.0,holdout,,,,,
HH011296,HNW,0.0,desarrollo,3,1,3,2,2
HH011297,HNW,0.0,desarrollo,1,3,1,0,3
HH011298,HNW,0.0,desarrollo,2,1,2,0,2
HH011299,HNW,0.0,desarrollo,0,2,3,3,0
HH011300,HNW,0.0,holdout,,,,,
HH011301,HNW,1.0,desarrollo,4,1,3,0,4
HH011302,HNW,0.0,desarrollo,3,1,2,2,1
HH011303,HNW,0.0,desarrollo,2,0,4,1,2
HH011304,HNW,0.0,desarrollo,1,2,4,3,4
HH011305,HNW,0.0,desarrollo,3,2,3,1,3
HH011306,HNW,0.0,desarrollo,1,1,1,1,0
HH011307,HNW,0.0,desarrollo,2,3,1,2,3
HH011308,HNW,0.0,desarrollo,3,2,3,0,2
HH011309,HNW,0.0,desarrollo,3,4,1,0,4
HH011310,HNW,0.0,desarrollo,4,1,1,0,0
HH011311,HNW,0.0,desarrollo,0,4,1,3,1
HH011312,UHNW,0.0,desarrollo,1,1,1,1,2
HH011313,HNW,0.0,holdout,,,,,
HH011314,HNW,0.0,desarrollo,0,2,3,3,1
HH011315,HNW,0.0,desarrollo,2,2,1,0,0
HH011316,HNW,0.0,desarrollo,3,1,0,3,0
HH011317,HNW,0.0,desarrollo,0,1,4,2,4
HH011318,HNW,0.0,holdout,,,,,
HH011319,HNW,0.0,desarrollo,1,3,3,4,4
HH011320,HNW,0.0,holdout,,,,,
HH011321,HNW,0.0,desarrollo,2,1,0,2,3
HH011322,HNW,0.0,desarrollo,3,4,1,0,3
HH011323,HNW,0.0,desarrollo,2,0,2,0,1
HH011324,HNW,0.0,desarrollo,4,0,3,3,4
HH011325,HNW,0.0,holdout,,,,,
HH011326,HNW,1.0,desarrollo,3,3,3,0,1
HH011327,HNW,0.0,desarrollo,3,0,3,0,2
HH011328,HNW,0.0,desarrollo,2,2,3,1,4
HH011329,HNW,0.0,desarrollo,4,2,4,3,1
HH011330,HNW,0.0,desarrollo,3,3,0,3,1
HH011331,HNW,0.0,desarrollo,0,3,0,2,2
HH011332,HNW,0.0,desarrollo,2,4,2,0,3
HH011333,HNW,0.0,desarrollo,0,2,3,4,1
HH011334,HNW,0.0,holdout,,,,,
HH011335,HNW,1.0,desarrollo,1,3,3,3,2
HH011336,HNW,0.0,desarrollo,0,0,3,1,1
HH011337,HNW,0.0,holdout,,,,,
HH011338,HNW,0.0,desarrollo,4,3,4,1,1
HH011339,UHNW,0.0,desarrollo,0,2,1,2,3
HH011340,HNW,1.0,desarrollo,3,0,1,2,0
HH011341,HNW,1.0,holdout,,,,,
HH011342,HNW,0.0,desarrollo,1,4,1,1,4
HH011343,HNW,0.0,desarrollo,4,0,3,4,3
HH011344,HNW,0.0,desarrollo,0,4,1,4,4
HH011345,HNW,0.0,desarrollo,1,1,0,3,2
HH011346,HNW,0.0,desarrollo,2,3,0,3,1
HH011347,HNW,0.0,holdout,,,,,
HH011348,HNW,0.0,holdout,,,,,
HH011349,HNW,0.0,holdout,,,,,
HH011350,HNW,0.0,holdout,,,,,
HH011351,HNW,0.0,desarrollo,2,0,1,3,3
HH011352,HNW,0.0,desarrollo,3,4,3,2,3
HH011353,HNW,0.0,desarrollo,2,3,1,1,3
HH011354,HNW,0.0,holdout,,,,,
HH011355,HNW,0.0,desarrollo,1,4,1,3,4
HH011356,HNW,0.0,desarrollo,2,4,1,2,3
HH011357,HNW,0.0,desarrollo,4,3,1,0,1
HH011358,HNW,0.0,desarrollo,2,4,4,2,2
HH011359,HNW,0.0,desarrollo,2,3,4,1,2
HH011360,UHNW,0.0,desarrollo,4,1,1,4,1
HH011361,HNW,0.0,desarrollo,3,4,4,4,0
HH011362,UHNW,0.0,desarrollo,1,0,4,1,3
HH011363,HNW,0.0,desarrollo,4,2,4,0,4
HH011364,HNW,0.0,holdout,,,,,
HH011365,HNW,0.0,desarrollo,0,3,1,0,3
HH011366,UHNW,0.0,holdout,,,,,
HH011367,HNW,0.0,holdout,,,,,
HH011368,HNW,0.0,desarrollo,2,1,3,1,3
HH011369,HNW,0.0,desarrollo,4,1,2,2,1
HH011370,HNW,0.0,holdout,,,,,
HH011371,HNW,0.0,desarrollo,0,4,2,0,4
HH011372,UHNW,0.0,holdout,,,,,
HH011373,HNW,0.0,desarrollo,0,2,0,3,1
HH011374,HNW,0.0,desarrollo,0,2,1,4,2
HH011375,HNW,0.0,holdout,,,,,
HH011376,HNW,0.0,desarrollo,4,2,0,1,0
HH011377,HNW,0.0,holdout,,,,,
HH011378,HNW,0.0,holdout,,,,,
HH011379,HNW,0.0,desarrollo,3,3,4,3,2
HH011380,HNW,0.0,desarrollo,0,3,3,0,2
HH011381,HNW,0.0,desarrollo,4,1,1,3,3
HH011382,HNW,0.0,desarrollo,3,2,4,0,3
HH011383,HNW,0.0,holdout,,,,,
HH011384,HNW,0.0,desarrollo,2,1,3,0,1
HH011385,HNW,0.0,holdout,,,,,
HH011386,HNW,0.0,desarrollo,4,0,1,4,3
HH011387,HNW,0.0,desarrollo,4,0,0,0,2
HH011388,HNW,0.0,desarrollo,3,0,3,3,3
HH011389,HNW,0.0,desarrollo,1,4,3,0,3
HH011390,HNW,0.0,desarrollo,4,1,2,2,4
HH011391,HNW,0.0,holdout,,,,,
HH011392,HNW,0.0,desarrollo,4,4,2,2,3
HH011393,HNW,0.0,holdout,,,,,
HH011394,HNW,0.0,desarrollo,3,0,4,2,1
HH011395,HNW,0.0,desarrollo,0,1,1,3,2
HH011396,HNW,0.0,holdout,,,,,
HH011397,HNW,0.0,desarrollo,1,2,1,2,0
HH011398,HNW,0.0,holdout,,,,,
HH011399,HNW,0.0,desarrollo,1,4,4,1,1
HH011400,HNW,0.0,desarrollo,0,4,4,2,4
HH011401,HNW,0.0,desarrollo,0,4,0,1,0
HH011402,HNW,0.0,desarrollo,1,4,4,2,1
HH011403,HNW,0.0,desarrollo,2,2,1,2,3
HH011404,UHNW,0.0,holdout,,,,,
HH011405,HNW,0.0,holdout,,,,,
HH011406,HNW,0.0,desarrollo,1,4,2,4,1
HH011407,HNW,0.0,desarrollo,2,1,3,2,2
HH011408,HNW,0.0,desarrollo,2,3,1,2,2
HH011409,HNW,0.0,holdout,,,,,
HH011410,UHNW,0.0,desarrollo,3,0,3,2,1
HH011411,HNW,0.0,desarrollo,4,1,1,2,2
HH011412,HNW,0.0,desarrollo,4,4,1,4,2
HH011413,HNW,0.0,desarrollo,1,4,1,4,1
HH011414,HNW,0.0,desarrollo,0,2,1,2,2
HH011415,HNW,0.0,desarrollo,0,0,3,1,0
HH011416,HNW,0.0,desarrollo,4,3,2,4,0
HH011417,HNW,0.0,holdout,,,,,
HH011418,HNW,0.0,desarrollo,3,1,2,3,2
HH011419,HNW,0.0,desarrollo,0,4,0,0,1
HH011420,HNW,0.0,desarrollo,2,2,1,0,1
HH011421,HNW,0.0,holdout,,,,,
HH011422,HNW,0.0,holdout,,,,,
HH011423,HNW,0.0,desarrollo,3,0,2,1,3
HH011424,HNW,0.0,desarrollo,2,0,0,0,4
HH011425,HNW,0.0,desarrollo,4,4,3,1,1
HH011426,HNW,0.0,desarrollo,1,2,3,2,3
HH011427,HNW,0.0,desarrollo,0,3,3,0,2
HH011428,HNW,0.0,holdout,,,,,
HH011429,HNW,0.0,desarrollo,0,0,2,4,1
HH011430,HNW,0.0,desarrollo,2,2,1,4,1
HH011431,HNW,0.0,holdout,,,,,
HH011432,HNW,0.0,desarrollo,4,4,1,2,1
HH011433,UHNW,0.0,desarrollo,3,2,2,2,1
HH011434,HNW,0.0,holdout,,,,,
HH011435,HNW,0.0,desarrollo,3,0,3,1,1
HH011436,HNW,0.0,desarrollo,3,3,0,2,4
HH011437,HNW,0.0,holdout,,,,,
HH011438,HNW,0.0,desarrollo,3,1,1,4,2
HH011439,HNW,0.0,desarrollo,4,2,2,4,4
HH011440,HNW,0.0,desarrollo,2,1,3,3,1
HH011441,HNW,0.0,desarrollo,0,3,4,4,0
HH011442,HNW,0.0,holdout,,,,,
HH011443,HNW,0.0,holdout,,,,,
HH011444,HNW,0.0,holdout,,,,,
HH011445,HNW,0.0,desarrollo,1,2,3,2,1
HH011446,HNW,0.0,holdout,,,,,
HH011447,HNW,0.0,holdout,,,,,
HH011448,HNW,0.0,desarrollo,0,1,3,4,3
HH011449,HNW,0.0,desarrollo,1,0,2,3,2
HH011450,HNW,0.0,desarrollo,1,0,1,3,0
HH011451,HNW,0.0,desarrollo,0,1,0,2,0
HH011452,HNW,0.0,desarrollo,3,4,3,4,0
HH011453,HNW,0.0,holdout,,,,,
HH011454,HNW,0.0,desarrollo,0,1,2,3,3
HH011455,HNW,1.0,holdout,,,,,
HH011456,HNW,0.0,desarrollo,0,1,1,4,1
HH011457,HNW,0.0,desarrollo,3,1,3,2,3
HH011458,HNW,0.0,holdout,,,,,
HH011459,HNW,0.0,desarrollo,0,1,0,0,4
HH011460,HNW,0.0,desarrollo,3,0,1,1,3
HH011461,HNW,0.0,desarrollo,2,1,0,3,4
HH011462,HNW,0.0,desarrollo,3,3,0,4,4
HH011463,HNW,0.0,desarrollo,1,2,0,2,0
HH011464,HNW,0.0,desarrollo,3,2,3,3,4
HH011465,HNW,0.0,holdout,,,,,
HH011466,HNW,0.0,desarrollo,4,4,2,4,4
HH011467,HNW,0.0,desarrollo,1,0,3,0,1
HH011468,HNW,0.0,desarrollo,1,1,4,2,3
HH011469,HNW,0.0,desarrollo,1,4,2,4,3
HH011470,HNW,0.0,holdout,,,,,
HH011471,HNW,0.0,desarrollo,3,1,2,1,3
HH011472,HNW,1.0,desarrollo,4,1,4,1,1
HH011473,HNW,0.0,desarrollo,1,0,2,1,2
HH011474,HNW,0.0,holdout,,,,,
HH011475,HNW,0.0,desarrollo,3,3,2,2,4
HH011476,HNW,0.0,desarrollo,0,2,4,2,0
HH011477,HNW,1.0,holdout,,,,,
HH011478,HNW,0.0,desarrollo,0,3,2,2,4
HH011479,HNW,0.0,holdout,,,,,
HH011480,HNW,0.0,holdout,,,,,
HH011481,HNW,0.0,desarrollo,0,2,3,4,0
HH011482,HNW,0.0,desarrollo,3,1,3,4,3
HH011483,HNW,0.0,holdout,,,,,
HH011484,HNW,0.0,desarrollo,3,3,3,4,3
HH011485,HNW,0.0,desarrollo,2,3,2,3,2
HH011486,HNW,0.0,holdout,,,,,
HH011487,UHNW,0.0,desarrollo,0,4,2,2,3
HH011488,HNW,0.0,desarrollo,3,0,0,3,2
HH011489,HNW,0.0,desarrollo,3,2,4,2,1
HH011490,HNW,0.0,holdout,,,,,
HH011491,HNW,0.0,desarrollo,1,0,3,0,2
HH011492,HNW,0.0,holdout,,,,,
HH011493,HNW,0.0,desarrollo,2,1,1,1,1
HH011494,HNW,0.0,desarrollo,0,3,1,4,1
HH011495,HNW,0.0,holdout,,,,,
HH011496,HNW,0.0,desarrollo,3,4,3,4,0
HH011497,HNW,0.0,holdout,,,,,
HH011498,HNW,0.0,desarrollo,1,0,1,2,4
HH011499,HNW,0.0,desarrollo,1,1,1,4,1
HH011500,HNW,0.0,desarrollo,3,3,4,1,0
HH011501,HNW,0.0,desarrollo,3,1,4,4,4
HH011502,HNW,0.0,desarrollo,4,2,0,3,0
HH011503,HNW,0.0,desarrollo,0,3,3,0,4
HH011504,HNW,0.0,desarrollo,0,1,2,4,2
HH011505,HNW,0.0,holdout,,,,,
HH011506,HNW,0.0,holdout,,,,,
HH011507,HNW,0.0,desarrollo,0,4,1,1,1
HH011508,HNW,0.0,desarrollo,0,2,4,3,1
HH011509,UHNW,0.0,holdout,,,,,
HH011510,HNW,0.0,desarrollo,1,0,3,0,3
HH011511,HNW,0.0,desarrollo,4,3,2,4,3
HH011512,HNW,1.0,desarrollo,0,2,1,0,2
HH011513,HNW,0.0,desarrollo,2,1,0,2,1
HH011514,HNW,0.0,holdout,,,,,
HH011515,HNW,0.0,desarrollo,1,4,3,3,1
HH011516,HNW,0.0,holdout,,,,,
HH011517,HNW,0.0,desarrollo,2,2,4,1,1
HH011518,HNW,0.0,desarrollo,0,0,0,1,4
HH011519,HNW,0.0,desarrollo,3,2,4,4,3
HH011520,HNW,0.0,holdout,,,,,
HH011521,HNW,0.0,desarrollo,2,0,0,0,3
HH011522,HNW,0.0,desarrollo,2,4,3,0,0
HH011523,HNW,0.0,holdout,,,,,
HH011524,HNW,0.0,holdout,,,,,
HH011525,HNW,0.0,holdout,,,,,
HH011526,HNW,0.0,holdout,,,,,
HH011527,HNW,0.0,holdout,,,,,
HH011528,HNW,0.0,holdout,,,,,
HH011529,HNW,0.0,desarrollo,0,4,3,4,0
HH011530,HNW,0.0,holdout,,,,,
HH011531,HNW,0.0,desarrollo,1,0,2,1,2
HH011532,HNW,0.0,holdout,,,,,
HH011533,HNW,0.0,desarrollo,3,4,2,3,1
HH011534,HNW,0.0,desarrollo,1,1,3,3,2
HH011535,HNW,0.0,holdout,,,,,
HH011536,HNW,0.0,desarrollo,1,3,1,1,2
HH011537,HNW,0.0,desarrollo,4,3,1,1,2
HH011538,HNW,0.0,desarrollo,3,3,2,4,3
HH011539,HNW,0.0,desarrollo,2,0,3,4,2
HH011540,HNW,0.0,holdout,,,,,
HH011541,HNW,0.0,desarrollo,0,4,4,0,1
HH011542,HNW,0.0,holdout,,,,,
HH011543,HNW,0.0,desarrollo,1,3,0,2,4
HH011544,HNW,0.0,holdout,,,,,
HH011545,HNW,0.0,desarrollo,0,3,2,1,3
HH011546,HNW,0.0,desarrollo,0,4,4,1,3
HH011547,HNW,0.0,desarrollo,3,2,3,2,0
HH011548,HNW,0.0,holdout,,,,,
HH011549,HNW,0.0,holdout,,,,,
HH011550,UHNW,0.0,desarrollo,0,1,1,2,3
HH011551,HNW,0.0,desarrollo,2,1,1,4,4
HH011552,HNW,0.0,desarrollo,1,2,1,4,3
HH011553,HNW,0.0,holdout,,,,,
HH011554,HNW,0.0,desarrollo,0,4,2,4,0
HH011555,HNW,0.0,holdout,,,,,
HH011556,HNW,0.0,desarrollo,0,1,2,4,3
HH011557,UHNW,0.0,desarrollo,1,2,0,0,2
HH011558,HNW,0.0,holdout,,,,,
HH011559,UHNW,0.0,desarrollo,1,4,2,0,4
HH011560,HNW,0.0,desarrollo,3,3,0,3,2
HH011561,HNW,0.0,holdout,,,,,
HH011562,HNW,0.0,desarrollo,3,1,4,3,3
HH011563,HNW,0.0,holdout,,,,,
HH011564,HNW,0.0,desarrollo,0,4,0,3,1
HH011565,HNW,0.0,desarrollo,1,4,4,1,1
HH011566,HNW,0.0,desarrollo,3,1,1,3,0
HH011567,HNW,0.0,desarrollo,4,1,0,4,0
HH011568,HNW,0.0,desarrollo,1,4,2,1,4
HH011569,HNW,0.0,desarrollo,0,4,1,0,1
HH011570,HNW,0.0,desarrollo,1,1,0,3,0
HH011571,HNW,0.0,desarrollo,2,3,1,1,3
HH011572,HNW,0.0,holdout,,,,,
HH011573,HNW,0.0,desarrollo,2,1,4,2,4
HH011574,HNW,0.0,desarrollo,0,2,0,0,3
HH011575,HNW,0.0,holdout,,,,,
HH011576,HNW,0.0,desarrollo,4,0,4,0,3
HH011577,HNW,0.0,desarrollo,2,0,3,4,1
HH011578,HNW,0.0,desarrollo,2,1,0,4,0
HH011579,HNW,0.0,holdout,,,,,
HH011580,HNW,0.0,holdout,,,,,
HH011581,HNW,0.0,desarrollo,2,3,3,1,1
HH011582,HNW,0.0,holdout,,,,,
HH011583,HNW,0.0,holdout,,,,,
HH011584,HNW,0.0,desarrollo,2,4,3,2,3
HH011585,HNW,0.0,desarrollo,4,0,1,3,4
HH011586,HNW,0.0,desarrollo,1,2,0,4,3
HH011587,HNW,0.0,desarrollo,3,4,0,3,1
HH011588,HNW,0.0,holdout,,,,,
HH011589,HNW,0.0,desarrollo,3,4,3,1,4
HH011590,HNW,0.0,desarrollo,0,3,0,0,1
HH011591,HNW,0.0,desarrollo,1,0,0,1,1
HH011592,HNW,0.0,desarrollo,2,1,2,0,4
HH011593,HNW,1.0,holdout,,,,,
HH011594,HNW,0.0,desarrollo,3,0,4,4,2
HH011595,HNW,0.0,holdout,,,,,
HH011596,HNW,0.0,desarrollo,3,0,3,3,1
HH011597,HNW,0.0,holdout,,,,,
HH011598,HNW,0.0,desarrollo,2,4,1,4,3
HH011599,HNW,0.0,holdout,,,,,
HH011600,HNW,0.0,desarrollo,0,2,0,0,0
HH011601,UHNW,0.0,holdout,,,,,
HH011602,HNW,0.0,desarrollo,0,4,2,2,1
HH011603,HNW,0.0,desarrollo,4,2,4,4,0
HH011604,HNW,0.0,desarrollo,2,0,0,2,0
HH011605,HNW,0.0,holdout,,,,,
HH011606,HNW,0.0,desarrollo,4,2,3,2,1
HH011607,HNW,0.0,desarrollo,3,4,3,2,0
HH011608,UHNW,1.0,holdout,,,,,
HH011609,HNW,0.0,desarrollo,4,3,3,4,4
HH011610,HNW,0.0,desarrollo,0,2,0,4,2
HH011611,UHNW,0.0,holdout,,,,,
HH011612,HNW,0.0,holdout,,,,,
HH011613,HNW,0.0,desarrollo,4,0,1,3,0
HH011614,HNW,0.0,desarrollo,0,0,0,2,4
HH011615,HNW,0.0,desarrollo,4,1,0,2,0
HH011616,HNW,0.0,desarrollo,1,3,1,1,3
HH011617,HNW,0.0,desarrollo,1,4,4,1,0
HH011618,HNW,0.0,desarrollo,2,2,3,1,4
HH011619,HNW,0.0,holdout,,,,,
HH011620,HNW,0.0,desarrollo,2,2,0,3,4
HH011621,HNW,0.0,holdout,,,,,
HH011622,HNW,1.0,holdout,,,,,
HH011623,HNW,0.0,desarrollo,3,0,1,4,2
HH011624,HNW,0.0,desarrollo,4,3,1,1,3
HH011625,HNW,0.0,holdout,,,,,
HH011626,HNW,0.0,holdout,,,,,
HH011627,HNW,0.0,desarrollo,0,4,0,0,0
HH011628,HNW,0.0,desarrollo,1,3,4,3,2
HH011629,HNW,0.0,desarrollo,4,4,2,4,1
HH011630,UHNW,0.0,holdout,,,,,
HH011631,HNW,0.0,desarrollo,0,0,4,0,4
HH011632,HNW,0.0,desarrollo,3,0,4,2,1
HH011633,HNW,0.0,holdout,,,,,
HH011634,HNW,0.0,holdout,,,,,
HH011635,HNW,0.0,desarrollo,4,2,2,1,0
HH011636,HNW,0.0,desarrollo,3,0,0,1,3
HH011637,HNW,0.0,desarrollo,3,4,1,1,2
HH011638,HNW,0.0,desarrollo,3,2,1,3,2
HH011639,HNW,0.0,desarrollo,0,3,4,3,1
HH011640,HNW,0.0,desarrollo,4,0,4,3,0
HH011641,HNW,0.0,desarrollo,4,1,4,4,1
HH011642,HNW,0.0,desarrollo,4,3,0,2,2
HH011643,HNW,0.0,desarrollo,3,3,0,1,4
HH011644,HNW,0.0,holdout,,,,,
HH011645,HNW,0.0,desarrollo,1,2,1,2,2
HH011646,HNW,,excluido,,,,,
HH011647,HNW,0.0,desarrollo,4,1,4,2,2
HH011648,HNW,0.0,desarrollo,4,0,2,2,4
HH011649,HNW,0.0,desarrollo,2,3,3,3,1
HH011650,HNW,0.0,holdout,,,,,
HH011651,HNW,0.0,holdout,,,,,
HH011652,HNW,0.0,holdout,,,,,
HH011653,HNW,0.0,desarrollo,0,1,2,0,1
HH011654,HNW,0.0,desarrollo,4,3,2,3,2
HH011655,HNW,0.0,desarrollo,2,4,2,4,3
HH011656,HNW,0.0,desarrollo,4,2,1,3,2
HH011657,HNW,0.0,desarrollo,0,0,0,1,4
HH011658,HNW,0.0,desarrollo,2,2,3,4,4
HH011659,HNW,0.0,desarrollo,4,2,2,4,4
HH011660,HNW,0.0,desarrollo,4,1,2,0,1
HH011661,HNW,0.0,desarrollo,4,1,1,4,4
HH011662,HNW,0.0,desarrollo,0,3,3,1,4
HH011663,HNW,0.0,desarrollo,4,4,1,3,2
HH011664,HNW,0.0,desarrollo,1,3,1,2,4
HH011665,HNW,0.0,desarrollo,0,0,2,1,2
HH011666,UHNW,0.0,holdout,,,,,
HH011667,HNW,0.0,desarrollo,1,4,2,4,3
HH011668,HNW,0.0,desarrollo,2,0,1,0,1
HH011669,HNW,0.0,desarrollo,4,2,3,4,2
HH011670,HNW,0.0,desarrollo,3,2,4,1,0
HH011671,HNW,0.0,desarrollo,2,1,1,2,2
HH011672,HNW,0.0,holdout,,,,,
HH011673,HNW,0.0,desarrollo,2,3,2,0,1
HH011674,HNW,0.0,desarrollo,1,3,2,4,4
HH011675,HNW,0.0,desarrollo,3,3,1,1,0
HH011676,HNW,0.0,desarrollo,1,4,4,0,2
HH011677,HNW,0.0,desarrollo,4,2,2,3,4
HH011678,HNW,0.0,holdout,,,,,
HH011679,HNW,0.0,desarrollo,0,0,2,2,1
HH011680,HNW,0.0,holdout,,,,,
HH011681,HNW,0.0,desarrollo,0,3,2,2,1
HH011682,HNW,0.0,desarrollo,3,0,4,1,2
HH011683,HNW,0.0,desarrollo,0,3,1,0,2
HH011684,HNW,0.0,holdout,,,,,
HH011685,HNW,0.0,holdout,,,,,
HH011686,HNW,0.0,desarrollo,1,1,0,3,0
HH011687,HNW,0.0,desarrollo,1,2,3,0,4
HH011688,HNW,0.0,desarrollo,4,3,0,0,2
HH011689,HNW,0.0,holdout,,,,,
HH011690,HNW,0.0,holdout,,,,,
HH011691,HNW,0.0,desarrollo,3,2,4,0,3
HH011692,HNW,0.0,desarrollo,3,4,2,4,4
HH011693,HNW,0.0,holdout,,,,,
HH011694,HNW,0.0,desarrollo,4,3,1,2,0
HH011695,UHNW,0.0,holdout,,,,,
HH011696,HNW,0.0,desarrollo,3,0,4,3,2
HH011697,HNW,1.0,holdout,,,,,
HH011698,HNW,0.0,desarrollo,1,2,3,3,4
HH011699,HNW,0.0,holdout,,,,,
HH011700,HNW,1.0,holdout,,,,,
HH011701,HNW,0.0,holdout,,,,,
HH011702,HNW,0.0,desarrollo,4,4,2,3,3
HH011703,HNW,0.0,desarrollo,0,1,2,4,3
HH011704,HNW,0.0,holdout,,,,,
HH011705,HNW,0.0,holdout,,,,,
HH011706,HNW,0.0,desarrollo,3,1,0,2,1
HH011707,HNW,0.0,desarrollo,4,4,1,0,3
HH011708,HNW,0.0,desarrollo,3,3,4,0,1
HH011709,HNW,0.0,holdout,,,,,
HH011710,HNW,0.0,desarrollo,0,4,2,4,4
HH011711,HNW,0.0,holdout,,,,,
HH011712,UHNW,1.0,desarrollo,2,2,0,4,0
HH011713,HNW,0.0,desarrollo,4,4,4,2,1
HH011714,HNW,1.0,desarrollo,1,0,1,4,2
HH011715,HNW,0.0,desarrollo,3,2,1,4,1
HH011716,HNW,0.0,desarrollo,0,0,0,1,3
HH011717,HNW,0.0,desarrollo,3,2,0,3,2
HH011718,HNW,0.0,desarrollo,4,3,3,1,1
HH011719,HNW,0.0,desarrollo,1,3,4,1,4
HH011720,HNW,0.0,holdout,,,,,
HH011721,HNW,0.0,desarrollo,2,0,3,0,4
HH011722,HNW,0.0,desarrollo,2,1,0,4,4
HH011723,HNW,0.0,desarrollo,3,0,1,2,1
HH011724,HNW,0.0,holdout,,,,,
HH011725,HNW,0.0,desarrollo,0,3,4,3,3
HH011726,HNW,0.0,desarrollo,3,0,3,4,0
HH011727,HNW,0.0,desarrollo,0,2,2,0,4
HH011728,HNW,0.0,desarrollo,3,1,2,3,1
HH011729,HNW,1.0,desarrollo,1,1,4,2,1
HH011730,HNW,0.0,holdout,,,,,
HH011731,HNW,0.0,desarrollo,0,4,4,2,4
HH011732,HNW,0.0,desarrollo,2,0,3,1,1
HH011733,HNW,0.0,desarrollo,3,3,1,2,4
HH011734,HNW,0.0,desarrollo,3,2,1,4,1
HH011735,HNW,0.0,desarrollo,3,3,2,3,4
HH011736,HNW,0.0,desarrollo,3,4,0,0,3
HH011737,HNW,0.0,desarrollo,1,3,0,3,2
HH011738,HNW,0.0,desarrollo,3,4,3,1,0
HH011739,HNW,0.0,desarrollo,0,0,4,2,0
HH011740,HNW,1.0,holdout,,,,,
HH011741,HNW,0.0,desarrollo,3,1,2,3,2
HH011742,HNW,0.0,desarrollo,3,0,0,3,0
HH011743,HNW,0.0,holdout,,,,,
HH011744,HNW,0.0,desarrollo,1,3,0,0,0
HH011745,HNW,0.0,holdout,,,,,
HH011746,HNW,0.0,desarrollo,3,0,1,1,3
HH011747,HNW,0.0,holdout,,,,,
HH011748,HNW,0.0,desarrollo,3,3,3,4,1
HH011749,HNW,0.0,desarrollo,0,1,2,0,3
HH011750,UHNW,0.0,holdout,,,,,
HH011751,HNW,0.0,desarrollo,0,3,3,4,2
HH011752,HNW,0.0,holdout,,,,,
HH011753,HNW,0.0,desarrollo,4,4,4,4,3
HH011754,HNW,0.0,desarrollo,0,3,0,0,3
HH011755,HNW,0.0,desarrollo,2,0,3,2,2
HH011756,HNW,0.0,desarrollo,3,2,4,0,1
HH011757,HNW,0.0,desarrollo,3,1,4,0,0
HH011758,HNW,0.0,desarrollo,0,4,3,0,2
HH011759,HNW,0.0,desarrollo,3,3,1,0,4
HH011760,HNW,1.0,holdout,,,,,
HH011761,HNW,0.0,holdout,,,,,
HH011762,HNW,0.0,holdout,,,,,
HH011763,HNW,0.0,holdout,,,,,
HH011764,HNW,0.0,desarrollo,3,2,4,2,2
HH011765,HNW,0.0,desarrollo,1,4,1,1,4
HH011766,HNW,0.0,desarrollo,3,0,2,3,2
HH011767,HNW,0.0,desarrollo,3,3,2,2,2
HH011768,HNW,0.0,desarrollo,1,2,0,4,3
HH011769,HNW,0.0,desarrollo,1,1,4,3,1
HH011770,HNW,0.0,holdout,,,,,
HH011771,UHNW,1.0,holdout,,,,,
HH011772,HNW,0.0,holdout,,,,,
HH011773,HNW,0.0,desarrollo,0,0,4,2,1
HH011774,HNW,0.0,desarrollo,2,2,1,1,1
HH011775,HNW,0.0,desarrollo,4,0,0,3,0
HH011776,HNW,0.0,holdout,,,,,
HH011777,HNW,0.0,holdout,,,,,
HH011778,HNW,0.0,holdout,,,,,
HH011779,HNW,0.0,desarrollo,2,2,4,4,2
HH011780,HNW,0.0,holdout,,,,,
HH011781,HNW,0.0,desarrollo,3,4,0,0,4
HH011782,HNW,0.0,desarrollo,4,2,4,4,4
HH011783,HNW,0.0,desarrollo,2,4,3,0,3
HH011784,HNW,0.0,desarrollo,0,1,1,4,1
HH011785,HNW,0.0,desarrollo,4,1,1,0,1
HH011786,HNW,0.0,desarrollo,4,1,2,0,3
HH011787,HNW,0.0,desarrollo,1,2,2,0,4
HH011788,HNW,0.0,desarrollo,1,3,1,3,4
HH011789,HNW,0.0,desarrollo,3,3,2,0,0
HH011790,HNW,0.0,holdout,,,,,
HH011791,HNW,0.0,desarrollo,3,1,2,3,2
HH011792,HNW,0.0,desarrollo,2,3,4,2,0
HH011793,HNW,0.0,desarrollo,2,4,1,3,0
HH011794,HNW,0.0,holdout,,,,,
HH011795,HNW,0.0,desarrollo,3,0,2,3,4
HH011796,HNW,0.0,desarrollo,2,3,4,4,4
HH011797,HNW,0.0,desarrollo,3,1,2,1,3
HH011798,HNW,0.0,holdout,,,,,
HH011799,HNW,0.0,desarrollo,4,0,1,0,3
HH011800,HNW,0.0,desarrollo,1,4,4,0,1
HH011801,HNW,0.0,holdout,,,,,
HH011802,HNW,0.0,desarrollo,3,1,4,0,0
HH011803,HNW,1.0,holdout,,,,,
HH011804,HNW,0.0,holdout,,,,,
HH011805,UHNW,0.0,desarrollo,3,4,0,4,4
HH011806,HNW,0.0,desarrollo,0,2,0,3,4
HH011807,HNW,0.0,desarrollo,1,3,1,2,3
HH011808,HNW,0.0,desarrollo,1,3,1,2,4
HH011809,HNW,0.0,desarrollo,2,4,3,3,3
HH011810,HNW,0.0,desarrollo,0,2,1,4,4
HH011811,HNW,0.0,desarrollo,3,2,0,1,0
HH011812,HNW,1.0,desarrollo,2,1,0,4,0
HH011813,HNW,0.0,holdout,,,,,
HH011814,HNW,0.0,desarrollo,2,0,1,2,2
HH011815,HNW,1.0,holdout,,,,,
HH011816,HNW,0.0,desarrollo,2,2,3,1,3
HH011817,HNW,1.0,desarrollo,3,4,4,4,1
HH011818,HNW,0.0,holdout,,,,,
HH011819,HNW,0.0,desarrollo,0,2,4,2,1
HH011820,HNW,0.0,desarrollo,0,3,2,0,0
HH011821,HNW,0.0,holdout,,,,,
HH011822,HNW,0.0,holdout,,,,,
HH011823,HNW,0.0,desarrollo,3,2,3,3,1
HH011824,HNW,0.0,holdout,,,,,
HH011825,HNW,0.0,desarrollo,2,2,0,0,2
HH011826,UHNW,0.0,desarrollo,3,4,4,2,3
HH011827,HNW,0.0,holdout,,,,,
HH011828,HNW,0.0,desarrollo,0,2,1,3,2
HH011829,HNW,0.0,desarrollo,3,1,1,4,3
HH011830,HNW,0.0,desarrollo,1,3,3,3,4
HH011831,HNW,1.0,holdout,,,,,
HH011832,HNW,0.0,holdout,,,,,
HH011833,HNW,0.0,desarrollo,1,1,0,4,0
HH011834,HNW,0.0,holdout,,,,,
HH011835,HNW,0.0,desarrollo,2,1,4,4,4
HH011836,HNW,0.0,holdout,,,,,
HH011837,HNW,,excluido,,,,,
HH011838,HNW,0.0,holdout,,,,,
HH011839,HNW,0.0,desarrollo,1,1,0,1,0
HH011840,HNW,0.0,desarrollo,0,1,1,3,2
HH011841,HNW,0.0,desarrollo,4,0,2,2,2
HH011842,HNW,0.0,desarrollo,4,4,1,0,3
HH011843,UHNW,0.0,desarrollo,2,1,1,0,1
HH011844,HNW,0.0,desarrollo,0,3,4,2,1
HH011845,HNW,0.0,desarrollo,1,4,2,2,0
HH011846,HNW,0.0,holdout,,,,,
HH011847,HNW,0.0,desarrollo,4,2,2,2,2
HH011848,HNW,0.0,desarrollo,3,0,1,0,2
HH011849,HNW,0.0,desarrollo,4,3,4,1,2
HH011850,HNW,0.0,holdout,,,,,
HH011851,HNW,0.0,desarrollo,3,0,4,3,1
HH011852,HNW,0.0,desarrollo,3,0,0,3,2
HH011853,HNW,0.0,desarrollo,1,2,2,2,0
HH011854,HNW,0.0,desarrollo,1,3,3,4,3
HH011855,HNW,0.0,holdout,,,,,
HH011856,HNW,0.0,desarrollo,1,0,4,4,2
HH011857,HNW,0.0,desarrollo,3,0,3,3,2
HH011858,HNW,0.0,desarrollo,0,1,3,0,1
HH011859,HNW,0.0,holdout,,,,,
HH011860,HNW,0.0,desarrollo,0,4,4,4,1
HH011861,HNW,0.0,desarrollo,0,1,4,4,3
HH011862,HNW,0.0,holdout,,,,,
HH011863,HNW,0.0,desarrollo,0,0,4,2,1
HH011864,HNW,0.0,holdout,,,,,
HH011865,HNW,0.0,holdout,,,,,
HH011866,HNW,0.0,desarrollo,2,2,3,1,4
HH011867,HNW,0.0,desarrollo,3,0,2,1,0
HH011868,HNW,0.0,desarrollo,4,3,0,2,3
HH011869,HNW,0.0,holdout,,,,,
HH011870,HNW,0.0,desarrollo,0,2,4,1,0
HH011871,HNW,0.0,desarrollo,1,2,3,3,4
HH011872,HNW,0.0,desarrollo,0,3,2,2,0
HH011873,HNW,0.0,desarrollo,0,1,4,4,1
HH011874,HNW,0.0,desarrollo,2,2,4,4,4
HH011875,UHNW,0.0,desarrollo,1,3,4,4,3
HH011876,HNW,0.0,desarrollo,4,3,0,1,2
HH011877,HNW,0.0,desarrollo,3,2,2,4,1
HH011878,HNW,0.0,holdout,,,,,
HH011879,HNW,0.0,desarrollo,3,0,4,2,0
HH011880,HNW,0.0,desarrollo,4,2,0,2,4
HH011881,HNW,0.0,holdout,,,,,
HH011882,HNW,1.0,desarrollo,4,0,2,1,1
HH011883,HNW,0.0,desarrollo,1,3,3,3,3
HH011884,HNW,0.0,desarrollo,3,2,4,3,2
HH011885,HNW,0.0,desarrollo,1,1,3,2,2
HH011886,HNW,0.0,holdout,,,,,
HH011887,HNW,0.0,desarrollo,2,3,2,0,1
HH011888,HNW,0.0,desarrollo,0,2,1,3,3
HH011889,HNW,0.0,desarrollo,3,2,3,3,3
HH011890,HNW,0.0,desarrollo,3,1,2,0,2
HH011891,HNW,0.0,holdout,,,,,
HH011892,HNW,0.0,desarrollo,4,3,3,4,4
HH011893,HNW,0.0,desarrollo,4,0,0,1,4
HH011894,HNW,0.0,holdout,,,,,
HH011895,HNW,0.0,holdout,,,,,
HH011896,HNW,0.0,holdout,,,,,
HH011897,UHNW,0.0,desarrollo,0,0,0,1,0
HH011898,HNW,0.0,holdout,,,,,
HH011899,HNW,0.0,desarrollo,4,4,0,2,4
HH011900,HNW,0.0,desarrollo,3,2,0,2,2
HH011901,HNW,0.0,holdout,,,,,
HH011902,HNW,0.0,desarrollo,0,0,2,2,2
HH011903,HNW,0.0,holdout,,,,,
HH011904,HNW,1.0,desarrollo,4,4,2,4,3
HH011905,HNW,0.0,desarrollo,3,1,4,2,3
HH011906,HNW,0.0,desarrollo,2,1,4,2,3
HH011907,HNW,0.0,holdout,,,,,
HH011908,HNW,0.0,holdout,,,,,
HH011909,HNW,0.0,desarrollo,2,0,2,2,0
HH011910,HNW,0.0,desarrollo,1,3,1,1,0
HH011911,UHNW,0.0,desarrollo,1,3,0,0,4
HH011912,HNW,0.0,desarrollo,3,3,0,4,0
HH011913,HNW,0.0,holdout,,,,,
HH011914,HNW,0.0,holdout,,,,,
HH011915,HNW,0.0,holdout,,,,,
HH011916,HNW,0.0,holdout,,,,,
HH011917,HNW,0.0,holdout,,,,,
HH011918,HNW,0.0,desarrollo,1,2,2,2,0
HH011919,HNW,0.0,desarrollo,0,2,2,4,3
HH011920,HNW,1.0,holdout,,,,,
HH011921,HNW,1.0,desarrollo,0,2,2,1,0
HH011922,HNW,0.0,desarrollo,4,0,0,0,1
HH011923,HNW,0.0,holdout,,,,,
HH011924,HNW,0.0,desarrollo,0,3,2,2,4
HH011925,HNW,1.0,desarrollo,0,1,4,3,0
HH011926,HNW,0.0,holdout,,,,,
HH011927,HNW,0.0,desarrollo,0,1,1,3,3
HH011928,HNW,0.0,desarrollo,4,3,0,3,1
HH011929,HNW,0.0,holdout,,,,,
HH011930,HNW,1.0,holdout,,,,,
HH011931,HNW,0.0,desarrollo,4,4,3,1,1
HH011932,HNW,,excluido,,,,,
HH011933,HNW,0.0,desarrollo,0,0,0,3,4
HH011934,HNW,0.0,desarrollo,1,1,3,3,2
HH011935,HNW,0.0,desarrollo,2,0,2,2,1
HH011936,HNW,1.0,desarrollo,1,0,0,4,1
HH011937,HNW,0.0,desarrollo,3,2,0,2,1
HH011938,HNW,0.0,desarrollo,1,2,3,3,0
HH011939,HNW,0.0,holdout,,,,,
HH011940,HNW,0.0,holdout,,,,,
HH011941,HNW,1.0,desarrollo,0,0,4,3,4
HH011942,HNW,0.0,desarrollo,2,1,1,3,0
HH011943,HNW,0.0,holdout,,,,,
HH011944,HNW,0.0,holdout,,,,,
HH011945,HNW,0.0,desarrollo,3,0,0,4,1
HH011946,HNW,0.0,desarrollo,0,1,4,3,4
HH011947,HNW,0.0,holdout,,,,,
HH011948,HNW,0.0,holdout,,,,,
HH011949,HNW,0.0,desarrollo,4,2,0,4,2
HH011950,HNW,0.0,holdout,,,,,
HH011951,HNW,0.0,holdout,,,,,
HH011952,HNW,0.0,desarrollo,3,0,2,0,3
HH011953,UHNW,0.0,desarrollo,3,4,2,2,0
HH011954,HNW,0.0,desarrollo,4,4,2,2,2
HH011955,HNW,0.0,desarrollo,3,2,0,2,2
HH011956,HNW,0.0,desarrollo,3,0,1,3,4
HH011957,HNW,0.0,desarrollo,4,2,1,0,3
HH011958,HNW,0.0,holdout,,,,,
HH011959,HNW,0.0,desarrollo,0,3,4,0,2
HH011960,HNW,0.0,holdout,,,,,
HH011961,HNW,0.0,holdout,,,,,
HH011962,HNW,0.0,holdout,,,,,
HH011963,HNW,0.0,holdout,,,,,
HH011964,HNW,0.0,holdout,,,,,
HH011965,UHNW,0.0,desarrollo,0,4,1,2,2
HH011966,HNW,0.0,desarrollo,3,4,3,3,1
HH011967,HNW,0.0,holdout,,,,,
HH011968,HNW,0.0,desarrollo,4,4,3,1,3
HH011969,HNW,0.0,holdout,,,,,
HH011970,UHNW,0.0,desarrollo,2,3,3,3,1
HH011971,HNW,1.0,desarrollo,0,1,1,3,3
HH011972,HNW,0.0,desarrollo,4,0,1,2,1
HH011973,HNW,0.0,desarrollo,4,1,1,0,4
HH011974,HNW,0.0,desarrollo,0,1,3,0,1
HH011975,HNW,0.0,holdout,,,,,
HH011976,HNW,0.0,desarrollo,2,2,2,4,4
HH011977,HNW,0.0,desarrollo,4,4,0,3,1
HH011978,HNW,0.0,desarrollo,1,3,3,0,1
HH011979,HNW,0.0,desarrollo,3,2,1,3,1
HH011980,HNW,0.0,holdout,,,,,
HH011981,HNW,0.0,desarrollo,3,1,3,4,0
HH011982,HNW,0.0,holdout,,,,,
HH011983,HNW,0.0,desarrollo,0,3,2,1,0
HH011984,HNW,0.0,desarrollo,0,1,0,3,0
HH011985,HNW,0.0,holdout,,,,,
HH011986,UHNW,0.0,holdout,,,,,
HH011987,HNW,0.0,holdout,,,,,
HH011988,HNW,0.0,desarrollo,0,0,4,4,2
HH011989,HNW,0.0,holdout,,,,,
HH011990,HNW,0.0,desarrollo,1,0,3,3,2
HH011991,HNW,0.0,desarrollo,3,1,2,3,4
HH011992,HNW,0.0,desarrollo,2,1,1,0,2
HH011993,HNW,0.0,desarrollo,4,4,4,1,1
HH011994,HNW,0.0,holdout,,,,,
HH011995,HNW,0.0,holdout,,,,,
HH011996,UHNW,0.0,desarrollo,1,2,0,2,1
HH011997,HNW,0.0,holdout,,,,,
HH011998,HNW,0.0,holdout,,,,,
HH011999,HNW,0.0,desarrollo,0,4,2,2,1
HH012000,HNW,0.0,desarrollo,2,4,0,1,4
HH012001,HNW,0.0,holdout,,,,,
HH012002,HNW,0.0,desarrollo,2,4,0,0,1
HH012003,HNW,0.0,desarrollo,4,2,3,3,3
HH012004,HNW,0.0,desarrollo,1,1,3,3,4
HH012005,HNW,0.0,desarrollo,2,3,4,0,2
HH012006,HNW,0.0,desarrollo,0,1,2,3,1
HH012007,HNW,0.0,desarrollo,2,1,3,1,1
HH012008,HNW,0.0,holdout,,,,,
HH012009,HNW,0.0,holdout,,,,,
HH012010,HNW,0.0,desarrollo,1,2,4,3,4
HH012011,HNW,0.0,holdout,,,,,
HH012012,HNW,1.0,holdout,,,,,
HH012013,UHNW,0.0,desarrollo,0,3,4,0,1
HH012014,HNW,0.0,holdout,,,,,
HH012015,HNW,0.0,desarrollo,0,3,4,4,2
HH012016,HNW,0.0,desarrollo,3,3,3,4,0
HH012017,HNW,0.0,desarrollo,1,4,2,2,4
HH012018,HNW,0.0,holdout,,,,,
HH012019,HNW,0.0,desarrollo,3,1,1,3,2
HH012020,HNW,0.0,desarrollo,3,2,0,0,2
HH012021,HNW,0.0,desarrollo,1,1,0,0,0
HH012022,HNW,0.0,holdout,,,,,
HH012023,HNW,0.0,holdout,,,,,
HH012024,HNW,1.0,desarrollo,0,2,4,2,3
HH012025,UHNW,0.0,desarrollo,0,2,2,0,2
HH012026,HNW,0.0,holdout,,,,,
HH012027,HNW,0.0,desarrollo,3,4,3,0,4
HH012028,HNW,0.0,desarrollo,4,0,1,4,2
HH012029,HNW,0.0,desarrollo,2,2,2,2,1
HH012030,HNW,0.0,desarrollo,1,3,0,3,3
HH012031,HNW,0.0,desarrollo,4,4,0,1,0
HH012032,HNW,0.0,desarrollo,2,4,4,2,3
HH012033,HNW,0.0,holdout,,,,,
HH012034,HNW,0.0,desarrollo,4,4,4,1,1
HH012035,HNW,0.0,holdout,,,,,
HH012036,HNW,0.0,desarrollo,1,4,2,2,4
HH012037,HNW,0.0,desarrollo,4,0,2,0,0
HH012038,HNW,0.0,desarrollo,1,3,0,3,1
HH012039,HNW,0.0,holdout,,,,,
HH012040,HNW,0.0,desarrollo,0,1,4,2,2
HH012041,HNW,0.0,holdout,,,,,
HH012042,HNW,0.0,desarrollo,2,0,0,2,3
HH012043,HNW,0.0,holdout,,,,,
HH012044,HNW,0.0,desarrollo,1,4,3,1,3
HH012045,HNW,0.0,desarrollo,2,2,4,1,1
HH012046,HNW,0.0,holdout,,,,,
HH012047,HNW,0.0,desarrollo,2,4,3,4,2
HH012048,HNW,0.0,desarrollo,2,1,3,1,1
HH012049,HNW,0.0,desarrollo,3,1,2,3,4
HH012050,HNW,0.0,holdout,,,,,
HH012051,HNW,0.0,desarrollo,2,4,2,3,2
HH012052,HNW,0.0,holdout,,,,,
HH012053,HNW,0.0,desarrollo,4,1,3,3,2
HH012054,HNW,0.0,holdout,,,,,
HH012055,UHNW,1.0,desarrollo,1,1,3,0,4
HH012056,HNW,0.0,desarrollo,2,3,2,3,4
HH012057,UHNW,0.0,desarrollo,1,1,1,0,2
HH012058,HNW,0.0,desarrollo,4,2,3,2,1
HH012059,HNW,0.0,holdout,,,,,
HH012060,HNW,0.0,holdout,,,,,
HH012061,HNW,0.0,holdout,,,,,
HH012062,HNW,1.0,holdout,,,,,
HH012063,HNW,0.0,holdout,,,,,
HH012064,HNW,0.0,desarrollo,4,4,2,3,2
HH012065,HNW,,excluido,,,,,
HH012066,HNW,0.0,desarrollo,3,1,2,2,0
HH012067,HNW,0.0,holdout,,,,,
HH012068,HNW,0.0,desarrollo,0,3,3,4,2
HH012069,HNW,0.0,holdout,,,,,
HH012070,HNW,0.0,holdout,,,,,
HH012071,HNW,0.0,desarrollo,1,1,0,4,3
HH012072,HNW,0.0,holdout,,,,,
HH012073,UHNW,0.0,desarrollo,4,1,0,1,3
HH012074,HNW,0.0,desarrollo,2,2,2,0,1
HH012075,HNW,0.0,desarrollo,1,0,2,3,1
HH012076,HNW,0.0,holdout,,,,,
HH012077,HNW,0.0,desarrollo,3,1,2,2,1
HH012078,HNW,0.0,holdout,,,,,
HH012079,HNW,0.0,desarrollo,3,1,0,2,4
HH012080,HNW,0.0,desarrollo,3,0,4,2,2
HH012081,HNW,0.0,holdout,,,,,
HH012082,HNW,0.0,desarrollo,4,4,3,1,3
HH012083,HNW,0.0,desarrollo,3,0,2,3,0
HH012084,HNW,0.0,desarrollo,4,4,0,0,3
HH012085,HNW,0.0,holdout,,,,,
HH012086,UHNW,0.0,desarrollo,0,3,4,3,1
HH012087,HNW,0.0,holdout,,,,,
HH012088,HNW,0.0,desarrollo,1,2,1,0,4
HH012089,HNW,0.0,desarrollo,4,3,2,1,3
HH012090,HNW,0.0,holdout,,,,,
HH012091,HNW,0.0,desarrollo,2,0,0,2,3
HH012092,HNW,1.0,desarrollo,2,0,0,0,3
HH012093,HNW,0.0,desarrollo,4,4,3,1,3
HH012094,HNW,0.0,desarrollo,1,2,2,3,0
HH012095,HNW,0.0,desarrollo,0,4,2,1,0
HH012096,HNW,0.0,desarrollo,3,2,4,3,4
HH012097,HNW,0.0,desarrollo,0,2,3,0,0
HH012098,UHNW,,excluido,,,,,
HH012099,HNW,0.0,holdout,,,,,
HH012100,HNW,1.0,holdout,,,,,
HH012101,HNW,0.0,holdout,,,,,
HH012102,HNW,0.0,desarrollo,1,1,1,0,3
HH012103,HNW,0.0,holdout,,,,,
HH012104,HNW,0.0,holdout,,,,,
HH012105,HNW,0.0,holdout,,,,,
HH012106,HNW,0.0,holdout,,,,,
HH012107,HNW,0.0,holdout,,,,,
HH012108,HNW,0.0,desarrollo,3,3,0,0,3
HH012109,HNW,0.0,holdout,,,,,
HH012110,HNW,0.0,desarrollo,1,4,1,0,4
HH012111,HNW,0.0,desarrollo,3,2,4,2,2
HH012112,HNW,0.0,holdout,,,,,
HH012113,HNW,0.0,desarrollo,0,2,2,2,1
HH012114,HNW,0.0,holdout,,,,,
HH012115,HNW,0.0,desarrollo,0,3,4,1,2
HH012116,HNW,0.0,desarrollo,1,0,2,0,1
HH012117,HNW,0.0,desarrollo,3,1,1,1,3
HH012118,HNW,1.0,desarrollo,4,3,4,2,1
HH012119,HNW,0.0,desarrollo,3,0,0,0,3
HH012120,HNW,0.0,desarrollo,3,0,2,4,3
HH012121,HNW,0.0,desarrollo,0,0,1,2,3
HH012122,HNW,0.0,desarrollo,0,2,4,2,2
HH012123,HNW,0.0,desarrollo,2,4,4,4,3
HH012124,HNW,0.0,desarrollo,3,3,2,0,4
HH012125,UHNW,0.0,holdout,,,,,
HH012126,HNW,0.0,holdout,,,,,
HH012127,HNW,0.0,holdout,,,,,
HH012128,HNW,0.0,desarrollo,3,4,0,3,1
HH012129,HNW,0.0,holdout,,,,,
HH012130,HNW,0.0,holdout,,,,,
HH012131,HNW,0.0,desarrollo,3,4,1,0,0
HH012132,UHNW,0.0,desarrollo,3,2,2,2,2
HH012133,HNW,0.0,desarrollo,0,2,1,0,4
HH012134,HNW,1.0,desarrollo,3,4,4,2,2
HH012135,HNW,0.0,desarrollo,4,3,4,4,0
HH012136,HNW,0.0,holdout,,,,,
HH012137,HNW,1.0,desarrollo,0,3,0,2,2
HH012138,UHNW,0.0,desarrollo,2,4,4,0,2
HH012139,HNW,0.0,desarrollo,1,0,0,3,4
HH012140,HNW,0.0,desarrollo,3,1,3,1,1
HH012141,HNW,0.0,desarrollo,3,4,2,1,0
HH012142,HNW,0.0,holdout,,,,,
HH012143,HNW,0.0,holdout,,,,,
HH012144,HNW,0.0,desarrollo,2,2,4,3,0
HH012145,HNW,0.0,desarrollo,4,1,3,2,1
HH012146,HNW,0.0,desarrollo,0,2,4,4,1
HH012147,HNW,0.0,holdout,,,,,
HH012148,HNW,0.0,desarrollo,4,0,2,1,0
HH012149,HNW,0.0,desarrollo,3,4,4,0,3
HH012150,HNW,0.0,holdout,,,,,
HH012151,UHNW,0.0,desarrollo,2,1,0,1,0
HH012152,HNW,0.0,holdout,,,,,
HH012153,HNW,0.0,holdout,,,,,
HH012154,HNW,0.0,desarrollo,1,1,3,3,2
HH012155,UHNW,0.0,desarrollo,0,1,2,4,4
HH012156,HNW,0.0,desarrollo,3,1,4,1,0
HH012157,HNW,0.0,desarrollo,4,4,0,0,1
HH012158,HNW,0.0,desarrollo,1,3,2,2,2
HH012159,HNW,0.0,holdout,,,,,
HH012160,UHNW,0.0,holdout,,,,,
HH012161,HNW,0.0,holdout,,,,,
HH012162,HNW,0.0,holdout,,,,,
HH012163,HNW,0.0,desarrollo,4,0,4,0,0
HH012164,UHNW,0.0,holdout,,,,,
HH012165,HNW,0.0,desarrollo,1,2,3,3,2
HH012166,HNW,0.0,holdout,,,,,
HH012167,HNW,0.0,holdout,,,,,
HH012168,HNW,0.0,holdout,,,,,
HH012169,HNW,0.0,holdout,,,,,
HH012170,HNW,0.0,desarrollo,3,4,0,3,4
HH012171,HNW,0.0,desarrollo,1,3,4,1,0
HH012172,HNW,0.0,holdout,,,,,
HH012173,HNW,0.0,desarrollo,0,1,1,3,1
HH012174,HNW,0.0,holdout,,,,,
HH012175,HNW,0.0,holdout,,,,,
HH012176,HNW,0.0,holdout,,,,,
HH012177,HNW,0.0,holdout,,,,,
HH012178,UHNW,0.0,desarrollo,1,2,1,3,0
HH012179,HNW,0.0,desarrollo,0,1,1,3,3
HH012180,HNW,0.0,desarrollo,1,0,3,2,4
HH012181,HNW,0.0,desarrollo,0,1,2,2,0
HH012182,HNW,0.0,desarrollo,3,3,3,4,0
HH012183,HNW,0.0,desarrollo,4,3,0,3,2
HH012184,HNW,0.0,desarrollo,3,4,1,4,4
HH012185,HNW,0.0,desarrollo,1,0,1,0,0
HH012186,HNW,0.0,desarrollo,3,4,4,3,3
HH012187,HNW,0.0,desarrollo,3,0,0,4,3
HH012188,HNW,0.0,desarrollo,1,3,0,4,4
HH012189,HNW,0.0,desarrollo,1,1,3,0,3
HH012190,HNW,0.0,desarrollo,2,1,4,0,3
HH012191,HNW,0.0,desarrollo,0,0,4,4,1
HH012192,HNW,0.0,holdout,,,,,
HH012193,HNW,0.0,desarrollo,4,4,1,2,0
HH012194,HNW,0.0,holdout,,,,,
HH012195,HNW,0.0,holdout,,,,,
HH012196,UHNW,0.0,desarrollo,4,1,0,3,4
HH012197,HNW,0.0,desarrollo,3,1,2,1,0
HH012198,HNW,0.0,desarrollo,0,4,2,0,2
HH012199,HNW,0.0,desarrollo,3,0,1,3,0
HH012200,HNW,0.0,desarrollo,4,2,0,2,1
HH012201,HNW,0.0,desarrollo,2,0,4,1,2
HH012202,HNW,0.0,desarrollo,3,0,2,3,1
HH012203,HNW,0.0,desarrollo,3,2,1,1,3
HH012204,HNW,1.0,desarrollo,3,1,3,4,3
HH012205,HNW,0.0,desarrollo,1,2,0,4,2
HH012206,HNW,0.0,holdout,,,,,
HH012207,HNW,0.0,desarrollo,0,0,4,2,2
HH012208,HNW,0.0,holdout,,,,,
HH012209,HNW,0.0,holdout,,,,,
HH012210,HNW,0.0,holdout,,,,,
HH012211,HNW,0.0,desarrollo,4,1,4,0,2
HH012212,HNW,0.0,desarrollo,0,3,1,4,0
HH012213,HNW,0.0,desarrollo,1,3,4,3,0
HH012214,HNW,0.0,holdout,,,,,
HH012215,HNW,0.0,desarrollo,0,2,3,2,1
HH012216,HNW,0.0,desarrollo,1,0,1,2,0
HH012217,HNW,0.0,desarrollo,2,3,4,2,4
HH012218,HNW,0.0,desarrollo,4,0,2,1,1
HH012219,HNW,0.0,desarrollo,4,3,4,0,2
HH012220,HNW,0.0,holdout,,,,,
HH012221,HNW,0.0,holdout,,,,,
HH012222,HNW,0.0,desarrollo,0,1,4,0,2
HH012223,HNW,0.0,desarrollo,3,3,4,3,1
HH012224,HNW,0.0,desarrollo,4,1,3,3,0
HH012225,HNW,0.0,desarrollo,0,4,1,0,1
HH012226,HNW,0.0,holdout,,,,,
HH012227,HNW,0.0,desarrollo,1,1,4,4,0
HH012228,HNW,0.0,desarrollo,2,4,3,2,2
HH012229,HNW,0.0,holdout,,,,,
HH012230,HNW,0.0,desarrollo,0,1,4,1,2
HH012231,HNW,0.0,desarrollo,1,3,2,0,3
HH012232,HNW,0.0,desarrollo,4,0,0,2,2
HH012233,HNW,0.0,desarrollo,4,4,3,0,0
HH012234,HNW,0.0,holdout,,,,,
HH012235,HNW,0.0,desarrollo,0,2,1,0,3
HH012236,UHNW,0.0,desarrollo,2,0,2,3,0
HH012237,HNW,0.0,desarrollo,3,3,0,1,4
HH012238,HNW,0.0,holdout,,,,,
HH012239,HNW,0.0,holdout,,,,,
HH012240,HNW,0.0,desarrollo,1,1,2,0,0
HH012241,HNW,1.0,desarrollo,1,0,4,1,1
HH012242,HNW,0.0,desarrollo,2,0,4,1,0
HH012243,HNW,0.0,desarrollo,1,4,0,0,2
HH012244,HNW,0.0,desarrollo,3,3,3,3,3
HH012245,HNW,0.0,holdout,,,,,
HH012246,HNW,0.0,holdout,,,,,
HH012247,HNW,0.0,holdout,,,,,
HH012248,HNW,0.0,holdout,,,,,
HH012249,HNW,0.0,desarrollo,2,3,0,1,0
HH012250,HNW,1.0,desarrollo,3,1,3,3,0
HH012251,HNW,0.0,holdout,,,,,
HH012252,UHNW,1.0,desarrollo,1,4,2,1,4
HH012253,HNW,0.0,holdout,,,,,
HH012254,HNW,0.0,holdout,,,,,
HH012255,HNW,0.0,desarrollo,4,0,4,3,1
HH012256,HNW,0.0,holdout,,,,,
HH012257,HNW,0.0,holdout,,,,,
HH012258,HNW,0.0,desarrollo,0,3,1,1,3
HH012259,HNW,0.0,desarrollo,3,0,3,4,4
HH012260,HNW,0.0,desarrollo,2,1,3,3,0
HH012261,HNW,0.0,desarrollo,4,4,3,1,2
HH012262,HNW,0.0,holdout,,,,,
HH012263,HNW,0.0,desarrollo,2,1,4,1,2
HH012264,HNW,0.0,desarrollo,3,2,0,3,2
HH012265,HNW,0.0,desarrollo,3,2,1,0,3
HH012266,HNW,0.0,desarrollo,2,4,1,1,1
HH012267,HNW,0.0,desarrollo,2,2,4,2,2
HH012268,HNW,0.0,desarrollo,2,0,2,2,2
HH012269,UHNW,0.0,desarrollo,4,2,1,1,1
HH012270,HNW,0.0,holdout,,,,,
HH012271,HNW,0.0,desarrollo,2,0,0,2,4
HH012272,HNW,0.0,holdout,,,,,
HH012273,HNW,0.0,holdout,,,,,
HH012274,HNW,0.0,desarrollo,3,4,0,2,0
HH012275,HNW,0.0,holdout,,,,,
HH012276,HNW,0.0,desarrollo,1,2,2,4,2
HH012277,HNW,0.0,holdout,,,,,
HH012278,HNW,0.0,holdout,,,,,
HH012279,HNW,0.0,holdout,,,,,
HH012280,HNW,0.0,desarrollo,0,4,1,1,2
HH012281,HNW,0.0,desarrollo,4,0,4,0,0
HH012282,HNW,0.0,desarrollo,0,3,3,1,3
HH012283,HNW,0.0,desarrollo,0,4,0,2,0
HH012284,HNW,0.0,holdout,,,,,
HH012285,HNW,0.0,holdout,,,,,
HH012286,HNW,0.0,holdout,,,,,
HH012287,HNW,0.0,desarrollo,4,2,4,1,1
HH012288,HNW,1.0,desarrollo,2,1,0,0,2
HH012289,HNW,0.0,desarrollo,3,4,0,1,4
HH012290,HNW,0.0,holdout,,,,,
HH012291,HNW,0.0,desarrollo,0,0,1,4,1
HH012292,HNW,0.0,desarrollo,1,0,0,0,3
HH012293,HNW,0.0,desarrollo,0,3,4,4,2
HH012294,HNW,0.0,holdout,,,,,
HH012295,HNW,0.0,desarrollo,0,3,2,2,0
HH012296,HNW,0.0,holdout,,,,,
HH012297,HNW,0.0,desarrollo,1,1,3,2,2
HH012298,HNW,1.0,holdout,,,,,
HH012299,HNW,0.0,desarrollo,4,1,0,0,2
HH012300,HNW,0.0,desarrollo,0,3,3,4,1
HH012301,HNW,0.0,desarrollo,4,4,4,3,1
HH012302,HNW,0.0,holdout,,,,,
HH012303,HNW,0.0,desarrollo,3,0,0,1,2
HH012304,HNW,0.0,desarrollo,4,4,1,2,1
HH012305,HNW,0.0,desarrollo,3,2,4,4,4
HH012306,UHNW,0.0,holdout,,,,,
HH012307,HNW,0.0,holdout,,,,,
HH012308,HNW,0.0,desarrollo,0,0,2,2,1
HH012309,HNW,0.0,desarrollo,2,4,2,3,0
HH012310,HNW,1.0,holdout,,,,,
HH012311,HNW,0.0,desarrollo,4,4,2,2,3
HH012312,HNW,0.0,desarrollo,1,4,0,2,1
HH012313,HNW,1.0,desarrollo,1,3,0,2,2
HH012314,HNW,0.0,desarrollo,3,4,0,3,1
HH012315,HNW,0.0,desarrollo,1,3,0,4,3
HH012316,HNW,0.0,desarrollo,0,1,0,1,2
HH012317,HNW,0.0,holdout,,,,,
HH012318,HNW,0.0,desarrollo,0,2,2,3,3
HH012319,HNW,0.0,holdout,,,,,
HH012320,HNW,0.0,desarrollo,0,2,3,3,2
HH012321,HNW,0.0,desarrollo,1,4,3,1,3
HH012322,HNW,1.0,holdout,,,,,
HH012323,HNW,0.0,desarrollo,3,2,2,0,4
HH012324,UHNW,0.0,holdout,,,,,
HH012325,HNW,0.0,desarrollo,1,0,3,3,2
HH012326,HNW,1.0,desarrollo,2,4,3,0,4
HH012327,HNW,0.0,holdout,,,,,
HH012328,HNW,0.0,desarrollo,2,1,1,2,1
HH012329,HNW,0.0,desarrollo,2,4,1,4,2
HH012330,HNW,0.0,holdout,,,,,
HH012331,HNW,0.0,desarrollo,2,1,0,0,4
HH012332,HNW,1.0,desarrollo,3,3,0,0,1
HH012333,HNW,0.0,desarrollo,1,0,1,3,2
HH012334,HNW,0.0,desarrollo,3,2,3,0,1
HH012335,HNW,0.0,holdout,,,,,
HH012336,HNW,0.0,desarrollo,0,2,4,3,2
HH012337,HNW,0.0,holdout,,,,,
HH012338,HNW,0.0,desarrollo,3,2,4,1,0
HH012339,HNW,0.0,desarrollo,1,4,0,3,4
HH012340,HNW,0.0,desarrollo,4,4,3,2,1
HH012341,HNW,0.0,holdout,,,,,
HH012342,UHNW,0.0,desarrollo,3,4,1,2,0
HH012343,HNW,0.0,desarrollo,3,2,1,2,2
HH012344,HNW,0.0,desarrollo,0,0,2,4,3
HH012345,HNW,0.0,desarrollo,0,4,2,0,0
HH012346,HNW,0.0,desarrollo,1,2,1,0,3
HH012347,HNW,0.0,desarrollo,3,1,1,4,0
HH012348,HNW,0.0,desarrollo,0,1,0,3,1
HH012349,HNW,0.0,holdout,,,,,
HH012350,HNW,0.0,desarrollo,1,1,1,2,4
HH012351,HNW,1.0,desarrollo,0,0,0,4,2
HH012352,HNW,0.0,desarrollo,1,1,3,1,0
HH012353,HNW,0.0,holdout,,,,,
HH012354,HNW,0.0,holdout,,,,,
HH012355,HNW,0.0,desarrollo,1,3,4,4,2
HH012356,UHNW,0.0,holdout,,,,,
HH012357,HNW,0.0,holdout,,,,,
HH012358,HNW,0.0,desarrollo,2,0,2,0,2
HH012359,HNW,0.0,holdout,,,,,
HH012360,HNW,0.0,holdout,,,,,
HH012361,HNW,0.0,desarrollo,1,3,0,2,0
HH012362,HNW,0.0,desarrollo,3,1,0,2,3
HH012363,HNW,0.0,desarrollo,1,1,2,3,1
HH012364,HNW,0.0,desarrollo,2,3,1,2,4
HH012365,HNW,0.0,desarrollo,1,0,1,0,0
HH012366,HNW,0.0,desarrollo,4,0,4,3,4
HH012367,HNW,0.0,desarrollo,1,2,1,2,1
HH012368,HNW,0.0,desarrollo,0,1,1,0,4
HH012369,HNW,0.0,desarrollo,3,4,4,1,0
HH012370,HNW,0.0,desarrollo,2,0,0,4,0
HH012371,HNW,0.0,desarrollo,1,2,3,1,1
HH012372,HNW,0.0,desarrollo,0,4,1,0,2
HH012373,HNW,0.0,holdout,,,,,
HH012374,HNW,0.0,desarrollo,1,4,1,4,0
HH012375,HNW,0.0,desarrollo,3,2,4,4,3
HH012376,HNW,0.0,desarrollo,0,3,3,2,3
HH012377,HNW,0.0,desarrollo,2,3,1,0,4
HH012378,HNW,0.0,desarrollo,0,1,3,0,2
HH012379,HNW,0.0,desarrollo,2,0,0,3,1
HH012380,HNW,0.0,desarrollo,2,0,1,0,2
HH012381,HNW,0.0,desarrollo,4,2,2,1,2
HH012382,HNW,0.0,desarrollo,4,4,1,1,4
HH012383,HNW,0.0,desarrollo,1,0,1,4,0
HH012384,HNW,0.0,desarrollo,3,3,0,2,2
HH012385,HNW,0.0,desarrollo,1,3,3,3,2
HH012386,HNW,0.0,desarrollo,3,2,4,0,3
HH012387,HNW,0.0,desarrollo,4,1,0,2,0
HH012388,HNW,0.0,desarrollo,0,0,2,1,4
HH012389,HNW,0.0,desarrollo,3,2,2,1,3
HH012390,HNW,0.0,desarrollo,4,2,0,1,1
HH012391,HNW,0.0,desarrollo,0,0,1,1,0
HH012392,HNW,0.0,holdout,,,,,
HH012393,HNW,0.0,desarrollo,3,4,1,1,3
HH012394,HNW,0.0,desarrollo,2,2,0,4,4
HH012395,HNW,0.0,desarrollo,4,3,2,3,4
HH012396,HNW,0.0,desarrollo,4,4,3,4,4
HH012397,HNW,0.0,desarrollo,2,4,4,4,3
HH012398,HNW,0.0,holdout,,,,,
HH012399,HNW,0.0,desarrollo,3,0,4,2,0
HH012400,UHNW,0.0,desarrollo,2,3,2,3,2
HH012401,HNW,0.0,desarrollo,3,2,1,1,4
HH012402,HNW,0.0,desarrollo,4,2,3,2,2
HH012403,HNW,0.0,holdout,,,,,
HH012404,HNW,0.0,holdout,,,,,
HH012405,HNW,0.0,holdout,,,,,
HH012406,HNW,0.0,desarrollo,4,3,2,3,3
HH012407,HNW,0.0,desarrollo,2,4,1,3,2
HH012408,HNW,0.0,desarrollo,0,1,2,2,2
HH012409,UHNW,0.0,holdout,,,,,
HH012410,HNW,0.0,desarrollo,3,2,0,4,0
HH012411,HNW,0.0,holdout,,,,,
HH012412,HNW,0.0,desarrollo,2,0,4,0,2
HH012413,HNW,0.0,holdout,,,,,
HH012414,UHNW,0.0,desarrollo,0,0,0,3,4
HH012415,HNW,0.0,desarrollo,3,1,3,0,1
HH012416,HNW,0.0,holdout,,,,,
HH012417,HNW,1.0,desarrollo,3,2,1,4,3
HH012418,HNW,0.0,holdout,,,,,
HH012419,HNW,0.0,desarrollo,0,4,0,4,1
HH012420,HNW,0.0,desarrollo,0,4,2,0,3
HH012421,UHNW,1.0,holdout,,,,,
HH012422,HNW,0.0,desarrollo,2,2,1,1,0
HH012423,HNW,0.0,holdout,,,,,
HH012424,HNW,0.0,desarrollo,0,1,4,1,0
HH012425,HNW,0.0,desarrollo,4,0,3,2,3
HH012426,HNW,0.0,holdout,,,,,
HH012427,HNW,1.0,desarrollo,0,4,3,0,3
HH012428,HNW,0.0,desarrollo,4,3,4,3,1
HH012429,HNW,0.0,holdout,,,,,
HH012430,HNW,0.0,desarrollo,3,4,2,4,0
HH012431,HNW,0.0,desarrollo,0,0,0,3,2
HH012432,HNW,0.0,desarrollo,1,2,4,3,4
HH012433,HNW,1.0,desarrollo,0,1,4,4,4
HH012434,HNW,0.0,desarrollo,4,3,2,2,2
HH012435,HNW,1.0,desarrollo,4,4,4,3,4
HH012436,HNW,0.0,holdout,,,,,
HH012437,HNW,0.0,desarrollo,0,1,2,1,1
HH012438,HNW,0.0,desarrollo,3,2,1,1,0
HH012439,UHNW,0.0,desarrollo,3,2,4,3,2
HH012440,HNW,0.0,holdout,,,,,
HH012441,HNW,0.0,desarrollo,1,0,1,1,4
HH012442,HNW,0.0,desarrollo,1,4,4,1,2
HH012443,HNW,0.0,holdout,,,,,
HH012444,HNW,0.0,desarrollo,0,1,1,1,3
HH012445,HNW,0.0,holdout,,,,,
HH012446,HNW,0.0,desarrollo,4,0,2,3,0
HH012447,HNW,0.0,desarrollo,0,2,1,3,4
HH012448,HNW,0.0,desarrollo,4,1,1,1,1
HH012449,HNW,0.0,holdout,,,,,
HH012450,HNW,0.0,holdout,,,,,
HH012451,HNW,0.0,desarrollo,2,3,0,3,4
HH012452,HNW,0.0,holdout,,,,,
HH012453,HNW,0.0,desarrollo,2,2,4,4,2
HH012454,HNW,0.0,desarrollo,2,4,1,3,2
HH012455,HNW,0.0,desarrollo,2,2,2,2,0
HH012456,HNW,0.0,desarrollo,4,1,4,4,3
HH012457,HNW,0.0,desarrollo,3,0,1,4,0
HH012458,HNW,0.0,desarrollo,0,3,0,0,0
HH012459,HNW,0.0,desarrollo,1,4,3,1,1
HH012460,HNW,0.0,desarrollo,3,2,0,1,0
HH012461,HNW,0.0,desarrollo,4,2,3,4,2
HH012462,HNW,0.0,holdout,,,,,
HH012463,HNW,0.0,holdout,,,,,
HH012464,HNW,0.0,desarrollo,1,4,1,4,0
HH012465,HNW,0.0,desarrollo,2,4,0,2,3
HH012466,HNW,0.0,desarrollo,4,3,4,3,4
HH012467,HNW,0.0,desarrollo,0,0,1,2,3
HH012468,HNW,0.0,desarrollo,1,0,1,4,2
HH012469,HNW,0.0,holdout,,,,,
HH012470,HNW,0.0,holdout,,,,,
HH012471,HNW,1.0,desarrollo,4,2,3,1,0
HH012472,HNW,0.0,desarrollo,0,0,1,2,2
HH012473,HNW,0.0,desarrollo,3,1,4,4,0
HH012474,HNW,0.0,desarrollo,1,1,2,1,0
HH012475,HNW,0.0,desarrollo,2,3,3,3,4
HH012476,HNW,0.0,desarrollo,4,2,4,4,1
HH012477,HNW,0.0,holdout,,,,,
HH012478,HNW,0.0,holdout,,,,,
HH012479,HNW,0.0,desarrollo,4,4,3,4,3
HH012480,HNW,0.0,desarrollo,2,4,3,3,0
HH012481,HNW,0.0,holdout,,,,,
HH012482,HNW,0.0,desarrollo,2,2,3,4,1
HH012483,HNW,0.0,holdout,,,,,
HH012484,HNW,0.0,holdout,,,,,
HH012485,HNW,0.0,desarrollo,2,3,4,4,1
HH012486,HNW,0.0,desarrollo,0,2,0,2,3
HH012487,HNW,0.0,desarrollo,3,3,0,1,1
HH012488,HNW,0.0,holdout,,,,,
HH012489,UHNW,0.0,desarrollo,3,0,3,0,2
HH012490,HNW,0.0,holdout,,,,,
HH012491,HNW,0.0,desarrollo,4,3,4,3,4
HH012492,HNW,0.0,desarrollo,1,1,3,4,0
HH012493,HNW,0.0,desarrollo,0,1,1,4,0
HH012494,HNW,0.0,desarrollo,4,1,0,3,2
HH012495,HNW,0.0,holdout,,,,,
HH012496,HNW,0.0,desarrollo,2,4,3,2,2
HH012497,HNW,0.0,holdout,,,,,
HH012498,HNW,0.0,holdout,,,,,
HH012499,HNW,0.0,desarrollo,0,4,1,0,0
HH012500,HNW,0.0,desarrollo,2,0,3,1,3
HH012501,UHNW,0.0,desarrollo,2,3,2,2,1
HH012502,HNW,0.0,desarrollo,4,4,1,2,1
HH012503,HNW,1.0,desarrollo,1,4,4,3,2
HH012504,HNW,0.0,holdout,,,,,
HH012505,HNW,0.0,desarrollo,4,0,2,3,3
HH012506,HNW,0.0,desarrollo,4,4,1,3,4
HH012507,HNW,0.0,desarrollo,3,3,0,2,0
HH012508,HNW,0.0,desarrollo,3,4,2,4,2
HH012509,HNW,0.0,desarrollo,0,0,0,0,2
HH012510,HNW,0.0,desarrollo,1,3,0,2,0
HH012511,UHNW,0.0,holdout,,,,,
HH012512,HNW,1.0,holdout,,,,,
HH012513,HNW,0.0,desarrollo,4,4,4,4,1
HH012514,HNW,0.0,desarrollo,3,1,2,4,2
HH012515,HNW,0.0,desarrollo,1,4,0,4,1
HH012516,HNW,1.0,desarrollo,0,2,3,2,2
HH012517,HNW,,excluido,,,,,
HH012518,HNW,0.0,desarrollo,3,4,0,1,3
HH012519,HNW,0.0,holdout,,,,,
HH012520,HNW,0.0,holdout,,,,,
HH012521,HNW,0.0,desarrollo,2,3,4,1,2
HH012522,HNW,0.0,desarrollo,2,0,0,0,2
HH012523,HNW,0.0,desarrollo,0,3,3,1,4
HH012524,HNW,0.0,desarrollo,3,3,0,2,1
HH012525,HNW,0.0,desarrollo,2,0,1,1,1
HH012526,HNW,0.0,desarrollo,4,0,4,4,3
HH012527,HNW,0.0,desarrollo,2,1,1,2,1
HH012528,HNW,0.0,desarrollo,1,4,0,3,4
HH012529,HNW,0.0,desarrollo,4,0,4,2,2
HH012530,HNW,0.0,desarrollo,3,1,2,0,3
HH012531,HNW,0.0,desarrollo,4,2,4,2,0
HH012532,HNW,0.0,desarrollo,1,3,2,2,3
HH012533,HNW,0.0,desarrollo,0,1,0,3,0
HH012534,HNW,0.0,desarrollo,4,2,1,1,2
HH012535,HNW,0.0,desarrollo,4,4,3,0,4
HH012536,HNW,0.0,holdout,,,,,
HH012537,HNW,0.0,desarrollo,2,1,0,4,3
HH012538,HNW,0.0,holdout,,,,,
HH012539,HNW,0.0,desarrollo,0,1,0,4,2
HH012540,HNW,0.0,desarrollo,2,1,4,1,4
HH012541,UHNW,0.0,desarrollo,2,0,3,4,1
HH012542,HNW,0.0,desarrollo,1,0,0,2,3
HH012543,HNW,1.0,desarrollo,3,1,2,4,0
HH012544,HNW,0.0,holdout,,,,,
HH012545,HNW,0.0,desarrollo,4,4,0,3,1
HH012546,HNW,0.0,desarrollo,4,1,2,4,0
HH012547,HNW,0.0,desarrollo,4,0,0,0,4
HH012548,HNW,0.0,desarrollo,4,3,3,2,4
HH012549,UHNW,1.0,holdout,,,,,
HH012550,HNW,0.0,desarrollo,1,4,4,4,3
HH012551,HNW,0.0,holdout,,,,,
HH012552,HNW,0.0,holdout,,,,,
HH012553,HNW,0.0,desarrollo,4,1,4,1,0
HH012554,HNW,0.0,desarrollo,2,1,2,3,4
HH012555,HNW,0.0,desarrollo,3,3,0,0,2
HH012556,HNW,0.0,desarrollo,4,1,0,0,1
HH012557,HNW,0.0,desarrollo,1,3,2,1,2
HH012558,HNW,0.0,desarrollo,4,4,4,2,0
HH012559,HNW,0.0,holdout,,,,,
HH012560,HNW,0.0,desarrollo,3,1,0,2,3
HH012561,HNW,1.0,desarrollo,2,2,4,4,1
HH012562,UHNW,0.0,holdout,,,,,
HH012563,HNW,0.0,desarrollo,0,1,1,2,2
HH012564,HNW,0.0,holdout,,,,,
HH012565,UHNW,0.0,desarrollo,4,1,4,3,0
HH012566,HNW,0.0,desarrollo,4,0,1,4,2
HH012567,HNW,0.0,holdout,,,,,
HH012568,HNW,0.0,holdout,,,,,
HH012569,HNW,0.0,holdout,,,,,
HH012570,HNW,0.0,desarrollo,1,2,1,2,3
HH012571,HNW,0.0,desarrollo,3,4,1,2,0
HH012572,HNW,0.0,holdout,,,,,
HH012573,HNW,0.0,desarrollo,0,2,1,1,4
HH012574,HNW,0.0,desarrollo,1,2,3,0,1
HH012575,HNW,0.0,desarrollo,2,1,1,2,3
HH012576,HNW,0.0,holdout,,,,,
HH012577,HNW,0.0,holdout,,,,,
HH012578,HNW,0.0,desarrollo,1,0,0,4,4
HH012579,UHNW,0.0,holdout,,,,,
HH012580,HNW,0.0,desarrollo,4,4,4,0,1
HH012581,HNW,1.0,desarrollo,3,1,2,0,3
HH012582,HNW,0.0,desarrollo,4,1,4,2,1
HH012583,HNW,1.0,holdout,,,,,
HH012584,HNW,0.0,holdout,,,,,
HH012585,HNW,0.0,desarrollo,4,2,2,4,0
HH012586,HNW,0.0,holdout,,,,,
HH012587,HNW,0.0,desarrollo,3,1,2,2,1
HH012588,HNW,0.0,desarrollo,1,4,1,2,1
HH012589,HNW,0.0,desarrollo,3,2,2,1,2
HH012590,HNW,0.0,holdout,,,,,
HH012591,HNW,0.0,desarrollo,1,0,0,1,2
HH012592,HNW,0.0,holdout,,,,,
HH012593,HNW,0.0,desarrollo,4,2,1,1,2
HH012594,HNW,0.0,holdout,,,,,
HH012595,HNW,0.0,desarrollo,2,1,1,2,3
HH012596,HNW,1.0,desarrollo,1,1,3,2,1
HH012597,HNW,0.0,holdout,,,,,
HH012598,HNW,0.0,desarrollo,4,1,1,2,1
HH012599,HNW,0.0,holdout,,,,,
HH012600,HNW,0.0,desarrollo,4,3,4,3,0
HH012601,HNW,0.0,desarrollo,1,1,4,2,2
HH012602,HNW,0.0,desarrollo,0,3,4,0,4
HH012603,HNW,0.0,holdout,,,,,
HH012604,HNW,0.0,holdout,,,,,
HH012605,HNW,0.0,desarrollo,4,3,4,2,0
HH012606,HNW,0.0,holdout,,,,,
HH012607,HNW,0.0,holdout,,,,,
HH012608,HNW,0.0,desarrollo,4,0,4,1,0
HH012609,HNW,0.0,desarrollo,3,0,3,0,1
HH012610,HNW,0.0,desarrollo,2,3,2,2,3
HH012611,HNW,0.0,desarrollo,3,4,1,3,2
HH012612,HNW,0.0,desarrollo,1,3,2,0,4
HH012613,HNW,0.0,holdout,,,,,
HH012614,HNW,0.0,desarrollo,4,2,0,3,4
HH012615,HNW,,excluido,,,,,
HH012616,HNW,0.0,holdout,,,,,
HH012617,HNW,0.0,holdout,,,,,
HH012618,HNW,0.0,desarrollo,1,2,1,3,0
HH012619,UHNW,0.0,desarrollo,3,1,3,3,4
HH012620,HNW,0.0,desarrollo,0,2,0,2,3
HH012621,HNW,0.0,holdout,,,,,
HH012622,HNW,0.0,desarrollo,1,4,0,4,0
HH012623,HNW,0.0,holdout,,,,,
HH012624,HNW,0.0,holdout,,,,,
HH012625,UHNW,0.0,holdout,,,,,
HH012626,HNW,0.0,desarrollo,0,2,4,1,4
HH012627,UHNW,0.0,desarrollo,2,0,4,0,1
HH012628,HNW,0.0,desarrollo,0,1,0,1,3
HH012629,HNW,0.0,desarrollo,4,2,0,1,2
HH012630,HNW,0.0,desarrollo,2,4,0,1,1
HH012631,HNW,1.0,desarrollo,3,4,1,4,1
HH012632,HNW,0.0,desarrollo,1,0,4,4,2
HH012633,HNW,0.0,holdout,,,,,
HH012634,UHNW,1.0,desarrollo,2,3,1,1,3
HH012635,HNW,0.0,holdout,,,,,
HH012636,HNW,0.0,desarrollo,1,4,0,1,1
HH012637,HNW,1.0,desarrollo,0,4,4,2,4
HH012638,HNW,0.0,holdout,,,,,
HH012639,UHNW,0.0,holdout,,,,,
HH012640,HNW,0.0,desarrollo,0,4,1,3,1
HH012641,HNW,0.0,holdout,,,,,
HH012642,UHNW,0.0,holdout,,,,,
HH012643,HNW,0.0,holdout,,,,,
HH012644,HNW,0.0,desarrollo,0,2,1,2,3
HH012645,HNW,0.0,holdout,,,,,
HH012646,HNW,0.0,holdout,,,,,
HH012647,HNW,0.0,holdout,,,,,
HH012648,HNW,1.0,holdout,,,,,
HH012649,HNW,0.0,holdout,,,,,
HH012650,HNW,0.0,desarrollo,2,2,3,4,4
HH012651,HNW,0.0,desarrollo,0,0,3,2,0
HH012652,HNW,0.0,desarrollo,2,2,3,3,2
HH012653,HNW,0.0,desarrollo,0,4,2,1,0
HH012654,HNW,0.0,desarrollo,0,3,2,2,4
HH012655,HNW,0.0,desarrollo,0,2,3,4,0
HH012656,HNW,0.0,holdout,,,,,
HH012657,HNW,0.0,holdout,,,,,
HH012658,HNW,0.0,desarrollo,2,3,4,1,4
HH012659,HNW,0.0,desarrollo,1,4,1,3,2
HH012660,HNW,0.0,holdout,,,,,
HH012661,HNW,0.0,holdout,,,,,
HH012662,UHNW,1.0,desarrollo,4,4,0,3,2
HH012663,HNW,0.0,desarrollo,0,3,1,3,1
HH012664,UHNW,0.0,desarrollo,3,2,0,0,3
HH012665,HNW,0.0,desarrollo,3,2,4,1,1
HH012666,HNW,0.0,desarrollo,1,0,3,0,0
HH012667,HNW,0.0,holdout,,,,,
HH012668,HNW,0.0,desarrollo,4,4,0,1,1
HH012669,HNW,0.0,desarrollo,4,0,4,0,4
HH012670,HNW,0.0,desarrollo,2,0,1,0,4
HH012671,HNW,0.0,desarrollo,0,3,3,1,0
HH012672,HNW,0.0,desarrollo,4,1,3,0,2
HH012673,HNW,0.0,holdout,,,,,
HH012674,HNW,0.0,desarrollo,4,0,4,2,2
HH012675,UHNW,0.0,holdout,,,,,
HH012676,HNW,0.0,desarrollo,3,0,2,1,2
HH012677,HNW,0.0,desarrollo,3,3,4,1,1
HH012678,HNW,0.0,desarrollo,1,1,4,3,3
HH012679,HNW,0.0,desarrollo,1,2,1,2,4
HH012680,HNW,0.0,holdout,,,,,
HH012681,HNW,0.0,desarrollo,3,2,1,2,2
HH012682,HNW,0.0,desarrollo,2,0,1,0,1
HH012683,HNW,0.0,holdout,,,,,
HH012684,HNW,0.0,desarrollo,1,1,3,3,4
HH012685,HNW,0.0,holdout,,,,,
HH012686,HNW,0.0,desarrollo,3,2,3,4,3
HH012687,HNW,0.0,desarrollo,1,0,2,0,0
HH012688,HNW,0.0,desarrollo,0,3,4,1,4
HH012689,HNW,0.0,desarrollo,0,1,0,4,3
HH012690,HNW,0.0,desarrollo,2,3,3,2,1
HH012691,HNW,0.0,desarrollo,1,4,1,2,4
HH012692,HNW,0.0,holdout,,,,,
HH012693,HNW,0.0,desarrollo,0,3,2,1,2
HH012694,HNW,0.0,desarrollo,0,3,4,3,4
HH012695,UHNW,0.0,desarrollo,3,1,0,4,3
HH012696,HNW,0.0,desarrollo,2,4,0,0,4
HH012697,HNW,0.0,desarrollo,2,4,0,1,0
HH012698,HNW,0.0,desarrollo,0,3,1,3,2
HH012699,HNW,0.0,desarrollo,1,0,1,0,1
HH012700,UHNW,0.0,holdout,,,,,
HH012701,HNW,0.0,holdout,,,,,
HH012702,HNW,0.0,holdout,,,,,
HH012703,HNW,0.0,desarrollo,2,2,1,2,2
HH012704,HNW,0.0,desarrollo,4,2,0,2,3
HH012705,HNW,0.0,desarrollo,3,2,0,0,4
HH012706,HNW,0.0,desarrollo,2,0,2,1,3
HH012707,HNW,0.0,desarrollo,1,3,3,4,0
HH012708,HNW,0.0,desarrollo,1,0,4,3,1
HH012709,HNW,0.0,desarrollo,2,2,1,1,2
HH012710,HNW,0.0,desarrollo,3,4,0,4,2
HH012711,HNW,0.0,desarrollo,4,3,4,2,4
HH012712,HNW,1.0,desarrollo,2,3,0,1,0
HH012713,HNW,0.0,desarrollo,2,2,1,4,3
HH012714,HNW,0.0,desarrollo,2,1,4,2,2
HH012715,HNW,0.0,holdout,,,,,
HH012716,HNW,0.0,desarrollo,2,0,2,3,0
HH012717,HNW,0.0,desarrollo,3,0,1,4,3
HH012718,HNW,0.0,desarrollo,1,0,3,2,0
HH012719,HNW,0.0,holdout,,,,,
HH012720,HNW,0.0,desarrollo,0,3,1,3,3
HH012721,HNW,0.0,holdout,,,,,
HH012722,HNW,0.0,desarrollo,1,1,0,0,3
HH012723,HNW,0.0,desarrollo,3,1,3,1,0
HH012724,HNW,0.0,desarrollo,3,1,3,1,2
HH012725,HNW,0.0,holdout,,,,,
HH012726,HNW,0.0,desarrollo,3,4,3,1,1
HH012727,HNW,0.0,holdout,,,,,
HH012728,HNW,0.0,desarrollo,2,2,3,0,1
HH012729,HNW,0.0,desarrollo,4,4,2,2,1
HH012730,HNW,0.0,desarrollo,4,2,1,4,1
HH012731,HNW,0.0,desarrollo,0,2,3,4,2
HH012732,HNW,0.0,desarrollo,0,0,1,2,3
HH012733,HNW,0.0,holdout,,,,,
HH012734,HNW,0.0,holdout,,,,,
HH012735,HNW,0.0,holdout,,,,,
HH012736,HNW,0.0,desarrollo,3,1,3,4,2
HH012737,HNW,0.0,desarrollo,0,3,0,4,1
HH012738,HNW,0.0,desarrollo,1,2,4,2,3
HH012739,HNW,0.0,desarrollo,2,3,2,4,4
HH012740,HNW,0.0,holdout,,,,,
HH012741,HNW,0.0,holdout,,,,,
HH012742,HNW,0.0,holdout,,,,,
HH012743,HNW,0.0,desarrollo,2,3,1,3,3
HH012744,HNW,0.0,desarrollo,2,1,3,2,0
HH012745,HNW,0.0,desarrollo,4,1,1,2,2
HH012746,HNW,0.0,desarrollo,2,2,1,3,2
HH012747,HNW,0.0,desarrollo,2,4,2,3,0
HH012748,HNW,0.0,desarrollo,2,4,1,4,2
HH012749,HNW,0.0,desarrollo,0,3,2,1,0
HH012750,HNW,0.0,desarrollo,4,3,4,4,0
HH012751,HNW,0.0,desarrollo,4,1,3,2,2
HH012752,HNW,0.0,holdout,,,,,
HH012753,HNW,0.0,desarrollo,0,4,2,3,4
HH012754,HNW,0.0,desarrollo,3,3,4,0,4
HH012755,HNW,0.0,desarrollo,2,4,2,0,1
HH012756,HNW,0.0,desarrollo,0,1,0,0,1
HH012757,HNW,0.0,holdout,,,,,
HH012758,HNW,0.0,desarrollo,3,2,3,3,3
HH012759,HNW,0.0,desarrollo,2,2,4,3,1
HH012760,HNW,0.0,desarrollo,1,0,2,2,4
HH012761,HNW,0.0,holdout,,,,,
HH012762,HNW,0.0,holdout,,,,,
HH012763,HNW,0.0,desarrollo,0,2,4,0,2
HH012764,HNW,0.0,desarrollo,2,4,3,4,2
HH012765,HNW,0.0,holdout,,,,,
HH012766,HNW,0.0,desarrollo,2,0,4,1,3
HH012767,HNW,0.0,desarrollo,1,1,3,1,4
HH012768,HNW,0.0,desarrollo,0,4,3,0,4
HH012769,HNW,,excluido,,,,,
HH012770,HNW,0.0,desarrollo,4,2,0,2,3
HH012771,HNW,0.0,desarrollo,4,1,0,0,3
HH012772,HNW,0.0,desarrollo,2,4,2,3,2
HH012773,HNW,0.0,desarrollo,2,1,2,0,1
HH012774,HNW,0.0,desarrollo,1,0,2,2,2
HH012775,HNW,0.0,desarrollo,2,3,1,2,2
HH012776,HNW,0.0,desarrollo,4,3,3,2,4
HH012777,HNW,0.0,desarrollo,2,1,4,1,4
HH012778,HNW,0.0,holdout,,,,,
HH012779,HNW,0.0,desarrollo,1,2,3,1,3
HH012780,HNW,0.0,desarrollo,1,0,2,4,4
HH012781,HNW,0.0,desarrollo,2,2,2,4,4
HH012782,HNW,0.0,desarrollo,4,3,3,4,4
HH012783,HNW,1.0,desarrollo,0,3,2,3,2
HH012784,HNW,0.0,desarrollo,0,2,3,0,1
HH012785,HNW,0.0,holdout,,,,,
HH012786,HNW,0.0,holdout,,,,,
HH012787,HNW,0.0,desarrollo,4,3,0,3,1
HH012788,HNW,0.0,desarrollo,3,2,3,2,2
HH012789,HNW,0.0,desarrollo,1,3,3,3,0
HH012790,HNW,0.0,holdout,,,,,
HH012791,HNW,1.0,desarrollo,3,2,0,0,2
HH012792,HNW,0.0,holdout,,,,,
HH012793,HNW,0.0,desarrollo,2,0,0,2,3
HH012794,HNW,0.0,holdout,,,,,
HH012795,HNW,0.0,desarrollo,1,0,3,0,1
HH012796,HNW,0.0,holdout,,,,,
HH012797,HNW,0.0,desarrollo,0,3,0,4,0
HH012798,HNW,0.0,holdout,,,,,
HH012799,HNW,0.0,desarrollo,4,1,4,3,3
HH012800,HNW,0.0,desarrollo,0,1,3,1,0
HH012801,HNW,0.0,desarrollo,4,2,3,4,3
HH012802,HNW,0.0,desarrollo,1,0,3,4,1
HH012803,HNW,0.0,desarrollo,2,0,2,2,4
HH012804,HNW,0.0,desarrollo,4,0,0,4,2
HH012805,UHNW,0.0,holdout,,,,,
HH012806,HNW,0.0,desarrollo,1,0,0,2,2
HH012807,HNW,0.0,desarrollo,2,3,3,4,4
HH012808,HNW,0.0,desarrollo,1,4,3,1,2
HH012809,HNW,0.0,desarrollo,4,0,0,4,0
HH012810,HNW,0.0,desarrollo,2,2,1,1,2
HH012811,UHNW,0.0,desarrollo,2,2,2,1,2
HH012812,HNW,0.0,desarrollo,1,2,1,4,3
HH012813,HNW,0.0,desarrollo,4,4,3,2,2
HH012814,HNW,0.0,holdout,,,,,
HH012815,HNW,0.0,holdout,,,,,
HH012816,HNW,0.0,desarrollo,0,4,3,0,1
HH012817,HNW,0.0,desarrollo,3,0,0,2,1
HH012818,HNW,0.0,holdout,,,,,
HH012819,HNW,0.0,holdout,,,,,
HH012820,HNW,0.0,desarrollo,4,3,0,2,1
HH012821,HNW,0.0,desarrollo,2,0,0,2,1
HH012822,HNW,0.0,holdout,,,,,
HH012823,HNW,0.0,desarrollo,4,1,1,3,4
HH012824,HNW,0.0,holdout,,,,,
HH012825,HNW,0.0,holdout,,,,,
HH012826,HNW,0.0,desarrollo,4,3,1,4,2
HH012827,HNW,0.0,desarrollo,3,2,3,1,1
HH012828,HNW,0.0,desarrollo,0,2,3,2,4
HH012829,HNW,0.0,desarrollo,1,0,4,1,4
HH012830,UHNW,0.0,desarrollo,1,4,4,2,0
HH012831,HNW,0.0,holdout,,,,,
HH012832,UHNW,0.0,desarrollo,3,3,2,0,2
HH012833,HNW,0.0,desarrollo,1,3,4,3,3
HH012834,HNW,0.0,desarrollo,1,3,0,2,4
HH012835,HNW,1.0,desarrollo,1,2,2,3,3
HH012836,HNW,0.0,desarrollo,1,0,0,3,4
HH012837,HNW,0.0,desarrollo,1,3,2,2,1
HH012838,HNW,0.0,holdout,,,,,
HH012839,HNW,0.0,holdout,,,,,
HH012840,HNW,0.0,desarrollo,3,4,2,3,3
HH012841,HNW,0.0,desarrollo,3,4,1,2,3
HH012842,HNW,1.0,holdout,,,,,
HH012843,HNW,0.0,desarrollo,2,1,1,3,3
HH012844,HNW,0.0,desarrollo,3,0,0,2,3
HH012845,HNW,0.0,desarrollo,3,1,2,4,4
HH012846,HNW,0.0,desarrollo,1,0,4,1,1
HH012847,HNW,0.0,desarrollo,4,1,2,3,1
HH012848,HNW,0.0,desarrollo,4,3,2,3,4
HH012849,HNW,0.0,desarrollo,2,0,4,0,3
HH012850,UHNW,1.0,desarrollo,0,1,2,4,2
HH012851,HNW,0.0,desarrollo,3,1,3,4,3
HH012852,HNW,0.0,desarrollo,2,4,1,0,2
HH012853,HNW,0.0,holdout,,,,,
HH012854,HNW,0.0,holdout,,,,,
HH012855,HNW,0.0,desarrollo,2,2,2,3,0
HH012856,HNW,0.0,holdout,,,,,
HH012857,HNW,0.0,desarrollo,4,0,1,2,0
HH012858,HNW,0.0,desarrollo,0,1,0,0,3
HH012859,HNW,0.0,desarrollo,4,4,4,2,0
HH012860,HNW,0.0,desarrollo,3,4,2,1,1
HH012861,HNW,0.0,desarrollo,4,0,2,4,3
HH012862,UHNW,0.0,holdout,,,,,
HH012863,HNW,0.0,holdout,,,,,
HH012864,HNW,0.0,holdout,,,,,
HH012865,HNW,0.0,desarrollo,2,1,0,4,2
HH012866,HNW,0.0,desarrollo,1,4,3,3,4
HH012867,HNW,0.0,desarrollo,3,1,2,2,2
HH012868,HNW,0.0,desarrollo,0,1,2,0,2
HH012869,HNW,1.0,desarrollo,4,2,1,0,0
HH012870,HNW,0.0,desarrollo,0,3,4,1,3
HH012871,HNW,0.0,desarrollo,1,2,3,1,2
HH012872,HNW,0.0,desarrollo,4,0,4,2,1
HH012873,HNW,0.0,holdout,,,,,
HH012874,HNW,0.0,holdout,,,,,
HH012875,HNW,0.0,holdout,,,,,
HH012876,HNW,0.0,holdout,,,,,
HH012877,HNW,0.0,desarrollo,0,1,0,3,0
HH012878,HNW,0.0,holdout,,,,,
HH012879,HNW,0.0,desarrollo,3,2,0,1,3
HH012880,HNW,0.0,desarrollo,3,4,3,0,1
HH012881,HNW,0.0,holdout,,,,,
HH012882,HNW,0.0,desarrollo,3,3,4,2,4
HH012883,HNW,0.0,holdout,,,,,
HH012884,HNW,0.0,desarrollo,3,0,1,4,2
HH012885,HNW,0.0,desarrollo,2,1,2,3,1
HH012886,HNW,0.0,holdout,,,,,
HH012887,HNW,1.0,desarrollo,4,2,3,0,2
HH012888,HNW,1.0,holdout,,,,,
HH012889,HNW,0.0,holdout,,,,,
HH012890,HNW,0.0,desarrollo,2,3,3,2,4
HH012891,HNW,0.0,desarrollo,3,2,4,3,1
HH012892,HNW,0.0,holdout,,,,,
HH012893,HNW,0.0,desarrollo,1,0,2,3,1
HH012894,HNW,0.0,desarrollo,4,2,1,2,3
HH012895,HNW,0.0,desarrollo,2,2,4,3,0
HH012896,HNW,0.0,desarrollo,1,4,1,0,3
HH012897,HNW,0.0,desarrollo,1,2,2,2,4
HH012898,HNW,0.0,desarrollo,2,1,4,1,0
HH012899,UHNW,0.0,holdout,,,,,
HH012900,HNW,0.0,desarrollo,3,0,1,0,0
HH012901,UHNW,0.0,desarrollo,4,2,1,1,4
HH012902,HNW,0.0,desarrollo,4,1,1,0,4
HH012903,UHNW,1.0,desarrollo,3,4,0,2,1
HH012904,HNW,0.0,desarrollo,3,0,1,2,0
HH012905,HNW,0.0,holdout,,,,,
HH012906,HNW,0.0,desarrollo,1,0,2,4,2
HH012907,HNW,0.0,desarrollo,3,0,2,2,0
HH012908,HNW,0.0,holdout,,,,,
HH012909,HNW,1.0,desarrollo,0,1,1,1,1
HH012910,HNW,0.0,holdout,,,,,
HH012911,HNW,0.0,desarrollo,4,0,4,0,3
HH012912,HNW,0.0,holdout,,,,,
HH012913,HNW,0.0,holdout,,,,,
HH012914,HNW,0.0,desarrollo,4,1,2,3,2
HH012915,HNW,0.0,desarrollo,3,4,1,3,3
HH012916,HNW,0.0,desarrollo,2,2,2,2,2
HH012917,HNW,0.0,desarrollo,1,3,1,3,1
HH012918,HNW,0.0,desarrollo,2,1,2,4,0
HH012919,HNW,0.0,desarrollo,1,0,4,4,0
HH012920,UHNW,0.0,desarrollo,3,0,0,2,3
HH012921,HNW,0.0,holdout,,,,,
HH012922,HNW,0.0,desarrollo,2,0,4,2,2
HH012923,HNW,0.0,desarrollo,0,4,0,4,2
HH012924,HNW,0.0,holdout,,,,,
HH012925,HNW,0.0,holdout,,,,,
HH012926,HNW,0.0,holdout,,,,,
HH012927,HNW,0.0,desarrollo,1,4,2,3,1
HH012928,HNW,0.0,desarrollo,3,3,0,1,4
HH012929,HNW,0.0,desarrollo,3,2,0,4,1
HH012930,HNW,0.0,desarrollo,2,0,3,2,1
HH012931,HNW,0.0,holdout,,,,,
HH012932,HNW,0.0,desarrollo,2,4,2,3,3
HH012933,HNW,0.0,desarrollo,2,2,0,1,4
HH012934,HNW,0.0,desarrollo,0,4,4,4,4
HH012935,HNW,0.0,holdout,,,,,
HH012936,HNW,0.0,desarrollo,2,3,2,4,0
HH012937,HNW,0.0,desarrollo,1,4,1,4,3
HH012938,HNW,0.0,desarrollo,0,0,1,0,2
HH012939,HNW,0.0,holdout,,,,,
HH012940,HNW,0.0,desarrollo,4,4,2,3,4
HH012941,HNW,0.0,holdout,,,,,
HH012942,HNW,0.0,holdout,,,,,
HH012943,HNW,0.0,desarrollo,2,3,1,0,1
HH012944,HNW,0.0,desarrollo,4,0,4,0,2
HH012945,HNW,0.0,holdout,,,,,
HH012946,HNW,0.0,desarrollo,2,2,3,1,0
HH012947,HNW,1.0,desarrollo,2,2,2,4,4
HH012948,HNW,0.0,holdout,,,,,
HH012949,HNW,0.0,desarrollo,3,4,0,1,0
HH012950,HNW,1.0,desarrollo,4,4,1,3,4
HH012951,HNW,0.0,desarrollo,3,4,1,2,4
HH012952,HNW,0.0,desarrollo,1,3,1,3,1
HH012953,HNW,0.0,holdout,,,,,
HH012954,HNW,0.0,desarrollo,1,4,0,3,2
HH012955,HNW,0.0,desarrollo,3,4,0,2,2
HH012956,HNW,0.0,desarrollo,1,4,0,4,0
HH012957,HNW,0.0,desarrollo,2,0,0,0,1
HH012958,HNW,0.0,holdout,,,,,
HH012959,HNW,0.0,desarrollo,0,2,4,3,2
HH012960,HNW,0.0,desarrollo,0,0,3,1,1
HH012961,HNW,0.0,desarrollo,1,1,2,1,4
HH012962,UHNW,0.0,desarrollo,0,4,1,1,0
HH012963,HNW,0.0,desarrollo,3,0,1,2,2
HH012964,HNW,0.0,desarrollo,2,2,0,2,3
HH012965,HNW,0.0,holdout,,,,,
HH012966,HNW,0.0,desarrollo,1,0,0,4,4
HH012967,HNW,0.0,desarrollo,3,2,0,2,1
HH012968,HNW,0.0,desarrollo,4,1,0,1,2
HH012969,HNW,1.0,desarrollo,2,3,0,3,1
HH012970,HNW,0.0,desarrollo,2,1,0,0,0
HH012971,HNW,0.0,holdout,,,,,
HH012972,HNW,0.0,desarrollo,4,0,0,0,2
HH012973,HNW,1.0,desarrollo,1,1,0,1,0
HH012974,HNW,0.0,desarrollo,3,4,3,2,4
HH012975,HNW,0.0,holdout,,,,,
HH012976,HNW,0.0,desarrollo,3,1,0,3,0
HH012977,HNW,0.0,desarrollo,0,4,1,4,2
HH012978,HNW,0.0,holdout,,,,,
HH012979,HNW,0.0,desarrollo,3,4,4,4,0
HH012980,HNW,0.0,holdout,,,,,
HH012981,UHNW,0.0,holdout,,,,,
HH012982,UHNW,0.0,desarrollo,0,2,0,2,4
HH012983,UHNW,0.0,desarrollo,2,4,4,0,2
HH012984,UHNW,0.0,desarrollo,4,4,1,1,1
HH012985,HNW,0.0,desarrollo,2,0,4,1,4
HH012986,HNW,0.0,holdout,,,,,
HH012987,HNW,0.0,desarrollo,3,1,1,2,4
HH012988,HNW,0.0,holdout,,,,,
HH012989,HNW,0.0,desarrollo,4,2,1,3,1
HH012990,HNW,0.0,desarrollo,3,3,4,0,2
HH012991,HNW,0.0,desarrollo,0,1,0,0,3
HH012992,HNW,0.0,holdout,,,,,
HH012993,HNW,0.0,desarrollo,1,4,1,1,0
HH012994,HNW,0.0,holdout,,,,,
HH012995,HNW,0.0,holdout,,,,,
HH012996,HNW,0.0,desarrollo,0,0,2,3,3
HH012997,HNW,0.0,desarrollo,0,3,3,3,2
HH012998,HNW,0.0,desarrollo,1,4,0,4,3
HH012999,HNW,0.0,desarrollo,4,4,1,1,4
HH013000,HNW,0.0,desarrollo,0,4,4,3,1
HH013001,HNW,0.0,desarrollo,2,4,1,1,0
HH013002,HNW,0.0,holdout,,,,,
HH013003,HNW,0.0,holdout,,,,,
HH013004,HNW,,excluido,,,,,
HH013005,HNW,0.0,desarrollo,3,0,3,0,2
HH013006,HNW,1.0,holdout,,,,,
HH013007,HNW,0.0,desarrollo,4,3,0,3,3
HH013008,HNW,0.0,desarrollo,3,1,2,0,0
HH013009,HNW,0.0,holdout,,,,,
HH013010,HNW,0.0,desarrollo,1,3,0,4,3
HH013011,HNW,0.0,desarrollo,3,4,2,0,3
HH013012,HNW,0.0,desarrollo,4,0,2,4,1
HH013013,HNW,0.0,holdout,,,,,
HH013014,HNW,0.0,desarrollo,0,4,4,2,3
HH013015,HNW,0.0,desarrollo,1,1,0,3,0
HH013016,HNW,0.0,desarrollo,4,2,0,3,1
HH013017,HNW,0.0,desarrollo,1,2,0,0,1
HH013018,HNW,0.0,desarrollo,1,0,1,1,4
HH013019,HNW,0.0,desarrollo,2,3,0,1,4
HH013020,HNW,0.0,desarrollo,1,3,0,3,0
HH013021,HNW,0.0,holdout,,,,,
HH013022,HNW,0.0,desarrollo,2,2,1,0,4
HH013023,HNW,0.0,desarrollo,3,0,2,3,3
HH013024,HNW,0.0,desarrollo,4,2,4,1,2
HH013025,HNW,0.0,desarrollo,3,3,0,1,3
HH013026,HNW,1.0,desarrollo,3,2,0,0,0
HH013027,HNW,0.0,holdout,,,,,
HH013028,HNW,0.0,holdout,,,,,
HH013029,HNW,0.0,desarrollo,4,0,3,4,0
HH013030,HNW,0.0,desarrollo,1,1,3,1,0
HH013031,HNW,0.0,desarrollo,2,4,2,4,2
HH013032,HNW,0.0,desarrollo,4,3,3,1,0
HH013033,HNW,0.0,desarrollo,1,2,1,2,3
HH013034,UHNW,0.0,desarrollo,1,4,1,3,2
HH013035,HNW,0.0,desarrollo,3,1,3,4,1
HH013036,HNW,0.0,desarrollo,1,2,4,2,3
HH013037,HNW,0.0,desarrollo,3,4,0,0,0
HH013038,HNW,0.0,desarrollo,2,4,0,0,4
HH013039,HNW,,excluido,,,,,
HH013040,HNW,0.0,desarrollo,0,4,2,0,2
HH013041,HNW,0.0,desarrollo,2,4,4,1,3
HH013042,HNW,0.0,holdout,,,,,
HH013043,HNW,1.0,holdout,,,,,
HH013044,HNW,0.0,desarrollo,4,1,4,2,4
HH013045,HNW,0.0,holdout,,,,,
HH013046,HNW,1.0,desarrollo,2,4,4,3,3
HH013047,UHNW,0.0,desarrollo,2,3,1,0,0
HH013048,HNW,1.0,holdout,,,,,
HH013049,HNW,0.0,holdout,,,,,
HH013050,HNW,0.0,desarrollo,0,4,4,4,1
HH013051,HNW,0.0,desarrollo,0,0,2,0,0
HH013052,HNW,0.0,holdout,,,,,
HH013053,HNW,0.0,desarrollo,1,0,2,3,0
HH013054,HNW,0.0,holdout,,,,,
HH013055,HNW,0.0,desarrollo,2,2,1,4,0
HH013056,HNW,0.0,desarrollo,1,2,4,3,1
HH013057,HNW,0.0,holdout,,,,,
HH013058,HNW,0.0,desarrollo,2,0,4,2,3
HH013059,HNW,0.0,desarrollo,3,4,4,0,0
HH013060,HNW,0.0,desarrollo,2,2,0,1,0
HH013061,HNW,0.0,holdout,,,,,
HH013062,HNW,0.0,desarrollo,4,3,0,2,3
HH013063,UHNW,0.0,desarrollo,3,0,0,4,1
HH013064,HNW,0.0,desarrollo,0,2,3,1,1
HH013065,HNW,0.0,holdout,,,,,
HH013066,HNW,0.0,desarrollo,3,1,1,0,3
HH013067,HNW,0.0,desarrollo,3,3,2,0,4
HH013068,HNW,0.0,desarrollo,4,3,1,4,2
HH013069,HNW,0.0,desarrollo,1,4,0,4,2
HH013070,HNW,0.0,holdout,,,,,
HH013071,HNW,1.0,desarrollo,3,0,4,0,3
HH013072,UHNW,0.0,desarrollo,1,4,3,2,2
HH013073,HNW,0.0,desarrollo,1,2,1,4,3
HH013074,HNW,0.0,desarrollo,3,4,0,3,2
HH013075,HNW,0.0,desarrollo,1,2,4,4,3
HH013076,HNW,0.0,holdout,,,,,
HH013077,HNW,0.0,holdout,,,,,
HH013078,UHNW,0.0,holdout,,,,,
HH013079,HNW,0.0,desarrollo,3,1,3,2,3
HH013080,HNW,0.0,holdout,,,,,
HH013081,HNW,0.0,holdout,,,,,
HH013082,HNW,0.0,desarrollo,3,0,1,1,4
HH013083,HNW,0.0,holdout,,,,,
HH013084,UHNW,0.0,desarrollo,0,2,2,3,1
HH013085,HNW,0.0,desarrollo,3,1,2,4,1
HH013086,HNW,0.0,holdout,,,,,
HH013087,HNW,0.0,holdout,,,,,
HH013088,HNW,0.0,holdout,,,,,
HH013089,UHNW,0.0,desarrollo,4,2,4,0,0
HH013090,UHNW,1.0,desarrollo,3,3,1,4,3
HH013091,HNW,0.0,desarrollo,1,2,2,2,1
HH013092,HNW,0.0,desarrollo,3,0,3,2,0
HH013093,HNW,0.0,desarrollo,3,0,1,4,3
HH013094,HNW,0.0,desarrollo,0,1,3,0,1
HH013095,HNW,0.0,desarrollo,2,3,0,0,3
HH013096,HNW,0.0,desarrollo,4,4,1,3,1
HH013097,HNW,0.0,desarrollo,1,3,1,4,2
HH013098,HNW,0.0,desarrollo,3,3,4,3,1
HH013099,UHNW,0.0,holdout,,,,,
HH013100,HNW,0.0,desarrollo,0,2,1,1,3
HH013101,HNW,0.0,desarrollo,4,2,4,3,1
HH013102,HNW,0.0,desarrollo,4,4,0,3,1
HH013103,HNW,0.0,holdout,,,,,
HH013104,HNW,0.0,holdout,,,,,
HH013105,HNW,0.0,desarrollo,4,3,0,0,1
HH013106,HNW,0.0,holdout,,,,,
HH013107,HNW,0.0,desarrollo,2,3,1,4,0
HH013108,HNW,0.0,holdout,,,,,
HH013109,HNW,1.0,desarrollo,3,0,0,1,2
HH013110,HNW,0.0,desarrollo,4,2,3,1,2
HH013111,HNW,0.0,desarrollo,0,1,0,1,1
HH013112,HNW,0.0,desarrollo,1,2,0,4,4
HH013113,HNW,0.0,desarrollo,2,4,4,1,3
HH013114,HNW,0.0,desarrollo,0,0,1,0,3
HH013115,HNW,0.0,desarrollo,4,4,2,1,1
HH013116,HNW,0.0,holdout,,,,,
HH013117,HNW,0.0,holdout,,,,,
HH013118,HNW,0.0,desarrollo,2,0,2,0,0
HH013119,HNW,0.0,desarrollo,4,2,3,4,1
HH013120,HNW,0.0,holdout,,,,,
HH013121,HNW,0.0,holdout,,,,,
HH013122,HNW,0.0,holdout,,,,,
HH013123,HNW,1.0,desarrollo,0,0,3,3,0
HH013124,HNW,0.0,desarrollo,4,3,0,4,3
HH013125,HNW,0.0,desarrollo,1,4,2,3,2
HH013126,HNW,0.0,desarrollo,3,0,3,1,3
HH013127,HNW,0.0,holdout,,,,,
HH013128,HNW,0.0,desarrollo,0,2,4,1,4
HH013129,HNW,0.0,desarrollo,0,4,4,4,1
HH013130,HNW,0.0,desarrollo,2,1,0,0,1
HH013131,HNW,1.0,desarrollo,0,4,2,3,3
HH013132,HNW,0.0,desarrollo,1,2,4,4,3
HH013133,HNW,0.0,desarrollo,3,0,1,4,4
HH013134,HNW,0.0,desarrollo,2,0,3,3,3
HH013135,HNW,0.0,holdout,,,,,
HH013136,HNW,0.0,desarrollo,1,3,0,2,0
HH013137,HNW,0.0,holdout,,,,,
HH013138,HNW,0.0,desarrollo,1,3,3,0,4
HH013139,HNW,0.0,desarrollo,0,4,1,1,0
HH013140,HNW,0.0,desarrollo,3,0,4,0,0
HH013141,HNW,0.0,desarrollo,0,1,4,2,1
HH013142,UHNW,0.0,desarrollo,2,0,2,0,0
HH013143,HNW,0.0,holdout,,,,,
HH013144,HNW,0.0,desarrollo,0,3,4,2,1
HH013145,HNW,0.0,holdout,,,,,
HH013146,HNW,0.0,desarrollo,4,4,4,1,2
HH013147,HNW,0.0,holdout,,,,,
HH013148,HNW,0.0,holdout,,,,,
HH013149,HNW,0.0,desarrollo,3,2,0,2,0
HH013150,HNW,0.0,desarrollo,1,4,4,4,1
HH013151,HNW,0.0,desarrollo,2,1,4,3,3
HH013152,HNW,1.0,holdout,,,,,
HH013153,HNW,0.0,holdout,,,,,
HH013154,HNW,0.0,holdout,,,,,
HH013155,UHNW,0.0,desarrollo,4,4,2,1,1
HH013156,HNW,0.0,desarrollo,3,3,3,4,2
HH013157,HNW,0.0,desarrollo,4,0,4,4,1
HH013158,HNW,1.0,desarrollo,3,3,1,3,4
HH013159,HNW,0.0,desarrollo,1,1,4,0,2
HH013160,HNW,0.0,holdout,,,,,
HH013161,HNW,1.0,holdout,,,,,
HH013162,HNW,0.0,desarrollo,4,3,0,4,2
HH013163,HNW,0.0,desarrollo,3,3,2,3,0
HH013164,HNW,1.0,desarrollo,1,1,1,2,3
HH013165,HNW,0.0,desarrollo,3,0,1,1,2
HH013166,HNW,0.0,desarrollo,3,4,4,4,4
HH013167,HNW,0.0,desarrollo,1,1,3,3,1
HH013168,HNW,0.0,desarrollo,1,4,4,1,4
HH013169,HNW,0.0,desarrollo,2,0,4,4,1
HH013170,HNW,0.0,desarrollo,2,1,4,3,0
HH013171,HNW,0.0,desarrollo,3,0,4,2,4
HH013172,HNW,,excluido,,,,,
HH013173,HNW,0.0,holdout,,,,,
HH013174,HNW,0.0,desarrollo,3,4,4,1,3
HH013175,HNW,0.0,holdout,,,,,
HH013176,HNW,0.0,desarrollo,2,3,1,0,4
HH013177,UHNW,0.0,desarrollo,0,0,2,2,3
HH013178,HNW,0.0,holdout,,,,,
HH013179,HNW,0.0,desarrollo,1,0,0,0,3
HH013180,HNW,0.0,desarrollo,1,0,1,1,2
HH013181,HNW,0.0,desarrollo,1,3,2,0,1
HH013182,HNW,0.0,holdout,,,,,
HH013183,HNW,0.0,desarrollo,1,0,1,4,2
HH013184,HNW,0.0,desarrollo,1,0,0,3,4
HH013185,HNW,0.0,desarrollo,0,3,2,0,0
HH013186,HNW,0.0,holdout,,,,,
HH013187,HNW,0.0,desarrollo,3,1,2,0,1
HH013188,HNW,0.0,desarrollo,1,3,3,0,3
HH013189,HNW,0.0,desarrollo,0,4,0,4,0
HH013190,HNW,0.0,holdout,,,,,
HH013191,HNW,0.0,holdout,,,,,
HH013192,HNW,0.0,desarrollo,0,1,1,2,4
HH013193,HNW,0.0,desarrollo,2,2,2,3,1
HH013194,HNW,0.0,holdout,,,,,
HH013195,HNW,0.0,desarrollo,1,1,2,2,4
HH013196,HNW,0.0,desarrollo,1,1,2,2,1
HH013197,HNW,0.0,holdout,,,,,
HH013198,HNW,0.0,desarrollo,2,0,4,4,4
HH013199,HNW,0.0,desarrollo,3,1,3,3,2
HH013200,HNW,0.0,holdout,,,,,
HH013201,HNW,0.0,holdout,,,,,
HH013202,HNW,0.0,desarrollo,2,1,4,3,0
HH013203,HNW,0.0,holdout,,,,,
HH013204,HNW,0.0,holdout,,,,,
HH013205,HNW,1.0,holdout,,,,,
HH013206,HNW,0.0,desarrollo,3,4,2,4,1
HH013207,HNW,0.0,desarrollo,4,2,3,0,0
HH013208,HNW,0.0,desarrollo,4,3,0,3,0
HH013209,HNW,0.0,desarrollo,2,3,1,2,2
HH013210,HNW,0.0,desarrollo,0,0,0,1,4
HH013211,HNW,1.0,holdout,,,,,
HH013212,HNW,0.0,desarrollo,1,2,0,4,2
HH013213,HNW,0.0,desarrollo,0,0,2,3,0
HH013214,UHNW,0.0,desarrollo,0,0,3,2,0
HH013215,HNW,0.0,desarrollo,3,0,0,4,4
HH013216,HNW,0.0,holdout,,,,,
HH013217,HNW,0.0,holdout,,,,,
HH013218,HNW,0.0,holdout,,,,,
HH013219,UHNW,0.0,desarrollo,0,1,4,3,0
HH013220,HNW,0.0,desarrollo,1,3,2,4,2
HH013221,HNW,0.0,holdout,,,,,
HH013222,HNW,0.0,desarrollo,3,1,3,4,4
HH013223,HNW,0.0,desarrollo,4,1,3,2,3
HH013224,HNW,0.0,holdout,,,,,
HH013225,HNW,0.0,holdout,,,,,
HH013226,HNW,0.0,desarrollo,3,4,4,1,4
HH013227,HNW,0.0,holdout,,,,,
HH013228,HNW,0.0,desarrollo,3,0,0,4,0
HH013229,HNW,0.0,desarrollo,2,2,1,1,4
HH013230,HNW,0.0,desarrollo,4,0,4,0,0
HH013231,HNW,1.0,holdout,,,,,
HH013232,HNW,0.0,desarrollo,0,0,4,1,0
HH013233,HNW,0.0,holdout,,,,,
HH013234,HNW,1.0,desarrollo,2,3,1,4,4
HH013235,HNW,0.0,holdout,,,,,
HH013236,HNW,0.0,desarrollo,0,1,2,0,0
HH013237,HNW,0.0,holdout,,,,,
HH013238,HNW,0.0,holdout,,,,,
HH013239,HNW,0.0,desarrollo,3,0,1,3,3
HH013240,HNW,1.0,holdout,,,,,
HH013241,HNW,0.0,desarrollo,4,0,4,4,1
HH013242,HNW,0.0,holdout,,,,,
HH013243,HNW,0.0,desarrollo,1,3,2,4,4
HH013244,HNW,0.0,holdout,,,,,
HH013245,HNW,0.0,desarrollo,1,0,1,3,1
HH013246,HNW,,excluido,,,,,
HH013247,HNW,0.0,desarrollo,1,2,4,2,0
HH013248,HNW,1.0,desarrollo,2,1,2,1,4
HH013249,HNW,0.0,desarrollo,1,4,3,1,1
HH013250,UHNW,0.0,holdout,,,,,
HH013251,HNW,0.0,holdout,,,,,
HH013252,HNW,1.0,desarrollo,4,3,4,3,3
HH013253,HNW,,excluido,,,,,
HH013254,HNW,0.0,holdout,,,,,
HH013255,HNW,,excluido,,,,,
HH013256,HNW,0.0,desarrollo,1,3,2,0,4
HH013257,HNW,0.0,holdout,,,,,
HH013258,HNW,0.0,desarrollo,3,0,0,2,0
HH013259,HNW,0.0,desarrollo,3,1,1,2,4
HH013260,HNW,0.0,desarrollo,1,1,3,1,3
HH013261,HNW,0.0,desarrollo,3,2,3,3,1
HH013262,UHNW,0.0,desarrollo,2,3,4,0,1
HH013263,HNW,0.0,desarrollo,1,2,0,1,0
HH013264,HNW,0.0,holdout,,,,,
HH013265,HNW,0.0,holdout,,,,,
HH013266,HNW,0.0,holdout,,,,,
HH013267,HNW,0.0,desarrollo,0,4,2,2,1
HH013268,HNW,1.0,holdout,,,,,
HH013269,HNW,0.0,desarrollo,4,1,0,2,0
HH013270,HNW,0.0,holdout,,,,,
HH013271,HNW,0.0,desarrollo,4,1,4,2,0
HH013272,HNW,0.0,desarrollo,2,1,0,4,1
HH013273,HNW,0.0,desarrollo,2,4,4,1,3
HH013274,HNW,0.0,holdout,,,,,
HH013275,HNW,0.0,desarrollo,2,2,2,1,0
HH013276,HNW,0.0,desarrollo,0,3,1,4,4
HH013277,HNW,0.0,desarrollo,4,2,1,1,4
HH013278,HNW,0.0,desarrollo,0,1,3,1,2
HH013279,HNW,0.0,desarrollo,0,1,1,2,0
HH013280,HNW,0.0,desarrollo,1,0,4,4,4
HH013281,HNW,0.0,desarrollo,3,1,2,4,4
HH013282,HNW,0.0,desarrollo,2,0,2,4,2
HH013283,HNW,0.0,desarrollo,1,3,0,1,1
HH013284,UHNW,0.0,desarrollo,2,1,0,2,4
HH013285,HNW,0.0,desarrollo,2,0,1,4,3
HH013286,HNW,0.0,desarrollo,3,1,0,1,0
HH013287,HNW,0.0,desarrollo,3,0,4,4,2
HH013288,HNW,0.0,desarrollo,3,1,3,2,4
HH013289,HNW,0.0,desarrollo,0,0,1,1,0
HH013290,HNW,0.0,holdout,,,,,
HH013291,HNW,0.0,holdout,,,,,
HH013292,HNW,0.0,holdout,,,,,
HH013293,HNW,0.0,desarrollo,4,1,1,4,2
HH013294,HNW,0.0,desarrollo,2,2,3,3,3
HH013295,HNW,0.0,desarrollo,0,4,1,2,0
HH013296,HNW,0.0,desarrollo,4,1,1,3,4
HH013297,HNW,0.0,desarrollo,3,1,3,3,3
HH013298,HNW,0.0,holdout,,,,,
HH013299,HNW,0.0,desarrollo,4,1,2,4,3
HH013300,HNW,0.0,desarrollo,2,1,1,1,4
HH013301,HNW,1.0,holdout,,,,,
HH013302,HNW,0.0,holdout,,,,,
HH013303,HNW,0.0,holdout,,,,,
HH013304,HNW,1.0,holdout,,,,,
HH013305,HNW,0.0,desarrollo,4,0,1,2,3
HH013306,UHNW,0.0,desarrollo,4,1,3,3,2
HH013307,HNW,0.0,holdout,,,,,
HH013308,HNW,0.0,desarrollo,4,0,1,0,3
HH013309,HNW,0.0,desarrollo,1,1,0,4,1
HH013310,HNW,0.0,holdout,,,,,
HH013311,HNW,0.0,holdout,,,,,
HH013312,HNW,0.0,desarrollo,2,4,1,1,2
HH013313,HNW,0.0,holdout,,,,,
HH013314,HNW,0.0,holdout,,,,,
HH013315,HNW,0.0,desarrollo,2,2,1,4,2
HH013316,HNW,0.0,holdout,,,,,
HH013317,HNW,0.0,desarrollo,4,1,0,3,3
HH013318,HNW,0.0,desarrollo,1,4,3,0,0
HH013319,HNW,1.0,holdout,,,,,
HH013320,HNW,0.0,holdout,,,,,
HH013321,HNW,0.0,desarrollo,1,3,0,0,3
HH013322,HNW,0.0,desarrollo,4,3,1,1,0
HH013323,HNW,0.0,desarrollo,1,3,3,3,3
HH013324,HNW,0.0,holdout,,,,,
HH013325,HNW,0.0,holdout,,,,,
HH013326,HNW,0.0,desarrollo,4,4,2,0,2
HH013327,HNW,0.0,desarrollo,0,3,2,2,4
HH013328,HNW,0.0,desarrollo,4,4,3,3,4
HH013329,HNW,0.0,desarrollo,3,4,1,0,2
HH013330,HNW,0.0,desarrollo,4,3,2,3,3
HH013331,HNW,0.0,holdout,,,,,
HH013332,HNW,0.0,desarrollo,2,3,0,3,2
HH013333,HNW,0.0,desarrollo,3,4,2,3,0
HH013334,HNW,0.0,holdout,,,,,
HH013335,HNW,0.0,desarrollo,2,0,2,1,3
HH013336,HNW,0.0,holdout,,,,,
HH013337,HNW,0.0,holdout,,,,,
HH013338,HNW,1.0,holdout,,,,,
HH013339,HNW,0.0,desarrollo,0,4,4,4,4
HH013340,HNW,0.0,desarrollo,1,0,1,2,3
HH013341,HNW,0.0,holdout,,,,,
HH013342,HNW,0.0,desarrollo,4,0,3,1,4
HH013343,HNW,0.0,desarrollo,1,1,2,4,4
HH013344,HNW,0.0,desarrollo,2,2,2,0,1
HH013345,HNW,1.0,desarrollo,1,0,4,0,1
HH013346,HNW,0.0,holdout,,,,,
HH013347,HNW,0.0,holdout,,,,,
HH013348,HNW,0.0,desarrollo,4,3,0,4,0
HH013349,HNW,0.0,desarrollo,2,2,0,4,2
HH013350,HNW,0.0,holdout,,,,,
HH013351,HNW,0.0,desarrollo,1,0,2,2,1
HH013352,UHNW,0.0,holdout,,,,,
HH013353,HNW,1.0,holdout,,,,,
HH013354,HNW,0.0,desarrollo,4,2,2,0,0
HH013355,HNW,0.0,holdout,,,,,
HH013356,HNW,0.0,holdout,,,,,
HH013357,HNW,0.0,holdout,,,,,
HH013358,HNW,0.0,desarrollo,2,2,2,4,2
HH013359,UHNW,0.0,desarrollo,1,2,2,2,1
HH013360,HNW,0.0,holdout,,,,,
HH013361,HNW,0.0,desarrollo,3,2,1,2,1
HH013362,HNW,1.0,desarrollo,0,2,2,3,2
HH013363,HNW,0.0,desarrollo,1,4,4,1,1
HH013364,HNW,0.0,holdout,,,,,
HH013365,HNW,0.0,desarrollo,3,3,1,4,1
HH013366,HNW,0.0,holdout,,,,,
HH013367,UHNW,0.0,desarrollo,4,4,3,1,4
HH013368,HNW,0.0,desarrollo,0,3,4,2,0
HH013369,HNW,0.0,holdout,,,,,
HH013370,HNW,0.0,desarrollo,2,1,1,4,1
HH013371,HNW,0.0,desarrollo,1,1,3,2,1
HH013372,HNW,0.0,desarrollo,0,0,3,3,2
HH013373,HNW,0.0,desarrollo,0,0,2,0,3
HH013374,HNW,0.0,holdout,,,,,
HH013375,HNW,0.0,holdout,,,,,
HH013376,HNW,0.0,desarrollo,3,0,1,4,3
HH013377,HNW,0.0,desarrollo,4,4,4,0,4
HH013378,HNW,0.0,holdout,,,,,
HH013379,HNW,0.0,holdout,,,,,
HH013380,HNW,0.0,desarrollo,2,3,4,2,2
HH013381,HNW,0.0,desarrollo,4,2,1,4,3
HH013382,HNW,0.0,desarrollo,2,1,1,0,4
HH013383,HNW,0.0,desarrollo,1,4,3,2,2
HH013384,HNW,0.0,desarrollo,1,4,3,2,2
HH013385,HNW,0.0,holdout,,,,,
HH013386,HNW,0.0,desarrollo,1,4,4,4,3
HH013387,HNW,0.0,desarrollo,2,3,3,4,3
HH013388,HNW,0.0,holdout,,,,,
HH013389,HNW,0.0,desarrollo,3,3,2,1,3
HH013390,HNW,0.0,holdout,,,,,
HH013391,HNW,0.0,holdout,,,,,
HH013392,HNW,0.0,desarrollo,0,1,3,3,1
HH013393,HNW,0.0,holdout,,,,,
HH013394,HNW,0.0,desarrollo,4,0,0,3,1
HH013395,HNW,0.0,desarrollo,3,3,1,2,2
HH013396,HNW,0.0,desarrollo,2,1,4,0,1
HH013397,HNW,0.0,desarrollo,3,0,3,2,1
HH013398,HNW,0.0,holdout,,,,,
HH013399,HNW,0.0,holdout,,,,,
HH013400,HNW,0.0,holdout,,,,,
HH013401,HNW,0.0,holdout,,,,,
HH013402,HNW,0.0,desarrollo,4,1,2,3,3
HH013403,HNW,0.0,desarrollo,3,0,1,4,3
HH013404,UHNW,0.0,holdout,,,,,
HH013405,HNW,0.0,desarrollo,2,2,2,3,3
HH013406,HNW,0.0,desarrollo,3,1,0,3,0
HH013407,HNW,0.0,holdout,,,,,
HH013408,HNW,0.0,desarrollo,3,3,2,0,2
HH013409,UHNW,0.0,desarrollo,1,0,0,2,1
HH013410,HNW,0.0,holdout,,,,,
HH013411,HNW,0.0,desarrollo,3,0,3,3,0
HH013412,HNW,0.0,holdout,,,,,
HH013413,HNW,0.0,desarrollo,1,1,3,1,1
HH013414,HNW,0.0,desarrollo,4,1,0,2,2
HH013415,UHNW,1.0,holdout,,,,,
HH013416,HNW,0.0,holdout,,,,,
HH013417,HNW,1.0,desarrollo,4,4,0,1,3
HH013418,HNW,0.0,desarrollo,1,1,0,4,3
HH013419,HNW,0.0,holdout,,,,,
HH013420,HNW,0.0,desarrollo,2,1,3,4,4
HH013421,HNW,0.0,desarrollo,3,0,3,3,2
HH013422,HNW,0.0,desarrollo,2,3,4,0,3
HH013423,HNW,0.0,holdout,,,,,
HH013424,HNW,0.0,desarrollo,1,4,3,0,3
HH013425,HNW,0.0,desarrollo,4,3,2,1,0
HH013426,HNW,0.0,desarrollo,0,0,2,4,2
HH013427,HNW,0.0,desarrollo,3,1,0,0,0
HH013428,HNW,0.0,desarrollo,0,4,2,4,0
HH013429,HNW,0.0,holdout,,,,,
HH013430,HNW,0.0,holdout,,,,,
HH013431,UHNW,0.0,desarrollo,4,1,3,4,1
HH013432,HNW,0.0,holdout,,,,,
HH013433,HNW,0.0,desarrollo,2,2,2,1,3
HH013434,HNW,0.0,holdout,,,,,
HH013435,HNW,0.0,desarrollo,4,1,4,4,4
HH013436,HNW,0.0,holdout,,,,,
HH013437,HNW,0.0,desarrollo,3,3,0,0,3
HH013438,HNW,0.0,desarrollo,4,3,0,4,2
HH013439,HNW,0.0,holdout,,,,,
HH013440,HNW,1.0,holdout,,,,,
HH013441,HNW,0.0,holdout,,,,,
HH013442,HNW,0.0,desarrollo,4,0,3,2,1
HH013443,HNW,0.0,holdout,,,,,
HH013444,HNW,0.0,desarrollo,2,1,0,4,2
HH013445,HNW,0.0,desarrollo,1,4,3,4,1
HH013446,HNW,0.0,desarrollo,1,4,1,2,4
HH013447,UHNW,0.0,desarrollo,1,2,2,2,1
HH013448,HNW,0.0,desarrollo,3,2,0,0,4
HH013449,HNW,0.0,desarrollo,1,1,2,0,1
HH013450,HNW,0.0,desarrollo,0,2,4,4,3
HH013451,HNW,0.0,desarrollo,4,3,3,3,2
HH013452,UHNW,0.0,holdout,,,,,
HH013453,HNW,0.0,desarrollo,4,0,0,2,1
HH013454,HNW,0.0,desarrollo,2,3,4,4,2
HH013455,HNW,0.0,holdout,,,,,
HH013456,HNW,0.0,desarrollo,4,1,3,0,0
HH013457,HNW,0.0,desarrollo,0,2,0,1,4
HH013458,HNW,0.0,holdout,,,,,
HH013459,HNW,0.0,desarrollo,2,0,0,1,2
HH013460,HNW,0.0,holdout,,,,,
HH013461,HNW,0.0,holdout,,,,,
HH013462,HNW,0.0,desarrollo,1,2,4,1,3
HH013463,UHNW,,excluido,,,,,
HH013464,HNW,0.0,desarrollo,0,4,1,3,3
HH013465,HNW,0.0,holdout,,,,,
HH013466,HNW,0.0,desarrollo,1,3,3,1,0
HH013467,UHNW,0.0,holdout,,,,,
HH013468,HNW,0.0,holdout,,,,,
HH013469,HNW,0.0,desarrollo,2,2,4,4,1
HH013470,UHNW,0.0,desarrollo,2,2,2,2,4
HH013471,HNW,0.0,desarrollo,3,0,0,1,2
HH013472,HNW,0.0,holdout,,,,,
HH013473,HNW,0.0,desarrollo,2,4,1,2,3
HH013474,HNW,0.0,desarrollo,0,1,0,1,3
HH013475,HNW,1.0,holdout,,,,,
HH013476,HNW,0.0,desarrollo,4,1,3,0,0
HH013477,HNW,0.0,desarrollo,4,1,2,2,4
HH013478,HNW,0.0,desarrollo,4,1,0,4,2
HH013479,HNW,0.0,desarrollo,1,0,2,2,3
HH013480,HNW,0.0,desarrollo,0,4,3,2,4
HH013481,HNW,0.0,holdout,,,,,
HH013482,HNW,0.0,desarrollo,0,2,1,1,1
HH013483,HNW,0.0,desarrollo,2,4,1,0,1
HH013484,HNW,0.0,holdout,,,,,
HH013485,HNW,0.0,desarrollo,2,2,4,2,0
HH013486,HNW,0.0,desarrollo,1,2,4,4,2
HH013487,HNW,0.0,holdout,,,,,
HH013488,HNW,0.0,desarrollo,0,2,1,3,4
HH013489,HNW,0.0,desarrollo,2,2,4,0,3
HH013490,UHNW,0.0,desarrollo,4,4,0,3,0
HH013491,HNW,0.0,desarrollo,3,1,0,0,2
HH013492,HNW,0.0,desarrollo,2,1,3,4,4
HH013493,HNW,0.0,holdout,,,,,
HH013494,UHNW,0.0,desarrollo,2,4,1,1,0
HH013495,HNW,0.0,desarrollo,1,1,4,0,2
HH013496,HNW,0.0,holdout,,,,,
HH013497,HNW,0.0,desarrollo,4,0,4,4,1
HH013498,UHNW,0.0,desarrollo,0,4,0,1,2
HH013499,HNW,0.0,desarrollo,1,4,3,3,0
HH013500,HNW,0.0,holdout,,,,,
HH013501,HNW,0.0,holdout,,,,,
HH013502,HNW,0.0,desarrollo,4,2,1,4,1
HH013503,HNW,0.0,holdout,,,,,
HH013504,HNW,0.0,desarrollo,0,1,1,2,3
HH013505,HNW,0.0,desarrollo,0,1,4,0,2
HH013506,HNW,0.0,holdout,,,,,
HH013507,HNW,0.0,desarrollo,0,2,0,4,0
HH013508,HNW,0.0,holdout,,,,,
HH013509,HNW,1.0,desarrollo,3,3,3,1,4
HH013510,HNW,1.0,desarrollo,3,0,3,0,4
HH013511,HNW,0.0,desarrollo,2,4,3,4,4
HH013512,HNW,0.0,desarrollo,0,4,4,1,1
HH013513,HNW,0.0,desarrollo,1,0,4,2,0
HH013514,HNW,0.0,desarrollo,0,1,0,2,3
HH013515,HNW,0.0,desarrollo,0,1,0,0,1
HH013516,HNW,0.0,desarrollo,3,0,2,1,3
HH013517,HNW,0.0,desarrollo,4,2,3,0,1
HH013518,HNW,0.0,desarrollo,0,0,4,4,0
HH013519,HNW,0.0,holdout,,,,,
HH013520,HNW,0.0,holdout,,,,,
HH013521,UHNW,0.0,desarrollo,0,2,0,2,1
HH013522,HNW,0.0,desarrollo,2,3,1,4,1
HH013523,HNW,0.0,desarrollo,0,2,1,0,2
HH013524,HNW,0.0,desarrollo,3,4,3,3,2
HH013525,HNW,0.0,holdout,,,,,
HH013526,HNW,0.0,holdout,,,,,
HH013527,UHNW,0.0,desarrollo,0,3,4,4,3
HH013528,HNW,0.0,desarrollo,3,0,0,3,3
HH013529,UHNW,1.0,desarrollo,4,3,3,2,0
HH013530,HNW,0.0,desarrollo,1,0,1,2,0
HH013531,HNW,0.0,desarrollo,2,3,3,4,2
HH013532,HNW,1.0,desarrollo,2,2,4,4,0
HH013533,HNW,0.0,holdout,,,,,
HH013534,HNW,0.0,holdout,,,,,
HH013535,HNW,0.0,holdout,,,,,
HH013536,HNW,0.0,holdout,,,,,
HH013537,HNW,0.0,desarrollo,1,0,1,4,0
HH013538,HNW,0.0,desarrollo,3,1,4,3,4
HH013539,HNW,0.0,holdout,,,,,
HH013540,HNW,0.0,desarrollo,2,1,0,2,1
HH013541,HNW,0.0,holdout,,,,,
HH013542,HNW,0.0,desarrollo,3,1,4,3,2
HH013543,HNW,0.0,desarrollo,3,2,4,0,3
HH013544,HNW,0.0,desarrollo,2,3,4,1,1
HH013545,HNW,0.0,desarrollo,3,3,1,4,1
HH013546,HNW,0.0,holdout,,,,,
HH013547,HNW,0.0,holdout,,,,,
HH013548,HNW,0.0,desarrollo,3,3,3,3,1
HH013549,HNW,0.0,holdout,,,,,
HH013550,HNW,0.0,desarrollo,0,0,0,2,2
HH013551,HNW,1.0,desarrollo,4,3,1,3,1
HH013552,HNW,0.0,desarrollo,4,4,3,0,1
HH013553,HNW,0.0,desarrollo,3,3,1,2,0
HH013554,HNW,0.0,desarrollo,3,0,0,3,0
HH013555,HNW,0.0,holdout,,,,,
HH013556,HNW,0.0,holdout,,,,,
HH013557,HNW,0.0,desarrollo,3,4,1,1,2
HH013558,HNW,0.0,desarrollo,0,2,3,3,3
HH013559,HNW,0.0,desarrollo,0,2,4,1,1
HH013560,UHNW,0.0,desarrollo,2,4,2,1,1
HH013561,HNW,0.0,desarrollo,2,1,0,1,0
HH013562,HNW,0.0,desarrollo,3,4,2,4,0
HH013563,HNW,0.0,desarrollo,1,1,1,1,4
HH013564,HNW,0.0,desarrollo,4,2,0,1,4
HH013565,HNW,0.0,desarrollo,1,3,4,0,0
HH013566,HNW,0.0,desarrollo,0,2,4,3,4
HH013567,HNW,0.0,desarrollo,1,0,1,2,2
HH013568,HNW,0.0,holdout,,,,,
HH013569,HNW,0.0,desarrollo,1,3,4,2,2
HH013570,HNW,0.0,desarrollo,1,4,0,2,0
HH013571,UHNW,0.0,holdout,,,,,
HH013572,HNW,0.0,desarrollo,2,4,0,2,2
HH013573,HNW,0.0,holdout,,,,,
HH013574,HNW,1.0,holdout,,,,,
HH013575,HNW,0.0,desarrollo,4,1,3,0,1
HH013576,UHNW,0.0,desarrollo,4,3,3,0,3
HH013577,HNW,0.0,desarrollo,3,4,0,0,2
HH013578,HNW,0.0,desarrollo,3,0,3,0,2
HH013579,HNW,0.0,holdout,,,,,
HH013580,HNW,1.0,desarrollo,1,3,4,2,4
HH013581,HNW,0.0,desarrollo,4,4,3,3,1
HH013582,HNW,0.0,desarrollo,2,2,2,1,4
HH013583,UHNW,0.0,holdout,,,,,
HH013584,HNW,0.0,holdout,,,,,
HH013585,HNW,0.0,desarrollo,0,4,4,2,4
HH013586,HNW,0.0,desarrollo,0,2,3,2,4
HH013587,HNW,0.0,desarrollo,0,2,4,3,2
HH013588,HNW,0.0,holdout,,,,,
HH013589,HNW,0.0,desarrollo,0,2,1,1,4
HH013590,HNW,1.0,desarrollo,2,2,0,0,2
HH013591,HNW,0.0,desarrollo,0,1,3,2,3
HH013592,HNW,0.0,holdout,,,,,
HH013593,HNW,0.0,holdout,,,,,
HH013594,HNW,0.0,holdout,,,,,
HH013595,HNW,0.0,desarrollo,0,4,4,0,2
HH013596,HNW,0.0,holdout,,,,,
HH013597,HNW,0.0,desarrollo,3,3,1,0,2
HH013598,HNW,0.0,desarrollo,2,0,1,2,4
HH013599,HNW,0.0,desarrollo,1,1,4,4,3
HH013600,HNW,0.0,desarrollo,0,0,3,1,0
HH013601,HNW,0.0,desarrollo,0,2,4,1,4
HH013602,HNW,0.0,desarrollo,0,0,1,2,0
HH013603,HNW,0.0,desarrollo,0,0,0,3,0
HH013604,HNW,0.0,desarrollo,3,4,3,1,4
HH013605,HNW,0.0,desarrollo,4,2,4,0,0
HH013606,HNW,0.0,holdout,,,,,
HH013607,HNW,0.0,holdout,,,,,
HH013608,HNW,1.0,holdout,,,,,
HH013609,HNW,0.0,holdout,,,,,
HH013610,HNW,0.0,desarrollo,0,2,0,1,3
HH013611,HNW,0.0,holdout,,,,,
HH013612,HNW,0.0,desarrollo,1,2,1,3,1
HH013613,HNW,0.0,desarrollo,2,1,4,2,1
HH013614,HNW,0.0,holdout,,,,,
HH013615,HNW,0.0,holdout,,,,,
HH013616,HNW,0.0,desarrollo,3,3,3,1,0
HH013617,HNW,0.0,desarrollo,3,2,3,0,3
HH013618,HNW,0.0,desarrollo,2,3,1,4,2
HH013619,HNW,0.0,desarrollo,0,4,2,0,0
HH013620,UHNW,0.0,holdout,,,,,
HH013621,HNW,0.0,desarrollo,4,0,4,0,1
HH013622,HNW,0.0,holdout,,,,,
HH013623,HNW,0.0,desarrollo,2,1,0,2,3
HH013624,UHNW,0.0,desarrollo,0,0,1,4,1
HH013625,HNW,0.0,desarrollo,4,2,3,2,2
HH013626,HNW,0.0,desarrollo,2,4,2,2,1
HH013627,HNW,0.0,holdout,,,,,
HH013628,HNW,0.0,desarrollo,2,4,2,4,0
HH013629,HNW,1.0,desarrollo,1,2,4,0,4
HH013630,HNW,0.0,desarrollo,2,1,2,1,0
HH013631,HNW,0.0,desarrollo,0,4,4,3,3
HH013632,HNW,0.0,desarrollo,3,0,3,4,3
HH013633,HNW,0.0,desarrollo,1,2,4,0,3
HH013634,HNW,0.0,desarrollo,0,0,4,3,3
HH013635,HNW,0.0,desarrollo,1,4,0,3,1
HH013636,HNW,0.0,holdout,,,,,
HH013637,HNW,0.0,holdout,,,,,
HH013638,HNW,0.0,desarrollo,0,3,1,1,2
HH013639,HNW,1.0,holdout,,,,,
HH013640,HNW,0.0,desarrollo,1,4,2,2,3
HH013641,HNW,0.0,holdout,,,,,
HH013642,HNW,0.0,desarrollo,3,0,2,4,3
HH013643,HNW,0.0,holdout,,,,,
HH013644,HNW,1.0,desarrollo,2,2,4,1,3
HH013645,HNW,0.0,holdout,,,,,
HH013646,HNW,0.0,desarrollo,4,0,2,3,2
HH013647,HNW,0.0,holdout,,,,,
HH013648,HNW,0.0,desarrollo,3,0,2,2,2
HH013649,HNW,0.0,holdout,,,,,
HH013650,HNW,0.0,desarrollo,4,2,3,0,1
HH013651,HNW,0.0,holdout,,,,,
HH013652,HNW,0.0,desarrollo,4,0,2,1,2
HH013653,HNW,0.0,desarrollo,0,0,2,4,3
HH013654,HNW,0.0,desarrollo,4,1,3,3,0
HH013655,HNW,0.0,desarrollo,0,0,3,4,3
HH013656,HNW,0.0,holdout,,,,,
HH013657,HNW,0.0,desarrollo,4,3,3,3,4
HH013658,HNW,1.0,desarrollo,2,2,3,4,2
HH013659,HNW,0.0,desarrollo,0,0,4,2,0
HH013660,HNW,1.0,holdout,,,,,
HH013661,HNW,0.0,holdout,,,,,
HH013662,HNW,0.0,desarrollo,0,3,2,1,1
HH013663,HNW,0.0,desarrollo,0,0,4,4,2
HH013664,HNW,0.0,holdout,,,,,
HH013665,HNW,0.0,desarrollo,1,2,1,0,3
HH013666,HNW,0.0,holdout,,,,,
HH013667,UHNW,0.0,desarrollo,1,1,2,4,4
HH013668,HNW,0.0,desarrollo,2,1,4,1,4
HH013669,HNW,0.0,holdout,,,,,
HH013670,HNW,0.0,desarrollo,3,3,4,1,0
HH013671,UHNW,0.0,desarrollo,3,0,4,0,3
HH013672,HNW,0.0,holdout,,,,,
HH013673,HNW,0.0,holdout,,,,,
HH013674,HNW,1.0,desarrollo,3,3,2,1,2
HH013675,HNW,0.0,desarrollo,4,3,4,2,1
HH013676,HNW,0.0,desarrollo,2,4,4,1,4
HH013677,HNW,0.0,desarrollo,0,0,3,0,0
HH013678,UHNW,0.0,holdout,,,,,
HH013679,HNW,0.0,desarrollo,3,4,4,4,0
HH013680,HNW,0.0,holdout,,,,,
HH013681,HNW,0.0,desarrollo,0,0,2,4,2
HH013682,HNW,0.0,desarrollo,0,0,4,4,2
HH013683,HNW,0.0,desarrollo,2,0,0,0,1
HH013684,HNW,0.0,desarrollo,2,4,1,4,1
HH013685,UHNW,0.0,holdout,,,,,
HH013686,HNW,0.0,holdout,,,,,
HH013687,HNW,0.0,desarrollo,0,3,3,0,0
HH013688,HNW,0.0,desarrollo,1,1,2,1,4
HH013689,HNW,0.0,desarrollo,2,3,3,1,3
HH013690,HNW,0.0,desarrollo,1,0,1,3,1
HH013691,HNW,0.0,desarrollo,3,1,2,2,2
HH013692,HNW,0.0,desarrollo,0,0,4,2,3
HH013693,HNW,0.0,holdout,,,,,
HH013694,HNW,0.0,holdout,,,,,
HH013695,HNW,0.0,holdout,,,,,
HH013696,HNW,0.0,desarrollo,0,0,0,4,2
HH013697,HNW,0.0,holdout,,,,,
HH013698,HNW,0.0,desarrollo,1,3,1,0,3
HH013699,HNW,1.0,desarrollo,3,3,1,3,1
HH013700,HNW,0.0,desarrollo,3,3,1,2,3
HH013701,HNW,0.0,desarrollo,2,1,0,1,1
HH013702,HNW,0.0,desarrollo,1,3,0,0,4
HH013703,HNW,0.0,holdout,,,,,
HH013704,HNW,0.0,desarrollo,3,2,1,0,4
HH013705,HNW,0.0,holdout,,,,,
HH013706,HNW,0.0,holdout,,,,,
HH013707,HNW,0.0,desarrollo,0,4,0,2,0
HH013708,HNW,0.0,desarrollo,3,1,3,2,3
HH013709,HNW,0.0,desarrollo,4,0,1,4,4
HH013710,HNW,0.0,desarrollo,1,4,1,3,0
HH013711,HNW,0.0,desarrollo,4,3,2,3,2
HH013712,HNW,1.0,holdout,,,,,
HH013713,HNW,0.0,desarrollo,1,1,2,0,4
HH013714,HNW,0.0,desarrollo,4,2,2,0,4
HH013715,UHNW,0.0,holdout,,,,,
HH013716,HNW,1.0,desarrollo,2,1,1,0,3
HH013717,HNW,0.0,desarrollo,4,4,3,0,2
HH013718,HNW,0.0,desarrollo,4,3,4,0,0
HH013719,HNW,0.0,holdout,,,,,
HH013720,HNW,0.0,desarrollo,1,2,2,2,2
HH013721,HNW,0.0,holdout,,,,,
HH013722,HNW,1.0,desarrollo,2,1,4,1,0
HH013723,HNW,0.0,holdout,,,,,
HH013724,HNW,0.0,desarrollo,0,4,2,2,2
HH013725,HNW,0.0,desarrollo,1,4,1,1,2
HH013726,HNW,0.0,holdout,,,,,
HH013727,HNW,0.0,desarrollo,2,4,4,1,0
HH013728,HNW,0.0,desarrollo,0,0,3,3,1
HH013729,HNW,0.0,desarrollo,4,3,0,0,0
HH013730,HNW,0.0,desarrollo,3,4,2,4,4
HH013731,HNW,0.0,holdout,,,,,
HH013732,HNW,0.0,desarrollo,2,3,0,3,0
HH013733,HNW,0.0,desarrollo,2,2,3,2,2
HH013734,HNW,0.0,desarrollo,2,3,1,0,1
HH013735,HNW,0.0,desarrollo,3,0,4,2,3
HH013736,HNW,0.0,desarrollo,4,0,0,4,2
HH013737,HNW,0.0,desarrollo,2,2,1,3,1
HH013738,HNW,0.0,holdout,,,,,
HH013739,HNW,0.0,desarrollo,4,1,4,0,0
HH013740,HNW,0.0,desarrollo,3,1,3,2,2
HH013741,HNW,0.0,holdout,,,,,
HH013742,HNW,0.0,desarrollo,0,4,0,1,2
HH013743,HNW,0.0,holdout,,,,,
HH013744,HNW,0.0,desarrollo,3,3,1,1,3
HH013745,HNW,0.0,desarrollo,0,2,0,0,2
HH013746,HNW,0.0,holdout,,,,,
HH013747,HNW,0.0,desarrollo,2,0,4,1,2
HH013748,HNW,0.0,desarrollo,4,1,3,2,1
HH013749,HNW,0.0,desarrollo,4,4,1,1,0
HH013750,HNW,0.0,desarrollo,4,3,1,1,0
HH013751,HNW,0.0,desarrollo,4,3,3,4,4
HH013752,HNW,1.0,desarrollo,0,2,1,0,3
HH013753,HNW,0.0,desarrollo,1,1,3,1,1
HH013754,HNW,,excluido,,,,,
HH013755,HNW,0.0,desarrollo,1,0,3,4,1
HH013756,HNW,0.0,desarrollo,2,1,1,4,2
HH013757,HNW,0.0,holdout,,,,,
HH013758,HNW,0.0,holdout,,,,,
HH013759,HNW,0.0,holdout,,,,,
HH013760,HNW,0.0,desarrollo,2,4,4,2,2
HH013761,HNW,0.0,desarrollo,4,2,3,1,1
HH013762,HNW,0.0,holdout,,,,,
HH013763,HNW,0.0,holdout,,,,,
HH013764,HNW,0.0,desarrollo,2,4,0,0,2
HH013765,HNW,0.0,desarrollo,1,0,3,4,1
HH013766,HNW,0.0,desarrollo,3,1,1,3,1
HH013767,HNW,0.0,desarrollo,4,0,0,0,3
HH013768,HNW,0.0,holdout,,,,,
HH013769,HNW,0.0,desarrollo,4,3,3,0,4
HH013770,HNW,0.0,holdout,,,,,
HH013771,HNW,0.0,holdout,,,,,
HH013772,HNW,0.0,desarrollo,2,4,0,2,0
HH013773,HNW,1.0,desarrollo,2,2,0,4,0
HH013774,HNW,0.0,desarrollo,0,1,2,1,2
HH013775,HNW,0.0,holdout,,,,,
HH013776,HNW,0.0,desarrollo,1,0,0,3,3
HH013777,HNW,0.0,desarrollo,2,4,3,4,4
HH013778,HNW,0.0,desarrollo,3,1,3,3,3
HH013779,HNW,0.0,desarrollo,3,3,1,0,3
HH013780,HNW,0.0,desarrollo,4,2,2,1,2
HH013781,HNW,0.0,holdout,,,,,
HH013782,HNW,0.0,holdout,,,,,
HH013783,HNW,0.0,desarrollo,2,4,2,0,3
HH013784,HNW,0.0,holdout,,,,,
HH013785,HNW,0.0,desarrollo,1,3,0,3,2
HH013786,HNW,0.0,desarrollo,0,0,2,0,4
HH013787,HNW,0.0,holdout,,,,,
HH013788,HNW,0.0,holdout,,,,,
HH013789,HNW,0.0,holdout,,,,,
HH013790,HNW,0.0,desarrollo,1,0,2,1,4
HH013791,HNW,0.0,desarrollo,1,2,2,4,4
HH013792,HNW,0.0,holdout,,,,,
HH013793,HNW,0.0,desarrollo,0,2,4,3,3
HH013794,HNW,0.0,holdout,,,,,
HH013795,HNW,0.0,desarrollo,4,1,4,1,0
HH013796,HNW,0.0,holdout,,,,,
HH013797,HNW,0.0,holdout,,,,,
HH013798,HNW,0.0,desarrollo,0,1,4,0,0
HH013799,HNW,0.0,holdout,,,,,
HH013800,HNW,0.0,desarrollo,2,0,4,2,1
HH013801,HNW,0.0,desarrollo,2,2,4,4,0
HH013802,HNW,0.0,holdout,,,,,
HH013803,HNW,0.0,desarrollo,2,3,2,1,3
HH013804,HNW,0.0,desarrollo,2,0,1,1,3
HH013805,HNW,0.0,desarrollo,1,4,0,1,2
HH013806,HNW,0.0,holdout,,,,,
HH013807,HNW,0.0,desarrollo,1,1,1,3,4
HH013808,HNW,0.0,desarrollo,0,3,0,2,1
HH013809,HNW,0.0,desarrollo,0,1,4,1,3
HH013810,HNW,0.0,desarrollo,1,0,2,1,4
HH013811,HNW,0.0,holdout,,,,,
HH013812,HNW,0.0,holdout,,,,,
HH013813,HNW,0.0,holdout,,,,,
HH013814,HNW,0.0,holdout,,,,,
HH013815,HNW,0.0,holdout,,,,,
HH013816,HNW,0.0,desarrollo,2,3,1,2,2
HH013817,HNW,0.0,desarrollo,0,3,0,1,3
HH013818,UHNW,0.0,holdout,,,,,
HH013819,HNW,0.0,desarrollo,3,1,1,3,1
HH013820,HNW,0.0,desarrollo,4,0,1,3,2
HH013821,HNW,0.0,holdout,,,,,
HH013822,UHNW,0.0,desarrollo,1,3,4,2,1
HH013823,HNW,0.0,holdout,,,,,
HH013824,HNW,0.0,holdout,,,,,
HH013825,HNW,0.0,desarrollo,1,2,4,4,1
HH013826,HNW,0.0,desarrollo,1,0,2,0,4
HH013827,HNW,0.0,desarrollo,1,3,4,1,0
HH013828,HNW,0.0,desarrollo,3,4,0,1,3
HH013829,HNW,0.0,desarrollo,1,2,3,4,0
HH013830,HNW,0.0,desarrollo,1,4,1,2,4
HH013831,HNW,0.0,holdout,,,,,
HH013832,HNW,0.0,desarrollo,1,2,0,2,3
HH013833,HNW,0.0,desarrollo,4,2,0,2,1
HH013834,HNW,0.0,holdout,,,,,
HH013835,HNW,0.0,holdout,,,,,
HH013836,HNW,0.0,desarrollo,4,3,1,1,1
HH013837,HNW,0.0,desarrollo,0,1,3,3,2
HH013838,HNW,1.0,desarrollo,4,0,4,2,3
HH013839,HNW,0.0,desarrollo,2,2,4,4,1
HH013840,HNW,0.0,desarrollo,1,2,1,1,2
HH013841,HNW,0.0,desarrollo,2,1,2,4,4
HH013842,HNW,0.0,desarrollo,4,0,4,1,0
HH013843,HNW,0.0,holdout,,,,,
HH013844,UHNW,0.0,desarrollo,4,0,3,3,3
HH013845,HNW,0.0,desarrollo,2,4,4,0,2
HH013846,HNW,0.0,desarrollo,1,0,4,1,2
HH013847,HNW,0.0,desarrollo,1,1,0,4,2
HH013848,HNW,0.0,desarrollo,3,0,4,1,3
HH013849,HNW,0.0,desarrollo,0,3,1,2,3
HH013850,UHNW,0.0,holdout,,,,,
HH013851,HNW,0.0,holdout,,,,,
HH013852,HNW,0.0,desarrollo,0,3,0,4,0
HH013853,HNW,0.0,holdout,,,,,
HH013854,HNW,0.0,desarrollo,0,0,0,0,0
HH013855,HNW,0.0,holdout,,,,,
HH013856,HNW,0.0,holdout,,,,,
HH013857,HNW,0.0,desarrollo,2,0,0,2,0
HH013858,HNW,0.0,desarrollo,0,2,3,1,2
HH013859,HNW,0.0,desarrollo,0,4,0,4,2
HH013860,HNW,0.0,holdout,,,,,
HH013861,HNW,0.0,desarrollo,4,1,0,1,3
HH013862,HNW,0.0,desarrollo,3,0,2,2,2
HH013863,HNW,0.0,desarrollo,0,2,3,3,4
HH013864,HNW,0.0,desarrollo,2,3,3,0,4
HH013865,HNW,0.0,desarrollo,2,0,1,1,1
HH013866,HNW,1.0,holdout,,,,,
HH013867,HNW,0.0,desarrollo,1,1,1,3,3
HH013868,HNW,1.0,holdout,,,,,
HH013869,HNW,0.0,desarrollo,1,2,2,2,1
HH013870,HNW,1.0,desarrollo,3,3,4,0,2
HH013871,HNW,0.0,holdout,,,,,
HH013872,HNW,0.0,desarrollo,2,4,3,2,2
HH013873,HNW,0.0,holdout,,,,,
HH013874,HNW,1.0,desarrollo,4,2,2,1,3
HH013875,HNW,0.0,desarrollo,4,4,1,3,0
HH013876,HNW,0.0,holdout,,,,,
HH013877,HNW,,excluido,,,,,
HH013878,HNW,0.0,holdout,,,,,
HH013879,HNW,0.0,desarrollo,1,1,4,1,0
HH013880,HNW,0.0,desarrollo,0,1,1,2,3
HH013881,HNW,0.0,holdout,,,,,
HH013882,HNW,0.0,holdout,,,,,
HH013883,HNW,,excluido,,,,,
HH013884,HNW,0.0,desarrollo,1,4,1,4,2
HH013885,HNW,0.0,holdout,,,,,
HH013886,HNW,0.0,desarrollo,1,1,1,2,4
HH013887,HNW,0.0,desarrollo,4,2,2,0,4
HH013888,HNW,0.0,desarrollo,0,4,4,0,2
HH013889,HNW,0.0,desarrollo,4,3,4,1,2
HH013890,HNW,0.0,holdout,,,,,
HH013891,HNW,0.0,desarrollo,4,0,4,4,0
HH013892,HNW,0.0,desarrollo,3,4,2,4,0
HH013893,HNW,0.0,desarrollo,2,0,3,3,2
HH013894,HNW,0.0,desarrollo,3,2,4,0,0
HH013895,HNW,0.0,desarrollo,0,3,2,0,3
HH013896,HNW,0.0,desarrollo,0,2,2,0,4
HH013897,HNW,0.0,desarrollo,1,0,2,1,3
HH013898,HNW,0.0,desarrollo,2,1,1,2,1
HH013899,HNW,0.0,desarrollo,1,3,3,0,3
HH013900,HNW,0.0,holdout,,,,,
HH013901,HNW,1.0,desarrollo,2,0,4,1,1
HH013902,HNW,1.0,desarrollo,0,1,4,0,3
HH013903,HNW,0.0,desarrollo,1,1,1,0,1
HH013904,HNW,0.0,desarrollo,0,1,1,1,3
HH013905,HNW,0.0,holdout,,,,,
HH013906,HNW,0.0,desarrollo,0,3,3,2,3
HH013907,HNW,0.0,desarrollo,0,4,0,3,0
HH013908,HNW,0.0,holdout,,,,,
HH013909,HNW,0.0,desarrollo,3,2,0,3,3
HH013910,HNW,0.0,desarrollo,1,1,2,2,2
HH013911,HNW,0.0,desarrollo,0,2,2,2,1
HH013912,HNW,0.0,holdout,,,,,
HH013913,UHNW,0.0,desarrollo,1,0,2,2,2
HH013914,HNW,0.0,desarrollo,0,0,0,3,4
HH013915,HNW,0.0,holdout,,,,,
HH013916,HNW,0.0,holdout,,,,,
HH013917,UHNW,0.0,desarrollo,4,3,0,3,1
HH013918,HNW,0.0,holdout,,,,,
HH013919,HNW,0.0,desarrollo,0,0,0,1,0
HH013920,HNW,0.0,desarrollo,1,0,1,2,1
HH013921,HNW,0.0,desarrollo,2,4,2,1,1
HH013922,HNW,0.0,desarrollo,3,4,4,0,3
HH013923,HNW,0.0,desarrollo,3,1,3,3,1
HH013924,HNW,0.0,desarrollo,0,0,3,4,0
HH013925,HNW,0.0,desarrollo,3,4,0,4,3
HH013926,HNW,0.0,holdout,,,,,
HH013927,HNW,0.0,holdout,,,,,
HH013928,HNW,0.0,desarrollo,1,1,0,3,0
HH013929,HNW,0.0,desarrollo,0,0,2,3,1
HH013930,HNW,0.0,desarrollo,0,1,1,2,0
HH013931,HNW,0.0,desarrollo,0,0,1,3,1
HH013932,UHNW,0.0,desarrollo,1,3,3,3,2
HH013933,HNW,0.0,desarrollo,4,0,1,3,3
HH013934,HNW,0.0,desarrollo,4,3,0,1,2
HH013935,UHNW,0.0,desarrollo,2,2,4,0,2
HH013936,HNW,0.0,desarrollo,2,3,4,3,2
HH013937,UHNW,0.0,holdout,,,,,
HH013938,HNW,0.0,holdout,,,,,
HH013939,HNW,0.0,desarrollo,0,1,2,4,3
HH013940,UHNW,0.0,desarrollo,4,3,3,0,0
HH013941,HNW,0.0,desarrollo,2,1,0,1,4
HH013942,HNW,0.0,desarrollo,4,4,1,3,2
HH013943,HNW,0.0,holdout,,,,,
HH013944,HNW,0.0,desarrollo,4,0,0,0,2
HH013945,HNW,0.0,holdout,,,,,
HH013946,HNW,0.0,desarrollo,2,4,2,4,4
HH013947,HNW,0.0,desarrollo,0,3,2,4,3
HH013948,HNW,0.0,desarrollo,3,2,3,0,4
HH013949,HNW,0.0,holdout,,,,,
HH013950,HNW,0.0,desarrollo,2,0,4,2,1
HH013951,HNW,0.0,holdout,,,,,
HH013952,HNW,0.0,desarrollo,3,1,4,3,4
HH013953,HNW,0.0,desarrollo,2,3,1,3,4
HH013954,UHNW,0.0,desarrollo,4,4,1,4,2
HH013955,HNW,0.0,desarrollo,0,0,2,2,3
HH013956,HNW,0.0,holdout,,,,,
HH013957,HNW,,excluido,,,,,
HH013958,HNW,1.0,desarrollo,4,1,0,0,3
HH013959,HNW,1.0,desarrollo,1,4,3,4,3
HH013960,HNW,0.0,holdout,,,,,
HH013961,HNW,0.0,desarrollo,3,1,3,4,1
HH013962,HNW,0.0,desarrollo,2,4,3,1,0
HH013963,HNW,0.0,desarrollo,4,1,0,0,0
HH013964,HNW,1.0,desarrollo,2,2,3,2,4
HH013965,HNW,0.0,holdout,,,,,
HH013966,HNW,0.0,holdout,,,,,
HH013967,HNW,0.0,holdout,,,,,
HH013968,HNW,0.0,holdout,,,,,
HH013969,HNW,0.0,desarrollo,1,3,1,0,2
HH013970,HNW,0.0,desarrollo,1,2,4,1,0
HH013971,HNW,0.0,desarrollo,1,4,3,4,3
HH013972,HNW,0.0,desarrollo,3,4,0,3,0
HH013973,HNW,0.0,desarrollo,3,2,2,4,2
HH013974,HNW,0.0,holdout,,,,,
HH013975,HNW,1.0,desarrollo,3,3,1,3,3
HH013976,HNW,0.0,holdout,,,,,
HH013977,HNW,0.0,holdout,,,,,
HH013978,HNW,0.0,desarrollo,0,4,0,1,1
HH013979,HNW,0.0,desarrollo,4,0,3,3,0
HH013980,HNW,0.0,desarrollo,3,4,1,1,4
HH013981,UHNW,0.0,desarrollo,4,3,0,1,2
HH013982,HNW,0.0,holdout,,,,,
HH013983,HNW,0.0,desarrollo,2,1,2,1,4
HH013984,HNW,1.0,desarrollo,1,3,3,2,4
HH013985,HNW,0.0,desarrollo,1,3,2,1,4
HH013986,HNW,0.0,holdout,,,,,
HH013987,HNW,0.0,desarrollo,4,2,4,2,0
HH013988,HNW,0.0,holdout,,,,,
HH013989,HNW,0.0,desarrollo,1,4,2,2,2
HH013990,HNW,0.0,desarrollo,1,2,0,3,0
HH013991,HNW,0.0,desarrollo,2,1,0,4,2
HH013992,HNW,0.0,desarrollo,0,3,4,2,0
HH013993,UHNW,0.0,desarrollo,2,2,1,0,4
HH013994,HNW,0.0,desarrollo,2,0,3,0,2
HH013995,HNW,1.0,holdout,,,,,
HH013996,HNW,0.0,desarrollo,1,1,3,2,0
HH013997,HNW,0.0,desarrollo,3,2,2,0,4
HH013998,HNW,0.0,holdout,,,,,
HH013999,HNW,0.0,holdout,,,,,
HH014000,HNW,1.0,desarrollo,0,4,1,1,4
HH014001,HNW,0.0,desarrollo,0,2,0,4,2
HH014002,HNW,0.0,holdout,,,,,
HH014003,HNW,0.0,desarrollo,4,0,3,2,4
HH014004,HNW,0.0,holdout,,,,,
HH014005,HNW,0.0,desarrollo,1,1,3,4,0
HH014006,HNW,0.0,desarrollo,4,2,2,3,1
HH014007,HNW,0.0,desarrollo,1,3,4,2,4
HH014008,HNW,0.0,holdout,,,,,
HH014009,HNW,1.0,desarrollo,4,3,1,1,1
HH014010,HNW,0.0,desarrollo,2,2,3,0,3
HH014011,HNW,0.0,desarrollo,4,4,0,2,3
HH014012,HNW,0.0,desarrollo,2,0,2,3,3
HH014013,UHNW,0.0,desarrollo,4,4,2,4,2
HH014014,HNW,0.0,desarrollo,3,0,1,3,2
HH014015,HNW,0.0,holdout,,,,,
HH014016,HNW,0.0,desarrollo,2,2,3,4,0
HH014017,HNW,0.0,desarrollo,1,3,0,3,4
HH014018,HNW,0.0,desarrollo,1,2,1,4,1
HH014019,HNW,0.0,holdout,,,,,
HH014020,UHNW,0.0,holdout,,,,,
HH014021,HNW,0.0,holdout,,,,,
HH014022,HNW,0.0,desarrollo,2,1,1,3,4
HH014023,HNW,0.0,desarrollo,4,2,2,2,2
HH014024,HNW,0.0,desarrollo,4,1,1,0,0
HH014025,HNW,0.0,desarrollo,1,3,4,0,0
HH014026,HNW,0.0,holdout,,,,,
HH014027,HNW,1.0,desarrollo,1,4,0,2,1
HH014028,HNW,0.0,holdout,,,,,
HH014029,HNW,0.0,desarrollo,4,3,0,2,4
HH014030,HNW,0.0,desarrollo,1,2,1,1,3
HH014031,HNW,0.0,holdout,,,,,
HH014032,HNW,0.0,desarrollo,3,4,3,1,2
HH014033,HNW,0.0,desarrollo,1,3,4,4,1
HH014034,HNW,0.0,desarrollo,4,3,3,2,1
HH014035,HNW,0.0,desarrollo,3,0,1,0,1
HH014036,HNW,0.0,desarrollo,4,1,3,3,1
HH014037,HNW,0.0,desarrollo,0,1,0,3,1
HH014038,HNW,0.0,desarrollo,2,0,0,4,0
HH014039,UHNW,0.0,holdout,,,,,
HH014040,HNW,0.0,holdout,,,,,
HH014041,HNW,0.0,desarrollo,2,3,0,2,1
HH014042,HNW,0.0,desarrollo,1,0,3,2,1
HH014043,HNW,0.0,holdout,,,,,
HH014044,HNW,0.0,desarrollo,4,0,1,2,3
HH014045,HNW,0.0,desarrollo,4,1,1,1,3
HH014046,HNW,0.0,desarrollo,0,4,3,3,2
HH014047,HNW,0.0,holdout,,,,,
HH014048,HNW,0.0,holdout,,,,,
HH014049,HNW,1.0,desarrollo,4,3,4,3,0
HH014050,HNW,0.0,desarrollo,1,1,2,3,1
HH014051,HNW,0.0,desarrollo,3,2,0,1,0
HH014052,HNW,0.0,desarrollo,3,4,2,4,2
HH014053,HNW,0.0,desarrollo,0,2,1,1,1
HH014054,HNW,0.0,desarrollo,1,4,1,3,3
HH014055,HNW,0.0,desarrollo,4,3,1,1,0
HH014056,HNW,0.0,holdout,,,,,
HH014057,HNW,1.0,desarrollo,0,0,2,1,0
HH014058,HNW,0.0,desarrollo,2,1,2,1,3
HH014059,HNW,0.0,desarrollo,1,2,4,3,1
HH014060,HNW,0.0,desarrollo,1,0,0,2,2
HH014061,HNW,0.0,desarrollo,0,3,0,3,0
HH014062,HNW,0.0,holdout,,,,,
HH014063,HNW,0.0,desarrollo,3,1,3,0,2
HH014064,HNW,0.0,holdout,,,,,
HH014065,HNW,0.0,desarrollo,4,1,0,0,2
HH014066,HNW,0.0,holdout,,,,,
HH014067,HNW,0.0,desarrollo,1,4,0,1,0
HH014068,HNW,0.0,desarrollo,3,1,0,0,0
HH014069,HNW,0.0,holdout,,,,,
HH014070,HNW,0.0,holdout,,,,,
HH014071,HNW,0.0,desarrollo,2,1,0,2,1
HH014072,HNW,0.0,desarrollo,3,2,3,0,3
HH014073,HNW,0.0,desarrollo,4,4,2,4,3
HH014074,HNW,0.0,desarrollo,0,3,1,2,4
HH014075,HNW,0.0,holdout,,,,,
HH014076,HNW,0.0,desarrollo,2,3,3,4,1
HH014077,HNW,0.0,desarrollo,3,1,2,1,0
HH014078,HNW,0.0,desarrollo,4,4,1,3,4
HH014079,HNW,0.0,desarrollo,3,2,3,0,0
HH014080,HNW,0.0,desarrollo,3,0,2,0,4
HH014081,HNW,0.0,holdout,,,,,
HH014082,HNW,0.0,desarrollo,3,1,4,3,3
HH014083,HNW,0.0,desarrollo,2,1,4,0,4
HH014084,HNW,0.0,desarrollo,4,3,1,4,0
HH014085,HNW,0.0,desarrollo,4,4,2,4,0
HH014086,HNW,0.0,desarrollo,1,2,0,1,4
HH014087,UHNW,0.0,holdout,,,,,
HH014088,HNW,0.0,holdout,,,,,
HH014089,HNW,0.0,desarrollo,3,3,0,2,2
HH014090,HNW,0.0,desarrollo,3,2,4,3,0
HH014091,HNW,0.0,desarrollo,0,0,0,4,1
HH014092,HNW,0.0,desarrollo,1,2,1,3,1
HH014093,HNW,0.0,desarrollo,0,1,4,1,0
HH014094,HNW,0.0,desarrollo,3,1,1,3,2
HH014095,HNW,0.0,desarrollo,0,3,0,3,1
HH014096,HNW,0.0,desarrollo,2,4,2,1,4
HH014097,HNW,0.0,desarrollo,3,0,4,2,0
HH014098,HNW,0.0,desarrollo,1,2,0,4,4
HH014099,HNW,0.0,desarrollo,1,4,1,4,1
HH014100,HNW,0.0,holdout,,,,,
HH014101,HNW,0.0,holdout,,,,,
HH014102,HNW,0.0,desarrollo,1,2,1,3,2
HH014103,HNW,0.0,desarrollo,4,1,0,2,4
HH014104,HNW,0.0,holdout,,,,,
HH014105,HNW,0.0,desarrollo,4,3,4,4,3
HH014106,HNW,0.0,desarrollo,3,0,4,2,1
HH014107,HNW,0.0,desarrollo,0,2,2,4,1
HH014108,HNW,1.0,desarrollo,3,0,0,4,1
HH014109,HNW,0.0,desarrollo,0,2,0,0,2
HH014110,HNW,1.0,desarrollo,0,2,4,2,4
HH014111,HNW,0.0,desarrollo,1,4,4,3,0
HH014112,HNW,0.0,holdout,,,,,
HH014113,HNW,0.0,desarrollo,4,0,4,1,3
HH014114,HNW,0.0,desarrollo,1,3,1,4,4
HH014115,HNW,1.0,desarrollo,3,3,0,1,4
HH014116,HNW,0.0,desarrollo,0,4,0,4,1
HH014117,HNW,0.0,desarrollo,2,2,0,1,2
HH014118,HNW,0.0,desarrollo,1,1,2,2,1
HH014119,HNW,0.0,holdout,,,,,
HH014120,HNW,0.0,desarrollo,3,4,3,2,0
HH014121,HNW,0.0,holdout,,,,,
HH014122,HNW,0.0,desarrollo,3,1,0,3,3
HH014123,UHNW,0.0,holdout,,,,,
HH014124,HNW,0.0,holdout,,,,,
HH014125,HNW,0.0,desarrollo,1,0,3,1,2
HH014126,HNW,1.0,holdout,,,,,
HH014127,HNW,0.0,holdout,,,,,
HH014128,HNW,0.0,desarrollo,0,3,0,1,1
HH014129,HNW,0.0,desarrollo,0,0,2,3,1
HH014130,HNW,0.0,holdout,,,,,
HH014131,HNW,0.0,holdout,,,,,
HH014132,HNW,0.0,holdout,,,,,
HH014133,HNW,1.0,desarrollo,4,1,1,1,2
HH014134,HNW,0.0,desarrollo,1,1,4,3,2
HH014135,HNW,0.0,holdout,,,,,
HH014136,HNW,0.0,desarrollo,3,1,4,1,1
HH014137,HNW,0.0,desarrollo,1,2,4,2,4
HH014138,HNW,0.0,desarrollo,2,1,3,1,1
HH014139,HNW,0.0,desarrollo,4,2,3,3,1
HH014140,HNW,0.0,desarrollo,0,2,4,1,2
HH014141,HNW,0.0,desarrollo,2,3,2,1,3
HH014142,HNW,0.0,desarrollo,0,4,0,0,2
HH014143,HNW,0.0,holdout,,,,,
HH014144,HNW,0.0,desarrollo,3,2,4,3,4
HH014145,HNW,0.0,desarrollo,1,4,3,0,0
HH014146,HNW,0.0,desarrollo,3,4,3,2,4
HH014147,HNW,0.0,desarrollo,1,2,3,3,0
HH014148,HNW,0.0,desarrollo,4,4,1,1,0
HH014149,HNW,1.0,desarrollo,2,2,2,3,3
HH014150,HNW,0.0,desarrollo,4,4,2,3,3
HH014151,HNW,0.0,desarrollo,1,2,4,4,2
HH014152,HNW,0.0,desarrollo,2,2,0,2,4
HH014153,HNW,0.0,desarrollo,0,3,4,3,2
HH014154,HNW,0.0,desarrollo,3,0,0,0,4
HH014155,HNW,0.0,desarrollo,4,2,2,4,2
HH014156,HNW,0.0,holdout,,,,,
HH014157,HNW,0.0,desarrollo,2,4,1,2,4
HH014158,HNW,0.0,desarrollo,1,2,0,1,0
HH014159,HNW,0.0,holdout,,,,,
HH014160,HNW,0.0,desarrollo,2,0,1,3,4
HH014161,HNW,0.0,holdout,,,,,
HH014162,HNW,0.0,desarrollo,3,4,0,4,3
HH014163,UHNW,0.0,holdout,,,,,
HH014164,HNW,0.0,holdout,,,,,
HH014165,HNW,0.0,desarrollo,2,0,1,3,0
HH014166,HNW,0.0,holdout,,,,,
HH014167,HNW,0.0,desarrollo,1,3,4,2,2
HH014168,HNW,0.0,holdout,,,,,
HH014169,HNW,0.0,desarrollo,3,2,0,3,1
HH014170,HNW,0.0,desarrollo,0,1,4,2,3
HH014171,UHNW,0.0,desarrollo,4,2,3,4,2
HH014172,HNW,0.0,desarrollo,1,4,0,3,0
HH014173,HNW,0.0,holdout,,,,,
HH014174,HNW,0.0,desarrollo,4,4,1,0,1
HH014175,HNW,0.0,desarrollo,2,1,2,4,4
HH014176,HNW,0.0,desarrollo,4,3,2,1,1
HH014177,HNW,0.0,desarrollo,2,4,0,4,1
HH014178,HNW,0.0,holdout,,,,,
HH014179,HNW,0.0,desarrollo,1,4,0,1,4
HH014180,HNW,0.0,holdout,,,,,
HH014181,HNW,0.0,desarrollo,4,2,0,2,1
HH014182,HNW,0.0,desarrollo,4,1,4,4,2
HH014183,HNW,0.0,desarrollo,1,0,4,0,2
HH014184,HNW,0.0,desarrollo,3,2,0,1,4
HH014185,HNW,0.0,desarrollo,4,3,3,3,4
HH014186,HNW,0.0,desarrollo,4,3,1,1,1
HH014187,HNW,0.0,desarrollo,4,2,2,3,1
HH014188,HNW,0.0,desarrollo,3,3,1,3,2
HH014189,HNW,0.0,desarrollo,4,1,0,4,0
HH014190,HNW,0.0,holdout,,,,,
HH014191,HNW,0.0,desarrollo,2,2,0,1,4
HH014192,HNW,0.0,desarrollo,2,3,2,4,0
HH014193,HNW,0.0,holdout,,,,,
HH014194,UHNW,0.0,desarrollo,4,1,2,3,0
HH014195,HNW,0.0,holdout,,,,,
HH014196,HNW,0.0,desarrollo,3,3,2,2,4
HH014197,HNW,0.0,desarrollo,1,4,1,1,0
HH014198,HNW,1.0,desarrollo,4,4,3,3,2
HH014199,HNW,0.0,desarrollo,2,1,4,4,0
HH014200,HNW,0.0,desarrollo,2,2,2,2,1
HH014201,UHNW,0.0,holdout,,,,,
HH014202,HNW,0.0,desarrollo,3,0,0,1,1
HH014203,HNW,0.0,desarrollo,0,4,0,0,4
HH014204,HNW,0.0,desarrollo,0,1,2,1,2
HH014205,UHNW,0.0,holdout,,,,,
HH014206,HNW,0.0,holdout,,,,,
HH014207,HNW,0.0,desarrollo,2,1,4,0,2
HH014208,HNW,0.0,holdout,,,,,
HH014209,HNW,0.0,desarrollo,4,1,4,1,1
HH014210,HNW,0.0,desarrollo,4,4,1,2,0
HH014211,HNW,0.0,desarrollo,3,1,4,0,3
HH014212,UHNW,0.0,desarrollo,0,1,0,3,0
HH014213,HNW,0.0,desarrollo,4,4,2,3,1
HH014214,HNW,0.0,desarrollo,2,0,0,1,4
HH014215,HNW,1.0,desarrollo,4,1,1,1,0
HH014216,HNW,0.0,holdout,,,,,
HH014217,HNW,0.0,desarrollo,4,4,0,4,0
HH014218,HNW,1.0,desarrollo,4,2,4,0,4
HH014219,HNW,0.0,desarrollo,3,0,1,4,0
HH014220,HNW,0.0,desarrollo,3,3,4,2,4
HH014221,HNW,1.0,holdout,,,,,
HH014222,HNW,0.0,holdout,,,,,
HH014223,HNW,0.0,desarrollo,2,3,2,3,3
HH014224,HNW,0.0,holdout,,,,,
HH014225,HNW,0.0,desarrollo,4,0,3,0,4
HH014226,HNW,0.0,holdout,,,,,
HH014227,HNW,0.0,desarrollo,1,1,3,3,4
HH014228,HNW,0.0,desarrollo,4,0,4,1,1
HH014229,HNW,0.0,desarrollo,0,1,4,3,3
HH014230,HNW,0.0,desarrollo,2,3,4,4,1
HH014231,HNW,0.0,desarrollo,0,3,4,2,2
HH014232,HNW,0.0,desarrollo,2,1,2,0,3
HH014233,HNW,0.0,desarrollo,3,3,1,1,3
HH014234,HNW,0.0,desarrollo,1,4,0,2,3
HH014235,HNW,0.0,desarrollo,1,1,3,2,3
HH014236,HNW,0.0,desarrollo,3,0,0,3,3
HH014237,HNW,0.0,desarrollo,3,0,0,4,1
HH014238,HNW,0.0,holdout,,,,,
HH014239,HNW,0.0,desarrollo,3,4,2,2,4
HH014240,HNW,0.0,desarrollo,0,4,2,0,0
HH014241,HNW,0.0,desarrollo,2,4,1,3,0
HH014242,HNW,0.0,desarrollo,4,0,4,3,0
HH014243,HNW,0.0,desarrollo,3,2,2,3,1
HH014244,HNW,0.0,desarrollo,4,0,4,2,3
HH014245,HNW,0.0,holdout,,,,,
HH014246,HNW,0.0,desarrollo,1,0,1,0,0
HH014247,HNW,1.0,desarrollo,2,4,4,3,3
HH014248,UHNW,0.0,desarrollo,1,4,3,0,1
HH014249,HNW,0.0,desarrollo,2,0,4,0,0
HH014250,HNW,0.0,desarrollo,2,3,2,3,2
HH014251,HNW,0.0,desarrollo,2,0,1,1,0
HH014252,HNW,0.0,desarrollo,1,2,0,3,1
HH014253,HNW,0.0,holdout,,,,,
HH014254,HNW,0.0,desarrollo,3,0,1,2,0
HH014255,HNW,0.0,desarrollo,2,4,3,0,1
HH014256,HNW,0.0,desarrollo,3,2,4,2,4
HH014257,HNW,0.0,desarrollo,0,3,0,2,2
HH014258,HNW,0.0,desarrollo,3,4,3,0,1
HH014259,HNW,0.0,holdout,,,,,
HH014260,HNW,0.0,desarrollo,4,4,0,2,2
HH014261,HNW,0.0,desarrollo,4,3,2,2,2
HH014262,HNW,0.0,desarrollo,4,0,4,3,4
HH014263,HNW,0.0,holdout,,,,,
HH014264,HNW,0.0,desarrollo,2,3,2,2,2
HH014265,HNW,0.0,holdout,,,,,
HH014266,HNW,0.0,holdout,,,,,
HH014267,HNW,0.0,desarrollo,4,1,4,0,2
HH014268,HNW,0.0,desarrollo,3,0,4,2,4
HH014269,HNW,0.0,holdout,,,,,
HH014270,HNW,0.0,desarrollo,4,4,1,3,1
HH014271,HNW,0.0,holdout,,,,,
HH014272,HNW,0.0,holdout,,,,,
HH014273,HNW,0.0,holdout,,,,,
HH014274,HNW,0.0,desarrollo,4,1,2,3,3
HH014275,HNW,0.0,desarrollo,4,4,4,3,2
HH014276,HNW,1.0,desarrollo,1,4,2,0,0
HH014277,HNW,0.0,holdout,,,,,
HH014278,HNW,0.0,desarrollo,4,2,0,2,1
HH014279,HNW,0.0,holdout,,,,,
HH014280,HNW,0.0,desarrollo,0,0,2,3,2
HH014281,HNW,0.0,desarrollo,1,2,1,4,2
HH014282,HNW,1.0,desarrollo,3,0,2,0,1
HH014283,HNW,0.0,desarrollo,2,4,0,3,2
HH014284,UHNW,0.0,desarrollo,4,0,3,3,3
HH014285,HNW,0.0,holdout,,,,,
HH014286,HNW,0.0,desarrollo,4,0,3,1,0
HH014287,HNW,0.0,desarrollo,4,1,0,3,2
HH014288,HNW,0.0,desarrollo,3,4,0,3,2
HH014289,HNW,0.0,desarrollo,3,1,1,0,2
HH014290,HNW,0.0,desarrollo,3,1,0,3,0
HH014291,HNW,0.0,desarrollo,4,1,1,3,3
HH014292,HNW,0.0,desarrollo,0,0,1,4,2
HH014293,UHNW,0.0,desarrollo,2,0,2,3,1
HH014294,HNW,0.0,desarrollo,1,2,2,1,1
HH014295,HNW,0.0,desarrollo,1,0,3,4,3
HH014296,HNW,0.0,desarrollo,2,3,2,3,4
HH014297,HNW,0.0,desarrollo,1,2,2,1,3
HH014298,HNW,0.0,holdout,,,,,
HH014299,HNW,0.0,desarrollo,0,4,1,1,2
HH014300,HNW,0.0,holdout,,,,,
HH014301,HNW,0.0,desarrollo,1,0,3,4,0
HH014302,HNW,0.0,desarrollo,2,4,3,3,3
HH014303,HNW,0.0,desarrollo,0,2,1,2,3
HH014304,HNW,0.0,desarrollo,2,3,3,0,4
HH014305,HNW,0.0,desarrollo,4,0,1,2,4
HH014306,HNW,0.0,desarrollo,1,4,0,3,2
HH014307,HNW,0.0,desarrollo,1,0,2,1,3
HH014308,HNW,0.0,desarrollo,1,1,0,0,4
HH014309,HNW,0.0,desarrollo,2,4,3,2,3
HH014310,HNW,0.0,desarrollo,3,3,1,0,0
HH014311,HNW,0.0,desarrollo,4,0,3,4,2
HH014312,HNW,0.0,desarrollo,1,1,0,3,4
HH014313,HNW,0.0,desarrollo,1,1,2,4,4
HH014314,HNW,0.0,desarrollo,0,4,4,3,4
HH014315,HNW,0.0,holdout,,,,,
HH014316,HNW,0.0,holdout,,,,,
HH014317,HNW,0.0,desarrollo,2,3,0,4,4
HH014318,UHNW,0.0,desarrollo,1,4,0,3,2
HH014319,HNW,0.0,desarrollo,1,4,0,3,3
HH014320,HNW,1.0,desarrollo,0,4,3,4,1
HH014321,HNW,0.0,desarrollo,3,4,4,2,2
HH014322,HNW,0.0,desarrollo,4,1,1,0,1
HH014323,HNW,0.0,desarrollo,1,3,4,2,2
HH014324,HNW,0.0,holdout,,,,,
HH014325,HNW,0.0,desarrollo,1,4,4,4,4
HH014326,HNW,0.0,holdout,,,,,
HH014327,HNW,0.0,desarrollo,1,0,0,3,3
HH014328,HNW,0.0,holdout,,,,,
HH014329,HNW,0.0,holdout,,,,,
HH014330,HNW,0.0,desarrollo,3,2,2,3,2
HH014331,HNW,0.0,holdout,,,,,
HH014332,HNW,0.0,desarrollo,0,2,3,4,4
HH014333,HNW,0.0,desarrollo,3,1,1,4,1
HH014334,HNW,0.0,desarrollo,2,1,1,0,1
HH014335,HNW,1.0,desarrollo,4,1,1,3,1
HH014336,HNW,0.0,desarrollo,1,4,0,2,4
HH014337,HNW,1.0,desarrollo,1,2,2,3,0
HH014338,UHNW,0.0,desarrollo,1,1,3,2,3
HH014339,HNW,0.0,desarrollo,4,3,3,1,0
HH014340,HNW,0.0,desarrollo,1,3,4,0,0
HH014341,HNW,0.0,desarrollo,0,0,3,1,4
HH014342,HNW,0.0,holdout,,,,,
HH014343,HNW,0.0,desarrollo,3,3,4,3,0
HH014344,HNW,0.0,desarrollo,3,4,4,3,1
HH014345,HNW,0.0,desarrollo,0,4,2,4,4
HH014346,HNW,0.0,holdout,,,,,
HH014347,HNW,0.0,desarrollo,3,0,0,0,3
HH014348,HNW,0.0,holdout,,,,,
HH014349,HNW,0.0,desarrollo,2,1,0,0,3
HH014350,HNW,0.0,desarrollo,4,1,4,0,0
HH014351,HNW,0.0,holdout,,,,,
HH014352,HNW,0.0,desarrollo,1,2,0,3,1
HH014353,HNW,0.0,desarrollo,0,4,1,1,3
HH014354,HNW,0.0,desarrollo,4,3,1,1,2
HH014355,UHNW,0.0,desarrollo,2,3,2,3,1
HH014356,HNW,0.0,desarrollo,4,3,1,2,3
HH014357,HNW,0.0,holdout,,,,,
HH014358,HNW,0.0,holdout,,,,,
HH014359,HNW,0.0,desarrollo,0,4,0,3,2
HH014360,HNW,0.0,desarrollo,4,4,1,2,1
HH014361,HNW,0.0,desarrollo,2,1,3,0,4
HH014362,UHNW,0.0,holdout,,,,,
HH014363,HNW,0.0,desarrollo,0,2,0,0,2
HH014364,HNW,0.0,holdout,,,,,
HH014365,UHNW,0.0,holdout,,,,,
HH014366,HNW,0.0,desarrollo,1,4,1,4,2
HH014367,HNW,0.0,desarrollo,3,3,3,4,1
HH014368,HNW,0.0,holdout,,,,,
HH014369,HNW,0.0,holdout,,,,,
HH014370,HNW,0.0,desarrollo,0,1,3,3,2
HH014371,HNW,0.0,holdout,,,,,
HH014372,HNW,0.0,desarrollo,3,2,0,3,3
HH014373,HNW,0.0,holdout,,,,,
HH014374,HNW,0.0,holdout,,,,,
HH014375,HNW,0.0,holdout,,,,,
HH014376,HNW,0.0,holdout,,,,,
HH014377,HNW,1.0,desarrollo,2,2,0,2,1
HH014378,HNW,0.0,desarrollo,3,1,1,0,4
HH014379,HNW,0.0,desarrollo,2,4,0,0,3
HH014380,HNW,0.0,desarrollo,0,3,2,3,2
HH014381,HNW,0.0,holdout,,,,,
HH014382,UHNW,0.0,holdout,,,,,
HH014383,HNW,0.0,desarrollo,4,0,3,1,3
HH014384,HNW,0.0,desarrollo,1,3,0,3,0
HH014385,HNW,0.0,holdout,,,,,
HH014386,HNW,0.0,desarrollo,4,3,0,2,3
HH014387,HNW,0.0,desarrollo,2,1,2,4,3
HH014388,HNW,1.0,desarrollo,0,2,3,2,4
HH014389,HNW,0.0,desarrollo,3,1,2,4,2
HH014390,HNW,0.0,desarrollo,0,2,0,3,4
HH014391,HNW,1.0,holdout,,,,,
HH014392,HNW,0.0,desarrollo,1,1,2,2,4
HH014393,HNW,0.0,desarrollo,3,4,1,4,1
HH014394,HNW,0.0,holdout,,,,,
HH014395,HNW,0.0,desarrollo,0,1,4,2,3
HH014396,HNW,0.0,desarrollo,0,3,1,4,2
HH014397,HNW,0.0,desarrollo,0,4,4,0,0
HH014398,HNW,0.0,holdout,,,,,
HH014399,HNW,0.0,holdout,,,,,
HH014400,HNW,0.0,holdout,,,,,
HH014401,HNW,0.0,desarrollo,1,4,4,2,4
HH014402,HNW,1.0,desarrollo,0,2,4,3,4
HH014403,HNW,0.0,desarrollo,1,3,3,1,3
HH014404,HNW,0.0,holdout,,,,,
HH014405,HNW,0.0,desarrollo,1,1,4,3,2
HH014406,HNW,0.0,holdout,,,,,
HH014407,HNW,,excluido,,,,,
HH014408,HNW,0.0,desarrollo,3,4,2,3,1
HH014409,HNW,0.0,desarrollo,0,3,4,1,0
HH014410,UHNW,1.0,desarrollo,4,4,3,1,2
HH014411,HNW,0.0,holdout,,,,,
HH014412,HNW,0.0,holdout,,,,,
HH014413,HNW,0.0,desarrollo,1,3,2,2,4
HH014414,HNW,0.0,desarrollo,2,2,3,3,4
HH014415,HNW,0.0,desarrollo,4,2,4,0,0
HH014416,HNW,0.0,desarrollo,2,0,4,2,0
HH014417,HNW,0.0,desarrollo,3,2,3,3,1
HH014418,HNW,0.0,holdout,,,,,
HH014419,HNW,0.0,desarrollo,2,1,3,4,1
HH014420,HNW,0.0,desarrollo,3,1,1,2,3
HH014421,HNW,0.0,desarrollo,4,4,4,3,2
HH014422,HNW,0.0,holdout,,,,,
HH014423,HNW,0.0,desarrollo,0,1,1,3,3
HH014424,HNW,0.0,holdout,,,,,
HH014425,HNW,0.0,desarrollo,4,3,1,1,3
HH014426,HNW,0.0,desarrollo,0,0,1,3,2
HH014427,HNW,0.0,holdout,,,,,
HH014428,HNW,0.0,holdout,,,,,
HH014429,UHNW,0.0,desarrollo,1,0,3,0,0
HH014430,UHNW,0.0,desarrollo,2,0,0,4,1
HH014431,HNW,0.0,desarrollo,2,0,2,4,0
HH014432,HNW,0.0,desarrollo,1,2,4,1,1
HH014433,HNW,0.0,desarrollo,4,3,4,2,0
HH014434,HNW,0.0,desarrollo,2,0,4,2,1
HH014435,HNW,1.0,holdout,,,,,
HH014436,HNW,0.0,holdout,,,,,
HH014437,HNW,0.0,desarrollo,3,2,3,0,3
HH014438,HNW,0.0,desarrollo,4,2,0,2,1
HH014439,HNW,0.0,desarrollo,2,0,3,3,1
HH014440,HNW,0.0,desarrollo,2,0,4,1,1
HH014441,HNW,0.0,desarrollo,2,2,1,0,3
HH014442,HNW,0.0,desarrollo,1,3,1,2,4
HH014443,HNW,0.0,desarrollo,2,4,3,1,4
HH014444,HNW,0.0,desarrollo,0,3,1,4,2
HH014445,HNW,0.0,desarrollo,3,1,1,0,2
HH014446,HNW,0.0,desarrollo,1,3,3,4,0
HH014447,HNW,0.0,desarrollo,0,1,3,3,0
HH014448,HNW,0.0,holdout,,,,,
HH014449,HNW,0.0,holdout,,,,,
HH014450,HNW,0.0,holdout,,,,,
HH014451,HNW,0.0,desarrollo,1,2,2,1,3
HH014452,HNW,0.0,desarrollo,2,3,1,0,4
HH014453,HNW,0.0,desarrollo,2,4,1,0,2
HH014454,HNW,0.0,desarrollo,0,1,2,4,3
HH014455,HNW,0.0,desarrollo,2,3,4,1,3
HH014456,HNW,0.0,holdout,,,,,
HH014457,HNW,0.0,desarrollo,4,4,4,2,1
HH014458,UHNW,0.0,desarrollo,1,4,1,3,4
HH014459,HNW,0.0,holdout,,,,,
HH014460,HNW,0.0,desarrollo,2,2,2,0,1
HH014461,HNW,0.0,desarrollo,4,2,4,3,4
HH014462,HNW,0.0,holdout,,,,,
HH014463,HNW,0.0,desarrollo,0,3,2,4,2
HH014464,HNW,0.0,desarrollo,2,3,3,4,4
HH014465,HNW,0.0,holdout,,,,,
HH014466,HNW,0.0,holdout,,,,,
HH014467,HNW,0.0,desarrollo,1,2,1,1,2
HH014468,HNW,0.0,desarrollo,2,0,4,1,2
HH014469,HNW,0.0,holdout,,,,,
HH014470,HNW,0.0,desarrollo,4,1,0,3,4
HH014471,HNW,0.0,holdout,,,,,
HH014472,UHNW,0.0,desarrollo,2,3,2,2,3
HH014473,HNW,0.0,desarrollo,2,1,2,3,2
HH014474,HNW,0.0,desarrollo,1,3,3,0,0
HH014475,HNW,1.0,desarrollo,3,2,4,4,4
HH014476,HNW,0.0,desarrollo,1,0,2,1,0
HH014477,HNW,0.0,holdout,,,,,
HH014478,HNW,0.0,holdout,,,,,
HH014479,HNW,0.0,desarrollo,3,0,3,4,2
HH014480,HNW,1.0,desarrollo,3,0,2,4,0
HH014481,HNW,0.0,desarrollo,3,3,4,0,1
HH014482,HNW,0.0,desarrollo,4,1,3,4,0
HH014483,UHNW,0.0,holdout,,,,,
HH014484,HNW,0.0,desarrollo,4,0,2,2,0
HH014485,HNW,0.0,desarrollo,4,0,1,4,4
HH014486,HNW,0.0,desarrollo,0,2,4,4,3
HH014487,HNW,0.0,desarrollo,2,2,0,2,2
HH014488,HNW,0.0,holdout,,,,,
HH014489,HNW,0.0,desarrollo,2,1,0,0,4
HH014490,HNW,0.0,holdout,,,,,
HH014491,HNW,0.0,desarrollo,1,1,4,4,1
HH014492,HNW,0.0,desarrollo,0,0,2,2,0
HH014493,HNW,0.0,desarrollo,4,2,2,0,3
HH014494,HNW,0.0,desarrollo,2,3,2,1,2
HH014495,HNW,0.0,holdout,,,,,
HH014496,HNW,0.0,desarrollo,2,4,2,4,4
HH014497,HNW,0.0,desarrollo,4,3,2,1,4
HH014498,HNW,0.0,holdout,,,,,
HH014499,HNW,0.0,desarrollo,2,0,2,1,4
HH014500,UHNW,0.0,holdout,,,,,
HH014501,HNW,0.0,desarrollo,3,3,0,2,3
HH014502,HNW,0.0,holdout,,,,,
HH014503,HNW,0.0,desarrollo,1,1,2,3,1
HH014504,HNW,0.0,desarrollo,2,3,4,0,2
HH014505,UHNW,0.0,holdout,,,,,
HH014506,HNW,0.0,desarrollo,4,1,1,0,2
HH014507,HNW,0.0,desarrollo,2,3,2,4,3
HH014508,HNW,0.0,holdout,,,,,
HH014509,HNW,0.0,desarrollo,2,4,3,0,3
HH014510,HNW,0.0,desarrollo,2,2,1,3,1
HH014511,HNW,0.0,desarrollo,0,4,4,1,0
HH014512,HNW,0.0,holdout,,,,,
HH014513,HNW,0.0,holdout,,,,,
HH014514,HNW,0.0,desarrollo,3,3,3,1,1
HH014515,HNW,0.0,desarrollo,2,4,3,2,4
HH014516,HNW,0.0,desarrollo,3,1,4,3,0
HH014517,HNW,0.0,desarrollo,2,0,0,1,4
HH014518,HNW,0.0,desarrollo,0,3,0,3,0
HH014519,HNW,0.0,holdout,,,,,
HH014520,HNW,0.0,holdout,,,,,
HH014521,HNW,0.0,desarrollo,3,4,2,1,4
HH014522,HNW,0.0,desarrollo,0,4,2,1,4
HH014523,HNW,0.0,desarrollo,4,1,0,4,3
HH014524,HNW,0.0,desarrollo,4,2,2,2,1
HH014525,HNW,0.0,desarrollo,4,0,4,2,4
HH014526,HNW,0.0,desarrollo,4,3,2,2,1
HH014527,HNW,0.0,desarrollo,2,0,1,4,0
HH014528,HNW,1.0,desarrollo,3,3,3,2,3
HH014529,HNW,0.0,holdout,,,,,
HH014530,HNW,0.0,holdout,,,,,
HH014531,HNW,0.0,desarrollo,4,2,4,4,2
HH014532,HNW,0.0,desarrollo,3,0,4,2,2
HH014533,HNW,0.0,desarrollo,3,2,1,2,4
HH014534,HNW,0.0,desarrollo,4,2,4,1,3
HH014535,HNW,0.0,holdout,,,,,
HH014536,HNW,0.0,holdout,,,,,
HH014537,HNW,0.0,desarrollo,0,4,2,3,2
HH014538,HNW,0.0,desarrollo,1,3,1,2,1
HH014539,HNW,0.0,desarrollo,0,4,3,3,4
HH014540,HNW,0.0,holdout,,,,,
HH014541,HNW,0.0,desarrollo,2,4,1,2,0
HH014542,HNW,0.0,desarrollo,4,0,2,3,1
HH014543,HNW,0.0,desarrollo,0,4,3,1,0
HH014544,UHNW,0.0,holdout,,,,,
HH014545,HNW,0.0,desarrollo,2,2,2,4,3
HH014546,HNW,0.0,desarrollo,1,4,3,2,1
HH014547,HNW,0.0,holdout,,,,,
HH014548,HNW,0.0,desarrollo,4,0,1,4,3
HH014549,HNW,0.0,holdout,,,,,
HH014550,HNW,0.0,desarrollo,2,1,1,2,2
HH014551,HNW,0.0,desarrollo,1,0,2,3,2
HH014552,HNW,0.0,desarrollo,1,1,1,4,0
HH014553,HNW,0.0,desarrollo,0,0,1,3,1
HH014554,HNW,0.0,holdout,,,,,
HH014555,HNW,0.0,desarrollo,1,4,3,3,4
HH014556,HNW,0.0,desarrollo,3,2,1,1,3
HH014557,HNW,0.0,holdout,,,,,
HH014558,HNW,0.0,holdout,,,,,
HH014559,HNW,0.0,holdout,,,,,
HH014560,HNW,0.0,desarrollo,4,1,2,0,4
HH014561,HNW,0.0,desarrollo,0,4,1,3,4
HH014562,HNW,0.0,desarrollo,2,0,0,1,2
HH014563,HNW,0.0,holdout,,,,,
HH014564,HNW,0.0,desarrollo,2,0,2,0,1
HH014565,HNW,0.0,desarrollo,3,3,2,1,1
HH014566,HNW,0.0,desarrollo,3,2,1,2,4
HH014567,HNW,0.0,desarrollo,3,0,3,1,1
HH014568,HNW,0.0,holdout,,,,,
HH014569,HNW,0.0,holdout,,,,,
HH014570,HNW,0.0,holdout,,,,,
HH014571,UHNW,0.0,holdout,,,,,
HH014572,HNW,0.0,holdout,,,,,
HH014573,HNW,0.0,desarrollo,4,3,4,3,0
HH014574,HNW,0.0,holdout,,,,,
HH014575,HNW,0.0,desarrollo,2,2,4,0,2
HH014576,HNW,0.0,desarrollo,2,4,3,0,4
HH014577,HNW,0.0,holdout,,,,,
HH014578,HNW,0.0,holdout,,,,,
HH014579,HNW,0.0,desarrollo,4,0,0,3,3
HH014580,HNW,0.0,desarrollo,2,2,4,2,3
HH014581,HNW,0.0,desarrollo,0,3,2,3,0
HH014582,HNW,0.0,desarrollo,0,4,2,2,4
HH014583,UHNW,0.0,holdout,,,,,
HH014584,HNW,0.0,holdout,,,,,
HH014585,HNW,0.0,desarrollo,2,3,3,1,0
HH014586,HNW,0.0,desarrollo,0,4,4,2,1
HH014587,HNW,1.0,holdout,,,,,
HH014588,HNW,0.0,holdout,,,,,
HH014589,HNW,0.0,desarrollo,3,3,4,1,2
HH014590,HNW,0.0,desarrollo,1,2,0,3,2
HH014591,HNW,0.0,desarrollo,1,0,0,4,0
HH014592,HNW,0.0,desarrollo,3,4,0,1,0
HH014593,HNW,0.0,desarrollo,0,4,2,2,2
HH014594,HNW,0.0,holdout,,,,,
HH014595,HNW,0.0,desarrollo,3,2,1,3,4
HH014596,HNW,0.0,holdout,,,,,
HH014597,HNW,0.0,desarrollo,3,4,2,1,1
HH014598,HNW,0.0,desarrollo,3,2,0,2,0
HH014599,HNW,0.0,holdout,,,,,
HH014600,HNW,0.0,desarrollo,2,1,2,0,0
HH014601,HNW,0.0,desarrollo,1,1,3,1,2
HH014602,HNW,0.0,desarrollo,1,1,0,2,0
HH014603,HNW,0.0,desarrollo,3,4,4,4,1
HH014604,HNW,0.0,desarrollo,3,3,1,3,2
HH014605,HNW,0.0,desarrollo,4,3,0,1,4
HH014606,HNW,0.0,desarrollo,3,0,2,0,2
HH014607,HNW,0.0,desarrollo,0,2,3,3,0
HH014608,UHNW,0.0,holdout,,,,,
HH014609,HNW,0.0,holdout,,,,,
HH014610,HNW,1.0,holdout,,,,,
HH014611,HNW,0.0,desarrollo,3,4,4,0,3
HH014612,HNW,0.0,holdout,,,,,
HH014613,HNW,0.0,holdout,,,,,
HH014614,HNW,0.0,desarrollo,1,1,2,1,0
HH014615,HNW,0.0,desarrollo,3,0,1,1,2
HH014616,HNW,0.0,desarrollo,3,3,4,2,2
HH014617,HNW,0.0,holdout,,,,,
HH014618,HNW,0.0,desarrollo,0,2,0,3,3
HH014619,HNW,0.0,desarrollo,1,1,3,0,1
HH014620,HNW,0.0,holdout,,,,,
HH014621,HNW,0.0,desarrollo,0,3,0,2,4
HH014622,HNW,0.0,desarrollo,3,3,1,4,1
HH014623,HNW,0.0,holdout,,,,,
HH014624,HNW,0.0,holdout,,,,,
HH014625,HNW,0.0,desarrollo,4,3,2,2,2
HH014626,UHNW,0.0,desarrollo,3,4,4,4,4
HH014627,UHNW,1.0,desarrollo,1,3,2,4,3
HH014628,HNW,,excluido,,,,,
HH014629,HNW,0.0,desarrollo,1,2,2,3,2
HH014630,HNW,0.0,holdout,,,,,
HH014631,HNW,0.0,desarrollo,3,2,0,3,0
HH014632,UHNW,0.0,holdout,,,,,
HH014633,HNW,0.0,desarrollo,3,1,3,3,3
HH014634,HNW,0.0,desarrollo,4,1,1,4,0
HH014635,HNW,0.0,holdout,,,,,
HH014636,HNW,0.0,holdout,,,,,
HH014637,HNW,0.0,desarrollo,1,3,3,3,1
HH014638,UHNW,0.0,desarrollo,3,1,0,0,0
HH014639,HNW,0.0,desarrollo,0,2,3,1,0
HH014640,HNW,0.0,holdout,,,,,
HH014641,HNW,1.0,desarrollo,4,0,1,4,2
HH014642,HNW,0.0,desarrollo,4,4,4,1,4
HH014643,HNW,0.0,desarrollo,2,4,3,0,0
HH014644,HNW,0.0,holdout,,,,,
HH014645,HNW,0.0,desarrollo,0,3,4,2,3
HH014646,HNW,0.0,desarrollo,0,3,1,2,4
HH014647,HNW,0.0,desarrollo,0,0,2,0,1
HH014648,HNW,0.0,holdout,,,,,
HH014649,HNW,0.0,holdout,,,,,
HH014650,UHNW,0.0,holdout,,,,,
HH014651,HNW,0.0,desarrollo,2,0,4,0,0
HH014652,HNW,0.0,holdout,,,,,
HH014653,HNW,0.0,desarrollo,1,2,0,2,0
HH014654,HNW,0.0,desarrollo,1,1,1,0,0
HH014655,HNW,0.0,holdout,,,,,
HH014656,HNW,0.0,desarrollo,1,4,1,2,1
HH014657,HNW,0.0,desarrollo,1,1,4,4,4
HH014658,HNW,0.0,holdout,,,,,
HH014659,HNW,0.0,desarrollo,2,3,3,4,3
HH014660,HNW,0.0,holdout,,,,,
HH014661,HNW,1.0,holdout,,,,,
HH014662,HNW,0.0,desarrollo,4,4,1,0,3
HH014663,UHNW,,excluido,,,,,
HH014664,HNW,0.0,desarrollo,1,0,3,3,1
HH014665,HNW,0.0,desarrollo,0,3,3,2,4
HH014666,HNW,0.0,holdout,,,,,
HH014667,HNW,0.0,holdout,,,,,
HH014668,HNW,0.0,holdout,,,,,
HH014669,HNW,0.0,desarrollo,1,2,1,1,1
HH014670,HNW,0.0,desarrollo,3,2,3,2,3
HH014671,HNW,0.0,desarrollo,3,4,3,4,3
HH014672,HNW,0.0,holdout,,,,,
HH014673,HNW,0.0,desarrollo,3,2,4,4,2
HH014674,UHNW,0.0,desarrollo,1,0,2,1,4
HH014675,HNW,0.0,desarrollo,3,4,4,0,2
HH014676,HNW,0.0,desarrollo,1,3,1,0,2
HH014677,HNW,0.0,holdout,,,,,
HH014678,HNW,0.0,desarrollo,4,3,2,4,0
HH014679,HNW,0.0,desarrollo,3,1,0,4,3
HH014680,HNW,0.0,desarrollo,1,2,1,4,1
HH014681,HNW,0.0,desarrollo,0,0,0,0,1
HH014682,HNW,0.0,desarrollo,3,2,4,2,3
HH014683,HNW,0.0,holdout,,,,,
HH014684,HNW,0.0,desarrollo,2,0,3,0,3
HH014685,HNW,0.0,holdout,,,,,
HH014686,HNW,0.0,desarrollo,0,1,4,1,3
HH014687,HNW,0.0,desarrollo,0,1,4,0,0
HH014688,HNW,0.0,desarrollo,1,3,4,1,1
HH014689,HNW,0.0,holdout,,,,,
HH014690,HNW,0.0,desarrollo,1,3,3,4,3
HH014691,HNW,0.0,desarrollo,4,1,1,4,3
HH014692,HNW,0.0,holdout,,,,,
HH014693,HNW,0.0,desarrollo,4,3,1,0,0
HH014694,HNW,0.0,holdout,,,,,
HH014695,HNW,0.0,desarrollo,1,0,3,0,4
HH014696,HNW,0.0,desarrollo,3,2,4,3,4
HH014697,HNW,0.0,desarrollo,3,3,0,4,2
HH014698,HNW,1.0,desarrollo,3,2,2,0,4
HH014699,HNW,0.0,desarrollo,4,0,0,0,3
HH014700,HNW,0.0,holdout,,,,,
HH014701,HNW,0.0,desarrollo,1,4,4,4,1
HH014702,HNW,0.0,holdout,,,,,
HH014703,HNW,0.0,desarrollo,1,1,0,2,0
HH014704,UHNW,0.0,holdout,,,,,
HH014705,HNW,0.0,desarrollo,2,2,2,1,3
HH014706,HNW,1.0,desarrollo,0,3,1,1,0
HH014707,HNW,0.0,holdout,,,,,
HH014708,HNW,0.0,desarrollo,1,1,4,1,1
HH014709,HNW,0.0,holdout,,,,,
HH014710,HNW,0.0,holdout,,,,,
HH014711,UHNW,0.0,desarrollo,2,2,2,2,2
HH014712,HNW,0.0,holdout,,,,,
HH014713,HNW,0.0,desarrollo,1,4,3,4,3
HH014714,HNW,0.0,desarrollo,2,4,2,3,3
HH014715,HNW,0.0,desarrollo,4,2,0,1,1
HH014716,HNW,0.0,desarrollo,0,1,2,1,3
HH014717,HNW,0.0,holdout,,,,,
HH014718,HNW,0.0,holdout,,,,,
HH014719,HNW,0.0,desarrollo,4,3,3,4,3
HH014720,HNW,0.0,holdout,,,,,
HH014721,HNW,0.0,desarrollo,3,4,3,0,1
HH014722,HNW,0.0,desarrollo,4,2,3,0,4
HH014723,HNW,0.0,holdout,,,,,
HH014724,HNW,0.0,desarrollo,2,0,2,3,4
HH014725,HNW,1.0,desarrollo,3,4,3,3,0
HH014726,UHNW,0.0,holdout,,,,,
HH014727,HNW,0.0,desarrollo,4,2,0,3,1
HH014728,HNW,0.0,desarrollo,3,0,3,4,2
HH014729,HNW,0.0,desarrollo,2,1,0,2,1
HH014730,HNW,0.0,desarrollo,2,2,0,4,1
HH014731,HNW,0.0,desarrollo,2,1,0,3,3
HH014732,HNW,0.0,desarrollo,1,0,4,4,3
HH014733,HNW,0.0,holdout,,,,,
HH014734,HNW,0.0,desarrollo,0,3,4,3,3
HH014735,HNW,0.0,desarrollo,0,4,4,3,1
HH014736,HNW,0.0,holdout,,,,,
HH014737,HNW,0.0,desarrollo,4,2,1,1,1
HH014738,HNW,0.0,desarrollo,0,3,3,4,4
HH014739,HNW,0.0,desarrollo,3,3,1,3,4
HH014740,HNW,0.0,desarrollo,3,2,3,0,0
HH014741,HNW,1.0,desarrollo,4,0,0,4,4
HH014742,HNW,1.0,desarrollo,0,4,2,3,0
HH014743,HNW,0.0,desarrollo,2,0,2,4,4
HH014744,HNW,0.0,desarrollo,1,3,4,4,0
HH014745,HNW,0.0,desarrollo,1,0,2,4,1
HH014746,HNW,,excluido,,,,,
HH014747,HNW,0.0,desarrollo,0,1,2,4,1
HH014748,HNW,,excluido,,,,,
HH014749,HNW,0.0,desarrollo,3,1,1,3,3
HH014750,HNW,0.0,desarrollo,0,0,2,0,2
HH014751,HNW,0.0,desarrollo,1,1,2,3,0
HH014752,HNW,0.0,holdout,,,,,
HH014753,HNW,0.0,desarrollo,2,0,1,3,2
HH014754,HNW,0.0,holdout,,,,,
HH014755,HNW,0.0,desarrollo,1,1,4,3,3
HH014756,HNW,0.0,desarrollo,1,3,3,1,1
HH014757,HNW,0.0,desarrollo,3,0,1,1,3
HH014758,HNW,0.0,holdout,,,,,
HH014759,HNW,0.0,holdout,,,,,
HH014760,HNW,0.0,desarrollo,0,0,2,4,2
HH014761,UHNW,0.0,desarrollo,2,2,1,1,3
HH014762,HNW,0.0,desarrollo,1,0,3,0,0
HH014763,HNW,0.0,desarrollo,1,0,3,0,4
HH014764,HNW,0.0,desarrollo,4,3,0,1,3
HH014765,HNW,0.0,desarrollo,0,0,0,2,3
HH014766,HNW,0.0,desarrollo,3,3,2,1,2
HH014767,HNW,1.0,desarrollo,2,3,3,1,3
HH014768,HNW,0.0,desarrollo,1,1,2,2,0
HH014769,HNW,0.0,desarrollo,4,2,0,0,0
HH014770,HNW,0.0,desarrollo,3,2,2,1,3
HH014771,HNW,0.0,holdout,,,,,
HH014772,HNW,0.0,desarrollo,4,4,2,1,1
HH014773,HNW,0.0,desarrollo,2,1,2,1,2
HH014774,HNW,0.0,desarrollo,2,0,3,1,1
HH014775,HNW,0.0,holdout,,,,,
HH014776,HNW,0.0,desarrollo,0,2,1,0,3
HH014777,HNW,0.0,desarrollo,4,2,0,1,4
HH014778,HNW,0.0,desarrollo,4,1,4,0,0
HH014779,HNW,0.0,holdout,,,,,
HH014780,HNW,0.0,holdout,,,,,
HH014781,HNW,0.0,desarrollo,0,1,1,1,3
HH014782,HNW,0.0,desarrollo,0,2,3,1,0
HH014783,HNW,0.0,desarrollo,3,1,3,0,1
HH014784,HNW,0.0,desarrollo,0,2,4,4,2
HH014785,HNW,1.0,desarrollo,0,2,0,3,2
HH014786,HNW,0.0,desarrollo,3,1,3,3,2
HH014787,HNW,0.0,holdout,,,,,
HH014788,HNW,0.0,desarrollo,1,0,1,0,1
HH014789,HNW,0.0,desarrollo,4,0,4,2,0
HH014790,HNW,0.0,desarrollo,0,2,1,4,4
HH014791,HNW,0.0,desarrollo,0,4,0,4,1
HH014792,UHNW,0.0,desarrollo,1,2,1,2,3
HH014793,HNW,0.0,desarrollo,2,1,4,1,4
HH014794,HNW,0.0,desarrollo,1,1,3,1,0
HH014795,HNW,1.0,desarrollo,2,3,0,1,3
HH014796,HNW,0.0,desarrollo,3,1,4,2,3
HH014797,HNW,0.0,holdout,,,,,
HH014798,HNW,0.0,holdout,,,,,
HH014799,HNW,0.0,holdout,,,,,
HH014800,HNW,0.0,holdout,,,,,
HH014801,HNW,0.0,desarrollo,0,1,1,2,3
HH014802,HNW,1.0,desarrollo,2,0,2,1,3
HH014803,HNW,0.0,holdout,,,,,
HH014804,HNW,0.0,desarrollo,0,3,0,3,1
HH014805,HNW,0.0,desarrollo,1,1,0,1,0
HH014806,HNW,0.0,holdout,,,,,
HH014807,HNW,0.0,holdout,,,,,
HH014808,HNW,0.0,desarrollo,4,3,3,4,1
HH014809,HNW,0.0,holdout,,,,,
HH014810,HNW,1.0,desarrollo,4,4,0,2,1
HH014811,HNW,0.0,holdout,,,,,
HH014812,HNW,0.0,desarrollo,1,2,4,3,0
HH014813,HNW,0.0,desarrollo,0,4,0,4,2
HH014814,HNW,0.0,desarrollo,4,1,1,0,4
HH014815,HNW,0.0,holdout,,,,,
HH014816,HNW,0.0,desarrollo,1,2,4,1,0
HH014817,HNW,0.0,desarrollo,3,0,4,0,2
HH014818,HNW,0.0,desarrollo,0,2,2,4,1
HH014819,HNW,0.0,desarrollo,3,2,4,2,2
HH014820,HNW,0.0,desarrollo,2,3,2,2,1
HH014821,HNW,0.0,holdout,,,,,
HH014822,HNW,1.0,desarrollo,4,1,1,2,4
HH014823,HNW,0.0,desarrollo,0,2,0,0,4
HH014824,HNW,0.0,desarrollo,2,2,0,4,1
HH014825,HNW,0.0,desarrollo,3,3,3,4,1
HH014826,HNW,0.0,desarrollo,3,1,2,3,1
HH014827,HNW,0.0,holdout,,,,,
HH014828,UHNW,0.0,desarrollo,1,2,1,4,2
HH014829,HNW,0.0,desarrollo,4,4,3,1,1
HH014830,HNW,1.0,desarrollo,1,2,4,2,3
HH014831,HNW,0.0,desarrollo,2,2,2,3,2
HH014832,HNW,0.0,desarrollo,0,2,3,3,3
HH014833,HNW,0.0,desarrollo,0,2,4,0,0
HH014834,HNW,0.0,desarrollo,2,2,1,0,0
HH014835,UHNW,0.0,holdout,,,,,
HH014836,HNW,0.0,desarrollo,1,2,3,0,2
HH014837,HNW,0.0,desarrollo,1,4,0,4,1
HH014838,HNW,0.0,desarrollo,0,3,3,3,2
HH014839,HNW,0.0,desarrollo,2,0,2,2,2
HH014840,HNW,0.0,desarrollo,0,3,1,0,4
HH014841,HNW,0.0,desarrollo,2,1,1,2,4
HH014842,HNW,0.0,holdout,,,,,
HH014843,HNW,0.0,desarrollo,1,3,4,0,3
HH014844,UHNW,0.0,holdout,,,,,
HH014845,HNW,0.0,desarrollo,3,2,1,2,4
HH014846,HNW,0.0,holdout,,,,,
HH014847,HNW,0.0,holdout,,,,,
HH014848,HNW,0.0,holdout,,,,,
HH014849,HNW,0.0,desarrollo,4,0,2,1,1
HH014850,HNW,0.0,desarrollo,4,3,4,2,3
HH014851,HNW,0.0,desarrollo,1,0,3,4,3
HH014852,HNW,0.0,desarrollo,2,3,1,2,3
HH014853,HNW,0.0,desarrollo,0,0,4,2,4
HH014854,HNW,0.0,desarrollo,1,4,2,1,3
HH014855,HNW,0.0,holdout,,,,,
HH014856,HNW,0.0,desarrollo,4,3,1,4,4
HH014857,HNW,,excluido,,,,,
HH014858,HNW,0.0,desarrollo,3,2,2,3,0
HH014859,HNW,0.0,desarrollo,3,0,2,1,2
HH014860,HNW,0.0,holdout,,,,,
HH014861,HNW,1.0,desarrollo,0,1,0,3,0
HH014862,HNW,0.0,holdout,,,,,
HH014863,HNW,1.0,desarrollo,1,1,3,0,1
HH014864,HNW,0.0,holdout,,,,,
HH014865,HNW,0.0,desarrollo,2,3,4,0,1
HH014866,HNW,0.0,desarrollo,0,3,1,4,2
HH014867,HNW,0.0,holdout,,,,,
HH014868,HNW,0.0,desarrollo,1,0,4,3,3
HH014869,HNW,0.0,holdout,,,,,
HH014870,HNW,0.0,desarrollo,0,0,2,1,1
HH014871,HNW,0.0,desarrollo,2,1,1,3,1
HH014872,HNW,1.0,desarrollo,1,1,4,1,4
HH014873,UHNW,0.0,desarrollo,1,4,1,3,1
HH014874,HNW,0.0,desarrollo,3,0,0,2,4
HH014875,HNW,0.0,holdout,,,,,
HH014876,HNW,0.0,holdout,,,,,
HH014877,HNW,0.0,desarrollo,0,0,2,4,0
HH014878,HNW,0.0,desarrollo,3,0,0,0,2
HH014879,HNW,0.0,desarrollo,4,3,4,3,3
HH014880,HNW,0.0,desarrollo,0,4,2,4,1
HH014881,HNW,0.0,desarrollo,0,4,2,3,3
HH014882,HNW,0.0,desarrollo,3,4,0,1,4
HH014883,HNW,0.0,desarrollo,4,1,1,0,0
HH014884,HNW,0.0,holdout,,,,,
HH014885,HNW,0.0,desarrollo,3,4,1,2,1
HH014886,HNW,0.0,desarrollo,1,1,2,4,2
HH014887,HNW,0.0,desarrollo,1,0,4,3,2
HH014888,HNW,0.0,desarrollo,2,1,1,2,4
HH014889,HNW,1.0,desarrollo,4,3,3,0,4
HH014890,HNW,0.0,desarrollo,4,3,0,2,0
HH014891,HNW,0.0,holdout,,,,,
HH014892,UHNW,0.0,holdout,,,,,
HH014893,HNW,0.0,desarrollo,0,4,1,2,4
HH014894,HNW,0.0,desarrollo,3,2,3,4,3
HH014895,HNW,0.0,holdout,,,,,
HH014896,HNW,0.0,desarrollo,2,4,0,3,3
HH014897,HNW,0.0,holdout,,,,,
HH014898,UHNW,0.0,desarrollo,1,0,4,4,1
HH014899,HNW,0.0,desarrollo,1,1,2,0,0
HH014900,HNW,0.0,desarrollo,3,1,2,0,1
HH014901,HNW,1.0,holdout,,,,,
HH014902,HNW,0.0,holdout,,,,,
HH014903,HNW,0.0,desarrollo,0,0,4,3,0
HH014904,HNW,0.0,holdout,,,,,
HH014905,HNW,0.0,desarrollo,0,4,4,3,1
HH014906,HNW,0.0,desarrollo,0,1,3,3,3
HH014907,HNW,0.0,desarrollo,0,0,4,4,3
HH014908,HNW,0.0,desarrollo,1,1,4,4,0
HH014909,HNW,0.0,holdout,,,,,
HH014910,HNW,0.0,desarrollo,2,3,2,0,4
HH014911,UHNW,0.0,desarrollo,4,0,2,1,3
HH014912,HNW,0.0,desarrollo,2,0,0,0,3
HH014913,HNW,0.0,desarrollo,1,1,0,4,0
HH014914,HNW,0.0,desarrollo,0,1,2,3,4
HH014915,HNW,1.0,holdout,,,,,
HH014916,HNW,0.0,desarrollo,0,4,1,1,2
HH014917,HNW,0.0,desarrollo,4,0,3,0,3
HH014918,HNW,0.0,holdout,,,,,
HH014919,HNW,0.0,desarrollo,1,2,4,2,1
HH014920,HNW,0.0,desarrollo,1,2,0,4,2
HH014921,HNW,0.0,holdout,,,,,
HH014922,HNW,0.0,desarrollo,4,2,0,4,2
HH014923,HNW,0.0,desarrollo,3,2,0,1,3
HH014924,HNW,0.0,desarrollo,1,1,4,2,4
HH014925,HNW,0.0,desarrollo,1,0,3,2,0
HH014926,HNW,0.0,desarrollo,4,4,2,3,0
HH014927,HNW,0.0,desarrollo,0,2,3,0,3
HH014928,HNW,0.0,holdout,,,,,
HH014929,HNW,0.0,desarrollo,0,0,0,3,4
HH014930,HNW,0.0,desarrollo,3,1,2,4,4
HH014931,HNW,0.0,desarrollo,3,0,0,4,2
HH014932,HNW,,excluido,,,,,
HH014933,HNW,0.0,holdout,,,,,
HH014934,UHNW,0.0,desarrollo,0,1,1,2,2
HH014935,HNW,0.0,holdout,,,,,
HH014936,HNW,0.0,holdout,,,,,
HH014937,HNW,0.0,desarrollo,3,0,0,1,3
HH014938,HNW,0.0,desarrollo,4,2,4,0,3
HH014939,HNW,0.0,desarrollo,2,4,2,4,3
HH014940,HNW,0.0,desarrollo,1,2,0,3,2
HH014941,HNW,0.0,desarrollo,1,0,4,0,3
HH014942,HNW,0.0,desarrollo,2,0,1,2,0
HH014943,HNW,0.0,desarrollo,4,1,0,1,3
HH014944,HNW,0.0,holdout,,,,,
HH014945,HNW,0.0,holdout,,,,,
HH014946,HNW,0.0,desarrollo,4,4,0,1,4
HH014947,HNW,0.0,desarrollo,0,4,2,3,1
HH014948,HNW,1.0,desarrollo,4,0,0,0,4
HH014949,HNW,0.0,desarrollo,0,1,1,3,3
HH014950,HNW,0.0,desarrollo,4,1,3,0,0
HH014951,HNW,0.0,desarrollo,1,4,2,0,3
HH014952,HNW,0.0,desarrollo,2,2,2,4,0
HH014953,HNW,0.0,holdout,,,,,
HH014954,HNW,0.0,desarrollo,4,1,0,2,3
HH014955,HNW,0.0,desarrollo,4,4,4,2,4
HH014956,HNW,0.0,desarrollo,0,2,4,3,2
HH014957,HNW,0.0,desarrollo,0,4,0,4,0
HH014958,HNW,0.0,desarrollo,4,3,0,0,1
HH014959,HNW,0.0,desarrollo,4,3,3,2,0
HH014960,HNW,0.0,holdout,,,,,
HH014961,HNW,1.0,holdout,,,,,
HH014962,HNW,0.0,holdout,,,,,
HH014963,HNW,0.0,holdout,,,,,
HH014964,UHNW,1.0,desarrollo,1,2,4,0,4
HH014965,HNW,0.0,desarrollo,3,4,2,1,4
HH014966,HNW,0.0,desarrollo,3,4,2,4,1
HH014967,HNW,0.0,desarrollo,4,1,3,4,1
HH014968,HNW,0.0,desarrollo,3,2,4,1,4
HH014969,HNW,0.0,desarrollo,0,3,1,0,3
HH014970,HNW,0.0,desarrollo,1,0,0,0,2
HH014971,HNW,0.0,holdout,,,,,
HH014972,HNW,0.0,holdout,,,,,
HH014973,HNW,0.0,desarrollo,0,4,4,0,3
HH014974,HNW,0.0,desarrollo,4,0,0,1,1
HH014975,HNW,0.0,desarrollo,1,3,2,1,2
HH014976,HNW,0.0,holdout,,,,,
HH014977,HNW,0.0,desarrollo,2,3,3,3,1
HH014978,HNW,0.0,desarrollo,2,2,4,0,3
HH014979,HNW,0.0,holdout,,,,,
HH014980,HNW,0.0,desarrollo,1,3,0,1,3
HH014981,HNW,0.0,holdout,,,,,
HH014982,HNW,0.0,holdout,,,,,
HH014983,HNW,0.0,desarrollo,3,0,0,2,4
HH014984,HNW,0.0,desarrollo,0,2,4,2,0
HH014985,HNW,0.0,holdout,,,,,
HH014986,HNW,0.0,desarrollo,1,4,4,4,1
HH014987,HNW,0.0,desarrollo,0,4,1,3,0
HH014988,HNW,0.0,desarrollo,0,0,4,1,4
HH014989,HNW,0.0,holdout,,,,,
HH014990,HNW,0.0,holdout,,,,,
HH014991,HNW,0.0,desarrollo,4,3,1,3,4
HH014992,HNW,1.0,holdout,,,,,
HH014993,HNW,0.0,desarrollo,3,4,1,1,1
HH014994,HNW,1.0,desarrollo,2,3,0,4,0
HH014995,HNW,0.0,desarrollo,4,3,1,1,3
HH014996,HNW,0.0,holdout,,,,,
HH014997,HNW,0.0,desarrollo,0,3,0,4,4
HH014998,HNW,0.0,desarrollo,2,0,2,1,3
HH014999,HNW,0.0,desarrollo,4,4,0,3,4
HH015000,HNW,0.0,desarrollo,2,3,2,1,3
HH015001,HNW,0.0,desarrollo,4,1,4,0,4
HH015002,HNW,0.0,holdout,,,,,
HH015003,HNW,0.0,desarrollo,2,3,2,3,3
HH015004,HNW,0.0,desarrollo,4,0,0,3,3
HH015005,HNW,0.0,desarrollo,4,2,0,0,4
HH015006,HNW,0.0,desarrollo,2,4,2,3,3
HH015007,HNW,0.0,desarrollo,1,0,2,1,1
HH015008,HNW,0.0,desarrollo,4,3,3,0,0
HH015009,HNW,0.0,desarrollo,3,3,2,4,2
HH015010,HNW,0.0,holdout,,,,,
HH015011,HNW,0.0,desarrollo,1,2,1,0,2
HH015012,HNW,0.0,desarrollo,1,3,2,2,4
HH015013,HNW,0.0,holdout,,,,,
HH015014,HNW,0.0,desarrollo,4,3,2,0,2
HH015015,HNW,1.0,desarrollo,1,4,4,3,2
HH015016,HNW,0.0,holdout,,,,,
HH015017,HNW,0.0,desarrollo,2,3,4,3,3
HH015018,HNW,0.0,holdout,,,,,
HH015019,HNW,1.0,desarrollo,3,2,3,1,4
HH015020,HNW,0.0,holdout,,,,,
HH015021,HNW,0.0,holdout,,,,,
HH015022,HNW,0.0,desarrollo,2,3,1,0,3
HH015023,HNW,0.0,desarrollo,1,2,3,4,2
HH015024,HNW,0.0,desarrollo,3,2,4,1,0
HH015025,HNW,0.0,desarrollo,4,0,3,3,1
HH015026,HNW,0.0,desarrollo,3,0,1,1,1
HH015027,HNW,0.0,desarrollo,1,4,2,3,1
HH015028,HNW,0.0,holdout,,,,,
HH015029,HNW,0.0,desarrollo,4,1,4,4,1
HH015030,HNW,0.0,holdout,,,,,
HH015031,HNW,,excluido,,,,,
HH015032,HNW,0.0,holdout,,,,,
HH015033,UHNW,0.0,desarrollo,2,2,0,0,4
HH015034,HNW,0.0,holdout,,,,,
HH015035,HNW,0.0,desarrollo,0,0,4,3,3
HH015036,HNW,0.0,desarrollo,2,1,4,1,3
HH015037,HNW,0.0,desarrollo,3,4,1,2,3
HH015038,HNW,0.0,desarrollo,2,1,2,2,1
HH015039,HNW,0.0,desarrollo,4,2,0,0,1
HH015040,HNW,0.0,holdout,,,,,
HH015041,HNW,0.0,desarrollo,2,1,2,3,1
HH015042,HNW,0.0,holdout,,,,,
HH015043,HNW,0.0,desarrollo,1,2,2,0,0
HH015044,HNW,0.0,holdout,,,,,
HH015045,HNW,1.0,desarrollo,4,3,3,2,2
HH015046,HNW,0.0,holdout,,,,,
HH015047,HNW,0.0,desarrollo,0,1,4,2,4
HH015048,HNW,0.0,holdout,,,,,
HH015049,HNW,0.0,desarrollo,4,2,2,1,4
HH015050,HNW,0.0,desarrollo,0,0,3,1,0
HH015051,HNW,0.0,desarrollo,4,1,3,2,4
HH015052,HNW,0.0,desarrollo,1,3,3,3,1
HH015053,HNW,1.0,holdout,,,,,
HH015054,HNW,0.0,holdout,,,,,
HH015055,HNW,0.0,desarrollo,4,1,0,4,2
HH015056,HNW,0.0,desarrollo,0,3,1,0,4
HH015057,HNW,0.0,desarrollo,4,0,2,0,3
HH015058,HNW,0.0,desarrollo,2,2,3,1,4
HH015059,HNW,0.0,holdout,,,,,
HH015060,HNW,0.0,desarrollo,4,4,0,3,3
HH015061,HNW,0.0,desarrollo,0,0,3,0,4
HH015062,HNW,0.0,desarrollo,4,0,3,4,4
HH015063,HNW,0.0,desarrollo,4,2,2,4,2
HH015064,HNW,0.0,desarrollo,1,0,1,4,4
HH015065,HNW,0.0,desarrollo,2,0,4,0,4
HH015066,HNW,0.0,desarrollo,1,3,3,0,1
HH015067,HNW,0.0,desarrollo,0,4,2,4,1
HH015068,HNW,0.0,holdout,,,,,
HH015069,HNW,0.0,desarrollo,4,2,1,0,2
HH015070,HNW,0.0,desarrollo,0,1,1,3,4
HH015071,HNW,1.0,holdout,,,,,
HH015072,HNW,0.0,desarrollo,3,4,4,1,3
HH015073,HNW,0.0,desarrollo,1,3,0,1,1
HH015074,HNW,0.0,desarrollo,2,3,1,4,1
HH015075,HNW,0.0,desarrollo,2,0,1,0,1
HH015076,HNW,0.0,desarrollo,4,1,2,3,3
HH015077,HNW,0.0,desarrollo,0,1,1,4,2
HH015078,HNW,0.0,desarrollo,2,2,2,1,0
HH015079,HNW,0.0,holdout,,,,,
HH015080,HNW,0.0,desarrollo,3,2,4,0,3
HH015081,HNW,0.0,desarrollo,1,0,0,1,0
HH015082,HNW,0.0,desarrollo,3,3,0,4,0
HH015083,HNW,0.0,holdout,,,,,
HH015084,HNW,0.0,desarrollo,4,0,2,0,2
HH015085,HNW,0.0,desarrollo,3,0,3,0,0
HH015086,HNW,0.0,holdout,,,,,
HH015087,HNW,0.0,holdout,,,,,
HH015088,HNW,0.0,holdout,,,,,
HH015089,HNW,0.0,desarrollo,1,4,0,4,1
HH015090,HNW,0.0,desarrollo,3,2,2,0,0
HH015091,HNW,0.0,desarrollo,3,3,1,4,1
HH015092,HNW,0.0,desarrollo,2,3,4,4,4
HH015093,HNW,0.0,desarrollo,1,3,4,3,1
HH015094,HNW,0.0,desarrollo,0,2,3,0,0
HH015095,HNW,0.0,holdout,,,,,
HH015096,HNW,0.0,desarrollo,3,2,1,0,0
HH015097,HNW,0.0,holdout,,,,,
HH015098,HNW,0.0,desarrollo,1,1,3,4,2
HH015099,HNW,0.0,desarrollo,3,0,3,1,2
HH015100,HNW,0.0,desarrollo,0,3,3,1,0
HH015101,HNW,0.0,desarrollo,0,3,2,3,2
HH015102,UHNW,0.0,desarrollo,1,1,4,4,1
HH015103,HNW,0.0,desarrollo,0,3,1,0,3
HH015104,HNW,0.0,holdout,,,,,
HH015105,HNW,0.0,desarrollo,0,2,4,3,3
HH015106,HNW,0.0,holdout,,,,,
HH015107,HNW,0.0,desarrollo,3,3,4,2,0
HH015108,HNW,0.0,desarrollo,2,1,3,0,1
HH015109,HNW,1.0,desarrollo,1,4,2,3,3
HH015110,HNW,0.0,desarrollo,0,0,3,4,0
HH015111,HNW,0.0,desarrollo,0,3,1,1,1
HH015112,HNW,0.0,desarrollo,0,3,3,1,4
HH015113,HNW,0.0,desarrollo,1,4,2,2,0
HH015114,HNW,0.0,holdout,,,,,
HH015115,HNW,0.0,desarrollo,3,0,2,1,2
HH015116,HNW,0.0,holdout,,,,,
HH015117,HNW,0.0,desarrollo,0,0,3,3,2
HH015118,HNW,0.0,desarrollo,4,0,2,2,4
HH015119,HNW,0.0,desarrollo,4,2,0,0,4
HH015120,HNW,0.0,desarrollo,2,0,0,0,0
HH015121,HNW,,excluido,,,,,
HH015122,HNW,0.0,holdout,,,,,
HH015123,HNW,0.0,desarrollo,2,0,4,1,4
HH015124,HNW,0.0,desarrollo,0,0,2,0,2
HH015125,HNW,0.0,holdout,,,,,
HH015126,UHNW,,excluido,,,,,
HH015127,HNW,0.0,desarrollo,0,3,2,4,3
HH015128,HNW,0.0,desarrollo,3,0,2,4,1
HH015129,HNW,0.0,holdout,,,,,
HH015130,HNW,0.0,desarrollo,0,4,3,1,4
HH015131,HNW,0.0,desarrollo,1,3,2,1,4
HH015132,HNW,0.0,holdout,,,,,
HH015133,HNW,0.0,desarrollo,3,0,1,1,3
HH015134,HNW,0.0,holdout,,,,,
HH015135,HNW,1.0,holdout,,,,,
HH015136,HNW,0.0,desarrollo,3,0,2,4,2
HH015137,HNW,0.0,holdout,,,,,
HH015138,HNW,0.0,desarrollo,1,0,4,3,4
HH015139,HNW,0.0,holdout,,,,,
HH015140,HNW,0.0,holdout,,,,,
HH015141,HNW,0.0,desarrollo,4,4,3,0,0
HH015142,HNW,0.0,desarrollo,4,1,4,1,2
HH015143,HNW,0.0,holdout,,,,,
HH015144,HNW,0.0,holdout,,,,,
HH015145,HNW,0.0,desarrollo,2,4,3,0,1
HH015146,HNW,1.0,desarrollo,1,2,1,2,3
HH015147,UHNW,0.0,desarrollo,2,4,3,0,2
HH015148,UHNW,0.0,holdout,,,,,
HH015149,HNW,0.0,desarrollo,3,4,3,1,0
HH015150,UHNW,0.0,desarrollo,3,3,4,1,1
HH015151,HNW,0.0,holdout,,,,,
HH015152,HNW,0.0,holdout,,,,,
HH015153,HNW,1.0,desarrollo,3,3,3,2,2
HH015154,HNW,0.0,holdout,,,,,
HH015155,HNW,0.0,desarrollo,0,4,3,1,4
HH015156,HNW,0.0,desarrollo,0,0,1,4,1
HH015157,HNW,0.0,desarrollo,0,2,4,1,1
HH015158,HNW,0.0,desarrollo,4,2,1,0,3
HH015159,HNW,0.0,desarrollo,2,1,4,0,2
HH015160,HNW,0.0,holdout,,,,,
HH015161,HNW,0.0,holdout,,,,,
HH015162,HNW,0.0,desarrollo,4,1,3,2,4
HH015163,HNW,0.0,desarrollo,3,0,3,3,4
HH015164,HNW,0.0,desarrollo,1,4,3,0,4
HH015165,HNW,0.0,desarrollo,3,3,4,0,0
HH015166,HNW,0.0,holdout,,,,,
HH015167,HNW,0.0,holdout,,,,,
HH015168,HNW,0.0,desarrollo,4,0,1,3,4
HH015169,HNW,0.0,holdout,,,,,
HH015170,HNW,0.0,desarrollo,2,0,2,3,1
HH015171,HNW,0.0,holdout,,,,,
HH015172,HNW,0.0,desarrollo,1,1,2,4,2
HH015173,HNW,0.0,holdout,,,,,
HH015174,HNW,0.0,desarrollo,2,4,3,4,0
HH015175,HNW,0.0,holdout,,,,,
HH015176,HNW,0.0,desarrollo,3,2,3,0,1
HH015177,HNW,1.0,desarrollo,1,4,1,1,0
HH015178,HNW,0.0,holdout,,,,,
HH015179,HNW,0.0,desarrollo,4,4,4,2,3
HH015180,HNW,0.0,desarrollo,4,0,4,4,3
HH015181,HNW,0.0,holdout,,,,,
HH015182,HNW,0.0,holdout,,,,,
HH015183,HNW,0.0,desarrollo,3,4,2,1,0
HH015184,HNW,0.0,holdout,,,,,
HH015185,HNW,0.0,holdout,,,,,
HH015186,HNW,0.0,holdout,,,,,
HH015187,HNW,0.0,holdout,,,,,
HH015188,HNW,0.0,desarrollo,4,0,3,1,4
HH015189,HNW,0.0,desarrollo,0,3,4,3,4
HH015190,UHNW,0.0,holdout,,,,,
HH015191,UHNW,0.0,holdout,,,,,
HH015192,HNW,1.0,desarrollo,4,1,2,3,2
HH015193,HNW,0.0,desarrollo,4,2,3,0,2
HH015194,HNW,0.0,desarrollo,2,2,4,2,2
HH015195,HNW,0.0,holdout,,,,,
HH015196,HNW,0.0,desarrollo,3,3,0,1,3
HH015197,UHNW,0.0,holdout,,,,,
HH015198,HNW,0.0,desarrollo,4,1,1,2,2
HH015199,HNW,0.0,desarrollo,1,0,4,2,4
HH015200,HNW,0.0,desarrollo,4,3,3,3,0
HH015201,HNW,0.0,holdout,,,,,
HH015202,HNW,0.0,desarrollo,4,3,1,2,3
HH015203,HNW,0.0,holdout,,,,,
HH015204,HNW,0.0,desarrollo,3,1,3,1,3
HH015205,HNW,0.0,desarrollo,4,4,1,3,1
HH015206,HNW,1.0,holdout,,,,,
HH015207,HNW,1.0,desarrollo,4,2,3,1,0
HH015208,HNW,0.0,desarrollo,2,0,3,0,3
HH015209,HNW,0.0,holdout,,,,,
HH015210,HNW,0.0,holdout,,,,,
HH015211,HNW,0.0,desarrollo,3,4,4,0,1
HH015212,HNW,0.0,desarrollo,4,4,3,3,3
HH015213,HNW,0.0,desarrollo,2,4,1,2,2
HH015214,HNW,0.0,desarrollo,2,2,0,2,2
HH015215,HNW,0.0,desarrollo,3,3,2,1,1
HH015216,UHNW,0.0,holdout,,,,,
HH015217,HNW,0.0,desarrollo,2,1,2,2,2
HH015218,HNW,0.0,desarrollo,4,4,4,4,2
HH015219,HNW,0.0,desarrollo,3,0,3,2,0
HH015220,HNW,0.0,desarrollo,4,1,4,1,4
HH015221,HNW,0.0,desarrollo,1,3,1,2,4
HH015222,HNW,0.0,desarrollo,0,3,3,0,0
HH015223,HNW,0.0,desarrollo,4,4,4,2,4
HH015224,HNW,0.0,desarrollo,4,1,0,1,3
HH015225,HNW,0.0,desarrollo,4,4,1,1,0
HH015226,HNW,0.0,desarrollo,2,2,1,3,3
HH015227,HNW,0.0,desarrollo,0,3,4,0,1
HH015228,HNW,0.0,holdout,,,,,
HH015229,HNW,0.0,desarrollo,4,2,2,2,2
HH015230,HNW,0.0,desarrollo,4,4,3,4,1
HH015231,HNW,0.0,desarrollo,4,3,1,4,3
HH015232,HNW,0.0,desarrollo,2,2,4,4,1
HH015233,HNW,0.0,desarrollo,2,3,4,4,2
HH015234,HNW,1.0,desarrollo,3,2,2,4,0
HH015235,HNW,0.0,desarrollo,3,4,3,1,2
HH015236,HNW,0.0,desarrollo,1,4,1,3,3
HH015237,HNW,1.0,desarrollo,4,3,2,4,4
HH015238,HNW,0.0,holdout,,,,,
HH015239,HNW,0.0,desarrollo,1,0,1,4,4
HH015240,HNW,0.0,holdout,,,,,
HH015241,HNW,0.0,desarrollo,0,4,3,2,1
HH015242,HNW,0.0,holdout,,,,,
HH015243,HNW,0.0,desarrollo,1,4,2,3,0
HH015244,HNW,0.0,desarrollo,2,1,4,2,1
HH015245,HNW,0.0,desarrollo,0,2,3,4,0
HH015246,HNW,0.0,holdout,,,,,
HH015247,HNW,0.0,desarrollo,1,2,1,4,4
HH015248,HNW,0.0,desarrollo,4,3,3,3,3
HH015249,HNW,0.0,desarrollo,2,4,0,2,1
HH015250,HNW,1.0,holdout,,,,,
HH015251,HNW,0.0,desarrollo,4,4,0,3,2
HH015252,HNW,0.0,holdout,,,,,
HH015253,HNW,1.0,desarrollo,1,0,2,3,0
HH015254,HNW,0.0,desarrollo,1,0,0,0,3
HH015255,HNW,0.0,desarrollo,0,4,2,2,0
HH015256,HNW,0.0,desarrollo,2,1,0,0,3
HH015257,HNW,0.0,desarrollo,0,4,3,4,0
HH015258,HNW,0.0,holdout,,,,,
HH015259,HNW,1.0,desarrollo,0,4,4,1,1
HH015260,HNW,0.0,desarrollo,4,4,3,0,1
HH015261,HNW,0.0,desarrollo,1,1,4,3,2
HH015262,HNW,0.0,desarrollo,3,0,2,4,1
HH015263,HNW,0.0,desarrollo,0,0,4,4,4
HH015264,HNW,0.0,desarrollo,2,1,1,2,4
HH015265,HNW,0.0,desarrollo,3,0,1,3,2
HH015266,HNW,0.0,holdout,,,,,
HH015267,HNW,0.0,desarrollo,0,4,0,0,1
HH015268,HNW,0.0,holdout,,,,,
HH015269,HNW,0.0,desarrollo,2,1,1,2,1
HH015270,HNW,0.0,holdout,,,,,
HH015271,HNW,0.0,desarrollo,1,0,3,0,3
HH015272,HNW,0.0,desarrollo,2,2,0,1,4
HH015273,HNW,0.0,desarrollo,2,3,0,4,1
HH015274,UHNW,0.0,holdout,,,,,
HH015275,HNW,0.0,desarrollo,2,0,3,1,0
HH015276,HNW,0.0,desarrollo,0,2,3,1,2
HH015277,HNW,0.0,holdout,,,,,
HH015278,HNW,0.0,holdout,,,,,
HH015279,HNW,0.0,desarrollo,2,0,2,1,0
HH015280,HNW,0.0,desarrollo,3,2,1,4,0
HH015281,HNW,0.0,holdout,,,,,
HH015282,HNW,0.0,holdout,,,,,
HH015283,HNW,1.0,desarrollo,1,2,4,2,3
HH015284,UHNW,0.0,desarrollo,1,0,1,1,4
HH015285,HNW,0.0,desarrollo,3,2,4,0,4
HH015286,HNW,0.0,desarrollo,1,4,0,1,3
HH015287,HNW,0.0,holdout,,,,,
HH015288,HNW,0.0,desarrollo,4,2,2,2,4
HH015289,HNW,0.0,desarrollo,2,1,1,4,4
HH015290,UHNW,0.0,holdout,,,,,
HH015291,HNW,0.0,holdout,,,,,
HH015292,HNW,0.0,desarrollo,4,4,1,0,1
HH015293,UHNW,0.0,holdout,,,,,
HH015294,HNW,0.0,desarrollo,2,0,0,0,1
HH015295,HNW,0.0,holdout,,,,,
HH015296,HNW,0.0,desarrollo,0,4,2,4,4
HH015297,UHNW,0.0,desarrollo,1,1,2,3,3
HH015298,HNW,0.0,desarrollo,3,1,4,4,0
HH015299,HNW,1.0,desarrollo,2,0,0,1,3
HH015300,HNW,0.0,desarrollo,0,2,0,2,0
HH015301,HNW,0.0,holdout,,,,,
HH015302,HNW,1.0,holdout,,,,,
HH015303,HNW,0.0,desarrollo,3,0,1,0,0
HH015304,HNW,0.0,desarrollo,1,4,4,0,1
HH015305,HNW,0.0,desarrollo,0,2,3,4,3
HH015306,HNW,0.0,desarrollo,2,4,4,1,2
HH015307,HNW,0.0,holdout,,,,,
HH015308,HNW,0.0,desarrollo,4,2,0,2,1
HH015309,HNW,1.0,desarrollo,3,2,1,1,2
HH015310,HNW,0.0,holdout,,,,,
HH015311,HNW,0.0,desarrollo,3,4,2,2,3
HH015312,HNW,0.0,desarrollo,3,3,3,1,0
HH015313,HNW,0.0,desarrollo,0,2,1,2,3
HH015314,HNW,0.0,holdout,,,,,
HH015315,HNW,0.0,desarrollo,2,1,4,2,4
HH015316,HNW,0.0,desarrollo,4,1,2,2,4
HH015317,HNW,0.0,holdout,,,,,
HH015318,HNW,0.0,holdout,,,,,
HH015319,UHNW,0.0,holdout,,,,,
HH015320,HNW,0.0,desarrollo,2,4,4,0,2
HH015321,HNW,0.0,desarrollo,4,3,1,1,0
HH015322,HNW,0.0,desarrollo,0,3,0,4,0
HH015323,HNW,0.0,desarrollo,2,0,3,2,4
HH015324,HNW,0.0,holdout,,,,,
HH015325,HNW,0.0,desarrollo,4,4,1,3,4
HH015326,HNW,0.0,desarrollo,3,3,2,4,2
HH015327,HNW,0.0,desarrollo,2,0,2,2,4
HH015328,HNW,0.0,desarrollo,0,2,3,2,0
HH015329,HNW,0.0,desarrollo,3,2,3,4,4
HH015330,HNW,0.0,desarrollo,3,2,4,2,1
HH015331,HNW,0.0,desarrollo,3,4,0,1,0
HH015332,HNW,0.0,holdout,,,,,
HH015333,HNW,0.0,desarrollo,1,4,0,1,0
HH015334,HNW,0.0,holdout,,,,,
HH015335,HNW,0.0,desarrollo,2,0,2,1,1
HH015336,HNW,0.0,desarrollo,1,0,4,0,3
HH015337,HNW,1.0,holdout,,,,,
HH015338,HNW,0.0,desarrollo,4,3,4,2,1
HH015339,HNW,0.0,desarrollo,3,0,0,3,0
HH015340,HNW,0.0,desarrollo,0,0,1,4,3
HH015341,HNW,0.0,desarrollo,3,3,2,1,2
HH015342,HNW,0.0,desarrollo,4,4,4,2,4
HH015343,HNW,0.0,holdout,,,,,
HH015344,HNW,1.0,desarrollo,0,1,1,1,4
HH015345,UHNW,0.0,holdout,,,,,
HH015346,HNW,0.0,desarrollo,1,2,1,4,1
HH015347,HNW,0.0,holdout,,,,,
HH015348,HNW,0.0,desarrollo,4,4,1,1,4
HH015349,HNW,0.0,desarrollo,3,1,4,1,2
HH015350,HNW,0.0,holdout,,,,,
HH015351,HNW,0.0,desarrollo,4,2,2,4,4
HH015352,HNW,0.0,desarrollo,0,4,3,0,2
HH015353,HNW,0.0,holdout,,,,,
HH015354,HNW,0.0,desarrollo,3,3,1,2,0
HH015355,HNW,0.0,desarrollo,2,2,2,3,1
HH015356,HNW,0.0,desarrollo,4,2,1,3,1
HH015357,HNW,0.0,desarrollo,1,3,3,4,1
HH015358,HNW,0.0,desarrollo,2,2,2,4,1
HH015359,HNW,0.0,holdout,,,,,
HH015360,HNW,1.0,holdout,,,,,
HH015361,UHNW,0.0,desarrollo,3,2,1,2,0
HH015362,HNW,0.0,desarrollo,4,2,0,2,2
HH015363,HNW,0.0,desarrollo,1,3,3,3,4
HH015364,HNW,0.0,desarrollo,3,2,2,4,2
HH015365,HNW,0.0,desarrollo,0,1,2,3,1
HH015366,HNW,0.0,holdout,,,,,
HH015367,HNW,0.0,holdout,,,,,
HH015368,HNW,0.0,desarrollo,4,4,1,0,1
HH015369,HNW,0.0,desarrollo,0,4,4,0,4
HH015370,HNW,0.0,holdout,,,,,
HH015371,HNW,0.0,desarrollo,4,4,0,1,0
HH015372,HNW,0.0,desarrollo,2,3,4,0,0
HH015373,HNW,0.0,desarrollo,1,4,3,1,4
HH015374,HNW,0.0,holdout,,,,,
HH015375,HNW,0.0,desarrollo,0,4,1,0,2
HH015376,HNW,0.0,holdout,,,,,
HH015377,HNW,0.0,holdout,,,,,
HH015378,HNW,0.0,desarrollo,1,0,1,2,2
HH015379,HNW,0.0,holdout,,,,,
HH015380,HNW,0.0,desarrollo,2,1,1,0,4
HH015381,HNW,0.0,holdout,,,,,
HH015382,HNW,0.0,desarrollo,4,3,4,4,4
HH015383,HNW,0.0,desarrollo,2,4,0,2,1
HH015384,HNW,0.0,desarrollo,2,1,2,3,2
HH015385,HNW,0.0,desarrollo,1,2,1,1,2
HH015386,HNW,1.0,desarrollo,0,4,0,2,1
HH015387,HNW,0.0,holdout,,,,,
HH015388,HNW,0.0,desarrollo,2,3,4,0,4
HH015389,HNW,0.0,desarrollo,2,3,3,3,4
HH015390,HNW,0.0,desarrollo,2,3,0,4,0
HH015391,HNW,0.0,desarrollo,0,1,3,4,1
HH015392,HNW,0.0,desarrollo,3,0,0,4,4
HH015393,HNW,0.0,holdout,,,,,
HH015394,HNW,0.0,desarrollo,1,2,4,0,4
HH015395,HNW,0.0,desarrollo,0,3,2,2,1
HH015396,HNW,0.0,desarrollo,0,0,4,2,0
HH015397,HNW,0.0,desarrollo,2,4,0,4,3
HH015398,HNW,0.0,desarrollo,3,4,0,3,3
HH015399,HNW,0.0,desarrollo,1,2,0,3,1
HH015400,HNW,0.0,desarrollo,2,4,1,2,2
HH015401,HNW,0.0,holdout,,,,,
HH015402,HNW,0.0,desarrollo,1,0,4,2,3
HH015403,HNW,0.0,holdout,,,,,
HH015404,HNW,0.0,holdout,,,,,
HH015405,HNW,0.0,desarrollo,0,4,1,1,3
HH015406,HNW,0.0,desarrollo,0,1,0,0,4
HH015407,HNW,0.0,desarrollo,0,3,0,4,3
HH015408,HNW,,excluido,,,,,
HH015409,HNW,0.0,holdout,,,,,
HH015410,HNW,0.0,desarrollo,4,3,4,4,2
HH015411,HNW,0.0,desarrollo,1,3,3,2,1
HH015412,HNW,0.0,desarrollo,1,0,0,1,4
HH015413,HNW,0.0,desarrollo,1,4,2,1,2
HH015414,HNW,0.0,desarrollo,4,2,1,1,1
HH015415,HNW,0.0,desarrollo,2,4,3,2,0
HH015416,HNW,0.0,holdout,,,,,
HH015417,HNW,0.0,desarrollo,0,1,2,0,2
HH015418,HNW,0.0,desarrollo,2,1,1,2,4
HH015419,HNW,0.0,holdout,,,,,
HH015420,HNW,0.0,holdout,,,,,
HH015421,HNW,0.0,desarrollo,3,2,2,1,1
HH015422,HNW,0.0,holdout,,,,,
HH015423,HNW,0.0,desarrollo,1,1,1,2,1
HH015424,HNW,0.0,desarrollo,2,4,3,4,3
HH015425,HNW,1.0,holdout,,,,,
HH015426,HNW,0.0,holdout,,,,,
HH015427,HNW,0.0,desarrollo,2,3,4,1,3
HH015428,HNW,0.0,holdout,,,,,
HH015429,HNW,0.0,desarrollo,4,3,1,2,2
HH015430,HNW,0.0,desarrollo,3,4,2,2,3
HH015431,HNW,1.0,desarrollo,4,0,2,4,0
HH015432,HNW,0.0,desarrollo,2,4,0,1,4
HH015433,HNW,0.0,desarrollo,0,4,2,0,0
HH015434,HNW,0.0,desarrollo,1,0,0,0,3
HH015435,HNW,0.0,holdout,,,,,
HH015436,HNW,0.0,desarrollo,3,3,1,3,4
HH015437,HNW,0.0,holdout,,,,,
HH015438,HNW,1.0,holdout,,,,,
HH015439,HNW,0.0,desarrollo,0,1,0,1,1
HH015440,HNW,0.0,desarrollo,2,2,4,1,3
HH015441,HNW,0.0,holdout,,,,,
HH015442,HNW,0.0,holdout,,,,,
HH015443,HNW,0.0,holdout,,,,,
HH015444,HNW,0.0,desarrollo,4,1,1,1,4
HH015445,HNW,0.0,desarrollo,4,1,0,0,0
HH015446,HNW,0.0,desarrollo,2,4,0,1,2
HH015447,HNW,0.0,desarrollo,0,2,4,1,0
HH015448,HNW,0.0,desarrollo,2,2,3,0,2
HH015449,HNW,0.0,desarrollo,4,1,3,0,3
HH015450,HNW,0.0,holdout,,,,,
HH015451,HNW,0.0,desarrollo,0,1,4,0,4
HH015452,HNW,0.0,holdout,,,,,
HH015453,HNW,0.0,desarrollo,3,4,3,2,4
HH015454,HNW,0.0,holdout,,,,,
HH015455,HNW,0.0,desarrollo,0,4,2,0,1
HH015456,HNW,0.0,desarrollo,2,3,2,4,4
HH015457,HNW,0.0,desarrollo,3,2,0,4,2
HH015458,HNW,0.0,desarrollo,1,2,3,4,4
HH015459,HNW,0.0,holdout,,,,,
HH015460,HNW,0.0,desarrollo,2,0,2,3,4
HH015461,HNW,0.0,holdout,,,,,
HH015462,HNW,0.0,desarrollo,4,3,2,2,1
HH015463,HNW,1.0,desarrollo,4,3,4,4,2
HH015464,HNW,0.0,desarrollo,4,3,3,4,1
HH015465,HNW,0.0,desarrollo,2,4,2,4,3
HH015466,HNW,0.0,desarrollo,1,2,0,2,0
HH015467,HNW,0.0,holdout,,,,,
HH015468,HNW,0.0,holdout,,,,,
HH015469,HNW,0.0,holdout,,,,,
HH015470,HNW,0.0,desarrollo,4,0,1,1,4
HH015471,HNW,0.0,desarrollo,2,0,1,3,4
HH015472,HNW,1.0,desarrollo,4,3,3,0,1
HH015473,HNW,0.0,desarrollo,3,2,4,4,0
HH015474,UHNW,0.0,desarrollo,4,0,1,3,3
HH015475,HNW,0.0,desarrollo,0,2,3,1,3
HH015476,HNW,0.0,desarrollo,0,0,0,0,4
HH015477,HNW,0.0,desarrollo,2,4,0,2,4
HH015478,HNW,0.0,desarrollo,2,1,2,4,2
HH015479,HNW,0.0,holdout,,,,,
HH015480,HNW,0.0,desarrollo,3,4,4,2,4
HH015481,HNW,0.0,desarrollo,3,2,4,2,4
HH015482,HNW,0.0,holdout,,,,,
HH015483,HNW,0.0,holdout,,,,,
HH015484,HNW,0.0,desarrollo,0,4,0,1,2
HH015485,HNW,0.0,holdout,,,,,
HH015486,HNW,0.0,holdout,,,,,
HH015487,HNW,0.0,desarrollo,2,2,1,1,0
HH015488,HNW,1.0,holdout,,,,,
HH015489,HNW,0.0,desarrollo,4,4,2,1,1
HH015490,HNW,0.0,desarrollo,0,0,1,2,3
HH015491,HNW,1.0,holdout,,,,,
HH015492,HNW,0.0,holdout,,,,,
HH015493,HNW,1.0,holdout,,,,,
HH015494,HNW,0.0,desarrollo,0,4,0,2,3
HH015495,HNW,0.0,desarrollo,1,3,2,4,0
HH015496,HNW,0.0,desarrollo,2,0,0,3,3
HH015497,HNW,0.0,desarrollo,3,0,0,0,2
HH015498,HNW,0.0,desarrollo,3,3,0,4,0
HH015499,HNW,0.0,holdout,,,,,
HH015500,HNW,0.0,desarrollo,3,2,2,2,3
HH015501,HNW,0.0,desarrollo,1,2,2,0,2
HH015502,UHNW,0.0,desarrollo,0,1,0,4,2
HH015503,HNW,0.0,desarrollo,0,4,4,4,4
HH015504,HNW,0.0,desarrollo,2,3,2,1,0
HH015505,HNW,0.0,holdout,,,,,
HH015506,HNW,0.0,holdout,,,,,
HH015507,HNW,0.0,desarrollo,1,0,4,3,4
HH015508,HNW,0.0,holdout,,,,,
HH015509,HNW,0.0,desarrollo,0,2,1,1,4
HH015510,HNW,0.0,desarrollo,1,3,2,2,1
HH015511,UHNW,0.0,desarrollo,0,1,2,3,1
HH015512,HNW,0.0,desarrollo,0,2,0,0,4
HH015513,HNW,0.0,desarrollo,4,3,1,2,3
HH015514,HNW,0.0,desarrollo,1,4,1,2,2
HH015515,HNW,0.0,desarrollo,2,0,3,1,0
HH015516,HNW,0.0,desarrollo,0,4,2,3,3
HH015517,HNW,0.0,desarrollo,2,3,1,2,0
HH015518,HNW,0.0,holdout,,,,,
HH015519,HNW,0.0,holdout,,,,,
HH015520,HNW,0.0,desarrollo,2,2,1,0,3
HH015521,HNW,0.0,holdout,,,,,
HH015522,HNW,0.0,desarrollo,3,2,1,2,4
HH015523,HNW,0.0,desarrollo,0,4,4,3,4
HH015524,HNW,0.0,desarrollo,4,0,4,0,0
HH015525,HNW,0.0,desarrollo,1,0,4,1,4
HH015526,HNW,0.0,holdout,,,,,
HH015527,HNW,0.0,holdout,,,,,
HH015528,HNW,0.0,desarrollo,0,0,0,1,0
HH015529,HNW,0.0,desarrollo,2,4,4,2,1
HH015530,HNW,0.0,desarrollo,4,2,3,2,4
HH015531,HNW,0.0,holdout,,,,,
HH015532,HNW,0.0,desarrollo,3,2,3,2,0
HH015533,HNW,0.0,holdout,,,,,
HH015534,HNW,0.0,desarrollo,2,4,4,2,4
HH015535,HNW,0.0,desarrollo,2,3,1,4,1
HH015536,HNW,0.0,desarrollo,4,1,4,0,1
HH015537,HNW,0.0,desarrollo,4,4,1,4,4
HH015538,HNW,0.0,desarrollo,2,4,2,3,0
HH015539,HNW,0.0,desarrollo,3,2,3,0,4
HH015540,HNW,0.0,desarrollo,0,2,1,4,0
HH015541,HNW,0.0,desarrollo,3,4,2,4,1
HH015542,HNW,0.0,holdout,,,,,
HH015543,HNW,0.0,holdout,,,,,
HH015544,HNW,0.0,desarrollo,0,2,4,0,1
HH015545,HNW,0.0,desarrollo,1,1,2,0,3
HH015546,HNW,0.0,desarrollo,4,0,3,3,2
HH015547,HNW,0.0,desarrollo,0,2,4,2,3
HH015548,HNW,0.0,desarrollo,1,2,0,0,3
HH015549,HNW,0.0,desarrollo,2,1,0,0,0
HH015550,HNW,0.0,holdout,,,,,
HH015551,HNW,0.0,desarrollo,2,4,3,0,4
HH015552,HNW,0.0,holdout,,,,,
HH015553,HNW,0.0,desarrollo,3,4,3,4,0
HH015554,HNW,0.0,desarrollo,4,3,1,1,0
HH015555,HNW,0.0,desarrollo,3,1,2,0,2
HH015556,HNW,0.0,desarrollo,4,1,3,1,4
HH015557,HNW,0.0,holdout,,,,,
HH015558,HNW,0.0,desarrollo,4,2,1,1,0
HH015559,HNW,0.0,desarrollo,2,1,1,2,2
HH015560,UHNW,0.0,desarrollo,1,0,0,2,2
HH015561,HNW,0.0,holdout,,,,,
HH015562,HNW,0.0,holdout,,,,,
HH015563,HNW,0.0,desarrollo,0,3,2,2,4
HH015564,HNW,0.0,desarrollo,3,4,2,4,2
HH015565,HNW,0.0,holdout,,,,,
HH015566,HNW,0.0,holdout,,,,,
HH015567,HNW,0.0,desarrollo,4,4,3,3,1
HH015568,HNW,0.0,holdout,,,,,
HH015569,HNW,0.0,holdout,,,,,
HH015570,HNW,0.0,desarrollo,3,3,4,1,0
HH015571,HNW,0.0,desarrollo,4,3,4,4,0
HH015572,HNW,0.0,desarrollo,4,4,4,0,0
HH015573,HNW,0.0,desarrollo,4,0,4,3,3
HH015574,HNW,0.0,desarrollo,0,4,4,0,0
HH015575,HNW,0.0,desarrollo,0,2,0,1,4
HH015576,HNW,0.0,holdout,,,,,
HH015577,HNW,0.0,holdout,,,,,
HH015578,HNW,0.0,desarrollo,4,1,1,4,4
HH015579,HNW,0.0,desarrollo,1,0,4,3,3
HH015580,HNW,0.0,desarrollo,2,3,4,4,4
HH015581,HNW,0.0,holdout,,,,,
HH015582,HNW,0.0,desarrollo,3,1,4,0,3
HH015583,HNW,0.0,desarrollo,4,4,2,4,3
HH015584,HNW,0.0,desarrollo,0,0,1,1,2
HH015585,HNW,1.0,holdout,,,,,
HH015586,HNW,0.0,desarrollo,0,2,4,0,1
HH015587,HNW,0.0,holdout,,,,,
HH015588,HNW,0.0,desarrollo,3,4,4,2,1
HH015589,HNW,0.0,holdout,,,,,
HH015590,HNW,0.0,holdout,,,,,
HH015591,HNW,0.0,holdout,,,,,
HH015592,HNW,0.0,desarrollo,0,2,3,2,3
HH015593,HNW,0.0,desarrollo,0,2,4,0,2
HH015594,HNW,0.0,desarrollo,0,1,4,0,1
HH015595,HNW,0.0,holdout,,,,,
HH015596,HNW,0.0,desarrollo,3,0,3,3,3
HH015597,HNW,0.0,desarrollo,4,4,2,2,0
HH015598,HNW,0.0,desarrollo,0,4,4,4,3
HH015599,HNW,0.0,holdout,,,,,
HH015600,HNW,0.0,desarrollo,0,4,3,0,2
HH015601,HNW,0.0,desarrollo,2,2,3,3,2
HH015602,HNW,0.0,desarrollo,4,2,4,0,2
HH015603,HNW,0.0,desarrollo,3,1,4,4,3
HH015604,HNW,0.0,desarrollo,1,2,2,0,0
HH015605,HNW,0.0,desarrollo,3,2,3,0,1
HH015606,HNW,0.0,desarrollo,0,2,3,1,3
HH015607,HNW,0.0,holdout,,,,,
HH015608,HNW,0.0,desarrollo,2,1,4,3,2
HH015609,HNW,0.0,desarrollo,4,3,4,1,3
HH015610,HNW,0.0,desarrollo,3,0,3,3,4
HH015611,HNW,0.0,holdout,,,,,
HH015612,HNW,0.0,desarrollo,3,0,4,4,4
HH015613,HNW,0.0,desarrollo,1,0,1,2,2
HH015614,HNW,0.0,desarrollo,3,2,1,0,4
HH015615,HNW,0.0,desarrollo,3,4,3,3,4
HH015616,HNW,1.0,desarrollo,1,0,2,0,1
HH015617,HNW,0.0,desarrollo,1,0,4,2,3
HH015618,UHNW,0.0,desarrollo,4,4,4,4,3
HH015619,HNW,0.0,desarrollo,4,0,0,3,3
HH015620,HNW,0.0,desarrollo,4,1,4,2,1
HH015621,UHNW,0.0,desarrollo,0,1,2,4,0
HH015622,HNW,0.0,desarrollo,4,1,3,4,0
HH015623,HNW,0.0,holdout,,,,,
HH015624,HNW,0.0,desarrollo,3,0,1,4,3
HH015625,HNW,0.0,desarrollo,1,4,0,1,1
HH015626,HNW,1.0,holdout,,,,,
HH015627,UHNW,0.0,holdout,,,,,
HH015628,HNW,0.0,desarrollo,2,3,1,0,2
HH015629,HNW,0.0,holdout,,,,,
HH015630,HNW,0.0,holdout,,,,,
HH015631,HNW,0.0,desarrollo,3,3,2,3,0
HH015632,HNW,0.0,desarrollo,0,1,2,4,0
HH015633,HNW,0.0,holdout,,,,,
HH015634,HNW,0.0,desarrollo,4,3,2,2,3
HH015635,UHNW,0.0,desarrollo,2,2,2,0,1
HH015636,HNW,0.0,desarrollo,3,1,4,4,4
HH015637,HNW,0.0,desarrollo,2,2,1,3,3
HH015638,HNW,0.0,desarrollo,3,2,0,1,3
HH015639,HNW,0.0,desarrollo,0,0,4,4,4
HH015640,HNW,0.0,desarrollo,2,3,2,3,4
HH015641,HNW,0.0,holdout,,,,,
HH015642,UHNW,0.0,desarrollo,2,2,1,1,3
HH015643,HNW,0.0,desarrollo,1,2,0,2,4
HH015644,HNW,0.0,desarrollo,0,1,3,2,2
HH015645,HNW,0.0,desarrollo,3,2,0,0,1
HH015646,HNW,0.0,desarrollo,1,1,1,2,1
HH015647,UHNW,0.0,desarrollo,3,1,3,2,2
HH015648,HNW,0.0,desarrollo,1,4,0,0,1
HH015649,HNW,0.0,desarrollo,2,1,2,3,3
HH015650,HNW,0.0,holdout,,,,,
HH015651,HNW,0.0,desarrollo,4,4,1,2,4
HH015652,HNW,0.0,desarrollo,0,2,4,2,0
HH015653,HNW,0.0,holdout,,,,,
HH015654,HNW,0.0,holdout,,,,,
HH015655,HNW,0.0,desarrollo,3,0,3,4,4
HH015656,HNW,0.0,desarrollo,4,3,1,3,3
HH015657,HNW,0.0,holdout,,,,,
HH015658,HNW,0.0,desarrollo,2,2,3,1,2
HH015659,HNW,0.0,desarrollo,3,2,4,2,2
HH015660,HNW,0.0,holdout,,,,,
HH015661,HNW,0.0,desarrollo,1,2,1,4,2
HH015662,HNW,0.0,desarrollo,3,3,3,2,1
HH015663,HNW,1.0,holdout,,,,,
HH015664,HNW,0.0,desarrollo,0,2,3,3,1
HH015665,HNW,0.0,holdout,,,,,
HH015666,HNW,0.0,holdout,,,,,
HH015667,HNW,0.0,desarrollo,4,3,2,2,4
HH015668,HNW,0.0,holdout,,,,,
HH015669,HNW,0.0,holdout,,,,,
HH015670,HNW,0.0,holdout,,,,,
HH015671,HNW,0.0,desarrollo,4,2,1,1,2
HH015672,HNW,0.0,desarrollo,3,1,1,1,1
HH015673,HNW,0.0,desarrollo,0,3,4,1,4
HH015674,HNW,0.0,desarrollo,4,4,1,0,0
HH015675,HNW,1.0,desarrollo,0,3,4,2,4
HH015676,HNW,0.0,holdout,,,,,
HH015677,HNW,0.0,desarrollo,0,1,1,4,2
HH015678,HNW,1.0,holdout,,,,,
HH015679,HNW,0.0,holdout,,,,,
HH015680,HNW,0.0,desarrollo,4,2,3,3,0
HH015681,HNW,0.0,desarrollo,0,3,0,2,2
HH015682,HNW,0.0,desarrollo,3,0,0,0,2
HH015683,HNW,0.0,holdout,,,,,
HH015684,HNW,0.0,desarrollo,3,3,0,4,2
HH015685,HNW,0.0,desarrollo,1,1,2,1,3
HH015686,HNW,0.0,desarrollo,4,2,0,2,1
HH015687,HNW,1.0,desarrollo,4,2,4,2,0
HH015688,HNW,0.0,holdout,,,,,
HH015689,UHNW,0.0,desarrollo,2,0,4,4,2
HH015690,HNW,0.0,holdout,,,,,
HH015691,HNW,0.0,holdout,,,,,
HH015692,HNW,0.0,desarrollo,0,1,4,4,1
HH015693,HNW,0.0,desarrollo,4,1,0,2,4
HH015694,HNW,0.0,desarrollo,0,4,4,3,3
HH015695,HNW,0.0,holdout,,,,,
HH015696,UHNW,0.0,desarrollo,3,3,2,1,2
HH015697,HNW,0.0,desarrollo,3,1,4,3,1
HH015698,HNW,0.0,desarrollo,2,0,2,3,2
HH015699,HNW,0.0,holdout,,,,,
HH015700,HNW,0.0,desarrollo,2,2,2,3,1
HH015701,HNW,0.0,holdout,,,,,
HH015702,HNW,0.0,desarrollo,4,3,0,2,0
HH015703,HNW,0.0,desarrollo,0,4,1,4,0
HH015704,HNW,0.0,desarrollo,2,0,0,4,3
HH015705,HNW,0.0,desarrollo,2,1,0,1,2
HH015706,HNW,0.0,holdout,,,,,
HH015707,HNW,0.0,desarrollo,0,1,3,1,1
HH015708,HNW,0.0,holdout,,,,,
HH015709,HNW,0.0,desarrollo,3,4,0,3,2
HH015710,HNW,0.0,desarrollo,4,0,2,0,1
HH015711,HNW,0.0,desarrollo,2,2,3,1,4
HH015712,HNW,0.0,desarrollo,4,2,1,4,1
HH015713,HNW,0.0,desarrollo,1,2,1,0,1
HH015714,HNW,0.0,holdout,,,,,
HH015715,HNW,1.0,desarrollo,2,2,4,2,3
HH015716,HNW,0.0,holdout,,,,,
HH015717,HNW,0.0,holdout,,,,,
HH015718,HNW,0.0,desarrollo,4,2,0,1,2
HH015719,HNW,0.0,desarrollo,4,3,0,3,2
HH015720,HNW,0.0,desarrollo,1,0,2,3,3
HH015721,HNW,0.0,desarrollo,2,2,4,4,4
HH015722,HNW,0.0,holdout,,,,,
HH015723,UHNW,0.0,desarrollo,2,2,4,0,0
HH015724,HNW,1.0,desarrollo,0,1,3,0,3
HH015725,HNW,1.0,holdout,,,,,
HH015726,HNW,0.0,holdout,,,,,
HH015727,HNW,0.0,holdout,,,,,
HH015728,HNW,1.0,desarrollo,1,2,4,0,3
HH015729,HNW,0.0,holdout,,,,,
HH015730,HNW,0.0,desarrollo,2,4,2,3,4
HH015731,HNW,0.0,desarrollo,4,0,0,0,2
HH015732,HNW,0.0,desarrollo,1,4,2,2,4
HH015733,HNW,0.0,desarrollo,4,1,0,1,3
HH015734,HNW,0.0,desarrollo,1,4,3,4,4
HH015735,HNW,0.0,desarrollo,2,1,4,1,2
HH015736,HNW,0.0,desarrollo,0,3,4,0,4
HH015737,UHNW,0.0,desarrollo,2,4,0,4,3
HH015738,HNW,0.0,desarrollo,2,4,3,1,4
HH015739,HNW,0.0,desarrollo,2,3,1,3,4
HH015740,HNW,1.0,desarrollo,1,4,1,2,2
HH015741,HNW,0.0,desarrollo,0,2,3,2,0
HH015742,HNW,0.0,desarrollo,4,4,3,3,3
HH015743,HNW,0.0,desarrollo,3,4,2,1,2
HH015744,HNW,0.0,desarrollo,4,1,3,4,2
HH015745,HNW,0.0,desarrollo,2,1,4,1,3
HH015746,HNW,1.0,desarrollo,1,3,4,4,4
HH015747,HNW,0.0,desarrollo,0,1,3,1,1
HH015748,HNW,0.0,desarrollo,0,1,4,0,2
HH015749,HNW,0.0,holdout,,,,,
HH015750,HNW,0.0,desarrollo,0,3,4,2,1
HH015751,HNW,0.0,desarrollo,4,4,1,3,0
HH015752,HNW,0.0,holdout,,,,,
HH015753,HNW,0.0,desarrollo,2,3,1,4,3
HH015754,HNW,0.0,holdout,,,,,
HH015755,UHNW,0.0,desarrollo,2,2,1,0,4
HH015756,HNW,0.0,desarrollo,3,1,2,3,0
HH015757,HNW,0.0,holdout,,,,,
HH015758,HNW,0.0,holdout,,,,,
HH015759,HNW,0.0,holdout,,,,,
HH015760,HNW,0.0,holdout,,,,,
HH015761,HNW,0.0,desarrollo,0,0,4,4,1
HH015762,HNW,0.0,desarrollo,0,2,3,1,3
HH015763,HNW,0.0,holdout,,,,,
HH015764,HNW,0.0,desarrollo,0,0,0,1,2
HH015765,HNW,,excluido,,,,,
HH015766,HNW,0.0,desarrollo,2,3,4,2,1
HH015767,HNW,0.0,desarrollo,4,2,3,0,1
HH015768,HNW,0.0,holdout,,,,,
HH015769,HNW,0.0,desarrollo,2,4,3,2,4
HH015770,HNW,0.0,desarrollo,3,2,3,3,1
HH015771,HNW,0.0,holdout,,,,,
HH015772,HNW,0.0,holdout,,,,,
HH015773,UHNW,0.0,holdout,,,,,
HH015774,HNW,0.0,desarrollo,0,2,4,0,0
HH015775,HNW,0.0,desarrollo,3,0,4,2,2
HH015776,HNW,0.0,desarrollo,1,0,2,4,0
HH015777,HNW,0.0,desarrollo,3,1,1,1,0
HH015778,HNW,0.0,desarrollo,3,3,0,4,1
HH015779,HNW,0.0,holdout,,,,,
HH015780,HNW,0.0,holdout,,,,,
HH015781,HNW,0.0,desarrollo,1,2,3,2,2
HH015782,HNW,0.0,holdout,,,,,
HH015783,HNW,0.0,desarrollo,0,2,0,3,2
HH015784,HNW,0.0,desarrollo,4,2,4,0,0
HH015785,HNW,0.0,holdout,,,,,
HH015786,HNW,0.0,holdout,,,,,
HH015787,HNW,0.0,desarrollo,3,0,3,0,3
HH015788,HNW,0.0,holdout,,,,,
HH015789,UHNW,0.0,desarrollo,0,1,1,1,2
HH015790,HNW,0.0,holdout,,,,,
HH015791,HNW,0.0,desarrollo,1,4,3,1,0
HH015792,HNW,0.0,holdout,,,,,
HH015793,HNW,0.0,desarrollo,1,3,4,0,3
HH015794,HNW,0.0,desarrollo,1,4,4,1,0
HH015795,UHNW,0.0,desarrollo,4,3,0,0,4
HH015796,HNW,0.0,desarrollo,2,4,0,1,3
HH015797,HNW,0.0,desarrollo,0,0,4,3,3
HH015798,HNW,0.0,desarrollo,3,3,0,2,4
HH015799,HNW,0.0,desarrollo,2,1,4,2,1
HH015800,UHNW,0.0,holdout,,,,,
HH015801,HNW,1.0,desarrollo,0,3,3,3,3
HH015802,HNW,0.0,desarrollo,1,0,0,1,0
HH015803,HNW,1.0,desarrollo,0,4,3,1,4
HH015804,HNW,0.0,desarrollo,0,1,4,4,1
HH015805,HNW,0.0,holdout,,,,,
HH015806,HNW,0.0,holdout,,,,,
HH015807,HNW,0.0,desarrollo,4,2,2,4,2
HH015808,HNW,0.0,desarrollo,1,0,2,0,1
HH015809,HNW,0.0,desarrollo,3,4,1,1,1
HH015810,HNW,0.0,desarrollo,4,2,0,1,4
HH015811,HNW,0.0,holdout,,,,,
HH015812,HNW,0.0,holdout,,,,,
HH015813,HNW,0.0,desarrollo,4,0,1,4,1
HH015814,HNW,0.0,desarrollo,0,0,1,1,3
HH015815,HNW,0.0,desarrollo,4,3,0,2,2
HH015816,HNW,0.0,holdout,,,,,
HH015817,HNW,0.0,holdout,,,,,
HH015818,HNW,0.0,holdout,,,,,
HH015819,HNW,0.0,desarrollo,3,4,1,3,2
HH015820,HNW,0.0,holdout,,,,,
HH015821,HNW,0.0,desarrollo,2,2,1,1,2
HH015822,UHNW,0.0,holdout,,,,,
HH015823,HNW,0.0,holdout,,,,,
HH015824,HNW,0.0,desarrollo,4,4,0,1,3
HH015825,HNW,0.0,desarrollo,1,3,3,0,1
HH015826,UHNW,0.0,desarrollo,4,4,4,1,4
HH015827,HNW,0.0,desarrollo,2,1,4,3,3
HH015828,HNW,0.0,desarrollo,3,1,3,0,3
HH015829,HNW,0.0,desarrollo,2,1,3,2,1
HH015830,HNW,0.0,holdout,,,,,
HH015831,HNW,0.0,desarrollo,4,0,0,0,4
HH015832,HNW,0.0,desarrollo,2,3,3,0,1
HH015833,HNW,0.0,desarrollo,3,2,3,1,0
HH015834,HNW,0.0,desarrollo,2,3,1,3,4
HH015835,UHNW,0.0,holdout,,,,,
HH015836,HNW,0.0,holdout,,,,,
HH015837,HNW,0.0,desarrollo,2,3,3,1,3
HH015838,HNW,0.0,holdout,,,,,
HH015839,HNW,0.0,holdout,,,,,
HH015840,HNW,0.0,desarrollo,0,1,3,1,1
HH015841,HNW,1.0,desarrollo,2,4,3,1,4
HH015842,HNW,0.0,desarrollo,0,1,4,1,0
HH015843,HNW,0.0,holdout,,,,,
HH015844,HNW,0.0,desarrollo,0,3,1,3,0
HH015845,HNW,0.0,holdout,,,,,
HH015846,HNW,0.0,desarrollo,0,3,0,2,0
HH015847,HNW,0.0,desarrollo,3,3,4,0,2
HH015848,HNW,0.0,holdout,,,,,
HH015849,HNW,1.0,desarrollo,1,2,0,3,2
HH015850,HNW,0.0,holdout,,,,,
HH015851,HNW,0.0,desarrollo,3,4,2,4,3
HH015852,HNW,0.0,desarrollo,0,4,3,3,4
HH015853,HNW,0.0,desarrollo,0,3,0,2,3
HH015854,HNW,0.0,holdout,,,,,
HH015855,HNW,0.0,desarrollo,1,0,3,4,2
HH015856,HNW,0.0,desarrollo,3,4,4,3,0
HH015857,HNW,0.0,desarrollo,1,2,2,3,2
HH015858,HNW,0.0,desarrollo,1,4,4,3,1
HH015859,HNW,0.0,holdout,,,,,
HH015860,HNW,0.0,desarrollo,3,0,1,0,3
HH015861,HNW,0.0,desarrollo,3,0,1,4,1
HH015862,HNW,0.0,desarrollo,2,2,3,0,3
HH015863,UHNW,0.0,desarrollo,4,3,1,3,3
HH015864,HNW,0.0,desarrollo,1,0,3,1,2
HH015865,HNW,1.0,desarrollo,1,4,3,3,1
HH015866,HNW,0.0,desarrollo,1,2,1,4,2
HH015867,HNW,0.0,holdout,,,,,
HH015868,HNW,0.0,desarrollo,2,2,3,0,3
HH015869,HNW,0.0,desarrollo,3,0,0,1,0
HH015870,UHNW,0.0,desarrollo,1,1,3,4,1
HH015871,HNW,0.0,desarrollo,4,1,2,4,0
HH015872,HNW,0.0,desarrollo,4,2,2,1,2
HH015873,HNW,0.0,desarrollo,3,0,3,4,4
HH015874,HNW,0.0,holdout,,,,,
HH015875,HNW,0.0,desarrollo,0,1,4,3,4
HH015876,HNW,0.0,desarrollo,2,0,4,3,2
HH015877,HNW,0.0,desarrollo,3,2,4,0,1
HH015878,HNW,0.0,desarrollo,4,4,2,0,2
HH015879,HNW,0.0,desarrollo,2,2,0,2,4
HH015880,HNW,0.0,holdout,,,,,
HH015881,HNW,0.0,desarrollo,3,0,3,4,2
HH015882,HNW,0.0,holdout,,,,,
HH015883,HNW,0.0,desarrollo,3,1,4,3,3
HH015884,HNW,0.0,desarrollo,4,1,1,2,0
HH015885,HNW,0.0,desarrollo,1,4,2,2,0
HH015886,HNW,0.0,desarrollo,4,2,1,1,0
HH015887,HNW,0.0,desarrollo,2,1,1,3,0
HH015888,HNW,0.0,desarrollo,4,3,3,3,2
HH015889,HNW,0.0,desarrollo,2,0,3,1,0
HH015890,HNW,1.0,desarrollo,2,4,0,1,2
HH015891,HNW,0.0,desarrollo,0,2,1,4,2
HH015892,HNW,0.0,holdout,,,,,
HH015893,HNW,0.0,desarrollo,0,3,3,1,2
HH015894,HNW,0.0,desarrollo,0,2,4,1,3
HH015895,HNW,0.0,holdout,,,,,
HH015896,HNW,0.0,holdout,,,,,
HH015897,HNW,0.0,holdout,,,,,
HH015898,HNW,0.0,holdout,,,,,
HH015899,HNW,0.0,holdout,,,,,
HH015900,HNW,0.0,desarrollo,2,1,4,4,1
HH015901,HNW,0.0,holdout,,,,,
HH015902,HNW,0.0,holdout,,,,,
HH015903,HNW,0.0,desarrollo,2,1,4,4,4
HH015904,HNW,0.0,desarrollo,1,1,4,3,4
HH015905,HNW,0.0,desarrollo,2,4,4,0,3
HH015906,HNW,0.0,desarrollo,1,3,0,0,2
HH015907,HNW,0.0,holdout,,,,,
HH015908,UHNW,0.0,holdout,,,,,
HH015909,HNW,0.0,holdout,,,,,
HH015910,HNW,0.0,desarrollo,2,3,0,1,3
HH015911,HNW,1.0,holdout,,,,,
HH015912,HNW,0.0,desarrollo,3,0,0,4,1
HH015913,HNW,0.0,desarrollo,4,1,4,1,0
HH015914,HNW,0.0,holdout,,,,,
HH015915,HNW,0.0,desarrollo,0,1,4,1,4
HH015916,HNW,0.0,desarrollo,3,0,2,0,0
HH015917,UHNW,0.0,desarrollo,0,4,0,3,4
HH015918,HNW,0.0,desarrollo,4,3,4,4,4
HH015919,HNW,0.0,holdout,,,,,
HH015920,HNW,0.0,holdout,,,,,
HH015921,HNW,0.0,desarrollo,1,1,3,2,1
HH015922,HNW,0.0,holdout,,,,,
HH015923,HNW,0.0,desarrollo,4,3,0,2,0
HH015924,HNW,0.0,desarrollo,0,4,3,4,4
HH015925,HNW,0.0,desarrollo,4,2,1,4,2
HH015926,HNW,0.0,desarrollo,2,1,1,3,0
HH015927,HNW,0.0,desarrollo,2,4,2,2,0
HH015928,HNW,1.0,desarrollo,0,3,0,4,0
HH015929,HNW,0.0,holdout,,,,,
HH015930,HNW,0.0,holdout,,,,,
HH015931,HNW,0.0,desarrollo,3,2,1,2,2
HH015932,HNW,0.0,holdout,,,,,
HH015933,HNW,0.0,desarrollo,1,0,3,4,4
HH015934,HNW,0.0,holdout,,,,,
HH015935,HNW,0.0,holdout,,,,,
HH015936,HNW,0.0,holdout,,,,,
HH015937,HNW,0.0,desarrollo,0,0,4,0,2
HH015938,HNW,0.0,holdout,,,,,
HH015939,HNW,0.0,desarrollo,3,2,4,2,1
HH015940,HNW,1.0,holdout,,,,,
HH015941,HNW,0.0,desarrollo,4,1,2,4,4
HH015942,HNW,0.0,desarrollo,1,4,2,1,3
HH015943,HNW,1.0,holdout,,,,,
HH015944,HNW,0.0,holdout,,,,,
HH015945,HNW,0.0,holdout,,,,,
HH015946,HNW,0.0,desarrollo,3,2,2,4,4
HH015947,HNW,0.0,desarrollo,3,1,0,2,3
HH015948,HNW,1.0,holdout,,,,,
HH015949,HNW,0.0,desarrollo,3,0,3,1,2
HH015950,UHNW,0.0,desarrollo,4,1,0,0,1
HH015951,HNW,0.0,holdout,,,,,
HH015952,HNW,0.0,desarrollo,2,2,4,0,1
HH015953,HNW,0.0,holdout,,,,,
HH015954,HNW,0.0,desarrollo,0,2,2,3,3
HH015955,HNW,0.0,desarrollo,3,4,1,0,2
HH015956,HNW,0.0,desarrollo,4,2,1,3,1
HH015957,HNW,0.0,desarrollo,0,2,0,0,4
HH015958,HNW,0.0,holdout,,,,,
HH015959,HNW,0.0,desarrollo,3,0,3,0,3
HH015960,HNW,0.0,holdout,,,,,
HH015961,HNW,0.0,desarrollo,1,0,3,0,2
HH015962,HNW,0.0,holdout,,,,,
HH015963,HNW,0.0,holdout,,,,,
HH015964,HNW,0.0,desarrollo,0,1,3,2,2
HH015965,HNW,0.0,desarrollo,3,3,3,3,1
HH015966,HNW,0.0,desarrollo,2,2,4,0,1
HH015967,HNW,0.0,desarrollo,4,1,4,0,2
HH015968,HNW,0.0,desarrollo,2,1,1,0,1
HH015969,HNW,0.0,holdout,,,,,
HH015970,HNW,0.0,desarrollo,4,0,4,3,4
HH015971,HNW,0.0,desarrollo,3,1,2,3,4
HH015972,HNW,0.0,desarrollo,4,3,4,1,1
HH015973,HNW,0.0,holdout,,,,,
HH015974,HNW,0.0,holdout,,,,,
HH015975,HNW,0.0,desarrollo,2,0,1,3,1
HH015976,HNW,0.0,desarrollo,2,0,1,0,2
HH015977,HNW,1.0,desarrollo,0,0,1,1,3
HH015978,HNW,1.0,holdout,,,,,
HH015979,HNW,0.0,holdout,,,,,
HH015980,HNW,0.0,holdout,,,,,
HH015981,HNW,0.0,holdout,,,,,
HH015982,HNW,0.0,desarrollo,1,3,1,1,4
HH015983,HNW,0.0,desarrollo,3,0,3,1,0
HH015984,HNW,0.0,holdout,,,,,
HH015985,HNW,0.0,desarrollo,0,3,4,4,4
HH015986,HNW,0.0,desarrollo,4,2,3,3,2
HH015987,HNW,0.0,desarrollo,0,3,4,3,1
HH015988,HNW,0.0,desarrollo,0,1,3,3,0
HH015989,HNW,0.0,desarrollo,4,4,1,1,2
HH015990,HNW,0.0,holdout,,,,,
HH015991,HNW,0.0,desarrollo,3,4,4,0,4
HH015992,HNW,0.0,holdout,,,,,
HH015993,HNW,0.0,desarrollo,3,4,4,3,4
HH015994,HNW,0.0,desarrollo,3,2,3,0,4
HH015995,HNW,0.0,desarrollo,1,3,3,3,2
HH015996,HNW,0.0,desarrollo,1,0,4,0,0
HH015997,HNW,0.0,desarrollo,1,1,2,1,3
HH015998,UHNW,0.0,desarrollo,0,0,3,2,3
HH015999,HNW,0.0,desarrollo,3,1,2,0,0
HH016000,HNW,0.0,desarrollo,2,4,4,0,3
HH016001,HNW,0.0,desarrollo,4,2,4,2,2
HH016002,HNW,0.0,holdout,,,,,
HH016003,HNW,0.0,desarrollo,4,3,1,3,2
HH016004,HNW,0.0,desarrollo,3,3,3,3,3
HH016005,HNW,0.0,holdout,,,,,
HH016006,HNW,0.0,holdout,,,,,
HH016007,HNW,0.0,holdout,,,,,
HH016008,HNW,0.0,desarrollo,1,4,2,2,0
HH016009,HNW,0.0,desarrollo,4,0,3,4,3
HH016010,UHNW,0.0,desarrollo,0,2,3,3,4
HH016011,HNW,0.0,desarrollo,3,1,0,0,2
HH016012,HNW,0.0,desarrollo,0,2,0,2,3
HH016013,HNW,0.0,desarrollo,2,0,3,0,4
HH016014,HNW,0.0,desarrollo,0,3,3,2,0
HH016015,HNW,0.0,desarrollo,4,1,3,0,4
HH016016,HNW,1.0,desarrollo,0,3,3,2,3
HH016017,HNW,0.0,desarrollo,4,1,4,1,0
HH016018,HNW,0.0,holdout,,,,,
HH016019,HNW,0.0,desarrollo,4,1,0,1,1
HH016020,HNW,0.0,desarrollo,3,0,2,4,3
HH016021,HNW,0.0,desarrollo,3,2,2,1,3
HH016022,HNW,1.0,desarrollo,4,3,0,2,1
HH016023,HNW,0.0,holdout,,,,,
HH016024,HNW,0.0,desarrollo,0,3,2,3,0
HH016025,HNW,0.0,desarrollo,3,0,1,3,3
HH016026,HNW,0.0,desarrollo,1,1,3,1,2
HH016027,HNW,0.0,desarrollo,4,4,1,4,2
HH016028,HNW,0.0,desarrollo,2,4,4,3,3
HH016029,HNW,0.0,desarrollo,3,0,0,1,0
HH016030,HNW,0.0,desarrollo,4,4,0,4,3
HH016031,HNW,0.0,desarrollo,1,1,2,2,2
HH016032,HNW,0.0,desarrollo,4,2,4,4,2
HH016033,HNW,0.0,holdout,,,,,
HH016034,HNW,0.0,desarrollo,2,2,0,0,2
HH016035,HNW,0.0,desarrollo,3,0,1,0,3
HH016036,HNW,0.0,desarrollo,0,0,0,4,4
HH016037,HNW,0.0,desarrollo,1,2,1,2,4
HH016038,HNW,0.0,desarrollo,0,1,1,0,0
HH016039,HNW,0.0,desarrollo,1,4,0,2,1
HH016040,HNW,0.0,desarrollo,1,0,1,4,1
HH016041,HNW,0.0,holdout,,,,,
HH016042,HNW,0.0,holdout,,,,,
HH016043,HNW,0.0,desarrollo,2,4,0,3,0
HH016044,HNW,0.0,desarrollo,1,4,4,0,3
HH016045,HNW,0.0,desarrollo,3,0,4,2,1
HH016046,HNW,0.0,holdout,,,,,
HH016047,UHNW,0.0,desarrollo,2,1,4,3,2
HH016048,HNW,0.0,desarrollo,2,2,2,1,4
HH016049,HNW,0.0,holdout,,,,,
HH016050,HNW,1.0,desarrollo,2,3,2,1,2
HH016051,HNW,0.0,desarrollo,1,4,2,1,1
HH016052,HNW,1.0,holdout,,,,,
HH016053,HNW,0.0,desarrollo,0,1,1,2,3
HH016054,HNW,0.0,desarrollo,4,2,1,4,1
HH016055,HNW,0.0,desarrollo,3,1,3,3,1
HH016056,HNW,0.0,desarrollo,2,1,2,3,1
HH016057,HNW,0.0,desarrollo,3,4,3,2,0
HH016058,HNW,1.0,desarrollo,2,3,1,0,2
HH016059,HNW,0.0,desarrollo,2,4,1,1,1
HH016060,HNW,0.0,desarrollo,0,0,4,1,1
HH016061,HNW,0.0,holdout,,,,,
HH016062,HNW,0.0,desarrollo,2,3,1,3,4
HH016063,HNW,0.0,holdout,,,,,
HH016064,HNW,0.0,holdout,,,,,
HH016065,HNW,1.0,holdout,,,,,
HH016066,HNW,0.0,holdout,,,,,
HH016067,HNW,0.0,desarrollo,1,3,1,1,2
HH016068,HNW,0.0,desarrollo,4,2,3,0,1
HH016069,HNW,0.0,desarrollo,1,4,3,4,4
HH016070,HNW,0.0,desarrollo,3,4,1,0,1
HH016071,HNW,0.0,desarrollo,0,1,3,1,1
HH016072,HNW,0.0,desarrollo,4,3,3,0,3
HH016073,HNW,0.0,desarrollo,4,0,3,4,0
HH016074,HNW,0.0,holdout,,,,,
HH016075,HNW,0.0,desarrollo,4,0,4,0,3
HH016076,HNW,0.0,desarrollo,2,4,4,4,0
HH016077,HNW,0.0,holdout,,,,,
HH016078,HNW,0.0,holdout,,,,,
HH016079,HNW,0.0,desarrollo,4,0,3,0,0
HH016080,HNW,0.0,desarrollo,2,3,2,2,1
HH016081,HNW,0.0,desarrollo,3,1,0,0,1
HH016082,HNW,0.0,holdout,,,,,
HH016083,HNW,0.0,desarrollo,2,0,0,1,3
HH016084,HNW,1.0,desarrollo,4,4,1,0,2
HH016085,HNW,0.0,desarrollo,2,4,1,4,1
HH016086,HNW,0.0,holdout,,,,,
HH016087,HNW,0.0,desarrollo,3,3,0,2,0
HH016088,HNW,0.0,desarrollo,3,0,3,2,4
HH016089,HNW,0.0,desarrollo,2,2,1,1,3
HH016090,HNW,0.0,holdout,,,,,
HH016091,HNW,0.0,holdout,,,,,
HH016092,HNW,0.0,holdout,,,,,
HH016093,HNW,0.0,desarrollo,3,4,0,4,2
HH016094,HNW,0.0,holdout,,,,,
HH016095,HNW,0.0,desarrollo,1,2,4,3,4
HH016096,HNW,0.0,holdout,,,,,
HH016097,UHNW,0.0,desarrollo,4,2,1,2,1
HH016098,HNW,0.0,desarrollo,0,0,0,4,3
HH016099,HNW,0.0,holdout,,,,,
HH016100,HNW,0.0,desarrollo,2,3,0,2,0
HH016101,HNW,0.0,holdout,,,,,
HH016102,HNW,0.0,desarrollo,3,1,3,2,3
HH016103,HNW,0.0,holdout,,,,,
HH016104,HNW,0.0,desarrollo,1,3,0,4,2
HH016105,HNW,0.0,desarrollo,1,0,4,2,1
HH016106,HNW,0.0,holdout,,,,,
HH016107,HNW,0.0,desarrollo,2,3,1,4,0
HH016108,HNW,0.0,holdout,,,,,
HH016109,HNW,0.0,desarrollo,4,4,4,1,3
HH016110,HNW,0.0,desarrollo,0,0,4,1,4
HH016111,HNW,0.0,desarrollo,0,2,2,4,1
HH016112,HNW,0.0,desarrollo,0,2,3,4,3
HH016113,UHNW,0.0,desarrollo,0,0,1,1,4
HH016114,HNW,0.0,holdout,,,,,
HH016115,HNW,0.0,holdout,,,,,
HH016116,HNW,0.0,desarrollo,2,1,3,2,4
HH016117,HNW,0.0,desarrollo,3,2,0,4,0
HH016118,HNW,0.0,holdout,,,,,
HH016119,HNW,0.0,desarrollo,3,0,2,3,3
HH016120,HNW,,excluido,,,,,
HH016121,HNW,0.0,desarrollo,3,3,4,3,3
HH016122,HNW,0.0,holdout,,,,,
HH016123,HNW,0.0,desarrollo,1,3,3,1,3
HH016124,HNW,0.0,desarrollo,1,2,0,1,3
HH016125,UHNW,0.0,desarrollo,2,3,2,2,1
HH016126,HNW,0.0,desarrollo,4,0,2,3,4
HH016127,HNW,0.0,desarrollo,4,2,4,4,3
HH016128,HNW,0.0,desarrollo,1,2,3,2,2
HH016129,HNW,0.0,desarrollo,3,1,4,3,3
HH016130,HNW,0.0,desarrollo,0,1,3,4,3
HH016131,HNW,0.0,desarrollo,0,2,2,0,0
HH016132,HNW,0.0,desarrollo,2,2,0,0,4
HH016133,HNW,0.0,desarrollo,2,2,0,3,2
HH016134,HNW,0.0,desarrollo,0,4,0,3,3
HH016135,HNW,0.0,desarrollo,4,2,4,1,4
HH016136,HNW,0.0,desarrollo,2,0,3,2,2
HH016137,HNW,0.0,holdout,,,,,
HH016138,HNW,0.0,desarrollo,3,1,3,3,1
HH016139,HNW,0.0,holdout,,,,,
HH016140,HNW,0.0,desarrollo,2,3,2,2,2
HH016141,HNW,0.0,desarrollo,3,4,0,3,1
HH016142,HNW,0.0,holdout,,,,,
HH016143,HNW,0.0,desarrollo,0,0,1,3,2
HH016144,HNW,0.0,desarrollo,2,0,3,1,0
HH016145,HNW,0.0,desarrollo,2,2,3,0,2
HH016146,UHNW,0.0,holdout,,,,,
HH016147,HNW,1.0,holdout,,,,,
HH016148,HNW,0.0,desarrollo,3,0,1,1,1
HH016149,HNW,0.0,holdout,,,,,
HH016150,HNW,0.0,holdout,,,,,
HH016151,HNW,0.0,holdout,,,,,
HH016152,HNW,0.0,desarrollo,2,2,1,1,4
HH016153,HNW,0.0,desarrollo,0,0,2,3,3
HH016154,HNW,0.0,desarrollo,4,4,4,2,0
HH016155,HNW,0.0,holdout,,,,,
HH016156,HNW,0.0,holdout,,,,,
HH016157,HNW,0.0,holdout,,,,,
HH016158,UHNW,1.0,holdout,,,,,
HH016159,HNW,0.0,desarrollo,2,4,4,2,0
HH016160,HNW,0.0,holdout,,,,,
HH016161,HNW,0.0,holdout,,,,,
HH016162,UHNW,0.0,desarrollo,2,3,2,1,2
HH016163,HNW,1.0,desarrollo,1,1,2,1,2
HH016164,HNW,0.0,holdout,,,,,
HH016165,HNW,0.0,desarrollo,4,1,4,3,2
HH016166,HNW,0.0,desarrollo,2,0,3,2,1
HH016167,HNW,0.0,desarrollo,2,3,3,4,1
HH016168,HNW,0.0,desarrollo,4,4,1,3,1
HH016169,HNW,0.0,desarrollo,2,4,0,1,0
HH016170,HNW,0.0,holdout,,,,,
HH016171,HNW,0.0,holdout,,,,,
HH016172,HNW,0.0,holdout,,,,,
HH016173,UHNW,0.0,desarrollo,2,3,3,1,0
HH016174,HNW,0.0,holdout,,,,,
HH016175,HNW,0.0,holdout,,,,,
HH016176,HNW,1.0,desarrollo,1,4,1,4,0
HH016177,HNW,0.0,desarrollo,4,1,1,1,1
HH016178,UHNW,0.0,desarrollo,3,3,1,4,2
HH016179,HNW,0.0,holdout,,,,,
HH016180,HNW,0.0,desarrollo,1,2,4,1,0
HH016181,HNW,0.0,desarrollo,0,3,3,4,0
HH016182,HNW,0.0,desarrollo,4,3,2,3,4
HH016183,HNW,0.0,holdout,,,,,
HH016184,HNW,0.0,holdout,,,,,
HH016185,UHNW,0.0,desarrollo,3,2,3,2,0
HH016186,HNW,0.0,holdout,,,,,
HH016187,HNW,0.0,holdout,,,,,
HH016188,HNW,0.0,desarrollo,1,1,0,4,3
HH016189,HNW,0.0,desarrollo,2,2,0,4,0
HH016190,HNW,0.0,desarrollo,1,4,2,4,2
HH016191,HNW,0.0,desarrollo,2,0,3,1,2
HH016192,HNW,0.0,desarrollo,0,3,2,3,2
HH016193,UHNW,0.0,desarrollo,4,0,1,2,1
HH016194,HNW,,excluido,,,,,
HH016195,HNW,0.0,desarrollo,3,1,3,3,0
HH016196,HNW,0.0,desarrollo,3,3,1,4,2
HH016197,HNW,0.0,holdout,,,,,
HH016198,HNW,0.0,desarrollo,4,2,1,1,0
HH016199,HNW,0.0,holdout,,,,,
HH016200,HNW,0.0,holdout,,,,,
HH016201,HNW,0.0,desarrollo,2,4,1,0,4
HH016202,HNW,0.0,desarrollo,4,4,4,3,4
HH016203,HNW,0.0,desarrollo,4,3,4,2,1
HH016204,HNW,0.0,holdout,,,,,
HH016205,HNW,0.0,desarrollo,2,0,0,3,0
HH016206,HNW,0.0,desarrollo,1,1,2,2,1
HH016207,HNW,0.0,holdout,,,,,
HH016208,HNW,1.0,holdout,,,,,
HH016209,HNW,1.0,desarrollo,1,2,2,0,2
HH016210,HNW,0.0,desarrollo,1,4,3,4,0
HH016211,HNW,0.0,desarrollo,2,2,4,3,3
HH016212,HNW,0.0,holdout,,,,,
HH016213,HNW,0.0,desarrollo,0,3,1,4,4
HH016214,HNW,0.0,desarrollo,2,1,3,1,3
HH016215,HNW,0.0,desarrollo,0,0,2,1,4
HH016216,HNW,0.0,desarrollo,1,4,2,1,3
HH016217,HNW,0.0,desarrollo,3,2,1,4,4
HH016218,HNW,0.0,desarrollo,1,2,2,0,0
HH016219,HNW,0.0,desarrollo,3,4,1,2,2
HH016220,HNW,0.0,holdout,,,,,
HH016221,HNW,0.0,desarrollo,2,3,2,3,1
HH016222,HNW,0.0,desarrollo,3,0,3,2,3
HH016223,HNW,0.0,desarrollo,1,2,4,3,3
HH016224,HNW,0.0,holdout,,,,,
HH016225,HNW,0.0,desarrollo,4,1,4,1,1
HH016226,HNW,0.0,holdout,,,,,
HH016227,HNW,0.0,holdout,,,,,
HH016228,HNW,0.0,desarrollo,2,2,2,4,1
HH016229,HNW,0.0,desarrollo,2,4,1,3,0
HH016230,HNW,0.0,desarrollo,2,1,2,4,4
HH016231,HNW,0.0,desarrollo,2,1,0,4,2
HH016232,HNW,0.0,desarrollo,1,1,1,0,4
HH016233,HNW,0.0,desarrollo,4,1,2,2,2
HH016234,HNW,0.0,desarrollo,4,4,4,1,3
HH016235,HNW,0.0,desarrollo,2,0,1,4,0
HH016236,HNW,0.0,desarrollo,3,1,0,4,1
HH016237,HNW,0.0,desarrollo,3,1,3,1,2
HH016238,UHNW,0.0,desarrollo,4,4,0,4,0
HH016239,HNW,0.0,desarrollo,4,3,0,4,3
HH016240,HNW,0.0,desarrollo,1,2,0,3,2
HH016241,HNW,0.0,desarrollo,3,2,2,1,4
HH016242,HNW,0.0,desarrollo,4,0,3,3,2
HH016243,HNW,0.0,desarrollo,0,1,0,2,2
HH016244,HNW,0.0,desarrollo,2,3,4,2,4
HH016245,HNW,0.0,holdout,,,,,
HH016246,HNW,0.0,desarrollo,3,2,3,3,4
HH016247,HNW,0.0,desarrollo,0,2,0,3,2
HH016248,HNW,0.0,desarrollo,4,1,2,4,3
HH016249,HNW,0.0,desarrollo,3,3,3,0,1
HH016250,HNW,0.0,holdout,,,,,
HH016251,HNW,0.0,holdout,,,,,
HH016252,HNW,0.0,desarrollo,2,3,3,4,3
HH016253,HNW,0.0,holdout,,,,,
HH016254,HNW,0.0,desarrollo,1,4,3,2,3
HH016255,HNW,0.0,desarrollo,3,3,2,0,1
HH016256,HNW,0.0,desarrollo,0,2,2,1,0
HH016257,HNW,0.0,desarrollo,3,3,3,4,1
HH016258,HNW,0.0,desarrollo,1,0,1,2,2
HH016259,HNW,0.0,holdout,,,,,
HH016260,HNW,0.0,desarrollo,4,4,4,1,0
HH016261,UHNW,0.0,holdout,,,,,
HH016262,HNW,0.0,holdout,,,,,
HH016263,HNW,0.0,desarrollo,0,2,3,4,3
HH016264,HNW,0.0,holdout,,,,,
HH016265,HNW,0.0,desarrollo,4,4,3,3,3
HH016266,HNW,0.0,desarrollo,4,3,2,2,0
HH016267,HNW,0.0,desarrollo,4,2,0,0,0
HH016268,HNW,0.0,holdout,,,,,
HH016269,HNW,0.0,desarrollo,2,0,2,2,0
HH016270,HNW,0.0,desarrollo,1,4,0,0,0
HH016271,HNW,0.0,desarrollo,4,2,2,3,0
HH016272,UHNW,0.0,holdout,,,,,
HH016273,HNW,0.0,desarrollo,0,3,4,1,4
HH016274,HNW,0.0,holdout,,,,,
HH016275,HNW,0.0,desarrollo,0,2,0,2,2
HH016276,HNW,0.0,desarrollo,3,1,3,1,3
HH016277,HNW,0.0,desarrollo,4,3,2,1,1
HH016278,HNW,0.0,holdout,,,,,
HH016279,HNW,0.0,holdout,,,,,
HH016280,HNW,0.0,desarrollo,2,3,2,3,3
HH016281,HNW,0.0,desarrollo,1,3,3,0,0
HH016282,HNW,0.0,desarrollo,1,2,3,4,3
HH016283,HNW,0.0,desarrollo,1,0,3,0,3
HH016284,HNW,1.0,desarrollo,1,1,2,0,3
HH016285,HNW,0.0,holdout,,,,,
HH016286,HNW,0.0,desarrollo,3,4,3,3,2
HH016287,HNW,0.0,desarrollo,0,4,3,0,3
HH016288,HNW,0.0,desarrollo,2,1,3,4,3
HH016289,HNW,0.0,desarrollo,1,3,0,0,0
HH016290,HNW,0.0,desarrollo,4,2,4,2,1
HH016291,HNW,0.0,desarrollo,2,0,1,0,1
HH016292,UHNW,0.0,holdout,,,,,
HH016293,HNW,0.0,desarrollo,2,1,4,4,1
HH016294,HNW,0.0,desarrollo,1,2,0,4,1
HH016295,HNW,0.0,holdout,,,,,
HH016296,HNW,0.0,holdout,,,,,
HH016297,HNW,0.0,desarrollo,0,3,1,3,0
HH016298,HNW,0.0,holdout,,,,,
HH016299,HNW,1.0,desarrollo,2,0,1,0,4
HH016300,HNW,0.0,desarrollo,0,1,4,2,0
HH016301,HNW,0.0,desarrollo,4,0,2,4,3
HH016302,HNW,0.0,desarrollo,3,0,3,3,2
HH016303,HNW,1.0,holdout,,,,,
HH016304,HNW,0.0,desarrollo,4,3,1,3,2
HH016305,HNW,0.0,desarrollo,3,2,3,3,0
HH016306,HNW,0.0,desarrollo,2,2,0,0,3
HH016307,HNW,0.0,desarrollo,1,4,3,2,2
HH016308,HNW,0.0,desarrollo,3,3,3,2,2
HH016309,HNW,0.0,desarrollo,0,2,0,3,2
HH016310,HNW,0.0,desarrollo,4,4,3,0,3
HH016311,HNW,0.0,holdout,,,,,
HH016312,UHNW,0.0,desarrollo,2,2,2,4,1
HH016313,HNW,0.0,desarrollo,2,3,0,3,2
HH016314,HNW,0.0,desarrollo,4,0,4,1,2
HH016315,HNW,0.0,holdout,,,,,
HH016316,HNW,0.0,desarrollo,1,3,3,2,3
HH016317,HNW,0.0,desarrollo,0,4,3,2,3
HH016318,HNW,0.0,desarrollo,2,0,1,0,2
HH016319,HNW,0.0,desarrollo,1,4,2,0,3
HH016320,HNW,0.0,desarrollo,1,0,3,0,3
HH016321,HNW,0.0,desarrollo,4,2,4,4,1
HH016322,HNW,1.0,holdout,,,,,
HH016323,HNW,0.0,desarrollo,4,1,2,2,2
HH016324,HNW,0.0,holdout,,,,,
HH016325,UHNW,0.0,desarrollo,2,4,1,0,0
HH016326,HNW,0.0,holdout,,,,,
HH016327,HNW,0.0,holdout,,,,,
HH016328,HNW,0.0,desarrollo,4,0,2,4,0
HH016329,HNW,0.0,holdout,,,,,
HH016330,UHNW,0.0,desarrollo,2,2,2,1,0
HH016331,HNW,0.0,holdout,,,,,
HH016332,HNW,0.0,holdout,,,,,
HH016333,UHNW,0.0,desarrollo,4,0,1,1,4
HH016334,HNW,0.0,desarrollo,4,0,1,4,1
HH016335,HNW,1.0,desarrollo,3,3,4,2,2
HH016336,HNW,1.0,desarrollo,1,2,0,3,0
HH016337,HNW,0.0,holdout,,,,,
HH016338,HNW,0.0,desarrollo,4,3,1,2,4
HH016339,HNW,1.0,holdout,,,,,
HH016340,HNW,0.0,desarrollo,1,0,0,1,1
HH016341,HNW,0.0,desarrollo,3,4,2,0,0
HH016342,HNW,0.0,holdout,,,,,
HH016343,HNW,0.0,desarrollo,1,2,4,2,4
HH016344,HNW,0.0,holdout,,,,,
HH016345,HNW,0.0,holdout,,,,,
HH016346,HNW,1.0,holdout,,,,,
HH016347,HNW,0.0,desarrollo,3,2,2,1,0
HH016348,HNW,0.0,desarrollo,1,1,0,3,1
HH016349,HNW,0.0,desarrollo,4,2,0,2,1
HH016350,HNW,0.0,desarrollo,4,3,4,1,1
HH016351,HNW,0.0,desarrollo,4,4,1,0,0
HH016352,HNW,0.0,desarrollo,3,3,0,1,3
HH016353,HNW,0.0,desarrollo,4,0,2,1,4
HH016354,HNW,0.0,desarrollo,4,0,2,3,1
HH016355,HNW,0.0,desarrollo,4,3,3,2,4
HH016356,HNW,0.0,desarrollo,3,3,3,4,0
HH016357,HNW,0.0,desarrollo,0,2,2,3,3
HH016358,UHNW,0.0,desarrollo,4,1,0,2,4
HH016359,HNW,0.0,holdout,,,,,
HH016360,HNW,0.0,desarrollo,2,4,1,3,1
HH016361,HNW,0.0,holdout,,,,,
HH016362,HNW,0.0,desarrollo,1,2,2,3,0
HH016363,UHNW,0.0,desarrollo,1,1,3,1,0
HH016364,HNW,0.0,desarrollo,4,1,2,0,1
HH016365,HNW,0.0,desarrollo,1,2,0,3,1
HH016366,HNW,0.0,desarrollo,4,4,4,2,1
HH016367,UHNW,0.0,desarrollo,0,3,4,0,2
HH016368,HNW,0.0,desarrollo,1,2,3,4,3
HH016369,HNW,0.0,holdout,,,,,
HH016370,HNW,0.0,desarrollo,4,0,4,1,0
HH016371,HNW,0.0,desarrollo,0,3,3,4,1
HH016372,HNW,0.0,desarrollo,0,1,1,4,3
HH016373,HNW,0.0,desarrollo,4,1,0,2,2
HH016374,HNW,0.0,desarrollo,2,3,3,0,1
HH016375,UHNW,0.0,desarrollo,3,1,0,3,0
HH016376,HNW,0.0,desarrollo,4,0,3,3,1
HH016377,HNW,0.0,desarrollo,2,1,3,4,3
HH016378,HNW,0.0,desarrollo,0,2,2,3,3
HH016379,HNW,0.0,desarrollo,3,0,1,1,0
HH016380,HNW,0.0,desarrollo,2,3,2,4,4
HH016381,HNW,0.0,desarrollo,2,1,2,3,0
HH016382,HNW,0.0,desarrollo,3,4,4,1,2
HH016383,HNW,0.0,desarrollo,0,0,1,1,1
HH016384,HNW,0.0,desarrollo,0,0,1,4,2
HH016385,HNW,0.0,holdout,,,,,
HH016386,HNW,0.0,holdout,,,,,
HH016387,HNW,0.0,desarrollo,4,1,3,4,1
HH016388,HNW,0.0,desarrollo,0,3,3,4,2
HH016389,HNW,0.0,desarrollo,2,4,2,4,0
HH016390,HNW,0.0,desarrollo,2,3,4,0,0
HH016391,HNW,0.0,holdout,,,,,
HH016392,HNW,0.0,holdout,,,,,
HH016393,HNW,0.0,desarrollo,3,3,2,1,0
HH016394,HNW,0.0,desarrollo,1,3,2,4,4
HH016395,HNW,0.0,desarrollo,0,4,0,1,1
HH016396,UHNW,0.0,desarrollo,1,1,1,4,2
HH016397,HNW,0.0,desarrollo,4,2,4,4,2
HH016398,HNW,0.0,holdout,,,,,
HH016399,HNW,0.0,desarrollo,4,0,0,0,3
HH016400,HNW,1.0,desarrollo,4,3,0,0,1
HH016401,HNW,0.0,holdout,,,,,
HH016402,HNW,0.0,desarrollo,4,1,3,3,1
HH016403,HNW,0.0,desarrollo,3,4,4,4,4
HH016404,HNW,0.0,holdout,,,,,
HH016405,HNW,0.0,holdout,,,,,
HH016406,HNW,0.0,desarrollo,2,1,2,4,4
HH016407,HNW,0.0,desarrollo,0,1,0,2,4
HH016408,HNW,0.0,desarrollo,3,0,2,4,1
HH016409,HNW,0.0,holdout,,,,,
HH016410,HNW,0.0,desarrollo,3,0,0,4,4
HH016411,HNW,0.0,desarrollo,3,4,3,4,2
HH016412,HNW,0.0,holdout,,,,,
HH016413,HNW,0.0,desarrollo,2,0,1,0,0
HH016414,HNW,0.0,desarrollo,3,2,2,4,3
HH016415,HNW,0.0,holdout,,,,,
HH016416,HNW,0.0,desarrollo,0,3,4,0,4
HH016417,HNW,0.0,holdout,,,,,
HH016418,HNW,0.0,desarrollo,1,0,4,4,2
HH016419,HNW,0.0,holdout,,,,,
HH016420,HNW,0.0,desarrollo,3,1,3,0,2
HH016421,HNW,0.0,desarrollo,0,2,0,1,3
HH016422,HNW,1.0,holdout,,,,,
HH016423,HNW,0.0,desarrollo,0,3,4,3,4
HH016424,HNW,0.0,desarrollo,1,0,1,1,1
HH016425,HNW,0.0,desarrollo,0,0,1,1,0
HH016426,HNW,0.0,desarrollo,3,3,2,1,1
HH016427,HNW,0.0,desarrollo,3,3,3,0,3
HH016428,HNW,0.0,holdout,,,,,
HH016429,HNW,0.0,desarrollo,1,3,0,2,0
HH016430,HNW,0.0,holdout,,,,,
HH016431,HNW,1.0,desarrollo,4,4,3,0,3
HH016432,HNW,0.0,desarrollo,2,4,1,0,3
HH016433,HNW,0.0,desarrollo,4,4,0,3,4
HH016434,HNW,0.0,desarrollo,2,1,3,0,3
HH016435,HNW,0.0,desarrollo,1,2,1,0,0
HH016436,HNW,0.0,desarrollo,2,0,2,4,1
HH016437,HNW,0.0,desarrollo,1,1,0,0,1
HH016438,HNW,0.0,desarrollo,2,2,2,3,3
HH016439,HNW,0.0,desarrollo,2,2,1,1,1
HH016440,HNW,0.0,desarrollo,4,4,4,0,4
HH016441,HNW,0.0,holdout,,,,,
HH016442,HNW,0.0,holdout,,,,,
HH016443,HNW,0.0,desarrollo,0,2,4,2,3
HH016444,HNW,0.0,holdout,,,,,
HH016445,HNW,0.0,desarrollo,1,4,1,3,2
HH016446,HNW,0.0,desarrollo,0,3,3,4,0
HH016447,HNW,0.0,desarrollo,1,3,1,0,4
HH016448,UHNW,0.0,desarrollo,2,4,2,1,3
HH016449,HNW,1.0,holdout,,,,,
HH016450,HNW,0.0,holdout,,,,,
HH016451,HNW,0.0,desarrollo,4,4,2,2,2
HH016452,HNW,0.0,desarrollo,3,0,4,2,4
HH016453,HNW,0.0,desarrollo,2,4,2,2,4
HH016454,HNW,0.0,desarrollo,4,2,0,1,3
HH016455,HNW,0.0,holdout,,,,,
HH016456,HNW,0.0,holdout,,,,,
HH016457,HNW,0.0,holdout,,,,,
HH016458,HNW,0.0,desarrollo,1,1,4,1,1
HH016459,HNW,0.0,desarrollo,1,1,0,1,3
HH016460,HNW,0.0,holdout,,,,,
HH016461,HNW,0.0,desarrollo,4,4,4,0,3
HH016462,HNW,0.0,desarrollo,2,2,2,0,1
HH016463,HNW,0.0,desarrollo,0,3,1,4,4
HH016464,UHNW,0.0,desarrollo,4,1,1,3,0
HH016465,HNW,0.0,desarrollo,2,2,2,0,3
HH016466,HNW,0.0,holdout,,,,,
HH016467,HNW,0.0,holdout,,,,,
HH016468,HNW,0.0,holdout,,,,,
HH016469,HNW,0.0,holdout,,,,,
HH016470,HNW,0.0,holdout,,,,,
HH016471,HNW,0.0,holdout,,,,,
HH016472,HNW,0.0,holdout,,,,,
HH016473,HNW,0.0,holdout,,,,,
HH016474,HNW,0.0,desarrollo,2,1,2,2,0
HH016475,HNW,0.0,holdout,,,,,
HH016476,HNW,0.0,desarrollo,4,1,3,3,4
HH016477,UHNW,0.0,desarrollo,1,1,0,1,4
HH016478,HNW,0.0,desarrollo,2,2,3,3,0
HH016479,HNW,0.0,desarrollo,2,4,3,3,1
HH016480,HNW,0.0,holdout,,,,,
HH016481,HNW,0.0,desarrollo,3,4,2,1,0
HH016482,HNW,0.0,holdout,,,,,
HH016483,HNW,0.0,desarrollo,4,0,3,1,4
HH016484,HNW,0.0,desarrollo,0,0,3,0,0
HH016485,HNW,0.0,desarrollo,3,4,4,1,0
HH016486,HNW,0.0,holdout,,,,,
HH016487,HNW,0.0,holdout,,,,,
HH016488,UHNW,0.0,desarrollo,0,0,2,4,3
HH016489,HNW,0.0,desarrollo,2,2,4,0,2
HH016490,HNW,0.0,desarrollo,3,3,3,3,0
HH016491,HNW,0.0,desarrollo,2,0,4,4,1
HH016492,UHNW,0.0,desarrollo,0,0,1,3,3
HH016493,HNW,0.0,desarrollo,2,4,0,2,1
HH016494,HNW,0.0,holdout,,,,,
HH016495,HNW,0.0,desarrollo,3,0,4,3,2
HH016496,HNW,0.0,desarrollo,3,1,1,4,1
HH016497,HNW,0.0,desarrollo,0,0,4,3,1
HH016498,HNW,0.0,desarrollo,4,4,1,1,1
HH016499,HNW,0.0,desarrollo,1,2,1,3,2
HH016500,HNW,0.0,holdout,,,,,
HH016501,HNW,0.0,desarrollo,2,2,2,4,0
HH016502,HNW,1.0,desarrollo,3,3,0,3,4
HH016503,HNW,1.0,desarrollo,4,0,4,0,0
HH016504,HNW,1.0,desarrollo,2,3,0,3,1
HH016505,HNW,0.0,desarrollo,0,4,4,1,0
HH016506,HNW,0.0,desarrollo,4,4,3,1,2
HH016507,HNW,0.0,holdout,,,,,
HH016508,HNW,0.0,desarrollo,1,0,0,0,1
HH016509,HNW,0.0,desarrollo,0,2,3,0,4
HH016510,HNW,0.0,desarrollo,2,1,3,3,1
HH016511,HNW,0.0,desarrollo,3,0,1,0,4
HH016512,HNW,0.0,desarrollo,4,2,4,1,3
HH016513,HNW,1.0,desarrollo,1,1,4,4,3
HH016514,HNW,0.0,desarrollo,4,3,4,1,2
HH016515,HNW,0.0,holdout,,,,,
HH016516,HNW,0.0,holdout,,,,,
HH016517,HNW,0.0,holdout,,,,,
HH016518,HNW,0.0,desarrollo,4,1,4,2,2
HH016519,HNW,0.0,holdout,,,,,
HH016520,HNW,0.0,desarrollo,2,1,0,4,3
HH016521,HNW,0.0,holdout,,,,,
HH016522,HNW,0.0,desarrollo,3,1,4,4,0
HH016523,HNW,0.0,holdout,,,,,
HH016524,HNW,0.0,desarrollo,4,4,1,0,2
HH016525,HNW,0.0,desarrollo,3,1,1,0,0
HH016526,HNW,0.0,holdout,,,,,
HH016527,HNW,0.0,desarrollo,2,1,0,1,1
HH016528,HNW,0.0,desarrollo,0,4,1,4,1
HH016529,HNW,0.0,desarrollo,2,0,1,4,4
HH016530,HNW,0.0,holdout,,,,,
HH016531,HNW,0.0,desarrollo,1,4,3,0,4
HH016532,HNW,0.0,holdout,,,,,
HH016533,UHNW,0.0,holdout,,,,,
HH016534,HNW,0.0,desarrollo,0,0,1,3,2
HH016535,HNW,0.0,holdout,,,,,
HH016536,HNW,0.0,desarrollo,4,1,0,2,1
HH016537,HNW,0.0,desarrollo,3,4,4,4,3
HH016538,HNW,0.0,desarrollo,2,2,4,4,2
HH016539,HNW,0.0,desarrollo,2,4,0,1,1
HH016540,HNW,0.0,holdout,,,,,
HH016541,HNW,0.0,holdout,,,,,
HH016542,HNW,0.0,desarrollo,2,1,3,1,2
HH016543,HNW,0.0,desarrollo,4,0,2,4,1
HH016544,HNW,1.0,holdout,,,,,
HH016545,HNW,0.0,desarrollo,1,3,1,2,4
HH016546,HNW,0.0,desarrollo,4,4,0,4,4
HH016547,HNW,0.0,desarrollo,0,1,2,1,2
HH016548,HNW,0.0,desarrollo,3,2,1,2,4
HH016549,HNW,0.0,desarrollo,3,1,2,3,4
HH016550,HNW,0.0,desarrollo,4,1,4,4,0
HH016551,UHNW,0.0,desarrollo,1,4,1,4,0
HH016552,HNW,0.0,desarrollo,4,1,4,4,2
HH016553,HNW,0.0,holdout,,,,,
HH016554,HNW,0.0,desarrollo,3,1,3,0,2
HH016555,HNW,0.0,desarrollo,3,2,1,2,0
HH016556,HNW,0.0,holdout,,,,,
HH016557,HNW,0.0,desarrollo,1,0,1,3,1
HH016558,HNW,0.0,desarrollo,2,2,4,1,4
HH016559,HNW,0.0,desarrollo,0,1,3,3,4
HH016560,HNW,1.0,desarrollo,4,0,0,1,1
HH016561,HNW,1.0,desarrollo,2,1,3,1,2
HH016562,HNW,0.0,desarrollo,1,0,1,3,3
HH016563,HNW,0.0,desarrollo,0,0,2,3,2
HH016564,HNW,0.0,desarrollo,4,2,4,1,2
HH016565,HNW,0.0,desarrollo,1,4,3,4,4
HH016566,HNW,0.0,desarrollo,2,1,2,3,4
HH016567,HNW,0.0,desarrollo,2,4,2,1,0
HH016568,HNW,0.0,desarrollo,3,2,0,3,4
HH016569,HNW,0.0,desarrollo,1,2,1,3,0
HH016570,HNW,0.0,desarrollo,3,1,3,3,2
HH016571,HNW,0.0,desarrollo,2,1,2,4,3
HH016572,HNW,0.0,desarrollo,2,4,3,0,3
HH016573,HNW,0.0,holdout,,,,,
HH016574,HNW,0.0,desarrollo,4,0,1,3,2
HH016575,HNW,0.0,desarrollo,3,4,1,4,1
HH016576,UHNW,0.0,holdout,,,,,
HH016577,HNW,0.0,holdout,,,,,
HH016578,HNW,0.0,holdout,,,,,
HH016579,HNW,0.0,holdout,,,,,
HH016580,HNW,0.0,desarrollo,0,4,1,3,1
HH016581,HNW,0.0,desarrollo,4,2,0,0,0
HH016582,HNW,0.0,desarrollo,1,4,2,2,4
HH016583,HNW,0.0,desarrollo,3,1,2,3,2
HH016584,HNW,0.0,desarrollo,4,1,2,4,2
HH016585,HNW,0.0,desarrollo,4,0,3,1,0
HH016586,HNW,0.0,desarrollo,2,3,1,4,1
HH016587,HNW,0.0,desarrollo,1,2,1,2,2
HH016588,HNW,0.0,desarrollo,1,4,3,4,4
HH016589,HNW,0.0,desarrollo,3,3,4,3,0
HH016590,UHNW,0.0,holdout,,,,,
HH016591,HNW,0.0,desarrollo,0,1,4,2,0
HH016592,HNW,0.0,desarrollo,3,2,2,0,2
HH016593,HNW,1.0,desarrollo,3,1,1,2,0
HH016594,HNW,0.0,desarrollo,3,1,4,1,4
HH016595,HNW,0.0,desarrollo,0,0,3,2,2
HH016596,HNW,0.0,desarrollo,1,3,0,4,3
HH016597,HNW,0.0,holdout,,,,,
HH016598,HNW,0.0,holdout,,,,,
HH016599,HNW,0.0,holdout,,,,,
HH016600,HNW,0.0,desarrollo,4,2,0,2,0
HH016601,HNW,0.0,desarrollo,0,3,3,3,4
HH016602,HNW,0.0,desarrollo,3,3,2,4,2
HH016603,HNW,0.0,desarrollo,0,1,0,3,1
HH016604,HNW,0.0,holdout,,,,,
HH016605,HNW,0.0,desarrollo,3,0,1,0,0
HH016606,HNW,0.0,holdout,,,,,
HH016607,HNW,0.0,desarrollo,1,4,3,0,2
HH016608,HNW,0.0,desarrollo,1,3,2,1,0
HH016609,HNW,0.0,desarrollo,3,3,4,4,0
HH016610,HNW,0.0,desarrollo,0,3,0,0,4
HH016611,HNW,0.0,desarrollo,1,1,4,3,1
HH016612,HNW,0.0,desarrollo,3,2,4,2,2
HH016613,HNW,0.0,desarrollo,4,3,2,2,4
HH016614,HNW,0.0,desarrollo,0,1,0,2,0
HH016615,HNW,0.0,desarrollo,1,1,0,3,2
HH016616,HNW,0.0,holdout,,,,,
HH016617,HNW,1.0,desarrollo,3,2,3,3,0
HH016618,UHNW,0.0,desarrollo,3,1,2,0,0
HH016619,HNW,0.0,desarrollo,1,3,0,2,4
HH016620,HNW,0.0,holdout,,,,,
HH016621,HNW,0.0,desarrollo,4,3,3,0,3
HH016622,HNW,0.0,desarrollo,2,0,2,0,2
HH016623,HNW,0.0,holdout,,,,,
HH016624,HNW,1.0,desarrollo,4,4,2,2,0
HH016625,HNW,0.0,desarrollo,3,3,4,3,0
HH016626,HNW,0.0,holdout,,,,,
HH016627,HNW,0.0,desarrollo,2,0,1,4,0
HH016628,HNW,0.0,desarrollo,4,1,3,1,4
HH016629,HNW,0.0,desarrollo,3,2,2,3,4
HH016630,HNW,0.0,desarrollo,0,0,0,3,1
HH016631,HNW,0.0,desarrollo,2,4,3,2,3
HH016632,HNW,0.0,desarrollo,4,4,1,2,3
HH016633,HNW,0.0,desarrollo,1,1,0,3,3
HH016634,HNW,0.0,desarrollo,3,0,4,1,2
HH016635,HNW,0.0,holdout,,,,,
HH016636,HNW,0.0,desarrollo,3,0,4,3,3
HH016637,UHNW,0.0,holdout,,,,,
HH016638,HNW,0.0,desarrollo,4,2,0,0,1
HH016639,HNW,0.0,holdout,,,,,
HH016640,HNW,0.0,desarrollo,4,4,2,2,3
HH016641,HNW,0.0,desarrollo,1,0,4,1,0
HH016642,UHNW,0.0,desarrollo,4,4,2,4,1
HH016643,HNW,0.0,desarrollo,1,1,3,2,4
HH016644,HNW,0.0,desarrollo,4,1,4,3,1
HH016645,HNW,0.0,desarrollo,0,3,4,4,4
HH016646,HNW,1.0,desarrollo,0,2,3,2,2
HH016647,HNW,0.0,holdout,,,,,
HH016648,HNW,1.0,desarrollo,2,1,2,2,2
HH016649,HNW,0.0,desarrollo,4,0,2,1,1
HH016650,HNW,0.0,desarrollo,4,3,0,4,0
HH016651,HNW,0.0,desarrollo,3,3,1,4,1
HH016652,UHNW,0.0,desarrollo,2,0,1,0,2
HH016653,HNW,0.0,desarrollo,2,4,2,3,2
HH016654,HNW,0.0,holdout,,,,,
HH016655,HNW,0.0,desarrollo,2,0,1,4,3
HH016656,HNW,0.0,desarrollo,2,4,3,2,2
HH016657,HNW,0.0,desarrollo,0,4,2,4,1
HH016658,HNW,0.0,desarrollo,3,4,4,2,4
HH016659,HNW,0.0,holdout,,,,,
HH016660,HNW,0.0,desarrollo,4,4,3,4,4
HH016661,HNW,0.0,holdout,,,,,
HH016662,HNW,0.0,desarrollo,3,1,0,4,2
HH016663,HNW,0.0,desarrollo,2,2,3,1,4
HH016664,HNW,0.0,holdout,,,,,
HH016665,UHNW,0.0,desarrollo,3,4,1,2,4
HH016666,HNW,0.0,desarrollo,4,3,3,2,3
HH016667,HNW,0.0,desarrollo,3,1,2,0,0
HH016668,HNW,0.0,desarrollo,3,1,1,2,4
HH016669,HNW,,excluido,,,,,
HH016670,HNW,1.0,holdout,,,,,
HH016671,HNW,0.0,desarrollo,3,0,1,4,0
HH016672,HNW,0.0,holdout,,,,,
HH016673,HNW,0.0,desarrollo,4,2,4,0,2
HH016674,HNW,0.0,desarrollo,2,3,2,2,0
HH016675,HNW,0.0,desarrollo,1,2,4,0,4
HH016676,HNW,0.0,desarrollo,0,1,1,1,2
HH016677,HNW,0.0,desarrollo,0,3,1,0,2
HH016678,HNW,0.0,holdout,,,,,
HH016679,HNW,0.0,desarrollo,2,2,0,0,2
HH016680,HNW,0.0,desarrollo,2,4,0,1,3
HH016681,HNW,0.0,desarrollo,2,2,1,2,3
HH016682,HNW,0.0,holdout,,,,,
HH016683,HNW,0.0,desarrollo,3,4,1,3,0
HH016684,HNW,0.0,desarrollo,3,2,2,2,0
HH016685,HNW,0.0,desarrollo,1,2,1,0,4
HH016686,HNW,0.0,desarrollo,2,2,4,4,2
HH016687,HNW,0.0,holdout,,,,,
HH016688,HNW,0.0,holdout,,,,,
HH016689,HNW,1.0,holdout,,,,,
HH016690,HNW,0.0,desarrollo,2,3,3,4,2
HH016691,HNW,0.0,desarrollo,2,1,3,3,1
HH016692,HNW,0.0,desarrollo,4,3,3,1,1
HH016693,HNW,0.0,desarrollo,3,3,0,0,1
HH016694,HNW,0.0,holdout,,,,,
HH016695,HNW,0.0,desarrollo,3,4,4,4,2
HH016696,HNW,0.0,holdout,,,,,
HH016697,HNW,0.0,desarrollo,4,4,0,1,1
HH016698,HNW,0.0,desarrollo,4,0,0,2,3
HH016699,HNW,0.0,desarrollo,0,3,0,3,1
HH016700,HNW,0.0,desarrollo,0,2,4,0,2
HH016701,HNW,0.0,desarrollo,1,0,4,0,0
HH016702,HNW,0.0,holdout,,,,,
HH016703,HNW,0.0,desarrollo,3,4,4,2,0
HH016704,HNW,0.0,desarrollo,1,3,1,0,0
HH016705,HNW,0.0,desarrollo,3,1,0,3,0
HH016706,HNW,0.0,desarrollo,0,3,4,2,3
HH016707,HNW,0.0,desarrollo,3,1,0,2,3
HH016708,HNW,0.0,desarrollo,2,1,3,0,1
HH016709,HNW,0.0,desarrollo,2,1,1,4,4
HH016710,HNW,0.0,desarrollo,1,4,4,2,1
HH016711,HNW,0.0,holdout,,,,,
HH016712,HNW,0.0,desarrollo,0,2,2,1,4
HH016713,HNW,0.0,desarrollo,2,1,4,0,3
HH016714,HNW,0.0,desarrollo,0,4,2,3,1
HH016715,HNW,0.0,desarrollo,3,1,1,0,4
HH016716,HNW,0.0,holdout,,,,,
HH016717,HNW,0.0,desarrollo,3,0,0,4,2
HH016718,HNW,0.0,desarrollo,0,0,0,1,1
HH016719,HNW,0.0,desarrollo,1,3,4,1,2
HH016720,HNW,0.0,desarrollo,0,1,3,1,2
HH016721,HNW,0.0,holdout,,,,,
HH016722,HNW,1.0,desarrollo,1,2,2,4,4
HH016723,HNW,0.0,desarrollo,4,4,4,0,1
HH016724,HNW,0.0,desarrollo,0,1,3,0,4
HH016725,HNW,0.0,desarrollo,0,1,2,3,3
HH016726,HNW,0.0,desarrollo,4,4,1,2,3
HH016727,HNW,0.0,desarrollo,0,1,1,1,3
HH016728,HNW,0.0,desarrollo,0,0,2,4,2
HH016729,HNW,0.0,desarrollo,0,3,4,1,3
HH016730,HNW,0.0,holdout,,,,,
HH016731,HNW,0.0,holdout,,,,,
HH016732,HNW,0.0,holdout,,,,,
HH016733,HNW,0.0,holdout,,,,,
HH016734,HNW,0.0,holdout,,,,,
HH016735,UHNW,0.0,holdout,,,,,
HH016736,HNW,0.0,desarrollo,3,0,3,0,2
HH016737,HNW,0.0,holdout,,,,,
HH016738,HNW,0.0,holdout,,,,,
HH016739,HNW,0.0,holdout,,,,,
HH016740,HNW,0.0,desarrollo,3,0,3,4,0
HH016741,HNW,0.0,desarrollo,1,1,2,3,0
HH016742,HNW,0.0,desarrollo,2,2,1,1,3
HH016743,HNW,0.0,desarrollo,4,2,2,1,3
HH016744,HNW,1.0,desarrollo,3,4,0,4,2
HH016745,HNW,0.0,holdout,,,,,
HH016746,HNW,0.0,desarrollo,2,4,1,0,1
HH016747,HNW,0.0,holdout,,,,,
HH016748,HNW,0.0,holdout,,,,,
HH016749,HNW,0.0,holdout,,,,,
HH016750,HNW,0.0,desarrollo,1,2,0,2,1
HH016751,HNW,0.0,desarrollo,1,2,3,2,1
HH016752,HNW,0.0,holdout,,,,,
HH016753,HNW,0.0,desarrollo,3,0,0,4,0
HH016754,HNW,0.0,desarrollo,2,0,1,4,1
HH016755,HNW,0.0,desarrollo,2,1,0,2,4
HH016756,UHNW,0.0,desarrollo,2,0,4,0,1
HH016757,HNW,0.0,desarrollo,0,1,0,2,1
HH016758,HNW,0.0,holdout,,,,,
HH016759,HNW,0.0,desarrollo,2,2,2,3,4
HH016760,HNW,0.0,desarrollo,2,1,4,4,3
HH016761,HNW,0.0,desarrollo,4,1,2,3,4
HH016762,HNW,0.0,desarrollo,2,0,4,3,3
HH016763,HNW,0.0,holdout,,,,,
HH016764,HNW,0.0,desarrollo,3,4,3,2,4
HH016765,HNW,0.0,desarrollo,4,4,0,3,0
HH016766,HNW,0.0,desarrollo,2,3,2,3,0
HH016767,HNW,0.0,desarrollo,2,1,0,3,3
HH016768,HNW,0.0,holdout,,,,,
HH016769,HNW,0.0,holdout,,,,,
HH016770,HNW,0.0,desarrollo,4,2,0,2,3
HH016771,HNW,0.0,holdout,,,,,
HH016772,HNW,0.0,desarrollo,0,3,1,3,2
HH016773,HNW,0.0,holdout,,,,,
HH016774,HNW,0.0,desarrollo,0,3,3,0,0
HH016775,HNW,0.0,desarrollo,1,1,4,3,4
HH016776,HNW,0.0,desarrollo,1,0,1,1,2
HH016777,HNW,0.0,desarrollo,2,3,1,3,3
HH016778,HNW,0.0,desarrollo,4,2,3,0,0
HH016779,HNW,1.0,desarrollo,4,0,3,4,3
HH016780,HNW,0.0,holdout,,,,,
HH016781,HNW,0.0,desarrollo,2,0,1,2,0
HH016782,HNW,0.0,holdout,,,,,
HH016783,HNW,0.0,desarrollo,4,2,2,1,0
HH016784,HNW,0.0,holdout,,,,,
HH016785,HNW,0.0,desarrollo,2,0,4,0,0
HH016786,HNW,0.0,desarrollo,4,0,4,3,1
HH016787,UHNW,0.0,desarrollo,0,0,1,0,0
HH016788,HNW,0.0,desarrollo,1,0,4,3,0
HH016789,HNW,0.0,desarrollo,4,1,4,4,2
HH016790,HNW,1.0,desarrollo,3,0,1,0,3
HH016791,HNW,0.0,holdout,,,,,
HH016792,HNW,0.0,desarrollo,0,3,2,1,0
HH016793,HNW,0.0,desarrollo,3,2,2,4,1
HH016794,HNW,0.0,desarrollo,4,4,4,3,1
HH016795,HNW,0.0,desarrollo,1,3,2,2,4
HH016796,HNW,0.0,desarrollo,1,1,1,0,4
HH016797,HNW,0.0,desarrollo,3,3,1,2,0
HH016798,HNW,0.0,desarrollo,4,1,2,2,3
HH016799,UHNW,0.0,desarrollo,2,2,0,1,0
HH016800,HNW,1.0,desarrollo,2,0,4,0,2
HH016801,HNW,0.0,desarrollo,0,4,1,2,0
HH016802,HNW,0.0,holdout,,,,,
HH016803,HNW,0.0,desarrollo,1,1,3,2,3
HH016804,HNW,0.0,desarrollo,0,2,2,2,3
HH016805,HNW,0.0,desarrollo,4,0,2,4,3
HH016806,HNW,0.0,holdout,,,,,
HH016807,HNW,0.0,desarrollo,0,4,2,4,3
HH016808,HNW,0.0,desarrollo,0,2,3,2,2
HH016809,HNW,0.0,desarrollo,1,4,1,3,0
HH016810,HNW,0.0,holdout,,,,,
HH016811,HNW,0.0,desarrollo,0,4,2,3,1
HH016812,HNW,0.0,desarrollo,4,2,1,4,2
HH016813,HNW,1.0,desarrollo,3,3,1,3,2
HH016814,HNW,0.0,desarrollo,2,1,3,4,4
HH016815,HNW,0.0,desarrollo,0,1,2,3,3
HH016816,HNW,0.0,holdout,,,,,
HH016817,HNW,1.0,desarrollo,2,2,3,2,3
HH016818,HNW,0.0,desarrollo,3,3,3,3,1
HH016819,HNW,0.0,desarrollo,2,2,2,0,0
HH016820,HNW,1.0,desarrollo,2,0,0,0,4
HH016821,HNW,0.0,desarrollo,4,4,4,4,0
HH016822,HNW,0.0,desarrollo,1,1,2,0,0
HH016823,HNW,0.0,desarrollo,3,3,4,4,3
HH016824,HNW,0.0,holdout,,,,,
HH016825,UHNW,0.0,desarrollo,0,1,4,4,3
HH016826,HNW,0.0,desarrollo,1,2,0,1,2
HH016827,HNW,0.0,holdout,,,,,
HH016828,HNW,0.0,desarrollo,0,4,3,1,0
HH016829,HNW,0.0,desarrollo,1,2,0,2,3
HH016830,HNW,0.0,holdout,,,,,
HH016831,HNW,0.0,holdout,,,,,
HH016832,HNW,0.0,desarrollo,1,0,2,2,4
HH016833,HNW,0.0,desarrollo,3,4,0,1,4
HH016834,HNW,0.0,desarrollo,0,1,3,3,4
HH016835,HNW,0.0,holdout,,,,,
HH016836,HNW,0.0,holdout,,,,,
HH016837,HNW,0.0,desarrollo,4,4,0,3,0
HH016838,UHNW,0.0,desarrollo,4,0,0,3,4
HH016839,HNW,0.0,desarrollo,3,1,3,4,3
HH016840,HNW,0.0,holdout,,,,,
HH016841,HNW,0.0,desarrollo,2,3,0,2,3
HH016842,HNW,0.0,desarrollo,3,4,4,2,0
HH016843,HNW,0.0,desarrollo,2,2,3,1,2
HH016844,HNW,0.0,desarrollo,1,4,4,0,0
HH016845,HNW,0.0,desarrollo,0,3,3,3,1
HH016846,HNW,0.0,desarrollo,4,1,3,2,1
HH016847,HNW,0.0,desarrollo,0,0,2,3,0
HH016848,HNW,0.0,desarrollo,2,2,4,0,4
HH016849,UHNW,0.0,desarrollo,1,3,3,0,0
HH016850,HNW,0.0,desarrollo,1,4,4,4,2
HH016851,HNW,1.0,desarrollo,4,4,4,0,0
HH016852,HNW,1.0,desarrollo,3,0,4,3,4
HH016853,HNW,0.0,holdout,,,,,
HH016854,HNW,0.0,desarrollo,3,3,3,3,4
HH016855,HNW,1.0,desarrollo,4,3,4,1,1
HH016856,HNW,0.0,desarrollo,3,0,4,1,1
HH016857,HNW,0.0,desarrollo,0,4,2,1,0
HH016858,HNW,0.0,holdout,,,,,
HH016859,HNW,0.0,holdout,,,,,
HH016860,HNW,0.0,desarrollo,4,3,0,4,1
HH016861,HNW,0.0,holdout,,,,,
HH016862,UHNW,0.0,desarrollo,4,0,3,4,4
HH016863,HNW,0.0,desarrollo,4,0,3,3,0
HH016864,HNW,0.0,desarrollo,0,3,2,2,0
HH016865,HNW,0.0,holdout,,,,,
HH016866,HNW,0.0,desarrollo,2,1,0,4,2
HH016867,HNW,0.0,desarrollo,3,2,0,1,0
HH016868,HNW,0.0,desarrollo,0,2,1,2,1
HH016869,HNW,0.0,desarrollo,2,1,3,2,1
HH016870,HNW,0.0,desarrollo,2,2,1,2,3
HH016871,HNW,0.0,desarrollo,3,2,1,2,4
HH016872,HNW,0.0,desarrollo,4,3,1,4,1
HH016873,HNW,0.0,desarrollo,1,3,4,0,3
HH016874,HNW,0.0,desarrollo,3,4,2,1,2
HH016875,HNW,0.0,desarrollo,1,4,4,0,4
HH016876,HNW,0.0,desarrollo,0,4,2,1,0
HH016877,HNW,0.0,desarrollo,2,1,0,2,1
HH016878,HNW,0.0,desarrollo,4,3,2,0,4
HH016879,HNW,0.0,desarrollo,1,2,3,0,4
HH016880,HNW,0.0,desarrollo,3,1,2,3,1
HH016881,HNW,0.0,desarrollo,0,1,4,1,2
HH016882,HNW,0.0,holdout,,,,,
HH016883,HNW,1.0,desarrollo,1,0,2,4,4
HH016884,HNW,0.0,holdout,,,,,
HH016885,HNW,0.0,holdout,,,,,
HH016886,HNW,0.0,desarrollo,1,4,3,3,4
HH016887,HNW,0.0,desarrollo,0,0,4,3,4
HH016888,HNW,0.0,holdout,,,,,
HH016889,HNW,0.0,desarrollo,0,1,3,2,3
HH016890,HNW,0.0,desarrollo,4,0,3,1,3
HH016891,HNW,0.0,holdout,,,,,
HH016892,UHNW,0.0,desarrollo,4,0,4,1,1
HH016893,HNW,0.0,desarrollo,1,0,1,3,2
HH016894,HNW,0.0,desarrollo,3,2,0,4,1
HH016895,UHNW,0.0,desarrollo,4,2,1,0,1
HH016896,HNW,0.0,holdout,,,,,
HH016897,HNW,0.0,holdout,,,,,
HH016898,UHNW,0.0,desarrollo,2,2,4,4,2
HH016899,HNW,0.0,desarrollo,1,1,3,0,2
HH016900,HNW,0.0,desarrollo,4,2,2,4,3
HH016901,HNW,0.0,desarrollo,0,3,2,3,0
HH016902,HNW,0.0,desarrollo,0,2,0,1,0
HH016903,HNW,0.0,holdout,,,,,
HH016904,HNW,0.0,desarrollo,4,3,2,4,4
HH016905,HNW,1.0,holdout,,,,,
HH016906,HNW,0.0,desarrollo,2,3,0,1,0
HH016907,HNW,0.0,desarrollo,1,0,3,2,0
HH016908,HNW,0.0,holdout,,,,,
HH016909,UHNW,0.0,holdout,,,,,
HH016910,HNW,0.0,desarrollo,3,0,4,1,0
HH016911,HNW,0.0,desarrollo,1,1,0,2,4
HH016912,HNW,1.0,desarrollo,0,0,3,2,1
HH016913,HNW,0.0,holdout,,,,,
HH016914,HNW,0.0,desarrollo,2,2,1,1,2
HH016915,HNW,0.0,holdout,,,,,
HH016916,HNW,0.0,desarrollo,0,1,3,4,2
HH016917,HNW,0.0,desarrollo,0,0,0,2,0
HH016918,HNW,0.0,holdout,,,,,
HH016919,HNW,0.0,desarrollo,3,4,1,2,1
HH016920,HNW,0.0,holdout,,,,,
HH016921,HNW,0.0,holdout,,,,,
HH016922,HNW,0.0,desarrollo,0,1,2,0,2
HH016923,HNW,0.0,desarrollo,0,3,1,4,1
HH016924,HNW,0.0,desarrollo,0,3,3,4,2
HH016925,HNW,0.0,desarrollo,0,1,1,0,4
HH016926,HNW,0.0,desarrollo,4,3,1,1,2
HH016927,HNW,0.0,holdout,,,,,
HH016928,HNW,0.0,desarrollo,0,2,3,1,3
HH016929,HNW,0.0,desarrollo,3,0,3,4,0
HH016930,HNW,0.0,desarrollo,3,3,2,2,0
HH016931,HNW,0.0,desarrollo,1,3,4,1,0
HH016932,HNW,0.0,desarrollo,4,2,2,3,1
HH016933,HNW,0.0,holdout,,,,,
HH016934,HNW,0.0,desarrollo,1,1,2,4,3
HH016935,HNW,0.0,desarrollo,2,2,2,0,3
HH016936,UHNW,0.0,holdout,,,,,
HH016937,HNW,0.0,desarrollo,3,0,3,2,3
HH016938,UHNW,0.0,desarrollo,3,4,0,0,3
HH016939,HNW,0.0,holdout,,,,,
HH016940,HNW,0.0,desarrollo,0,2,0,0,0
HH016941,HNW,0.0,desarrollo,3,3,1,4,3
HH016942,HNW,0.0,desarrollo,4,3,1,0,0
HH016943,HNW,0.0,desarrollo,1,1,2,3,3
HH016944,HNW,0.0,desarrollo,2,3,3,3,3
HH016945,UHNW,0.0,holdout,,,,,
HH016946,HNW,0.0,desarrollo,0,4,3,4,3
HH016947,HNW,0.0,desarrollo,0,3,0,3,0
HH016948,UHNW,0.0,desarrollo,3,3,0,2,0
HH016949,HNW,0.0,desarrollo,0,0,3,2,0
HH016950,HNW,0.0,desarrollo,2,0,4,0,0
HH016951,HNW,0.0,desarrollo,3,4,4,3,2
HH016952,HNW,0.0,desarrollo,4,1,0,0,4
HH016953,HNW,0.0,desarrollo,4,1,1,2,4
HH016954,HNW,0.0,desarrollo,3,0,2,2,2
HH016955,UHNW,0.0,desarrollo,3,0,1,3,1
HH016956,HNW,0.0,desarrollo,4,2,0,2,2
HH016957,HNW,1.0,holdout,,,,,
HH016958,HNW,0.0,desarrollo,0,4,1,1,2
HH016959,HNW,0.0,desarrollo,1,0,3,0,2
HH016960,HNW,0.0,desarrollo,4,4,0,2,1
HH016961,UHNW,0.0,desarrollo,0,4,4,1,3
HH016962,HNW,0.0,desarrollo,0,4,4,0,1
HH016963,HNW,1.0,desarrollo,2,4,2,1,1
HH016964,HNW,0.0,holdout,,,,,
HH016965,HNW,0.0,desarrollo,0,1,0,4,3
HH016966,HNW,0.0,desarrollo,2,2,2,0,1
HH016967,HNW,0.0,desarrollo,4,2,2,1,1
HH016968,HNW,0.0,desarrollo,1,2,0,0,3
HH016969,HNW,0.0,desarrollo,0,0,4,2,1
HH016970,HNW,0.0,holdout,,,,,
HH016971,HNW,0.0,desarrollo,3,3,3,0,2
HH016972,UHNW,0.0,holdout,,,,,
HH016973,UHNW,0.0,desarrollo,0,2,2,3,0
HH016974,HNW,0.0,desarrollo,2,3,2,4,2
HH016975,HNW,0.0,desarrollo,0,4,4,2,0
HH016976,HNW,0.0,desarrollo,2,2,4,0,2
HH016977,HNW,0.0,desarrollo,0,2,2,4,4
HH016978,UHNW,0.0,desarrollo,4,3,4,2,2
HH016979,HNW,0.0,desarrollo,3,4,4,0,3
HH016980,HNW,0.0,holdout,,,,,
HH016981,HNW,0.0,desarrollo,2,2,0,3,1
HH016982,HNW,0.0,desarrollo,3,2,4,4,1
HH016983,HNW,1.0,desarrollo,3,0,3,2,1
HH016984,HNW,0.0,holdout,,,,,
HH016985,HNW,0.0,holdout,,,,,
HH016986,HNW,0.0,desarrollo,4,0,4,0,1
HH016987,UHNW,0.0,desarrollo,1,1,2,0,2
HH016988,HNW,0.0,desarrollo,1,3,1,1,4
HH016989,HNW,0.0,desarrollo,3,4,3,4,2
HH016990,HNW,0.0,desarrollo,4,0,3,2,0
HH016991,UHNW,1.0,holdout,,,,,
HH016992,HNW,0.0,holdout,,,,,
HH016993,HNW,0.0,desarrollo,1,0,4,0,4
HH016994,HNW,0.0,desarrollo,4,3,0,2,4
HH016995,HNW,0.0,holdout,,,,,
HH016996,HNW,1.0,holdout,,,,,
HH016997,HNW,0.0,desarrollo,3,0,0,2,4
HH016998,HNW,0.0,holdout,,,,,
HH016999,HNW,0.0,desarrollo,1,2,1,2,4
HH017000,UHNW,0.0,desarrollo,3,4,0,1,1
HH017001,HNW,1.0,desarrollo,0,0,4,3,0
HH017002,HNW,0.0,desarrollo,0,1,4,0,0
HH017003,HNW,0.0,desarrollo,0,3,2,2,2
HH017004,HNW,0.0,desarrollo,1,2,0,3,3
HH017005,HNW,0.0,holdout,,,,,
HH017006,HNW,0.0,desarrollo,4,1,0,4,1
HH017007,HNW,0.0,holdout,,,,,
HH017008,HNW,0.0,desarrollo,0,0,3,4,4
HH017009,HNW,0.0,desarrollo,3,0,1,4,1
HH017010,HNW,0.0,desarrollo,2,1,0,2,2
HH017011,UHNW,0.0,desarrollo,1,4,1,1,3
HH017012,HNW,0.0,desarrollo,2,3,4,0,1
HH017013,HNW,0.0,holdout,,,,,
HH017014,HNW,0.0,holdout,,,,,
HH017015,HNW,0.0,desarrollo,3,0,3,0,4
HH017016,HNW,0.0,desarrollo,3,3,0,0,0
HH017017,HNW,0.0,holdout,,,,,
HH017018,HNW,0.0,desarrollo,4,0,4,3,3
HH017019,HNW,0.0,desarrollo,4,0,2,3,2
HH017020,UHNW,0.0,desarrollo,3,3,3,1,3
HH017021,HNW,0.0,desarrollo,3,0,1,1,4
HH017022,HNW,0.0,holdout,,,,,
HH017023,HNW,0.0,holdout,,,,,
HH017024,HNW,0.0,holdout,,,,,
HH017025,HNW,0.0,desarrollo,1,3,2,3,4
HH017026,HNW,0.0,holdout,,,,,
HH017027,HNW,0.0,desarrollo,1,4,0,1,4
HH017028,HNW,0.0,desarrollo,3,1,1,0,0
HH017029,HNW,0.0,desarrollo,0,1,3,0,4
HH017030,HNW,0.0,desarrollo,4,1,2,1,4
HH017031,HNW,0.0,holdout,,,,,
HH017032,HNW,0.0,desarrollo,4,0,3,2,4
HH017033,HNW,0.0,desarrollo,0,2,0,1,1
HH017034,HNW,0.0,desarrollo,2,4,1,0,4
HH017035,HNW,0.0,desarrollo,4,0,3,4,4
HH017036,HNW,0.0,desarrollo,4,1,1,2,4
HH017037,HNW,0.0,desarrollo,4,2,1,1,3
HH017038,HNW,0.0,desarrollo,4,2,3,0,0
HH017039,HNW,0.0,desarrollo,3,1,4,1,0
HH017040,HNW,0.0,holdout,,,,,
HH017041,HNW,0.0,desarrollo,0,3,1,3,2
HH017042,HNW,0.0,desarrollo,0,2,3,3,3
HH017043,HNW,0.0,desarrollo,4,1,4,1,4
HH017044,HNW,0.0,desarrollo,1,3,2,3,1
HH017045,HNW,0.0,desarrollo,0,0,1,2,0
HH017046,HNW,0.0,desarrollo,3,2,2,3,0
HH017047,HNW,0.0,desarrollo,1,4,4,3,2
HH017048,HNW,0.0,desarrollo,1,4,2,0,2
HH017049,HNW,0.0,holdout,,,,,
HH017050,HNW,0.0,holdout,,,,,
HH017051,HNW,0.0,desarrollo,2,4,1,2,2
HH017052,HNW,0.0,desarrollo,3,1,1,1,2
HH017053,HNW,0.0,holdout,,,,,
HH017054,HNW,0.0,desarrollo,2,0,4,2,4
HH017055,HNW,0.0,desarrollo,0,4,4,1,2
HH017056,HNW,0.0,desarrollo,2,2,4,4,0
HH017057,HNW,1.0,desarrollo,1,1,3,4,3
HH017058,HNW,0.0,desarrollo,1,2,2,3,2
HH017059,HNW,0.0,desarrollo,0,4,3,0,0
HH017060,HNW,0.0,desarrollo,3,2,3,1,2
HH017061,HNW,0.0,desarrollo,3,2,2,0,4
HH017062,HNW,0.0,holdout,,,,,
HH017063,HNW,0.0,holdout,,,,,
HH017064,HNW,0.0,holdout,,,,,
HH017065,HNW,0.0,holdout,,,,,
HH017066,HNW,0.0,holdout,,,,,
HH017067,HNW,0.0,desarrollo,1,0,0,4,0
HH017068,HNW,0.0,holdout,,,,,
HH017069,HNW,1.0,desarrollo,2,2,2,3,2
HH017070,HNW,0.0,desarrollo,1,2,0,0,4
HH017071,HNW,0.0,holdout,,,,,
HH017072,HNW,0.0,desarrollo,2,3,2,0,3
HH017073,HNW,0.0,holdout,,,,,
HH017074,HNW,0.0,desarrollo,4,4,4,3,4
HH017075,HNW,0.0,desarrollo,2,3,3,0,2
HH017076,HNW,0.0,desarrollo,2,0,1,1,1
HH017077,HNW,0.0,holdout,,,,,
HH017078,HNW,0.0,holdout,,,,,
HH017079,HNW,0.0,desarrollo,0,4,4,1,0
HH017080,HNW,0.0,desarrollo,1,2,4,1,2
HH017081,HNW,0.0,holdout,,,,,
HH017082,HNW,0.0,desarrollo,4,4,3,4,4
HH017083,HNW,0.0,desarrollo,2,1,0,1,1
HH017084,HNW,0.0,desarrollo,4,3,2,0,0
HH017085,HNW,0.0,desarrollo,4,0,2,1,3
HH017086,HNW,0.0,desarrollo,0,1,3,3,3
HH017087,HNW,0.0,desarrollo,3,3,3,3,3
HH017088,HNW,0.0,desarrollo,1,0,2,3,2
HH017089,HNW,0.0,desarrollo,4,2,0,2,3
HH017090,HNW,0.0,holdout,,,,,
HH017091,HNW,0.0,desarrollo,0,0,3,4,1
HH017092,HNW,0.0,desarrollo,1,3,2,2,3
HH017093,HNW,0.0,holdout,,,,,
HH017094,HNW,0.0,desarrollo,0,0,3,4,3
HH017095,HNW,0.0,desarrollo,3,1,3,1,3
HH017096,HNW,0.0,desarrollo,2,4,3,0,0
HH017097,HNW,0.0,desarrollo,0,1,1,1,1
HH017098,HNW,0.0,holdout,,,,,
HH017099,HNW,0.0,desarrollo,1,4,4,0,1
HH017100,HNW,0.0,holdout,,,,,
HH017101,UHNW,0.0,holdout,,,,,
HH017102,HNW,0.0,desarrollo,2,4,2,3,3
HH017103,HNW,0.0,desarrollo,1,4,1,3,1
HH017104,HNW,0.0,desarrollo,0,0,1,4,3
HH017105,UHNW,0.0,desarrollo,0,0,0,1,1
HH017106,HNW,1.0,holdout,,,,,
HH017107,HNW,0.0,desarrollo,1,3,3,2,4
HH017108,HNW,0.0,holdout,,,,,
HH017109,HNW,0.0,desarrollo,1,2,2,1,2
HH017110,HNW,0.0,holdout,,,,,
HH017111,HNW,1.0,desarrollo,0,3,4,3,1
HH017112,HNW,0.0,holdout,,,,,
HH017113,HNW,0.0,desarrollo,2,1,4,0,4
HH017114,HNW,0.0,desarrollo,1,4,3,3,1
HH017115,HNW,0.0,holdout,,,,,
HH017116,HNW,0.0,desarrollo,1,1,4,1,4
HH017117,HNW,0.0,desarrollo,0,0,3,3,2
HH017118,HNW,0.0,desarrollo,4,0,0,0,4
HH017119,HNW,0.0,desarrollo,0,3,2,2,2
HH017120,HNW,0.0,holdout,,,,,
HH017121,HNW,0.0,desarrollo,4,0,4,0,3
HH017122,HNW,0.0,holdout,,,,,
HH017123,HNW,0.0,holdout,,,,,
HH017124,HNW,0.0,desarrollo,1,4,3,0,2
HH017125,HNW,0.0,desarrollo,3,2,4,2,2
HH017126,HNW,0.0,desarrollo,1,3,4,2,3
HH017127,HNW,0.0,desarrollo,0,1,3,4,4
HH017128,HNW,0.0,desarrollo,2,0,0,2,0
HH017129,HNW,0.0,desarrollo,4,3,0,3,4
HH017130,HNW,1.0,desarrollo,1,2,2,3,1
HH017131,HNW,0.0,desarrollo,3,3,1,0,1
HH017132,HNW,0.0,desarrollo,1,4,3,4,2
HH017133,UHNW,0.0,desarrollo,0,3,1,4,3
HH017134,HNW,0.0,holdout,,,,,
HH017135,HNW,0.0,desarrollo,3,2,0,4,1
HH017136,HNW,0.0,holdout,,,,,
HH017137,HNW,0.0,desarrollo,3,4,0,3,3
HH017138,HNW,0.0,desarrollo,3,3,2,3,4
HH017139,HNW,0.0,desarrollo,3,4,0,3,4
HH017140,HNW,0.0,holdout,,,,,
HH017141,HNW,0.0,desarrollo,4,3,2,1,4
HH017142,HNW,0.0,desarrollo,0,2,2,3,0
HH017143,HNW,0.0,desarrollo,2,1,0,1,0
HH017144,HNW,0.0,desarrollo,2,3,3,2,3
HH017145,UHNW,0.0,desarrollo,0,0,2,2,4
HH017146,HNW,0.0,desarrollo,3,3,2,1,1
HH017147,HNW,0.0,desarrollo,1,1,1,2,3
HH017148,HNW,0.0,holdout,,,,,
HH017149,HNW,0.0,desarrollo,3,1,1,2,3
HH017150,HNW,0.0,holdout,,,,,
HH017151,HNW,0.0,holdout,,,,,
HH017152,HNW,0.0,holdout,,,,,
HH017153,HNW,0.0,holdout,,,,,
HH017154,HNW,0.0,desarrollo,0,3,4,0,1
HH017155,HNW,0.0,desarrollo,1,0,1,4,4
HH017156,HNW,1.0,desarrollo,4,1,3,3,1
HH017157,HNW,0.0,desarrollo,3,2,1,3,1
HH017158,HNW,0.0,holdout,,,,,
HH017159,HNW,0.0,holdout,,,,,
HH017160,HNW,0.0,holdout,,,,,
HH017161,UHNW,0.0,desarrollo,3,1,4,3,2
HH017162,UHNW,0.0,desarrollo,3,4,0,2,4
HH017163,HNW,0.0,desarrollo,0,4,2,3,3
HH017164,HNW,0.0,desarrollo,2,3,4,0,2
HH017165,HNW,0.0,desarrollo,1,2,2,3,0
HH017166,HNW,0.0,desarrollo,3,4,3,4,0
HH017167,HNW,0.0,holdout,,,,,
HH017168,HNW,0.0,desarrollo,1,4,2,0,2
HH017169,HNW,0.0,desarrollo,3,3,4,3,2
HH017170,HNW,0.0,desarrollo,3,3,0,4,2
HH017171,UHNW,0.0,holdout,,,,,
HH017172,HNW,1.0,desarrollo,4,0,0,0,2
HH017173,HNW,0.0,holdout,,,,,
HH017174,HNW,0.0,holdout,,,,,
HH017175,UHNW,0.0,desarrollo,2,0,0,3,4
HH017176,HNW,0.0,desarrollo,3,2,0,1,3
HH017177,HNW,0.0,desarrollo,0,3,2,0,2
HH017178,HNW,0.0,holdout,,,,,
HH017179,HNW,1.0,holdout,,,,,
HH017180,HNW,0.0,holdout,,,,,
HH017181,HNW,0.0,desarrollo,3,0,4,1,0
HH017182,HNW,0.0,desarrollo,0,2,2,0,2
HH017183,HNW,0.0,desarrollo,4,0,0,2,1
HH017184,UHNW,0.0,desarrollo,1,0,4,0,2
HH017185,HNW,0.0,desarrollo,2,0,2,2,0
HH017186,HNW,0.0,holdout,,,,,
HH017187,HNW,0.0,desarrollo,0,2,3,1,4
HH017188,HNW,0.0,desarrollo,2,4,3,1,2
HH017189,HNW,1.0,desarrollo,4,3,4,1,2
HH017190,HNW,0.0,holdout,,,,,
HH017191,HNW,0.0,desarrollo,4,2,4,1,4
HH017192,HNW,0.0,desarrollo,3,1,1,4,1
HH017193,HNW,0.0,holdout,,,,,
HH017194,HNW,0.0,holdout,,,,,
HH017195,HNW,0.0,holdout,,,,,
HH017196,HNW,0.0,desarrollo,0,0,4,0,1
HH017197,HNW,0.0,desarrollo,0,0,4,0,3
HH017198,HNW,0.0,holdout,,,,,
HH017199,HNW,0.0,desarrollo,0,0,0,0,3
HH017200,HNW,0.0,desarrollo,3,3,4,0,4
HH017201,UHNW,0.0,desarrollo,4,3,4,4,3
HH017202,HNW,0.0,desarrollo,2,2,1,0,0
HH017203,HNW,0.0,holdout,,,,,
HH017204,HNW,0.0,desarrollo,2,0,0,1,0
HH017205,HNW,0.0,holdout,,,,,
HH017206,HNW,1.0,desarrollo,3,4,4,2,0
HH017207,HNW,0.0,desarrollo,0,2,2,4,4
HH017208,HNW,0.0,desarrollo,1,0,1,0,4
HH017209,HNW,0.0,desarrollo,4,3,4,0,3
HH017210,HNW,0.0,desarrollo,0,3,3,3,1
HH017211,UHNW,0.0,desarrollo,0,4,0,1,0
HH017212,HNW,0.0,desarrollo,0,0,2,2,0
HH017213,HNW,0.0,desarrollo,3,3,3,3,3
HH017214,HNW,0.0,holdout,,,,,
HH017215,HNW,0.0,holdout,,,,,
HH017216,HNW,0.0,desarrollo,2,4,3,2,0
HH017217,HNW,0.0,desarrollo,4,2,4,0,2
HH017218,HNW,0.0,holdout,,,,,
HH017219,HNW,0.0,desarrollo,0,2,0,3,3
HH017220,HNW,0.0,desarrollo,3,1,4,3,1
HH017221,HNW,0.0,desarrollo,4,4,0,0,2
HH017222,UHNW,0.0,holdout,,,,,
HH017223,HNW,0.0,desarrollo,3,2,0,0,2
HH017224,HNW,0.0,desarrollo,0,3,0,0,4
HH017225,HNW,1.0,desarrollo,4,1,4,1,4
HH017226,HNW,0.0,desarrollo,4,3,1,2,0
HH017227,HNW,0.0,desarrollo,1,1,2,3,4
HH017228,HNW,0.0,desarrollo,4,3,4,2,0
HH017229,HNW,0.0,desarrollo,1,0,0,0,3
HH017230,HNW,1.0,holdout,,,,,
HH017231,HNW,0.0,desarrollo,4,2,1,1,4
HH017232,HNW,0.0,desarrollo,1,4,2,2,0
HH017233,HNW,1.0,desarrollo,4,2,2,4,2
HH017234,HNW,0.0,desarrollo,4,2,0,4,2
HH017235,HNW,0.0,desarrollo,2,1,4,0,3
HH017236,HNW,0.0,holdout,,,,,
HH017237,HNW,0.0,desarrollo,1,2,2,0,2
HH017238,HNW,0.0,desarrollo,3,2,2,0,3
HH017239,HNW,0.0,holdout,,,,,
HH017240,HNW,0.0,desarrollo,0,2,4,0,1
HH017241,HNW,1.0,holdout,,,,,
HH017242,HNW,0.0,desarrollo,4,3,1,0,3
HH017243,HNW,0.0,desarrollo,1,1,3,1,2
HH017244,HNW,0.0,desarrollo,0,0,3,3,1
HH017245,HNW,0.0,holdout,,,,,
HH017246,HNW,0.0,holdout,,,,,
HH017247,HNW,0.0,holdout,,,,,
HH017248,HNW,0.0,holdout,,,,,
HH017249,HNW,0.0,desarrollo,1,4,0,3,2
HH017250,HNW,0.0,holdout,,,,,
HH017251,HNW,0.0,desarrollo,1,1,3,2,0
HH017252,HNW,0.0,desarrollo,4,3,2,4,3
HH017253,HNW,0.0,holdout,,,,,
HH017254,HNW,0.0,desarrollo,1,0,0,4,4
HH017255,UHNW,0.0,holdout,,,,,
HH017256,HNW,0.0,holdout,,,,,
HH017257,HNW,0.0,desarrollo,0,0,3,4,2
HH017258,HNW,0.0,holdout,,,,,
HH017259,HNW,0.0,holdout,,,,,
HH017260,HNW,0.0,desarrollo,2,4,3,3,2
HH017261,HNW,0.0,desarrollo,0,2,4,4,4
HH017262,HNW,0.0,desarrollo,0,1,2,3,1
HH017263,HNW,0.0,desarrollo,1,3,0,3,4
HH017264,HNW,0.0,desarrollo,0,4,3,4,0
HH017265,HNW,0.0,desarrollo,2,0,3,2,1
HH017266,HNW,0.0,desarrollo,1,1,1,4,3
HH017267,HNW,0.0,desarrollo,3,4,3,2,1
HH017268,HNW,0.0,desarrollo,0,1,2,0,0
HH017269,HNW,0.0,holdout,,,,,
HH017270,HNW,0.0,holdout,,,,,
HH017271,HNW,0.0,desarrollo,4,0,4,0,2
HH017272,HNW,0.0,desarrollo,1,4,1,3,0
HH017273,HNW,0.0,holdout,,,,,
HH017274,HNW,0.0,holdout,,,,,
HH017275,HNW,0.0,desarrollo,2,2,0,2,2
HH017276,HNW,0.0,holdout,,,,,
HH017277,HNW,0.0,desarrollo,0,2,0,2,0
HH017278,HNW,0.0,holdout,,,,,
HH017279,HNW,0.0,desarrollo,4,1,3,4,4
HH017280,HNW,0.0,desarrollo,0,0,1,2,0
HH017281,UHNW,0.0,desarrollo,3,4,0,0,3
HH017282,HNW,0.0,desarrollo,0,1,0,2,2
HH017283,HNW,0.0,desarrollo,0,3,2,4,3
HH017284,HNW,0.0,desarrollo,3,3,1,3,1
HH017285,HNW,0.0,holdout,,,,,
HH017286,HNW,0.0,desarrollo,2,3,0,1,3
HH017287,HNW,0.0,desarrollo,2,2,3,4,4
HH017288,HNW,0.0,desarrollo,1,3,1,1,2
HH017289,HNW,1.0,holdout,,,,,
HH017290,HNW,0.0,holdout,,,,,
HH017291,HNW,0.0,holdout,,,,,
HH017292,HNW,0.0,holdout,,,,,
HH017293,HNW,0.0,desarrollo,3,2,0,3,4
HH017294,HNW,0.0,desarrollo,1,1,0,3,2
HH017295,HNW,1.0,holdout,,,,,
HH017296,HNW,0.0,desarrollo,4,2,2,1,4
HH017297,HNW,0.0,desarrollo,3,1,4,3,4
HH017298,HNW,0.0,desarrollo,3,1,3,4,1
HH017299,UHNW,0.0,desarrollo,3,1,0,2,3
HH017300,HNW,0.0,desarrollo,2,4,4,1,1
HH017301,HNW,0.0,desarrollo,1,4,4,3,1
HH017302,HNW,0.0,desarrollo,2,3,2,2,4
HH017303,HNW,0.0,desarrollo,1,2,2,3,3
HH017304,HNW,0.0,desarrollo,0,4,1,1,1
HH017305,HNW,0.0,holdout,,,,,
HH017306,HNW,0.0,desarrollo,2,3,3,1,0
HH017307,HNW,0.0,desarrollo,3,1,0,0,2
HH017308,HNW,0.0,holdout,,,,,
HH017309,HNW,0.0,desarrollo,0,0,0,3,4
HH017310,UHNW,0.0,holdout,,,,,
HH017311,HNW,0.0,desarrollo,3,3,2,1,4
HH017312,HNW,0.0,desarrollo,3,2,2,1,1
HH017313,HNW,1.0,desarrollo,2,4,1,3,3
HH017314,HNW,0.0,holdout,,,,,
HH017315,HNW,0.0,desarrollo,3,1,2,4,2
HH017316,HNW,0.0,holdout,,,,,
HH017317,UHNW,0.0,desarrollo,4,0,3,0,3
HH017318,HNW,0.0,desarrollo,4,1,2,0,1
HH017319,HNW,0.0,desarrollo,2,4,2,4,2
HH017320,HNW,0.0,desarrollo,4,4,4,1,1
HH017321,HNW,0.0,desarrollo,3,3,3,4,3
HH017322,HNW,0.0,desarrollo,3,0,0,2,1
HH017323,HNW,0.0,desarrollo,0,4,4,2,4
HH017324,HNW,0.0,desarrollo,0,0,1,3,3
HH017325,HNW,0.0,holdout,,,,,
HH017326,UHNW,0.0,desarrollo,2,4,4,3,2
HH017327,HNW,0.0,desarrollo,0,3,1,3,2
HH017328,HNW,0.0,desarrollo,0,1,0,1,3
HH017329,HNW,0.0,holdout,,,,,
HH017330,HNW,0.0,desarrollo,1,3,2,2,1
HH017331,HNW,0.0,holdout,,,,,
HH017332,HNW,0.0,holdout,,,,,
HH017333,HNW,0.0,desarrollo,4,1,4,4,3
HH017334,HNW,0.0,desarrollo,4,0,2,1,0
HH017335,HNW,0.0,desarrollo,0,2,1,3,1
HH017336,HNW,1.0,desarrollo,1,0,1,1,4
HH017337,HNW,0.0,holdout,,,,,
HH017338,HNW,0.0,desarrollo,2,2,0,0,3
HH017339,HNW,0.0,desarrollo,1,0,4,2,4
HH017340,UHNW,0.0,holdout,,,,,
HH017341,HNW,0.0,holdout,,,,,
HH017342,HNW,0.0,holdout,,,,,
HH017343,HNW,0.0,holdout,,,,,
HH017344,HNW,0.0,desarrollo,3,3,1,4,3
HH017345,UHNW,1.0,holdout,,,,,
HH017346,HNW,0.0,desarrollo,3,2,3,0,1
HH017347,HNW,0.0,holdout,,,,,
HH017348,HNW,0.0,holdout,,,,,
HH017349,HNW,1.0,holdout,,,,,
HH017350,HNW,0.0,desarrollo,4,4,2,4,4
HH017351,HNW,0.0,desarrollo,4,2,1,4,0
HH017352,HNW,0.0,desarrollo,3,1,2,0,2
HH017353,HNW,0.0,holdout,,,,,
HH017354,HNW,0.0,desarrollo,0,1,3,1,1
HH017355,HNW,0.0,desarrollo,3,4,4,1,1
HH017356,HNW,1.0,holdout,,,,,
HH017357,UHNW,0.0,holdout,,,,,
HH017358,HNW,0.0,desarrollo,4,3,0,4,1
HH017359,HNW,0.0,desarrollo,3,4,2,1,1
HH017360,HNW,0.0,desarrollo,0,1,2,4,4
HH017361,HNW,0.0,holdout,,,,,
HH017362,HNW,0.0,desarrollo,1,3,1,2,3
HH017363,HNW,0.0,desarrollo,0,0,1,4,1
HH017364,HNW,0.0,holdout,,,,,
HH017365,HNW,0.0,desarrollo,2,1,4,3,4
HH017366,HNW,0.0,desarrollo,3,2,4,1,1
HH017367,HNW,0.0,holdout,,,,,
HH017368,HNW,0.0,desarrollo,0,0,0,0,4
HH017369,HNW,0.0,desarrollo,1,2,0,2,0
HH017370,UHNW,0.0,desarrollo,2,1,1,1,3
HH017371,HNW,0.0,desarrollo,2,2,3,1,0
HH017372,HNW,0.0,holdout,,,,,
HH017373,HNW,0.0,desarrollo,4,3,4,4,2
HH017374,HNW,0.0,desarrollo,0,1,4,2,3
HH017375,HNW,0.0,desarrollo,0,3,1,3,0
HH017376,HNW,0.0,desarrollo,0,4,0,3,1
HH017377,HNW,0.0,holdout,,,,,
HH017378,HNW,0.0,holdout,,,,,
HH017379,HNW,1.0,desarrollo,4,0,3,1,2
HH017380,HNW,0.0,desarrollo,2,3,4,1,4
HH017381,HNW,0.0,desarrollo,0,1,1,2,3
HH017382,HNW,0.0,desarrollo,1,2,2,4,4
HH017383,HNW,0.0,desarrollo,3,0,4,0,1
HH017384,UHNW,0.0,desarrollo,0,2,3,0,1
HH017385,HNW,0.0,holdout,,,,,
HH017386,HNW,0.0,desarrollo,2,4,2,4,1
HH017387,HNW,0.0,desarrollo,3,0,1,2,4
HH017388,HNW,0.0,desarrollo,2,4,4,2,3
HH017389,HNW,,excluido,,,,,
HH017390,HNW,0.0,desarrollo,3,4,0,2,4
HH017391,UHNW,0.0,holdout,,,,,
HH017392,HNW,0.0,desarrollo,0,4,1,2,2
HH017393,HNW,0.0,desarrollo,3,0,2,2,1
HH017394,HNW,0.0,desarrollo,3,1,1,2,4
HH017395,HNW,0.0,holdout,,,,,
HH017396,HNW,0.0,holdout,,,,,
HH017397,HNW,0.0,desarrollo,3,4,4,2,4
HH017398,UHNW,0.0,desarrollo,1,2,3,2,3
HH017399,HNW,0.0,holdout,,,,,
HH017400,HNW,0.0,desarrollo,0,0,1,3,1
HH017401,HNW,0.0,desarrollo,1,4,3,1,3
HH017402,HNW,0.0,desarrollo,4,3,4,3,0
HH017403,HNW,0.0,desarrollo,4,3,3,4,3
HH017404,HNW,0.0,desarrollo,4,2,2,0,4
HH017405,HNW,0.0,holdout,,,,,
HH017406,HNW,0.0,desarrollo,4,3,0,4,0
HH017407,HNW,0.0,holdout,,,,,
HH017408,HNW,0.0,desarrollo,4,2,2,3,2
HH017409,HNW,0.0,desarrollo,3,3,2,2,2
HH017410,HNW,0.0,holdout,,,,,
HH017411,HNW,0.0,holdout,,,,,
HH017412,HNW,0.0,holdout,,,,,
HH017413,HNW,0.0,holdout,,,,,
HH017414,HNW,0.0,desarrollo,3,3,2,1,0
HH017415,HNW,0.0,desarrollo,3,0,4,4,0
HH017416,HNW,0.0,holdout,,,,,
HH017417,HNW,0.0,desarrollo,1,4,3,1,3
HH017418,HNW,0.0,desarrollo,1,2,2,4,1
HH017419,HNW,0.0,holdout,,,,,
HH017420,HNW,0.0,holdout,,,,,
HH017421,HNW,0.0,desarrollo,4,4,1,3,1
HH017422,HNW,0.0,desarrollo,3,1,4,1,3
HH017423,HNW,0.0,desarrollo,3,4,4,4,3
HH017424,HNW,0.0,holdout,,,,,
HH017425,HNW,0.0,holdout,,,,,
HH017426,HNW,0.0,desarrollo,3,0,4,1,3
HH017427,HNW,0.0,desarrollo,1,4,2,2,4
HH017428,HNW,0.0,desarrollo,0,4,4,0,4
HH017429,HNW,0.0,holdout,,,,,
HH017430,HNW,0.0,desarrollo,2,2,1,2,2
HH017431,HNW,0.0,desarrollo,0,3,2,4,3
HH017432,HNW,0.0,desarrollo,4,3,1,2,0
HH017433,HNW,0.0,desarrollo,0,3,1,0,3
HH017434,UHNW,0.0,desarrollo,0,1,1,4,1
HH017435,HNW,0.0,holdout,,,,,
HH017436,HNW,0.0,desarrollo,0,1,4,4,3
HH017437,HNW,0.0,desarrollo,1,4,0,1,1
HH017438,HNW,0.0,holdout,,,,,
HH017439,HNW,0.0,holdout,,,,,
HH017440,HNW,0.0,desarrollo,1,0,1,4,2
HH017441,HNW,0.0,desarrollo,1,3,0,0,4
HH017442,HNW,0.0,desarrollo,3,3,0,1,1
HH017443,HNW,0.0,desarrollo,4,4,2,1,0
HH017444,HNW,0.0,desarrollo,2,0,3,3,1
HH017445,UHNW,0.0,desarrollo,4,1,1,1,1
HH017446,HNW,0.0,desarrollo,1,4,4,4,4
HH017447,HNW,0.0,desarrollo,4,1,1,0,4
HH017448,HNW,0.0,desarrollo,3,1,1,2,2
HH017449,UHNW,0.0,holdout,,,,,
HH017450,HNW,0.0,desarrollo,0,2,3,4,3
HH017451,HNW,0.0,desarrollo,1,0,4,2,3
HH017452,HNW,0.0,holdout,,,,,
HH017453,HNW,0.0,desarrollo,0,0,0,2,4
HH017454,HNW,0.0,desarrollo,3,0,3,1,0
HH017455,HNW,0.0,desarrollo,0,1,4,3,4
HH017456,HNW,0.0,desarrollo,3,4,0,1,3
HH017457,HNW,0.0,desarrollo,4,2,1,0,2
HH017458,HNW,0.0,holdout,,,,,
HH017459,HNW,0.0,desarrollo,1,3,2,3,1
HH017460,HNW,0.0,desarrollo,4,4,2,3,4
HH017461,HNW,0.0,desarrollo,1,0,4,3,2
HH017462,UHNW,0.0,desarrollo,0,3,3,4,3
HH017463,HNW,0.0,desarrollo,4,3,4,2,2
HH017464,UHNW,0.0,holdout,,,,,
HH017465,HNW,0.0,desarrollo,0,3,3,2,3
HH017466,HNW,0.0,holdout,,,,,
HH017467,HNW,0.0,desarrollo,1,2,4,4,3
HH017468,HNW,0.0,desarrollo,3,1,3,0,3
HH017469,HNW,0.0,desarrollo,3,0,1,4,4
HH017470,HNW,0.0,desarrollo,3,1,3,0,0
HH017471,HNW,0.0,holdout,,,,,
HH017472,HNW,0.0,holdout,,,,,
HH017473,HNW,0.0,desarrollo,4,1,4,2,2
HH017474,HNW,1.0,desarrollo,0,2,4,0,0
HH017475,HNW,1.0,holdout,,,,,
HH017476,HNW,0.0,desarrollo,3,3,1,1,2
HH017477,HNW,0.0,desarrollo,0,0,1,3,2
HH017478,HNW,0.0,desarrollo,4,2,1,2,1
HH017479,HNW,0.0,desarrollo,2,1,0,1,3
HH017480,HNW,0.0,desarrollo,3,2,0,2,2
HH017481,HNW,1.0,desarrollo,4,0,0,3,4
HH017482,HNW,0.0,desarrollo,3,2,1,3,4
HH017483,HNW,0.0,desarrollo,2,3,1,2,0
HH017484,UHNW,0.0,desarrollo,4,1,4,1,3
HH017485,UHNW,0.0,desarrollo,1,0,0,3,4
HH017486,HNW,0.0,holdout,,,,,
HH017487,HNW,0.0,holdout,,,,,
HH017488,HNW,0.0,holdout,,,,,
HH017489,HNW,1.0,desarrollo,4,3,4,3,4
HH017490,UHNW,0.0,desarrollo,1,0,2,0,4
HH017491,HNW,0.0,desarrollo,1,3,0,0,3
HH017492,HNW,0.0,desarrollo,1,1,0,0,0
HH017493,UHNW,1.0,desarrollo,4,4,0,3,1
HH017494,HNW,0.0,desarrollo,0,0,0,4,1
HH017495,HNW,0.0,desarrollo,3,4,3,4,3
HH017496,HNW,0.0,holdout,,,,,
HH017497,HNW,0.0,desarrollo,1,3,4,4,4
HH017498,HNW,0.0,holdout,,,,,
HH017499,HNW,1.0,desarrollo,3,0,1,2,0
HH017500,HNW,0.0,desarrollo,2,2,3,2,3
HH017501,HNW,1.0,desarrollo,2,1,0,1,0
HH017502,UHNW,0.0,desarrollo,1,3,1,2,1
HH017503,HNW,0.0,holdout,,,,,
HH017504,HNW,1.0,desarrollo,2,4,3,0,0
HH017505,HNW,0.0,desarrollo,1,2,0,2,2
HH017506,HNW,0.0,holdout,,,,,
HH017507,HNW,0.0,desarrollo,3,0,2,4,1
HH017508,HNW,0.0,desarrollo,3,1,2,1,3
HH017509,HNW,0.0,desarrollo,2,0,4,0,0
HH017510,HNW,0.0,desarrollo,0,4,2,3,1
HH017511,HNW,0.0,desarrollo,4,3,0,0,2
HH017512,HNW,0.0,desarrollo,0,2,4,3,2
HH017513,HNW,0.0,holdout,,,,,
HH017514,HNW,0.0,desarrollo,1,1,2,3,2
HH017515,HNW,0.0,desarrollo,1,3,2,2,4
HH017516,UHNW,0.0,desarrollo,2,2,0,3,1
HH017517,HNW,0.0,holdout,,,,,
HH017518,HNW,0.0,holdout,,,,,
HH017519,HNW,0.0,desarrollo,3,0,3,3,0
HH017520,HNW,0.0,holdout,,,,,
HH017521,HNW,0.0,holdout,,,,,
HH017522,HNW,0.0,desarrollo,0,3,1,0,0
HH017523,HNW,0.0,desarrollo,2,3,4,4,4
HH017524,HNW,0.0,desarrollo,1,3,1,0,1
HH017525,HNW,0.0,desarrollo,2,3,4,1,4
HH017526,HNW,0.0,desarrollo,0,4,2,4,2
HH017527,HNW,0.0,desarrollo,3,1,3,1,2
HH017528,HNW,0.0,desarrollo,0,0,4,4,4
HH017529,HNW,0.0,desarrollo,4,4,3,4,3
HH017530,UHNW,0.0,desarrollo,0,1,4,3,4
HH017531,HNW,0.0,desarrollo,1,3,2,4,4
HH017532,HNW,0.0,desarrollo,3,1,4,4,1
HH017533,HNW,0.0,holdout,,,,,
HH017534,HNW,0.0,holdout,,,,,
HH017535,HNW,0.0,desarrollo,3,3,2,4,3
HH017536,HNW,0.0,desarrollo,1,4,4,1,1
HH017537,HNW,0.0,desarrollo,0,2,3,2,0
HH017538,HNW,0.0,desarrollo,4,2,1,1,1
HH017539,HNW,0.0,desarrollo,2,2,1,0,2
HH017540,HNW,0.0,desarrollo,2,2,2,3,2
HH017541,HNW,0.0,desarrollo,3,4,2,0,3
HH017542,HNW,0.0,desarrollo,1,0,3,2,3
HH017543,HNW,0.0,holdout,,,,,
HH017544,HNW,0.0,desarrollo,4,3,2,0,3
HH017545,HNW,0.0,holdout,,,,,
HH017546,HNW,0.0,desarrollo,3,3,0,2,1
HH017547,HNW,0.0,holdout,,,,,
HH017548,HNW,0.0,desarrollo,3,3,1,4,0
HH017549,HNW,0.0,desarrollo,4,4,0,2,4
HH017550,UHNW,0.0,desarrollo,4,1,4,2,0
HH017551,HNW,0.0,desarrollo,1,1,3,4,4
HH017552,HNW,0.0,desarrollo,4,3,1,2,0
HH017553,HNW,0.0,holdout,,,,,
HH017554,HNW,0.0,desarrollo,2,2,4,3,3
HH017555,HNW,0.0,holdout,,,,,
HH017556,HNW,0.0,desarrollo,2,0,2,3,2
HH017557,HNW,0.0,desarrollo,4,1,4,4,3
HH017558,HNW,0.0,desarrollo,2,4,1,4,2
HH017559,HNW,0.0,desarrollo,0,0,2,4,1
HH017560,HNW,1.0,holdout,,,,,
HH017561,HNW,0.0,desarrollo,2,1,1,4,3
HH017562,HNW,1.0,desarrollo,0,0,0,2,3
HH017563,UHNW,0.0,desarrollo,1,3,2,3,0
HH017564,HNW,0.0,desarrollo,0,1,0,3,0
HH017565,HNW,0.0,desarrollo,4,3,2,0,2
HH017566,HNW,0.0,holdout,,,,,
HH017567,HNW,0.0,holdout,,,,,
HH017568,HNW,0.0,holdout,,,,,
HH017569,HNW,1.0,holdout,,,,,
HH017570,UHNW,1.0,holdout,,,,,
HH017571,HNW,0.0,holdout,,,,,
HH017572,HNW,0.0,desarrollo,4,0,4,4,0
HH017573,HNW,0.0,desarrollo,0,4,0,0,3
HH017574,HNW,0.0,desarrollo,3,0,1,3,1
HH017575,HNW,0.0,holdout,,,,,
HH017576,HNW,0.0,holdout,,,,,
HH017577,HNW,0.0,desarrollo,0,0,3,2,2
HH017578,HNW,0.0,desarrollo,4,2,0,4,1
HH017579,HNW,0.0,desarrollo,3,3,1,2,2
HH017580,HNW,0.0,desarrollo,1,4,1,0,2
HH017581,HNW,0.0,holdout,,,,,
HH017582,HNW,0.0,desarrollo,0,3,2,4,4
HH017583,HNW,0.0,holdout,,,,,
HH017584,HNW,0.0,holdout,,,,,
HH017585,HNW,0.0,holdout,,,,,
HH017586,HNW,1.0,holdout,,,,,
HH017587,HNW,0.0,holdout,,,,,
HH017588,HNW,0.0,desarrollo,4,0,3,0,4
HH017589,HNW,0.0,holdout,,,,,
HH017590,HNW,0.0,holdout,,,,,
HH017591,HNW,0.0,holdout,,,,,
HH017592,HNW,0.0,desarrollo,1,3,0,4,2
HH017593,HNW,0.0,holdout,,,,,
HH017594,HNW,0.0,desarrollo,2,2,4,0,4
HH017595,HNW,0.0,desarrollo,1,3,3,3,4
HH017596,HNW,0.0,desarrollo,3,1,2,0,0
HH017597,HNW,0.0,desarrollo,0,4,2,4,0
HH017598,HNW,0.0,desarrollo,2,1,1,1,3
HH017599,HNW,0.0,holdout,,,,,
HH017600,HNW,0.0,desarrollo,2,1,4,3,1
HH017601,HNW,0.0,holdout,,,,,
HH017602,HNW,0.0,desarrollo,1,3,1,1,3
HH017603,HNW,0.0,desarrollo,1,4,4,3,4
HH017604,HNW,0.0,desarrollo,3,4,4,0,3
HH017605,HNW,0.0,holdout,,,,,
HH017606,HNW,0.0,desarrollo,3,2,2,2,0
HH017607,HNW,0.0,holdout,,,,,
HH017608,HNW,0.0,desarrollo,1,1,3,0,2
HH017609,UHNW,0.0,desarrollo,1,1,2,1,1
HH017610,HNW,0.0,desarrollo,4,2,2,0,3
HH017611,HNW,1.0,holdout,,,,,
HH017612,HNW,0.0,desarrollo,4,0,2,2,1
HH017613,HNW,0.0,desarrollo,2,4,0,2,4
HH017614,HNW,0.0,desarrollo,0,3,4,2,4
HH017615,HNW,0.0,desarrollo,3,1,3,3,4
HH017616,HNW,0.0,desarrollo,0,3,3,3,2
HH017617,HNW,1.0,desarrollo,0,1,0,1,1
HH017618,HNW,0.0,desarrollo,0,3,0,1,4
HH017619,HNW,0.0,desarrollo,2,1,3,1,2
HH017620,HNW,0.0,holdout,,,,,
HH017621,HNW,0.0,desarrollo,2,2,4,4,4
HH017622,HNW,0.0,desarrollo,0,0,4,3,2
HH017623,HNW,0.0,desarrollo,0,3,1,0,2
HH017624,HNW,0.0,holdout,,,,,
HH017625,UHNW,0.0,desarrollo,2,2,2,2,4
HH017626,HNW,0.0,desarrollo,0,4,0,3,3
HH017627,HNW,0.0,holdout,,,,,
HH017628,HNW,0.0,desarrollo,3,0,0,4,0
HH017629,HNW,0.0,desarrollo,0,3,3,1,4
HH017630,UHNW,0.0,desarrollo,1,4,2,4,0
HH017631,HNW,0.0,desarrollo,0,0,1,4,0
HH017632,UHNW,0.0,desarrollo,3,1,1,3,3
HH017633,HNW,0.0,holdout,,,,,
HH017634,HNW,0.0,holdout,,,,,
HH017635,HNW,0.0,desarrollo,2,1,2,4,1
HH017636,HNW,0.0,desarrollo,3,2,4,0,2
HH017637,HNW,0.0,desarrollo,2,4,1,2,1
HH017638,HNW,0.0,desarrollo,0,2,0,4,0
HH017639,HNW,0.0,desarrollo,3,0,4,0,2
HH017640,HNW,0.0,desarrollo,3,4,3,4,1
HH017641,HNW,0.0,desarrollo,4,0,4,3,0
HH017642,HNW,0.0,desarrollo,4,1,4,1,3
HH017643,UHNW,0.0,holdout,,,,,
HH017644,HNW,1.0,desarrollo,4,2,3,3,0
HH017645,HNW,0.0,holdout,,,,,
HH017646,HNW,0.0,desarrollo,3,4,4,4,2
HH017647,HNW,0.0,desarrollo,2,1,0,4,0
HH017648,HNW,0.0,desarrollo,1,2,1,2,3
HH017649,HNW,0.0,desarrollo,1,4,0,2,2
HH017650,HNW,0.0,holdout,,,,,
HH017651,HNW,0.0,desarrollo,2,2,1,2,2
HH017652,HNW,0.0,desarrollo,1,3,4,4,4
HH017653,HNW,0.0,holdout,,,,,
HH017654,HNW,0.0,desarrollo,0,4,3,3,2
HH017655,HNW,0.0,desarrollo,4,3,4,0,2
HH017656,HNW,0.0,desarrollo,3,2,2,4,0
HH017657,HNW,0.0,holdout,,,,,
HH017658,HNW,0.0,holdout,,,,,
HH017659,HNW,0.0,holdout,,,,,
HH017660,HNW,0.0,desarrollo,3,3,2,4,3
HH017661,HNW,0.0,desarrollo,4,0,3,1,0
HH017662,HNW,0.0,holdout,,,,,
HH017663,HNW,0.0,desarrollo,4,2,1,4,4
HH017664,HNW,0.0,desarrollo,4,4,0,3,0
HH017665,HNW,0.0,holdout,,,,,
HH017666,UHNW,0.0,holdout,,,,,
HH017667,HNW,0.0,desarrollo,4,1,1,1,3
HH017668,HNW,0.0,desarrollo,1,3,3,2,4
HH017669,HNW,0.0,desarrollo,3,4,0,0,1
HH017670,HNW,0.0,holdout,,,,,
HH017671,HNW,0.0,desarrollo,1,4,0,2,2
HH017672,HNW,0.0,desarrollo,4,2,0,4,1
HH017673,HNW,0.0,desarrollo,1,1,3,4,0
HH017674,HNW,0.0,holdout,,,,,
HH017675,HNW,0.0,desarrollo,1,3,4,4,1
HH017676,HNW,1.0,holdout,,,,,
HH017677,HNW,0.0,holdout,,,,,
HH017678,HNW,0.0,holdout,,,,,
HH017679,HNW,0.0,holdout,,,,,
HH017680,UHNW,0.0,desarrollo,4,4,0,3,1
HH017681,HNW,0.0,desarrollo,0,3,3,0,3
HH017682,HNW,0.0,desarrollo,2,1,3,1,1
HH017683,HNW,0.0,desarrollo,1,2,0,3,2
HH017684,HNW,0.0,desarrollo,4,1,2,0,3
HH017685,HNW,0.0,desarrollo,1,3,2,3,4
HH017686,HNW,0.0,desarrollo,4,3,4,4,0
HH017687,HNW,0.0,desarrollo,4,1,0,4,3
HH017688,HNW,0.0,holdout,,,,,
HH017689,HNW,1.0,holdout,,,,,
HH017690,HNW,0.0,desarrollo,1,4,1,0,2
HH017691,HNW,0.0,desarrollo,1,3,1,1,2
HH017692,HNW,0.0,desarrollo,4,1,0,2,4
HH017693,HNW,0.0,holdout,,,,,
HH017694,HNW,0.0,desarrollo,3,0,3,4,3
HH017695,UHNW,0.0,desarrollo,3,1,3,4,0
HH017696,HNW,0.0,desarrollo,2,1,2,2,3
HH017697,HNW,0.0,desarrollo,3,3,0,1,0
HH017698,HNW,0.0,desarrollo,1,0,3,0,4
HH017699,HNW,0.0,holdout,,,,,
HH017700,HNW,0.0,desarrollo,0,3,1,2,3
HH017701,HNW,1.0,desarrollo,2,4,3,3,2
HH017702,HNW,0.0,holdout,,,,,
HH017703,HNW,0.0,desarrollo,4,2,4,3,4
HH017704,HNW,0.0,holdout,,,,,
HH017705,HNW,0.0,desarrollo,0,0,4,3,4
HH017706,HNW,0.0,holdout,,,,,
HH017707,HNW,0.0,holdout,,,,,
HH017708,HNW,1.0,desarrollo,1,0,1,1,3
HH017709,HNW,0.0,desarrollo,0,4,4,1,4
HH017710,HNW,0.0,desarrollo,3,1,4,2,4
HH017711,HNW,0.0,desarrollo,0,1,3,1,0
HH017712,HNW,0.0,desarrollo,2,1,2,4,2
HH017713,UHNW,0.0,desarrollo,4,2,4,4,3
HH017714,HNW,0.0,holdout,,,,,
HH017715,HNW,0.0,desarrollo,2,3,2,4,1
HH017716,HNW,0.0,holdout,,,,,
HH017717,HNW,0.0,holdout,,,,,
HH017718,UHNW,0.0,desarrollo,3,2,2,0,1
HH017719,HNW,0.0,desarrollo,2,0,3,3,3
HH017720,HNW,0.0,holdout,,,,,
HH017721,HNW,0.0,desarrollo,4,4,3,4,2
HH017722,HNW,0.0,desarrollo,3,4,2,0,4
HH017723,HNW,0.0,desarrollo,2,3,3,0,4
HH017724,HNW,0.0,desarrollo,4,1,1,2,2
HH017725,HNW,0.0,holdout,,,,,
HH017726,HNW,0.0,holdout,,,,,
HH017727,HNW,0.0,desarrollo,4,3,1,1,3
HH017728,HNW,0.0,holdout,,,,,
HH017729,HNW,0.0,holdout,,,,,
HH017730,HNW,0.0,desarrollo,4,0,1,3,1
HH017731,HNW,0.0,desarrollo,0,2,1,3,4
HH017732,HNW,0.0,desarrollo,4,3,2,3,2
HH017733,HNW,0.0,desarrollo,4,2,4,1,2
HH017734,HNW,0.0,desarrollo,4,1,2,4,3
HH017735,HNW,0.0,desarrollo,3,4,4,2,4
HH017736,HNW,0.0,desarrollo,4,1,4,4,1
HH017737,HNW,0.0,desarrollo,0,0,1,0,0
HH017738,HNW,0.0,desarrollo,1,2,2,3,2
HH017739,HNW,0.0,holdout,,,,,
HH017740,HNW,0.0,holdout,,,,,
HH017741,HNW,0.0,desarrollo,0,1,1,4,1
HH017742,HNW,0.0,desarrollo,2,3,0,1,3
HH017743,HNW,0.0,desarrollo,2,4,1,0,4
HH017744,HNW,0.0,desarrollo,0,0,0,1,2
HH017745,HNW,0.0,desarrollo,3,4,0,1,2
HH017746,HNW,0.0,holdout,,,,,
HH017747,HNW,0.0,desarrollo,4,1,1,4,1
HH017748,HNW,0.0,desarrollo,1,0,1,1,4
HH017749,HNW,0.0,desarrollo,1,3,0,0,3
HH017750,HNW,0.0,desarrollo,1,0,0,3,4
HH017751,HNW,0.0,holdout,,,,,
HH017752,HNW,0.0,desarrollo,1,3,1,3,0
HH017753,HNW,0.0,desarrollo,1,2,0,4,3
HH017754,HNW,0.0,desarrollo,1,1,4,2,1
HH017755,HNW,0.0,holdout,,,,,
HH017756,HNW,0.0,desarrollo,4,1,1,3,4
HH017757,HNW,0.0,holdout,,,,,
HH017758,HNW,0.0,desarrollo,0,1,1,2,0
HH017759,HNW,0.0,holdout,,,,,
HH017760,HNW,0.0,desarrollo,1,2,0,1,4
HH017761,HNW,0.0,holdout,,,,,
HH017762,HNW,0.0,desarrollo,4,1,3,4,4
HH017763,HNW,0.0,desarrollo,0,4,2,0,1
HH017764,HNW,0.0,desarrollo,4,2,0,3,4
HH017765,HNW,0.0,desarrollo,4,0,0,4,3
HH017766,HNW,0.0,holdout,,,,,
HH017767,HNW,0.0,desarrollo,2,2,2,4,0
HH017768,HNW,0.0,desarrollo,0,4,3,0,3
HH017769,HNW,0.0,desarrollo,0,0,3,2,2
HH017770,HNW,0.0,desarrollo,0,0,1,2,2
HH017771,HNW,0.0,desarrollo,4,3,3,3,1
HH017772,HNW,0.0,desarrollo,1,0,3,0,3
HH017773,HNW,1.0,desarrollo,1,0,3,0,0
HH017774,HNW,0.0,desarrollo,4,2,1,1,0
HH017775,HNW,0.0,desarrollo,1,2,1,0,4
HH017776,HNW,0.0,desarrollo,1,4,3,1,1
HH017777,HNW,0.0,desarrollo,2,3,4,3,2
HH017778,HNW,0.0,desarrollo,2,0,4,3,3
HH017779,HNW,1.0,desarrollo,2,1,2,2,3
HH017780,HNW,0.0,desarrollo,4,1,2,2,4
HH017781,HNW,1.0,desarrollo,3,3,0,3,4
HH017782,HNW,0.0,desarrollo,3,4,1,4,1
HH017783,HNW,0.0,desarrollo,1,3,3,0,0
HH017784,HNW,0.0,desarrollo,0,1,3,4,3
HH017785,HNW,0.0,holdout,,,,,
HH017786,HNW,0.0,holdout,,,,,
HH017787,HNW,0.0,desarrollo,3,4,0,1,2
HH017788,HNW,0.0,desarrollo,1,0,3,3,4
HH017789,HNW,0.0,desarrollo,1,0,4,1,1
HH017790,HNW,0.0,desarrollo,1,4,4,4,4
HH017791,UHNW,0.0,desarrollo,0,0,4,2,2
HH017792,UHNW,0.0,desarrollo,2,2,1,1,4
HH017793,HNW,1.0,desarrollo,2,1,2,4,4
HH017794,HNW,0.0,desarrollo,0,4,1,3,3
HH017795,HNW,0.0,holdout,,,,,
HH017796,HNW,0.0,holdout,,,,,
HH017797,HNW,0.0,desarrollo,3,1,1,0,2
HH017798,HNW,0.0,holdout,,,,,
HH017799,HNW,0.0,holdout,,,,,
HH017800,HNW,0.0,desarrollo,1,0,0,3,0
HH017801,HNW,0.0,desarrollo,2,1,2,3,4
HH017802,HNW,0.0,desarrollo,0,3,2,0,3
HH017803,HNW,0.0,desarrollo,0,2,4,4,2
HH017804,HNW,0.0,holdout,,,,,
HH017805,HNW,0.0,holdout,,,,,
HH017806,HNW,0.0,holdout,,,,,
HH017807,HNW,0.0,desarrollo,2,3,2,0,4
HH017808,HNW,0.0,desarrollo,2,0,1,3,2
HH017809,HNW,0.0,desarrollo,3,3,0,2,4
HH017810,HNW,0.0,desarrollo,2,1,4,3,4
HH017811,HNW,0.0,desarrollo,1,1,0,0,4
HH017812,HNW,0.0,desarrollo,1,2,2,3,0
HH017813,HNW,0.0,desarrollo,3,4,4,2,3
HH017814,HNW,0.0,holdout,,,,,
HH017815,HNW,0.0,desarrollo,2,2,0,1,1
HH017816,HNW,0.0,holdout,,,,,
HH017817,HNW,0.0,holdout,,,,,
HH017818,HNW,0.0,holdout,,,,,
HH017819,HNW,0.0,desarrollo,4,2,1,0,3
HH017820,HNW,0.0,desarrollo,4,4,1,0,0
HH017821,HNW,0.0,desarrollo,1,0,3,4,2
HH017822,HNW,0.0,desarrollo,1,1,0,1,4
HH017823,HNW,0.0,holdout,,,,,
HH017824,HNW,0.0,desarrollo,3,1,4,0,1
HH017825,HNW,0.0,desarrollo,2,3,1,4,2
HH017826,HNW,0.0,desarrollo,2,1,4,4,0
HH017827,HNW,0.0,holdout,,,,,
HH017828,HNW,0.0,holdout,,,,,
HH017829,UHNW,0.0,desarrollo,0,2,1,0,3
HH017830,HNW,0.0,desarrollo,1,2,1,0,2
HH017831,HNW,0.0,desarrollo,1,3,0,2,4
HH017832,HNW,0.0,holdout,,,,,
HH017833,HNW,0.0,holdout,,,,,
HH017834,HNW,0.0,holdout,,,,,
HH017835,HNW,0.0,desarrollo,2,4,4,1,0
HH017836,HNW,0.0,holdout,,,,,
HH017837,HNW,0.0,desarrollo,3,3,4,0,2
HH017838,HNW,0.0,desarrollo,4,3,0,3,1
HH017839,HNW,0.0,desarrollo,2,4,0,2,2
HH017840,HNW,0.0,holdout,,,,,
HH017841,HNW,0.0,holdout,,,,,
HH017842,HNW,0.0,holdout,,,,,
HH017843,HNW,0.0,desarrollo,4,3,1,1,0
HH017844,HNW,0.0,desarrollo,0,0,1,4,1
HH017845,HNW,0.0,desarrollo,1,2,1,3,2
HH017846,HNW,0.0,desarrollo,4,0,1,0,0
HH017847,HNW,0.0,desarrollo,3,2,0,2,3
HH017848,HNW,1.0,desarrollo,4,2,1,2,0
HH017849,HNW,0.0,desarrollo,0,4,1,1,2
HH017850,HNW,0.0,holdout,,,,,
HH017851,HNW,0.0,holdout,,,,,
HH017852,HNW,0.0,desarrollo,1,1,3,4,1
HH017853,HNW,0.0,desarrollo,2,2,1,1,4
HH017854,HNW,0.0,desarrollo,4,3,4,3,3
HH017855,HNW,0.0,desarrollo,0,4,4,0,3
HH017856,HNW,0.0,desarrollo,1,2,1,0,4
HH017857,HNW,0.0,holdout,,,,,
HH017858,HNW,0.0,holdout,,,,,
HH017859,HNW,0.0,desarrollo,3,1,0,4,2
HH017860,HNW,0.0,holdout,,,,,
HH017861,HNW,0.0,desarrollo,1,2,4,2,3
HH017862,HNW,1.0,holdout,,,,,
HH017863,HNW,0.0,desarrollo,2,3,1,0,2
HH017864,HNW,0.0,desarrollo,1,3,0,4,3
HH017865,HNW,0.0,holdout,,,,,
HH017866,HNW,0.0,holdout,,,,,
HH017867,HNW,0.0,holdout,,,,,
HH017868,HNW,0.0,desarrollo,3,2,1,1,1
HH017869,HNW,0.0,holdout,,,,,
HH017870,HNW,0.0,desarrollo,2,3,1,4,0
HH017871,HNW,0.0,desarrollo,4,4,3,3,1
HH017872,HNW,0.0,holdout,,,,,
HH017873,HNW,0.0,desarrollo,4,3,1,4,2
HH017874,HNW,0.0,desarrollo,2,2,4,2,2
HH017875,HNW,0.0,desarrollo,2,3,0,2,3
HH017876,HNW,0.0,desarrollo,2,2,1,3,0
HH017877,HNW,0.0,desarrollo,0,2,1,4,2
HH017878,HNW,0.0,holdout,,,,,
HH017879,HNW,0.0,desarrollo,0,3,0,4,4
HH017880,HNW,0.0,desarrollo,4,3,2,4,1
HH017881,HNW,0.0,desarrollo,2,2,0,0,2
HH017882,UHNW,0.0,holdout,,,,,
HH017883,HNW,0.0,holdout,,,,,
HH017884,UHNW,0.0,desarrollo,0,0,2,4,0
HH017885,HNW,0.0,holdout,,,,,
HH017886,HNW,0.0,holdout,,,,,
HH017887,HNW,0.0,desarrollo,3,0,0,3,0
HH017888,HNW,0.0,holdout,,,,,
HH017889,HNW,0.0,holdout,,,,,
HH017890,HNW,0.0,desarrollo,4,0,1,1,2
HH017891,HNW,0.0,desarrollo,1,3,0,3,2
HH017892,HNW,0.0,desarrollo,4,0,3,2,2
HH017893,HNW,0.0,desarrollo,1,4,0,1,3
HH017894,HNW,0.0,desarrollo,0,0,0,1,4
HH017895,HNW,0.0,desarrollo,3,0,0,4,2
HH017896,HNW,0.0,holdout,,,,,
HH017897,HNW,0.0,desarrollo,0,3,3,1,1
HH017898,HNW,0.0,holdout,,,,,
HH017899,HNW,0.0,desarrollo,3,3,2,4,3
HH017900,HNW,0.0,desarrollo,1,3,1,3,0
HH017901,HNW,0.0,desarrollo,4,4,1,2,0
HH017902,HNW,0.0,desarrollo,3,1,3,3,3
HH017903,HNW,0.0,desarrollo,0,3,4,2,3
HH017904,HNW,0.0,holdout,,,,,
HH017905,HNW,0.0,desarrollo,4,2,2,2,1
HH017906,HNW,0.0,holdout,,,,,
HH017907,HNW,0.0,desarrollo,1,1,1,2,4
HH017908,HNW,0.0,desarrollo,2,3,4,1,4
HH017909,UHNW,0.0,holdout,,,,,
HH017910,HNW,0.0,desarrollo,4,4,2,2,4
HH017911,HNW,0.0,desarrollo,2,2,2,4,1
HH017912,HNW,0.0,desarrollo,3,0,4,2,3
HH017913,HNW,1.0,desarrollo,2,4,1,1,0
HH017914,HNW,0.0,holdout,,,,,
HH017915,HNW,0.0,desarrollo,1,3,4,1,1
HH017916,HNW,0.0,desarrollo,1,2,4,1,2
HH017917,HNW,0.0,holdout,,,,,
HH017918,HNW,0.0,desarrollo,0,0,4,2,2
HH017919,HNW,0.0,desarrollo,1,0,0,3,0
HH017920,HNW,0.0,desarrollo,1,4,0,3,3
HH017921,HNW,0.0,holdout,,,,,
HH017922,HNW,1.0,desarrollo,2,0,2,4,0
HH017923,HNW,0.0,desarrollo,0,1,0,4,4
HH017924,HNW,1.0,desarrollo,1,1,2,1,4
HH017925,HNW,1.0,holdout,,,,,
HH017926,HNW,0.0,desarrollo,4,4,0,1,4
HH017927,HNW,0.0,desarrollo,4,4,3,4,2
HH017928,HNW,0.0,desarrollo,1,4,4,2,3
HH017929,HNW,0.0,desarrollo,1,1,4,4,0
HH017930,HNW,1.0,holdout,,,,,
HH017931,HNW,0.0,desarrollo,4,3,2,1,0
HH017932,HNW,0.0,desarrollo,2,0,3,1,4
HH017933,HNW,0.0,desarrollo,2,3,3,3,4
HH017934,HNW,0.0,desarrollo,1,1,3,3,4
HH017935,HNW,0.0,desarrollo,2,1,2,1,4
HH017936,HNW,0.0,desarrollo,0,0,4,4,2
HH017937,HNW,0.0,desarrollo,0,1,0,2,1
HH017938,HNW,0.0,desarrollo,2,4,0,2,1
HH017939,HNW,0.0,holdout,,,,,
HH017940,HNW,0.0,desarrollo,4,1,0,0,3
HH017941,HNW,0.0,desarrollo,2,1,4,3,2
HH017942,HNW,0.0,holdout,,,,,
HH017943,HNW,0.0,desarrollo,1,0,0,3,3
HH017944,HNW,0.0,desarrollo,2,4,1,4,4
HH017945,HNW,0.0,desarrollo,3,2,4,1,4
HH017946,HNW,0.0,holdout,,,,,
HH017947,HNW,0.0,holdout,,,,,
HH017948,UHNW,0.0,desarrollo,1,3,2,3,2
HH017949,HNW,0.0,desarrollo,4,4,3,1,1
HH017950,HNW,0.0,holdout,,,,,
HH017951,HNW,0.0,desarrollo,3,0,4,1,1
HH017952,HNW,,excluido,,,,,
HH017953,HNW,0.0,desarrollo,3,0,2,3,0
HH017954,HNW,0.0,desarrollo,3,3,4,2,3
HH017955,HNW,0.0,desarrollo,4,3,3,0,4
HH017956,HNW,0.0,desarrollo,0,4,1,2,0
HH017957,HNW,0.0,desarrollo,0,2,2,0,1
HH017958,HNW,0.0,holdout,,,,,
HH017959,HNW,0.0,desarrollo,3,2,2,0,1
HH017960,HNW,0.0,holdout,,,,,
HH017961,HNW,0.0,desarrollo,3,2,1,4,0
HH017962,HNW,0.0,desarrollo,1,1,1,3,2
HH017963,HNW,0.0,desarrollo,2,0,4,4,1
HH017964,HNW,0.0,holdout,,,,,
HH017965,HNW,0.0,desarrollo,1,2,2,2,3
HH017966,HNW,0.0,desarrollo,3,1,4,3,3
HH017967,HNW,0.0,holdout,,,,,
HH017968,HNW,0.0,desarrollo,3,3,3,0,3
HH017969,HNW,0.0,desarrollo,2,1,2,1,2
HH017970,HNW,0.0,holdout,,,,,
HH017971,HNW,1.0,holdout,,,,,
HH017972,HNW,0.0,desarrollo,1,1,1,4,1
HH017973,HNW,0.0,desarrollo,2,1,3,1,4
HH017974,HNW,0.0,desarrollo,2,2,1,4,0
HH017975,UHNW,1.0,holdout,,,,,
HH017976,HNW,0.0,holdout,,,,,
HH017977,HNW,0.0,desarrollo,1,1,2,0,4
HH017978,HNW,0.0,desarrollo,1,4,4,0,4
HH017979,HNW,0.0,holdout,,,,,
HH017980,UHNW,0.0,desarrollo,2,1,1,0,1
HH017981,HNW,0.0,holdout,,,,,
HH017982,HNW,0.0,holdout,,,,,
HH017983,HNW,0.0,holdout,,,,,
HH017984,HNW,0.0,desarrollo,0,3,2,1,0
HH017985,HNW,0.0,desarrollo,4,1,2,3,2
HH017986,HNW,0.0,desarrollo,1,4,2,3,0
HH017987,HNW,0.0,holdout,,,,,
HH017988,HNW,0.0,desarrollo,1,3,1,3,3
HH017989,HNW,0.0,desarrollo,3,3,4,3,3
HH017990,HNW,0.0,desarrollo,0,1,4,3,4
HH017991,HNW,0.0,desarrollo,1,0,2,0,0
HH017992,HNW,0.0,desarrollo,1,1,0,0,0
HH017993,HNW,0.0,desarrollo,4,4,2,3,1
HH017994,HNW,0.0,desarrollo,4,4,0,2,3
HH017995,HNW,0.0,desarrollo,0,3,4,4,1
HH017996,HNW,0.0,desarrollo,1,4,0,3,3
HH017997,HNW,0.0,holdout,,,,,
HH017998,HNW,0.0,desarrollo,1,3,0,4,2
HH017999,HNW,0.0,desarrollo,2,2,0,2,4
HH018000,HNW,0.0,holdout,,,,,
HH018001,HNW,0.0,holdout,,,,,
HH018002,HNW,0.0,desarrollo,4,3,2,0,2
HH018003,HNW,0.0,desarrollo,2,3,2,0,0
HH018004,HNW,0.0,desarrollo,2,1,1,4,4
HH018005,HNW,0.0,desarrollo,3,4,4,1,2
HH018006,HNW,0.0,desarrollo,4,1,0,0,2
HH018007,HNW,0.0,desarrollo,0,1,1,3,3
HH018008,HNW,0.0,holdout,,,,,
HH018009,UHNW,0.0,desarrollo,2,0,3,0,2
HH018010,HNW,0.0,desarrollo,2,1,1,1,2
HH018011,HNW,0.0,desarrollo,1,4,0,2,4
HH018012,HNW,0.0,desarrollo,4,0,2,1,0
HH018013,HNW,0.0,holdout,,,,,
HH018014,HNW,0.0,holdout,,,,,
HH018015,HNW,0.0,desarrollo,1,2,4,3,3
HH018016,HNW,0.0,holdout,,,,,
HH018017,UHNW,0.0,desarrollo,2,3,1,0,3
HH018018,HNW,0.0,desarrollo,2,3,2,3,1
HH018019,HNW,0.0,holdout,,,,,
HH018020,HNW,1.0,holdout,,,,,
HH018021,HNW,0.0,holdout,,,,,
HH018022,HNW,0.0,desarrollo,1,0,2,0,1
HH018023,HNW,0.0,desarrollo,4,1,3,4,4
HH018024,HNW,0.0,desarrollo,0,2,0,1,3
HH018025,HNW,0.0,holdout,,,,,
HH018026,HNW,0.0,holdout,,,,,
HH018027,HNW,0.0,desarrollo,3,2,0,1,2
HH018028,HNW,0.0,holdout,,,,,
HH018029,HNW,0.0,desarrollo,3,4,1,4,3
HH018030,HNW,0.0,desarrollo,0,3,3,1,0
HH018031,HNW,0.0,desarrollo,3,4,1,0,2
HH018032,HNW,0.0,desarrollo,4,1,4,1,2
HH018033,HNW,0.0,desarrollo,4,4,1,2,1
HH018034,HNW,0.0,desarrollo,0,0,3,2,4
HH018035,HNW,0.0,desarrollo,3,0,0,2,2
HH018036,HNW,0.0,desarrollo,4,1,2,1,4
HH018037,HNW,1.0,desarrollo,0,2,0,3,1
HH018038,HNW,0.0,desarrollo,0,4,3,0,3
HH018039,HNW,1.0,desarrollo,1,0,1,2,3
HH018040,HNW,0.0,desarrollo,0,1,4,3,0
HH018041,HNW,0.0,desarrollo,2,2,2,3,0
HH018042,HNW,0.0,desarrollo,4,1,3,1,0
HH018043,HNW,0.0,holdout,,,,,
HH018044,HNW,1.0,holdout,,,,,
HH018045,HNW,0.0,desarrollo,4,4,1,1,3
HH018046,HNW,0.0,desarrollo,2,4,3,0,2
HH018047,HNW,0.0,holdout,,,,,
HH018048,UHNW,0.0,holdout,,,,,
HH018049,HNW,0.0,desarrollo,0,0,0,2,3
HH018050,HNW,0.0,desarrollo,4,4,3,0,0
HH018051,HNW,0.0,desarrollo,0,3,3,0,0
HH018052,HNW,0.0,desarrollo,4,2,4,2,4
HH018053,HNW,0.0,holdout,,,,,
HH018054,HNW,0.0,desarrollo,2,3,1,4,2
HH018055,HNW,1.0,desarrollo,2,4,1,0,3
HH018056,HNW,0.0,desarrollo,1,0,3,4,4
HH018057,HNW,0.0,desarrollo,0,4,0,0,1
HH018058,HNW,0.0,holdout,,,,,
HH018059,HNW,0.0,holdout,,,,,
HH018060,HNW,0.0,desarrollo,1,2,2,1,0
HH018061,HNW,0.0,desarrollo,1,3,2,3,3
HH018062,HNW,0.0,desarrollo,1,1,3,4,0
HH018063,HNW,0.0,desarrollo,0,4,3,4,3
HH018064,HNW,0.0,desarrollo,4,2,1,2,3
HH018065,HNW,0.0,desarrollo,1,4,1,2,3
HH018066,UHNW,0.0,desarrollo,1,2,4,1,3
HH018067,HNW,0.0,desarrollo,3,4,4,3,0
HH018068,UHNW,0.0,holdout,,,,,
HH018069,HNW,0.0,holdout,,,,,
HH018070,HNW,0.0,desarrollo,2,1,2,1,0
HH018071,HNW,0.0,desarrollo,4,2,0,4,3
HH018072,HNW,0.0,desarrollo,2,2,2,2,0
HH018073,HNW,0.0,desarrollo,2,0,4,2,0
HH018074,HNW,0.0,desarrollo,4,2,2,2,0
HH018075,HNW,0.0,holdout,,,,,
HH018076,HNW,0.0,desarrollo,4,1,0,2,2
HH018077,HNW,0.0,desarrollo,0,4,4,3,3
HH018078,HNW,0.0,desarrollo,1,1,4,3,3
HH018079,HNW,0.0,holdout,,,,,
HH018080,HNW,0.0,holdout,,,,,
HH018081,HNW,0.0,holdout,,,,,
HH018082,HNW,0.0,holdout,,,,,
HH018083,HNW,0.0,holdout,,,,,
HH018084,HNW,0.0,desarrollo,4,2,0,2,1
HH018085,HNW,0.0,desarrollo,1,4,1,3,1
HH018086,HNW,0.0,desarrollo,0,0,1,3,4
HH018087,HNW,0.0,holdout,,,,,
HH018088,HNW,0.0,desarrollo,2,0,2,2,4
HH018089,HNW,0.0,holdout,,,,,
HH018090,HNW,0.0,holdout,,,,,
HH018091,HNW,0.0,holdout,,,,,
HH018092,HNW,0.0,desarrollo,0,1,1,4,0
HH018093,HNW,0.0,holdout,,,,,
HH018094,HNW,0.0,desarrollo,0,4,2,1,3
HH018095,UHNW,0.0,desarrollo,2,3,0,2,4
HH018096,HNW,0.0,desarrollo,0,0,0,4,2
HH018097,HNW,0.0,desarrollo,4,4,4,2,1
HH018098,HNW,0.0,desarrollo,0,4,3,3,2
HH018099,HNW,0.0,desarrollo,0,2,3,1,0
HH018100,HNW,0.0,desarrollo,0,4,2,0,0
HH018101,HNW,0.0,holdout,,,,,
HH018102,HNW,0.0,desarrollo,3,0,4,1,1
HH018103,HNW,0.0,holdout,,,,,
HH018104,HNW,0.0,desarrollo,3,1,2,2,2
HH018105,HNW,0.0,holdout,,,,,
HH018106,HNW,0.0,desarrollo,4,3,0,0,2
HH018107,HNW,0.0,desarrollo,2,1,4,0,0
HH018108,HNW,0.0,desarrollo,2,4,3,1,0
HH018109,HNW,0.0,holdout,,,,,
HH018110,HNW,0.0,desarrollo,2,1,1,0,0
HH018111,HNW,,excluido,,,,,
HH018112,HNW,1.0,desarrollo,4,4,4,0,0
HH018113,HNW,0.0,desarrollo,3,1,1,4,3
HH018114,HNW,0.0,desarrollo,2,2,0,0,2
HH018115,UHNW,0.0,holdout,,,,,
HH018116,HNW,0.0,desarrollo,3,0,3,3,0
HH018117,HNW,1.0,desarrollo,4,3,3,4,2
HH018118,HNW,0.0,desarrollo,0,4,3,1,2
HH018119,HNW,0.0,desarrollo,4,0,1,4,1
HH018120,HNW,0.0,holdout,,,,,
HH018121,HNW,1.0,desarrollo,2,4,4,0,2
HH018122,HNW,0.0,holdout,,,,,
HH018123,HNW,0.0,desarrollo,2,0,4,2,3
HH018124,HNW,0.0,desarrollo,3,1,4,0,2
HH018125,HNW,0.0,desarrollo,0,2,3,1,3
HH018126,HNW,0.0,desarrollo,1,2,2,1,1
HH018127,HNW,0.0,desarrollo,4,4,2,2,4
HH018128,HNW,1.0,holdout,,,,,
HH018129,HNW,0.0,holdout,,,,,
HH018130,HNW,0.0,desarrollo,1,2,2,4,1
HH018131,HNW,0.0,desarrollo,0,2,0,4,0
HH018132,HNW,0.0,holdout,,,,,
HH018133,HNW,0.0,desarrollo,1,1,3,2,1
HH018134,HNW,0.0,desarrollo,0,2,2,3,4
HH018135,HNW,0.0,desarrollo,0,4,3,4,0
HH018136,HNW,0.0,holdout,,,,,
HH018137,HNW,0.0,desarrollo,1,3,3,0,0
HH018138,HNW,1.0,desarrollo,2,2,0,2,2
HH018139,HNW,0.0,desarrollo,3,2,4,0,2
HH018140,HNW,0.0,desarrollo,0,2,3,3,1
HH018141,HNW,0.0,holdout,,,,,
HH018142,HNW,0.0,desarrollo,1,0,2,2,2
HH018143,HNW,0.0,desarrollo,2,3,0,0,4
HH018144,HNW,0.0,desarrollo,2,0,1,1,1
HH018145,HNW,0.0,holdout,,,,,
HH018146,HNW,0.0,desarrollo,2,3,2,1,3
HH018147,HNW,0.0,desarrollo,3,2,3,0,1
HH018148,HNW,0.0,desarrollo,2,1,2,3,4
HH018149,HNW,0.0,desarrollo,3,4,4,0,0
HH018150,HNW,0.0,desarrollo,4,3,1,3,4
HH018151,HNW,0.0,desarrollo,4,4,4,4,3
HH018152,HNW,0.0,holdout,,,,,
HH018153,HNW,0.0,desarrollo,4,1,4,1,0
HH018154,HNW,0.0,holdout,,,,,
HH018155,HNW,0.0,desarrollo,0,3,0,0,0
HH018156,UHNW,0.0,holdout,,,,,
HH018157,HNW,0.0,holdout,,,,,
HH018158,HNW,0.0,holdout,,,,,
HH018159,HNW,0.0,holdout,,,,,
HH018160,HNW,0.0,desarrollo,0,0,3,2,3
HH018161,UHNW,1.0,desarrollo,1,2,1,3,3
HH018162,HNW,0.0,holdout,,,,,
HH018163,HNW,0.0,desarrollo,0,1,4,3,0
HH018164,HNW,0.0,desarrollo,1,3,4,2,3
HH018165,HNW,0.0,desarrollo,4,1,0,1,1
HH018166,HNW,0.0,desarrollo,3,4,1,2,0
HH018167,HNW,0.0,desarrollo,0,4,3,2,0
HH018168,HNW,,excluido,,,,,
HH018169,HNW,0.0,desarrollo,3,2,1,1,3
HH018170,HNW,0.0,desarrollo,1,2,2,4,0
HH018171,HNW,1.0,desarrollo,4,4,2,0,1
HH018172,HNW,0.0,desarrollo,1,4,4,1,4
HH018173,HNW,0.0,holdout,,,,,
HH018174,HNW,0.0,holdout,,,,,
HH018175,HNW,0.0,desarrollo,3,4,1,1,0
HH018176,HNW,0.0,desarrollo,4,2,4,4,0
HH018177,HNW,0.0,desarrollo,2,0,2,1,3
HH018178,HNW,0.0,holdout,,,,,
HH018179,HNW,0.0,holdout,,,,,
HH018180,HNW,0.0,desarrollo,3,2,2,0,3
HH018181,HNW,1.0,desarrollo,2,0,2,0,2
HH018182,HNW,0.0,desarrollo,3,0,0,0,0
HH018183,HNW,0.0,desarrollo,3,3,0,4,1
HH018184,HNW,0.0,desarrollo,2,1,0,3,1
HH018185,HNW,0.0,desarrollo,2,0,1,0,1
HH018186,HNW,0.0,desarrollo,4,1,2,3,0
HH018187,HNW,0.0,desarrollo,1,2,1,0,0
HH018188,HNW,0.0,desarrollo,2,3,3,3,3
HH018189,HNW,0.0,holdout,,,,,
HH018190,HNW,0.0,desarrollo,1,1,0,4,3
HH018191,HNW,0.0,desarrollo,4,0,4,1,4
HH018192,HNW,0.0,desarrollo,3,0,0,1,1
HH018193,HNW,0.0,desarrollo,1,4,4,4,2
HH018194,HNW,0.0,holdout,,,,,
HH018195,HNW,0.0,desarrollo,2,4,0,0,2
HH018196,UHNW,0.0,desarrollo,3,4,2,0,0
HH018197,HNW,0.0,desarrollo,1,1,3,4,0
HH018198,HNW,0.0,holdout,,,,,
HH018199,HNW,0.0,desarrollo,3,1,4,4,3
HH018200,HNW,0.0,holdout,,,,,
HH018201,HNW,0.0,holdout,,,,,
HH018202,HNW,0.0,holdout,,,,,
HH018203,HNW,0.0,desarrollo,0,2,1,0,3
HH018204,HNW,0.0,desarrollo,4,1,3,2,0
HH018205,HNW,0.0,holdout,,,,,
HH018206,HNW,0.0,desarrollo,0,2,4,1,3
HH018207,UHNW,0.0,desarrollo,0,2,3,1,1
HH018208,HNW,0.0,desarrollo,0,4,1,0,4
HH018209,HNW,0.0,desarrollo,3,4,4,4,3
HH018210,HNW,0.0,holdout,,,,,
HH018211,HNW,0.0,holdout,,,,,
HH018212,HNW,0.0,holdout,,,,,
HH018213,UHNW,0.0,holdout,,,,,
HH018214,HNW,0.0,desarrollo,3,0,3,2,4
HH018215,HNW,0.0,desarrollo,1,2,2,2,4
HH018216,HNW,0.0,holdout,,,,,
HH018217,HNW,0.0,desarrollo,4,3,1,2,1
HH018218,UHNW,0.0,desarrollo,0,1,3,4,4
HH018219,HNW,0.0,desarrollo,4,0,0,3,3
HH018220,UHNW,0.0,desarrollo,3,2,2,0,4
HH018221,HNW,0.0,desarrollo,0,3,1,2,3
HH018222,HNW,0.0,holdout,,,,,
HH018223,HNW,0.0,desarrollo,1,3,0,0,0
HH018224,HNW,0.0,desarrollo,4,3,4,2,1
HH018225,HNW,0.0,desarrollo,4,1,1,3,2
HH018226,HNW,0.0,desarrollo,0,4,1,0,4
HH018227,HNW,0.0,desarrollo,3,1,1,4,4
HH018228,HNW,0.0,desarrollo,0,3,0,4,4
HH018229,HNW,0.0,desarrollo,2,4,3,0,1
HH018230,HNW,1.0,desarrollo,3,1,0,2,3
HH018231,HNW,0.0,desarrollo,0,3,4,1,1
HH018232,HNW,0.0,desarrollo,4,4,3,0,2
HH018233,HNW,0.0,desarrollo,0,3,1,0,0
HH018234,HNW,0.0,desarrollo,3,4,3,3,3
HH018235,HNW,0.0,desarrollo,2,4,4,0,0
HH018236,HNW,0.0,desarrollo,0,3,2,4,3
HH018237,HNW,0.0,desarrollo,4,1,0,1,4
HH018238,HNW,0.0,desarrollo,4,2,1,1,2
HH018239,HNW,0.0,holdout,,,,,
HH018240,UHNW,1.0,holdout,,,,,
HH018241,HNW,0.0,desarrollo,3,0,4,3,4
HH018242,HNW,0.0,desarrollo,1,1,4,3,4
HH018243,HNW,0.0,desarrollo,0,1,0,4,2
HH018244,HNW,,excluido,,,,,
HH018245,HNW,0.0,desarrollo,2,0,1,3,4
HH018246,HNW,0.0,holdout,,,,,
HH018247,HNW,0.0,desarrollo,1,2,4,0,2
HH018248,HNW,0.0,holdout,,,,,
HH018249,HNW,0.0,holdout,,,,,
HH018250,HNW,0.0,desarrollo,0,0,1,2,4
HH018251,HNW,0.0,desarrollo,0,1,0,3,1
HH018252,HNW,0.0,desarrollo,3,2,0,3,4
HH018253,UHNW,0.0,desarrollo,4,1,3,2,2
HH018254,HNW,0.0,desarrollo,2,0,1,0,4
HH018255,HNW,0.0,desarrollo,4,2,3,2,0
HH018256,HNW,0.0,desarrollo,2,4,4,3,0
HH018257,HNW,0.0,desarrollo,1,2,0,2,3
HH018258,HNW,0.0,holdout,,,,,
HH018259,HNW,0.0,desarrollo,0,2,3,1,4
HH018260,HNW,0.0,desarrollo,3,4,3,4,2
HH018261,HNW,0.0,holdout,,,,,
HH018262,HNW,0.0,holdout,,,,,
HH018263,HNW,0.0,desarrollo,4,3,3,3,1
HH018264,HNW,1.0,holdout,,,,,
HH018265,HNW,0.0,holdout,,,,,
HH018266,HNW,0.0,desarrollo,3,0,2,3,3
HH018267,HNW,0.0,holdout,,,,,
HH018268,HNW,0.0,desarrollo,2,3,3,3,1
HH018269,HNW,0.0,desarrollo,4,4,3,2,4
HH018270,HNW,0.0,holdout,,,,,
HH018271,HNW,0.0,desarrollo,4,0,2,2,0
HH018272,HNW,0.0,holdout,,,,,
HH018273,HNW,0.0,desarrollo,0,4,3,4,0
HH018274,HNW,0.0,desarrollo,1,2,1,3,1
HH018275,HNW,0.0,desarrollo,2,2,2,3,1
HH018276,HNW,0.0,desarrollo,1,4,4,0,0
HH018277,HNW,0.0,desarrollo,4,0,3,3,1
HH018278,HNW,0.0,desarrollo,0,0,2,2,4
HH018279,HNW,0.0,holdout,,,,,
HH018280,HNW,0.0,desarrollo,3,4,2,1,0
HH018281,HNW,0.0,desarrollo,2,0,1,4,4
HH018282,HNW,0.0,holdout,,,,,
HH018283,HNW,,excluido,,,,,
HH018284,HNW,0.0,desarrollo,3,3,1,4,2
HH018285,HNW,0.0,desarrollo,3,4,2,3,1
HH018286,HNW,0.0,desarrollo,3,2,3,1,3
HH018287,HNW,0.0,desarrollo,0,0,0,2,0
HH018288,HNW,0.0,desarrollo,2,2,2,2,0
HH018289,UHNW,0.0,desarrollo,1,0,0,4,0
HH018290,UHNW,1.0,desarrollo,0,2,3,3,3
HH018291,HNW,1.0,desarrollo,1,3,1,2,4
HH018292,HNW,0.0,desarrollo,3,1,2,1,3
HH018293,HNW,1.0,desarrollo,1,4,0,4,0
HH018294,HNW,0.0,desarrollo,4,1,3,4,4
HH018295,HNW,1.0,desarrollo,2,0,0,0,4
HH018296,HNW,0.0,desarrollo,1,4,4,4,2
HH018297,HNW,0.0,holdout,,,,,
HH018298,HNW,0.0,desarrollo,0,0,2,4,3
HH018299,HNW,0.0,desarrollo,1,4,4,1,4
HH018300,UHNW,0.0,holdout,,,,,
HH018301,HNW,0.0,holdout,,,,,
HH018302,HNW,0.0,desarrollo,3,0,0,0,3
HH018303,HNW,0.0,desarrollo,3,4,1,0,1
HH018304,HNW,0.0,desarrollo,4,2,3,0,3
HH018305,HNW,1.0,desarrollo,3,0,3,2,0
HH018306,HNW,0.0,desarrollo,1,4,4,4,0
HH018307,HNW,0.0,desarrollo,4,2,0,1,2
HH018308,HNW,0.0,desarrollo,1,2,1,1,3
HH018309,HNW,0.0,desarrollo,2,1,3,1,0
HH018310,HNW,0.0,holdout,,,,,
HH018311,HNW,0.0,desarrollo,4,1,3,0,0
HH018312,HNW,0.0,desarrollo,2,3,1,4,2
HH018313,HNW,0.0,desarrollo,2,4,4,0,2
HH018314,HNW,0.0,desarrollo,0,3,4,4,3
HH018315,HNW,0.0,desarrollo,0,1,0,1,0
HH018316,HNW,0.0,desarrollo,4,2,2,1,1
HH018317,HNW,0.0,desarrollo,4,1,0,3,2
HH018318,HNW,0.0,desarrollo,4,1,1,4,4
HH018319,HNW,0.0,desarrollo,3,3,1,4,4
HH018320,HNW,0.0,desarrollo,1,2,1,2,0
HH018321,HNW,0.0,desarrollo,4,0,4,3,2
HH018322,HNW,1.0,desarrollo,0,1,1,4,4
HH018323,HNW,1.0,desarrollo,3,2,2,1,1
HH018324,HNW,0.0,desarrollo,4,0,0,1,1
HH018325,HNW,0.0,desarrollo,4,4,1,2,2
HH018326,HNW,0.0,holdout,,,,,
HH018327,HNW,0.0,desarrollo,0,1,0,4,2
HH018328,HNW,0.0,desarrollo,2,4,0,0,1
HH018329,HNW,0.0,desarrollo,1,2,4,0,4
HH018330,HNW,0.0,desarrollo,4,2,2,0,4
HH018331,HNW,0.0,desarrollo,0,4,4,4,1
HH018332,HNW,0.0,desarrollo,2,3,4,4,0
HH018333,HNW,0.0,holdout,,,,,
HH018334,HNW,0.0,desarrollo,2,4,2,3,0
HH018335,HNW,0.0,holdout,,,,,
HH018336,HNW,0.0,desarrollo,3,2,0,4,0
HH018337,HNW,0.0,holdout,,,,,
HH018338,HNW,0.0,desarrollo,3,4,0,4,0
HH018339,HNW,0.0,desarrollo,1,4,0,3,0
HH018340,HNW,0.0,desarrollo,2,4,0,2,1
HH018341,HNW,0.0,holdout,,,,,
HH018342,HNW,0.0,desarrollo,4,0,2,0,3
HH018343,HNW,0.0,desarrollo,3,2,4,3,4
HH018344,HNW,0.0,holdout,,,,,
HH018345,HNW,0.0,holdout,,,,,
HH018346,HNW,0.0,desarrollo,4,3,3,3,0
HH018347,HNW,0.0,desarrollo,0,2,3,3,3
HH018348,HNW,0.0,desarrollo,3,2,1,3,0
HH018349,HNW,0.0,desarrollo,3,4,2,1,4
HH018350,HNW,0.0,desarrollo,3,2,1,2,1
HH018351,HNW,0.0,holdout,,,,,
HH018352,HNW,0.0,desarrollo,2,0,2,1,4
HH018353,HNW,0.0,desarrollo,1,1,2,0,2
HH018354,HNW,0.0,holdout,,,,,
HH018355,HNW,0.0,desarrollo,2,2,1,3,3
HH018356,HNW,0.0,holdout,,,,,
HH018357,HNW,0.0,desarrollo,1,2,1,2,4
HH018358,HNW,0.0,holdout,,,,,
HH018359,HNW,0.0,desarrollo,0,2,2,4,1
HH018360,HNW,0.0,desarrollo,3,1,4,2,2
HH018361,HNW,0.0,desarrollo,2,2,2,3,2
HH018362,HNW,0.0,holdout,,,,,
HH018363,HNW,0.0,holdout,,,,,
HH018364,HNW,0.0,desarrollo,0,1,2,1,1
HH018365,HNW,1.0,desarrollo,4,4,1,3,0
HH018366,HNW,0.0,desarrollo,0,2,3,2,0
HH018367,HNW,0.0,desarrollo,4,3,0,3,1
HH018368,HNW,0.0,holdout,,,,,
HH018369,HNW,0.0,desarrollo,4,2,0,4,0
HH018370,HNW,0.0,desarrollo,4,2,0,1,0
HH018371,HNW,0.0,desarrollo,2,3,2,3,1
HH018372,HNW,1.0,desarrollo,3,0,4,1,4
HH018373,HNW,0.0,desarrollo,3,4,2,4,4
HH018374,HNW,0.0,desarrollo,1,3,4,1,3
HH018375,HNW,1.0,desarrollo,2,1,4,2,3
HH018376,UHNW,0.0,desarrollo,2,0,3,3,4
HH018377,HNW,0.0,desarrollo,4,1,4,0,3
HH018378,HNW,0.0,holdout,,,,,
HH018379,HNW,0.0,desarrollo,2,0,1,4,0
HH018380,HNW,0.0,desarrollo,4,4,1,4,3
HH018381,HNW,0.0,desarrollo,3,3,4,2,1
HH018382,HNW,0.0,desarrollo,1,0,2,1,3
HH018383,HNW,0.0,holdout,,,,,
HH018384,HNW,0.0,desarrollo,3,0,4,0,3
HH018385,HNW,0.0,desarrollo,4,1,3,2,3
HH018386,HNW,1.0,desarrollo,0,0,4,4,4
HH018387,HNW,0.0,holdout,,,,,
HH018388,HNW,0.0,desarrollo,2,0,3,3,3
HH018389,HNW,0.0,holdout,,,,,
HH018390,HNW,0.0,holdout,,,,,
HH018391,HNW,0.0,desarrollo,2,2,0,4,1
HH018392,HNW,0.0,holdout,,,,,
HH018393,HNW,0.0,holdout,,,,,
HH018394,HNW,0.0,desarrollo,1,3,4,2,0
HH018395,HNW,0.0,holdout,,,,,
HH018396,HNW,0.0,holdout,,,,,
HH018397,HNW,0.0,desarrollo,0,0,1,3,2
HH018398,HNW,0.0,desarrollo,0,2,2,2,3
HH018399,HNW,0.0,desarrollo,2,3,2,3,2
HH018400,HNW,0.0,desarrollo,2,4,0,2,3
HH018401,HNW,1.0,desarrollo,3,3,2,1,4
HH018402,HNW,0.0,desarrollo,1,1,3,1,0
HH018403,HNW,0.0,desarrollo,2,3,1,3,0
HH018404,HNW,0.0,desarrollo,0,1,2,4,3
HH018405,HNW,0.0,holdout,,,,,
HH018406,HNW,0.0,desarrollo,0,4,4,2,3
HH018407,HNW,0.0,desarrollo,3,3,1,0,2
HH018408,HNW,0.0,holdout,,,,,
HH018409,HNW,0.0,desarrollo,3,2,1,3,1
HH018410,HNW,0.0,holdout,,,,,
HH018411,HNW,0.0,desarrollo,0,1,0,2,4
HH018412,HNW,0.0,desarrollo,0,4,4,4,2
HH018413,HNW,0.0,holdout,,,,,
HH018414,HNW,0.0,holdout,,,,,
HH018415,UHNW,0.0,desarrollo,3,0,2,0,4
HH018416,HNW,0.0,desarrollo,0,0,4,3,3
HH018417,HNW,0.0,desarrollo,4,4,2,1,4
HH018418,HNW,1.0,desarrollo,4,1,1,1,1
HH018419,HNW,0.0,desarrollo,2,1,3,3,4
HH018420,HNW,0.0,holdout,,,,,
HH018421,HNW,0.0,desarrollo,0,2,3,2,4
HH018422,HNW,0.0,desarrollo,4,1,4,2,2
HH018423,UHNW,0.0,desarrollo,4,0,3,2,0
HH018424,HNW,0.0,holdout,,,,,
HH018425,HNW,0.0,holdout,,,,,
HH018426,HNW,0.0,desarrollo,1,4,4,1,0
HH018427,HNW,0.0,desarrollo,1,1,2,3,2
HH018428,HNW,0.0,holdout,,,,,
HH018429,HNW,0.0,holdout,,,,,
HH018430,HNW,0.0,desarrollo,1,4,2,3,0
HH018431,HNW,0.0,desarrollo,1,2,3,0,4
HH018432,HNW,0.0,desarrollo,2,2,3,3,2
HH018433,HNW,0.0,desarrollo,4,3,1,4,1
HH018434,HNW,0.0,holdout,,,,,
HH018435,HNW,0.0,desarrollo,4,3,3,1,3
HH018436,HNW,0.0,desarrollo,2,3,2,0,0
HH018437,HNW,0.0,holdout,,,,,
HH018438,HNW,0.0,holdout,,,,,
HH018439,HNW,0.0,desarrollo,4,0,4,1,2
HH018440,HNW,0.0,desarrollo,4,4,1,3,3
HH018441,HNW,0.0,desarrollo,2,4,0,4,4
HH018442,HNW,0.0,desarrollo,2,0,0,2,4
HH018443,HNW,0.0,desarrollo,4,3,4,0,0
HH018444,HNW,0.0,holdout,,,,,
HH018445,HNW,0.0,desarrollo,4,3,3,1,4
HH018446,HNW,0.0,desarrollo,1,2,4,2,3
HH018447,UHNW,0.0,desarrollo,2,0,3,3,4
HH018448,HNW,0.0,holdout,,,,,
HH018449,HNW,0.0,holdout,,,,,
HH018450,HNW,0.0,desarrollo,4,4,1,1,4
HH018451,HNW,0.0,desarrollo,0,0,0,0,3
HH018452,UHNW,0.0,desarrollo,4,2,4,0,2
HH018453,HNW,0.0,desarrollo,0,0,0,2,1
HH018454,HNW,0.0,desarrollo,2,0,2,4,0
HH018455,HNW,0.0,desarrollo,2,0,0,0,0
HH018456,HNW,0.0,desarrollo,2,0,2,4,3
HH018457,HNW,0.0,desarrollo,1,3,1,1,2
HH018458,HNW,1.0,holdout,,,,,
HH018459,HNW,0.0,holdout,,,,,
HH018460,HNW,0.0,desarrollo,4,1,3,2,1
HH018461,HNW,1.0,desarrollo,4,2,3,4,2
HH018462,HNW,0.0,desarrollo,2,0,3,3,3
HH018463,HNW,0.0,holdout,,,,,
HH018464,HNW,0.0,desarrollo,4,1,1,4,2
HH018465,HNW,0.0,desarrollo,3,4,3,0,4
HH018466,HNW,0.0,desarrollo,3,4,1,0,4
HH018467,HNW,0.0,desarrollo,4,2,2,2,3
HH018468,UHNW,0.0,holdout,,,,,
HH018469,HNW,0.0,holdout,,,,,
HH018470,HNW,0.0,desarrollo,2,2,0,1,3
HH018471,UHNW,0.0,desarrollo,0,3,3,1,0
HH018472,HNW,0.0,holdout,,,,,
HH018473,HNW,0.0,holdout,,,,,
HH018474,HNW,0.0,holdout,,,,,
HH018475,HNW,0.0,desarrollo,4,0,4,4,3
HH018476,HNW,0.0,holdout,,,,,
HH018477,HNW,0.0,desarrollo,0,4,3,2,0
HH018478,HNW,0.0,holdout,,,,,
HH018479,HNW,0.0,holdout,,,,,
HH018480,HNW,0.0,desarrollo,1,1,3,3,4
HH018481,HNW,0.0,desarrollo,0,2,2,4,4
HH018482,HNW,0.0,holdout,,,,,
HH018483,HNW,0.0,desarrollo,1,0,2,1,3
HH018484,HNW,0.0,desarrollo,0,1,4,3,2
HH018485,UHNW,0.0,holdout,,,,,
HH018486,HNW,0.0,desarrollo,3,4,0,4,4
HH018487,UHNW,0.0,desarrollo,2,1,1,2,1
HH018488,HNW,0.0,holdout,,,,,
HH018489,UHNW,0.0,holdout,,,,,
HH018490,HNW,0.0,holdout,,,,,
HH018491,HNW,0.0,desarrollo,4,1,2,1,4
HH018492,HNW,0.0,desarrollo,4,4,4,4,0
HH018493,HNW,0.0,desarrollo,3,4,0,4,1
HH018494,HNW,0.0,desarrollo,3,1,2,1,1
HH018495,HNW,0.0,desarrollo,2,3,0,3,2
HH018496,HNW,0.0,holdout,,,,,
HH018497,HNW,0.0,desarrollo,2,3,0,4,1
HH018498,HNW,0.0,desarrollo,2,3,1,1,4
HH018499,HNW,0.0,desarrollo,2,2,4,0,0
HH018500,HNW,0.0,holdout,,,,,
HH018501,HNW,0.0,holdout,,,,,
HH018502,HNW,0.0,desarrollo,3,4,2,1,3
HH018503,HNW,0.0,holdout,,,,,
HH018504,HNW,0.0,desarrollo,0,0,0,1,3
HH018505,HNW,0.0,holdout,,,,,
HH018506,HNW,0.0,desarrollo,2,1,4,4,4
HH018507,HNW,0.0,desarrollo,0,1,0,3,2
HH018508,HNW,1.0,desarrollo,0,3,4,3,0
HH018509,HNW,0.0,holdout,,,,,
HH018510,HNW,0.0,holdout,,,,,
HH018511,HNW,0.0,desarrollo,1,0,0,0,1
HH018512,HNW,0.0,desarrollo,2,3,3,4,1
HH018513,HNW,0.0,holdout,,,,,
HH018514,HNW,0.0,holdout,,,,,
HH018515,HNW,,excluido,,,,,
HH018516,HNW,0.0,desarrollo,1,4,4,3,4
HH018517,HNW,0.0,desarrollo,2,2,0,3,1
HH018518,HNW,0.0,desarrollo,3,0,2,0,0
HH018519,HNW,0.0,holdout,,,,,
HH018520,HNW,1.0,holdout,,,,,
HH018521,HNW,0.0,desarrollo,4,1,2,2,0
HH018522,HNW,0.0,desarrollo,1,0,3,2,0
HH018523,HNW,0.0,desarrollo,4,2,0,1,0
HH018524,HNW,0.0,desarrollo,2,1,1,3,4
HH018525,UHNW,0.0,holdout,,,,,
HH018526,HNW,0.0,holdout,,,,,
HH018527,UHNW,0.0,desarrollo,1,1,2,2,4
HH018528,HNW,0.0,desarrollo,1,3,0,1,4
HH018529,HNW,0.0,desarrollo,1,2,3,1,3
HH018530,HNW,0.0,desarrollo,2,1,0,1,4
HH018531,HNW,0.0,desarrollo,1,2,4,4,0
HH018532,UHNW,0.0,holdout,,,,,
HH018533,HNW,0.0,desarrollo,2,2,4,3,3
HH018534,HNW,0.0,desarrollo,0,3,0,1,4
HH018535,HNW,0.0,holdout,,,,,
HH018536,HNW,0.0,desarrollo,2,3,0,4,1
HH018537,HNW,0.0,desarrollo,1,3,1,0,0
HH018538,HNW,0.0,desarrollo,0,1,0,0,0
HH018539,HNW,0.0,holdout,,,,,
HH018540,HNW,0.0,desarrollo,4,3,2,3,0
HH018541,HNW,0.0,holdout,,,,,
HH018542,HNW,1.0,desarrollo,3,2,2,1,1
HH018543,HNW,0.0,holdout,,,,,
HH018544,HNW,0.0,desarrollo,3,2,0,1,2
HH018545,HNW,0.0,holdout,,,,,
HH018546,HNW,0.0,desarrollo,1,1,0,4,0
HH018547,HNW,0.0,holdout,,,,,
HH018548,HNW,0.0,holdout,,,,,
HH018549,HNW,0.0,holdout,,,,,
HH018550,HNW,0.0,holdout,,,,,
HH018551,HNW,0.0,holdout,,,,,
HH018552,HNW,,excluido,,,,,
HH018553,HNW,0.0,holdout,,,,,
HH018554,HNW,0.0,holdout,,,,,
HH018555,HNW,0.0,desarrollo,1,2,3,1,0
HH018556,HNW,0.0,desarrollo,1,0,2,2,3
HH018557,HNW,1.0,desarrollo,3,1,2,1,3
HH018558,HNW,0.0,desarrollo,2,3,1,4,3
HH018559,HNW,0.0,desarrollo,4,3,2,2,3
HH018560,HNW,0.0,desarrollo,3,4,1,2,3
HH018561,HNW,0.0,holdout,,,,,
HH018562,UHNW,0.0,desarrollo,4,3,3,2,1
HH018563,HNW,0.0,holdout,,,,,
HH018564,HNW,1.0,holdout,,,,,
HH018565,UHNW,0.0,desarrollo,4,0,3,0,1
HH018566,HNW,0.0,holdout,,,,,
HH018567,HNW,0.0,desarrollo,1,0,1,3,2
HH018568,HNW,0.0,desarrollo,0,3,4,0,1
HH018569,HNW,0.0,holdout,,,,,
HH018570,HNW,0.0,holdout,,,,,
HH018571,HNW,1.0,desarrollo,0,3,3,0,4
HH018572,HNW,0.0,desarrollo,4,1,0,1,1
HH018573,HNW,0.0,desarrollo,4,1,3,4,2
HH018574,HNW,0.0,holdout,,,,,
HH018575,HNW,0.0,desarrollo,2,4,4,0,2
HH018576,UHNW,0.0,holdout,,,,,
HH018577,HNW,0.0,holdout,,,,,
HH018578,HNW,0.0,holdout,,,,,
HH018579,HNW,0.0,desarrollo,3,4,0,4,3
HH018580,HNW,0.0,desarrollo,2,0,1,4,0
HH018581,HNW,0.0,desarrollo,3,3,3,4,2
HH018582,HNW,0.0,desarrollo,2,1,3,3,4
HH018583,HNW,1.0,holdout,,,,,
HH018584,HNW,0.0,holdout,,,,,
HH018585,HNW,0.0,holdout,,,,,
HH018586,HNW,0.0,desarrollo,3,0,3,2,1
HH018587,HNW,0.0,desarrollo,4,4,2,0,4
HH018588,HNW,0.0,desarrollo,2,1,0,2,0
HH018589,UHNW,0.0,desarrollo,2,2,1,1,3
HH018590,HNW,0.0,desarrollo,4,0,1,4,0
HH018591,HNW,0.0,desarrollo,1,1,2,3,0
HH018592,HNW,0.0,holdout,,,,,
HH018593,HNW,0.0,desarrollo,4,3,0,0,1
HH018594,HNW,1.0,desarrollo,3,1,3,4,1
HH018595,HNW,0.0,desarrollo,1,4,1,4,2
HH018596,HNW,0.0,desarrollo,2,3,3,2,2
HH018597,HNW,0.0,desarrollo,0,1,4,3,1
HH018598,HNW,1.0,holdout,,,,,
HH018599,HNW,0.0,desarrollo,4,0,1,4,4
HH018600,HNW,0.0,desarrollo,1,2,0,4,4
HH018601,HNW,0.0,desarrollo,1,1,4,2,3
HH018602,HNW,0.0,desarrollo,1,0,0,1,0
HH018603,HNW,1.0,desarrollo,2,4,0,3,1
HH018604,UHNW,0.0,desarrollo,2,1,0,4,1
HH018605,HNW,0.0,holdout,,,,,
HH018606,HNW,0.0,holdout,,,,,
HH018607,HNW,0.0,holdout,,,,,
HH018608,HNW,0.0,desarrollo,2,0,4,1,0
HH018609,HNW,0.0,desarrollo,4,2,3,0,1
HH018610,HNW,0.0,holdout,,,,,
HH018611,HNW,0.0,desarrollo,1,2,1,3,3
HH018612,HNW,1.0,holdout,,,,,
HH018613,HNW,0.0,desarrollo,3,2,1,0,0
HH018614,HNW,0.0,desarrollo,4,2,2,0,3
HH018615,HNW,0.0,desarrollo,3,2,0,4,3
HH018616,HNW,0.0,desarrollo,3,0,2,4,3
HH018617,UHNW,0.0,holdout,,,,,
HH018618,HNW,0.0,desarrollo,0,0,2,4,1
HH018619,HNW,0.0,desarrollo,4,4,4,3,1
HH018620,HNW,0.0,desarrollo,1,1,3,3,2
HH018621,HNW,0.0,holdout,,,,,
HH018622,HNW,0.0,desarrollo,0,0,2,2,2
HH018623,HNW,0.0,desarrollo,4,3,1,4,0
HH018624,HNW,0.0,holdout,,,,,
HH018625,HNW,0.0,holdout,,,,,
HH018626,HNW,0.0,desarrollo,3,2,1,4,3
HH018627,HNW,0.0,desarrollo,0,0,2,2,2
HH018628,HNW,0.0,desarrollo,3,1,3,0,2
HH018629,UHNW,0.0,desarrollo,0,4,0,0,2
HH018630,HNW,0.0,desarrollo,2,1,2,0,4
HH018631,HNW,0.0,holdout,,,,,
HH018632,HNW,0.0,desarrollo,1,4,2,4,3
HH018633,HNW,1.0,desarrollo,4,4,4,4,4
HH018634,HNW,0.0,desarrollo,4,3,3,3,3
HH018635,HNW,0.0,holdout,,,,,
HH018636,HNW,0.0,desarrollo,4,3,1,4,2
HH018637,HNW,0.0,holdout,,,,,
HH018638,HNW,0.0,desarrollo,2,0,3,4,4
HH018639,HNW,0.0,holdout,,,,,
HH018640,HNW,0.0,desarrollo,1,3,4,1,1
HH018641,HNW,0.0,holdout,,,,,
HH018642,HNW,0.0,holdout,,,,,
HH018643,HNW,0.0,desarrollo,2,3,3,2,1
HH018644,HNW,0.0,holdout,,,,,
HH018645,HNW,0.0,desarrollo,3,2,4,2,0
HH018646,HNW,0.0,desarrollo,0,0,1,4,0
HH018647,HNW,0.0,holdout,,,,,
HH018648,HNW,0.0,desarrollo,4,0,0,1,1
HH018649,HNW,0.0,holdout,,,,,
HH018650,HNW,0.0,desarrollo,0,2,4,4,0
HH018651,HNW,0.0,desarrollo,2,4,3,2,1
HH018652,HNW,0.0,holdout,,,,,
HH018653,HNW,0.0,desarrollo,2,0,2,0,1
HH018654,HNW,0.0,holdout,,,,,
HH018655,HNW,0.0,holdout,,,,,
HH018656,HNW,0.0,desarrollo,2,0,2,1,3
HH018657,HNW,0.0,holdout,,,,,
HH018658,HNW,0.0,holdout,,,,,
HH018659,HNW,0.0,holdout,,,,,
HH018660,HNW,0.0,desarrollo,1,2,1,3,1
HH018661,HNW,0.0,desarrollo,1,3,2,3,0
HH018662,HNW,0.0,holdout,,,,,
HH018663,HNW,0.0,desarrollo,4,4,2,1,4
HH018664,UHNW,0.0,desarrollo,2,0,2,1,2
HH018665,HNW,0.0,holdout,,,,,
HH018666,HNW,1.0,holdout,,,,,
HH018667,HNW,0.0,desarrollo,4,1,2,3,4
HH018668,HNW,0.0,desarrollo,2,1,3,3,0
HH018669,HNW,0.0,holdout,,,,,
HH018670,HNW,0.0,desarrollo,2,3,1,3,0
HH018671,HNW,0.0,holdout,,,,,
HH018672,HNW,0.0,desarrollo,0,3,0,3,2
HH018673,HNW,0.0,holdout,,,,,
HH018674,HNW,0.0,desarrollo,2,4,0,3,0
HH018675,HNW,0.0,desarrollo,3,4,2,2,3
HH018676,HNW,0.0,desarrollo,4,4,0,2,3
HH018677,HNW,0.0,desarrollo,0,2,2,4,0
HH018678,HNW,1.0,holdout,,,,,
HH018679,HNW,0.0,holdout,,,,,
HH018680,HNW,0.0,desarrollo,3,3,4,1,2
HH018681,HNW,0.0,desarrollo,0,4,4,1,4
HH018682,HNW,0.0,desarrollo,0,3,4,2,4
HH018683,HNW,1.0,holdout,,,,,
HH018684,HNW,0.0,desarrollo,4,0,3,3,4
HH018685,HNW,0.0,desarrollo,4,0,3,2,4
HH018686,HNW,0.0,desarrollo,4,0,4,4,2
HH018687,HNW,0.0,desarrollo,0,4,4,3,2
HH018688,HNW,0.0,desarrollo,4,1,4,0,3
HH018689,HNW,0.0,holdout,,,,,
HH018690,HNW,0.0,desarrollo,1,1,1,1,2
HH018691,HNW,0.0,desarrollo,4,0,4,1,4
HH018692,HNW,0.0,holdout,,,,,
HH018693,HNW,0.0,desarrollo,2,1,4,0,4
HH018694,HNW,0.0,holdout,,,,,
HH018695,HNW,0.0,desarrollo,1,4,3,0,0
HH018696,HNW,0.0,desarrollo,1,3,3,2,1
HH018697,HNW,0.0,desarrollo,3,2,1,3,3
HH018698,HNW,0.0,desarrollo,3,2,0,3,4
HH018699,UHNW,0.0,holdout,,,,,
HH018700,HNW,0.0,desarrollo,0,1,4,1,0
HH018701,HNW,0.0,desarrollo,4,4,4,1,4
HH018702,HNW,0.0,holdout,,,,,
HH018703,HNW,0.0,holdout,,,,,
HH018704,HNW,0.0,desarrollo,4,0,3,4,2
HH018705,HNW,0.0,holdout,,,,,
HH018706,HNW,1.0,desarrollo,4,0,2,1,0
HH018707,HNW,0.0,desarrollo,0,2,0,3,0
HH018708,HNW,0.0,holdout,,,,,
HH018709,HNW,0.0,holdout,,,,,
HH018710,HNW,0.0,holdout,,,,,
HH018711,HNW,0.0,desarrollo,2,2,3,4,2
HH018712,HNW,0.0,holdout,,,,,
HH018713,HNW,0.0,holdout,,,,,
HH018714,HNW,0.0,desarrollo,2,3,2,2,0
HH018715,HNW,0.0,desarrollo,2,0,1,0,3
HH018716,HNW,0.0,holdout,,,,,
HH018717,HNW,0.0,desarrollo,3,1,0,0,3
HH018718,HNW,0.0,desarrollo,1,0,2,4,4
HH018719,HNW,0.0,desarrollo,0,3,0,3,4
HH018720,HNW,1.0,desarrollo,4,1,3,3,0
HH018721,HNW,0.0,desarrollo,4,1,0,3,4
HH018722,HNW,0.0,desarrollo,0,1,4,3,3
HH018723,HNW,0.0,holdout,,,,,
HH018724,HNW,0.0,desarrollo,1,4,1,4,0
HH018725,UHNW,0.0,desarrollo,0,2,3,0,4
HH018726,HNW,0.0,holdout,,,,,
HH018727,HNW,0.0,holdout,,,,,
HH018728,HNW,0.0,holdout,,,,,
HH018729,HNW,0.0,desarrollo,0,0,0,1,3
HH018730,HNW,0.0,holdout,,,,,
HH018731,HNW,0.0,holdout,,,,,
HH018732,HNW,0.0,desarrollo,2,2,4,2,4
HH018733,HNW,0.0,desarrollo,2,4,1,2,1
HH018734,HNW,0.0,desarrollo,1,0,4,4,1
HH018735,HNW,0.0,holdout,,,,,
HH018736,HNW,0.0,desarrollo,3,2,1,0,4
HH018737,HNW,0.0,holdout,,,,,
HH018738,HNW,0.0,desarrollo,0,0,3,4,2
HH018739,HNW,0.0,desarrollo,4,1,3,4,1
HH018740,HNW,0.0,holdout,,,,,
HH018741,HNW,0.0,desarrollo,0,2,0,4,1
HH018742,HNW,0.0,desarrollo,1,1,0,2,0
HH018743,HNW,0.0,desarrollo,4,3,1,2,0
HH018744,HNW,0.0,desarrollo,3,1,1,0,1
HH018745,HNW,1.0,holdout,,,,,
HH018746,HNW,0.0,desarrollo,2,3,1,3,4
HH018747,HNW,0.0,desarrollo,2,1,1,1,2
HH018748,HNW,0.0,desarrollo,2,0,1,2,4
HH018749,HNW,0.0,desarrollo,2,0,3,3,2
HH018750,HNW,0.0,desarrollo,2,1,3,3,3
HH018751,HNW,0.0,holdout,,,,,
HH018752,HNW,0.0,holdout,,,,,
HH018753,HNW,0.0,desarrollo,1,1,4,1,2
HH018754,HNW,1.0,desarrollo,1,1,2,1,2
HH018755,HNW,0.0,desarrollo,1,3,0,4,0
HH018756,HNW,0.0,desarrollo,2,0,4,2,0
HH018757,HNW,0.0,holdout,,,,,
HH018758,HNW,0.0,desarrollo,4,0,1,1,3
HH018759,HNW,0.0,holdout,,,,,
HH018760,HNW,0.0,holdout,,,,,
HH018761,HNW,1.0,desarrollo,2,1,1,3,3
HH018762,HNW,0.0,holdout,,,,,
HH018763,HNW,0.0,holdout,,,,,
HH018764,HNW,0.0,desarrollo,0,3,2,3,0
HH018765,HNW,0.0,desarrollo,3,3,0,4,1
HH018766,HNW,0.0,desarrollo,1,3,4,2,4
HH018767,HNW,0.0,desarrollo,1,1,1,3,4
HH018768,HNW,0.0,desarrollo,2,1,1,4,1
HH018769,HNW,0.0,desarrollo,3,3,4,2,1
HH018770,HNW,1.0,desarrollo,3,4,2,0,2
HH018771,HNW,0.0,desarrollo,1,2,0,0,4
HH018772,HNW,0.0,holdout,,,,,
HH018773,HNW,0.0,desarrollo,0,2,2,1,1
HH018774,HNW,0.0,desarrollo,3,4,4,4,0
HH018775,HNW,0.0,desarrollo,4,1,4,3,4
HH018776,HNW,0.0,desarrollo,3,2,4,3,4
HH018777,HNW,0.0,holdout,,,,,
HH018778,HNW,0.0,desarrollo,2,0,2,2,0
HH018779,HNW,0.0,holdout,,,,,
HH018780,HNW,0.0,desarrollo,4,1,4,1,2
HH018781,HNW,0.0,holdout,,,,,
HH018782,HNW,0.0,desarrollo,4,1,1,3,3
HH018783,HNW,0.0,desarrollo,0,4,4,4,1
HH018784,HNW,0.0,holdout,,,,,
HH018785,HNW,0.0,desarrollo,2,2,1,2,3
HH018786,HNW,0.0,desarrollo,4,2,1,0,4
HH018787,HNW,1.0,holdout,,,,,
HH018788,HNW,0.0,desarrollo,3,0,0,0,0
HH018789,HNW,0.0,desarrollo,1,3,0,4,0
HH018790,HNW,0.0,desarrollo,1,4,0,4,2
HH018791,HNW,0.0,holdout,,,,,
HH018792,HNW,0.0,desarrollo,3,2,0,3,0
HH018793,HNW,0.0,desarrollo,3,4,1,4,2
HH018794,HNW,0.0,desarrollo,1,4,3,0,0
HH018795,HNW,0.0,desarrollo,4,4,3,1,1
HH018796,HNW,0.0,desarrollo,2,2,1,4,2
HH018797,HNW,0.0,holdout,,,,,
HH018798,HNW,0.0,desarrollo,1,1,4,0,4
HH018799,HNW,0.0,desarrollo,0,0,0,0,4
HH018800,HNW,0.0,desarrollo,2,4,1,4,1
HH018801,HNW,0.0,desarrollo,3,1,2,2,4
HH018802,UHNW,0.0,holdout,,,,,
HH018803,HNW,0.0,holdout,,,,,
HH018804,HNW,0.0,desarrollo,2,3,2,3,3
HH018805,HNW,0.0,desarrollo,4,2,1,2,4
HH018806,HNW,0.0,desarrollo,4,4,0,3,3
HH018807,HNW,0.0,holdout,,,,,
HH018808,HNW,0.0,desarrollo,4,4,1,4,3
HH018809,HNW,0.0,holdout,,,,,
HH018810,HNW,0.0,desarrollo,1,4,0,2,0
HH018811,UHNW,0.0,desarrollo,4,4,1,2,4
HH018812,HNW,0.0,holdout,,,,,
HH018813,HNW,1.0,holdout,,,,,
HH018814,HNW,0.0,holdout,,,,,
HH018815,HNW,0.0,desarrollo,1,0,4,1,1
HH018816,HNW,0.0,desarrollo,0,2,0,4,0
HH018817,UHNW,0.0,desarrollo,3,2,2,0,1
HH018818,HNW,1.0,desarrollo,4,4,4,0,4
HH018819,HNW,0.0,desarrollo,2,4,1,4,3
HH018820,HNW,0.0,holdout,,,,,
HH018821,HNW,0.0,desarrollo,4,0,3,2,2
HH018822,HNW,0.0,desarrollo,0,0,2,0,2
HH018823,HNW,0.0,holdout,,,,,
HH018824,HNW,0.0,desarrollo,0,2,2,1,2
HH018825,HNW,0.0,desarrollo,2,3,1,0,4
HH018826,HNW,0.0,holdout,,,,,
HH018827,HNW,0.0,desarrollo,0,4,0,1,0
HH018828,HNW,0.0,desarrollo,0,2,0,2,2
HH018829,HNW,0.0,holdout,,,,,
HH018830,HNW,0.0,desarrollo,3,2,0,2,3
HH018831,HNW,0.0,desarrollo,4,0,0,2,1
HH018832,HNW,0.0,desarrollo,0,3,4,3,4
HH018833,HNW,0.0,desarrollo,0,3,0,4,3
HH018834,HNW,0.0,holdout,,,,,
HH018835,HNW,0.0,desarrollo,0,0,3,2,4
HH018836,HNW,0.0,desarrollo,4,3,1,1,0
HH018837,HNW,0.0,holdout,,,,,
HH018838,HNW,0.0,desarrollo,2,2,0,2,2
HH018839,HNW,0.0,desarrollo,1,0,1,4,0
HH018840,UHNW,0.0,desarrollo,3,2,3,2,3
HH018841,HNW,0.0,holdout,,,,,
HH018842,HNW,0.0,desarrollo,4,0,4,1,3
HH018843,HNW,0.0,desarrollo,3,0,0,1,3
HH018844,HNW,0.0,desarrollo,3,1,1,2,2
HH018845,HNW,1.0,holdout,,,,,
HH018846,UHNW,0.0,desarrollo,2,4,1,1,0
HH018847,HNW,0.0,desarrollo,3,3,0,4,2
HH018848,HNW,0.0,desarrollo,2,3,3,3,1
HH018849,HNW,0.0,holdout,,,,,
HH018850,HNW,0.0,desarrollo,3,3,1,2,1
HH018851,HNW,0.0,desarrollo,1,2,4,1,1
HH018852,HNW,1.0,desarrollo,0,1,2,2,3
HH018853,HNW,0.0,desarrollo,4,1,4,0,0
HH018854,HNW,0.0,holdout,,,,,
HH018855,HNW,0.0,holdout,,,,,
HH018856,HNW,0.0,holdout,,,,,
HH018857,HNW,0.0,holdout,,,,,
HH018858,HNW,0.0,desarrollo,1,0,0,3,1
HH018859,HNW,0.0,desarrollo,1,3,2,3,0
HH018860,HNW,0.0,desarrollo,1,3,3,4,3
HH018861,HNW,0.0,desarrollo,4,0,2,1,4
HH018862,HNW,0.0,holdout,,,,,
HH018863,HNW,1.0,desarrollo,4,1,4,4,0
HH018864,HNW,0.0,holdout,,,,,
HH018865,HNW,0.0,desarrollo,3,1,0,4,1
HH018866,HNW,0.0,desarrollo,1,4,0,4,2
HH018867,HNW,0.0,holdout,,,,,
HH018868,HNW,0.0,desarrollo,4,2,4,3,3
HH018869,HNW,0.0,desarrollo,2,2,1,2,3
HH018870,HNW,0.0,desarrollo,1,0,1,2,2
HH018871,HNW,0.0,holdout,,,,,
HH018872,HNW,0.0,desarrollo,2,1,1,0,4
HH018873,HNW,0.0,holdout,,,,,
HH018874,HNW,0.0,desarrollo,0,3,2,1,2
HH018875,HNW,0.0,holdout,,,,,
HH018876,HNW,0.0,desarrollo,1,2,0,1,4
HH018877,HNW,0.0,desarrollo,3,4,3,3,0
HH018878,HNW,0.0,desarrollo,1,1,2,3,4
HH018879,HNW,0.0,holdout,,,,,
HH018880,HNW,0.0,desarrollo,4,3,0,4,3
HH018881,HNW,0.0,desarrollo,3,2,3,3,0
HH018882,HNW,0.0,holdout,,,,,
HH018883,UHNW,0.0,desarrollo,0,3,2,1,2
HH018884,UHNW,0.0,desarrollo,2,3,4,3,4
HH018885,HNW,0.0,desarrollo,0,1,1,4,1
HH018886,HNW,0.0,holdout,,,,,
HH018887,HNW,0.0,desarrollo,1,3,0,0,1
HH018888,HNW,0.0,holdout,,,,,
HH018889,HNW,,excluido,,,,,
HH018890,HNW,0.0,desarrollo,3,1,3,4,2
HH018891,HNW,1.0,desarrollo,0,2,3,3,2
HH018892,UHNW,0.0,holdout,,,,,
HH018893,HNW,0.0,desarrollo,3,2,1,4,1
HH018894,HNW,0.0,desarrollo,3,0,3,4,3
HH018895,HNW,0.0,desarrollo,3,3,0,4,3
HH018896,UHNW,0.0,desarrollo,4,0,3,1,0
HH018897,HNW,0.0,desarrollo,4,4,2,0,3
HH018898,HNW,0.0,desarrollo,4,0,4,3,1
HH018899,HNW,0.0,desarrollo,3,1,3,4,3
HH018900,HNW,0.0,holdout,,,,,
HH018901,HNW,0.0,desarrollo,4,0,3,3,1
HH018902,HNW,0.0,desarrollo,2,2,3,4,1
HH018903,HNW,0.0,desarrollo,4,4,4,2,0
HH018904,HNW,0.0,desarrollo,2,2,0,1,2
HH018905,HNW,0.0,holdout,,,,,
HH018906,HNW,0.0,desarrollo,0,3,3,2,0
HH018907,HNW,0.0,desarrollo,3,3,4,3,3
HH018908,HNW,0.0,desarrollo,1,1,0,3,3
HH018909,HNW,0.0,holdout,,,,,
HH018910,HNW,0.0,holdout,,,,,
HH018911,HNW,0.0,desarrollo,4,2,1,1,2
HH018912,HNW,0.0,desarrollo,4,4,0,1,0
HH018913,HNW,0.0,desarrollo,2,2,0,3,0
HH018914,HNW,0.0,holdout,,,,,
HH018915,HNW,0.0,desarrollo,0,1,3,3,3
HH018916,HNW,0.0,desarrollo,2,4,1,1,1
HH018917,HNW,0.0,desarrollo,0,1,0,1,2
HH018918,HNW,0.0,desarrollo,4,4,2,3,2
HH018919,HNW,0.0,desarrollo,4,3,1,3,3
HH018920,HNW,0.0,holdout,,,,,
HH018921,UHNW,0.0,holdout,,,,,
HH018922,HNW,0.0,desarrollo,2,4,1,3,4
HH018923,HNW,0.0,desarrollo,1,1,2,4,1
HH018924,HNW,0.0,holdout,,,,,
HH018925,HNW,0.0,holdout,,,,,
HH018926,HNW,0.0,holdout,,,,,
HH018927,HNW,0.0,desarrollo,0,2,1,0,1
HH018928,HNW,0.0,desarrollo,2,3,2,0,4
HH018929,HNW,1.0,desarrollo,4,4,3,1,4
HH018930,HNW,0.0,desarrollo,2,3,3,0,0
HH018931,HNW,0.0,desarrollo,1,0,3,0,4
HH018932,HNW,0.0,desarrollo,2,0,0,4,2
HH018933,HNW,0.0,holdout,,,,,
HH018934,HNW,0.0,desarrollo,3,1,4,1,0
HH018935,HNW,0.0,desarrollo,1,4,1,1,0
HH018936,HNW,0.0,desarrollo,3,4,0,1,0
HH018937,HNW,1.0,desarrollo,2,0,0,3,0
HH018938,HNW,0.0,holdout,,,,,
HH018939,HNW,1.0,desarrollo,3,3,3,3,2
HH018940,HNW,,excluido,,,,,
HH018941,HNW,0.0,desarrollo,2,3,1,4,3
HH018942,HNW,0.0,desarrollo,2,2,2,3,2
HH018943,HNW,0.0,desarrollo,3,1,0,4,2
HH018944,HNW,0.0,desarrollo,1,3,0,4,4
HH018945,HNW,0.0,desarrollo,4,4,4,3,2
HH018946,HNW,0.0,desarrollo,2,3,3,3,2
HH018947,HNW,0.0,desarrollo,4,1,2,2,4
HH018948,HNW,0.0,desarrollo,2,2,3,2,3
HH018949,HNW,0.0,desarrollo,2,1,3,3,1
HH018950,UHNW,0.0,holdout,,,,,
HH018951,HNW,0.0,holdout,,,,,
HH018952,HNW,1.0,desarrollo,2,1,2,3,0
HH018953,HNW,0.0,desarrollo,3,3,0,1,4
HH018954,HNW,0.0,holdout,,,,,
HH018955,HNW,0.0,desarrollo,0,1,1,0,3
HH018956,HNW,0.0,desarrollo,0,0,0,0,0
HH018957,HNW,0.0,desarrollo,4,4,3,3,1
HH018958,HNW,1.0,desarrollo,4,4,4,4,2
HH018959,HNW,0.0,holdout,,,,,
HH018960,HNW,0.0,desarrollo,0,4,2,1,1
HH018961,HNW,0.0,desarrollo,4,3,1,0,2
HH018962,HNW,0.0,desarrollo,1,1,1,0,4
HH018963,HNW,0.0,desarrollo,3,0,4,1,0
HH018964,HNW,1.0,desarrollo,1,4,0,4,1
HH018965,HNW,0.0,desarrollo,2,4,0,0,1
HH018966,HNW,0.0,desarrollo,4,0,1,2,0
HH018967,HNW,0.0,holdout,,,,,
HH018968,HNW,0.0,desarrollo,2,2,0,2,1
HH018969,HNW,0.0,desarrollo,1,1,0,0,0
HH018970,HNW,0.0,desarrollo,2,1,1,1,3
HH018971,HNW,0.0,desarrollo,4,2,4,1,3
HH018972,HNW,0.0,desarrollo,2,4,3,1,2
HH018973,HNW,0.0,desarrollo,3,3,3,0,3
HH018974,HNW,0.0,desarrollo,4,0,0,1,0
HH018975,HNW,0.0,holdout,,,,,
HH018976,HNW,0.0,desarrollo,2,4,0,0,0
HH018977,HNW,0.0,desarrollo,1,3,3,0,1
HH018978,HNW,0.0,desarrollo,0,3,2,0,4
HH018979,HNW,0.0,desarrollo,4,0,1,1,0
HH018980,HNW,1.0,desarrollo,1,4,3,1,3
HH018981,HNW,0.0,holdout,,,,,
HH018982,HNW,0.0,holdout,,,,,
HH018983,HNW,0.0,desarrollo,1,3,4,1,1
HH018984,HNW,0.0,holdout,,,,,
HH018985,HNW,0.0,desarrollo,1,1,4,4,4
HH018986,HNW,0.0,desarrollo,1,1,4,3,2
HH018987,HNW,0.0,holdout,,,,,
HH018988,HNW,0.0,holdout,,,,,
HH018989,HNW,0.0,holdout,,,,,
HH018990,HNW,0.0,desarrollo,3,2,3,2,2
HH018991,HNW,0.0,holdout,,,,,
HH018992,UHNW,0.0,desarrollo,1,4,3,4,2
HH018993,UHNW,0.0,holdout,,,,,
HH018994,UHNW,0.0,holdout,,,,,
HH018995,HNW,0.0,desarrollo,4,3,2,0,4
HH018996,HNW,0.0,desarrollo,0,2,0,3,1
HH018997,HNW,0.0,holdout,,,,,
HH018998,UHNW,0.0,desarrollo,0,4,0,1,2
HH018999,HNW,0.0,desarrollo,2,4,3,4,2
HH019000,HNW,0.0,desarrollo,4,0,0,3,3
HH019001,HNW,0.0,desarrollo,1,3,3,4,4
HH019002,HNW,0.0,desarrollo,0,0,3,0,3
HH019003,HNW,1.0,desarrollo,4,2,0,4,2
HH019004,HNW,0.0,desarrollo,4,0,3,2,3
HH019005,HNW,0.0,desarrollo,3,3,0,2,4
HH019006,HNW,0.0,desarrollo,2,2,1,3,0
HH019007,HNW,0.0,holdout,,,,,
HH019008,HNW,0.0,desarrollo,2,1,1,3,3
HH019009,HNW,0.0,desarrollo,1,4,4,0,2
HH019010,HNW,0.0,holdout,,,,,
HH019011,HNW,0.0,desarrollo,4,0,3,2,4
HH019012,HNW,0.0,holdout,,,,,
HH019013,HNW,0.0,desarrollo,2,2,0,2,2
HH019014,HNW,0.0,desarrollo,1,2,1,1,2
HH019015,UHNW,0.0,holdout,,,,,
HH019016,HNW,0.0,holdout,,,,,
HH019017,UHNW,0.0,desarrollo,0,4,1,0,3
HH019018,HNW,0.0,desarrollo,1,0,2,3,3
HH019019,HNW,0.0,holdout,,,,,
HH019020,HNW,0.0,desarrollo,2,2,4,0,2
HH019021,HNW,0.0,holdout,,,,,
HH019022,HNW,0.0,desarrollo,2,2,1,1,1
HH019023,HNW,0.0,holdout,,,,,
HH019024,HNW,0.0,desarrollo,3,4,2,4,3
HH019025,HNW,0.0,desarrollo,0,4,0,4,4
HH019026,HNW,0.0,desarrollo,2,3,1,2,2
HH019027,HNW,0.0,holdout,,,,,
HH019028,HNW,0.0,desarrollo,2,2,2,0,4
HH019029,UHNW,0.0,holdout,,,,,
HH019030,HNW,0.0,desarrollo,0,1,0,3,4
HH019031,HNW,0.0,desarrollo,1,3,2,0,3
HH019032,HNW,0.0,desarrollo,0,0,0,4,4
HH019033,HNW,0.0,desarrollo,1,2,4,4,2
HH019034,HNW,0.0,desarrollo,1,2,4,0,2
HH019035,HNW,0.0,desarrollo,1,2,0,0,0
HH019036,HNW,0.0,desarrollo,2,0,2,4,3
HH019037,HNW,1.0,holdout,,,,,
HH019038,HNW,0.0,desarrollo,4,0,1,3,1
HH019039,HNW,0.0,holdout,,,,,
HH019040,HNW,0.0,desarrollo,3,2,1,0,4
HH019041,HNW,0.0,desarrollo,4,4,0,4,1
HH019042,HNW,0.0,desarrollo,2,4,3,2,0
HH019043,HNW,0.0,desarrollo,4,4,3,1,3
HH019044,HNW,0.0,desarrollo,0,4,1,3,2
HH019045,HNW,0.0,holdout,,,,,
HH019046,HNW,0.0,desarrollo,3,4,4,0,2
HH019047,HNW,0.0,desarrollo,3,3,2,1,3
HH019048,HNW,0.0,holdout,,,,,
HH019049,HNW,0.0,holdout,,,,,
HH019050,HNW,0.0,desarrollo,0,0,1,0,3
HH019051,HNW,0.0,desarrollo,4,2,2,2,0
HH019052,HNW,0.0,desarrollo,3,3,3,2,4
HH019053,HNW,0.0,desarrollo,2,2,2,4,0
HH019054,HNW,0.0,desarrollo,3,1,1,3,1
HH019055,HNW,0.0,desarrollo,0,2,3,2,1
HH019056,HNW,0.0,holdout,,,,,
HH019057,HNW,0.0,desarrollo,1,3,0,2,4
HH019058,HNW,0.0,desarrollo,1,2,4,2,0
HH019059,HNW,0.0,desarrollo,3,4,4,0,1
HH019060,HNW,0.0,desarrollo,3,2,3,0,2
HH019061,HNW,0.0,holdout,,,,,
HH019062,HNW,0.0,holdout,,,,,
HH019063,HNW,0.0,desarrollo,0,0,1,4,2
HH019064,HNW,0.0,desarrollo,4,2,1,4,0
HH019065,HNW,0.0,desarrollo,3,2,1,4,3
HH019066,HNW,0.0,holdout,,,,,
HH019067,HNW,0.0,desarrollo,2,4,2,0,3
HH019068,UHNW,0.0,desarrollo,4,2,3,0,4
HH019069,HNW,0.0,desarrollo,3,1,3,4,1
HH019070,HNW,0.0,desarrollo,4,0,2,2,4
HH019071,HNW,0.0,desarrollo,4,4,4,2,2
HH019072,HNW,0.0,desarrollo,0,1,3,3,4
HH019073,UHNW,0.0,desarrollo,4,1,4,2,2
HH019074,HNW,0.0,desarrollo,3,0,3,4,0
HH019075,HNW,0.0,desarrollo,4,4,4,2,2
HH019076,HNW,0.0,holdout,,,,,
HH019077,HNW,0.0,desarrollo,1,2,4,4,0
HH019078,HNW,0.0,desarrollo,2,2,4,2,0
HH019079,HNW,0.0,holdout,,,,,
HH019080,HNW,0.0,desarrollo,1,0,3,0,0
HH019081,HNW,0.0,desarrollo,4,4,1,0,3
HH019082,HNW,0.0,desarrollo,1,1,1,2,1
HH019083,HNW,0.0,desarrollo,3,4,1,1,1
HH019084,HNW,0.0,desarrollo,0,3,1,3,2
HH019085,HNW,0.0,desarrollo,1,1,1,4,0
HH019086,HNW,0.0,desarrollo,2,0,3,1,3
HH019087,HNW,0.0,holdout,,,,,
HH019088,HNW,0.0,holdout,,,,,
HH019089,HNW,0.0,holdout,,,,,
HH019090,HNW,0.0,desarrollo,3,3,2,1,4
HH019091,HNW,0.0,holdout,,,,,
HH019092,HNW,0.0,desarrollo,2,2,4,0,0
HH019093,HNW,,excluido,,,,,
HH019094,HNW,1.0,desarrollo,1,3,1,2,4
HH019095,HNW,,excluido,,,,,
HH019096,HNW,0.0,desarrollo,2,2,4,1,2
HH019097,HNW,0.0,desarrollo,4,0,2,0,4
HH019098,HNW,0.0,desarrollo,1,2,2,0,2
HH019099,HNW,0.0,desarrollo,2,4,4,0,0
HH019100,HNW,0.0,holdout,,,,,
HH019101,HNW,0.0,desarrollo,1,0,3,3,1
HH019102,HNW,0.0,desarrollo,3,4,3,2,1
HH019103,HNW,0.0,desarrollo,0,1,4,2,2
HH019104,HNW,0.0,desarrollo,2,2,2,1,0
HH019105,HNW,0.0,desarrollo,4,2,1,2,0
HH019106,HNW,0.0,desarrollo,0,2,0,4,2
HH019107,UHNW,0.0,desarrollo,2,3,0,1,4
HH019108,HNW,0.0,desarrollo,0,2,0,2,3
HH019109,HNW,0.0,desarrollo,4,0,2,4,3
HH019110,HNW,0.0,holdout,,,,,
HH019111,HNW,0.0,desarrollo,2,3,1,4,0
HH019112,HNW,0.0,desarrollo,3,0,2,3,1
HH019113,HNW,0.0,holdout,,,,,
HH019114,HNW,0.0,desarrollo,2,1,0,4,4
HH019115,HNW,0.0,desarrollo,3,1,1,0,2
HH019116,HNW,0.0,holdout,,,,,
HH019117,HNW,0.0,holdout,,,,,
HH019118,HNW,0.0,holdout,,,,,
HH019119,HNW,0.0,desarrollo,1,3,1,4,2
HH019120,HNW,0.0,desarrollo,4,1,2,0,1
HH019121,HNW,0.0,holdout,,,,,
HH019122,HNW,0.0,holdout,,,,,
HH019123,HNW,0.0,holdout,,,,,
HH019124,HNW,0.0,holdout,,,,,
HH019125,HNW,0.0,desarrollo,1,0,3,0,4
HH019126,UHNW,0.0,desarrollo,4,4,1,1,1
HH019127,HNW,0.0,desarrollo,3,1,4,1,2
HH019128,HNW,1.0,holdout,,,,,
HH019129,HNW,0.0,holdout,,,,,
HH019130,HNW,0.0,desarrollo,3,4,1,4,2
HH019131,HNW,0.0,holdout,,,,,
HH019132,HNW,0.0,desarrollo,4,4,0,0,1
HH019133,HNW,1.0,holdout,,,,,
HH019134,HNW,0.0,desarrollo,3,1,2,3,0
HH019135,UHNW,0.0,desarrollo,2,2,4,0,3
HH019136,HNW,0.0,desarrollo,1,2,4,2,1
HH019137,HNW,0.0,desarrollo,2,2,4,4,3
HH019138,HNW,0.0,desarrollo,2,2,1,2,3
HH019139,HNW,1.0,desarrollo,4,4,4,2,4
HH019140,HNW,0.0,desarrollo,4,4,0,1,4
HH019141,HNW,0.0,holdout,,,,,
HH019142,HNW,,excluido,,,,,
HH019143,HNW,0.0,desarrollo,1,1,3,0,0
HH019144,HNW,0.0,desarrollo,2,2,1,0,4
HH019145,HNW,0.0,holdout,,,,,
HH019146,UHNW,0.0,desarrollo,4,3,4,4,2
HH019147,HNW,0.0,desarrollo,2,2,1,1,2
HH019148,HNW,0.0,holdout,,,,,
HH019149,HNW,0.0,desarrollo,4,2,3,1,4
HH019150,HNW,0.0,desarrollo,1,4,0,0,4
HH019151,HNW,0.0,desarrollo,4,1,0,0,3
HH019152,HNW,0.0,desarrollo,3,2,0,1,3
HH019153,HNW,0.0,holdout,,,,,
HH019154,HNW,0.0,holdout,,,,,
HH019155,HNW,0.0,desarrollo,3,0,3,4,3
HH019156,HNW,0.0,desarrollo,2,2,3,1,4
HH019157,HNW,0.0,holdout,,,,,
HH019158,HNW,0.0,desarrollo,1,3,0,0,3
HH019159,HNW,0.0,desarrollo,2,0,2,2,4
HH019160,HNW,0.0,holdout,,,,,
HH019161,HNW,0.0,desarrollo,4,4,4,1,3
HH019162,UHNW,0.0,desarrollo,2,3,1,4,3
HH019163,HNW,0.0,desarrollo,4,0,1,4,1
HH019164,UHNW,0.0,desarrollo,1,3,2,4,3
HH019165,HNW,0.0,desarrollo,4,4,4,1,4
HH019166,HNW,0.0,desarrollo,0,4,1,2,0
HH019167,HNW,1.0,desarrollo,1,0,2,4,1
HH019168,HNW,0.0,desarrollo,4,1,0,2,1
HH019169,HNW,0.0,desarrollo,2,3,3,3,2
HH019170,HNW,0.0,desarrollo,4,1,0,2,2
HH019171,HNW,0.0,holdout,,,,,
HH019172,HNW,1.0,holdout,,,,,
HH019173,HNW,0.0,holdout,,,,,
HH019174,HNW,0.0,desarrollo,4,3,3,2,4
HH019175,HNW,0.0,holdout,,,,,
HH019176,HNW,0.0,desarrollo,1,1,3,3,4
HH019177,HNW,0.0,holdout,,,,,
HH019178,HNW,0.0,holdout,,,,,
HH019179,HNW,0.0,desarrollo,2,0,1,0,1
HH019180,HNW,0.0,desarrollo,1,1,0,1,2
HH019181,HNW,0.0,holdout,,,,,
HH019182,HNW,0.0,desarrollo,0,2,3,3,4
HH019183,HNW,0.0,holdout,,,,,
HH019184,HNW,0.0,holdout,,,,,
HH019185,UHNW,0.0,desarrollo,2,0,3,4,2
HH019186,UHNW,0.0,desarrollo,1,3,2,0,1
HH019187,HNW,0.0,desarrollo,1,2,0,1,1
HH019188,HNW,0.0,desarrollo,1,2,0,1,2
HH019189,HNW,0.0,desarrollo,3,3,1,0,4
HH019190,HNW,0.0,holdout,,,,,
HH019191,HNW,0.0,holdout,,,,,
HH019192,HNW,0.0,desarrollo,4,3,3,3,2
HH019193,HNW,0.0,desarrollo,2,1,2,1,1
HH019194,HNW,0.0,desarrollo,0,1,1,1,4
HH019195,HNW,0.0,desarrollo,3,0,2,2,2
HH019196,HNW,0.0,desarrollo,1,2,3,2,0
HH019197,HNW,0.0,holdout,,,,,
HH019198,HNW,0.0,holdout,,,,,
HH019199,HNW,0.0,holdout,,,,,
HH019200,HNW,0.0,desarrollo,1,2,3,0,3
HH019201,HNW,0.0,holdout,,,,,
HH019202,HNW,0.0,desarrollo,2,3,4,3,0
HH019203,HNW,0.0,desarrollo,1,4,3,0,0
HH019204,HNW,0.0,holdout,,,,,
HH019205,HNW,0.0,desarrollo,0,2,1,4,1
HH019206,HNW,0.0,desarrollo,2,3,1,4,3
HH019207,HNW,0.0,holdout,,,,,
HH019208,HNW,0.0,holdout,,,,,
HH019209,HNW,0.0,desarrollo,3,4,3,3,4
HH019210,HNW,0.0,desarrollo,4,3,0,3,3
HH019211,HNW,0.0,desarrollo,0,0,3,1,2
HH019212,HNW,1.0,holdout,,,,,
HH019213,HNW,0.0,holdout,,,,,
HH019214,HNW,0.0,desarrollo,0,3,2,3,1
HH019215,HNW,0.0,holdout,,,,,
HH019216,HNW,0.0,holdout,,,,,
HH019217,HNW,0.0,holdout,,,,,
HH019218,HNW,0.0,desarrollo,0,2,4,0,3
HH019219,HNW,0.0,desarrollo,3,2,2,2,1
HH019220,HNW,1.0,desarrollo,4,1,1,2,4
HH019221,HNW,0.0,desarrollo,0,0,4,0,0
HH019222,HNW,0.0,holdout,,,,,
HH019223,HNW,0.0,holdout,,,,,
HH019224,HNW,0.0,desarrollo,4,4,0,2,1
HH019225,HNW,0.0,desarrollo,0,1,4,2,4
HH019226,HNW,0.0,holdout,,,,,
HH019227,HNW,0.0,desarrollo,1,2,2,1,4
HH019228,HNW,0.0,desarrollo,2,1,1,1,0
HH019229,HNW,0.0,desarrollo,3,0,4,4,2
HH019230,HNW,0.0,desarrollo,3,3,2,4,1
HH019231,HNW,0.0,desarrollo,4,4,1,3,3
HH019232,HNW,0.0,desarrollo,2,1,3,4,1
HH019233,HNW,0.0,desarrollo,4,4,2,2,0
HH019234,HNW,0.0,desarrollo,0,1,1,0,0
HH019235,HNW,0.0,desarrollo,3,1,1,2,1
HH019236,HNW,0.0,holdout,,,,,
HH019237,HNW,0.0,desarrollo,1,3,0,3,1
HH019238,HNW,0.0,desarrollo,4,0,3,4,2
HH019239,HNW,0.0,desarrollo,4,4,1,3,4
HH019240,HNW,0.0,desarrollo,0,0,4,2,2
HH019241,UHNW,0.0,holdout,,,,,
HH019242,HNW,0.0,desarrollo,1,3,1,0,4
HH019243,HNW,0.0,desarrollo,2,1,4,0,3
HH019244,HNW,0.0,desarrollo,3,0,4,4,3
HH019245,HNW,0.0,holdout,,,,,
HH019246,HNW,1.0,desarrollo,3,1,4,0,3
HH019247,HNW,1.0,desarrollo,2,2,1,3,3
HH019248,HNW,0.0,desarrollo,2,2,4,4,2
HH019249,HNW,0.0,holdout,,,,,
HH019250,UHNW,0.0,desarrollo,4,4,0,0,4
HH019251,HNW,0.0,holdout,,,,,
HH019252,HNW,0.0,holdout,,,,,
HH019253,HNW,0.0,desarrollo,2,4,1,0,3
HH019254,HNW,,excluido,,,,,
HH019255,HNW,0.0,desarrollo,1,1,2,3,2
HH019256,HNW,0.0,desarrollo,2,4,1,2,3
HH019257,HNW,0.0,desarrollo,3,2,4,2,3
HH019258,HNW,0.0,desarrollo,0,2,0,2,4
HH019259,HNW,0.0,desarrollo,1,4,1,1,2
HH019260,HNW,0.0,desarrollo,2,0,1,4,1
HH019261,UHNW,1.0,desarrollo,2,0,4,3,1
HH019262,HNW,0.0,desarrollo,2,2,0,2,2
HH019263,HNW,0.0,desarrollo,0,3,2,0,0
HH019264,HNW,0.0,desarrollo,1,3,2,2,0
HH019265,HNW,0.0,desarrollo,2,0,4,4,3
HH019266,HNW,0.0,holdout,,,,,
HH019267,HNW,0.0,desarrollo,1,4,2,3,3
HH019268,HNW,0.0,desarrollo,4,3,3,2,4
HH019269,HNW,0.0,desarrollo,1,3,0,2,3
HH019270,HNW,0.0,desarrollo,1,3,0,0,3
HH019271,HNW,0.0,desarrollo,1,0,4,2,3
HH019272,HNW,0.0,desarrollo,4,1,3,2,1
HH019273,HNW,0.0,desarrollo,3,3,1,3,2
HH019274,HNW,0.0,holdout,,,,,
HH019275,HNW,0.0,desarrollo,2,4,1,1,3
HH019276,UHNW,0.0,desarrollo,4,1,4,0,4
HH019277,HNW,0.0,desarrollo,2,1,4,4,0
HH019278,HNW,0.0,holdout,,,,,
HH019279,HNW,0.0,desarrollo,0,1,0,1,3
HH019280,HNW,0.0,desarrollo,4,1,0,2,3
HH019281,HNW,0.0,desarrollo,0,0,1,0,4
HH019282,HNW,1.0,desarrollo,4,4,0,1,2
HH019283,HNW,0.0,desarrollo,1,3,0,4,3
HH019284,HNW,0.0,desarrollo,1,3,4,4,2
HH019285,HNW,0.0,holdout,,,,,
HH019286,HNW,0.0,holdout,,,,,
HH019287,HNW,0.0,holdout,,,,,
HH019288,HNW,0.0,holdout,,,,,
HH019289,HNW,0.0,desarrollo,0,1,3,0,3
HH019290,HNW,0.0,desarrollo,4,3,4,4,4
HH019291,HNW,0.0,desarrollo,4,3,4,0,1
HH019292,HNW,0.0,desarrollo,2,0,2,2,3
HH019293,HNW,0.0,holdout,,,,,
HH019294,HNW,0.0,desarrollo,3,4,1,3,0
HH019295,HNW,0.0,desarrollo,2,2,3,3,4
HH019296,HNW,0.0,desarrollo,2,4,1,3,3
HH019297,HNW,0.0,desarrollo,3,4,0,0,4
HH019298,HNW,0.0,desarrollo,4,1,1,3,2
HH019299,UHNW,0.0,desarrollo,0,0,4,4,0
HH019300,HNW,0.0,desarrollo,1,3,0,0,3
HH019301,HNW,0.0,desarrollo,3,2,4,0,0
HH019302,HNW,0.0,desarrollo,2,1,0,2,1
HH019303,HNW,0.0,desarrollo,0,3,0,3,2
HH019304,UHNW,0.0,desarrollo,0,3,2,4,0
HH019305,HNW,0.0,holdout,,,,,
HH019306,HNW,0.0,desarrollo,1,2,0,3,3
HH019307,HNW,0.0,holdout,,,,,
HH019308,HNW,0.0,holdout,,,,,
HH019309,UHNW,0.0,holdout,,,,,
HH019310,HNW,0.0,desarrollo,3,4,2,1,2
HH019311,HNW,0.0,holdout,,,,,
HH019312,HNW,0.0,holdout,,,,,
HH019313,HNW,0.0,desarrollo,1,3,2,1,1
HH019314,HNW,0.0,desarrollo,2,2,3,1,1
HH019315,HNW,0.0,desarrollo,2,2,3,1,0
HH019316,HNW,1.0,desarrollo,0,1,0,4,4
HH019317,HNW,0.0,holdout,,,,,
HH019318,HNW,0.0,holdout,,,,,
HH019319,HNW,0.0,desarrollo,3,2,4,4,4
HH019320,HNW,1.0,holdout,,,,,
HH019321,HNW,0.0,desarrollo,4,1,0,4,0
HH019322,HNW,0.0,holdout,,,,,
HH019323,UHNW,0.0,desarrollo,3,0,3,1,4
HH019324,HNW,1.0,holdout,,,,,
HH019325,HNW,1.0,desarrollo,1,3,0,1,1
HH019326,HNW,0.0,holdout,,,,,
HH019327,HNW,0.0,desarrollo,0,0,0,0,1
HH019328,HNW,0.0,desarrollo,2,0,1,2,1
HH019329,UHNW,0.0,desarrollo,2,2,2,2,1
HH019330,HNW,0.0,holdout,,,,,
HH019331,HNW,0.0,desarrollo,0,2,1,1,1
HH019332,HNW,0.0,desarrollo,1,1,4,0,3
HH019333,HNW,0.0,desarrollo,2,1,1,2,0
HH019334,HNW,0.0,desarrollo,2,2,4,0,3
HH019335,HNW,0.0,desarrollo,2,4,3,4,4
HH019336,HNW,0.0,holdout,,,,,
HH019337,HNW,0.0,desarrollo,2,2,2,2,1
HH019338,HNW,0.0,desarrollo,3,3,4,0,1
HH019339,HNW,0.0,desarrollo,3,0,4,1,1
HH019340,HNW,0.0,holdout,,,,,
HH019341,HNW,0.0,desarrollo,4,4,4,0,0
HH019342,HNW,0.0,desarrollo,0,1,3,3,3
HH019343,HNW,0.0,holdout,,,,,
HH019344,HNW,0.0,desarrollo,0,0,1,4,4
HH019345,HNW,0.0,desarrollo,4,1,1,2,3
HH019346,HNW,0.0,desarrollo,0,2,2,2,4
HH019347,HNW,0.0,desarrollo,3,1,1,0,4
HH019348,HNW,0.0,desarrollo,1,0,4,3,3
HH019349,UHNW,0.0,desarrollo,0,4,1,1,0
HH019350,HNW,1.0,desarrollo,2,4,3,0,1
HH019351,HNW,0.0,holdout,,,,,
HH019352,HNW,0.0,holdout,,,,,
HH019353,HNW,0.0,desarrollo,0,3,0,2,1
HH019354,HNW,0.0,desarrollo,4,2,4,2,0
HH019355,HNW,0.0,holdout,,,,,
HH019356,HNW,0.0,desarrollo,1,1,3,4,2
HH019357,HNW,0.0,desarrollo,3,0,1,2,0
HH019358,HNW,0.0,desarrollo,1,3,1,0,1
HH019359,HNW,0.0,holdout,,,,,
HH019360,HNW,,excluido,,,,,
HH019361,HNW,0.0,desarrollo,1,0,2,4,3
HH019362,HNW,0.0,desarrollo,0,4,4,0,3
HH019363,HNW,0.0,desarrollo,2,1,2,1,0
HH019364,HNW,0.0,desarrollo,0,1,1,0,4
HH019365,HNW,0.0,holdout,,,,,
HH019366,HNW,0.0,desarrollo,2,1,0,2,2
HH019367,HNW,0.0,desarrollo,2,2,0,1,0
HH019368,HNW,0.0,desarrollo,0,4,3,0,3
HH019369,HNW,0.0,desarrollo,4,3,4,3,4
HH019370,HNW,0.0,desarrollo,3,4,4,0,1
HH019371,HNW,0.0,desarrollo,1,2,0,3,2
HH019372,HNW,0.0,desarrollo,1,2,2,1,2
HH019373,HNW,0.0,desarrollo,4,4,1,1,1
HH019374,HNW,0.0,desarrollo,2,1,2,0,1
HH019375,HNW,0.0,desarrollo,1,3,0,2,0
HH019376,HNW,0.0,desarrollo,0,3,2,1,0
HH019377,HNW,0.0,holdout,,,,,
HH019378,HNW,0.0,holdout,,,,,
HH019379,HNW,0.0,holdout,,,,,
HH019380,HNW,0.0,desarrollo,4,3,2,3,1
HH019381,HNW,0.0,desarrollo,0,4,0,1,0
HH019382,HNW,0.0,holdout,,,,,
HH019383,HNW,0.0,desarrollo,3,1,4,1,0
HH019384,HNW,0.0,holdout,,,,,
HH019385,HNW,0.0,desarrollo,2,0,3,4,4
HH019386,UHNW,0.0,holdout,,,,,
HH019387,HNW,0.0,holdout,,,,,
HH019388,HNW,0.0,holdout,,,,,
HH019389,HNW,0.0,desarrollo,0,0,1,2,0
HH019390,HNW,0.0,desarrollo,4,1,3,1,1
HH019391,HNW,0.0,desarrollo,0,1,1,2,1
HH019392,HNW,0.0,desarrollo,0,4,3,2,2
HH019393,HNW,0.0,desarrollo,1,4,1,0,4
HH019394,UHNW,0.0,desarrollo,0,3,4,2,4
HH019395,HNW,0.0,desarrollo,4,2,3,0,2
HH019396,HNW,0.0,desarrollo,0,1,0,3,3
HH019397,HNW,0.0,desarrollo,4,2,1,2,1
HH019398,HNW,1.0,desarrollo,4,1,1,2,1
HH019399,HNW,0.0,holdout,,,,,
HH019400,HNW,0.0,desarrollo,1,1,4,1,1
HH019401,HNW,0.0,desarrollo,0,3,3,0,0
HH019402,HNW,0.0,desarrollo,4,3,3,0,1
HH019403,HNW,0.0,desarrollo,0,3,2,2,3
HH019404,HNW,0.0,desarrollo,3,4,1,4,2
HH019405,HNW,0.0,desarrollo,2,2,0,4,2
HH019406,HNW,0.0,desarrollo,3,0,1,4,0
HH019407,HNW,0.0,desarrollo,3,0,2,0,0
HH019408,HNW,0.0,desarrollo,4,1,0,2,2
HH019409,HNW,0.0,desarrollo,1,4,1,4,3
HH019410,HNW,0.0,desarrollo,3,1,2,2,3
HH019411,HNW,0.0,desarrollo,3,2,2,2,3
HH019412,HNW,0.0,desarrollo,3,2,4,0,3
HH019413,HNW,0.0,desarrollo,4,2,0,1,3
HH019414,HNW,0.0,desarrollo,2,1,2,3,0
HH019415,HNW,1.0,desarrollo,0,2,3,3,4
HH019416,HNW,0.0,desarrollo,3,0,3,2,3
HH019417,HNW,0.0,desarrollo,2,2,0,3,3
HH019418,HNW,0.0,holdout,,,,,
HH019419,HNW,0.0,desarrollo,1,1,0,2,0
HH019420,HNW,0.0,holdout,,,,,
HH019421,HNW,0.0,desarrollo,0,2,4,3,0
HH019422,HNW,0.0,desarrollo,1,2,3,1,4
HH019423,HNW,0.0,holdout,,,,,
HH019424,HNW,0.0,desarrollo,2,4,1,0,3
HH019425,HNW,0.0,desarrollo,4,2,0,1,3
HH019426,HNW,0.0,holdout,,,,,
HH019427,HNW,0.0,desarrollo,3,3,0,1,3
HH019428,HNW,0.0,desarrollo,1,0,0,0,3
HH019429,HNW,0.0,desarrollo,0,4,2,1,4
HH019430,HNW,0.0,desarrollo,2,0,3,1,2
HH019431,HNW,0.0,desarrollo,0,1,1,4,1
HH019432,HNW,0.0,desarrollo,1,2,1,2,2
HH019433,HNW,0.0,holdout,,,,,
HH019434,HNW,0.0,desarrollo,3,1,1,2,3
HH019435,HNW,0.0,holdout,,,,,
HH019436,HNW,0.0,desarrollo,3,1,3,2,0
HH019437,HNW,0.0,desarrollo,4,4,1,4,2
HH019438,HNW,1.0,desarrollo,3,2,3,0,4
HH019439,HNW,0.0,desarrollo,4,4,2,3,3
HH019440,HNW,0.0,holdout,,,,,
HH019441,HNW,0.0,desarrollo,4,0,0,4,2
HH019442,HNW,0.0,holdout,,,,,
HH019443,HNW,0.0,desarrollo,1,1,3,1,1
HH019444,HNW,0.0,holdout,,,,,
HH019445,HNW,0.0,holdout,,,,,
HH019446,HNW,0.0,desarrollo,1,3,1,2,1
HH019447,HNW,0.0,desarrollo,0,4,2,3,1
HH019448,HNW,0.0,desarrollo,2,1,1,3,0
HH019449,HNW,0.0,desarrollo,3,4,0,1,0
HH019450,HNW,0.0,desarrollo,1,2,1,1,1
HH019451,HNW,0.0,desarrollo,1,3,3,1,4
HH019452,HNW,0.0,holdout,,,,,
HH019453,HNW,0.0,holdout,,,,,
HH019454,HNW,0.0,desarrollo,3,4,2,3,3
HH019455,HNW,0.0,desarrollo,1,0,4,2,1
HH019456,HNW,0.0,desarrollo,2,0,3,3,0
HH019457,HNW,1.0,desarrollo,2,3,0,3,2
HH019458,HNW,0.0,desarrollo,2,4,0,3,0
HH019459,HNW,0.0,holdout,,,,,
HH019460,HNW,0.0,desarrollo,3,4,0,4,1
HH019461,HNW,0.0,holdout,,,,,
HH019462,HNW,0.0,holdout,,,,,
HH019463,HNW,0.0,holdout,,,,,
HH019464,HNW,0.0,desarrollo,0,3,0,0,0
HH019465,UHNW,0.0,holdout,,,,,
HH019466,HNW,0.0,desarrollo,4,0,4,4,2
HH019467,HNW,0.0,holdout,,,,,
HH019468,HNW,0.0,desarrollo,4,4,0,1,2
HH019469,HNW,0.0,holdout,,,,,
HH019470,HNW,1.0,desarrollo,3,2,1,2,4
HH019471,HNW,0.0,desarrollo,1,1,0,3,4
HH019472,HNW,0.0,holdout,,,,,
HH019473,HNW,0.0,holdout,,,,,
HH019474,HNW,0.0,desarrollo,4,2,3,3,1
HH019475,HNW,0.0,desarrollo,1,4,1,4,3
HH019476,HNW,0.0,desarrollo,2,2,1,0,4
HH019477,HNW,0.0,holdout,,,,,
HH019478,HNW,0.0,holdout,,,,,
HH019479,HNW,0.0,desarrollo,1,3,4,4,1
HH019480,HNW,0.0,desarrollo,0,3,1,1,4
HH019481,HNW,0.0,holdout,,,,,
HH019482,HNW,0.0,desarrollo,0,0,3,2,0
HH019483,HNW,0.0,holdout,,,,,
HH019484,HNW,0.0,desarrollo,4,0,2,1,0
HH019485,HNW,0.0,desarrollo,1,1,2,3,0
HH019486,HNW,0.0,desarrollo,4,3,1,1,4
HH019487,HNW,0.0,desarrollo,3,2,0,1,4
HH019488,HNW,0.0,desarrollo,1,3,0,2,0
HH019489,HNW,0.0,holdout,,,,,
HH019490,HNW,1.0,desarrollo,4,1,1,0,3
HH019491,HNW,0.0,desarrollo,3,3,4,3,3
HH019492,HNW,0.0,holdout,,,,,
HH019493,HNW,0.0,holdout,,,,,
HH019494,HNW,0.0,desarrollo,2,2,0,3,4
HH019495,HNW,0.0,desarrollo,0,0,4,2,1
HH019496,HNW,1.0,desarrollo,2,3,1,4,2
HH019497,HNW,0.0,holdout,,,,,
HH019498,HNW,0.0,desarrollo,3,3,3,0,1
HH019499,HNW,0.0,desarrollo,4,0,1,4,0
HH019500,HNW,0.0,holdout,,,,,
HH019501,HNW,0.0,desarrollo,2,2,0,2,3
HH019502,HNW,0.0,holdout,,,,,
HH019503,HNW,0.0,desarrollo,2,2,2,1,3
HH019504,HNW,1.0,desarrollo,0,2,1,0,3
HH019505,HNW,0.0,holdout,,,,,
HH019506,UHNW,0.0,holdout,,,,,
HH019507,HNW,0.0,holdout,,,,,
HH019508,UHNW,0.0,holdout,,,,,
HH019509,HNW,0.0,desarrollo,1,3,3,3,2
HH019510,HNW,0.0,desarrollo,0,1,2,4,0
HH019511,HNW,0.0,desarrollo,0,4,0,0,4
HH019512,HNW,0.0,holdout,,,,,
HH019513,HNW,0.0,desarrollo,3,2,0,2,1
HH019514,HNW,0.0,holdout,,,,,
HH019515,HNW,0.0,desarrollo,1,3,0,1,1
HH019516,HNW,0.0,holdout,,,,,
HH019517,HNW,0.0,holdout,,,,,
HH019518,HNW,0.0,desarrollo,2,3,4,4,2
HH019519,HNW,1.0,holdout,,,,,
HH019520,HNW,0.0,desarrollo,4,3,4,3,1
HH019521,HNW,0.0,desarrollo,2,2,1,4,3
HH019522,HNW,0.0,desarrollo,1,0,0,1,0
HH019523,HNW,0.0,desarrollo,1,4,2,4,2
HH019524,HNW,0.0,desarrollo,4,1,2,3,0
HH019525,HNW,0.0,desarrollo,2,3,0,0,0
HH019526,HNW,1.0,desarrollo,1,2,1,4,3
HH019527,HNW,0.0,desarrollo,0,0,4,4,3
HH019528,HNW,0.0,holdout,,,,,
HH019529,HNW,1.0,desarrollo,4,4,1,3,0
HH019530,HNW,0.0,desarrollo,4,1,2,0,4
HH019531,HNW,0.0,holdout,,,,,
HH019532,HNW,0.0,holdout,,,,,
HH019533,HNW,0.0,desarrollo,3,3,2,2,3
HH019534,HNW,0.0,desarrollo,3,0,4,1,3
HH019535,HNW,0.0,holdout,,,,,
HH019536,HNW,0.0,holdout,,,,,
HH019537,HNW,0.0,holdout,,,,,
HH019538,HNW,0.0,holdout,,,,,
HH019539,HNW,0.0,desarrollo,4,1,2,1,0
HH019540,HNW,0.0,desarrollo,0,3,2,1,2
HH019541,HNW,0.0,holdout,,,,,
HH019542,HNW,0.0,desarrollo,4,2,0,0,0
HH019543,HNW,0.0,desarrollo,1,3,3,2,0
HH019544,HNW,0.0,desarrollo,2,1,4,4,4
HH019545,UHNW,0.0,desarrollo,4,3,3,1,0
HH019546,HNW,0.0,holdout,,,,,
HH019547,HNW,0.0,holdout,,,,,
HH019548,HNW,0.0,holdout,,,,,
HH019549,HNW,0.0,desarrollo,2,1,3,0,0
HH019550,HNW,,excluido,,,,,
HH019551,HNW,0.0,desarrollo,3,3,1,4,1
HH019552,UHNW,0.0,holdout,,,,,
HH019553,HNW,0.0,desarrollo,3,0,3,4,2
HH019554,HNW,0.0,holdout,,,,,
HH019555,HNW,0.0,desarrollo,0,3,2,1,4
HH019556,HNW,0.0,desarrollo,1,1,0,3,0
HH019557,HNW,0.0,desarrollo,4,2,4,0,4
HH019558,HNW,0.0,holdout,,,,,
HH019559,HNW,0.0,holdout,,,,,
HH019560,HNW,0.0,desarrollo,0,3,4,0,0
HH019561,HNW,0.0,desarrollo,2,1,0,1,4
HH019562,HNW,0.0,desarrollo,2,1,2,1,1
HH019563,HNW,0.0,desarrollo,0,4,0,4,2
HH019564,HNW,0.0,desarrollo,1,3,0,0,1
HH019565,HNW,0.0,holdout,,,,,
HH019566,HNW,0.0,desarrollo,3,2,2,4,0
HH019567,HNW,0.0,desarrollo,0,4,3,4,3
HH019568,HNW,0.0,holdout,,,,,
HH019569,HNW,0.0,holdout,,,,,
HH019570,HNW,0.0,desarrollo,0,4,0,1,3
HH019571,HNW,0.0,desarrollo,1,4,1,2,0
HH019572,HNW,0.0,desarrollo,4,4,0,1,3
HH019573,HNW,0.0,desarrollo,3,2,3,0,4
HH019574,HNW,0.0,holdout,,,,,
HH019575,HNW,1.0,desarrollo,4,4,4,1,2
HH019576,HNW,0.0,desarrollo,0,0,2,0,2
HH019577,HNW,0.0,holdout,,,,,
HH019578,HNW,0.0,desarrollo,3,4,1,4,4
HH019579,HNW,0.0,desarrollo,2,3,4,2,1
HH019580,HNW,0.0,desarrollo,2,2,2,4,0
HH019581,HNW,0.0,desarrollo,1,0,1,3,0
HH019582,HNW,0.0,desarrollo,0,3,1,0,2
HH019583,HNW,0.0,desarrollo,4,0,0,2,0
HH019584,HNW,1.0,desarrollo,0,2,4,1,0
HH019585,HNW,0.0,desarrollo,1,4,0,0,4
HH019586,HNW,0.0,holdout,,,,,
HH019587,HNW,0.0,desarrollo,4,0,1,1,0
HH019588,HNW,0.0,desarrollo,1,3,3,2,4
HH019589,HNW,0.0,desarrollo,3,4,2,4,1
HH019590,HNW,0.0,desarrollo,4,3,3,2,1
HH019591,HNW,0.0,desarrollo,3,3,0,1,1
HH019592,HNW,0.0,desarrollo,2,4,3,0,1
HH019593,HNW,0.0,desarrollo,4,4,4,4,4
HH019594,HNW,0.0,desarrollo,0,3,3,2,3
HH019595,HNW,0.0,holdout,,,,,
HH019596,HNW,0.0,desarrollo,2,0,4,0,4
HH019597,HNW,0.0,desarrollo,0,2,1,3,2
HH019598,HNW,0.0,desarrollo,3,4,4,1,1
HH019599,HNW,0.0,desarrollo,1,3,1,3,1
HH019600,HNW,0.0,desarrollo,3,3,2,3,2
HH019601,UHNW,0.0,desarrollo,4,0,1,2,2
HH019602,HNW,0.0,holdout,,,,,
HH019603,HNW,0.0,desarrollo,0,4,3,3,4
HH019604,HNW,0.0,desarrollo,1,0,0,1,0
HH019605,HNW,0.0,desarrollo,3,3,1,0,2
HH019606,HNW,0.0,holdout,,,,,
HH019607,HNW,0.0,holdout,,,,,
HH019608,HNW,0.0,holdout,,,,,
HH019609,HNW,0.0,holdout,,,,,
HH019610,HNW,0.0,desarrollo,1,0,0,4,2
HH019611,HNW,0.0,desarrollo,4,0,1,3,2
HH019612,HNW,0.0,holdout,,,,,
HH019613,HNW,0.0,desarrollo,0,1,4,1,3
HH019614,HNW,0.0,desarrollo,1,0,3,4,2
HH019615,HNW,0.0,desarrollo,1,0,4,3,3
HH019616,HNW,0.0,holdout,,,,,
HH019617,HNW,0.0,desarrollo,2,3,4,4,2
HH019618,HNW,0.0,desarrollo,4,3,4,0,2
HH019619,HNW,0.0,desarrollo,2,0,2,1,1
HH019620,HNW,0.0,desarrollo,4,3,0,1,4
HH019621,HNW,0.0,desarrollo,0,0,0,0,2
HH019622,UHNW,0.0,holdout,,,,,
HH019623,HNW,0.0,desarrollo,2,3,1,1,0
HH019624,HNW,0.0,desarrollo,2,4,4,3,2
HH019625,HNW,0.0,holdout,,,,,
HH019626,HNW,0.0,holdout,,,,,
HH019627,HNW,0.0,desarrollo,4,3,2,4,1
HH019628,HNW,0.0,holdout,,,,,
HH019629,HNW,0.0,desarrollo,2,0,1,2,0
HH019630,HNW,0.0,desarrollo,4,1,2,3,4
HH019631,HNW,0.0,desarrollo,2,3,1,4,1
HH019632,HNW,0.0,desarrollo,3,1,0,3,3
HH019633,HNW,0.0,desarrollo,0,2,0,1,0
HH019634,HNW,0.0,desarrollo,1,4,1,3,1
HH019635,HNW,0.0,desarrollo,4,2,3,3,4
HH019636,HNW,0.0,desarrollo,0,0,0,2,0
HH019637,HNW,0.0,desarrollo,4,4,0,3,0
HH019638,HNW,1.0,holdout,,,,,
HH019639,HNW,0.0,desarrollo,4,4,4,1,0
HH019640,HNW,0.0,desarrollo,1,4,3,3,0
HH019641,HNW,0.0,desarrollo,0,3,3,2,3
HH019642,HNW,0.0,holdout,,,,,
HH019643,HNW,0.0,desarrollo,2,1,1,0,0
HH019644,HNW,0.0,desarrollo,3,0,2,0,0
HH019645,HNW,0.0,desarrollo,4,3,1,0,0
HH019646,HNW,1.0,holdout,,,,,
HH019647,HNW,0.0,desarrollo,1,1,0,1,0
HH019648,HNW,0.0,desarrollo,0,2,0,2,2
HH019649,HNW,0.0,desarrollo,2,3,1,0,0
HH019650,HNW,0.0,desarrollo,0,3,4,4,2
HH019651,HNW,1.0,holdout,,,,,
HH019652,HNW,0.0,desarrollo,2,1,0,3,1
HH019653,HNW,0.0,desarrollo,1,2,4,0,0
HH019654,HNW,0.0,desarrollo,1,1,4,4,4
HH019655,HNW,0.0,desarrollo,0,0,3,3,2
HH019656,HNW,0.0,holdout,,,,,
HH019657,HNW,0.0,holdout,,,,,
HH019658,HNW,0.0,desarrollo,4,1,2,1,3
HH019659,UHNW,0.0,desarrollo,3,3,4,3,3
HH019660,HNW,0.0,desarrollo,4,2,3,4,3
HH019661,HNW,0.0,holdout,,,,,
HH019662,HNW,0.0,desarrollo,3,3,0,3,0
HH019663,HNW,,excluido,,,,,
HH019664,HNW,0.0,desarrollo,0,1,2,4,2
HH019665,HNW,0.0,holdout,,,,,
HH019666,HNW,0.0,desarrollo,0,4,3,2,0
HH019667,HNW,0.0,desarrollo,1,4,2,3,3
HH019668,HNW,0.0,desarrollo,1,0,0,4,3
HH019669,HNW,0.0,holdout,,,,,
HH019670,HNW,0.0,holdout,,,,,
HH019671,HNW,0.0,desarrollo,2,1,1,0,1
HH019672,HNW,0.0,desarrollo,2,4,2,1,2
HH019673,HNW,0.0,desarrollo,3,1,1,2,0
HH019674,HNW,0.0,desarrollo,3,0,2,4,0
HH019675,HNW,0.0,desarrollo,3,1,2,0,4
HH019676,HNW,0.0,desarrollo,2,3,1,1,3
HH019677,UHNW,0.0,desarrollo,3,0,3,1,1
HH019678,HNW,0.0,holdout,,,,,
HH019679,HNW,0.0,holdout,,,,,
HH019680,HNW,0.0,holdout,,,,,
HH019681,HNW,0.0,desarrollo,4,0,0,3,2
HH019682,HNW,0.0,desarrollo,2,1,4,3,0
HH019683,HNW,0.0,desarrollo,0,3,2,3,1
HH019684,HNW,0.0,desarrollo,2,1,3,3,2
HH019685,HNW,0.0,desarrollo,4,2,4,3,0
HH019686,HNW,0.0,holdout,,,,,
HH019687,HNW,0.0,desarrollo,4,3,1,0,0
HH019688,HNW,0.0,desarrollo,2,2,4,4,2
HH019689,HNW,0.0,desarrollo,4,3,1,1,3
HH019690,HNW,0.0,desarrollo,3,4,0,1,0
HH019691,HNW,0.0,desarrollo,0,4,0,1,1
HH019692,HNW,0.0,desarrollo,2,2,4,1,1
HH019693,HNW,1.0,desarrollo,1,0,1,0,1
HH019694,UHNW,0.0,desarrollo,1,2,2,4,3
HH019695,HNW,0.0,holdout,,,,,
HH019696,HNW,0.0,desarrollo,4,3,3,4,3
HH019697,HNW,0.0,holdout,,,,,
HH019698,HNW,0.0,holdout,,,,,
HH019699,HNW,0.0,holdout,,,,,
HH019700,HNW,0.0,desarrollo,4,3,0,0,0
HH019701,HNW,0.0,desarrollo,1,3,1,3,1
HH019702,HNW,0.0,desarrollo,1,2,0,3,2
HH019703,HNW,0.0,desarrollo,4,0,0,2,4
HH019704,HNW,0.0,holdout,,,,,
HH019705,HNW,0.0,holdout,,,,,
HH019706,HNW,0.0,desarrollo,3,4,1,4,0
HH019707,HNW,0.0,desarrollo,4,4,4,0,0
HH019708,UHNW,0.0,desarrollo,1,3,4,4,2
HH019709,HNW,0.0,holdout,,,,,
HH019710,HNW,0.0,desarrollo,4,0,3,2,3
HH019711,HNW,0.0,desarrollo,2,4,1,1,3
HH019712,HNW,0.0,desarrollo,1,4,2,3,4
HH019713,UHNW,0.0,holdout,,,,,
HH019714,HNW,0.0,desarrollo,4,0,2,4,4
HH019715,HNW,0.0,holdout,,,,,
HH019716,HNW,0.0,desarrollo,4,2,0,4,1
HH019717,UHNW,1.0,desarrollo,2,1,4,1,3
HH019718,HNW,0.0,desarrollo,2,4,1,3,3
HH019719,HNW,0.0,holdout,,,,,
HH019720,HNW,0.0,holdout,,,,,
HH019721,HNW,0.0,desarrollo,0,4,3,4,4
HH019722,HNW,0.0,desarrollo,1,2,3,1,0
HH019723,HNW,0.0,desarrollo,1,0,2,0,1
HH019724,HNW,0.0,holdout,,,,,
HH019725,HNW,0.0,desarrollo,0,4,2,2,1
HH019726,HNW,0.0,desarrollo,2,0,0,4,0
HH019727,HNW,0.0,desarrollo,2,4,2,4,3
HH019728,HNW,0.0,holdout,,,,,
HH019729,HNW,0.0,desarrollo,3,1,1,3,1
HH019730,HNW,0.0,holdout,,,,,
HH019731,HNW,0.0,desarrollo,0,4,1,1,3
HH019732,HNW,0.0,desarrollo,2,0,0,2,1
HH019733,HNW,0.0,desarrollo,2,3,3,4,3
HH019734,HNW,0.0,desarrollo,3,2,3,1,4
HH019735,HNW,0.0,desarrollo,2,2,4,1,1
HH019736,HNW,0.0,desarrollo,1,4,2,4,0
HH019737,HNW,0.0,desarrollo,0,4,4,0,3
HH019738,HNW,0.0,holdout,,,,,
HH019739,HNW,0.0,desarrollo,3,1,1,3,1
HH019740,HNW,0.0,holdout,,,,,
HH019741,HNW,0.0,holdout,,,,,
HH019742,HNW,1.0,desarrollo,0,2,2,1,4
HH019743,HNW,0.0,desarrollo,0,4,0,1,0
HH019744,HNW,0.0,desarrollo,2,0,3,2,1
HH019745,HNW,0.0,desarrollo,3,2,1,2,2
HH019746,HNW,0.0,desarrollo,2,2,4,1,0
HH019747,HNW,0.0,holdout,,,,,
HH019748,HNW,0.0,desarrollo,2,4,0,2,1
HH019749,HNW,0.0,holdout,,,,,
HH019750,HNW,0.0,holdout,,,,,
HH019751,HNW,1.0,holdout,,,,,
HH019752,UHNW,0.0,holdout,,,,,
HH019753,HNW,0.0,holdout,,,,,
HH019754,HNW,0.0,holdout,,,,,
HH019755,HNW,0.0,desarrollo,0,2,3,0,3
HH019756,HNW,0.0,desarrollo,1,3,1,4,0
HH019757,HNW,0.0,desarrollo,2,2,0,1,4
HH019758,HNW,0.0,holdout,,,,,
HH019759,HNW,0.0,holdout,,,,,
HH019760,HNW,0.0,holdout,,,,,
HH019761,HNW,1.0,desarrollo,4,1,2,1,4
HH019762,HNW,0.0,desarrollo,3,3,3,1,1
HH019763,HNW,1.0,holdout,,,,,
HH019764,HNW,0.0,desarrollo,2,1,0,4,3
HH019765,UHNW,0.0,desarrollo,0,1,4,0,1
HH019766,HNW,0.0,desarrollo,0,1,2,4,1
HH019767,HNW,0.0,holdout,,,,,
HH019768,HNW,0.0,desarrollo,2,4,1,4,2
HH019769,HNW,0.0,desarrollo,0,4,4,1,2
HH019770,HNW,0.0,desarrollo,1,4,3,4,3
HH019771,HNW,0.0,holdout,,,,,
HH019772,HNW,0.0,desarrollo,4,2,2,1,2
HH019773,HNW,0.0,desarrollo,3,2,4,4,2
HH019774,HNW,0.0,desarrollo,2,4,4,4,4
HH019775,HNW,0.0,holdout,,,,,
HH019776,UHNW,0.0,desarrollo,3,0,4,3,0
HH019777,HNW,0.0,desarrollo,3,0,0,1,1
HH019778,HNW,0.0,desarrollo,3,1,3,1,3
HH019779,HNW,0.0,holdout,,,,,
HH019780,HNW,0.0,desarrollo,4,4,2,3,2
HH019781,HNW,0.0,desarrollo,1,1,3,3,1
HH019782,HNW,0.0,desarrollo,3,3,0,4,1
HH019783,HNW,0.0,desarrollo,4,3,0,2,3
HH019784,HNW,0.0,holdout,,,,,
HH019785,HNW,0.0,desarrollo,0,3,0,0,2
HH019786,HNW,1.0,holdout,,,,,
HH019787,HNW,1.0,desarrollo,4,2,4,3,4
HH019788,HNW,0.0,desarrollo,2,0,2,1,3
HH019789,HNW,0.0,desarrollo,1,0,2,3,0
HH019790,HNW,0.0,holdout,,,,,
HH019791,HNW,0.0,desarrollo,3,1,0,2,4
HH019792,HNW,0.0,holdout,,,,,
HH019793,HNW,0.0,desarrollo,2,4,3,2,2
HH019794,HNW,0.0,holdout,,,,,
HH019795,HNW,0.0,holdout,,,,,
HH019796,HNW,0.0,desarrollo,1,4,4,4,2
HH019797,HNW,0.0,holdout,,,,,
HH019798,HNW,0.0,desarrollo,2,1,2,4,3
HH019799,HNW,0.0,desarrollo,4,4,2,1,1
HH019800,HNW,0.0,desarrollo,1,3,1,1,4
HH019801,HNW,0.0,holdout,,,,,
HH019802,HNW,0.0,holdout,,,,,
HH019803,HNW,0.0,desarrollo,2,0,1,1,2
HH019804,HNW,1.0,desarrollo,1,0,1,1,0
HH019805,HNW,0.0,desarrollo,0,3,0,1,2
HH019806,HNW,0.0,holdout,,,,,
HH019807,UHNW,0.0,desarrollo,4,0,1,1,0
HH019808,HNW,0.0,holdout,,,,,
HH019809,HNW,0.0,desarrollo,2,2,2,2,3
HH019810,HNW,0.0,holdout,,,,,
HH019811,HNW,0.0,desarrollo,2,1,2,0,1
HH019812,HNW,0.0,desarrollo,2,1,4,4,3
HH019813,HNW,0.0,holdout,,,,,
HH019814,HNW,0.0,desarrollo,3,4,2,3,1
HH019815,HNW,0.0,desarrollo,1,4,4,1,1
HH019816,HNW,0.0,desarrollo,0,1,2,3,2
HH019817,HNW,0.0,holdout,,,,,
HH019818,HNW,0.0,desarrollo,2,2,1,2,1
HH019819,HNW,0.0,desarrollo,1,0,4,3,1
HH019820,HNW,0.0,holdout,,,,,
HH019821,HNW,0.0,desarrollo,3,0,3,4,1
HH019822,UHNW,0.0,desarrollo,4,2,0,1,2
HH019823,HNW,0.0,desarrollo,0,0,0,4,2
HH019824,HNW,0.0,desarrollo,4,2,0,4,4
HH019825,HNW,0.0,desarrollo,0,4,3,2,2
HH019826,HNW,0.0,desarrollo,2,2,0,4,3
HH019827,HNW,0.0,desarrollo,2,4,1,4,2
HH019828,HNW,1.0,desarrollo,4,1,4,0,0
HH019829,HNW,0.0,desarrollo,3,0,2,0,2
HH019830,UHNW,1.0,holdout,,,,,
HH019831,HNW,0.0,holdout,,,,,
HH019832,HNW,0.0,desarrollo,3,0,4,0,4
HH019833,HNW,0.0,desarrollo,2,4,4,3,4
HH019834,HNW,0.0,desarrollo,1,1,3,2,1
HH019835,HNW,0.0,desarrollo,4,2,0,0,2
HH019836,HNW,0.0,desarrollo,1,2,4,0,1
HH019837,HNW,0.0,holdout,,,,,
HH019838,HNW,0.0,holdout,,,,,
HH019839,HNW,0.0,desarrollo,3,2,2,2,2
HH019840,HNW,0.0,desarrollo,0,0,0,3,2
HH019841,HNW,0.0,desarrollo,3,1,4,1,4
HH019842,HNW,0.0,desarrollo,3,2,2,4,3
HH019843,HNW,0.0,desarrollo,2,4,1,3,2
HH019844,HNW,1.0,holdout,,,,,
HH019845,HNW,0.0,desarrollo,3,0,1,1,2
HH019846,HNW,0.0,holdout,,,,,
HH019847,HNW,0.0,desarrollo,2,3,3,2,2
HH019848,HNW,0.0,holdout,,,,,
HH019849,HNW,0.0,desarrollo,3,3,0,3,3
HH019850,HNW,0.0,desarrollo,0,3,3,4,2
HH019851,HNW,0.0,desarrollo,3,0,4,1,4
HH019852,HNW,0.0,desarrollo,4,4,4,2,3
HH019853,HNW,1.0,holdout,,,,,
HH019854,HNW,0.0,desarrollo,3,1,2,1,1
HH019855,HNW,0.0,holdout,,,,,
HH019856,HNW,0.0,holdout,,,,,
HH019857,HNW,0.0,desarrollo,4,1,2,2,4
HH019858,HNW,0.0,holdout,,,,,
HH019859,HNW,0.0,desarrollo,0,4,3,3,1
HH019860,HNW,0.0,desarrollo,4,1,3,3,3
HH019861,HNW,0.0,desarrollo,1,0,4,4,0
HH019862,HNW,0.0,desarrollo,0,2,0,1,1
HH019863,HNW,0.0,holdout,,,,,
HH019864,HNW,0.0,desarrollo,2,0,2,3,2
HH019865,HNW,0.0,desarrollo,2,2,2,0,4
HH019866,HNW,0.0,holdout,,,,,
HH019867,HNW,0.0,desarrollo,3,4,2,4,2
HH019868,HNW,0.0,desarrollo,3,4,2,4,2
HH019869,HNW,0.0,holdout,,,,,
HH019870,HNW,0.0,desarrollo,1,0,4,1,3
HH019871,HNW,0.0,desarrollo,4,2,2,3,3
HH019872,HNW,0.0,desarrollo,4,1,0,4,0
HH019873,HNW,0.0,desarrollo,0,1,2,2,2
HH019874,HNW,0.0,desarrollo,1,0,1,1,2
HH019875,HNW,0.0,desarrollo,3,3,2,1,1
HH019876,HNW,0.0,holdout,,,,,
HH019877,HNW,0.0,desarrollo,1,0,4,2,0
HH019878,HNW,0.0,holdout,,,,,
HH019879,HNW,0.0,desarrollo,0,1,2,1,0
HH019880,HNW,0.0,holdout,,,,,
HH019881,HNW,0.0,desarrollo,4,2,4,4,2
HH019882,HNW,0.0,holdout,,,,,
HH019883,HNW,0.0,holdout,,,,,
HH019884,HNW,0.0,desarrollo,1,4,0,2,0
HH019885,UHNW,0.0,desarrollo,1,3,2,1,4
HH019886,HNW,0.0,desarrollo,3,0,4,0,1
HH019887,HNW,0.0,desarrollo,4,3,4,2,1
HH019888,HNW,0.0,holdout,,,,,
HH019889,HNW,1.0,desarrollo,0,0,3,2,1
HH019890,HNW,0.0,holdout,,,,,
HH019891,HNW,0.0,desarrollo,0,2,1,4,3
HH019892,HNW,0.0,holdout,,,,,
HH019893,HNW,0.0,desarrollo,4,2,3,4,3
HH019894,HNW,0.0,desarrollo,3,4,1,0,1
HH019895,HNW,0.0,desarrollo,2,1,1,3,3
HH019896,HNW,0.0,desarrollo,2,1,2,0,2
HH019897,HNW,0.0,desarrollo,2,2,3,4,0
HH019898,HNW,0.0,holdout,,,,,
HH019899,HNW,0.0,desarrollo,3,4,3,0,3
HH019900,HNW,0.0,holdout,,,,,
HH019901,HNW,0.0,desarrollo,2,2,3,2,0
HH019902,HNW,0.0,holdout,,,,,
HH019903,HNW,0.0,holdout,,,,,
HH019904,HNW,0.0,desarrollo,1,1,0,1,0
HH019905,HNW,0.0,desarrollo,3,0,4,4,2
HH019906,HNW,0.0,holdout,,,,,
HH019907,HNW,0.0,desarrollo,4,1,4,2,1
HH019908,HNW,0.0,desarrollo,4,2,3,4,1
HH019909,HNW,0.0,desarrollo,3,0,2,1,0
HH019910,HNW,0.0,desarrollo,4,2,3,2,4
HH019911,HNW,0.0,holdout,,,,,
HH019912,HNW,0.0,desarrollo,4,4,3,3,3
HH019913,HNW,0.0,desarrollo,3,0,4,2,2
HH019914,HNW,1.0,holdout,,,,,
HH019915,HNW,0.0,holdout,,,,,
HH019916,HNW,,excluido,,,,,
HH019917,HNW,0.0,holdout,,,,,
HH019918,UHNW,1.0,desarrollo,4,3,1,1,2
HH019919,HNW,0.0,desarrollo,4,2,1,2,0
HH019920,HNW,0.0,desarrollo,2,2,2,0,3
HH019921,HNW,0.0,desarrollo,4,0,1,0,1
HH019922,HNW,0.0,desarrollo,3,2,4,1,0
HH019923,HNW,0.0,desarrollo,1,0,0,2,2
HH019924,HNW,0.0,desarrollo,1,1,1,4,0
HH019925,HNW,0.0,holdout,,,,,
HH019926,HNW,0.0,desarrollo,4,1,1,4,1
HH019927,HNW,0.0,desarrollo,0,0,0,4,1
HH019928,HNW,0.0,desarrollo,0,2,1,3,0
HH019929,HNW,0.0,desarrollo,3,2,3,1,3
HH019930,HNW,0.0,desarrollo,0,4,1,4,0
HH019931,HNW,0.0,holdout,,,,,
HH019932,HNW,0.0,desarrollo,1,1,4,4,2
HH019933,HNW,0.0,desarrollo,1,3,2,2,0
HH019934,HNW,0.0,holdout,,,,,
HH019935,HNW,0.0,holdout,,,,,
HH019936,HNW,0.0,desarrollo,1,0,0,0,2
HH019937,HNW,0.0,desarrollo,0,3,0,3,3
HH019938,HNW,0.0,holdout,,,,,
HH019939,HNW,0.0,holdout,,,,,
HH019940,HNW,0.0,desarrollo,4,4,4,3,2
HH019941,HNW,0.0,desarrollo,3,4,4,3,1
HH019942,HNW,0.0,holdout,,,,,
HH019943,HNW,1.0,desarrollo,4,3,2,3,1
HH019944,HNW,0.0,desarrollo,1,1,4,0,3
HH019945,HNW,0.0,holdout,,,,,
HH019946,HNW,0.0,holdout,,,,,
HH019947,HNW,0.0,holdout,,,,,
HH019948,HNW,0.0,desarrollo,0,4,2,2,4
HH019949,HNW,0.0,desarrollo,3,3,4,1,1
HH019950,HNW,0.0,desarrollo,1,2,1,4,1
HH019951,HNW,0.0,desarrollo,3,2,3,3,1
HH019952,HNW,0.0,desarrollo,3,3,2,2,3
HH019953,HNW,0.0,desarrollo,4,1,0,0,2
HH019954,HNW,0.0,desarrollo,2,3,4,3,0
HH019955,HNW,0.0,desarrollo,4,0,3,0,3
HH019956,HNW,0.0,desarrollo,1,0,4,4,2
HH019957,HNW,0.0,desarrollo,1,4,3,3,4
HH019958,HNW,1.0,desarrollo,0,3,4,2,4
HH019959,HNW,0.0,desarrollo,0,1,0,4,4
HH019960,HNW,0.0,holdout,,,,,
HH019961,HNW,0.0,holdout,,,,,
HH019962,HNW,0.0,desarrollo,2,0,2,2,1
HH019963,HNW,0.0,desarrollo,2,4,1,4,2
HH019964,HNW,0.0,holdout,,,,,
HH019965,HNW,0.0,holdout,,,,,
HH019966,HNW,1.0,desarrollo,3,0,2,0,1
HH019967,HNW,0.0,desarrollo,2,0,2,4,4
HH019968,HNW,0.0,desarrollo,0,4,2,2,3
HH019969,HNW,0.0,desarrollo,2,3,3,3,3
HH019970,HNW,0.0,desarrollo,4,4,2,0,4
HH019971,HNW,0.0,desarrollo,0,2,3,4,4
HH019972,HNW,0.0,desarrollo,0,0,0,2,3
HH019973,HNW,0.0,desarrollo,3,3,3,1,4
HH019974,HNW,0.0,holdout,,,,,
HH019975,HNW,0.0,desarrollo,4,1,4,1,1
HH019976,HNW,0.0,desarrollo,4,4,0,4,4
HH019977,HNW,0.0,holdout,,,,,
HH019978,HNW,0.0,holdout,,,,,
HH019979,HNW,0.0,desarrollo,4,2,1,2,3
HH019980,HNW,0.0,holdout,,,,,
HH019981,HNW,0.0,holdout,,,,,
HH019982,HNW,0.0,desarrollo,2,4,0,1,0
HH019983,HNW,0.0,holdout,,,,,
HH019984,HNW,1.0,holdout,,,,,
HH019985,HNW,0.0,holdout,,,,,
HH019986,UHNW,0.0,desarrollo,0,0,2,4,0
HH019987,HNW,0.0,desarrollo,1,0,1,4,3
HH019988,HNW,0.0,desarrollo,0,2,3,1,1
HH019989,UHNW,0.0,desarrollo,2,0,3,1,2
HH019990,HNW,0.0,desarrollo,2,2,1,2,4
HH019991,HNW,0.0,holdout,,,,,
HH019992,HNW,0.0,desarrollo,2,1,3,2,4
HH019993,HNW,0.0,holdout,,,,,
HH019994,HNW,0.0,desarrollo,4,0,1,2,3
HH019995,HNW,0.0,desarrollo,4,3,1,4,4
HH019996,HNW,0.0,desarrollo,2,1,4,4,3
HH019997,HNW,0.0,desarrollo,2,4,1,0,1
HH019998,HNW,0.0,holdout,,,,,
HH019999,HNW,0.0,desarrollo,0,2,3,3,1
HH020000,HNW,0.0,desarrollo,2,3,1,3,2
