household_id,churn_hard_6m,churn_soft_3m,churn_any,churn_value_lost,relationship_value_t,relationship_value_t6,churn_exit_month
HH000001,0,0,0,0.00,5612490.11,7840557.82,0
HH000002,0,1,1,800564.76,1524872.49,799103.32,0
HH000003,0,0,0,0.00,14925577.57,18506039.88,0
HH000004,0,0,0,0.00,8545275.74,8767476.09,0
HH000005,0,0,0,0.00,1190964.84,1160032.29,0
HH000006,0,0,0,0.00,9672197.90,9437084.70,0
HH000007,0,0,0,0.00,1849032.42,1953659.67,0
HH000008,1,0,1,3157564.87,3230584.31,73019.44,1
HH000009,0,0,0,0.00,1844883.29,2006807.13,0
HH000010,1,0,1,1815046.93,1857424.68,42377.75,1
HH000011,0,0,0,0.00,3986817.50,4329373.36,0
HH000012,0,0,0,0.00,8213288.15,8674244.08,0
HH000013,0,0,0,0.00,7220546.77,7202486.37,0
HH000014,1,0,1,4944199.29,5067405.87,123206.58,5
HH000015,0,0,0,0.00,1576029.09,1605227.79,0
HH000016,0,0,0,0.00,10226714.20,11849514.23,0
HH000017,0,0,0,0.00,1047057.88,969556.87,0
HH000018,0,0,0,0.00,2726699.11,1933371.92,0
HH000019,0,0,0,0.00,13860751.49,13974861.12,0
HH000020,0,0,0,0.00,4781924.24,5439030.06,0
HH000021,0,0,0,0.00,6131690.87,6476621.67,0
HH000022,0,0,0,0.00,21852658.10,21461915.42,0
HH000023,0,0,0,0.00,1254359.23,1332718.34,0
HH000024,0,0,0,0.00,10642957.44,11582426.53,0
HH000025,0,1,1,7899299.75,16068439.06,8988075.82,0
HH000026,0,0,0,0.00,1911051.97,2118683.31,0
HH000027,0,0,0,0.00,3056094.32,2969200.30,0
HH000028,0,0,0,0.00,3271112.65,3416970.46,0
HH000029,0,0,0,0.00,2447775.74,2461587.98,0
HH000030,0,0,0,0.00,14597486.89,16117531.29,0
HH000031,0,0,0,0.00,3690370.58,4534484.56,0
HH000032,0,0,0,0.00,8755231.16,9922349.41,0
HH000033,0,0,0,0.00,8056219.74,7707875.00,0
HH000034,0,0,0,0.00,6707761.56,6477187.92,0
HH000035,1,0,1,12139513.23,12240891.03,101377.80,3
HH000036,0,0,0,0.00,2728780.09,3174245.58,0
HH000037,0,0,0,0.00,4526643.75,5878800.47,0
HH000038,0,0,0,0.00,5785961.04,7733095.50,0
HH000039,0,0,0,0.00,126224193.89,130251796.12,0
HH000040,0,0,0,0.00,2534451.53,2287446.04,0
HH000041,0,0,0,0.00,2444283.31,2593751.90,0
HH000042,0,1,1,2457321.56,7066696.10,4767507.85,0
HH000043,0,0,0,0.00,7937752.98,7870318.45,0
HH000044,0,0,0,0.00,2840140.85,3180684.16,0
HH000045,0,0,0,0.00,9062999.02,10239993.86,0
HH000046,0,0,0,0.00,3556745.56,4638070.63,0
HH000047,0,0,0,0.00,24503693.99,24619105.81,0
HH000048,0,0,0,0.00,10531249.13,11567248.29,0
HH000049,0,0,0,0.00,10897563.21,12021887.11,0
HH000050,0,0,0,0.00,43531735.06,47639226.83,0
HH000051,0,0,0,0.00,22136712.13,23720176.18,0
HH000052,0,1,1,2947828.26,4955559.36,2117351.68,0
HH000053,0,0,0,0.00,8061091.17,8081596.38,0
HH000054,0,0,0,0.00,15279976.33,18865372.81,0
HH000055,0,0,0,0.00,1816555.54,1974440.12,0
HH000056,0,0,0,0.00,1666958.48,1694364.20,0
HH000057,0,0,0,0.00,42333095.71,43819091.17,0
HH000058,0,1,1,794796.54,2077733.62,1275793.62,0
HH000059,0,0,0,0.00,3662346.69,3877727.15,0
HH000060,0,1,1,2635004.79,9726552.22,7376022.02,0
HH000061,0,0,0,0.00,46804377.77,58148145.89,0
HH000062,0,0,0,0.00,3992426.22,3918222.39,0
HH000063,0,0,0,0.00,9016591.59,10253837.11,0
HH000064,0,0,0,0.00,2781366.69,2834216.26,0
HH000065,0,0,0,0.00,2181957.88,2238747.90,0
HH000066,0,0,0,0.00,2229047.02,2597154.12,0
HH000067,0,0,0,0.00,15634748.17,15357182.68,0
HH000068,0,0,0,0.00,6026214.87,6353717.24,0
HH000069,0,0,0,0.00,1761308.96,1575581.99,0
HH000070,0,0,0,0.00,8511862.74,8203379.90,0
HH000071,0,1,1,1052713.23,3896479.47,3076488.70,0
HH000072,1,0,1,4572412.80,4630229.33,57816.53,3
HH000073,0,0,0,0.00,11590837.02,10056510.59,0
HH000074,0,0,0,0.00,9522189.19,9291124.78,0
HH000075,0,0,0,0.00,3278368.91,3770611.26,0
HH000076,0,0,0,0.00,1243341.85,1318956.11,0
HH000077,1,0,1,18615723.59,18864119.12,248395.53,5
HH000078,1,0,1,1033899.59,1047610.97,13711.38,2
HH000079,0,0,0,0.00,2304730.65,3100998.87,0
HH000080,0,1,1,2211745.20,10287892.17,6143326.41,0
HH000081,0,1,1,21305414.32,67415402.82,42881870.76,0
HH000082,0,0,0,0.00,3390293.74,3104976.76,0
HH000083,0,1,1,568185.78,1460095.26,998829.57,0
HH000084,0,0,0,0.00,3612319.80,4232249.15,0
HH000085,0,0,0,0.00,3924452.19,6370804.98,0
HH000086,0,1,1,4951906.35,12785347.01,9223993.09,0
HH000087,0,0,0,0.00,5774849.15,7515184.64,0
HH000088,0,0,0,0.00,5056646.07,5402779.44,0
HH000089,0,0,0,0.00,4374175.05,5366469.87,0
HH000090,0,0,0,0.00,2581638.59,2937081.84,0
HH000091,1,0,1,3870265.54,3978397.71,108132.17,1
HH000092,0,0,0,0.00,2414628.00,2413932.83,0
HH000093,0,0,0,0.00,5621635.15,8328995.38,0
HH000094,0,0,0,0.00,22104102.11,20139832.74,0
HH000095,0,1,1,3548057.01,11436499.74,8106962.63,0
HH000096,0,1,1,862117.11,3494440.54,2803624.36,0
HH000097,0,0,0,0.00,1558629.03,1094524.34,0
HH000098,0,0,0,0.00,4624047.25,4741577.07,0
HH000099,0,0,0,0.00,10156253.14,11524551.66,0
HH000100,0,0,0,0.00,2765667.78,3010390.89,0
HH000101,0,0,0,0.00,1170930.47,1206019.25,0
HH000102,0,1,1,11990401.55,21132193.54,10086348.83,0
HH000103,0,0,0,0.00,2168619.86,2203143.85,0
HH000104,0,1,1,2317222.39,4354338.16,2124963.77,0
HH000105,0,0,0,0.00,19060398.30,17962647.95,0
HH000106,0,0,0,0.00,1432270.22,1236383.83,0
HH000107,0,0,0,0.00,1468644.57,1554703.34,0
HH000108,0,0,0,0.00,2123101.70,2135880.96,0
HH000109,0,0,0,0.00,1071187.98,1086039.75,0
HH000110,0,1,1,1177524.20,2152640.18,1116087.95,0
HH000111,0,0,0,0.00,2445912.30,2078910.91,0
HH000112,0,0,0,0.00,1562364.95,1084730.37,0
HH000113,0,1,1,419587.43,1252518.26,963301.23,0
HH000114,0,1,1,1033627.34,2169676.48,987403.15,0
HH000115,0,0,0,0.00,7627658.39,8371837.44,0
HH000116,0,0,0,0.00,3618115.91,4280089.69,0
HH000117,1,0,1,4612638.50,4754409.82,141771.32,2
HH000118,0,0,0,0.00,1750841.16,1882707.73,0
HH000119,0,0,0,0.00,4845030.74,4692496.00,0
HH000120,0,0,0,0.00,9127374.53,9758922.81,0
HH000121,0,0,0,0.00,6254994.69,6353999.59,0
HH000122,0,0,0,0.00,11030812.46,12048731.82,0
HH000123,0,0,0,0.00,4565124.52,4966442.36,0
HH000124,0,0,0,0.00,33390420.64,39364209.04,0
HH000125,0,0,0,0.00,2743360.62,2990662.30,0
HH000126,0,1,1,4733110.81,13824278.73,9379621.18,0
HH000127,0,0,0,0.00,24465358.40,27374092.78,0
HH000128,0,0,0,0.00,8415622.78,12081535.77,0
HH000129,0,0,0,0.00,8929933.97,9694508.29,0
HH000130,0,0,0,0.00,16527256.92,15876384.63,0
HH000131,0,0,0,0.00,3998029.04,5292616.76,0
HH000132,0,0,0,0.00,3108265.49,6010818.38,0
HH000133,0,0,0,0.00,1970621.68,1903407.43,0
HH000134,0,0,0,0.00,7402859.31,8833477.45,0
HH000135,0,0,0,0.00,6209218.65,7320202.04,0
HH000136,0,0,0,0.00,2864948.43,2892858.48,0
HH000137,0,0,0,0.00,2941071.92,3514533.29,0
HH000138,0,0,0,0.00,3923353.60,5315713.08,0
HH000139,0,0,0,0.00,13826813.61,18306884.16,0
HH000140,0,0,0,0.00,3470071.70,4065486.12,0
HH000141,1,0,1,1794251.63,1809694.26,15442.63,1
HH000142,0,0,0,0.00,1618748.93,1788519.19,0
HH000143,0,0,0,0.00,5540849.15,5889425.14,0
HH000144,0,0,0,0.00,3707314.36,4229479.48,0
HH000145,0,0,0,0.00,23878654.78,24709630.87,0
HH000146,0,0,0,0.00,9527549.64,9436485.72,0
HH000147,0,0,0,0.00,3366703.84,2903173.88,0
HH000148,0,0,0,0.00,13281758.26,14304931.73,0
HH000149,0,0,0,0.00,14645108.14,15150157.35,0
HH000150,0,1,1,634533.80,3045566.94,3234784.74,0
HH000151,0,0,0,0.00,6029233.40,6860441.42,0
HH000152,0,0,0,0.00,1093563.32,1243680.14,0
HH000153,0,0,0,0.00,4736670.25,4452740.19,0
HH000154,0,0,0,0.00,1468591.34,1700673.70,0
HH000155,0,0,0,0.00,3817188.28,5216496.17,0
HH000156,0,0,0,0.00,6823503.39,7093097.22,0
HH000157,0,0,0,0.00,2013632.73,1792858.45,0
HH000158,0,0,0,0.00,2029961.51,2213508.01,0
HH000159,0,0,0,0.00,1952389.45,1314788.83,0
HH000160,1,0,1,4493657.53,4576500.97,82843.44,4
HH000161,0,0,0,0.00,13745541.37,15441318.89,0
HH000162,0,0,0,0.00,3777880.29,3910594.65,0
HH000163,0,0,0,0.00,2533027.82,2666813.43,0
HH000164,0,0,0,0.00,17005291.99,19018712.59,0
HH000165,0,0,0,0.00,11249409.41,10385220.40,0
HH000166,0,0,0,0.00,20783498.55,22142126.73,0
HH000167,0,0,0,0.00,21452996.83,26332186.32,0
HH000168,0,1,1,1147024.56,5226439.68,4119420.91,0
HH000169,0,0,0,0.00,20380832.45,18644681.84,0
HH000170,0,0,0,0.00,4482867.79,3616160.72,0
HH000171,0,0,0,0.00,3023557.99,2878891.05,0
HH000172,0,0,0,0.00,11459987.77,14732751.33,0
HH000173,0,0,0,0.00,12225644.40,14034110.89,0
HH000174,0,1,1,704944.46,2811113.07,2204981.38,0
HH000175,1,0,1,11336435.08,11456975.84,120540.76,4
HH000176,0,0,0,0.00,6723099.40,6950971.84,0
HH000177,0,1,1,1733794.14,7153202.26,4936220.01,0
HH000178,0,0,0,0.00,2963839.76,3228718.26,0
HH000179,0,1,1,4500965.24,9754657.74,5218104.31,0
HH000180,0,0,0,0.00,11795455.99,10042425.39,0
HH000181,0,1,1,19092048.63,54183783.17,36677010.72,0
HH000182,1,0,1,1581081.28,1586586.74,5505.46,4
HH000183,0,0,0,0.00,4689407.93,4847905.01,0
HH000184,0,0,0,0.00,5805258.49,8387551.32,0
HH000185,0,0,0,0.00,26951057.83,29052533.02,0
HH000186,0,0,0,0.00,3002958.39,3917939.43,0
HH000187,0,0,0,0.00,2367485.42,2294512.17,0
HH000188,0,0,0,0.00,6310412.09,6561025.98,0
HH000189,0,0,0,0.00,7683307.93,8510103.41,0
HH000190,0,0,0,0.00,2114584.18,2451268.65,0
HH000191,0,0,0,0.00,21195183.80,23085086.46,0
HH000192,0,0,0,0.00,42008753.07,38669145.88,0
HH000193,,,,,2381645.97,2787935.16,0
HH000194,0,0,0,0.00,7394054.04,6467928.06,0
HH000195,0,0,0,0.00,13762237.04,17609852.67,0
HH000196,0,0,0,0.00,3152364.50,3533274.17,0
HH000197,0,0,0,0.00,4874905.13,4550833.94,0
HH000198,0,1,1,1494023.28,5129048.93,5158575.34,0
HH000199,0,0,0,0.00,2513713.23,2291158.45,0
HH000200,0,0,0,0.00,1424978.26,2146471.43,0
HH000201,0,0,0,0.00,12287955.02,12540200.15,0
HH000202,0,0,0,0.00,1660143.62,1891163.29,0
HH000203,0,0,0,0.00,6255704.78,6559176.57,0
HH000204,0,0,0,0.00,16544248.17,18750493.83,0
HH000205,0,0,0,0.00,44786198.37,47039082.55,0
HH000206,0,0,0,0.00,3989393.74,4343636.03,0
HH000207,1,0,1,1969469.03,2016312.95,46843.92,2
HH000208,0,0,0,0.00,1684270.10,1905300.56,0
HH000209,0,0,0,0.00,2741790.88,2934024.90,0
HH000210,0,0,0,0.00,1734184.32,2717214.12,0
HH000211,0,0,0,0.00,4169532.47,4339411.01,0
HH000212,0,0,0,0.00,2082448.84,2806666.74,0
HH000213,0,1,1,1045720.56,3495080.24,2363671.28,0
HH000214,1,0,1,3490649.80,3529260.62,38610.82,3
HH000215,0,0,0,0.00,2535885.91,2179286.47,0
HH000216,0,0,0,0.00,3050656.05,2823454.08,0
HH000217,0,0,0,0.00,2696598.50,3275584.45,0
HH000218,0,0,0,0.00,1667661.68,2024853.75,0
HH000219,0,1,1,1021729.67,1755743.21,832177.09,0
HH000220,0,0,0,0.00,5317251.44,5939551.87,0
HH000221,0,0,0,0.00,9846206.49,11431047.65,0
HH000222,0,1,1,958764.54,1891879.32,900460.29,0
HH000223,0,0,0,0.00,2508405.00,2459503.77,0
HH000224,0,0,0,0.00,4398614.60,4177582.67,0
HH000225,1,0,1,3241517.95,3290173.44,48655.49,6
HH000226,0,1,1,461484.87,1624866.77,1310093.98,0
HH000227,0,1,1,5701071.84,11682380.09,6749665.66,0
HH000228,0,0,0,0.00,3348846.53,3622743.36,0
HH000229,0,0,0,0.00,7507084.48,9553928.09,0
HH000230,0,0,0,0.00,3604151.82,4425848.98,0
HH000231,0,0,0,0.00,25289082.44,29346491.65,0
HH000232,0,0,0,0.00,1695176.64,2021138.45,0
HH000233,0,0,0,0.00,69820435.96,68825495.48,0
HH000234,0,0,0,0.00,5749788.95,6049897.59,0
HH000235,0,0,0,0.00,1189398.56,1252978.21,0
HH000236,0,0,0,0.00,4357893.46,4446187.40,0
HH000237,0,0,0,0.00,5054273.56,4906465.98,0
HH000238,0,1,1,11088783.19,38798969.82,41161516.21,0
HH000239,0,0,0,0.00,2227379.58,2194012.39,0
HH000240,0,0,0,0.00,5275196.44,7431621.93,0
HH000241,0,0,0,0.00,4708737.38,4596325.68,0
HH000242,1,0,1,1238729.86,1250731.53,12001.67,1
HH000243,0,0,0,0.00,8812965.00,8935398.64,0
HH000244,0,0,0,0.00,1819273.61,1992284.56,0
HH000245,0,0,0,0.00,4341409.92,3329275.35,0
HH000246,0,0,0,0.00,1645328.89,1683668.91,0
HH000247,0,1,1,507264.06,2070032.99,1686653.83,0
HH000248,0,1,1,12830364.41,38872776.95,24887263.61,0
HH000249,0,0,0,0.00,6974247.28,8210494.34,0
HH000250,0,0,0,0.00,3429482.05,4008888.08,0
HH000251,0,1,1,975359.93,2035438.05,1143437.39,0
HH000252,0,0,0,0.00,6836415.13,7771532.09,0
HH000253,0,0,0,0.00,10195949.91,7491064.42,0
HH000254,0,1,1,606507.58,1452066.57,764173.90,0
HH000255,0,0,0,0.00,22427340.97,25792881.19,0
HH000256,0,0,0,0.00,1652888.47,1871442.32,0
HH000257,0,0,0,0.00,5211177.18,5909926.90,0
HH000258,0,0,0,0.00,4124547.88,5404575.87,0
HH000259,0,0,0,0.00,15238795.49,16175931.29,0
HH000260,0,0,0,0.00,2021131.05,2112644.64,0
HH000261,0,1,1,4427665.17,7992062.35,3641867.14,0
HH000262,0,0,0,0.00,5326163.74,5975971.58,0
HH000263,0,0,0,0.00,1875466.29,2480211.24,0
HH000264,0,0,0,0.00,4585859.50,5248943.52,0
HH000265,0,0,0,0.00,3232682.71,3772441.85,0
HH000266,0,0,0,0.00,10130007.43,8782287.30,0
HH000267,0,0,0,0.00,10243712.02,10337303.64,0
HH000268,0,0,0,0.00,3430530.90,4571290.20,0
HH000269,0,0,0,0.00,12837131.41,13596472.43,0
HH000270,0,0,0,0.00,1337091.80,1182721.73,0
HH000271,0,0,0,0.00,3391631.03,3824983.67,0
HH000272,0,0,0,0.00,3421166.68,3987816.06,0
HH000273,0,1,1,923865.01,2856990.53,1479659.75,0
HH000274,0,0,0,0.00,3402811.93,3860152.86,0
HH000275,0,0,0,0.00,2418031.78,2693033.67,0
HH000276,0,0,0,0.00,1899998.57,1802618.60,0
HH000277,0,1,1,1240776.82,3574797.37,2161622.02,0
HH000278,,,,,7689130.69,5776730.28,0
HH000279,1,0,1,3876623.83,3878513.90,1890.07,6
HH000280,0,0,0,0.00,12409583.53,14351264.83,0
HH000281,0,0,0,0.00,8120795.74,9023514.19,0
HH000282,0,1,1,537146.58,2417291.06,2182765.31,0
HH000283,0,0,0,0.00,23401473.63,25867066.13,0
HH000284,0,0,0,0.00,2718037.88,2690481.92,0
HH000285,0,0,0,0.00,5637579.51,6337402.14,0
HH000286,0,0,0,0.00,129594757.87,141762867.23,0
HH000287,0,0,0,0.00,1367147.66,1145364.98,0
HH000288,0,1,1,1208959.88,3453401.07,2802461.17,0
HH000289,0,0,0,0.00,4760761.30,4901803.45,0
HH000290,0,0,0,0.00,12301578.24,13132874.20,0
HH000291,0,0,0,0.00,13827485.30,12988290.77,0
HH000292,,,,,7051111.64,7465463.67,0
HH000293,0,1,1,7446423.35,14502336.51,8008026.92,0
HH000294,0,1,1,4336959.11,14998698.80,11514000.33,0
HH000295,0,0,0,0.00,1542469.94,1848360.25,0
HH000296,0,0,0,0.00,9725888.60,10919437.73,0
HH000297,0,1,1,1773070.82,5286472.23,2728978.20,0
HH000298,0,0,0,0.00,1966047.54,1904892.43,0
HH000299,0,1,1,619652.47,1049390.43,521639.93,0
HH000300,0,1,1,6571055.96,13349734.21,7740210.60,0
HH000301,1,0,1,5528777.75,5651365.82,122588.07,1
HH000302,0,1,1,1761304.01,4692795.45,3074116.00,0
HH000303,0,0,0,0.00,22182185.68,23193645.58,0
HH000304,0,0,0,0.00,53260855.64,71687190.78,0
HH000305,0,0,0,0.00,28350949.68,31059474.87,0
HH000306,1,0,1,9005725.78,9138598.58,132872.80,2
HH000307,0,0,0,0.00,13653350.58,13799160.18,0
HH000308,0,0,0,0.00,1816514.30,1650591.10,0
HH000309,0,0,0,0.00,2385434.95,2349527.10,0
HH000310,0,1,1,2779686.48,6337717.88,3279789.52,0
HH000311,0,0,0,0.00,1329227.50,1635537.81,0
HH000312,0,0,0,0.00,9490220.59,10588521.65,0
HH000313,0,0,0,0.00,3513535.12,3949936.54,0
HH000314,0,0,0,0.00,4440362.88,4601537.46,0
HH000315,0,0,0,0.00,1933497.92,2300239.62,0
HH000316,0,1,1,897795.92,2362740.69,1551367.56,0
HH000317,0,0,0,0.00,5876577.65,3826062.61,0
HH000318,1,0,1,2482935.72,2517575.86,34640.14,5
HH000319,0,0,0,0.00,3669931.20,4429565.89,0
HH000320,0,0,0,0.00,1261718.12,1935118.96,0
HH000321,0,1,1,4138451.02,8574784.12,4508993.00,0
HH000322,0,0,0,0.00,2406568.07,2374925.21,0
HH000323,0,0,0,0.00,6242984.35,9202480.20,0
HH000324,0,0,0,0.00,5948186.06,5243418.02,0
HH000325,1,0,1,5519188.63,5544986.77,25798.14,3
HH000326,0,1,1,654579.97,2609123.10,1827247.52,0
HH000327,0,0,0,0.00,1808011.75,2798816.48,0
HH000328,0,0,0,0.00,12799851.96,18149901.48,0
HH000329,0,0,0,0.00,2240180.86,2390311.94,0
HH000330,0,0,0,0.00,1293532.11,1295273.30,0
HH000331,0,0,0,0.00,7810306.20,8111629.15,0
HH000332,0,0,0,0.00,2141226.35,2522734.53,0
HH000333,0,0,0,0.00,1467297.46,1564007.06,0
HH000334,0,0,0,0.00,4376066.13,4761979.48,0
HH000335,0,0,0,0.00,4439381.97,4826665.69,0
HH000336,1,0,1,44149244.99,44748443.23,599198.24,3
HH000337,0,0,0,0.00,5498559.94,4858174.44,0
HH000338,0,0,0,0.00,45582524.44,56012013.53,0
HH000339,0,0,0,0.00,2948113.03,2913777.35,0
HH000340,1,0,1,4835747.66,4906589.43,70841.77,6
HH000341,0,0,0,0.00,32880950.13,45799281.12,0
HH000342,0,0,0,0.00,3302696.53,3472883.98,0
HH000343,0,1,1,3055076.80,5185198.52,2428234.75,0
HH000344,0,1,1,1255091.57,2847108.22,1752238.79,0
HH000345,0,0,0,0.00,1729849.57,2050261.41,0
HH000346,0,0,0,0.00,18586814.91,16881715.90,0
HH000347,0,0,0,0.00,12893679.25,13332706.23,0
HH000348,0,0,0,0.00,2171796.90,2425781.33,0
HH000349,0,0,0,0.00,5455031.63,5493599.98,0
HH000350,0,0,0,0.00,6869307.50,7990411.78,0
HH000351,0,0,0,0.00,11472446.51,11512738.64,0
HH000352,0,0,0,0.00,1844049.73,1751034.73,0
HH000353,0,0,0,0.00,2332556.31,2023719.74,0
HH000354,0,0,0,0.00,3218388.31,3658089.15,0
HH000355,0,0,0,0.00,3255130.77,3428023.32,0
HH000356,0,0,0,0.00,2753111.45,2574183.16,0
HH000357,0,0,0,0.00,2896409.35,3675283.04,0
HH000358,0,0,0,0.00,2168772.79,1946624.76,0
HH000359,0,1,1,445990.36,1176774.64,847967.03,0
HH000360,0,0,0,0.00,1356373.88,1549010.25,0
HH000361,0,0,0,0.00,3930653.05,4405481.56,0
HH000362,0,0,0,0.00,10245936.29,11254451.99,0
HH000363,1,0,1,2218680.65,2278867.51,60186.86,1
HH000364,0,0,0,0.00,7393170.53,8269868.69,0
HH000365,0,1,1,3030496.54,7222874.09,4930745.67,0
HH000366,0,0,0,0.00,3451345.90,4078055.39,0
HH000367,0,0,0,0.00,10129283.34,10158125.91,0
HH000368,0,0,0,0.00,13092920.86,12069925.50,0
HH000369,0,0,0,0.00,56772156.70,57567537.31,0
HH000370,0,0,0,0.00,1978262.13,2361460.71,0
HH000371,0,0,0,0.00,1769008.03,1746982.23,0
HH000372,0,0,0,0.00,1727401.27,1638796.18,0
HH000373,0,0,0,0.00,3995835.30,4050629.35,0
HH000374,1,0,1,3769317.61,3788897.78,19580.17,4
HH000375,0,0,0,0.00,7730192.58,7905091.69,0
HH000376,0,0,0,0.00,16534907.17,15076639.65,0
HH000377,0,0,0,0.00,3990360.27,4516910.90,0
HH000378,0,0,0,0.00,6290363.42,5949631.14,0
HH000379,0,0,0,0.00,3645767.72,4222102.82,0
HH000380,0,0,0,0.00,1559156.61,1627246.23,0
HH000381,0,0,0,0.00,4626502.74,5063903.79,0
HH000382,0,1,1,1957295.28,6893894.89,5540143.66,0
HH000383,0,0,0,0.00,23138198.76,29572371.75,0
HH000384,0,0,0,0.00,12745358.11,12633086.42,0
HH000385,0,0,0,0.00,21394406.33,22233642.78,0
HH000386,0,0,0,0.00,4958444.78,6196700.81,0
HH000387,0,0,0,0.00,2655803.68,2591238.31,0
HH000388,0,0,0,0.00,3634610.20,4789874.66,0
HH000389,0,0,0,0.00,5892187.00,6571931.28,0
HH000390,0,0,0,0.00,3740715.17,4635540.96,0
HH000391,0,1,1,289163.09,1294350.40,1279136.79,0
HH000392,0,0,0,0.00,1549820.71,1291091.45,0
HH000393,0,0,0,0.00,11869338.12,14123072.17,0
HH000394,0,0,0,0.00,4760390.88,6672192.06,0
HH000395,0,0,0,0.00,10410823.09,10921416.27,0
HH000396,0,0,0,0.00,48031297.35,44390837.53,0
HH000397,0,0,0,0.00,2918813.53,3485556.63,0
HH000398,0,0,0,0.00,6129135.14,6239843.74,0
HH000399,0,0,0,0.00,1568263.71,1544603.74,0
HH000400,0,0,0,0.00,4560018.53,7210500.79,0
HH000401,0,0,0,0.00,3711581.06,4129214.12,0
HH000402,1,0,1,3679915.08,3702941.59,23026.51,4
HH000403,0,0,0,0.00,6962624.51,8531390.08,0
HH000404,1,0,1,7437034.40,7489543.11,52508.71,3
HH000405,0,0,0,0.00,4814387.48,4620736.29,0
HH000406,0,0,0,0.00,3510691.33,3279319.46,0
HH000407,0,0,0,0.00,1741571.32,1460719.22,0
HH000408,0,0,0,0.00,24253622.64,23173978.34,0
HH000409,0,0,0,0.00,4368303.59,5284646.70,0
HH000410,0,0,0,0.00,3931657.32,4123566.48,0
HH000411,0,0,0,0.00,3427442.15,3541580.32,0
HH000412,0,0,0,0.00,15412244.40,15749653.42,0
HH000413,0,0,0,0.00,9283025.17,10123646.60,0
HH000414,1,0,1,7415370.39,7508063.04,92692.65,5
HH000415,0,0,0,0.00,3266954.99,3165710.82,0
HH000416,0,0,0,0.00,1326751.24,1207424.62,0
HH000417,0,1,1,290990.31,1184362.63,943561.83,0
HH000418,0,0,0,0.00,6972383.15,7073534.22,0
HH000419,1,0,1,6823805.20,6886200.54,62395.34,1
HH000420,0,0,0,0.00,2105001.66,2172108.35,0
HH000421,0,0,0,0.00,1019876.06,1047065.62,0
HH000422,0,0,0,0.00,1671529.99,1531726.28,0
HH000423,0,0,0,0.00,4046956.16,3793229.86,0
HH000424,0,0,0,0.00,3905716.00,4116568.90,0
HH000425,0,0,0,0.00,6595130.05,5996668.29,0
HH000426,0,0,0,0.00,5378919.76,6616048.72,0
HH000427,0,0,0,0.00,2976901.57,4510529.25,0
HH000428,0,0,0,0.00,2253229.44,2317770.15,0
HH000429,0,0,0,0.00,1687525.99,2043138.24,0
HH000430,0,0,0,0.00,1791875.08,1840124.18,0
HH000431,0,0,0,0.00,5808648.76,5965284.00,0
HH000432,1,0,1,1762029.81,1786542.74,24512.93,5
HH000433,0,1,1,2042405.82,3723747.82,1670112.49,0
HH000434,0,1,1,547026.24,1160836.81,771165.46,0
HH000435,0,0,0,0.00,4198642.10,4873677.75,0
HH000436,0,0,0,0.00,2911727.82,3002069.93,0
HH000437,0,0,0,0.00,21926568.80,20042730.41,0
HH000438,0,0,0,0.00,6845521.37,7269209.09,0
HH000439,0,0,0,0.00,4653921.23,4215424.85,0
HH000440,0,0,0,0.00,1508322.50,1161969.66,0
HH000441,0,0,0,0.00,8563530.83,8976098.81,0
HH000442,1,0,1,10410501.45,10684643.71,274142.26,4
HH000443,0,0,0,0.00,9945159.62,8083712.12,0
HH000444,0,0,0,0.00,39847635.22,42538923.50,0
HH000445,0,0,0,0.00,4078573.88,4021113.13,0
HH000446,0,0,0,0.00,3297075.45,4137916.21,0
HH000447,0,1,1,1655055.99,6768378.25,4937534.69,0
HH000448,0,0,0,0.00,3356860.53,3948059.68,0
HH000449,0,0,0,0.00,15163257.27,19456078.32,0
HH000450,0,0,0,0.00,4683677.79,4878241.41,0
HH000451,0,0,0,0.00,6967057.42,8539613.05,0
HH000452,0,0,0,0.00,1502072.64,1129822.70,0
HH000453,0,0,0,0.00,2895079.09,2990362.46,0
HH000454,0,1,1,1382814.70,5096774.78,3855108.01,0
HH000455,0,0,0,0.00,101221951.07,109095836.11,0
HH000456,0,0,0,0.00,18573181.32,18291319.96,0
HH000457,0,0,0,0.00,6136906.54,5843002.46,0
HH000458,0,1,1,1496299.41,2555227.15,1593675.89,0
HH000459,0,0,0,0.00,18716480.45,16407758.95,0
HH000460,0,0,0,0.00,23013553.78,24566672.75,0
HH000461,0,0,0,0.00,5633185.06,5554935.74,0
HH000462,0,0,0,0.00,1349682.48,1425975.57,0
HH000463,0,0,0,0.00,22432269.14,23751639.26,0
HH000464,0,0,0,0.00,38494854.11,47994751.90,0
HH000465,1,0,1,20549288.47,20793568.87,244280.40,3
HH000466,0,0,0,0.00,1837868.91,2193986.44,0
HH000467,0,0,0,0.00,4066896.65,3683765.37,0
HH000468,1,0,1,1699481.94,1702452.59,2970.65,6
HH000469,0,0,0,0.00,5003049.39,5273979.84,0
HH000470,0,0,0,0.00,8585766.40,9679445.52,0
HH000471,0,1,1,826343.94,2174574.33,1471925.58,0
HH000472,0,0,0,0.00,1132945.27,1256598.36,0
HH000473,,,,,6986210.38,8916813.57,0
HH000474,0,0,0,0.00,2103496.50,2447130.98,0
HH000475,0,0,0,0.00,1603374.25,1821834.96,0
HH000476,0,0,0,0.00,7564509.69,8764246.91,0
HH000477,0,0,0,0.00,3368217.18,4061990.48,0
HH000478,0,0,0,0.00,174287937.51,169076732.72,0
HH000479,0,0,0,0.00,4931285.61,6696397.43,0
HH000480,0,1,1,1441872.80,2468492.22,1049510.09,0
HH000481,0,0,0,0.00,1352672.79,1752961.88,0
HH000482,0,0,0,0.00,23507129.70,16884768.26,0
HH000483,0,0,0,0.00,7659526.45,8283596.89,0
HH000484,0,0,0,0.00,1143171.67,1247869.19,0
HH000485,0,1,1,1672462.25,4139379.88,2637647.23,0
HH000486,0,0,0,0.00,3996650.14,2959578.45,0
HH000487,1,0,1,1447190.33,1484360.45,37170.12,5
HH000488,0,0,0,0.00,1545956.31,1566667.49,0
HH000489,0,0,0,0.00,7325310.78,7180498.44,0
HH000490,0,0,0,0.00,7814639.69,8369247.64,0
HH000491,,,,,1757825.12,1735054.88,0
HH000492,0,0,0,0.00,2726943.19,2632810.85,0
HH000493,0,0,0,0.00,6858965.94,7413297.72,0
HH000494,0,0,0,0.00,23909798.64,25710160.56,0
HH000495,0,0,0,0.00,9551596.94,11298319.12,0
HH000496,0,0,0,0.00,3058543.08,3457829.31,0
HH000497,0,0,0,0.00,1568059.29,1918887.71,0
HH000498,0,0,0,0.00,3942209.34,3145117.95,0
HH000499,0,0,0,0.00,6695736.05,6999933.54,0
HH000500,0,0,0,0.00,9391296.07,9654058.87,0
HH000501,0,0,0,0.00,25760554.46,28199880.85,0
HH000502,0,0,0,0.00,3572572.51,3910874.24,0
HH000503,1,0,1,4476850.99,4544486.34,67635.35,1
HH000504,0,0,0,0.00,27436347.57,35401187.38,0
HH000505,0,0,0,0.00,2473989.71,2589231.93,0
HH000506,0,1,1,2898870.38,10427233.59,8064102.49,0
HH000507,1,0,1,2692182.18,2752274.94,60092.76,3
HH000508,0,0,0,0.00,12664624.29,13260804.33,0
HH000509,0,1,1,1312633.47,3470648.71,2573474.34,0
HH000510,0,0,0,0.00,3540385.86,4186683.89,0
HH000511,0,1,1,760020.97,1467079.91,753360.20,0
HH000512,0,1,1,402835.39,1005331.48,660823.62,0
HH000513,0,0,0,0.00,2832521.57,2833880.48,0
HH000514,0,0,0,0.00,2508358.70,3007506.59,0
HH000515,0,0,0,0.00,3770084.63,4235043.31,0
HH000516,0,0,0,0.00,5204435.02,6589129.27,0
HH000517,0,0,0,0.00,9442426.57,11126897.84,0
HH000518,0,0,0,0.00,11837461.17,12973067.71,0
HH000519,0,0,0,0.00,8212740.66,8516116.39,0
HH000520,0,0,0,0.00,5621103.75,6454895.94,0
HH000521,0,1,1,674291.08,2806399.83,2077330.08,0
HH000522,0,0,0,0.00,1790883.06,1911788.95,0
HH000523,0,0,0,0.00,3380830.18,3783042.29,0
HH000524,0,0,0,0.00,1902036.53,1815791.96,0
HH000525,0,0,0,0.00,2401849.78,2418753.33,0
HH000526,0,0,0,0.00,5930043.16,5514344.28,0
HH000527,0,1,1,4259355.60,8926583.16,5579275.65,0
HH000528,0,0,0,0.00,4693303.97,5035557.92,0
HH000529,0,1,1,1624575.59,3588004.57,2602124.11,0
HH000530,0,0,0,0.00,1055775.55,1060967.56,0
HH000531,1,0,1,4748166.31,4752685.14,4518.83,2
HH000532,0,0,0,0.00,1238072.71,1397141.23,0
HH000533,0,0,0,0.00,3854650.01,4326919.43,0
HH000534,0,0,0,0.00,4196293.38,4373189.45,0
HH000535,0,0,0,0.00,3433910.03,3899526.27,0
HH000536,0,0,0,0.00,18093420.81,23669138.94,0
HH000537,0,0,0,0.00,3391586.40,4739340.97,0
HH000538,0,0,0,0.00,8776873.13,9294068.69,0
HH000539,0,0,0,0.00,29044065.88,32032001.54,0
HH000540,0,0,0,0.00,8819477.23,9497844.75,0
HH000541,0,0,0,0.00,87511974.90,106736326.70,0
HH000542,0,1,1,1848171.81,4326301.92,2676133.03,0
HH000543,,,,,3930587.31,3948924.19,0
HH000544,0,0,0,0.00,14395611.01,12467522.75,0
HH000545,0,0,0,0.00,67063868.44,75683452.84,0
HH000546,0,0,0,0.00,6883139.16,8203047.09,0
HH000547,0,0,0,0.00,4235932.56,4221926.09,0
HH000548,0,0,0,0.00,5289089.76,6120133.81,0
HH000549,1,0,1,8533332.76,8694169.49,160836.73,4
HH000550,0,0,0,0.00,31117865.26,31645782.02,0
HH000551,0,0,0,0.00,1326384.17,1439695.99,0
HH000552,0,0,0,0.00,1542405.67,1471754.03,0
HH000553,0,0,0,0.00,8634807.50,10138239.68,0
HH000554,0,0,0,0.00,3135398.41,3339216.64,0
HH000555,0,0,0,0.00,1513443.76,1662037.85,0
HH000556,0,0,0,0.00,4636497.64,5318965.27,0
HH000557,0,0,0,0.00,8870170.77,8372104.84,0
HH000558,0,0,0,0.00,2157436.63,2160006.33,0
HH000559,0,0,0,0.00,16905198.57,15328625.10,0
HH000560,0,0,0,0.00,7753547.38,8290795.67,0
HH000561,0,0,0,0.00,3957172.52,4915208.71,0
HH000562,0,0,0,0.00,16117658.61,19576983.08,0
HH000563,0,0,0,0.00,6455612.02,8067280.40,0
HH000564,1,0,1,9956562.16,10009101.77,52539.61,1
HH000565,0,0,0,0.00,15386121.33,19107358.09,0
HH000566,1,0,1,1995828.09,2052968.04,57139.95,1
HH000567,1,0,1,3565945.80,3583209.12,17263.32,5
HH000568,0,0,0,0.00,3151937.68,3963567.23,0
HH000569,0,0,0,0.00,7400001.12,7250777.84,0
HH000570,0,0,0,0.00,10046179.54,13251376.64,0
HH000571,0,0,0,0.00,2089288.43,2145884.93,0
HH000572,0,0,0,0.00,1184001.02,1080125.90,0
HH000573,0,0,0,0.00,4841189.27,5729290.37,0
HH000574,0,0,0,0.00,1837189.65,1968317.80,0
HH000575,0,0,0,0.00,1376761.02,1607079.78,0
HH000576,0,0,0,0.00,5150041.61,5134106.94,0
HH000577,1,0,1,1508085.68,1526272.20,18186.52,5
HH000578,0,0,0,0.00,6802736.05,6884666.27,0
HH000579,0,0,0,0.00,14350124.72,13156042.42,0
HH000580,0,1,1,5112342.49,21171137.87,18278738.59,0
HH000581,0,1,1,1566385.81,3346040.67,2010997.09,0
HH000582,0,0,0,0.00,2155485.57,2444230.47,0
HH000583,0,0,0,0.00,9256215.22,10506841.50,0
HH000584,0,0,0,0.00,2861049.84,2926266.25,0
HH000585,0,0,0,0.00,4715895.96,5500323.53,0
HH000586,0,0,0,0.00,2237571.77,2489994.81,0
HH000587,0,0,0,0.00,5598874.94,5828926.35,0
HH000588,0,1,1,4874827.04,16674934.06,14306755.99,0
HH000589,0,0,0,0.00,6741825.36,7126493.09,0
HH000590,0,1,1,705049.99,2720083.31,2890717.06,0
HH000591,0,0,0,0.00,13656648.68,15326810.21,0
HH000592,0,0,0,0.00,2927580.11,3090866.32,0
HH000593,0,0,0,0.00,1353681.46,1556413.64,0
HH000594,0,1,1,824288.93,1344293.50,612870.92,0
HH000595,0,0,0,0.00,18361288.55,25313252.27,0
HH000596,0,0,0,0.00,2405855.01,2596101.39,0
HH000597,0,0,0,0.00,4443822.65,5616125.10,0
HH000598,0,1,1,3329251.68,9537870.27,4224991.96,0
HH000599,0,0,0,0.00,11960124.86,12749736.85,0
HH000600,0,0,0,0.00,3100816.60,3471415.51,0
HH000601,0,0,0,0.00,1068028.27,1087002.47,0
HH000602,0,0,0,0.00,5448940.27,5288413.45,0
HH000603,0,0,0,0.00,3685057.56,3544657.42,0
HH000604,0,0,0,0.00,64200481.22,66283871.76,0
HH000605,0,0,0,0.00,2236959.14,2199719.01,0
HH000606,0,0,0,0.00,70654236.23,48675146.53,0
HH000607,0,0,0,0.00,31188320.32,39379838.13,0
HH000608,0,0,0,0.00,4329881.45,4979659.67,0
HH000609,0,0,0,0.00,14782646.93,13217181.11,0
HH000610,0,1,1,9715606.40,20995702.80,11982120.14,0
HH000611,0,0,0,0.00,11951532.22,13761927.72,0
HH000612,0,0,0,0.00,2921188.08,3075370.62,0
HH000613,0,0,0,0.00,1891502.31,2541543.46,0
HH000614,0,0,0,0.00,8509263.57,8456434.93,0
HH000615,0,0,0,0.00,7468287.58,7827104.71,0
HH000616,0,0,0,0.00,2328298.33,2586500.48,0
HH000617,0,0,0,0.00,3684433.21,3749318.46,0
HH000618,0,0,0,0.00,13403233.89,14743478.69,0
HH000619,0,0,0,0.00,5190809.99,4835581.28,0
HH000620,0,0,0,0.00,10604307.93,10962237.38,0
HH000621,1,0,1,7496380.77,7557617.79,61237.02,2
HH000622,0,0,0,0.00,1175453.79,1332146.29,0
HH000623,0,0,0,0.00,1695267.63,2722766.44,0
HH000624,0,0,0,0.00,7167790.31,7617911.69,0
HH000625,0,0,0,0.00,4463289.25,6404716.04,0
HH000626,0,1,1,2828214.34,14064408.86,13018832.02,0
HH000627,0,0,0,0.00,5463627.10,4931425.05,0
HH000628,0,1,1,2229958.59,5608353.78,3252442.86,0
HH000629,0,1,1,2125434.42,5260890.98,3446961.56,0
HH000630,0,0,0,0.00,1707529.25,2055393.43,0
HH000631,0,0,0,0.00,1105563.37,1443192.17,0
HH000632,0,0,0,0.00,2444214.38,1595955.36,0
HH000633,0,1,1,3029157.98,6671876.14,3878585.79,0
HH000634,0,0,0,0.00,14602418.90,14555793.51,0
HH000635,0,0,0,0.00,3163972.92,3447287.80,0
HH000636,0,0,0,0.00,20167177.00,23614662.70,0
HH000637,0,0,0,0.00,2035896.35,1960299.89,0
HH000638,0,0,0,0.00,4107270.70,4369093.66,0
HH000639,0,0,0,0.00,15063648.72,15889638.59,0
HH000640,0,0,0,0.00,1491427.02,1614886.45,0
HH000641,0,0,0,0.00,1977759.52,1572853.77,0
HH000642,0,0,0,0.00,3006110.06,3070591.33,0
HH000643,0,0,0,0.00,40808444.40,41230954.59,0
HH000644,0,0,0,0.00,3311685.53,3693489.56,0
HH000645,0,1,1,1708431.99,3587295.11,2112000.67,0
HH000646,0,0,0,0.00,5738677.29,7131199.91,0
HH000647,0,0,0,0.00,20894860.66,22790245.99,0
HH000648,0,0,0,0.00,1286760.46,1417940.36,0
HH000649,1,0,1,26336539.34,27097310.48,760771.14,3
HH000650,0,0,0,0.00,4123143.00,4282668.44,0
HH000651,0,0,0,0.00,1996036.41,2029207.58,0
HH000652,0,0,0,0.00,1999923.60,2597807.77,0
HH000653,0,0,0,0.00,1753237.96,2085643.85,0
HH000654,0,0,0,0.00,2696756.02,2798294.23,0
HH000655,0,0,0,0.00,126522837.06,127554577.68,0
HH000656,0,0,0,0.00,6071187.82,6245422.96,0
HH000657,0,0,0,0.00,1403419.60,1114781.61,0
HH000658,0,0,0,0.00,3245471.33,3383230.72,0
HH000659,0,0,0,0.00,6484257.49,7527572.67,0
HH000660,0,0,0,0.00,1220084.03,1461369.40,0
HH000661,0,0,0,0.00,5036028.18,5008728.17,0
HH000662,0,0,0,0.00,3786528.09,3509441.68,0
HH000663,0,0,0,0.00,1382318.94,530518.38,0
HH000664,0,0,0,0.00,1642669.10,1737635.84,0
HH000665,0,0,0,0.00,4789638.29,6807111.56,0
HH000666,0,0,0,0.00,12333555.99,13530733.44,0
HH000667,0,1,1,75482713.02,143864946.20,82346752.02,0
HH000668,0,0,0,0.00,3595952.72,4027365.73,0
HH000669,0,0,0,0.00,3601040.04,4359802.95,0
HH000670,0,0,0,0.00,5181995.22,5301645.38,0
HH000671,0,1,1,3724522.30,16545998.91,13870611.18,0
HH000672,0,0,0,0.00,1146854.32,1230908.06,0
HH000673,0,0,0,0.00,42946071.91,48198841.84,0
HH000674,0,0,0,0.00,29383907.99,33207510.47,0
HH000675,0,0,0,0.00,14235514.16,16092046.32,0
HH000676,0,0,0,0.00,8211849.96,9789066.96,0
HH000677,0,0,0,0.00,5810126.29,5722927.09,0
HH000678,0,0,0,0.00,3231556.72,3555147.82,0
HH000679,0,0,0,0.00,2087289.43,2019040.77,0
HH000680,0,0,0,0.00,4996615.87,4970886.41,0
HH000681,0,0,0,0.00,15794291.30,16870887.30,0
HH000682,0,1,1,1334172.43,3349075.65,2374391.93,0
HH000683,0,0,0,0.00,1310219.46,1223145.37,0
HH000684,0,1,1,749972.07,1262467.95,560082.08,0
HH000685,0,0,0,0.00,25812502.32,20273246.41,0
HH000686,0,0,0,0.00,1672360.44,2193075.06,0
HH000687,0,0,0,0.00,10280605.03,10262755.43,0
HH000688,0,0,0,0.00,6434754.05,6977749.00,0
HH000689,0,0,0,0.00,1785443.99,1932287.73,0
HH000690,0,0,0,0.00,3270391.96,2807831.53,0
HH000691,0,0,0,0.00,4818174.39,5365273.25,0
HH000692,,,,,4366854.30,4772237.72,0
HH000693,0,0,0,0.00,1517380.03,1349315.00,0
HH000694,1,0,1,34925109.59,35549238.52,624128.93,3
HH000695,0,0,0,0.00,1000548.11,853018.29,0
HH000696,0,0,0,0.00,1447373.96,1579307.27,0
HH000697,0,0,0,0.00,2191560.41,2203113.72,0
HH000698,0,0,0,0.00,2851751.19,2745741.65,0
HH000699,0,1,1,1063484.46,2756453.65,1858941.77,0
HH000700,0,0,0,0.00,4697551.46,4508589.08,0
HH000701,0,0,0,0.00,5152488.71,6051432.25,0
HH000702,0,0,0,0.00,22478251.46,22497037.26,0
HH000703,0,0,0,0.00,7030431.93,8969892.48,0
HH000704,0,0,0,0.00,2168798.56,2499017.37,0
HH000705,0,0,0,0.00,2216032.84,2677357.04,0
HH000706,0,0,0,0.00,2741605.19,3004652.64,0
HH000707,0,0,0,0.00,2821978.46,2699128.08,0
HH000708,0,0,0,0.00,3244181.77,2922409.48,0
HH000709,0,0,0,0.00,31399260.46,32234285.82,0
HH000710,0,0,0,0.00,2872002.08,2668359.44,0
HH000711,0,0,0,0.00,4887847.53,5770127.96,0
HH000712,0,0,0,0.00,1863469.99,2217837.70,0
HH000713,0,0,0,0.00,1280421.35,1443463.57,0
HH000714,0,0,0,0.00,2084200.09,2411871.83,0
HH000715,0,0,0,0.00,19096191.87,20654657.36,0
HH000716,0,0,0,0.00,12644276.62,12947714.29,0
HH000717,0,0,0,0.00,4031088.22,4632311.05,0
HH000718,0,0,0,0.00,8192083.71,9571495.21,0
HH000719,0,0,0,0.00,10430499.82,11564252.10,0
HH000720,0,0,0,0.00,7907084.62,8802456.31,0
HH000721,0,0,0,0.00,2562816.36,2900905.33,0
HH000722,0,0,0,0.00,8904839.55,9447305.87,0
HH000723,0,0,0,0.00,1376789.26,1438571.91,0
HH000724,0,0,0,0.00,6630188.77,7029419.45,0
HH000725,0,0,0,0.00,1121040.35,1317156.11,0
HH000726,0,0,0,0.00,6707954.50,6569905.23,0
HH000727,0,0,0,0.00,27006973.33,23836075.05,0
HH000728,0,0,0,0.00,2358710.97,2100440.26,0
HH000729,0,0,0,0.00,1341192.64,1256273.20,0
HH000730,0,0,0,0.00,2365971.40,2360620.35,0
HH000731,0,1,1,596454.95,2353538.36,1751950.81,0
HH000732,0,0,0,0.00,5513731.62,5952057.23,0
HH000733,0,0,0,0.00,41620745.82,44622115.88,0
HH000734,0,0,0,0.00,10082687.20,11456152.79,0
HH000735,0,0,0,0.00,2523239.89,2773539.08,0
HH000736,0,0,0,0.00,2427191.42,2476600.40,0
HH000737,0,1,1,719283.04,1121155.45,314554.41,0
HH000738,0,0,0,0.00,8074783.75,8155284.15,0
HH000739,0,0,0,0.00,18232216.75,20020461.92,0
HH000740,0,0,0,0.00,4091517.61,4391623.35,0
HH000741,0,0,0,0.00,8332128.77,8909155.31,0
HH000742,0,0,0,0.00,13790615.81,16221573.67,0
HH000743,0,0,0,0.00,4090901.79,4126712.29,0
HH000744,0,0,0,0.00,12948932.19,13549047.20,0
HH000745,0,0,0,0.00,5220980.63,7889478.63,0
HH000746,0,0,0,0.00,1388280.78,1551165.62,0
HH000747,0,0,0,0.00,3394781.99,9885630.47,0
HH000748,0,0,0,0.00,2075021.56,2322655.87,0
HH000749,0,0,0,0.00,7935608.79,8657959.46,0
HH000750,0,1,1,5254167.36,9676751.09,4286750.20,0
HH000751,1,0,1,12406633.91,12675321.51,268687.60,1
HH000752,0,0,0,0.00,9285538.85,9179232.24,0
HH000753,0,0,0,0.00,6707702.30,7970914.90,0
HH000754,0,0,0,0.00,2435689.14,3647238.80,0
HH000755,0,1,1,8347925.04,23703517.19,15763929.37,0
HH000756,0,0,0,0.00,1175855.04,1304884.36,0
HH000757,0,0,0,0.00,1105295.20,697265.02,0
HH000758,0,0,0,0.00,2980587.70,3352552.89,0
HH000759,0,0,0,0.00,5499488.15,5318779.91,0
HH000760,0,0,0,0.00,4236905.47,5274502.63,0
HH000761,0,0,0,0.00,7624150.38,9018138.39,0
HH000762,0,0,0,0.00,2631769.27,2982874.54,0
HH000763,0,0,0,0.00,5929827.94,6475807.22,0
HH000764,0,0,0,0.00,1762164.05,2003419.57,0
HH000765,1,0,1,9969335.17,10168406.11,199070.94,5
HH000766,0,0,0,0.00,2611730.02,2355052.97,0
HH000767,0,0,0,0.00,4409815.64,5317103.82,0
HH000768,1,0,1,7011527.78,7059244.51,47716.73,6
HH000769,0,1,1,1027074.93,3093159.23,1707554.50,0
HH000770,0,0,0,0.00,17306306.58,16108784.01,0
HH000771,0,1,1,1204081.82,4959086.65,4059401.07,0
HH000772,0,0,0,0.00,5601494.96,5921888.27,0
HH000773,0,0,0,0.00,5934229.02,5179811.17,0
HH000774,0,0,0,0.00,1547430.74,1583677.74,0
HH000775,0,0,0,0.00,18174503.34,20747256.72,0
HH000776,0,0,0,0.00,3293445.93,3694327.78,0
HH000777,,,,,8608510.18,9301911.20,0
HH000778,0,0,0,0.00,9861873.62,11693445.82,0
HH000779,0,0,0,0.00,1079488.25,928970.13,0
HH000780,0,1,1,579591.99,1220739.52,634949.94,0
HH000781,0,0,0,0.00,2253462.57,2988680.69,0
HH000782,0,0,0,0.00,10187578.66,9937037.94,0
HH000783,0,0,0,0.00,11343951.78,12244697.53,0
HH000784,0,0,0,0.00,5497383.76,6154885.23,0
HH000785,0,0,0,0.00,1266153.00,1262701.89,0
HH000786,1,0,1,12678793.41,12823165.85,144372.44,3
HH000787,0,0,0,0.00,4666479.82,5317707.30,0
HH000788,0,0,0,0.00,3383762.36,2716061.84,0
HH000789,0,0,0,0.00,2126729.44,2354516.49,0
HH000790,0,0,0,0.00,4206311.52,11964894.96,0
HH000791,0,0,0,0.00,8893149.98,8936479.74,0
HH000792,0,0,0,0.00,2802245.05,3341435.37,0
HH000793,0,0,0,0.00,1822089.15,1705477.45,0
HH000794,0,0,0,0.00,6755865.21,8090029.90,0
HH000795,0,0,0,0.00,1476377.33,1624265.97,0
HH000796,0,1,1,963967.40,3028017.31,1838261.12,0
HH000797,0,0,0,0.00,1675202.13,1802845.36,0
HH000798,0,0,0,0.00,3710732.50,3495062.62,0
HH000799,0,0,0,0.00,14789571.21,14710422.90,0
HH000800,0,0,0,0.00,2624141.48,2981545.97,0
HH000801,1,0,1,5040367.51,5077918.97,37551.46,5
HH000802,0,0,0,0.00,4545151.19,4432748.87,0
HH000803,0,0,0,0.00,2998719.86,3099615.42,0
HH000804,0,0,0,0.00,36586546.41,36253166.80,0
HH000805,0,0,0,0.00,3514310.59,3659896.25,0
HH000806,0,0,0,0.00,11372498.33,11886876.23,0
HH000807,0,0,0,0.00,1783771.99,1859767.38,0
HH000808,0,0,0,0.00,1541272.00,1885506.10,0
HH000809,0,0,0,0.00,2126881.68,2242173.86,0
HH000810,0,0,0,0.00,14390956.20,17541680.71,0
HH000811,0,0,0,0.00,5588733.87,6363679.95,0
HH000812,1,0,1,77107824.30,77501534.92,393710.62,4
HH000813,0,0,0,0.00,16078536.98,18616071.20,0
HH000814,0,0,0,0.00,1128383.02,1310649.98,0
HH000815,0,0,0,0.00,6792099.41,7049252.13,0
HH000816,,,,,2354290.99,3302860.47,0
HH000817,0,0,0,0.00,6155011.55,7051911.68,0
HH000818,1,0,1,4996848.25,5006919.08,10070.83,6
HH000819,0,0,0,0.00,1168018.81,1587646.34,0
HH000820,0,1,1,682195.56,1428258.86,1202647.84,0
HH000821,0,0,0,0.00,13133292.47,13450390.62,0
HH000822,1,0,1,1740127.43,1793276.14,53148.71,5
HH000823,0,0,0,0.00,4037268.06,4645875.69,0
HH000824,0,0,0,0.00,6995413.94,8494316.70,0
HH000825,0,0,0,0.00,4650328.48,5282056.42,0
HH000826,0,0,0,0.00,26404118.09,25493921.37,0
HH000827,0,0,0,0.00,15259485.38,18995117.62,0
HH000828,0,0,0,0.00,3386828.49,4025815.42,0
HH000829,0,0,0,0.00,7857890.23,8107416.63,0
HH000830,0,1,1,1070337.06,2327415.95,1204223.33,0
HH000831,0,0,0,0.00,6425044.40,7469765.77,0
HH000832,0,0,0,0.00,2960528.97,3128884.29,0
HH000833,0,0,0,0.00,6949735.00,7455775.70,0
HH000834,0,0,0,0.00,9947019.98,10776769.15,0
HH000835,0,0,0,0.00,4503723.08,6568586.97,0
HH000836,0,0,0,0.00,11759829.06,13124371.34,0
HH000837,0,0,0,0.00,4073768.17,4405516.22,0
HH000838,0,0,0,0.00,13079974.37,16753636.20,0
HH000839,0,0,0,0.00,2504530.74,2606441.71,0
HH000840,0,1,1,1891118.63,3429686.96,1401061.75,0
HH000841,0,0,0,0.00,7256589.65,9356676.07,0
HH000842,0,1,1,5775230.76,10534551.50,4436665.06,0
HH000843,0,0,0,0.00,1319950.43,1389103.42,0
HH000844,0,0,0,0.00,1307000.05,1903883.69,0
HH000845,0,0,0,0.00,4542721.97,3645347.30,0
HH000846,0,0,0,0.00,1433140.59,998280.96,0
HH000847,0,0,0,0.00,4125358.34,4681532.02,0
HH000848,1,0,1,29209914.61,29515968.36,306053.75,2
HH000849,0,0,0,0.00,2451313.22,3267811.97,0
HH000850,0,0,0,0.00,1025062.49,1383444.53,0
HH000851,0,0,0,0.00,2517291.24,3188750.71,0
HH000852,0,0,0,0.00,1337336.98,1297576.37,0
HH000853,0,1,1,3773601.22,9052536.66,5245551.11,0
HH000854,0,0,0,0.00,9264692.77,9297703.02,0
HH000855,0,0,0,0.00,1777743.59,1619729.23,0
HH000856,0,0,0,0.00,3907426.38,4099384.50,0
HH000857,0,0,0,0.00,4384483.64,4897531.55,0
HH000858,0,0,0,0.00,2694335.68,2459394.55,0
HH000859,0,0,0,0.00,317987638.61,351397069.26,0
HH000860,0,0,0,0.00,183224509.78,190513176.16,0
HH000861,0,0,0,0.00,2368337.48,2908916.08,0
HH000862,0,1,1,687496.41,2473223.16,2044311.59,0
HH000863,0,0,0,0.00,2350834.10,4562524.77,0
HH000864,0,0,0,0.00,1541397.02,1675162.79,0
HH000865,0,0,0,0.00,10027005.37,11332614.36,0
HH000866,0,0,0,0.00,19639321.09,19676973.55,0
HH000867,0,0,0,0.00,62997604.15,80080743.35,0
HH000868,0,0,0,0.00,10268721.93,11861286.70,0
HH000869,0,0,0,0.00,1394641.76,1412917.63,0
HH000870,0,0,0,0.00,5015721.83,7042303.65,0
HH000871,0,0,0,0.00,14323423.83,14922266.48,0
HH000872,0,0,0,0.00,6224160.30,6533287.24,0
HH000873,0,0,0,0.00,6777550.09,6435445.38,0
HH000874,0,1,1,601913.05,1285261.01,725750.98,0
HH000875,0,0,0,0.00,7170282.33,7467172.20,0
HH000876,0,0,0,0.00,23877207.53,27353084.17,0
HH000877,0,0,0,0.00,36708095.22,41682589.61,0
HH000878,0,0,0,0.00,8802881.12,9976972.45,0
HH000879,0,0,0,0.00,1935612.34,2525367.47,0
HH000880,0,0,0,0.00,1111105.66,1101216.28,0
HH000881,0,0,0,0.00,9190415.87,8429611.45,0
HH000882,0,0,0,0.00,6679782.05,7792686.19,0
HH000883,0,0,0,0.00,5485137.18,5389376.56,0
HH000884,0,0,0,0.00,2206047.45,2253702.06,0
HH000885,0,0,0,0.00,1409877.05,1760630.04,0
HH000886,0,0,0,0.00,16267594.22,17169507.85,0
HH000887,0,0,0,0.00,5364412.51,4718803.70,0
HH000888,0,1,1,2835841.61,6967219.01,4247866.83,0
HH000889,0,0,0,0.00,6173680.37,6185008.65,0
HH000890,0,0,0,0.00,8041467.38,7288213.24,0
HH000891,0,0,0,0.00,6515756.00,7511691.33,0
HH000892,0,0,0,0.00,1651176.28,1821150.91,0
HH000893,0,0,0,0.00,7636049.66,7573000.25,0
HH000894,0,0,0,0.00,27666560.27,30485559.09,0
HH000895,0,0,0,0.00,1696172.66,1545446.56,0
HH000896,0,0,0,0.00,4330987.56,4711667.75,0
HH000897,0,0,0,0.00,16687685.72,14376494.14,0
HH000898,0,0,0,0.00,7453041.74,7575583.26,0
HH000899,0,0,0,0.00,1759505.06,2092827.82,0
HH000900,0,0,0,0.00,3020738.86,3081952.52,0
HH000901,0,0,0,0.00,5771695.77,5969444.34,0
HH000902,0,0,0,0.00,8496682.38,10805681.07,0
HH000903,0,0,0,0.00,4043658.69,4023734.79,0
HH000904,0,0,0,0.00,1054155.10,1279024.58,0
HH000905,0,1,1,2097419.62,5869303.03,4085695.61,0
HH000906,0,0,0,0.00,4622694.04,4339021.85,0
HH000907,0,0,0,0.00,1367494.68,1082773.37,0
HH000908,0,0,0,0.00,9920767.15,9606159.98,0
HH000909,0,0,0,0.00,14988281.22,16846657.12,0
HH000910,0,0,0,0.00,9746312.97,10803435.35,0
HH000911,0,0,0,0.00,1560119.42,1316173.50,0
HH000912,0,0,0,0.00,2081239.38,2320095.56,0
HH000913,0,0,0,0.00,5794402.00,6929160.61,0
HH000914,0,0,0,0.00,19582504.14,20498297.54,0
HH000915,0,0,0,0.00,7570800.48,7945018.04,0
HH000916,0,0,0,0.00,4757243.85,4825635.85,0
HH000917,0,0,0,0.00,14935491.46,14697785.08,0
HH000918,,,,,2037895.76,2228844.82,0
HH000919,0,0,0,0.00,2372754.71,2841840.34,0
HH000920,0,0,0,0.00,14912739.60,18437055.90,0
HH000921,0,0,0,0.00,2226377.34,2290684.92,0
HH000922,,,,,5403976.05,7638584.80,0
HH000923,0,0,0,0.00,2880245.58,2689462.97,0
HH000924,0,0,0,0.00,4224997.42,5152204.40,0
HH000925,0,0,0,0.00,1951820.27,2011288.32,0
HH000926,0,0,0,0.00,15113998.29,14940420.88,0
HH000927,0,0,0,0.00,4098607.04,3172406.26,0
HH000928,0,0,0,0.00,1822542.72,1985400.38,0
HH000929,0,0,0,0.00,1090522.87,1189658.84,0
HH000930,0,0,0,0.00,7232636.91,9797205.69,0
HH000931,0,0,0,0.00,31038127.28,27953725.85,0
HH000932,0,0,0,0.00,2864349.53,2878747.81,0
HH000933,0,0,0,0.00,1275838.86,1811335.32,0
HH000934,0,0,0,0.00,2500746.80,2842596.53,0
HH000935,0,0,0,0.00,131749284.84,153343585.62,0
HH000936,0,0,0,0.00,9922827.75,11486324.81,0
HH000937,0,0,0,0.00,13786533.07,15967222.27,0
HH000938,0,1,1,6535627.48,20145192.42,13843723.67,0
HH000939,0,0,0,0.00,26019744.82,21855838.63,0
HH000940,0,0,0,0.00,4573952.37,4687429.03,0
HH000941,0,0,0,0.00,5372381.71,5158563.09,0
HH000942,0,0,0,0.00,2172507.04,3778122.80,0
HH000943,0,0,0,0.00,4036713.34,3958539.94,0
HH000944,0,0,0,0.00,1947653.12,2281186.44,0
HH000945,0,0,0,0.00,10126358.49,10461154.59,0
HH000946,0,0,0,0.00,11146240.83,10406156.25,0
HH000947,0,0,0,0.00,4243694.69,4148347.88,0
HH000948,0,0,0,0.00,2288695.21,2248242.43,0
HH000949,0,0,0,0.00,8112786.36,8915070.41,0
HH000950,0,0,0,0.00,4882778.62,3859053.61,0
HH000951,0,0,0,0.00,12241334.05,12922030.29,0
HH000952,0,0,0,0.00,3357348.24,3098133.22,0
HH000953,0,1,1,11698174.26,54133541.74,48091725.91,0
HH000954,0,0,0,0.00,1977367.10,3694743.48,0
HH000955,0,0,0,0.00,3610752.97,4209382.25,0
HH000956,0,0,0,0.00,1359639.01,1551896.28,0
HH000957,0,0,0,0.00,10066924.94,10291389.16,0
HH000958,0,0,0,0.00,2785908.24,2833294.23,0
HH000959,0,0,0,0.00,2113573.54,2065406.96,0
HH000960,0,0,0,0.00,1198129.20,1682566.73,0
HH000961,0,0,0,0.00,12779000.64,10778376.27,0
HH000962,0,0,0,0.00,8269193.52,9670599.51,0
HH000963,0,0,0,0.00,1598812.80,1889869.99,0
HH000964,0,0,0,0.00,3019869.20,3339576.99,0
HH000965,0,0,0,0.00,7234622.18,7605248.16,0
HH000966,0,0,0,0.00,2388757.51,2949012.99,0
HH000967,0,0,0,0.00,4394760.35,5006412.03,0
HH000968,0,0,0,0.00,31189476.08,26064811.47,0
HH000969,0,0,0,0.00,3478173.45,4166421.49,0
HH000970,0,0,0,0.00,2572290.73,2604739.60,0
HH000971,0,0,0,0.00,4140601.43,4483074.99,0
HH000972,0,0,0,0.00,12057738.32,13642401.75,0
HH000973,0,1,1,2291390.41,9605705.87,8379453.70,0
HH000974,0,0,0,0.00,7092113.40,6634740.53,0
HH000975,0,0,0,0.00,2198429.26,2347554.44,0
HH000976,0,0,0,0.00,49182801.80,56300663.90,0
HH000977,0,0,0,0.00,12950324.61,14162779.20,0
HH000978,0,0,0,0.00,6282525.67,9317349.21,0
HH000979,0,0,0,0.00,4981638.95,5689620.40,0
HH000980,1,0,1,11571589.68,11705970.59,134380.91,1
HH000981,1,0,1,5201096.40,5201805.94,709.54,3
HH000982,0,0,0,0.00,2717373.20,2872292.55,0
HH000983,0,0,0,0.00,2430471.52,2785174.56,0
HH000984,0,1,1,762300.65,3135056.58,2052946.72,0
HH000985,1,0,1,1176740.85,1198820.22,22079.37,5
HH000986,0,0,0,0.00,27485749.38,24756681.45,0
HH000987,0,0,0,0.00,2281208.72,3051216.20,0
HH000988,0,0,0,0.00,26536621.14,30302646.83,0
HH000989,0,1,1,24898233.33,54234396.11,29110526.80,0
HH000990,0,0,0,0.00,1688385.74,1853425.19,0
HH000991,0,0,0,0.00,3434951.34,4445700.16,0
HH000992,0,0,0,0.00,2640362.40,3194377.92,0
HH000993,0,0,0,0.00,4095724.40,4267368.56,0
HH000994,0,0,0,0.00,6677434.49,8181458.01,0
HH000995,0,0,0,0.00,5294594.70,4903489.26,0
HH000996,0,0,0,0.00,11482872.82,12681494.62,0
HH000997,0,0,0,0.00,5720706.19,6595258.25,0
HH000998,0,0,0,0.00,18950302.53,21069989.85,0
HH000999,0,0,0,0.00,15373244.09,17115233.35,0
HH001000,1,0,1,6034151.87,6217536.91,183385.04,6
HH001001,1,0,1,3819342.55,3856946.60,37604.05,4
HH001002,0,0,0,0.00,2392500.38,2441515.52,0
HH001003,0,0,0,0.00,5746997.54,6964520.13,0
HH001004,0,0,0,0.00,2226524.58,2354516.23,0
HH001005,0,0,0,0.00,3562601.51,3924363.10,0
HH001006,0,0,0,0.00,2246503.04,3140198.18,0
HH001007,0,0,0,0.00,11021442.77,12170114.32,0
HH001008,0,0,0,0.00,14985966.64,18011146.00,0
HH001009,0,1,1,1232878.40,3196112.00,2388230.19,0
HH001010,0,0,0,0.00,4010012.04,4669402.77,0
HH001011,0,0,0,0.00,1846640.21,1766762.03,0
HH001012,0,0,0,0.00,10957249.75,11447351.12,0
HH001013,0,0,0,0.00,1579532.81,1983999.08,0
HH001014,0,0,0,0.00,5909670.02,6655189.44,0
HH001015,1,0,1,12529229.91,12553780.34,24550.43,1
HH001016,0,0,0,0.00,1500527.83,1497129.19,0
HH001017,0,0,0,0.00,4337253.07,4559544.96,0
HH001018,0,0,0,0.00,5055431.12,5380098.55,0
HH001019,0,1,1,341826.78,1037739.25,788518.52,0
HH001020,0,0,0,0.00,2358222.63,2826984.53,0
HH001021,0,0,0,0.00,11291897.09,11954835.32,0
HH001022,0,0,0,0.00,5491227.14,4852975.19,0
HH001023,0,0,0,0.00,8820995.01,8392260.59,0
HH001024,0,0,0,0.00,1643985.77,2650083.79,0
HH001025,0,0,0,0.00,2116954.55,2326674.91,0
HH001026,0,0,0,0.00,7129524.53,7340595.49,0
HH001027,0,0,0,0.00,13849860.17,15773778.36,0
HH001028,0,0,0,0.00,6104162.38,8059528.51,0
HH001029,0,0,0,0.00,4952407.61,5516519.62,0
HH001030,1,0,1,1581233.62,1590224.11,8990.49,6
HH001031,0,0,0,0.00,8940051.66,8541824.36,0
HH001032,0,0,0,0.00,7049871.04,7161683.45,0
HH001033,0,1,1,1289102.98,5360983.05,4359136.82,0
HH001034,0,0,0,0.00,1982147.06,2057117.79,0
HH001035,1,0,1,7216375.36,7341806.75,125431.39,4
HH001036,0,0,0,0.00,3444263.56,4013049.68,0
HH001037,0,0,0,0.00,5043744.52,6492056.67,0
HH001038,0,0,0,0.00,62251087.43,62142038.57,0
HH001039,0,0,0,0.00,9944266.41,8868620.65,0
HH001040,0,0,0,0.00,4975397.72,4612954.69,0
HH001041,0,1,1,1145289.81,2157443.58,1250079.04,0
HH001042,0,0,0,0.00,19398535.77,20828219.39,0
HH001043,0,0,0,0.00,17053424.83,18117563.87,0
HH001044,0,0,0,0.00,3542638.81,3723552.09,0
HH001045,0,0,0,0.00,4536665.53,4749241.77,0
HH001046,0,0,0,0.00,3250639.76,876646.48,0
HH001047,0,0,0,0.00,3360485.24,2738964.11,0
HH001048,0,0,0,0.00,2805303.20,3043184.40,0
HH001049,0,0,0,0.00,30812752.82,36078807.19,0
HH001050,0,1,1,254896.16,1065288.00,839896.51,0
HH001051,0,0,0,0.00,10197125.49,10162872.36,0
HH001052,0,0,0,0.00,40505401.65,39865969.48,0
HH001053,0,0,0,0.00,3378575.91,3314909.17,0
HH001054,0,0,0,0.00,10892115.27,11079681.86,0
HH001055,0,0,0,0.00,28426685.08,28083798.87,0
HH001056,0,0,0,0.00,9522413.76,8991107.88,0
HH001057,0,0,0,0.00,2840032.57,3907747.18,0
HH001058,0,0,0,0.00,13797615.72,12750269.50,0
HH001059,0,0,0,0.00,10767759.30,11377311.24,0
HH001060,0,0,0,0.00,4383524.70,4447314.99,0
HH001061,0,0,0,0.00,1542559.69,1551530.37,0
HH001062,0,0,0,0.00,14220966.86,14210382.92,0
HH001063,0,0,0,0.00,4320298.90,4647603.11,0
HH001064,1,0,1,11021155.93,11047363.47,26207.54,1
HH001065,0,0,0,0.00,11929418.86,12447699.10,0
HH001066,0,0,0,0.00,1834912.47,1805730.51,0
HH001067,0,0,0,0.00,2624201.04,3073410.64,0
HH001068,0,0,0,0.00,4221537.88,4360067.91,0
HH001069,0,0,0,0.00,12217889.89,12504558.87,0
HH001070,0,1,1,2124978.80,5774359.18,3951074.50,0
HH001071,0,0,0,0.00,1603272.35,2838932.29,0
HH001072,0,0,0,0.00,14355943.22,20734410.43,0
HH001073,0,0,0,0.00,3811164.54,3301295.38,0
HH001074,0,1,1,1350290.41,4325174.58,2919788.84,0
HH001075,1,0,1,13772173.51,14156860.54,384687.03,5
HH001076,0,1,1,695017.93,3448987.80,2772705.84,0
HH001077,0,1,1,1364042.04,3032600.92,1771777.86,0
HH001078,0,1,1,6305149.29,16733216.98,11806155.52,0
HH001079,0,0,0,0.00,2303088.56,2663751.22,0
HH001080,0,1,1,2446137.06,9511770.69,8397051.07,0
HH001081,0,0,0,0.00,3113689.40,2691615.37,0
HH001082,0,0,0,0.00,2823942.89,3489533.09,0
HH001083,1,0,1,6708496.02,6798659.51,90163.49,1
HH001084,0,0,0,0.00,3782074.31,4123782.77,0
HH001085,0,0,0,0.00,1126645.01,795734.21,0
HH001086,0,0,0,0.00,13293138.76,11914605.77,0
HH001087,1,0,1,5809026.61,5920939.72,111913.11,1
HH001088,0,0,0,0.00,2135807.88,2479926.25,0
HH001089,0,1,1,1064885.16,2059616.81,1034171.42,0
HH001090,0,0,0,0.00,7171601.73,6075114.88,0
HH001091,1,0,1,11855360.61,11909115.28,53754.67,1
HH001092,0,0,0,0.00,1598474.08,1818832.46,0
HH001093,,,,,2848639.48,3154633.18,0
HH001094,0,0,0,0.00,1625863.67,1682350.60,0
HH001095,0,0,0,0.00,26302618.70,23027672.93,0
HH001096,0,0,0,0.00,4489080.79,4463238.78,0
HH001097,0,0,0,0.00,19023261.84,21338471.86,0
HH001098,0,0,0,0.00,1265958.33,1272149.80,0
HH001099,0,1,1,2330917.70,6495134.70,4305898.54,0
HH001100,0,0,0,0.00,10481832.37,11492602.86,0
HH001101,0,0,0,0.00,3065878.77,3001769.05,0
HH001102,0,0,0,0.00,3825010.52,3720438.32,0
HH001103,0,0,0,0.00,5220337.67,5198052.04,0
HH001104,0,0,0,0.00,9761543.15,9225531.46,0
HH001105,0,0,0,0.00,5983807.45,7554990.90,0
HH001106,0,1,1,3165816.36,6515740.92,3476945.64,0
HH001107,0,0,0,0.00,21148187.08,21193592.21,0
HH001108,0,0,0,0.00,7423447.88,5887609.49,0
HH001109,0,0,0,0.00,4800844.28,5093862.64,0
HH001110,0,0,0,0.00,27114085.34,31434215.75,0
HH001111,0,0,0,0.00,1048943.73,1124866.31,0
HH001112,0,0,0,0.00,2422940.09,3065508.10,0
HH001113,0,0,0,0.00,2105218.96,1949414.09,0
HH001114,0,0,0,0.00,11322024.83,13245259.47,0
HH001115,0,0,0,0.00,2707668.22,2983240.66,0
HH001116,0,0,0,0.00,5283638.73,5302378.86,0
HH001117,0,0,0,0.00,7154580.82,7303010.65,0
HH001118,0,0,0,0.00,3099936.63,3949067.39,0
HH001119,0,0,0,0.00,5758547.41,5971683.09,0
HH001120,0,0,0,0.00,4849285.04,4201729.71,0
HH001121,0,0,0,0.00,21106277.29,23674243.26,0
HH001122,0,0,0,0.00,4164000.21,4623364.94,0
HH001123,0,0,0,0.00,2954229.72,3452798.04,0
HH001124,0,0,0,0.00,2565694.32,2639702.67,0
HH001125,0,0,0,0.00,7476085.43,8152952.51,0
HH001126,0,0,0,0.00,1154400.91,1808912.60,0
HH001127,0,0,0,0.00,1273771.83,1222280.13,0
HH001128,0,0,0,0.00,16498192.06,21498447.42,0
HH001129,0,1,1,2664924.74,4408915.99,1828591.07,0
HH001130,0,0,0,0.00,7054841.61,6859234.58,0
HH001131,0,0,0,0.00,3180413.99,3727048.33,0
HH001132,0,0,0,0.00,2889008.39,4574365.59,0
HH001133,0,0,0,0.00,11600838.97,10830583.54,0
HH001134,0,0,0,0.00,2530068.44,2692091.18,0
HH001135,0,0,0,0.00,11194880.31,11742479.26,0
HH001136,0,0,0,0.00,5697401.50,6202748.41,0
HH001137,1,0,1,109648337.39,112146304.59,2497967.20,6
HH001138,0,0,0,0.00,1344340.24,1462563.92,0
HH001139,0,0,0,0.00,1989003.27,2169642.48,0
HH001140,0,0,0,0.00,3315064.45,3235179.35,0
HH001141,0,0,0,0.00,2685062.33,2077818.08,0
HH001142,1,0,1,15334724.47,15577390.13,242665.66,4
HH001143,0,0,0,0.00,1542975.12,1618551.92,0
HH001144,0,0,0,0.00,9728338.08,10809300.52,0
HH001145,1,0,1,2431715.39,2461252.85,29537.46,1
HH001146,0,0,0,0.00,1796752.95,1816439.30,0
HH001147,0,0,0,0.00,1016907.96,1369020.55,0
HH001148,1,0,1,1078399.81,1089774.75,11374.94,1
HH001149,0,0,0,0.00,3886774.25,3736598.73,0
HH001150,0,0,0,0.00,11944879.61,12435916.38,0
HH001151,0,1,1,3635915.94,6931547.96,3234238.02,0
HH001152,0,0,0,0.00,6774264.56,6980923.47,0
HH001153,1,0,1,1743776.69,1752442.47,8665.78,6
HH001154,0,0,0,0.00,10917487.10,7839481.66,0
HH001155,0,0,0,0.00,7758843.43,8965772.41,0
HH001156,0,0,0,0.00,1027582.67,1158091.26,0
HH001157,0,0,0,0.00,3021730.10,3726653.58,0
HH001158,0,0,0,0.00,3341003.91,3629846.11,0
HH001159,0,0,0,0.00,1694901.28,1595300.22,0
HH001160,0,0,0,0.00,3385257.95,3516839.58,0
HH001161,1,0,1,3103744.37,3178131.04,74386.67,4
HH001162,0,0,0,0.00,1274083.36,1605618.33,0
HH001163,0,0,0,0.00,4665576.94,5372355.15,0
HH001164,0,0,0,0.00,1605423.14,1634076.26,0
HH001165,0,0,0,0.00,2706853.10,2459186.31,0
HH001166,0,0,0,0.00,3533033.39,3954574.94,0
HH001167,0,0,0,0.00,2887654.84,2943695.65,0
HH001168,0,0,0,0.00,4848065.19,3244678.25,0
HH001169,0,0,0,0.00,1316679.10,1749107.39,0
HH001170,0,0,0,0.00,6743541.68,7652702.87,0
HH001171,0,0,0,0.00,2490091.22,3014242.89,0
HH001172,0,0,0,0.00,2885271.54,2947776.80,0
HH001173,0,0,0,0.00,2736847.76,4145456.29,0
HH001174,0,0,0,0.00,1695748.15,1590907.61,0
HH001175,0,1,1,1249355.75,2235436.20,1212213.94,0
HH001176,0,0,0,0.00,7932235.19,7660281.20,0
HH001177,0,0,0,0.00,1670805.03,1869849.20,0
HH001178,0,1,1,966023.96,2669564.32,1896184.21,0
HH001179,0,0,0,0.00,29320594.94,32172906.06,0
HH001180,0,0,0,0.00,3828297.61,3878109.11,0
HH001181,0,0,0,0.00,16410930.97,17767269.61,0
HH001182,0,0,0,0.00,7107965.88,8167505.24,0
HH001183,0,0,0,0.00,2624001.75,4213964.93,0
HH001184,1,0,1,2191933.37,2193053.56,1120.19,4
HH001185,0,0,0,0.00,10755546.29,11187244.37,0
HH001186,0,0,0,0.00,2236579.94,2209953.97,0
HH001187,0,0,0,0.00,2081586.05,2113807.55,0
HH001188,0,0,0,0.00,1974873.94,2006197.12,0
HH001189,0,0,0,0.00,5620807.02,4739979.72,0
HH001190,0,0,0,0.00,3656535.64,2390925.24,0
HH001191,0,0,0,0.00,34006774.32,37406437.92,0
HH001192,0,0,0,0.00,10371051.79,9684079.16,0
HH001193,0,0,0,0.00,1657749.21,1634125.89,0
HH001194,0,0,0,0.00,26136288.65,23567562.07,0
HH001195,0,0,0,0.00,5080244.10,6179057.68,0
HH001196,0,0,0,0.00,2720082.99,3371672.75,0
HH001197,1,0,1,1716795.86,1758742.50,41946.64,2
HH001198,0,0,0,0.00,13476153.06,14399054.66,0
HH001199,0,0,0,0.00,1059611.66,1112451.49,0
HH001200,0,0,0,0.00,2112513.40,2491908.72,0
HH001201,0,0,0,0.00,2883972.47,3150177.87,0
HH001202,0,1,1,4153941.72,15510095.84,12364930.63,0
HH001203,1,0,1,3176672.62,3177311.23,638.61,6
HH001204,1,0,1,4036369.94,4150533.21,114163.27,3
HH001205,0,0,0,0.00,2937146.88,2855877.07,0
HH001206,0,0,0,0.00,1295177.62,1310264.84,0
HH001207,0,0,0,0.00,3747824.46,4727735.21,0
HH001208,0,0,0,0.00,17864765.31,24544225.30,0
HH001209,0,0,0,0.00,5462040.29,6361149.17,0
HH001210,0,0,0,0.00,1437839.92,1906475.93,0
HH001211,0,0,0,0.00,10121086.66,11352115.74,0
HH001212,0,0,0,0.00,4645833.26,4612412.23,0
HH001213,0,0,0,0.00,5263227.33,6368905.17,0
HH001214,0,0,0,0.00,9149284.72,9665444.65,0
HH001215,0,0,0,0.00,7964781.87,9290173.59,0
HH001216,0,0,0,0.00,19418708.45,17513429.30,0
HH001217,0,0,0,0.00,10881403.16,17378561.51,0
HH001218,0,1,1,13529079.72,26849470.69,12713400.26,0
HH001219,0,0,0,0.00,2246649.62,3023649.31,0
HH001220,0,0,0,0.00,16610921.97,14484920.76,0
HH001221,0,0,0,0.00,1194431.87,1552272.94,0
HH001222,0,0,0,0.00,33139326.89,33693775.90,0
HH001223,0,0,0,0.00,4373946.83,3093176.03,0
HH001224,0,0,0,0.00,20901637.43,21045583.40,0
HH001225,0,0,0,0.00,8429726.52,10129270.05,0
HH001226,0,0,0,0.00,3411684.26,3692663.93,0
HH001227,0,0,0,0.00,29975970.60,35412301.49,0
HH001228,0,0,0,0.00,3778333.73,3769056.04,0
HH001229,0,0,0,0.00,6294975.58,6845199.14,0
HH001230,1,0,1,8984096.23,9223557.67,239461.44,1
HH001231,0,0,0,0.00,5318549.73,5197367.98,0
HH001232,0,0,0,0.00,8281033.73,9506978.10,0
HH001233,0,0,0,0.00,13540004.25,12936623.83,0
HH001234,0,0,0,0.00,8875367.83,11330515.26,0
HH001235,0,0,0,0.00,1219764.13,1399311.68,0
HH001236,,,,,8585518.39,7216180.78,0
HH001237,0,0,0,0.00,1429082.39,2681286.42,0
HH001238,0,0,0,0.00,8594326.49,9188205.87,0
HH001239,0,1,1,1305644.20,4931223.43,3314371.74,0
HH001240,0,0,0,0.00,6293949.23,6425233.76,0
HH001241,0,1,1,2706573.51,6751953.12,5507142.04,0
HH001242,0,0,0,0.00,4065441.83,5091418.19,0
HH001243,0,0,0,0.00,9346826.24,9645020.57,0
HH001244,0,0,0,0.00,11780799.45,13369852.46,0
HH001245,0,0,0,0.00,5036895.81,6142685.69,0
HH001246,0,0,0,0.00,2916820.70,3530270.69,0
HH001247,1,0,1,4428160.22,4441383.77,13223.55,4
HH001248,0,0,0,0.00,4485104.23,4890501.09,0
HH001249,0,1,1,6231305.10,10128428.27,4200110.03,0
HH001250,0,0,0,0.00,1481189.82,1577216.59,0
HH001251,0,1,1,1970779.94,3271555.22,1696796.65,0
HH001252,0,1,1,977521.25,2507559.18,1568912.05,0
HH001253,0,0,0,0.00,2460328.08,2477255.95,0
HH001254,0,0,0,0.00,4690166.71,5708286.34,0
HH001255,0,0,0,0.00,4177147.92,4300440.69,0
HH001256,0,0,0,0.00,13083252.95,13959368.18,0
HH001257,0,0,0,0.00,1874297.22,1984106.14,0
HH001258,0,0,0,0.00,4019611.56,4273063.14,0
HH001259,0,0,0,0.00,14827050.69,15123301.20,0
HH001260,0,0,0,0.00,1798759.22,1930515.04,0
HH001261,0,0,0,0.00,14390293.19,16489452.45,0
HH001262,0,0,0,0.00,1126346.97,1419183.14,0
HH001263,0,0,0,0.00,1150143.53,1329378.28,0
HH001264,0,0,0,0.00,9059425.30,9971732.25,0
HH001265,0,1,1,2318868.65,7283775.96,5514169.40,0
HH001266,0,0,0,0.00,10521703.21,11377739.43,0
HH001267,0,0,0,0.00,3038226.83,3258762.18,0
HH001268,0,0,0,0.00,1013178.19,979090.64,0
HH001269,0,0,0,0.00,3083011.23,3512687.28,0
HH001270,0,0,0,0.00,3091922.62,3160627.78,0
HH001271,0,0,0,0.00,12596365.56,14619654.29,0
HH001272,0,0,0,0.00,7286614.12,9057801.21,0
HH001273,0,1,1,10300147.14,30567410.85,22355742.82,0
HH001274,0,0,0,0.00,3618113.62,3842959.26,0
HH001275,0,1,1,7587705.19,20308693.93,15585184.02,0
HH001276,0,0,0,0.00,1189523.54,2443753.75,0
HH001277,0,0,0,0.00,14246741.45,14834651.84,0
HH001278,0,0,0,0.00,7011181.42,7203522.39,0
HH001279,0,0,0,0.00,435556890.36,446142078.88,0
HH001280,0,0,0,0.00,5240761.21,5251645.81,0
HH001281,0,0,0,0.00,6038315.82,6594424.81,0
HH001282,0,1,1,956860.55,4113997.40,3339553.03,0
HH001283,0,0,0,0.00,3261027.10,3420379.00,0
HH001284,0,1,1,1798844.95,2835121.86,1092108.68,0
HH001285,0,0,0,0.00,5402698.68,6360991.99,0
HH001286,0,0,0,0.00,2606046.26,2706707.53,0
HH001287,1,0,1,1433557.04,1472038.21,38481.17,6
HH001288,0,0,0,0.00,1026809.93,1086245.01,0
HH001289,0,0,0,0.00,10328433.71,12781165.53,0
HH001290,0,1,1,3417888.65,6016461.37,2887529.25,0
HH001291,0,0,0,0.00,6601528.78,7200207.34,0
HH001292,0,0,0,0.00,1052934.14,1135745.67,0
HH001293,0,0,0,0.00,7512091.44,8971361.51,0
HH001294,0,0,0,0.00,1513031.59,1660726.80,0
HH001295,0,1,1,8732633.96,23412252.09,16964588.52,0
HH001296,0,1,1,1043441.92,1816171.67,861158.69,0
HH001297,0,0,0,0.00,4156416.96,4750389.26,0
HH001298,0,0,0,0.00,1386151.63,1749930.38,0
HH001299,0,0,0,0.00,13865273.93,13685136.75,0
HH001300,0,1,1,511075.53,1247733.27,1070172.80,0
HH001301,,,,,15765628.50,16659758.49,0
HH001302,0,0,0,0.00,2103735.24,2414732.13,0
HH001303,0,0,0,0.00,8129041.23,8194797.93,0
HH001304,0,0,0,0.00,4354817.91,4891259.74,0
HH001305,0,0,0,0.00,13766142.58,15558918.85,0
HH001306,0,0,0,0.00,2510431.01,3065827.26,0
HH001307,0,0,0,0.00,2654908.92,2517834.13,0
HH001308,1,0,1,8284567.95,8528062.07,243494.12,4
HH001309,0,0,0,0.00,4688653.55,5295411.40,0
HH001310,0,0,0,0.00,2027060.05,2154541.70,0
HH001311,0,0,0,0.00,3151194.52,3509193.80,0
HH001312,0,0,0,0.00,1898978.48,1622306.21,0
HH001313,0,0,0,0.00,3724269.88,3518614.27,0
HH001314,0,0,0,0.00,3432402.98,6325931.13,0
HH001315,0,1,1,341489.93,1454898.07,959911.75,0
HH001316,0,1,1,1001327.44,4477246.33,4084607.42,0
HH001317,0,0,0,0.00,2922468.24,3357230.52,0
HH001318,0,0,0,0.00,7778247.71,8173935.17,0
HH001319,0,0,0,0.00,5316858.34,6226689.12,0
HH001320,0,0,0,0.00,3712170.89,3430002.40,0
HH001321,0,0,0,0.00,13976613.20,13984363.41,0
HH001322,0,0,0,0.00,9565452.47,11254625.74,0
HH001323,0,0,0,0.00,5180299.99,5933189.54,0
HH001324,0,0,0,0.00,4139399.64,4561352.33,0
HH001325,0,0,0,0.00,2737443.72,3072496.88,0
HH001326,0,0,0,0.00,2489085.92,2066519.44,0
HH001327,0,0,0,0.00,3548300.93,3304761.10,0
HH001328,0,1,1,3327208.08,8020265.79,4715546.24,0
HH001329,0,0,0,0.00,1810631.18,1888123.36,0
HH001330,0,0,0,0.00,16343355.42,14418468.69,0
HH001331,0,0,0,0.00,2658066.24,2554876.77,0
HH001332,0,0,0,0.00,5641600.96,5930581.40,0
HH001333,0,0,0,0.00,4603337.48,5199600.94,0
HH001334,0,0,0,0.00,9273252.18,9784407.35,0
HH001335,0,0,0,0.00,19139229.77,23626727.93,0
HH001336,0,0,0,0.00,2971733.12,3028569.57,0
HH001337,0,0,0,0.00,17390693.28,16004316.43,0
HH001338,0,0,0,0.00,2029959.46,1926111.88,0
HH001339,0,0,0,0.00,3336993.37,3053673.02,0
HH001340,0,0,0,0.00,2132000.32,2315034.88,0
HH001341,0,0,0,0.00,3060156.73,3350396.74,0
HH001342,0,1,1,641561.52,1798959.97,1266646.68,0
HH001343,0,0,0,0.00,7123439.76,7564282.23,0
HH001344,0,0,0,0.00,3598409.97,4300454.51,0
HH001345,0,0,0,0.00,1550036.53,2067726.62,0
HH001346,0,0,0,0.00,1112491.56,1339618.31,0
HH001347,0,0,0,0.00,4362774.09,5733329.46,0
HH001348,0,0,0,0.00,26602651.53,27674739.53,0
HH001349,0,0,0,0.00,7428702.62,7892357.28,0
HH001350,0,0,0,0.00,1955057.06,2150250.46,0
HH001351,0,0,0,0.00,1300450.90,1179768.68,0
HH001352,0,0,0,0.00,3347715.75,3934682.99,0
HH001353,0,0,0,0.00,3444533.79,3767591.79,0
HH001354,0,0,0,0.00,1532734.86,1526813.93,0
HH001355,0,0,0,0.00,11190278.39,12915779.61,0
HH001356,0,1,1,787413.05,2771934.76,2407410.43,0
HH001357,0,0,0,0.00,2191322.27,1744124.49,0
HH001358,0,0,0,0.00,4434485.29,5017415.27,0
HH001359,1,0,1,11222384.58,11377911.85,155527.27,4
HH001360,0,0,0,0.00,8596811.98,8302135.35,0
HH001361,0,0,0,0.00,1090333.31,873722.08,0
HH001362,0,0,0,0.00,2784784.99,3309925.13,0
HH001363,0,0,0,0.00,2395113.23,2747561.72,0
HH001364,0,0,0,0.00,1068002.63,890142.53,0
HH001365,0,0,0,0.00,4327116.08,4185877.41,0
HH001366,0,0,0,0.00,4281170.55,4061113.92,0
HH001367,1,0,1,3700220.39,3756265.25,56044.86,6
HH001368,1,0,1,6987227.28,7200032.92,212805.64,2
HH001369,0,0,0,0.00,4722784.23,5230031.98,0
HH001370,0,0,0,0.00,1726824.52,2332063.93,0
HH001371,0,0,0,0.00,2452840.30,2497177.46,0
HH001372,0,0,0,0.00,1384633.50,1843701.72,0
HH001373,0,0,0,0.00,13001698.22,15585181.85,0
HH001374,0,0,0,0.00,7674611.07,8217895.94,0
HH001375,0,0,0,0.00,1081425.07,969656.65,0
HH001376,0,0,0,0.00,5187228.27,5306070.19,0
HH001377,0,0,0,0.00,7385411.72,7218751.41,0
HH001378,0,0,0,0.00,21229930.33,22133616.50,0
HH001379,0,0,0,0.00,8409127.61,7271942.21,0
HH001380,0,0,0,0.00,6098269.96,6901058.75,0
HH001381,0,0,0,0.00,33030127.25,35443037.98,0
HH001382,0,0,0,0.00,9003705.10,9274119.37,0
HH001383,0,0,0,0.00,2819181.74,3593546.49,0
HH001384,0,0,0,0.00,5113102.57,5173808.52,0
HH001385,0,1,1,389145.59,1131087.51,653965.09,0
HH001386,0,0,0,0.00,3468592.55,3214107.87,0
HH001387,0,0,0,0.00,2296900.48,2672233.21,0
HH001388,0,1,1,3413908.50,4597756.41,1443058.36,0
HH001389,0,0,0,0.00,3022080.18,3127170.31,0
HH001390,1,0,1,2160944.41,2210604.22,49659.81,1
HH001391,0,0,0,0.00,17731920.61,18122625.50,0
HH001392,0,0,0,0.00,2277732.35,2607961.93,0
HH001393,0,0,0,0.00,7518150.69,8303728.31,0
HH001394,0,0,0,0.00,6546103.90,7816353.41,0
HH001395,0,1,1,5526881.86,18842141.80,17272912.33,0
HH001396,0,0,0,0.00,7837054.06,7293713.26,0
HH001397,0,0,0,0.00,7883561.91,9707078.95,0
HH001398,0,0,0,0.00,1096725.86,992371.49,0
HH001399,0,0,0,0.00,5121756.14,7704510.46,0
HH001400,0,0,0,0.00,76971020.20,77178576.05,0
HH001401,0,0,0,0.00,10929177.44,9904852.36,0
HH001402,0,0,0,0.00,6114199.83,7588086.11,0
HH001403,0,1,1,1977100.42,8551060.17,7128251.25,0
HH001404,0,0,0,0.00,7671333.64,10978810.77,0
HH001405,0,0,0,0.00,35046117.19,42059520.57,0
HH001406,0,0,0,0.00,2875379.49,4248028.36,0
HH001407,0,0,0,0.00,3330453.09,3661761.57,0
HH001408,0,0,0,0.00,15773993.96,16517801.01,0
HH001409,0,1,1,1459109.37,4726608.72,3740233.87,0
HH001410,0,1,1,787234.17,2561380.17,1870218.23,0
HH001411,0,0,0,0.00,3437140.74,3397504.13,0
HH001412,0,0,0,0.00,3298220.21,3822909.70,0
HH001413,0,0,0,0.00,1481768.10,1387453.91,0
HH001414,0,0,0,0.00,2621270.37,3029001.87,0
HH001415,0,0,0,0.00,2706175.22,2809262.84,0
HH001416,0,0,0,0.00,24348547.30,26290506.14,0
HH001417,0,0,0,0.00,19413038.20,20090525.78,0
HH001418,0,0,0,0.00,3159935.57,3051472.62,0
HH001419,0,0,0,0.00,2746538.48,3457625.39,0
HH001420,0,0,0,0.00,22850703.38,22563352.15,0
HH001421,0,0,0,0.00,7830560.85,8536430.43,0
HH001422,1,0,1,1321479.96,1347409.77,25929.81,4
HH001423,0,0,0,0.00,12107406.93,11129466.17,0
HH001424,0,0,0,0.00,8822535.49,9293046.17,0
HH001425,0,0,0,0.00,9282224.57,5087337.22,0
HH001426,0,1,1,2604389.37,5530500.19,3233734.64,0
HH001427,0,1,1,553378.99,1762565.32,1388435.27,0
HH001428,0,0,0,0.00,2134347.97,2354201.65,0
HH001429,0,0,0,0.00,4802062.34,5030486.58,0
HH001430,0,1,1,2166406.08,5414571.46,3150530.63,0
HH001431,0,1,1,724358.34,1899011.04,1306031.72,0
HH001432,0,0,0,0.00,11444265.76,13702458.30,0
HH001433,0,0,0,0.00,2122958.63,2198342.73,0
HH001434,0,1,1,758443.48,1681159.55,1085177.00,0
HH001435,0,0,0,0.00,2548243.96,2528160.15,0
HH001436,0,0,0,0.00,37092339.54,38090876.66,0
HH001437,0,0,0,0.00,2233857.16,2637212.98,0
HH001438,0,0,0,0.00,1565114.53,1480445.05,0
HH001439,0,0,0,0.00,5453814.11,6634047.77,0
HH001440,0,0,0,0.00,7785456.10,7404058.88,0
HH001441,0,0,0,0.00,28756103.02,29350585.82,0
HH001442,0,0,0,0.00,3374597.81,3472370.44,0
HH001443,0,0,0,0.00,1618600.14,1798569.85,0
HH001444,0,0,0,0.00,1947768.51,1996382.13,0
HH001445,0,0,0,0.00,1508715.61,1244242.13,0
HH001446,0,0,0,0.00,86482061.84,88783437.70,0
HH001447,0,0,0,0.00,8077275.59,8241592.63,0
HH001448,0,0,0,0.00,3744410.69,3769128.59,0
HH001449,1,0,1,1510547.95,1532001.57,21453.62,1
HH001450,0,1,1,441545.06,1539646.67,1198232.29,0
HH001451,0,0,0,0.00,8173127.73,6957434.35,0
HH001452,0,0,0,0.00,9314965.00,9773005.12,0
HH001453,0,1,1,466891.76,1542384.78,976364.61,0
HH001454,0,0,0,0.00,3602797.74,3847422.46,0
HH001455,0,0,0,0.00,2946583.50,3320650.36,0
HH001456,1,0,1,1410220.32,1422149.19,11928.87,5
HH001457,0,0,0,0.00,1867141.71,1876698.74,0
HH001458,0,0,0,0.00,2792082.20,2909297.78,0
HH001459,0,0,0,0.00,2706931.49,2743683.69,0
HH001460,0,0,0,0.00,2611825.55,2067514.97,0
HH001461,0,0,0,0.00,5453521.96,6237916.08,0
HH001462,1,0,1,4304822.08,4409319.44,104497.36,4
HH001463,0,0,0,0.00,3160829.85,3474432.67,0
HH001464,0,0,0,0.00,22124062.90,21189926.95,0
HH001465,1,0,1,8945994.02,9026063.12,80069.10,6
HH001466,0,0,0,0.00,3114084.31,2449609.07,0
HH001467,0,0,0,0.00,2628707.74,3205090.39,0
HH001468,0,1,1,1416542.60,2646171.47,1285646.71,0
HH001469,0,0,0,0.00,3950340.38,3772980.47,0
HH001470,0,0,0,0.00,1389310.05,1573184.92,0
HH001471,0,0,0,0.00,58339124.34,52855347.50,0
HH001472,0,0,0,0.00,1690032.28,1784671.90,0
HH001473,0,0,0,0.00,14153966.88,16220100.17,0
HH001474,0,0,0,0.00,11812283.61,13097822.69,0
HH001475,0,1,1,878971.52,1649334.35,769290.04,0
HH001476,0,1,1,13841875.04,26026211.26,13182766.31,0
HH001477,0,0,0,0.00,2259319.21,2031363.41,0
HH001478,0,1,1,1338546.55,4152120.10,2573699.88,0
HH001479,0,0,0,0.00,3018317.97,3617418.49,0
HH001480,0,0,0,0.00,10540836.45,10914198.17,0
HH001481,0,0,0,0.00,1674254.01,1963963.20,0
HH001482,0,0,0,0.00,3186887.39,3385489.07,0
HH001483,0,0,0,0.00,2025022.59,2141550.70,0
HH001484,0,0,0,0.00,5642143.20,4966455.53,0
HH001485,0,0,0,0.00,2199655.73,2200052.20,0
HH001486,0,0,0,0.00,7264161.64,5974597.39,0
HH001487,0,0,0,0.00,17308361.10,28357238.11,0
HH001488,0,0,0,0.00,12416036.70,14000893.77,0
HH001489,0,0,0,0.00,3524293.28,3472548.29,0
HH001490,0,0,0,0.00,44218575.51,55834026.68,0
HH001491,0,0,0,0.00,27962673.82,31280001.43,0
HH001492,0,0,0,0.00,5839707.31,6162286.68,0
HH001493,0,0,0,0.00,60409682.19,56043752.71,0
HH001494,0,0,0,0.00,18937305.27,19404396.13,0
HH001495,1,0,1,15720923.07,16204942.62,484019.55,5
HH001496,0,0,0,0.00,2933100.83,3119565.94,0
HH001497,0,0,0,0.00,13652975.01,14695415.96,0
HH001498,0,0,0,0.00,8277713.83,9277689.40,0
HH001499,0,0,0,0.00,1212313.91,1208402.24,0
HH001500,0,0,0,0.00,3794490.52,3046944.85,0
HH001501,0,1,1,1949000.06,3516722.55,1941283.17,0
HH001502,0,0,0,0.00,1930164.86,2078137.17,0
HH001503,0,0,0,0.00,7268555.67,8279608.29,0
HH001504,0,0,0,0.00,2203974.16,2390528.40,0
HH001505,0,0,0,0.00,18458032.15,18155666.03,0
HH001506,0,0,0,0.00,13403652.45,14148625.90,0
HH001507,0,0,0,0.00,2795221.06,3164328.34,0
HH001508,0,0,0,0.00,10117481.70,12072358.31,0
HH001509,0,1,1,1929226.33,3430353.24,1577180.01,0
HH001510,0,0,0,0.00,7865770.52,8044765.02,0
HH001511,0,0,0,0.00,2304919.62,2712152.92,0
HH001512,0,0,0,0.00,7180477.74,7659803.95,0
HH001513,0,0,0,0.00,11269899.67,9117052.06,0
HH001514,0,0,0,0.00,6555586.28,5295476.25,0
HH001515,0,0,0,0.00,3219715.51,3568397.02,0
HH001516,0,0,0,0.00,4384837.28,4906555.01,0
HH001517,0,0,0,0.00,5352491.25,5998975.41,0
HH001518,0,0,0,0.00,6794567.53,8053614.67,0
HH001519,0,0,0,0.00,25497632.19,26864690.83,0
HH001520,0,0,0,0.00,9625046.17,11478993.38,0
HH001521,1,0,1,69025309.53,69343674.14,318364.61,2
HH001522,0,0,0,0.00,5103546.34,6014388.43,0
HH001523,0,0,0,0.00,2104943.05,2136085.15,0
HH001524,0,0,0,0.00,1041891.65,994204.20,0
HH001525,0,0,0,0.00,26124638.94,31326480.84,0
HH001526,0,0,0,0.00,4943911.07,4855085.53,0
HH001527,0,0,0,0.00,1598867.96,1511137.95,0
HH001528,0,0,0,0.00,5280717.59,5065127.18,0
HH001529,0,0,0,0.00,1828886.38,1854446.20,0
HH001530,0,1,1,275963.57,1334446.20,1140025.05,0
HH001531,0,1,1,1358291.26,2228976.63,757208.57,0
HH001532,0,0,0,0.00,18721134.30,20144426.38,0
HH001533,0,0,0,0.00,35700769.66,37464488.77,0
HH001534,0,0,0,0.00,3050298.91,3271869.82,0
HH001535,0,1,1,102125974.47,197112604.91,94513038.93,0
HH001536,0,0,0,0.00,1757776.54,2294036.11,0
HH001537,1,0,1,1790060.75,1839899.21,49838.46,3
HH001538,0,0,0,0.00,3201016.78,3234299.77,0
HH001539,0,0,0,0.00,1241110.46,2349843.05,0
HH001540,0,0,0,0.00,5732427.73,6032717.66,0
HH001541,0,0,0,0.00,11600741.52,14452956.98,0
HH001542,0,0,0,0.00,2148137.77,2150042.60,0
HH001543,0,1,1,1918285.51,5861897.53,4062884.19,0
HH001544,0,0,0,0.00,2918861.04,5358570.01,0
HH001545,0,0,0,0.00,1535888.28,1893414.00,0
HH001546,0,0,0,0.00,3015498.15,2877687.41,0
HH001547,0,0,0,0.00,5288254.14,6160179.37,0
HH001548,0,0,0,0.00,5602251.94,6094895.71,0
HH001549,0,0,0,0.00,1662634.08,1832672.50,0
HH001550,0,0,0,0.00,1603318.98,1533768.22,0
HH001551,0,0,0,0.00,3435518.08,3787076.40,0
HH001552,0,0,0,0.00,2809552.90,3325614.48,0
HH001553,0,0,0,0.00,1222970.89,1568888.76,0
HH001554,0,0,0,0.00,8340829.35,7776981.67,0
HH001555,0,0,0,0.00,3199129.57,3212507.68,0
HH001556,0,0,0,0.00,10961090.57,12939486.60,0
HH001557,1,0,1,53903489.84,54631419.35,727929.51,5
HH001558,0,1,1,365123.63,1617299.35,1250773.86,0
HH001559,0,0,0,0.00,1446260.99,1453054.04,0
HH001560,0,0,0,0.00,5264616.86,6234772.65,0
HH001561,0,1,1,645528.67,2432940.86,1961206.22,0
HH001562,0,0,0,0.00,2697709.94,2892658.67,0
HH001563,0,0,0,0.00,3121458.40,2119115.83,0
HH001564,0,1,1,6836399.61,12982585.53,7134164.60,0
HH001565,0,0,0,0.00,7901048.76,7719954.71,0
HH001566,1,0,1,1299278.50,1337558.94,38280.44,2
HH001567,0,0,0,0.00,2599283.60,2779089.82,0
HH001568,0,0,0,0.00,4781622.26,4997802.14,0
HH001569,0,0,0,0.00,10890935.65,10779983.48,0
HH001570,0,0,0,0.00,70441745.80,77534676.68,0
HH001571,0,0,0,0.00,3380268.99,3081215.79,0
HH001572,0,0,0,0.00,1471485.01,1449501.24,0
HH001573,0,0,0,0.00,3749122.63,4683458.76,0
HH001574,0,0,0,0.00,16562506.09,23239815.47,0
HH001575,0,0,0,0.00,4114816.30,4633184.29,0
HH001576,0,0,0,0.00,2831190.65,3443164.67,0
HH001577,0,0,0,0.00,38193015.62,44845218.47,0
HH001578,0,0,0,0.00,14515923.63,13683063.71,0
HH001579,0,0,0,0.00,3013160.87,2933566.78,0
HH001580,0,0,0,0.00,6811790.34,7859938.39,0
HH001581,0,1,1,628693.34,1036767.17,428724.08,0
HH001582,0,0,0,0.00,1767721.23,2198040.53,0
HH001583,0,0,0,0.00,4207885.88,4492901.73,0
HH001584,0,1,1,548024.01,1450309.90,973622.63,0
HH001585,1,0,1,7853935.90,7874779.92,20844.02,3
HH001586,0,0,0,0.00,8759075.60,10288635.29,0
HH001587,0,0,0,0.00,1831663.75,1831294.12,0
HH001588,0,0,0,0.00,7944407.62,9299001.25,0
HH001589,0,1,1,1601804.78,5749570.22,4686990.05,0
HH001590,0,0,0,0.00,16605914.57,11690000.72,0
HH001591,0,0,0,0.00,3491645.20,4424826.46,0
HH001592,0,0,0,0.00,1722026.46,1978347.44,0
HH001593,0,0,0,0.00,4281242.71,5279081.63,0
HH001594,1,0,1,15626041.85,15860515.80,234473.95,1
HH001595,0,0,0,0.00,3045299.23,3056533.44,0
HH001596,0,0,0,0.00,1671922.36,1898594.77,0
HH001597,0,1,1,16246778.57,33043236.33,17825971.28,0
HH001598,0,0,0,0.00,6952053.37,6037651.71,0
HH001599,0,0,0,0.00,7440019.11,7526983.82,0
HH001600,0,0,0,0.00,13738358.14,17275014.79,0
HH001601,0,0,0,0.00,25342904.77,24264081.52,0
HH001602,0,0,0,0.00,4625454.16,6840539.72,0
HH001603,1,0,1,6923307.49,7107525.89,184218.40,5
HH001604,1,0,1,2761179.57,2787557.57,26378.00,5
HH001605,0,0,0,0.00,2110223.57,2153145.72,0
HH001606,1,0,1,1256099.12,1267703.78,11604.66,5
HH001607,0,0,0,0.00,1876011.22,2051042.18,0
HH001608,0,0,0,0.00,3209041.96,4397865.99,0
HH001609,0,1,1,1135772.53,2936104.56,1853987.40,0
HH001610,0,0,0,0.00,20854654.17,15480880.67,0
HH001611,0,0,0,0.00,13489931.68,13895519.07,0
HH001612,0,0,0,0.00,9146029.01,6453564.30,0
HH001613,0,0,0,0.00,7376210.33,8644475.46,0
HH001614,0,0,0,0.00,13951625.54,13365898.50,0
HH001615,0,0,0,0.00,21362462.02,24811803.13,0
HH001616,0,0,0,0.00,20222183.55,20781504.45,0
HH001617,0,0,0,0.00,6162083.45,6925621.67,0
HH001618,0,0,0,0.00,1128872.40,1351399.42,0
HH001619,0,0,0,0.00,1848022.47,756713.33,0
HH001620,0,0,0,0.00,8152807.85,8532703.75,0
HH001621,0,0,0,0.00,14169948.91,17787812.23,0
HH001622,0,0,0,0.00,10235997.65,11534616.64,0
HH001623,1,0,1,4498911.21,4610938.85,112027.64,3
HH001624,0,0,0,0.00,6048491.65,6403988.85,0
HH001625,0,1,1,2344509.96,4793702.63,2620176.91,0
HH001626,0,0,0,0.00,4177937.83,4106404.86,0
HH001627,1,0,1,3858796.44,3875552.80,16756.36,5
HH001628,0,0,0,0.00,2446372.23,2701217.84,0
HH001629,0,0,0,0.00,4751147.14,5481947.71,0
HH001630,0,0,0,0.00,2745012.64,3009047.66,0
HH001631,0,0,0,0.00,3283591.89,3781995.92,0
HH001632,0,0,0,0.00,21817387.17,24327311.37,0
HH001633,0,0,0,0.00,1687981.63,1951388.25,0
HH001634,0,0,0,0.00,3966644.24,3437820.21,0
HH001635,0,0,0,0.00,7203901.33,9676849.92,0
HH001636,0,1,1,771676.02,1884070.32,1048873.66,0
HH001637,0,0,0,0.00,1287219.44,1602530.73,0
HH001638,0,0,0,0.00,10059301.81,9397654.03,0
HH001639,0,0,0,0.00,20882947.33,23444885.57,0
HH001640,0,0,0,0.00,14842067.50,18837853.64,0
HH001641,0,1,1,379538.09,1255419.95,1010812.00,0
HH001642,0,0,0,0.00,2235672.50,2766645.91,0
HH001643,1,0,1,8296813.04,8508485.44,211672.40,4
HH001644,0,0,0,0.00,2785021.83,3329221.87,0
HH001645,0,0,0,0.00,5417829.38,5656867.42,0
HH001646,0,0,0,0.00,2764037.71,3107588.48,0
HH001647,0,0,0,0.00,8150389.48,9411319.44,0
HH001648,0,0,0,0.00,5130444.40,5097858.99,0
HH001649,0,0,0,0.00,2287094.19,3840278.65,0
HH001650,0,1,1,430725.96,1556165.17,1226677.96,0
HH001651,0,0,0,0.00,2200412.45,2097796.46,0
HH001652,0,0,0,0.00,22756097.12,22369753.73,0
HH001653,1,0,1,2087947.52,2108034.63,20087.11,4
HH001654,0,1,1,439866.72,1330297.91,891267.35,0
HH001655,0,0,0,0.00,2674952.03,2396466.44,0
HH001656,0,0,0,0.00,4928436.26,5972282.62,0
HH001657,0,0,0,0.00,21442653.15,21541062.11,0
HH001658,1,0,1,3758150.45,3776788.65,18638.20,6
HH001659,0,0,0,0.00,5855708.44,5992318.12,0
HH001660,0,0,0,0.00,2999284.34,2853974.96,0
HH001661,0,1,1,1770361.70,2334260.11,843332.39,0
HH001662,0,0,0,0.00,16040638.35,15226120.58,0
HH001663,0,0,0,0.00,14740793.32,13980263.84,0
HH001664,0,0,0,0.00,5339885.45,6354522.83,0
HH001665,0,1,1,835348.29,3760250.27,3090527.32,0
HH001666,0,0,0,0.00,1139817.22,1342005.59,0
HH001667,0,1,1,2309087.22,4087782.43,1947886.14,0
HH001668,0,0,0,0.00,5589144.43,6001149.70,0
HH001669,0,0,0,0.00,1604217.07,1666237.09,0
HH001670,0,0,0,0.00,2396191.00,1970658.61,0
HH001671,0,0,0,0.00,9394861.25,10961493.09,0
HH001672,0,0,0,0.00,3325129.79,4994556.37,0
HH001673,0,0,0,0.00,1745935.69,2050142.55,0
HH001674,,,,,5870950.73,7111965.44,0
HH001675,0,0,0,0.00,5617353.18,3275834.07,0
HH001676,0,0,0,0.00,9739601.54,10366449.75,0
HH001677,0,0,0,0.00,3236682.14,3343510.22,0
HH001678,0,1,1,2116556.95,5225003.71,3891305.01,0
HH001679,0,0,0,0.00,2289213.66,2382425.62,0
HH001680,0,0,0,0.00,6080778.98,6477121.18,0
HH001681,0,0,0,0.00,2122229.90,2243715.58,0
HH001682,0,1,1,2484672.42,3903750.41,1500559.24,0
HH001683,0,0,0,0.00,2437210.85,2689948.39,0
HH001684,0,0,0,0.00,46179130.73,55243937.06,0
HH001685,0,0,0,0.00,36247061.79,44218498.96,0
HH001686,0,0,0,0.00,3661888.58,3753907.76,0
HH001687,1,0,1,9344997.37,9541257.14,196259.77,3
HH001688,0,0,0,0.00,1036490.72,703109.49,0
HH001689,0,0,0,0.00,2037352.30,2086649.97,0
HH001690,0,0,0,0.00,9673094.47,8398224.89,0
HH001691,0,0,0,0.00,1046838.21,1198829.64,0
HH001692,0,0,0,0.00,10157205.02,12952354.08,0
HH001693,0,0,0,0.00,9130433.51,4162327.21,0
HH001694,0,0,0,0.00,10996498.58,9800548.19,0
HH001695,0,1,1,1412930.02,6408689.63,5982773.56,0
HH001696,0,0,0,0.00,1603651.92,1855433.72,0
HH001697,0,0,0,0.00,9949291.72,10228723.37,0
HH001698,0,0,0,0.00,13843058.77,16068420.45,0
HH001699,0,0,0,0.00,1350902.24,1589732.63,0
HH001700,0,0,0,0.00,2098831.32,2086282.86,0
HH001701,0,0,0,0.00,2390166.63,3789793.62,0
HH001702,0,0,0,0.00,2149911.89,2727381.04,0
HH001703,0,0,0,0.00,7364902.36,8820788.02,0
HH001704,0,0,0,0.00,6043588.32,7533915.56,0
HH001705,0,1,1,2205331.90,6346272.87,4391714.59,0
HH001706,1,0,1,5414733.72,5443187.98,28454.26,6
HH001707,0,0,0,0.00,1031026.04,1089681.59,0
HH001708,0,0,0,0.00,12501429.89,12601530.41,0
HH001709,1,0,1,5471406.93,5473151.57,1744.64,3
HH001710,0,1,1,3299331.41,9105798.19,6268128.45,0
HH001711,0,1,1,2624256.56,5564242.93,2950911.21,0
HH001712,1,0,1,10843198.47,10943798.56,100600.09,4
HH001713,0,0,0,0.00,1714204.35,1794827.90,0
HH001714,0,1,1,7848755.39,26240969.96,19014348.60,0
HH001715,0,0,0,0.00,6279089.91,5541083.04,0
HH001716,0,1,1,4483420.44,14401734.93,11153527.59,0
HH001717,0,0,0,0.00,4219234.42,5296443.37,0
HH001718,0,0,0,0.00,5336472.13,7899740.48,0
HH001719,0,0,0,0.00,2632073.45,3252152.51,0
HH001720,0,0,0,0.00,2056025.28,1987046.74,0
HH001721,0,0,0,0.00,3928303.20,4078729.15,0
HH001722,0,0,0,0.00,1977442.87,1930457.36,0
HH001723,0,0,0,0.00,4046935.53,3600620.68,0
HH001724,0,0,0,0.00,3482720.17,3356734.33,0
HH001725,0,0,0,0.00,1658122.06,1620512.16,0
HH001726,0,0,0,0.00,9763504.00,11268669.62,0
HH001727,0,0,0,0.00,1863988.00,2013299.87,0
HH001728,0,0,0,0.00,5078217.36,6185206.21,0
HH001729,0,0,0,0.00,2248417.40,2515781.89,0
HH001730,0,0,0,0.00,3707920.02,3623989.00,0
HH001731,1,0,1,7589429.44,7804277.92,214848.48,6
HH001732,0,0,0,0.00,3849577.71,2373569.61,0
HH001733,0,0,0,0.00,2370850.94,2360975.54,0
HH001734,0,1,1,3214276.26,8765084.93,6204216.12,0
HH001735,0,1,1,1660611.21,6452756.17,5087975.12,0
HH001736,0,0,0,0.00,5001106.23,5725336.96,0
HH001737,0,0,0,0.00,5701075.44,5654665.30,0
HH001738,0,0,0,0.00,7392659.66,8078051.57,0
HH001739,0,0,0,0.00,12462972.02,13055109.26,0
HH001740,0,1,1,690604.97,1715354.61,978450.87,0
HH001741,0,0,0,0.00,8704064.64,11361241.22,0
HH001742,0,1,1,4958048.21,8945743.21,4105458.12,0
HH001743,0,0,0,0.00,18471384.90,18769100.59,0
HH001744,0,0,0,0.00,1076369.63,935517.04,0
HH001745,0,0,0,0.00,7629771.00,6798696.73,0
HH001746,0,0,0,0.00,7317032.28,7963268.14,0
HH001747,0,0,0,0.00,14386276.48,15020409.81,0
HH001748,0,0,0,0.00,6649684.78,6408675.82,0
HH001749,0,0,0,0.00,8627153.15,10370257.81,0
HH001750,0,0,0,0.00,5022484.44,3739654.43,0
HH001751,0,0,0,0.00,2539680.67,2931368.04,0
HH001752,1,0,1,1235862.29,1251820.89,15958.60,1
HH001753,0,1,1,351349.45,1036875.97,702453.19,0
HH001754,0,0,0,0.00,4151400.84,5427557.02,0
HH001755,0,0,0,0.00,8487582.04,8865294.26,0
HH001756,0,0,0,0.00,1711761.98,1537767.94,0
HH001757,0,1,1,361014.37,1114698.47,794762.48,0
HH001758,0,0,0,0.00,1436270.44,1101210.82,0
HH001759,0,0,0,0.00,2184598.80,1971954.50,0
HH001760,0,0,0,0.00,1117232.57,882003.42,0
HH001761,0,0,0,0.00,2951252.61,2995644.56,0
HH001762,0,0,0,0.00,3547148.65,4210365.89,0
HH001763,0,1,1,425267.45,1409292.65,1044238.40,0
HH001764,0,0,0,0.00,5196435.64,7001082.80,0
HH001765,0,0,0,0.00,5959764.72,5809130.85,0
HH001766,1,0,1,3826921.16,3847092.04,20170.88,2
HH001767,0,0,0,0.00,4930508.19,4943340.97,0
HH001768,0,0,0,0.00,8824912.32,9092564.44,0
HH001769,0,0,0,0.00,66748942.21,75550498.40,0
HH001770,0,0,0,0.00,8543148.63,10224024.34,0
HH001771,0,0,0,0.00,5132504.42,5723778.14,0
HH001772,0,0,0,0.00,2272307.19,2781521.01,0
HH001773,0,0,0,0.00,6903275.33,7588807.08,0
HH001774,0,0,0,0.00,5366786.15,6069960.84,0
HH001775,0,0,0,0.00,7519017.06,8549728.25,0
HH001776,0,1,1,942755.73,3152958.26,2554972.85,0
HH001777,0,0,0,0.00,5590782.91,6026457.07,0
HH001778,0,0,0,0.00,7291073.20,7141010.43,0
HH001779,0,0,0,0.00,5237865.46,6044640.09,0
HH001780,0,0,0,0.00,1918692.31,2036179.16,0
HH001781,0,0,0,0.00,6039631.09,5864390.87,0
HH001782,0,0,0,0.00,2944853.07,3254743.33,0
HH001783,0,0,0,0.00,2060163.84,2268687.12,0
HH001784,0,1,1,1458395.92,3434250.58,2101589.52,0
HH001785,0,0,0,0.00,4109635.67,4235880.46,0
HH001786,0,0,0,0.00,6920909.79,8043485.56,0
HH001787,0,0,0,0.00,3651568.32,3704880.88,0
HH001788,0,0,0,0.00,24320247.90,31149444.47,0
HH001789,0,0,0,0.00,7849172.80,9495055.12,0
HH001790,0,0,0,0.00,8103048.61,7029403.99,0
HH001791,0,0,0,0.00,2501767.51,3041119.19,0
HH001792,0,0,0,0.00,28451930.28,31964784.84,0
HH001793,0,0,0,0.00,5733127.39,6351541.13,0
HH001794,0,0,0,0.00,20299067.59,21719982.30,0
HH001795,0,0,0,0.00,2032825.13,1520288.37,0
HH001796,0,0,0,0.00,2247165.15,2148405.28,0
HH001797,0,0,0,0.00,4825516.61,4883117.44,0
HH001798,1,0,1,11997475.94,12117631.71,120155.77,3
HH001799,0,1,1,876662.15,3806333.06,3219552.23,0
HH001800,0,0,0,0.00,1205553.03,1358870.52,0
HH001801,0,0,0,0.00,1158249.97,1125874.91,0
HH001802,0,0,0,0.00,5008597.16,6255684.48,0
HH001803,0,1,1,1165838.83,4621682.71,3841239.01,0
HH001804,0,0,0,0.00,9199144.51,10454288.05,0
HH001805,0,1,1,398070.20,1377656.50,1395626.51,0
HH001806,0,0,0,0.00,1756818.43,2209065.59,0
HH001807,0,0,0,0.00,2786124.24,3126630.92,0
HH001808,0,0,0,0.00,3422766.51,3992306.48,0
HH001809,0,0,0,0.00,7428244.40,8095971.73,0
HH001810,0,0,0,0.00,6335092.58,7405417.39,0
HH001811,0,0,0,0.00,8203502.25,9928919.36,0
HH001812,0,0,0,0.00,1340668.53,1303360.04,0
HH001813,0,1,1,1068319.77,2173429.02,1398095.73,0
HH001814,0,0,0,0.00,1003015.34,916254.27,0
HH001815,0,1,1,2658765.44,4731441.32,2886500.16,0
HH001816,0,0,0,0.00,2395278.64,2308221.43,0
HH001817,0,0,0,0.00,3501253.40,4021271.11,0
HH001818,0,0,0,0.00,3929521.79,4052610.61,0
HH001819,0,0,0,0.00,10717637.41,11449295.41,0
HH001820,0,0,0,0.00,1810993.63,1928147.53,0
HH001821,0,0,0,0.00,8637919.99,8948242.75,0
HH001822,0,0,0,0.00,32505370.39,39948130.64,0
HH001823,0,1,1,4224932.20,7219273.25,3102763.91,0
HH001824,0,0,0,0.00,2840341.16,2381513.00,0
HH001825,0,0,0,0.00,2346751.96,2788624.38,0
HH001826,0,0,0,0.00,16922009.57,15945619.73,0
HH001827,0,0,0,0.00,3127653.71,3687900.89,0
HH001828,0,0,0,0.00,1412432.22,1470366.42,0
HH001829,0,0,0,0.00,4459002.87,5817109.05,0
HH001830,1,0,1,7645910.83,7772545.95,126635.12,2
HH001831,0,1,1,21554767.77,40808281.93,20400156.28,0
HH001832,0,0,0,0.00,1448472.54,1511839.26,0
HH001833,0,0,0,0.00,1575415.28,1563076.30,0
HH001834,0,1,1,5329603.35,9140118.62,4185414.92,0
HH001835,0,0,0,0.00,4512655.39,4988528.87,0
HH001836,0,0,0,0.00,1105753.03,1730172.96,0
HH001837,0,1,1,1527148.94,3833783.36,3072070.32,0
HH001838,0,0,0,0.00,4765510.55,7673646.29,0
HH001839,0,0,0,0.00,15966516.74,18450505.88,0
HH001840,0,0,0,0.00,1947177.81,647911.74,0
HH001841,0,0,0,0.00,8030263.28,8393542.32,0
HH001842,0,0,0,0.00,2569976.20,2195529.53,0
HH001843,0,0,0,0.00,6418195.73,7063734.57,0
HH001844,0,0,0,0.00,9459834.90,10511779.78,0
HH001845,0,0,0,0.00,2241837.59,1552446.54,0
HH001846,0,0,0,0.00,4702077.44,5219885.84,0
HH001847,0,0,0,0.00,1613969.05,1637126.78,0
HH001848,0,0,0,0.00,15548918.21,17958299.82,0
HH001849,0,0,0,0.00,6191177.97,6699648.42,0
HH001850,0,0,0,0.00,3462351.33,3079859.72,0
HH001851,0,0,0,0.00,2921176.35,4517976.73,0
HH001852,0,0,0,0.00,5713743.01,5569410.05,0
HH001853,1,0,1,10262930.12,10564717.85,301787.73,6
HH001854,0,0,0,0.00,44272680.65,48771755.29,0
HH001855,1,0,1,35929047.28,36649075.83,720028.55,2
HH001856,0,0,0,0.00,16020671.54,17855877.55,0
HH001857,0,0,0,0.00,4459316.24,4829969.10,0
HH001858,0,1,1,143847509.75,260264665.12,140661144.69,0
HH001859,0,0,0,0.00,5553916.61,6545491.23,0
HH001860,0,1,1,1209541.67,5576515.41,4812790.06,0
HH001861,0,0,0,0.00,5095815.20,5896295.44,0
HH001862,0,0,0,0.00,10625058.93,13336932.91,0
HH001863,0,0,0,0.00,1064902.93,805842.85,0
HH001864,0,0,0,0.00,3280607.74,3840231.51,0
HH001865,0,0,0,0.00,1655532.37,1540191.07,0
HH001866,0,0,0,0.00,167673353.59,210147749.41,0
HH001867,0,0,0,0.00,1019957.77,981445.31,0
HH001868,0,0,0,0.00,9137758.33,10427240.04,0
HH001869,0,0,0,0.00,6061396.74,6066262.53,0
HH001870,0,0,0,0.00,3128755.90,5260298.81,0
HH001871,0,0,0,0.00,3996768.68,3733555.50,0
HH001872,0,0,0,0.00,1280149.25,1335399.09,0
HH001873,0,0,0,0.00,1052176.10,1367558.13,0
HH001874,0,0,0,0.00,5044070.10,5505747.56,0
HH001875,0,0,0,0.00,4217993.23,4739597.81,0
HH001876,0,0,0,0.00,11364337.37,13561927.73,0
HH001877,0,0,0,0.00,1709046.69,1759836.89,0
HH001878,0,0,0,0.00,2416876.77,3215053.76,0
HH001879,0,0,0,0.00,3315798.27,3570333.19,0
HH001880,1,0,1,1015276.23,1025513.76,10237.53,5
HH001881,0,0,0,0.00,4942268.02,5827025.63,0
HH001882,0,0,0,0.00,25860953.10,26352384.10,0
HH001883,0,0,0,0.00,8245566.16,10479143.95,0
HH001884,0,0,0,0.00,10362709.30,10593364.69,0
HH001885,0,0,0,0.00,29815148.59,33952363.41,0
HH001886,0,0,0,0.00,2474674.16,3558265.88,0
HH001887,0,0,0,0.00,2308947.02,2526514.00,0
HH001888,0,0,0,0.00,5554085.01,4968170.02,0
HH001889,0,0,0,0.00,7782635.79,9156211.06,0
HH001890,0,0,0,0.00,11228631.28,10133329.82,0
HH001891,0,0,0,0.00,2095614.92,1873971.59,0
HH001892,0,0,0,0.00,5307094.56,6369124.59,0
HH001893,0,0,0,0.00,13014149.78,15293075.60,0
HH001894,0,0,0,0.00,1761679.90,2256905.02,0
HH001895,0,0,0,0.00,28668038.81,34975177.36,0
HH001896,0,0,0,0.00,5626163.22,6158976.62,0
HH001897,0,0,0,0.00,21984859.74,24396367.64,0
HH001898,0,0,0,0.00,3309968.61,4378088.92,0
HH001899,0,0,0,0.00,19666873.63,19395344.74,0
HH001900,0,0,0,0.00,1989189.19,2293955.97,0
HH001901,0,0,0,0.00,2580146.42,2636282.57,0
HH001902,0,0,0,0.00,11367282.65,10590552.29,0
HH001903,0,1,1,3876411.18,8631260.65,5664361.48,0
HH001904,0,0,0,0.00,4430380.11,4852540.87,0
HH001905,0,0,0,0.00,7989299.42,7881138.01,0
HH001906,0,1,1,562569.22,1145190.02,300576.20,0
HH001907,0,0,0,0.00,4769924.75,4983172.90,0
HH001908,1,0,1,1402421.34,1424462.58,22041.24,6
HH001909,0,0,0,0.00,5606440.49,6056055.78,0
HH001910,0,0,0,0.00,2839557.11,2901909.62,0
HH001911,0,0,0,0.00,18786640.91,20005080.55,0
HH001912,0,0,0,0.00,2990774.68,3090456.68,0
HH001913,0,0,0,0.00,3210019.08,4662619.60,0
HH001914,0,0,0,0.00,2578684.45,2578539.88,0
HH001915,0,0,0,0.00,3001362.41,3415193.88,0
HH001916,0,0,0,0.00,10616126.43,10774230.03,0
HH001917,0,0,0,0.00,1985106.89,2017937.56,0
HH001918,0,0,0,0.00,2289229.52,3020241.35,0
HH001919,0,1,1,1188709.63,2318879.04,1211880.73,0
HH001920,0,0,0,0.00,5688522.40,6327662.46,0
HH001921,0,0,0,0.00,8910701.68,10736312.25,0
HH001922,0,0,0,0.00,1364080.91,1170343.40,0
HH001923,1,0,1,21169425.69,21548296.04,378870.35,6
HH001924,0,0,0,0.00,10689700.56,10280264.81,0
HH001925,1,0,1,4783970.59,4884606.52,100635.93,4
HH001926,0,0,0,0.00,15982474.68,15475920.68,0
HH001927,0,1,1,2267167.19,4651350.54,2107025.84,0
HH001928,0,1,1,3368811.11,9740356.26,4011253.28,0
HH001929,0,0,0,0.00,2947559.32,2831779.84,0
HH001930,0,0,0,0.00,3909753.50,3898172.53,0
HH001931,1,0,1,7866604.57,7945186.80,78582.23,1
HH001932,0,0,0,0.00,47360258.34,53223332.60,0
HH001933,0,0,0,0.00,2831885.29,2431461.15,0
HH001934,0,1,1,2622511.85,4332876.95,1957919.53,0
HH001935,0,1,1,2220866.62,6052610.22,3857041.32,0
HH001936,0,0,0,0.00,2365256.47,2163983.39,0
HH001937,0,0,0,0.00,4139121.93,4454246.19,0
HH001938,0,1,1,1908908.02,8320095.67,5670455.58,0
HH001939,0,0,0,0.00,88423924.14,94239256.80,0
HH001940,0,0,0,0.00,12545723.73,13259640.05,0
HH001941,0,0,0,0.00,31049775.12,30534231.64,0
HH001942,0,0,0,0.00,3638425.51,3737886.74,0
HH001943,0,0,0,0.00,4011298.89,4737757.07,0
HH001944,0,1,1,4075512.81,9903534.45,6671879.82,0
HH001945,0,0,0,0.00,9977778.71,11022196.01,0
HH001946,1,0,1,1584894.71,1603071.70,18176.99,6
HH001947,1,0,1,2314436.51,2329705.69,15269.18,1
HH001948,0,0,0,0.00,1731146.41,2639951.03,0
HH001949,0,0,0,0.00,13153690.77,14438610.92,0
HH001950,0,0,0,0.00,2687202.91,3055205.71,0
HH001951,0,0,0,0.00,3185863.47,3805974.21,0
HH001952,0,0,0,0.00,2086773.82,2738833.78,0
HH001953,0,0,0,0.00,4529264.95,5018936.07,0
HH001954,0,0,0,0.00,3220468.65,4959032.58,0
HH001955,0,0,0,0.00,44668891.67,42597013.99,0
HH001956,0,0,0,0.00,1187746.74,1401578.14,0
HH001957,0,0,0,0.00,1949353.12,2355564.58,0
HH001958,0,0,0,0.00,4132050.52,4444658.82,0
HH001959,0,0,0,0.00,13111537.69,15443813.08,0
HH001960,0,0,0,0.00,2213927.12,2293881.75,0
HH001961,1,0,1,318328361.62,327415260.24,9086898.62,1
HH001962,0,0,0,0.00,4740819.02,4764809.45,0
HH001963,0,0,0,0.00,22883677.55,25050150.65,0
HH001964,0,0,0,0.00,1826773.99,1936058.70,0
HH001965,0,0,0,0.00,6857031.20,5215415.89,0
HH001966,0,0,0,0.00,10062334.71,10865572.75,0
HH001967,0,0,0,0.00,6946319.04,7163052.12,0
HH001968,0,0,0,0.00,1141039.24,1080834.33,0
HH001969,0,0,0,0.00,2783989.30,3271520.86,0
HH001970,0,0,0,0.00,2844194.58,2913605.33,0
HH001971,0,0,0,0.00,47271177.45,42329933.41,0
HH001972,0,0,0,0.00,9081420.17,5873860.45,0
HH001973,0,0,0,0.00,19049605.77,20546099.03,0
HH001974,0,1,1,397802.64,1338173.64,843931.85,0
HH001975,0,0,0,0.00,2007557.48,1673656.78,0
HH001976,0,0,0,0.00,3366824.00,3643153.91,0
HH001977,0,0,0,0.00,14394694.55,12444048.94,0
HH001978,0,0,0,0.00,16472124.15,17768243.03,0
HH001979,0,0,0,0.00,11551537.71,12209079.83,0
HH001980,0,0,0,0.00,7012230.92,7207758.71,0
HH001981,0,0,0,0.00,2393544.33,2519433.80,0
HH001982,0,0,0,0.00,3521214.54,3767277.23,0
HH001983,0,0,0,0.00,2847054.51,2953133.44,0
HH001984,0,0,0,0.00,10085136.61,10642360.93,0
HH001985,0,0,0,0.00,3066215.81,3157598.00,0
HH001986,0,1,1,8116081.61,16113451.49,7646906.98,0
HH001987,,,,,8306174.09,10954936.97,0
HH001988,0,1,1,761224.08,2059442.83,1133301.50,0
HH001989,0,0,0,0.00,4098498.17,3757047.86,0
HH001990,0,0,0,0.00,22472018.76,24124039.78,0
HH001991,0,0,0,0.00,11360958.54,12771999.89,0
HH001992,1,0,1,2442857.52,2510198.00,67340.48,3
HH001993,0,0,0,0.00,26349151.25,29437666.21,0
HH001994,0,0,0,0.00,9227849.49,10233937.37,0
HH001995,0,0,0,0.00,2577583.67,3775611.64,0
HH001996,0,0,0,0.00,87077999.51,84300343.48,0
HH001997,0,0,0,0.00,6079450.03,6810764.83,0
HH001998,0,0,0,0.00,18866707.68,22786893.62,0
HH001999,0,0,0,0.00,5933722.43,6466952.39,0
HH002000,0,0,0,0.00,4500954.11,5098238.64,0
HH002001,0,0,0,0.00,7184640.11,7070085.48,0
HH002002,0,0,0,0.00,29598904.36,33620627.27,0
HH002003,0,0,0,0.00,3496693.42,3683292.77,0
HH002004,0,0,0,0.00,9124850.30,9734859.46,0
HH002005,0,0,0,0.00,4895540.72,5215338.02,0
HH002006,0,0,0,0.00,1973869.20,2771811.64,0
HH002007,0,0,0,0.00,24977388.07,26988982.69,0
HH002008,0,0,0,0.00,2566760.30,2006927.40,0
HH002009,0,0,0,0.00,22843499.10,20714344.83,0
HH002010,0,0,0,0.00,1595445.01,1670630.90,0
HH002011,0,0,0,0.00,2026948.75,3570102.48,0
HH002012,0,0,0,0.00,5908834.88,6794073.78,0
HH002013,0,0,0,0.00,13932039.58,16100713.26,0
HH002014,0,0,0,0.00,6145613.06,6773103.47,0
HH002015,0,1,1,9136943.79,37500227.83,25117985.60,0
HH002016,0,0,0,0.00,6655196.75,7061729.42,0
HH002017,0,0,0,0.00,2813781.22,2882546.39,0
HH002018,0,0,0,0.00,8696816.23,9580718.95,0
HH002019,0,0,0,0.00,3163743.22,3320262.42,0
HH002020,0,0,0,0.00,9284111.25,9236070.98,0
HH002021,0,0,0,0.00,1164482.09,1294814.91,0
HH002022,0,0,0,0.00,6627187.64,6129541.67,0
HH002023,0,0,0,0.00,7831574.84,8419160.65,0
HH002024,0,0,0,0.00,7493903.04,9545480.93,0
HH002025,0,0,0,0.00,2827061.80,3220190.68,0
HH002026,0,0,0,0.00,2027222.35,2601809.23,0
HH002027,0,0,0,0.00,16651831.46,17592235.44,0
HH002028,0,0,0,0.00,22434573.51,21693630.74,0
HH002029,0,0,0,0.00,9247949.97,9889940.46,0
HH002030,1,0,1,1893208.82,1913129.69,19920.87,3
HH002031,0,0,0,0.00,2665998.47,4124521.36,0
HH002032,0,0,0,0.00,5911650.81,5862058.19,0
HH002033,0,0,0,0.00,1477279.42,1129508.37,0
HH002034,0,0,0,0.00,7380467.59,9824547.87,0
HH002035,0,0,0,0.00,1527569.13,1775439.66,0
HH002036,0,0,0,0.00,24551106.10,29769182.86,0
HH002037,1,0,1,21929768.82,22383768.58,453999.76,1
HH002038,0,0,0,0.00,10883848.03,12417780.86,0
HH002039,0,0,0,0.00,1152716.16,1289763.00,0
HH002040,0,0,0,0.00,2160024.29,2354460.15,0
HH002041,0,0,0,0.00,8008450.72,7350870.38,0
HH002042,0,0,0,0.00,15549985.64,15521696.00,0
HH002043,0,0,0,0.00,1544296.59,1704985.60,0
HH002044,0,0,0,0.00,2883099.52,2724773.58,0
HH002045,0,1,1,2683683.94,9813490.92,9994638.22,0
HH002046,0,0,0,0.00,15489356.97,14628934.90,0
HH002047,0,0,0,0.00,9244272.68,8919344.65,0
HH002048,0,0,0,0.00,1291263.07,1252198.77,0
HH002049,0,0,0,0.00,2259330.57,2120548.33,0
HH002050,0,0,0,0.00,2243306.48,2463862.68,0
HH002051,,,,,16801174.90,15480455.09,0
HH002052,0,0,0,0.00,2333473.25,2399274.96,0
HH002053,0,0,0,0.00,2538465.51,2631862.20,0
HH002054,0,1,1,1185832.87,2794487.63,1089840.08,0
HH002055,0,0,0,0.00,4413198.56,4249094.60,0
HH002056,0,0,0,0.00,18907729.94,19813427.05,0
HH002057,1,0,1,4199832.21,4222184.52,22352.31,3
HH002058,0,0,0,0.00,114520488.71,118953973.83,0
HH002059,0,0,0,0.00,4936679.42,5006848.06,0
HH002060,0,0,0,0.00,2368963.21,2689380.40,0
HH002061,0,1,1,260225.76,1046919.82,815900.63,0
HH002062,0,0,0,0.00,4176360.86,4811394.77,0
HH002063,0,0,0,0.00,1998629.12,2609204.04,0
HH002064,0,0,0,0.00,6568843.43,7184726.46,0
HH002065,1,0,1,1223095.76,1224290.76,1195.00,4
HH002066,0,1,1,340353.08,1570715.22,922445.51,0
HH002067,0,1,1,1609714.76,3749936.51,2532912.63,0
HH002068,0,0,0,0.00,34130152.44,32313116.56,0
HH002069,0,0,0,0.00,4291742.26,4767258.30,0
HH002070,0,0,0,0.00,5142720.28,5425090.47,0
HH002071,0,0,0,0.00,1674839.41,1779899.07,0
HH002072,0,0,0,0.00,1861441.72,2620542.91,0
HH002073,0,0,0,0.00,17878073.95,18433599.05,0
HH002074,0,0,0,0.00,9825198.22,8210882.60,0
HH002075,0,0,0,0.00,2304301.75,2684391.54,0
HH002076,0,0,0,0.00,2626672.79,2839791.20,0
HH002077,0,0,0,0.00,7517298.39,7323578.19,0
HH002078,0,0,0,0.00,1792836.00,2166772.15,0
HH002079,0,0,0,0.00,2934227.20,2845267.58,0
HH002080,0,0,0,0.00,23526988.61,23213404.54,0
HH002081,0,0,0,0.00,2221597.30,2454528.20,0
HH002082,0,0,0,0.00,8101981.90,10473924.34,0
HH002083,1,0,1,26378383.01,26658679.87,280296.86,4
HH002084,0,0,0,0.00,7454710.02,8498260.93,0
HH002085,0,0,0,0.00,9250130.47,8982840.43,0
HH002086,1,0,1,2246896.19,2274326.34,27430.15,3
HH002087,0,1,1,12082849.61,26004468.26,14326926.27,0
HH002088,0,0,0,0.00,3930290.00,3871363.30,0
HH002089,0,0,0,0.00,4671932.13,7517620.18,0
HH002090,1,0,1,36494391.34,37588750.71,1094359.37,6
HH002091,1,0,1,16010834.44,16384588.50,373754.06,5
HH002092,0,0,0,0.00,25930052.52,32110949.03,0
HH002093,0,0,0,0.00,2977679.71,2997743.05,0
HH002094,0,0,0,0.00,6882806.67,7520978.03,0
HH002095,0,0,0,0.00,357055715.70,386150229.93,0
HH002096,0,0,0,0.00,1772066.27,1704832.64,0
HH002097,0,0,0,0.00,8658468.37,9233826.36,0
HH002098,0,0,0,0.00,33011273.38,42264344.04,0
HH002099,0,1,1,1845297.42,3891281.03,2416289.85,0
HH002100,0,0,0,0.00,19448363.33,20288437.03,0
HH002101,0,1,1,1081628.05,2378488.44,1492760.07,0
HH002102,1,0,1,37127625.97,37555765.43,428139.46,2
HH002103,0,1,1,1817422.00,3317500.83,1510935.15,0
HH002104,0,0,0,0.00,6621750.66,5243557.67,0
HH002105,0,0,0,0.00,2523019.48,3101071.67,0
HH002106,0,0,0,0.00,2584250.31,2565632.82,0
HH002107,0,0,0,0.00,2848684.42,3166163.11,0
HH002108,0,1,1,1099983.91,2091127.34,1198760.68,0
HH002109,0,0,0,0.00,30312707.97,27736811.44,0
HH002110,1,0,1,4015929.29,4016442.73,513.44,1
HH002111,0,0,0,0.00,3419320.96,3366872.28,0
HH002112,0,0,0,0.00,1115129.22,1419898.31,0
HH002113,0,0,0,0.00,7884851.97,9181234.19,0
HH002114,1,0,1,1970456.95,1984322.83,13865.88,6
HH002115,0,1,1,1767943.21,3587022.66,2307155.65,0
HH002116,1,0,1,34384424.78,34707426.42,323001.64,3
HH002117,0,0,0,0.00,4613348.36,4918421.96,0
HH002118,0,0,0,0.00,3031793.52,3162842.44,0
HH002119,0,1,1,2383230.29,4796479.89,2605589.63,0
HH002120,0,0,0,0.00,14208097.34,19669819.94,0
HH002121,0,0,0,0.00,5351160.59,5530539.25,0
HH002122,0,0,0,0.00,4103015.81,5276584.17,0
HH002123,0,0,0,0.00,10369606.00,9114381.68,0
HH002124,0,0,0,0.00,33159208.15,33931923.37,0
HH002125,0,0,0,0.00,4222706.24,4444090.69,0
HH002126,0,0,0,0.00,8164158.04,8801039.02,0
HH002127,1,0,1,26765239.93,27188642.58,423402.65,2
HH002128,0,1,1,1524713.50,5525605.67,4375019.55,0
HH002129,0,0,0,0.00,9390584.35,9878145.26,0
HH002130,0,0,0,0.00,9995096.86,11458432.17,0
HH002131,0,0,0,0.00,9723858.74,10584686.66,0
HH002132,0,0,0,0.00,14991297.42,15143749.48,0
HH002133,0,0,0,0.00,38183588.21,38464954.25,0
HH002134,0,0,0,0.00,1029528.00,1007319.60,0
HH002135,0,0,0,0.00,15441348.05,16867893.36,0
HH002136,0,0,0,0.00,48240366.60,55824022.38,0
HH002137,0,0,0,0.00,4178033.49,5038910.18,0
HH002138,0,0,0,0.00,7330925.56,7761391.24,0
HH002139,0,0,0,0.00,9742052.91,11380432.94,0
HH002140,0,0,0,0.00,2285090.14,2750955.10,0
HH002141,0,0,0,0.00,3917318.22,4073800.65,0
HH002142,0,0,0,0.00,12751959.04,13392963.84,0
HH002143,0,1,1,676019.67,1021156.95,349972.38,0
HH002144,0,0,0,0.00,5746746.44,6199417.85,0
HH002145,1,0,1,9874513.63,10038866.07,164352.44,5
HH002146,0,0,0,0.00,4424365.49,4301715.83,0
HH002147,0,0,0,0.00,4346291.57,4787467.16,0
HH002148,0,0,0,0.00,8251056.71,8449123.27,0
HH002149,0,0,0,0.00,22889965.05,27374081.81,0
HH002150,1,0,1,1649607.26,1662513.46,12906.20,5
HH002151,0,0,0,0.00,2197753.37,2450217.60,0
HH002152,0,1,1,1181098.16,4178473.17,3220032.23,0
HH002153,0,0,0,0.00,15433858.36,17295331.49,0
HH002154,0,0,0,0.00,1148645.84,1323196.00,0
HH002155,0,0,0,0.00,9911702.99,10224341.50,0
HH002156,0,0,0,0.00,3505852.46,3370484.37,0
HH002157,0,0,0,0.00,8131276.46,10121826.91,0
HH002158,0,0,0,0.00,36149362.90,35960484.53,0
HH002159,0,0,0,0.00,2874013.82,3158494.77,0
HH002160,0,0,0,0.00,9043132.02,10414241.03,0
HH002161,0,1,1,34830883.03,112424048.41,87966032.33,0
HH002162,0,0,0,0.00,23668776.27,23260370.75,0
HH002163,,,,,1541137.93,1920475.76,0
HH002164,0,0,0,0.00,6160343.51,5517511.19,0
HH002165,0,0,0,0.00,3902575.74,4406899.15,0
HH002166,0,0,0,0.00,5469483.76,6906197.17,0
HH002167,0,0,0,0.00,7950571.91,8529002.61,0
HH002168,0,0,0,0.00,3499370.88,4180033.49,0
HH002169,0,0,0,0.00,8820722.26,8764884.89,0
HH002170,0,0,0,0.00,2183428.32,2531061.90,0
HH002171,0,0,0,0.00,5948772.81,6110243.02,0
HH002172,0,0,0,0.00,5487927.23,6063864.62,0
HH002173,0,0,0,0.00,23275931.40,31421623.42,0
HH002174,0,0,0,0.00,6954327.69,8432819.24,0
HH002175,1,0,1,5970410.80,6036935.81,66525.01,3
HH002176,0,0,0,0.00,16491779.39,17124754.40,0
HH002177,0,0,0,0.00,4889424.88,5260538.68,0
HH002178,0,0,0,0.00,3356499.89,3845435.60,0
HH002179,0,0,0,0.00,3854397.97,3941932.63,0
HH002180,0,0,0,0.00,6067352.96,4942216.50,0
HH002181,0,0,0,0.00,31932034.37,37900641.90,0
HH002182,0,0,0,0.00,3195756.68,3008335.40,0
HH002183,0,0,0,0.00,10157667.26,11086898.40,0
HH002184,0,0,0,0.00,21468716.84,23136503.09,0
HH002185,0,0,0,0.00,3929144.00,4036767.94,0
HH002186,0,0,0,0.00,2463687.68,2692399.31,0
HH002187,0,0,0,0.00,13633619.73,12782602.18,0
HH002188,0,0,0,0.00,10669515.05,11174998.86,0
HH002189,0,1,1,4618827.27,14558966.97,10022710.15,0
HH002190,0,0,0,0.00,3721930.72,3630492.03,0
HH002191,0,0,0,0.00,7120738.15,8144941.04,0
HH002192,0,0,0,0.00,2360654.58,2341519.02,0
HH002193,0,0,0,0.00,11621478.90,10179859.75,0
HH002194,0,0,0,0.00,4029235.26,3880755.74,0
HH002195,0,1,1,3156791.23,8510721.41,5206535.65,0
HH002196,0,0,0,0.00,4038946.67,4716650.91,0
HH002197,0,0,0,0.00,6704233.22,7499325.18,0
HH002198,0,0,0,0.00,30816730.81,35374125.09,0
HH002199,1,0,1,3776509.51,3801560.17,25050.66,2
HH002200,0,1,1,1465639.68,3885243.09,2305506.20,0
HH002201,0,0,0,0.00,12941946.01,12395721.87,0
HH002202,0,0,0,0.00,10761773.06,14258030.60,0
HH002203,0,0,0,0.00,8622383.35,9143169.98,0
HH002204,0,0,0,0.00,10143388.91,11172373.53,0
HH002205,0,0,0,0.00,1905974.91,2035621.52,0
HH002206,0,0,0,0.00,2288934.13,2596465.69,0
HH002207,0,0,0,0.00,3767479.71,4239849.99,0
HH002208,0,0,0,0.00,3617346.55,4074564.44,0
HH002209,1,0,1,45673571.23,45962026.78,288455.55,2
HH002210,0,0,0,0.00,2927272.21,3133437.70,0
HH002211,0,0,0,0.00,2928551.67,2882086.57,0
HH002212,0,1,1,881686.18,3611598.94,3138871.37,0
HH002213,0,0,0,0.00,3328348.51,3562884.16,0
HH002214,0,0,0,0.00,1562531.23,1456397.87,0
HH002215,0,0,0,0.00,23241857.20,28133879.24,0
HH002216,0,1,1,696302.84,2445147.85,1936313.03,0
HH002217,0,1,1,1169350.81,3165423.16,1964078.00,0
HH002218,0,0,0,0.00,3988858.22,3976055.13,0
HH002219,1,0,1,2808165.93,2837580.49,29414.56,5
HH002220,0,1,1,1343377.95,2860140.01,1681033.82,0
HH002221,0,0,0,0.00,9037583.25,9479853.87,0
HH002222,0,0,0,0.00,8204012.55,7221259.10,0
HH002223,0,0,0,0.00,5349848.83,5824149.40,0
HH002224,0,1,1,1399733.90,4077114.15,2221774.62,0
HH002225,0,0,0,0.00,1243572.64,1327607.29,0
HH002226,0,0,0,0.00,1083792.25,1355344.90,0
HH002227,0,0,0,0.00,10918569.88,11961562.35,0
HH002228,0,1,1,413019.69,1391295.18,1294296.83,0
HH002229,0,0,0,0.00,8088286.26,7007892.01,0
HH002230,0,0,0,0.00,2284587.04,2499081.06,0
HH002231,0,0,0,0.00,1101879.21,1221988.37,0
HH002232,0,0,0,0.00,3675962.51,3646051.04,0
HH002233,0,1,1,843387.42,4147148.29,3491592.32,0
HH002234,0,0,0,0.00,7054462.76,8370286.21,0
HH002235,0,0,0,0.00,10104124.09,11304194.89,0
HH002236,0,0,0,0.00,10220612.24,10722620.31,0
HH002237,1,0,1,1008114.52,1015098.47,6983.95,1
HH002238,0,0,0,0.00,1967067.26,2182057.89,0
HH002239,0,0,0,0.00,1331045.68,1028547.10,0
HH002240,0,0,0,0.00,14405890.41,14011791.49,0
HH002241,0,0,0,0.00,2513581.49,2322647.86,0
HH002242,0,0,0,0.00,17061053.37,15454116.80,0
HH002243,0,0,0,0.00,35373012.15,39317113.42,0
HH002244,0,0,0,0.00,3080931.74,3631878.01,0
HH002245,0,0,0,0.00,2316453.67,2324840.02,0
HH002246,0,0,0,0.00,3789714.83,3746518.93,0
HH002247,0,0,0,0.00,31078971.31,31689555.19,0
HH002248,0,0,0,0.00,3176508.71,3374557.74,0
HH002249,0,1,1,1441019.33,2426217.79,1048963.50,0
HH002250,0,0,0,0.00,8545654.07,9974929.29,0
HH002251,0,0,0,0.00,3182069.01,3376491.03,0
HH002252,0,0,0,0.00,1645929.70,2683225.42,0
HH002253,0,0,0,0.00,3738794.53,3213929.25,0
HH002254,0,0,0,0.00,36001572.12,34480665.35,0
HH002255,0,0,0,0.00,30524272.31,61915068.69,0
HH002256,0,0,0,0.00,5861931.23,5672778.70,0
HH002257,0,0,0,0.00,29358055.79,34231747.45,0
HH002258,0,0,0,0.00,4843895.39,5151891.57,0
HH002259,0,0,0,0.00,1174165.53,1419988.59,0
HH002260,0,0,0,0.00,2406856.46,2717007.69,0
HH002261,0,0,0,0.00,24591841.15,28704786.36,0
HH002262,0,0,0,0.00,1100858.75,1181920.25,0
HH002263,0,1,1,2774686.60,5519593.28,3124935.25,0
HH002264,0,1,1,2710879.23,4927467.57,2383670.87,0
HH002265,0,0,0,0.00,10327144.94,11968720.00,0
HH002266,0,0,0,0.00,3025527.00,3470852.06,0
HH002267,0,0,0,0.00,6569929.07,7430462.57,0
HH002268,0,0,0,0.00,2894757.10,3783143.25,0
HH002269,0,0,0,0.00,9460216.47,9422768.08,0
HH002270,0,1,1,652849.72,1074334.63,459603.18,0
HH002271,0,0,0,0.00,8052099.59,8422918.39,0
HH002272,0,0,0,0.00,3637782.65,3433130.47,0
HH002273,0,0,0,0.00,1244610.29,1466244.56,0
HH002274,0,1,1,1201901.22,3756507.80,2854765.17,0
HH002275,0,0,0,0.00,3834374.40,4545531.50,0
HH002276,0,0,0,0.00,14764449.55,14133898.45,0
HH002277,0,0,0,0.00,4920929.12,6139586.40,0
HH002278,0,1,1,2441437.79,8858569.57,7003957.18,0
HH002279,0,0,0,0.00,1666756.34,547032.46,0
HH002280,0,1,1,1109772.01,3231458.02,2210678.14,0
HH002281,0,0,0,0.00,5219339.47,5729884.68,0
HH002282,0,0,0,0.00,4050202.45,5004787.40,0
HH002283,0,0,0,0.00,1631611.62,1393678.14,0
HH002284,0,1,1,2546076.92,7826482.03,5154741.29,0
HH002285,0,0,0,0.00,9249202.95,8821612.16,0
HH002286,0,0,0,0.00,12396504.67,12953919.34,0
HH002287,0,0,0,0.00,3953526.21,4810045.62,0
HH002288,0,0,0,0.00,2076975.33,2027128.70,0
HH002289,0,0,0,0.00,1788659.27,2065520.62,0
HH002290,0,0,0,0.00,3528952.29,3633270.04,0
HH002291,0,0,0,0.00,1374113.69,1451942.77,0
HH002292,0,1,1,34805732.21,63447423.25,27267051.14,0
HH002293,0,0,0,0.00,3489101.82,3403675.67,0
HH002294,0,0,0,0.00,3791459.46,3794292.09,0
HH002295,0,0,0,0.00,4369337.68,4494729.57,0
HH002296,0,0,0,0.00,6468271.34,7363451.44,0
HH002297,0,0,0,0.00,9990211.77,10143116.48,0
HH002298,0,0,0,0.00,10108979.41,11041406.75,0
HH002299,0,0,0,0.00,3101832.06,3087407.87,0
HH002300,0,1,1,868410.80,2459243.63,1112011.97,0
HH002301,0,0,0,0.00,9100153.17,10766883.09,0
HH002302,0,0,0,0.00,2147886.98,2143590.23,0
HH002303,0,0,0,0.00,2576402.81,2726879.52,0
HH002304,0,0,0,0.00,5178240.78,5475679.10,0
HH002305,0,0,0,0.00,6012853.37,6517533.33,0
HH002306,0,0,0,0.00,3205515.24,4542976.24,0
HH002307,0,0,0,0.00,7974841.29,8041814.78,0
HH002308,0,0,0,0.00,5507841.28,5858907.61,0
HH002309,0,0,0,0.00,8508845.10,11521202.03,0
HH002310,0,0,0,0.00,2949921.08,3246727.70,0
HH002311,0,0,0,0.00,2172925.54,2610370.49,0
HH002312,0,0,0,0.00,3841602.25,4115422.64,0
HH002313,0,1,1,490262.22,2442535.58,2060419.83,0
HH002314,0,0,0,0.00,3220821.00,3345647.10,0
HH002315,0,0,0,0.00,2568570.80,2611717.37,0
HH002316,0,0,0,0.00,1164955.85,995003.14,0
HH002317,0,0,0,0.00,3936590.65,3919275.04,0
HH002318,1,0,1,1831442.44,1854365.45,22923.01,6
HH002319,0,0,0,0.00,3995461.35,4384677.41,0
HH002320,0,0,0,0.00,19812732.52,20228789.83,0
HH002321,0,0,0,0.00,9379084.29,10425492.51,0
HH002322,0,0,0,0.00,16209042.84,15894430.43,0
HH002323,0,0,0,0.00,31672897.42,37245384.86,0
HH002324,0,0,0,0.00,3230031.53,3673968.97,0
HH002325,1,0,1,18380065.59,18694942.60,314877.01,2
HH002326,0,0,0,0.00,1880879.33,1914372.14,0
HH002327,0,0,0,0.00,12864355.36,13765227.94,0
HH002328,0,1,1,444180.98,1013045.54,644578.82,0
HH002329,0,0,0,0.00,3138080.38,3272574.71,0
HH002330,0,0,0,0.00,1646291.63,1756771.22,0
HH002331,1,0,1,3930503.50,3963512.21,33008.71,5
HH002332,0,0,0,0.00,1692291.52,1936051.19,0
HH002333,0,0,0,0.00,1640684.86,1738936.52,0
HH002334,0,1,1,3779809.70,18097016.83,17044865.11,0
HH002335,0,0,0,0.00,7320202.56,8486151.42,0
HH002336,1,0,1,4787888.20,4927126.32,139238.12,1
HH002337,0,1,1,3251494.09,14040051.63,12978837.24,0
HH002338,0,0,0,0.00,10487064.11,10595077.54,0
HH002339,0,0,0,0.00,1577950.17,2135046.98,0
HH002340,0,0,0,0.00,8420466.66,9668898.86,0
HH002341,1,0,1,5237105.93,5252502.06,15396.13,4
HH002342,0,0,0,0.00,5425389.29,6102519.55,0
HH002343,0,0,0,0.00,3672601.88,4515507.84,0
HH002344,0,0,0,0.00,10417124.33,11861134.66,0
HH002345,0,0,0,0.00,1032182.08,1199941.70,0
HH002346,0,0,0,0.00,1354024.75,1073557.95,0
HH002347,0,0,0,0.00,1139476.14,971306.45,0
HH002348,0,0,0,0.00,3267057.31,3089100.19,0
HH002349,0,1,1,3464307.03,6452485.24,3228658.66,0
HH002350,0,1,1,1212979.92,2193644.20,1034474.02,0
HH002351,0,1,1,815704.40,1461906.23,637397.68,0
HH002352,0,0,0,0.00,13381410.47,14250025.73,0
HH002353,0,0,0,0.00,4137349.94,4124029.85,0
HH002354,0,1,1,969785.76,3137682.92,2148818.34,0
HH002355,0,0,0,0.00,18072763.26,21268526.12,0
HH002356,0,0,0,0.00,23206029.72,23379675.15,0
HH002357,0,1,1,4932756.35,14750749.14,11302732.04,0
HH002358,0,0,0,0.00,2766074.73,3217267.48,0
HH002359,0,0,0,0.00,3601604.17,3290757.02,0
HH002360,0,0,0,0.00,21542966.91,20932102.48,0
HH002361,0,0,0,0.00,1570604.28,1762068.13,0
HH002362,0,1,1,2755600.56,12177400.79,18369109.47,0
HH002363,0,0,0,0.00,13308893.84,19039128.14,0
HH002364,0,0,0,0.00,8125476.55,8436063.63,0
HH002365,0,0,0,0.00,6687383.87,6904180.64,0
HH002366,0,0,0,0.00,1975397.03,1966306.63,0
HH002367,0,0,0,0.00,2137329.18,2272474.23,0
HH002368,0,0,0,0.00,21510329.96,22276365.18,0
HH002369,0,0,0,0.00,4784804.40,5632846.32,0
HH002370,0,0,0,0.00,2162653.39,1990718.81,0
HH002371,0,0,0,0.00,1153508.51,1451429.63,0
HH002372,0,0,0,0.00,12018634.55,13327201.60,0
HH002373,0,0,0,0.00,1044630.27,1024488.44,0
HH002374,0,0,0,0.00,5335325.99,5215221.20,0
HH002375,0,0,0,0.00,1733695.67,1893680.06,0
HH002376,1,0,1,6280807.77,6301497.89,20690.12,6
HH002377,0,0,0,0.00,12986628.61,12974881.49,0
HH002378,0,0,0,0.00,74884617.88,81270079.91,0
HH002379,0,0,0,0.00,1386853.91,1740683.09,0
HH002380,0,1,1,3313076.06,6830790.44,4142469.35,0
HH002381,,,,,4490921.56,4858984.81,0
HH002382,0,0,0,0.00,25181398.44,30172399.61,0
HH002383,0,0,0,0.00,17457083.24,21888138.82,0
HH002384,0,0,0,0.00,9546657.26,11069752.56,0
HH002385,0,0,0,0.00,4630698.07,4965992.47,0
HH002386,0,0,0,0.00,8999435.32,8523814.23,0
HH002387,0,0,0,0.00,1069015.75,1582257.49,0
HH002388,0,0,0,0.00,4385004.50,4030717.79,0
HH002389,0,0,0,0.00,5325104.10,5852860.60,0
HH002390,0,0,0,0.00,49312579.68,57010344.73,0
HH002391,0,0,0,0.00,16830878.86,19525362.17,0
HH002392,0,0,0,0.00,5427988.17,5627815.40,0
HH002393,0,0,0,0.00,1337634.79,1512401.70,0
HH002394,0,0,0,0.00,1565477.37,1247919.76,0
HH002395,0,0,0,0.00,7157737.01,7084976.42,0
HH002396,0,0,0,0.00,1724394.94,1744065.47,0
HH002397,,,,,31522193.50,30598903.50,0
HH002398,1,0,1,2045682.15,2079416.06,33733.91,4
HH002399,1,0,1,4054563.90,4121816.97,67253.07,1
HH002400,0,0,0,0.00,1554096.52,1758205.93,0
HH002401,0,0,0,0.00,1970660.31,1928076.82,0
HH002402,0,1,1,302094.62,1229350.79,836208.14,0
HH002403,0,0,0,0.00,5992134.11,6706260.50,0
HH002404,0,0,0,0.00,2042326.57,2101325.61,0
HH002405,0,1,1,1470518.51,4152454.39,2710130.67,0
HH002406,0,0,0,0.00,25332115.71,24652613.51,0
HH002407,0,0,0,0.00,1269571.32,1597960.65,0
HH002408,0,0,0,0.00,6616757.46,5836577.56,0
HH002409,0,0,0,0.00,7275452.12,8226497.95,0
HH002410,1,0,1,7541471.25,7568271.67,26800.42,1
HH002411,0,0,0,0.00,5572077.20,5446160.61,0
HH002412,0,0,0,0.00,9210996.11,10663176.75,0
HH002413,0,0,0,0.00,1456232.66,1833573.10,0
HH002414,0,0,0,0.00,6008714.50,5339718.26,0
HH002415,0,0,0,0.00,1875501.31,2212111.82,0
HH002416,0,0,0,0.00,1157865.03,1193902.73,0
HH002417,0,0,0,0.00,6900891.26,7153607.21,0
HH002418,0,0,0,0.00,20101880.25,21173682.09,0
HH002419,0,0,0,0.00,3088493.24,3696468.57,0
HH002420,0,0,0,0.00,1115412.70,1072028.62,0
HH002421,0,0,0,0.00,21608353.50,26689512.20,0
HH002422,0,0,0,0.00,9390703.53,8782790.82,0
HH002423,0,0,0,0.00,1929611.55,2530960.10,0
HH002424,1,0,1,2227120.87,2279409.87,52289.00,5
HH002425,0,0,0,0.00,4433143.64,5660455.98,0
HH002426,0,0,0,0.00,9870445.20,10240591.72,0
HH002427,0,1,1,1315274.78,2771968.09,1817720.42,0
HH002428,0,0,0,0.00,1749727.00,2082969.60,0
HH002429,0,0,0,0.00,1060834.54,940999.88,0
HH002430,1,0,1,55771125.02,56180207.61,409082.59,4
HH002431,0,0,0,0.00,1221818.37,1298731.45,0
HH002432,0,0,0,0.00,21532374.26,23095463.49,0
HH002433,0,0,0,0.00,1666574.62,1874516.58,0
HH002434,0,1,1,2919366.68,7484866.35,4645001.41,0
HH002435,0,0,0,0.00,3968580.97,4624765.96,0
HH002436,0,0,0,0.00,4331406.51,2813640.99,0
HH002437,0,0,0,0.00,22666943.55,23050443.06,0
HH002438,0,0,0,0.00,5815659.29,6787591.86,0
HH002439,0,0,0,0.00,12595858.36,11198629.63,0
HH002440,0,0,0,0.00,4505949.92,4476008.21,0
HH002441,0,0,0,0.00,2452082.26,2242606.39,0
HH002442,0,0,0,0.00,5787491.01,6898658.27,0
HH002443,0,0,0,0.00,4047040.56,4832468.06,0
HH002444,0,0,0,0.00,3031857.13,2799976.11,0
HH002445,0,0,0,0.00,13750335.57,15522846.46,0
HH002446,0,0,0,0.00,5961561.97,5637921.52,0
HH002447,0,0,0,0.00,1270127.07,1467566.28,0
HH002448,0,0,0,0.00,5981224.90,6498954.43,0
HH002449,0,0,0,0.00,6145587.08,6354229.82,0
HH002450,0,0,0,0.00,6085228.21,6744172.27,0
HH002451,0,0,0,0.00,22337925.78,25804110.13,0
HH002452,0,0,0,0.00,9392540.42,9679403.37,0
HH002453,0,0,0,0.00,5175474.49,7234167.31,0
HH002454,1,0,1,6041895.24,6175109.57,133214.33,3
HH002455,0,0,0,0.00,7152058.86,8535703.86,0
HH002456,0,0,0,0.00,25026569.48,26909385.36,0
HH002457,0,0,0,0.00,8600541.77,7627388.89,0
HH002458,0,1,1,1048725.89,3095367.25,2244600.56,0
HH002459,0,0,0,0.00,1678485.00,1743406.90,0
HH002460,0,0,0,0.00,57867099.88,65675155.39,0
HH002461,0,0,0,0.00,3288799.12,3782307.58,0
HH002462,0,0,0,0.00,2372580.23,3757145.93,0
HH002463,0,0,0,0.00,14060371.81,14330984.12,0
HH002464,0,0,0,0.00,6587972.84,7307134.25,0
HH002465,0,0,0,0.00,15010133.15,19742389.32,0
HH002466,0,0,0,0.00,3170814.83,3551205.93,0
HH002467,0,0,0,0.00,5703283.02,6286714.61,0
HH002468,0,1,1,12851466.25,57802922.87,47480656.94,0
HH002469,0,0,0,0.00,1524832.98,2053491.12,0
HH002470,0,0,0,0.00,1869907.96,2038499.39,0
HH002471,0,0,0,0.00,13416290.76,13291072.26,0
HH002472,0,0,0,0.00,11536104.60,10851296.57,0
HH002473,0,0,0,0.00,7448302.55,7754206.58,0
HH002474,1,0,1,3757282.55,3768028.98,10746.43,5
HH002475,0,0,0,0.00,9657132.65,11728422.57,0
HH002476,0,0,0,0.00,4826165.27,5275753.55,0
HH002477,0,1,1,1797952.98,2411584.45,719445.32,0
HH002478,0,0,0,0.00,24613206.33,28583787.21,0
HH002479,0,0,0,0.00,4538885.71,4421356.77,0
HH002480,0,0,0,0.00,12695577.34,14686127.34,0
HH002481,0,1,1,710486.83,1714043.26,835495.84,0
HH002482,0,0,0,0.00,48624457.62,42853070.32,0
HH002483,0,0,0,0.00,7629870.28,8277909.16,0
HH002484,0,0,0,0.00,8043950.97,9518222.28,0
HH002485,,,,,4565925.71,6638347.11,0
HH002486,0,0,0,0.00,99747101.87,106213885.89,0
HH002487,0,0,0,0.00,6564956.54,7707912.61,0
HH002488,1,0,1,6223515.91,6370273.92,146758.01,5
HH002489,0,0,0,0.00,2724709.13,2143892.48,0
HH002490,0,1,1,2558137.73,4368815.11,1983445.91,0
HH002491,1,0,1,9413137.45,9584089.11,170951.66,6
HH002492,0,0,0,0.00,1282733.72,1423825.03,0
HH002493,0,0,0,0.00,5792014.28,6144048.28,0
HH002494,0,0,0,0.00,1011050.25,1130133.54,0
HH002495,0,0,0,0.00,4464814.25,4584465.82,0
HH002496,0,0,0,0.00,2099258.22,1994805.58,0
HH002497,0,0,0,0.00,132501584.59,149183035.45,0
HH002498,0,0,0,0.00,2299878.09,2640064.74,0
HH002499,0,0,0,0.00,1793563.81,2497212.22,0
HH002500,0,0,0,0.00,10177078.23,10565910.61,0
HH002501,0,0,0,0.00,1112752.17,1090984.95,0
HH002502,0,0,0,0.00,1555519.40,1607465.14,0
HH002503,0,0,0,0.00,30502174.10,31912560.44,0
HH002504,0,0,0,0.00,20371536.64,20498502.31,0
HH002505,0,0,0,0.00,2294683.96,3235125.72,0
HH002506,0,0,0,0.00,9223337.34,10313046.26,0
HH002507,0,0,0,0.00,7029433.06,9223392.19,0
HH002508,0,0,0,0.00,14811715.01,18527252.45,0
HH002509,0,1,1,901568.77,2199705.41,1558824.37,0
HH002510,0,0,0,0.00,2394028.29,2413589.14,0
HH002511,0,1,1,1460056.24,2705817.29,1190572.14,0
HH002512,0,0,0,0.00,3882413.47,4417130.63,0
HH002513,0,1,1,6893420.34,20609475.85,15377493.87,0
HH002514,0,0,0,0.00,5170866.51,5395013.75,0
HH002515,0,1,1,793180.28,1901556.29,952942.25,0
HH002516,0,1,1,1770908.29,3768133.23,1783735.82,0
HH002517,0,0,0,0.00,11802281.02,13115685.67,0
HH002518,0,0,0,0.00,4798917.21,4878815.96,0
HH002519,0,0,0,0.00,1077871.44,1259310.66,0
HH002520,0,0,0,0.00,26986071.33,31724870.35,0
HH002521,0,0,0,0.00,7598204.66,8878865.57,0
HH002522,0,0,0,0.00,18797822.43,21400979.09,0
HH002523,0,0,0,0.00,2386376.39,2391256.41,0
HH002524,0,0,0,0.00,93149273.60,104662173.09,0
HH002525,0,0,0,0.00,10115219.21,11464445.11,0
HH002526,0,0,0,0.00,10036669.63,10305190.60,0
HH002527,0,0,0,0.00,1882931.56,2159085.47,0
HH002528,0,0,0,0.00,1771497.68,1899058.81,0
HH002529,0,0,0,0.00,1622395.97,1613379.03,0
HH002530,1,0,1,5937336.93,6083485.72,146148.79,2
HH002531,0,0,0,0.00,1706676.31,1433230.84,0
HH002532,0,0,0,0.00,6330343.08,7113899.07,0
HH002533,0,1,1,1638382.31,3099806.98,1381850.86,0
HH002534,0,0,0,0.00,4118120.39,4336348.93,0
HH002535,0,0,0,0.00,1360494.11,1478100.35,0
HH002536,0,0,0,0.00,2579647.56,2641771.79,0
HH002537,0,0,0,0.00,5974572.97,6441979.50,0
HH002538,0,0,0,0.00,10279304.41,10754345.75,0
HH002539,0,0,0,0.00,8400882.75,9405314.50,0
HH002540,0,0,0,0.00,1657061.39,1862733.45,0
HH002541,0,0,0,0.00,1189078.89,2447461.25,0
HH002542,0,0,0,0.00,4819489.23,5391173.82,0
HH002543,0,0,0,0.00,4913043.83,6276017.97,0
HH002544,0,0,0,0.00,1466029.18,1716595.58,0
HH002545,0,0,0,0.00,5098085.42,5048955.39,0
HH002546,1,0,1,2455972.74,2516607.88,60635.14,5
HH002547,0,0,0,0.00,2941957.57,3009639.52,0
HH002548,0,0,0,0.00,25352605.95,24898508.79,0
HH002549,0,0,0,0.00,108392776.37,114168970.38,0
HH002550,0,0,0,0.00,4692945.25,4865974.72,0
HH002551,0,0,0,0.00,3347350.56,3825946.88,0
HH002552,0,0,0,0.00,88435924.89,117788863.43,0
HH002553,0,0,0,0.00,3097526.72,3153113.21,0
HH002554,0,0,0,0.00,4758520.10,4621443.45,0
HH002555,0,0,0,0.00,10268123.88,11852887.48,0
HH002556,0,0,0,0.00,1015628.42,1220076.91,0
HH002557,0,1,1,6805891.84,17173030.91,10873523.54,0
HH002558,0,0,0,0.00,7850632.53,7768530.14,0
HH002559,0,0,0,0.00,1851666.05,1795509.62,0
HH002560,0,0,0,0.00,11495994.53,11846689.34,0
HH002561,0,0,0,0.00,3839733.61,3918423.94,0
HH002562,0,0,0,0.00,11454984.53,12037092.67,0
HH002563,0,0,0,0.00,2878253.84,2551704.07,0
HH002564,0,0,0,0.00,32078005.53,30405360.58,0
HH002565,0,0,0,0.00,1117978.59,966919.02,0
HH002566,0,0,0,0.00,1614332.14,1113712.18,0
HH002567,0,0,0,0.00,4560565.27,4364702.46,0
HH002568,0,0,0,0.00,1841714.95,2022494.95,0
HH002569,0,0,0,0.00,1208343.36,1337412.78,0
HH002570,0,0,0,0.00,7338805.60,8376858.77,0
HH002571,0,0,0,0.00,1530679.01,1969469.58,0
HH002572,0,0,0,0.00,1060482.80,1104118.62,0
HH002573,0,0,0,0.00,13750960.59,19587128.12,0
HH002574,0,0,0,0.00,2189746.75,3192003.59,0
HH002575,0,0,0,0.00,2442382.31,2921504.33,0
HH002576,0,0,0,0.00,1238804.85,1287851.96,0
HH002577,0,0,0,0.00,2397824.57,2931801.03,0
HH002578,0,0,0,0.00,4272633.48,4065128.41,0
HH002579,0,0,0,0.00,7161983.29,6471291.70,0
HH002580,0,0,0,0.00,5664186.66,6255370.15,0
HH002581,0,0,0,0.00,2188212.83,2408887.33,0
HH002582,0,1,1,660201.94,2845500.85,2331309.17,0
HH002583,0,0,0,0.00,7749812.80,7118459.09,0
HH002584,0,0,0,0.00,9966743.82,10574522.41,0
HH002585,0,1,1,4172482.11,15180698.87,11618903.26,0
HH002586,0,0,0,0.00,2641995.47,2981767.11,0
HH002587,0,0,0,0.00,1404322.36,1011122.04,0
HH002588,0,0,0,0.00,13692380.26,14964074.64,0
HH002589,0,0,0,0.00,11276360.67,15790802.62,0
HH002590,0,0,0,0.00,14149583.74,15916326.92,0
HH002591,0,1,1,8603456.81,26334966.73,18685994.46,0
HH002592,0,0,0,0.00,4950471.61,4858656.09,0
HH002593,0,0,0,0.00,7389621.54,7578586.21,0
HH002594,0,0,0,0.00,11783358.12,18132453.12,0
HH002595,0,0,0,0.00,3000967.09,4315967.95,0
HH002596,0,1,1,718661.52,1991686.44,1145234.93,0
HH002597,0,1,1,5234451.16,19675692.81,14950357.70,0
HH002598,0,0,0,0.00,5180331.67,5231650.04,0
HH002599,0,0,0,0.00,6789773.20,8035660.46,0
HH002600,0,0,0,0.00,3512637.75,3727996.00,0
HH002601,0,0,0,0.00,1480439.59,1431807.80,0
HH002602,0,0,0,0.00,5919453.40,6782644.75,0
HH002603,0,0,0,0.00,7762693.28,8732805.09,0
HH002604,0,0,0,0.00,1440097.03,1307263.67,0
HH002605,0,0,0,0.00,223654856.99,246193604.42,0
HH002606,0,0,0,0.00,4183563.74,4975781.94,0
HH002607,0,1,1,753918.58,2581582.18,2106380.06,0
HH002608,0,1,1,3647395.86,12147627.30,7915593.85,0
HH002609,0,0,0,0.00,9532090.78,8427025.19,0
HH002610,0,0,0,0.00,20791659.67,21788203.86,0
HH002611,0,0,0,0.00,3012228.66,3019660.32,0
HH002612,1,0,1,7342376.17,7536541.30,194165.13,4
HH002613,0,0,0,0.00,6359082.54,7470812.39,0
HH002614,,,,,3225262.36,4079962.45,0
HH002615,0,0,0,0.00,25669180.66,30980131.93,0
HH002616,0,1,1,3239797.25,7647337.32,4788071.30,0
HH002617,0,0,0,0.00,1354121.91,1822800.43,0
HH002618,0,0,0,0.00,1004216.25,1077026.13,0
HH002619,1,0,1,2353972.25,2361701.47,7729.22,2
HH002620,0,0,0,0.00,1311374.97,1421384.61,0
HH002621,0,0,0,0.00,7708934.49,9116907.75,0
HH002622,0,0,0,0.00,14546963.01,13816767.44,0
HH002623,0,0,0,0.00,15094090.03,16226719.91,0
HH002624,1,0,1,1247240.73,1255474.40,8233.67,2
HH002625,0,0,0,0.00,11949017.99,11132299.56,0
HH002626,0,0,0,0.00,6857044.82,7484137.00,0
HH002627,0,0,0,0.00,5745746.73,6273096.09,0
HH002628,0,0,0,0.00,2797660.25,3455277.14,0
HH002629,0,0,0,0.00,12870384.91,13910227.96,0
HH002630,0,1,1,1199856.96,3685333.36,2979866.55,0
HH002631,0,0,0,0.00,7360350.10,7729700.58,0
HH002632,0,0,0,0.00,27910507.61,28101008.48,0
HH002633,0,0,0,0.00,1165020.11,1085612.61,0
HH002634,0,0,0,0.00,5595145.98,5537373.29,0
HH002635,0,0,0,0.00,4648441.44,4944751.68,0
HH002636,0,0,0,0.00,5849617.56,5278025.17,0
HH002637,0,0,0,0.00,5672511.56,6367148.13,0
HH002638,0,0,0,0.00,1981949.42,2430508.35,0
HH002639,0,0,0,0.00,1622116.84,1872150.05,0
HH002640,0,0,0,0.00,2792244.10,2850221.87,0
HH002641,0,0,0,0.00,5731706.35,6408616.99,0
HH002642,0,0,0,0.00,7257923.66,8178144.42,0
HH002643,0,0,0,0.00,1166925.16,1628285.48,0
HH002644,0,0,0,0.00,3544019.81,3498524.74,0
HH002645,0,0,0,0.00,7745095.65,7154827.35,0
HH002646,0,0,0,0.00,2699280.55,2877496.44,0
HH002647,1,0,1,1051146.35,1076057.69,24911.34,6
HH002648,1,0,1,3176136.45,3231483.20,55346.75,3
HH002649,0,0,0,0.00,7688835.22,8142422.55,0
HH002650,0,0,0,0.00,1107325.60,847757.01,0
HH002651,0,0,0,0.00,11563823.17,11533731.46,0
HH002652,0,0,0,0.00,24665575.30,27839735.11,0
HH002653,0,0,0,0.00,3723456.20,3957282.32,0
HH002654,0,1,1,1840038.33,7920862.04,7062863.91,0
HH002655,0,1,1,1058541.03,2873731.20,2186825.78,0
HH002656,0,0,0,0.00,3392463.35,3472576.95,0
HH002657,0,0,0,0.00,2216493.61,2195371.92,0
HH002658,0,0,0,0.00,2022286.96,2171759.34,0
HH002659,0,0,0,0.00,14134515.30,14473103.97,0
HH002660,0,0,0,0.00,7952614.81,7858725.72,0
HH002661,0,0,0,0.00,2977438.86,2995133.56,0
HH002662,0,0,0,0.00,1218119.60,1325900.25,0
HH002663,0,0,0,0.00,1862864.07,1920432.09,0
HH002664,0,0,0,0.00,4806757.68,6007158.25,0
HH002665,0,0,0,0.00,2032854.06,2039533.05,0
HH002666,0,0,0,0.00,1953854.56,2421614.42,0
HH002667,0,0,0,0.00,7312971.97,7100887.80,0
HH002668,0,0,0,0.00,12029819.76,12465103.48,0
HH002669,0,0,0,0.00,9071071.13,8848538.46,0
HH002670,0,0,0,0.00,12878867.00,16893486.98,0
HH002671,0,0,0,0.00,50252965.93,53099013.97,0
HH002672,1,0,1,1365812.76,1384353.79,18541.03,1
HH002673,0,0,0,0.00,2245772.70,2368246.46,0
HH002674,0,1,1,600280.51,2510569.11,2066046.37,0
HH002675,0,0,0,0.00,18387741.57,20921647.81,0
HH002676,0,0,0,0.00,1801383.64,1958963.80,0
HH002677,0,0,0,0.00,1161018.78,1392828.66,0
HH002678,0,1,1,3035753.16,10243293.91,7845098.90,0
HH002679,0,0,0,0.00,3431755.64,3780350.12,0
HH002680,0,1,1,2373507.62,6972019.58,3728262.05,0
HH002681,0,0,0,0.00,7042874.79,8481399.24,0
HH002682,0,0,0,0.00,5826952.98,5833004.72,0
HH002683,0,0,0,0.00,8100062.83,8833601.29,0
HH002684,0,0,0,0.00,5643407.39,5531441.85,0
HH002685,0,0,0,0.00,1092481.44,1263709.78,0
HH002686,0,0,0,0.00,8040349.25,7597374.36,0
HH002687,0,0,0,0.00,2318180.56,2487733.89,0
HH002688,0,0,0,0.00,115333125.66,133448694.08,0
HH002689,0,1,1,1701813.30,2910888.68,1399237.34,0
HH002690,0,0,0,0.00,1392624.46,1568847.05,0
HH002691,0,0,0,0.00,6233950.09,7233712.26,0
HH002692,0,0,0,0.00,1847171.90,1644595.31,0
HH002693,0,0,0,0.00,1558441.06,1688410.06,0
HH002694,0,0,0,0.00,8267215.49,9962587.69,0
HH002695,0,0,0,0.00,5398673.15,5946260.22,0
HH002696,0,0,0,0.00,13353571.52,11988394.97,0
HH002697,0,0,0,0.00,13002695.68,15455453.19,0
HH002698,0,0,0,0.00,8895560.43,8182215.41,0
HH002699,0,0,0,0.00,4558283.00,4827121.37,0
HH002700,0,0,0,0.00,1716478.28,1860133.65,0
HH002701,0,0,0,0.00,6672058.68,7096925.84,0
HH002702,0,0,0,0.00,17191854.56,17178043.26,0
HH002703,0,0,0,0.00,107754240.82,129872200.38,0
HH002704,0,0,0,0.00,1268977.33,1699518.85,0
HH002705,0,0,0,0.00,8863478.55,8448967.48,0
HH002706,0,0,0,0.00,18413540.32,19287627.47,0
HH002707,1,0,1,1499000.10,1540294.12,41294.02,5
HH002708,0,0,0,0.00,11867643.97,13859451.66,0
HH002709,0,1,1,12435433.73,22471937.21,11376571.01,0
HH002710,1,0,1,7109263.76,7151027.39,41763.63,3
HH002711,0,0,0,0.00,12108403.18,14330084.28,0
HH002712,0,1,1,3527145.44,7030415.79,4018412.93,0
HH002713,0,0,0,0.00,2656548.11,2883998.71,0
HH002714,0,0,0,0.00,9254079.89,9584486.42,0
HH002715,0,0,0,0.00,2841288.48,3090963.36,0
HH002716,0,0,0,0.00,11177430.58,11174566.49,0
HH002717,0,0,0,0.00,5776204.25,6305790.79,0
HH002718,0,0,0,0.00,1656895.36,1953637.77,0
HH002719,0,0,0,0.00,7353534.08,7482726.53,0
HH002720,0,0,0,0.00,4512105.88,4625732.09,0
HH002721,0,0,0,0.00,12653908.56,12318885.08,0
HH002722,0,0,0,0.00,61272393.53,70273375.50,0
HH002723,0,0,0,0.00,12776501.11,14115798.61,0
HH002724,0,0,0,0.00,2235283.51,2687773.46,0
HH002725,0,0,0,0.00,12781563.37,12843245.24,0
HH002726,0,0,0,0.00,8823326.33,9949893.09,0
HH002727,0,0,0,0.00,4222598.82,4743580.96,0
HH002728,0,0,0,0.00,3154469.82,3323283.80,0
HH002729,0,0,0,0.00,1099294.24,1270832.86,0
HH002730,0,0,0,0.00,7314461.69,8089165.07,0
HH002731,0,0,0,0.00,1818221.03,1815635.46,0
HH002732,0,0,0,0.00,7306932.61,7730891.06,0
HH002733,0,0,0,0.00,7280382.59,8246837.65,0
HH002734,0,0,0,0.00,6110684.09,6354373.56,0
HH002735,0,1,1,6089882.51,12379304.47,7071414.79,0
HH002736,0,0,0,0.00,6564930.02,8253880.17,0
HH002737,0,0,0,0.00,1195879.00,1393712.23,0
HH002738,0,0,0,0.00,18164236.94,19307427.21,0
HH002739,0,0,0,0.00,5675439.12,5331044.01,0
HH002740,0,0,0,0.00,2224577.68,2243765.93,0
HH002741,0,0,0,0.00,7493095.63,6890134.40,0
HH002742,0,1,1,1823753.12,4496998.25,3160060.38,0
HH002743,0,0,0,0.00,1182577.30,1509513.01,0
HH002744,0,0,0,0.00,5287850.78,6590144.83,0
HH002745,0,0,0,0.00,17233179.34,18299756.21,0
HH002746,0,0,0,0.00,3223438.10,3603277.54,0
HH002747,0,0,0,0.00,5536528.65,5741361.35,0
HH002748,0,0,0,0.00,2607553.92,2762845.10,0
HH002749,0,1,1,13474251.74,29779868.45,16503784.38,0
HH002750,0,1,1,1880813.64,3044528.42,1255333.72,0
HH002751,0,0,0,0.00,5444156.35,6008363.79,0
HH002752,0,0,0,0.00,2214660.56,2504431.51,0
HH002753,0,0,0,0.00,5063462.11,5537385.21,0
HH002754,0,0,0,0.00,9861393.00,11442754.99,0
HH002755,0,0,0,0.00,8747909.18,9406996.62,0
HH002756,0,0,0,0.00,16779769.02,18722456.39,0
HH002757,0,0,0,0.00,1899432.49,2134878.01,0
HH002758,1,0,1,1855253.95,1866144.78,10890.83,2
HH002759,0,0,0,0.00,5660708.50,6361449.76,0
HH002760,0,0,0,0.00,8987126.04,8955726.42,0
HH002761,0,0,0,0.00,4087705.95,3894324.76,0
HH002762,0,0,0,0.00,19817102.98,27698374.30,0
HH002763,0,0,0,0.00,4196058.85,4488204.09,0
HH002764,0,0,0,0.00,10754435.63,10950740.14,0
HH002765,0,0,0,0.00,8398390.85,8910068.66,0
HH002766,0,0,0,0.00,6630484.53,7587784.05,0
HH002767,0,1,1,507526.92,1658005.00,1546746.02,0
HH002768,0,0,0,0.00,1195089.02,1350289.22,0
HH002769,1,0,1,2351379.60,2357665.89,6286.29,3
HH002770,0,0,0,0.00,28845503.41,32307810.17,0
HH002771,0,0,0,0.00,18764477.40,20855751.78,0
HH002772,0,0,0,0.00,1148569.50,1114349.36,0
HH002773,0,0,0,0.00,12948308.79,15834496.52,0
HH002774,0,0,0,0.00,14654009.08,14395423.58,0
HH002775,0,0,0,0.00,10393801.56,12708126.65,0
HH002776,0,0,0,0.00,1649041.62,1778316.11,0
HH002777,0,0,0,0.00,3570117.43,3879775.34,0
HH002778,0,0,0,0.00,12504381.19,12123114.91,0
HH002779,0,0,0,0.00,18319373.60,18491951.68,0
HH002780,0,0,0,0.00,1203438.22,1406570.15,0
HH002781,0,0,0,0.00,12374633.36,13405083.81,0
HH002782,0,0,0,0.00,2995774.16,3052897.31,0
HH002783,0,0,0,0.00,6097379.81,6579006.76,0
HH002784,0,0,0,0.00,4707541.75,5675211.05,0
HH002785,0,0,0,0.00,1219718.55,1141694.30,0
HH002786,0,0,0,0.00,13245717.70,14595149.04,0
HH002787,0,0,0,0.00,3063696.27,3271930.79,0
HH002788,0,0,0,0.00,2312557.03,2609398.27,0
HH002789,0,0,0,0.00,4813066.23,3470752.41,0
HH002790,0,0,0,0.00,8511292.00,8844241.24,0
HH002791,0,0,0,0.00,1832418.10,2194194.39,0
HH002792,0,0,0,0.00,2155504.03,2370205.87,0
HH002793,1,0,1,6413577.16,6605735.16,192158.00,4
HH002794,0,0,0,0.00,3651995.74,5242865.14,0
HH002795,0,0,0,0.00,3375584.28,2541209.63,0
HH002796,0,0,0,0.00,6268353.05,6259875.03,0
HH002797,0,0,0,0.00,10750900.26,9382004.69,0
HH002798,0,0,0,0.00,11853492.85,12403584.52,0
HH002799,0,0,0,0.00,3354477.89,3084773.36,0
HH002800,0,0,0,0.00,1358970.59,1580570.38,0
HH002801,0,0,0,0.00,10875918.81,10302646.91,0
HH002802,0,0,0,0.00,2040405.75,2055694.98,0
HH002803,0,0,0,0.00,4438101.45,4580978.97,0
HH002804,0,0,0,0.00,1605999.63,1791436.93,0
HH002805,0,0,0,0.00,7599435.42,7751638.27,0
HH002806,0,1,1,2061057.07,4004569.53,2333346.76,0
HH002807,0,1,1,23489315.22,46129875.58,23050892.72,0
HH002808,0,1,1,3791765.08,8082599.40,4592051.54,0
HH002809,0,0,0,0.00,1752299.29,2084644.22,0
HH002810,0,0,0,0.00,6021930.56,6436042.99,0
HH002811,0,1,1,970877.55,1639105.13,704813.41,0
HH002812,0,0,0,0.00,1037728.43,900556.66,0
HH002813,0,1,1,4527656.54,13921482.93,7848892.71,0
HH002814,0,0,0,0.00,2125544.36,2414280.37,0
HH002815,0,0,0,0.00,1375073.84,1319261.01,0
HH002816,0,0,0,0.00,5570495.09,6015598.89,0
HH002817,0,0,0,0.00,2721400.80,2793191.65,0
HH002818,0,1,1,5246959.32,9072905.78,4249929.94,0
HH002819,0,0,0,0.00,8239372.02,9584168.47,0
HH002820,0,0,0,0.00,1247177.66,1118040.73,0
HH002821,0,0,0,0.00,2796747.27,3011887.97,0
HH002822,0,0,0,0.00,10972484.05,9844397.21,0
HH002823,0,0,0,0.00,6847103.66,8011047.93,0
HH002824,0,0,0,0.00,1905430.55,2120465.12,0
HH002825,0,0,0,0.00,1519815.18,1581512.39,0
HH002826,0,0,0,0.00,2356157.34,2762796.33,0
HH002827,0,0,0,0.00,5131544.81,4072364.39,0
HH002828,0,0,0,0.00,30854033.71,31326314.23,0
HH002829,0,0,0,0.00,5470930.17,6172531.32,0
HH002830,1,0,1,19495338.00,20051220.35,555882.35,2
HH002831,0,0,0,0.00,5187861.44,5361096.32,0
HH002832,0,0,0,0.00,30116222.90,32143675.27,0
HH002833,0,0,0,0.00,2624390.59,2295216.42,0
HH002834,0,0,0,0.00,7467139.07,9581237.52,0
HH002835,0,0,0,0.00,8032331.62,9442658.73,0
HH002836,0,1,1,4053780.79,7494184.61,3476254.13,0
HH002837,0,0,0,0.00,10073653.92,10320783.50,0
HH002838,,,,,8428130.90,8776277.92,0
HH002839,0,1,1,36750952.46,99056642.53,62796576.16,0
HH002840,0,0,0,0.00,22666868.85,21803167.60,0
HH002841,0,0,0,0.00,10118491.43,11501386.20,0
HH002842,0,0,0,0.00,8355425.73,9391927.39,0
HH002843,0,0,0,0.00,6376683.95,7375601.17,0
HH002844,0,0,0,0.00,2159558.22,2475755.53,0
HH002845,0,0,0,0.00,3591992.00,3695679.31,0
HH002846,0,0,0,0.00,1005262.49,1038146.95,0
HH002847,0,0,0,0.00,9506258.32,11017671.37,0
HH002848,0,0,0,0.00,2924093.53,3158856.93,0
HH002849,1,0,1,8224504.72,8417574.90,193070.18,3
HH002850,0,0,0,0.00,2749278.17,2913072.04,0
HH002851,0,0,0,0.00,256514351.38,295241353.41,0
HH002852,0,0,0,0.00,2047114.68,2161075.41,0
HH002853,1,0,1,2148979.63,2176937.81,27958.18,2
HH002854,0,1,1,1900370.48,4532977.27,2516488.58,0
HH002855,0,0,0,0.00,3391118.35,3424203.40,0
HH002856,0,0,0,0.00,8116876.26,9187592.73,0
HH002857,0,0,0,0.00,7209751.50,6705642.76,0
HH002858,0,0,0,0.00,2245358.05,2514627.84,0
HH002859,0,0,0,0.00,4123689.23,3803776.75,0
HH002860,0,0,0,0.00,10728255.42,9853270.21,0
HH002861,0,0,0,0.00,1952328.10,2114189.42,0
HH002862,0,0,0,0.00,8863909.12,7121101.62,0
HH002863,0,0,0,0.00,26466716.86,27977838.34,0
HH002864,0,0,0,0.00,3492585.55,3190648.50,0
HH002865,0,1,1,3823072.29,9866210.50,6459260.59,0
HH002866,0,0,0,0.00,2789417.19,2993390.20,0
HH002867,0,0,0,0.00,2825059.98,2937616.79,0
HH002868,0,0,0,0.00,1060041.75,1130255.06,0
HH002869,0,0,0,0.00,1369141.35,1468175.26,0
HH002870,0,0,0,0.00,21297705.07,23315202.23,0
HH002871,0,0,0,0.00,7350579.84,5715002.49,0
HH002872,0,0,0,0.00,7642243.75,8289422.39,0
HH002873,,,,,5320844.51,5563487.88,0
HH002874,0,0,0,0.00,3637469.39,4053251.59,0
HH002875,0,0,0,0.00,1801602.64,2020225.92,0
HH002876,0,0,0,0.00,1041482.51,1207661.38,0
HH002877,0,0,0,0.00,2113910.91,1828472.64,0
HH002878,,,,,1741253.85,1997606.76,0
HH002879,0,0,0,0.00,11331390.68,11750070.28,0
HH002880,0,0,0,0.00,5207595.68,5929569.61,0
HH002881,0,0,0,0.00,5149916.70,5424368.62,0
HH002882,0,0,0,0.00,5382504.77,6433345.88,0
HH002883,0,0,0,0.00,10047349.33,10941763.07,0
HH002884,0,0,0,0.00,2867561.94,4561145.07,0
HH002885,0,0,0,0.00,1187549.63,1195339.80,0
HH002886,0,0,0,0.00,5394499.16,6443401.76,0
HH002887,0,0,0,0.00,1245943.15,1349603.53,0
HH002888,0,0,0,0.00,3317816.09,3628819.13,0
HH002889,,,,,1354950.48,1595768.17,0
HH002890,0,0,0,0.00,24389165.39,22497542.10,0
HH002891,0,0,0,0.00,1178387.92,1346923.69,0
HH002892,0,0,0,0.00,9597592.73,8815708.93,0
HH002893,0,0,0,0.00,1273087.92,1250573.52,0
HH002894,0,0,0,0.00,1234045.76,1401768.44,0
HH002895,0,0,0,0.00,3241732.68,3588476.28,0
HH002896,0,0,0,0.00,1371537.31,1699752.90,0
HH002897,0,1,1,3222512.23,13155149.86,9820893.03,0
HH002898,0,0,0,0.00,11486517.60,13281153.90,0
HH002899,0,0,0,0.00,7701170.16,8514261.29,0
HH002900,1,0,1,1633676.60,1673522.58,39845.98,6
HH002901,0,0,0,0.00,2644482.63,3297658.33,0
HH002902,0,0,0,0.00,8405898.47,8522883.63,0
HH002903,0,1,1,25489771.88,46973184.81,22007476.59,0
HH002904,0,0,0,0.00,2642238.89,2325136.54,0
HH002905,0,0,0,0.00,4254797.92,5047549.43,0
HH002906,0,0,0,0.00,4178449.68,4783550.75,0
HH002907,1,0,1,5203311.29,5359000.81,155689.52,2
HH002908,0,0,0,0.00,1140515.87,1212803.14,0
HH002909,0,0,0,0.00,679479554.88,679071998.82,0
HH002910,0,1,1,737342.55,2318853.86,1555883.74,0
HH002911,0,0,0,0.00,60658378.25,71782983.31,0
HH002912,1,0,1,1005886.43,1028309.38,22422.95,4
HH002913,0,0,0,0.00,3431669.11,3745665.45,0
HH002914,0,0,0,0.00,12209706.10,13443724.45,0
HH002915,0,1,1,17392093.83,37647552.46,20884343.39,0
HH002916,1,0,1,6321733.50,6386055.40,64321.90,4
HH002917,0,0,0,0.00,2010147.89,686809.98,0
HH002918,0,0,0,0.00,24226019.84,25030266.53,0
HH002919,0,0,0,0.00,16750270.16,19527145.34,0
HH002920,0,0,0,0.00,4471881.50,4708658.37,0
HH002921,0,0,0,0.00,30996620.99,32482855.94,0
HH002922,0,0,0,0.00,1356105.90,858027.61,0
HH002923,0,0,0,0.00,11732812.60,11658972.06,0
HH002924,0,0,0,0.00,5149436.94,5364018.78,0
HH002925,0,0,0,0.00,5926655.91,5530766.13,0
HH002926,0,0,0,0.00,3981011.23,4909839.88,0
HH002927,0,0,0,0.00,8488723.32,6970875.19,0
HH002928,0,0,0,0.00,1739092.39,1671937.19,0
HH002929,0,0,0,0.00,3572790.80,3682121.49,0
HH002930,0,0,0,0.00,3721342.67,3714592.44,0
HH002931,0,0,0,0.00,5320875.25,6507371.56,0
HH002932,0,0,0,0.00,4207752.15,4311521.06,0
HH002933,0,0,0,0.00,15848646.87,17720984.96,0
HH002934,0,0,0,0.00,2720122.65,3205644.08,0
HH002935,0,0,0,0.00,31082143.55,34565330.03,0
HH002936,1,0,1,2884891.81,2953241.17,68349.36,1
HH002937,0,0,0,0.00,11166884.13,12278318.73,0
HH002938,0,0,0,0.00,15197673.85,18166736.90,0
HH002939,0,0,0,0.00,6338190.13,6166649.08,0
HH002940,0,0,0,0.00,8604520.87,9724363.72,0
HH002941,0,0,0,0.00,1936230.97,2018662.30,0
HH002942,0,0,0,0.00,9069599.56,10698537.96,0
HH002943,0,0,0,0.00,2655526.33,2975148.19,0
HH002944,0,0,0,0.00,1152055.81,1333663.46,0
HH002945,0,0,0,0.00,5340551.55,5732130.47,0
HH002946,0,0,0,0.00,1825428.32,1924007.21,0
HH002947,0,0,0,0.00,2228707.08,2374053.13,0
HH002948,0,0,0,0.00,42158826.21,57185328.13,0
HH002949,0,0,0,0.00,9496445.31,10488011.08,0
HH002950,0,0,0,0.00,4586139.62,4746629.23,0
HH002951,0,0,0,0.00,2588073.22,2303524.54,0
HH002952,0,0,0,0.00,3790305.27,3636828.08,0
HH002953,0,0,0,0.00,21380506.91,23686343.83,0
HH002954,0,0,0,0.00,4098920.63,3695649.57,0
HH002955,0,0,0,0.00,4684894.37,5385466.80,0
HH002956,0,0,0,0.00,5092432.84,4313882.30,0
HH002957,0,0,0,0.00,14648468.80,11014634.45,0
HH002958,0,0,0,0.00,4664124.80,4967029.69,0
HH002959,0,1,1,1143563.86,2103770.16,1007694.04,0
HH002960,0,0,0,0.00,2820338.19,3070483.57,0
HH002961,0,0,0,0.00,15491830.18,16952658.30,0
HH002962,1,0,1,1167095.91,1187148.22,20052.31,5
HH002963,0,1,1,3842178.89,7921751.79,4323404.47,0
HH002964,1,0,1,25836236.66,26099225.33,262988.67,1
HH002965,0,0,0,0.00,12272179.32,12867175.29,0
HH002966,0,0,0,0.00,6020656.89,7183153.14,0
HH002967,0,0,0,0.00,24796777.75,28258238.51,0
HH002968,0,0,0,0.00,1688265.47,1710509.69,0
HH002969,0,0,0,0.00,24319733.89,27004657.40,0
HH002970,0,1,1,4816115.54,15129274.27,12150052.34,0
HH002971,0,0,0,0.00,4159725.71,4987260.28,0
HH002972,0,0,0,0.00,3461968.82,3344545.85,0
HH002973,0,0,0,0.00,5379080.59,6221749.73,0
HH002974,0,0,0,0.00,10689209.69,12003094.70,0
HH002975,0,0,0,0.00,2522604.67,3167060.26,0
HH002976,0,0,0,0.00,3848041.07,2947024.21,0
HH002977,0,0,0,0.00,12451213.18,14651119.29,0
HH002978,0,0,0,0.00,8333897.86,9314529.83,0
HH002979,0,0,0,0.00,10696733.60,10681716.80,0
HH002980,0,0,0,0.00,3760603.23,3802027.52,0
HH002981,0,0,0,0.00,2123615.98,2434848.53,0
HH002982,0,1,1,633623.95,1723887.18,1104899.54,0
HH002983,0,0,0,0.00,5886206.49,6456131.13,0
HH002984,0,0,0,0.00,2455720.65,1953801.57,0
HH002985,0,0,0,0.00,3752889.59,3938861.04,0
HH002986,0,0,0,0.00,1338891.00,1323781.35,0
HH002987,0,0,0,0.00,4033566.57,3856071.62,0
HH002988,0,0,0,0.00,1058572.87,1281947.55,0
HH002989,0,0,0,0.00,13361535.53,15427656.54,0
HH002990,0,0,0,0.00,9254933.65,11949720.28,0
HH002991,0,0,0,0.00,6673813.10,7306020.98,0
HH002992,0,0,0,0.00,7305951.95,8027266.09,0
HH002993,0,0,0,0.00,3116382.83,4060917.23,0
HH002994,0,0,0,0.00,2252671.75,2490154.05,0
HH002995,0,0,0,0.00,13608009.37,10044917.84,0
HH002996,0,0,0,0.00,6069561.30,6502620.08,0
HH002997,0,1,1,1208538.64,3799595.66,2982395.43,0
HH002998,0,0,0,0.00,4004086.68,3529755.43,0
HH002999,0,0,0,0.00,3903369.67,3596662.80,0
HH003000,0,0,0,0.00,20370685.74,20358709.90,0
HH003001,0,0,0,0.00,13812164.42,15025051.23,0
HH003002,0,0,0,0.00,21630186.33,26793160.87,0
HH003003,0,0,0,0.00,17075688.81,12597121.23,0
HH003004,0,0,0,0.00,5124924.22,5287328.66,0
HH003005,0,0,0,0.00,14539586.54,16826066.22,0
HH003006,0,0,0,0.00,9157008.75,8707098.76,0
HH003007,0,0,0,0.00,64727684.78,79035063.28,0
HH003008,0,0,0,0.00,1202425.73,1259697.83,0
HH003009,0,0,0,0.00,2491054.57,2654130.03,0
HH003010,0,0,0,0.00,5136902.35,5186759.42,0
HH003011,0,0,0,0.00,4122239.11,4485130.54,0
HH003012,0,0,0,0.00,4414706.22,3620182.77,0
HH003013,0,0,0,0.00,14143850.41,13600456.34,0
HH003014,0,1,1,826331.83,2994125.94,1725193.93,0
HH003015,0,0,0,0.00,8580795.81,13758835.23,0
HH003016,0,0,0,0.00,1938374.15,2148826.50,0
HH003017,0,0,0,0.00,18436717.79,19482055.56,0
HH003018,1,0,1,2641960.99,2683390.24,41429.25,4
HH003019,0,0,0,0.00,25178409.18,28269450.16,0
HH003020,0,1,1,12204706.95,30345074.01,20420300.85,0
HH003021,0,0,0,0.00,268557158.50,342754249.85,0
HH003022,0,0,0,0.00,120086427.13,125924640.02,0
HH003023,0,0,0,0.00,3727118.81,5663126.32,0
HH003024,0,0,0,0.00,2408811.03,2849091.49,0
HH003025,0,0,0,0.00,41229697.98,47555384.88,0
HH003026,0,0,0,0.00,1495201.31,1683995.43,0
HH003027,0,0,0,0.00,8097421.64,8523130.53,0
HH003028,0,1,1,3591097.35,9257546.57,6745115.36,0
HH003029,0,0,0,0.00,24507081.86,26220215.65,0
HH003030,0,0,0,0.00,1599547.50,1486716.99,0
HH003031,1,0,1,5266520.38,5312771.76,46251.38,4
HH003032,0,0,0,0.00,7738902.32,8690523.39,0
HH003033,0,0,0,0.00,1715935.44,2705663.35,0
HH003034,0,0,0,0.00,15550949.81,17569063.95,0
HH003035,0,0,0,0.00,15944911.56,18906407.21,0
HH003036,0,0,0,0.00,2504027.47,2803040.67,0
HH003037,0,0,0,0.00,2970358.71,3024060.56,0
HH003038,0,0,0,0.00,5361474.03,6377035.19,0
HH003039,0,0,0,0.00,2266361.03,1739088.32,0
HH003040,0,0,0,0.00,93383034.08,115688936.97,0
HH003041,0,0,0,0.00,7946726.87,8119307.79,0
HH003042,0,1,1,2874225.06,8950198.96,6717611.02,0
HH003043,0,0,0,0.00,4208242.92,7069624.25,0
HH003044,0,0,0,0.00,7985355.12,7672749.92,0
HH003045,0,0,0,0.00,2342393.99,2703585.12,0
HH003046,0,0,0,0.00,2158407.40,2389369.67,0
HH003047,0,0,0,0.00,4367211.94,4816186.46,0
HH003048,0,0,0,0.00,8509108.27,10825698.83,0
HH003049,0,0,0,0.00,10941243.15,12347053.09,0
HH003050,0,0,0,0.00,7411819.11,8160826.45,0
HH003051,0,0,0,0.00,4149102.86,1822575.03,0
HH003052,0,0,0,0.00,2402482.96,2376987.90,0
HH003053,0,1,1,941466.25,3263030.22,2765121.90,0
HH003054,0,0,0,0.00,3754642.08,4314513.46,0
HH003055,0,0,0,0.00,10823620.86,11907436.20,0
HH003056,0,0,0,0.00,1360385.88,1547452.35,0
HH003057,0,0,0,0.00,7238865.37,6693918.50,0
HH003058,0,0,0,0.00,12910270.96,13240796.72,0
HH003059,0,0,0,0.00,2839026.40,3167828.40,0
HH003060,0,0,0,0.00,5670521.43,6209694.17,0
HH003061,0,0,0,0.00,8223990.23,9893900.36,0
HH003062,0,0,0,0.00,18905469.68,21112864.66,0
HH003063,0,0,0,0.00,3305556.39,3168733.07,0
HH003064,0,0,0,0.00,9499833.30,11288087.79,0
HH003065,1,0,1,1973915.61,2004396.02,30480.41,6
HH003066,0,0,0,0.00,5851202.22,5441534.84,0
HH003067,0,0,0,0.00,11182689.16,11545154.70,0
HH003068,0,0,0,0.00,17814917.67,17563142.92,0
HH003069,0,0,0,0.00,1045976.14,1246624.00,0
HH003070,0,0,0,0.00,1677085.78,1225622.50,0
HH003071,0,0,0,0.00,7611895.50,9728933.39,0
HH003072,0,0,0,0.00,12815341.77,13857906.97,0
HH003073,0,0,0,0.00,26454729.65,23955821.45,0
HH003074,0,0,0,0.00,35311428.97,35026203.38,0
HH003075,0,1,1,1531436.27,4145766.29,3024856.68,0
HH003076,0,1,1,1038931.98,2178141.14,1195342.27,0
HH003077,0,0,0,0.00,3248729.40,3416474.86,0
HH003078,1,0,1,6895906.75,7078138.34,182231.59,5
HH003079,0,0,0,0.00,2574030.32,2799487.74,0
HH003080,0,0,0,0.00,8784141.57,9849854.26,0
HH003081,0,0,0,0.00,3984794.22,3654799.80,0
HH003082,0,0,0,0.00,1995801.77,1969089.80,0
HH003083,0,0,0,0.00,4092491.08,4186711.42,0
HH003084,0,0,0,0.00,2888621.59,2775708.59,0
HH003085,0,1,1,1212891.40,2002880.53,973991.86,0
HH003086,0,0,0,0.00,6718215.97,6686419.30,0
HH003087,0,0,0,0.00,6314380.48,6111001.39,0
HH003088,0,0,0,0.00,2622585.08,2653688.08,0
HH003089,0,0,0,0.00,76530707.23,88760413.16,0
HH003090,0,0,0,0.00,10590896.67,8653763.42,0
HH003091,0,1,1,2225784.40,7904193.86,4610329.43,0
HH003092,0,0,0,0.00,8950733.55,8420657.45,0
HH003093,0,0,0,0.00,83451624.71,108039535.82,0
HH003094,0,1,1,1913458.80,7728511.34,5747514.92,0
HH003095,0,0,0,0.00,11984166.34,13657839.83,0
HH003096,0,0,0,0.00,3580111.27,4376952.38,0
HH003097,0,0,0,0.00,2675531.50,2899328.12,0
HH003098,0,0,0,0.00,7930901.40,9161819.72,0
HH003099,0,0,0,0.00,1992720.86,959689.50,0
HH003100,0,0,0,0.00,34347340.75,38007363.91,0
HH003101,0,0,0,0.00,4722359.04,5552851.09,0
HH003102,0,0,0,0.00,12176659.99,14442451.69,0
HH003103,0,0,0,0.00,4237528.04,4696766.18,0
HH003104,0,0,0,0.00,7077340.23,9638136.97,0
HH003105,0,0,0,0.00,4572996.41,4965905.36,0
HH003106,0,0,0,0.00,5257358.07,5228346.44,0
HH003107,0,0,0,0.00,24099796.78,25470428.00,0
HH003108,0,0,0,0.00,5067738.71,5236705.12,0
HH003109,0,0,0,0.00,1882079.54,2215734.06,0
HH003110,0,0,0,0.00,23183150.77,24103865.34,0
HH003111,0,1,1,3284273.77,10251449.35,7221950.13,0
HH003112,0,0,0,0.00,2464956.68,2942470.80,0
HH003113,0,0,0,0.00,1493912.27,1772771.65,0
HH003114,0,0,0,0.00,1634064.37,1461584.74,0
HH003115,1,0,1,2082609.12,2090897.15,8288.03,6
HH003116,0,0,0,0.00,35265867.06,64880757.83,0
HH003117,0,0,0,0.00,4963376.41,5200665.96,0
HH003118,0,0,0,0.00,3016878.79,3157843.29,0
HH003119,0,0,0,0.00,6523900.11,7375040.45,0
HH003120,0,0,0,0.00,1535013.03,1240360.74,0
HH003121,0,0,0,0.00,3188348.46,2496003.44,0
HH003122,0,0,0,0.00,11346344.47,14238479.54,0
HH003123,0,1,1,522495.55,1455282.71,959659.42,0
HH003124,0,0,0,0.00,2775228.90,2813849.08,0
HH003125,0,0,0,0.00,4228489.53,4493295.84,0
HH003126,0,0,0,0.00,24011675.18,27660057.00,0
HH003127,0,0,0,0.00,3718302.94,5561741.86,0
HH003128,0,0,0,0.00,1583647.28,1740388.84,0
HH003129,0,0,0,0.00,1735126.24,2142119.46,0
HH003130,0,0,0,0.00,4292759.04,3858434.48,0
HH003131,0,1,1,418270.89,2001413.47,3468154.45,0
HH003132,0,0,0,0.00,6470179.95,6206879.90,0
HH003133,0,0,0,0.00,20559923.01,20871760.12,0
HH003134,0,0,0,0.00,1529314.84,2326032.53,0
HH003135,0,1,1,1185903.57,4171427.34,3718512.95,0
HH003136,1,0,1,1433927.17,1453987.01,20059.84,4
HH003137,0,0,0,0.00,22740468.80,24926227.76,0
HH003138,0,0,0,0.00,3064558.34,3590062.22,0
HH003139,0,0,0,0.00,7019224.76,6062477.32,0
HH003140,0,0,0,0.00,3593087.35,3526736.48,0
HH003141,0,0,0,0.00,29009514.77,34008002.88,0
HH003142,0,0,0,0.00,11787566.76,11342513.62,0
HH003143,0,0,0,0.00,2223541.70,2204542.00,0
HH003144,0,0,0,0.00,1963540.24,2194097.96,0
HH003145,0,0,0,0.00,15294645.16,18033253.05,0
HH003146,0,0,0,0.00,5490281.27,5853215.43,0
HH003147,1,0,1,4546896.58,4570449.40,23552.82,6
HH003148,1,0,1,31922008.64,32353651.51,431642.87,4
HH003149,0,0,0,0.00,14849014.76,17339153.14,0
HH003150,0,0,0,0.00,2825663.02,3170410.81,0
HH003151,0,0,0,0.00,1131259.30,1143351.55,0
HH003152,0,0,0,0.00,1290935.39,1462251.68,0
HH003153,0,0,0,0.00,14291190.40,12629513.00,0
HH003154,0,0,0,0.00,19482139.00,19026425.38,0
HH003155,0,0,0,0.00,4200636.26,4522855.05,0
HH003156,0,0,0,0.00,12319328.43,13569022.93,0
HH003157,0,0,0,0.00,1162852.39,1403857.50,0
HH003158,0,0,0,0.00,1050516.55,1172767.88,0
HH003159,1,0,1,1314236.13,1352796.71,38560.58,2
HH003160,0,0,0,0.00,12531264.26,11984107.24,0
HH003161,0,0,0,0.00,3735305.38,4374794.41,0
HH003162,0,1,1,5370296.51,11079948.43,3502614.39,0
HH003163,0,0,0,0.00,6167150.79,5409635.96,0
HH003164,0,0,0,0.00,16638585.80,18081804.18,0
HH003165,0,0,0,0.00,8536631.35,9110823.50,0
HH003166,0,0,0,0.00,3099075.77,3761513.92,0
HH003167,0,0,0,0.00,4170017.30,5318158.90,0
HH003168,0,0,0,0.00,1187316.58,1125151.57,0
HH003169,0,0,0,0.00,2251197.37,2106520.03,0
HH003170,0,0,0,0.00,7136050.33,7164015.41,0
HH003171,0,0,0,0.00,3453658.22,4664154.66,0
HH003172,0,0,0,0.00,3974027.21,4574428.35,0
HH003173,0,0,0,0.00,3683445.09,4344449.06,0
HH003174,0,0,0,0.00,32929235.07,30269153.33,0
HH003175,0,1,1,1669955.25,5087450.39,4231388.57,0
HH003176,0,0,0,0.00,8715698.33,9596010.09,0
HH003177,0,0,0,0.00,8251357.75,8819190.07,0
HH003178,0,0,0,0.00,1636270.68,1596951.40,0
HH003179,0,0,0,0.00,17126089.55,20867019.62,0
HH003180,0,0,0,0.00,2292266.42,2367788.30,0
HH003181,0,0,0,0.00,4456800.29,4561624.77,0
HH003182,1,0,1,1100593.29,1130118.17,29524.88,4
HH003183,0,0,0,0.00,3543325.74,3975476.85,0
HH003184,0,0,0,0.00,9624244.40,11447357.31,0
HH003185,0,0,0,0.00,14250720.91,14206514.85,0
HH003186,0,0,0,0.00,16233405.43,15608381.13,0
HH003187,0,0,0,0.00,1238892.42,1335864.64,0
HH003188,0,0,0,0.00,18227795.41,18545681.43,0
HH003189,0,0,0,0.00,3465843.39,3658742.33,0
HH003190,0,0,0,0.00,7063768.54,7828800.38,0
HH003191,0,0,0,0.00,3728844.80,4358924.11,0
HH003192,0,0,0,0.00,8660529.59,9838017.23,0
HH003193,0,1,1,1462459.61,3087568.59,1669132.76,0
HH003194,0,0,0,0.00,3331177.17,3706436.96,0
HH003195,0,0,0,0.00,1130709.30,1135347.93,0
HH003196,0,0,0,0.00,11254908.91,13118214.91,0
HH003197,1,0,1,7291508.39,7468054.86,176546.47,6
HH003198,0,0,0,0.00,3434070.83,4059921.28,0
HH003199,0,0,0,0.00,1836690.74,2427816.45,0
HH003200,0,1,1,559765.16,2687363.59,1828851.14,0
HH003201,0,0,0,0.00,3883902.41,4249137.05,0
HH003202,0,0,0,0.00,3703548.98,3654976.08,0
HH003203,0,0,0,0.00,2551220.20,2513256.91,0
HH003204,0,0,0,0.00,4942632.11,6513005.41,0
HH003205,0,0,0,0.00,13789706.77,13839832.31,0
HH003206,0,1,1,7074466.55,12267481.55,6506412.27,0
HH003207,1,0,1,16271325.44,16620457.77,349132.33,5
HH003208,0,0,0,0.00,12052514.07,15583167.35,0
HH003209,0,0,0,0.00,11537876.24,13055157.97,0
HH003210,0,0,0,0.00,4444881.00,5184211.05,0
HH003211,0,0,0,0.00,3475050.61,3834350.55,0
HH003212,1,0,1,58454662.14,58910044.95,455382.81,2
HH003213,0,0,0,0.00,18326164.04,24455583.70,0
HH003214,0,1,1,985464.30,1666818.35,738075.69,0
HH003215,0,1,1,6668831.78,13360004.84,7352632.16,0
HH003216,0,0,0,0.00,2883606.26,3122996.66,0
HH003217,0,0,0,0.00,6807535.19,7471838.67,0
HH003218,0,0,0,0.00,23502932.80,28815421.97,0
HH003219,0,0,0,0.00,5035534.97,5770321.19,0
HH003220,0,0,0,0.00,1703198.37,1348189.35,0
HH003221,0,0,0,0.00,16161312.89,17681769.02,0
HH003222,0,0,0,0.00,6294264.41,6744002.15,0
HH003223,0,0,0,0.00,1211011.84,1271285.46,0
HH003224,0,1,1,1417753.42,7068908.67,6546508.01,0
HH003225,0,0,0,0.00,1251105.87,1351246.56,0
HH003226,0,0,0,0.00,2157224.01,2165611.25,0
HH003227,0,0,0,0.00,4039507.19,4419075.49,0
HH003228,0,1,1,6231192.81,11039846.79,4787525.78,0
HH003229,0,0,0,0.00,3435800.41,3612233.10,0
HH003230,0,0,0,0.00,4038319.71,4682687.21,0
HH003231,0,0,0,0.00,7603664.42,8050724.12,0
HH003232,0,0,0,0.00,5773245.75,5583066.27,0
HH003233,0,0,0,0.00,4694948.15,4011902.98,0
HH003234,0,0,0,0.00,2165190.67,1909780.21,0
HH003235,0,0,0,0.00,2256325.30,2383605.80,0
HH003236,0,0,0,0.00,2537524.34,2825270.22,0
HH003237,0,0,0,0.00,2858432.67,2886283.17,0
HH003238,0,0,0,0.00,3715893.03,4071698.64,0
HH003239,1,0,1,2883033.06,2901242.77,18209.71,6
HH003240,0,1,1,5668744.44,13430854.34,7951930.10,0
HH003241,0,0,0,0.00,3539789.46,3875276.54,0
HH003242,0,0,0,0.00,30841137.74,37680506.86,0
HH003243,0,0,0,0.00,15639975.55,20250673.36,0
HH003244,0,0,0,0.00,1994960.87,1852849.53,0
HH003245,0,0,0,0.00,3581301.19,3292198.02,0
HH003246,0,0,0,0.00,3957474.18,4906739.51,0
HH003247,0,0,0,0.00,14749324.52,16576963.73,0
HH003248,0,0,0,0.00,1385033.69,6321102.53,0
HH003249,0,0,0,0.00,9038243.64,8497300.96,0
HH003250,0,0,0,0.00,8323129.23,8405673.60,0
HH003251,0,0,0,0.00,2841652.32,2250776.00,0
HH003252,0,0,0,0.00,15874596.71,16051072.38,0
HH003253,1,0,1,6593507.33,6728344.52,134837.19,6
HH003254,0,1,1,2819493.11,5316500.19,2638412.27,0
HH003255,0,0,0,0.00,15649469.31,16774172.47,0
HH003256,0,0,0,0.00,3075686.12,3042921.58,0
HH003257,0,0,0,0.00,4609954.76,5052749.05,0
HH003258,0,0,0,0.00,19165157.00,19535576.33,0
HH003259,0,0,0,0.00,2945953.36,3106854.30,0
HH003260,0,0,0,0.00,1019087.02,1139004.37,0
HH003261,0,0,0,0.00,17939424.84,17398315.48,0
HH003262,0,0,0,0.00,39567890.92,39835474.30,0
HH003263,1,0,1,1595893.02,1599868.12,3975.10,2
HH003264,0,0,0,0.00,7862099.19,8634801.94,0
HH003265,0,0,0,0.00,5470663.91,6040066.11,0
HH003266,0,0,0,0.00,4151597.85,3836546.21,0
HH003267,0,0,0,0.00,1187690.68,1271320.68,0
HH003268,1,0,1,75051167.18,75702266.84,651099.66,4
HH003269,0,0,0,0.00,11359921.85,12186684.41,0
HH003270,0,0,0,0.00,1408333.82,1790967.24,0
HH003271,0,0,0,0.00,4106683.32,4975503.49,0
HH003272,0,0,0,0.00,12239216.00,12843817.58,0
HH003273,0,1,1,1868586.09,7586327.77,5891721.50,0
HH003274,0,0,0,0.00,21389678.51,25028881.84,0
HH003275,0,0,0,0.00,2557003.25,3153508.28,0
HH003276,0,0,0,0.00,16843263.65,17107362.23,0
HH003277,0,0,0,0.00,30634953.17,31397049.02,0
HH003278,0,0,0,0.00,8813412.38,9776400.61,0
HH003279,0,0,0,0.00,1914417.70,1818897.87,0
HH003280,0,0,0,0.00,1576745.25,1423663.63,0
HH003281,0,0,0,0.00,3277067.81,3654378.07,0
HH003282,0,0,0,0.00,3365079.05,3415463.03,0
HH003283,0,0,0,0.00,3523785.23,3443997.02,0
HH003284,0,1,1,9826426.73,20194316.04,11441287.39,0
HH003285,0,0,0,0.00,5764030.15,5651313.38,0
HH003286,0,0,0,0.00,1697497.07,1871636.18,0
HH003287,0,0,0,0.00,2362564.68,1875640.06,0
HH003288,0,0,0,0.00,1986735.29,2170029.71,0
HH003289,0,0,0,0.00,4065298.45,4893477.63,0
HH003290,0,0,0,0.00,1761818.30,2921592.89,0
HH003291,0,0,0,0.00,11498739.61,10636620.67,0
HH003292,0,1,1,1332909.89,5088843.60,4843712.64,0
HH003293,0,0,0,0.00,3184849.30,3185242.62,0
HH003294,0,0,0,0.00,9907943.74,10634410.15,0
HH003295,0,0,0,0.00,27478427.86,28135547.86,0
HH003296,0,0,0,0.00,5074845.02,4049616.00,0
HH003297,0,0,0,0.00,1169508.72,1308400.93,0
HH003298,0,0,0,0.00,4246241.86,4257363.32,0
HH003299,0,0,0,0.00,107654132.29,130063365.97,0
HH003300,0,0,0,0.00,11901666.74,12980769.74,0
HH003301,0,0,0,0.00,7908906.37,9807294.78,0
HH003302,0,0,0,0.00,3662989.81,4190852.93,0
HH003303,0,0,0,0.00,1699764.99,1824983.17,0
HH003304,1,0,1,1699732.98,1715421.95,15688.97,4
HH003305,0,0,0,0.00,4423124.48,4971955.15,0
HH003306,0,0,0,0.00,3089846.33,3001828.59,0
HH003307,1,0,1,31287493.03,31738198.84,450705.81,4
HH003308,0,0,0,0.00,25325533.57,30150151.48,0
HH003309,0,0,0,0.00,1504132.61,1750805.06,0
HH003310,0,0,0,0.00,1639887.22,1739093.52,0
HH003311,0,0,0,0.00,22913271.15,25831930.06,0
HH003312,0,0,0,0.00,4561489.09,5103327.82,0
HH003313,0,0,0,0.00,5788152.19,7842750.59,0
HH003314,1,0,1,23790705.43,24402841.42,612135.99,6
HH003315,0,0,0,0.00,5028167.25,5234276.89,0
HH003316,0,0,0,0.00,39166094.04,42980158.93,0
HH003317,0,0,0,0.00,11375867.04,9027047.32,0
HH003318,0,0,0,0.00,6088118.22,6997435.14,0
HH003319,0,0,0,0.00,1653681.32,1575914.55,0
HH003320,0,0,0,0.00,2570996.74,2664556.48,0
HH003321,0,0,0,0.00,31542657.27,37381079.20,0
HH003322,0,0,0,0.00,3830447.41,4187572.89,0
HH003323,0,0,0,0.00,2263120.40,2439446.60,0
HH003324,0,0,0,0.00,2620978.68,2546843.38,0
HH003325,0,0,0,0.00,4426445.64,4604448.79,0
HH003326,0,0,0,0.00,9647868.36,9728383.63,0
HH003327,0,0,0,0.00,9313683.89,10874902.98,0
HH003328,0,0,0,0.00,4142190.64,3839580.89,0
HH003329,0,0,0,0.00,1878559.15,1914332.33,0
HH003330,0,0,0,0.00,3619346.47,4266135.81,0
HH003331,0,0,0,0.00,7947476.83,8482682.19,0
HH003332,0,1,1,6284421.94,12929802.15,6765886.41,0
HH003333,0,0,0,0.00,3493102.30,2948567.07,0
HH003334,0,1,1,1038449.57,3182652.41,2230192.73,0
HH003335,1,0,1,9743350.82,9969466.12,226115.30,1
HH003336,0,0,0,0.00,1905018.22,1959338.35,0
HH003337,0,0,0,0.00,5718012.53,6143480.27,0
HH003338,0,0,0,0.00,13589547.31,12870209.66,0
HH003339,0,0,0,0.00,5371830.74,5328238.74,0
HH003340,0,0,0,0.00,2848180.11,3287153.94,0
HH003341,0,0,0,0.00,1596519.89,1544456.43,0
HH003342,0,0,0,0.00,2103090.87,2273129.95,0
HH003343,0,0,0,0.00,9328510.18,10280715.60,0
HH003344,0,0,0,0.00,76778229.54,88882638.92,0
HH003345,0,0,0,0.00,52305043.16,55502303.62,0
HH003346,1,0,1,2178972.14,2181301.11,2328.97,2
HH003347,0,0,0,0.00,4020489.15,4015996.79,0
HH003348,0,0,0,0.00,6082443.98,6475243.99,0
HH003349,0,0,0,0.00,8214639.50,8576040.66,0
HH003350,0,0,0,0.00,9118556.52,8070206.25,0
HH003351,0,0,0,0.00,1417894.02,2073013.48,0
HH003352,0,0,0,0.00,3825811.41,4131389.07,0
HH003353,0,0,0,0.00,3505415.26,4245824.82,0
HH003354,0,0,0,0.00,2971862.17,3388101.66,0
HH003355,0,0,0,0.00,4774024.19,4864920.49,0
HH003356,0,0,0,0.00,1125807.41,1191758.36,0
HH003357,0,0,0,0.00,3133154.18,3560684.96,0
HH003358,0,0,0,0.00,72641502.01,70989226.11,0
HH003359,0,0,0,0.00,10916296.82,10751019.94,0
HH003360,0,0,0,0.00,9964612.66,10176847.83,0
HH003361,0,0,0,0.00,3927155.91,4983881.18,0
HH003362,0,0,0,0.00,4159741.10,4215727.14,0
HH003363,0,0,0,0.00,1506910.52,2346360.53,0
HH003364,0,0,0,0.00,14834130.19,24886810.37,0
HH003365,0,0,0,0.00,6942901.96,7525940.85,0
HH003366,0,1,1,1174717.25,3396472.91,2972689.88,0
HH003367,0,0,0,0.00,5610966.54,5597658.75,0
HH003368,0,1,1,2487356.80,5166216.35,2924801.63,0
HH003369,0,0,0,0.00,2506104.12,3059102.34,0
HH003370,0,0,0,0.00,1610540.19,1633021.20,0
HH003371,0,0,0,0.00,32479031.90,31730879.11,0
HH003372,0,0,0,0.00,4972549.58,6010149.44,0
HH003373,1,0,1,5732392.00,5745539.02,13147.02,5
HH003374,0,0,0,0.00,1488281.59,1388488.21,0
HH003375,0,0,0,0.00,1850099.98,2186507.26,0
HH003376,1,0,1,40265693.15,40845617.14,579923.99,5
HH003377,0,0,0,0.00,2389842.94,2636996.99,0
HH003378,0,0,0,0.00,1254666.85,1080308.66,0
HH003379,0,1,1,880361.09,1942566.77,1010041.02,0
HH003380,0,0,0,0.00,2881419.46,2521150.72,0
HH003381,0,0,0,0.00,1101570.42,1751427.39,0
HH003382,0,0,0,0.00,3465893.39,4028283.98,0
HH003383,0,0,0,0.00,4698447.86,5887267.73,0
HH003384,0,0,0,0.00,139853994.69,153997319.98,0
HH003385,0,0,0,0.00,2157628.61,2032046.47,0
HH003386,0,0,0,0.00,5171633.87,5600152.35,0
HH003387,1,0,1,21311150.49,21801619.09,490468.60,4
HH003388,0,0,0,0.00,21830952.37,26237210.92,0
HH003389,0,0,0,0.00,41911416.74,32221653.49,0
HH003390,0,1,1,1122830.45,3983310.30,2991993.30,0
HH003391,0,0,0,0.00,3570192.49,5587956.16,0
HH003392,0,0,0,0.00,10832270.71,12430053.21,0
HH003393,0,0,0,0.00,88681777.47,67280583.54,0
HH003394,0,1,1,2769469.28,6641204.49,4253163.06,0
HH003395,0,0,0,0.00,45627222.62,53737188.98,0
HH003396,0,0,0,0.00,1279027.28,1331011.50,0
HH003397,1,0,1,7888042.19,7926073.59,38031.40,4
HH003398,0,0,0,0.00,6021866.26,7384740.61,0
HH003399,0,0,0,0.00,3433127.57,4074139.07,0
HH003400,1,0,1,5054178.60,5150594.74,96416.14,4
HH003401,1,0,1,7448656.82,7599783.00,151126.18,2
HH003402,0,0,0,0.00,15963409.96,18522628.79,0
HH003403,0,0,0,0.00,6727692.11,7554253.40,0
HH003404,0,0,0,0.00,2671372.61,3053373.24,0
HH003405,0,0,0,0.00,25617121.68,26760638.36,0
HH003406,0,0,0,0.00,6626142.71,7666470.80,0
HH003407,0,0,0,0.00,3698047.11,3860098.15,0
HH003408,0,0,0,0.00,1185589.63,1232886.27,0
HH003409,0,0,0,0.00,4586974.23,5195133.98,0
HH003410,0,0,0,0.00,3510662.38,3371502.54,0
HH003411,0,0,0,0.00,5882715.89,6088232.15,0
HH003412,0,0,0,0.00,8794444.34,9458004.38,0
HH003413,1,0,1,2251101.67,2283988.21,32886.54,1
HH003414,0,0,0,0.00,11566746.98,16460139.29,0
HH003415,0,0,0,0.00,16836058.55,13193210.17,0
HH003416,0,0,0,0.00,24858543.83,25437245.09,0
HH003417,0,0,0,0.00,2323838.06,2419936.75,0
HH003418,0,0,0,0.00,7137570.48,6813495.32,0
HH003419,0,0,0,0.00,1783635.17,1820411.42,0
HH003420,0,0,0,0.00,4888183.08,4376252.65,0
HH003421,0,0,0,0.00,6432306.96,8017387.25,0
HH003422,0,0,0,0.00,2192294.46,2227289.30,0
HH003423,0,0,0,0.00,4052815.13,5201460.67,0
HH003424,0,0,0,0.00,12614976.02,14800983.59,0
HH003425,0,0,0,0.00,5139072.41,5698748.61,0
HH003426,0,0,0,0.00,6026508.68,6529820.63,0
HH003427,0,0,0,0.00,2105740.40,2562111.68,0
HH003428,0,0,0,0.00,3795127.80,3690943.17,0
HH003429,0,0,0,0.00,1173574.22,1062782.66,0
HH003430,0,0,0,0.00,25201115.90,21009348.48,0
HH003431,0,0,0,0.00,5727983.86,7018953.30,0
HH003432,0,0,0,0.00,6040053.37,5218808.35,0
HH003433,0,1,1,4294108.03,21204008.08,18380454.31,0
HH003434,0,0,0,0.00,7697763.31,8727120.83,0
HH003435,0,0,0,0.00,2203337.19,2540266.97,0
HH003436,0,0,0,0.00,1220235.65,1312549.16,0
HH003437,0,0,0,0.00,14562794.16,19655796.09,0
HH003438,0,0,0,0.00,33205680.45,39237083.88,0
HH003439,0,0,0,0.00,15297728.12,15879412.22,0
HH003440,0,0,0,0.00,14130714.22,16131247.20,0
HH003441,0,0,0,0.00,1221045.87,1161005.53,0
HH003442,0,0,0,0.00,2961489.01,2864656.77,0
HH003443,0,0,0,0.00,2825451.15,2501682.68,0
HH003444,0,0,0,0.00,8705890.51,8625176.75,0
HH003445,0,0,0,0.00,7165305.88,6895556.17,0
HH003446,0,0,0,0.00,6972579.24,8040903.59,0
HH003447,0,0,0,0.00,2086938.57,2316219.88,0
HH003448,0,0,0,0.00,2850306.26,3003706.31,0
HH003449,0,0,0,0.00,2195570.31,1949082.75,0
HH003450,0,0,0,0.00,2992167.29,2519976.10,0
HH003451,0,0,0,0.00,1825421.90,1865021.89,0
HH003452,0,0,0,0.00,3260633.07,3719746.59,0
HH003453,1,0,1,5009669.44,5108721.28,99051.84,3
HH003454,0,0,0,0.00,4539292.26,4663265.28,0
HH003455,0,0,0,0.00,9911203.39,9607408.06,0
HH003456,0,0,0,0.00,11721115.28,15337160.51,0
HH003457,0,0,0,0.00,4493445.33,5505680.77,0
HH003458,0,0,0,0.00,1022562.29,974039.46,0
HH003459,0,0,0,0.00,20530805.35,29698247.58,0
HH003460,0,0,0,0.00,11143932.14,13642777.45,0
HH003461,0,0,0,0.00,2056771.63,2076880.80,0
HH003462,0,0,0,0.00,5552009.03,6208087.58,0
HH003463,0,1,1,5544152.59,20747325.61,18597409.25,0
HH003464,1,0,1,3940981.92,4061888.59,120906.67,6
HH003465,0,0,0,0.00,16680573.27,15655152.73,0
HH003466,0,0,0,0.00,69019035.71,74174082.46,0
HH003467,0,0,0,0.00,9581921.31,10892061.47,0
HH003468,0,0,0,0.00,4852354.44,5511834.69,0
HH003469,0,1,1,2828508.41,5104751.75,2259298.13,0
HH003470,0,0,0,0.00,10906135.66,13067884.85,0
HH003471,0,0,0,0.00,1706686.13,1993179.88,0
HH003472,,,,,21347247.18,21762448.86,0
HH003473,0,0,0,0.00,19469193.11,24236955.27,0
HH003474,0,0,0,0.00,1182855.45,959657.27,0
HH003475,0,0,0,0.00,8980396.04,9277729.21,0
HH003476,0,0,0,0.00,169487596.40,184626257.61,0
HH003477,0,0,0,0.00,3919674.84,4141176.62,0
HH003478,0,0,0,0.00,26029767.06,27055059.27,0
HH003479,0,0,0,0.00,15880585.92,8609191.38,0
HH003480,0,0,0,0.00,2645191.43,2914381.02,0
HH003481,0,0,0,0.00,6317369.62,7625882.24,0
HH003482,0,1,1,779502.17,1648656.08,816570.13,0
HH003483,0,1,1,1044624.20,4012102.06,2403094.14,0
HH003484,0,0,0,0.00,6302467.48,6634311.07,0
HH003485,0,0,0,0.00,308149721.62,329107824.21,0
HH003486,0,0,0,0.00,29316600.77,34415915.93,0
HH003487,0,0,0,0.00,11596084.18,11713975.33,0
HH003488,0,0,0,0.00,9742299.48,8419968.41,0
HH003489,0,0,0,0.00,2523433.93,2971509.26,0
HH003490,1,0,1,1666044.91,1689222.12,23177.21,4
HH003491,0,0,0,0.00,30598005.64,33226268.12,0
HH003492,0,0,0,0.00,5930106.92,6977459.84,0
HH003493,1,0,1,4263355.39,4391539.71,128184.32,4
HH003494,1,0,1,2008218.09,2020229.01,12010.92,3
HH003495,0,0,0,0.00,4379111.86,5754625.82,0
HH003496,0,0,0,0.00,2462454.99,2579099.91,0
HH003497,0,0,0,0.00,10152887.77,11244087.83,0
HH003498,0,0,0,0.00,19075567.00,22147486.45,0
HH003499,0,0,0,0.00,1720654.00,1789794.08,0
HH003500,0,0,0,0.00,1377435.48,1210755.98,0
HH003501,0,0,0,0.00,48192148.24,50313283.18,0
HH003502,0,0,0,0.00,18327036.88,21324934.39,0
HH003503,0,0,0,0.00,2150420.95,2402271.16,0
HH003504,0,0,0,0.00,7954506.24,8805140.97,0
HH003505,0,0,0,0.00,26686434.19,33829733.44,0
HH003506,0,0,0,0.00,11199017.04,10263054.12,0
HH003507,0,0,0,0.00,3434995.94,3290599.99,0
HH003508,0,0,0,0.00,2734928.15,3169471.69,0
HH003509,0,0,0,0.00,5742184.83,6211976.24,0
HH003510,0,0,0,0.00,1020527.25,1127465.41,0
HH003511,1,0,1,1405809.03,1415470.23,9661.20,6
HH003512,0,0,0,0.00,1485128.49,1416858.75,0
HH003513,0,0,0,0.00,10301951.79,9017629.05,0
HH003514,0,0,0,0.00,4567984.65,4491955.61,0
HH003515,0,0,0,0.00,3010356.44,2995251.15,0
HH003516,0,0,0,0.00,5612434.30,7063237.84,0
HH003517,0,0,0,0.00,3207537.83,3643954.43,0
HH003518,0,0,0,0.00,7170152.68,7799496.64,0
HH003519,0,0,0,0.00,7401227.34,7365614.46,0
HH003520,0,0,0,0.00,5384887.41,4973781.94,0
HH003521,0,0,0,0.00,1153077.02,1464234.45,0
HH003522,0,0,0,0.00,3115537.63,3303391.76,0
HH003523,0,0,0,0.00,2870788.48,2796836.21,0
HH003524,0,0,0,0.00,3253008.50,3474982.08,0
HH003525,0,1,1,22482612.49,52116184.67,32813877.60,0
HH003526,0,0,0,0.00,1043454.85,1186150.14,0
HH003527,0,1,1,313639.55,1479964.44,1674323.04,0
HH003528,0,0,0,0.00,2084200.00,2453829.66,0
HH003529,0,0,0,0.00,2334457.68,2332558.60,0
HH003530,0,0,0,0.00,4488829.98,6055201.86,0
HH003531,0,0,0,0.00,5732442.95,6044224.32,0
HH003532,0,1,1,1729505.68,3898574.94,2253301.23,0
HH003533,0,0,0,0.00,15642426.21,15401222.05,0
HH003534,0,1,1,5272807.00,11751596.86,5798367.10,0
HH003535,0,0,0,0.00,4854758.69,4736504.73,0
HH003536,0,0,0,0.00,1407274.38,1555208.03,0
HH003537,0,0,0,0.00,2181602.63,2273051.40,0
HH003538,0,0,0,0.00,13321295.37,14522365.74,0
HH003539,0,1,1,4370967.37,13678569.81,10582715.61,0
HH003540,0,0,0,0.00,1340630.45,1381751.62,0
HH003541,0,0,0,0.00,1624374.58,1939192.63,0
HH003542,0,0,0,0.00,3032481.82,3453318.10,0
HH003543,0,0,0,0.00,18367406.77,17282981.27,0
HH003544,0,0,0,0.00,3418642.51,4167231.85,0
HH003545,0,0,0,0.00,1802091.26,2086506.08,0
HH003546,0,0,0,0.00,1001640.34,1137528.92,0
HH003547,0,0,0,0.00,30668787.14,31374045.26,0
HH003548,1,0,1,2792773.33,2857286.51,64513.18,3
HH003549,1,0,1,7886091.09,8061162.49,175071.40,1
HH003550,0,0,0,0.00,2758507.23,3916930.19,0
HH003551,0,0,0,0.00,1025478.60,1234928.01,0
HH003552,0,0,0,0.00,2427802.05,2574197.63,0
HH003553,0,0,0,0.00,18465545.08,20378079.06,0
HH003554,0,0,0,0.00,1093782.97,1074429.73,0
HH003555,0,1,1,1158605.06,3253002.64,2390302.56,0
HH003556,0,1,1,3192674.97,7448769.40,4373777.90,0
HH003557,0,0,0,0.00,1616079.25,1680792.01,0
HH003558,0,0,0,0.00,8114601.95,9147545.94,0
HH003559,0,1,1,1166277.52,1829156.32,593776.71,0
HH003560,0,0,0,0.00,1261837.81,1498391.35,0
HH003561,0,0,0,0.00,2031309.65,2250527.09,0
HH003562,0,0,0,0.00,5548184.39,6277650.45,0
HH003563,0,1,1,459788.45,1646838.01,1194939.60,0
HH003564,0,0,0,0.00,4473799.47,4827920.58,0
HH003565,0,0,0,0.00,1602016.64,1899255.34,0
HH003566,0,0,0,0.00,10600260.77,10581782.98,0
HH003567,0,0,0,0.00,2968527.44,2810339.63,0
HH003568,0,0,0,0.00,301501529.12,262271915.93,0
HH003569,1,0,1,3469722.58,3555931.55,86208.97,5
HH003570,0,0,0,0.00,3515292.87,3874292.41,0
HH003571,0,0,0,0.00,1958933.19,2178838.43,0
HH003572,0,0,0,0.00,1654633.76,1993959.60,0
HH003573,0,1,1,818196.50,3053819.44,2466107.03,0
HH003574,0,0,0,0.00,16029548.73,18370954.86,0
HH003575,0,0,0,0.00,12382646.97,17966720.52,0
HH003576,0,0,0,0.00,31078844.17,35427294.12,0
HH003577,0,0,0,0.00,124373422.97,141448586.12,0
HH003578,0,0,0,0.00,1813207.29,1997507.71,0
HH003579,0,0,0,0.00,2303369.11,2500509.75,0
HH003580,0,0,0,0.00,12819052.92,13693489.11,0
HH003581,0,0,0,0.00,1402230.01,1701210.21,0
HH003582,0,0,0,0.00,14098490.46,15156598.42,0
HH003583,1,0,1,8962425.61,9061912.91,99487.30,6
HH003584,0,0,0,0.00,4955459.69,4828192.20,0
HH003585,0,0,0,0.00,5835717.28,7007722.48,0
HH003586,0,0,0,0.00,10903387.22,11634562.49,0
HH003587,1,0,1,6962772.39,7105321.22,142548.83,2
HH003588,0,0,0,0.00,2546698.45,3033425.73,0
HH003589,0,0,0,0.00,6479629.30,11215538.30,0
HH003590,0,0,0,0.00,3604011.76,4066988.02,0
HH003591,1,0,1,1036062.44,1053587.84,17525.40,5
HH003592,0,1,1,1503523.40,2692126.34,1269749.49,0
HH003593,1,0,1,11414615.25,11545375.05,130759.80,2
HH003594,0,0,0,0.00,1153691.93,1255518.25,0
HH003595,0,0,0,0.00,4775769.71,5871425.19,0
HH003596,0,0,0,0.00,1682675.52,1789226.50,0
HH003597,0,0,0,0.00,1397133.75,1506268.15,0
HH003598,0,0,0,0.00,3769167.97,4111746.50,0
HH003599,0,0,0,0.00,41574600.00,42571957.80,0
HH003600,0,0,0,0.00,27571285.28,26979099.16,0
HH003601,1,0,1,3900573.24,3913975.83,13402.59,4
HH003602,0,0,0,0.00,2394478.28,2581203.50,0
HH003603,0,1,1,1045409.72,1807012.20,789511.78,0
HH003604,0,0,0,0.00,9827402.94,10171230.61,0
HH003605,0,0,0,0.00,13423458.10,24971981.68,0
HH003606,0,0,0,0.00,2646607.80,2340073.60,0
HH003607,0,0,0,0.00,16477304.45,17702671.70,0
HH003608,0,0,0,0.00,1992278.32,2219317.54,0
HH003609,0,0,0,0.00,1002151.40,973326.28,0
HH003610,0,0,0,0.00,1640590.91,1911714.15,0
HH003611,0,0,0,0.00,3694898.45,4023457.64,0
HH003612,0,0,0,0.00,10691655.07,12219259.76,0
HH003613,1,0,1,1439976.25,1464040.26,24064.01,5
HH003614,0,1,1,1926742.62,3955825.55,2303070.27,0
HH003615,0,0,0,0.00,5076073.91,5231015.74,0
HH003616,0,0,0,0.00,5694260.91,5838577.64,0
HH003617,0,1,1,7910552.09,15162300.20,7907311.79,0
HH003618,0,0,0,0.00,17489468.62,22960889.49,0
HH003619,0,0,0,0.00,1854607.48,1971774.24,0
HH003620,0,0,0,0.00,2672692.22,2823903.92,0
HH003621,0,0,0,0.00,1003055.59,1065411.41,0
HH003622,0,0,0,0.00,6838985.33,7426542.12,0
HH003623,0,0,0,0.00,14085736.38,15054940.15,0
HH003624,0,0,0,0.00,31301431.16,38288964.83,0
HH003625,0,0,0,0.00,3793893.84,3964872.76,0
HH003626,0,0,0,0.00,2169310.65,2340208.05,0
HH003627,0,0,0,0.00,4166944.75,3961336.79,0
HH003628,0,0,0,0.00,25828478.82,27784772.20,0
HH003629,0,0,0,0.00,4917468.77,5921538.11,0
HH003630,0,0,0,0.00,1424846.45,1661681.07,0
HH003631,0,0,0,0.00,20513771.74,26659949.73,0
HH003632,0,0,0,0.00,14738830.67,14898209.91,0
HH003633,0,0,0,0.00,1757354.09,2109423.13,0
HH003634,1,0,1,7733491.82,7781146.33,47654.51,2
HH003635,0,0,0,0.00,3826566.69,4268189.54,0
HH003636,0,0,0,0.00,3378823.65,3694403.87,0
HH003637,0,0,0,0.00,2097340.73,3347045.55,0
HH003638,0,0,0,0.00,7967339.10,6291715.95,0
HH003639,0,0,0,0.00,6369225.55,7258658.42,0
HH003640,0,0,0,0.00,1433680.94,1426525.82,0
HH003641,0,0,0,0.00,6448708.02,6526785.93,0
HH003642,0,0,0,0.00,2594849.26,3083963.10,0
HH003643,0,0,0,0.00,3641196.66,3503091.20,0
HH003644,0,0,0,0.00,258596949.92,320114269.50,0
HH003645,0,0,0,0.00,10169824.98,11979928.46,0
HH003646,0,0,0,0.00,7040342.98,6964931.37,0
HH003647,0,0,0,0.00,3707428.48,3876276.76,0
HH003648,0,0,0,0.00,15539808.07,16634661.17,0
HH003649,1,0,1,4737730.83,4806502.99,68772.16,6
HH003650,0,0,0,0.00,4788596.48,4598444.24,0
HH003651,1,0,1,2655886.08,2674220.16,18334.08,6
HH003652,0,0,0,0.00,3331558.21,3654455.16,0
HH003653,0,0,0,0.00,4413089.67,4667473.26,0
HH003654,0,0,0,0.00,8359540.89,10352579.94,0
HH003655,0,0,0,0.00,10583232.49,11983564.24,0
HH003656,0,0,0,0.00,3008920.26,3642981.37,0
HH003657,0,1,1,1060690.22,2904538.71,2356376.93,0
HH003658,0,0,0,0.00,1453323.70,1540790.48,0
HH003659,0,0,0,0.00,6920561.43,9772826.00,0
HH003660,0,0,0,0.00,18428975.81,18613620.54,0
HH003661,0,0,0,0.00,1140989.03,1156620.36,0
HH003662,0,0,0,0.00,2363012.08,2341005.97,0
HH003663,0,0,0,0.00,7354029.78,8531683.82,0
HH003664,0,0,0,0.00,45045029.36,43833077.60,0
HH003665,0,0,0,0.00,2325276.96,2365652.88,0
HH003666,0,0,0,0.00,5524304.73,5831269.06,0
HH003667,0,0,0,0.00,1775148.67,2266909.30,0
HH003668,0,0,0,0.00,7421740.91,8332617.60,0
HH003669,0,0,0,0.00,77884389.96,91569641.52,0
HH003670,0,0,0,0.00,9926697.75,10670509.58,0
HH003671,0,1,1,845539.87,2170779.73,1484407.01,0
HH003672,0,0,0,0.00,13703205.98,15892947.19,0
HH003673,0,0,0,0.00,47147212.69,49529694.27,0
HH003674,0,0,0,0.00,2452725.30,2443785.71,0
HH003675,1,0,1,3730139.85,3750110.42,19970.57,6
HH003676,0,0,0,0.00,3614085.18,4201923.33,0
HH003677,0,1,1,1387885.74,6125539.04,4167374.17,0
HH003678,0,0,0,0.00,1811583.95,1758288.19,0
HH003679,1,0,1,111478192.52,113221319.70,1743127.18,1
HH003680,0,0,0,0.00,20163907.15,20829326.04,0
HH003681,0,0,0,0.00,2159079.42,2332573.40,0
HH003682,0,0,0,0.00,2940036.37,2985946.13,0
HH003683,0,0,0,0.00,1293786.55,1252941.21,0
HH003684,0,0,0,0.00,7508648.56,7565276.96,0
HH003685,0,0,0,0.00,57370912.42,56081803.48,0
HH003686,0,0,0,0.00,6517565.20,7793177.54,0
HH003687,0,0,0,0.00,1666810.42,1771160.04,0
HH003688,0,0,0,0.00,5049920.53,4156611.22,0
HH003689,0,0,0,0.00,2204305.61,2654676.69,0
HH003690,0,0,0,0.00,11150502.92,13118244.14,0
HH003691,1,0,1,4751359.54,4824481.44,73121.90,4
HH003692,0,1,1,1526507.02,4741077.16,3286114.22,0
HH003693,0,0,0,0.00,4964099.95,5845089.93,0
HH003694,0,0,0,0.00,1263831.34,1347742.88,0
HH003695,0,0,0,0.00,1855644.90,1966729.07,0
HH003696,0,0,0,0.00,16487995.06,18061841.82,0
HH003697,0,0,0,0.00,1407396.16,1209503.55,0
HH003698,0,0,0,0.00,1031018.26,866463.67,0
HH003699,0,0,0,0.00,10474112.93,10894466.44,0
HH003700,0,0,0,0.00,8232111.73,9727874.33,0
HH003701,0,0,0,0.00,23673056.26,33459265.55,0
HH003702,0,0,0,0.00,8424297.15,8312720.05,0
HH003703,0,0,0,0.00,3257437.12,4787486.85,0
HH003704,0,1,1,363640.19,1755741.52,1461731.34,0
HH003705,0,0,0,0.00,2317184.22,2488915.38,0
HH003706,0,0,0,0.00,4396196.16,6216755.51,0
HH003707,0,0,0,0.00,3068026.42,3445140.33,0
HH003708,0,0,0,0.00,2312906.50,2640675.32,0
HH003709,0,0,0,0.00,5455634.34,4872874.12,0
HH003710,0,0,0,0.00,5606063.57,6621833.41,0
HH003711,,,,,7292341.62,6488460.97,0
HH003712,1,0,1,9669748.00,9731429.06,61681.06,3
HH003713,0,0,0,0.00,4162489.85,4063949.64,0
HH003714,0,0,0,0.00,6521213.12,10181817.56,0
HH003715,0,0,0,0.00,6316360.71,6680594.25,0
HH003716,0,0,0,0.00,4269005.78,4353015.16,0
HH003717,0,0,0,0.00,6679231.82,6709473.75,0
HH003718,0,0,0,0.00,6437259.86,7063644.87,0
HH003719,0,1,1,6846961.48,14661473.10,9189746.03,0
HH003720,0,0,0,0.00,1779012.16,1763283.78,0
HH003721,0,0,0,0.00,5116015.11,5498644.88,0
HH003722,0,0,0,0.00,6000918.34,5103114.18,0
HH003723,1,0,1,4340482.75,4432996.07,92513.32,5
HH003724,0,0,0,0.00,8012651.57,8821404.36,0
HH003725,0,0,0,0.00,2195690.83,2299823.16,0
HH003726,0,0,0,0.00,31208803.86,29237015.09,0
HH003727,0,0,0,0.00,1636768.67,1837979.50,0
HH003728,0,0,0,0.00,2993202.32,5106302.59,0
HH003729,0,0,0,0.00,5834795.39,8524610.28,0
HH003730,0,0,0,0.00,4182931.15,4800796.54,0
HH003731,0,0,0,0.00,1455468.13,1622600.29,0
HH003732,0,0,0,0.00,1233364.96,1240420.76,0
HH003733,0,0,0,0.00,4806398.56,5202559.62,0
HH003734,0,0,0,0.00,3175236.64,3435508.67,0
HH003735,0,0,0,0.00,17982240.37,28790559.76,0
HH003736,0,0,0,0.00,16259833.41,11033276.18,0
HH003737,0,0,0,0.00,1439545.34,1603689.46,0
HH003738,0,0,0,0.00,2252149.86,2374637.91,0
HH003739,0,0,0,0.00,3080861.81,3391259.50,0
HH003740,0,0,0,0.00,18918564.48,23681395.51,0
HH003741,0,0,0,0.00,7471051.37,8148854.95,0
HH003742,0,0,0,0.00,4453645.01,5497399.79,0
HH003743,,,,,4539309.00,4781833.20,0
HH003744,0,0,0,0.00,3880698.64,4180759.62,0
HH003745,0,0,0,0.00,4384960.49,4723410.55,0
HH003746,1,0,1,4082455.07,4114193.50,31738.43,1
HH003747,0,0,0,0.00,19418699.14,19303665.35,0
HH003748,0,0,0,0.00,13672099.56,18655711.69,0
HH003749,0,0,0,0.00,3983654.60,4903088.48,0
HH003750,0,0,0,0.00,2452283.82,2822542.97,0
HH003751,0,0,0,0.00,84554100.06,92058548.90,0
HH003752,0,1,1,5648765.41,20391651.45,16126616.33,0
HH003753,0,0,0,0.00,5038903.71,6233728.01,0
HH003754,0,0,0,0.00,1026181.28,634139.40,0
HH003755,0,0,0,0.00,2910809.81,2936605.99,0
HH003756,0,0,0,0.00,21964022.68,23587183.88,0
HH003757,0,0,0,0.00,5289797.76,5697009.49,0
HH003758,0,0,0,0.00,4821208.65,5466187.96,0
HH003759,1,0,1,20132707.83,20655119.50,522411.67,6
HH003760,0,0,0,0.00,26515898.63,27704518.76,0
HH003761,0,0,0,0.00,1292846.47,1495429.85,0
HH003762,0,0,0,0.00,2682233.81,3070604.42,0
HH003763,0,0,0,0.00,8795364.97,8554744.63,0
HH003764,0,0,0,0.00,1789737.68,2095754.87,0
HH003765,0,0,0,0.00,3082272.27,3367746.13,0
HH003766,0,0,0,0.00,8771215.78,10168378.73,0
HH003767,0,0,0,0.00,11561709.79,11652961.44,0
HH003768,0,1,1,1283817.16,4882728.72,4643213.93,0
HH003769,0,0,0,0.00,12084119.74,15064829.45,0
HH003770,1,0,1,6225864.33,6268046.10,42181.77,2
HH003771,0,0,0,0.00,3122089.16,3243766.28,0
HH003772,0,0,0,0.00,3473675.30,4018065.23,0
HH003773,0,0,0,0.00,1782277.19,1973157.69,0
HH003774,0,0,0,0.00,4892453.95,5455620.71,0
HH003775,0,0,0,0.00,1758514.13,1821130.67,0
HH003776,0,0,0,0.00,2024948.24,2101701.16,0
HH003777,1,0,1,3772237.21,3799841.75,27604.54,6
HH003778,0,0,0,0.00,1368503.95,1400964.25,0
HH003779,1,0,1,4783392.91,4851532.30,68139.39,3
HH003780,1,0,1,6582214.49,6779493.35,197278.86,1
HH003781,0,0,0,0.00,24947070.02,28643295.86,0
HH003782,0,0,0,0.00,15848447.54,16459592.98,0
HH003783,0,0,0,0.00,6142313.04,6840469.94,0
HH003784,0,0,0,0.00,2688872.88,2895894.61,0
HH003785,1,0,1,1384799.95,1394988.04,10188.09,4
HH003786,0,0,0,0.00,10740927.81,10946085.30,0
HH003787,0,0,0,0.00,1755855.45,1815903.93,0
HH003788,0,0,0,0.00,2876003.18,2638266.47,0
HH003789,0,0,0,0.00,13593912.21,14331484.61,0
HH003790,0,0,0,0.00,6423736.27,6373693.88,0
HH003791,0,0,0,0.00,1012800.81,1083006.44,0
HH003792,0,0,0,0.00,2660517.70,2838494.79,0
HH003793,0,0,0,0.00,3035372.46,2515408.11,0
HH003794,0,0,0,0.00,1438143.38,1715659.95,0
HH003795,0,1,1,1375273.90,4484271.98,3292064.99,0
HH003796,0,1,1,1404531.70,4742104.90,3402663.95,0
HH003797,0,0,0,0.00,11770937.57,12690121.57,0
HH003798,0,0,0,0.00,10503318.01,12672262.99,0
HH003799,0,0,0,0.00,2474394.14,3801580.50,0
HH003800,0,0,0,0.00,2446008.79,2787351.86,0
HH003801,0,0,0,0.00,11224509.75,12547253.81,0
HH003802,0,0,0,0.00,3771956.09,4375498.19,0
HH003803,0,0,0,0.00,5867047.92,6067558.52,0
HH003804,0,0,0,0.00,5406597.58,5896824.69,0
HH003805,0,0,0,0.00,5275942.11,5334838.73,0
HH003806,0,0,0,0.00,1420228.48,1665599.62,0
HH003807,0,0,0,0.00,7122015.27,7482555.20,0
HH003808,0,1,1,4677915.73,18581407.70,15321864.11,0
HH003809,1,0,1,7303647.26,7525783.79,222136.53,1
HH003810,0,0,0,0.00,3337594.09,3558428.34,0
HH003811,0,0,0,0.00,9798611.95,9856929.10,0
HH003812,0,0,0,0.00,5340739.62,5845315.62,0
HH003813,0,0,0,0.00,12731044.60,13501785.09,0
HH003814,0,0,0,0.00,1676087.21,1828447.75,0
HH003815,0,0,0,0.00,4639082.14,5056980.77,0
HH003816,0,0,0,0.00,3103258.07,3468671.13,0
HH003817,0,1,1,956717.27,2490746.44,1730530.64,0
HH003818,0,0,0,0.00,3170845.79,3573997.27,0
HH003819,0,0,0,0.00,92593467.98,105503627.78,0
HH003820,0,0,0,0.00,7029028.09,6953561.47,0
HH003821,0,1,1,2565453.77,8330469.54,5962967.00,0
HH003822,0,0,0,0.00,6766010.65,7011946.66,0
HH003823,0,0,0,0.00,4760458.58,6259953.72,0
HH003824,0,0,0,0.00,3769054.61,4016208.91,0
HH003825,0,0,0,0.00,8377856.65,7449295.87,0
HH003826,0,0,0,0.00,3538629.39,4635354.21,0
HH003827,0,0,0,0.00,13497973.85,13820136.61,0
HH003828,0,0,0,0.00,8468941.84,9243122.60,0
HH003829,0,0,0,0.00,52786166.72,42971644.66,0
HH003830,0,0,0,0.00,8901891.65,8254467.04,0
HH003831,0,0,0,0.00,2559960.68,2808405.43,0
HH003832,0,0,0,0.00,19879484.87,23950207.25,0
HH003833,0,0,0,0.00,2727720.46,2398521.39,0
HH003834,0,0,0,0.00,2090290.11,2592229.94,0
HH003835,0,0,0,0.00,2194318.60,2406251.96,0
HH003836,0,0,0,0.00,6581567.02,5942442.87,0
HH003837,0,0,0,0.00,1394177.40,1364462.93,0
HH003838,0,0,0,0.00,9049124.03,9118852.86,0
HH003839,0,0,0,0.00,1373886.08,1382405.74,0
HH003840,0,1,1,3848488.31,8426957.56,4634729.76,0
HH003841,0,1,1,4035234.87,7504280.35,4054233.99,0
HH003842,1,0,1,4322069.00,4389807.80,67738.80,5
HH003843,0,0,0,0.00,2811971.36,3284616.15,0
HH003844,0,0,0,0.00,9442874.47,9757256.85,0
HH003845,0,1,1,1569353.72,6156467.82,4900728.17,0
HH003846,0,0,0,0.00,5266312.75,5892844.01,0
HH003847,0,0,0,0.00,16748087.91,17080953.96,0
HH003848,0,0,0,0.00,6110054.26,6705541.68,0
HH003849,0,0,0,0.00,5873698.43,6336236.90,0
HH003850,0,0,0,0.00,1214982.25,1461124.64,0
HH003851,0,0,0,0.00,5369535.97,5548665.60,0
HH003852,0,0,0,0.00,14353689.84,16249280.44,0
HH003853,0,0,0,0.00,2916273.20,3470042.50,0
HH003854,0,0,0,0.00,7626513.20,8622904.52,0
HH003855,0,0,0,0.00,7945095.29,7677233.25,0
HH003856,0,0,0,0.00,15720353.45,17798249.06,0
HH003857,0,0,0,0.00,9472427.09,9361598.89,0
HH003858,0,0,0,0.00,1771475.54,1936026.91,0
HH003859,0,0,0,0.00,1635263.28,1873539.80,0
HH003860,0,0,0,0.00,12063487.78,12296847.99,0
HH003861,0,0,0,0.00,7107644.32,13864215.28,0
HH003862,0,0,0,0.00,3809199.92,4258500.43,0
HH003863,0,1,1,3432801.06,5400666.27,1726683.17,0
HH003864,0,0,0,0.00,1836272.74,1649553.42,0
HH003865,0,0,0,0.00,5396579.50,7204958.89,0
HH003866,0,1,1,717516.96,2762304.01,2081828.43,0
HH003867,0,0,0,0.00,4027713.46,4381696.54,0
HH003868,0,0,0,0.00,1101276.92,1398118.84,0
HH003869,0,0,0,0.00,9538582.94,7203004.62,0
HH003870,0,0,0,0.00,16741003.20,19470035.91,0
HH003871,0,0,0,0.00,2056797.17,2037538.69,0
HH003872,0,0,0,0.00,6795240.98,7953707.60,0
HH003873,0,1,1,2438271.18,7518856.90,6603118.54,0
HH003874,0,0,0,0.00,3730996.06,4015389.86,0
HH003875,0,0,0,0.00,2786651.52,2445526.04,0
HH003876,0,0,0,0.00,12081554.34,12541447.21,0
HH003877,0,0,0,0.00,8795862.28,9834640.25,0
HH003878,0,0,0,0.00,2157305.38,2189675.36,0
HH003879,0,0,0,0.00,1160262.53,1347978.17,0
HH003880,0,0,0,0.00,8962221.90,9827193.23,0
HH003881,0,0,0,0.00,3530732.47,4556376.42,0
HH003882,0,1,1,612487.66,2135375.16,1678809.56,0
HH003883,0,0,0,0.00,19141470.07,22681025.79,0
HH003884,0,0,0,0.00,2959214.68,5499260.95,0
HH003885,0,0,0,0.00,1669290.77,2414997.22,0
HH003886,0,0,0,0.00,5881324.64,7571214.77,0
HH003887,0,0,0,0.00,32414858.02,35928000.97,0
HH003888,0,0,0,0.00,5672136.58,6903154.69,0
HH003889,0,0,0,0.00,4195123.69,3037708.95,0
HH003890,0,0,0,0.00,11404924.77,10682272.37,0
HH003891,0,0,0,0.00,2404420.68,2598813.27,0
HH003892,0,1,1,573203.22,2199577.60,1259169.39,0
HH003893,0,1,1,1741140.84,5639694.75,4284630.89,0
HH003894,0,0,0,0.00,1332937.32,1496782.63,0
HH003895,0,0,0,0.00,1661238.22,1406143.89,0
HH003896,0,0,0,0.00,1561596.35,1829283.95,0
HH003897,0,1,1,792867.11,1310682.83,536969.10,0
HH003898,0,0,0,0.00,7242679.11,7857460.79,0
HH003899,0,0,0,0.00,15985008.03,16754809.76,0
HH003900,0,0,0,0.00,15402586.65,15028445.95,0
HH003901,0,0,0,0.00,4949789.30,4811205.48,0
HH003902,0,0,0,0.00,3129433.10,2840854.19,0
HH003903,0,0,0,0.00,4965553.72,5092386.42,0
HH003904,0,0,0,0.00,6820125.11,7399312.11,0
HH003905,0,1,1,6719556.06,15298981.07,9522247.58,0
HH003906,1,0,1,29314400.78,29783108.68,468707.90,2
HH003907,0,0,0,0.00,44808217.80,46405174.91,0
HH003908,0,0,0,0.00,1288336.41,1202007.45,0
HH003909,0,0,0,0.00,1022954.53,866429.63,0
HH003910,0,0,0,0.00,10276198.16,11410450.63,0
HH003911,0,0,0,0.00,3815750.96,2793569.35,0
HH003912,0,0,0,0.00,7436026.08,7759639.76,0
HH003913,0,0,0,0.00,90743315.22,93627042.75,0
HH003914,0,1,1,686948.33,3374790.81,2451785.91,0
HH003915,0,0,0,0.00,2854053.78,3149040.86,0
HH003916,0,0,0,0.00,4643033.32,4558037.73,0
HH003917,0,0,0,0.00,8519878.25,9337547.12,0
HH003918,0,0,0,0.00,3306775.14,3519558.93,0
HH003919,0,0,0,0.00,2791573.09,4230489.09,0
HH003920,0,0,0,0.00,4419358.63,4543559.60,0
HH003921,0,0,0,0.00,1081237.05,1216856.46,0
HH003922,0,1,1,4110802.05,9095800.06,4552583.35,0
HH003923,0,0,0,0.00,8513477.47,9299154.30,0
HH003924,0,1,1,1194020.57,2566219.80,1199977.33,0
HH003925,1,0,1,27726306.59,28507298.75,780992.16,5
HH003926,0,0,0,0.00,2486701.98,2260157.23,0
HH003927,0,0,0,0.00,3465843.68,3406360.82,0
HH003928,0,0,0,0.00,2475251.03,2804286.55,0
HH003929,0,0,0,0.00,3277091.26,4158191.49,0
HH003930,0,0,0,0.00,1489329.22,1560312.55,0
HH003931,1,0,1,3473329.05,3499457.54,26128.49,4
HH003932,0,0,0,0.00,3659616.22,3516572.84,0
HH003933,0,0,0,0.00,9405976.49,10584594.27,0
HH003934,1,0,1,6738961.79,6896991.27,158029.48,6
HH003935,0,1,1,1307679.18,2584384.32,1403956.92,0
HH003936,0,0,0,0.00,5678906.14,6904003.38,0
HH003937,1,0,1,1465326.73,1480736.35,15409.62,5
HH003938,0,0,0,0.00,3046838.58,4434397.80,0
HH003939,0,0,0,0.00,1087467.38,1263386.05,0
HH003940,0,0,0,0.00,1622819.54,1800207.43,0
HH003941,1,0,1,10187726.01,10417205.95,229479.94,5
HH003942,0,1,1,3636258.55,12961632.10,8771530.14,0
HH003943,0,1,1,10148442.40,21716045.72,12776734.20,0
HH003944,0,1,1,1901009.25,7579929.08,6022161.78,0
HH003945,0,0,0,0.00,3185766.08,3701171.21,0
HH003946,0,0,0,0.00,11202310.65,11789203.87,0
HH003947,0,0,0,0.00,17854798.40,27617307.76,0
HH003948,0,0,0,0.00,9465357.92,8553761.50,0
HH003949,0,0,0,0.00,12472764.46,14102378.67,0
HH003950,0,0,0,0.00,2547363.05,2688681.58,0
HH003951,0,0,0,0.00,3675684.29,4047674.95,0
HH003952,0,0,0,0.00,8604412.90,10088636.32,0
HH003953,0,0,0,0.00,3523367.68,4491729.32,0
HH003954,0,0,0,0.00,8258588.68,8516330.13,0
HH003955,0,0,0,0.00,2692563.99,3547633.24,0
HH003956,0,0,0,0.00,85194868.71,114979745.68,0
HH003957,0,0,0,0.00,2112455.62,1999318.71,0
HH003958,0,0,0,0.00,9739745.25,11119060.23,0
HH003959,0,0,0,0.00,37474656.04,42858362.41,0
HH003960,0,0,0,0.00,1201222.33,1432503.37,0
HH003961,0,0,0,0.00,6414503.57,7218578.56,0
HH003962,0,0,0,0.00,3528417.05,3689409.44,0
HH003963,0,0,0,0.00,4414908.48,4660285.96,0
HH003964,0,0,0,0.00,1874646.48,1248804.47,0
HH003965,0,0,0,0.00,4115784.08,3930346.85,0
HH003966,0,0,0,0.00,2885046.05,3210434.62,0
HH003967,0,0,0,0.00,9733678.24,8712393.64,0
HH003968,0,0,0,0.00,2545170.00,2928401.06,0
HH003969,0,0,0,0.00,2017039.15,2099791.43,0
HH003970,0,0,0,0.00,3166359.03,3597013.30,0
HH003971,1,0,1,1356491.60,1370357.71,13866.11,2
HH003972,0,0,0,0.00,3157650.29,3185808.59,0
HH003973,0,0,0,0.00,5443837.16,6136489.53,0
HH003974,0,0,0,0.00,2111551.86,2292561.74,0
HH003975,0,1,1,4366272.65,11838690.91,8711585.28,0
HH003976,0,0,0,0.00,2348722.03,2585272.87,0
HH003977,1,0,1,12380575.41,12586877.61,206302.20,2
HH003978,0,0,0,0.00,2507907.20,2618433.57,0
HH003979,0,0,0,0.00,4300197.52,4716939.35,0
HH003980,0,1,1,4452902.58,21871572.24,23446612.84,0
HH003981,0,0,0,0.00,4151638.34,4674518.86,0
HH003982,0,0,0,0.00,1108136.43,1193517.75,0
HH003983,0,1,1,487230.16,1517300.91,1100763.14,0
HH003984,0,0,0,0.00,2848185.08,3298974.03,0
HH003985,0,0,0,0.00,2181501.63,2470104.48,0
HH003986,0,0,0,0.00,3426948.53,6539366.98,0
HH003987,0,0,0,0.00,18405031.99,20303394.82,0
HH003988,0,1,1,19402907.99,33316606.13,16717763.32,0
HH003989,0,0,0,0.00,3804942.09,3729697.26,0
HH003990,0,0,0,0.00,9567519.76,8240509.69,0
HH003991,0,0,0,0.00,2600200.41,2946874.95,0
HH003992,0,0,0,0.00,24908982.77,25351458.74,0
HH003993,0,0,0,0.00,5414082.79,5857907.19,0
HH003994,0,0,0,0.00,1310328.53,1562672.86,0
HH003995,0,1,1,752745.75,1883366.19,1251610.57,0
HH003996,0,0,0,0.00,23527526.61,29849138.86,0
HH003997,0,0,0,0.00,21669792.13,24039412.80,0
HH003998,0,0,0,0.00,4255532.12,4633993.44,0
HH003999,0,0,0,0.00,11100904.48,12250452.38,0
HH004000,0,0,0,0.00,6689985.01,6338423.48,0
HH004001,0,0,0,0.00,1063491.93,1009342.08,0
HH004002,0,0,0,0.00,13050172.91,14404853.69,0
HH004003,0,0,0,0.00,7955893.06,8189246.16,0
HH004004,0,0,0,0.00,2184614.96,2772462.72,0
HH004005,0,0,0,0.00,9732751.82,10202955.02,0
HH004006,0,0,0,0.00,2237580.32,2437030.07,0
HH004007,0,0,0,0.00,1741358.23,1871376.39,0
HH004008,0,0,0,0.00,3195300.52,3215654.47,0
HH004009,0,0,0,0.00,4842369.97,5983410.04,0
HH004010,0,0,0,0.00,11697444.05,12150631.78,0
HH004011,0,0,0,0.00,2302046.20,2721761.53,0
HH004012,0,0,0,0.00,2409806.38,2633058.67,0
HH004013,0,0,0,0.00,2181154.13,2740704.85,0
HH004014,0,0,0,0.00,4794993.92,4834804.85,0
HH004015,0,0,0,0.00,7278586.92,8529937.80,0
HH004016,0,0,0,0.00,4612505.16,5598987.35,0
HH004017,0,0,0,0.00,2552860.50,2840292.89,0
HH004018,0,0,0,0.00,8443621.20,7236641.26,0
HH004019,0,0,0,0.00,17160090.50,19824256.62,0
HH004020,1,0,1,2052095.27,2058112.07,6016.80,5
HH004021,0,0,0,0.00,58308215.02,61928833.80,0
HH004022,0,0,0,0.00,2197867.55,2407596.83,0
HH004023,0,0,0,0.00,6846519.76,7403710.17,0
HH004024,0,0,0,0.00,19966496.14,18706834.06,0
HH004025,0,0,0,0.00,15917169.38,15628393.18,0
HH004026,0,0,0,0.00,2844694.18,3114037.68,0
HH004027,0,0,0,0.00,1430630.79,1320241.80,0
HH004028,0,0,0,0.00,1906000.73,1866542.27,0
HH004029,0,0,0,0.00,1446581.16,1299911.92,0
HH004030,0,0,0,0.00,6072572.34,6516791.21,0
HH004031,0,0,0,0.00,1188763.33,1383000.30,0
HH004032,0,0,0,0.00,5631793.95,6295030.98,0
HH004033,0,0,0,0.00,1331946.37,945838.49,0
HH004034,0,0,0,0.00,6292232.38,6241044.75,0
HH004035,0,0,0,0.00,10932474.64,12801434.07,0
HH004036,0,0,0,0.00,2029745.58,1922208.61,0
HH004037,1,0,1,3117877.10,3201867.41,83990.31,2
HH004038,0,0,0,0.00,3966442.81,4186952.94,0
HH004039,0,0,0,0.00,3860462.21,4153257.45,0
HH004040,0,0,0,0.00,4400466.31,4784259.54,0
HH004041,0,0,0,0.00,27082471.92,23607056.40,0
HH004042,0,0,0,0.00,11107495.49,12134014.70,0
HH004043,0,0,0,0.00,46024602.30,46871718.92,0
HH004044,0,0,0,0.00,3014961.20,3434846.47,0
HH004045,0,0,0,0.00,10576876.61,11217788.72,0
HH004046,0,0,0,0.00,1405167.42,1163281.93,0
HH004047,0,0,0,0.00,1440348.43,1516692.72,0
HH004048,0,0,0,0.00,9657619.61,8919050.12,0
HH004049,0,0,0,0.00,5549433.77,5574826.31,0
HH004050,0,0,0,0.00,10398961.62,10237251.91,0
HH004051,0,0,0,0.00,3113173.11,3224109.94,0
HH004052,0,0,0,0.00,13740978.12,12649301.62,0
HH004053,0,0,0,0.00,7544811.15,8464092.85,0
HH004054,1,0,1,67967092.44,69469809.01,1502716.57,3
HH004055,0,0,0,0.00,5295543.23,5235289.25,0
HH004056,0,1,1,621217.45,2192608.92,1609749.50,0
HH004057,0,0,0,0.00,15889852.86,17874880.27,0
HH004058,0,0,0,0.00,9102791.04,9436253.73,0
HH004059,0,0,0,0.00,1204537.81,1456746.16,0
HH004060,0,0,0,0.00,1943814.84,1992343.57,0
HH004061,0,0,0,0.00,1673708.06,2092409.86,0
HH004062,0,0,0,0.00,10030739.74,8912387.17,0
HH004063,0,0,0,0.00,34211830.40,39434668.95,0
HH004064,0,0,0,0.00,1634174.35,1452837.08,0
HH004065,0,0,0,0.00,1259466.14,1293744.84,0
HH004066,0,0,0,0.00,1468077.74,1345382.34,0
HH004067,0,0,0,0.00,24500359.07,27027222.58,0
HH004068,0,0,0,0.00,6839847.35,7017418.53,0
HH004069,0,0,0,0.00,3560402.29,3997739.70,0
HH004070,0,1,1,1352068.40,3141282.31,1852677.84,0
HH004071,0,0,0,0.00,7887124.77,11481415.58,0
HH004072,1,0,1,14807827.07,14868227.20,60400.13,6
HH004073,0,0,0,0.00,2897338.20,3022201.77,0
HH004074,0,0,0,0.00,16893632.85,18483505.81,0
HH004075,0,0,0,0.00,14457147.00,15355300.73,0
HH004076,1,0,1,2778950.55,2784774.24,5823.69,4
HH004077,0,0,0,0.00,1703798.09,2143506.72,0
HH004078,0,0,0,0.00,12188554.77,11534803.00,0
HH004079,0,0,0,0.00,1616557.06,1707199.16,0
HH004080,1,0,1,1484054.96,1525599.74,41544.78,2
HH004081,0,0,0,0.00,33065841.43,33980901.45,0
HH004082,0,0,0,0.00,4123174.45,3175366.74,0
HH004083,0,0,0,0.00,121157017.43,134916749.82,0
HH004084,0,0,0,0.00,37761167.70,33649163.54,0
HH004085,0,0,0,0.00,5134078.32,5017615.42,0
HH004086,0,0,0,0.00,4752526.97,5052724.02,0
HH004087,0,1,1,1865883.51,3935949.34,2335622.84,0
HH004088,0,0,0,0.00,1878029.36,1800627.94,0
HH004089,0,0,0,0.00,55244564.41,66078733.48,0
HH004090,0,1,1,3627314.27,11115397.63,8680648.38,0
HH004091,0,0,0,0.00,20637267.91,17771439.13,0
HH004092,0,0,0,0.00,2147787.31,1905412.77,0
HH004093,0,0,0,0.00,8163368.91,8864028.11,0
HH004094,0,0,0,0.00,7612547.06,7463963.06,0
HH004095,0,1,1,4166637.94,9899974.52,5919441.08,0
HH004096,1,0,1,1269644.59,1295226.48,25581.89,4
HH004097,0,0,0,0.00,8262638.21,8710308.70,0
HH004098,0,0,0,0.00,1994872.78,2155731.95,0
HH004099,0,1,1,1338567.04,3568245.84,2882760.40,0
HH004100,0,0,0,0.00,11631935.49,11517749.12,0
HH004101,0,0,0,0.00,80488656.47,83768608.51,0
HH004102,0,0,0,0.00,4132396.86,3794801.33,0
HH004103,0,0,0,0.00,1876791.22,2100887.83,0
HH004104,0,0,0,0.00,2823159.67,3931324.19,0
HH004105,0,0,0,0.00,2369021.95,2454155.41,0
HH004106,0,0,0,0.00,4002674.77,4469445.36,0
HH004107,1,0,1,4775378.32,4784126.48,8748.16,1
HH004108,0,0,0,0.00,5982109.02,5681564.95,0
HH004109,1,0,1,18199974.77,18404576.56,204601.79,4
HH004110,0,0,0,0.00,1755241.70,2092043.40,0
HH004111,0,0,0,0.00,5594026.40,6610854.85,0
HH004112,0,0,0,0.00,1546625.09,1696002.54,0
HH004113,0,0,0,0.00,6863878.88,8172293.67,0
HH004114,0,0,0,0.00,4986779.50,7128011.31,0
HH004115,1,0,1,1260915.39,1275264.29,14348.90,3
HH004116,0,0,0,0.00,2572542.49,3026543.38,0
HH004117,0,0,0,0.00,6590273.80,8885471.56,0
HH004118,1,0,1,1339111.21,1352953.04,13841.83,2
HH004119,0,0,0,0.00,6085860.35,8757050.17,0
HH004120,0,1,1,939013.17,1972139.38,942905.96,0
HH004121,0,0,0,0.00,4399734.98,4300293.49,0
HH004122,0,0,0,0.00,3157096.58,3031359.76,0
HH004123,0,0,0,0.00,3734851.38,4238230.61,0
HH004124,0,0,0,0.00,1052670.64,1171245.08,0
HH004125,0,0,0,0.00,14275855.73,10863346.52,0
HH004126,0,0,0,0.00,67657710.14,84209364.57,0
HH004127,0,0,0,0.00,2673408.85,2155271.89,0
HH004128,0,0,0,0.00,5490266.50,7016762.43,0
HH004129,0,0,0,0.00,3878613.26,3418580.30,0
HH004130,0,0,0,0.00,3811247.56,4440015.43,0
HH004131,0,0,0,0.00,6367210.62,6443528.62,0
HH004132,0,0,0,0.00,2239710.44,4771232.29,0
HH004133,0,0,0,0.00,1691599.62,1639838.08,0
HH004134,0,0,0,0.00,19248672.71,22330424.63,0
HH004135,1,0,1,5281918.25,5443960.30,162042.05,5
HH004136,0,1,1,7343157.08,20551536.55,15029059.36,0
HH004137,0,0,0,0.00,7320393.94,7766881.73,0
HH004138,0,1,1,1926886.12,5160228.58,3789256.35,0
HH004139,0,0,0,0.00,1795532.40,2025894.93,0
HH004140,1,0,1,3233215.11,3331153.52,97938.41,3
HH004141,0,0,0,0.00,4300665.72,5105167.25,0
HH004142,0,0,0,0.00,10401291.02,10366114.47,0
HH004143,0,1,1,1237968.11,4977928.20,4051027.60,0
HH004144,0,0,0,0.00,2268111.09,2250994.04,0
HH004145,0,0,0,0.00,4888184.36,4502796.99,0
HH004146,0,1,1,534882.40,2587432.16,1972263.53,0
HH004147,0,0,0,0.00,12275425.54,13368772.60,0
HH004148,0,0,0,0.00,9326909.75,34767708.24,0
HH004149,0,0,0,0.00,1814388.09,2119489.09,0
HH004150,0,0,0,0.00,11434219.52,12984958.68,0
HH004151,1,0,1,2814008.06,2833337.72,19329.66,6
HH004152,1,0,1,1642055.33,1662288.60,20233.27,5
HH004153,0,0,0,0.00,10920017.60,11405579.07,0
HH004154,0,0,0,0.00,8543521.73,10084627.79,0
HH004155,0,0,0,0.00,10622973.31,11660633.07,0
HH004156,0,0,0,0.00,1480106.63,1721579.95,0
HH004157,,,,,2233854.75,2079174.22,0
HH004158,0,0,0,0.00,12983874.85,15545325.08,0
HH004159,0,0,0,0.00,9577311.31,12172295.23,0
HH004160,0,0,0,0.00,8316292.68,10181822.96,0
HH004161,0,0,0,0.00,1971711.37,2152680.00,0
HH004162,0,0,0,0.00,3101047.27,3300420.24,0
HH004163,0,0,0,0.00,18242505.50,18682127.31,0
HH004164,0,0,0,0.00,51404817.15,47144235.77,0
HH004165,0,0,0,0.00,7502977.61,8724332.41,0
HH004166,0,0,0,0.00,15940257.00,17397054.30,0
HH004167,0,0,0,0.00,24222813.52,31660359.47,0
HH004168,0,0,0,0.00,11048436.44,7208107.92,0
HH004169,0,0,0,0.00,1720178.22,2468461.07,0
HH004170,0,0,0,0.00,5651533.13,5840836.87,0
HH004171,0,0,0,0.00,4980734.77,5732440.38,0
HH004172,0,0,0,0.00,5009185.35,5022784.81,0
HH004173,0,0,0,0.00,2790047.93,3286213.55,0
HH004174,0,0,0,0.00,11469613.29,12826412.06,0
HH004175,0,0,0,0.00,7073746.16,7030248.91,0
HH004176,1,0,1,5661000.97,5802016.00,141015.03,6
HH004177,0,0,0,0.00,3490720.32,3796691.31,0
HH004178,0,0,0,0.00,6147628.17,14575501.73,0
HH004179,0,1,1,3280840.30,14105357.78,12527055.25,0
HH004180,0,0,0,0.00,23482128.14,30462005.36,0
HH004181,0,0,0,0.00,2038969.04,2005568.00,0
HH004182,0,0,0,0.00,44584348.25,60326120.37,0
HH004183,0,0,0,0.00,38917202.57,28263667.51,0
HH004184,0,0,0,0.00,4663337.94,4847543.24,0
HH004185,0,0,0,0.00,2665383.93,2178877.56,0
HH004186,0,0,0,0.00,1180243.46,1082055.74,0
HH004187,0,0,0,0.00,5704567.18,5759712.60,0
HH004188,0,0,0,0.00,1884006.14,2100119.66,0
HH004189,0,0,0,0.00,5319742.88,4927705.57,0
HH004190,0,0,0,0.00,22006386.03,24590565.31,0
HH004191,0,0,0,0.00,8057670.53,8189471.81,0
HH004192,0,0,0,0.00,15253342.50,17520308.70,0
HH004193,1,0,1,1160437.94,1184718.57,24280.63,6
HH004194,0,0,0,0.00,1033415.78,1425948.95,0
HH004195,0,0,0,0.00,2225592.00,2082427.03,0
HH004196,0,0,0,0.00,13059049.44,16120189.84,0
HH004197,0,0,0,0.00,4743330.60,3178926.92,0
HH004198,0,0,0,0.00,6669404.12,7555424.57,0
HH004199,0,0,0,0.00,5260649.29,6008630.99,0
HH004200,1,0,1,5403908.05,5518778.03,114869.98,1
HH004201,0,0,0,0.00,4244532.96,5239472.11,0
HH004202,0,0,0,0.00,5423330.77,5943734.16,0
HH004203,0,0,0,0.00,2489466.54,2530578.22,0
HH004204,0,0,0,0.00,1946231.99,2278947.12,0
HH004205,0,0,0,0.00,11638179.12,13208676.00,0
HH004206,0,0,0,0.00,6932929.69,5455073.18,0
HH004207,0,0,0,0.00,24713318.03,26649403.81,0
HH004208,1,0,1,1527177.18,1545855.55,18678.37,1
HH004209,0,1,1,9476866.31,15966026.02,7445702.26,0
HH004210,0,0,0,0.00,1844920.74,2150785.78,0
HH004211,0,0,0,0.00,15352418.03,16381252.35,0
HH004212,0,0,0,0.00,49335534.56,51804610.21,0
HH004213,1,0,1,3011843.55,3055397.57,43554.02,6
HH004214,0,0,0,0.00,9676445.66,10512416.31,0
HH004215,0,0,0,0.00,83196014.67,87980018.73,0
HH004216,0,0,0,0.00,6279594.19,5238198.24,0
HH004217,0,0,0,0.00,12463695.54,14885686.93,0
HH004218,0,0,0,0.00,12416162.14,14143481.38,0
HH004219,0,0,0,0.00,4887386.77,4906031.33,0
HH004220,0,0,0,0.00,16989663.40,20854679.50,0
HH004221,0,0,0,0.00,1358271.68,1405623.74,0
HH004222,0,0,0,0.00,10757331.48,11128265.59,0
HH004223,0,0,0,0.00,5516380.11,4594183.06,0
HH004224,0,1,1,962153.24,3130596.68,2381066.49,0
HH004225,0,0,0,0.00,18619971.56,20862270.63,0
HH004226,1,0,1,2128213.20,2136122.75,7909.55,4
HH004227,0,0,0,0.00,10097753.41,10089710.26,0
HH004228,0,0,0,0.00,7309304.55,9414244.03,0
HH004229,1,0,1,2561232.10,2599265.43,38033.33,3
HH004230,1,0,1,3159329.20,3172833.53,13504.33,2
HH004231,0,1,1,3070433.30,7951686.36,5187676.40,0
HH004232,0,0,0,0.00,42534417.99,37941518.44,0
HH004233,0,0,0,0.00,2959382.77,2797897.40,0
HH004234,0,0,0,0.00,4362567.17,5035462.84,0
HH004235,0,0,0,0.00,3612455.80,3972667.79,0
HH004236,0,1,1,454414.23,1867336.67,1431096.95,0
HH004237,0,0,0,0.00,3738220.16,3473722.94,0
HH004238,0,0,0,0.00,2219359.82,2187303.01,0
HH004239,0,0,0,0.00,5520202.95,6381270.75,0
HH004240,0,0,0,0.00,1989482.28,2104286.20,0
HH004241,0,0,0,0.00,2509028.63,2954890.05,0
HH004242,0,0,0,0.00,10553118.18,11187834.45,0
HH004243,0,1,1,4138932.76,17234820.50,12570056.18,0
HH004244,0,0,0,0.00,14805522.06,16673940.21,0
HH004245,0,0,0,0.00,2317922.17,2404715.74,0
HH004246,0,0,0,0.00,2998371.48,4297568.14,0
HH004247,0,0,0,0.00,2076336.24,2078597.21,0
HH004248,0,1,1,292014.13,1143946.94,882971.12,0
HH004249,0,0,0,0.00,10682955.64,9965911.40,0
HH004250,0,0,0,0.00,4069293.30,3445812.55,0
HH004251,0,0,0,0.00,4314034.59,4219380.79,0
HH004252,0,0,0,0.00,8170348.81,8526750.36,0
HH004253,0,0,0,0.00,5944392.45,6319681.17,0
HH004254,0,0,0,0.00,1213373.81,1397050.80,0
HH004255,0,0,0,0.00,1445946.64,1526829.00,0
HH004256,0,0,0,0.00,7584341.96,8198477.06,0
HH004257,0,0,0,0.00,6052451.53,6350846.14,0
HH004258,0,1,1,920654.27,2072943.62,1198346.88,0
HH004259,0,0,0,0.00,2776143.23,2261929.50,0
HH004260,0,1,1,3924107.24,13676450.14,13323126.54,0
HH004261,0,0,0,0.00,16497778.05,16791469.57,0
HH004262,1,0,1,3698528.35,3704777.92,6249.57,3
HH004263,0,0,0,0.00,2220709.07,2130108.46,0
HH004264,0,0,0,0.00,42827012.27,44905997.09,0
HH004265,0,1,1,2496047.43,9896428.83,8296850.28,0
HH004266,0,0,0,0.00,4773727.34,5315820.54,0
HH004267,0,0,0,0.00,3115663.04,1973921.62,0
HH004268,0,0,0,0.00,48351216.72,55448479.76,0
HH004269,0,0,0,0.00,3652161.39,3449151.53,0
HH004270,0,0,0,0.00,14314129.69,14518863.33,0
HH004271,0,0,0,0.00,3445824.60,3770511.25,0
HH004272,0,0,0,0.00,2275850.77,2354396.05,0
HH004273,0,0,0,0.00,6098241.93,6535541.28,0
HH004274,0,0,0,0.00,16517190.72,20425870.62,0
HH004275,0,0,0,0.00,23495786.67,22072379.90,0
HH004276,0,0,0,0.00,1584002.95,1857288.60,0
HH004277,0,0,0,0.00,17411189.08,16220871.14,0
HH004278,0,0,0,0.00,8109092.29,9794196.56,0
HH004279,0,0,0,0.00,2387887.73,2751584.06,0
HH004280,0,0,0,0.00,15386761.67,14323183.61,0
HH004281,0,0,0,0.00,1331772.62,1589036.68,0
HH004282,0,0,0,0.00,1270801.17,933071.46,0
HH004283,0,0,0,0.00,2853372.50,3346977.64,0
HH004284,0,1,1,6492694.05,19915662.60,15362987.37,0
HH004285,0,0,0,0.00,4289280.97,4263249.00,0
HH004286,0,1,1,1764345.52,3021105.51,922515.71,0
HH004287,0,1,1,1551002.46,5497092.51,4626158.44,0
HH004288,0,0,0,0.00,1968839.20,2101740.83,0
HH004289,0,0,0,0.00,47577134.21,62790431.83,0
HH004290,0,0,0,0.00,3398274.12,3478720.86,0
HH004291,0,0,0,0.00,4909434.35,5827939.53,0
HH004292,0,0,0,0.00,2449319.96,2310846.33,0
HH004293,0,0,0,0.00,10239842.50,11466319.22,0
HH004294,0,0,0,0.00,6295929.38,6763567.82,0
HH004295,0,0,0,0.00,3216977.90,3139529.83,0
HH004296,0,0,0,0.00,3003843.25,3201836.69,0
HH004297,0,0,0,0.00,9405284.95,9129316.66,0
HH004298,0,0,0,0.00,23172617.89,25388422.90,0
HH004299,0,0,0,0.00,7221853.74,8605494.45,0
HH004300,0,0,0,0.00,1798440.58,2128093.06,0
HH004301,0,0,0,0.00,6708642.31,7669928.09,0
HH004302,0,0,0,0.00,19730737.66,18628502.72,0
HH004303,0,0,0,0.00,6902168.84,7130336.18,0
HH004304,0,0,0,0.00,1241016.01,1283632.59,0
HH004305,0,0,0,0.00,7597875.31,9021417.51,0
HH004306,0,0,0,0.00,4179581.39,5340637.13,0
HH004307,0,0,0,0.00,5173191.91,5764717.43,0
HH004308,0,0,0,0.00,4656839.52,4657320.25,0
HH004309,0,0,0,0.00,1525896.99,1655935.66,0
HH004310,0,0,0,0.00,77344902.75,81793253.19,0
HH004311,0,0,0,0.00,44123116.77,48579015.25,0
HH004312,0,0,0,0.00,6382557.43,6279455.32,0
HH004313,0,0,0,0.00,3159871.38,3264399.53,0
HH004314,0,0,0,0.00,19469015.50,26141961.31,0
HH004315,0,0,0,0.00,1877735.27,2130749.99,0
HH004316,0,0,0,0.00,3589857.22,4478061.23,0
HH004317,0,0,0,0.00,7975854.01,9588291.45,0
HH004318,0,0,0,0.00,1175147.30,1113762.73,0
HH004319,0,1,1,1851731.46,3174497.92,1462832.49,0
HH004320,0,0,0,0.00,33747567.80,37769401.68,0
HH004321,0,0,0,0.00,1706677.12,2059978.59,0
HH004322,0,0,0,0.00,4596060.36,4958364.76,0
HH004323,1,0,1,194817097.53,199996293.40,5179195.87,3
HH004324,0,0,0,0.00,1423399.64,1388714.01,0
HH004325,0,0,0,0.00,8414593.74,7857083.19,0
HH004326,0,0,0,0.00,2859785.84,3184243.87,0
HH004327,1,0,1,8474209.23,8637867.01,163657.78,4
HH004328,0,0,0,0.00,1613402.79,1766230.41,0
HH004329,0,0,0,0.00,36519511.38,39047354.35,0
HH004330,0,0,0,0.00,3945626.66,3685013.86,0
HH004331,0,0,0,0.00,20845526.96,18799329.17,0
HH004332,0,0,0,0.00,9008967.35,8991315.54,0
HH004333,1,0,1,9382838.55,9428168.08,45329.53,1
HH004334,0,0,0,0.00,3941281.40,4567345.83,0
HH004335,0,0,0,0.00,1349796.92,1343853.49,0
HH004336,0,0,0,0.00,4237652.09,3839795.89,0
HH004337,0,0,0,0.00,2608666.03,2935726.99,0
HH004338,0,1,1,444623.81,1464834.18,1046132.71,0
HH004339,0,0,0,0.00,12676300.55,12718180.31,0
HH004340,0,0,0,0.00,25478411.39,25060767.46,0
HH004341,0,0,0,0.00,10710370.75,9083042.47,0
HH004342,0,0,0,0.00,5900796.39,6210610.03,0
HH004343,0,0,0,0.00,5385225.38,5550571.88,0
HH004344,1,0,1,2698002.24,2768014.64,70012.40,4
HH004345,0,0,0,0.00,11361844.91,13473830.68,0
HH004346,0,0,0,0.00,2209938.03,2196420.26,0
HH004347,0,0,0,0.00,23003102.48,21656724.92,0
HH004348,0,0,0,0.00,3225911.08,4063326.06,0
HH004349,0,0,0,0.00,452316159.76,425285782.68,0
HH004350,0,0,0,0.00,1101140.04,1016275.77,0
HH004351,0,0,0,0.00,3590512.48,3455574.05,0
HH004352,0,0,0,0.00,6317610.59,7254925.77,0
HH004353,0,0,0,0.00,2874570.41,3027884.30,0
HH004354,0,1,1,3049100.14,5458404.29,2666645.33,0
HH004355,0,0,0,0.00,1441920.60,1685910.99,0
HH004356,1,0,1,2787539.65,2802832.85,15293.20,4
HH004357,1,0,1,4738231.90,4866947.90,128716.00,2
HH004358,1,0,1,9414738.52,9638419.52,223681.00,4
HH004359,0,0,0,0.00,5643535.20,6203683.42,0
HH004360,1,0,1,87559425.17,90121449.72,2562024.55,5
HH004361,0,0,0,0.00,2996400.02,3100363.96,0
HH004362,1,0,1,23276921.19,23644145.44,367224.25,4
HH004363,0,0,0,0.00,8933909.85,8885416.39,0
HH004364,0,0,0,0.00,9160984.09,10425481.90,0
HH004365,0,0,0,0.00,4384677.45,4616169.90,0
HH004366,0,0,0,0.00,10844068.16,11060549.97,0
HH004367,0,0,0,0.00,25417852.45,26017598.83,0
HH004368,0,0,0,0.00,72358646.37,83834129.19,0
HH004369,0,0,0,0.00,4633480.73,4743527.13,0
HH004370,0,0,0,0.00,6476006.41,7656843.60,0
HH004371,0,0,0,0.00,30587427.12,32143045.17,0
HH004372,0,1,1,1851907.63,6319877.87,3737418.26,0
HH004373,0,0,0,0.00,2851848.26,3036597.19,0
HH004374,0,0,0,0.00,10318868.97,12421538.29,0
HH004375,0,0,0,0.00,4617730.74,5428404.34,0
HH004376,0,0,0,0.00,1842783.98,2720646.98,0
HH004377,0,1,1,2747441.33,4355185.96,1416114.18,0
HH004378,0,0,0,0.00,55471992.08,53505559.94,0
HH004379,0,1,1,1430337.58,4701683.56,3283699.57,0
HH004380,1,0,1,26291830.08,26971558.43,679728.35,1
HH004381,0,0,0,0.00,8470639.68,8238070.84,0
HH004382,0,0,0,0.00,19420574.82,22121986.87,0
HH004383,0,0,0,0.00,3883421.88,4195793.84,0
HH004384,0,0,0,0.00,1053222.73,923923.62,0
HH004385,0,0,0,0.00,7527967.07,9155903.79,0
HH004386,0,0,0,0.00,2053550.66,1922232.87,0
HH004387,0,0,0,0.00,1571394.94,1029697.00,0
HH004388,0,1,1,1221492.31,2044876.95,789892.23,0
HH004389,0,1,1,1749138.02,3974147.26,2327970.73,0
HH004390,1,0,1,1717614.93,1725961.85,8346.92,3
HH004391,0,0,0,0.00,4072216.73,5080409.93,0
HH004392,0,0,0,0.00,4822399.84,5068381.21,0
HH004393,0,0,0,0.00,24225749.90,23043985.21,0
HH004394,1,0,1,3269968.91,3312699.75,42730.84,2
HH004395,0,0,0,0.00,17822485.07,15812349.58,0
HH004396,0,0,0,0.00,30388717.41,27703700.56,0
HH004397,0,0,0,0.00,11445362.56,10956212.15,0
HH004398,0,0,0,0.00,1679527.73,1709969.31,0
HH004399,0,0,0,0.00,5604749.70,5615609.74,0
HH004400,0,0,0,0.00,84126297.82,90106762.98,0
HH004401,0,0,0,0.00,2901728.71,2904134.59,0
HH004402,0,0,0,0.00,10531143.55,9468979.86,0
HH004403,0,1,1,455461.87,1857746.72,1528183.57,0
HH004404,0,0,0,0.00,14937678.18,16710389.81,0
HH004405,0,0,0,0.00,28050031.72,26693761.07,0
HH004406,1,0,1,6239564.21,6273192.77,33628.56,1
HH004407,0,0,0,0.00,7177527.05,7965479.77,0
HH004408,0,0,0,0.00,3907394.51,4438706.90,0
HH004409,0,0,0,0.00,4245240.34,3676470.68,0
HH004410,0,0,0,0.00,1221271.99,1175342.03,0
HH004411,0,0,0,0.00,15845154.90,17024682.20,0
HH004412,0,0,0,0.00,8996057.21,9627394.60,0
HH004413,0,0,0,0.00,4761515.96,4824630.88,0
HH004414,0,1,1,1294917.55,3178142.53,2202093.87,0
HH004415,0,0,0,0.00,2593379.07,2467937.51,0
HH004416,0,0,0,0.00,1119277.19,1670693.62,0
HH004417,0,0,0,0.00,15518362.16,16391452.11,0
HH004418,0,1,1,1174224.62,2620539.20,1627972.87,0
HH004419,0,0,0,0.00,3385748.61,3238942.64,0
HH004420,0,0,0,0.00,6239602.39,6343815.00,0
HH004421,0,0,0,0.00,24665971.58,28639992.72,0
HH004422,0,0,0,0.00,10444335.27,12154304.67,0
HH004423,0,0,0,0.00,33298136.96,37247642.61,0
HH004424,0,0,0,0.00,6643967.12,6413746.79,0
HH004425,0,0,0,0.00,13505096.19,18335083.29,0
HH004426,0,0,0,0.00,3118099.40,3644339.04,0
HH004427,0,0,0,0.00,1908956.03,1840649.87,0
HH004428,0,0,0,0.00,11429903.82,13432705.76,0
HH004429,0,0,0,0.00,1560170.81,1695721.73,0
HH004430,0,0,0,0.00,27204462.62,32042297.63,0
HH004431,0,0,0,0.00,3040284.22,2941638.75,0
HH004432,0,0,0,0.00,2562013.33,2557218.27,0
HH004433,0,0,0,0.00,6072464.56,6424225.84,0
HH004434,0,0,0,0.00,1510148.55,1510049.52,0
HH004435,0,0,0,0.00,3317919.01,3784540.52,0
HH004436,0,0,0,0.00,14168132.79,13042007.46,0
HH004437,0,0,0,0.00,11801932.11,12791805.46,0
HH004438,0,0,0,0.00,1116403.93,1233999.99,0
HH004439,0,0,0,0.00,6005799.78,6393242.14,0
HH004440,0,1,1,1486309.22,3386252.87,1863847.17,0
HH004441,0,0,0,0.00,4853940.08,5358546.63,0
HH004442,0,0,0,0.00,3057106.13,4028720.77,0
HH004443,0,0,0,0.00,1692885.20,1722069.12,0
HH004444,0,1,1,239712.77,1015708.33,764540.48,0
HH004445,0,0,0,0.00,19210992.53,20766297.14,0
HH004446,0,0,0,0.00,1104967.00,1098470.52,0
HH004447,0,0,0,0.00,2205490.67,2546932.58,0
HH004448,,,,,10543152.42,11192640.42,0
HH004449,0,0,0,0.00,8312829.96,8869559.11,0
HH004450,0,0,0,0.00,2864167.43,3266173.41,0
HH004451,0,1,1,3818169.37,10093208.51,7220977.32,0
HH004452,0,1,1,2454566.01,5193671.30,2928307.18,0
HH004453,0,0,0,0.00,34660230.10,37829771.82,0
HH004454,1,0,1,2004362.86,2056659.72,52296.86,4
HH004455,0,0,0,0.00,10686254.71,11362830.41,0
HH004456,0,0,0,0.00,10047521.71,9119528.32,0
HH004457,0,0,0,0.00,1623599.41,1647696.68,0
HH004458,0,0,0,0.00,2648574.81,2946864.37,0
HH004459,0,0,0,0.00,27894119.11,30246434.47,0
HH004460,0,0,0,0.00,11944700.90,12471415.79,0
HH004461,0,0,0,0.00,2878368.40,4119434.65,0
HH004462,0,0,0,0.00,17513382.10,20505453.48,0
HH004463,0,0,0,0.00,1088566.54,888993.21,0
HH004464,0,0,0,0.00,24889656.95,27630700.46,0
HH004465,0,0,0,0.00,17519475.25,19937257.40,0
HH004466,,,,,6884844.15,8081823.97,0
HH004467,0,0,0,0.00,21864048.07,23541898.36,0
HH004468,0,0,0,0.00,7462112.12,7990947.77,0
HH004469,0,0,0,0.00,2664279.64,2486322.34,0
HH004470,0,0,0,0.00,2348391.64,2321059.41,0
HH004471,0,0,0,0.00,1166993.50,1232363.88,0
HH004472,1,0,1,11205433.60,11240652.13,35218.53,2
HH004473,0,0,0,0.00,11569828.31,14295378.80,0
HH004474,0,1,1,927988.92,1429679.45,510542.18,0
HH004475,0,0,0,0.00,4983634.08,4993656.37,0
HH004476,0,0,0,0.00,31712799.28,31965011.50,0
HH004477,0,0,0,0.00,9653008.16,9417288.10,0
HH004478,0,0,0,0.00,3849168.94,3646766.28,0
HH004479,0,0,0,0.00,5659788.25,6042028.29,0
HH004480,0,0,0,0.00,7835121.65,7907516.18,0
HH004481,0,0,0,0.00,1780857.07,2177173.00,0
HH004482,0,0,0,0.00,1089785.78,1303459.70,0
HH004483,0,0,0,0.00,1447744.98,1541593.66,0
HH004484,0,0,0,0.00,1802073.42,1831890.86,0
HH004485,0,0,0,0.00,1902623.41,2228651.07,0
HH004486,0,0,0,0.00,2173664.06,2305914.91,0
HH004487,0,0,0,0.00,3282061.06,3619641.38,0
HH004488,0,0,0,0.00,11186135.23,12700934.50,0
HH004489,0,0,0,0.00,3971388.12,4581769.35,0
HH004490,0,0,0,0.00,2787611.26,3506948.32,0
HH004491,0,0,0,0.00,4971016.02,4749177.76,0
HH004492,0,0,0,0.00,67951699.39,57896809.47,0
HH004493,0,0,0,0.00,5743176.77,5264894.23,0
HH004494,0,0,0,0.00,4414306.97,4570404.87,0
HH004495,0,0,0,0.00,1127465.50,1100400.94,0
HH004496,0,0,0,0.00,7064461.81,7640516.45,0
HH004497,0,1,1,754118.42,1672824.77,961020.69,0
HH004498,1,0,1,1735364.66,1748314.97,12950.31,1
HH004499,0,0,0,0.00,4993729.54,5301632.80,0
HH004500,0,0,0,0.00,2682205.57,2301630.52,0
HH004501,0,0,0,0.00,6751264.09,7345760.45,0
HH004502,0,0,0,0.00,4871407.42,2932635.63,0
HH004503,0,0,0,0.00,13828870.72,17277159.99,0
HH004504,0,0,0,0.00,27628969.35,26497248.24,0
HH004505,0,0,0,0.00,1833471.21,2033516.73,0
HH004506,0,0,0,0.00,7422095.04,6088014.72,0
HH004507,0,0,0,0.00,9450644.65,10208400.72,0
HH004508,0,0,0,0.00,9957122.12,9773563.78,0
HH004509,0,1,1,2432937.76,4321397.07,2063108.80,0
HH004510,0,0,0,0.00,4164686.18,4449789.92,0
HH004511,0,0,0,0.00,1845450.09,1948232.72,0
HH004512,0,0,0,0.00,12118992.26,13399817.04,0
HH004513,0,0,0,0.00,2358948.15,2370748.66,0
HH004514,0,0,0,0.00,3699643.34,4245728.55,0
HH004515,0,0,0,0.00,18088087.63,18157810.05,0
HH004516,0,1,1,548858.24,1463558.82,929834.75,0
HH004517,0,0,0,0.00,1269693.68,1479648.26,0
HH004518,0,0,0,0.00,9794335.80,10900869.63,0
HH004519,0,0,0,0.00,6906451.75,7054369.39,0
HH004520,0,0,0,0.00,16076995.54,18315431.63,0
HH004521,0,0,0,0.00,2780566.88,2527502.02,0
HH004522,0,0,0,0.00,1190689.87,1427294.27,0
HH004523,0,0,0,0.00,3803963.35,4396634.00,0
HH004524,0,0,0,0.00,10282262.88,10892205.66,0
HH004525,0,0,0,0.00,2512470.04,2369845.88,0
HH004526,0,0,0,0.00,8058238.75,9305904.84,0
HH004527,0,0,0,0.00,3223271.83,3512054.02,0
HH004528,0,0,0,0.00,2167662.82,2459116.75,0
HH004529,1,0,1,12347094.99,12718502.06,371407.07,3
HH004530,0,0,0,0.00,3167711.64,2723599.88,0
HH004531,0,0,0,0.00,265658247.64,260734805.25,0
HH004532,0,0,0,0.00,9148695.57,10343491.96,0
HH004533,0,0,0,0.00,5078182.62,5657958.72,0
HH004534,0,0,0,0.00,13403159.86,18241155.11,0
HH004535,0,0,0,0.00,3625598.71,4689828.42,0
HH004536,1,0,1,1917066.87,1938499.25,21432.38,6
HH004537,0,0,0,0.00,19965034.05,22141974.92,0
HH004538,0,0,0,0.00,5395008.41,5893464.81,0
HH004539,0,0,0,0.00,19617591.90,17509701.49,0
HH004540,0,0,0,0.00,7506932.69,8391215.33,0
HH004541,0,1,1,1562392.99,7190121.58,5359100.45,0
HH004542,0,0,0,0.00,11609893.09,11049922.58,0
HH004543,0,0,0,0.00,8487436.58,10285282.49,0
HH004544,0,0,0,0.00,1611658.48,1495271.78,0
HH004545,0,0,0,0.00,23299585.96,26005100.44,0
HH004546,0,0,0,0.00,3926492.49,5531954.79,0
HH004547,0,0,0,0.00,1304655.37,1568567.33,0
HH004548,0,0,0,0.00,16960147.69,19018070.67,0
HH004549,0,0,0,0.00,3664072.35,4164410.01,0
HH004550,0,1,1,6658825.23,23937237.72,23779951.90,0
HH004551,0,0,0,0.00,1870534.84,2414521.09,0
HH004552,0,0,0,0.00,2298981.48,2486632.05,0
HH004553,0,0,0,0.00,8049353.43,7629594.03,0
HH004554,0,0,0,0.00,2442683.58,2243112.45,0
HH004555,0,0,0,0.00,3747279.78,4030995.21,0
HH004556,0,1,1,2746543.36,6034538.37,3321347.54,0
HH004557,0,0,0,0.00,1031649.19,1161264.47,0
HH004558,0,0,0,0.00,61113160.78,59691599.37,0
HH004559,0,0,0,0.00,3858498.85,3316458.06,0
HH004560,0,0,0,0.00,9035835.47,8263695.52,0
HH004561,0,0,0,0.00,30901861.13,64919514.58,0
HH004562,0,0,0,0.00,2838643.55,3363905.90,0
HH004563,0,0,0,0.00,2739228.60,8203322.88,0
HH004564,0,0,0,0.00,4073276.50,4346940.74,0
HH004565,0,1,1,552483.02,1101329.73,532629.40,0
HH004566,0,0,0,0.00,15992382.81,18512484.55,0
HH004567,,,,,17814352.01,21946887.89,0
HH004568,0,0,0,0.00,13967478.43,15803404.10,0
HH004569,0,0,0,0.00,1922321.94,2102744.75,0
HH004570,0,0,0,0.00,2523573.52,3510297.12,0
HH004571,0,0,0,0.00,1655917.62,1747423.16,0
HH004572,0,0,0,0.00,2597573.02,3241992.07,0
HH004573,0,1,1,1405403.06,3618227.67,2303037.75,0
HH004574,0,0,0,0.00,18308781.55,22473418.75,0
HH004575,0,1,1,2014940.76,4133908.51,2388295.39,0
HH004576,0,0,0,0.00,2831077.46,3152247.34,0
HH004577,0,0,0,0.00,3496307.57,3508736.21,0
HH004578,0,0,0,0.00,4803637.59,4569145.74,0
HH004579,0,0,0,0.00,2034425.84,1838079.40,0
HH004580,0,0,0,0.00,1819144.75,2574158.36,0
HH004581,0,0,0,0.00,18342062.79,21984756.30,0
HH004582,0,0,0,0.00,17514045.05,18882764.83,0
HH004583,0,0,0,0.00,4115626.25,4521390.70,0
HH004584,0,0,0,0.00,1211927.05,1193618.86,0
HH004585,0,0,0,0.00,41883534.47,44298520.80,0
HH004586,1,0,1,4918579.19,5053798.08,135218.89,3
HH004587,0,0,0,0.00,1132163.88,1271978.98,0
HH004588,0,0,0,0.00,2428390.85,3077416.96,0
HH004589,0,0,0,0.00,5080825.49,6834267.87,0
HH004590,0,0,0,0.00,22955447.23,30552152.06,0
HH004591,0,0,0,0.00,6106838.47,7870466.34,0
HH004592,0,0,0,0.00,22137626.17,26309778.12,0
HH004593,0,0,0,0.00,14795205.08,11597976.73,0
HH004594,0,0,0,0.00,3422151.62,3830948.37,0
HH004595,0,0,0,0.00,10891666.47,11665661.67,0
HH004596,1,0,1,5981594.76,6113941.72,132346.96,5
HH004597,0,0,0,0.00,4682791.50,5198410.67,0
HH004598,0,0,0,0.00,8418008.32,9011834.84,0
HH004599,0,0,0,0.00,4388213.91,2970676.40,0
HH004600,0,0,0,0.00,1080734.37,1193127.23,0
HH004601,0,0,0,0.00,2771385.71,3222810.82,0
HH004602,0,0,0,0.00,9213030.59,13248176.19,0
HH004603,0,0,0,0.00,15266571.05,16526022.80,0
HH004604,0,0,0,0.00,9963168.60,9774312.81,0
HH004605,0,0,0,0.00,2330820.68,2734028.54,0
HH004606,0,0,0,0.00,18689608.39,18337405.69,0
HH004607,0,0,0,0.00,3615375.84,3665285.57,0
HH004608,0,0,0,0.00,1852456.80,2229645.36,0
HH004609,0,0,0,0.00,6269442.64,6970127.88,0
HH004610,0,0,0,0.00,2160842.59,3280103.45,0
HH004611,0,0,0,0.00,10994173.30,13797308.12,0
HH004612,0,0,0,0.00,5360861.70,6839132.25,0
HH004613,0,1,1,8254423.25,15827651.76,7294841.72,0
HH004614,0,1,1,420677.65,1886851.81,1572200.41,0
HH004615,0,0,0,0.00,10136556.66,10723736.14,0
HH004616,0,0,0,0.00,23485998.91,26471174.89,0
HH004617,0,0,0,0.00,4397641.90,4723366.71,0
HH004618,0,0,0,0.00,5618554.92,5753228.53,0
HH004619,0,0,0,0.00,12760569.99,15316660.81,0
HH004620,0,0,0,0.00,2960392.67,5316910.07,0
HH004621,0,1,1,873015.00,1984188.73,1203392.63,0
HH004622,0,0,0,0.00,110807643.60,122473795.48,0
HH004623,0,0,0,0.00,1457544.19,1622832.57,0
HH004624,0,1,1,548501.08,1896355.14,1213375.60,0
HH004625,0,0,0,0.00,5687187.64,7035935.45,0
HH004626,1,0,1,58211140.29,59676847.40,1465707.11,3
HH004627,1,0,1,3278177.77,3376901.41,98723.64,6
HH004628,1,0,1,1735721.69,1786943.89,51222.20,2
HH004629,0,0,0,0.00,16980261.27,17791761.01,0
HH004630,0,0,0,0.00,1316717.82,1236569.80,0
HH004631,0,0,0,0.00,7398968.32,8374375.55,0
HH004632,0,0,0,0.00,1087623.28,1202219.50,0
HH004633,0,0,0,0.00,4144418.74,4202283.96,0
HH004634,0,0,0,0.00,4955212.17,5098941.91,0
HH004635,0,0,0,0.00,2710013.05,2818763.37,0
HH004636,0,0,0,0.00,3661238.38,3634236.73,0
HH004637,0,1,1,374359.43,1366790.69,998510.98,0
HH004638,0,0,0,0.00,8010163.03,9126032.11,0
HH004639,0,1,1,915992.73,4174995.34,3928375.77,0
HH004640,0,0,0,0.00,9601265.60,10979232.31,0
HH004641,0,0,0,0.00,1031468.56,1085305.45,0
HH004642,0,1,1,938950.50,3336545.62,3186116.12,0
HH004643,1,0,1,14395412.44,14683432.09,288019.65,5
HH004644,0,0,0,0.00,25050699.06,24498725.64,0
HH004645,0,0,0,0.00,1794828.21,1350079.66,0
HH004646,0,0,0,0.00,1200391.38,1181248.07,0
HH004647,0,0,0,0.00,3921762.97,3409772.44,0
HH004648,0,0,0,0.00,6449884.31,8129151.17,0
HH004649,0,0,0,0.00,2190244.02,2297538.80,0
HH004650,0,0,0,0.00,25139463.72,28011422.61,0
HH004651,0,0,0,0.00,7469268.44,8754097.07,0
HH004652,0,0,0,0.00,3286493.41,3743535.71,0
HH004653,0,0,0,0.00,6375364.20,7727434.92,0
HH004654,0,0,0,0.00,2058928.00,1227299.32,0
HH004655,0,0,0,0.00,6436238.71,6851437.04,0
HH004656,0,1,1,3662730.70,14900977.28,12319266.81,0
HH004657,1,0,1,3439004.95,3450863.43,11858.48,5
HH004658,0,0,0,0.00,23438603.73,26267028.33,0
HH004659,0,0,0,0.00,1227278.74,1505943.40,0
HH004660,0,0,0,0.00,6743127.08,7714988.51,0
HH004661,0,1,1,814408.36,1655470.60,946771.82,0
HH004662,0,0,0,0.00,5113159.83,5202083.82,0
HH004663,0,0,0,0.00,7088168.89,6508220.18,0
HH004664,0,0,0,0.00,15582915.34,23666860.26,0
HH004665,0,0,0,0.00,11055788.92,13392802.75,0
HH004666,0,0,0,0.00,3303038.76,3920363.45,0
HH004667,0,1,1,1101487.43,2240279.35,1202336.27,0
HH004668,0,0,0,0.00,2097154.68,2351160.18,0
HH004669,0,0,0,0.00,5466016.25,5619069.27,0
HH004670,0,0,0,0.00,4891969.60,5876560.59,0
HH004671,0,0,0,0.00,5593001.55,5902551.54,0
HH004672,0,0,0,0.00,6335739.80,6267925.11,0
HH004673,0,0,0,0.00,18272696.11,14893812.83,0
HH004674,0,0,0,0.00,3368214.03,3189870.20,0
HH004675,0,0,0,0.00,2453854.81,2232060.26,0
HH004676,0,1,1,7027137.98,12858311.77,6487371.20,0
HH004677,1,0,1,4618796.29,4715688.98,96892.69,1
HH004678,0,0,0,0.00,1491091.05,1508998.22,0
HH004679,0,0,0,0.00,4077448.53,4248156.41,0
HH004680,0,0,0,0.00,3249022.01,3917408.57,0
HH004681,0,0,0,0.00,3037130.87,3139545.92,0
HH004682,0,0,0,0.00,6488123.15,7567394.40,0
HH004683,0,1,1,1151419.83,3514768.59,2617385.88,0
HH004684,0,0,0,0.00,3395938.04,4453749.97,0
HH004685,0,1,1,2109433.81,5728495.98,3981377.70,0
HH004686,1,0,1,2445200.04,2491173.89,45973.85,5
HH004687,0,1,1,2355001.13,5966728.39,3704972.54,0
HH004688,0,0,0,0.00,4803228.85,5882953.51,0
HH004689,0,0,0,0.00,10042732.10,10742602.51,0
HH004690,0,0,0,0.00,5952770.42,6874122.50,0
HH004691,0,0,0,0.00,1579129.14,1660045.61,0
HH004692,0,0,0,0.00,5287492.48,5924328.25,0
HH004693,0,1,1,263390.24,1101277.55,858359.71,0
HH004694,0,0,0,0.00,5705397.75,6166765.57,0
HH004695,0,0,0,0.00,2401295.93,2780031.72,0
HH004696,0,0,0,0.00,38634703.58,38249711.84,0
HH004697,0,0,0,0.00,1686491.70,2104714.16,0
HH004698,0,0,0,0.00,2090353.77,2252415.26,0
HH004699,1,0,1,4768611.87,4802365.74,33753.87,3
HH004700,0,0,0,0.00,15940580.34,17277194.33,0
HH004701,0,0,0,0.00,5341668.12,5099512.71,0
HH004702,0,0,0,0.00,4812770.79,5716696.29,0
HH004703,1,0,1,4784103.88,4811420.56,27316.68,5
HH004704,0,1,1,1204189.82,2395142.56,1804721.63,0
HH004705,0,0,0,0.00,7864735.80,10675186.02,0
HH004706,0,0,0,0.00,11336732.34,10683022.19,0
HH004707,0,1,1,2818372.29,4747822.61,1423249.40,0
HH004708,0,0,0,0.00,9770050.02,10059622.60,0
HH004709,0,0,0,0.00,1619250.47,1730811.87,0
HH004710,0,0,0,0.00,2948837.60,3275037.10,0
HH004711,0,0,0,0.00,3331774.97,4323079.84,0
HH004712,0,0,0,0.00,2498104.59,2555466.79,0
HH004713,0,0,0,0.00,1293124.63,1808166.02,0
HH004714,0,0,0,0.00,4840116.12,4220623.88,0
HH004715,0,0,0,0.00,2402957.64,2539008.56,0
HH004716,0,0,0,0.00,4656498.65,2634098.67,0
HH004717,0,0,0,0.00,1368769.16,1467158.51,0
HH004718,0,0,0,0.00,6361916.20,7770758.00,0
HH004719,0,1,1,2250323.95,3854757.96,1749932.13,0
HH004720,0,0,0,0.00,1671511.97,2057007.89,0
HH004721,0,0,0,0.00,17234724.60,17081215.59,0
HH004722,1,0,1,1829167.96,1866138.15,36970.19,6
HH004723,0,0,0,0.00,7802828.22,7943383.46,0
HH004724,0,0,0,0.00,1668699.07,1612367.61,0
HH004725,0,0,0,0.00,1007153.75,1201488.03,0
HH004726,0,0,0,0.00,1228094.89,1203694.36,0
HH004727,0,0,0,0.00,8422743.79,8613775.85,0
HH004728,0,0,0,0.00,1204807.23,1775820.71,0
HH004729,0,0,0,0.00,5631554.13,5420007.98,0
HH004730,0,0,0,0.00,1964312.71,1975914.18,0
HH004731,0,1,1,2332789.92,7909016.26,6854068.27,0
HH004732,0,0,0,0.00,2333183.40,2515029.32,0
HH004733,0,0,0,0.00,1970035.37,1922261.35,0
HH004734,0,0,0,0.00,11772869.03,12971396.41,0
HH004735,0,0,0,0.00,1421671.97,1477758.29,0
HH004736,0,0,0,0.00,1410762.34,1278761.33,0
HH004737,0,0,0,0.00,11380473.69,12097524.34,0
HH004738,0,0,0,0.00,3258516.80,4147872.53,0
HH004739,0,0,0,0.00,23158610.65,25986836.49,0
HH004740,0,0,0,0.00,1792057.91,1485570.15,0
HH004741,0,0,0,0.00,1576609.80,1628196.23,0
HH004742,0,0,0,0.00,1770167.79,1690562.90,0
HH004743,0,0,0,0.00,8084646.55,8261011.68,0
HH004744,0,0,0,0.00,1821066.07,2393684.67,0
HH004745,,,,,1522761.23,1714947.04,0
HH004746,0,0,0,0.00,15733424.10,11750356.35,0
HH004747,0,0,0,0.00,3186364.45,3685988.13,0
HH004748,0,0,0,0.00,27539271.51,29552182.50,0
HH004749,0,0,0,0.00,2589963.61,2683244.30,0
HH004750,0,0,0,0.00,15130741.04,16841761.49,0
HH004751,0,0,0,0.00,3593926.16,3824224.37,0
HH004752,0,0,0,0.00,1080584.02,1113415.66,0
HH004753,0,0,0,0.00,3755579.74,4031345.98,0
HH004754,0,0,0,0.00,3752862.05,4071543.29,0
HH004755,0,0,0,0.00,2015637.48,2066390.22,0
HH004756,1,0,1,3545300.36,3602129.02,56828.66,2
HH004757,0,0,0,0.00,3602225.32,4191061.92,0
HH004758,0,0,0,0.00,2165228.66,2738396.34,0
HH004759,0,0,0,0.00,7412405.56,9410429.41,0
HH004760,0,0,0,0.00,2891182.89,2925777.80,0
HH004761,0,0,0,0.00,8110424.95,9064933.42,0
HH004762,0,0,0,0.00,2725804.14,4007180.32,0
HH004763,0,0,0,0.00,6225896.94,6852715.94,0
HH004764,0,0,0,0.00,8772855.02,6812136.90,0
HH004765,0,1,1,1102133.79,4119601.43,3851299.71,0
HH004766,0,1,1,116807719.17,272199276.12,166220185.48,0
HH004767,0,0,0,0.00,5434683.22,6127157.22,0
HH004768,0,0,0,0.00,2112659.67,2421650.92,0
HH004769,0,0,0,0.00,6790544.48,6666180.98,0
HH004770,0,0,0,0.00,3103577.48,3133769.53,0
HH004771,0,0,0,0.00,1961648.86,1960250.50,0
HH004772,0,1,1,338473.49,1608219.68,1388428.68,0
HH004773,0,0,0,0.00,4685473.33,4314050.16,0
HH004774,0,0,0,0.00,6286498.65,7337692.64,0
HH004775,0,0,0,0.00,3807034.30,4114796.71,0
HH004776,0,0,0,0.00,16953197.41,14291882.24,0
HH004777,0,0,0,0.00,4303873.57,3896508.82,0
HH004778,0,0,0,0.00,1811209.29,1322440.63,0
HH004779,0,0,0,0.00,34360078.11,32793069.17,0
HH004780,1,0,1,1748611.45,1750735.69,2124.24,5
HH004781,0,0,0,0.00,1855676.49,1934758.06,0
HH004782,0,0,0,0.00,1363662.75,1837300.69,0
HH004783,0,0,0,0.00,1160335.08,1331975.46,0
HH004784,0,0,0,0.00,6681125.29,7340716.09,0
HH004785,0,0,0,0.00,16644144.28,18289565.83,0
HH004786,0,0,0,0.00,1006054.33,1057830.69,0
HH004787,0,0,0,0.00,4161448.05,8185859.81,0
HH004788,1,0,1,12699443.12,12724585.43,25142.31,4
HH004789,0,0,0,0.00,2250752.24,1587277.43,0
HH004790,0,0,0,0.00,4970098.07,5457853.81,0
HH004791,0,0,0,0.00,1356136.60,2117733.25,0
HH004792,0,1,1,1373248.71,3472765.43,2201147.50,0
HH004793,0,0,0,0.00,17416353.57,18327670.67,0
HH004794,0,0,0,0.00,1243524.12,1301538.19,0
HH004795,0,0,0,0.00,26585042.38,29450062.67,0
HH004796,0,0,0,0.00,11058801.02,11847993.60,0
HH004797,0,0,0,0.00,1800609.44,2027841.11,0
HH004798,0,0,0,0.00,4590733.98,5054968.61,0
HH004799,0,1,1,26397037.69,45186183.12,18636488.93,0
HH004800,0,1,1,476851.60,1726502.83,1341967.02,0
HH004801,0,1,1,884422.25,1680930.87,883206.79,0
HH004802,0,0,0,0.00,13641480.80,15870689.95,0
HH004803,0,0,0,0.00,7715124.21,8216368.77,0
HH004804,0,0,0,0.00,8444298.47,7624960.44,0
HH004805,1,0,1,12019939.69,12085289.84,65350.15,5
HH004806,0,0,0,0.00,3076564.64,4614007.49,0
HH004807,0,1,1,848937.80,3833840.33,3139299.30,0
HH004808,0,0,0,0.00,5426983.44,5442675.18,0
HH004809,0,0,0,0.00,8790573.12,8616608.37,0
HH004810,0,0,0,0.00,2327701.21,2643879.12,0
HH004811,0,0,0,0.00,5359995.38,6966821.58,0
HH004812,0,0,0,0.00,16795257.79,19913091.50,0
HH004813,0,0,0,0.00,1935708.16,2759052.68,0
HH004814,0,0,0,0.00,28007447.05,31391901.22,0
HH004815,0,0,0,0.00,17068741.76,13868318.48,0
HH004816,0,0,0,0.00,3923083.51,4609534.62,0
HH004817,0,1,1,2124753.22,6033994.47,4411906.27,0
HH004818,0,0,0,0.00,3598441.91,3866482.45,0
HH004819,0,0,0,0.00,3202698.65,3941109.22,0
HH004820,0,0,0,0.00,3510559.56,4042960.05,0
HH004821,0,0,0,0.00,3597279.96,3537342.36,0
HH004822,0,0,0,0.00,10866711.01,11939258.90,0
HH004823,0,0,0,0.00,4942113.86,4845950.55,0
HH004824,0,1,1,1154839.59,2040533.30,936085.70,0
HH004825,0,0,0,0.00,28057407.87,29959036.28,0
HH004826,0,0,0,0.00,4022108.97,4451913.82,0
HH004827,0,0,0,0.00,4428882.86,4816736.75,0
HH004828,0,0,0,0.00,27243618.99,30630936.53,0
HH004829,0,0,0,0.00,3333538.89,3541435.69,0
HH004830,0,0,0,0.00,2388623.56,2563924.81,0
HH004831,0,0,0,0.00,2549466.70,2889023.49,0
HH004832,0,0,0,0.00,7555555.29,7295466.30,0
HH004833,1,0,1,6328936.20,6387097.69,58161.49,3
HH004834,0,0,0,0.00,2668940.09,2729768.19,0
HH004835,0,0,0,0.00,5951765.55,6987790.32,0
HH004836,0,0,0,0.00,4560386.20,6158043.55,0
HH004837,0,0,0,0.00,1427747.73,1607781.00,0
HH004838,1,0,1,6889807.68,6952344.74,62537.06,1
HH004839,0,0,0,0.00,9651524.62,10394478.30,0
HH004840,0,0,0,0.00,12959854.43,11589760.15,0
HH004841,0,0,0,0.00,6688312.98,7593769.26,0
HH004842,0,0,0,0.00,6949744.41,7830936.84,0
HH004843,0,0,0,0.00,85997935.29,87577020.50,0
HH004844,0,0,0,0.00,8757598.86,8438621.84,0
HH004845,0,0,0,0.00,3747031.54,4061988.41,0
HH004846,0,0,0,0.00,1284887.83,1314264.76,0
HH004847,0,0,0,0.00,5305746.19,6045071.88,0
HH004848,0,0,0,0.00,5296956.71,4847935.44,0
HH004849,0,1,1,1102533.11,1946020.55,863537.66,0
HH004850,0,0,0,0.00,6476351.00,8851547.14,0
HH004851,0,0,0,0.00,6821701.86,7766339.44,0
HH004852,0,0,0,0.00,1944578.96,2124229.97,0
HH004853,0,0,0,0.00,1510754.50,1619339.46,0
HH004854,0,0,0,0.00,21258412.30,21959969.28,0
HH004855,0,1,1,9873074.88,33178696.61,23695345.90,0
HH004856,0,1,1,1231345.84,2299268.11,1173652.56,0
HH004857,0,0,0,0.00,11495205.08,11680281.79,0
HH004858,0,0,0,0.00,481158309.50,481740261.57,0
HH004859,0,0,0,0.00,4996711.99,4943117.58,0
HH004860,0,0,0,0.00,21889022.45,27077058.24,0
HH004861,0,0,0,0.00,1559526.54,1638090.91,0
HH004862,1,0,1,14650135.46,14797356.98,147221.52,6
HH004863,0,0,0,0.00,28064973.20,30518124.70,0
HH004864,0,0,0,0.00,2436660.50,2745379.12,0
HH004865,0,1,1,651378.78,1224957.25,631224.34,0
HH004866,,,,,23523280.06,25535230.74,0
HH004867,0,0,0,0.00,3051692.35,2927958.57,0
HH004868,0,0,0,0.00,20315863.20,21204221.04,0
HH004869,0,0,0,0.00,1134972.59,1149088.34,0
HH004870,0,1,1,2374599.41,8052136.65,5014644.80,0
HH004871,0,0,0,0.00,166288759.84,202523291.51,0
HH004872,0,1,1,7474555.45,13671828.00,6249198.71,0
HH004873,0,0,0,0.00,3092503.66,3659283.89,0
HH004874,0,0,0,0.00,3123466.97,3430743.59,0
HH004875,0,0,0,0.00,1006625.21,1236113.03,0
HH004876,0,0,0,0.00,3353709.47,3101577.02,0
HH004877,0,0,0,0.00,25871803.88,30565360.27,0
HH004878,0,1,1,1840319.60,4867955.50,3274456.19,0
HH004879,0,0,0,0.00,1035061.55,1363491.21,0
HH004880,0,1,1,2407305.76,6489544.18,5114474.94,0
HH004881,0,0,0,0.00,13656940.73,16268146.09,0
HH004882,0,1,1,967257.01,1554327.97,675366.87,0
HH004883,0,0,0,0.00,12036239.49,13787487.23,0
HH004884,0,0,0,0.00,4651281.33,5461608.87,0
HH004885,0,0,0,0.00,7608991.12,9311302.48,0
HH004886,0,0,0,0.00,4596246.10,4542562.50,0
HH004887,0,0,0,0.00,3367830.96,3905646.32,0
HH004888,0,0,0,0.00,4261815.83,4631064.24,0
HH004889,0,0,0,0.00,1975806.30,1973359.21,0
HH004890,0,0,0,0.00,1047139.59,768534.75,0
HH004891,0,0,0,0.00,21733815.55,25109237.25,0
HH004892,0,0,0,0.00,15255020.23,21025624.12,0
HH004893,0,0,0,0.00,1597818.04,1616302.30,0
HH004894,0,0,0,0.00,4300964.92,4813681.46,0
HH004895,0,0,0,0.00,42601637.23,40900833.38,0
HH004896,0,0,0,0.00,1008138.12,1114940.75,0
HH004897,0,0,0,0.00,1897149.37,1942120.67,0
HH004898,0,1,1,682309.41,2764259.83,2698412.94,0
HH004899,0,0,0,0.00,9183427.65,9266311.14,0
HH004900,0,0,0,0.00,10016531.68,10709042.80,0
HH004901,0,0,0,0.00,11962233.07,14216827.21,0
HH004902,0,0,0,0.00,28046011.25,21278504.16,0
HH004903,0,0,0,0.00,5933431.22,6401912.44,0
HH004904,0,0,0,0.00,24220514.60,27724024.34,0
HH004905,1,0,1,9169376.08,9267421.41,98045.33,1
HH004906,0,0,0,0.00,1165693.84,1193619.45,0
HH004907,0,0,0,0.00,1526105.40,2134392.93,0
HH004908,1,0,1,15450047.79,15668637.53,218589.74,5
HH004909,0,0,0,0.00,6241697.48,6385079.87,0
HH004910,0,0,0,0.00,3865689.55,3860553.11,0
HH004911,0,0,0,0.00,1560264.52,1767013.21,0
HH004912,0,1,1,4586774.90,7893928.07,3360682.23,0
HH004913,0,0,0,0.00,3782445.49,4089963.26,0
HH004914,0,0,0,0.00,22095567.25,27589816.17,0
HH004915,0,0,0,0.00,3533359.60,3636397.88,0
HH004916,0,0,0,0.00,6632829.39,9192698.12,0
HH004917,0,0,0,0.00,3011376.77,3398862.98,0
HH004918,0,0,0,0.00,3703956.35,3444531.12,0
HH004919,0,0,0,0.00,151038926.87,143720857.27,0
HH004920,0,0,0,0.00,5326775.32,5732420.87,0
HH004921,1,0,1,7686142.35,7721229.69,35087.34,1
HH004922,0,0,0,0.00,3892846.67,4307701.97,0
HH004923,0,1,1,3384379.91,7081072.63,4000047.85,0
HH004924,0,0,0,0.00,1903508.71,2194261.88,0
HH004925,0,0,0,0.00,2537439.82,2719263.13,0
HH004926,0,0,0,0.00,7406901.03,8219864.78,0
HH004927,0,0,0,0.00,3603361.48,4267431.31,0
HH004928,0,0,0,0.00,2767983.14,2844114.12,0
HH004929,0,0,0,0.00,11712356.17,12358052.40,0
HH004930,0,1,1,808303.53,3502458.88,2983599.80,0
HH004931,0,0,0,0.00,21830137.87,17646516.55,0
HH004932,0,0,0,0.00,2510252.16,2747188.53,0
HH004933,0,0,0,0.00,5783332.27,5820418.57,0
HH004934,0,0,0,0.00,1667280.82,1588127.44,0
HH004935,0,0,0,0.00,3219165.41,3840751.64,0
HH004936,1,0,1,6258680.34,6281234.90,22554.56,2
HH004937,0,1,1,1371891.51,4254093.31,3076332.94,0
HH004938,0,0,0,0.00,4432520.26,6981575.42,0
HH004939,0,0,0,0.00,1010382.64,996395.69,0
HH004940,0,0,0,0.00,4178066.16,4808156.19,0
HH004941,0,1,1,329137.63,1442823.62,1091880.30,0
HH004942,0,1,1,1440414.77,3687742.77,2419515.28,0
HH004943,0,0,0,0.00,12219416.11,9427561.75,0
HH004944,0,0,0,0.00,2193643.51,2261471.18,0
HH004945,0,0,0,0.00,19222511.83,20776022.87,0
HH004946,0,0,0,0.00,6062555.11,6769491.61,0
HH004947,0,0,0,0.00,10476863.97,11239485.49,0
HH004948,0,0,0,0.00,2741391.00,2509567.39,0
HH004949,0,0,0,0.00,20066216.99,20987772.09,0
HH004950,0,0,0,0.00,33986815.27,37022987.95,0
HH004951,0,1,1,1472525.67,6352177.50,5859346.60,0
HH004952,0,1,1,4479447.24,7525704.54,3324338.42,0
HH004953,0,1,1,850497.90,1947780.19,1076807.14,0
HH004954,0,0,0,0.00,49572237.14,43241821.24,0
HH004955,0,0,0,0.00,7772929.46,8336497.09,0
HH004956,1,0,1,13776825.56,14162124.55,385298.99,4
HH004957,0,0,0,0.00,12249153.46,11788170.92,0
HH004958,0,0,0,0.00,6799733.56,7747343.55,0
HH004959,0,0,0,0.00,1613629.00,1145839.90,0
HH004960,0,0,0,0.00,17200825.13,16391453.53,0
HH004961,0,0,0,0.00,2154849.63,1952958.00,0
HH004962,0,0,0,0.00,8478704.37,8217456.85,0
HH004963,0,0,0,0.00,109120265.56,110159329.45,0
HH004964,0,0,0,0.00,2378765.13,1765167.36,0
HH004965,0,0,0,0.00,9320133.30,8394563.97,0
HH004966,0,1,1,3822746.13,6930291.18,3468773.02,0
HH004967,0,0,0,0.00,53408379.83,53261347.93,0
HH004968,0,0,0,0.00,13117130.83,13415702.29,0
HH004969,0,0,0,0.00,4010696.60,6788328.94,0
HH004970,0,0,0,0.00,2160343.98,2118586.98,0
HH004971,0,0,0,0.00,1319711.67,1187712.02,0
HH004972,1,0,1,5420265.74,5424190.74,3925.00,2
HH004973,0,0,0,0.00,12717918.28,13441721.39,0
HH004974,0,0,0,0.00,3481557.05,4685683.02,0
HH004975,0,0,0,0.00,4117689.10,4185976.56,0
HH004976,0,1,1,436127.26,1732664.28,1463905.18,0
HH004977,0,0,0,0.00,3006034.66,3562272.40,0
HH004978,0,0,0,0.00,1713781.51,1502247.87,0
HH004979,0,0,0,0.00,3513249.41,4083795.44,0
HH004980,0,0,0,0.00,1116892.58,1222984.34,0
HH004981,0,0,0,0.00,1463670.73,1573154.03,0
HH004982,0,0,0,0.00,56885474.89,70507588.35,0
HH004983,0,0,0,0.00,2249189.71,2282595.69,0
HH004984,0,0,0,0.00,4583989.93,3809455.42,0
HH004985,0,0,0,0.00,16661052.08,16255967.32,0
HH004986,0,0,0,0.00,2047276.53,2137742.13,0
HH004987,0,0,0,0.00,11285759.94,12987029.98,0
HH004988,0,0,0,0.00,14929476.69,16322112.59,0
HH004989,0,1,1,3530331.29,6135470.07,2720104.53,0
HH004990,0,1,1,1238687.41,4685368.94,3334902.29,0
HH004991,0,1,1,440486.97,1619942.01,1392431.38,0
HH004992,0,0,0,0.00,10573155.91,10182986.80,0
HH004993,0,0,0,0.00,1010112.42,1031405.89,0
HH004994,0,0,0,0.00,33609941.53,39525304.64,0
HH004995,0,0,0,0.00,13378618.54,11083056.48,0
HH004996,0,0,0,0.00,12350172.41,11576449.53,0
HH004997,0,0,0,0.00,1869473.02,1964391.09,0
HH004998,0,0,0,0.00,2312385.30,2590125.65,0
HH004999,0,1,1,647719.68,1800130.97,1298411.00,0
HH005000,0,1,1,5827055.29,14831707.45,9667032.48,0
HH005001,0,0,0,0.00,13196029.07,13176470.91,0
HH005002,0,0,0,0.00,218816149.66,206525166.53,0
HH005003,0,0,0,0.00,3860564.73,4895833.87,0
HH005004,0,0,0,0.00,13300524.73,12466768.75,0
HH005005,0,0,0,0.00,1453840.50,1734796.18,0
HH005006,0,0,0,0.00,7893652.99,5373143.72,0
HH005007,0,0,0,0.00,1791523.98,2011553.45,0
HH005008,0,0,0,0.00,16367143.89,20262647.02,0
HH005009,0,0,0,0.00,4172022.90,4433496.70,0
HH005010,0,0,0,0.00,7707532.79,7892498.80,0
HH005011,1,0,1,3336453.16,3415745.08,79291.92,3
HH005012,0,0,0,0.00,6468332.46,7603735.69,0
HH005013,0,0,0,0.00,11987121.20,11848535.48,0
HH005014,0,0,0,0.00,7892006.21,8511795.10,0
HH005015,0,0,0,0.00,9163891.17,9556498.46,0
HH005016,0,0,0,0.00,10604450.60,11377315.53,0
HH005017,0,0,0,0.00,8432200.00,8090660.10,0
HH005018,0,0,0,0.00,6318340.05,6547663.66,0
HH005019,0,1,1,1198816.29,4357586.70,3333600.08,0
HH005020,0,0,0,0.00,12441580.17,13208668.22,0
HH005021,0,0,0,0.00,4406629.24,4907573.66,0
HH005022,0,0,0,0.00,10726830.08,10943116.50,0
HH005023,0,0,0,0.00,3963520.50,4043488.67,0
HH005024,0,0,0,0.00,20279814.04,22582437.93,0
HH005025,0,0,0,0.00,4063276.39,5139299.72,0
HH005026,0,0,0,0.00,6412871.06,7465813.97,0
HH005027,0,0,0,0.00,29320321.66,30418645.39,0
HH005028,0,0,0,0.00,8175913.80,7012776.97,0
HH005029,0,0,0,0.00,5627771.97,6032074.38,0
HH005030,0,0,0,0.00,8770727.16,9624868.46,0
HH005031,0,0,0,0.00,1826783.15,1881345.37,0
HH005032,0,0,0,0.00,2365649.84,2151402.29,0
HH005033,0,0,0,0.00,9389890.41,10479607.52,0
HH005034,0,0,0,0.00,4081074.46,15096193.10,0
HH005035,0,1,1,2345450.58,4097353.24,1813016.07,0
HH005036,0,0,0,0.00,1261271.88,1445282.38,0
HH005037,0,0,0,0.00,2663131.60,2769198.88,0
HH005038,0,0,0,0.00,4047703.50,3730314.78,0
HH005039,0,0,0,0.00,8129148.22,8094446.03,0
HH005040,0,0,0,0.00,5060961.37,4162652.79,0
HH005041,0,0,0,0.00,30297193.54,37591762.46,0
HH005042,0,0,0,0.00,3997251.61,4845611.42,0
HH005043,0,0,0,0.00,11965811.21,11253405.27,0
HH005044,0,0,0,0.00,2564807.41,2754192.33,0
HH005045,0,0,0,0.00,20685966.39,25829809.83,0
HH005046,0,0,0,0.00,17137240.16,20589845.90,0
HH005047,0,0,0,0.00,3921731.36,4332128.16,0
HH005048,0,0,0,0.00,7955878.92,7467818.68,0
HH005049,0,0,0,0.00,2563743.19,2993331.33,0
HH005050,0,0,0,0.00,1500081.36,1539648.32,0
HH005051,0,1,1,6734995.43,11905276.67,7179095.47,0
HH005052,0,0,0,0.00,4344134.77,4615342.80,0
HH005053,1,0,1,22566297.25,23099768.34,533471.09,1
HH005054,0,0,0,0.00,1285331.49,874283.99,0
HH005055,0,0,0,0.00,3064318.66,3362053.60,0
HH005056,0,0,0,0.00,148435663.66,152297670.92,0
HH005057,0,0,0,0.00,3332198.10,3449983.07,0
HH005058,0,0,0,0.00,20935041.04,25589952.46,0
HH005059,0,0,0,0.00,1239197.97,1385292.05,0
HH005060,0,0,0,0.00,1880162.29,2078269.08,0
HH005061,0,1,1,760406.25,3798357.81,2975901.44,0
HH005062,0,0,0,0.00,11302450.83,11583234.59,0
HH005063,0,0,0,0.00,102513394.37,104021328.54,0
HH005064,0,0,0,0.00,22684336.33,24931412.03,0
HH005065,0,0,0,0.00,6725283.39,7219508.12,0
HH005066,0,0,0,0.00,29609114.77,31414239.49,0
HH005067,0,0,0,0.00,9996562.89,9040099.99,0
HH005068,0,0,0,0.00,6729573.30,7793457.78,0
HH005069,0,0,0,0.00,4531906.86,4888525.73,0
HH005070,0,0,0,0.00,7407003.36,7509995.90,0
HH005071,0,1,1,1307344.63,5100207.21,4233102.56,0
HH005072,0,0,0,0.00,10342822.11,11594099.26,0
HH005073,0,0,0,0.00,9550741.00,10371718.98,0
HH005074,0,0,0,0.00,7048415.48,7708806.26,0
HH005075,0,0,0,0.00,1959921.89,2358091.62,0
HH005076,0,0,0,0.00,1712463.48,1948429.36,0
HH005077,1,0,1,12207595.92,12552241.81,344645.89,1
HH005078,0,1,1,263238.91,1024119.29,643436.11,0
HH005079,0,0,0,0.00,1292223.23,1659447.38,0
HH005080,0,0,0,0.00,4181919.77,4726084.34,0
HH005081,0,0,0,0.00,2653250.03,2456567.47,0
HH005082,0,0,0,0.00,4799246.28,5066396.56,0
HH005083,0,0,0,0.00,13621192.10,14990932.76,0
HH005084,0,0,0,0.00,8414864.68,8730880.80,0
HH005085,0,0,0,0.00,23482721.91,23682014.37,0
HH005086,0,0,0,0.00,3755166.59,4383648.54,0
HH005087,0,0,0,0.00,1567649.01,1480177.94,0
HH005088,0,0,0,0.00,1674668.01,1569402.87,0
HH005089,0,0,0,0.00,1640550.77,1660888.74,0
HH005090,0,0,0,0.00,35332377.27,43586406.66,0
HH005091,0,0,0,0.00,8576869.35,9435332.26,0
HH005092,0,1,1,631614.25,1439704.23,882241.80,0
HH005093,0,0,0,0.00,14741209.98,16971743.16,0
HH005094,0,0,0,0.00,58076589.94,57101759.82,0
HH005095,0,0,0,0.00,10217861.98,9562644.12,0
HH005096,0,0,0,0.00,6024330.11,6373752.20,0
HH005097,0,0,0,0.00,2125586.63,2014913.17,0
HH005098,0,0,0,0.00,39033972.88,41637561.54,0
HH005099,0,1,1,687520.71,2505004.63,2282450.32,0
HH005100,1,0,1,16113089.60,16413847.77,300758.17,1
HH005101,0,0,0,0.00,21651520.08,23004449.44,0
HH005102,0,0,0,0.00,1199857.73,1756649.34,0
HH005103,0,0,0,0.00,1701286.45,1835330.64,0
HH005104,0,0,0,0.00,4294865.64,4488812.32,0
HH005105,0,0,0,0.00,1050585.11,1150516.28,0
HH005106,0,0,0,0.00,8250893.36,8105636.53,0
HH005107,0,0,0,0.00,4604789.96,5540890.57,0
HH005108,0,0,0,0.00,24276430.16,30203667.37,0
HH005109,0,1,1,5039854.72,18926638.51,15237085.66,0
HH005110,0,0,0,0.00,16028145.46,17629147.17,0
HH005111,0,0,0,0.00,10248344.21,11376131.47,0
HH005112,0,0,0,0.00,1696025.10,2396751.25,0
HH005113,0,0,0,0.00,2882679.45,3333232.96,0
HH005114,0,0,0,0.00,20993589.73,24168670.34,0
HH005115,0,0,0,0.00,1518748.44,1835021.49,0
HH005116,0,1,1,1758423.39,7766969.72,5398972.69,0
HH005117,0,0,0,0.00,17103874.14,18789681.70,0
HH005118,0,0,0,0.00,2531245.31,3347747.02,0
HH005119,0,0,0,0.00,35557195.35,37072238.63,0
HH005120,0,0,0,0.00,23491235.71,23573392.53,0
HH005121,0,0,0,0.00,7137915.97,7077406.34,0
HH005122,0,1,1,3203699.28,5900870.66,3242858.56,0
HH005123,0,0,0,0.00,1944896.67,2034583.75,0
HH005124,0,0,0,0.00,153329904.66,160129343.29,0
HH005125,0,0,0,0.00,3278569.38,3392990.75,0
HH005126,0,0,0,0.00,8353040.80,9347004.14,0
HH005127,0,0,0,0.00,2761669.59,3099022.75,0
HH005128,0,0,0,0.00,3200912.94,3504444.53,0
HH005129,0,0,0,0.00,7734777.73,8106171.46,0
HH005130,0,1,1,13171964.65,26768406.04,13991394.87,0
HH005131,1,0,1,6059479.66,6223117.70,163638.04,1
HH005132,0,1,1,646063.24,3193537.90,2787360.85,0
HH005133,0,0,0,0.00,3352226.30,3648530.71,0
HH005134,0,0,0,0.00,1691483.03,1729868.23,0
HH005135,0,0,0,0.00,5681233.70,7086483.23,0
HH005136,0,0,0,0.00,75954232.40,92867607.87,0
HH005137,0,0,0,0.00,2236880.01,2338326.04,0
HH005138,0,0,0,0.00,5095260.99,5434115.69,0
HH005139,0,0,0,0.00,3923645.90,4903910.78,0
HH005140,0,0,0,0.00,2782913.22,2786340.21,0
HH005141,0,0,0,0.00,3316117.28,4294817.00,0
HH005142,0,0,0,0.00,6490212.20,7108196.70,0
HH005143,0,0,0,0.00,1985091.78,2328522.50,0
HH005144,0,0,0,0.00,7249280.48,7370709.15,0
HH005145,0,0,0,0.00,3791971.66,4122567.44,0
HH005146,0,0,0,0.00,8480901.33,8975385.10,0
HH005147,0,0,0,0.00,1743121.02,1558348.27,0
HH005148,0,0,0,0.00,23909219.26,23170433.93,0
HH005149,0,0,0,0.00,5504597.67,5540896.13,0
HH005150,0,0,0,0.00,6468419.72,6385663.44,0
HH005151,0,0,0,0.00,42552807.99,44047033.90,0
HH005152,0,0,0,0.00,4167930.27,4994325.32,0
HH005153,0,0,0,0.00,10970854.22,12166090.38,0
HH005154,0,0,0,0.00,17773595.62,20693284.43,0
HH005155,0,0,0,0.00,9304732.39,8973157.64,0
HH005156,0,0,0,0.00,2338523.52,2216068.39,0
HH005157,0,0,0,0.00,2657209.24,2609716.02,0
HH005158,0,0,0,0.00,19068187.78,20744758.59,0
HH005159,0,0,0,0.00,1047932.33,1021840.89,0
HH005160,0,0,0,0.00,1821182.83,1869590.29,0
HH005161,0,0,0,0.00,8908270.15,9211987.02,0
HH005162,0,0,0,0.00,4589657.47,5457663.54,0
HH005163,0,0,0,0.00,19349304.18,21527799.29,0
HH005164,0,0,0,0.00,15521603.02,14672760.14,0
HH005165,0,0,0,0.00,6717161.85,8201912.89,0
HH005166,0,0,0,0.00,6264500.49,6433185.06,0
HH005167,0,0,0,0.00,18418884.61,17172739.94,0
HH005168,1,0,1,73504992.30,75524851.09,2019858.79,4
HH005169,0,0,0,0.00,4920972.32,5580927.73,0
HH005170,0,0,0,0.00,4373831.88,4744826.02,0
HH005171,0,0,0,0.00,24531749.27,28822773.56,0
HH005172,0,1,1,748531.00,2729015.38,2210151.51,0
HH005173,0,0,0,0.00,4504249.33,4234967.49,0
HH005174,0,0,0,0.00,6418706.08,6474548.52,0
HH005175,0,0,0,0.00,4855584.67,4655335.70,0
HH005176,0,0,0,0.00,12765489.71,12711115.42,0
HH005177,0,0,0,0.00,3184969.92,3343799.69,0
HH005178,0,0,0,0.00,2740991.43,2883705.33,0
HH005179,0,0,0,0.00,1480771.47,1519323.56,0
HH005180,0,0,0,0.00,2721497.92,3257566.32,0
HH005181,0,0,0,0.00,3588426.71,3797913.86,0
HH005182,0,0,0,0.00,16290572.41,16469978.57,0
HH005183,0,0,0,0.00,2432043.83,2638127.72,0
HH005184,0,1,1,836751.11,1874194.14,1086202.38,0
HH005185,0,0,0,0.00,1513772.95,1494134.26,0
HH005186,0,0,0,0.00,20307521.62,21652505.62,0
HH005187,0,0,0,0.00,6211041.15,6908014.55,0
HH005188,0,0,0,0.00,4062050.98,3546242.20,0
HH005189,0,0,0,0.00,5845851.78,6324025.09,0
HH005190,0,0,0,0.00,1306537.14,940279.91,0
HH005191,0,0,0,0.00,7139859.47,6698863.72,0
HH005192,0,0,0,0.00,1359998.46,1471475.97,0
HH005193,0,0,0,0.00,8196179.46,8710914.93,0
HH005194,0,0,0,0.00,1945723.26,1729980.14,0
HH005195,1,0,1,3255010.86,3347592.60,92581.74,4
HH005196,,,,,11651275.22,12740568.09,0
HH005197,0,0,0,0.00,12624663.19,12648303.42,0
HH005198,0,0,0,0.00,9153025.82,9092650.54,0
HH005199,0,0,0,0.00,5569676.77,6162124.60,0
HH005200,0,0,0,0.00,6231122.32,6530542.87,0
HH005201,0,0,0,0.00,2136943.51,2255175.96,0
HH005202,0,0,0,0.00,20572974.24,22036440.16,0
HH005203,0,1,1,9238810.67,39277000.59,28501821.81,0
HH005204,0,0,0,0.00,1820248.83,2024110.23,0
HH005205,0,0,0,0.00,7969486.32,6543203.84,0
HH005206,0,1,1,448902.13,2225046.32,1401126.34,0
HH005207,0,0,0,0.00,15430315.33,16178362.03,0
HH005208,0,0,0,0.00,10888214.85,12875762.12,0
HH005209,0,0,0,0.00,5233893.60,6372251.68,0
HH005210,0,0,0,0.00,33261227.77,38329837.25,0
HH005211,0,0,0,0.00,17157965.85,17994499.42,0
HH005212,0,0,0,0.00,1756138.46,1909986.95,0
HH005213,0,1,1,4678755.91,8801320.64,4524579.18,0
HH005214,0,1,1,54980876.09,109595564.75,65434558.55,0
HH005215,0,0,0,0.00,3876745.67,3877421.77,0
HH005216,0,1,1,7097127.25,35412603.23,30041305.95,0
HH005217,0,0,0,0.00,18431533.21,16036569.05,0
HH005218,0,0,0,0.00,11759041.74,12785327.96,0
HH005219,0,0,0,0.00,4511000.50,4881836.13,0
HH005220,0,0,0,0.00,5755502.45,5467944.37,0
HH005221,0,0,0,0.00,4328779.92,6107454.19,0
HH005222,0,0,0,0.00,19472276.51,22848910.33,0
HH005223,0,0,0,0.00,3356207.89,3538149.37,0
HH005224,0,0,0,0.00,4441287.72,5026704.11,0
HH005225,0,0,0,0.00,5131437.90,5284157.60,0
HH005226,0,1,1,796728.50,2127942.41,1384984.05,0
HH005227,0,0,0,0.00,1866103.65,1918695.62,0
HH005228,1,0,1,5828612.37,5906144.74,77532.37,6
HH005229,0,0,0,0.00,11188048.12,14451747.67,0
HH005230,0,0,0,0.00,103196397.94,110195090.07,0
HH005231,0,0,0,0.00,15536211.74,16244912.78,0
HH005232,0,0,0,0.00,5450586.80,6039548.64,0
HH005233,0,0,0,0.00,42531352.77,45350951.61,0
HH005234,0,0,0,0.00,1729971.36,1875682.73,0
HH005235,0,0,0,0.00,6286863.12,6733572.84,0
HH005236,0,0,0,0.00,3905919.86,3812923.72,0
HH005237,0,0,0,0.00,9502970.68,10327124.12,0
HH005238,0,0,0,0.00,5640197.74,5797829.95,0
HH005239,0,0,0,0.00,10239421.21,12755240.46,0
HH005240,0,0,0,0.00,54894370.80,64823919.54,0
HH005241,0,0,0,0.00,26318124.93,28377055.07,0
HH005242,0,0,0,0.00,3717273.27,3843015.06,0
HH005243,0,0,0,0.00,2617353.88,3268809.79,0
HH005244,0,0,0,0.00,14360072.16,15019046.23,0
HH005245,0,0,0,0.00,2669475.74,2998108.45,0
HH005246,0,0,0,0.00,9124546.35,9231964.75,0
HH005247,0,0,0,0.00,3873789.79,6256067.24,0
HH005248,0,1,1,9053101.57,33608895.22,26563153.54,0
HH005249,0,0,0,0.00,56887670.32,49726261.27,0
HH005250,0,0,0,0.00,2147542.04,2670244.38,0
HH005251,1,0,1,4068635.22,4070489.66,1854.44,4
HH005252,0,0,0,0.00,10618585.00,10460989.10,0
HH005253,0,1,1,556704.61,1300564.07,813934.65,0
HH005254,0,0,0,0.00,5976445.65,6711825.91,0
HH005255,0,0,0,0.00,3524951.56,3406115.84,0
HH005256,0,0,0,0.00,8110118.00,8526122.60,0
HH005257,1,0,1,9659946.97,9954613.93,294666.96,6
HH005258,0,1,1,3787199.04,6637096.12,3257164.86,0
HH005259,0,0,0,0.00,1574018.09,1906905.59,0
HH005260,0,0,0,0.00,2054176.28,2100004.02,0
HH005261,0,0,0,0.00,1907588.16,2036127.07,0
HH005262,0,1,1,1223017.77,1973046.57,717084.14,0
HH005263,0,0,0,0.00,5669720.89,5097465.26,0
HH005264,0,0,0,0.00,2038211.23,3389783.03,0
HH005265,0,0,0,0.00,9646387.21,10489704.37,0
HH005266,0,0,0,0.00,3498505.55,3711381.49,0
HH005267,0,0,0,0.00,3802110.98,4135140.98,0
HH005268,0,1,1,1839588.69,3593140.61,1881367.27,0
HH005269,0,0,0,0.00,2983934.35,3371885.23,0
HH005270,0,1,1,2792788.85,10727862.23,9469842.00,0
HH005271,0,0,0,0.00,1000555.75,959728.01,0
HH005272,0,0,0,0.00,2430986.34,1952488.03,0
HH005273,0,0,0,0.00,60771091.06,69886376.34,0
HH005274,,,,,63076864.75,64071508.46,0
HH005275,0,0,0,0.00,5320927.45,5797810.63,0
HH005276,0,0,0,0.00,8349065.15,8702694.49,0
HH005277,0,0,0,0.00,8889447.87,10357852.27,0
HH005278,0,0,0,0.00,2627846.46,3363416.01,0
HH005279,0,1,1,674682.45,3048018.37,2156406.69,0
HH005280,0,0,0,0.00,11151339.50,12294730.99,0
HH005281,0,0,0,0.00,5709525.86,6568865.45,0
HH005282,0,0,0,0.00,122959751.95,117306368.76,0
HH005283,0,1,1,19946424.46,38234107.46,21093001.00,0
HH005284,0,0,0,0.00,2190639.16,2031551.96,0
HH005285,0,0,0,0.00,7407823.04,8404918.34,0
HH005286,0,0,0,0.00,1353332.95,956803.98,0
HH005287,1,0,1,1174369.44,1196516.98,22147.54,4
HH005288,0,0,0,0.00,6564612.95,7538490.13,0
HH005289,0,0,0,0.00,1103043.69,1115837.58,0
HH005290,0,0,0,0.00,7376581.79,7183374.62,0
HH005291,0,1,1,4171784.23,8849478.14,4960672.55,0
HH005292,0,0,0,0.00,20710409.74,22369928.53,0
HH005293,0,0,0,0.00,5652658.61,6495459.42,0
HH005294,1,0,1,1073063.88,1102857.44,29793.56,3
HH005295,0,0,0,0.00,2936071.35,2244267.00,0
HH005296,0,0,0,0.00,21976460.36,21442056.47,0
HH005297,0,0,0,0.00,4356680.68,4617716.02,0
HH005298,0,0,0,0.00,75251949.41,96195311.59,0
HH005299,1,0,1,2554553.66,2630325.87,75772.21,1
HH005300,0,0,0,0.00,14023473.00,15671198.28,0
HH005301,1,0,1,1274869.72,1311156.10,36286.38,5
HH005302,1,0,1,26755429.73,26993495.35,238065.62,1
HH005303,0,0,0,0.00,1878113.43,2151398.34,0
HH005304,1,0,1,2330664.66,2361586.87,30922.21,1
HH005305,0,0,0,0.00,3956690.71,4104641.95,0
HH005306,0,0,0,0.00,6505521.97,6672120.97,0
HH005307,0,0,0,0.00,4896777.23,4686139.27,0
HH005308,0,0,0,0.00,4621012.65,5428687.53,0
HH005309,0,1,1,1288348.75,3313155.68,2050011.10,0
HH005310,0,0,0,0.00,2641607.49,2434055.27,0
HH005311,0,0,0,0.00,19275674.21,22090662.11,0
HH005312,1,0,1,6735271.88,6783929.60,48657.72,2
HH005313,0,0,0,0.00,2941572.72,3322255.59,0
HH005314,0,0,0,0.00,2530439.86,2299699.76,0
HH005315,0,0,0,0.00,25725389.34,28517940.19,0
HH005316,0,0,0,0.00,4187959.07,4606764.17,0
HH005317,0,0,0,0.00,2370993.35,2609983.87,0
HH005318,0,0,0,0.00,13266530.63,15370305.82,0
HH005319,0,0,0,0.00,10563554.17,12599217.75,0
HH005320,0,0,0,0.00,24356995.59,27771196.30,0
HH005321,0,0,0,0.00,2954197.03,3346500.08,0
HH005322,0,0,0,0.00,1383618.33,1413258.11,0
HH005323,0,0,0,0.00,2032555.11,2498769.33,0
HH005324,0,0,0,0.00,1945228.83,2315289.95,0
HH005325,0,0,0,0.00,18568427.42,21664704.50,0
HH005326,0,1,1,41055747.76,125285774.10,92187568.83,0
HH005327,0,0,0,0.00,1248273.84,1278864.49,0
HH005328,0,0,0,0.00,13665150.78,15514627.61,0
HH005329,0,0,0,0.00,2258703.66,3103348.69,0
HH005330,0,0,0,0.00,11329514.72,12048209.05,0
HH005331,0,0,0,0.00,49153539.38,40312834.70,0
HH005332,0,0,0,0.00,2035542.91,2298975.74,0
HH005333,0,0,0,0.00,3169358.13,3751804.66,0
HH005334,0,0,0,0.00,4420718.62,5851395.51,0
HH005335,0,0,0,0.00,6705237.49,7878425.10,0
HH005336,0,0,0,0.00,4075174.31,4243022.35,0
HH005337,0,0,0,0.00,11763879.29,12127438.08,0
HH005338,0,1,1,4049766.59,8234965.89,4436095.26,0
HH005339,0,0,0,0.00,14535380.50,14587006.15,0
HH005340,0,0,0,0.00,2764380.87,2814430.61,0
HH005341,0,0,0,0.00,3604026.10,3717652.45,0
HH005342,0,0,0,0.00,2191756.79,2352584.10,0
HH005343,0,0,0,0.00,8450957.53,9551587.27,0
HH005344,0,0,0,0.00,12169343.91,13328807.95,0
HH005345,0,0,0,0.00,9281120.32,9836830.04,0
HH005346,1,0,1,1881705.87,1905355.36,23649.49,3
HH005347,0,1,1,5680544.10,18774288.54,15776295.12,0
HH005348,0,0,0,0.00,5387930.92,4494530.00,0
HH005349,0,0,0,0.00,12018256.61,13205189.95,0
HH005350,0,0,0,0.00,1539274.98,1541774.14,0
HH005351,0,0,0,0.00,5014866.42,5612648.45,0
HH005352,0,0,0,0.00,6009763.75,4817582.19,0
HH005353,0,0,0,0.00,1942054.60,1929166.76,0
HH005354,0,0,0,0.00,8291175.73,9488841.43,0
HH005355,0,0,0,0.00,2337107.88,2204851.17,0
HH005356,0,0,0,0.00,18266293.31,22979037.29,0
HH005357,0,0,0,0.00,3061109.52,3248701.61,0
HH005358,0,0,0,0.00,2727591.44,2862666.14,0
HH005359,0,0,0,0.00,15238518.13,17197164.42,0
HH005360,0,0,0,0.00,3031132.29,3705601.66,0
HH005361,0,0,0,0.00,7422890.39,8286976.35,0
HH005362,0,1,1,1093904.52,4588887.73,3143432.69,0
HH005363,0,0,0,0.00,9462284.54,9938001.50,0
HH005364,0,0,0,0.00,10603176.28,11152460.99,0
HH005365,0,0,0,0.00,8324826.29,10042207.02,0
HH005366,0,0,0,0.00,3697990.85,3827759.04,0
HH005367,0,1,1,15703312.90,31444566.86,17195753.18,0
HH005368,0,0,0,0.00,22450642.01,22081710.89,0
HH005369,0,0,0,0.00,29325860.10,32707727.09,0
HH005370,0,0,0,0.00,7695458.76,7734874.56,0
HH005371,0,0,0,0.00,11357566.88,12702216.65,0
HH005372,0,0,0,0.00,13095549.56,13541532.95,0
HH005373,0,0,0,0.00,208419971.69,215708415.99,0
HH005374,0,0,0,0.00,1139219.79,1201134.01,0
HH005375,0,0,0,0.00,2992772.72,3050556.80,0
HH005376,0,0,0,0.00,1642636.75,1372565.46,0
HH005377,0,0,0,0.00,5814948.02,6749097.14,0
HH005378,0,0,0,0.00,11971449.98,12439844.29,0
HH005379,0,0,0,0.00,1671000.82,1331129.68,0
HH005380,0,0,0,0.00,6088612.00,7027868.71,0
HH005381,0,0,0,0.00,5467049.49,6039841.02,0
HH005382,0,1,1,605607.26,1202024.88,633271.29,0
HH005383,0,0,0,0.00,2692001.46,3230249.83,0
HH005384,0,0,0,0.00,1819361.87,1749912.08,0
HH005385,0,1,1,3538314.08,6043780.16,2583381.38,0
HH005386,0,0,0,0.00,2000992.47,1995932.32,0
HH005387,0,0,0,0.00,3882156.35,3731827.47,0
HH005388,0,0,0,0.00,2504318.29,2625991.17,0
HH005389,0,0,0,0.00,16562028.35,21716355.73,0
HH005390,0,0,0,0.00,2528874.58,2875098.87,0
HH005391,0,0,0,0.00,2789840.10,2871493.24,0
HH005392,0,0,0,0.00,17562262.99,18595073.01,0
HH005393,0,0,0,0.00,3543204.74,4198748.23,0
HH005394,0,1,1,1254504.90,2316033.02,1087419.75,0
HH005395,1,0,1,4550708.91,4689819.20,139110.29,6
HH005396,0,0,0,0.00,16079351.93,11993220.70,0
HH005397,0,0,0,0.00,16888634.49,15999577.36,0
HH005398,0,0,0,0.00,1546591.83,1818899.84,0
HH005399,0,0,0,0.00,11076210.65,11578799.18,0
HH005400,0,0,0,0.00,2051668.76,2161472.51,0
HH005401,0,0,0,0.00,7496484.73,7777475.31,0
HH005402,0,0,0,0.00,1896855.06,1690500.69,0
HH005403,0,0,0,0.00,3435533.57,3351123.53,0
HH005404,0,1,1,2508139.33,6516439.49,4027823.66,0
HH005405,0,0,0,0.00,18672091.16,21158759.42,0
HH005406,0,0,0,0.00,33167169.41,37276175.00,0
HH005407,0,0,0,0.00,7586827.79,8128387.25,0
HH005408,1,0,1,10962902.15,11210138.64,247236.49,2
HH005409,0,0,0,0.00,8811451.01,10292493.46,0
HH005410,0,0,0,0.00,1575820.83,2381352.36,0
HH005411,0,0,0,0.00,13542468.73,14963961.90,0
HH005412,0,0,0,0.00,3923058.82,4422904.48,0
HH005413,0,0,0,0.00,14042688.39,20713344.86,0
HH005414,0,0,0,0.00,2990776.22,2877906.27,0
HH005415,0,0,0,0.00,14180488.22,13682198.77,0
HH005416,0,0,0,0.00,3117221.73,2775924.70,0
HH005417,0,1,1,2417202.20,6026138.85,4253882.81,0
HH005418,0,0,0,0.00,2056724.28,2110313.60,0
HH005419,0,0,0,0.00,3234294.42,3347524.03,0
HH005420,0,0,0,0.00,7887280.36,8853930.34,0
HH005421,0,0,0,0.00,9057022.94,9861928.05,0
HH005422,0,0,0,0.00,13350856.03,17224168.95,0
HH005423,0,0,0,0.00,5846947.66,5645089.88,0
HH005424,0,0,0,0.00,3166334.12,2728000.95,0
HH005425,0,0,0,0.00,16853838.16,17351732.42,0
HH005426,0,0,0,0.00,4085689.27,4381405.35,0
HH005427,0,0,0,0.00,8628447.80,8838853.07,0
HH005428,0,0,0,0.00,16154643.50,17505961.70,0
HH005429,0,0,0,0.00,4074615.40,4191588.26,0
HH005430,0,0,0,0.00,13969350.19,15679034.77,0
HH005431,0,0,0,0.00,1002611.25,1438901.47,0
HH005432,0,1,1,6719540.10,13757526.03,7514880.43,0
HH005433,0,1,1,924696.26,4546496.57,3560429.46,0
HH005434,0,0,0,0.00,114266627.96,161439308.05,0
HH005435,0,0,0,0.00,3039160.59,3019247.43,0
HH005436,0,0,0,0.00,23594995.66,23134708.90,0
HH005437,0,0,0,0.00,8927097.02,9197956.41,0
HH005438,0,0,0,0.00,2989838.83,3639197.31,0
HH005439,0,0,0,0.00,8617946.57,8648225.85,0
HH005440,0,0,0,0.00,2138910.76,2519246.91,0
HH005441,0,0,0,0.00,24586636.32,27786363.42,0
HH005442,0,0,0,0.00,24618962.65,27869912.02,0
HH005443,0,0,0,0.00,9830079.46,9920872.17,0
HH005444,0,0,0,0.00,3613929.77,4322953.19,0
HH005445,0,0,0,0.00,12618001.94,15027270.21,0
HH005446,0,0,0,0.00,7537110.51,8890913.27,0
HH005447,0,0,0,0.00,9995320.60,10838796.11,0
HH005448,0,0,0,0.00,4312107.55,4871864.68,0
HH005449,0,0,0,0.00,1776988.54,1709265.98,0
HH005450,0,0,0,0.00,9774525.23,13280065.30,0
HH005451,1,0,1,15366487.34,15524430.14,157942.80,5
HH005452,0,0,0,0.00,3191771.79,3185367.67,0
HH005453,0,0,0,0.00,2961420.20,3127289.35,0
HH005454,0,0,0,0.00,13331384.58,14457446.24,0
HH005455,0,0,0,0.00,3142066.95,2778020.57,0
HH005456,0,0,0,0.00,1280917.53,1173599.00,0
HH005457,0,0,0,0.00,39668978.01,39766716.17,0
HH005458,0,0,0,0.00,1628506.19,1850592.28,0
HH005459,0,0,0,0.00,1012719.62,1097179.69,0
HH005460,0,0,0,0.00,1191109.48,1212772.86,0
HH005461,0,0,0,0.00,110605652.84,103518962.28,0
HH005462,0,0,0,0.00,8916358.83,9859356.49,0
HH005463,0,0,0,0.00,2034041.32,2192240.45,0
HH005464,0,0,0,0.00,5565675.20,5488738.31,0
HH005465,0,0,0,0.00,13961604.89,16713505.32,0
HH005466,0,0,0,0.00,5762302.36,6755163.43,0
HH005467,0,0,0,0.00,6540890.57,7209325.07,0
HH005468,0,0,0,0.00,11447706.03,12495762.04,0
HH005469,0,0,0,0.00,1285744.06,1430176.12,0
HH005470,0,0,0,0.00,29704998.70,32394848.87,0
HH005471,0,0,0,0.00,1521971.08,1495356.54,0
HH005472,0,0,0,0.00,2807319.30,2765840.83,0
HH005473,0,0,0,0.00,1426837.76,1552279.17,0
HH005474,0,0,0,0.00,9866212.14,10714957.37,0
HH005475,0,0,0,0.00,4502172.89,5595466.17,0
HH005476,0,0,0,0.00,14790140.76,15592470.73,0
HH005477,0,0,0,0.00,3359800.64,2485102.08,0
HH005478,0,0,0,0.00,1342154.08,1193952.69,0
HH005479,0,0,0,0.00,31943858.60,40617981.52,0
HH005480,0,0,0,0.00,13527564.13,13611107.19,0
HH005481,0,1,1,6213141.21,12853592.25,7131960.89,0
HH005482,0,0,0,0.00,2988135.11,2821276.94,0
HH005483,0,0,0,0.00,588344649.67,557300385.51,0
HH005484,0,0,0,0.00,23515597.21,26939717.93,0
HH005485,0,1,1,1790807.54,3627955.39,2041867.29,0
HH005486,0,1,1,887653.36,1977756.64,1181044.69,0
HH005487,0,0,0,0.00,2919952.67,2937295.95,0
HH005488,0,0,0,0.00,7170281.14,6980117.61,0
HH005489,0,0,0,0.00,19825175.29,21577346.27,0
HH005490,0,0,0,0.00,17231921.04,17812320.99,0
HH005491,0,0,0,0.00,18821497.57,19862517.26,0
HH005492,0,0,0,0.00,27890993.78,31480336.82,0
HH005493,0,0,0,0.00,1322751.24,1309040.11,0
HH005494,0,0,0,0.00,15576303.32,18465096.54,0
HH005495,0,0,0,0.00,2976500.68,3258572.49,0
HH005496,0,0,0,0.00,1921264.47,2249366.98,0
HH005497,0,0,0,0.00,3219954.51,3106083.96,0
HH005498,0,0,0,0.00,2831761.81,3152137.20,0
HH005499,0,0,0,0.00,7516051.03,5749228.68,0
HH005500,0,0,0,0.00,2906369.50,3702897.45,0
HH005501,0,0,0,0.00,3730358.08,4078437.99,0
HH005502,0,0,0,0.00,3819122.09,4134143.88,0
HH005503,0,0,0,0.00,2276045.38,2589626.99,0
HH005504,0,0,0,0.00,7384997.72,8635338.29,0
HH005505,0,0,0,0.00,2848460.21,2922033.15,0
HH005506,0,0,0,0.00,13322930.68,13961768.36,0
HH005507,0,0,0,0.00,1705534.21,1974887.31,0
HH005508,0,1,1,1500901.23,3707178.77,1614297.87,0
HH005509,0,0,0,0.00,5976706.25,6155749.78,0
HH005510,0,0,0,0.00,5766438.02,6254274.74,0
HH005511,1,0,1,82436164.64,84338870.57,1902705.93,1
HH005512,0,0,0,0.00,15427813.27,16277915.49,0
HH005513,0,0,0,0.00,19503547.44,21292119.71,0
HH005514,1,0,1,1953470.20,1970926.50,17456.30,3
HH005515,0,0,0,0.00,12795271.77,13921285.56,0
HH005516,0,0,0,0.00,10193509.49,11133255.98,0
HH005517,0,0,0,0.00,10212358.92,13930676.46,0
HH005518,0,0,0,0.00,11972989.02,12952254.69,0
HH005519,0,0,0,0.00,6379835.02,6672527.17,0
HH005520,0,0,0,0.00,6461941.31,6933711.67,0
HH005521,0,0,0,0.00,3145061.84,3569174.32,0
HH005522,0,1,1,2110516.26,8757719.58,7641005.37,0
HH005523,0,0,0,0.00,4460868.14,5335000.60,0
HH005524,0,0,0,0.00,2439218.80,2520181.32,0
HH005525,0,0,0,0.00,5051173.08,4860348.64,0
HH005526,0,0,0,0.00,9304643.64,10919756.78,0
HH005527,0,0,0,0.00,10914046.79,10968674.27,0
HH005528,0,0,0,0.00,70905281.72,62101622.37,0
HH005529,0,0,0,0.00,6112939.76,5719691.86,0
HH005530,1,0,1,12209660.88,12480548.66,270887.78,4
HH005531,0,0,0,0.00,2333978.31,2525934.65,0
HH005532,0,0,0,0.00,2280377.06,2555092.71,0
HH005533,0,0,0,0.00,4983525.22,5624538.33,0
HH005534,0,0,0,0.00,7574870.62,8584236.76,0
HH005535,0,0,0,0.00,2434576.01,1688926.22,0
HH005536,0,0,0,0.00,5823559.43,6235700.72,0
HH005537,0,0,0,0.00,1328312.42,1708730.67,0
HH005538,0,0,0,0.00,4455078.82,4691057.94,0
HH005539,0,0,0,0.00,15009207.22,14797834.82,0
HH005540,0,1,1,2008508.07,5406523.73,3703146.45,0
HH005541,1,0,1,10709844.81,10933307.82,223463.01,5
HH005542,0,0,0,0.00,20337440.33,20827297.70,0
HH005543,0,0,0,0.00,2107180.78,2334491.07,0
HH005544,0,1,1,3945971.73,10479680.54,7612958.43,0
HH005545,0,0,0,0.00,1589158.13,2166401.58,0
HH005546,0,1,1,680304.40,1622496.02,983333.39,0
HH005547,0,0,0,0.00,1479703.79,1491986.50,0
HH005548,0,0,0,0.00,3701302.62,3860085.27,0
HH005549,0,0,0,0.00,10786813.59,10638514.21,0
HH005550,0,0,0,0.00,5028805.27,5461554.94,0
HH005551,0,0,0,0.00,2037184.13,1564334.90,0
HH005552,0,0,0,0.00,1533573.35,1570928.40,0
HH005553,0,0,0,0.00,5758861.18,6663338.03,0
HH005554,0,0,0,0.00,10274277.69,10108885.48,0
HH005555,0,1,1,399242.31,1601302.73,1290772.74,0
HH005556,0,0,0,0.00,6966670.16,7044668.73,0
HH005557,0,0,0,0.00,3200645.64,3752225.22,0
HH005558,0,0,0,0.00,4658514.66,4811544.41,0
HH005559,0,0,0,0.00,4405456.48,4605815.16,0
HH005560,0,0,0,0.00,15620481.97,19032347.41,0
HH005561,0,0,0,0.00,3020093.64,2421679.41,0
HH005562,0,0,0,0.00,1183447.90,1404620.48,0
HH005563,0,0,0,0.00,3133837.72,3420410.67,0
HH005564,0,0,0,0.00,10861966.92,10285995.73,0
HH005565,0,0,0,0.00,2033549.80,2186005.23,0
HH005566,0,0,0,0.00,4781618.90,5192463.99,0
HH005567,0,0,0,0.00,2083443.39,2321466.98,0
HH005568,0,0,0,0.00,2311628.23,2338213.57,0
HH005569,1,0,1,4040171.71,4089235.09,49063.38,4
HH005570,0,1,1,2858298.86,12043585.47,10468340.00,0
HH005571,0,0,0,0.00,11050416.79,10523461.92,0
HH005572,0,0,0,0.00,7905157.03,8697040.14,0
HH005573,0,0,0,0.00,1884044.30,2008864.43,0
HH005574,0,0,0,0.00,4879103.75,5634446.65,0
HH005575,0,0,0,0.00,1939475.79,1489338.34,0
HH005576,0,0,0,0.00,1206398.24,1298703.98,0
HH005577,0,1,1,3767517.16,12115894.10,9750871.93,0
HH005578,0,0,0,0.00,3353150.39,3785670.00,0
HH005579,0,0,0,0.00,5537705.41,5443775.39,0
HH005580,0,0,0,0.00,9819483.57,8024318.71,0
HH005581,0,0,0,0.00,1105141.16,1312683.49,0
HH005582,0,0,0,0.00,9183057.38,9507784.21,0
HH005583,0,0,0,0.00,7453689.60,8408637.29,0
HH005584,0,0,0,0.00,3038087.22,2950730.50,0
HH005585,0,0,0,0.00,2804895.96,2858034.65,0
HH005586,0,0,0,0.00,1181856.40,1311940.16,0
HH005587,0,0,0,0.00,21956704.02,23572832.76,0
HH005588,0,0,0,0.00,4115896.14,5133363.90,0
HH005589,0,1,1,2151414.36,8035219.25,5608661.80,0
HH005590,0,0,0,0.00,5961725.84,6092160.94,0
HH005591,0,0,0,0.00,1983300.75,2513148.14,0
HH005592,0,0,0,0.00,6552258.84,8301148.13,0
HH005593,0,0,0,0.00,1238630.04,1276519.44,0
HH005594,0,0,0,0.00,3084070.17,3086367.53,0
HH005595,0,1,1,4311814.70,10510203.97,6270091.84,0
HH005596,0,0,0,0.00,15164357.31,16108549.39,0
HH005597,1,0,1,2139527.21,2177644.62,38117.41,6
HH005598,0,0,0,0.00,24443037.94,27075675.26,0
HH005599,0,0,0,0.00,3111956.46,3348433.09,0
HH005600,0,1,1,639527.52,2785086.32,3185406.24,0
HH005601,0,0,0,0.00,4843582.83,4235896.52,0
HH005602,0,0,0,0.00,1629487.35,1998028.41,0
HH005603,0,0,0,0.00,2158837.55,2283159.06,0
HH005604,0,0,0,0.00,35725660.27,69117387.30,0
HH005605,0,0,0,0.00,1876912.46,2201908.10,0
HH005606,0,1,1,8686984.95,41453865.15,30274709.71,0
HH005607,0,0,0,0.00,15197157.86,20099383.32,0
HH005608,0,0,0,0.00,9584665.48,10417484.04,0
HH005609,0,0,0,0.00,18569646.00,19322645.94,0
HH005610,0,0,0,0.00,5537792.95,6672873.44,0
HH005611,0,0,0,0.00,13461420.70,13423388.76,0
HH005612,0,1,1,394838.40,1939529.89,1523243.99,0
HH005613,0,0,0,0.00,5614885.12,6580631.29,0
HH005614,0,0,0,0.00,4816834.27,5737273.33,0
HH005615,0,0,0,0.00,9293610.44,10819277.49,0
HH005616,0,0,0,0.00,6697338.44,7467410.77,0
HH005617,0,0,0,0.00,5066094.14,5795618.76,0
HH005618,0,0,0,0.00,2069620.19,2286818.87,0
HH005619,0,0,0,0.00,4611037.32,5031110.81,0
HH005620,0,0,0,0.00,1166223.27,1275324.02,0
HH005621,0,0,0,0.00,2921218.39,2815803.69,0
HH005622,0,0,0,0.00,16974009.33,18949794.11,0
HH005623,0,0,0,0.00,6026127.03,5731727.31,0
HH005624,0,0,0,0.00,8424739.75,9398653.98,0
HH005625,1,0,1,5762704.00,5839553.27,76849.27,1
HH005626,0,0,0,0.00,25103675.15,26628994.34,0
HH005627,0,0,0,0.00,2442305.87,1470136.35,0
HH005628,0,0,0,0.00,26012461.16,24544095.16,0
HH005629,0,0,0,0.00,18966394.76,19610643.95,0
HH005630,0,0,0,0.00,8611215.89,10325580.79,0
HH005631,0,0,0,0.00,2925371.85,3483199.76,0
HH005632,0,0,0,0.00,5000662.94,4920001.66,0
HH005633,0,0,0,0.00,3633840.12,3631768.76,0
HH005634,0,0,0,0.00,8348493.98,7025308.95,0
HH005635,0,0,0,0.00,3898286.13,3612686.75,0
HH005636,0,1,1,11613174.40,24056925.03,14643697.13,0
HH005637,0,0,0,0.00,8558896.30,8967399.40,0
HH005638,0,0,0,0.00,4154633.14,4303236.15,0
HH005639,0,0,0,0.00,112337631.91,126337194.21,0
HH005640,0,1,1,3022820.86,8472439.78,6370013.59,0
HH005641,1,0,1,3567592.35,3570494.49,2902.14,2
HH005642,0,0,0,0.00,1319346.03,1298120.28,0
HH005643,0,0,0,0.00,4611293.57,5485973.87,0
HH005644,0,0,0,0.00,6811034.23,6646622.64,0
HH005645,0,0,0,0.00,7664674.64,8120487.61,0
HH005646,0,0,0,0.00,14568375.30,17889876.38,0
HH005647,1,0,1,5312255.10,5348694.00,36438.90,3
HH005648,0,0,0,0.00,4652826.32,4295188.43,0
HH005649,1,0,1,21562497.17,21807006.71,244509.54,3
HH005650,0,0,0,0.00,4926958.38,5402652.42,0
HH005651,0,0,0,0.00,1783659.81,1687730.08,0
HH005652,0,1,1,470474.28,1738009.15,1612041.81,0
HH005653,0,0,0,0.00,2200943.48,2406526.46,0
HH005654,0,0,0,0.00,3075598.21,3239068.54,0
HH005655,0,0,0,0.00,9233685.99,10184759.60,0
HH005656,0,0,0,0.00,2762265.21,3044496.95,0
HH005657,0,1,1,2262286.12,6760998.91,5741337.14,0
HH005658,0,1,1,2143440.83,10360278.89,7046956.38,0
HH005659,0,1,1,221699.84,1060671.52,924023.22,0
HH005660,0,0,0,0.00,6879326.06,6934139.53,0
HH005661,0,0,0,0.00,1321271.85,2656513.20,0
HH005662,1,0,1,5660783.21,5799743.08,138959.87,3
HH005663,0,0,0,0.00,4186846.03,3625790.29,0
HH005664,0,1,1,921306.20,4421268.20,3716825.39,0
HH005665,0,0,0,0.00,10908066.31,15580918.76,0
HH005666,0,0,0,0.00,3453457.26,3731686.25,0
HH005667,0,0,0,0.00,12382265.05,7946030.28,0
HH005668,0,1,1,1018721.82,1977631.08,1082357.31,0
HH005669,0,0,0,0.00,5139608.09,6220900.02,0
HH005670,0,0,0,0.00,2040205.36,2244944.27,0
HH005671,0,0,0,0.00,16528716.49,19206163.26,0
HH005672,0,0,0,0.00,3290616.70,4090423.23,0
HH005673,0,0,0,0.00,3726907.59,3758027.03,0
HH005674,0,0,0,0.00,1568243.26,1695011.45,0
HH005675,0,0,0,0.00,2938838.20,2416345.74,0
HH005676,0,0,0,0.00,36659736.75,47384814.72,0
HH005677,0,0,0,0.00,4670092.19,4825183.97,0
HH005678,0,0,0,0.00,1699741.46,1972705.06,0
HH005679,0,0,0,0.00,2385633.34,3151498.19,0
HH005680,0,0,0,0.00,5199089.65,4847376.69,0
HH005681,0,0,0,0.00,3076579.82,2990754.53,0
HH005682,0,1,1,3940756.86,7680838.42,4282353.01,0
HH005683,0,1,1,2112238.49,7902301.69,6388839.67,0
HH005684,0,0,0,0.00,4110713.60,4457797.01,0
HH005685,0,0,0,0.00,18163678.05,20431630.35,0
HH005686,0,0,0,0.00,2617348.22,2719119.43,0
HH005687,,,,,2470276.64,2621115.85,0
HH005688,0,0,0,0.00,2469547.25,2626430.82,0
HH005689,1,0,1,21847802.14,22145428.80,297626.66,1
HH005690,0,0,0,0.00,32817542.84,34307065.06,0
HH005691,0,0,0,0.00,15851246.92,17939170.51,0
HH005692,0,0,0,0.00,11039272.59,10895096.09,0
HH005693,0,0,0,0.00,2902000.13,2889399.01,0
HH005694,0,0,0,0.00,29077405.47,31734138.93,0
HH005695,0,0,0,0.00,1535176.03,1781846.20,0
HH005696,0,0,0,0.00,10437633.26,10638694.65,0
HH005697,0,0,0,0.00,22704064.99,25031461.26,0
HH005698,0,0,0,0.00,1864298.35,2183239.81,0
HH005699,0,0,0,0.00,11033958.10,13040961.82,0
HH005700,0,0,0,0.00,19973477.03,22904691.48,0
HH005701,0,0,0,0.00,1514697.94,1651947.11,0
HH005702,0,0,0,0.00,6240364.74,6550632.33,0
HH005703,0,0,0,0.00,15724735.58,16586905.80,0
HH005704,0,1,1,3068216.63,7271401.50,4450656.14,0
HH005705,0,0,0,0.00,1892480.97,2314911.37,0
HH005706,1,0,1,10529827.99,10847577.89,317749.90,3
HH005707,0,0,0,0.00,5097676.94,7534657.85,0
HH005708,0,0,0,0.00,4336313.90,5020193.28,0
HH005709,0,1,1,469479.70,1077929.71,671738.68,0
HH005710,0,0,0,0.00,13291565.29,13141370.22,0
HH005711,0,0,0,0.00,12659552.69,13025985.22,0
HH005712,0,0,0,0.00,1822661.07,2056333.39,0
HH005713,0,0,0,0.00,5026769.06,5759005.68,0
HH005714,0,0,0,0.00,2247424.30,2022642.77,0
HH005715,0,0,0,0.00,15741407.35,18257520.51,0
HH005716,0,0,0,0.00,7830896.29,7438895.76,0
HH005717,0,0,0,0.00,18216148.06,19402865.64,0
HH005718,0,0,0,0.00,44578844.58,39856449.64,0
HH005719,0,0,0,0.00,3109518.84,3307702.87,0
HH005720,0,0,0,0.00,1852718.58,1837171.15,0
HH005721,0,1,1,1965122.60,7314978.69,3423018.07,0
HH005722,0,0,0,0.00,7871159.40,8683350.12,0
HH005723,0,1,1,2685919.00,4407468.73,2032402.69,0
HH005724,0,0,0,0.00,5357171.05,6595275.51,0
HH005725,0,0,0,0.00,1750989.19,1866656.91,0
HH005726,0,0,0,0.00,6942595.26,7637255.97,0
HH005727,0,0,0,0.00,9775916.33,10459302.06,0
HH005728,0,0,0,0.00,6019756.75,6129326.22,0
HH005729,0,0,0,0.00,2918400.17,3425763.00,0
HH005730,0,0,0,0.00,2858885.36,2184833.37,0
HH005731,0,0,0,0.00,2321183.39,2470205.07,0
HH005732,0,0,0,0.00,6400693.40,6753177.23,0
HH005733,0,0,0,0.00,5053426.98,5198157.35,0
HH005734,0,1,1,1073897.21,2577429.68,2144618.47,0
HH005735,0,1,1,527930.48,1322379.90,969942.16,0
HH005736,0,0,0,0.00,1345228.31,1579017.64,0
HH005737,0,0,0,0.00,2056534.08,2365241.10,0
HH005738,0,0,0,0.00,11560545.01,10842987.65,0
HH005739,0,0,0,0.00,5602950.07,5279027.34,0
HH005740,0,0,0,0.00,3279005.53,4787197.56,0
HH005741,0,0,0,0.00,10976491.65,13763978.82,0
HH005742,0,0,0,0.00,3771379.15,4139468.54,0
HH005743,0,0,0,0.00,7077449.56,7294028.48,0
HH005744,0,0,0,0.00,24641067.84,27704489.73,0
HH005745,0,0,0,0.00,65702747.75,67660573.84,0
HH005746,0,0,0,0.00,2649222.86,2769931.66,0
HH005747,0,0,0,0.00,3202631.41,3438294.44,0
HH005748,0,0,0,0.00,3685543.34,4567943.99,0
HH005749,0,0,0,0.00,2229956.15,2246748.91,0
HH005750,0,0,0,0.00,13075652.12,12867533.41,0
HH005751,0,0,0,0.00,1716157.09,2062240.89,0
HH005752,0,0,0,0.00,8140790.42,8987771.29,0
HH005753,0,0,0,0.00,4537362.61,4640298.03,0
HH005754,0,0,0,0.00,13652097.36,14959106.39,0
HH005755,0,0,0,0.00,30672916.78,33613744.41,0
HH005756,0,0,0,0.00,2673965.48,2446637.96,0
HH005757,0,0,0,0.00,3564538.92,3825798.22,0
HH005758,0,0,0,0.00,4557816.17,4721320.79,0
HH005759,1,0,1,1683817.67,1707668.87,23851.20,1
HH005760,1,0,1,2590203.02,2668348.54,78145.52,3
HH005761,0,0,0,0.00,15876216.17,16436537.61,0
HH005762,1,0,1,2367930.86,2436210.42,68279.56,6
HH005763,0,0,0,0.00,12042991.49,12147406.65,0
HH005764,0,0,0,0.00,12999937.77,15432882.90,0
HH005765,0,0,0,0.00,3126895.01,2970061.40,0
HH005766,0,0,0,0.00,77469782.57,84498339.19,0
HH005767,0,0,0,0.00,27721020.44,31539940.42,0
HH005768,0,0,0,0.00,1895582.34,2086180.27,0
HH005769,0,1,1,1838686.03,3458725.33,1657424.57,0
HH005770,0,0,0,0.00,1513253.79,1723507.46,0
HH005771,0,0,0,0.00,6794873.12,6455563.93,0
HH005772,0,0,0,0.00,9969747.49,11072439.44,0
HH005773,0,0,0,0.00,1978006.23,2497280.28,0
HH005774,0,0,0,0.00,1930980.42,2049279.63,0
HH005775,0,0,0,0.00,7962666.83,8400901.74,0
HH005776,1,0,1,5967167.59,6098668.40,131500.81,5
HH005777,0,1,1,2072369.02,5384634.33,3415739.19,0
HH005778,0,0,0,0.00,2739261.34,3234549.73,0
HH005779,0,0,0,0.00,12667399.47,22639717.47,0
HH005780,0,0,0,0.00,4621721.69,4532527.49,0
HH005781,0,0,0,0.00,1276322.86,1529203.80,0
HH005782,0,1,1,16454239.28,31081708.59,14944686.17,0
HH005783,0,0,0,0.00,1024008.58,1040449.65,0
HH005784,0,0,0,0.00,5598907.41,6910366.70,0
HH005785,0,0,0,0.00,6578553.27,8400365.06,0
HH005786,0,0,0,0.00,3477284.48,4053716.13,0
HH005787,0,0,0,0.00,40375482.29,45259548.39,0
HH005788,0,0,0,0.00,2330779.42,2412113.54,0
HH005789,0,0,0,0.00,5899402.90,6467230.62,0
HH005790,0,0,0,0.00,18341581.58,21371922.27,0
HH005791,0,0,0,0.00,14294732.01,15389911.43,0
HH005792,0,0,0,0.00,7577965.61,7547766.00,0
HH005793,0,0,0,0.00,6517059.37,6894194.86,0
HH005794,0,0,0,0.00,16600097.24,21435040.40,0
HH005795,0,0,0,0.00,2483284.09,2210503.27,0
HH005796,0,0,0,0.00,7549787.52,7731972.68,0
HH005797,0,0,0,0.00,1161170.18,1253623.89,0
HH005798,0,0,0,0.00,4026740.60,4614278.58,0
HH005799,0,0,0,0.00,5611461.90,5609394.12,0
HH005800,0,0,0,0.00,27847636.68,34577343.38,0
HH005801,0,1,1,11177404.09,20084433.13,10116644.85,0
HH005802,0,0,0,0.00,6074918.38,6444208.02,0
HH005803,0,0,0,0.00,13611843.24,14640529.16,0
HH005804,0,0,0,0.00,12825918.88,13958011.51,0
HH005805,0,0,0,0.00,28168777.88,31414777.57,0
HH005806,0,0,0,0.00,25304893.85,28015325.74,0
HH005807,0,0,0,0.00,2213136.00,2707410.16,0
HH005808,0,0,0,0.00,7382384.67,8878551.02,0
HH005809,1,0,1,2119931.34,2147942.46,28011.12,1
HH005810,0,0,0,0.00,2880951.20,2702491.18,0
HH005811,0,0,0,0.00,1059340.22,1054211.61,0
HH005812,0,0,0,0.00,1947815.85,2063146.15,0
HH005813,1,0,1,1878433.36,1925610.91,47177.55,2
HH005814,0,1,1,382789.01,1763266.56,1505850.64,0
HH005815,0,0,0,0.00,3129059.54,3316709.64,0
HH005816,0,0,0,0.00,62150428.74,65723308.89,0
HH005817,0,1,1,431601.67,1827028.30,1654523.33,0
HH005818,0,0,0,0.00,4952992.55,4832075.16,0
HH005819,0,0,0,0.00,3653714.22,3521420.10,0
HH005820,0,0,0,0.00,10688992.16,11630324.09,0
HH005821,0,0,0,0.00,1318323.74,1489504.34,0
HH005822,0,0,0,0.00,33446343.93,35615746.69,0
HH005823,0,0,0,0.00,2950239.30,3324673.51,0
HH005824,0,0,0,0.00,2241173.69,2555320.49,0
HH005825,1,0,1,4263628.88,4376934.30,113305.42,2
HH005826,0,0,0,0.00,43135073.63,48380971.72,0
HH005827,0,0,0,0.00,2478976.36,2494050.45,0
HH005828,0,0,0,0.00,2008223.19,1924025.37,0
HH005829,0,0,0,0.00,9545318.99,8868070.65,0
HH005830,0,0,0,0.00,26711348.53,25529105.01,0
HH005831,0,0,0,0.00,8740971.09,8846109.36,0
HH005832,0,0,0,0.00,3981380.04,3843060.19,0
HH005833,0,0,0,0.00,2926956.15,3440067.90,0
HH005834,0,0,0,0.00,1556290.89,1885879.24,0
HH005835,0,0,0,0.00,25722686.10,33932320.76,0
HH005836,0,0,0,0.00,16263773.44,17659670.96,0
HH005837,,,,,1341082.99,1475495.83,0
HH005838,0,0,0,0.00,7333933.52,7078725.72,0
HH005839,0,0,0,0.00,3078658.50,3725725.62,0
HH005840,0,0,0,0.00,2653570.67,2051624.30,0
HH005841,0,0,0,0.00,1672827.32,1904857.28,0
HH005842,0,0,0,0.00,3900312.07,3141191.93,0
HH005843,0,0,0,0.00,1208064.60,846236.22,0
HH005844,0,0,0,0.00,2939220.02,3293817.26,0
HH005845,0,0,0,0.00,17403395.90,17824603.50,0
HH005846,0,0,0,0.00,1257387.74,1346723.04,0
HH005847,0,0,0,0.00,9157604.72,8987743.60,0
HH005848,0,1,1,2788961.06,6498155.16,4159225.89,0
HH005849,0,0,0,0.00,6248325.21,6360500.34,0
HH005850,0,0,0,0.00,2258996.40,2267086.06,0
HH005851,0,0,0,0.00,6541112.01,6510643.51,0
HH005852,0,0,0,0.00,8629390.92,8304012.72,0
HH005853,0,0,0,0.00,2034575.29,2041235.13,0
HH005854,0,0,0,0.00,8866412.20,8651851.42,0
HH005855,0,0,0,0.00,3939969.05,4108205.01,0
HH005856,0,0,0,0.00,6859128.31,9127824.40,0
HH005857,0,1,1,5864092.63,17630499.09,13012923.84,0
HH005858,1,0,1,6264992.78,6298145.67,33152.89,3
HH005859,0,0,0,0.00,4918641.31,5435437.87,0
HH005860,0,0,0,0.00,2023013.13,1941538.90,0
HH005861,0,0,0,0.00,1892225.13,2182076.67,0
HH005862,0,0,0,0.00,3887752.16,3814739.50,0
HH005863,0,1,1,823982.93,2396253.86,1732945.27,0
HH005864,0,0,0,0.00,4743736.03,3520626.55,0
HH005865,0,0,0,0.00,8364600.70,9290329.78,0
HH005866,0,0,0,0.00,14403729.51,16867377.88,0
HH005867,0,0,0,0.00,235801688.07,246279936.51,0
HH005868,0,1,1,5566140.26,11827623.05,6608433.31,0
HH005869,0,0,0,0.00,7061294.37,7639935.65,0
HH005870,0,0,0,0.00,2328508.71,1912055.94,0
HH005871,0,0,0,0.00,5247507.82,5963374.08,0
HH005872,0,1,1,4944291.55,10068217.59,5694954.81,0
HH005873,0,0,0,0.00,1170834.00,1507217.25,0
HH005874,1,0,1,12651330.15,12904571.69,253241.54,5
HH005875,0,1,1,2571308.02,9421571.02,6854600.01,0
HH005876,0,0,0,0.00,2614633.26,2652491.18,0
HH005877,0,0,0,0.00,17310176.71,18350275.03,0
HH005878,0,0,0,0.00,15289831.22,14943871.16,0
HH005879,0,0,0,0.00,7196126.12,7600831.69,0
HH005880,0,0,0,0.00,2096513.03,2353829.17,0
HH005881,0,0,0,0.00,4253976.81,3821149.74,0
HH005882,0,0,0,0.00,8492238.87,8830085.47,0
HH005883,0,0,0,0.00,11036831.96,14152827.99,0
HH005884,0,0,0,0.00,43388063.61,45183847.00,0
HH005885,0,0,0,0.00,4719228.44,3643459.98,0
HH005886,0,1,1,47630500.48,164784785.50,125533378.24,0
HH005887,1,0,1,10060083.93,10246801.64,186717.71,3
HH005888,0,0,0,0.00,4465256.51,5325211.91,0
HH005889,0,1,1,1920452.81,6255722.70,4278284.16,0
HH005890,0,0,0,0.00,17807323.12,17743139.08,0
HH005891,0,0,0,0.00,11034906.27,10282307.06,0
HH005892,0,0,0,0.00,2056337.93,2517338.08,0
HH005893,0,0,0,0.00,6614312.42,7677013.26,0
HH005894,0,0,0,0.00,15696273.33,16140544.47,0
HH005895,0,0,0,0.00,1096637.28,1178774.04,0
HH005896,0,0,0,0.00,9962439.99,9956811.73,0
HH005897,0,0,0,0.00,4268924.94,4389025.59,0
HH005898,0,0,0,0.00,1147099.21,1254582.28,0
HH005899,0,0,0,0.00,9081593.55,9725920.97,0
HH005900,0,0,0,0.00,4237696.58,4613137.63,0
HH005901,0,0,0,0.00,3170268.53,3607289.99,0
HH005902,0,0,0,0.00,4673809.49,5688866.13,0
HH005903,0,0,0,0.00,15898887.08,18231621.18,0
HH005904,0,0,0,0.00,2893079.21,2621898.21,0
HH005905,0,1,1,7577968.36,17539940.11,11623376.59,0
HH005906,0,0,0,0.00,4375632.94,4253924.78,0
HH005907,0,0,0,0.00,7422902.51,10206494.87,0
HH005908,0,0,0,0.00,10773746.01,12271816.29,0
HH005909,0,1,1,563932.01,2078776.62,1305858.55,0
HH005910,0,0,0,0.00,20940236.81,21402465.25,0
HH005911,0,1,1,399288.14,1140337.09,719333.62,0
HH005912,0,0,0,0.00,3273194.68,3534362.39,0
HH005913,0,0,0,0.00,4471693.30,5899315.90,0
HH005914,0,0,0,0.00,2405291.27,2558243.98,0
HH005915,0,0,0,0.00,3310119.67,3336919.51,0
HH005916,0,0,0,0.00,2577651.25,2598179.59,0
HH005917,0,0,0,0.00,1102119.32,1480246.54,0
HH005918,0,0,0,0.00,1469662.16,1500954.30,0
HH005919,0,0,0,0.00,48113383.70,49856016.98,0
HH005920,0,0,0,0.00,63219844.03,61902324.41,0
HH005921,0,0,0,0.00,3452801.43,3256537.05,0
HH005922,1,0,1,13524161.19,13584573.17,60411.98,3
HH005923,0,1,1,587444.55,1314824.29,738537.74,0
HH005924,0,0,0,0.00,9156815.07,12890320.60,0
HH005925,0,0,0,0.00,11724212.44,13227723.88,0
HH005926,0,1,1,698232.67,1535538.28,845974.81,0
HH005927,0,0,0,0.00,11975405.15,14002950.38,0
HH005928,0,1,1,1807082.29,4268594.84,2548144.44,0
HH005929,0,0,0,0.00,8273660.53,7914250.01,0
HH005930,,,,,1911755.05,2552864.62,0
HH005931,1,0,1,7015396.14,7227329.83,211933.69,3
HH005932,0,0,0,0.00,4712412.63,5063555.69,0
HH005933,0,0,0,0.00,3116764.91,3317485.84,0
HH005934,0,0,0,0.00,21900648.76,27012145.30,0
HH005935,0,0,0,0.00,7302092.60,8500868.17,0
HH005936,0,0,0,0.00,5403230.77,6197029.69,0
HH005937,0,0,0,0.00,24181209.72,29127813.29,0
HH005938,0,1,1,632361.19,2638265.48,2788690.46,0
HH005939,0,1,1,2438590.42,6931108.17,4536144.90,0
HH005940,0,0,0,0.00,42098119.50,45111586.97,0
HH005941,0,0,0,0.00,10209619.71,9420677.81,0
HH005942,0,1,1,392048.19,1033736.41,659646.17,0
HH005943,0,0,0,0.00,14168046.30,14975223.25,0
HH005944,0,0,0,0.00,15049121.93,18370925.05,0
HH005945,0,0,0,0.00,2005907.57,2226293.84,0
HH005946,0,0,0,0.00,43486227.25,47573803.83,0
HH005947,0,0,0,0.00,1787634.07,2221075.33,0
HH005948,0,0,0,0.00,4840169.39,4065996.98,0
HH005949,0,0,0,0.00,1132957.98,1261222.95,0
HH005950,0,0,0,0.00,7634006.40,7944183.88,0
HH005951,0,0,0,0.00,3710665.81,3814285.90,0
HH005952,0,0,0,0.00,55966875.05,58434123.13,0
HH005953,0,0,0,0.00,33842110.97,37174694.88,0
HH005954,0,0,0,0.00,3909061.81,4497150.52,0
HH005955,0,0,0,0.00,2803798.94,2496290.26,0
HH005956,0,1,1,12557678.80,26710520.67,13015530.12,0
HH005957,0,0,0,0.00,1097919.04,1351930.78,0
HH005958,0,0,0,0.00,4798337.50,6035065.51,0
HH005959,0,1,1,1311578.85,4956912.78,3702943.28,0
HH005960,0,0,0,0.00,2598536.54,2575156.61,0
HH005961,0,1,1,7603267.57,11565494.61,4435205.93,0
HH005962,0,0,0,0.00,7964646.31,7605682.68,0
HH005963,0,1,1,919829.04,4447001.73,3767417.11,0
HH005964,1,0,1,2158938.25,2208435.15,49496.90,6
HH005965,0,0,0,0.00,14334884.51,11656474.35,0
HH005966,0,0,0,0.00,37913602.63,38004412.49,0
HH005967,0,0,0,0.00,54876079.15,56821283.42,0
HH005968,0,0,0,0.00,6272098.88,6436827.92,0
HH005969,0,0,0,0.00,86901386.65,99567015.46,0
HH005970,0,0,0,0.00,25434035.65,27353080.18,0
HH005971,0,0,0,0.00,1317921.04,1383334.38,0
HH005972,0,0,0,0.00,3169986.04,3619022.35,0
HH005973,0,0,0,0.00,16833910.83,19931348.51,0
HH005974,0,0,0,0.00,46467655.37,52531314.86,0
HH005975,0,1,1,1390091.78,2489048.45,1168971.40,0
HH005976,0,0,0,0.00,5044784.99,5686792.21,0
HH005977,1,0,1,12727315.24,12988469.03,261153.79,4
HH005978,0,1,1,22872595.94,41859541.70,20348268.47,0
HH005979,0,0,0,0.00,33911150.81,35314694.68,0
HH005980,0,1,1,2115137.67,9537025.75,6934356.37,0
HH005981,0,0,0,0.00,3959149.49,3515186.89,0
HH005982,0,0,0,0.00,10532282.24,15700483.52,0
HH005983,0,0,0,0.00,11592679.55,13853948.75,0
HH005984,0,0,0,0.00,4115500.70,4106332.41,0
HH005985,0,0,0,0.00,1193500.25,1163102.92,0
HH005986,0,1,1,304604.77,1458936.73,386170.08,0
HH005987,0,0,0,0.00,4896065.86,4957249.35,0
HH005988,0,0,0,0.00,5754269.42,6401654.22,0
HH005989,0,0,0,0.00,8891951.33,9637370.27,0
HH005990,0,0,0,0.00,2208730.44,1911048.02,0
HH005991,0,0,0,0.00,1995947.72,2082359.09,0
HH005992,0,0,0,0.00,18724755.42,18351150.52,0
HH005993,0,0,0,0.00,1103384.94,1236693.32,0
HH005994,0,0,0,0.00,33165845.88,40829702.50,0
HH005995,0,0,0,0.00,5000128.23,5422278.86,0
HH005996,1,0,1,1958432.74,1993222.99,34790.25,6
HH005997,0,0,0,0.00,4696471.47,4801823.81,0
HH005998,0,0,0,0.00,2463207.96,2800514.63,0
HH005999,0,0,0,0.00,1154132.49,1211047.45,0
HH006000,0,0,0,0.00,13418996.92,13456103.67,0
HH006001,1,0,1,5018249.65,5158355.67,140106.02,4
HH006002,0,0,0,0.00,6971967.36,6874262.74,0
HH006003,0,0,0,0.00,6018373.97,9179107.23,0
HH006004,0,0,0,0.00,3999754.73,4272934.48,0
HH006005,0,0,0,0.00,2721234.72,3165699.05,0
HH006006,0,0,0,0.00,1768142.44,2066788.41,0
HH006007,0,0,0,0.00,1076116.73,1070783.94,0
HH006008,0,1,1,2795510.24,7941792.68,5628306.60,0
HH006009,0,0,0,0.00,2750602.75,2879567.12,0
HH006010,0,0,0,0.00,5115551.43,4990000.65,0
HH006011,0,0,0,0.00,2741964.82,3531553.96,0
HH006012,0,1,1,9384973.46,23507719.19,14517658.95,0
HH006013,0,0,0,0.00,3786386.56,3792610.12,0
HH006014,0,0,0,0.00,7985841.56,10050669.79,0
HH006015,0,0,0,0.00,6875076.94,8324825.45,0
HH006016,0,0,0,0.00,1384892.83,1341816.23,0
HH006017,0,1,1,597406.31,1561684.52,839798.67,0
HH006018,0,0,0,0.00,2958465.66,3140020.66,0
HH006019,0,0,0,0.00,5056080.17,6987381.18,0
HH006020,0,0,0,0.00,2995138.31,2900405.21,0
HH006021,0,0,0,0.00,1353746.88,1926388.32,0
HH006022,0,0,0,0.00,2704014.88,2968255.21,0
HH006023,0,0,0,0.00,3051340.75,2677096.11,0
HH006024,0,0,0,0.00,69136834.85,74424106.08,0
HH006025,,,,,7361031.00,8650088.45,0
HH006026,0,0,0,0.00,22069720.24,20133852.79,0
HH006027,1,0,1,4429458.16,4444954.99,15496.83,4
HH006028,0,0,0,0.00,1996296.58,2233912.93,0
HH006029,0,0,0,0.00,1757100.40,1948167.53,0
HH006030,0,0,0,0.00,1092692.96,1278798.97,0
HH006031,0,0,0,0.00,13526855.61,14690041.18,0
HH006032,0,0,0,0.00,2376126.36,2521686.81,0
HH006033,0,0,0,0.00,7836345.04,8370902.90,0
HH006034,0,0,0,0.00,2008510.16,2121085.32,0
HH006035,0,0,0,0.00,19297460.19,19495825.11,0
HH006036,0,0,0,0.00,2783493.29,2993287.68,0
HH006037,0,0,0,0.00,4377970.22,3194665.21,0
HH006038,0,1,1,1275302.38,6048683.37,5824340.65,0
HH006039,1,0,1,1179289.82,1207505.87,28216.05,4
HH006040,0,0,0,0.00,1742429.36,1795151.44,0
HH006041,0,1,1,1055106.17,2581675.90,1079782.61,0
HH006042,0,0,0,0.00,1956575.93,2249465.21,0
HH006043,0,0,0,0.00,2670284.70,3078337.83,0
HH006044,0,0,0,0.00,12304060.55,13650895.47,0
HH006045,0,0,0,0.00,8535785.32,8492748.46,0
HH006046,,,,,7926116.95,9476663.36,0
HH006047,0,0,0,0.00,3021427.52,3258441.83,0
HH006048,0,1,1,1289731.92,2160173.66,855191.05,0
HH006049,0,0,0,0.00,2888781.46,3446299.82,0
HH006050,0,1,1,626947.61,2794624.62,2360178.54,0
HH006051,0,1,1,1167832.43,5694152.67,3959443.56,0
HH006052,0,0,0,0.00,4527083.39,5328266.04,0
HH006053,0,0,0,0.00,1567514.76,1719696.84,0
HH006054,1,0,1,4020630.36,4077038.32,56407.96,4
HH006055,1,0,1,8324470.10,8531196.02,206725.92,5
HH006056,0,0,0,0.00,15475984.99,16442462.69,0
HH006057,0,0,0,0.00,7578598.99,9022288.57,0
HH006058,0,0,0,0.00,4992606.64,4933371.90,0
HH006059,1,0,1,3508813.89,3540967.09,32153.20,1
HH006060,0,1,1,2068289.89,6586082.42,4983250.20,0
HH006061,0,0,0,0.00,4357015.58,4861682.34,0
HH006062,0,0,0,0.00,5674670.38,6605856.34,0
HH006063,0,0,0,0.00,18130325.60,18912023.66,0
HH006064,0,0,0,0.00,3353644.10,3661054.95,0
HH006065,0,0,0,0.00,3147376.25,3542222.69,0
HH006066,,,,,15018146.86,18433380.59,0
HH006067,0,0,0,0.00,4587159.81,5279515.68,0
HH006068,0,0,0,0.00,1377251.36,1134555.55,0
HH006069,0,0,0,0.00,14416070.64,13344607.05,0
HH006070,0,0,0,0.00,3789397.42,3843643.84,0
HH006071,0,0,0,0.00,1191756.52,1105223.56,0
HH006072,0,0,0,0.00,7693838.02,8547589.93,0
HH006073,0,0,0,0.00,1808998.60,2797072.35,0
HH006074,0,0,0,0.00,1463606.07,1543548.79,0
HH006075,0,0,0,0.00,27044208.19,25469265.89,0
HH006076,0,0,0,0.00,7283646.32,7512837.19,0
HH006077,0,0,0,0.00,10866752.42,12529592.19,0
HH006078,0,0,0,0.00,2215839.34,2586409.70,0
HH006079,0,0,0,0.00,24884009.62,28724888.47,0
HH006080,0,0,0,0.00,3122868.07,3414824.21,0
HH006081,0,0,0,0.00,4368867.00,4490685.99,0
HH006082,0,0,0,0.00,6355829.87,6176958.93,0
HH006083,0,0,0,0.00,1241743.26,1551973.51,0
HH006084,0,0,0,0.00,3984800.21,3606745.18,0
HH006085,0,0,0,0.00,2995502.89,2965217.33,0
HH006086,0,0,0,0.00,14970089.70,16966386.88,0
HH006087,0,0,0,0.00,7609007.09,7934919.44,0
HH006088,0,0,0,0.00,5788978.97,6329769.52,0
HH006089,0,0,0,0.00,1534025.89,2329250.43,0
HH006090,0,0,0,0.00,4345394.90,4611969.45,0
HH006091,0,0,0,0.00,8074944.51,10360586.23,0
HH006092,0,0,0,0.00,7896733.87,8716549.19,0
HH006093,0,0,0,0.00,2028804.96,2228424.98,0
HH006094,0,0,0,0.00,1983885.45,2031095.31,0
HH006095,0,0,0,0.00,2731981.60,2637381.71,0
HH006096,0,0,0,0.00,3961609.01,4477163.72,0
HH006097,1,0,1,4517401.58,4550070.58,32669.00,2
HH006098,0,0,0,0.00,1220215.07,1268131.94,0
HH006099,0,0,0,0.00,8314424.89,8009114.42,0
HH006100,0,0,0,0.00,2808638.13,2690038.99,0
HH006101,0,0,0,0.00,2011553.40,1305839.28,0
HH006102,0,0,0,0.00,3514872.52,3634463.31,0
HH006103,0,0,0,0.00,2474504.59,2875699.67,0
HH006104,0,0,0,0.00,7177755.42,7714338.06,0
HH006105,0,0,0,0.00,36837347.66,34025545.24,0
HH006106,1,0,1,4755437.23,4898477.34,143040.11,3
HH006107,0,0,0,0.00,1174594.62,1210461.02,0
HH006108,0,0,0,0.00,2621062.15,4131654.37,0
HH006109,0,0,0,0.00,4678632.46,4882172.83,0
HH006110,0,0,0,0.00,1194998.20,1172906.61,0
HH006111,0,0,0,0.00,8416195.68,8504494.10,0
HH006112,0,0,0,0.00,1236086.91,1333382.12,0
HH006113,0,0,0,0.00,1142041.49,1267388.12,0
HH006114,0,0,0,0.00,10802089.75,11077127.32,0
HH006115,0,0,0,0.00,3558237.59,4043131.85,0
HH006116,1,0,1,5730593.33,5895215.07,164621.74,1
HH006117,0,0,0,0.00,5271723.40,4331479.05,0
HH006118,0,0,0,0.00,21288240.05,23969592.02,0
HH006119,0,0,0,0.00,2138514.94,2370857.90,0
HH006120,0,0,0,0.00,18076200.79,20911345.16,0
HH006121,0,0,0,0.00,4295605.93,6829656.48,0
HH006122,0,0,0,0.00,21321578.40,26115084.94,0
HH006123,0,0,0,0.00,11090058.48,14852538.14,0
HH006124,1,0,1,9189273.85,9307919.02,118645.17,2
HH006125,0,0,0,0.00,9057183.81,8285613.16,0
HH006126,0,0,0,0.00,2027627.40,2468423.13,0
HH006127,0,0,0,0.00,1474058.75,1594976.43,0
HH006128,0,1,1,2201488.69,3920495.70,2239296.47,0
HH006129,0,0,0,0.00,7681382.93,7149066.69,0
HH006130,0,0,0,0.00,8533280.24,11216693.07,0
HH006131,0,0,0,0.00,5773400.42,5589896.85,0
HH006132,0,0,0,0.00,1313685.38,1515531.07,0
HH006133,0,0,0,0.00,6337978.04,6792636.30,0
HH006134,0,0,0,0.00,2538444.64,2936693.40,0
HH006135,0,0,0,0.00,64048608.59,59556783.88,0
HH006136,0,0,0,0.00,17478405.90,19852030.82,0
HH006137,1,0,1,2157535.99,2167844.37,10308.38,3
HH006138,0,0,0,0.00,2333624.13,2699521.28,0
HH006139,0,0,0,0.00,1198860.86,1374903.58,0
HH006140,0,0,0,0.00,2670777.46,3198937.99,0
HH006141,0,0,0,0.00,2917522.19,3221040.03,0
HH006142,0,0,0,0.00,5641273.17,6296477.65,0
HH006143,0,0,0,0.00,3741168.49,4443151.58,0
HH006144,0,0,0,0.00,4177179.67,5226734.36,0
HH006145,0,0,0,0.00,1855929.42,1891847.57,0
HH006146,0,0,0,0.00,1468598.09,1461982.90,0
HH006147,0,0,0,0.00,2640669.99,2879749.16,0
HH006148,0,0,0,0.00,5316493.19,5286264.45,0
HH006149,1,0,1,9232268.71,9303004.13,70735.42,3
HH006150,0,0,0,0.00,3588844.78,3671089.15,0
HH006151,0,0,0,0.00,1673055.19,1500405.36,0
HH006152,0,0,0,0.00,3451361.45,4453001.25,0
HH006153,0,0,0,0.00,5987578.02,4183008.43,0
HH006154,0,0,0,0.00,6576851.37,7566106.82,0
HH006155,0,0,0,0.00,3385515.75,3214402.01,0
HH006156,0,0,0,0.00,7485612.54,7583908.30,0
HH006157,0,0,0,0.00,1915817.32,1716526.03,0
HH006158,0,0,0,0.00,11250353.25,11898885.31,0
HH006159,0,0,0,0.00,2398161.34,2738775.92,0
HH006160,0,0,0,0.00,6864204.89,6888641.08,0
HH006161,1,0,1,10586165.58,10706710.36,120544.78,6
HH006162,0,0,0,0.00,2817551.00,3010487.91,0
HH006163,0,0,0,0.00,44512176.07,39445629.21,0
HH006164,0,0,0,0.00,4128851.28,5282081.35,0
HH006165,0,1,1,232090.92,1117986.78,812832.50,0
HH006166,0,1,1,3110519.79,6542161.20,3620636.01,0
HH006167,0,1,1,1734120.48,3488346.02,1816675.52,0
HH006168,0,0,0,0.00,9662268.69,8610945.77,0
HH006169,0,1,1,2665839.09,11407589.22,8351317.59,0
HH006170,1,0,1,39761197.44,40272088.08,510890.64,2
HH006171,1,0,1,5644684.08,5808468.25,163784.17,2
HH006172,0,0,0,0.00,5059276.10,5930645.42,0
HH006173,0,0,0,0.00,79945953.77,93109493.15,0
HH006174,0,0,0,0.00,20739983.37,23752249.75,0
HH006175,0,0,0,0.00,2380570.05,2422645.31,0
HH006176,0,0,0,0.00,28067667.58,27611993.67,0
HH006177,0,0,0,0.00,1664840.26,2110821.49,0
HH006178,0,0,0,0.00,15093835.27,16688792.34,0
HH006179,0,0,0,0.00,5071096.68,5169010.57,0
HH006180,0,0,0,0.00,1012724.38,1113339.76,0
HH006181,0,0,0,0.00,9375950.73,10637426.57,0
HH006182,0,0,0,0.00,26883117.39,29590308.63,0
HH006183,0,1,1,297492.67,1049695.93,698245.81,0
HH006184,0,0,0,0.00,2724491.05,2902689.72,0
HH006185,0,0,0,0.00,1138202.59,1321353.79,0
HH006186,0,0,0,0.00,4005439.75,4696455.15,0
HH006187,0,0,0,0.00,1426078.69,1393520.69,0
HH006188,0,1,1,669028.36,2237801.55,1516131.72,0
HH006189,0,0,0,0.00,3935559.83,4940396.71,0
HH006190,0,0,0,0.00,2341639.38,2831260.20,0
HH006191,0,0,0,0.00,5377771.56,5998291.20,0
HH006192,0,0,0,0.00,1470217.18,1547593.75,0
HH006193,0,0,0,0.00,4441560.13,5301290.73,0
HH006194,0,0,0,0.00,5090807.78,5082782.23,0
HH006195,0,0,0,0.00,7274574.77,6828724.28,0
HH006196,0,0,0,0.00,3826689.78,3995620.68,0
HH006197,0,0,0,0.00,1475094.66,1610872.61,0
HH006198,0,0,0,0.00,4544333.89,5139843.21,0
HH006199,0,0,0,0.00,3973366.24,4254379.03,0
HH006200,0,1,1,1394714.53,5543028.02,4941758.07,0
HH006201,0,0,0,0.00,1812032.36,1805624.81,0
HH006202,0,0,0,0.00,2463855.52,2697337.69,0
HH006203,0,0,0,0.00,6367221.99,6840907.97,0
HH006204,0,0,0,0.00,1232125.76,1295920.25,0
HH006205,0,0,0,0.00,4826844.19,5363312.44,0
HH006206,1,0,1,21536229.38,22118846.17,582616.79,1
HH006207,0,0,0,0.00,1768483.35,1749671.65,0
HH006208,0,0,0,0.00,6280552.53,5877221.53,0
HH006209,0,0,0,0.00,1067886.05,1139741.50,0
HH006210,0,0,0,0.00,1504267.75,1562527.04,0
HH006211,0,0,0,0.00,1703418.84,1800225.23,0
HH006212,0,0,0,0.00,12075652.50,14662971.45,0
HH006213,0,0,0,0.00,1888835.57,2115527.39,0
HH006214,0,0,0,0.00,3018075.15,3375684.91,0
HH006215,,,,,12978172.59,12686936.72,0
HH006216,0,1,1,4425159.89,12503824.60,4933966.74,0
HH006217,0,0,0,0.00,6235470.56,6061606.54,0
HH006218,0,0,0,0.00,9273322.56,9424150.26,0
HH006219,0,0,0,0.00,19463614.05,22833643.57,0
HH006220,0,0,0,0.00,1492794.61,1665881.46,0
HH006221,0,1,1,3112439.94,10721457.22,8902864.70,0
HH006222,0,0,0,0.00,6360454.56,7909012.83,0
HH006223,,,,,15346312.72,19314687.89,0
HH006224,0,0,0,0.00,6616633.90,8311076.67,0
HH006225,0,0,0,0.00,1372699.08,1509396.40,0
HH006226,0,0,0,0.00,5324394.73,5841886.87,0
HH006227,0,1,1,1740938.36,7081551.33,5640712.70,0
HH006228,0,0,0,0.00,4838178.93,5296967.83,0
HH006229,0,0,0,0.00,13233634.13,18192075.10,0
HH006230,0,0,0,0.00,11698042.90,16537557.67,0
HH006231,0,0,0,0.00,21316312.20,24738632.50,0
HH006232,0,0,0,0.00,4251837.23,5132362.92,0
HH006233,0,0,0,0.00,23616186.56,28406886.09,0
HH006234,0,0,0,0.00,8127733.98,8149235.71,0
HH006235,0,0,0,0.00,1124252.88,1068160.25,0
HH006236,1,0,1,2668075.91,2746073.49,77997.58,6
HH006237,1,0,1,3517109.07,3578330.00,61220.93,4
HH006238,0,0,0,0.00,9781235.31,10604866.29,0
HH006239,0,0,0,0.00,6374444.70,6422467.91,0
HH006240,0,0,0,0.00,5708071.30,6082032.32,0
HH006241,0,0,0,0.00,3219362.83,3712877.91,0
HH006242,1,0,1,6865023.98,7036161.67,171137.69,5
HH006243,0,0,0,0.00,6380835.16,6587435.09,0
HH006244,0,0,0,0.00,1582639.06,1446571.86,0
HH006245,0,0,0,0.00,20855906.02,21966675.23,0
HH006246,0,0,0,0.00,17359089.20,19045926.48,0
HH006247,0,0,0,0.00,4601402.71,4850868.54,0
HH006248,0,0,0,0.00,4001905.86,4520836.43,0
HH006249,0,0,0,0.00,5903980.13,5830384.60,0
HH006250,0,1,1,581394.68,1396876.31,858359.59,0
HH006251,1,0,1,2956348.67,2973218.98,16870.31,3
HH006252,0,0,0,0.00,4868894.03,5912604.66,0
HH006253,0,0,0,0.00,10258563.32,11043054.38,0
HH006254,0,0,0,0.00,3163928.85,3052420.57,0
HH006255,0,0,0,0.00,1960369.01,1719694.25,0
HH006256,0,0,0,0.00,5781376.52,7473053.64,0
HH006257,0,0,0,0.00,4679731.16,5595592.22,0
HH006258,0,0,0,0.00,5686635.77,6533326.72,0
HH006259,0,0,0,0.00,16922679.07,19207994.27,0
HH006260,0,0,0,0.00,6178868.18,5730396.40,0
HH006261,0,0,0,0.00,4456308.79,2750035.95,0
HH006262,0,0,0,0.00,3049440.44,2876471.36,0
HH006263,1,0,1,5148184.53,5280211.39,132026.86,1
HH006264,0,0,0,0.00,3739417.92,4163305.86,0
HH006265,0,0,0,0.00,6664180.57,7358633.95,0
HH006266,0,0,0,0.00,3101397.37,3346142.19,0
HH006267,0,0,0,0.00,1170671.77,1239740.46,0
HH006268,0,0,0,0.00,1183291.63,1151920.80,0
HH006269,0,0,0,0.00,5500669.29,7256232.86,0
HH006270,0,0,0,0.00,14417000.08,15700028.12,0
HH006271,0,1,1,1119612.19,3933808.94,4307713.33,0
HH006272,0,0,0,0.00,7265997.16,7626599.68,0
HH006273,0,0,0,0.00,2558709.07,2660826.78,0
HH006274,0,0,0,0.00,1103804.55,1177705.46,0
HH006275,0,0,0,0.00,6699737.89,8011943.01,0
HH006276,0,0,0,0.00,10366541.67,15425985.05,0
HH006277,0,0,0,0.00,5529214.29,5968688.27,0
HH006278,0,0,0,0.00,8796299.63,10930820.65,0
HH006279,0,0,0,0.00,2413836.66,2712286.03,0
HH006280,0,0,0,0.00,6184844.69,6706461.16,0
HH006281,0,0,0,0.00,33773765.85,35969018.32,0
HH006282,0,0,0,0.00,5398597.73,5272701.31,0
HH006283,0,0,0,0.00,25830707.40,29075071.13,0
HH006284,0,0,0,0.00,2043693.60,2347656.25,0
HH006285,0,0,0,0.00,5002062.93,5957306.07,0
HH006286,0,0,0,0.00,3942204.27,4859099.67,0
HH006287,0,0,0,0.00,2970599.17,4191478.88,0
HH006288,0,0,0,0.00,2673130.84,2668251.97,0
HH006289,0,0,0,0.00,3665447.16,3864335.17,0
HH006290,0,0,0,0.00,1617581.81,1847428.43,0
HH006291,0,0,0,0.00,12232083.60,14123705.65,0
HH006292,0,0,0,0.00,2223564.92,2491032.08,0
HH006293,0,0,0,0.00,3474374.19,3185915.75,0
HH006294,0,0,0,0.00,18617885.99,19653160.22,0
HH006295,0,0,0,0.00,6375162.34,7376113.13,0
HH006296,0,0,0,0.00,6079709.73,6526125.35,0
HH006297,0,0,0,0.00,1188900.13,1257530.71,0
HH006298,0,1,1,1408571.02,6316171.77,4931800.71,0
HH006299,0,0,0,0.00,2302931.68,2461318.71,0
HH006300,0,0,0,0.00,1213303.69,1199192.25,0
HH006301,0,0,0,0.00,2914234.49,3409309.24,0
HH006302,0,0,0,0.00,3310443.23,4249092.06,0
HH006303,0,0,0,0.00,13180384.43,13141921.09,0
HH006304,0,0,0,0.00,7342685.78,8657137.36,0
HH006305,0,0,0,0.00,15449846.86,16388289.31,0
HH006306,0,0,0,0.00,1265278.34,1155687.34,0
HH006307,0,0,0,0.00,1236291.30,1265131.64,0
HH006308,0,0,0,0.00,4666798.75,5164917.89,0
HH006309,0,0,0,0.00,1358047.02,1551746.78,0
HH006310,0,0,0,0.00,2446898.18,2564621.73,0
HH006311,0,0,0,0.00,15832801.27,16240602.71,0
HH006312,0,0,0,0.00,7565993.20,7126013.09,0
HH006313,0,0,0,0.00,2546314.49,1985350.99,0
HH006314,0,0,0,0.00,3990575.33,4370731.76,0
HH006315,0,0,0,0.00,1006153.04,1108120.76,0
HH006316,0,0,0,0.00,11927606.29,13188774.22,0
HH006317,0,0,0,0.00,2852077.34,3325873.68,0
HH006318,0,0,0,0.00,3315466.03,3040128.67,0
HH006319,0,0,0,0.00,7178712.98,7307053.05,0
HH006320,0,0,0,0.00,2670850.68,2759308.19,0
HH006321,0,0,0,0.00,6198805.35,5750342.51,0
HH006322,0,0,0,0.00,3099444.60,3851137.55,0
HH006323,0,0,0,0.00,5308646.32,6859280.07,0
HH006324,1,0,1,4463020.90,4488000.49,24979.59,4
HH006325,0,0,0,0.00,5499106.79,5814635.16,0
HH006326,0,1,1,2247057.24,8904440.74,7626692.66,0
HH006327,0,0,0,0.00,9788497.93,10181601.82,0
HH006328,0,0,0,0.00,1096199.51,966635.83,0
HH006329,0,0,0,0.00,2838934.84,4424330.97,0
HH006330,0,0,0,0.00,5821070.72,5318562.58,0
HH006331,0,0,0,0.00,3281735.10,3845634.98,0
HH006332,0,0,0,0.00,14032059.93,15603974.43,0
HH006333,0,0,0,0.00,1874371.17,2093068.50,0
HH006334,0,0,0,0.00,4376056.90,4648921.79,0
HH006335,0,1,1,7937945.42,21048492.21,14041803.89,0
HH006336,0,0,0,0.00,9013126.19,10685101.02,0
HH006337,0,1,1,1177833.81,4110703.07,2718039.03,0
HH006338,0,0,0,0.00,21369358.08,23399316.68,0
HH006339,0,0,0,0.00,2527342.58,3074915.61,0
HH006340,0,0,0,0.00,25369233.77,29140756.97,0
HH006341,0,1,1,542990.62,2220401.21,2083555.22,0
HH006342,0,0,0,0.00,25146004.51,26754988.11,0
HH006343,0,1,1,343965.98,1251507.83,929197.32,0
HH006344,0,0,0,0.00,23508415.49,28785054.65,0
HH006345,0,0,0,0.00,12602671.30,15166149.16,0
HH006346,0,0,0,0.00,5355128.32,5465477.18,0
HH006347,1,0,1,1210328.63,1229970.74,19642.11,5
HH006348,0,0,0,0.00,19825494.02,27152729.98,0
HH006349,0,0,0,0.00,16232077.24,18344221.41,0
HH006350,0,0,0,0.00,23053726.05,29331192.54,0
HH006351,1,0,1,6589522.13,6712189.80,122667.67,2
HH006352,0,0,0,0.00,5287101.79,5365296.53,0
HH006353,0,0,0,0.00,3411097.89,2926965.41,0
HH006354,0,0,0,0.00,1370467.30,1302898.63,0
HH006355,0,0,0,0.00,1207403.43,1349474.10,0
HH006356,0,0,0,0.00,3292494.85,3873456.10,0
HH006357,0,0,0,0.00,11207343.03,12436344.07,0
HH006358,0,1,1,13519243.85,23488168.03,14784327.38,0
HH006359,0,0,0,0.00,13463760.03,15294804.65,0
HH006360,0,1,1,201701153.88,381234707.13,196004147.19,0
HH006361,0,1,1,1623723.75,3640949.12,1824471.18,0
HH006362,0,0,0,0.00,4551500.21,4775721.27,0
HH006363,0,0,0,0.00,26337398.41,27523539.47,0
HH006364,0,0,0,0.00,2141064.02,2456607.15,0
HH006365,0,0,0,0.00,40246860.01,44862454.95,0
HH006366,0,0,0,0.00,2764192.43,3085439.58,0
HH006367,0,0,0,0.00,4894329.95,6316383.02,0
HH006368,0,1,1,1545817.70,3972132.11,2636839.06,0
HH006369,,,,,8214070.60,7606668.24,0
HH006370,1,0,1,11020381.94,11052638.79,32256.85,4
HH006371,0,0,0,0.00,7659474.29,7667882.51,0
HH006372,0,0,0,0.00,4322004.50,5125093.13,0
HH006373,0,0,0,0.00,79854627.91,91895057.71,0
HH006374,0,0,0,0.00,9526695.47,13786842.62,0
HH006375,0,0,0,0.00,10043864.37,12011851.76,0
HH006376,0,0,0,0.00,2700877.69,3531236.88,0
HH006377,0,0,0,0.00,1830971.63,2117181.32,0
HH006378,0,0,0,0.00,2052567.23,2872747.68,0
HH006379,0,0,0,0.00,3841818.20,4162968.52,0
HH006380,0,0,0,0.00,1243896.53,1231965.89,0
HH006381,0,0,0,0.00,2323964.63,2620306.29,0
HH006382,0,1,1,2003884.05,4271136.76,2304599.51,0
HH006383,0,0,0,0.00,20881743.37,23777255.97,0
HH006384,0,0,0,0.00,36563562.32,37202095.91,0
HH006385,0,0,0,0.00,11482198.01,11219177.79,0
HH006386,0,0,0,0.00,1262399.21,1197128.51,0
HH006387,1,0,1,64848598.17,66362091.91,1513493.74,1
HH006388,0,0,0,0.00,1614826.42,2640263.14,0
HH006389,0,0,0,0.00,8619632.72,8702327.28,0
HH006390,0,1,1,2493988.24,7822007.31,5522287.94,0
HH006391,0,0,0,0.00,101629375.15,102433267.56,0
HH006392,0,0,0,0.00,4173818.85,4199747.73,0
HH006393,0,1,1,1111063.88,3051857.94,2061800.36,0
HH006394,0,0,0,0.00,1728254.09,1746133.49,0
HH006395,0,0,0,0.00,4454579.82,3964752.96,0
HH006396,0,0,0,0.00,2700628.57,3292432.61,0
HH006397,0,0,0,0.00,1404627.88,1769067.50,0
HH006398,0,0,0,0.00,21268376.52,22233978.93,0
HH006399,0,0,0,0.00,3557033.81,4212159.79,0
HH006400,0,0,0,0.00,10439518.70,10816797.37,0
HH006401,0,0,0,0.00,4380623.08,4755210.72,0
HH006402,0,0,0,0.00,2889029.88,3136681.16,0
HH006403,0,0,0,0.00,1422311.39,1699378.46,0
HH006404,0,0,0,0.00,1657686.38,2822878.15,0
HH006405,0,0,0,0.00,15566725.54,17989447.87,0
HH006406,0,0,0,0.00,2369680.05,2490918.49,0
HH006407,1,0,1,2093723.79,2099263.89,5540.10,4
HH006408,0,0,0,0.00,32577113.33,30938486.06,0
HH006409,0,0,0,0.00,6140829.36,6945624.66,0
HH006410,0,0,0,0.00,13139093.97,13762025.76,0
HH006411,0,0,0,0.00,1635150.35,1396618.18,0
HH006412,0,0,0,0.00,1287030.48,1632997.78,0
HH006413,0,0,0,0.00,3281869.22,3559990.90,0
HH006414,0,0,0,0.00,4024356.42,5958918.14,0
HH006415,0,0,0,0.00,6083444.69,4775383.33,0
HH006416,0,1,1,7913385.05,29446245.63,25080073.27,0
HH006417,0,0,0,0.00,3046822.67,2989065.27,0
HH006418,0,0,0,0.00,6763587.17,7550051.64,0
HH006419,0,0,0,0.00,13049528.16,13239633.38,0
HH006420,0,0,0,0.00,8868837.25,11177168.58,0
HH006421,0,1,1,1062606.95,1876899.66,1207140.19,0
HH006422,0,0,0,0.00,84647169.68,88403448.53,0
HH006423,0,1,1,2874000.33,12104891.52,12739858.97,0
HH006424,0,0,0,0.00,5231926.38,6788547.47,0
HH006425,0,1,1,16983666.71,52284940.63,38978798.82,0
HH006426,0,0,0,0.00,43547037.70,46998874.06,0
HH006427,0,0,0,0.00,7099562.81,8380986.98,0
HH006428,0,0,0,0.00,3270206.91,3225167.74,0
HH006429,0,0,0,0.00,11396755.10,11407632.17,0
HH006430,0,0,0,0.00,7643299.68,8121870.64,0
HH006431,0,0,0,0.00,6085791.99,6549894.32,0
HH006432,0,0,0,0.00,2293458.36,2212445.28,0
HH006433,0,0,0,0.00,11391022.27,13927301.50,0
HH006434,0,0,0,0.00,14696563.62,16501969.32,0
HH006435,0,0,0,0.00,8031100.95,9562542.36,0
HH006436,0,1,1,1347104.58,5852536.85,6048360.90,0
HH006437,0,0,0,0.00,12416331.78,12914954.42,0
HH006438,0,0,0,0.00,18921922.21,19303964.39,0
HH006439,0,0,0,0.00,1355054.74,1574634.76,0
HH006440,0,0,0,0.00,17849658.81,17459377.33,0
HH006441,0,0,0,0.00,11084154.53,10409142.60,0
HH006442,0,0,0,0.00,8565965.45,9237254.07,0
HH006443,0,0,0,0.00,47453904.71,50228860.61,0
HH006444,0,0,0,0.00,152505640.36,159063365.77,0
HH006445,0,0,0,0.00,1056939.99,1224152.19,0
HH006446,0,0,0,0.00,6264813.39,6109008.22,0
HH006447,0,0,0,0.00,20921427.66,27486507.50,0
HH006448,0,1,1,1982012.91,9640676.20,8528515.43,0
HH006449,0,1,1,965709.91,3577717.77,2928300.02,0
HH006450,0,0,0,0.00,5116128.74,5525270.50,0
HH006451,0,0,0,0.00,2073020.87,2334984.11,0
HH006452,0,0,0,0.00,3465521.71,4223036.61,0
HH006453,0,0,0,0.00,2515816.86,2691400.68,0
HH006454,0,0,0,0.00,4255030.31,4330533.11,0
HH006455,0,0,0,0.00,15300909.53,15955932.26,0
HH006456,0,0,0,0.00,5470409.16,7258127.35,0
HH006457,0,0,0,0.00,1862394.16,1877239.21,0
HH006458,0,0,0,0.00,1440809.05,1683052.02,0
HH006459,0,1,1,5222023.28,14330535.88,9047976.78,0
HH006460,0,1,1,2992064.76,6843670.65,3929930.41,0
HH006461,0,0,0,0.00,1945530.17,2500172.64,0
HH006462,0,1,1,1440238.81,4818170.89,3520499.18,0
HH006463,0,0,0,0.00,2954863.10,3057012.73,0
HH006464,0,0,0,0.00,14006142.48,16019507.63,0
HH006465,0,0,0,0.00,17796424.19,18318916.69,0
HH006466,0,1,1,1342950.28,2484721.53,1246792.30,0
HH006467,0,0,0,0.00,3516075.23,3661611.07,0
HH006468,0,1,1,771098.33,2763217.69,1963779.15,0
HH006469,0,0,0,0.00,9316518.95,9220501.26,0
HH006470,0,0,0,0.00,1479421.60,1495306.62,0
HH006471,0,0,0,0.00,3639478.79,4161347.00,0
HH006472,0,0,0,0.00,15693324.89,18092638.60,0
HH006473,0,0,0,0.00,2432889.07,3382729.91,0
HH006474,0,1,1,1608077.94,3202173.02,1856165.34,0
HH006475,0,1,1,289106.97,1155324.07,865884.34,0
HH006476,0,1,1,4059329.00,7522270.79,4133265.34,0
HH006477,0,0,0,0.00,14986779.08,16840824.71,0
HH006478,0,0,0,0.00,41748243.15,40089783.12,0
HH006479,0,1,1,2826010.37,6268950.59,3706538.18,0
HH006480,0,0,0,0.00,2680598.84,3370666.39,0
HH006481,0,0,0,0.00,1178681.25,1343619.39,0
HH006482,0,1,1,8094234.81,19463865.75,11646392.15,0
HH006483,0,0,0,0.00,22578502.41,23933085.59,0
HH006484,0,1,1,257238.30,1254830.69,1050913.41,0
HH006485,0,0,0,0.00,2518700.04,2776127.66,0
HH006486,0,0,0,0.00,5665214.31,7714469.57,0
HH006487,0,0,0,0.00,10466964.63,11076049.69,0
HH006488,0,0,0,0.00,5079469.70,6359485.86,0
HH006489,1,0,1,5652771.63,5724669.03,71897.40,6
HH006490,0,0,0,0.00,52535972.12,61686782.18,0
HH006491,0,0,0,0.00,5144883.06,5976220.92,0
HH006492,0,1,1,596290.35,1329068.65,878062.24,0
HH006493,0,0,0,0.00,3283631.16,3805093.71,0
HH006494,0,0,0,0.00,38231813.22,32372701.76,0
HH006495,0,0,0,0.00,2887992.28,3653731.27,0
HH006496,0,1,1,12962445.82,38991585.57,29448270.40,0
HH006497,0,0,0,0.00,1450948.56,1313510.37,0
HH006498,0,0,0,0.00,6671278.17,7162169.90,0
HH006499,0,0,0,0.00,6731697.20,6951422.01,0
HH006500,0,0,0,0.00,4750770.81,5225169.52,0
HH006501,0,1,1,234097.65,1127557.57,942028.77,0
HH006502,0,0,0,0.00,1255801.64,1417754.62,0
HH006503,0,0,0,0.00,2394322.78,2737272.51,0
HH006504,0,0,0,0.00,9181787.88,9831339.23,0
HH006505,0,0,0,0.00,16888655.65,17186061.01,0
HH006506,0,0,0,0.00,1220902.51,1305318.36,0
HH006507,0,0,0,0.00,1676760.04,1423157.57,0
HH006508,0,0,0,0.00,6020741.83,6363452.87,0
HH006509,0,0,0,0.00,3973039.88,4350285.86,0
HH006510,0,0,0,0.00,6990004.48,7601601.96,0
HH006511,0,0,0,0.00,1729627.79,2240927.47,0
HH006512,0,0,0,0.00,3055152.73,4357111.52,0
HH006513,0,0,0,0.00,2273093.75,1925988.49,0
HH006514,1,0,1,16854515.90,16912747.16,58231.26,6
HH006515,0,0,0,0.00,12155808.78,13866934.01,0
HH006516,0,0,0,0.00,4574051.87,5102284.40,0
HH006517,0,0,0,0.00,7734276.13,8664357.57,0
HH006518,0,0,0,0.00,6968870.31,6879240.42,0
HH006519,0,0,0,0.00,9013454.22,7019354.10,0
HH006520,0,0,0,0.00,14471951.66,16219505.84,0
HH006521,0,0,0,0.00,6654963.22,7530527.58,0
HH006522,0,0,0,0.00,2289216.52,2159485.04,0
HH006523,0,0,0,0.00,2879015.13,3035047.52,0
HH006524,0,0,0,0.00,4299969.09,4359698.12,0
HH006525,0,0,0,0.00,2504821.94,2694441.20,0
HH006526,0,0,0,0.00,5256694.43,5036171.36,0
HH006527,0,0,0,0.00,7538181.75,7013541.75,0
HH006528,0,0,0,0.00,3780960.66,4315369.82,0
HH006529,0,0,0,0.00,1013821.65,1074934.18,0
HH006530,0,0,0,0.00,22811473.70,25201046.36,0
HH006531,0,0,0,0.00,1665802.28,1821059.33,0
HH006532,0,0,0,0.00,59160082.96,67303939.33,0
HH006533,0,0,0,0.00,1671793.53,1825068.93,0
HH006534,0,0,0,0.00,1930703.23,2518988.23,0
HH006535,0,0,0,0.00,3474483.92,3819188.62,0
HH006536,0,0,0,0.00,5953630.21,5821193.48,0
HH006537,0,0,0,0.00,18121548.82,21313373.20,0
HH006538,0,0,0,0.00,22514485.15,24770640.90,0
HH006539,0,1,1,14635966.13,26805792.96,13602937.61,0
HH006540,0,0,0,0.00,1163599.80,1341885.12,0
HH006541,0,0,0,0.00,1231990.39,1397238.83,0
HH006542,0,0,0,0.00,6888064.16,8420581.17,0
HH006543,0,0,0,0.00,11920326.95,12656966.89,0
HH006544,1,0,1,14417177.74,14749930.42,332752.68,5
HH006545,0,0,0,0.00,7775352.82,8942777.86,0
HH006546,0,0,0,0.00,2914539.71,3141167.29,0
HH006547,0,0,0,0.00,10585228.54,9778298.70,0
HH006548,0,0,0,0.00,2232767.74,2638287.90,0
HH006549,0,0,0,0.00,4041507.59,3965912.82,0
HH006550,0,0,0,0.00,4932987.10,6079356.06,0
HH006551,0,0,0,0.00,1832232.86,2006306.16,0
HH006552,,,,,7282892.22,7250710.32,0
HH006553,0,0,0,0.00,3833094.54,4309486.39,0
HH006554,0,1,1,468410.67,1183032.09,327936.00,0
HH006555,0,0,0,0.00,1104847.94,1194506.31,0
HH006556,0,0,0,0.00,4770309.51,3118266.44,0
HH006557,0,1,1,741254.33,2631655.97,2105129.42,0
HH006558,0,1,1,1105319.74,2381617.11,1247970.17,0
HH006559,0,0,0,0.00,2502820.00,2848457.69,0
HH006560,1,0,1,2852464.65,2865438.38,12973.73,5
HH006561,0,0,0,0.00,9721425.88,14525720.89,0
HH006562,0,0,0,0.00,11536150.44,12025991.60,0
HH006563,0,1,1,6827666.65,14095630.13,8242796.58,0
HH006564,0,0,0,0.00,5251640.83,5783027.18,0
HH006565,0,1,1,12103112.87,36887099.32,24874758.51,0
HH006566,0,1,1,619749.43,1448194.02,817507.47,0
HH006567,0,1,1,8010417.67,15227581.46,8329172.53,0
HH006568,0,0,0,0.00,20834260.05,17843613.87,0
HH006569,0,0,0,0.00,1016257.42,905098.50,0
HH006570,0,0,0,0.00,28005487.18,30201386.88,0
HH006571,0,0,0,0.00,1230729.60,1330994.23,0
HH006572,0,0,0,0.00,3146332.23,3254094.41,0
HH006573,0,0,0,0.00,17841185.37,17291297.37,0
HH006574,0,0,0,0.00,2789770.34,3464454.71,0
HH006575,0,0,0,0.00,8257498.47,8639843.38,0
HH006576,1,0,1,21542127.19,22140088.21,597961.02,1
HH006577,,,,,15073639.93,13874434.58,0
HH006578,1,0,1,8869851.81,9051715.74,181863.93,3
HH006579,0,0,0,0.00,12366036.15,9147592.88,0
HH006580,0,0,0,0.00,9451627.25,3608496.18,0
HH006581,0,0,0,0.00,1218459.07,1221771.00,0
HH006582,0,0,0,0.00,4370839.69,4506760.71,0
HH006583,0,1,1,1125831.56,2941293.95,1465505.34,0
HH006584,0,0,0,0.00,5561149.52,7515456.90,0
HH006585,0,0,0,0.00,10080953.43,10478152.56,0
HH006586,0,0,0,0.00,3317638.87,3455912.47,0
HH006587,0,0,0,0.00,3250054.41,3688416.81,0
HH006588,1,0,1,21969280.91,22416794.15,447513.24,6
HH006589,0,0,0,0.00,4860867.16,4843328.80,0
HH006590,0,0,0,0.00,5012314.04,5754327.08,0
HH006591,0,1,1,1730981.54,8424642.17,7192111.24,0
HH006592,0,0,0,0.00,49441919.29,56950041.64,0
HH006593,0,0,0,0.00,15519319.54,15893055.65,0
HH006594,0,0,0,0.00,1291259.92,1304998.43,0
HH006595,0,0,0,0.00,1466728.58,1767692.52,0
HH006596,0,0,0,0.00,29337580.12,31246429.94,0
HH006597,0,0,0,0.00,2034265.23,2152979.27,0
HH006598,0,0,0,0.00,1018777.92,1113067.84,0
HH006599,0,0,0,0.00,5509623.24,5810944.44,0
HH006600,,,,,122785606.86,130459765.15,0
HH006601,0,1,1,1039808.82,4318010.15,3823473.59,0
HH006602,0,0,0,0.00,8734982.55,10781895.22,0
HH006603,1,0,1,2240303.80,2298962.61,58658.81,2
HH006604,0,0,0,0.00,3528797.59,4091044.13,0
HH006605,0,0,0,0.00,31753642.05,31187490.62,0
HH006606,0,1,1,8164710.55,15270957.43,6891244.92,0
HH006607,0,0,0,0.00,6949973.88,7335492.68,0
HH006608,0,1,1,992639.44,3916005.27,3999348.02,0
HH006609,0,0,0,0.00,7495122.93,6296314.16,0
HH006610,0,0,0,0.00,4762394.89,5331029.85,0
HH006611,0,0,0,0.00,9070302.04,10160659.51,0
HH006612,0,0,0,0.00,2331318.83,2725306.02,0
HH006613,0,0,0,0.00,5852170.61,10226704.98,0
HH006614,0,0,0,0.00,11310061.76,11392877.01,0
HH006615,0,0,0,0.00,4048391.60,3563326.07,0
HH006616,0,0,0,0.00,3768194.21,3713270.30,0
HH006617,0,0,0,0.00,4874170.90,5114495.10,0
HH006618,0,1,1,1130397.85,2389714.76,1330515.15,0
HH006619,0,0,0,0.00,3495230.07,4139742.84,0
HH006620,0,0,0,0.00,14539148.79,16056204.13,0
HH006621,0,0,0,0.00,3432109.88,3566508.30,0
HH006622,0,0,0,0.00,32965522.11,33911161.74,0
HH006623,0,0,0,0.00,2927116.96,3341420.60,0
HH006624,0,1,1,2892712.70,6546448.03,4569287.26,0
HH006625,0,0,0,0.00,1071562.26,1207493.71,0
HH006626,,,,,14240168.89,3060659.73,0
HH006627,0,0,0,0.00,2925483.95,3189784.16,0
HH006628,0,1,1,1104488.27,3429265.91,6159669.98,0
HH006629,0,0,0,0.00,8505122.10,9742627.41,0
HH006630,0,0,0,0.00,24160299.52,26259440.35,0
HH006631,0,0,0,0.00,18014510.28,21379630.16,0
HH006632,0,0,0,0.00,4289962.31,4872723.38,0
HH006633,0,0,0,0.00,6015927.30,6199418.08,0
HH006634,0,0,0,0.00,7585191.14,8084487.30,0
HH006635,0,0,0,0.00,15320534.44,16109584.93,0
HH006636,0,0,0,0.00,1003136.19,810676.80,0
HH006637,1,0,1,1794120.68,1806416.71,12296.03,3
HH006638,0,0,0,0.00,21100587.96,31823058.51,0
HH006639,0,1,1,2139923.12,9459765.52,7079538.36,0
HH006640,0,0,0,0.00,2941541.06,3499888.38,0
HH006641,0,0,0,0.00,18301845.13,18422638.49,0
HH006642,0,0,0,0.00,2887411.94,2830059.32,0
HH006643,0,1,1,5360528.08,11647577.66,6768079.55,0
HH006644,0,0,0,0.00,2543341.45,3061789.02,0
HH006645,0,0,0,0.00,1796565.07,2095896.16,0
HH006646,0,1,1,2444081.90,8417803.64,6429738.61,0
HH006647,0,0,0,0.00,1392032.48,1139215.01,0
HH006648,0,0,0,0.00,4117506.25,5007920.36,0
HH006649,0,0,0,0.00,6071833.29,6884420.32,0
HH006650,0,0,0,0.00,2427080.90,2269678.33,0
HH006651,0,0,0,0.00,3721319.94,4137379.00,0
HH006652,0,0,0,0.00,15208934.85,21202196.02,0
HH006653,0,0,0,0.00,10221415.13,11972242.84,0
HH006654,0,0,0,0.00,6532195.43,7152756.25,0
HH006655,0,0,0,0.00,3963375.38,3837686.05,0
HH006656,0,0,0,0.00,1290453.92,1314795.89,0
HH006657,0,0,0,0.00,4923688.75,5468353.64,0
HH006658,0,0,0,0.00,7532162.77,9191940.91,0
HH006659,0,0,0,0.00,3312059.69,3859957.87,0
HH006660,0,1,1,2345802.78,6535422.52,4418471.18,0
HH006661,0,0,0,0.00,1144452.43,1309572.76,0
HH006662,0,1,1,669567.95,1862984.16,1455492.38,0
HH006663,0,0,0,0.00,3735746.25,3300011.76,0
HH006664,0,0,0,0.00,22469967.23,23165680.68,0
HH006665,0,0,0,0.00,5840568.86,6793744.21,0
HH006666,0,0,0,0.00,7038261.85,8005231.17,0
HH006667,0,0,0,0.00,3683834.97,4684069.90,0
HH006668,0,0,0,0.00,9968098.72,11866858.84,0
HH006669,0,1,1,4121718.19,9462134.40,5533851.12,0
HH006670,0,0,0,0.00,1473596.36,1498823.17,0
HH006671,0,1,1,1432023.87,4003346.20,2582533.19,0
HH006672,0,0,0,0.00,11719092.10,13122541.91,0
HH006673,0,0,0,0.00,14429731.69,12347046.28,0
HH006674,0,0,0,0.00,3123496.30,3489037.17,0
HH006675,0,0,0,0.00,1399034.41,1549848.51,0
HH006676,0,0,0,0.00,5123823.92,4301826.40,0
HH006677,0,0,0,0.00,10821265.67,11544022.01,0
HH006678,0,0,0,0.00,61714575.49,69982197.47,0
HH006679,0,0,0,0.00,2038083.87,2148937.40,0
HH006680,0,0,0,0.00,32937242.37,36801151.78,0
HH006681,0,0,0,0.00,27957908.16,26892263.19,0
HH006682,0,1,1,2363714.14,11431473.67,10370047.02,0
HH006683,0,1,1,5914614.78,9658387.22,4368589.46,0
HH006684,0,0,0,0.00,1567713.71,2239614.79,0
HH006685,0,0,0,0.00,4156519.73,4051734.17,0
HH006686,1,0,1,20459461.65,20948782.49,489320.84,4
HH006687,0,0,0,0.00,3655618.70,3867215.95,0
HH006688,0,0,0,0.00,5558617.31,5561775.89,0
HH006689,0,0,0,0.00,8317025.03,10127677.99,0
HH006690,0,0,0,0.00,2649006.72,2751592.64,0
HH006691,0,0,0,0.00,9493298.25,11476971.83,0
HH006692,1,0,1,7483317.96,7540760.33,57442.37,4
HH006693,1,0,1,1671041.38,1722589.05,51547.67,1
HH006694,0,0,0,0.00,13943293.55,14567198.59,0
HH006695,0,0,0,0.00,7125962.73,7540787.44,0
HH006696,0,0,0,0.00,9400284.29,9253124.52,0
HH006697,0,0,0,0.00,12605748.47,11103657.61,0
HH006698,0,0,0,0.00,43685181.41,50260548.40,0
HH006699,0,0,0,0.00,8455965.17,9499304.54,0
HH006700,0,0,0,0.00,9232579.41,10605139.48,0
HH006701,0,0,0,0.00,4064183.32,4233694.27,0
HH006702,0,0,0,0.00,3771351.79,3712752.54,0
HH006703,0,0,0,0.00,7131626.84,8371469.48,0
HH006704,0,0,0,0.00,152103770.39,151175799.00,0
HH006705,0,0,0,0.00,4176874.74,4650866.87,0
HH006706,0,0,0,0.00,1088732.60,1231495.77,0
HH006707,0,0,0,0.00,4937848.66,5407142.90,0
HH006708,0,0,0,0.00,3145329.94,3477202.85,0
HH006709,0,0,0,0.00,5901186.35,6082780.18,0
HH006710,0,1,1,671482.70,1176690.68,575779.43,0
HH006711,1,0,1,1354656.69,1373665.02,19008.33,6
HH006712,0,0,0,0.00,5247989.61,4645779.02,0
HH006713,0,0,0,0.00,1210023.44,1326220.22,0
HH006714,0,0,0,0.00,9439248.16,8823255.19,0
HH006715,0,0,0,0.00,48623805.45,48817702.27,0
HH006716,0,1,1,1038255.00,4688805.61,4112726.26,0
HH006717,0,0,0,0.00,4039563.90,4658741.70,0
HH006718,0,0,0,0.00,6178203.02,7695337.59,0
HH006719,0,0,0,0.00,7904463.02,10159374.62,0
HH006720,0,0,0,0.00,3449963.33,3365413.50,0
HH006721,0,1,1,822833.84,1646766.43,946044.53,0
HH006722,0,0,0,0.00,2872189.47,2474389.82,0
HH006723,0,0,0,0.00,3652935.47,3762752.52,0
HH006724,1,0,1,5369560.48,5409845.01,40284.53,4
HH006725,0,0,0,0.00,7367446.97,8685582.71,0
HH006726,0,0,0,0.00,5926084.44,5231660.60,0
HH006727,0,0,0,0.00,23293700.62,28222642.79,0
HH006728,0,0,0,0.00,7625065.86,8086614.91,0
HH006729,0,0,0,0.00,9776184.02,9806346.20,0
HH006730,0,1,1,7591070.12,14251548.52,7371657.82,0
HH006731,0,0,0,0.00,5153062.69,5658288.93,0
HH006732,0,0,0,0.00,6761439.84,8701197.40,0
HH006733,0,0,0,0.00,1729091.76,1654706.29,0
HH006734,0,0,0,0.00,1322554.27,1372927.12,0
HH006735,0,0,0,0.00,1217077.49,1415737.95,0
HH006736,1,0,1,1972470.18,1986187.71,13717.53,6
HH006737,0,0,0,0.00,7608815.67,8291132.99,0
HH006738,0,0,0,0.00,23356797.09,27146718.70,0
HH006739,0,1,1,351395.71,1171147.27,904630.58,0
HH006740,0,0,0,0.00,8109804.27,7157659.30,0
HH006741,0,0,0,0.00,4614067.92,4407794.09,0
HH006742,0,0,0,0.00,4209117.67,4032521.40,0
HH006743,0,0,0,0.00,18958140.32,16600735.31,0
HH006744,0,0,0,0.00,71164458.72,87577615.43,0
HH006745,0,0,0,0.00,6204290.25,7068711.98,0
HH006746,0,0,0,0.00,1117887.93,1126989.17,0
HH006747,0,0,0,0.00,2457343.37,2578732.61,0
HH006748,0,0,0,0.00,96398647.00,102909286.36,0
HH006749,0,1,1,4349713.98,15995875.13,10782401.85,0
HH006750,0,0,0,0.00,9257089.37,10246822.34,0
HH006751,0,0,0,0.00,13386896.38,17831142.07,0
HH006752,0,0,0,0.00,1018623.38,1062790.58,0
HH006753,1,0,1,18219760.97,18495516.89,275755.92,3
HH006754,0,0,0,0.00,6304355.89,6756595.10,0
HH006755,0,0,0,0.00,3819561.72,3667467.08,0
HH006756,0,0,0,0.00,72781883.67,89668230.44,0
HH006757,0,0,0,0.00,4771164.64,4573179.34,0
HH006758,0,0,0,0.00,1128557.58,639012.60,0
HH006759,0,0,0,0.00,25707469.24,27525537.33,0
HH006760,0,0,0,0.00,14193300.02,14510047.11,0
HH006761,0,0,0,0.00,8059992.44,8042339.97,0
HH006762,0,0,0,0.00,5437558.74,5548908.64,0
HH006763,0,0,0,0.00,14119131.67,16675524.66,0
HH006764,0,0,0,0.00,4424111.55,4712293.81,0
HH006765,0,0,0,0.00,23448938.02,19922894.25,0
HH006766,0,1,1,2219960.41,3883955.53,2151090.22,0
HH006767,0,0,0,0.00,2838766.52,3125962.20,0
HH006768,0,0,0,0.00,3912307.96,3628779.14,0
HH006769,0,0,0,0.00,1740683.04,1894628.56,0
HH006770,0,0,0,0.00,5554436.56,5483002.98,0
HH006771,0,0,0,0.00,10895743.66,11051049.60,0
HH006772,0,0,0,0.00,5058457.04,5648086.88,0
HH006773,0,0,0,0.00,7497570.61,7391308.13,0
HH006774,0,0,0,0.00,3855795.36,3641858.07,0
HH006775,0,0,0,0.00,2447186.29,1976639.20,0
HH006776,0,0,0,0.00,7139234.49,8427135.01,0
HH006777,0,0,0,0.00,1092780.34,1069470.72,0
HH006778,0,0,0,0.00,4064033.87,6005441.73,0
HH006779,0,0,0,0.00,5391853.86,4835298.95,0
HH006780,0,0,0,0.00,9984146.77,11600442.78,0
HH006781,0,0,0,0.00,2143250.46,2305400.25,0
HH006782,0,0,0,0.00,3775375.98,4184719.48,0
HH006783,0,0,0,0.00,4252354.71,3806398.77,0
HH006784,0,0,0,0.00,3168498.80,3375486.74,0
HH006785,0,0,0,0.00,14626056.77,15099838.79,0
HH006786,0,0,0,0.00,6485415.62,6588391.93,0
HH006787,0,0,0,0.00,2383993.16,2566980.22,0
HH006788,0,0,0,0.00,12087816.21,12552171.12,0
HH006789,0,1,1,3250243.62,9334192.72,6652628.95,0
HH006790,0,0,0,0.00,14771718.11,16010834.95,0
HH006791,0,0,0,0.00,7411247.02,8369386.80,0
HH006792,0,0,0,0.00,6016601.16,6280165.46,0
HH006793,0,0,0,0.00,2783413.63,3000849.14,0
HH006794,1,0,1,2058495.90,2070872.72,12376.82,1
HH006795,0,0,0,0.00,11662246.53,17250635.43,0
HH006796,0,1,1,3791807.66,14246704.53,11732705.92,0
HH006797,0,0,0,0.00,3813844.69,5263521.09,0
HH006798,0,0,0,0.00,5650589.07,5511476.90,0
HH006799,0,0,0,0.00,2073473.61,2069194.68,0
HH006800,0,0,0,0.00,6712985.58,7814991.41,0
HH006801,0,0,0,0.00,4724394.77,5790436.37,0
HH006802,0,1,1,823250.05,1745540.86,1062151.29,0
HH006803,0,1,1,1125106.86,2035278.59,870245.52,0
HH006804,0,1,1,382146.17,1856612.20,1933190.82,0
HH006805,0,0,0,0.00,22164043.10,24373684.94,0
HH006806,0,0,0,0.00,29420153.63,34288768.16,0
HH006807,0,0,0,0.00,5174321.62,4883140.55,0
HH006808,0,0,0,0.00,24166721.28,29924720.52,0
HH006809,0,0,0,0.00,7798113.85,8380688.92,0
HH006810,0,0,0,0.00,1977701.74,1937874.92,0
HH006811,0,0,0,0.00,9440000.78,10088634.63,0
HH006812,0,0,0,0.00,2569854.10,2139438.25,0
HH006813,0,0,0,0.00,6589953.44,7565745.55,0
HH006814,0,0,0,0.00,4277227.04,5005969.57,0
HH006815,0,0,0,0.00,5428366.53,5827763.84,0
HH006816,0,0,0,0.00,3370936.31,3218939.88,0
HH006817,0,1,1,5162098.55,11021588.68,5627730.26,0
HH006818,0,0,0,0.00,3632646.16,6263842.36,0
HH006819,0,0,0,0.00,7638547.58,8830287.44,0
HH006820,0,0,0,0.00,1441217.48,1364468.20,0
HH006821,0,0,0,0.00,43170315.00,46731430.90,0
HH006822,0,0,0,0.00,9254452.44,10298316.56,0
HH006823,0,0,0,0.00,1357955.97,1399917.75,0
HH006824,0,0,0,0.00,2945548.51,2229648.50,0
HH006825,0,1,1,967488.15,1627842.87,760199.66,0
HH006826,0,0,0,0.00,3717573.30,3933845.52,0
HH006827,0,0,0,0.00,4616234.62,4950822.47,0
HH006828,0,0,0,0.00,3030021.52,3293419.20,0
HH006829,0,0,0,0.00,2479115.86,2539887.68,0
HH006830,0,0,0,0.00,1434832.85,1513647.72,0
HH006831,0,0,0,0.00,5868627.99,5399321.13,0
HH006832,0,0,0,0.00,2617830.47,2584499.69,0
HH006833,0,0,0,0.00,4588222.29,5055279.78,0
HH006834,0,0,0,0.00,6696812.94,7354234.01,0
HH006835,0,0,0,0.00,10184482.75,9293306.88,0
HH006836,0,0,0,0.00,1326459.55,1582025.01,0
HH006837,0,0,0,0.00,4661574.16,5056294.51,0
HH006838,0,0,0,0.00,3495257.69,3839836.63,0
HH006839,0,0,0,0.00,8640711.05,9658219.44,0
HH006840,0,0,0,0.00,4702587.51,5057226.92,0
HH006841,0,0,0,0.00,5313861.35,5692288.49,0
HH006842,0,0,0,0.00,4012187.25,3769838.64,0
HH006843,0,0,0,0.00,14082868.42,16347302.03,0
HH006844,0,0,0,0.00,7076893.42,8542213.10,0
HH006845,0,0,0,0.00,7372173.56,7718797.79,0
HH006846,1,0,1,9124926.73,9373418.03,248491.30,2
HH006847,0,0,0,0.00,8650616.40,9643433.95,0
HH006848,0,1,1,267693.84,1321920.69,1159554.25,0
HH006849,0,0,0,0.00,3642954.80,4009088.15,0
HH006850,0,0,0,0.00,3905254.61,3671890.20,0
HH006851,0,0,0,0.00,13605715.14,14490285.34,0
HH006852,0,0,0,0.00,27530371.11,29284001.10,0
HH006853,0,0,0,0.00,7771427.29,7890527.10,0
HH006854,0,0,0,0.00,5113102.96,6048595.81,0
HH006855,0,0,0,0.00,1136298.49,1125226.69,0
HH006856,0,0,0,0.00,9867358.01,10464865.45,0
HH006857,0,0,0,0.00,1543914.96,1495658.00,0
HH006858,1,0,1,4029116.36,4120635.22,91518.86,6
HH006859,0,0,0,0.00,2644294.76,2751096.51,0
HH006860,0,1,1,3947723.73,5807198.23,2035283.11,0
HH006861,0,0,0,0.00,34904956.21,31804831.37,0
HH006862,0,0,0,0.00,3309437.96,2569896.76,0
HH006863,0,0,0,0.00,15933561.81,15333482.55,0
HH006864,0,0,0,0.00,7655876.50,7311257.50,0
HH006865,0,0,0,0.00,5272392.45,4235824.13,0
HH006866,0,0,0,0.00,17296709.11,17514472.29,0
HH006867,0,0,0,0.00,3732565.04,4319323.47,0
HH006868,0,0,0,0.00,1104128.88,1576955.55,0
HH006869,0,0,0,0.00,10023187.71,9706871.81,0
HH006870,0,0,0,0.00,1823663.84,3009697.32,0
HH006871,0,0,0,0.00,2651876.85,2929570.36,0
HH006872,0,0,0,0.00,1669101.63,1695820.26,0
HH006873,0,0,0,0.00,1765582.64,1769892.36,0
HH006874,0,0,0,0.00,1989320.04,2370770.23,0
HH006875,0,1,1,4014741.93,7912912.89,4042399.70,0
HH006876,0,0,0,0.00,3885550.96,3887589.07,0
HH006877,0,1,1,3292531.45,13750779.15,11035558.49,0
HH006878,0,0,0,0.00,3795465.76,3880518.79,0
HH006879,0,0,0,0.00,2143537.54,2321910.63,0
HH006880,0,0,0,0.00,10428991.61,10967311.11,0
HH006881,0,0,0,0.00,5202781.58,5405768.08,0
HH006882,0,0,0,0.00,7803264.56,8720487.13,0
HH006883,0,0,0,0.00,15882719.94,17301387.10,0
HH006884,0,0,0,0.00,18879740.15,21072693.13,0
HH006885,0,0,0,0.00,3887919.88,4457789.30,0
HH006886,0,0,0,0.00,8317841.44,7416873.28,0
HH006887,0,0,0,0.00,3902182.00,3823997.01,0
HH006888,0,0,0,0.00,2325638.59,2513860.52,0
HH006889,1,0,1,14506426.59,14560689.52,54262.93,1
HH006890,0,1,1,969761.28,1887071.00,589408.98,0
HH006891,0,0,0,0.00,1415843.03,1748044.88,0
HH006892,0,1,1,846254.22,2329688.60,1533158.88,0
HH006893,0,0,0,0.00,10726752.74,12534913.62,0
HH006894,1,0,1,2134582.97,2163073.11,28490.14,4
HH006895,0,0,0,0.00,12326224.03,12053350.65,0
HH006896,0,0,0,0.00,10607027.00,10672502.37,0
HH006897,0,0,0,0.00,22562540.75,31122476.50,0
HH006898,0,1,1,4055366.17,14440957.58,11039504.29,0
HH006899,1,0,1,9805064.58,9812563.62,7499.04,6
HH006900,0,0,0,0.00,1708197.07,1445728.16,0
HH006901,0,0,0,0.00,1643633.42,1869584.72,0
HH006902,0,0,0,0.00,1726253.47,1986876.68,0
HH006903,0,0,0,0.00,3410814.29,3325096.26,0
HH006904,0,0,0,0.00,7006276.92,6770404.07,0
HH006905,0,0,0,0.00,14997241.93,14209232.94,0
HH006906,0,0,0,0.00,15852903.79,17905962.57,0
HH006907,0,0,0,0.00,6681314.65,7490952.85,0
HH006908,0,0,0,0.00,5117610.03,5848601.26,0
HH006909,0,1,1,1569680.36,3620901.61,2740067.74,0
HH006910,0,0,0,0.00,8006925.67,7946534.24,0
HH006911,0,1,1,9733486.31,18299752.83,8612649.20,0
HH006912,0,0,0,0.00,18750567.56,19556440.34,0
HH006913,0,1,1,4464306.76,8129320.27,3370682.14,0
HH006914,0,0,0,0.00,3785679.48,4055153.34,0
HH006915,0,0,0,0.00,2965680.05,3151177.89,0
HH006916,0,0,0,0.00,14538005.94,15030943.00,0
HH006917,0,0,0,0.00,1901424.62,1821377.35,0
HH006918,0,0,0,0.00,6523305.39,8207281.62,0
HH006919,0,0,0,0.00,1432625.80,1593593.00,0
HH006920,0,0,0,0.00,3815906.48,3943915.21,0
HH006921,0,0,0,0.00,16859933.46,16441377.46,0
HH006922,0,0,0,0.00,1919118.11,2033709.42,0
HH006923,0,0,0,0.00,12528976.67,9903219.93,0
HH006924,0,0,0,0.00,16542776.67,18666888.91,0
HH006925,0,0,0,0.00,2154446.75,1826102.76,0
HH006926,0,0,0,0.00,3366271.33,3353779.92,0
HH006927,0,0,0,0.00,3539551.60,4531914.49,0
HH006928,0,0,0,0.00,3297000.49,2890538.57,0
HH006929,0,0,0,0.00,1217517.93,1362673.40,0
HH006930,0,0,0,0.00,2958950.43,3172170.32,0
HH006931,0,0,0,0.00,28072947.25,25171670.19,0
HH006932,0,0,0,0.00,4255610.73,4933880.65,0
HH006933,0,0,0,0.00,1555546.14,1574968.17,0
HH006934,0,0,0,0.00,1691366.79,1842049.07,0
HH006935,1,0,1,1602508.37,1624592.14,22083.77,2
HH006936,0,0,0,0.00,5159093.29,5425100.50,0
HH006937,0,0,0,0.00,4665400.38,4853028.65,0
HH006938,0,0,0,0.00,3987744.68,3896225.26,0
HH006939,0,0,0,0.00,2139891.42,2197845.97,0
HH006940,0,0,0,0.00,10847779.28,11553578.56,0
HH006941,0,0,0,0.00,3116558.25,3566232.76,0
HH006942,0,0,0,0.00,4403751.46,4359572.36,0
HH006943,0,0,0,0.00,1583048.12,1902473.55,0
HH006944,0,0,0,0.00,10993968.53,10726216.70,0
HH006945,0,0,0,0.00,1952030.93,2063009.11,0
HH006946,0,0,0,0.00,1666824.95,1969932.76,0
HH006947,0,0,0,0.00,1678681.44,1807158.58,0
HH006948,0,0,0,0.00,3355162.96,3662787.51,0
HH006949,1,0,1,1859088.61,1910099.33,51010.72,3
HH006950,0,0,0,0.00,1428370.18,1501785.16,0
HH006951,1,0,1,4966770.04,5032838.58,66068.54,2
HH006952,0,0,0,0.00,4897137.82,5106621.54,0
HH006953,0,0,0,0.00,2576639.10,2569012.38,0
HH006954,0,0,0,0.00,86844332.20,93214128.73,0
HH006955,0,0,0,0.00,5563537.54,5858473.69,0
HH006956,0,0,0,0.00,1477137.70,1843875.80,0
HH006957,0,0,0,0.00,1253879.58,1551073.26,0
HH006958,0,0,0,0.00,56077218.93,49719486.46,0
HH006959,0,0,0,0.00,4357708.00,5765184.02,0
HH006960,0,0,0,0.00,10802580.44,11316393.43,0
HH006961,0,0,0,0.00,2172024.84,1866213.85,0
HH006962,0,0,0,0.00,4205296.75,4872936.74,0
HH006963,0,0,0,0.00,4049120.31,4604101.83,0
HH006964,0,0,0,0.00,13715983.03,15728249.37,0
HH006965,0,0,0,0.00,2585987.40,2821044.53,0
HH006966,0,1,1,2967978.14,9634342.04,6397916.39,0
HH006967,0,0,0,0.00,4391922.60,4977122.39,0
HH006968,0,1,1,3025981.32,9871518.97,6822015.55,0
HH006969,0,0,0,0.00,7479060.02,8256044.80,0
HH006970,0,0,0,0.00,9913099.50,9649329.99,0
HH006971,0,0,0,0.00,3013786.53,4092073.37,0
HH006972,0,0,0,0.00,2649951.37,3931344.53,0
HH006973,0,0,0,0.00,1204436.12,1308305.80,0
HH006974,0,1,1,1375428.82,3995903.89,3051934.34,0
HH006975,0,0,0,0.00,4424314.91,3957232.13,0
HH006976,0,0,0,0.00,1149668.71,858396.30,0
HH006977,0,0,0,0.00,4009754.63,4209065.47,0
HH006978,0,0,0,0.00,30380126.86,27521686.77,0
HH006979,0,0,0,0.00,6480194.12,7178770.59,0
HH006980,0,0,0,0.00,17096085.90,16681805.16,0
HH006981,0,0,0,0.00,1501385.55,1656911.30,0
HH006982,0,1,1,2806866.08,6140840.47,3177969.31,0
HH006983,0,0,0,0.00,3101831.45,3609058.81,0
HH006984,0,0,0,0.00,1655347.93,1261499.19,0
HH006985,0,0,0,0.00,14239802.69,15833284.27,0
HH006986,0,0,0,0.00,4304196.39,4495969.79,0
HH006987,0,0,0,0.00,44839784.72,44698074.23,0
HH006988,0,1,1,4851868.44,8426840.75,3719017.09,0
HH006989,0,1,1,2044787.41,5963442.85,4247753.74,0
HH006990,0,0,0,0.00,2144188.31,2155400.67,0
HH006991,0,0,0,0.00,5252961.15,5617087.96,0
HH006992,0,0,0,0.00,13018422.68,14959062.43,0
HH006993,0,0,0,0.00,4092446.76,4677555.30,0
HH006994,0,0,0,0.00,3295530.45,3109143.81,0
HH006995,0,1,1,1814728.65,3605399.13,1986780.72,0
HH006996,0,0,0,0.00,19614310.28,19849606.56,0
HH006997,0,0,0,0.00,14238141.30,18278409.13,0
HH006998,0,0,0,0.00,2913204.84,3354466.14,0
HH006999,0,0,0,0.00,1692419.84,1792211.37,0
HH007000,0,0,0,0.00,1321046.12,2230591.18,0
HH007001,0,0,0,0.00,13061498.23,13554048.93,0
HH007002,0,0,0,0.00,23471872.55,46592013.00,0
HH007003,1,0,1,13204811.77,13495569.53,290757.76,3
HH007004,0,1,1,1876393.01,3116382.31,1611766.14,0
HH007005,0,0,0,0.00,8756450.37,9704817.66,0
HH007006,1,0,1,1895949.72,1924298.85,28349.13,4
HH007007,0,0,0,0.00,3048140.59,2977402.32,0
HH007008,0,0,0,0.00,11135818.77,12934743.71,0
HH007009,0,0,0,0.00,10229550.75,12243758.16,0
HH007010,0,0,0,0.00,17077872.67,19162944.62,0
HH007011,0,0,0,0.00,1602777.00,1724434.47,0
HH007012,0,0,0,0.00,40526972.14,39946832.04,0
HH007013,0,0,0,0.00,16540112.01,16202007.02,0
HH007014,0,0,0,0.00,9764245.92,10901549.03,0
HH007015,0,0,0,0.00,4428569.28,4900097.52,0
HH007016,0,0,0,0.00,3818410.14,4445222.92,0
HH007017,0,0,0,0.00,26536820.55,27768836.20,0
HH007018,0,0,0,0.00,3515404.44,3289805.78,0
HH007019,0,0,0,0.00,3644730.13,2999488.89,0
HH007020,0,0,0,0.00,1733330.14,1586190.23,0
HH007021,0,0,0,0.00,3543126.82,3762372.59,0
HH007022,0,0,0,0.00,8343134.51,5850119.12,0
HH007023,0,0,0,0.00,10323318.02,11082142.37,0
HH007024,0,0,0,0.00,35471287.29,39452038.24,0
HH007025,0,0,0,0.00,3525359.74,2376885.07,0
HH007026,0,0,0,0.00,11475954.80,13928562.71,0
HH007027,0,0,0,0.00,10925672.30,11826426.66,0
HH007028,0,0,0,0.00,2748931.06,3006625.62,0
HH007029,0,0,0,0.00,3603807.53,3313182.18,0
HH007030,1,0,1,9174883.61,9231636.51,56752.90,4
HH007031,0,0,0,0.00,1038970.29,1368206.15,0
HH007032,0,0,0,0.00,12650202.77,12340481.54,0
HH007033,0,0,0,0.00,5871025.68,5107804.46,0
HH007034,0,0,0,0.00,3502216.42,3808197.70,0
HH007035,0,0,0,0.00,2991349.60,3047214.19,0
HH007036,0,0,0,0.00,7843477.75,8234244.36,0
HH007037,0,0,0,0.00,2269775.13,2031001.24,0
HH007038,0,0,0,0.00,3921992.10,4500657.82,0
HH007039,0,0,0,0.00,1799805.96,2013383.62,0
HH007040,0,0,0,0.00,15436625.78,15277437.52,0
HH007041,0,0,0,0.00,398831111.90,387832732.70,0
HH007042,0,0,0,0.00,9545823.17,10260956.43,0
HH007043,0,0,0,0.00,1751820.37,1490670.73,0
HH007044,0,0,0,0.00,1021792.46,1273609.38,0
HH007045,0,0,0,0.00,8657622.24,11942064.31,0
HH007046,0,0,0,0.00,7945091.57,15700415.72,0
HH007047,0,0,0,0.00,5405048.57,5539511.31,0
HH007048,0,0,0,0.00,10170061.29,11002015.88,0
HH007049,1,0,1,2007357.13,2021507.73,14150.60,2
HH007050,0,0,0,0.00,16124418.21,14308435.96,0
HH007051,0,1,1,1384274.37,3621402.35,2275441.87,0
HH007052,0,1,1,3701794.59,9629649.89,5789988.98,0
HH007053,0,0,0,0.00,4818158.29,5543826.25,0
HH007054,1,0,1,1673176.08,1685504.79,12328.71,5
HH007055,1,0,1,1274271.98,1301718.51,27446.53,4
HH007056,0,0,0,0.00,17296853.21,18348756.09,0
HH007057,0,0,0,0.00,2019964.29,2530858.99,0
HH007058,0,0,0,0.00,10115093.90,11190284.66,0
HH007059,0,0,0,0.00,2819491.10,3167995.29,0
HH007060,0,0,0,0.00,1983198.29,2218690.91,0
HH007061,0,0,0,0.00,1990575.29,2307416.70,0
HH007062,0,0,0,0.00,11735163.66,11876535.36,0
HH007063,0,0,0,0.00,1165637.35,1352431.19,0
HH007064,0,0,0,0.00,3636984.67,3720581.25,0
HH007065,0,1,1,4491793.10,12999176.50,8296435.46,0
HH007066,0,0,0,0.00,3878818.56,4788523.24,0
HH007067,0,0,0,0.00,3396856.42,3907640.47,0
HH007068,0,0,0,0.00,4683093.74,3570430.38,0
HH007069,0,0,0,0.00,1537649.83,1700082.07,0
HH007070,0,0,0,0.00,2906526.82,2567285.16,0
HH007071,0,0,0,0.00,9583483.56,9795301.76,0
HH007072,0,0,0,0.00,1530976.16,1530730.01,0
HH007073,0,0,0,0.00,2017309.60,2167769.32,0
HH007074,0,1,1,1764778.28,2643072.44,990893.08,0
HH007075,1,0,1,4352865.83,4419203.26,66337.43,1
HH007076,0,0,0,0.00,4863039.29,3713410.52,0
HH007077,0,0,0,0.00,13892148.40,14816587.63,0
HH007078,0,0,0,0.00,6532676.63,6001828.46,0
HH007079,0,0,0,0.00,26453049.17,27050938.37,0
HH007080,0,0,0,0.00,1268564.00,1618878.55,0
HH007081,0,0,0,0.00,7637321.96,8259625.46,0
HH007082,0,0,0,0.00,6649650.77,6117858.82,0
HH007083,0,0,0,0.00,15617207.86,17512370.88,0
HH007084,0,0,0,0.00,5944036.58,6966980.20,0
HH007085,0,0,0,0.00,8148998.25,7754009.09,0
HH007086,0,0,0,0.00,3832195.25,4078092.00,0
HH007087,0,0,0,0.00,23291094.81,24932501.10,0
HH007088,0,0,0,0.00,1088748.65,1167824.46,0
HH007089,0,0,0,0.00,1601328.00,1773560.55,0
HH007090,0,0,0,0.00,3582766.11,3692380.97,0
HH007091,0,0,0,0.00,7564559.49,7138660.47,0
HH007092,0,0,0,0.00,28400376.12,24467482.14,0
HH007093,1,0,1,20644032.95,21049404.50,405371.55,3
HH007094,0,0,0,0.00,1991147.81,1917732.62,0
HH007095,0,0,0,0.00,29217254.06,31083994.91,0
HH007096,0,0,0,0.00,3529842.94,4352717.89,0
HH007097,0,0,0,0.00,7633599.94,8751954.73,0
HH007098,0,0,0,0.00,3140001.88,3338264.88,0
HH007099,0,0,0,0.00,1718863.46,1804111.15,0
HH007100,0,0,0,0.00,10196893.58,9435410.49,0
HH007101,0,0,0,0.00,3871015.72,3542298.46,0
HH007102,0,0,0,0.00,11654342.13,12612104.02,0
HH007103,0,0,0,0.00,69800387.44,77612761.28,0
HH007104,0,0,0,0.00,4086451.41,4084862.42,0
HH007105,0,0,0,0.00,1387878.42,1656901.56,0
HH007106,0,1,1,593099.29,2594730.58,2018217.08,0
HH007107,0,1,1,505025.15,1177796.89,776310.51,0
HH007108,0,0,0,0.00,5256096.35,5730443.02,0
HH007109,0,1,1,25633962.82,50594586.76,25556900.61,0
HH007110,0,0,0,0.00,8029004.97,854830.31,0
HH007111,0,0,0,0.00,74729024.43,85498157.88,0
HH007112,0,0,0,0.00,10091848.09,9876161.04,0
HH007113,0,0,0,0.00,5469905.53,6106047.11,0
HH007114,0,0,0,0.00,5949129.53,6498003.48,0
HH007115,1,0,1,2624519.76,2675593.09,51073.33,6
HH007116,0,0,0,0.00,6674289.50,6991318.57,0
HH007117,1,0,1,4319445.73,4385407.75,65962.02,6
HH007118,0,0,0,0.00,18877208.05,21097129.70,0
HH007119,0,0,0,0.00,3654572.92,3778775.10,0
HH007120,0,0,0,0.00,4804099.75,4578297.42,0
HH007121,0,0,0,0.00,4949499.98,5252100.31,0
HH007122,0,0,0,0.00,7805646.10,8698524.10,0
HH007123,1,0,1,16757519.68,17075796.39,318276.71,1
HH007124,0,0,0,0.00,3700410.86,4352903.95,0
HH007125,0,0,0,0.00,1465336.63,1380798.55,0
HH007126,0,0,0,0.00,5637569.37,5499602.49,0
HH007127,0,0,0,0.00,8890730.47,9955161.47,0
HH007128,0,1,1,14839444.78,27512025.17,14994059.17,0
HH007129,0,0,0,0.00,12219606.46,12563805.20,0
HH007130,1,0,1,3411110.81,3511477.39,100366.58,3
HH007131,0,0,0,0.00,6693026.25,7493008.01,0
HH007132,0,0,0,0.00,1268532.52,1182117.14,0
HH007133,0,1,1,5126547.98,8706006.77,4028539.21,0
HH007134,1,0,1,32113929.72,32928172.50,814242.78,4
HH007135,0,0,0,0.00,2548964.13,2869901.52,0
HH007136,0,0,0,0.00,3529818.88,3720784.60,0
HH007137,0,1,1,1615834.15,3752388.29,2167422.95,0
HH007138,0,0,0,0.00,3068593.55,3415235.84,0
HH007139,0,0,0,0.00,3291443.68,3560094.39,0
HH007140,0,1,1,8877166.06,15376630.73,6557021.68,0
HH007141,0,0,0,0.00,10326066.79,11408115.59,0
HH007142,0,1,1,19402638.69,59264138.06,44401202.62,0
HH007143,0,0,0,0.00,2071911.46,2168737.98,0
HH007144,0,0,0,0.00,31520437.49,26279135.65,0
HH007145,0,0,0,0.00,6399603.08,6949595.35,0
HH007146,0,0,0,0.00,1858846.13,1819876.83,0
HH007147,0,0,0,0.00,1595028.11,2008835.78,0
HH007148,0,0,0,0.00,1367806.02,1580865.66,0
HH007149,0,0,0,0.00,4186128.29,4292670.90,0
HH007150,0,0,0,0.00,4659172.56,4194312.73,0
HH007151,0,1,1,798623.60,2604845.19,1673439.27,0
HH007152,0,0,0,0.00,9203279.85,9981324.42,0
HH007153,0,0,0,0.00,7728693.11,8117597.75,0
HH007154,0,1,1,710805.69,1574444.98,948200.13,0
HH007155,0,0,0,0.00,6958747.86,7499803.07,0
HH007156,0,0,0,0.00,31289385.62,32883259.87,0
HH007157,0,0,0,0.00,25851905.28,31510152.49,0
HH007158,0,0,0,0.00,1856500.88,1729794.79,0
HH007159,0,0,0,0.00,31878166.34,38873883.81,0
HH007160,0,0,0,0.00,12972191.72,12367552.22,0
HH007161,0,0,0,0.00,14224097.57,14593984.82,0
HH007162,0,0,0,0.00,8649287.80,9196511.86,0
HH007163,0,0,0,0.00,1391103.69,1460458.20,0
HH007164,0,1,1,1613513.72,4323488.88,2689909.47,0
HH007165,0,0,0,0.00,12831908.60,14508749.92,0
HH007166,0,0,0,0.00,3888146.48,4270117.54,0
HH007167,0,0,0,0.00,1917298.05,2265150.88,0
HH007168,0,0,0,0.00,4535455.31,4587412.60,0
HH007169,0,0,0,0.00,11155178.87,12116320.39,0
HH007170,0,0,0,0.00,1846146.01,1853625.46,0
HH007171,0,0,0,0.00,30320929.43,33684248.00,0
HH007172,0,0,0,0.00,3928219.65,3914800.43,0
HH007173,0,0,0,0.00,1143421.11,1105520.06,0
HH007174,0,0,0,0.00,22448457.38,21513343.39,0
HH007175,0,0,0,0.00,2429949.24,2724340.10,0
HH007176,0,0,0,0.00,1328785.48,1387106.10,0
HH007177,0,1,1,4815344.87,11676584.13,7147722.41,0
HH007178,0,0,0,0.00,1436674.18,3595203.54,0
HH007179,0,0,0,0.00,3639177.64,3296567.33,0
HH007180,0,0,0,0.00,315694788.89,397888276.80,0
HH007181,0,0,0,0.00,2223549.09,3125774.62,0
HH007182,0,0,0,0.00,2490580.98,2620333.83,0
HH007183,0,0,0,0.00,2271356.81,2803593.38,0
HH007184,0,0,0,0.00,6454093.02,7357897.47,0
HH007185,0,0,0,0.00,6881193.29,7231435.79,0
HH007186,0,0,0,0.00,14922815.95,17188793.74,0
HH007187,0,0,0,0.00,17966031.77,19596895.62,0
HH007188,0,0,0,0.00,4580919.34,5092402.96,0
HH007189,1,0,1,2496833.19,2499086.34,2253.15,6
HH007190,0,0,0,0.00,2488594.48,2504649.80,0
HH007191,0,0,0,0.00,3706835.15,4015587.28,0
HH007192,0,0,0,0.00,11954761.07,13004514.28,0
HH007193,1,0,1,4303450.60,4314911.25,11460.65,3
HH007194,0,0,0,0.00,3814999.81,3753900.95,0
HH007195,,,,,1469066.33,1478028.90,0
HH007196,0,0,0,0.00,21416460.81,25972743.23,0
HH007197,0,0,0,0.00,8087910.63,9568650.57,0
HH007198,0,0,0,0.00,1389656.46,1188878.98,0
HH007199,0,0,0,0.00,1178259.91,1206924.57,0
HH007200,1,0,1,5085074.70,5105206.01,20131.31,3
HH007201,0,0,0,0.00,1240205.80,1285688.36,0
HH007202,0,0,0,0.00,37017010.48,37681882.09,0
HH007203,0,0,0,0.00,11816671.39,11181375.31,0
HH007204,0,0,0,0.00,4326677.57,5176528.26,0
HH007205,0,0,0,0.00,56670154.67,57723457.88,0
HH007206,0,0,0,0.00,10420678.58,10257950.27,0
HH007207,0,0,0,0.00,10656400.91,12080385.88,0
HH007208,0,0,0,0.00,5174068.58,5615301.20,0
HH007209,0,0,0,0.00,3687277.49,4475347.96,0
HH007210,0,0,0,0.00,2407444.74,1129528.91,0
HH007211,0,0,0,0.00,3168813.59,3322480.64,0
HH007212,0,0,0,0.00,2258631.56,2327528.96,0
HH007213,0,0,0,0.00,7013921.13,7143709.82,0
HH007214,0,1,1,5730858.90,17452752.03,11015912.47,0
HH007215,1,0,1,1418912.54,1433146.49,14233.95,4
HH007216,0,0,0,0.00,3087027.62,3662596.82,0
HH007217,0,0,0,0.00,6567577.26,7129581.74,0
HH007218,0,0,0,0.00,3636326.94,4101929.48,0
HH007219,0,0,0,0.00,1281360.32,1619100.86,0
HH007220,0,0,0,0.00,3417474.79,3772262.43,0
HH007221,0,1,1,4124052.54,8072755.02,4855635.65,0
HH007222,0,0,0,0.00,6706560.35,6478470.64,0
HH007223,0,0,0,0.00,181361287.90,186690297.91,0
HH007224,0,0,0,0.00,10669920.66,11298355.04,0
HH007225,0,0,0,0.00,9538522.35,11175318.90,0
HH007226,0,1,1,2968096.81,10625624.62,9517218.59,0
HH007227,0,0,0,0.00,10321356.02,11327511.58,0
HH007228,1,0,1,4415829.45,4422946.40,7116.95,6
HH007229,0,1,1,1956538.97,5616122.29,4233897.30,0
HH007230,0,1,1,1400022.86,5924313.02,4815204.87,0
HH007231,1,0,1,54591010.29,55112670.79,521660.50,4
HH007232,0,0,0,0.00,2781648.52,3170454.79,0
HH007233,0,1,1,3713473.25,17748051.89,15548762.95,0
HH007234,0,0,0,0.00,14772592.46,15497302.16,0
HH007235,0,0,0,0.00,13238278.30,13684416.56,0
HH007236,0,0,0,0.00,14050343.65,18212026.27,0
HH007237,0,0,0,0.00,2516382.41,2740886.90,0
HH007238,0,0,0,0.00,7092311.11,5239418.86,0
HH007239,0,0,0,0.00,10292128.42,10404622.41,0
HH007240,1,0,1,1662487.49,1669193.12,6705.63,2
HH007241,0,0,0,0.00,10097076.10,11425885.38,0
HH007242,0,0,0,0.00,5753993.51,5999333.00,0
HH007243,0,0,0,0.00,14733900.55,16061374.15,0
HH007244,0,0,0,0.00,3913218.84,4036655.72,0
HH007245,0,0,0,0.00,6209688.48,6555800.70,0
HH007246,0,0,0,0.00,10548391.27,10984405.51,0
HH007247,0,0,0,0.00,1868234.27,2021151.80,0
HH007248,0,0,0,0.00,12446112.18,13573399.92,0
HH007249,0,0,0,0.00,1708248.13,1871075.47,0
HH007250,0,0,0,0.00,4993728.67,3509974.02,0
HH007251,0,0,0,0.00,4727066.34,5212042.42,0
HH007252,0,0,0,0.00,77530389.11,82596192.57,0
HH007253,1,0,1,3038921.72,3051138.58,12216.86,6
HH007254,0,0,0,0.00,3204518.21,3070556.95,0
HH007255,0,0,0,0.00,1470491.96,1339640.64,0
HH007256,0,0,0,0.00,2078552.11,2223643.58,0
HH007257,0,1,1,2244673.99,5181911.53,3313882.23,0
HH007258,0,0,0,0.00,16755323.32,16498281.44,0
HH007259,0,1,1,4011991.13,11946555.21,8206766.60,0
HH007260,0,0,0,0.00,9588154.41,10192249.11,0
HH007261,0,0,0,0.00,9464808.13,9786835.48,0
HH007262,0,0,0,0.00,8413707.61,8077044.55,0
HH007263,0,0,0,0.00,3500142.25,3573377.03,0
HH007264,0,0,0,0.00,2123032.24,2509673.94,0
HH007265,0,0,0,0.00,2998611.63,3479584.44,0
HH007266,0,0,0,0.00,1382995.94,1584088.06,0
HH007267,0,0,0,0.00,3846793.01,4243744.30,0
HH007268,0,0,0,0.00,3156206.22,3113743.96,0
HH007269,0,0,0,0.00,1244422.92,1512613.89,0
HH007270,1,0,1,4836636.20,4866823.21,30187.01,3
HH007271,0,0,0,0.00,15058029.79,19644855.31,0
HH007272,0,0,0,0.00,1352723.49,1295334.59,0
HH007273,0,0,0,0.00,1513382.46,1505351.60,0
HH007274,0,0,0,0.00,7825930.99,7261139.12,0
HH007275,0,0,0,0.00,2318400.21,3225877.93,0
HH007276,0,0,0,0.00,1589929.03,1995762.58,0
HH007277,0,0,0,0.00,4535641.97,4516709.76,0
HH007278,0,0,0,0.00,4346693.23,5722749.75,0
HH007279,0,0,0,0.00,15169323.23,18101358.20,0
HH007280,0,1,1,3635813.65,8057220.49,4809219.66,0
HH007281,0,0,0,0.00,4788665.08,4807937.60,0
HH007282,0,0,0,0.00,3920701.40,4158994.77,0
HH007283,0,0,0,0.00,2829529.49,2887524.22,0
HH007284,0,0,0,0.00,17056734.44,18545355.45,0
HH007285,0,0,0,0.00,5821581.93,6790806.20,0
HH007286,0,0,0,0.00,3619073.64,3898333.24,0
HH007287,0,0,0,0.00,3953531.30,4277355.59,0
HH007288,0,0,0,0.00,1155397.10,1313771.14,0
HH007289,0,0,0,0.00,14265235.10,15296890.00,0
HH007290,0,0,0,0.00,4771561.61,4919113.13,0
HH007291,0,0,0,0.00,9973572.60,11009479.74,0
HH007292,0,0,0,0.00,2738191.94,2908107.87,0
HH007293,0,1,1,1735796.70,4935294.94,3448842.09,0
HH007294,0,1,1,379091.72,1788586.36,1488407.13,0
HH007295,,,,,9445666.78,10438329.71,0
HH007296,0,0,0,0.00,7460075.26,12330100.52,0
HH007297,0,0,0,0.00,2487058.56,3020931.34,0
HH007298,0,0,0,0.00,4513047.77,4895771.90,0
HH007299,0,0,0,0.00,8732566.49,9410032.23,0
HH007300,0,0,0,0.00,1298959.10,1157184.36,0
HH007301,0,0,0,0.00,18799260.43,21242504.45,0
HH007302,0,0,0,0.00,14160128.28,16304480.45,0
HH007303,1,0,1,4187844.09,4229775.38,41931.29,4
HH007304,0,1,1,2738125.47,8933444.11,7300923.22,0
HH007305,0,0,0,0.00,4601400.59,4514317.51,0
HH007306,0,0,0,0.00,3463127.74,3391781.07,0
HH007307,0,0,0,0.00,15359179.65,18756682.90,0
HH007308,0,0,0,0.00,23690706.99,19116699.70,0
HH007309,0,0,0,0.00,14083672.60,16203279.44,0
HH007310,0,0,0,0.00,1771919.73,2259844.42,0
HH007311,0,0,0,0.00,5127484.65,6438908.67,0
HH007312,0,0,0,0.00,3450603.94,3856822.58,0
HH007313,0,1,1,2956329.89,12824115.69,11347990.73,0
HH007314,0,0,0,0.00,7976991.06,10225190.94,0
HH007315,0,0,0,0.00,1535688.55,1726551.16,0
HH007316,0,0,0,0.00,9781810.29,9649112.48,0
HH007317,0,0,0,0.00,21255486.03,21610971.27,0
HH007318,0,0,0,0.00,2592566.25,2765216.73,0
HH007319,0,0,0,0.00,2104983.50,2072812.30,0
HH007320,0,0,0,0.00,1580668.75,1881628.77,0
HH007321,0,0,0,0.00,30257616.72,33493593.87,0
HH007322,0,0,0,0.00,8453867.77,10485652.35,0
HH007323,0,0,0,0.00,3851309.72,4319419.72,0
HH007324,0,1,1,15319301.44,27106606.57,13791991.73,0
HH007325,0,0,0,0.00,3478610.50,3351729.19,0
HH007326,0,0,0,0.00,4469514.59,5221775.32,0
HH007327,0,0,0,0.00,1394827.89,1603745.82,0
HH007328,0,0,0,0.00,3756666.78,4185112.43,0
HH007329,0,0,0,0.00,12171518.36,16755613.00,0
HH007330,0,0,0,0.00,1864172.56,1611414.30,0
HH007331,0,0,0,0.00,1985772.45,2357729.16,0
HH007332,0,0,0,0.00,7002960.10,8406053.85,0
HH007333,1,0,1,2695688.37,2755593.24,59904.87,5
HH007334,0,0,0,0.00,27724961.53,28762007.12,0
HH007335,1,0,1,14771707.23,14977841.71,206134.48,6
HH007336,0,0,0,0.00,4014460.00,4395257.54,0
HH007337,0,1,1,2035730.10,9459877.18,7926776.99,0
HH007338,0,0,0,0.00,2851350.53,3332666.38,0
HH007339,0,0,0,0.00,27892109.95,25812141.45,0
HH007340,,,,,2856764.09,2462440.86,0
HH007341,0,0,0,0.00,2948896.92,3841595.54,0
HH007342,0,0,0,0.00,2202078.30,2163434.29,0
HH007343,0,1,1,5305746.62,11990531.41,7060020.25,0
HH007344,0,0,0,0.00,1605262.98,1664284.86,0
HH007345,0,0,0,0.00,2938692.56,3302503.65,0
HH007346,0,0,0,0.00,8002044.59,10584645.02,0
HH007347,0,0,0,0.00,29775443.42,33783134.52,0
HH007348,0,0,0,0.00,3989567.24,3109489.91,0
HH007349,0,0,0,0.00,16453426.04,16430641.75,0
HH007350,0,0,0,0.00,88649969.72,98660790.20,0
HH007351,1,0,1,3593919.10,3688962.81,95043.71,4
HH007352,0,0,0,0.00,1750130.72,2028528.79,0
HH007353,0,0,0,0.00,13891576.92,15019314.64,0
HH007354,1,0,1,8163659.91,8370116.37,206456.46,2
HH007355,0,0,0,0.00,42257550.22,48944450.75,0
HH007356,0,1,1,2834258.14,4985574.21,2508039.78,0
HH007357,0,0,0,0.00,2755494.98,2816990.97,0
HH007358,0,1,1,3391915.65,5722919.95,2484722.10,0
HH007359,0,0,0,0.00,29564949.30,34605713.14,0
HH007360,0,0,0,0.00,7602672.83,7466044.48,0
HH007361,0,0,0,0.00,27085278.58,28952214.96,0
HH007362,0,1,1,7166633.30,21157577.83,12904247.39,0
HH007363,0,0,0,0.00,6192229.97,6186753.93,0
HH007364,0,0,0,0.00,3749609.81,4409497.17,0
HH007365,0,0,0,0.00,5774686.63,5822409.35,0
HH007366,0,0,0,0.00,51469127.66,56758753.67,0
HH007367,0,0,0,0.00,1628376.11,1891271.85,0
HH007368,0,0,0,0.00,21351751.76,20205955.65,0
HH007369,0,1,1,327886.55,1589318.63,1521222.64,0
HH007370,0,0,0,0.00,12389169.18,12774217.56,0
HH007371,0,0,0,0.00,16942674.78,17369478.89,0
HH007372,0,0,0,0.00,3374657.83,3499444.98,0
HH007373,,,,,1100400.28,1101616.32,0
HH007374,0,0,0,0.00,383937638.26,398631067.13,0
HH007375,0,0,0,0.00,37043089.75,36479901.12,0
HH007376,0,0,0,0.00,1011782.24,1158105.02,0
HH007377,0,0,0,0.00,2620416.95,2690689.20,0
HH007378,0,0,0,0.00,1676014.23,1829162.80,0
HH007379,0,0,0,0.00,1390028.96,1233963.71,0
HH007380,0,0,0,0.00,8954753.15,9088721.10,0
HH007381,0,1,1,12625084.90,20551462.86,8759359.16,0
HH007382,0,0,0,0.00,9156456.72,9374516.42,0
HH007383,0,0,0,0.00,8192943.04,10856871.72,0
HH007384,0,0,0,0.00,120836777.69,110908696.73,0
HH007385,0,0,0,0.00,5600044.54,8506500.88,0
HH007386,0,0,0,0.00,7118350.13,8457233.26,0
HH007387,0,0,0,0.00,5694718.50,5322349.07,0
HH007388,0,0,0,0.00,6286558.18,8395049.26,0
HH007389,0,0,0,0.00,2292849.42,2421953.20,0
HH007390,0,0,0,0.00,72807907.14,74303211.58,0
HH007391,0,0,0,0.00,3269315.97,3344366.64,0
HH007392,0,0,0,0.00,9677052.34,10592860.14,0
HH007393,0,0,0,0.00,2252146.88,2387694.94,0
HH007394,0,0,0,0.00,1020133.94,1293635.27,0
HH007395,0,1,1,1637714.65,5754336.01,4354768.67,0
HH007396,0,0,0,0.00,16620486.04,19428506.17,0
HH007397,1,0,1,1908902.98,1932573.55,23670.57,5
HH007398,0,0,0,0.00,2539237.77,2794622.71,0
HH007399,0,0,0,0.00,9947467.00,7943385.50,0
HH007400,0,1,1,718353.01,1487900.02,959353.21,0
HH007401,0,0,0,0.00,10676081.57,11103580.88,0
HH007402,0,0,0,0.00,2187907.97,2144215.36,0
HH007403,0,0,0,0.00,3429834.94,3498080.52,0
HH007404,0,1,1,458087.32,1911020.17,1775128.62,0
HH007405,0,1,1,3169189.43,6811058.11,4392141.01,0
HH007406,0,0,0,0.00,2251964.81,2746817.27,0
HH007407,0,1,1,1760707.93,3482164.64,1787478.74,0
HH007408,0,0,0,0.00,2807240.78,3043098.56,0
HH007409,0,0,0,0.00,2323201.90,2746052.50,0
HH007410,0,0,0,0.00,5816687.41,5756180.80,0
HH007411,1,0,1,2129293.33,2181021.70,51728.37,4
HH007412,0,0,0,0.00,7376567.09,7693778.09,0
HH007413,0,0,0,0.00,1167967.57,1103152.98,0
HH007414,0,0,0,0.00,5722320.51,6271161.58,0
HH007415,0,0,0,0.00,11726435.26,12530905.66,0
HH007416,0,0,0,0.00,4601321.09,4978132.57,0
HH007417,0,0,0,0.00,7752922.36,8288427.30,0
HH007418,0,0,0,0.00,9101304.29,10078151.69,0
HH007419,0,0,0,0.00,1061779.05,1020767.34,0
HH007420,0,0,0,0.00,12481162.50,13649723.80,0
HH007421,0,0,0,0.00,6533645.04,8443282.59,0
HH007422,0,0,0,0.00,108390154.79,119213649.65,0
HH007423,0,0,0,0.00,3669913.45,3921919.90,0
HH007424,0,0,0,0.00,15832511.67,23339076.88,0
HH007425,0,0,0,0.00,3672998.46,4195145.49,0
HH007426,0,0,0,0.00,6764214.35,7772602.39,0
HH007427,0,0,0,0.00,4583395.94,4654275.51,0
HH007428,0,0,0,0.00,4927799.69,5273803.48,0
HH007429,0,0,0,0.00,2856919.38,3242891.79,0
HH007430,1,0,1,2790769.77,2832029.47,41259.70,3
HH007431,0,0,0,0.00,3903482.55,4257668.20,0
HH007432,0,1,1,3431172.19,11133657.07,8942844.78,0
HH007433,,,,,2904773.90,3216946.82,0
HH007434,0,0,0,0.00,9673785.25,9063656.73,0
HH007435,0,0,0,0.00,44193608.40,48722932.18,0
HH007436,0,0,0,0.00,11056843.92,10490661.28,0
HH007437,0,0,0,0.00,2873583.23,2890666.72,0
HH007438,0,1,1,1204487.66,3810131.87,2804811.75,0
HH007439,0,0,0,0.00,2494559.90,2278491.32,0
HH007440,0,0,0,0.00,2784691.40,3331499.11,0
HH007441,0,1,1,934471.64,3091839.86,2342927.86,0
HH007442,0,0,0,0.00,2772523.99,2704715.52,0
HH007443,0,0,0,0.00,6624251.76,10698490.45,0
HH007444,0,0,0,0.00,9419215.10,10500508.49,0
HH007445,0,0,0,0.00,3053358.66,2543070.81,0
HH007446,0,0,0,0.00,2398973.18,2735246.43,0
HH007447,0,0,0,0.00,1001968.26,929539.77,0
HH007448,0,0,0,0.00,27583195.02,32266572.36,0
HH007449,0,0,0,0.00,8327595.23,9841143.91,0
HH007450,0,0,0,0.00,15838201.72,24743572.83,0
HH007451,0,0,0,0.00,1124211.42,1266250.08,0
HH007452,0,0,0,0.00,3145307.25,1978581.28,0
HH007453,0,0,0,0.00,4125664.95,3697363.67,0
HH007454,0,0,0,0.00,3786661.46,4384645.27,0
HH007455,0,0,0,0.00,7235594.60,8188519.89,0
HH007456,0,0,0,0.00,1157349.59,1213145.49,0
HH007457,0,0,0,0.00,11979224.78,12563052.27,0
HH007458,0,0,0,0.00,4704382.91,4823631.72,0
HH007459,0,1,1,860916.23,1621782.24,877602.96,0
HH007460,0,0,0,0.00,2101405.65,2067084.81,0
HH007461,0,0,0,0.00,5305861.99,6872531.79,0
HH007462,0,1,1,4380682.96,7382731.06,3700242.61,0
HH007463,0,0,0,0.00,2430593.52,2221674.73,0
HH007464,0,0,0,0.00,5353531.18,6575692.08,0
HH007465,0,0,0,0.00,10759009.00,10194829.54,0
HH007466,0,0,0,0.00,3953860.23,4007651.14,0
HH007467,1,0,1,1143573.66,1169127.84,25554.18,2
HH007468,0,0,0,0.00,1916124.08,2149031.37,0
HH007469,0,0,0,0.00,10854876.40,11645451.28,0
HH007470,0,0,0,0.00,7894325.42,8710945.97,0
HH007471,0,0,0,0.00,4491515.26,5304640.89,0
HH007472,0,1,1,524222.50,1407232.87,963949.04,0
HH007473,0,1,1,417215.72,1079903.78,769121.67,0
HH007474,0,0,0,0.00,6022296.19,7194101.58,0
HH007475,0,0,0,0.00,7001801.08,7802646.74,0
HH007476,0,0,0,0.00,2245129.02,2307921.33,0
HH007477,0,0,0,0.00,4846048.89,5029869.82,0
HH007478,0,0,0,0.00,6077377.05,6917915.31,0
HH007479,0,0,0,0.00,5439416.92,8029326.70,0
HH007480,0,0,0,0.00,2523402.71,2984642.44,0
HH007481,0,0,0,0.00,2336031.52,2598408.28,0
HH007482,0,0,0,0.00,6749751.12,6554571.88,0
HH007483,0,0,0,0.00,3491682.95,4008212.23,0
HH007484,0,0,0,0.00,8388356.18,9025695.78,0
HH007485,0,0,0,0.00,28820985.50,30892150.72,0
HH007486,0,0,0,0.00,1506837.38,1495803.43,0
HH007487,0,0,0,0.00,16642051.49,17597806.10,0
HH007488,0,0,0,0.00,3202857.98,2948796.15,0
HH007489,0,0,0,0.00,11750476.69,10940264.84,0
HH007490,0,0,0,0.00,34965181.75,38363836.24,0
HH007491,0,0,0,0.00,2294739.05,2371574.91,0
HH007492,0,0,0,0.00,2772788.12,3170115.65,0
HH007493,0,0,0,0.00,2339279.07,2151756.54,0
HH007494,0,0,0,0.00,4905236.55,5425172.41,0
HH007495,0,0,0,0.00,9932985.79,10236357.60,0
HH007496,0,0,0,0.00,7520063.56,8155653.69,0
HH007497,0,0,0,0.00,5221377.60,4836242.23,0
HH007498,0,0,0,0.00,12100002.52,12241710.21,0
HH007499,0,0,0,0.00,18129360.49,17422405.12,0
HH007500,0,0,0,0.00,3175966.14,1976632.97,0
HH007501,0,0,0,0.00,7384737.66,8021366.90,0
HH007502,0,1,1,1833580.83,6138722.28,3187228.86,0
HH007503,0,1,1,1197354.66,2286325.54,1171904.41,0
HH007504,0,0,0,0.00,4412904.60,5163063.97,0
HH007505,1,0,1,7785855.60,7845654.05,59798.45,6
HH007506,0,0,0,0.00,2032762.05,2003897.86,0
HH007507,0,0,0,0.00,1751966.44,2235126.19,0
HH007508,0,0,0,0.00,6038265.77,6472533.03,0
HH007509,0,0,0,0.00,2440289.93,2563994.40,0
HH007510,0,0,0,0.00,14869990.51,15438016.60,0
HH007511,0,0,0,0.00,1736496.32,1944991.10,0
HH007512,0,0,0,0.00,5447582.41,6183847.77,0
HH007513,0,1,1,3880619.19,6592097.11,2872291.55,0
HH007514,0,0,0,0.00,3014596.03,5690993.72,0
HH007515,0,1,1,1555185.85,5604400.49,4341335.25,0
HH007516,0,0,0,0.00,8593223.49,9291952.52,0
HH007517,0,0,0,0.00,6566097.27,6866735.59,0
HH007518,0,0,0,0.00,1819983.21,1447694.49,0
HH007519,0,0,0,0.00,5980459.29,6084905.34,0
HH007520,0,0,0,0.00,12555920.07,15112258.33,0
HH007521,0,0,0,0.00,3320882.89,3335442.05,0
HH007522,0,0,0,0.00,2888015.09,3510920.47,0
HH007523,0,0,0,0.00,6118303.14,7111174.34,0
HH007524,0,0,0,0.00,5871191.11,7075108.71,0
HH007525,0,0,0,0.00,5012904.54,5192712.01,0
HH007526,1,0,1,1692807.48,1733604.19,40796.71,4
HH007527,0,0,0,0.00,9671332.66,9125267.40,0
HH007528,0,0,0,0.00,1652083.85,1411516.05,0
HH007529,1,0,1,1662411.70,1681153.50,18741.80,3
HH007530,0,0,0,0.00,15564486.24,20131914.87,0
HH007531,0,0,0,0.00,1170572.06,1256027.45,0
HH007532,0,0,0,0.00,3882338.22,3213740.68,0
HH007533,0,0,0,0.00,1671726.30,1210853.87,0
HH007534,0,0,0,0.00,12128428.88,13444602.78,0
HH007535,0,0,0,0.00,2296291.13,1367552.01,0
HH007536,0,0,0,0.00,2607518.01,3202545.53,0
HH007537,0,0,0,0.00,12082955.64,12262376.57,0
HH007538,0,0,0,0.00,8383226.32,7815511.50,0
HH007539,0,0,0,0.00,15352254.58,18728665.86,0
HH007540,1,0,1,10038715.07,10111585.70,72870.63,2
HH007541,0,0,0,0.00,2515515.14,2639311.26,0
HH007542,0,0,0,0.00,9232101.16,9511293.46,0
HH007543,0,0,0,0.00,4373096.61,3997169.84,0
HH007544,0,0,0,0.00,1304150.54,1270586.02,0
HH007545,0,0,0,0.00,8448466.03,9698476.06,0
HH007546,0,0,0,0.00,11529686.36,12151377.49,0
HH007547,0,1,1,65352000.43,194225278.98,170632173.96,0
HH007548,0,0,0,0.00,11893502.13,13165557.95,0
HH007549,0,0,0,0.00,9007081.23,9612204.57,0
HH007550,0,0,0,0.00,5958535.38,6092672.44,0
HH007551,0,0,0,0.00,3822756.40,4050170.01,0
HH007552,0,0,0,0.00,72527227.85,80739073.69,0
HH007553,0,0,0,0.00,8582460.71,9429043.41,0
HH007554,0,1,1,511326.53,1993847.25,1670101.98,0
HH007555,0,0,0,0.00,6176496.94,8884932.94,0
HH007556,0,0,0,0.00,1460197.15,1510252.92,0
HH007557,0,0,0,0.00,1403767.74,1468754.55,0
HH007558,0,0,0,0.00,1123239.39,867327.36,0
HH007559,0,0,0,0.00,6182756.54,7286609.26,0
HH007560,0,0,0,0.00,1701438.26,1683003.27,0
HH007561,0,0,0,0.00,34482428.31,39428009.01,0
HH007562,0,0,0,0.00,29314869.57,31767800.41,0
HH007563,0,0,0,0.00,1569287.25,1731284.85,0
HH007564,0,0,0,0.00,17985936.82,22224107.20,0
HH007565,1,0,1,31120355.46,31242048.21,121692.75,6
HH007566,0,1,1,1980863.56,7970135.99,6565605.03,0
HH007567,0,0,0,0.00,1499977.78,1644860.12,0
HH007568,0,0,0,0.00,4568947.83,5140496.07,0
HH007569,0,0,0,0.00,3422723.69,3711247.85,0
HH007570,0,0,0,0.00,9923767.55,11771833.42,0
HH007571,0,0,0,0.00,3933418.39,3364571.74,0
HH007572,0,1,1,435496.23,1512676.27,1304506.48,0
HH007573,1,0,1,5223657.22,5258434.41,34777.19,4
HH007574,0,0,0,0.00,44758149.31,52349593.56,0
HH007575,0,0,0,0.00,32308948.42,40240072.12,0
HH007576,0,0,0,0.00,46013239.94,44296062.83,0
HH007577,0,0,0,0.00,25777834.00,26712117.03,0
HH007578,0,0,0,0.00,1991352.77,2160240.95,0
HH007579,0,0,0,0.00,3385116.40,4652181.33,0
HH007580,0,0,0,0.00,12151101.23,12085415.35,0
HH007581,0,0,0,0.00,9853683.32,12358528.18,0
HH007582,0,0,0,0.00,2151075.25,2614821.35,0
HH007583,0,1,1,6459509.73,10529700.41,4362863.94,0
HH007584,0,0,0,0.00,3851080.35,3990192.05,0
HH007585,0,0,0,0.00,3218588.97,3131362.98,0
HH007586,0,0,0,0.00,3468170.65,3801970.05,0
HH007587,0,0,0,0.00,1960562.13,2065885.84,0
HH007588,0,1,1,8663132.75,30124801.08,26207250.18,0
HH007589,0,1,1,1173898.28,2899877.35,1863168.79,0
HH007590,0,1,1,1419559.47,3837111.91,2507493.09,0
HH007591,0,0,0,0.00,7164626.57,7107153.26,0
HH007592,0,0,0,0.00,4091782.62,4371249.56,0
HH007593,0,0,0,0.00,9085282.09,8985134.85,0
HH007594,0,1,1,304922.45,1083641.55,1157180.38,0
HH007595,0,0,0,0.00,4763350.36,4715075.26,0
HH007596,0,0,0,0.00,5993721.30,6391594.89,0
HH007597,0,0,0,0.00,2427220.69,2595146.71,0
HH007598,0,1,1,1881806.25,8844501.27,7638787.07,0
HH007599,0,0,0,0.00,10896575.58,12645557.30,0
HH007600,0,0,0,0.00,9575948.72,9963852.06,0
HH007601,0,0,0,0.00,2954800.18,3181589.71,0
HH007602,0,0,0,0.00,7179497.57,7158533.33,0
HH007603,0,1,1,668811.68,1177088.74,484826.46,0
HH007604,0,0,0,0.00,1499098.67,1821341.21,0
HH007605,0,0,0,0.00,20368645.72,19816936.88,0
HH007606,0,0,0,0.00,4805787.66,4919921.27,0
HH007607,0,1,1,675252.47,2033595.53,1528953.42,0
HH007608,0,0,0,0.00,20562140.88,17988727.49,0
HH007609,0,0,0,0.00,5278456.88,7428309.20,0
HH007610,0,1,1,33812276.61,64081577.66,35337162.45,0
HH007611,0,0,0,0.00,11294589.82,13186088.40,0
HH007612,0,0,0,0.00,2608735.90,2610680.47,0
HH007613,1,0,1,20823090.41,21182174.84,359084.43,5
HH007614,0,0,0,0.00,4813166.64,4809143.81,0
HH007615,0,0,0,0.00,6535565.55,6990342.19,0
HH007616,0,0,0,0.00,3376508.12,3907810.62,0
HH007617,1,0,1,95094143.94,97958941.76,2864797.82,4
HH007618,0,0,0,0.00,5941883.53,6842097.71,0
HH007619,0,0,0,0.00,9834400.77,10453368.34,0
HH007620,0,0,0,0.00,3469893.15,3675960.26,0
HH007621,0,0,0,0.00,2571708.67,1789787.22,0
HH007622,0,0,0,0.00,3170169.15,2988275.69,0
HH007623,0,0,0,0.00,1381807.25,1576014.40,0
HH007624,0,0,0,0.00,1662699.83,1794716.91,0
HH007625,0,1,1,1625690.47,5854868.45,4291782.48,0
HH007626,0,0,0,0.00,5286180.67,5853866.14,0
HH007627,1,0,1,5357842.13,5508405.22,150563.09,3
HH007628,0,1,1,19346553.34,54456729.05,40355620.84,0
HH007629,1,0,1,5346721.80,5358617.11,11895.31,2
HH007630,0,0,0,0.00,2286654.11,2416233.29,0
HH007631,0,0,0,0.00,8329840.80,10346363.22,0
HH007632,0,0,0,0.00,2281841.39,1356213.18,0
HH007633,0,0,0,0.00,3170363.14,3297586.32,0
HH007634,0,0,0,0.00,12263966.20,12190834.76,0
HH007635,0,1,1,2502936.84,11266373.92,8679300.65,0
HH007636,0,1,1,4469114.30,7725035.70,3490364.51,0
HH007637,0,0,0,0.00,38692713.14,46246139.64,0
HH007638,0,0,0,0.00,23441060.05,27196290.95,0
HH007639,0,0,0,0.00,25922640.58,27326044.16,0
HH007640,0,0,0,0.00,20560580.34,21402548.73,0
HH007641,0,0,0,0.00,7761169.17,7937435.53,0
HH007642,0,0,0,0.00,19441572.42,19061903.82,0
HH007643,0,0,0,0.00,16774800.06,18834514.21,0
HH007644,0,0,0,0.00,18757767.09,20268721.62,0
HH007645,0,0,0,0.00,19178044.04,23204951.28,0
HH007646,1,0,1,23229074.53,23804999.16,575924.63,3
HH007647,0,0,0,0.00,4585676.89,4843126.54,0
HH007648,0,0,0,0.00,2308738.88,2358550.45,0
HH007649,0,0,0,0.00,2460423.99,2658639.47,0
HH007650,0,0,0,0.00,5563605.14,4624015.81,0
HH007651,0,0,0,0.00,26709753.70,28198657.12,0
HH007652,0,0,0,0.00,7674035.65,11303003.07,0
HH007653,0,1,1,801789.58,3473291.12,4519692.01,0
HH007654,0,1,1,2692797.13,11237031.02,8803294.96,0
HH007655,0,0,0,0.00,1264721.65,1491417.84,0
HH007656,0,0,0,0.00,16966297.64,15711312.27,0
HH007657,0,1,1,772490.28,2444344.42,1298562.45,0
HH007658,0,0,0,0.00,2702535.82,2688547.96,0
HH007659,0,0,0,0.00,4882060.14,5507531.60,0
HH007660,1,0,1,4466295.76,4598400.68,132104.92,6
HH007661,0,0,0,0.00,22986057.23,24630579.84,0
HH007662,1,0,1,8221909.19,8325754.84,103845.65,5
HH007663,0,0,0,0.00,5345315.45,5113067.90,0
HH007664,0,0,0,0.00,1706614.81,1878869.81,0
HH007665,0,0,0,0.00,3174163.70,5911540.97,0
HH007666,0,0,0,0.00,1351751.78,2045076.10,0
HH007667,0,0,0,0.00,2207490.24,2798943.59,0
HH007668,0,0,0,0.00,2485416.27,2715351.46,0
HH007669,0,0,0,0.00,5836198.49,6199315.62,0
HH007670,1,0,1,7282349.46,7435200.98,152851.52,3
HH007671,0,0,0,0.00,3214233.72,3939132.42,0
HH007672,0,0,0,0.00,6263516.81,8819434.00,0
HH007673,0,0,0,0.00,8713572.67,10279049.04,0
HH007674,0,0,0,0.00,1075919.59,1226631.68,0
HH007675,1,0,1,9100479.17,9381610.90,281131.73,6
HH007676,0,1,1,1291451.73,6188225.63,5734472.73,0
HH007677,1,0,1,3164714.04,3206515.17,41801.13,3
HH007678,0,0,0,0.00,5087706.36,5552951.17,0
HH007679,0,0,0,0.00,20490886.51,22034514.70,0
HH007680,0,0,0,0.00,1212136.10,1037647.18,0
HH007681,0,0,0,0.00,3703354.98,3957956.73,0
HH007682,0,0,0,0.00,3975005.87,4811634.96,0
HH007683,0,0,0,0.00,5141347.92,5866449.30,0
HH007684,0,0,0,0.00,2051961.76,2095891.54,0
HH007685,0,0,0,0.00,3253852.86,4535489.72,0
HH007686,1,0,1,4124984.24,4156383.21,31398.97,3
HH007687,0,0,0,0.00,8458114.17,8445444.58,0
HH007688,0,0,0,0.00,1262521.06,1059192.17,0
HH007689,0,0,0,0.00,3119224.55,3741142.56,0
HH007690,0,0,0,0.00,1285431.47,1283143.38,0
HH007691,0,0,0,0.00,14985258.22,14831871.34,0
HH007692,0,0,0,0.00,12228504.12,11745896.46,0
HH007693,0,0,0,0.00,6323532.83,5899730.80,0
HH007694,0,0,0,0.00,52263476.51,62813249.56,0
HH007695,0,0,0,0.00,1900528.01,1905541.17,0
HH007696,0,0,0,0.00,1034217.58,1180540.98,0
HH007697,0,0,0,0.00,6484945.95,5694624.28,0
HH007698,0,0,0,0.00,4052602.89,5055832.91,0
HH007699,0,0,0,0.00,3559403.99,4170128.76,0
HH007700,0,1,1,714522.60,1253984.59,582294.46,0
HH007701,0,0,0,0.00,8786805.60,10253297.04,0
HH007702,0,0,0,0.00,1953334.85,1987539.85,0
HH007703,0,0,0,0.00,1329949.64,1424718.87,0
HH007704,0,0,0,0.00,1687517.25,1959859.99,0
HH007705,0,0,0,0.00,10303849.25,10659913.16,0
HH007706,0,0,0,0.00,1558697.16,1588800.28,0
HH007707,0,0,0,0.00,2092404.62,1868720.96,0
HH007708,0,0,0,0.00,3161438.39,3219902.01,0
HH007709,0,1,1,1150641.15,2922323.04,1845042.66,0
HH007710,1,0,1,1920285.16,1968744.02,48458.86,4
HH007711,0,0,0,0.00,8737851.18,9557462.79,0
HH007712,1,0,1,2035400.86,2098041.26,62640.40,4
HH007713,0,0,0,0.00,3625648.08,3882907.04,0
HH007714,0,1,1,6292996.98,14582995.39,9332941.83,0
HH007715,0,0,0,0.00,29239902.05,27692510.80,0
HH007716,0,1,1,7376712.57,15236333.02,8381207.83,0
HH007717,0,0,0,0.00,1046570.38,1149006.45,0
HH007718,0,0,0,0.00,2314979.05,2333895.86,0
HH007719,0,0,0,0.00,4517352.87,4776460.23,0
HH007720,0,0,0,0.00,20458169.81,20926522.84,0
HH007721,0,0,0,0.00,5248434.52,5630084.72,0
HH007722,0,0,0,0.00,5797039.78,5787693.00,0
HH007723,0,0,0,0.00,18721155.40,17732101.13,0
HH007724,0,1,1,2288112.32,8601256.40,5101612.14,0
HH007725,0,0,0,0.00,2587269.21,5119027.39,0
HH007726,0,1,1,2239907.60,6173041.59,4300426.13,0
HH007727,0,0,0,0.00,4608701.65,5238532.14,0
HH007728,0,0,0,0.00,1905072.78,1927222.42,0
HH007729,0,0,0,0.00,7863637.83,8794575.38,0
HH007730,0,0,0,0.00,29931526.01,34835695.29,0
HH007731,0,1,1,1372425.20,2356286.93,977553.74,0
HH007732,0,0,0,0.00,5359860.60,6118584.39,0
HH007733,0,0,0,0.00,2344892.13,2555386.01,0
HH007734,1,0,1,11896434.66,12137513.25,241078.59,6
HH007735,0,0,0,0.00,1111098.11,983919.45,0
HH007736,0,1,1,883146.87,3235650.17,2575158.78,0
HH007737,1,0,1,10776516.02,11053784.69,277268.67,4
HH007738,0,1,1,784579.45,3187315.04,2180169.70,0
HH007739,0,1,1,10088660.52,27927186.62,25752114.36,0
HH007740,0,0,0,0.00,19075031.13,16875370.88,0
HH007741,0,0,0,0.00,2288806.98,2263117.09,0
HH007742,0,0,0,0.00,4019649.72,4600964.09,0
HH007743,0,0,0,0.00,10260298.89,12737029.35,0
HH007744,0,1,1,584418.30,1524029.24,1104700.40,0
HH007745,0,0,0,0.00,3104417.32,2807726.98,0
HH007746,1,0,1,2546693.69,2579747.25,33053.56,1
HH007747,0,0,0,0.00,8951445.60,9004834.89,0
HH007748,1,0,1,6189380.85,6247160.91,57780.06,2
HH007749,0,0,0,0.00,5652431.36,5629690.76,0
HH007750,0,0,0,0.00,2451520.36,2610218.04,0
HH007751,0,0,0,0.00,23014247.71,27820407.29,0
HH007752,1,0,1,36624445.07,37146717.87,522272.80,3
HH007753,0,0,0,0.00,2558211.64,4722220.75,0
HH007754,0,0,0,0.00,1024012.07,814545.25,0
HH007755,0,1,1,16834140.93,31425746.69,16051851.73,0
HH007756,0,0,0,0.00,4637538.66,5350316.63,0
HH007757,0,0,0,0.00,1957042.29,3189535.20,0
HH007758,0,0,0,0.00,2753741.11,2898542.13,0
HH007759,0,0,0,0.00,1059373.11,1640781.98,0
HH007760,0,0,0,0.00,1891703.12,1977790.08,0
HH007761,0,1,1,3537709.41,11126633.94,8619281.96,0
HH007762,0,0,0,0.00,16636150.80,15598050.21,0
HH007763,0,0,0,0.00,5337535.92,5321334.51,0
HH007764,0,0,0,0.00,7665119.76,7864401.70,0
HH007765,0,0,0,0.00,4856152.86,4219783.38,0
HH007766,0,0,0,0.00,1543294.55,1727204.30,0
HH007767,0,0,0,0.00,13044668.76,13823012.39,0
HH007768,0,0,0,0.00,8775238.73,10159076.05,0
HH007769,0,0,0,0.00,5330567.34,5645851.96,0
HH007770,0,0,0,0.00,2730461.21,3086938.65,0
HH007771,0,0,0,0.00,16983652.37,16271878.04,0
HH007772,0,0,0,0.00,18648157.04,19861334.16,0
HH007773,0,0,0,0.00,2961311.35,2795173.56,0
HH007774,0,1,1,821008.09,2734898.02,2331437.78,0
HH007775,0,1,1,3740208.31,10268996.83,9779003.14,0
HH007776,0,0,0,0.00,25250111.20,28114091.62,0
HH007777,0,0,0,0.00,9618864.68,7798307.94,0
HH007778,0,1,1,421946.55,1909510.12,1191129.86,0
HH007779,0,1,1,14448793.30,29227735.94,15053626.34,0
HH007780,0,1,1,1007612.80,4916769.09,4431924.57,0
HH007781,0,0,0,0.00,11128065.21,12891833.51,0
HH007782,0,0,0,0.00,1656128.69,1849377.50,0
HH007783,0,0,0,0.00,17588010.96,26379535.25,0
HH007784,0,0,0,0.00,3737210.94,4225172.89,0
HH007785,0,0,0,0.00,5497526.31,5677961.49,0
HH007786,0,0,0,0.00,2380584.35,2285201.54,0
HH007787,0,0,0,0.00,4847175.10,4372549.76,0
HH007788,0,0,0,0.00,3684171.27,3564501.98,0
HH007789,1,0,1,651965776.95,660692163.94,8726386.99,4
HH007790,0,0,0,0.00,3991237.48,3571206.98,0
HH007791,0,1,1,3696675.16,8794084.44,4862937.56,0
HH007792,0,1,1,1522938.56,5019471.27,4492755.51,0
HH007793,0,1,1,664316.44,2076413.37,1386566.79,0
HH007794,0,0,0,0.00,1250714.50,1391468.89,0
HH007795,0,0,0,0.00,1394539.72,1899388.45,0
HH007796,0,0,0,0.00,2294023.69,2512173.77,0
HH007797,0,0,0,0.00,4178762.25,4704429.53,0
HH007798,0,0,0,0.00,2857855.59,3247347.59,0
HH007799,0,0,0,0.00,3782698.17,3838204.52,0
HH007800,0,0,0,0.00,4646508.78,5423974.45,0
HH007801,0,0,0,0.00,6769182.93,7307385.05,0
HH007802,0,0,0,0.00,5658975.88,5200190.72,0
HH007803,0,0,0,0.00,5311595.61,5781831.94,0
HH007804,0,0,0,0.00,1333806.81,1372972.87,0
HH007805,0,0,0,0.00,10774643.42,10907947.26,0
HH007806,0,0,0,0.00,19554465.21,19600268.71,0
HH007807,0,0,0,0.00,2556287.97,3207077.91,0
HH007808,0,0,0,0.00,32129433.44,36091261.40,0
HH007809,0,0,0,0.00,8240237.44,8248002.00,0
HH007810,0,1,1,7131546.19,16600172.28,10121277.50,0
HH007811,0,0,0,0.00,8499951.35,9695696.14,0
HH007812,0,0,0,0.00,2156454.96,2344997.53,0
HH007813,0,0,0,0.00,3251660.05,3687963.37,0
HH007814,0,0,0,0.00,1117684.56,1084122.00,0
HH007815,0,0,0,0.00,7134051.53,7641969.62,0
HH007816,0,0,0,0.00,6685034.17,8697792.08,0
HH007817,0,0,0,0.00,3996096.36,4512897.43,0
HH007818,0,0,0,0.00,188035220.01,194334372.23,0
HH007819,0,0,0,0.00,8082727.30,8953841.50,0
HH007820,0,0,0,0.00,6995497.56,7311903.04,0
HH007821,0,1,1,1115557.81,2319672.34,1311911.75,0
HH007822,0,0,0,0.00,1325631.69,1530830.57,0
HH007823,0,0,0,0.00,6997948.60,8242568.72,0
HH007824,0,0,0,0.00,2356594.03,2655410.96,0
HH007825,0,0,0,0.00,2578803.98,2557964.87,0
HH007826,0,0,0,0.00,5880508.10,5928370.40,0
HH007827,0,0,0,0.00,1367052.85,1748771.72,0
HH007828,1,0,1,6800354.82,6890667.62,90312.80,6
HH007829,0,0,0,0.00,1954169.42,2572494.14,0
HH007830,0,0,0,0.00,11454071.20,15624461.69,0
HH007831,0,0,0,0.00,9109873.49,9601508.12,0
HH007832,0,0,0,0.00,3858924.68,3998479.47,0
HH007833,0,1,1,532577.68,1944911.93,1471256.08,0
HH007834,0,0,0,0.00,2380849.59,2070326.89,0
HH007835,0,0,0,0.00,1625253.86,1817162.69,0
HH007836,0,0,0,0.00,28246377.21,30165502.92,0
HH007837,0,0,0,0.00,1459333.63,1586492.55,0
HH007838,0,0,0,0.00,16114731.10,15911438.19,0
HH007839,0,0,0,0.00,14962077.93,16159890.51,0
HH007840,1,0,1,1205365.42,1225415.52,20050.10,5
HH007841,0,0,0,0.00,14449386.43,16173303.37,0
HH007842,1,0,1,17285207.01,17445561.52,160354.51,2
HH007843,0,0,0,0.00,7707540.06,8826642.01,0
HH007844,0,0,0,0.00,13994810.67,15792246.14,0
HH007845,0,0,0,0.00,5903590.49,6426760.30,0
HH007846,0,0,0,0.00,16368303.94,18942869.97,0
HH007847,0,0,0,0.00,3089404.20,3451630.76,0
HH007848,0,0,0,0.00,6229376.30,6968097.12,0
HH007849,0,0,0,0.00,2836889.73,2650826.95,0
HH007850,0,0,0,0.00,2049835.69,2215847.67,0
HH007851,0,0,0,0.00,1757523.20,2064865.07,0
HH007852,0,1,1,2050968.95,3439314.42,1482968.73,0
HH007853,1,0,1,69484853.19,70967793.73,1482940.54,2
HH007854,0,0,0,0.00,18949261.67,16822533.79,0
HH007855,0,0,0,0.00,35503253.08,34923964.51,0
HH007856,0,0,0,0.00,2272733.56,2571363.32,0
HH007857,0,0,0,0.00,3765026.13,4584186.00,0
HH007858,0,0,0,0.00,3610700.63,3792457.61,0
HH007859,0,0,0,0.00,66574453.10,78568567.74,0
HH007860,0,0,0,0.00,6771182.92,9818678.44,0
HH007861,1,0,1,1363627.44,1389785.47,26158.03,6
HH007862,0,0,0,0.00,14390601.38,16188739.25,0
HH007863,0,1,1,827403.95,2158754.26,1349715.46,0
HH007864,0,0,0,0.00,4189644.75,4773570.58,0
HH007865,0,0,0,0.00,6612876.86,6126242.44,0
HH007866,0,0,0,0.00,1602523.81,1684654.26,0
HH007867,0,0,0,0.00,7040618.50,8189152.17,0
HH007868,0,0,0,0.00,1377337.24,1322392.15,0
HH007869,0,0,0,0.00,32820674.71,30862702.21,0
HH007870,0,0,0,0.00,9899820.43,9938066.94,0
HH007871,0,0,0,0.00,3527693.24,4078328.21,0
HH007872,0,0,0,0.00,8997230.91,11015879.83,0
HH007873,0,0,0,0.00,3796099.11,3731324.39,0
HH007874,0,0,0,0.00,8424822.01,8192419.69,0
HH007875,0,0,0,0.00,2038822.30,1953314.83,0
HH007876,0,1,1,7796629.96,18337119.71,10382483.61,0
HH007877,0,0,0,0.00,2213612.75,2503499.61,0
HH007878,0,0,0,0.00,2236667.97,2677049.11,0
HH007879,0,0,0,0.00,3041359.82,3462664.43,0
HH007880,0,0,0,0.00,2952262.85,2520497.15,0
HH007881,0,0,0,0.00,1346323.86,1509904.97,0
HH007882,0,0,0,0.00,27716141.62,29777072.54,0
HH007883,0,0,0,0.00,2998986.97,3546877.34,0
HH007884,0,0,0,0.00,147370338.86,159182590.01,0
HH007885,0,0,0,0.00,1714835.94,2725588.26,0
HH007886,0,0,0,0.00,21397539.84,23649870.91,0
HH007887,0,0,0,0.00,3617617.12,3880420.28,0
HH007888,1,0,1,10311551.81,10612078.39,300526.58,4
HH007889,0,1,1,1123509.76,5317392.32,5176928.24,0
HH007890,0,0,0,0.00,16107118.68,19155021.86,0
HH007891,0,0,0,0.00,14356586.82,19881599.56,0
HH007892,0,0,0,0.00,1424388.48,1150478.63,0
HH007893,0,0,0,0.00,3578009.49,3617367.19,0
HH007894,0,0,0,0.00,3395999.54,3858442.57,0
HH007895,0,0,0,0.00,11244134.01,11431481.96,0
HH007896,0,0,0,0.00,4866032.97,5222975.18,0
HH007897,0,0,0,0.00,5406735.81,5785555.79,0
HH007898,0,0,0,0.00,1899457.26,2236872.32,0
HH007899,0,0,0,0.00,24091234.78,28020199.91,0
HH007900,0,0,0,0.00,3519402.05,3836412.14,0
HH007901,0,0,0,0.00,21686428.31,25685099.14,0
HH007902,0,0,0,0.00,2270782.88,2397484.40,0
HH007903,0,0,0,0.00,5566932.86,7123555.78,0
HH007904,0,0,0,0.00,2821077.82,3181215.16,0
HH007905,0,0,0,0.00,4301922.95,4321506.55,0
HH007906,1,0,1,3554427.12,3554844.75,417.63,5
HH007907,0,0,0,0.00,6600048.37,7503820.02,0
HH007908,0,0,0,0.00,21049779.67,20703101.86,0
HH007909,1,0,1,3272245.58,3309212.91,36967.33,6
HH007910,0,0,0,0.00,2823474.52,3673685.27,0
HH007911,0,0,0,0.00,5844914.88,5890103.89,0
HH007912,0,0,0,0.00,2293810.92,2720802.51,0
HH007913,0,0,0,0.00,1412250.66,1349792.56,0
HH007914,0,0,0,0.00,9154680.82,15061966.14,0
HH007915,0,0,0,0.00,12413071.57,11941327.62,0
HH007916,0,0,0,0.00,1912204.31,2297755.56,0
HH007917,0,0,0,0.00,1553085.64,1601738.36,0
HH007918,0,0,0,0.00,23055170.50,22639027.62,0
HH007919,0,0,0,0.00,2220557.49,2245828.70,0
HH007920,0,0,0,0.00,3277769.60,4654626.79,0
HH007921,0,1,1,561928.88,1949034.57,1428098.81,0
HH007922,1,0,1,3982891.43,4053699.16,70807.73,6
HH007923,0,0,0,0.00,2646044.51,1685227.79,0
HH007924,0,0,0,0.00,2287823.61,2476757.03,0
HH007925,0,0,0,0.00,29598226.78,38018774.87,0
HH007926,0,0,0,0.00,3549182.03,3995320.64,0
HH007927,0,0,0,0.00,1476339.94,1547805.93,0
HH007928,0,0,0,0.00,4093322.57,4115130.00,0
HH007929,0,0,0,0.00,3239322.32,3743167.60,0
HH007930,0,0,0,0.00,5022808.00,5749964.68,0
HH007931,0,1,1,797855.75,2576515.39,1812311.70,0
HH007932,0,0,0,0.00,6947949.21,7089472.27,0
HH007933,0,1,1,1034325.12,4681053.79,3295667.98,0
HH007934,0,0,0,0.00,10969312.24,11219844.83,0
HH007935,0,0,0,0.00,5369163.62,5342158.59,0
HH007936,0,0,0,0.00,3792698.49,4073850.67,0
HH007937,0,1,1,3399078.18,12059000.83,13022512.83,0
HH007938,0,0,0,0.00,1801697.98,1894130.41,0
HH007939,0,0,0,0.00,17264128.20,18382055.73,0
HH007940,0,0,0,0.00,4054237.63,4298607.62,0
HH007941,0,0,0,0.00,1087615.19,947340.85,0
HH007942,0,0,0,0.00,1263481.03,1422586.65,0
HH007943,0,0,0,0.00,1652393.32,2086061.42,0
HH007944,0,0,0,0.00,1699031.50,2015210.14,0
HH007945,0,0,0,0.00,9018073.73,9927878.03,0
HH007946,0,0,0,0.00,648126801.31,691963606.04,0
HH007947,0,0,0,0.00,2225899.21,2262985.33,0
HH007948,0,0,0,0.00,8159129.06,9719199.97,0
HH007949,0,0,0,0.00,1092015.81,958831.16,0
HH007950,0,0,0,0.00,5139220.53,5513894.13,0
HH007951,0,0,0,0.00,16026656.59,14972528.43,0
HH007952,0,0,0,0.00,2324757.12,2324847.47,0
HH007953,0,0,0,0.00,10927115.79,10732191.70,0
HH007954,0,0,0,0.00,1092109.30,1182616.10,0
HH007955,1,0,1,4264885.38,4351743.92,86858.54,3
HH007956,0,0,0,0.00,1979406.41,2351677.99,0
HH007957,0,0,0,0.00,6156300.58,6814857.51,0
HH007958,0,0,0,0.00,4669633.16,4079785.23,0
HH007959,0,0,0,0.00,13122137.79,12598219.54,0
HH007960,0,0,0,0.00,2771613.86,3595201.30,0
HH007961,0,0,0,0.00,9249776.11,10424863.35,0
HH007962,0,0,0,0.00,14749178.04,17960534.16,0
HH007963,0,0,0,0.00,11463954.51,12625565.42,0
HH007964,0,0,0,0.00,3844301.98,4245723.10,0
HH007965,1,0,1,31369628.40,32028696.75,659068.35,6
HH007966,0,0,0,0.00,2587066.00,3011597.95,0
HH007967,0,0,0,0.00,4589551.51,4512365.64,0
HH007968,1,0,1,6923217.42,7026280.72,103063.30,5
HH007969,0,1,1,11770901.45,16568926.89,5469462.90,0
HH007970,0,0,0,0.00,10594593.02,10322308.47,0
HH007971,0,0,0,0.00,8842399.70,7653815.66,0
HH007972,0,0,0,0.00,8412715.63,9225703.95,0
HH007973,0,0,0,0.00,3769436.09,4158737.92,0
HH007974,0,0,0,0.00,37817450.96,43207481.15,0
HH007975,0,0,0,0.00,32814167.76,36201227.46,0
HH007976,0,0,0,0.00,14581657.40,14857976.49,0
HH007977,0,0,0,0.00,20020007.28,23509395.89,0
HH007978,1,0,1,1153721.34,1173175.39,19454.05,6
HH007979,0,0,0,0.00,16624398.41,18923855.92,0
HH007980,0,0,0,0.00,2213529.39,2224838.69,0
HH007981,0,1,1,557542.66,2559144.65,2464530.25,0
HH007982,0,0,0,0.00,1981226.47,2447273.00,0
HH007983,0,0,0,0.00,26058048.71,31238969.25,0
HH007984,0,0,0,0.00,568873721.23,603048433.43,0
HH007985,0,0,0,0.00,6009445.38,6642847.89,0
HH007986,0,0,0,0.00,2027388.51,2402205.06,0
HH007987,0,0,0,0.00,3045022.75,3706506.26,0
HH007988,,,,,2051307.19,2497089.71,0
HH007989,0,0,0,0.00,12513977.79,15462236.90,0
HH007990,0,0,0,0.00,4219724.31,4652382.20,0
HH007991,0,0,0,0.00,3344387.89,3803667.33,0
HH007992,0,0,0,0.00,3697550.85,4133443.77,0
HH007993,0,0,0,0.00,5783896.53,6413837.97,0
HH007994,0,0,0,0.00,11115637.17,12387498.97,0
HH007995,0,0,0,0.00,1542169.10,1466209.32,0
HH007996,0,0,0,0.00,9581155.50,9088266.59,0
HH007997,0,0,0,0.00,1994807.95,1695077.66,0
HH007998,0,0,0,0.00,17357478.70,17425962.75,0
HH007999,0,0,0,0.00,4942343.50,5217064.97,0
HH008000,0,0,0,0.00,7885696.40,10152526.06,0
HH008001,0,0,0,0.00,5872996.79,6635160.34,0
HH008002,0,0,0,0.00,20767521.45,21147384.30,0
HH008003,0,0,0,0.00,5257348.44,5939879.88,0
HH008004,0,0,0,0.00,6651369.07,4711308.13,0
HH008005,0,0,0,0.00,2091822.24,1713748.43,0
HH008006,0,0,0,0.00,1189762.80,1214263.61,0
HH008007,0,0,0,0.00,28275057.70,28706868.27,0
HH008008,0,0,0,0.00,29154239.73,27559134.38,0
HH008009,0,1,1,299588.72,1384977.04,973515.90,0
HH008010,0,0,0,0.00,6687890.51,6607623.98,0
HH008011,0,0,0,0.00,1100419.48,1174775.43,0
HH008012,0,0,0,0.00,85695036.14,91540925.57,0
HH008013,0,0,0,0.00,4121257.65,3618550.54,0
HH008014,0,0,0,0.00,6646979.54,7052481.23,0
HH008015,0,0,0,0.00,1510188.05,1670158.64,0
HH008016,0,0,0,0.00,40255399.29,41662591.25,0
HH008017,0,1,1,5456840.94,13981874.86,9749097.04,0
HH008018,0,0,0,0.00,4750889.48,7042175.05,0
HH008019,0,0,0,0.00,6915214.91,7382988.35,0
HH008020,0,0,0,0.00,5663611.55,6218205.54,0
HH008021,0,0,0,0.00,1017445.71,1082950.66,0
HH008022,1,0,1,12289658.47,12485100.07,195441.60,2
HH008023,0,0,0,0.00,4592056.87,6861541.97,0
HH008024,0,0,0,0.00,5812899.21,5657717.99,0
HH008025,0,0,0,0.00,6324456.11,6229806.92,0
HH008026,0,0,0,0.00,30476628.51,29146905.66,0
HH008027,0,0,0,0.00,2479879.81,1805741.78,0
HH008028,0,0,0,0.00,63860058.33,66169779.65,0
HH008029,0,0,0,0.00,13477349.53,17705308.11,0
HH008030,0,0,0,0.00,10333685.66,12709670.29,0
HH008031,0,0,0,0.00,2022121.00,2232679.78,0
HH008032,0,0,0,0.00,1906080.96,2198341.28,0
HH008033,0,0,0,0.00,1161429.78,885948.14,0
HH008034,0,1,1,530051.77,1846921.58,1390594.85,0
HH008035,0,0,0,0.00,9432252.37,10030749.85,0
HH008036,0,0,0,0.00,3150813.15,4265856.54,0
HH008037,1,0,1,71009625.40,72563629.52,1554004.12,6
HH008038,0,0,0,0.00,1207125.10,1365232.39,0
HH008039,0,0,0,0.00,12392910.31,15281294.60,0
HH008040,0,1,1,12398331.73,30377316.88,17753322.05,0
HH008041,0,0,0,0.00,18750049.06,21152348.17,0
HH008042,,,,,7292411.62,7855735.29,0
HH008043,0,0,0,0.00,16032568.96,17673318.98,0
HH008044,0,0,0,0.00,14404686.91,15061864.56,0
HH008045,0,0,0,0.00,7850045.58,9538946.72,0
HH008046,1,0,1,18335576.65,18363226.00,27649.35,3
HH008047,0,0,0,0.00,3618139.21,3982903.93,0
HH008048,0,0,0,0.00,4985376.01,12808370.37,0
HH008049,0,1,1,3027212.73,7468205.68,4753771.93,0
HH008050,0,0,0,0.00,31822193.48,30128514.81,0
HH008051,0,0,0,0.00,2110390.27,2511279.47,0
HH008052,0,0,0,0.00,1765851.85,1611896.07,0
HH008053,0,0,0,0.00,15688431.28,13796286.96,0
HH008054,0,0,0,0.00,29359492.72,29571231.75,0
HH008055,0,0,0,0.00,4725065.89,4407274.71,0
HH008056,,,,,3246602.25,3402286.26,0
HH008057,0,0,0,0.00,2500212.95,3084793.95,0
HH008058,0,0,0,0.00,1406764.21,1517008.39,0
HH008059,0,0,0,0.00,3048374.31,2939428.78,0
HH008060,0,0,0,0.00,2081202.20,2450722.36,0
HH008061,0,0,0,0.00,4116961.37,4446098.88,0
HH008062,0,0,0,0.00,6782632.09,6790296.64,0
HH008063,0,0,0,0.00,44743078.18,51005384.25,0
HH008064,0,0,0,0.00,2599508.26,2810875.14,0
HH008065,0,0,0,0.00,62361073.16,75725635.72,0
HH008066,0,0,0,0.00,2460832.11,2371631.32,0
HH008067,0,1,1,1242907.25,3464266.98,2334964.36,0
HH008068,0,0,0,0.00,10159105.97,10582232.49,0
HH008069,0,0,0,0.00,4151839.92,5457347.29,0
HH008070,0,0,0,0.00,1734302.87,1665635.98,0
HH008071,0,0,0,0.00,4385514.76,4450935.08,0
HH008072,0,0,0,0.00,8609187.55,9628047.35,0
HH008073,0,0,0,0.00,1329521.76,1606176.34,0
HH008074,0,0,0,0.00,1605701.16,1762530.43,0
HH008075,0,0,0,0.00,1352098.49,1640025.30,0
HH008076,0,0,0,0.00,4782771.64,5176556.96,0
HH008077,1,0,1,50970547.45,51777465.03,806917.58,6
HH008078,0,0,0,0.00,2023105.67,2238940.80,0
HH008079,0,0,0,0.00,9166119.49,8880391.58,0
HH008080,0,0,0,0.00,7824433.34,7316065.66,0
HH008081,0,0,0,0.00,14780667.14,14367221.10,0
HH008082,0,0,0,0.00,8297424.48,8232689.63,0
HH008083,1,0,1,1158575.69,1175260.96,16685.27,6
HH008084,0,0,0,0.00,3762638.11,4354830.21,0
HH008085,0,0,0,0.00,4212134.45,5235235.82,0
HH008086,0,0,0,0.00,2298384.82,2697946.38,0
HH008087,0,0,0,0.00,5365899.47,6292444.09,0
HH008088,0,0,0,0.00,2842075.37,3155332.13,0
HH008089,0,0,0,0.00,1004917.01,1249382.52,0
HH008090,0,0,0,0.00,13733253.31,15941784.51,0
HH008091,0,0,0,0.00,1084811.43,1252935.77,0
HH008092,0,0,0,0.00,1916021.96,1966229.75,0
HH008093,0,0,0,0.00,1667572.88,2055786.79,0
HH008094,0,0,0,0.00,3957915.06,4426739.06,0
HH008095,0,0,0,0.00,1277119.69,1384435.71,0
HH008096,0,1,1,339262.11,1357056.98,1058092.41,0
HH008097,0,0,0,0.00,18972959.90,23146494.99,0
HH008098,0,0,0,0.00,7479278.04,7087294.88,0
HH008099,0,0,0,0.00,110431800.03,104678919.98,0
HH008100,1,0,1,3139641.01,3154939.52,15298.51,5
HH008101,0,1,1,536011.38,1984436.17,1036219.32,0
HH008102,0,0,0,0.00,4912356.88,5725247.80,0
HH008103,0,0,0,0.00,16234462.31,19072730.81,0
HH008104,0,0,0,0.00,16799539.66,16964813.48,0
HH008105,0,0,0,0.00,2976796.13,3724567.73,0
HH008106,0,0,0,0.00,1210250.01,1321038.46,0
HH008107,0,0,0,0.00,9020636.44,9702823.36,0
HH008108,0,0,0,0.00,8638648.64,7694509.53,0
HH008109,0,0,0,0.00,3355302.02,3347935.20,0
HH008110,1,0,1,14182654.27,14277911.85,95257.58,3
HH008111,0,0,0,0.00,5415230.04,5614528.08,0
HH008112,0,0,0,0.00,1747596.78,1680831.56,0
HH008113,0,0,0,0.00,35957407.08,42215844.26,0
HH008114,0,0,0,0.00,5258196.62,4845845.26,0
HH008115,0,0,0,0.00,13165484.83,13863546.86,0
HH008116,0,0,0,0.00,1464868.94,1443018.52,0
HH008117,0,0,0,0.00,7369635.56,9137158.51,0
HH008118,0,0,0,0.00,1605936.95,1308367.15,0
HH008119,0,0,0,0.00,16032367.73,20306149.91,0
HH008120,0,0,0,0.00,48439208.63,41903941.17,0
HH008121,0,1,1,1775017.79,5317043.92,4083444.88,0
HH008122,0,0,0,0.00,5487830.91,5701659.87,0
HH008123,0,0,0,0.00,5394199.92,7639063.28,0
HH008124,0,0,0,0.00,8326978.59,6907877.16,0
HH008125,0,1,1,29018399.80,109638837.94,79833849.64,0
HH008126,0,1,1,4655824.14,19993227.20,18867186.65,0
HH008127,0,0,0,0.00,7729238.55,7680815.70,0
HH008128,0,0,0,0.00,2595291.32,2532063.69,0
HH008129,0,0,0,0.00,13601188.37,23576866.80,0
HH008130,0,0,0,0.00,20844926.32,21685818.41,0
HH008131,0,0,0,0.00,3944354.59,5028713.78,0
HH008132,0,0,0,0.00,44674412.91,46965222.17,0
HH008133,0,0,0,0.00,4904016.89,4683717.64,0
HH008134,0,0,0,0.00,2686264.14,2165987.72,0
HH008135,0,0,0,0.00,6993998.89,7835031.54,0
HH008136,0,0,0,0.00,17690854.92,16236890.72,0
HH008137,0,0,0,0.00,1302525.53,1872653.41,0
HH008138,0,0,0,0.00,1189288.04,1379576.05,0
HH008139,0,0,0,0.00,3450980.30,3625779.43,0
HH008140,1,0,1,3184313.09,3200368.63,16055.54,1
HH008141,0,1,1,234279.42,1153989.60,1104281.63,0
HH008142,0,0,0,0.00,17317662.99,18633633.07,0
HH008143,0,0,0,0.00,12852849.93,15154066.14,0
HH008144,0,0,0,0.00,1620497.25,2055470.26,0
HH008145,0,0,0,0.00,7908276.53,10312688.05,0
HH008146,0,1,1,3437802.38,7991747.36,4723192.59,0
HH008147,1,0,1,5631002.79,5636190.07,5187.28,5
HH008148,0,0,0,0.00,6305483.12,6635711.41,0
HH008149,0,0,0,0.00,20442775.93,22630905.57,0
HH008150,0,0,0,0.00,2855212.32,2875437.23,0
HH008151,0,0,0,0.00,1170796.79,866865.71,0
HH008152,0,0,0,0.00,3058587.27,2997180.75,0
HH008153,0,1,1,9544132.42,17290296.81,7939323.79,0
HH008154,0,1,1,2813070.51,7588970.58,5030212.36,0
HH008155,0,0,0,0.00,11179841.91,11615004.54,0
HH008156,0,0,0,0.00,3653201.89,4258685.28,0
HH008157,0,0,0,0.00,5881790.67,6965409.35,0
HH008158,0,0,0,0.00,3693313.18,3510084.58,0
HH008159,0,0,0,0.00,39709280.88,50585346.51,0
HH008160,0,0,0,0.00,5651138.67,5689188.24,0
HH008161,0,0,0,0.00,3982426.90,4401356.00,0
HH008162,0,0,0,0.00,1060082.50,1094465.02,0
HH008163,0,0,0,0.00,11265461.25,13818816.13,0
HH008164,0,0,0,0.00,12062433.97,12985125.71,0
HH008165,0,0,0,0.00,1196276.80,1016503.98,0
HH008166,0,0,0,0.00,5167431.13,5850122.06,0
HH008167,0,0,0,0.00,1853257.91,2131242.57,0
HH008168,0,0,0,0.00,4999958.63,3493966.03,0
HH008169,0,0,0,0.00,31248687.22,33957128.26,0
HH008170,1,0,1,5891316.19,6015231.05,123914.86,6
HH008171,0,0,0,0.00,4343013.36,5045531.51,0
HH008172,0,0,0,0.00,7619841.28,5736296.06,0
HH008173,0,0,0,0.00,3203170.55,3371350.05,0
HH008174,0,0,0,0.00,3105200.40,3379095.00,0
HH008175,0,0,0,0.00,11482875.02,12630440.11,0
HH008176,0,0,0,0.00,11407032.20,10128996.55,0
HH008177,0,0,0,0.00,1038135.87,865480.10,0
HH008178,1,0,1,8163203.82,8189125.71,25921.89,2
HH008179,0,1,1,3947468.34,6422896.71,2824287.49,0
HH008180,0,0,0,0.00,5627151.39,6487405.30,0
HH008181,0,0,0,0.00,7833802.92,11546248.83,0
HH008182,0,0,0,0.00,5067368.54,5865539.50,0
HH008183,0,0,0,0.00,1500695.59,2038672.21,0
HH008184,1,0,1,2054671.75,2115861.63,61189.88,1
HH008185,0,0,0,0.00,14019034.70,12132006.28,0
HH008186,0,0,0,0.00,1924170.26,2762676.69,0
HH008187,0,0,0,0.00,4272469.02,5935415.06,0
HH008188,1,0,1,1433842.32,1467242.16,33399.84,6
HH008189,0,0,0,0.00,1837163.85,1953964.66,0
HH008190,0,0,0,0.00,9770644.39,10328599.77,0
HH008191,0,0,0,0.00,46921680.61,51060130.98,0
HH008192,0,0,0,0.00,52697982.65,57637328.62,0
HH008193,0,1,1,271088.05,1004326.54,776643.83,0
HH008194,0,0,0,0.00,17867456.80,19755936.60,0
HH008195,0,0,0,0.00,7740847.79,8698532.19,0
HH008196,0,1,1,916570.71,3073756.57,3181494.74,0
HH008197,0,0,0,0.00,4516782.43,3947387.22,0
HH008198,0,1,1,294952.19,1103545.85,690925.23,0
HH008199,0,0,0,0.00,2344434.42,2224337.33,0
HH008200,0,0,0,0.00,9847787.33,10618557.99,0
HH008201,0,0,0,0.00,12876137.94,12223966.79,0
HH008202,0,0,0,0.00,4417279.27,4782868.71,0
HH008203,0,0,0,0.00,4968606.81,3552551.87,0
HH008204,0,0,0,0.00,3995314.47,3967694.15,0
HH008205,0,0,0,0.00,77130231.15,64876796.87,0
HH008206,0,0,0,0.00,3736731.19,4171111.94,0
HH008207,0,0,0,0.00,4597113.26,5562845.49,0
HH008208,0,0,0,0.00,8466114.17,10162032.97,0
HH008209,0,0,0,0.00,15275574.79,16545542.97,0
HH008210,0,0,0,0.00,16080505.43,16527478.82,0
HH008211,0,0,0,0.00,1181509.93,940450.46,0
HH008212,0,1,1,342094.02,1429649.88,1386522.78,0
HH008213,0,0,0,0.00,4372157.50,5427176.70,0
HH008214,0,0,0,0.00,2380886.55,2498588.28,0
HH008215,0,0,0,0.00,2160211.15,2452263.41,0
HH008216,0,0,0,0.00,22998674.35,25891000.82,0
HH008217,0,0,0,0.00,19551216.16,21133625.62,0
HH008218,0,1,1,7986466.99,18049681.97,11192925.50,0
HH008219,1,0,1,2130429.65,2181553.69,51124.04,6
HH008220,0,0,0,0.00,2004235.07,2358662.65,0
HH008221,0,0,0,0.00,1981376.85,1957881.59,0
HH008222,0,0,0,0.00,21758998.60,24737115.67,0
HH008223,0,0,0,0.00,3027709.08,3273665.03,0
HH008224,0,0,0,0.00,2428538.60,2651645.64,0
HH008225,0,0,0,0.00,8145402.14,8252769.74,0
HH008226,1,0,1,10869908.31,10899995.67,30087.36,3
HH008227,0,0,0,0.00,18463862.34,18464430.57,0
HH008228,0,1,1,485568.48,2374682.21,1933576.41,0
HH008229,0,0,0,0.00,31101995.78,32293076.92,0
HH008230,0,0,0,0.00,13247402.64,11365054.38,0
HH008231,0,1,1,2216941.70,5450060.26,3770009.46,0
HH008232,0,0,0,0.00,11889454.62,12830441.08,0
HH008233,0,0,0,0.00,3564071.53,3708583.14,0
HH008234,0,0,0,0.00,4152489.95,4149304.12,0
HH008235,0,0,0,0.00,7882828.44,8777516.08,0
HH008236,0,0,0,0.00,15575923.77,16508311.27,0
HH008237,0,0,0,0.00,28768112.11,32079651.42,0
HH008238,0,0,0,0.00,5795730.96,5074598.06,0
HH008239,0,0,0,0.00,1563492.79,1682773.07,0
HH008240,0,1,1,2049844.73,3836817.11,2055059.78,0
HH008241,0,1,1,5474111.92,18623177.11,12467316.24,0
HH008242,0,0,0,0.00,18853984.01,24198923.64,0
HH008243,0,0,0,0.00,8825380.39,9430294.89,0
HH008244,0,0,0,0.00,1963953.18,2018387.11,0
HH008245,0,0,0,0.00,1506243.49,1406971.73,0
HH008246,1,0,1,7777196.22,7959728.09,182531.87,6
HH008247,0,0,0,0.00,40363373.91,40501593.37,0
HH008248,0,0,0,0.00,6650254.10,6449274.23,0
HH008249,0,0,0,0.00,17270828.53,17689501.47,0
HH008250,0,0,0,0.00,2318429.15,2252523.72,0
HH008251,0,0,0,0.00,1037443.22,1231917.26,0
HH008252,0,0,0,0.00,7273528.23,8129339.67,0
HH008253,0,0,0,0.00,5267548.79,5753143.86,0
HH008254,0,0,0,0.00,4141180.91,5290287.55,0
HH008255,0,0,0,0.00,2185962.13,2651648.03,0
HH008256,0,0,0,0.00,1974438.18,1819565.38,0
HH008257,0,0,0,0.00,1899052.80,2091943.69,0
HH008258,0,0,0,0.00,1952398.07,1828386.99,0
HH008259,0,0,0,0.00,2673037.54,3255488.57,0
HH008260,0,0,0,0.00,11449059.44,12145808.09,0
HH008261,0,1,1,2158399.96,3797348.57,2984959.37,0
HH008262,0,0,0,0.00,4403883.64,4211692.85,0
HH008263,0,0,0,0.00,4485164.43,5803126.87,0
HH008264,0,0,0,0.00,1030881.96,1158136.55,0
HH008265,0,0,0,0.00,7314246.60,7742097.33,0
HH008266,0,1,1,464785.61,1965551.13,1023642.38,0
HH008267,0,0,0,0.00,2755962.78,2757929.59,0
HH008268,0,0,0,0.00,8700206.11,7877147.51,0
HH008269,0,0,0,0.00,5675734.36,5706579.83,0
HH008270,0,0,0,0.00,4267507.68,4556551.92,0
HH008271,0,0,0,0.00,130504066.41,131096611.34,0
HH008272,0,1,1,12263090.27,20202858.57,8653190.34,0
HH008273,1,0,1,1796072.63,1801312.75,5240.12,6
HH008274,0,0,0,0.00,2157794.51,2241152.15,0
HH008275,0,0,0,0.00,5658121.75,4881677.67,0
HH008276,0,1,1,7711002.85,22542355.65,15695432.58,0
HH008277,0,0,0,0.00,4152735.67,4128779.43,0
HH008278,0,0,0,0.00,215141207.80,262126357.81,0
HH008279,0,0,0,0.00,2277182.02,2749121.55,0
HH008280,0,1,1,608448.14,2291461.46,2352106.57,0
HH008281,0,0,0,0.00,1620403.07,2171440.36,0
HH008282,0,0,0,0.00,18283425.75,16464375.09,0
HH008283,0,0,0,0.00,3179626.47,3511285.29,0
HH008284,0,0,0,0.00,1343043.76,1446202.31,0
HH008285,0,0,0,0.00,4992213.06,4960163.27,0
HH008286,0,0,0,0.00,8254334.55,8767078.75,0
HH008287,0,0,0,0.00,4140574.89,5303159.06,0
HH008288,1,0,1,2489215.56,2517984.67,28769.11,4
HH008289,0,0,0,0.00,1289021.70,1386384.38,0
HH008290,0,0,0,0.00,6522441.56,6804978.60,0
HH008291,0,1,1,332509779.12,903973258.11,650985448.98,0
HH008292,0,0,0,0.00,11316061.67,13382562.35,0
HH008293,0,0,0,0.00,14688606.86,14527886.83,0
HH008294,0,0,0,0.00,5740402.62,6657815.43,0
HH008295,1,0,1,3675366.14,3687508.75,12142.61,6
HH008296,0,0,0,0.00,6860087.89,7750224.62,0
HH008297,1,0,1,15657153.52,15922810.00,265656.48,5
HH008298,0,0,0,0.00,20285533.62,23915295.14,0
HH008299,0,0,0,0.00,109728007.14,124835742.49,0
HH008300,0,1,1,1656117.66,3633431.87,1998523.24,0
HH008301,0,0,0,0.00,14609710.03,13323451.21,0
HH008302,0,0,0,0.00,7497802.17,9040570.30,0
HH008303,0,0,0,0.00,3403795.33,3917139.75,0
HH008304,0,1,1,8397270.34,16641446.62,8689730.13,0
HH008305,0,0,0,0.00,3971382.82,3959892.44,0
HH008306,0,0,0,0.00,5862285.34,6175653.79,0
HH008307,0,0,0,0.00,3236521.96,3497397.51,0
HH008308,1,0,1,11498004.60,11558674.66,60670.06,2
HH008309,1,0,1,3984499.27,4105132.32,120633.05,6
HH008310,0,0,0,0.00,2041165.72,2789990.67,0
HH008311,0,0,0,0.00,12577078.57,11651999.56,0
HH008312,0,1,1,1282741.46,2325724.35,1142372.91,0
HH008313,0,0,0,0.00,18695060.13,21313245.20,0
HH008314,0,0,0,0.00,6873266.94,7694771.84,0
HH008315,0,0,0,0.00,6923464.90,7067357.50,0
HH008316,0,1,1,3010040.91,7255377.09,4842432.52,0
HH008317,0,0,0,0.00,5364296.79,6483452.84,0
HH008318,0,0,0,0.00,4926755.75,4596364.98,0
HH008319,0,0,0,0.00,4656115.26,5612005.82,0
HH008320,0,0,0,0.00,7612091.00,4833156.80,0
HH008321,0,0,0,0.00,2387402.72,2678496.94,0
HH008322,0,0,0,0.00,6758951.54,7960488.69,0
HH008323,0,0,0,0.00,2692277.98,3196431.99,0
HH008324,0,0,0,0.00,29079446.54,49311163.35,0
HH008325,0,0,0,0.00,3757425.66,3890140.29,0
HH008326,0,0,0,0.00,13053311.43,11923125.94,0
HH008327,0,0,0,0.00,3346872.00,3826675.92,0
HH008328,0,0,0,0.00,2032374.46,2430079.08,0
HH008329,1,0,1,2780070.75,2845932.48,65861.73,3
HH008330,0,1,1,1924872.84,8407963.44,7327118.24,0
HH008331,0,0,0,0.00,6540636.33,6820853.84,0
HH008332,0,1,1,1056276.40,2519605.17,1656145.68,0
HH008333,0,0,0,0.00,10001285.42,10442896.67,0
HH008334,0,0,0,0.00,1403487.92,1498414.04,0
HH008335,0,0,0,0.00,3668378.25,3996642.69,0
HH008336,0,1,1,574283.25,1679482.10,784893.67,0
HH008337,0,0,0,0.00,14273485.34,15673313.11,0
HH008338,0,0,0,0.00,9188498.85,10011107.72,0
HH008339,0,0,0,0.00,57952058.44,66442778.06,0
HH008340,0,1,1,1375451.28,2388049.01,1104569.47,0
HH008341,0,0,0,0.00,4802724.85,5793606.06,0
HH008342,0,0,0,0.00,6297362.82,6933201.48,0
HH008343,0,0,0,0.00,1911066.79,2243221.66,0
HH008344,0,0,0,0.00,4090784.03,4231656.23,0
HH008345,0,0,0,0.00,6412455.18,6307021.86,0
HH008346,0,0,0,0.00,3674943.05,3803313.91,0
HH008347,0,0,0,0.00,7359132.46,7580210.58,0
HH008348,1,0,1,14828182.66,14983311.03,155128.37,1
HH008349,0,0,0,0.00,5891749.39,6806453.34,0
HH008350,1,0,1,8902644.95,8925930.77,23285.82,1
HH008351,0,0,0,0.00,15027701.91,19656537.85,0
HH008352,0,1,1,1021659.04,2447864.82,1533896.65,0
HH008353,0,1,1,674055.11,1024472.28,345245.56,0
HH008354,0,0,0,0.00,12533606.31,15318988.22,0
HH008355,0,0,0,0.00,1687086.07,1858301.04,0
HH008356,0,0,0,0.00,3260640.05,3867381.82,0
HH008357,0,0,0,0.00,1555997.52,1384607.85,0
HH008358,0,0,0,0.00,1266384.48,1358761.40,0
HH008359,1,0,1,8436188.24,8569376.77,133188.53,3
HH008360,0,0,0,0.00,3213401.24,5044600.39,0
HH008361,0,0,0,0.00,18700094.39,18516176.01,0
HH008362,0,0,0,0.00,3216481.78,3949333.98,0
HH008363,0,0,0,0.00,3068206.65,3814355.10,0
HH008364,0,0,0,0.00,2204479.24,2351684.90,0
HH008365,0,0,0,0.00,1596540.98,1813509.91,0
HH008366,0,0,0,0.00,3655126.89,4078925.59,0
HH008367,0,0,0,0.00,5402069.45,4243200.37,0
HH008368,0,0,0,0.00,7571062.90,8311531.04,0
HH008369,0,1,1,413328.45,1190197.52,896046.45,0
HH008370,0,0,0,0.00,3305194.28,2498746.21,0
HH008371,0,0,0,0.00,1557586.09,1633414.83,0
HH008372,0,0,0,0.00,2132344.35,2307840.34,0
HH008373,0,0,0,0.00,13478111.14,13468117.40,0
HH008374,0,0,0,0.00,85475103.29,86505288.41,0
HH008375,1,0,1,3709397.14,3727526.33,18129.19,4
HH008376,0,0,0,0.00,7403455.50,8439267.79,0
HH008377,0,0,0,0.00,2081175.92,2117362.81,0
HH008378,0,0,0,0.00,6274267.40,6570320.20,0
HH008379,0,0,0,0.00,18657259.49,21072378.85,0
HH008380,0,0,0,0.00,1164042.78,1593737.76,0
HH008381,0,0,0,0.00,29283877.59,33292831.66,0
HH008382,0,0,0,0.00,4620833.75,5575555.78,0
HH008383,0,0,0,0.00,1004254.82,1069769.50,0
HH008384,0,0,0,0.00,16677618.50,16241089.68,0
HH008385,0,0,0,0.00,8854713.69,10576738.57,0
HH008386,0,0,0,0.00,3380547.38,3179665.87,0
HH008387,0,0,0,0.00,3640833.94,3276828.26,0
HH008388,0,0,0,0.00,2873784.32,3027229.16,0
HH008389,0,0,0,0.00,18030587.81,21370693.97,0
HH008390,0,0,0,0.00,17727663.31,18285358.17,0
HH008391,0,0,0,0.00,3522275.11,4055775.87,0
HH008392,1,0,1,22915270.25,23128834.74,213564.49,1
HH008393,0,0,0,0.00,13387960.31,13319980.10,0
HH008394,0,0,0,0.00,1048979.44,1054246.66,0
HH008395,0,0,0,0.00,7387163.43,7293167.30,0
HH008396,0,0,0,0.00,1274366.47,1429572.90,0
HH008397,0,0,0,0.00,58210357.93,64876591.31,0
HH008398,0,0,0,0.00,2181121.03,1965527.97,0
HH008399,0,0,0,0.00,1337366.03,1411636.99,0
HH008400,0,0,0,0.00,9478432.35,10085831.13,0
HH008401,0,0,0,0.00,14643534.78,15718971.41,0
HH008402,0,0,0,0.00,1565458.64,1879259.20,0
HH008403,0,0,0,0.00,1966049.91,2240346.32,0
HH008404,0,1,1,1999712.93,3666226.18,1917720.62,0
HH008405,1,0,1,34553756.60,35597936.20,1044179.60,1
HH008406,1,0,1,1121883.81,1124200.72,2316.91,3
HH008407,0,0,0,0.00,8047111.98,8311381.05,0
HH008408,0,1,1,2863141.68,4853331.39,2220879.06,0
HH008409,1,0,1,23391756.72,23718554.45,326797.73,4
HH008410,1,0,1,12014785.28,12355413.06,340627.78,4
HH008411,0,0,0,0.00,1375471.92,1497206.76,0
HH008412,0,0,0,0.00,9630535.75,10234398.39,0
HH008413,0,0,0,0.00,9433302.76,11398626.98,0
HH008414,0,0,0,0.00,1313111.90,1289986.16,0
HH008415,0,1,1,3046213.08,7506290.07,4587301.53,0
HH008416,0,0,0,0.00,2660170.23,3413186.07,0
HH008417,0,0,0,0.00,2137198.10,2468165.29,0
HH008418,0,0,0,0.00,2439337.78,2165227.43,0
HH008419,0,0,0,0.00,7839246.62,10570928.41,0
HH008420,0,0,0,0.00,5252065.75,5354378.56,0
HH008421,0,0,0,0.00,1094349.10,1065255.14,0
HH008422,0,0,0,0.00,18232546.19,20234074.16,0
HH008423,0,0,0,0.00,5941305.62,6783944.70,0
HH008424,0,1,1,874804.72,3062334.62,2409180.82,0
HH008425,0,0,0,0.00,7630573.36,7318927.93,0
HH008426,0,0,0,0.00,2993355.98,3532265.36,0
HH008427,0,0,0,0.00,2189121.27,2196978.02,0
HH008428,0,0,0,0.00,2506972.84,2661923.55,0
HH008429,0,0,0,0.00,2624303.35,2928486.07,0
HH008430,0,0,0,0.00,2411698.00,2678770.09,0
HH008431,0,0,0,0.00,6682884.00,7137120.67,0
HH008432,0,0,0,0.00,2552129.04,3086777.48,0
HH008433,0,1,1,1333268.07,3962492.05,3075348.05,0
HH008434,0,0,0,0.00,14782822.14,14952934.10,0
HH008435,0,0,0,0.00,12785003.10,14508426.17,0
HH008436,1,0,1,2223092.70,2280552.36,57459.66,4
HH008437,0,0,0,0.00,24747596.13,27401283.25,0
HH008438,0,0,0,0.00,1019787.58,1180564.66,0
HH008439,0,0,0,0.00,7072422.16,8382998.31,0
HH008440,0,0,0,0.00,28372402.15,34437928.93,0
HH008441,0,0,0,0.00,2100343.85,2070966.20,0
HH008442,0,0,0,0.00,1764480.66,2020303.68,0
HH008443,0,0,0,0.00,3840771.46,4071911.75,0
HH008444,0,0,0,0.00,16160112.88,19125009.87,0
HH008445,0,0,0,0.00,1488125.10,1561158.37,0
HH008446,0,0,0,0.00,4850259.32,5450662.27,0
HH008447,0,0,0,0.00,1163923.30,1190189.17,0
HH008448,0,0,0,0.00,2797094.28,3019206.10,0
HH008449,0,0,0,0.00,6197110.05,6573905.95,0
HH008450,0,0,0,0.00,9782228.33,11234064.02,0
HH008451,0,0,0,0.00,1931742.80,1944443.78,0
HH008452,0,1,1,7833510.13,13422692.53,6872432.92,0
HH008453,0,0,0,0.00,4835834.62,5342104.20,0
HH008454,0,0,0,0.00,18374613.96,19265521.68,0
HH008455,0,0,0,0.00,7925136.44,7908614.81,0
HH008456,0,0,0,0.00,15591136.15,18506723.09,0
HH008457,1,0,1,11805536.86,11852561.11,47024.25,6
HH008458,0,0,0,0.00,5610698.80,6001217.52,0
HH008459,0,0,0,0.00,2286576.36,2416461.67,0
HH008460,0,0,0,0.00,18658606.07,28246223.69,0
HH008461,0,0,0,0.00,11529575.81,12163963.01,0
HH008462,0,0,0,0.00,6382347.01,7154103.32,0
HH008463,0,1,1,4063400.38,9778602.34,7241239.54,0
HH008464,1,0,1,5335415.85,5342571.73,7155.88,2
HH008465,0,1,1,854957.29,3721329.91,2712344.30,0
HH008466,0,0,0,0.00,11318066.02,8063046.26,0
HH008467,0,0,0,0.00,2537296.58,2892297.04,0
HH008468,0,1,1,1845255.24,2948795.93,1208007.42,0
HH008469,0,0,0,0.00,3275013.91,4346109.33,0
HH008470,0,0,0,0.00,2412629.48,3078833.82,0
HH008471,0,0,0,0.00,31148807.88,33367501.62,0
HH008472,0,1,1,1100342.06,2177692.00,1119998.98,0
HH008473,0,0,0,0.00,5524577.24,6241611.95,0
HH008474,1,0,1,20671326.07,20879776.38,208450.31,5
HH008475,0,1,1,2890983.29,5292805.48,3063569.86,0
HH008476,0,0,0,0.00,1629698.44,1777618.51,0
HH008477,0,0,0,0.00,11897884.25,13000718.13,0
HH008478,0,0,0,0.00,6582468.16,5658095.94,0
HH008479,0,0,0,0.00,11363213.13,11694588.54,0
HH008480,0,1,1,5782857.79,26704742.97,22977879.17,0
HH008481,0,0,0,0.00,12886688.73,13340946.24,0
HH008482,1,0,1,4804682.04,4951686.98,147004.94,6
HH008483,0,1,1,2622504.02,4434780.47,2222247.45,0
HH008484,0,0,0,0.00,4322916.10,5240467.27,0
HH008485,0,0,0,0.00,1776858.18,2024618.11,0
HH008486,0,0,0,0.00,10100030.60,12134165.55,0
HH008487,0,0,0,0.00,9137887.24,8857134.74,0
HH008488,0,1,1,681928.81,2623271.90,2265257.55,0
HH008489,0,0,0,0.00,12341610.18,12475834.89,0
HH008490,0,0,0,0.00,1943676.14,2064123.55,0
HH008491,,,,,1689113.65,1268487.26,0
HH008492,0,0,0,0.00,7055764.72,8094731.74,0
HH008493,0,0,0,0.00,8492420.02,8732354.18,0
HH008494,0,0,0,0.00,3436157.90,3697411.07,0
HH008495,0,0,0,0.00,1482093.44,1218800.25,0
HH008496,0,0,0,0.00,62205234.46,64781310.83,0
HH008497,0,0,0,0.00,4114986.41,4154238.35,0
HH008498,0,0,0,0.00,3147385.29,3081056.33,0
HH008499,1,0,1,22922617.81,23540541.03,617923.22,5
HH008500,0,0,0,0.00,4359412.65,4516002.09,0
HH008501,0,0,0,0.00,3945556.52,4181238.70,0
HH008502,0,0,0,0.00,17306045.96,18881521.77,0
HH008503,0,0,0,0.00,1980271.22,2076401.56,0
HH008504,0,0,0,0.00,5177754.24,6427227.71,0
HH008505,1,0,1,2271498.05,2316099.69,44601.64,2
HH008506,0,0,0,0.00,2501178.73,2464255.70,0
HH008507,0,1,1,4286940.58,8250920.02,3788511.29,0
HH008508,0,0,0,0.00,41633991.60,38439273.18,0
HH008509,0,0,0,0.00,1282428.22,1557068.73,0
HH008510,0,0,0,0.00,3315580.48,4308184.20,0
HH008511,0,0,0,0.00,7045378.86,7481227.46,0
HH008512,0,0,0,0.00,2467635.97,2915062.10,0
HH008513,0,1,1,1719614.74,5659390.21,4619721.71,0
HH008514,0,0,0,0.00,2825735.29,2677775.73,0
HH008515,0,0,0,0.00,1127206.96,1183074.35,0
HH008516,0,0,0,0.00,36498452.85,38552616.77,0
HH008517,0,0,0,0.00,2190572.49,2528211.50,0
HH008518,0,0,0,0.00,4653256.44,5345493.52,0
HH008519,0,0,0,0.00,16417943.39,16092807.80,0
HH008520,0,0,0,0.00,1762307.68,1841167.77,0
HH008521,0,0,0,0.00,3935290.54,4320348.60,0
HH008522,1,0,1,11630956.55,11783704.59,152748.04,2
HH008523,0,0,0,0.00,42712610.35,49988034.52,0
HH008524,0,0,0,0.00,4759123.10,5246445.57,0
HH008525,0,0,0,0.00,9104865.16,9238568.90,0
HH008526,0,0,0,0.00,1649918.35,2011915.78,0
HH008527,0,0,0,0.00,2464481.36,2866699.38,0
HH008528,0,0,0,0.00,1543796.13,1550934.51,0
HH008529,0,0,0,0.00,8314219.56,7193269.19,0
HH008530,0,0,0,0.00,1953406.02,2396944.13,0
HH008531,0,1,1,641940.26,1123670.61,592953.05,0
HH008532,0,0,0,0.00,1347656.49,1413883.15,0
HH008533,0,0,0,0.00,2500633.12,4190417.06,0
HH008534,0,0,0,0.00,9363884.86,9851446.48,0
HH008535,0,0,0,0.00,15415546.73,15890273.43,0
HH008536,0,1,1,5665146.45,13153082.27,8158472.92,0
HH008537,0,0,0,0.00,2993776.60,3509417.22,0
HH008538,0,0,0,0.00,7241273.40,8024423.55,0
HH008539,0,0,0,0.00,1951728.88,2127930.74,0
HH008540,0,0,0,0.00,5348323.90,5021101.26,0
HH008541,0,0,0,0.00,1435650.67,1507629.81,0
HH008542,0,0,0,0.00,15164155.27,15042445.63,0
HH008543,0,0,0,0.00,4850695.13,5916207.76,0
HH008544,0,1,1,1225323.11,4123506.76,3533333.33,0
HH008545,0,0,0,0.00,6019508.70,6530756.25,0
HH008546,0,0,0,0.00,19995270.97,19580349.00,0
HH008547,0,0,0,0.00,1746562.32,2070082.00,0
HH008548,0,0,0,0.00,1793699.03,1963337.12,0
HH008549,0,0,0,0.00,12218559.72,12529905.54,0
HH008550,0,0,0,0.00,6164987.70,5377684.98,0
HH008551,0,0,0,0.00,2228748.64,2318049.71,0
HH008552,0,0,0,0.00,4426956.50,4978099.99,0
HH008553,0,0,0,0.00,1463210.82,1861320.20,0
HH008554,0,0,0,0.00,8217847.05,8910024.16,0
HH008555,0,0,0,0.00,3869790.99,3956596.27,0
HH008556,0,1,1,3189844.19,11799028.23,9529855.00,0
HH008557,0,1,1,2058080.20,9514844.06,7692335.21,0
HH008558,0,0,0,0.00,6678283.45,7185125.77,0
HH008559,0,0,0,0.00,4970177.20,5023700.93,0
HH008560,0,0,0,0.00,10824389.20,13072745.32,0
HH008561,0,0,0,0.00,15324159.73,15382608.79,0
HH008562,0,0,0,0.00,1690556.16,1918594.26,0
HH008563,0,0,0,0.00,8158520.77,8418554.15,0
HH008564,0,0,0,0.00,28906421.90,30776804.16,0
HH008565,0,0,0,0.00,6818132.38,8018481.03,0
HH008566,0,0,0,0.00,6994703.01,8464401.27,0
HH008567,0,0,0,0.00,14051378.03,14789648.01,0
HH008568,0,0,0,0.00,3529528.42,3823527.75,0
HH008569,0,0,0,0.00,4378701.33,4346990.66,0
HH008570,0,0,0,0.00,4263592.51,4619062.06,0
HH008571,1,0,1,2861851.85,2888392.42,26540.57,6
HH008572,0,0,0,0.00,163958060.89,174098583.79,0
HH008573,0,0,0,0.00,9120095.36,11013348.95,0
HH008574,0,0,0,0.00,1323809.56,1734613.25,0
HH008575,0,0,0,0.00,5962178.20,6365639.66,0
HH008576,0,0,0,0.00,3782664.25,4434542.00,0
HH008577,0,1,1,16736205.73,68814556.21,53854506.94,0
HH008578,0,1,1,10996674.92,18762369.80,7531384.86,0
HH008579,0,0,0,0.00,15483935.81,15821493.88,0
HH008580,0,0,0,0.00,6767226.90,7112021.63,0
HH008581,0,0,0,0.00,1131888.44,1352699.14,0
HH008582,0,0,0,0.00,12589250.85,13264309.18,0
HH008583,0,0,0,0.00,10252039.73,11382113.27,0
HH008584,0,0,0,0.00,27847535.84,31079642.19,0
HH008585,0,0,0,0.00,3524073.45,3917811.33,0
HH008586,0,0,0,0.00,23324072.58,24501167.41,0
HH008587,0,0,0,0.00,12720175.11,13321067.23,0
HH008588,0,1,1,394814.61,1822351.32,1324903.91,0
HH008589,0,0,0,0.00,34117177.10,35402375.46,0
HH008590,0,1,1,731871.25,1373023.10,674834.32,0
HH008591,0,0,0,0.00,2729314.14,3199224.68,0
HH008592,0,0,0,0.00,15561287.59,15370078.90,0
HH008593,0,0,0,0.00,6518335.55,6507757.99,0
HH008594,0,0,0,0.00,3947615.14,6135675.77,0
HH008595,0,0,0,0.00,17173715.68,15180059.57,0
HH008596,0,0,0,0.00,45066631.75,48835444.86,0
HH008597,0,0,0,0.00,11310625.41,12892692.28,0
HH008598,0,0,0,0.00,5335749.34,6098142.93,0
HH008599,0,0,0,0.00,2240500.08,2446364.08,0
HH008600,0,0,0,0.00,3752341.58,4405091.35,0
HH008601,0,0,0,0.00,5689067.25,6273369.49,0
HH008602,0,0,0,0.00,1820230.61,1915437.63,0
HH008603,0,0,0,0.00,2125810.86,2122899.11,0
HH008604,0,0,0,0.00,1902613.32,2013956.14,0
HH008605,0,0,0,0.00,9276373.67,13453512.57,0
HH008606,0,0,0,0.00,9400076.52,11343060.17,0
HH008607,0,0,0,0.00,1458165.44,1695858.32,0
HH008608,0,0,0,0.00,4486724.75,4889175.48,0
HH008609,0,0,0,0.00,8544662.86,7070327.14,0
HH008610,0,1,1,1077689.34,2881446.31,2188049.55,0
HH008611,0,1,1,2630171.70,5605805.10,2867541.44,0
HH008612,0,0,0,0.00,3180840.40,4076198.87,0
HH008613,0,0,0,0.00,24508082.39,29520158.14,0
HH008614,0,1,1,1039227.66,1550921.91,493133.83,0
HH008615,0,0,0,0.00,4771844.41,3470308.64,0
HH008616,0,0,0,0.00,1415103.73,1665876.35,0
HH008617,0,0,0,0.00,7403593.79,7419691.55,0
HH008618,0,0,0,0.00,3332984.97,3594196.90,0
HH008619,0,0,0,0.00,2811921.55,2848657.39,0
HH008620,0,1,1,734708.45,2491994.19,1804804.55,0
HH008621,0,0,0,0.00,5676228.87,6113683.75,0
HH008622,0,0,0,0.00,2368358.34,2059186.83,0
HH008623,0,0,0,0.00,8203753.13,9554317.45,0
HH008624,0,0,0,0.00,7329398.48,7479680.04,0
HH008625,0,0,0,0.00,7477058.86,7374881.05,0
HH008626,0,0,0,0.00,4154702.55,4373691.08,0
HH008627,1,0,1,11897680.29,12056965.23,159284.94,1
HH008628,0,0,0,0.00,6933759.18,5363960.50,0
HH008629,0,1,1,2292442.90,8989086.09,9108537.93,0
HH008630,0,0,0,0.00,4072056.29,4237459.96,0
HH008631,0,0,0,0.00,1776076.35,2058939.97,0
HH008632,0,1,1,488283.34,1016830.04,556953.57,0
HH008633,0,0,0,0.00,41325942.26,46426146.15,0
HH008634,0,0,0,0.00,1031811.82,1235221.62,0
HH008635,0,1,1,390912.73,1817208.21,1582257.15,0
HH008636,0,1,1,2847912.02,5094658.96,2423913.13,0
HH008637,0,0,0,0.00,4212909.50,4638814.74,0
HH008638,0,0,0,0.00,1591606.20,1723417.36,0
HH008639,0,0,0,0.00,1377649.32,1506900.23,0
HH008640,0,0,0,0.00,3878761.68,4621898.36,0
HH008641,0,0,0,0.00,36399988.68,48180332.85,0
HH008642,0,0,0,0.00,4202104.34,4354168.46,0
HH008643,0,0,0,0.00,1874869.75,2163145.50,0
HH008644,0,0,0,0.00,3352370.26,3601252.11,0
HH008645,0,0,0,0.00,1468575.05,1832017.95,0
HH008646,0,0,0,0.00,3634263.36,3934072.74,0
HH008647,0,0,0,0.00,3838873.27,3497132.71,0
HH008648,0,1,1,1543029.07,3244619.03,1604472.92,0
HH008649,0,1,1,3440834.39,5947715.20,2741430.58,0
HH008650,0,0,0,0.00,2619835.40,2605425.33,0
HH008651,0,0,0,0.00,2958977.91,3154096.28,0
HH008652,0,0,0,0.00,3056921.39,3757438.91,0
HH008653,0,0,0,0.00,29370895.37,29277192.02,0
HH008654,0,0,0,0.00,5838635.84,6458743.83,0
HH008655,1,0,1,10777308.38,11065226.35,287917.97,1
HH008656,0,0,0,0.00,6710641.98,8082112.02,0
HH008657,0,0,0,0.00,24994941.60,27734447.26,0
HH008658,0,0,0,0.00,5803782.17,6894122.71,0
HH008659,0,0,0,0.00,24319608.96,28299668.17,0
HH008660,0,1,1,1036954.60,1980373.78,1065691.21,0
HH008661,1,0,1,1783188.54,1814663.12,31474.58,4
HH008662,0,0,0,0.00,2456072.80,2700108.21,0
HH008663,0,0,0,0.00,4708954.80,5578267.94,0
HH008664,0,0,0,0.00,4085058.65,5392470.99,0
HH008665,1,0,1,4992181.47,4998330.39,6148.92,5
HH008666,0,0,0,0.00,4345312.34,5218306.99,0
HH008667,0,0,0,0.00,7672156.55,8377381.91,0
HH008668,0,0,0,0.00,8669109.39,8399983.76,0
HH008669,1,0,1,8634530.35,8753857.31,119326.96,2
HH008670,0,0,0,0.00,2569994.85,2274978.88,0
HH008671,0,0,0,0.00,9426066.64,9990092.17,0
HH008672,0,0,0,0.00,4905933.19,5983210.21,0
HH008673,0,0,0,0.00,1430522.73,1463055.82,0
HH008674,1,0,1,2634985.16,2667873.13,32887.97,3
HH008675,0,0,0,0.00,1700225.97,1953187.95,0
HH008676,0,0,0,0.00,6091227.12,6975163.92,0
HH008677,0,0,0,0.00,3379224.32,3589742.06,0
HH008678,0,0,0,0.00,6638965.47,7241789.47,0
HH008679,0,0,0,0.00,13295268.50,12589550.74,0
HH008680,0,0,0,0.00,4165293.43,3452212.83,0
HH008681,0,0,0,0.00,9681488.93,10855474.96,0
HH008682,0,0,0,0.00,4433283.09,3898904.45,0
HH008683,0,0,0,0.00,10430911.04,11457986.87,0
HH008684,0,0,0,0.00,1356649.01,1516108.01,0
HH008685,0,0,0,0.00,1611088.72,1638205.06,0
HH008686,0,0,0,0.00,1714486.56,1858944.98,0
HH008687,0,0,0,0.00,15808548.01,17828300.44,0
HH008688,0,0,0,0.00,7263904.18,5502312.90,0
HH008689,0,0,0,0.00,7455106.88,6639668.08,0
HH008690,0,0,0,0.00,3798255.98,4117696.33,0
HH008691,0,0,0,0.00,1753135.66,1749063.54,0
HH008692,0,0,0,0.00,349622304.79,307356227.79,0
HH008693,0,0,0,0.00,1112332.18,1142107.10,0
HH008694,0,1,1,2012644.81,4472983.99,2847540.88,0
HH008695,0,0,0,0.00,4882369.14,5488510.38,0
HH008696,0,0,0,0.00,1334781.76,1531843.69,0
HH008697,1,0,1,23356662.26,23625102.10,268439.84,6
HH008698,0,0,0,0.00,5981378.90,6469492.32,0
HH008699,0,0,0,0.00,6995191.81,7166992.70,0
HH008700,0,1,1,10856204.65,29034271.38,20684150.72,0
HH008701,0,0,0,0.00,2202965.62,2450605.96,0
HH008702,0,0,0,0.00,32251619.49,33612150.52,0
HH008703,0,1,1,1439978.10,3248833.32,1962587.95,0
HH008704,0,0,0,0.00,1920990.97,2119780.72,0
HH008705,0,0,0,0.00,3472992.36,3510511.56,0
HH008706,0,0,0,0.00,3686218.38,3745164.51,0
HH008707,0,0,0,0.00,1675060.36,1303390.81,0
HH008708,0,0,0,0.00,14654409.09,15471447.38,0
HH008709,1,0,1,3885810.18,3886705.01,894.83,5
HH008710,0,0,0,0.00,2748994.25,2826735.28,0
HH008711,0,0,0,0.00,2157193.68,2687055.00,0
HH008712,0,0,0,0.00,11519214.05,13453886.54,0
HH008713,0,0,0,0.00,3790247.25,3907809.89,0
HH008714,0,0,0,0.00,1205170.78,774128.69,0
HH008715,0,0,0,0.00,12349801.11,13716712.76,0
HH008716,0,0,0,0.00,11838746.67,13225219.48,0
HH008717,0,0,0,0.00,3555779.68,4121728.16,0
HH008718,0,0,0,0.00,3048682.63,2218730.67,0
HH008719,0,0,0,0.00,4121508.35,3948726.30,0
HH008720,0,0,0,0.00,14332323.89,15502438.39,0
HH008721,0,0,0,0.00,1136514.22,1279862.32,0
HH008722,0,0,0,0.00,1929237.99,1942557.02,0
HH008723,0,0,0,0.00,2482134.57,2518125.51,0
HH008724,0,0,0,0.00,7872707.57,7610260.27,0
HH008725,0,0,0,0.00,6317022.62,6598596.66,0
HH008726,0,0,0,0.00,8714517.57,15181563.70,0
HH008727,0,0,0,0.00,81288081.98,81777098.89,0
HH008728,0,0,0,0.00,10456968.74,10839498.67,0
HH008729,0,0,0,0.00,15517144.21,18321636.51,0
HH008730,0,0,0,0.00,2720662.26,2853938.89,0
HH008731,0,0,0,0.00,5575609.06,5811303.92,0
HH008732,0,0,0,0.00,4389703.48,3889445.46,0
HH008733,0,1,1,2509394.01,7288359.83,5037733.50,0
HH008734,0,0,0,0.00,5211016.19,5729374.76,0
HH008735,0,0,0,0.00,2152855.63,2758440.03,0
HH008736,0,0,0,0.00,9678770.54,9308470.79,0
HH008737,0,0,0,0.00,58791765.61,61133919.40,0
HH008738,0,0,0,0.00,18018351.99,22124843.65,0
HH008739,0,0,0,0.00,1736400.27,2366059.39,0
HH008740,0,1,1,6893088.74,12212238.52,5478588.03,0
HH008741,0,0,0,0.00,5289972.82,6522665.81,0
HH008742,0,0,0,0.00,1822240.76,1183082.97,0
HH008743,0,0,0,0.00,6589606.59,8005641.21,0
HH008744,0,0,0,0.00,1387525.27,1402170.85,0
HH008745,0,0,0,0.00,2651766.93,2885279.13,0
HH008746,0,0,0,0.00,4162877.60,1873663.67,0
HH008747,0,0,0,0.00,6838063.14,7223038.36,0
HH008748,0,0,0,0.00,1275882.73,1581750.02,0
HH008749,0,0,0,0.00,1484515.91,1477358.30,0
HH008750,0,0,0,0.00,4423875.96,4111089.82,0
HH008751,0,0,0,0.00,1741250.90,1896662.02,0
HH008752,0,0,0,0.00,1488322.53,1610214.66,0
HH008753,0,1,1,307744.67,1229793.89,995426.20,0
HH008754,0,0,0,0.00,1181807.63,1191615.20,0
HH008755,0,0,0,0.00,1382594.61,1559258.64,0
HH008756,0,0,0,0.00,5894182.96,6681591.79,0
HH008757,0,0,0,0.00,3564937.53,3764063.93,0
HH008758,0,0,0,0.00,31435577.29,30108013.30,0
HH008759,0,0,0,0.00,27515905.95,25150404.51,0
HH008760,0,0,0,0.00,1260285.07,1626970.89,0
HH008761,0,1,1,5283731.07,19211178.99,17296937.43,0
HH008762,0,0,0,0.00,5250677.92,4683031.92,0
HH008763,0,0,0,0.00,13695048.31,14651274.82,0
HH008764,0,0,0,0.00,1194170.13,1283640.62,0
HH008765,0,0,0,0.00,5500628.31,6842418.44,0
HH008766,0,0,0,0.00,6846576.88,6984897.02,0
HH008767,0,0,0,0.00,5873336.68,6895941.75,0
HH008768,0,0,0,0.00,1276543.85,1374257.11,0
HH008769,0,0,0,0.00,1677450.77,1526085.49,0
HH008770,0,0,0,0.00,1363592.10,1334019.54,0
HH008771,0,0,0,0.00,2476599.86,2460511.99,0
HH008772,1,0,1,1642790.83,1685230.92,42440.09,5
HH008773,0,0,0,0.00,1721493.36,2336419.43,0
HH008774,0,1,1,6089881.58,12853822.73,6872507.97,0
HH008775,0,0,0,0.00,3670153.99,3984059.38,0
HH008776,0,0,0,0.00,3553642.78,3880408.09,0
HH008777,0,0,0,0.00,1544571.61,1833466.73,0
HH008778,0,0,0,0.00,4035634.42,4088840.92,0
HH008779,0,1,1,670861.91,2581792.37,2007349.71,0
HH008780,0,0,0,0.00,1200740.14,1397387.04,0
HH008781,0,0,0,0.00,7968700.03,8149218.78,0
HH008782,0,0,0,0.00,2582113.61,2762097.66,0
HH008783,0,0,0,0.00,24077364.50,24284306.93,0
HH008784,0,0,0,0.00,1940528.52,1631179.78,0
HH008785,0,0,0,0.00,7795041.66,7904554.01,0
HH008786,0,0,0,0.00,4056204.94,4937200.72,0
HH008787,0,0,0,0.00,5864539.05,5312041.15,0
HH008788,0,0,0,0.00,1132653.68,1101553.75,0
HH008789,0,0,0,0.00,1387246.93,1697222.01,0
HH008790,0,0,0,0.00,27782341.10,33856218.32,0
HH008791,0,0,0,0.00,38092820.76,40439284.51,0
HH008792,0,0,0,0.00,2600396.46,3312154.96,0
HH008793,0,0,0,0.00,6469205.88,7080166.29,0
HH008794,0,0,0,0.00,4002962.84,4434480.54,0
HH008795,0,0,0,0.00,9510530.77,10592561.24,0
HH008796,0,0,0,0.00,4313056.13,4825728.23,0
HH008797,0,1,1,743157.59,2696173.19,1930932.82,0
HH008798,0,0,0,0.00,3276825.77,2594797.19,0
HH008799,0,0,0,0.00,6183651.27,7373696.92,0
HH008800,0,0,0,0.00,3659957.84,4046707.23,0
HH008801,0,0,0,0.00,31750204.38,34375470.37,0
HH008802,0,0,0,0.00,7246916.30,8954594.06,0
HH008803,0,1,1,698003.66,1300559.84,648497.85,0
HH008804,0,0,0,0.00,9180219.07,8963663.82,0
HH008805,0,0,0,0.00,3977216.16,5181586.23,0
HH008806,0,0,0,0.00,3848114.09,4800970.83,0
HH008807,1,0,1,1613588.59,1620906.54,7317.95,5
HH008808,0,0,0,0.00,1667291.46,1690291.54,0
HH008809,0,0,0,0.00,6339289.89,8101088.23,0
HH008810,0,0,0,0.00,9727221.83,11678482.95,0
HH008811,0,0,0,0.00,24604146.46,31581186.59,0
HH008812,0,0,0,0.00,3178990.84,2894328.81,0
HH008813,0,0,0,0.00,3553322.88,4183132.92,0
HH008814,0,0,0,0.00,1798935.14,1819490.89,0
HH008815,0,0,0,0.00,1957121.72,2140700.78,0
HH008816,0,0,0,0.00,8749141.94,11185478.01,0
HH008817,0,0,0,0.00,17295578.83,23846733.40,0
HH008818,0,0,0,0.00,2879280.27,2832778.95,0
HH008819,0,0,0,0.00,1483788.65,1471292.19,0
HH008820,0,0,0,0.00,8086184.70,7532625.77,0
HH008821,0,0,0,0.00,3523314.23,3581627.60,0
HH008822,0,0,0,0.00,2561349.87,2832799.87,0
HH008823,0,1,1,4726152.95,8262177.46,3664049.65,0
HH008824,0,0,0,0.00,8498860.54,9293106.48,0
HH008825,0,0,0,0.00,37457632.81,39835204.59,0
HH008826,0,1,1,403298.81,1652166.19,1308552.97,0
HH008827,0,0,0,0.00,4415436.29,5135270.89,0
HH008828,0,0,0,0.00,1879660.23,1771966.92,0
HH008829,0,1,1,1150180.32,2929078.87,1691962.97,0
HH008830,0,0,0,0.00,1783624.90,2130380.96,0
HH008831,0,0,0,0.00,61860788.03,57106438.80,0
HH008832,0,0,0,0.00,8914396.34,9931964.21,0
HH008833,0,0,0,0.00,8767950.99,7189364.12,0
HH008834,0,0,0,0.00,3080966.97,3403704.70,0
HH008835,0,0,0,0.00,8998560.57,9672181.68,0
HH008836,0,0,0,0.00,10568578.91,11016847.61,0
HH008837,0,0,0,0.00,2363637.25,2589433.59,0
HH008838,0,0,0,0.00,4836723.64,5172160.81,0
HH008839,0,0,0,0.00,1412290.95,1307806.13,0
HH008840,0,0,0,0.00,1492003.44,1743037.72,0
HH008841,0,0,0,0.00,17312669.65,17419396.19,0
HH008842,0,0,0,0.00,5035758.18,5522073.30,0
HH008843,0,0,0,0.00,4068428.02,3901217.58,0
HH008844,0,0,0,0.00,6149636.12,6782227.60,0
HH008845,0,0,0,0.00,1055810.09,1136260.20,0
HH008846,0,0,0,0.00,6652987.24,7675896.79,0
HH008847,0,0,0,0.00,44768055.27,41825270.37,0
HH008848,0,0,0,0.00,1035667.89,1070498.52,0
HH008849,0,0,0,0.00,9163585.37,8202175.33,0
HH008850,0,0,0,0.00,3090611.96,3528509.54,0
HH008851,0,0,0,0.00,3400027.39,4041404.24,0
HH008852,0,0,0,0.00,3019324.28,2676103.58,0
HH008853,0,0,0,0.00,13283448.70,17312556.65,0
HH008854,1,0,1,36947651.45,37081404.12,133752.67,4
HH008855,0,0,0,0.00,2717365.47,2568412.54,0
HH008856,0,0,0,0.00,5543083.49,8227377.13,0
HH008857,0,0,0,0.00,6531124.62,7365451.82,0
HH008858,0,0,0,0.00,3519255.92,2758115.98,0
HH008859,0,0,0,0.00,11878797.58,13371250.89,0
HH008860,0,0,0,0.00,2728965.08,3090679.64,0
HH008861,0,0,0,0.00,2278183.98,2307240.55,0
HH008862,0,0,0,0.00,21260520.11,19887655.98,0
HH008863,1,0,1,2811047.55,2894193.03,83145.48,4
HH008864,0,0,0,0.00,1492822.50,1676745.82,0
HH008865,0,1,1,4265536.25,7590427.40,3368638.19,0
HH008866,0,0,0,0.00,16388372.24,20900335.46,0
HH008867,0,0,0,0.00,1139075.52,1342324.54,0
HH008868,0,1,1,1967280.05,4855976.76,3244820.99,0
HH008869,0,0,0,0.00,1739897.27,2083038.26,0
HH008870,0,0,0,0.00,5014480.02,5274176.46,0
HH008871,0,0,0,0.00,8442630.59,10061651.73,0
HH008872,1,0,1,4956642.87,5031334.21,74691.34,3
HH008873,0,0,0,0.00,11824601.83,10135762.91,0
HH008874,0,0,0,0.00,11962663.61,11597006.53,0
HH008875,0,0,0,0.00,1672169.35,1903502.00,0
HH008876,0,0,0,0.00,6121941.81,7126980.76,0
HH008877,0,0,0,0.00,1907390.82,1817608.52,0
HH008878,0,0,0,0.00,1373015.13,1347947.88,0
HH008879,0,1,1,2703225.72,4918900.63,2274149.54,0
HH008880,0,0,0,0.00,4777010.13,5357318.98,0
HH008881,0,0,0,0.00,4967211.41,5835769.97,0
HH008882,0,0,0,0.00,4298542.74,5261115.21,0
HH008883,0,0,0,0.00,9863086.37,11621943.69,0
HH008884,0,0,0,0.00,4325479.66,5391105.19,0
HH008885,0,0,0,0.00,3265867.43,3251749.74,0
HH008886,0,0,0,0.00,306142259.42,324801731.93,0
HH008887,0,0,0,0.00,3536332.28,3190835.66,0
HH008888,0,0,0,0.00,1843382.20,2095533.49,0
HH008889,0,1,1,566474.80,1663802.62,1198636.76,0
HH008890,0,0,0,0.00,1070749.03,1281707.93,0
HH008891,0,0,0,0.00,1217665.84,1166853.82,0
HH008892,0,0,0,0.00,3412045.12,3914234.63,0
HH008893,0,0,0,0.00,1102925.89,1173828.82,0
HH008894,0,0,0,0.00,2399798.60,2756208.41,0
HH008895,0,1,1,8144337.56,16797546.91,9618979.19,0
HH008896,0,0,0,0.00,3799434.59,3533547.72,0
HH008897,0,0,0,0.00,1426677.07,1461383.90,0
HH008898,0,0,0,0.00,10595288.94,8829853.63,0
HH008899,0,0,0,0.00,1760270.05,2017881.41,0
HH008900,0,0,0,0.00,1335275.04,1291877.04,0
HH008901,0,0,0,0.00,4385074.56,3590414.63,0
HH008902,0,0,0,0.00,7244652.66,7829200.60,0
HH008903,0,0,0,0.00,7461990.18,8168998.14,0
HH008904,0,0,0,0.00,18882045.96,20906985.65,0
HH008905,0,0,0,0.00,3835560.24,4356381.53,0
HH008906,1,0,1,14263062.27,14392104.76,129042.49,3
HH008907,0,0,0,0.00,2685647.38,2087292.09,0
HH008908,0,0,0,0.00,11763087.65,9375010.87,0
HH008909,0,0,0,0.00,8054651.54,8670522.48,0
HH008910,0,0,0,0.00,5032126.65,5438870.14,0
HH008911,0,0,0,0.00,3066107.78,3512519.65,0
HH008912,0,0,0,0.00,3856628.54,4496188.92,0
HH008913,0,0,0,0.00,15355034.29,15714413.45,0
HH008914,1,0,1,1123159.00,1132646.77,9487.77,5
HH008915,0,0,0,0.00,1172252.48,1329497.96,0
HH008916,0,0,0,0.00,1755602.49,1552251.77,0
HH008917,0,1,1,2272006.14,5244139.20,4146153.18,0
HH008918,0,0,0,0.00,3234108.56,3140455.83,0
HH008919,0,0,0,0.00,2301718.26,2882198.29,0
HH008920,0,0,0,0.00,12088153.28,12815107.75,0
HH008921,0,0,0,0.00,16777285.62,21076729.40,0
HH008922,1,0,1,14887039.71,15189475.22,302435.51,5
HH008923,,,,,52500077.62,67399951.92,0
HH008924,0,0,0,0.00,5597347.98,6078890.69,0
HH008925,1,0,1,1686891.96,1715895.11,29003.15,6
HH008926,0,0,0,0.00,1411852.97,1664008.94,0
HH008927,0,0,0,0.00,5544324.00,9312044.70,0
HH008928,0,0,0,0.00,19987139.00,18335934.19,0
HH008929,1,0,1,4773630.19,4890560.14,116929.95,5
HH008930,0,0,0,0.00,6414534.85,7346623.00,0
HH008931,0,0,0,0.00,2870805.89,3162174.54,0
HH008932,0,0,0,0.00,5040573.69,5752134.79,0
HH008933,0,0,0,0.00,4061563.82,4233249.44,0
HH008934,0,0,0,0.00,2309902.39,2060337.05,0
HH008935,0,0,0,0.00,12912594.61,14726742.72,0
HH008936,0,0,0,0.00,6851318.30,7226598.15,0
HH008937,0,0,0,0.00,20173558.25,24047268.80,0
HH008938,0,0,0,0.00,15911449.89,16314885.79,0
HH008939,0,0,0,0.00,3020394.41,3510265.37,0
HH008940,1,0,1,4392764.93,4455475.52,62710.59,3
HH008941,0,0,0,0.00,1901833.37,1964778.46,0
HH008942,0,0,0,0.00,90700323.79,96909477.05,0
HH008943,0,0,0,0.00,3118630.34,3667839.15,0
HH008944,0,0,0,0.00,21544031.22,25145122.60,0
HH008945,0,0,0,0.00,5840549.40,7042410.88,0
HH008946,0,0,0,0.00,19943582.78,21257604.64,0
HH008947,0,0,0,0.00,9858750.96,10889253.78,0
HH008948,0,0,0,0.00,2825708.11,2879258.79,0
HH008949,0,0,0,0.00,1655364.79,1581851.41,0
HH008950,0,0,0,0.00,12224208.62,13106890.87,0
HH008951,0,0,0,0.00,4609535.40,4737985.18,0
HH008952,0,0,0,0.00,13864445.72,15257789.50,0
HH008953,0,0,0,0.00,17221693.84,16745394.12,0
HH008954,0,0,0,0.00,8115874.74,9205776.27,0
HH008955,0,0,0,0.00,11170774.05,13990392.37,0
HH008956,1,0,1,5510444.54,5660772.96,150328.42,1
HH008957,0,0,0,0.00,2935533.51,3228125.10,0
HH008958,1,0,1,2917445.21,2945481.48,28036.27,4
HH008959,1,0,1,4557763.82,4597480.94,39717.12,5
HH008960,0,0,0,0.00,2652725.59,2934402.25,0
HH008961,0,0,0,0.00,3899113.32,4043670.02,0
HH008962,0,0,0,0.00,3618362.81,3813661.89,0
HH008963,0,0,0,0.00,1916447.49,2213326.78,0
HH008964,1,0,1,1536324.95,1539866.08,3541.13,3
HH008965,0,0,0,0.00,3523946.77,3410872.87,0
HH008966,0,0,0,0.00,2411929.32,2403370.92,0
HH008967,0,0,0,0.00,9057780.06,8621513.95,0
HH008968,0,0,0,0.00,5241364.91,5933037.45,0
HH008969,0,1,1,1465983.85,3624912.25,2506468.92,0
HH008970,0,0,0,0.00,2405012.71,2871849.47,0
HH008971,0,0,0,0.00,13902295.86,17475984.66,0
HH008972,0,0,0,0.00,11084475.16,10035152.61,0
HH008973,0,1,1,1065238.22,4880241.26,4308967.78,0
HH008974,1,0,1,2142465.30,2192405.47,49940.17,3
HH008975,0,0,0,0.00,4980267.11,5069720.19,0
HH008976,0,0,0,0.00,1628617.66,1422355.71,0
HH008977,0,0,0,0.00,5757401.87,6641476.14,0
HH008978,0,0,0,0.00,11927330.08,11950016.57,0
HH008979,0,0,0,0.00,4617703.01,4918142.22,0
HH008980,0,0,0,0.00,4837260.94,5318060.53,0
HH008981,0,1,1,569296.84,2722986.74,3219030.50,0
HH008982,0,0,0,0.00,2819383.03,3668368.42,0
HH008983,0,0,0,0.00,28712684.00,31348920.71,0
HH008984,0,0,0,0.00,5500659.63,5401689.57,0
HH008985,0,0,0,0.00,3693565.15,2565484.28,0
HH008986,0,0,0,0.00,5718000.69,8104765.35,0
HH008987,0,0,0,0.00,46854569.97,58068869.69,0
HH008988,0,0,0,0.00,5392395.24,5625139.75,0
HH008989,1,0,1,2168031.03,2196232.08,28201.05,3
HH008990,0,0,0,0.00,3485852.58,3705652.29,0
HH008991,0,0,0,0.00,14601119.78,15630133.44,0
HH008992,1,0,1,6608498.14,6702070.32,93572.18,2
HH008993,0,0,0,0.00,4589203.15,6816416.31,0
HH008994,0,0,0,0.00,84098049.87,86516679.87,0
HH008995,0,0,0,0.00,4906576.50,4787450.56,0
HH008996,0,0,0,0.00,3827035.58,4562587.97,0
HH008997,0,1,1,2224364.97,7454321.96,5949436.81,0
HH008998,0,1,1,546329.35,1444953.54,1082441.15,0
HH008999,0,0,0,0.00,5549768.99,4979560.02,0
HH009000,0,1,1,7066627.22,22181256.11,15794072.08,0
HH009001,0,1,1,2359504.75,4393929.80,2316211.11,0
HH009002,0,0,0,0.00,11755506.08,11103531.88,0
HH009003,0,0,0,0.00,2033816.18,2277028.77,0
HH009004,0,0,0,0.00,1963606.88,2021038.10,0
HH009005,0,0,0,0.00,1417771.93,2410563.72,0
HH009006,0,0,0,0.00,12719328.40,11508215.16,0
HH009007,0,0,0,0.00,7569178.49,9065130.56,0
HH009008,0,0,0,0.00,7404585.48,8179703.57,0
HH009009,0,0,0,0.00,4541933.56,4914548.24,0
HH009010,0,0,0,0.00,3473180.86,3275200.35,0
HH009011,0,0,0,0.00,2449314.01,2614294.65,0
HH009012,0,0,0,0.00,5965972.12,5759034.30,0
HH009013,0,0,0,0.00,30945185.72,28370119.40,0
HH009014,0,1,1,1026699.94,4429126.94,2980752.42,0
HH009015,1,0,1,3744631.84,3806607.52,61975.68,3
HH009016,0,0,0,0.00,4984850.08,5478270.29,0
HH009017,0,0,0,0.00,8435856.77,9193120.56,0
HH009018,0,0,0,0.00,21961863.97,29907978.01,0
HH009019,0,0,0,0.00,3137371.23,2985161.65,0
HH009020,0,0,0,0.00,1815311.43,1981738.79,0
HH009021,1,0,1,5936941.27,5962914.43,25973.16,3
HH009022,1,0,1,2941530.23,2986519.92,44989.69,1
HH009023,0,0,0,0.00,6284912.42,6014969.96,0
HH009024,0,0,0,0.00,3457504.33,3270835.85,0
HH009025,0,0,0,0.00,11004629.69,11883764.35,0
HH009026,0,0,0,0.00,10768712.14,11444658.38,0
HH009027,1,0,1,10780013.92,11014881.69,234867.77,5
HH009028,0,0,0,0.00,7290746.17,7964286.28,0
HH009029,0,0,0,0.00,15236072.68,18001931.45,0
HH009030,0,0,0,0.00,18991604.86,21133835.43,0
HH009031,0,0,0,0.00,10810050.11,11696948.97,0
HH009032,0,0,0,0.00,22501337.79,22696436.53,0
HH009033,0,0,0,0.00,3182288.90,4005990.54,0
HH009034,0,0,0,0.00,4030930.09,4360370.48,0
HH009035,0,0,0,0.00,7382001.93,9720709.91,0
HH009036,0,0,0,0.00,6151374.25,6125870.00,0
HH009037,0,0,0,0.00,9816013.61,7873032.02,0
HH009038,0,0,0,0.00,12377319.87,12901040.80,0
HH009039,0,0,0,0.00,2718445.36,3078583.89,0
HH009040,0,0,0,0.00,3855303.67,4599680.99,0
HH009041,1,0,1,3972954.01,4071793.17,98839.16,2
HH009042,0,0,0,0.00,2732621.69,3398201.98,0
HH009043,0,0,0,0.00,3807341.55,3949531.78,0
HH009044,0,0,0,0.00,12747979.53,13557982.65,0
HH009045,0,0,0,0.00,7622118.59,7839520.90,0
HH009046,1,0,1,3548125.11,3634992.34,86867.23,1
HH009047,0,0,0,0.00,1286526.27,1175288.53,0
HH009048,0,0,0,0.00,1422594.25,1460637.96,0
HH009049,0,0,0,0.00,2500957.88,3346381.29,0
HH009050,0,0,0,0.00,1429727.58,1701285.10,0
HH009051,0,0,0,0.00,29388401.19,33017880.46,0
HH009052,0,0,0,0.00,21081779.23,20778994.19,0
HH009053,0,0,0,0.00,3456769.64,3203452.61,0
HH009054,0,0,0,0.00,4872629.08,5511422.93,0
HH009055,0,0,0,0.00,6460571.01,5840353.58,0
HH009056,0,0,0,0.00,17138967.46,19941858.22,0
HH009057,0,0,0,0.00,6100073.72,6811176.48,0
HH009058,0,0,0,0.00,2304248.65,2921212.54,0
HH009059,1,0,1,3046554.93,3068639.62,22084.69,5
HH009060,0,0,0,0.00,1169860.84,1260225.42,0
HH009061,0,0,0,0.00,161121574.37,165664479.87,0
HH009062,0,0,0,0.00,1469230.15,1546117.12,0
HH009063,1,0,1,3362977.29,3434372.96,71395.67,3
HH009064,0,0,0,0.00,4383123.83,5402532.67,0
HH009065,0,0,0,0.00,3076417.77,2904712.66,0
HH009066,0,0,0,0.00,7164852.69,8363062.62,0
HH009067,0,0,0,0.00,1165627.41,1079065.70,0
HH009068,0,0,0,0.00,6385926.54,7229449.99,0
HH009069,0,0,0,0.00,5264355.99,5691842.79,0
HH009070,0,1,1,3220566.67,9894323.32,6919793.57,0
HH009071,0,1,1,264683.60,1077752.03,783560.58,0
HH009072,0,0,0,0.00,21733995.63,25707037.32,0
HH009073,0,0,0,0.00,1380198.52,1474223.01,0
HH009074,1,0,1,14330702.68,14547086.59,216383.91,2
HH009075,0,0,0,0.00,7828485.44,11608485.00,0
HH009076,0,0,0,0.00,13493227.00,13525390.23,0
HH009077,0,1,1,2601600.97,12042277.27,10395840.10,0
HH009078,0,1,1,5794235.45,10104153.65,5273038.67,0
HH009079,0,0,0,0.00,4492870.09,4958308.29,0
HH009080,0,0,0,0.00,9807656.48,9798822.69,0
HH009081,0,0,0,0.00,3082282.52,3559286.91,0
HH009082,0,0,0,0.00,40914285.29,45020183.98,0
HH009083,0,1,1,593858.13,1412296.16,1134903.24,0
HH009084,0,0,0,0.00,8904713.92,8259849.10,0
HH009085,0,0,0,0.00,4576129.28,5090447.27,0
HH009086,1,0,1,18583785.56,18834571.62,250786.06,1
HH009087,0,1,1,6960607.16,11630304.86,4610639.98,0
HH009088,0,0,0,0.00,6091766.05,2809319.60,0
HH009089,0,0,0,0.00,6055796.91,6378949.36,0
HH009090,0,0,0,0.00,36416283.16,42736295.80,0
HH009091,0,0,0,0.00,75466819.82,78040172.93,0
HH009092,1,0,1,40111088.96,40374350.63,263261.67,3
HH009093,0,0,0,0.00,23865597.01,27050921.20,0
HH009094,0,0,0,0.00,2780389.16,3598955.80,0
HH009095,0,0,0,0.00,1349923.24,1506061.28,0
HH009096,0,0,0,0.00,9703494.41,7987727.50,0
HH009097,0,0,0,0.00,3646800.18,3818948.04,0
HH009098,0,0,0,0.00,7529497.83,7899608.65,0
HH009099,0,0,0,0.00,7117018.84,8213438.19,0
HH009100,0,0,0,0.00,1701391.24,2968963.85,0
HH009101,0,0,0,0.00,2592422.01,2038422.47,0
HH009102,0,0,0,0.00,7524740.66,8981450.67,0
HH009103,0,0,0,0.00,1753625.29,2230724.11,0
HH009104,0,0,0,0.00,2455255.67,1769800.96,0
HH009105,0,0,0,0.00,1853089.42,2126852.60,0
HH009106,0,0,0,0.00,2318238.97,2744825.27,0
HH009107,0,0,0,0.00,1616547.51,1077809.09,0
HH009108,0,1,1,355938.31,1723742.49,1784692.64,0
HH009109,0,0,0,0.00,39631582.49,45975632.65,0
HH009110,0,0,0,0.00,9186698.52,9280512.72,0
HH009111,0,0,0,0.00,3196408.23,2849157.72,0
HH009112,0,0,0,0.00,1956978.09,2257185.44,0
HH009113,0,0,0,0.00,2922546.86,2893038.56,0
HH009114,0,0,0,0.00,1859469.02,2137001.06,0
HH009115,0,0,0,0.00,17309475.16,15513872.46,0
HH009116,0,0,0,0.00,3435271.70,4392869.26,0
HH009117,0,0,0,0.00,36872568.63,40212181.54,0
HH009118,1,0,1,9458420.63,9623603.40,165182.77,5
HH009119,0,0,0,0.00,2128381.75,2022406.68,0
HH009120,0,1,1,608959.59,1458920.22,1119844.40,0
HH009121,0,0,0,0.00,2158015.23,2617601.01,0
HH009122,0,0,0,0.00,2960577.42,3653052.47,0
HH009123,0,0,0,0.00,2292400.97,2531442.19,0
HH009124,0,0,0,0.00,26556117.29,26887232.88,0
HH009125,0,0,0,0.00,15263240.61,16812362.45,0
HH009126,0,0,0,0.00,3258928.95,3562367.32,0
HH009127,0,1,1,2343758.65,5650925.37,3472517.92,0
HH009128,0,0,0,0.00,1407867.79,1567547.65,0
HH009129,0,0,0,0.00,3831738.13,4414880.58,0
HH009130,0,0,0,0.00,68186955.82,72858493.35,0
HH009131,0,0,0,0.00,2822579.20,2787148.39,0
HH009132,0,1,1,10900506.39,18928678.69,10471975.93,0
HH009133,0,0,0,0.00,3686223.94,4133212.93,0
HH009134,0,0,0,0.00,14659965.77,14755492.68,0
HH009135,0,0,0,0.00,1509451.99,1802618.73,0
HH009136,0,0,0,0.00,7525696.36,6398259.14,0
HH009137,0,0,0,0.00,9582173.75,10293341.68,0
HH009138,0,0,0,0.00,22711127.42,21483763.64,0
HH009139,0,0,0,0.00,12117430.38,13103190.60,0
HH009140,0,0,0,0.00,2126893.72,2366311.60,0
HH009141,0,1,1,442765.21,1874635.90,1492877.52,0
HH009142,0,0,0,0.00,1410736.49,1750039.90,0
HH009143,0,0,0,0.00,7270190.89,7456458.48,0
HH009144,0,1,1,1327612.83,2590274.28,1502052.85,0
HH009145,0,0,0,0.00,1449263.68,1437888.45,0
HH009146,0,1,1,427988.33,1750200.48,1341306.39,0
HH009147,0,0,0,0.00,2014151.52,1573708.76,0
HH009148,0,0,0,0.00,25740518.07,25427914.90,0
HH009149,0,1,1,805711.78,1752400.13,983347.38,0
HH009150,0,0,0,0.00,4588381.51,4920319.20,0
HH009151,0,0,0,0.00,1664640.83,1691245.35,0
HH009152,0,0,0,0.00,6849161.92,9023077.16,0
HH009153,0,0,0,0.00,4202161.77,5057751.22,0
HH009154,0,0,0,0.00,5059275.20,6036195.45,0
HH009155,0,0,0,0.00,1555283.40,1490242.99,0
HH009156,0,0,0,0.00,1688578.41,1774431.97,0
HH009157,0,0,0,0.00,2818002.13,2866477.53,0
HH009158,0,0,0,0.00,13751601.03,16056331.25,0
HH009159,0,0,0,0.00,47466041.79,46884700.59,0
HH009160,0,0,0,0.00,11290466.61,11835565.15,0
HH009161,0,1,1,336944.09,1380908.82,1740499.26,0
HH009162,0,0,0,0.00,1995497.34,2238598.14,0
HH009163,0,0,0,0.00,6040448.25,4521597.41,0
HH009164,0,0,0,0.00,3583781.34,3542997.46,0
HH009165,0,0,0,0.00,29562206.06,31566713.02,0
HH009166,0,0,0,0.00,3419722.93,3390387.30,0
HH009167,0,0,0,0.00,4067449.59,4625538.51,0
HH009168,0,0,0,0.00,34376375.64,34240995.31,0
HH009169,0,0,0,0.00,11324130.47,12891327.15,0
HH009170,0,0,0,0.00,7791658.71,7032011.56,0
HH009171,0,0,0,0.00,2906589.41,3198590.15,0
HH009172,0,0,0,0.00,25982946.00,29722371.78,0
HH009173,0,0,0,0.00,4871450.97,4452920.28,0
HH009174,0,0,0,0.00,22147636.47,27813911.06,0
HH009175,0,0,0,0.00,3319418.15,4480681.84,0
HH009176,0,0,0,0.00,4022540.63,3982571.97,0
HH009177,0,0,0,0.00,24247948.81,25667156.85,0
HH009178,0,0,0,0.00,9104832.36,8186266.01,0
HH009179,0,0,0,0.00,1540339.20,1780407.72,0
HH009180,0,0,0,0.00,50715086.51,61515144.78,0
HH009181,0,0,0,0.00,65141642.95,71736066.81,0
HH009182,0,0,0,0.00,9463221.11,17319239.30,0
HH009183,0,0,0,0.00,5835005.41,6189927.24,0
HH009184,0,0,0,0.00,2946853.65,4246221.31,0
HH009185,0,0,0,0.00,37685376.00,42136690.54,0
HH009186,0,0,0,0.00,11930283.29,9237424.99,0
HH009187,0,1,1,491855.20,2223350.53,1996163.99,0
HH009188,1,0,1,5359266.09,5412816.41,53550.32,2
HH009189,0,0,0,0.00,13054586.79,14344435.01,0
HH009190,0,0,0,0.00,1185571.04,1154695.24,0
HH009191,0,0,0,0.00,26305588.67,29629373.65,0
HH009192,0,0,0,0.00,54988545.45,56659785.49,0
HH009193,0,1,1,10111085.50,32673447.26,23761285.53,0
HH009194,0,0,0,0.00,2374431.21,1946871.38,0
HH009195,0,0,0,0.00,2011318.48,1980636.97,0
HH009196,0,0,0,0.00,1619037.41,1783884.00,0
HH009197,0,0,0,0.00,2814401.00,2896916.19,0
HH009198,0,0,0,0.00,21292825.77,23480464.17,0
HH009199,0,0,0,0.00,1532998.67,1797992.43,0
HH009200,0,0,0,0.00,18651294.56,19739197.92,0
HH009201,1,0,1,13899641.59,14020541.18,120899.59,5
HH009202,0,1,1,1761256.20,4132144.89,2379262.59,0
HH009203,0,0,0,0.00,14607132.42,17098032.50,0
HH009204,0,0,0,0.00,1673583.57,1720265.92,0
HH009205,0,0,0,0.00,2420352.66,2543038.45,0
HH009206,0,0,0,0.00,1588690.72,2098011.71,0
HH009207,0,0,0,0.00,6337196.88,7410674.26,0
HH009208,0,0,0,0.00,7460212.46,8124658.10,0
HH009209,0,0,0,0.00,6807165.19,7320932.60,0
HH009210,0,0,0,0.00,28188958.22,30119583.51,0
HH009211,0,0,0,0.00,11058207.92,18572261.58,0
HH009212,0,0,0,0.00,9256875.47,10946952.06,0
HH009213,0,0,0,0.00,11574917.94,10838673.95,0
HH009214,0,0,0,0.00,63357275.03,68808103.12,0
HH009215,0,0,0,0.00,1763935.45,1895258.30,0
HH009216,0,0,0,0.00,3049990.22,3086609.46,0
HH009217,0,0,0,0.00,7286659.31,7885911.78,0
HH009218,0,0,0,0.00,4204522.82,4664253.73,0
HH009219,0,0,0,0.00,4112591.08,4471376.52,0
HH009220,0,0,0,0.00,6938726.07,7183520.57,0
HH009221,0,1,1,1014429.04,3938092.16,2907430.97,0
HH009222,0,0,0,0.00,5290542.61,8263948.60,0
HH009223,0,0,0,0.00,1559978.53,1752455.51,0
HH009224,0,1,1,4431769.28,8075074.78,3573241.14,0
HH009225,0,0,0,0.00,1586709.21,1760819.85,0
HH009226,0,0,0,0.00,2216858.50,2618614.26,0
HH009227,0,1,1,291478.26,1096978.06,723437.94,0
HH009228,0,0,0,0.00,1170380.47,1297265.44,0
HH009229,0,0,0,0.00,28230039.59,26124615.61,0
HH009230,0,0,0,0.00,4951764.27,3006529.44,0
HH009231,0,0,0,0.00,3683420.48,3380298.70,0
HH009232,0,1,1,3467006.98,9924342.77,5466480.49,0
HH009233,0,0,0,0.00,1980146.72,2341908.26,0
HH009234,0,0,0,0.00,9253175.78,9764479.56,0
HH009235,0,0,0,0.00,18258413.95,20755143.41,0
HH009236,0,0,0,0.00,2256806.54,2284297.53,0
HH009237,0,0,0,0.00,8915398.69,9847167.14,0
HH009238,0,1,1,654481.70,2238116.15,1599013.47,0
HH009239,0,0,0,0.00,2677398.85,3135363.71,0
HH009240,0,0,0,0.00,4702883.90,4443852.83,0
HH009241,0,0,0,0.00,4431241.64,4706567.10,0
HH009242,0,0,0,0.00,1938222.06,2210901.94,0
HH009243,0,0,0,0.00,6646684.95,7422048.12,0
HH009244,0,0,0,0.00,1709331.07,1842191.58,0
HH009245,0,0,0,0.00,11307045.32,12477814.95,0
HH009246,0,0,0,0.00,1882313.96,2051603.52,0
HH009247,0,0,0,0.00,1369795.44,1305813.35,0
HH009248,0,1,1,251923.78,1163480.03,783754.54,0
HH009249,0,0,0,0.00,3059786.42,3220338.50,0
HH009250,0,0,0,0.00,9377876.24,9784507.54,0
HH009251,0,0,0,0.00,28401785.96,27261068.81,0
HH009252,0,0,0,0.00,20114846.21,23204858.96,0
HH009253,0,0,0,0.00,2460832.72,3033240.62,0
HH009254,0,0,0,0.00,1331273.94,1064313.17,0
HH009255,0,0,0,0.00,53668197.55,48771635.58,0
HH009256,0,0,0,0.00,87280073.53,105746511.13,0
HH009257,0,0,0,0.00,8865146.66,9413947.10,0
HH009258,0,1,1,3067625.72,5362824.75,2364228.80,0
HH009259,0,0,0,0.00,1874781.66,2014396.43,0
HH009260,0,0,0,0.00,2620293.60,3093262.49,0
HH009261,0,0,0,0.00,2895984.69,3089386.02,0
HH009262,0,0,0,0.00,6346468.12,7262344.27,0
HH009263,0,0,0,0.00,4261874.11,4420278.45,0
HH009264,0,0,0,0.00,3093841.04,3541524.16,0
HH009265,0,0,0,0.00,20697750.81,22543724.86,0
HH009266,0,0,0,0.00,1287089.79,1335651.53,0
HH009267,0,0,0,0.00,6643520.81,6193419.22,0
HH009268,0,0,0,0.00,5718912.20,5193268.65,0
HH009269,0,0,0,0.00,11453914.00,14149900.33,0
HH009270,0,0,0,0.00,29989244.48,34121149.69,0
HH009271,1,0,1,1602582.67,1612649.39,10066.72,4
HH009272,0,0,0,0.00,1501698.45,1126859.22,0
HH009273,0,1,1,451577.73,1204549.39,741878.70,0
HH009274,0,0,0,0.00,14318416.69,14994887.12,0
HH009275,0,0,0,0.00,33046525.11,32225473.03,0
HH009276,0,1,1,3310464.33,8770642.76,5925145.55,0
HH009277,0,0,0,0.00,5852201.55,6225089.79,0
HH009278,0,0,0,0.00,74811828.10,78527404.03,0
HH009279,0,0,0,0.00,61039149.82,68954963.20,0
HH009280,0,0,0,0.00,6984407.34,7290640.68,0
HH009281,0,0,0,0.00,8622441.36,10305500.57,0
HH009282,0,0,0,0.00,5002633.02,5565822.19,0
HH009283,0,0,0,0.00,5204308.63,6144219.72,0
HH009284,0,0,0,0.00,10123563.18,10921300.79,0
HH009285,0,0,0,0.00,4019313.43,4642483.44,0
HH009286,0,0,0,0.00,8842028.18,11610830.31,0
HH009287,0,0,0,0.00,3286396.92,4933233.11,0
HH009288,0,0,0,0.00,65945833.33,72689266.23,0
HH009289,0,0,0,0.00,8361169.55,5136337.25,0
HH009290,0,0,0,0.00,8239007.80,9048880.03,0
HH009291,0,0,0,0.00,6135830.07,5733472.57,0
HH009292,0,0,0,0.00,4004690.79,4073083.60,0
HH009293,0,1,1,952028.21,1845276.84,1041415.60,0
HH009294,0,0,0,0.00,1410712.45,1428267.38,0
HH009295,0,0,0,0.00,23718981.10,18715311.02,0
HH009296,0,0,0,0.00,11262418.63,10893804.10,0
HH009297,0,0,0,0.00,8633421.57,8365811.80,0
HH009298,1,0,1,27672275.61,28507240.45,834964.84,2
HH009299,0,0,0,0.00,2552263.01,2595775.02,0
HH009300,0,0,0,0.00,5037052.92,7124234.76,0
HH009301,0,0,0,0.00,8309366.41,8136378.35,0
HH009302,0,0,0,0.00,14408039.71,12638608.33,0
HH009303,0,0,0,0.00,9966327.36,9815398.65,0
HH009304,0,0,0,0.00,4306805.51,3748888.43,0
HH009305,0,0,0,0.00,4640284.27,5641035.13,0
HH009306,0,0,0,0.00,7020831.27,7013210.17,0
HH009307,0,0,0,0.00,20676492.98,19423873.96,0
HH009308,0,0,0,0.00,2012768.96,1993539.70,0
HH009309,0,0,0,0.00,2131815.56,2027934.59,0
HH009310,0,0,0,0.00,1829400.46,2502007.28,0
HH009311,0,0,0,0.00,16471372.85,17445359.70,0
HH009312,0,0,0,0.00,3011487.12,2926809.06,0
HH009313,0,0,0,0.00,9576487.17,11350559.41,0
HH009314,1,0,1,4507526.43,4640579.71,133053.28,1
HH009315,0,0,0,0.00,5730313.81,5576413.95,0
HH009316,0,0,0,0.00,1722732.15,1747326.94,0
HH009317,1,0,1,7026962.48,7163378.17,136415.69,3
HH009318,0,0,0,0.00,1356199.42,1442066.66,0
HH009319,0,0,0,0.00,3781139.55,3300141.75,0
HH009320,0,0,0,0.00,25073713.57,27906983.94,0
HH009321,0,0,0,0.00,4086868.95,4102066.60,0
HH009322,0,0,0,0.00,3757293.64,3200990.21,0
HH009323,0,0,0,0.00,9833639.37,10809015.05,0
HH009324,1,0,1,4636948.21,4652872.53,15924.32,2
HH009325,0,0,0,0.00,10177157.48,11616355.62,0
HH009326,0,0,0,0.00,4834737.52,5486240.53,0
HH009327,0,0,0,0.00,4406209.26,5336800.84,0
HH009328,0,0,0,0.00,20960497.07,20565231.28,0
HH009329,0,0,0,0.00,2430605.77,2769508.12,0
HH009330,0,0,0,0.00,1363755.50,1691971.46,0
HH009331,0,0,0,0.00,29795821.90,30595773.81,0
HH009332,0,0,0,0.00,3589712.89,3801560.77,0
HH009333,0,0,0,0.00,7207687.32,7781831.92,0
HH009334,0,0,0,0.00,4408447.80,4666172.23,0
HH009335,0,0,0,0.00,1399145.78,1323720.41,0
HH009336,0,0,0,0.00,5617450.36,4991923.81,0
HH009337,0,0,0,0.00,7860224.39,7984459.61,0
HH009338,0,0,0,0.00,2992471.78,2990446.32,0
HH009339,0,0,0,0.00,81359718.28,71685849.54,0
HH009340,0,0,0,0.00,23211999.16,23001069.07,0
HH009341,0,0,0,0.00,2067982.16,1618224.23,0
HH009342,0,0,0,0.00,9801640.86,9966729.62,0
HH009343,0,0,0,0.00,4795262.97,4615280.92,0
HH009344,0,0,0,0.00,11041358.74,12104169.79,0
HH009345,0,0,0,0.00,5414060.47,6742998.10,0
HH009346,0,0,0,0.00,2100555.02,2253097.21,0
HH009347,0,0,0,0.00,6187072.10,6451182.01,0
HH009348,0,0,0,0.00,9506042.97,9655778.78,0
HH009349,0,0,0,0.00,4704039.79,4240623.07,0
HH009350,0,0,0,0.00,1756525.59,1930496.29,0
HH009351,0,1,1,1810202.73,3098283.46,1257300.16,0
HH009352,0,0,0,0.00,5708050.49,6384138.86,0
HH009353,0,0,0,0.00,10907977.99,12101061.17,0
HH009354,0,0,0,0.00,6241300.22,6864988.07,0
HH009355,0,0,0,0.00,1094609.27,1234492.84,0
HH009356,0,0,0,0.00,5744445.86,6236377.61,0
HH009357,0,0,0,0.00,180721754.91,171919492.71,0
HH009358,0,0,0,0.00,14307101.49,18196189.85,0
HH009359,0,0,0,0.00,13936299.97,15510317.02,0
HH009360,0,0,0,0.00,2223795.77,2560186.43,0
HH009361,0,0,0,0.00,156399562.08,200041112.08,0
HH009362,0,0,0,0.00,9745463.84,9440366.88,0
HH009363,0,0,0,0.00,3054223.88,3759045.42,0
HH009364,1,0,1,16418933.52,16436515.68,17582.16,5
HH009365,0,0,0,0.00,8935505.36,10647513.84,0
HH009366,0,0,0,0.00,3315799.24,3063850.28,0
HH009367,0,0,0,0.00,1296989.80,1411622.95,0
HH009368,0,0,0,0.00,7598339.49,8416516.86,0
HH009369,,,,,6725320.29,6874903.07,0
HH009370,0,1,1,2089843.50,7735632.25,6544068.74,0
HH009371,0,0,0,0.00,11232507.51,9289643.75,0
HH009372,1,0,1,7491777.52,7713001.82,221224.30,1
HH009373,0,0,0,0.00,3335117.45,3810627.94,0
HH009374,0,0,0,0.00,28508165.01,31707065.42,0
HH009375,0,0,0,0.00,5670725.17,5845529.68,0
HH009376,,,,,20359339.87,28015804.57,0
HH009377,0,0,0,0.00,6097141.37,4387731.94,0
HH009378,0,0,0,0.00,10735991.36,10988088.45,0
HH009379,1,0,1,7094836.93,7130241.97,35405.04,3
HH009380,0,1,1,1313300.50,3904459.54,2217740.00,0
HH009381,0,0,0,0.00,73561129.17,75973351.36,0
HH009382,0,0,0,0.00,6896965.00,8491934.93,0
HH009383,0,0,0,0.00,8839005.85,9757152.91,0
HH009384,0,0,0,0.00,5741838.51,6077717.80,0
HH009385,0,0,0,0.00,5346273.86,5466837.58,0
HH009386,0,0,0,0.00,7725133.32,8570839.76,0
HH009387,0,0,0,0.00,12965091.92,13155193.34,0
HH009388,0,0,0,0.00,74321022.54,74840353.80,0
HH009389,0,0,0,0.00,4809025.87,4872079.04,0
HH009390,0,0,0,0.00,14451417.97,12637374.10,0
HH009391,1,0,1,16290785.96,16617360.70,326574.74,3
HH009392,0,0,0,0.00,5003704.30,5247641.62,0
HH009393,0,0,0,0.00,7024627.17,8255517.92,0
HH009394,0,0,0,0.00,4282553.70,4367724.29,0
HH009395,0,0,0,0.00,16970630.16,18021236.03,0
HH009396,0,0,0,0.00,5989178.64,9409256.68,0
HH009397,0,0,0,0.00,61844271.35,64864127.59,0
HH009398,0,0,0,0.00,7527518.81,7419346.80,0
HH009399,0,0,0,0.00,2540657.67,2918297.00,0
HH009400,0,0,0,0.00,2072754.98,2160763.42,0
HH009401,0,0,0,0.00,1329888.91,1803305.25,0
HH009402,0,0,0,0.00,1695492.71,2003810.84,0
HH009403,0,0,0,0.00,6591468.57,6866446.10,0
HH009404,0,0,0,0.00,4308691.25,3991262.96,0
HH009405,0,0,0,0.00,2009595.73,2314975.32,0
HH009406,0,1,1,5228165.36,8682807.11,3611703.95,0
HH009407,0,0,0,0.00,2037731.91,2067991.04,0
HH009408,0,0,0,0.00,10180217.08,12374196.55,0
HH009409,0,0,0,0.00,6397674.91,7294833.97,0
HH009410,0,0,0,0.00,1437516.38,1634081.59,0
HH009411,0,0,0,0.00,12901037.76,16235417.97,0
HH009412,0,0,0,0.00,30333879.28,43479252.29,0
HH009413,1,0,1,22699777.00,23235599.25,535822.25,2
HH009414,0,1,1,3131305.08,9629748.80,6001451.37,0
HH009415,0,0,0,0.00,11731231.24,12413108.11,0
HH009416,0,0,0,0.00,14059835.90,15021725.45,0
HH009417,0,0,0,0.00,2700241.00,2991393.03,0
HH009418,0,0,0,0.00,11237397.39,11746503.06,0
HH009419,0,0,0,0.00,8550863.87,9335738.72,0
HH009420,0,0,0,0.00,1503398.27,1559591.05,0
HH009421,0,0,0,0.00,4162748.22,4706463.33,0
HH009422,0,0,0,0.00,35613980.01,54599228.42,0
HH009423,0,0,0,0.00,21776176.05,19781500.89,0
HH009424,0,0,0,0.00,22536872.13,19805864.00,0
HH009425,0,0,0,0.00,2828523.42,2919328.61,0
HH009426,0,0,0,0.00,3791368.17,4322863.47,0
HH009427,0,0,0,0.00,15513186.23,15148026.66,0
HH009428,1,0,1,58149627.62,59890775.81,1741148.19,2
HH009429,0,0,0,0.00,5802128.75,5829926.24,0
HH009430,0,0,0,0.00,6004228.83,6726624.68,0
HH009431,0,0,0,0.00,6245796.68,7972274.91,0
HH009432,0,0,0,0.00,3171354.89,3546544.93,0
HH009433,0,0,0,0.00,1305786.11,1340354.55,0
HH009434,0,0,0,0.00,5085250.70,4588053.32,0
HH009435,0,0,0,0.00,14723086.67,16460114.48,0
HH009436,0,0,0,0.00,1446959.60,1404735.74,0
HH009437,0,0,0,0.00,2988299.56,3063001.09,0
HH009438,0,0,0,0.00,12130799.69,12952931.13,0
HH009439,0,0,0,0.00,16511804.45,16885013.45,0
HH009440,0,0,0,0.00,4291529.49,4771603.09,0
HH009441,0,0,0,0.00,3579741.72,4087226.41,0
HH009442,0,0,0,0.00,4900104.05,4937367.89,0
HH009443,0,0,0,0.00,2211313.41,2115296.11,0
HH009444,0,0,0,0.00,33445826.85,37191496.71,0
HH009445,0,0,0,0.00,16510511.11,22123551.72,0
HH009446,0,0,0,0.00,3469355.91,4880715.70,0
HH009447,0,0,0,0.00,7071496.58,6964051.70,0
HH009448,0,0,0,0.00,49319254.28,84698835.83,0
HH009449,0,0,0,0.00,22514613.09,20003012.87,0
HH009450,0,0,0,0.00,11530175.15,13151745.29,0
HH009451,0,0,0,0.00,4019212.74,4468039.35,0
HH009452,0,0,0,0.00,4565603.38,4404495.17,0
HH009453,0,1,1,2053074.45,5464728.95,3051825.63,0
HH009454,0,0,0,0.00,3553817.70,2961098.83,0
HH009455,0,0,0,0.00,4789729.10,5300842.27,0
HH009456,0,0,0,0.00,2307807.40,2633719.43,0
HH009457,0,0,0,0.00,17949507.97,17264054.87,0
HH009458,1,0,1,10661136.21,10802995.78,141859.57,5
HH009459,0,0,0,0.00,8528023.19,11159298.44,0
HH009460,0,0,0,0.00,5782179.04,4916321.16,0
HH009461,1,0,1,7521437.03,7667438.10,146001.07,6
HH009462,0,0,0,0.00,13306867.35,14057478.55,0
HH009463,0,0,0,0.00,24633256.86,24454136.46,0
HH009464,0,0,0,0.00,2197022.40,2415277.97,0
HH009465,1,0,1,4042327.63,4151979.64,109652.01,1
HH009466,0,0,0,0.00,1385812.44,1443499.78,0
HH009467,0,0,0,0.00,6474312.17,4794356.12,0
HH009468,0,0,0,0.00,11177659.50,12347672.44,0
HH009469,0,0,0,0.00,5827375.15,6368196.90,0
HH009470,0,0,0,0.00,27607616.15,28019981.67,0
HH009471,0,0,0,0.00,3662518.53,3983594.50,0
HH009472,0,1,1,568986.81,1243830.08,683116.29,0
HH009473,0,0,0,0.00,2224638.88,1812558.32,0
HH009474,0,0,0,0.00,11435643.86,12749709.79,0
HH009475,0,0,0,0.00,16205865.41,15799048.78,0
HH009476,0,0,0,0.00,4764877.64,5124807.01,0
HH009477,0,0,0,0.00,3434527.60,3574598.90,0
HH009478,0,0,0,0.00,7298904.91,7780408.77,0
HH009479,0,0,0,0.00,6557622.69,7590862.33,0
HH009480,0,0,0,0.00,245111398.51,265899226.37,0
HH009481,0,0,0,0.00,2234161.44,3164541.56,0
HH009482,0,0,0,0.00,32129429.23,39782754.55,0
HH009483,0,0,0,0.00,2789434.03,2966438.53,0
HH009484,0,0,0,0.00,2283367.77,1689011.79,0
HH009485,0,0,0,0.00,1462787.05,1596964.07,0
HH009486,0,0,0,0.00,3750689.53,5168222.82,0
HH009487,0,0,0,0.00,1720398.99,2012257.66,0
HH009488,0,0,0,0.00,15181946.44,16633094.23,0
HH009489,0,0,0,0.00,2693140.78,4481539.44,0
HH009490,0,0,0,0.00,1071630.82,1874683.99,0
HH009491,0,0,0,0.00,20589431.98,17159352.42,0
HH009492,0,0,0,0.00,6347795.24,6150252.16,0
HH009493,0,0,0,0.00,1597160.57,1233282.48,0
HH009494,0,0,0,0.00,8305241.52,8783999.00,0
HH009495,0,0,0,0.00,9668793.71,11515706.72,0
HH009496,0,0,0,0.00,2818970.23,2782503.08,0
HH009497,0,0,0,0.00,1145828.52,1221508.41,0
HH009498,0,1,1,2158221.60,4160313.05,2433512.97,0
HH009499,1,0,1,17028197.64,17125196.40,96998.76,1
HH009500,0,0,0,0.00,10733905.56,12150902.64,0
HH009501,0,0,0,0.00,14281989.07,12957103.31,0
HH009502,0,0,0,0.00,4121718.80,3990973.06,0
HH009503,0,0,0,0.00,4584052.98,4908581.66,0
HH009504,0,0,0,0.00,9756725.01,11358661.80,0
HH009505,0,0,0,0.00,1732192.27,1730393.60,0
HH009506,0,1,1,523499.04,1237465.73,764933.34,0
HH009507,0,0,0,0.00,2284623.30,3164920.25,0
HH009508,0,0,0,0.00,3247110.77,3630549.31,0
HH009509,0,0,0,0.00,62421793.04,67197076.02,0
HH009510,0,0,0,0.00,6952419.91,8214305.59,0
HH009511,0,0,0,0.00,2924422.93,2822031.93,0
HH009512,0,0,0,0.00,9146673.08,10221276.47,0
HH009513,0,1,1,634333.58,2963056.53,2238648.42,0
HH009514,0,0,0,0.00,16219944.29,17216113.81,0
HH009515,0,0,0,0.00,2611415.38,2610585.51,0
HH009516,0,0,0,0.00,1031571.67,1096730.95,0
HH009517,0,0,0,0.00,9315018.14,8718462.08,0
HH009518,0,0,0,0.00,7350026.81,7560129.45,0
HH009519,0,0,0,0.00,1995611.02,2203929.65,0
HH009520,0,0,0,0.00,5016535.28,5164452.66,0
HH009521,1,0,1,1539186.45,1548347.24,9160.79,6
HH009522,0,0,0,0.00,1022464.57,1186356.64,0
HH009523,0,0,0,0.00,5291232.67,4974685.63,0
HH009524,0,1,1,1386454.22,6067577.39,3962527.94,0
HH009525,0,0,0,0.00,1964015.71,1828648.73,0
HH009526,0,0,0,0.00,3272999.04,3486505.75,0
HH009527,0,0,0,0.00,6891143.09,7832564.22,0
HH009528,0,0,0,0.00,11145035.70,12241360.29,0
HH009529,0,0,0,0.00,11185007.75,11727891.74,0
HH009530,0,0,0,0.00,1524523.92,1830956.49,0
HH009531,0,0,0,0.00,3812154.43,3775601.92,0
HH009532,0,1,1,483790.59,1196327.58,682106.16,0
HH009533,0,0,0,0.00,12798907.01,12696327.68,0
HH009534,0,0,0,0.00,8107855.59,7695599.37,0
HH009535,0,0,0,0.00,3887072.10,4296578.75,0
HH009536,0,0,0,0.00,10870570.45,6229792.83,0
HH009537,0,0,0,0.00,4225794.36,4322132.45,0
HH009538,0,0,0,0.00,19977648.31,17562689.03,0
HH009539,0,0,0,0.00,1096062.63,1047821.30,0
HH009540,0,0,0,0.00,3291887.15,3280285.82,0
HH009541,0,0,0,0.00,2207550.62,2249765.11,0
HH009542,0,0,0,0.00,9275658.31,9263709.52,0
HH009543,0,0,0,0.00,9698447.68,9566854.56,0
HH009544,0,0,0,0.00,1960462.78,1882154.25,0
HH009545,0,0,0,0.00,1678933.26,1704209.77,0
HH009546,0,0,0,0.00,2233422.86,3844695.70,0
HH009547,0,0,0,0.00,3734352.01,3996680.51,0
HH009548,0,0,0,0.00,11106460.83,12510490.32,0
HH009549,1,0,1,1755311.92,1774230.41,18918.49,5
HH009550,1,0,1,19737535.70,19835680.99,98145.29,2
HH009551,1,0,1,1711477.17,1751867.84,40390.67,1
HH009552,0,0,0,0.00,1353662.79,1157950.73,0
HH009553,0,1,1,217289.68,1029292.86,1119490.82,0
HH009554,1,0,1,50605415.55,50797721.56,192306.01,2
HH009555,0,0,0,0.00,8997540.58,7696602.37,0
HH009556,0,0,0,0.00,3921451.74,4220296.88,0
HH009557,0,0,0,0.00,10111554.46,10009350.53,0
HH009558,0,0,0,0.00,2940008.12,3392649.05,0
HH009559,0,0,0,0.00,9605842.82,9833229.84,0
HH009560,0,0,0,0.00,13023580.38,13832656.98,0
HH009561,0,0,0,0.00,3145238.95,3028050.02,0
HH009562,0,0,0,0.00,5536880.84,5207623.79,0
HH009563,0,0,0,0.00,19082262.85,21830114.19,0
HH009564,0,0,0,0.00,8525011.05,8722640.23,0
HH009565,0,0,0,0.00,26552207.61,30872694.74,0
HH009566,0,0,0,0.00,18259958.38,18128901.11,0
HH009567,0,1,1,1059493.63,4301996.59,3056573.01,0
HH009568,0,0,0,0.00,16588361.84,17670087.92,0
HH009569,0,0,0,0.00,1409377.88,1503656.07,0
HH009570,0,0,0,0.00,3083615.20,3718330.40,0
HH009571,0,0,0,0.00,1522467.22,1397748.56,0
HH009572,0,0,0,0.00,5596260.21,6539818.42,0
HH009573,1,0,1,35548082.04,36241348.71,693266.67,5
HH009574,0,1,1,6344613.40,16202199.73,12167557.49,0
HH009575,0,0,0,0.00,7525394.72,11942300.71,0
HH009576,0,1,1,1147806.54,1876870.23,727041.17,0
HH009577,0,0,0,0.00,11938822.34,11615220.69,0
HH009578,1,0,1,3976793.02,4015481.83,38688.81,5
HH009579,0,0,0,0.00,6460742.79,7512515.48,0
HH009580,0,0,0,0.00,3864781.87,3413219.48,0
HH009581,0,0,0,0.00,40605571.69,39776276.69,0
HH009582,0,0,0,0.00,24262051.49,30004740.55,0
HH009583,0,0,0,0.00,2527363.09,2519171.80,0
HH009584,,,,,5992255.37,9878500.40,0
HH009585,0,0,0,0.00,9794228.80,12052744.77,0
HH009586,0,1,1,366213.25,1793384.15,1527481.62,0
HH009587,0,0,0,0.00,9995718.78,9935020.37,0
HH009588,0,0,0,0.00,6814665.50,7281693.51,0
HH009589,1,0,1,989866.15,1006861.77,16995.62,1
HH009590,0,0,0,0.00,14429366.49,13787893.23,0
HH009591,0,0,0,0.00,4291766.91,4548500.58,0
HH009592,0,1,1,4043105.03,7050312.38,3396007.68,0
HH009593,0,0,0,0.00,4574449.56,5355562.99,0
HH009594,0,1,1,2154136.53,7379773.49,4815849.68,0
HH009595,0,0,0,0.00,2760561.95,2795244.57,0
HH009596,0,0,0,0.00,2555860.86,2726559.06,0
HH009597,0,1,1,919347.03,2270119.27,1804526.89,0
HH009598,0,0,0,0.00,15285095.14,15418177.96,0
HH009599,0,0,0,0.00,14012882.59,15156029.31,0
HH009600,0,0,0,0.00,3589785.58,3671496.57,0
HH009601,0,1,1,940858.43,3491335.83,2697894.33,0
HH009602,0,0,0,0.00,3723600.90,3962304.00,0
HH009603,0,0,0,0.00,5465992.49,5576574.60,0
HH009604,0,0,0,0.00,8965403.86,10355116.70,0
HH009605,0,1,1,1427308.90,4532124.10,3431763.45,0
HH009606,0,0,0,0.00,2159883.65,1983181.51,0
HH009607,0,0,0,0.00,7204576.26,8055528.90,0
HH009608,0,0,0,0.00,4189531.84,5113529.31,0
HH009609,0,0,0,0.00,11094378.93,14854712.12,0
HH009610,0,0,0,0.00,14865061.27,13742331.73,0
HH009611,0,0,0,0.00,13365497.23,13189131.37,0
HH009612,0,0,0,0.00,1298311.39,1469051.00,0
HH009613,0,0,0,0.00,8557177.35,9557710.35,0
HH009614,0,0,0,0.00,1340510.10,1373804.55,0
HH009615,0,0,0,0.00,14712506.00,18243126.06,0
HH009616,0,0,0,0.00,14039266.91,16734314.60,0
HH009617,0,0,0,0.00,6222416.94,8411813.97,0
HH009618,0,0,0,0.00,1365393.36,1450260.52,0
HH009619,0,0,0,0.00,1864317.47,1873419.21,0
HH009620,1,0,1,6536290.33,6616536.71,80246.38,3
HH009621,0,0,0,0.00,6641615.39,7668249.14,0
HH009622,0,0,0,0.00,13792184.89,15104076.22,0
HH009623,0,0,0,0.00,9793756.63,9454539.53,0
HH009624,0,0,0,0.00,5968790.85,7361338.37,0
HH009625,0,0,0,0.00,3796004.96,4053140.17,0
HH009626,0,0,0,0.00,7016396.97,6485050.91,0
HH009627,0,0,0,0.00,1958114.12,2233997.87,0
HH009628,0,0,0,0.00,1201450.59,1225634.94,0
HH009629,0,0,0,0.00,2978037.12,3133637.44,0
HH009630,0,0,0,0.00,4944674.13,4912729.10,0
HH009631,0,0,0,0.00,1940025.18,1985360.99,0
HH009632,0,0,0,0.00,12694066.75,17498280.47,0
HH009633,1,0,1,13476396.27,13589003.26,112606.99,1
HH009634,1,0,1,10852861.78,11064380.81,211519.03,3
HH009635,0,0,0,0.00,5677540.65,6043265.84,0
HH009636,0,0,0,0.00,8994947.57,9577574.72,0
HH009637,0,0,0,0.00,34048698.51,37933526.42,0
HH009638,0,0,0,0.00,9329279.62,10138051.93,0
HH009639,1,0,1,2092928.05,2111981.78,19053.73,1
HH009640,0,0,0,0.00,12696556.59,12778367.26,0
HH009641,0,0,0,0.00,18659551.47,19519042.04,0
HH009642,0,0,0,0.00,7742026.52,10528875.16,0
HH009643,0,0,0,0.00,4726352.67,5073395.61,0
HH009644,0,0,0,0.00,3168278.61,3160916.91,0
HH009645,0,0,0,0.00,1370990.41,1463019.05,0
HH009646,0,0,0,0.00,21128699.65,24864589.01,0
HH009647,0,0,0,0.00,20882909.48,23940881.97,0
HH009648,0,0,0,0.00,5540345.07,4841983.19,0
HH009649,0,0,0,0.00,11253639.60,11554403.75,0
HH009650,0,0,0,0.00,14323484.67,15434864.73,0
HH009651,0,0,0,0.00,8835550.21,9875548.78,0
HH009652,0,0,0,0.00,2581046.88,2694910.18,0
HH009653,0,0,0,0.00,1225667.91,1316829.89,0
HH009654,0,0,0,0.00,3529441.67,3840850.53,0
HH009655,0,0,0,0.00,3146281.37,4251024.45,0
HH009656,0,0,0,0.00,4298721.55,4673480.66,0
HH009657,0,0,0,0.00,8230392.55,8973767.40,0
HH009658,0,1,1,6906518.09,24860009.73,20222484.05,0
HH009659,0,0,0,0.00,4401165.25,4207438.10,0
HH009660,0,0,0,0.00,5488122.69,6588164.00,0
HH009661,0,0,0,0.00,7618425.24,7901697.08,0
HH009662,0,0,0,0.00,1673815.40,2303888.93,0
HH009663,0,0,0,0.00,18748266.80,18005785.89,0
HH009664,0,0,0,0.00,29780287.47,31013382.62,0
HH009665,1,0,1,4547790.56,4599065.41,51274.85,1
HH009666,0,0,0,0.00,6629917.22,9132164.24,0
HH009667,0,0,0,0.00,9151955.97,9856985.39,0
HH009668,0,0,0,0.00,2268796.01,2644167.96,0
HH009669,0,0,0,0.00,4165124.38,4600533.95,0
HH009670,0,0,0,0.00,5550094.97,6100349.85,0
HH009671,0,0,0,0.00,2282166.71,2644350.18,0
HH009672,0,0,0,0.00,13528308.30,14097025.73,0
HH009673,0,1,1,1362996.22,5852373.99,4433299.75,0
HH009674,0,0,0,0.00,1335923.99,1435172.23,0
HH009675,0,0,0,0.00,8880645.38,8771554.99,0
HH009676,0,0,0,0.00,1011301.76,975047.83,0
HH009677,0,0,0,0.00,28079845.24,29175263.75,0
HH009678,,,,,1406234.62,1688865.39,0
HH009679,0,0,0,0.00,3745875.49,4073113.09,0
HH009680,1,0,1,4158380.50,4244907.33,86526.83,5
HH009681,0,0,0,0.00,5776403.41,8194322.03,0
HH009682,1,0,1,35469577.70,35895486.82,425909.12,1
HH009683,0,0,0,0.00,1015819.95,827558.57,0
HH009684,0,0,0,0.00,1952114.04,1615637.79,0
HH009685,0,0,0,0.00,6270186.14,6112117.00,0
HH009686,0,0,0,0.00,1614574.78,1625528.93,0
HH009687,0,0,0,0.00,4171178.79,4760092.79,0
HH009688,1,0,1,8588042.05,8802856.60,214814.55,6
HH009689,0,0,0,0.00,1879086.96,1887789.08,0
HH009690,0,0,0,0.00,2401729.74,2950063.37,0
HH009691,0,0,0,0.00,4764985.92,5545868.01,0
HH009692,0,0,0,0.00,2753372.35,2185908.14,0
HH009693,0,0,0,0.00,18959728.05,18188116.56,0
HH009694,0,0,0,0.00,4958848.58,5262613.01,0
HH009695,0,0,0,0.00,8415944.93,8973736.85,0
HH009696,0,0,0,0.00,14087905.02,14134237.77,0
HH009697,1,0,1,9445420.67,9465436.42,20015.75,6
HH009698,0,0,0,0.00,6124349.90,5452997.07,0
HH009699,0,0,0,0.00,4976981.21,5895076.43,0
HH009700,0,0,0,0.00,1900870.15,1723603.80,0
HH009701,0,0,0,0.00,2089958.85,2447898.79,0
HH009702,0,0,0,0.00,3227637.14,3676518.03,0
HH009703,0,0,0,0.00,7984542.60,8676440.99,0
HH009704,1,0,1,4081676.44,4157544.94,75868.50,6
HH009705,1,0,1,24300434.29,24963904.53,663470.24,5
HH009706,0,0,0,0.00,11339287.67,14315394.12,0
HH009707,0,0,0,0.00,3844604.60,4207049.17,0
HH009708,0,0,0,0.00,28883608.26,28982324.44,0
HH009709,0,0,0,0.00,3106037.89,2405190.19,0
HH009710,0,0,0,0.00,71625615.50,76427512.57,0
HH009711,0,0,0,0.00,2752881.85,2751629.64,0
HH009712,1,0,1,33988381.63,34343250.13,354868.50,6
HH009713,0,0,0,0.00,4398861.09,5282061.25,0
HH009714,0,0,0,0.00,14408842.43,17912449.10,0
HH009715,0,0,0,0.00,8202392.74,8130162.64,0
HH009716,0,0,0,0.00,4769050.42,5163109.34,0
HH009717,0,0,0,0.00,14750861.42,19296219.42,0
HH009718,0,0,0,0.00,4757735.00,5064377.14,0
HH009719,0,0,0,0.00,2455270.61,2748092.93,0
HH009720,1,0,1,6330531.52,6373703.20,43171.68,6
HH009721,0,0,0,0.00,2677354.40,2854487.56,0
HH009722,0,0,0,0.00,16623249.71,17775829.17,0
HH009723,0,0,0,0.00,57757673.01,60418543.88,0
HH009724,0,0,0,0.00,7955397.38,6978849.54,0
HH009725,0,0,0,0.00,2484865.68,2344031.52,0
HH009726,0,0,0,0.00,2712722.72,2971518.16,0
HH009727,0,0,0,0.00,20751018.37,23863040.61,0
HH009728,0,0,0,0.00,4339880.20,5510931.00,0
HH009729,0,0,0,0.00,7470931.32,9039779.44,0
HH009730,0,0,0,0.00,5874827.50,5634889.66,0
HH009731,0,0,0,0.00,3498514.74,3735232.80,0
HH009732,0,0,0,0.00,4085802.29,3903392.15,0
HH009733,0,0,0,0.00,2086146.08,2165237.62,0
HH009734,0,0,0,0.00,7765442.02,7575884.10,0
HH009735,0,0,0,0.00,1474118.74,1771518.97,0
HH009736,0,1,1,1511502.31,3756279.57,2445288.74,0
HH009737,0,0,0,0.00,1724367.79,3480891.23,0
HH009738,0,0,0,0.00,6592421.76,14749912.79,0
HH009739,0,0,0,0.00,10139030.67,9917392.98,0
HH009740,0,0,0,0.00,10010595.54,11293252.37,0
HH009741,0,0,0,0.00,8671137.27,9185733.27,0
HH009742,0,0,0,0.00,24973108.70,27599547.27,0
HH009743,0,0,0,0.00,4394380.92,5497378.86,0
HH009744,0,0,0,0.00,5450883.73,5929267.78,0
HH009745,0,0,0,0.00,5255098.20,6473826.68,0
HH009746,0,0,0,0.00,3529961.73,4265645.12,0
HH009747,0,0,0,0.00,26652557.00,25834034.67,0
HH009748,0,0,0,0.00,5638062.19,6258746.76,0
HH009749,0,1,1,6066079.60,27955448.59,21847810.23,0
HH009750,0,0,0,0.00,8400790.70,10933552.63,0
HH009751,0,1,1,919648.76,2589038.68,1234701.48,0
HH009752,0,1,1,1407893.13,4365606.17,3730909.53,0
HH009753,0,0,0,0.00,14940283.21,18401103.53,0
HH009754,0,0,0,0.00,1121762.18,1181423.97,0
HH009755,0,1,1,497666.68,1393869.35,965095.16,0
HH009756,0,0,0,0.00,1236776.22,1248401.30,0
HH009757,0,0,0,0.00,1150909.18,1180517.55,0
HH009758,0,0,0,0.00,1173032.19,1198022.11,0
HH009759,0,0,0,0.00,5268983.57,5584317.41,0
HH009760,0,0,0,0.00,2608685.63,2665570.46,0
HH009761,0,0,0,0.00,5702998.25,5398257.73,0
HH009762,0,0,0,0.00,11875796.19,12092077.70,0
HH009763,0,0,0,0.00,20841608.69,27257846.10,0
HH009764,0,0,0,0.00,2533013.78,2739017.10,0
HH009765,0,1,1,3735485.04,7231960.71,3953740.06,0
HH009766,0,0,0,0.00,4586842.60,5524810.19,0
HH009767,0,0,0,0.00,6508607.75,7400632.07,0
HH009768,0,0,0,0.00,20872125.42,21007187.25,0
HH009769,0,0,0,0.00,5238590.38,5080013.29,0
HH009770,0,0,0,0.00,9950082.27,10120327.07,0
HH009771,0,0,0,0.00,8035513.14,7550192.23,0
HH009772,0,1,1,1022132.59,4794863.84,3810408.07,0
HH009773,0,0,0,0.00,6224760.71,6339507.10,0
HH009774,0,0,0,0.00,5695159.79,4860204.35,0
HH009775,0,0,0,0.00,4125308.98,3759109.90,0
HH009776,0,0,0,0.00,16211123.79,17468251.02,0
HH009777,0,0,0,0.00,8382562.43,8005845.38,0
HH009778,0,0,0,0.00,9556847.71,11293189.74,0
HH009779,0,0,0,0.00,7106736.73,9665302.49,0
HH009780,0,0,0,0.00,4078294.02,4183481.29,0
HH009781,0,1,1,1492581.96,2438315.33,1025702.17,0
HH009782,0,0,0,0.00,11779185.40,13302149.71,0
HH009783,0,0,0,0.00,5552708.15,5981029.58,0
HH009784,1,0,1,2296440.97,2323747.89,27306.92,3
HH009785,0,0,0,0.00,9085952.05,12026676.01,0
HH009786,0,1,1,570416.68,2812758.45,2835356.51,0
HH009787,0,1,1,2329888.77,11176228.43,9494821.63,0
HH009788,0,0,0,0.00,9550728.68,9786997.41,0
HH009789,0,0,0,0.00,8964029.11,10194808.62,0
HH009790,0,0,0,0.00,13130904.07,15253155.53,0
HH009791,0,0,0,0.00,1227700.13,1236251.49,0
HH009792,1,0,1,2756927.51,2780146.30,23218.79,3
HH009793,0,0,0,0.00,10837418.19,11356409.88,0
HH009794,0,0,0,0.00,33245133.13,34337968.63,0
HH009795,0,0,0,0.00,9542851.52,9871455.44,0
HH009796,1,0,1,15417440.12,15682009.90,264569.78,6
HH009797,0,0,0,0.00,17033018.28,18973442.03,0
HH009798,0,0,0,0.00,3142844.97,5117217.29,0
HH009799,0,0,0,0.00,2085731.78,2248565.54,0
HH009800,0,0,0,0.00,2229216.99,2067244.84,0
HH009801,0,0,0,0.00,14406473.61,15962499.58,0
HH009802,0,0,0,0.00,6749161.78,6810833.95,0
HH009803,0,0,0,0.00,8764397.13,8567113.49,0
HH009804,0,1,1,1959026.13,5927562.07,4323035.91,0
HH009805,0,0,0,0.00,3802527.94,4219885.11,0
HH009806,0,0,0,0.00,7818121.01,8898721.55,0
HH009807,0,0,0,0.00,33833527.76,37471050.91,0
HH009808,0,0,0,0.00,10876851.26,10768342.15,0
HH009809,0,0,0,0.00,13576107.56,13119384.29,0
HH009810,0,0,0,0.00,8789945.30,10013645.35,0
HH009811,0,0,0,0.00,4057077.35,2851787.23,0
HH009812,0,0,0,0.00,10430174.63,12919832.96,0
HH009813,0,0,0,0.00,11651656.03,12644591.33,0
HH009814,0,0,0,0.00,3149120.92,3922130.54,0
HH009815,0,0,0,0.00,10112307.37,9687015.74,0
HH009816,0,0,0,0.00,3696560.27,3729229.62,0
HH009817,0,0,0,0.00,1076124.81,1132550.92,0
HH009818,0,0,0,0.00,3467522.46,3842071.29,0
HH009819,1,0,1,16074408.73,16347096.67,272687.94,5
HH009820,1,0,1,5221447.57,5223417.13,1969.56,3
HH009821,0,0,0,0.00,3732483.62,5496923.48,0
HH009822,0,0,0,0.00,1076175.41,1362588.14,0
HH009823,0,0,0,0.00,13923625.91,16336303.85,0
HH009824,0,0,0,0.00,42365279.86,34306430.43,0
HH009825,0,0,0,0.00,8265027.55,9254023.23,0
HH009826,0,0,0,0.00,1131149.47,1404310.51,0
HH009827,0,0,0,0.00,7002357.11,8448194.67,0
HH009828,0,0,0,0.00,1260230.86,1500144.25,0
HH009829,0,0,0,0.00,3549563.47,3711771.13,0
HH009830,0,0,0,0.00,3243608.99,4117198.21,0
HH009831,0,1,1,6584779.14,23856282.96,18264554.78,0
HH009832,0,1,1,1265427.97,5541497.75,3751910.59,0
HH009833,0,0,0,0.00,9630312.34,7492957.06,0
HH009834,0,1,1,816836.37,1376716.00,610150.69,0
HH009835,0,1,1,1366615.08,1681173.55,369098.14,0
HH009836,0,0,0,0.00,12766461.18,14160866.28,0
HH009837,0,0,0,0.00,1314584.38,1689454.94,0
HH009838,0,0,0,0.00,2170508.41,2489919.34,0
HH009839,0,0,0,0.00,5815511.20,6970969.12,0
HH009840,0,0,0,0.00,1754185.38,1900001.44,0
HH009841,0,0,0,0.00,16018053.74,19215979.46,0
HH009842,0,0,0,0.00,28334471.57,30943250.05,0
HH009843,0,0,0,0.00,1471438.11,1670951.18,0
HH009844,0,0,0,0.00,1534092.10,1792432.04,0
HH009845,0,0,0,0.00,2430812.91,2476981.04,0
HH009846,0,0,0,0.00,4319440.95,4350615.38,0
HH009847,0,0,0,0.00,4045491.46,4670332.89,0
HH009848,0,1,1,4298230.18,13880957.03,10519553.04,0
HH009849,0,0,0,0.00,18325356.40,18061495.86,0
HH009850,0,0,0,0.00,12665045.08,13460026.96,0
HH009851,0,0,0,0.00,9653195.26,9396365.57,0
HH009852,0,0,0,0.00,21816188.20,21498450.99,0
HH009853,0,0,0,0.00,1602975.18,1491081.57,0
HH009854,,,,,2852230.00,3351575.28,0
HH009855,0,0,0,0.00,105770315.90,117252283.12,0
HH009856,0,0,0,0.00,3124768.36,3321222.64,0
HH009857,1,0,1,3215009.50,3277312.97,62303.47,3
HH009858,0,0,0,0.00,4963372.01,5860067.69,0
HH009859,0,0,0,0.00,1589980.25,1708385.95,0
HH009860,0,0,0,0.00,1918043.34,1812607.38,0
HH009861,1,0,1,4851376.09,4962075.75,110699.66,4
HH009862,0,0,0,0.00,3563384.91,4375631.60,0
HH009863,0,0,0,0.00,59076798.92,72453049.44,0
HH009864,0,1,1,299075.19,1036967.46,806004.48,0
HH009865,0,0,0,0.00,11361216.31,21327510.29,0
HH009866,0,0,0,0.00,11748645.43,16643274.94,0
HH009867,0,0,0,0.00,6567773.89,6088251.16,0
HH009868,0,1,1,3213047.71,8786745.70,5626942.26,0
HH009869,0,1,1,4191609.11,20043139.55,16700929.54,0
HH009870,0,0,0,0.00,10331910.11,10724346.78,0
HH009871,0,0,0,0.00,5369309.18,6422173.30,0
HH009872,0,0,0,0.00,3322959.45,3326070.36,0
HH009873,0,1,1,726706.01,2818861.97,1619551.24,0
HH009874,0,0,0,0.00,1176918.95,1450949.01,0
HH009875,0,0,0,0.00,4233827.68,4329594.73,0
HH009876,0,0,0,0.00,12874420.37,13985607.70,0
HH009877,0,0,0,0.00,1902403.81,2016773.05,0
HH009878,0,0,0,0.00,20783246.92,22263069.24,0
HH009879,0,0,0,0.00,7648998.55,8056018.94,0
HH009880,0,0,0,0.00,1296667.04,1467634.99,0
HH009881,1,0,1,14486896.63,14932661.02,445764.39,3
HH009882,0,0,0,0.00,44092733.27,45806724.46,0
HH009883,0,0,0,0.00,3559202.34,3547043.24,0
HH009884,0,0,0,0.00,1525398.62,1619031.27,0
HH009885,0,1,1,2218925.03,4641076.67,2342822.83,0
HH009886,0,0,0,0.00,2865841.91,3058171.08,0
HH009887,0,0,0,0.00,5802144.34,6121329.14,0
HH009888,0,0,0,0.00,5673124.25,5693552.58,0
HH009889,0,0,0,0.00,4399643.01,4567342.54,0
HH009890,0,0,0,0.00,6095559.58,5658617.82,0
HH009891,0,0,0,0.00,1976625.66,2379107.80,0
HH009892,0,0,0,0.00,6153668.32,5743578.25,0
HH009893,0,0,0,0.00,21355261.90,23656270.99,0
HH009894,0,0,0,0.00,1466673.58,1574929.31,0
HH009895,0,0,0,0.00,1904499.89,2016855.73,0
HH009896,0,0,0,0.00,1207544.12,1272728.97,0
HH009897,0,1,1,1211998.23,4943598.05,3602239.97,0
HH009898,0,0,0,0.00,9165964.59,7552017.31,0
HH009899,0,1,1,1243669.52,2368207.63,1216420.55,0
HH009900,0,0,0,0.00,1347425.14,1666585.57,0
HH009901,0,0,0,0.00,1947275.17,1952778.70,0
HH009902,0,0,0,0.00,9458534.16,10412915.03,0
HH009903,0,0,0,0.00,43808282.99,42349539.53,0
HH009904,0,0,0,0.00,1605433.00,1789317.25,0
HH009905,0,1,1,11286889.20,26252883.85,17089952.85,0
HH009906,0,0,0,0.00,13669565.91,14753029.15,0
HH009907,0,0,0,0.00,11792518.58,11585255.65,0
HH009908,1,0,1,12484458.54,12690979.39,206520.85,2
HH009909,0,0,0,0.00,8356683.81,7961486.76,0
HH009910,0,0,0,0.00,8986076.80,7534516.23,0
HH009911,0,0,0,0.00,1101868.52,1185654.21,0
HH009912,0,0,0,0.00,4350227.14,4550711.84,0
HH009913,0,0,0,0.00,31386811.93,45411397.35,0
HH009914,0,0,0,0.00,3376202.21,3611334.59,0
HH009915,0,0,0,0.00,4601936.67,4233434.16,0
HH009916,0,1,1,3142950.09,8102423.17,4706445.39,0
HH009917,0,0,0,0.00,8827411.56,10071651.33,0
HH009918,0,0,0,0.00,3043839.15,3324614.99,0
HH009919,0,1,1,362837.12,1607781.88,1193528.27,0
HH009920,0,0,0,0.00,2584886.31,2198585.11,0
HH009921,0,0,0,0.00,1020127.61,1113199.99,0
HH009922,0,0,0,0.00,17118128.96,18074521.18,0
HH009923,0,0,0,0.00,3807492.45,3939837.22,0
HH009924,0,0,0,0.00,1144916.68,1231793.27,0
HH009925,0,0,0,0.00,2065850.40,1952857.04,0
HH009926,0,0,0,0.00,1017436.43,944805.35,0
HH009927,0,0,0,0.00,5615321.63,5837207.91,0
HH009928,0,0,0,0.00,2615917.31,2893795.31,0
HH009929,0,0,0,0.00,2073586.19,2179083.12,0
HH009930,0,0,0,0.00,7515518.47,8662641.68,0
HH009931,0,0,0,0.00,5986626.16,5150030.29,0
HH009932,0,0,0,0.00,4387893.49,5122011.06,0
HH009933,0,0,0,0.00,3290145.10,3932174.22,0
HH009934,0,0,0,0.00,5951381.98,6549471.71,0
HH009935,0,0,0,0.00,12538855.71,16343273.84,0
HH009936,0,0,0,0.00,2721624.99,2831562.14,0
HH009937,0,0,0,0.00,6521885.52,7460040.13,0
HH009938,0,0,0,0.00,47319808.61,53827504.38,0
HH009939,0,0,0,0.00,3197045.25,2647983.29,0
HH009940,0,1,1,6798790.02,33835961.35,37834259.04,0
HH009941,0,0,0,0.00,23158742.02,33045579.14,0
HH009942,0,0,0,0.00,3015268.98,3023290.61,0
HH009943,0,0,0,0.00,20186407.46,20982321.38,0
HH009944,0,0,0,0.00,11923738.68,11803240.73,0
HH009945,0,0,0,0.00,5546171.98,5600691.54,0
HH009946,1,0,1,13928564.93,14127148.70,198583.77,6
HH009947,0,0,0,0.00,5761170.32,6364405.04,0
HH009948,0,0,0,0.00,4933385.42,5086258.42,0
HH009949,1,0,1,44813668.91,45456709.86,643040.95,3
HH009950,0,0,0,0.00,27943873.10,31417739.55,0
HH009951,0,0,0,0.00,3295693.04,3307860.06,0
HH009952,0,0,0,0.00,1759606.15,1880502.17,0
HH009953,0,0,0,0.00,39472907.08,45541575.50,0
HH009954,0,0,0,0.00,2518800.92,2168516.08,0
HH009955,0,0,0,0.00,2622023.41,3323722.71,0
HH009956,0,0,0,0.00,9231501.96,9353013.49,0
HH009957,0,0,0,0.00,2698698.90,2460285.60,0
HH009958,0,0,0,0.00,7286393.03,7530894.67,0
HH009959,0,0,0,0.00,5956705.71,7314050.09,0
HH009960,0,0,0,0.00,9443133.24,13868504.27,0
HH009961,,,,,1877704.34,1501367.17,0
HH009962,0,1,1,330538.87,1644783.52,1079969.10,0
HH009963,0,0,0,0.00,9606399.13,9941007.84,0
HH009964,0,0,0,0.00,8528350.26,9342717.55,0
HH009965,0,1,1,1224627.77,2748930.30,1347334.06,0
HH009966,0,0,0,0.00,4737026.42,5202108.86,0
HH009967,0,0,0,0.00,68505175.52,81113328.57,0
HH009968,0,0,0,0.00,2830438.64,3327252.18,0
HH009969,0,0,0,0.00,19130612.81,21229849.25,0
HH009970,1,0,1,5072498.51,5180832.87,108334.36,6
HH009971,0,0,0,0.00,2567338.77,3522045.20,0
HH009972,0,0,0,0.00,2326905.40,2176963.08,0
HH009973,0,0,0,0.00,13250018.41,13383439.47,0
HH009974,0,0,0,0.00,8944252.83,8832052.52,0
HH009975,0,0,0,0.00,3160447.01,4604838.68,0
HH009976,0,0,0,0.00,6042264.56,7244635.18,0
HH009977,0,0,0,0.00,4631415.34,4759152.62,0
HH009978,0,0,0,0.00,2256752.97,2419691.77,0
HH009979,0,0,0,0.00,4226509.94,4655694.36,0
HH009980,0,0,0,0.00,5414551.82,5759830.44,0
HH009981,0,0,0,0.00,9848027.33,10837392.17,0
HH009982,0,0,0,0.00,1596861.43,1773598.31,0
HH009983,0,0,0,0.00,5071630.97,4897124.41,0
HH009984,0,0,0,0.00,1647061.48,1883170.35,0
HH009985,0,0,0,0.00,4736271.14,5309942.83,0
HH009986,0,0,0,0.00,14512220.47,16327260.77,0
HH009987,0,0,0,0.00,2718601.99,2886329.07,0
HH009988,0,0,0,0.00,2487246.09,3194479.17,0
HH009989,0,0,0,0.00,4170113.93,4731331.09,0
HH009990,0,0,0,0.00,13059635.79,10639578.29,0
HH009991,0,0,0,0.00,18591052.99,23066830.93,0
HH009992,0,0,0,0.00,3299671.28,3545925.48,0
HH009993,0,0,0,0.00,2784515.47,2251178.51,0
HH009994,0,0,0,0.00,5755400.87,5807777.88,0
HH009995,0,0,0,0.00,5676573.97,5903854.47,0
HH009996,0,0,0,0.00,2799360.08,3089064.23,0
HH009997,0,1,1,2161354.41,5580109.74,3795780.49,0
HH009998,0,0,0,0.00,2063284.98,2646975.18,0
HH009999,0,0,0,0.00,1141870.28,1355008.27,0
HH010000,1,0,1,13089542.96,13092103.11,2560.15,6
HH010001,0,0,0,0.00,51801292.67,55340191.50,0
HH010002,0,0,0,0.00,2072097.28,2171548.61,0
HH010003,0,0,0,0.00,10603419.38,10398539.36,0
HH010004,0,0,0,0.00,4514267.33,4931646.63,0
HH010005,0,0,0,0.00,5207100.57,6332860.32,0
HH010006,0,0,0,0.00,2676183.07,2426800.85,0
HH010007,0,0,0,0.00,1225419.00,1240119.38,0
HH010008,0,0,0,0.00,13639537.36,21592865.33,0
HH010009,0,0,0,0.00,2332919.39,2685961.37,0
HH010010,0,1,1,959727.09,1622511.68,652917.95,0
HH010011,1,0,1,1178399.91,1201543.70,23143.79,1
HH010012,0,1,1,1816395.18,4518838.48,2784801.74,0
HH010013,0,1,1,4504818.16,15504772.46,12404422.62,0
HH010014,1,0,1,1151169.22,1174269.66,23100.44,6
HH010015,0,0,0,0.00,10290839.08,11637750.52,0
HH010016,0,0,0,0.00,2214787.17,2476519.19,0
HH010017,0,0,0,0.00,9731596.47,9469815.08,0
HH010018,0,0,0,0.00,19870155.32,20354129.16,0
HH010019,0,0,0,0.00,1661589.82,1359918.61,0
HH010020,0,0,0,0.00,3316652.40,3757710.83,0
HH010021,0,1,1,630226.52,1242608.38,697901.14,0
HH010022,0,0,0,0.00,2383550.85,2608833.97,0
HH010023,1,0,1,8626885.70,8784993.15,158107.45,6
HH010024,1,0,1,19199696.76,19688587.03,488890.27,2
HH010025,0,0,0,0.00,3564382.12,4248110.57,0
HH010026,0,0,0,0.00,1642813.64,1595570.16,0
HH010027,0,0,0,0.00,4116279.57,4515551.17,0
HH010028,0,0,0,0.00,18774297.22,20947523.78,0
HH010029,0,0,0,0.00,8371806.83,8905519.53,0
HH010030,0,0,0,0.00,6960633.96,2577022.65,0
HH010031,0,1,1,4545423.36,8422847.18,4073179.78,0
HH010032,0,0,0,0.00,1948331.12,1579076.29,0
HH010033,0,0,0,0.00,1360326.80,1122130.92,0
HH010034,0,0,0,0.00,2698213.37,3895048.47,0
HH010035,0,0,0,0.00,31835759.79,36507837.22,0
HH010036,0,0,0,0.00,2373618.52,2649222.51,0
HH010037,0,0,0,0.00,2513408.91,2425798.25,0
HH010038,0,1,1,666461.46,2026820.22,1366897.32,0
HH010039,0,0,0,0.00,3430072.63,2956126.69,0
HH010040,0,0,0,0.00,1660172.01,1760822.94,0
HH010041,0,0,0,0.00,15003983.55,16216702.98,0
HH010042,0,0,0,0.00,2768331.69,2711289.55,0
HH010043,0,0,0,0.00,1165438.02,1226091.40,0
HH010044,0,0,0,0.00,10791164.18,11507007.27,0
HH010045,0,0,0,0.00,5836376.27,6770135.92,0
HH010046,0,0,0,0.00,4122604.06,4559446.04,0
HH010047,0,0,0,0.00,1639398.47,1683992.32,0
HH010048,0,0,0,0.00,6610998.95,6691777.54,0
HH010049,0,1,1,6930122.12,13196824.68,6734176.63,0
HH010050,0,0,0,0.00,2773318.75,2929101.93,0
HH010051,0,1,1,1412686.89,5827699.78,5089972.16,0
HH010052,0,0,0,0.00,2931267.45,3639346.62,0
HH010053,0,0,0,0.00,11559484.73,10946533.53,0
HH010054,0,0,0,0.00,1842073.65,1893884.27,0
HH010055,0,0,0,0.00,15874093.07,17590689.50,0
HH010056,0,1,1,2675568.15,6398265.15,3798673.78,0
HH010057,0,0,0,0.00,12912313.95,12631922.10,0
HH010058,0,0,0,0.00,2038089.92,2900662.06,0
HH010059,0,0,0,0.00,1394607.60,1539506.66,0
HH010060,0,0,0,0.00,18598821.62,21224067.04,0
HH010061,0,0,0,0.00,1339119.37,1372373.95,0
HH010062,0,0,0,0.00,5873522.53,6851888.31,0
HH010063,0,0,0,0.00,1013894.59,908633.70,0
HH010064,0,0,0,0.00,6987035.35,7937280.37,0
HH010065,0,0,0,0.00,2783351.55,3227958.20,0
HH010066,0,0,0,0.00,6716812.59,6843378.11,0
HH010067,0,0,0,0.00,2258050.12,2056169.72,0
HH010068,0,1,1,367169.18,1387341.61,1012782.88,0
HH010069,0,0,0,0.00,7248754.20,8668829.78,0
HH010070,0,0,0,0.00,4043377.76,4100235.04,0
HH010071,0,0,0,0.00,5071848.25,5774207.76,0
HH010072,0,0,0,0.00,4605184.11,4714145.65,0
HH010073,0,0,0,0.00,29427176.25,35965977.05,0
HH010074,0,1,1,821828.94,1448838.14,696264.99,0
HH010075,0,0,0,0.00,2090340.38,2054138.67,0
HH010076,0,0,0,0.00,1039707.38,1197157.58,0
HH010077,0,0,0,0.00,10202812.55,11216939.36,0
HH010078,0,0,0,0.00,4541169.60,4440001.47,0
HH010079,0,0,0,0.00,3277638.17,3267219.60,0
HH010080,0,0,0,0.00,2516729.79,3123182.13,0
HH010081,0,0,0,0.00,3791960.27,3891320.29,0
HH010082,0,0,0,0.00,6154643.05,6399808.04,0
HH010083,0,0,0,0.00,5668084.88,6391558.79,0
HH010084,0,0,0,0.00,3681251.76,4622889.33,0
HH010085,0,0,0,0.00,13706882.22,17578052.84,0
HH010086,0,0,0,0.00,8436559.16,6813874.87,0
HH010087,0,0,0,0.00,2616604.41,2838965.38,0
HH010088,0,0,0,0.00,3635952.67,3977005.05,0
HH010089,0,1,1,347152.33,1022181.80,570868.56,0
HH010090,0,0,0,0.00,16336285.91,15959988.09,0
HH010091,0,0,0,0.00,4465672.23,4652979.14,0
HH010092,0,0,0,0.00,3191856.27,3797881.56,0
HH010093,0,0,0,0.00,2007247.45,2133893.99,0
HH010094,0,0,0,0.00,25338537.28,22821887.74,0
HH010095,0,0,0,0.00,21815922.26,24037067.45,0
HH010096,0,0,0,0.00,35951047.80,38775491.16,0
HH010097,0,0,0,0.00,7345801.58,7055141.92,0
HH010098,0,0,0,0.00,6492290.78,8269209.59,0
HH010099,0,1,1,1225759.30,1958718.19,1195080.73,0
HH010100,0,1,1,1072944.19,2038932.58,977443.63,0
HH010101,0,0,0,0.00,3626013.41,3572750.03,0
HH010102,0,0,0,0.00,3376396.58,3647822.29,0
HH010103,0,1,1,598313.59,1679985.85,1173611.08,0
HH010104,0,0,0,0.00,15741776.73,13762310.51,0
HH010105,0,0,0,0.00,5057795.70,5273850.43,0
HH010106,0,0,0,0.00,7337748.64,7352524.41,0
HH010107,0,0,0,0.00,116043956.19,119342919.29,0
HH010108,0,0,0,0.00,1677888.00,1839408.83,0
HH010109,0,0,0,0.00,9083323.42,10708281.08,0
HH010110,0,0,0,0.00,2972983.41,3235169.20,0
HH010111,0,0,0,0.00,1793902.18,1827355.24,0
HH010112,0,0,0,0.00,5040301.32,5346285.01,0
HH010113,0,0,0,0.00,4350086.16,5385055.43,0
HH010114,0,0,0,0.00,1982228.73,1884035.72,0
HH010115,0,0,0,0.00,1537930.94,1639280.78,0
HH010116,0,0,0,0.00,3687794.47,3345591.09,0
HH010117,0,0,0,0.00,3489320.01,3637840.08,0
HH010118,0,0,0,0.00,3683056.75,5110296.59,0
HH010119,0,0,0,0.00,10849119.31,10758815.51,0
HH010120,0,0,0,0.00,1470101.93,1305050.67,0
HH010121,0,0,0,0.00,1482118.25,1774576.90,0
HH010122,0,0,0,0.00,5283073.60,6194204.73,0
HH010123,0,0,0,0.00,19888600.63,23264261.85,0
HH010124,0,0,0,0.00,2187391.10,2288312.43,0
HH010125,0,0,0,0.00,10201682.56,12678685.92,0
HH010126,0,0,0,0.00,2508782.97,2217077.29,0
HH010127,0,0,0,0.00,3362683.20,4339291.81,0
HH010128,0,0,0,0.00,1194619.59,1123394.83,0
HH010129,0,0,0,0.00,6014839.16,6795470.22,0
HH010130,0,1,1,1771127.57,6613841.82,4330020.13,0
HH010131,0,0,0,0.00,5616452.36,6735286.48,0
HH010132,0,0,0,0.00,19705453.43,18096838.40,0
HH010133,0,0,0,0.00,7047187.49,7314705.00,0
HH010134,0,0,0,0.00,5653967.41,5865910.24,0
HH010135,0,0,0,0.00,7493123.09,7691950.95,0
HH010136,0,0,0,0.00,7626141.95,8362842.29,0
HH010137,0,0,0,0.00,2218089.21,2066505.79,0
HH010138,0,0,0,0.00,47964899.97,53614540.07,0
HH010139,0,0,0,0.00,60177225.27,59650344.23,0
HH010140,0,0,0,0.00,7809835.62,6977493.31,0
HH010141,0,0,0,0.00,9998829.76,5948601.26,0
HH010142,0,0,0,0.00,13894616.74,13874158.23,0
HH010143,0,0,0,0.00,23216423.59,28915393.98,0
HH010144,0,0,0,0.00,2403807.37,1861295.94,0
HH010145,0,0,0,0.00,2175019.70,2094184.93,0
HH010146,0,0,0,0.00,8975445.53,9518204.01,0
HH010147,0,0,0,0.00,1185638.97,1264956.73,0
HH010148,0,0,0,0.00,1707644.14,1963608.28,0
HH010149,1,0,1,5105754.43,5241906.54,136152.11,2
HH010150,0,0,0,0.00,2739309.94,2573733.30,0
HH010151,0,0,0,0.00,7915714.72,9983376.79,0
HH010152,0,0,0,0.00,2165794.80,2319019.36,0
HH010153,0,0,0,0.00,7233534.84,11493194.86,0
HH010154,0,0,0,0.00,9617301.86,8880118.16,0
HH010155,0,0,0,0.00,16253917.80,18328924.52,0
HH010156,0,0,0,0.00,1923220.55,1925206.12,0
HH010157,0,0,0,0.00,3136820.91,3202979.26,0
HH010158,0,0,0,0.00,17863929.54,18736245.51,0
HH010159,0,0,0,0.00,10714555.47,11664855.81,0
HH010160,1,0,1,33987495.80,34133082.42,145586.62,2
HH010161,0,0,0,0.00,8026105.05,8341820.18,0
HH010162,0,0,0,0.00,9449188.72,10383433.34,0
HH010163,0,0,0,0.00,2484918.73,2513706.58,0
HH010164,0,0,0,0.00,23869952.37,24303816.35,0
HH010165,0,0,0,0.00,8022341.23,9502922.68,0
HH010166,0,0,0,0.00,2514864.48,3251263.54,0
HH010167,0,0,0,0.00,11180968.58,11871692.21,0
HH010168,0,0,0,0.00,5065082.56,7301573.18,0
HH010169,0,0,0,0.00,2452422.03,3725139.07,0
HH010170,0,0,0,0.00,26074382.56,29177860.37,0
HH010171,0,0,0,0.00,6213936.96,10031280.66,0
HH010172,0,0,0,0.00,12741570.23,15393078.55,0
HH010173,0,0,0,0.00,11365817.58,11820400.65,0
HH010174,0,0,0,0.00,1204763.34,1172458.61,0
HH010175,0,1,1,8297448.65,14624932.96,6665954.77,0
HH010176,0,0,0,0.00,1818367.79,1750133.79,0
HH010177,0,0,0,0.00,72218940.12,89752423.07,0
HH010178,0,0,0,0.00,7381337.51,7876218.21,0
HH010179,0,0,0,0.00,6504189.31,7597848.26,0
HH010180,0,0,0,0.00,1966547.49,1790215.86,0
HH010181,0,0,0,0.00,100475892.20,103857859.42,0
HH010182,0,0,0,0.00,2820548.04,4373815.34,0
HH010183,0,0,0,0.00,5064884.26,5327382.67,0
HH010184,0,0,0,0.00,32260808.58,33303798.74,0
HH010185,0,0,0,0.00,18266022.33,18504125.24,0
HH010186,0,0,0,0.00,14004131.29,14885198.16,0
HH010187,0,0,0,0.00,22006379.29,20371122.50,0
HH010188,0,1,1,672694.76,1941982.70,1126144.21,0
HH010189,0,0,0,0.00,1981934.76,2280462.84,0
HH010190,0,0,0,0.00,10458047.05,11123818.61,0
HH010191,1,0,1,9413493.11,9481309.02,67815.91,5
HH010192,0,0,0,0.00,2515237.06,2657977.49,0
HH010193,0,0,0,0.00,1306361.22,1303232.12,0
HH010194,0,0,0,0.00,2620116.94,3130401.33,0
HH010195,0,0,0,0.00,8248634.91,7115481.05,0
HH010196,1,0,1,4872844.72,4976529.10,103684.38,5
HH010197,0,0,0,0.00,5892046.86,6293435.24,0
HH010198,0,0,0,0.00,1202726.90,981091.71,0
HH010199,0,0,0,0.00,7965651.24,8032105.61,0
HH010200,0,1,1,1791065.56,3646656.72,2140662.05,0
HH010201,0,0,0,0.00,19662653.66,19556636.22,0
HH010202,0,0,0,0.00,24519460.53,27134469.16,0
HH010203,1,0,1,15708794.25,15910906.43,202112.18,1
HH010204,0,0,0,0.00,4772798.93,4581914.37,0
HH010205,0,0,0,0.00,5276698.59,5524087.11,0
HH010206,0,1,1,439502.56,1534468.52,1213385.16,0
HH010207,0,0,0,0.00,1601680.47,1705850.91,0
HH010208,1,0,1,5182548.41,5331253.94,148705.53,4
HH010209,1,0,1,1746187.92,1784656.50,38468.58,1
HH010210,0,0,0,0.00,4276201.99,4499530.61,0
HH010211,0,0,0,0.00,14569770.52,22856238.64,0
HH010212,0,0,0,0.00,5587637.47,3710841.08,0
HH010213,0,0,0,0.00,12112617.48,12475412.82,0
HH010214,1,0,1,2226382.32,2252448.03,26065.71,2
HH010215,0,0,0,0.00,3604194.19,3186809.68,0
HH010216,1,0,1,4935145.80,5036188.80,101043.00,4
HH010217,0,0,0,0.00,7086112.45,7632704.56,0
HH010218,0,0,0,0.00,7459000.48,7184952.73,0
HH010219,0,0,0,0.00,2321354.60,3127756.52,0
HH010220,0,0,0,0.00,2333887.40,2007266.26,0
HH010221,0,0,0,0.00,6636363.70,8077013.21,0
HH010222,0,0,0,0.00,2492776.28,2572763.46,0
HH010223,0,0,0,0.00,4399440.52,8198593.94,0
HH010224,0,0,0,0.00,1723439.77,1734257.81,0
HH010225,0,0,0,0.00,43689072.95,47897416.59,0
HH010226,0,0,0,0.00,6778443.72,7973331.28,0
HH010227,0,0,0,0.00,1082268.31,1051122.39,0
HH010228,0,1,1,414267.96,1105029.86,777873.18,0
HH010229,0,0,0,0.00,4506944.59,4755470.42,0
HH010230,0,1,1,568744.27,1879698.58,1382801.41,0
HH010231,0,0,0,0.00,8824380.59,6155955.62,0
HH010232,0,0,0,0.00,5894783.10,7340149.67,0
HH010233,0,0,0,0.00,32207124.71,37339563.08,0
HH010234,0,0,0,0.00,3567492.72,3545350.39,0
HH010235,0,0,0,0.00,8474318.01,6767925.05,0
HH010236,0,0,0,0.00,7783241.09,7986783.57,0
HH010237,1,0,1,2066328.52,2090657.32,24328.80,1
HH010238,0,0,0,0.00,3887749.65,4402291.89,0
HH010239,0,0,0,0.00,3156393.09,3788752.26,0
HH010240,0,0,0,0.00,3090669.98,3127955.62,0
HH010241,0,0,0,0.00,8012287.83,8261600.62,0
HH010242,0,1,1,4125248.53,8413586.22,4537809.12,0
HH010243,0,0,0,0.00,6937384.42,7508377.12,0
HH010244,0,0,0,0.00,4809918.99,5136298.22,0
HH010245,1,0,1,2680941.45,2759069.79,78128.34,5
HH010246,0,0,0,0.00,6949826.62,6929650.00,0
HH010247,0,0,0,0.00,2434660.17,2839331.17,0
HH010248,0,0,0,0.00,11309389.91,12968863.21,0
HH010249,0,0,0,0.00,67258783.22,103450418.84,0
HH010250,0,0,0,0.00,3762581.92,3033576.84,0
HH010251,0,0,0,0.00,4766662.37,5468900.73,0
HH010252,0,0,0,0.00,5477533.33,5754750.82,0
HH010253,0,0,0,0.00,3324665.97,3746029.25,0
HH010254,0,0,0,0.00,4707166.42,4904616.17,0
HH010255,0,0,0,0.00,6471789.99,6529839.20,0
HH010256,0,0,0,0.00,1624523.18,1691369.86,0
HH010257,0,0,0,0.00,3559295.77,3674688.32,0
HH010258,0,0,0,0.00,5952967.79,7214066.25,0
HH010259,0,0,0,0.00,2745151.57,2904358.93,0
HH010260,0,0,0,0.00,27610506.67,29229658.05,0
HH010261,0,0,0,0.00,8311475.98,7524350.17,0
HH010262,0,0,0,0.00,4515567.42,4399602.83,0
HH010263,0,0,0,0.00,1713299.98,1878665.88,0
HH010264,0,0,0,0.00,3243766.18,3336260.91,0
HH010265,0,0,0,0.00,21121118.42,21738257.61,0
HH010266,0,1,1,1830477.96,3401378.23,1752226.45,0
HH010267,0,1,1,3738808.45,6457115.95,2866350.78,0
HH010268,0,0,0,0.00,14794527.73,11274663.95,0
HH010269,0,0,0,0.00,5047492.98,5747069.22,0
HH010270,0,0,0,0.00,71012172.01,86792809.98,0
HH010271,0,0,0,0.00,8672477.07,7761586.71,0
HH010272,0,0,0,0.00,7045230.43,6666602.52,0
HH010273,0,0,0,0.00,2590608.20,2746441.69,0
HH010274,0,0,0,0.00,8724285.26,13156313.31,0
HH010275,0,1,1,1434643.48,3441007.44,1791794.67,0
HH010276,0,0,0,0.00,1628883.75,1682725.24,0
HH010277,0,0,0,0.00,8555200.61,8500590.88,0
HH010278,0,1,1,1848461.58,3678142.61,2387591.42,0
HH010279,0,0,0,0.00,3852778.23,4305356.07,0
HH010280,0,0,0,0.00,13859940.75,15647420.36,0
HH010281,0,0,0,0.00,6592280.49,7028915.45,0
HH010282,0,0,0,0.00,127923061.39,177615501.68,0
HH010283,0,0,0,0.00,5227676.53,4865610.20,0
HH010284,0,0,0,0.00,5557988.13,5767113.33,0
HH010285,1,0,1,4669222.63,4794572.64,125350.01,5
HH010286,0,0,0,0.00,7977092.43,13583347.65,0
HH010287,0,1,1,3905283.30,11295794.75,7000237.96,0
HH010288,0,0,0,0.00,4280775.79,9088489.40,0
HH010289,0,0,0,0.00,3798283.90,4533086.00,0
HH010290,0,0,0,0.00,1182752.12,775771.40,0
HH010291,0,0,0,0.00,6850845.12,5920121.67,0
HH010292,0,0,0,0.00,2265844.77,2422364.39,0
HH010293,0,0,0,0.00,1580179.11,1815556.20,0
HH010294,0,0,0,0.00,4011550.13,4402104.12,0
HH010295,0,0,0,0.00,2223139.30,1943770.51,0
HH010296,0,0,0,0.00,5098718.55,5470773.29,0
HH010297,1,0,1,4344339.08,4452791.85,108452.77,3
HH010298,0,0,0,0.00,5123306.70,5295060.40,0
HH010299,0,0,0,0.00,8346082.96,9480715.80,0
HH010300,0,0,0,0.00,4166089.26,5800737.87,0
HH010301,0,0,0,0.00,25785968.09,49181411.66,0
HH010302,0,1,1,531295.62,1600121.41,1020218.52,0
HH010303,0,0,0,0.00,1522794.78,1777204.97,0
HH010304,0,1,1,2290139.46,3308268.00,1093675.03,0
HH010305,0,0,0,0.00,4689782.22,5225385.23,0
HH010306,0,0,0,0.00,98999777.86,116210975.19,0
HH010307,0,0,0,0.00,1790850.04,2046853.96,0
HH010308,0,0,0,0.00,1059086.11,1047986.60,0
HH010309,0,1,1,615835.40,1251260.00,666750.87,0
HH010310,0,0,0,0.00,1080513.82,1144146.18,0
HH010311,0,0,0,0.00,2616583.37,2850021.88,0
HH010312,1,0,1,2149788.97,2204680.03,54891.06,5
HH010313,0,0,0,0.00,11184782.96,10356562.21,0
HH010314,0,0,0,0.00,2592477.76,3664950.19,0
HH010315,0,0,0,0.00,2204159.85,2530820.36,0
HH010316,0,0,0,0.00,25067320.02,26596646.14,0
HH010317,0,0,0,0.00,5900247.15,6529969.85,0
HH010318,0,0,0,0.00,6374343.59,6221205.05,0
HH010319,0,0,0,0.00,5212713.76,5780887.68,0
HH010320,0,0,0,0.00,5828787.65,6149191.03,0
HH010321,0,0,0,0.00,24867006.74,28793399.64,0
HH010322,0,0,0,0.00,2209773.32,2273998.45,0
HH010323,0,0,0,0.00,2534270.83,2672002.98,0
HH010324,0,0,0,0.00,4192167.09,4691439.41,0
HH010325,0,0,0,0.00,4755944.75,4621669.05,0
HH010326,0,0,0,0.00,32295777.09,32249427.13,0
HH010327,0,0,0,0.00,19889572.36,19891844.56,0
HH010328,0,0,0,0.00,2703852.02,2451800.95,0
HH010329,0,0,0,0.00,4068858.19,3491631.58,0
HH010330,0,0,0,0.00,3569702.38,3754618.17,0
HH010331,1,0,1,2032894.56,2047932.83,15038.27,1
HH010332,0,0,0,0.00,1340268.62,1364342.89,0
HH010333,0,0,0,0.00,90210431.32,95470712.32,0
HH010334,1,0,1,5275089.03,5279146.68,4057.65,3
HH010335,1,0,1,3434203.69,3501289.29,67085.60,3
HH010336,0,0,0,0.00,4370781.96,4883337.83,0
HH010337,0,0,0,0.00,2279736.58,3124205.78,0
HH010338,0,0,0,0.00,4740727.31,5895775.65,0
HH010339,0,0,0,0.00,4029772.32,4416990.24,0
HH010340,0,0,0,0.00,3155076.95,3196345.58,0
HH010341,0,0,0,0.00,4591728.85,4743508.70,0
HH010342,0,0,0,0.00,3022629.98,3588081.25,0
HH010343,0,0,0,0.00,2029217.51,1965450.53,0
HH010344,0,0,0,0.00,2715027.54,2746913.65,0
HH010345,0,0,0,0.00,2719912.54,2564798.62,0
HH010346,0,0,0,0.00,15620013.88,18680921.43,0
HH010347,0,0,0,0.00,2522252.41,1944648.20,0
HH010348,0,0,0,0.00,4984491.05,4129365.71,0
HH010349,0,0,0,0.00,2771938.29,2968542.08,0
HH010350,0,1,1,7257340.28,27432968.25,22715287.61,0
HH010351,0,0,0,0.00,4799990.15,4700444.65,0
HH010352,0,0,0,0.00,5016862.25,4547737.86,0
HH010353,0,0,0,0.00,9824193.54,10353998.12,0
HH010354,0,0,0,0.00,7810316.66,8532772.32,0
HH010355,0,0,0,0.00,1468805.78,1411400.62,0
HH010356,0,1,1,1365244.43,4712939.83,4122935.03,0
HH010357,1,0,1,23049081.69,23443634.35,394552.66,6
HH010358,0,0,0,0.00,8872226.81,8696270.95,0
HH010359,0,0,0,0.00,5314421.00,5932681.08,0
HH010360,0,0,0,0.00,5048500.19,5856992.45,0
HH010361,0,0,0,0.00,4918848.40,4623787.92,0
HH010362,0,0,0,0.00,1359047.09,1474104.96,0
HH010363,0,0,0,0.00,13496920.08,13982735.02,0
HH010364,0,0,0,0.00,23284187.36,29313925.56,0
HH010365,0,0,0,0.00,7160878.50,7399376.41,0
HH010366,0,0,0,0.00,2086030.71,2103466.30,0
HH010367,0,0,0,0.00,7616489.52,7847278.49,0
HH010368,0,0,0,0.00,34210068.61,46050207.69,0
HH010369,0,0,0,0.00,69123059.18,74358750.23,0
HH010370,0,1,1,848465.59,4176876.27,3377612.52,0
HH010371,0,0,0,0.00,2150959.84,2202034.20,0
HH010372,0,0,0,0.00,1451222.51,1797500.82,0
HH010373,0,0,0,0.00,1563108.88,1835160.47,0
HH010374,0,0,0,0.00,1515264.39,1592045.68,0
HH010375,0,0,0,0.00,9640331.45,9415451.96,0
HH010376,0,0,0,0.00,3119328.97,3789373.19,0
HH010377,0,0,0,0.00,3404708.74,3463673.79,0
HH010378,0,0,0,0.00,9375084.08,9063837.93,0
HH010379,0,1,1,3104415.37,8183782.74,4483595.69,0
HH010380,,,,,2720718.07,2933246.99,0
HH010381,0,0,0,0.00,3013704.70,3781433.91,0
HH010382,0,0,0,0.00,16269024.52,16632459.99,0
HH010383,1,0,1,1268243.63,1275387.69,7144.06,3
HH010384,0,0,0,0.00,1525036.11,1540524.43,0
HH010385,0,0,0,0.00,2222082.27,3378236.37,0
HH010386,0,0,0,0.00,2962308.91,3007176.88,0
HH010387,0,0,0,0.00,2527855.20,2677447.60,0
HH010388,0,0,0,0.00,1878367.40,2070932.26,0
HH010389,0,0,0,0.00,8223363.70,6888541.17,0
HH010390,0,0,0,0.00,2057074.26,2398696.36,0
HH010391,0,0,0,0.00,6115280.50,6742917.30,0
HH010392,0,0,0,0.00,5920913.31,6745118.53,0
HH010393,0,0,0,0.00,2175737.19,2352208.08,0
HH010394,0,0,0,0.00,2085227.16,2236264.31,0
HH010395,0,0,0,0.00,9194983.43,10059017.56,0
HH010396,0,0,0,0.00,11017396.26,15856654.01,0
HH010397,0,0,0,0.00,25156208.78,25783086.04,0
HH010398,0,1,1,517991.53,2184450.96,1862861.08,0
HH010399,0,0,0,0.00,9697336.62,10698584.79,0
HH010400,0,0,0,0.00,1599272.71,1651823.45,0
HH010401,0,1,1,5114787.90,12721387.90,8324665.51,0
HH010402,0,0,0,0.00,18446777.55,19199321.32,0
HH010403,0,0,0,0.00,5365856.09,5248780.27,0
HH010404,0,0,0,0.00,12869196.86,14327506.14,0
HH010405,0,0,0,0.00,22476496.38,22260219.78,0
HH010406,0,0,0,0.00,1978656.85,2179759.48,0
HH010407,0,0,0,0.00,5119572.38,5014690.62,0
HH010408,1,0,1,5484454.59,5589405.16,104950.57,3
HH010409,0,0,0,0.00,4001172.71,4020935.90,0
HH010410,0,0,0,0.00,1827214.32,1990279.91,0
HH010411,0,0,0,0.00,2309329.10,2422559.05,0
HH010412,0,0,0,0.00,2205343.08,2519728.70,0
HH010413,0,0,0,0.00,1208531.27,1177244.08,0
HH010414,0,0,0,0.00,1834074.35,1897715.15,0
HH010415,0,0,0,0.00,2074067.03,2437054.80,0
HH010416,0,0,0,0.00,6641195.16,7613116.31,0
HH010417,0,0,0,0.00,7659870.27,7564100.00,0
HH010418,0,1,1,4876381.71,19227602.76,20833597.07,0
HH010419,0,0,0,0.00,2412869.76,2138183.35,0
HH010420,0,0,0,0.00,27902490.78,29611322.39,0
HH010421,0,0,0,0.00,40965189.95,45998138.50,0
HH010422,0,0,0,0.00,2859002.99,2945290.85,0
HH010423,0,1,1,3938868.88,10191003.11,6015413.87,0
HH010424,0,0,0,0.00,5253245.50,6828242.13,0
HH010425,0,0,0,0.00,73776125.10,86909017.37,0
HH010426,0,0,0,0.00,37587689.38,41957919.92,0
HH010427,0,0,0,0.00,2688149.69,2912701.65,0
HH010428,0,0,0,0.00,1076975.06,1082983.07,0
HH010429,0,0,0,0.00,5006980.68,4842758.50,0
HH010430,0,0,0,0.00,9144599.22,11217382.08,0
HH010431,0,0,0,0.00,14221990.66,16215537.92,0
HH010432,0,0,0,0.00,3443877.24,3712559.81,0
HH010433,0,0,0,0.00,9520604.66,9326556.51,0
HH010434,0,0,0,0.00,7165146.67,7164109.86,0
HH010435,0,0,0,0.00,2073034.04,2634668.91,0
HH010436,0,0,0,0.00,3265965.88,3279611.59,0
HH010437,0,0,0,0.00,1166706.43,1347938.66,0
HH010438,0,0,0,0.00,19988239.39,22314046.02,0
HH010439,0,0,0,0.00,2459171.97,1772350.56,0
HH010440,0,0,0,0.00,9311901.72,8870500.73,0
HH010441,0,0,0,0.00,14635745.78,13480273.70,0
HH010442,0,0,0,0.00,92854684.83,99139296.33,0
HH010443,0,0,0,0.00,121697297.78,140209131.07,0
HH010444,0,1,1,1859576.27,5304486.01,2653817.66,0
HH010445,0,0,0,0.00,3252461.81,3058602.21,0
HH010446,0,0,0,0.00,4962600.53,5123610.70,0
HH010447,0,1,1,2872243.15,7303943.49,4435576.70,0
HH010448,1,0,1,1747812.79,1791597.50,43784.71,5
HH010449,0,0,0,0.00,31768824.77,28437619.16,0
HH010450,0,0,0,0.00,1114479.83,1073331.12,0
HH010451,0,0,0,0.00,3077958.00,3324312.93,0
HH010452,0,0,0,0.00,12384520.83,12399297.91,0
HH010453,0,0,0,0.00,5034297.74,5790871.89,0
HH010454,0,0,0,0.00,69867227.06,70424336.59,0
HH010455,0,0,0,0.00,28873573.84,29648757.02,0
HH010456,0,1,1,970451.86,2046575.33,1121714.00,0
HH010457,0,0,0,0.00,61779182.24,65534435.89,0
HH010458,0,1,1,1902878.22,6597831.39,5567347.27,0
HH010459,0,0,0,0.00,14152504.84,12889459.02,0
HH010460,0,0,0,0.00,23328970.71,28529251.93,0
HH010461,0,0,0,0.00,4344728.68,4362909.73,0
HH010462,0,0,0,0.00,4317202.29,4763445.26,0
HH010463,0,0,0,0.00,19621469.37,21562952.91,0
HH010464,0,0,0,0.00,2803048.36,2933442.00,0
HH010465,0,0,0,0.00,3310819.07,4064451.14,0
HH010466,0,0,0,0.00,28051257.18,31411666.44,0
HH010467,0,0,0,0.00,2766487.11,4675006.75,0
HH010468,0,0,0,0.00,9675193.77,9973661.83,0
HH010469,0,0,0,0.00,5077260.91,5637829.36,0
HH010470,0,0,0,0.00,19806829.47,21010361.43,0
HH010471,0,0,0,0.00,4949254.59,4690443.69,0
HH010472,0,0,0,0.00,19235528.86,18648798.60,0
HH010473,0,0,0,0.00,1640922.42,1721102.06,0
HH010474,0,0,0,0.00,4814580.80,4259998.80,0
HH010475,0,0,0,0.00,1698049.07,1863512.49,0
HH010476,0,0,0,0.00,25647980.69,21325209.84,0
HH010477,0,0,0,0.00,3865151.30,4405750.11,0
HH010478,0,0,0,0.00,4185768.69,5608197.26,0
HH010479,0,0,0,0.00,5538833.55,6367912.74,0
HH010480,0,0,0,0.00,3602910.58,4183688.96,0
HH010481,0,0,0,0.00,4517190.20,5692769.87,0
HH010482,0,0,0,0.00,2940411.20,3098744.30,0
HH010483,0,1,1,10795429.21,28978586.43,17777784.25,0
HH010484,0,0,0,0.00,20359744.65,22094138.11,0
HH010485,0,0,0,0.00,1261133.48,1305108.07,0
HH010486,0,0,0,0.00,5279355.53,5428761.74,0
HH010487,1,0,1,1200267.47,1201821.22,1553.75,6
HH010488,0,0,0,0.00,6762715.93,6643541.31,0
HH010489,0,0,0,0.00,3322460.29,3632898.57,0
HH010490,0,0,0,0.00,3017207.50,2626847.28,0
HH010491,0,0,0,0.00,15564608.17,13241631.81,0
HH010492,0,0,0,0.00,1642175.11,1729096.76,0
HH010493,0,0,0,0.00,3158931.97,3398297.73,0
HH010494,0,0,0,0.00,14228309.95,13708111.28,0
HH010495,0,0,0,0.00,2020776.35,2160005.82,0
HH010496,0,0,0,0.00,6498316.62,7291129.81,0
HH010497,0,0,0,0.00,1822757.05,1997184.79,0
HH010498,0,0,0,0.00,3642509.92,3673914.30,0
HH010499,0,0,0,0.00,14953621.22,17017626.69,0
HH010500,0,0,0,0.00,8648322.96,10579884.26,0
HH010501,0,0,0,0.00,2124723.13,2328482.73,0
HH010502,1,0,1,72726902.92,74411083.36,1684180.44,2
HH010503,0,0,0,0.00,9737878.71,11265783.03,0
HH010504,0,1,1,81606188.40,166534096.81,98081885.75,0
HH010505,0,0,0,0.00,10859149.79,13815542.77,0
HH010506,0,0,0,0.00,2067078.34,2195686.34,0
HH010507,0,1,1,8106537.00,26008614.60,19475204.26,0
HH010508,0,0,0,0.00,45516093.89,52087938.98,0
HH010509,0,0,0,0.00,7080932.94,7097539.13,0
HH010510,0,0,0,0.00,7435339.01,7802372.60,0
HH010511,0,0,0,0.00,1408767.27,1456097.78,0
HH010512,0,0,0,0.00,30241186.90,34838328.15,0
HH010513,1,0,1,23553569.04,23671594.76,118025.72,6
HH010514,0,0,0,0.00,1997829.16,2203581.65,0
HH010515,0,0,0,0.00,2461158.24,2224766.57,0
HH010516,0,0,0,0.00,9868300.57,10989781.80,0
HH010517,0,0,0,0.00,6057275.82,6328176.68,0
HH010518,0,0,0,0.00,15296772.99,13402799.83,0
HH010519,0,0,0,0.00,8643600.27,9852556.10,0
HH010520,0,0,0,0.00,8642071.69,9246035.72,0
HH010521,0,1,1,567604.59,1517448.77,1026514.46,0
HH010522,0,0,0,0.00,3888434.37,4825702.15,0
HH010523,0,0,0,0.00,27833611.82,29397202.22,0
HH010524,0,0,0,0.00,1946423.56,1783159.57,0
HH010525,0,0,0,0.00,4041209.05,4895321.88,0
HH010526,1,0,1,1713831.42,1732514.42,18683.00,2
HH010527,0,0,0,0.00,4856587.67,4252702.81,0
HH010528,0,0,0,0.00,1174241.55,1650662.22,0
HH010529,1,0,1,26195855.77,26418304.93,222449.16,2
HH010530,0,0,0,0.00,5867298.63,6199810.51,0
HH010531,0,0,0,0.00,52019956.40,54305670.36,0
HH010532,0,0,0,0.00,8619951.71,10314534.74,0
HH010533,0,0,0,0.00,3240924.05,3644782.64,0
HH010534,0,0,0,0.00,12946603.18,13274167.03,0
HH010535,1,0,1,3596317.07,3698977.66,102660.59,4
HH010536,0,0,0,0.00,1639834.91,1803278.80,0
HH010537,0,0,0,0.00,7489718.41,6919147.62,0
HH010538,0,1,1,915369.50,3010918.25,2693095.43,0
HH010539,0,0,0,0.00,2983172.66,3166213.31,0
HH010540,0,0,0,0.00,2721339.79,2840223.58,0
HH010541,,,,,6923427.56,7803856.84,0
HH010542,0,0,0,0.00,2347077.28,2695414.59,0
HH010543,0,0,0,0.00,2205773.00,2193343.39,0
HH010544,0,0,0,0.00,1747895.44,2130618.12,0
HH010545,0,0,0,0.00,15077979.86,17246623.12,0
HH010546,0,0,0,0.00,3308130.46,3540593.19,0
HH010547,0,0,0,0.00,30977357.33,35252139.97,0
HH010548,0,0,0,0.00,2020575.07,2284128.18,0
HH010549,0,0,0,0.00,7811636.02,9367575.05,0
HH010550,0,0,0,0.00,9424595.13,9511082.02,0
HH010551,0,0,0,0.00,1291531.15,2034019.12,0
HH010552,0,0,0,0.00,10004603.65,10035298.10,0
HH010553,0,0,0,0.00,4479402.94,4776826.33,0
HH010554,0,0,0,0.00,1365970.82,1667884.88,0
HH010555,0,0,0,0.00,2574567.71,1828522.09,0
HH010556,0,1,1,1218606.50,3619671.48,2404003.21,0
HH010557,0,1,1,2879339.64,6983171.98,4789271.05,0
HH010558,0,0,0,0.00,2721776.79,2918247.36,0
HH010559,0,0,0,0.00,1165495.82,1204882.58,0
HH010560,0,1,1,8107863.36,18892104.98,10341991.61,0
HH010561,0,0,0,0.00,11442236.14,12420791.02,0
HH010562,0,0,0,0.00,1828423.93,2106032.14,0
HH010563,0,0,0,0.00,3712818.43,4177418.27,0
HH010564,0,0,0,0.00,19142995.77,17915945.57,0
HH010565,0,0,0,0.00,9103876.66,10039828.60,0
HH010566,0,0,0,0.00,11359990.49,12672453.59,0
HH010567,0,0,0,0.00,4513779.86,4948146.41,0
HH010568,0,0,0,0.00,2733698.36,2985487.59,0
HH010569,0,0,0,0.00,24735118.56,25023055.36,0
HH010570,0,0,0,0.00,5955389.76,6315623.54,0
HH010571,0,0,0,0.00,2699384.63,2972119.38,0
HH010572,0,0,0,0.00,10799996.89,12055340.33,0
HH010573,0,0,0,0.00,3034029.96,3384232.84,0
HH010574,0,0,0,0.00,1524245.05,1526516.12,0
HH010575,0,0,0,0.00,2010438.48,2261095.75,0
HH010576,0,0,0,0.00,2589825.44,3544488.26,0
HH010577,0,0,0,0.00,1752588.32,1797987.45,0
HH010578,0,0,0,0.00,60290192.86,58591113.86,0
HH010579,0,0,0,0.00,10952858.68,11360758.77,0
HH010580,0,0,0,0.00,2048108.41,2449241.28,0
HH010581,0,1,1,1768898.30,6859989.68,5482824.25,0
HH010582,0,0,0,0.00,2847522.66,2947383.55,0
HH010583,1,0,1,5203948.43,5279711.67,75763.24,4
HH010584,0,0,0,0.00,1487839.87,1617530.28,0
HH010585,0,0,0,0.00,18994559.73,19290186.09,0
HH010586,1,0,1,1991592.60,2020976.77,29384.17,2
HH010587,0,0,0,0.00,8396634.58,8808986.25,0
HH010588,0,0,0,0.00,7348657.50,7963446.84,0
HH010589,0,0,0,0.00,1050847.37,1149037.97,0
HH010590,0,0,0,0.00,2852066.28,3322035.01,0
HH010591,1,0,1,23518040.28,23956474.94,438434.66,1
HH010592,0,1,1,919417.62,1616872.41,762207.09,0
HH010593,0,0,0,0.00,1545907.89,2521274.61,0
HH010594,0,0,0,0.00,27074468.10,32133609.52,0
HH010595,0,0,0,0.00,4758555.71,5258691.34,0
HH010596,0,0,0,0.00,4270813.20,4362680.26,0
HH010597,0,0,0,0.00,3299596.92,3021210.98,0
HH010598,0,0,0,0.00,13700586.25,15369325.94,0
HH010599,0,1,1,2822651.25,7065841.09,5203779.74,0
HH010600,0,0,0,0.00,2142543.10,1967193.65,0
HH010601,0,0,0,0.00,4607818.36,4379015.59,0
HH010602,0,0,0,0.00,4804031.90,4738809.36,0
HH010603,0,0,0,0.00,253831854.37,292476309.53,0
HH010604,0,0,0,0.00,2742235.56,2819687.87,0
HH010605,0,0,0,0.00,8197799.23,7429085.41,0
HH010606,0,1,1,479627.54,1478704.82,1112452.48,0
HH010607,0,0,0,0.00,11375877.55,12866320.07,0
HH010608,0,0,0,0.00,2527397.94,2803018.36,0
HH010609,0,0,0,0.00,5967113.05,7063618.76,0
HH010610,0,0,0,0.00,3546460.15,3637446.23,0
HH010611,0,0,0,0.00,4561071.95,4212234.78,0
HH010612,0,0,0,0.00,8775722.85,9870108.19,0
HH010613,0,0,0,0.00,2711142.77,3699778.60,0
HH010614,0,0,0,0.00,6447268.67,7274293.10,0
HH010615,0,0,0,0.00,3334664.29,3314374.54,0
HH010616,0,0,0,0.00,2324176.69,2318953.97,0
HH010617,0,0,0,0.00,17559414.41,17596732.69,0
HH010618,0,0,0,0.00,2193347.86,2562677.45,0
HH010619,0,0,0,0.00,1949804.58,2200424.85,0
HH010620,0,0,0,0.00,20118932.15,23356301.32,0
HH010621,0,0,0,0.00,50315963.41,62921635.92,0
HH010622,0,0,0,0.00,1824490.72,1713867.03,0
HH010623,0,0,0,0.00,35110701.55,36927444.82,0
HH010624,1,0,1,1163272.01,1178527.74,15255.73,3
HH010625,0,0,0,0.00,1269898.26,1448216.57,0
HH010626,0,1,1,3650743.06,8919924.22,5375870.49,0
HH010627,0,0,0,0.00,2129383.99,2235442.22,0
HH010628,0,1,1,780727.68,1638482.35,903638.39,0
HH010629,0,0,0,0.00,1166798.71,1021859.58,0
HH010630,0,0,0,0.00,21826481.96,29364545.26,0
HH010631,0,0,0,0.00,1031639.22,1118765.81,0
HH010632,0,0,0,0.00,3707583.33,3828799.78,0
HH010633,0,0,0,0.00,11663800.05,12608561.90,0
HH010634,0,0,0,0.00,22814440.27,33855850.56,0
HH010635,1,0,1,11271003.49,11504265.99,233262.50,2
HH010636,1,0,1,10608705.99,10876332.52,267626.53,2
HH010637,0,0,0,0.00,5675665.77,6541308.94,0
HH010638,0,0,0,0.00,2731302.83,2311372.73,0
HH010639,0,0,0,0.00,8682729.36,8287438.08,0
HH010640,0,1,1,2633807.20,7069082.54,3962194.51,0
HH010641,0,0,0,0.00,12301660.59,13406078.68,0
HH010642,0,0,0,0.00,13324531.16,15114720.61,0
HH010643,0,1,1,4868704.57,10033333.85,2046862.00,0
HH010644,0,0,0,0.00,14017898.60,15397239.91,0
HH010645,0,1,1,676374.08,2639579.87,1550892.17,0
HH010646,0,0,0,0.00,1144665.12,1267109.85,0
HH010647,0,0,0,0.00,9316212.61,12817511.84,0
HH010648,0,0,0,0.00,2577182.87,2390540.91,0
HH010649,0,0,0,0.00,1020985.64,1033525.05,0
HH010650,0,0,0,0.00,13525782.90,14556151.50,0
HH010651,0,0,0,0.00,1913724.36,1957266.90,0
HH010652,0,0,0,0.00,23033532.09,16033091.39,0
HH010653,0,0,0,0.00,56859883.43,55568539.05,0
HH010654,0,0,0,0.00,1346805.03,1385922.29,0
HH010655,1,0,1,10921798.79,11241941.62,320142.83,1
HH010656,1,0,1,1893742.26,1909488.34,15746.08,4
HH010657,0,0,0,0.00,4899495.86,4963258.38,0
HH010658,0,0,0,0.00,3448882.97,3897515.56,0
HH010659,0,0,0,0.00,5024526.69,6673590.56,0
HH010660,0,0,0,0.00,1351361.15,1531061.69,0
HH010661,0,0,0,0.00,11458996.22,13115334.99,0
HH010662,0,0,0,0.00,28195713.34,32403392.94,0
HH010663,0,0,0,0.00,2792416.08,2519906.33,0
HH010664,0,0,0,0.00,8154274.74,7845815.71,0
HH010665,0,0,0,0.00,1971598.33,2585785.86,0
HH010666,0,0,0,0.00,10914506.09,12189966.78,0
HH010667,0,0,0,0.00,5841882.07,6751626.50,0
HH010668,0,0,0,0.00,2241876.34,2149933.36,0
HH010669,0,0,0,0.00,1434229.00,1603692.31,0
HH010670,0,0,0,0.00,4685190.28,4071874.79,0
HH010671,0,0,0,0.00,1336582.93,1511551.04,0
HH010672,0,0,0,0.00,3329881.14,3477226.58,0
HH010673,0,0,0,0.00,1786922.32,1329090.58,0
HH010674,0,0,0,0.00,4286069.21,4995534.34,0
HH010675,0,0,0,0.00,5976705.58,8168340.11,0
HH010676,0,0,0,0.00,3597658.06,3970472.71,0
HH010677,0,0,0,0.00,6895315.29,8031069.40,0
HH010678,0,0,0,0.00,8237473.23,8648116.39,0
HH010679,0,0,0,0.00,9410206.99,9293601.31,0
HH010680,0,0,0,0.00,5057120.41,7009624.54,0
HH010681,0,0,0,0.00,1427876.81,1801499.80,0
HH010682,0,0,0,0.00,1932501.45,2074254.31,0
HH010683,0,0,0,0.00,4826308.12,6266666.17,0
HH010684,0,0,0,0.00,3576496.42,4013908.21,0
HH010685,0,0,0,0.00,1192443.12,1298103.16,0
HH010686,0,0,0,0.00,19323255.05,18612994.41,0
HH010687,0,0,0,0.00,2126852.42,2582621.47,0
HH010688,0,0,0,0.00,14181222.82,14599338.29,0
HH010689,0,0,0,0.00,1202234.26,1238205.65,0
HH010690,0,0,0,0.00,11203155.93,14588512.51,0
HH010691,0,0,0,0.00,22730498.71,22362405.26,0
HH010692,0,0,0,0.00,81956494.80,94350252.69,0
HH010693,0,0,0,0.00,82219194.98,80574408.11,0
HH010694,0,0,0,0.00,30728540.00,32274492.63,0
HH010695,0,1,1,5134622.58,9518898.04,4931438.43,0
HH010696,0,0,0,0.00,2380676.36,2878290.74,0
HH010697,0,0,0,0.00,37512365.00,40147360.32,0
HH010698,0,0,0,0.00,1294831.33,1656542.74,0
HH010699,0,0,0,0.00,2035447.64,1581266.60,0
HH010700,0,0,0,0.00,2165939.80,2289759.60,0
HH010701,0,0,0,0.00,5533518.52,7313354.09,0
HH010702,0,0,0,0.00,5207301.13,5952445.96,0
HH010703,0,0,0,0.00,4928204.14,5966290.70,0
HH010704,0,0,0,0.00,4483672.86,4971103.27,0
HH010705,0,0,0,0.00,3770145.78,5587806.14,0
HH010706,0,0,0,0.00,7967329.52,9263155.91,0
HH010707,0,0,0,0.00,2664174.35,2835094.87,0
HH010708,0,0,0,0.00,1537860.94,1806863.27,0
HH010709,0,0,0,0.00,18471381.59,17591822.38,0
HH010710,0,0,0,0.00,2141345.82,2443745.23,0
HH010711,0,0,0,0.00,10025396.13,9980657.52,0
HH010712,0,1,1,8374168.70,9818673.92,1478593.95,0
HH010713,0,0,0,0.00,1819696.94,1730450.61,0
HH010714,0,0,0,0.00,3545509.76,3633774.43,0
HH010715,1,0,1,2889693.57,2953773.64,64080.07,3
HH010716,0,0,0,0.00,4529213.92,4760737.76,0
HH010717,0,0,0,0.00,3531272.98,4234103.54,0
HH010718,0,0,0,0.00,1321134.28,1317288.22,0
HH010719,0,0,0,0.00,1457689.29,1497707.71,0
HH010720,0,0,0,0.00,1865890.68,2066101.37,0
HH010721,0,0,0,0.00,16531333.45,16463434.44,0
HH010722,0,0,0,0.00,2763623.46,2726827.02,0
HH010723,0,0,0,0.00,7201821.63,7366676.11,0
HH010724,0,1,1,414564.92,1726561.11,949057.72,0
HH010725,0,0,0,0.00,2219457.83,2411202.70,0
HH010726,0,0,0,0.00,26224044.80,27906518.18,0
HH010727,0,0,0,0.00,9968086.78,8411322.62,0
HH010728,0,0,0,0.00,13100202.19,13956772.41,0
HH010729,0,0,0,0.00,2603692.71,4033535.80,0
HH010730,0,0,0,0.00,11122571.70,11162585.69,0
HH010731,0,0,0,0.00,2871501.77,3429070.03,0
HH010732,0,0,0,0.00,4474563.71,5005395.80,0
HH010733,0,0,0,0.00,3686274.92,3893668.71,0
HH010734,0,0,0,0.00,1794630.00,2061912.54,0
HH010735,0,0,0,0.00,22826669.71,21878724.51,0
HH010736,0,0,0,0.00,6192342.88,7355823.51,0
HH010737,0,0,0,0.00,2389428.04,2815368.50,0
HH010738,1,0,1,12311684.71,12597422.99,285738.28,2
HH010739,0,1,1,2047141.47,3568805.64,1212576.58,0
HH010740,0,0,0,0.00,1897260.26,1782659.99,0
HH010741,0,0,0,0.00,10625653.77,10219617.63,0
HH010742,0,1,1,3846130.48,6339865.37,2442423.45,0
HH010743,0,0,0,0.00,1649151.33,1673805.47,0
HH010744,1,0,1,5783292.21,5855376.72,72084.51,4
HH010745,0,0,0,0.00,9750558.47,11050813.42,0
HH010746,0,1,1,3143524.96,6470671.14,3599658.94,0
HH010747,0,1,1,1322803.89,3024503.91,1881448.70,0
HH010748,0,0,0,0.00,14119834.76,18768398.32,0
HH010749,0,0,0,0.00,2789059.97,2594401.43,0
HH010750,0,0,0,0.00,7266851.68,6593711.89,0
HH010751,0,0,0,0.00,26972303.41,36083178.55,0
HH010752,0,0,0,0.00,2006633.05,2350612.93,0
HH010753,0,0,0,0.00,9201599.02,9250994.63,0
HH010754,0,0,0,0.00,12076573.92,12567460.74,0
HH010755,0,0,0,0.00,1482877.38,942602.59,0
HH010756,0,1,1,2090959.61,3036386.24,931195.58,0
HH010757,0,0,0,0.00,5669348.36,6392911.23,0
HH010758,0,0,0,0.00,11745994.47,12961427.35,0
HH010759,0,0,0,0.00,7563665.57,8117734.44,0
HH010760,0,1,1,314747.47,1300984.96,1334436.17,0
HH010761,0,0,0,0.00,34249968.48,36965292.70,0
HH010762,0,0,0,0.00,36728610.64,37960674.38,0
HH010763,0,1,1,696995.81,2077131.81,1927634.23,0
HH010764,0,0,0,0.00,4895933.14,6197210.75,0
HH010765,0,0,0,0.00,11956436.59,13065941.18,0
HH010766,0,0,0,0.00,1274576.88,1424970.30,0
HH010767,0,0,0,0.00,9613905.20,11974379.09,0
HH010768,0,1,1,561513.45,1003931.50,445951.14,0
HH010769,0,0,0,0.00,17963881.51,16943849.49,0
HH010770,0,0,0,0.00,4316990.33,4757462.62,0
HH010771,0,0,0,0.00,14855896.91,16340335.57,0
HH010772,0,0,0,0.00,7133661.11,8011209.40,0
HH010773,0,1,1,2372550.45,5728583.95,3662355.74,0
HH010774,0,0,0,0.00,2534067.51,3322311.04,0
HH010775,0,0,0,0.00,4735514.20,5215619.89,0
HH010776,1,0,1,18850462.38,18867994.83,17532.45,6
HH010777,0,0,0,0.00,11133493.13,10643771.55,0
HH010778,0,0,0,0.00,13025983.79,16621033.32,0
HH010779,0,0,0,0.00,1235579.89,1305601.60,0
HH010780,0,0,0,0.00,29665846.83,30492975.57,0
HH010781,0,0,0,0.00,47794017.45,53397264.44,0
HH010782,1,0,1,17805785.75,18307130.28,501344.53,1
HH010783,0,0,0,0.00,11032408.64,12626780.82,0
HH010784,0,0,0,0.00,1024610.20,1358813.87,0
HH010785,0,0,0,0.00,5792765.48,6324942.39,0
HH010786,0,0,0,0.00,4675484.86,5215173.44,0
HH010787,0,1,1,3385825.31,6192163.95,2945169.76,0
HH010788,0,0,0,0.00,21565177.27,22815902.05,0
HH010789,0,0,0,0.00,1355714.63,1259186.97,0
HH010790,0,0,0,0.00,2060757.49,2521705.34,0
HH010791,0,0,0,0.00,1251147.43,1409809.72,0
HH010792,0,0,0,0.00,3856125.02,4193386.04,0
HH010793,0,0,0,0.00,6268424.38,8188113.11,0
HH010794,0,0,0,0.00,4215757.92,4639317.63,0
HH010795,0,0,0,0.00,5032031.66,4678081.33,0
HH010796,0,0,0,0.00,3027924.46,3383363.54,0
HH010797,0,0,0,0.00,7921262.87,9892845.79,0
HH010798,0,1,1,435541.31,1990632.24,1000540.10,0
HH010799,0,0,0,0.00,131034407.79,142850749.97,0
HH010800,0,0,0,0.00,1902747.72,1918123.61,0
HH010801,0,0,0,0.00,1009748.95,941412.40,0
HH010802,0,1,1,299336.32,1175807.44,699677.90,0
HH010803,0,1,1,3220374.90,15507656.88,12120954.32,0
HH010804,1,0,1,8407267.85,8616074.75,208806.90,3
HH010805,0,0,0,0.00,16700059.61,14406375.93,0
HH010806,0,0,0,0.00,3979601.91,4178084.55,0
HH010807,0,0,0,0.00,3822063.23,3687066.26,0
HH010808,0,0,0,0.00,5070802.34,6025195.24,0
HH010809,0,0,0,0.00,49009235.25,51300811.97,0
HH010810,0,0,0,0.00,2298297.17,2556820.05,0
HH010811,0,1,1,1760332.78,2957442.79,1052287.18,0
HH010812,0,0,0,0.00,5993508.05,6288712.20,0
HH010813,0,0,0,0.00,18959720.67,21668143.70,0
HH010814,0,0,0,0.00,3307885.94,3175136.51,0
HH010815,0,0,0,0.00,4103623.23,4291777.83,0
HH010816,0,1,1,3199787.66,13229172.90,12942547.80,0
HH010817,0,1,1,1372804.52,2656040.59,1701809.83,0
HH010818,0,0,0,0.00,2891786.94,3240798.12,0
HH010819,0,0,0,0.00,1533935.23,1673488.27,0
HH010820,0,0,0,0.00,7170577.17,8339246.57,0
HH010821,0,0,0,0.00,1939764.41,2260484.64,0
HH010822,0,0,0,0.00,1771630.17,1941406.11,0
HH010823,0,0,0,0.00,1607380.81,2128127.06,0
HH010824,1,0,1,3101123.64,3112774.13,11650.49,2
HH010825,0,0,0,0.00,4833765.51,5297731.19,0
HH010826,1,0,1,1249307.41,1252590.91,3283.50,2
HH010827,0,0,0,0.00,82703799.24,89417263.12,0
HH010828,0,0,0,0.00,3947142.94,4197124.24,0
HH010829,0,1,1,559335.52,2427639.54,1719257.56,0
HH010830,0,0,0,0.00,3836693.63,4365987.67,0
HH010831,0,0,0,0.00,1155773.73,1067663.32,0
HH010832,0,1,1,419410.77,1291067.77,972475.68,0
HH010833,1,0,1,12959478.69,13002032.29,42553.60,5
HH010834,0,0,0,0.00,3009122.24,2804435.38,0
HH010835,0,0,0,0.00,2718110.11,2647835.94,0
HH010836,0,0,0,0.00,6030432.13,5837036.31,0
HH010837,0,0,0,0.00,1939181.19,2060384.82,0
HH010838,0,0,0,0.00,1716771.78,2011921.02,0
HH010839,0,0,0,0.00,2413225.80,2689135.03,0
HH010840,0,0,0,0.00,2594111.69,3040445.90,0
HH010841,0,1,1,1328410.26,2521097.01,1075944.86,0
HH010842,0,0,0,0.00,1328129.83,1895692.10,0
HH010843,0,0,0,0.00,6698213.27,7211204.95,0
HH010844,0,1,1,665916.43,1798177.38,1188883.98,0
HH010845,0,0,0,0.00,22315345.51,25018502.04,0
HH010846,0,1,1,1047216.37,2556675.50,1675425.65,0
HH010847,0,0,0,0.00,2682996.14,3145174.55,0
HH010848,1,0,1,32053598.58,32798957.06,745358.48,6
HH010849,0,0,0,0.00,105540067.68,94219890.98,0
HH010850,0,0,0,0.00,1320473.74,1620500.66,0
HH010851,0,0,0,0.00,3076653.23,3375513.15,0
HH010852,0,0,0,0.00,3575858.05,3716016.73,0
HH010853,0,0,0,0.00,4398803.83,4463257.71,0
HH010854,0,0,0,0.00,1713266.57,1411777.27,0
HH010855,0,0,0,0.00,2257258.31,2283461.95,0
HH010856,0,0,0,0.00,1122656.87,1269202.07,0
HH010857,0,0,0,0.00,1317659.70,1376117.10,0
HH010858,0,0,0,0.00,14911570.60,18135569.21,0
HH010859,0,0,0,0.00,7268238.66,8138208.43,0
HH010860,0,1,1,1362138.07,3289154.14,1883714.04,0
HH010861,0,0,0,0.00,5955269.97,5790708.92,0
HH010862,0,0,0,0.00,1854813.20,1997219.39,0
HH010863,0,0,0,0.00,2345178.92,2551639.07,0
HH010864,0,0,0,0.00,9698854.39,11199313.67,0
HH010865,0,0,0,0.00,8284755.68,10970076.24,0
HH010866,0,0,0,0.00,2674825.73,2410168.21,0
HH010867,0,0,0,0.00,5901981.68,6678420.30,0
HH010868,0,0,0,0.00,31651398.75,38962496.84,0
HH010869,0,1,1,1626563.42,3112966.80,1570933.17,0
HH010870,0,0,0,0.00,1068592.05,1288080.76,0
HH010871,0,0,0,0.00,20086181.91,18741794.42,0
HH010872,0,0,0,0.00,6612247.93,7055586.17,0
HH010873,0,0,0,0.00,2699425.95,3137442.00,0
HH010874,0,0,0,0.00,34552565.21,35414218.49,0
HH010875,0,1,1,329138.98,1583251.68,1452958.02,0
HH010876,0,0,0,0.00,5487558.47,5646648.44,0
HH010877,0,0,0,0.00,5147162.07,5654993.64,0
HH010878,0,0,0,0.00,1811427.90,2138482.70,0
HH010879,0,0,0,0.00,1287109.17,1570073.67,0
HH010880,0,0,0,0.00,6619487.93,7047144.42,0
HH010881,1,0,1,2360472.55,2404835.46,44362.91,3
HH010882,0,1,1,1266268.45,3487955.56,2338166.35,0
HH010883,0,0,0,0.00,15693588.93,16223114.36,0
HH010884,0,0,0,0.00,15386302.42,15520702.65,0
HH010885,0,0,0,0.00,8610275.97,8405186.92,0
HH010886,0,0,0,0.00,6060087.90,7810279.58,0
HH010887,1,0,1,14525250.57,14866180.91,340930.34,3
HH010888,0,0,0,0.00,4796142.45,5043532.24,0
HH010889,0,0,0,0.00,40436073.70,44326131.84,0
HH010890,0,0,0,0.00,4613267.33,5375399.70,0
HH010891,0,0,0,0.00,1080706.78,1529121.73,0
HH010892,0,0,0,0.00,10451182.93,11297201.00,0
HH010893,0,0,0,0.00,5541931.02,5974018.03,0
HH010894,0,0,0,0.00,2214968.01,2258693.78,0
HH010895,0,0,0,0.00,3598509.11,3008992.93,0
HH010896,0,0,0,0.00,2422060.89,1873330.96,0
HH010897,0,0,0,0.00,21734216.29,27708243.10,0
HH010898,0,0,0,0.00,35230996.42,35799946.85,0
HH010899,0,0,0,0.00,1418053.78,1422741.84,0
HH010900,0,0,0,0.00,1597655.79,1793793.99,0
HH010901,0,0,0,0.00,13196526.51,14097055.60,0
HH010902,0,0,0,0.00,1546608.30,1723704.26,0
HH010903,0,0,0,0.00,13412126.17,13538727.17,0
HH010904,0,0,0,0.00,7875211.00,9709903.48,0
HH010905,0,0,0,0.00,24951181.24,29154500.25,0
HH010906,0,0,0,0.00,3739442.32,4589099.13,0
HH010907,0,1,1,2207880.18,9929544.08,8542113.62,0
HH010908,0,0,0,0.00,12408142.66,11885277.06,0
HH010909,0,0,0,0.00,9839870.74,8977566.81,0
HH010910,0,0,0,0.00,7703714.22,8578648.03,0
HH010911,0,1,1,1166306.37,2155923.26,1188121.43,0
HH010912,0,0,0,0.00,1204717.36,1313809.03,0
HH010913,0,0,0,0.00,1249881.54,1407573.04,0
HH010914,0,0,0,0.00,3707699.40,4176949.28,0
HH010915,0,0,0,0.00,6128283.51,6781598.66,0
HH010916,0,0,0,0.00,2199823.62,2447721.31,0
HH010917,,,,,4455027.35,4814016.92,0
HH010918,0,0,0,0.00,2162490.69,2507032.04,0
HH010919,0,0,0,0.00,17656104.33,19257728.35,0
HH010920,0,0,0,0.00,6702979.61,6929965.92,0
HH010921,0,0,0,0.00,1971887.32,2123507.71,0
HH010922,0,0,0,0.00,3344402.49,3583520.10,0
HH010923,0,0,0,0.00,4101976.22,4666944.60,0
HH010924,0,0,0,0.00,69098364.21,80242729.65,0
HH010925,1,0,1,2371693.98,2396934.72,25240.74,2
HH010926,0,0,0,0.00,23769266.99,23670840.39,0
HH010927,0,0,0,0.00,6586957.71,7379726.51,0
HH010928,0,0,0,0.00,4541823.90,4878472.25,0
HH010929,0,0,0,0.00,1376807.91,1551729.15,0
HH010930,0,0,0,0.00,2844459.54,2771352.42,0
HH010931,0,0,0,0.00,15588594.67,25282325.27,0
HH010932,0,0,0,0.00,12104044.07,11596157.58,0
HH010933,0,0,0,0.00,1189627.73,1238675.78,0
HH010934,0,0,0,0.00,2747995.57,3073441.54,0
HH010935,0,0,0,0.00,2185811.19,2648685.19,0
HH010936,1,0,1,3421489.74,3449895.96,28406.22,3
HH010937,0,0,0,0.00,2907247.69,3056010.83,0
HH010938,0,0,0,0.00,15316372.84,14244556.29,0
HH010939,0,0,0,0.00,19342841.37,21746859.34,0
HH010940,0,0,0,0.00,1508439.94,1595432.83,0
HH010941,0,0,0,0.00,4133461.76,6865703.82,0
HH010942,0,0,0,0.00,2307616.86,2529945.03,0
HH010943,0,1,1,1268133.26,3912036.49,2808812.41,0
HH010944,0,0,0,0.00,44739242.61,46595754.51,0
HH010945,0,0,0,0.00,2423195.39,2681678.37,0
HH010946,0,0,0,0.00,12383468.44,13339941.73,0
HH010947,0,0,0,0.00,2428428.31,2782046.95,0
HH010948,0,0,0,0.00,1008077.67,1032606.24,0
HH010949,0,0,0,0.00,1418886.44,1530288.73,0
HH010950,0,0,0,0.00,7931729.34,7722929.03,0
HH010951,0,0,0,0.00,2203469.88,2286465.51,0
HH010952,0,0,0,0.00,2633675.08,2484008.87,0
HH010953,0,0,0,0.00,2124476.56,2303846.63,0
HH010954,0,0,0,0.00,9338803.87,9757083.24,0
HH010955,0,0,0,0.00,12454638.55,13825429.37,0
HH010956,0,0,0,0.00,3604963.69,3873122.52,0
HH010957,0,0,0,0.00,1672183.57,2074147.09,0
HH010958,0,0,0,0.00,17940878.82,17204836.38,0
HH010959,0,0,0,0.00,5187828.39,5581003.64,0
HH010960,0,0,0,0.00,10696404.04,15942330.04,0
HH010961,0,0,0,0.00,4579107.48,4427818.42,0
HH010962,0,0,0,0.00,2464093.85,2911643.45,0
HH010963,0,0,0,0.00,6142141.91,6854392.27,0
HH010964,0,0,0,0.00,6940267.81,7345017.28,0
HH010965,0,0,0,0.00,1171364.41,1195149.17,0
HH010966,0,0,0,0.00,2309537.60,2671758.66,0
HH010967,0,0,0,0.00,39158051.73,39464436.18,0
HH010968,0,0,0,0.00,11615938.00,10153500.33,0
HH010969,0,0,0,0.00,2884910.74,3474624.38,0
HH010970,0,0,0,0.00,1136603.64,1260512.58,0
HH010971,0,0,0,0.00,1633481.50,2070795.76,0
HH010972,0,0,0,0.00,2688981.81,2704397.93,0
HH010973,0,0,0,0.00,1212131.74,1333210.35,0
HH010974,0,0,0,0.00,48062359.70,42128751.91,0
HH010975,0,0,0,0.00,11092860.94,12553598.69,0
HH010976,0,0,0,0.00,13549208.45,16077816.43,0
HH010977,0,0,0,0.00,12627320.79,12998565.83,0
HH010978,0,0,0,0.00,15058376.67,14577275.25,0
HH010979,0,0,0,0.00,9552000.06,10071559.52,0
HH010980,0,0,0,0.00,3852833.36,3904283.64,0
HH010981,0,0,0,0.00,55440696.44,61069990.63,0
HH010982,1,0,1,3033130.55,3111239.93,78109.38,4
HH010983,0,0,0,0.00,12029809.56,12804785.53,0
HH010984,0,0,0,0.00,1109722.38,1076920.62,0
HH010985,0,0,0,0.00,2393881.18,2924890.86,0
HH010986,0,0,0,0.00,9969243.66,9962282.20,0
HH010987,0,0,0,0.00,17328431.80,15533799.03,0
HH010988,0,0,0,0.00,5957400.48,6653763.42,0
HH010989,0,0,0,0.00,6773432.27,7639190.84,0
HH010990,0,0,0,0.00,1228006.90,1196134.61,0
HH010991,0,1,1,1681893.30,2649215.06,963771.08,0
HH010992,0,1,1,7925592.38,26376822.24,20553373.70,0
HH010993,0,0,0,0.00,10898643.19,11984994.91,0
HH010994,0,0,0,0.00,7867019.69,7901551.47,0
HH010995,0,0,0,0.00,22744083.82,27305766.79,0
HH010996,0,0,0,0.00,9533311.21,10793626.67,0
HH010997,0,0,0,0.00,3613555.31,3906919.49,0
HH010998,0,0,0,0.00,4701870.89,5237981.38,0
HH010999,0,0,0,0.00,5945913.66,6133422.39,0
HH011000,0,0,0,0.00,3999443.67,4737920.16,0
HH011001,0,0,0,0.00,3385907.50,3721968.03,0
HH011002,0,0,0,0.00,3310914.23,4041161.46,0
HH011003,0,0,0,0.00,3227168.92,3102202.62,0
HH011004,0,1,1,2211123.04,4157659.43,2113460.04,0
HH011005,0,0,0,0.00,10755665.57,12583053.12,0
HH011006,0,0,0,0.00,3036359.90,3301686.78,0
HH011007,0,0,0,0.00,7516145.42,7473478.65,0
HH011008,0,1,1,327200.85,1538845.04,1285438.39,0
HH011009,0,0,0,0.00,3388430.00,3768033.34,0
HH011010,0,1,1,2798251.05,5332253.58,2565808.05,0
HH011011,0,0,0,0.00,10796751.90,11308794.11,0
HH011012,0,1,1,571582.78,2379456.89,1826295.36,0
HH011013,1,0,1,6869043.49,6926093.49,57050.00,3
HH011014,0,0,0,0.00,15414270.76,16408350.31,0
HH011015,0,1,1,1788397.31,4163867.86,2364897.29,0
HH011016,0,0,0,0.00,4173838.36,4671837.33,0
HH011017,0,0,0,0.00,5939075.30,5644053.72,0
HH011018,0,0,0,0.00,2755916.38,3069016.64,0
HH011019,0,0,0,0.00,3664036.40,3780004.44,0
HH011020,0,0,0,0.00,24372953.25,15609307.08,0
HH011021,0,0,0,0.00,5058378.53,5361437.78,0
HH011022,0,0,0,0.00,5012177.04,5452742.64,0
HH011023,0,0,0,0.00,3296035.52,3624233.67,0
HH011024,0,0,0,0.00,5541051.29,6558808.58,0
HH011025,0,0,0,0.00,5217342.15,5231564.60,0
HH011026,0,0,0,0.00,5063574.81,4993796.74,0
HH011027,0,0,0,0.00,4443432.85,4449729.97,0
HH011028,0,1,1,444532.65,2009816.77,2135475.24,0
HH011029,0,0,0,0.00,35235551.56,37614431.79,0
HH011030,0,0,0,0.00,1748386.06,1852608.38,0
HH011031,0,0,0,0.00,2888514.71,2869092.27,0
HH011032,0,0,0,0.00,2487725.62,2488832.06,0
HH011033,1,0,1,1265510.30,1270503.06,4992.76,5
HH011034,0,0,0,0.00,2567624.81,2978027.90,0
HH011035,0,0,0,0.00,2202865.29,2331884.64,0
HH011036,0,0,0,0.00,2597220.25,2734962.69,0
HH011037,1,0,1,1325904.02,1334173.81,8269.79,4
HH011038,1,0,1,2823476.88,2835995.04,12518.16,6
HH011039,0,0,0,0.00,54473160.21,74816979.33,0
HH011040,0,0,0,0.00,3073582.04,3576453.10,0
HH011041,0,0,0,0.00,2366013.12,2612646.38,0
HH011042,0,0,0,0.00,2526924.96,3319980.65,0
HH011043,0,0,0,0.00,21997361.44,23450673.81,0
HH011044,0,0,0,0.00,32289861.25,35772381.74,0
HH011045,0,1,1,1811732.52,5033432.00,3728724.93,0
HH011046,0,0,0,0.00,8226583.36,8961205.01,0
HH011047,0,0,0,0.00,2454357.81,2878488.59,0
HH011048,0,0,0,0.00,6288479.02,9240955.75,0
HH011049,0,0,0,0.00,8545062.76,9538267.33,0
HH011050,0,1,1,664905.93,2015605.83,1495318.32,0
HH011051,0,0,0,0.00,4402151.34,4679283.05,0
HH011052,0,0,0,0.00,72256612.61,82753562.86,0
HH011053,0,0,0,0.00,3898703.23,4414750.51,0
HH011054,0,0,0,0.00,7052837.87,7096932.20,0
HH011055,0,0,0,0.00,4535318.31,5729748.57,0
HH011056,0,0,0,0.00,8704063.47,9300181.65,0
HH011057,0,0,0,0.00,29655225.38,29410354.96,0
HH011058,0,0,0,0.00,6876701.35,4877113.30,0
HH011059,0,0,0,0.00,7062058.70,6548792.60,0
HH011060,0,0,0,0.00,2740021.76,2472648.03,0
HH011061,0,0,0,0.00,9461567.89,10788262.47,0
HH011062,0,0,0,0.00,6533929.86,6990173.88,0
HH011063,0,0,0,0.00,7682774.07,6931215.52,0
HH011064,0,1,1,527807.16,1514233.43,955422.50,0
HH011065,0,0,0,0.00,1594909.63,1738800.85,0
HH011066,0,0,0,0.00,2744918.24,3089983.24,0
HH011067,0,1,1,1049574.16,2933572.53,2028514.46,0
HH011068,0,0,0,0.00,3102254.65,3445173.00,0
HH011069,0,0,0,0.00,12641767.92,12536150.47,0
HH011070,0,0,0,0.00,12079464.65,10292231.89,0
HH011071,0,0,0,0.00,5902247.38,7025970.90,0
HH011072,0,0,0,0.00,7542481.27,7510977.53,0
HH011073,0,0,0,0.00,2891179.23,3225692.24,0
HH011074,0,1,1,3746464.56,7466996.50,4068796.43,0
HH011075,0,0,0,0.00,2229877.68,2064459.11,0
HH011076,0,0,0,0.00,5827662.71,6225655.62,0
HH011077,0,0,0,0.00,4880290.35,5916052.50,0
HH011078,0,0,0,0.00,2477353.93,2685907.96,0
HH011079,1,0,1,2488724.39,2549126.98,60402.59,5
HH011080,0,0,0,0.00,8805742.81,9016490.00,0
HH011081,0,0,0,0.00,1627853.37,1657379.97,0
HH011082,0,0,0,0.00,5038228.01,5415731.80,0
HH011083,0,0,0,0.00,1704791.97,1808911.66,0
HH011084,0,0,0,0.00,1105287.98,1091214.60,0
HH011085,0,0,0,0.00,4723541.78,5543716.17,0
HH011086,0,0,0,0.00,35688921.44,34940249.91,0
HH011087,0,1,1,2604511.99,5834623.67,3516260.71,0
HH011088,0,0,0,0.00,90057274.89,110929565.20,0
HH011089,0,1,1,973933.49,4779396.79,4504159.68,0
HH011090,0,0,0,0.00,12197114.57,12055845.50,0
HH011091,0,1,1,3571623.26,7899360.36,4206932.71,0
HH011092,0,1,1,2647678.98,8341912.82,6040085.87,0
HH011093,0,0,0,0.00,12996663.20,14659930.85,0
HH011094,0,0,0,0.00,2088330.63,2623620.06,0
HH011095,0,1,1,8268725.55,15086142.58,7246754.51,0
HH011096,0,0,0,0.00,20220955.10,22636310.78,0
HH011097,0,1,1,3916392.14,12717776.33,9682158.60,0
HH011098,0,0,0,0.00,5275066.34,5463192.27,0
HH011099,0,0,0,0.00,5251718.53,5417282.67,0
HH011100,0,0,0,0.00,8732251.12,7627479.69,0
HH011101,0,1,1,678591.52,1615950.55,898573.80,0
HH011102,0,0,0,0.00,2895444.14,2657058.94,0
HH011103,0,0,0,0.00,2405119.10,2633981.66,0
HH011104,0,0,0,0.00,5471185.29,5719369.11,0
HH011105,0,1,1,15068830.38,28723674.81,15118582.48,0
HH011106,0,0,0,0.00,4789534.22,5098585.73,0
HH011107,0,0,0,0.00,19387556.06,19012688.15,0
HH011108,0,0,0,0.00,87401413.53,100170558.16,0
HH011109,0,0,0,0.00,13236188.16,14358790.86,0
HH011110,0,0,0,0.00,3642291.90,3985795.75,0
HH011111,0,0,0,0.00,13209200.66,14446873.51,0
HH011112,0,0,0,0.00,1928238.03,1833181.80,0
HH011113,0,0,0,0.00,2111082.35,2202799.12,0
HH011114,0,0,0,0.00,15190950.38,17427173.26,0
HH011115,1,0,1,3305285.17,3350872.66,45587.49,6
HH011116,0,1,1,1687455.07,2951218.41,1435987.17,0
HH011117,1,0,1,1518215.04,1547748.56,29533.52,3
HH011118,0,0,0,0.00,16251308.27,16744963.69,0
HH011119,0,0,0,0.00,15929713.81,18004268.83,0
HH011120,0,0,0,0.00,1045523.93,1020851.80,0
HH011121,1,0,1,1244082.53,1260970.71,16888.18,4
HH011122,0,1,1,680822.67,1701059.56,1043928.74,0
HH011123,0,0,0,0.00,93145696.40,106282268.22,0
HH011124,0,0,0,0.00,1773184.05,1712695.31,0
HH011125,0,1,1,1178763.95,2032089.20,791180.98,0
HH011126,0,0,0,0.00,13237207.91,12713956.93,0
HH011127,0,0,0,0.00,1270145.18,1411151.99,0
HH011128,0,1,1,631938.48,1187603.19,594448.27,0
HH011129,0,0,0,0.00,8706079.43,9384412.11,0
HH011130,0,0,0,0.00,12064134.49,13098192.76,0
HH011131,0,0,0,0.00,4580376.58,5575776.15,0
HH011132,0,0,0,0.00,1001585.37,1261018.92,0
HH011133,0,0,0,0.00,4393986.19,4986631.57,0
HH011134,0,0,0,0.00,3722914.41,4561884.25,0
HH011135,0,0,0,0.00,2287605.06,1803282.22,0
HH011136,0,0,0,0.00,21728885.01,25931230.33,0
HH011137,0,0,0,0.00,6421234.98,7219780.04,0
HH011138,0,0,0,0.00,10284227.69,9515961.24,0
HH011139,0,0,0,0.00,12596525.86,14000006.47,0
HH011140,0,1,1,1189385.45,3835584.31,2789239.89,0
HH011141,0,0,0,0.00,1002289.95,1108807.34,0
HH011142,0,0,0,0.00,2375507.78,2789426.40,0
HH011143,0,1,1,11469145.74,19463926.04,8209136.37,0
HH011144,0,0,0,0.00,2717695.31,2701842.91,0
HH011145,0,0,0,0.00,2757553.27,2806097.42,0
HH011146,0,0,0,0.00,3443153.29,3225822.61,0
HH011147,0,0,0,0.00,1389319.27,1398508.88,0
HH011148,0,0,0,0.00,6583881.09,8204368.02,0
HH011149,0,0,0,0.00,4426931.57,5038773.67,0
HH011150,0,0,0,0.00,1312453.39,1543381.47,0
HH011151,0,1,1,6302895.39,16847595.12,10906219.28,0
HH011152,0,0,0,0.00,24772443.52,22527237.99,0
HH011153,0,0,0,0.00,5874681.41,6926346.37,0
HH011154,0,0,0,0.00,1599378.80,1196835.96,0
HH011155,0,0,0,0.00,7276618.18,8008728.96,0
HH011156,0,0,0,0.00,3438623.39,3099005.52,0
HH011157,0,0,0,0.00,160096198.96,172955897.65,0
HH011158,0,0,0,0.00,7239113.87,8190395.01,0
HH011159,0,0,0,0.00,21258448.44,18224006.93,0
HH011160,0,1,1,1790200.19,4534177.03,3641223.47,0
HH011161,1,0,1,1008179.18,1016588.96,8409.78,4
HH011162,0,0,0,0.00,4347352.59,4384012.40,0
HH011163,0,1,1,5680730.47,16766410.21,14201905.73,0
HH011164,0,0,0,0.00,48559834.11,61898887.14,0
HH011165,1,0,1,3653014.00,3655726.99,2712.99,1
HH011166,0,1,1,1385089.55,3657792.93,2333744.01,0
HH011167,0,0,0,0.00,12999067.83,11636997.44,0
HH011168,0,1,1,304351.78,1065377.92,690428.81,0
HH011169,0,1,1,1548395.44,5251690.84,4326046.71,0
HH011170,0,0,0,0.00,1863995.33,2078629.99,0
HH011171,0,0,0,0.00,6829681.55,7090893.89,0
HH011172,0,1,1,763313.68,1930972.92,895949.29,0
HH011173,0,0,0,0.00,4485751.06,6234692.87,0
HH011174,0,0,0,0.00,20076646.20,19384742.21,0
HH011175,0,0,0,0.00,6073428.29,6036041.95,0
HH011176,0,0,0,0.00,8849361.37,7478061.57,0
HH011177,0,0,0,0.00,14152337.69,15097255.73,0
HH011178,0,0,0,0.00,2014883.08,2212338.22,0
HH011179,0,0,0,0.00,30316308.56,30590266.34,0
HH011180,0,0,0,0.00,15767935.52,19561088.49,0
HH011181,0,0,0,0.00,7403664.11,7418576.44,0
HH011182,0,0,0,0.00,1531690.11,1723699.42,0
HH011183,0,0,0,0.00,2589501.63,3437428.77,0
HH011184,0,0,0,0.00,1207769.68,1116045.44,0
HH011185,1,0,1,2311913.93,2383230.32,71316.39,2
HH011186,0,0,0,0.00,3584321.44,4574059.46,0
HH011187,0,0,0,0.00,19647425.52,14987193.13,0
HH011188,0,0,0,0.00,1799915.48,1840994.85,0
HH011189,0,0,0,0.00,1776868.75,1754003.43,0
HH011190,0,0,0,0.00,2768503.45,2689913.92,0
HH011191,0,0,0,0.00,2948235.80,3093590.36,0
HH011192,0,0,0,0.00,5618416.74,5821358.40,0
HH011193,0,0,0,0.00,17830318.14,19960219.44,0
HH011194,0,0,0,0.00,4988054.60,5187756.47,0
HH011195,0,0,0,0.00,1999738.60,2080466.81,0
HH011196,0,0,0,0.00,5743325.53,6186338.47,0
HH011197,0,0,0,0.00,2375239.09,2447424.97,0
HH011198,0,0,0,0.00,2894142.42,2893898.49,0
HH011199,0,1,1,1042633.91,1923108.84,1331964.69,0
HH011200,1,0,1,4307942.81,4429516.00,121573.19,4
HH011201,0,0,0,0.00,2748169.93,2940676.10,0
HH011202,0,0,0,0.00,10613693.69,10254477.84,0
HH011203,0,0,0,0.00,1580716.28,1880778.44,0
HH011204,0,0,0,0.00,7357743.51,8283755.83,0
HH011205,0,0,0,0.00,2338291.24,2526172.53,0
HH011206,0,1,1,1840779.79,4416337.16,2648481.12,0
HH011207,0,0,0,0.00,20912738.87,21670147.99,0
HH011208,0,0,0,0.00,2252168.83,2157854.73,0
HH011209,0,0,0,0.00,3953683.88,4150875.84,0
HH011210,0,1,1,661074.68,1739250.25,1221461.49,0
HH011211,0,1,1,996624.62,1773603.23,813473.55,0
HH011212,0,1,1,16335705.58,41087001.88,23412731.62,0
HH011213,0,0,0,0.00,1802563.82,1676612.38,0
HH011214,0,0,0,0.00,35522675.46,40525583.16,0
HH011215,0,1,1,585831.55,2779303.99,2544970.33,0
HH011216,0,0,0,0.00,4193676.93,4166362.55,0
HH011217,0,0,0,0.00,9400441.29,10269748.48,0
HH011218,0,0,0,0.00,3257660.47,3434687.11,0
HH011219,0,0,0,0.00,62762247.16,70327325.84,0
HH011220,0,0,0,0.00,2469757.30,3170400.19,0
HH011221,0,0,0,0.00,4120836.94,5422804.37,0
HH011222,0,1,1,845001.79,2400025.86,1612714.60,0
HH011223,0,0,0,0.00,6240762.00,7593701.17,0
HH011224,0,0,0,0.00,4012207.92,5075124.91,0
HH011225,0,1,1,1512196.88,4368958.90,5149688.87,0
HH011226,0,0,0,0.00,15729009.69,15867280.95,0
HH011227,0,0,0,0.00,2521777.86,2579020.92,0
HH011228,0,0,0,0.00,4903483.50,5711735.17,0
HH011229,0,0,0,0.00,4602886.91,5246118.58,0
HH011230,,,,,6026457.96,8050909.75,0
HH011231,0,0,0,0.00,7296886.57,8001558.36,0
HH011232,0,0,0,0.00,4656404.95,4974921.44,0
HH011233,0,0,0,0.00,5026954.84,3808563.09,0
HH011234,0,0,0,0.00,15104514.25,17501100.61,0
HH011235,0,0,0,0.00,13539300.87,16666871.96,0
HH011236,0,0,0,0.00,10643842.81,11212556.56,0
HH011237,0,0,0,0.00,7917617.55,8357721.13,0
HH011238,0,0,0,0.00,3033964.26,3845468.83,0
HH011239,0,1,1,2306106.68,4297194.06,3217230.09,0
HH011240,1,0,1,15383752.72,15620157.74,236405.02,6
HH011241,0,1,1,4536470.38,12831306.96,8934997.36,0
HH011242,0,0,0,0.00,1571377.86,1731860.17,0
HH011243,0,1,1,1843869.00,5646042.41,4112771.61,0
HH011244,0,0,0,0.00,3121634.64,5294159.71,0
HH011245,0,0,0,0.00,13574030.46,13212387.33,0
HH011246,0,0,0,0.00,1614112.69,1738868.92,0
HH011247,0,0,0,0.00,5394414.51,4949134.47,0
HH011248,0,0,0,0.00,6080213.25,6796455.57,0
HH011249,0,0,0,0.00,1367301.22,1440217.77,0
HH011250,0,1,1,5800862.45,11002357.92,5554702.38,0
HH011251,0,0,0,0.00,11076439.06,13835016.99,0
HH011252,0,0,0,0.00,4104854.15,4075230.15,0
HH011253,1,0,1,3181457.12,3221266.05,39808.93,5
HH011254,0,0,0,0.00,2592388.54,2783533.56,0
HH011255,,,,,4304782.03,3870625.90,0
HH011256,0,0,0,0.00,15268072.59,13208574.42,0
HH011257,0,0,0,0.00,1679249.14,1870845.67,0
HH011258,0,0,0,0.00,2588695.92,2793466.59,0
HH011259,0,0,0,0.00,6455032.44,7449104.82,0
HH011260,0,0,0,0.00,4453417.87,4771387.14,0
HH011261,0,0,0,0.00,1119698.06,1090248.16,0
HH011262,0,0,0,0.00,1634452.95,1231879.93,0
HH011263,0,0,0,0.00,10888212.09,12279524.66,0
HH011264,0,0,0,0.00,1250002.49,1354809.05,0
HH011265,0,0,0,0.00,8904071.52,10223763.87,0
HH011266,0,0,0,0.00,1764688.34,1790785.71,0
HH011267,0,0,0,0.00,2419285.86,2374370.87,0
HH011268,0,0,0,0.00,4740872.84,4277633.16,0
HH011269,1,0,1,65078645.70,66066265.22,987619.52,5
HH011270,0,0,0,0.00,11906990.37,12417072.78,0
HH011271,0,0,0,0.00,41582025.30,45801198.41,0
HH011272,0,0,0,0.00,10592405.80,11058114.33,0
HH011273,0,0,0,0.00,3028000.57,2847252.30,0
HH011274,0,0,0,0.00,14218142.10,14943290.31,0
HH011275,0,0,0,0.00,5252984.69,5706167.21,0
HH011276,0,0,0,0.00,32786680.27,33241778.67,0
HH011277,0,0,0,0.00,13469741.97,12389677.51,0
HH011278,1,0,1,2124683.43,2144857.20,20173.77,1
HH011279,0,0,0,0.00,12569629.66,14785740.45,0
HH011280,0,0,0,0.00,28558842.06,32655732.86,0
HH011281,0,0,0,0.00,10786547.35,10445204.75,0
HH011282,0,0,0,0.00,16179586.14,17548402.59,0
HH011283,0,1,1,2359750.52,7908822.87,5512673.79,0
HH011284,0,0,0,0.00,1715654.90,1623666.47,0
HH011285,0,0,0,0.00,1854092.78,1966884.27,0
HH011286,0,0,0,0.00,7370807.76,7857789.76,0
HH011287,0,0,0,0.00,5047770.77,5554879.86,0
HH011288,0,0,0,0.00,14309996.35,14972166.49,0
HH011289,0,0,0,0.00,1955973.99,1937434.68,0
HH011290,0,0,0,0.00,1859823.25,1968528.24,0
HH011291,0,0,0,0.00,3897450.29,4447991.50,0
HH011292,0,1,1,21906052.83,45026486.05,23203667.57,0
HH011293,0,0,0,0.00,14329164.49,12219107.39,0
HH011294,0,0,0,0.00,1876528.63,3082862.71,0
HH011295,0,1,1,1754759.33,6094919.04,4647577.88,0
HH011296,0,0,0,0.00,1491497.15,1655740.23,0
HH011297,0,0,0,0.00,4443098.09,4492842.48,0
HH011298,0,0,0,0.00,22264269.01,23548004.72,0
HH011299,0,0,0,0.00,1430963.41,1302058.34,0
HH011300,0,0,0,0.00,25921615.89,26963446.75,0
HH011301,1,0,1,4073818.67,4194438.13,120619.46,2
HH011302,0,0,0,0.00,1460565.10,1685811.12,0
HH011303,0,0,0,0.00,1915984.60,2193262.77,0
HH011304,0,1,1,4034406.85,7906642.86,4440428.67,0
HH011305,0,0,0,0.00,6372668.43,6563533.99,0
HH011306,0,0,0,0.00,3752161.46,4290797.70,0
HH011307,0,0,0,0.00,6537804.11,6339475.88,0
HH011308,0,0,0,0.00,1874419.91,2025072.36,0
HH011309,0,0,0,0.00,1205727.68,1270115.50,0
HH011310,0,0,0,0.00,3057762.04,3565012.81,0
HH011311,0,0,0,0.00,15155133.11,17243972.46,0
HH011312,0,0,0,0.00,35734754.89,29173943.21,0
HH011313,0,1,1,3657186.83,10805196.24,7809232.67,0
HH011314,0,0,0,0.00,1124012.23,1260665.41,0
HH011315,0,0,0,0.00,2122707.56,2184777.72,0
HH011316,0,0,0,0.00,4579001.30,4814231.41,0
HH011317,0,0,0,0.00,1924816.92,2817501.73,0
HH011318,0,0,0,0.00,2092999.83,2750061.72,0
HH011319,0,0,0,0.00,1615182.45,1906695.27,0
HH011320,0,0,0,0.00,2725561.56,3336699.31,0
HH011321,0,0,0,0.00,3497682.68,3137710.72,0
HH011322,0,1,1,2196617.75,3831262.99,1868158.76,0
HH011323,0,1,1,2955613.08,6553832.68,3925890.40,0
HH011324,0,0,0,0.00,4206037.78,4514642.95,0
HH011325,0,0,0,0.00,4148254.81,4118370.76,0
HH011326,1,0,1,3003112.04,3078380.51,75268.47,3
HH011327,0,1,1,1458917.24,3336809.45,2046930.60,0
HH011328,0,1,1,4536118.09,9691818.85,6037522.55,0
HH011329,0,1,1,262749.18,1014851.78,846396.90,0
HH011330,0,1,1,5145517.66,14321895.28,8911479.11,0
HH011331,0,0,0,0.00,6669735.57,7513227.15,0
HH011332,0,0,0,0.00,13404951.32,13406941.18,0
HH011333,0,0,0,0.00,7865544.17,8125601.46,0
HH011334,0,0,0,0.00,16087473.27,16795151.72,0
HH011335,1,0,1,1193814.63,1218077.99,24263.36,1
HH011336,0,0,0,0.00,7906297.73,8569080.32,0
HH011337,0,1,1,4298525.68,9077120.70,5163658.56,0
HH011338,0,0,0,0.00,2494181.08,2863653.14,0
HH011339,0,0,0,0.00,30701806.40,34364775.73,0
HH011340,1,0,1,1614319.19,1645331.33,31012.14,3
HH011341,1,0,1,3790778.87,3838256.21,47477.34,1
HH011342,0,0,0,0.00,3120427.58,2640556.13,0
HH011343,0,0,0,0.00,6783364.58,7889922.14,0
HH011344,0,0,0,0.00,3510679.09,4229445.04,0
HH011345,0,0,0,0.00,5535121.04,5198696.04,0
HH011346,0,0,0,0.00,13079474.90,13726411.31,0
HH011347,0,0,0,0.00,2020436.61,2093316.28,0
HH011348,0,0,0,0.00,6439088.10,7168020.51,0
HH011349,0,0,0,0.00,1568062.82,1283832.28,0
HH011350,0,0,0,0.00,1232440.16,1033928.06,0
HH011351,0,0,0,0.00,15226109.34,19849801.51,0
HH011352,0,0,0,0.00,5415485.52,5388786.26,0
HH011353,0,0,0,0.00,4514005.93,4454585.41,0
HH011354,0,0,0,0.00,1632213.06,1693977.28,0
HH011355,0,0,0,0.00,3325296.09,3676874.86,0
HH011356,0,0,0,0.00,5616432.72,5643366.58,0
HH011357,0,0,0,0.00,2785546.63,2986618.49,0
HH011358,0,0,0,0.00,2050636.51,2644398.46,0
HH011359,0,0,0,0.00,4242313.52,4437841.72,0
HH011360,0,0,0,0.00,31726077.81,31327851.84,0
HH011361,0,0,0,0.00,9443970.92,10091802.95,0
HH011362,0,0,0,0.00,45744157.89,59308375.44,0
HH011363,0,0,0,0.00,2854268.70,3022750.78,0
HH011364,0,0,0,0.00,1216991.45,1703686.61,0
HH011365,0,0,0,0.00,1787267.33,1991414.62,0
HH011366,0,0,0,0.00,61968746.15,68713426.54,0
HH011367,0,0,0,0.00,18126967.31,17676487.23,0
HH011368,0,0,0,0.00,3124676.84,3083691.10,0
HH011369,0,0,0,0.00,9097782.89,9918495.90,0
HH011370,0,0,0,0.00,7516682.95,8051653.14,0
HH011371,0,1,1,5448064.44,12567240.26,7622237.53,0
HH011372,0,0,0,0.00,48955687.03,53934430.97,0
HH011373,0,0,0,0.00,3582776.59,3841166.50,0
HH011374,0,0,0,0.00,1696736.85,1658671.60,0
HH011375,0,0,0,0.00,14765239.94,15641243.41,0
HH011376,0,0,0,0.00,1176051.11,1285516.98,0
HH011377,0,0,0,0.00,4161449.31,5408295.74,0
HH011378,0,0,0,0.00,1232502.13,1406923.09,0
HH011379,0,0,0,0.00,1851619.94,1987399.98,0
HH011380,0,0,0,0.00,4868621.84,4666670.42,0
HH011381,0,0,0,0.00,3001133.98,4406611.63,0
HH011382,0,0,0,0.00,1327557.06,1470508.95,0
HH011383,0,0,0,0.00,2350747.69,2002894.18,0
HH011384,0,0,0,0.00,3615951.43,3828234.78,0
HH011385,0,0,0,0.00,26100530.88,26613948.99,0
HH011386,0,0,0,0.00,2383993.43,3109394.20,0
HH011387,0,0,0,0.00,10601587.68,9602508.27,0
HH011388,0,0,0,0.00,5404525.67,5392015.13,0
HH011389,0,0,0,0.00,10730312.06,11389421.51,0
HH011390,0,0,0,0.00,8351059.71,8592487.05,0
HH011391,0,0,0,0.00,3676389.34,3928682.61,0
HH011392,0,0,0,0.00,15494081.54,17467109.07,0
HH011393,0,0,0,0.00,2267290.85,2288588.83,0
HH011394,0,0,0,0.00,1523168.86,1781014.77,0
HH011395,0,0,0,0.00,1697925.30,1807049.41,0
HH011396,0,1,1,545698.27,1880335.58,1327653.55,0
HH011397,0,0,0,0.00,1634711.89,1732536.49,0
HH011398,0,0,0,0.00,7126969.47,7091096.73,0
HH011399,0,0,0,0.00,3260308.99,3621079.31,0
HH011400,0,0,0,0.00,2447368.89,2003459.25,0
HH011401,0,0,0,0.00,16567041.42,17626211.51,0
HH011402,0,0,0,0.00,2896390.25,2819867.17,0
HH011403,0,0,0,0.00,10701335.68,10813587.98,0
HH011404,0,0,0,0.00,30071098.01,32212459.32,0
HH011405,0,0,0,0.00,1566834.20,1003918.75,0
HH011406,0,0,0,0.00,1241898.26,1418431.93,0
HH011407,0,0,0,0.00,1950947.08,2144815.19,0
HH011408,0,0,0,0.00,1069129.63,1058305.07,0
HH011409,0,0,0,0.00,2133716.79,2197873.10,0
HH011410,0,0,0,0.00,36248911.59,38498109.69,0
HH011411,0,0,0,0.00,11542377.99,13076845.75,0
HH011412,0,0,0,0.00,8377722.11,8975905.54,0
HH011413,0,0,0,0.00,6942429.58,7467522.12,0
HH011414,0,0,0,0.00,4710345.44,5578848.66,0
HH011415,0,0,0,0.00,3887184.60,4436551.25,0
HH011416,0,0,0,0.00,21170720.48,25573265.10,0
HH011417,0,0,0,0.00,1645983.55,1895708.29,0
HH011418,0,0,0,0.00,3425808.81,3853485.59,0
HH011419,0,0,0,0.00,13079672.73,14899048.73,0
HH011420,0,0,0,0.00,3008556.20,2961459.45,0
HH011421,0,0,0,0.00,2441854.75,2484508.42,0
HH011422,0,0,0,0.00,20888762.27,18459634.76,0
HH011423,0,0,0,0.00,6424527.30,6957605.27,0
HH011424,0,0,0,0.00,8894110.50,9753514.17,0
HH011425,0,0,0,0.00,2289912.38,2760862.45,0
HH011426,0,0,0,0.00,5753518.92,5878088.35,0
HH011427,0,0,0,0.00,4955419.55,5415185.30,0
HH011428,0,0,0,0.00,1466387.23,1503971.96,0
HH011429,0,0,0,0.00,3503414.51,3680787.81,0
HH011430,0,0,0,0.00,7052843.16,11904851.03,0
HH011431,0,0,0,0.00,4925535.94,5460231.14,0
HH011432,0,0,0,0.00,4193272.73,4360884.57,0
HH011433,0,0,0,0.00,116569760.92,124850647.34,0
HH011434,0,0,0,0.00,5362164.35,3909800.20,0
HH011435,0,0,0,0.00,19776729.98,18215467.85,0
HH011436,0,0,0,0.00,15937004.54,14921591.65,0
HH011437,0,0,0,0.00,3760125.20,4280676.50,0
HH011438,0,0,0,0.00,1873793.01,1881675.45,0
HH011439,0,0,0,0.00,2298052.01,2482014.74,0
HH011440,0,0,0,0.00,6558640.35,5680613.79,0
HH011441,0,1,1,2191089.72,4750974.78,2814621.87,0
HH011442,0,0,0,0.00,4560106.97,4988250.68,0
HH011443,0,0,0,0.00,7579156.05,7318689.25,0
HH011444,0,0,0,0.00,1591770.70,1682600.33,0
HH011445,0,0,0,0.00,1653308.80,1574027.57,0
HH011446,0,0,0,0.00,5220649.76,5748630.11,0
HH011447,0,0,0,0.00,4602188.19,3221460.24,0
HH011448,0,0,0,0.00,8698941.35,10620426.37,0
HH011449,0,0,0,0.00,2831173.61,2644948.05,0
HH011450,0,0,0,0.00,4547019.56,4361515.81,0
HH011451,0,0,0,0.00,2583234.08,2486501.21,0
HH011452,0,0,0,0.00,2520673.97,3313817.95,0
HH011453,0,0,0,0.00,1098659.68,1259224.01,0
HH011454,0,0,0,0.00,8812242.28,9918262.79,0
HH011455,1,0,1,24029691.01,24514117.93,484426.92,3
HH011456,0,0,0,0.00,3331342.49,3837762.35,0
HH011457,0,0,0,0.00,4134063.46,4157343.77,0
HH011458,0,0,0,0.00,1369008.65,1452329.35,0
HH011459,0,0,0,0.00,9691798.91,9819520.87,0
HH011460,0,0,0,0.00,25578460.21,28195215.22,0
HH011461,0,0,0,0.00,11298459.70,11984535.47,0
HH011462,0,0,0,0.00,1732653.25,1976852.28,0
HH011463,0,0,0,0.00,6236991.02,6688329.45,0
HH011464,0,0,0,0.00,4156106.46,4622199.59,0
HH011465,0,0,0,0.00,1856242.16,2331720.62,0
HH011466,0,0,0,0.00,6394525.26,6705743.17,0
HH011467,0,0,0,0.00,6726895.39,8487688.93,0
HH011468,0,1,1,1577662.32,3433364.99,1986252.17,0
HH011469,0,0,0,0.00,4421682.02,5009687.97,0
HH011470,0,0,0,0.00,5077801.86,4992697.25,0
HH011471,0,0,0,0.00,15889948.51,14682754.09,0
HH011472,1,0,1,4290957.43,4388609.50,97652.07,1
HH011473,0,1,1,713815.93,1191406.80,504357.60,0
HH011474,0,0,0,0.00,1009172.39,1173457.19,0
HH011475,0,0,0,0.00,20405512.70,18820048.31,0
HH011476,0,0,0,0.00,10641626.51,14028646.65,0
HH011477,1,0,1,2323432.69,2386748.98,63316.29,6
HH011478,0,1,1,3034938.53,6376671.75,3824975.94,0
HH011479,0,0,0,0.00,1478956.66,1231591.44,0
HH011480,0,0,0,0.00,5466769.51,6272387.27,0
HH011481,0,1,1,1153045.45,1944873.87,747068.44,0
HH011482,0,0,0,0.00,2801271.87,2433684.40,0
HH011483,0,0,0,0.00,4211414.88,4751014.19,0
HH011484,0,0,0,0.00,17622589.73,27584294.47,0
HH011485,0,0,0,0.00,2733652.16,2731005.02,0
HH011486,0,0,0,0.00,3442121.96,3514542.08,0
HH011487,0,0,0,0.00,32702312.78,33426671.73,0
HH011488,0,0,0,0.00,2239098.63,2812199.98,0
HH011489,0,0,0,0.00,4048422.26,4551647.43,0
HH011490,0,0,0,0.00,1654797.74,1600508.43,0
HH011491,0,0,0,0.00,8470676.69,9952333.26,0
HH011492,0,0,0,0.00,5211018.24,6075562.33,0
HH011493,0,0,0,0.00,2352309.09,2548505.54,0
HH011494,0,0,0,0.00,2456859.44,2137491.96,0
HH011495,0,0,0,0.00,2779941.28,3120575.16,0
HH011496,0,0,0,0.00,1295922.62,1527684.87,0
HH011497,0,0,0,0.00,10661678.99,10651583.57,0
HH011498,0,1,1,833388.29,3028754.43,2212151.83,0
HH011499,0,0,0,0.00,2922554.71,3295929.45,0
HH011500,0,0,0,0.00,21134464.43,22891380.68,0
HH011501,0,0,0,0.00,8109605.39,8825457.93,0
HH011502,0,0,0,0.00,7909247.39,7982417.51,0
HH011503,0,0,0,0.00,15947617.07,16714278.14,0
HH011504,0,0,0,0.00,8182755.54,7624731.75,0
HH011505,0,0,0,0.00,10288722.36,11408129.70,0
HH011506,0,1,1,4118127.90,8309056.80,4807683.55,0
HH011507,0,0,0,0.00,7935354.56,8411364.25,0
HH011508,0,0,0,0.00,3767858.18,3995164.66,0
HH011509,0,0,0,0.00,35346455.82,44879271.21,0
HH011510,0,0,0,0.00,1337582.32,1201821.11,0
HH011511,0,0,0,0.00,9461639.61,10060023.50,0
HH011512,1,0,1,4813717.63,4817526.39,3808.76,5
HH011513,0,0,0,0.00,1943840.59,2311668.94,0
HH011514,0,0,0,0.00,19410637.14,20688398.65,0
HH011515,0,0,0,0.00,8502318.45,4717113.74,0
HH011516,0,0,0,0.00,9778258.28,10241657.99,0
HH011517,0,1,1,1567851.32,4205225.17,2907089.72,0
HH011518,0,0,0,0.00,20154020.73,18531863.20,0
HH011519,0,0,0,0.00,4019798.61,4430207.86,0
HH011520,0,0,0,0.00,13399521.25,15723890.85,0
HH011521,0,0,0,0.00,3426684.65,3820105.39,0
HH011522,0,0,0,0.00,5202901.09,5804577.90,0
HH011523,0,0,0,0.00,8239767.58,9104335.03,0
HH011524,0,0,0,0.00,8529669.03,6813347.79,0
HH011525,0,0,0,0.00,13833264.74,18014708.22,0
HH011526,0,0,0,0.00,25375643.80,23143485.85,0
HH011527,0,0,0,0.00,1622872.26,1886274.63,0
HH011528,0,0,0,0.00,1556051.13,2051972.58,0
HH011529,0,0,0,0.00,2499810.80,1926666.10,0
HH011530,0,1,1,5417185.06,8833560.88,3632081.08,0
HH011531,0,0,0,0.00,4850526.20,4561614.18,0
HH011532,0,0,0,0.00,10559990.67,12156405.00,0
HH011533,0,0,0,0.00,28872907.80,28283607.08,0
HH011534,0,1,1,755481.47,2708093.63,1683714.98,0
HH011535,0,0,0,0.00,4338405.69,4871901.78,0
HH011536,0,0,0,0.00,19109169.72,15948438.04,0
HH011537,0,1,1,1857632.62,8387755.29,6838003.18,0
HH011538,0,0,0,0.00,3196422.06,3457379.69,0
HH011539,0,0,0,0.00,1390643.53,1426696.75,0
HH011540,0,0,0,0.00,5284450.95,5669618.94,0
HH011541,0,0,0,0.00,1992913.09,1851458.33,0
HH011542,0,0,0,0.00,3490400.84,3259206.25,0
HH011543,0,0,0,0.00,1781748.80,1672185.66,0
HH011544,0,0,0,0.00,10367421.64,12660714.74,0
HH011545,0,0,0,0.00,5928154.03,6747051.33,0
HH011546,0,0,0,0.00,1211334.08,1038772.46,0
HH011547,0,0,0,0.00,1247522.28,1323112.68,0
HH011548,0,1,1,2049541.84,9058045.65,6758594.41,0
HH011549,0,0,0,0.00,22551413.15,18472336.31,0
HH011550,0,0,0,0.00,537447034.06,627217407.77,0
HH011551,0,1,1,2764213.58,12646316.96,11059026.02,0
HH011552,0,0,0,0.00,2477854.25,3258941.22,0
HH011553,0,0,0,0.00,12254361.58,14182899.69,0
HH011554,0,0,0,0.00,14454086.17,13782789.74,0
HH011555,0,0,0,0.00,3601997.80,4242394.00,0
HH011556,0,1,1,2675153.66,4878234.28,2343165.94,0
HH011557,0,0,0,0.00,49257705.33,46463998.40,0
HH011558,0,0,0,0.00,18948730.05,22082525.74,0
HH011559,0,0,0,0.00,61107705.86,61511388.42,0
HH011560,0,1,1,973330.62,1384102.02,383112.48,0
HH011561,0,1,1,1276260.80,2430088.94,1321158.94,0
HH011562,0,0,0,0.00,10478443.59,11258007.50,0
HH011563,0,0,0,0.00,1309103.56,1358300.27,0
HH011564,0,0,0,0.00,1331961.45,1533379.91,0
HH011565,0,0,0,0.00,2769373.00,3118232.25,0
HH011566,0,0,0,0.00,3214838.71,3588302.59,0
HH011567,0,0,0,0.00,18214942.30,20653718.76,0
HH011568,0,0,0,0.00,2730537.45,2841567.67,0
HH011569,0,0,0,0.00,3920299.74,4641558.37,0
HH011570,0,1,1,675196.01,2040102.69,1442620.95,0
HH011571,0,0,0,0.00,2266686.29,2391766.35,0
HH011572,0,0,0,0.00,5669198.14,6966112.98,0
HH011573,0,0,0,0.00,3877488.86,4166189.32,0
HH011574,0,0,0,0.00,4101742.23,4155834.68,0
HH011575,0,0,0,0.00,3103913.30,3503586.53,0
HH011576,0,0,0,0.00,14733475.32,15479085.27,0
HH011577,0,0,0,0.00,6197229.90,5880793.57,0
HH011578,0,0,0,0.00,1931599.84,2192132.01,0
HH011579,0,0,0,0.00,11448175.33,11055097.85,0
HH011580,0,0,0,0.00,12525950.02,15032637.77,0
HH011581,0,0,0,0.00,17136592.09,16034806.87,0
HH011582,0,1,1,776583.95,1562179.21,919284.57,0
HH011583,0,0,0,0.00,1211848.65,1327405.00,0
HH011584,0,0,0,0.00,10293112.59,11697710.43,0
HH011585,0,0,0,0.00,1097512.02,1225719.47,0
HH011586,0,0,0,0.00,20668088.51,19061267.73,0
HH011587,0,0,0,0.00,9120778.99,9487293.64,0
HH011588,0,0,0,0.00,7012793.23,6369275.58,0
HH011589,0,0,0,0.00,14419979.60,16916773.53,0
HH011590,0,0,0,0.00,3264608.74,3324712.24,0
HH011591,0,0,0,0.00,4739649.28,5033791.18,0
HH011592,0,0,0,0.00,5260811.79,5802035.03,0
HH011593,1,0,1,2043057.78,2094146.02,51088.24,6
HH011594,0,0,0,0.00,4057017.50,2738758.62,0
HH011595,0,0,0,0.00,6301217.09,7257424.75,0
HH011596,0,0,0,0.00,1721594.77,2109968.28,0
HH011597,0,0,0,0.00,26180585.88,27247616.75,0
HH011598,0,0,0,0.00,5376233.12,6975439.59,0
HH011599,0,0,0,0.00,7490864.11,7808123.70,0
HH011600,0,0,0,0.00,7243145.78,10059490.78,0
HH011601,0,0,0,0.00,69045011.54,71588489.63,0
HH011602,0,0,0,0.00,10254405.27,9356868.94,0
HH011603,0,1,1,1864700.83,9110667.20,8128679.90,0
HH011604,0,0,0,0.00,4105953.99,4342409.31,0
HH011605,0,0,0,0.00,7889843.14,8881767.10,0
HH011606,0,0,0,0.00,2041021.99,2204000.19,0
HH011607,0,1,1,8804716.91,25815664.94,17799701.17,0
HH011608,1,0,1,46961521.69,47835328.90,873807.21,5
HH011609,0,1,1,11398943.72,22527204.59,12001543.89,0
HH011610,0,0,0,0.00,9659016.88,10066469.40,0
HH011611,0,0,0,0.00,50870983.50,58319878.31,0
HH011612,0,1,1,2032030.57,8968519.84,6975462.00,0
HH011613,0,0,0,0.00,5855582.83,7205109.10,0
HH011614,0,0,0,0.00,8451566.55,9301686.34,0
HH011615,0,0,0,0.00,1955857.84,2162658.10,0
HH011616,0,0,0,0.00,2135922.91,2466210.24,0
HH011617,0,0,0,0.00,9241083.43,9019454.51,0
HH011618,0,1,1,7431220.63,17494603.42,10457782.93,0
HH011619,0,0,0,0.00,10719672.51,11200511.93,0
HH011620,0,1,1,1196454.88,2032564.71,935564.28,0
HH011621,0,0,0,0.00,6113501.28,7227417.45,0
HH011622,1,0,1,2970784.35,2992472.53,21688.18,2
HH011623,0,0,0,0.00,1279954.82,1174952.63,0
HH011624,0,0,0,0.00,15090773.54,13851241.06,0
HH011625,0,0,0,0.00,2253640.34,2480705.65,0
HH011626,0,0,0,0.00,22175835.97,22566803.67,0
HH011627,0,0,0,0.00,1792583.97,1801027.21,0
HH011628,0,0,0,0.00,16784711.95,18193963.70,0
HH011629,0,0,0,0.00,2283702.38,2669100.85,0
HH011630,0,0,0,0.00,138058642.86,147272151.19,0
HH011631,0,0,0,0.00,10044547.84,12530066.63,0
HH011632,0,0,0,0.00,7971519.13,8805432.01,0
HH011633,0,0,0,0.00,7942430.01,7832107.36,0
HH011634,0,0,0,0.00,22984771.90,22497685.33,0
HH011635,0,0,0,0.00,5653184.91,6581720.87,0
HH011636,0,0,0,0.00,2170415.38,2072213.75,0
HH011637,0,0,0,0.00,19531767.29,22774515.26,0
HH011638,0,0,0,0.00,11424909.60,14811357.33,0
HH011639,0,1,1,9750341.64,25831368.55,18119066.19,0
HH011640,0,0,0,0.00,3027559.66,3629735.26,0
HH011641,0,0,0,0.00,3864987.82,4324547.82,0
HH011642,0,0,0,0.00,12505433.28,12299909.90,0
HH011643,0,0,0,0.00,2479430.03,2558966.01,0
HH011644,0,1,1,1261287.70,3629466.31,2592257.91,0
HH011645,0,0,0,0.00,3485722.57,3658673.50,0
HH011646,,,,,4640311.80,5389824.22,0
HH011647,0,0,0,0.00,10977762.35,10346341.82,0
HH011648,0,0,0,0.00,6809719.75,7910453.29,0
HH011649,0,1,1,6535412.24,15027536.53,10900927.00,0
HH011650,0,0,0,0.00,3090957.73,3622762.28,0
HH011651,0,0,0,0.00,4053786.40,4078167.78,0
HH011652,0,0,0,0.00,12250791.60,11605529.70,0
HH011653,0,0,0,0.00,5729309.87,5987935.08,0
HH011654,0,0,0,0.00,3380355.21,3469628.23,0
HH011655,0,0,0,0.00,4326591.24,4280666.49,0
HH011656,0,0,0,0.00,15859836.03,16479231.15,0
HH011657,0,0,0,0.00,11569313.35,9799733.10,0
HH011658,0,0,0,0.00,1420679.83,1555230.17,0
HH011659,0,1,1,1904388.92,3251790.15,1720449.30,0
HH011660,0,0,0,0.00,6608602.68,7887427.36,0
HH011661,0,0,0,0.00,6400171.08,7290216.69,0
HH011662,0,0,0,0.00,1546286.14,1787854.64,0
HH011663,0,0,0,0.00,3297961.70,3779121.35,0
HH011664,0,0,0,0.00,1056382.57,1431214.06,0
HH011665,0,0,0,0.00,4006607.04,4093481.57,0
HH011666,0,0,0,0.00,30059802.95,34061632.48,0
HH011667,0,0,0,0.00,17962763.53,25234504.61,0
HH011668,0,0,0,0.00,15217991.35,15052840.68,0
HH011669,0,0,0,0.00,6232260.03,5889477.09,0
HH011670,0,0,0,0.00,1857664.28,1563501.49,0
HH011671,0,1,1,1022861.66,3103890.04,2022814.76,0
HH011672,0,0,0,0.00,12359527.49,15711459.27,0
HH011673,0,0,0,0.00,6558211.68,6330014.45,0
HH011674,0,0,0,0.00,1903612.53,2491620.98,0
HH011675,0,0,0,0.00,11831762.73,10356918.23,0
HH011676,0,0,0,0.00,1058387.68,1252706.89,0
HH011677,0,0,0,0.00,15526087.96,18851575.44,0
HH011678,0,0,0,0.00,3633525.15,4122959.76,0
HH011679,0,0,0,0.00,12864981.28,14171210.72,0
HH011680,0,0,0,0.00,1760375.31,2003029.03,0
HH011681,0,0,0,0.00,5346682.44,5835411.76,0
HH011682,0,0,0,0.00,8941433.87,7940380.56,0
HH011683,0,0,0,0.00,3341690.32,3410622.75,0
HH011684,0,0,0,0.00,3834087.14,5927182.62,0
HH011685,0,0,0,0.00,21527460.54,25381563.61,0
HH011686,0,0,0,0.00,19435614.57,21241026.56,0
HH011687,0,0,0,0.00,12170764.67,11182778.61,0
HH011688,0,0,0,0.00,1956124.30,2172236.10,0
HH011689,0,0,0,0.00,5290834.45,5914395.54,0
HH011690,0,0,0,0.00,1713192.37,1958140.20,0
HH011691,0,0,0,0.00,4533939.66,5206525.94,0
HH011692,0,1,1,1622919.69,4124141.21,2327643.97,0
HH011693,0,0,0,0.00,5116974.32,6048035.31,0
HH011694,0,0,0,0.00,2151821.96,2243285.72,0
HH011695,0,0,0,0.00,105759829.66,110231197.76,0
HH011696,0,0,0,0.00,2012161.43,1969802.31,0
HH011697,1,0,1,12699533.33,12984070.54,284537.21,1
HH011698,0,0,0,0.00,4805550.98,5860823.78,0
HH011699,0,0,0,0.00,3228208.87,3554352.98,0
HH011700,1,0,1,7261851.93,7479688.41,217836.48,5
HH011701,0,0,0,0.00,1770494.20,1589307.98,0
HH011702,0,1,1,5894759.57,11385473.28,5555230.28,0
HH011703,0,0,0,0.00,5211635.32,5728748.50,0
HH011704,0,0,0,0.00,1535261.95,1588678.72,0
HH011705,0,0,0,0.00,14801152.56,14586691.48,0
HH011706,0,0,0,0.00,12151573.52,12084975.94,0
HH011707,0,0,0,0.00,1979655.18,2154552.21,0
HH011708,0,0,0,0.00,1934769.36,2077016.31,0
HH011709,0,0,0,0.00,3024031.14,3968461.94,0
HH011710,0,0,0,0.00,5072614.19,5550239.35,0
HH011711,0,0,0,0.00,7627464.67,8329976.62,0
HH011712,1,0,1,135590748.05,137519245.70,1928497.65,5
HH011713,0,0,0,0.00,20070939.44,27328757.72,0
HH011714,1,0,1,5780909.75,5806679.95,25770.20,3
HH011715,0,0,0,0.00,1800837.14,2703206.04,0
HH011716,0,0,0,0.00,1362302.30,1607979.97,0
HH011717,0,0,0,0.00,7171902.61,7554596.25,0
HH011718,0,0,0,0.00,20328583.54,20168401.88,0
HH011719,0,0,0,0.00,10801297.69,11812262.59,0
HH011720,0,0,0,0.00,27013381.79,28461412.56,0
HH011721,0,0,0,0.00,6153220.75,6341907.58,0
HH011722,0,0,0,0.00,13981603.29,16354105.19,0
HH011723,0,0,0,0.00,1654394.14,1537284.05,0
HH011724,0,0,0,0.00,13220052.24,17406305.20,0
HH011725,0,0,0,0.00,4169612.33,4599078.80,0
HH011726,0,0,0,0.00,10493369.95,13852087.85,0
HH011727,0,1,1,1393466.39,4707660.13,3248471.56,0
HH011728,0,0,0,0.00,13612111.98,14217710.57,0
HH011729,1,0,1,9948723.17,10190212.80,241489.63,1
HH011730,0,0,0,0.00,5443190.57,6238293.94,0
HH011731,0,0,0,0.00,1067415.89,1229076.22,0
HH011732,0,0,0,0.00,14168123.84,13715935.52,0
HH011733,0,1,1,2028734.46,3790736.67,1819146.11,0
HH011734,0,1,1,1181474.39,2611825.31,1841962.11,0
HH011735,0,0,0,0.00,3894932.32,4546051.66,0
HH011736,0,0,0,0.00,2303911.80,2337105.92,0
HH011737,0,1,1,1402092.24,3323880.55,1657320.35,0
HH011738,0,0,0,0.00,2192649.56,2360350.80,0
HH011739,0,0,0,0.00,2639224.20,2724813.66,0
HH011740,1,0,1,2103067.15,2139632.45,36565.30,2
HH011741,0,1,1,1143052.06,2941525.41,1968128.77,0
HH011742,0,0,0,0.00,24623223.00,34807172.59,0
HH011743,0,0,0,0.00,3149303.31,3663769.31,0
HH011744,0,0,0,0.00,7972070.62,8747156.81,0
HH011745,0,0,0,0.00,7146159.12,8608629.57,0
HH011746,0,1,1,835856.85,2697237.57,2118079.64,0
HH011747,0,0,0,0.00,3860304.16,4055695.52,0
HH011748,0,0,0,0.00,16096525.02,14921798.58,0
HH011749,0,1,1,2022564.45,7822391.13,6505693.78,0
HH011750,0,1,1,32399863.14,73668685.45,45749007.90,0
HH011751,0,0,0,0.00,1626503.56,1547345.63,0
HH011752,0,0,0,0.00,9890901.00,11132876.92,0
HH011753,0,0,0,0.00,4284447.50,2574171.81,0
HH011754,0,0,0,0.00,2086275.31,2096168.96,0
HH011755,0,1,1,7991863.60,19164403.89,13030493.60,0
HH011756,0,1,1,809248.60,2415061.68,2190822.30,0
HH011757,0,0,0,0.00,2809483.61,2649671.09,0
HH011758,0,0,0,0.00,2252515.91,2403309.24,0
HH011759,0,0,0,0.00,8816713.54,8245832.96,0
HH011760,1,0,1,2521641.05,2563900.23,42259.18,6
HH011761,0,0,0,0.00,14730920.84,17142351.35,0
HH011762,0,0,0,0.00,2028749.65,2151318.82,0
HH011763,0,0,0,0.00,2706750.76,2807494.63,0
HH011764,0,0,0,0.00,1576420.16,1275331.33,0
HH011765,0,0,0,0.00,2715870.25,2712245.31,0
HH011766,0,0,0,0.00,13635810.12,14809460.72,0
HH011767,0,1,1,8546065.94,15018313.07,6929344.32,0
HH011768,0,0,0,0.00,1019433.26,1176457.73,0
HH011769,0,1,1,634095.44,1462394.15,901062.87,0
HH011770,0,1,1,1862570.66,3380325.41,1752944.29,0
HH011771,1,0,1,40651369.41,41098669.29,447299.88,4
HH011772,0,0,0,0.00,2089461.58,2560855.00,0
HH011773,0,0,0,0.00,12698502.88,13924100.18,0
HH011774,0,0,0,0.00,4968489.95,4733620.90,0
HH011775,0,0,0,0.00,21477756.80,24803619.78,0
HH011776,0,0,0,0.00,1836389.22,1868322.33,0
HH011777,0,0,0,0.00,3355202.40,3523435.84,0
HH011778,0,1,1,272708.18,1071437.45,900880.39,0
HH011779,0,0,0,0.00,6828562.93,6642813.53,0
HH011780,0,0,0,0.00,14768655.75,13898534.95,0
HH011781,0,0,0,0.00,14306336.83,13799590.90,0
HH011782,0,0,0,0.00,29708504.20,30591223.99,0
HH011783,0,1,1,402924.77,1041567.55,642709.38,0
HH011784,0,0,0,0.00,7002336.39,8075898.64,0
HH011785,0,0,0,0.00,6598465.22,8456979.28,0
HH011786,0,0,0,0.00,12854312.79,15730955.60,0
HH011787,0,1,1,285572.40,1055922.94,863070.84,0
HH011788,0,1,1,945399.89,1894173.80,1117762.64,0
HH011789,0,0,0,0.00,19136113.19,21916752.55,0
HH011790,0,0,0,0.00,23105395.50,22645543.22,0
HH011791,0,1,1,8850638.07,23318538.69,14533971.12,0
HH011792,0,0,0,0.00,11835815.94,10964705.51,0
HH011793,0,0,0,0.00,3835038.33,3895771.98,0
HH011794,0,0,0,0.00,5085194.42,5275140.93,0
HH011795,0,0,0,0.00,1323755.95,1699075.58,0
HH011796,0,0,0,0.00,5539840.54,6000495.89,0
HH011797,0,0,0,0.00,1762214.71,1645684.30,0
HH011798,0,0,0,0.00,13397114.82,13772075.70,0
HH011799,0,0,0,0.00,3218362.90,3039711.66,0
HH011800,0,0,0,0.00,2750533.06,2622793.87,0
HH011801,0,0,0,0.00,2087936.48,1959674.51,0
HH011802,0,1,1,702036.91,1693256.14,1059097.36,0
HH011803,1,0,1,5216235.93,5373626.15,157390.22,5
HH011804,0,0,0,0.00,1053191.02,1015564.59,0
HH011805,0,0,0,0.00,42363710.33,39332597.77,0
HH011806,0,0,0,0.00,4194905.75,4200165.96,0
HH011807,0,0,0,0.00,19960651.28,24840143.10,0
HH011808,0,1,1,899007.11,4080002.78,3440015.83,0
HH011809,0,0,0,0.00,6571341.57,8256906.57,0
HH011810,0,0,0,0.00,20043487.48,22164929.99,0
HH011811,0,0,0,0.00,5833898.54,6517183.37,0
HH011812,1,0,1,28950040.57,29432136.05,482095.48,1
HH011813,0,0,0,0.00,3562039.88,3659248.05,0
HH011814,0,0,0,0.00,4671016.65,4660953.62,0
HH011815,1,0,1,3574060.31,3654956.12,80895.81,3
HH011816,0,0,0,0.00,14058600.96,13347760.44,0
HH011817,1,0,1,1757889.38,1812164.69,54275.31,2
HH011818,0,0,0,0.00,8556623.99,9582113.01,0
HH011819,0,1,1,7590609.75,15175850.07,8093322.37,0
HH011820,0,0,0,0.00,10893542.87,12887854.10,0
HH011821,0,0,0,0.00,5433095.94,5740726.59,0
HH011822,0,0,0,0.00,1834161.14,1810164.64,0
HH011823,0,0,0,0.00,7580227.00,9142929.99,0
HH011824,0,0,0,0.00,4783686.34,4972037.86,0
HH011825,0,0,0,0.00,4397736.77,4092341.64,0
HH011826,0,0,0,0.00,34172480.70,37209441.80,0
HH011827,0,0,0,0.00,3532203.57,4080679.67,0
HH011828,0,0,0,0.00,3799935.38,3739179.46,0
HH011829,0,0,0,0.00,6408907.62,7642162.44,0
HH011830,0,0,0,0.00,4954352.37,5374687.35,0
HH011831,1,0,1,8439385.13,8698698.74,259313.61,5
HH011832,0,0,0,0.00,3847348.23,4035128.44,0
HH011833,0,0,0,0.00,1893162.86,2134462.78,0
HH011834,0,0,0,0.00,3166536.71,3400194.88,0
HH011835,0,0,0,0.00,4443673.19,5506546.82,0
HH011836,0,0,0,0.00,4705351.96,5700929.10,0
HH011837,,,,,5233200.62,5501467.66,0
HH011838,0,0,0,0.00,1983834.83,2177612.52,0
HH011839,0,0,0,0.00,14449639.76,15503025.67,0
HH011840,0,1,1,410080.17,1861594.48,1538444.74,0
HH011841,0,0,0,0.00,6178739.88,6190482.02,0
HH011842,0,0,0,0.00,2350828.42,2803714.31,0
HH011843,0,0,0,0.00,73399922.46,56925541.46,0
HH011844,0,0,0,0.00,7978524.22,8578118.08,0
HH011845,0,0,0,0.00,9181381.36,10065691.11,0
HH011846,0,0,0,0.00,4131279.97,4245338.82,0
HH011847,0,0,0,0.00,2201715.71,2355820.70,0
HH011848,0,0,0,0.00,6779811.25,6759881.91,0
HH011849,0,0,0,0.00,2597207.28,3101151.25,0
HH011850,0,0,0,0.00,7884739.38,8103145.30,0
HH011851,0,0,0,0.00,2582588.32,2908317.08,0
HH011852,0,1,1,1264438.97,3342815.98,1999380.18,0
HH011853,0,0,0,0.00,2932867.27,3214990.88,0
HH011854,0,0,0,0.00,2398832.34,3802353.89,0
HH011855,0,0,0,0.00,13712228.53,14345830.96,0
HH011856,0,0,0,0.00,2387992.60,2434973.24,0
HH011857,0,0,0,0.00,5156918.92,5382003.70,0
HH011858,0,0,0,0.00,2179178.15,3037467.94,0
HH011859,0,1,1,3041800.43,5206444.24,2231076.95,0
HH011860,0,1,1,1278531.64,4522068.11,3052961.25,0
HH011861,0,0,0,0.00,2512340.53,2662639.85,0
HH011862,0,0,0,0.00,17004038.62,15634594.05,0
HH011863,0,0,0,0.00,6451150.25,5919566.42,0
HH011864,0,0,0,0.00,2470174.24,2610986.43,0
HH011865,0,0,0,0.00,2080534.78,1932012.36,0
HH011866,0,0,0,0.00,2272013.06,2500910.84,0
HH011867,0,1,1,915458.71,1627507.90,636231.18,0
HH011868,0,0,0,0.00,5018391.69,5493513.43,0
HH011869,0,0,0,0.00,9302176.53,10644214.42,0
HH011870,0,0,0,0.00,3046409.43,3316277.99,0
HH011871,0,1,1,550669.81,1276466.15,834151.52,0
HH011872,0,0,0,0.00,6203281.79,6632254.81,0
HH011873,0,1,1,6327662.01,9610706.73,3227841.04,0
HH011874,0,0,0,0.00,10688776.62,13550695.31,0
HH011875,0,0,0,0.00,35544301.13,39033561.61,0
HH011876,0,0,0,0.00,18634133.22,18628192.18,0
HH011877,0,0,0,0.00,1196553.91,1304066.66,0
HH011878,0,0,0,0.00,6752220.39,7388326.59,0
HH011879,0,0,0,0.00,8606141.89,8536092.87,0
HH011880,0,0,0,0.00,10488904.60,11893020.12,0
HH011881,0,0,0,0.00,3983464.78,4647445.86,0
HH011882,1,0,1,10932966.66,11122465.04,189498.38,3
HH011883,0,0,0,0.00,17420075.73,17856426.50,0
HH011884,0,0,0,0.00,16089171.62,16727745.12,0
HH011885,0,0,0,0.00,11992510.23,14672350.26,0
HH011886,0,0,0,0.00,2737958.12,3169958.71,0
HH011887,0,0,0,0.00,3461743.13,3895734.17,0
HH011888,0,0,0,0.00,1728814.18,2168884.91,0
HH011889,0,0,0,0.00,21099129.33,23772788.71,0
HH011890,0,0,0,0.00,6005690.25,5363605.31,0
HH011891,0,0,0,0.00,5151816.92,5588529.83,0
HH011892,0,0,0,0.00,13003395.08,14480358.33,0
HH011893,0,0,0,0.00,1142450.64,1243845.94,0
HH011894,0,0,0,0.00,23444675.72,26453665.16,0
HH011895,0,0,0,0.00,3190466.69,3614385.24,0
HH011896,0,0,0,0.00,1506197.13,1625048.22,0
HH011897,0,0,0,0.00,37952944.73,39473490.45,0
HH011898,0,1,1,1726956.41,4812354.83,4106920.63,0
HH011899,0,0,0,0.00,6769219.25,7600960.60,0
HH011900,0,0,0,0.00,2457810.06,2717765.60,0
HH011901,0,0,0,0.00,4750698.65,5239369.94,0
HH011902,0,0,0,0.00,4176379.00,4661503.61,0
HH011903,0,0,0,0.00,1725910.81,1827836.88,0
HH011904,1,0,1,23677605.84,24156565.77,478959.93,5
HH011905,0,0,0,0.00,2274774.81,2481905.47,0
HH011906,0,0,0,0.00,1134470.97,1283027.93,0
HH011907,0,0,0,0.00,3693326.33,4155493.03,0
HH011908,0,0,0,0.00,3633573.31,3977284.56,0
HH011909,0,0,0,0.00,4335375.60,4380737.74,0
HH011910,0,0,0,0.00,1742480.78,1999799.33,0
HH011911,0,0,0,0.00,53906936.11,60555499.10,0
HH011912,0,0,0,0.00,2255240.90,2584539.62,0
HH011913,0,0,0,0.00,10269584.67,11288719.16,0
HH011914,0,0,0,0.00,5106630.26,5437892.38,0
HH011915,0,0,0,0.00,12679903.94,14847569.64,0
HH011916,0,0,0,0.00,4542130.67,5137848.24,0
HH011917,0,0,0,0.00,8001382.97,8919254.36,0
HH011918,0,0,0,0.00,3078319.01,3184155.42,0
HH011919,0,0,0,0.00,5140026.42,7910756.36,0
HH011920,1,0,1,1052342.55,1055763.04,3420.49,3
HH011921,1,0,1,2484974.17,2518794.92,33820.75,6
HH011922,0,0,0,0.00,13395060.31,11486275.83,0
HH011923,0,0,0,0.00,5479958.93,5686137.51,0
HH011924,0,0,0,0.00,5305343.26,5349581.46,0
HH011925,1,0,1,8609101.32,8787704.84,178603.52,6
HH011926,0,0,0,0.00,13732550.63,14891589.96,0
HH011927,0,0,0,0.00,1779869.19,2176191.73,0
HH011928,0,0,0,0.00,1016393.35,1243572.75,0
HH011929,0,1,1,2003621.84,6011148.66,4536260.07,0
HH011930,1,0,1,4345336.00,4472079.99,126743.99,4
HH011931,0,0,0,0.00,10913601.34,12453385.48,0
HH011932,,,,,4077414.88,4305890.88,0
HH011933,0,0,0,0.00,3930825.95,4863945.59,0
HH011934,0,0,0,0.00,2915651.15,1890930.97,0
HH011935,0,0,0,0.00,1050164.31,1187611.32,0
HH011936,1,0,1,1682998.61,1714423.78,31425.17,3
HH011937,0,0,0,0.00,1832967.31,1713728.93,0
HH011938,0,0,0,0.00,1860330.97,1949154.93,0
HH011939,0,0,0,0.00,2745767.28,3039051.58,0
HH011940,0,0,0,0.00,9382879.88,11421816.36,0
HH011941,1,0,1,1209296.75,1233223.69,23926.94,5
HH011942,0,0,0,0.00,13648792.33,13388563.33,0
HH011943,0,1,1,1813494.76,6172983.24,4414390.48,0
HH011944,0,0,0,0.00,22370167.17,23875727.50,0
HH011945,0,0,0,0.00,17571540.96,17706501.33,0
HH011946,0,0,0,0.00,2055526.64,2339670.64,0
HH011947,0,0,0,0.00,3576411.87,3644749.60,0
HH011948,0,0,0,0.00,25566475.76,28478339.49,0
HH011949,0,0,0,0.00,2481603.40,2738108.29,0
HH011950,0,0,0,0.00,2530653.48,2916855.02,0
HH011951,0,0,0,0.00,4823397.93,5350146.05,0
HH011952,0,0,0,0.00,4566895.01,4774439.60,0
HH011953,0,0,0,0.00,42730446.63,44620366.25,0
HH011954,0,0,0,0.00,10259887.50,11642995.79,0
HH011955,0,0,0,0.00,10871059.82,10555827.95,0
HH011956,0,0,0,0.00,6670994.32,7792636.71,0
HH011957,0,1,1,1280080.81,5492197.04,4653673.51,0
HH011958,0,0,0,0.00,1888849.14,2861761.07,0
HH011959,0,0,0,0.00,3657580.55,3780065.25,0
HH011960,0,0,0,0.00,2234571.50,2672445.42,0
HH011961,0,0,0,0.00,8547395.40,8272714.74,0
HH011962,0,0,0,0.00,1233901.73,1738081.11,0
HH011963,0,0,0,0.00,25418022.19,22766797.51,0
HH011964,0,0,0,0.00,2461379.37,2850464.31,0
HH011965,0,0,0,0.00,44146550.57,46570730.14,0
HH011966,0,1,1,8854361.70,17631433.41,9465825.91,0
HH011967,0,0,0,0.00,4712703.20,4948396.02,0
HH011968,0,0,0,0.00,7032332.18,7288157.37,0
HH011969,0,0,0,0.00,1908476.24,1690181.72,0
HH011970,0,0,0,0.00,36197702.69,37621932.50,0
HH011971,1,0,1,5321223.11,5383598.52,62375.41,3
HH011972,0,0,0,0.00,10984168.01,12056086.44,0
HH011973,0,0,0,0.00,2439419.69,3240075.39,0
HH011974,0,1,1,456069.06,1584887.72,828369.38,0
HH011975,0,0,0,0.00,1406900.53,1479756.23,0
HH011976,0,0,0,0.00,17349528.30,19050005.27,0
HH011977,0,1,1,224684.88,1105239.48,881267.56,0
HH011978,0,0,0,0.00,1666810.67,1896213.42,0
HH011979,0,0,0,0.00,1723321.21,1744413.93,0
HH011980,0,0,0,0.00,11691105.72,11042054.66,0
HH011981,0,0,0,0.00,4794764.47,5092815.49,0
HH011982,0,1,1,588233.63,1678082.09,1103914.87,0
HH011983,0,0,0,0.00,3921446.29,4154175.21,0
HH011984,0,0,0,0.00,8702143.46,8651115.07,0
HH011985,0,0,0,0.00,1755749.69,1972848.85,0
HH011986,0,0,0,0.00,35459883.61,40003118.39,0
HH011987,0,1,1,3847338.29,6720162.89,3035734.38,0
HH011988,0,0,0,0.00,1709028.03,1836370.01,0
HH011989,0,0,0,0.00,13643981.90,14728694.88,0
HH011990,0,1,1,465707.83,1832156.57,1314578.39,0
HH011991,0,1,1,996689.21,3511565.81,2587106.07,0
HH011992,0,0,0,0.00,4507631.70,5425461.06,0
HH011993,0,0,0,0.00,5616130.95,4214244.18,0
HH011994,0,0,0,0.00,1792613.95,1834038.53,0
HH011995,0,0,0,0.00,2924379.88,3247333.30,0
HH011996,0,1,1,8473274.42,33714501.26,26328497.88,0
HH011997,0,0,0,0.00,1229836.50,1240479.93,0
HH011998,0,0,0,0.00,10803148.61,11068566.29,0
HH011999,0,0,0,0.00,2465446.55,2515977.17,0
HH012000,0,0,0,0.00,1779664.40,809425.79,0
HH012001,0,0,0,0.00,6979649.19,6831737.17,0
HH012002,0,0,0,0.00,1092626.26,1278203.04,0
HH012003,0,0,0,0.00,8348509.08,9821713.04,0
HH012004,0,0,0,0.00,6997654.97,9622287.57,0
HH012005,0,0,0,0.00,6476128.13,7139416.02,0
HH012006,0,0,0,0.00,17170611.05,20461945.47,0
HH012007,0,0,0,0.00,2213170.92,2446350.01,0
HH012008,0,0,0,0.00,11509146.85,11426275.29,0
HH012009,0,1,1,13485580.86,29603531.31,21229680.37,0
HH012010,0,0,0,0.00,4537625.00,4912518.59,0
HH012011,0,0,0,0.00,2077699.70,2296675.59,0
HH012012,1,0,1,1738600.12,1790025.84,51425.72,3
HH012013,0,0,0,0.00,49165804.56,51899878.00,0
HH012014,0,1,1,3487377.74,14534040.14,11562421.72,0
HH012015,0,0,0,0.00,10460816.05,12074420.64,0
HH012016,0,1,1,550316.18,2423640.02,1982890.89,0
HH012017,0,0,0,0.00,1164739.09,1400781.70,0
HH012018,0,0,0,0.00,2000324.61,2675325.70,0
HH012019,0,0,0,0.00,1469242.54,1833016.64,0
HH012020,0,1,1,719582.61,3451447.74,2971812.08,0
HH012021,0,0,0,0.00,12415403.33,10467934.28,0
HH012022,0,0,0,0.00,2007484.09,2270158.51,0
HH012023,0,0,0,0.00,2155877.79,2408151.36,0
HH012024,1,0,1,2229810.93,2279957.60,50146.67,5
HH012025,0,0,0,0.00,58998563.61,56289129.65,0
HH012026,0,0,0,0.00,9976627.12,11678299.18,0
HH012027,0,0,0,0.00,23343145.59,27731313.16,0
HH012028,0,0,0,0.00,10245114.21,11224256.35,0
HH012029,0,0,0,0.00,2580800.47,1901385.88,0
HH012030,0,0,0,0.00,5638707.87,5019071.31,0
HH012031,0,0,0,0.00,3462558.28,3443403.45,0
HH012032,0,0,0,0.00,3258958.38,3423974.83,0
HH012033,0,0,0,0.00,9551031.68,10622663.43,0
HH012034,0,0,0,0.00,4348837.88,4529321.95,0
HH012035,0,0,0,0.00,25597944.47,25402390.76,0
HH012036,0,0,0,0.00,1132200.06,1292451.42,0
HH012037,0,1,1,1197573.75,5408718.63,3073108.92,0
HH012038,0,0,0,0.00,12902825.67,14347340.62,0
HH012039,0,0,0,0.00,3645117.03,4515358.85,0
HH012040,0,0,0,0.00,16883169.94,15693628.95,0
HH012041,0,0,0,0.00,10183679.57,9964964.00,0
HH012042,0,0,0,0.00,1993675.87,2535863.65,0
HH012043,0,1,1,8427502.45,16812378.29,9198644.42,0
HH012044,0,0,0,0.00,13043685.87,14066204.87,0
HH012045,0,0,0,0.00,4692690.79,4425191.06,0
HH012046,0,0,0,0.00,2069074.07,2246510.16,0
HH012047,0,0,0,0.00,2431310.96,2571663.00,0
HH012048,0,1,1,401482.34,1249393.28,1179282.43,0
HH012049,0,0,0,0.00,1369771.19,1368999.02,0
HH012050,0,0,0,0.00,1582860.97,1775641.03,0
HH012051,0,1,1,1183517.26,3650790.54,2874326.18,0
HH012052,0,0,0,0.00,11742989.50,12502127.76,0
HH012053,0,0,0,0.00,3429592.70,3416763.04,0
HH012054,0,0,0,0.00,13517729.33,11422748.33,0
HH012055,1,0,1,34244795.67,35207038.75,962243.08,6
HH012056,0,0,0,0.00,3555224.46,4074670.19,0
HH012057,0,1,1,14082980.04,36557508.52,24413390.93,0
HH012058,0,0,0,0.00,1600784.77,1646349.06,0
HH012059,0,0,0,0.00,9905810.92,9763274.67,0
HH012060,0,1,1,2178520.57,4470406.31,2503766.79,0
HH012061,0,0,0,0.00,1196389.11,1240857.49,0
HH012062,1,0,1,9543591.41,9619202.28,75610.87,4
HH012063,0,0,0,0.00,3752379.65,3692302.55,0
HH012064,0,0,0,0.00,4142852.74,4685346.54,0
HH012065,,,,,12506689.86,14539583.50,0
HH012066,0,0,0,0.00,6566791.61,8486986.91,0
HH012067,0,0,0,0.00,1547087.00,1705246.06,0
HH012068,0,1,1,6536344.76,28295463.55,25548585.26,0
HH012069,0,0,0,0.00,1893690.17,2030364.21,0
HH012070,0,0,0,0.00,3457672.32,3592217.21,0
HH012071,0,0,0,0.00,2165625.11,1736497.41,0
HH012072,0,0,0,0.00,6203156.06,6331657.52,0
HH012073,0,0,0,0.00,45411426.04,41881283.83,0
HH012074,0,0,0,0.00,2733411.74,2646182.78,0
HH012075,0,0,0,0.00,1724165.19,1887586.26,0
HH012076,0,0,0,0.00,9941266.48,10454558.16,0
HH012077,0,0,0,0.00,21848536.83,23228179.17,0
HH012078,0,0,0,0.00,3432863.70,3410930.33,0
HH012079,0,0,0,0.00,1820196.98,1954869.05,0
HH012080,0,0,0,0.00,5666986.03,5992204.68,0
HH012081,0,0,0,0.00,1099879.01,1003906.54,0
HH012082,0,0,0,0.00,2650785.27,3077144.14,0
HH012083,0,0,0,0.00,3210079.43,3930059.77,0
HH012084,0,1,1,2234350.50,4201804.22,1858556.44,0
HH012085,0,0,0,0.00,19296675.18,20153075.05,0
HH012086,0,0,0,0.00,32318044.58,32395525.12,0
HH012087,0,0,0,0.00,3360663.75,3614919.58,0
HH012088,0,0,0,0.00,13167198.69,12228250.74,0
HH012089,0,0,0,0.00,2243057.75,2515783.76,0
HH012090,0,0,0,0.00,2149467.01,2360967.41,0
HH012091,0,0,0,0.00,7163673.08,8581738.24,0
HH012092,1,0,1,10164736.55,10389240.68,224504.13,6
HH012093,0,0,0,0.00,3195990.39,3380820.58,0
HH012094,0,1,1,2906823.53,9170355.13,7232645.70,0
HH012095,0,0,0,0.00,4159471.12,4251111.55,0
HH012096,0,0,0,0.00,4959522.09,5125277.96,0
HH012097,0,0,0,0.00,5785844.51,6444188.37,0
HH012098,,,,,203548329.32,217298756.75,0
HH012099,0,0,0,0.00,20102580.34,19855332.50,0
HH012100,1,0,1,9337821.43,9348341.09,10519.66,1
HH012101,0,0,0,0.00,14538656.61,14975652.03,0
HH012102,0,1,1,1784562.08,3235523.68,1290257.74,0
HH012103,0,0,0,0.00,21877741.66,21584699.10,0
HH012104,0,0,0,0.00,1254815.39,1264232.96,0
HH012105,0,0,0,0.00,3683805.37,3752982.60,0
HH012106,0,0,0,0.00,14663973.87,15887402.19,0
HH012107,0,0,0,0.00,1646085.08,1783580.10,0
HH012108,0,0,0,0.00,1850788.15,2069933.61,0
HH012109,0,0,0,0.00,21616713.83,21313603.09,0
HH012110,0,0,0,0.00,9495514.64,10742154.17,0
HH012111,0,0,0,0.00,3807521.08,4050489.41,0
HH012112,0,0,0,0.00,14407032.86,16071769.97,0
HH012113,0,0,0,0.00,15008466.49,15851598.54,0
HH012114,0,0,0,0.00,3235527.34,3576750.64,0
HH012115,0,0,0,0.00,5733111.68,5439031.88,0
HH012116,0,0,0,0.00,2664906.70,2671023.21,0
HH012117,0,0,0,0.00,1780679.24,1676384.65,0
HH012118,1,0,1,6394440.45,6508122.79,113682.34,4
HH012119,0,0,0,0.00,1533259.16,1717168.66,0
HH012120,0,0,0,0.00,1495017.28,1469087.18,0
HH012121,0,0,0,0.00,1906025.81,2044613.74,0
HH012122,0,0,0,0.00,1459800.85,1258392.63,0
HH012123,0,0,0,0.00,3837356.65,6965685.18,0
HH012124,0,1,1,455433.41,1252606.11,685674.55,0
HH012125,0,0,0,0.00,33462499.31,33010516.79,0
HH012126,0,1,1,1835710.80,4622733.98,2787105.16,0
HH012127,0,0,0,0.00,25460581.18,23475218.25,0
HH012128,0,0,0,0.00,14122047.58,16437891.40,0
HH012129,0,1,1,456309.56,1987759.91,1957174.32,0
HH012130,0,0,0,0.00,2886147.96,3180897.88,0
HH012131,0,0,0,0.00,7494948.04,7575801.65,0
HH012132,0,0,0,0.00,297730673.62,318766678.74,0
HH012133,0,0,0,0.00,4778088.03,5063697.51,0
HH012134,1,0,1,1076338.98,1095651.91,19312.93,4
HH012135,0,0,0,0.00,4660631.48,4883062.39,0
HH012136,0,0,0,0.00,1199665.35,1418177.80,0
HH012137,1,0,1,11509935.01,11844977.83,335042.82,2
HH012138,0,0,0,0.00,140226088.20,151948778.10,0
HH012139,0,0,0,0.00,1038837.23,1068660.97,0
HH012140,0,0,0,0.00,6303322.90,6279518.42,0
HH012141,0,0,0,0.00,16816369.40,16779852.78,0
HH012142,0,0,0,0.00,3488701.12,3542885.85,0
HH012143,0,1,1,1223373.36,2197675.28,1061853.39,0
HH012144,0,0,0,0.00,7863860.96,8156305.01,0
HH012145,0,0,0,0.00,1206645.15,1264138.63,0
HH012146,0,0,0,0.00,8797952.37,9564383.63,0
HH012147,0,0,0,0.00,1109284.32,1280965.42,0
HH012148,0,0,0,0.00,10620264.95,11580616.26,0
HH012149,0,0,0,0.00,2222102.00,3069701.96,0
HH012150,0,0,0,0.00,1295543.24,1347763.53,0
HH012151,0,0,0,0.00,85897119.31,102008493.29,0
HH012152,0,0,0,0.00,1056598.25,1081333.33,0
HH012153,0,0,0,0.00,7152130.76,8896429.93,0
HH012154,0,1,1,3187352.70,6762816.11,3822073.31,0
HH012155,0,0,0,0.00,79169766.83,96938769.05,0
HH012156,0,0,0,0.00,7281720.86,7305085.80,0
HH012157,0,0,0,0.00,16921286.68,15979696.99,0
HH012158,0,0,0,0.00,5793471.59,6344814.28,0
HH012159,0,0,0,0.00,16447662.12,18185754.62,0
HH012160,0,0,0,0.00,69275723.43,63996128.33,0
HH012161,0,0,0,0.00,3764016.62,4199798.50,0
HH012162,0,0,0,0.00,3834854.21,3505113.17,0
HH012163,0,0,0,0.00,11589585.30,14351183.34,0
HH012164,0,0,0,0.00,31079638.01,32446012.01,0
HH012165,0,0,0,0.00,5494750.75,4794798.41,0
HH012166,0,0,0,0.00,23510812.40,23642993.11,0
HH012167,0,1,1,2177444.24,4762641.29,2996827.25,0
HH012168,0,0,0,0.00,25646931.07,31142846.35,0
HH012169,0,0,0,0.00,1694271.25,1808261.34,0
HH012170,0,0,0,0.00,9705728.88,11854700.16,0
HH012171,0,0,0,0.00,3220462.65,3778357.88,0
HH012172,0,0,0,0.00,7246630.85,8152602.08,0
HH012173,0,0,0,0.00,6658339.15,6756222.59,0
HH012174,0,0,0,0.00,14470973.12,15503078.84,0
HH012175,0,0,0,0.00,6954143.48,6573128.77,0
HH012176,0,0,0,0.00,3361025.36,3653312.16,0
HH012177,0,0,0,0.00,2696858.02,2562142.30,0
HH012178,0,1,1,31890671.47,158338917.28,140164547.93,0
HH012179,0,0,0,0.00,1573693.75,1381806.28,0
HH012180,0,0,0,0.00,4549890.28,5289882.89,0
HH012181,0,0,0,0.00,5946009.66,6895108.74,0
HH012182,0,0,0,0.00,7135744.42,5923489.91,0
HH012183,0,0,0,0.00,3719960.91,3988157.71,0
HH012184,0,0,0,0.00,2620314.42,2649116.61,0
HH012185,0,0,0,0.00,1091754.18,1240646.21,0
HH012186,0,0,0,0.00,5264571.82,5747689.68,0
HH012187,0,0,0,0.00,5480045.71,6113748.55,0
HH012188,0,0,0,0.00,11367720.13,12221754.03,0
HH012189,0,0,0,0.00,1414128.89,1537613.11,0
HH012190,0,0,0,0.00,29964737.73,31586042.88,0
HH012191,0,0,0,0.00,10899077.65,11302559.13,0
HH012192,0,1,1,481252.30,1763953.23,1262464.39,0
HH012193,0,0,0,0.00,5721365.97,6294191.44,0
HH012194,0,0,0,0.00,3682463.04,4478751.69,0
HH012195,0,0,0,0.00,3378513.75,4083463.60,0
HH012196,0,0,0,0.00,36737961.19,45188998.58,0
HH012197,0,0,0,0.00,1729808.69,1904651.24,0
HH012198,0,0,0,0.00,2577532.39,2600751.59,0
HH012199,0,0,0,0.00,7815880.07,8331549.55,0
HH012200,0,0,0,0.00,7117034.35,4745416.77,0
HH012201,0,0,0,0.00,16845528.15,18508606.58,0
HH012202,0,1,1,2150248.80,6355518.04,4768572.82,0
HH012203,0,0,0,0.00,27757147.93,29355285.79,0
HH012204,1,0,1,7451461.95,7590342.93,138880.98,4
HH012205,0,0,0,0.00,1272880.15,1632013.22,0
HH012206,0,1,1,1689432.86,4979619.80,3731069.46,0
HH012207,0,0,0,0.00,2139459.50,2039851.24,0
HH012208,0,0,0,0.00,11063740.45,11188369.62,0
HH012209,0,0,0,0.00,5548372.35,6197895.90,0
HH012210,0,0,0,0.00,1114567.06,1717074.10,0
HH012211,0,0,0,0.00,14079729.39,15167100.76,0
HH012212,0,0,0,0.00,8082282.71,8779728.69,0
HH012213,0,0,0,0.00,3714209.52,3440889.16,0
HH012214,0,0,0,0.00,6812006.41,6767996.27,0
HH012215,0,0,0,0.00,6794813.30,7511966.53,0
HH012216,0,0,0,0.00,9106246.92,10046021.32,0
HH012217,0,0,0,0.00,1392173.15,1631564.33,0
HH012218,0,0,0,0.00,1994455.02,1958430.51,0
HH012219,0,0,0,0.00,2723988.38,1348149.15,0
HH012220,0,0,0,0.00,2634084.98,2683375.38,0
HH012221,0,0,0,0.00,5579191.68,5342243.23,0
HH012222,0,0,0,0.00,1773346.23,1667186.19,0
HH012223,0,0,0,0.00,23617141.47,22881969.20,0
HH012224,0,0,0,0.00,10111103.07,10536862.51,0
HH012225,0,1,1,1554851.45,2678445.51,1233553.30,0
HH012226,0,0,0,0.00,1881363.80,1850749.38,0
HH012227,0,0,0,0.00,15528404.09,15839456.84,0
HH012228,0,0,0,0.00,3908449.04,3894298.54,0
HH012229,0,0,0,0.00,13122231.82,14893539.15,0
HH012230,0,0,0,0.00,5908537.30,6504178.05,0
HH012231,0,0,0,0.00,10351796.77,11650776.33,0
HH012232,0,0,0,0.00,1730904.11,2497297.54,0
HH012233,0,0,0,0.00,7430235.65,8530146.80,0
HH012234,0,0,0,0.00,1038537.20,1074468.27,0
HH012235,0,0,0,0.00,11986642.42,12628439.27,0
HH012236,0,0,0,0.00,63397817.80,61709567.52,0
HH012237,0,1,1,1318351.36,2580820.45,1226867.49,0
HH012238,0,0,0,0.00,7798500.96,8201505.56,0
HH012239,0,0,0,0.00,9035035.53,9772269.25,0
HH012240,0,0,0,0.00,2857003.37,2967832.54,0
HH012241,1,0,1,22390509.55,22608588.81,218079.26,4
HH012242,0,1,1,926113.96,3518006.29,2954000.12,0
HH012243,0,0,0,0.00,7017867.62,6658052.11,0
HH012244,0,0,0,0.00,1820921.07,2138973.20,0
HH012245,0,0,0,0.00,1372797.58,1201760.32,0
HH012246,0,0,0,0.00,7224542.21,7173918.94,0
HH012247,0,0,0,0.00,27220297.58,31410936.74,0
HH012248,0,0,0,0.00,3036159.48,3214945.72,0
HH012249,0,0,0,0.00,2000427.74,2067443.39,0
HH012250,1,0,1,8820899.36,9026451.68,205552.32,4
HH012251,0,0,0,0.00,11381931.52,10461517.98,0
HH012252,1,0,1,46676280.80,47143255.31,466974.51,1
HH012253,0,1,1,1173245.66,3317614.81,2173617.26,0
HH012254,0,1,1,5873528.31,23147830.63,17231284.89,0
HH012255,0,0,0,0.00,3952994.19,4632220.46,0
HH012256,0,0,0,0.00,9641928.65,10961126.33,0
HH012257,0,0,0,0.00,1454268.42,1471211.24,0
HH012258,0,0,0,0.00,7651066.58,8993687.13,0
HH012259,0,0,0,0.00,1455068.64,1462763.95,0
HH012260,0,0,0,0.00,6403632.22,6013936.78,0
HH012261,0,0,0,0.00,16420678.32,17232730.14,0
HH012262,0,0,0,0.00,2740517.68,2398242.43,0
HH012263,0,0,0,0.00,3497236.26,3851960.33,0
HH012264,0,0,0,0.00,1052466.85,973421.86,0
HH012265,0,0,0,0.00,10265395.22,12331508.99,0
HH012266,0,0,0,0.00,1317977.33,1547703.83,0
HH012267,0,0,0,0.00,5890080.85,7581185.82,0
HH012268,0,0,0,0.00,4029362.07,4265871.01,0
HH012269,0,0,0,0.00,98702505.09,97872009.11,0
HH012270,0,0,0,0.00,4143073.72,5246777.14,0
HH012271,0,0,0,0.00,3819039.13,4143267.27,0
HH012272,0,0,0,0.00,2338096.11,2987976.86,0
HH012273,0,0,0,0.00,5637305.97,5640338.40,0
HH012274,0,0,0,0.00,3832726.96,3635587.15,0
HH012275,0,0,0,0.00,1610229.50,1593630.63,0
HH012276,0,0,0,0.00,7411941.57,8666850.54,0
HH012277,0,0,0,0.00,2267590.18,2389419.57,0
HH012278,0,0,0,0.00,29352092.12,30032490.49,0
HH012279,0,0,0,0.00,5344236.89,6133808.73,0
HH012280,0,0,0,0.00,5259843.88,6434566.17,0
HH012281,0,0,0,0.00,6348154.04,6283667.10,0
HH012282,0,0,0,0.00,1076651.29,1027354.98,0
HH012283,0,0,0,0.00,1412950.30,1615455.14,0
HH012284,0,0,0,0.00,7407745.46,8431132.26,0
HH012285,0,0,0,0.00,1304917.27,1590554.82,0
HH012286,0,0,0,0.00,7336135.93,6780186.44,0
HH012287,0,0,0,0.00,4081821.20,4274369.75,0
HH012288,1,0,1,6722341.50,6849305.37,126963.87,2
HH012289,0,0,0,0.00,9371516.08,8509642.28,0
HH012290,0,0,0,0.00,1456326.24,1455742.18,0
HH012291,0,0,0,0.00,2873759.15,2740065.16,0
HH012292,0,0,0,0.00,3290211.23,3514043.70,0
HH012293,0,0,0,0.00,1510971.71,1608652.53,0
HH012294,0,0,0,0.00,4106783.93,4038343.80,0
HH012295,0,0,0,0.00,6356745.29,6733218.17,0
HH012296,0,0,0,0.00,2057084.85,2222951.92,0
HH012297,0,0,0,0.00,5268001.74,6540369.54,0
HH012298,1,0,1,2575154.50,2602933.37,27778.87,5
HH012299,0,0,0,0.00,2170955.33,2946490.90,0
HH012300,0,0,0,0.00,3764730.36,4443910.71,0
HH012301,0,0,0,0.00,7832346.17,8505471.12,0
HH012302,0,0,0,0.00,3663458.66,4054879.73,0
HH012303,0,0,0,0.00,6590273.20,5626013.39,0
HH012304,0,0,0,0.00,1466637.93,1844106.24,0
HH012305,0,0,0,0.00,3630189.57,4204407.05,0
HH012306,0,0,0,0.00,83709581.46,95341040.73,0
HH012307,0,0,0,0.00,3300695.97,3252307.72,0
HH012308,0,0,0,0.00,3609759.54,3868303.78,0
HH012309,0,0,0,0.00,5200841.98,5369628.05,0
HH012310,1,0,1,4355706.76,4476281.80,120575.04,5
HH012311,0,0,0,0.00,2107842.26,1567903.61,0
HH012312,0,0,0,0.00,1239365.66,971739.46,0
HH012313,1,0,1,5288100.52,5387866.80,99766.28,3
HH012314,0,0,0,0.00,12222788.49,14243073.59,0
HH012315,0,0,0,0.00,2784496.12,2913657.77,0
HH012316,0,0,0,0.00,22665490.41,26657612.91,0
HH012317,0,0,0,0.00,1526864.80,1479447.97,0
HH012318,0,0,0,0.00,1398621.25,1905546.55,0
HH012319,0,0,0,0.00,10004666.47,9653512.70,0
HH012320,0,0,0,0.00,15219217.58,17033540.27,0
HH012321,0,0,0,0.00,5919242.26,6721864.54,0
HH012322,1,0,1,20849566.52,20913140.89,63574.37,6
HH012323,0,0,0,0.00,9527794.97,8840256.65,0
HH012324,0,0,0,0.00,30446146.36,33508512.78,0
HH012325,0,0,0,0.00,5515802.80,5971470.79,0
HH012326,1,0,1,15751394.63,16166642.77,415248.14,1
HH012327,0,0,0,0.00,21683323.24,22770728.18,0
HH012328,0,0,0,0.00,10328337.77,12028878.80,0
HH012329,0,0,0,0.00,4795252.78,4755397.35,0
HH012330,0,1,1,1973916.37,6358071.18,5235337.46,0
HH012331,0,1,1,349220.91,1089303.05,920490.17,0
HH012332,1,0,1,3552130.41,3582078.52,29948.11,6
HH012333,0,0,0,0.00,10053437.75,12985508.43,0
HH012334,0,0,0,0.00,5093497.75,5277893.25,0
HH012335,0,0,0,0.00,4319729.95,4745469.17,0
HH012336,0,0,0,0.00,12930947.28,12444863.73,0
HH012337,0,0,0,0.00,9682964.64,9764469.43,0
HH012338,0,0,0,0.00,11194100.75,11082497.01,0
HH012339,0,0,0,0.00,11512003.45,9962645.63,0
HH012340,0,0,0,0.00,10110502.49,11322971.83,0
HH012341,0,1,1,5217256.59,22027736.87,18992924.74,0
HH012342,0,0,0,0.00,42712682.23,43270166.21,0
HH012343,0,0,0,0.00,13668366.22,12389034.35,0
HH012344,0,0,0,0.00,20554536.23,25464666.72,0
HH012345,0,0,0,0.00,2723102.67,3108801.65,0
HH012346,0,0,0,0.00,1578325.01,1756087.71,0
HH012347,0,0,0,0.00,2155176.93,2588463.20,0
HH012348,0,0,0,0.00,2275592.46,1969209.57,0
HH012349,0,0,0,0.00,23696309.75,27550585.17,0
HH012350,0,0,0,0.00,9325188.89,10625126.73,0
HH012351,1,0,1,6915000.37,7083205.94,168205.57,3
HH012352,0,0,0,0.00,3642925.33,3479493.02,0
HH012353,0,1,1,1280087.59,3460388.99,2221062.61,0
HH012354,0,0,0,0.00,3679846.07,3637070.20,0
HH012355,0,1,1,703604.38,1063967.96,251104.16,0
HH012356,0,0,0,0.00,83463464.75,110794061.65,0
HH012357,0,0,0,0.00,7424980.85,7194985.92,0
HH012358,0,0,0,0.00,5536678.83,5535868.05,0
HH012359,0,0,0,0.00,4183645.48,4448867.68,0
HH012360,0,1,1,1285719.97,2891610.79,1621009.73,0
HH012361,0,0,0,0.00,16491404.05,18964614.21,0
HH012362,0,0,0,0.00,2186280.74,2389645.09,0
HH012363,0,0,0,0.00,3469376.13,3599705.30,0
HH012364,0,0,0,0.00,3856360.64,3942708.16,0
HH012365,0,0,0,0.00,11282412.68,12246910.37,0
HH012366,0,0,0,0.00,8714294.53,8195883.55,0
HH012367,0,0,0,0.00,2158745.89,2343038.63,0
HH012368,0,0,0,0.00,2516520.44,3462520.14,0
HH012369,0,0,0,0.00,9530258.89,11295296.91,0
HH012370,0,0,0,0.00,3041659.04,2596853.64,0
HH012371,0,0,0,0.00,4863773.56,5732816.75,0
HH012372,0,0,0,0.00,5115129.94,5268186.39,0
HH012373,0,0,0,0.00,1066557.53,1073647.90,0
HH012374,0,1,1,6749759.32,14568280.76,7910359.35,0
HH012375,0,0,0,0.00,5316723.02,5444116.65,0
HH012376,0,0,0,0.00,3070014.03,3024825.73,0
HH012377,0,0,0,0.00,3510179.48,4226513.88,0
HH012378,0,0,0,0.00,2790196.18,3423600.21,0
HH012379,0,0,0,0.00,19597229.59,20309844.47,0
HH012380,0,0,0,0.00,14358750.74,15974641.40,0
HH012381,0,1,1,1264902.73,5281918.33,4329292.06,0
HH012382,0,0,0,0.00,5109311.16,6006412.32,0
HH012383,0,0,0,0.00,9096444.38,8474586.98,0
HH012384,0,1,1,1355798.46,4170586.09,3212741.76,0
HH012385,0,0,0,0.00,21093306.53,23422638.45,0
HH012386,0,0,0,0.00,2396951.70,2498266.77,0
HH012387,0,0,0,0.00,1655674.29,1813036.74,0
HH012388,0,0,0,0.00,1870790.17,1890296.52,0
HH012389,0,0,0,0.00,4616301.64,6036114.88,0
HH012390,0,0,0,0.00,23341688.67,27705752.21,0
HH012391,0,0,0,0.00,5350891.49,5742394.27,0
HH012392,0,0,0,0.00,4609348.75,3003358.06,0
HH012393,0,0,0,0.00,9735565.27,13138234.44,0
HH012394,0,1,1,449694.60,1368323.64,1130436.65,0
HH012395,0,0,0,0.00,2949215.18,3375271.18,0
HH012396,0,0,0,0.00,12812846.40,13018526.09,0
HH012397,0,0,0,0.00,3643478.52,4062301.91,0
HH012398,0,0,0,0.00,5198316.16,5800421.98,0
HH012399,0,0,0,0.00,3859882.45,4199629.08,0
HH012400,0,1,1,38645542.93,137927181.33,99724280.27,0
HH012401,0,1,1,1835005.35,3130874.64,1313927.10,0
HH012402,0,0,0,0.00,7738561.05,5124548.76,0
HH012403,0,0,0,0.00,1367569.53,1271514.34,0
HH012404,0,1,1,1380526.60,2595812.58,1271599.62,0
HH012405,0,0,0,0.00,8470191.43,10052837.80,0
HH012406,0,0,0,0.00,5582591.62,5695895.03,0
HH012407,0,0,0,0.00,2126991.19,1804041.84,0
HH012408,0,0,0,0.00,9790398.09,7733913.90,0
HH012409,0,0,0,0.00,132978875.55,134919912.73,0
HH012410,0,0,0,0.00,15221293.65,14868726.78,0
HH012411,0,0,0,0.00,1088198.67,1280275.19,0
HH012412,0,1,1,6086713.99,28050141.32,25578078.56,0
HH012413,0,0,0,0.00,14738662.49,19116777.86,0
HH012414,0,0,0,0.00,36578218.72,41272920.88,0
HH012415,0,0,0,0.00,9801959.60,10204299.91,0
HH012416,0,0,0,0.00,4229473.62,4387148.41,0
HH012417,1,0,1,3948633.65,4043628.35,94994.70,1
HH012418,0,0,0,0.00,10026252.29,10129320.28,0
HH012419,0,0,0,0.00,1766619.92,2120276.00,0
HH012420,0,0,0,0.00,1539934.35,1435896.42,0
HH012421,1,0,1,29429746.61,30051685.01,621938.40,5
HH012422,0,0,0,0.00,12466318.12,14294362.42,0
HH012423,0,0,0,0.00,24062350.90,28232594.28,0
HH012424,0,0,0,0.00,3364104.24,3300972.63,0
HH012425,0,1,1,4955440.57,17778769.12,14248479.35,0
HH012426,0,1,1,1542066.25,2470739.85,881587.05,0
HH012427,1,0,1,1523697.30,1532002.28,8304.98,6
HH012428,0,1,1,227198.89,1099208.04,689211.39,0
HH012429,0,0,0,0.00,10924472.65,11500047.94,0
HH012430,0,0,0,0.00,5660221.73,6751582.05,0
HH012431,0,0,0,0.00,8689140.83,8898882.41,0
HH012432,0,0,0,0.00,6979486.75,7051043.10,0
HH012433,1,0,1,12018617.67,12335153.15,316535.48,5
HH012434,0,0,0,0.00,2403525.82,2855904.40,0
HH012435,1,0,1,3119415.18,3155776.75,36361.57,6
HH012436,0,0,0,0.00,14155070.25,16852953.35,0
HH012437,0,1,1,312944.13,1359374.92,753799.34,0
HH012438,0,0,0,0.00,1331341.81,1448618.22,0
HH012439,0,0,0,0.00,39486905.97,43619771.75,0
HH012440,0,0,0,0.00,13925151.98,16422365.42,0
HH012441,0,1,1,316759.02,1372689.47,1053192.97,0
HH012442,0,0,0,0.00,17264444.91,19614767.94,0
HH012443,0,0,0,0.00,8831024.09,9880306.87,0
HH012444,0,1,1,5331996.93,17451127.10,13327665.02,0
HH012445,0,0,0,0.00,5043098.15,5717016.21,0
HH012446,0,0,0,0.00,3128695.83,3501528.68,0
HH012447,0,1,1,2017104.08,6374776.79,4625457.98,0
HH012448,0,0,0,0.00,3140736.30,2848236.22,0
HH012449,0,0,0,0.00,1323731.24,1218361.24,0
HH012450,0,0,0,0.00,5028034.64,5016627.62,0
HH012451,0,0,0,0.00,4547402.07,5112479.47,0
HH012452,0,0,0,0.00,4263391.53,4228491.50,0
HH012453,0,0,0,0.00,14569621.48,15998440.08,0
HH012454,0,0,0,0.00,19835658.66,27855513.06,0
HH012455,0,0,0,0.00,9697938.40,10353465.23,0
HH012456,0,0,0,0.00,8331850.52,9329337.71,0
HH012457,0,1,1,677237.64,2596760.33,2165490.26,0
HH012458,0,0,0,0.00,5153324.43,6194243.19,0
HH012459,0,0,0,0.00,5979036.64,5946101.95,0
HH012460,0,0,0,0.00,2015754.44,2557661.25,0
HH012461,0,0,0,0.00,5135376.59,5552041.98,0
HH012462,0,0,0,0.00,3898938.49,4373347.06,0
HH012463,0,0,0,0.00,12408378.68,12144631.33,0
HH012464,0,0,0,0.00,7085160.82,7839794.61,0
HH012465,0,0,0,0.00,4621080.15,4830254.38,0
HH012466,0,0,0,0.00,1288459.71,1377868.68,0
HH012467,0,1,1,2160440.31,5010522.03,3149718.80,0
HH012468,0,0,0,0.00,14335871.84,14770171.57,0
HH012469,0,0,0,0.00,4348971.31,3196230.24,0
HH012470,0,0,0,0.00,4592038.10,4906330.82,0
HH012471,1,0,1,1177712.30,1185145.51,7433.21,4
HH012472,0,0,0,0.00,8313241.64,9966706.35,0
HH012473,0,0,0,0.00,1966948.81,1576917.53,0
HH012474,0,0,0,0.00,7921968.62,8333346.62,0
HH012475,0,0,0,0.00,16098564.90,15490795.26,0
HH012476,0,0,0,0.00,10653230.87,12150378.79,0
HH012477,0,1,1,1637557.62,4137075.66,2323888.07,0
HH012478,0,0,0,0.00,1327595.28,1210041.57,0
HH012479,0,0,0,0.00,1174524.34,1246637.31,0
HH012480,0,0,0,0.00,11907516.61,13102371.45,0
HH012481,0,0,0,0.00,14646760.09,15865343.36,0
HH012482,0,0,0,0.00,19559652.55,20259363.57,0
HH012483,0,0,0,0.00,5535091.67,5397049.07,0
HH012484,0,0,0,0.00,9190525.29,12905590.84,0
HH012485,0,0,0,0.00,10019164.41,12564593.10,0
HH012486,0,0,0,0.00,1564730.83,1701064.48,0
HH012487,0,0,0,0.00,6961342.46,8212245.00,0
HH012488,0,0,0,0.00,4674598.02,4980765.96,0
HH012489,0,0,0,0.00,54975027.07,57208757.25,0
HH012490,0,0,0,0.00,8565125.01,9420695.05,0
HH012491,0,1,1,1439175.70,3518870.53,2304780.55,0
HH012492,0,0,0,0.00,10582060.35,12956906.63,0
HH012493,0,0,0,0.00,3175968.00,3472030.02,0
HH012494,0,0,0,0.00,24784762.76,26491703.43,0
HH012495,0,0,0,0.00,5374362.06,5491769.48,0
HH012496,0,0,0,0.00,16745674.68,17674590.24,0
HH012497,0,0,0,0.00,3282588.70,3408006.36,0
HH012498,0,0,0,0.00,2185136.34,2318324.17,0
HH012499,0,0,0,0.00,9333743.13,9877429.99,0
HH012500,0,0,0,0.00,26811584.36,31646202.82,0
HH012501,0,0,0,0.00,30640145.75,36331682.97,0
HH012502,0,0,0,0.00,1448180.72,1496388.28,0
HH012503,1,0,1,8723495.62,8784491.54,60995.92,5
HH012504,0,0,0,0.00,2942396.50,3348303.16,0
HH012505,0,0,0,0.00,17375669.16,19261636.76,0
HH012506,0,0,0,0.00,6025603.54,5746501.69,0
HH012507,0,0,0,0.00,5681746.46,6130124.64,0
HH012508,0,0,0,0.00,15806073.90,17467114.84,0
HH012509,0,0,0,0.00,8707249.41,10420554.03,0
HH012510,0,1,1,8505152.63,15629551.52,8105063.80,0
HH012511,0,0,0,0.00,31439701.38,28804558.46,0
HH012512,1,0,1,9829578.09,9843516.99,13938.90,6
HH012513,0,0,0,0.00,10207114.60,9255978.34,0
HH012514,0,0,0,0.00,11153546.38,11992617.73,0
HH012515,0,0,0,0.00,4665361.88,4448823.13,0
HH012516,1,0,1,7912874.93,7999818.11,86943.18,1
HH012517,,,,,1122541.40,1342351.45,0
HH012518,0,1,1,2875700.35,6533428.72,4306634.70,0
HH012519,0,1,1,1012002.64,4016229.10,3179425.05,0
HH012520,0,0,0,0.00,1715972.43,1847787.86,0
HH012521,0,0,0,0.00,13183203.57,12732991.14,0
HH012522,0,0,0,0.00,3695005.82,3075075.64,0
HH012523,0,0,0,0.00,2584257.33,2750664.32,0
HH012524,0,0,0,0.00,4111041.67,4785094.23,0
HH012525,0,0,0,0.00,5266127.65,4863184.76,0
HH012526,0,0,0,0.00,1539960.18,1430728.67,0
HH012527,0,0,0,0.00,1734216.88,1627687.53,0
HH012528,0,0,0,0.00,5517422.61,6748182.90,0
HH012529,0,0,0,0.00,13893892.20,13883434.22,0
HH012530,0,0,0,0.00,1403884.18,1392039.60,0
HH012531,0,0,0,0.00,4407117.41,5129927.33,0
HH012532,0,0,0,0.00,11901255.80,14160283.92,0
HH012533,0,0,0,0.00,4867094.99,4961501.29,0
HH012534,0,0,0,0.00,5216637.52,5780494.66,0
HH012535,0,0,0,0.00,5637828.10,4499210.25,0
HH012536,0,0,0,0.00,4723011.28,4712092.92,0
HH012537,0,0,0,0.00,3169211.70,3236449.88,0
HH012538,0,1,1,570752.23,1104645.66,629691.92,0
HH012539,0,0,0,0.00,2820551.47,2679401.55,0
HH012540,0,0,0,0.00,3159497.23,2801522.02,0
HH012541,0,0,0,0.00,34032698.35,33203778.36,0
HH012542,0,0,0,0.00,23666906.11,22328698.21,0
HH012543,1,0,1,2695345.52,2702331.32,6985.80,4
HH012544,0,0,0,0.00,9185243.67,9963469.05,0
HH012545,0,1,1,1852943.80,5676966.12,3900359.77,0
HH012546,0,0,0,0.00,15499074.33,16003890.05,0
HH012547,0,0,0,0.00,4804493.70,4816089.67,0
HH012548,0,0,0,0.00,4022537.73,4378865.57,0
HH012549,1,0,1,46791104.34,47671212.74,880108.40,5
HH012550,0,0,0,0.00,3597018.84,3926347.81,0
HH012551,0,0,0,0.00,3798798.73,3998364.67,0
HH012552,0,0,0,0.00,4968355.83,5476935.82,0
HH012553,0,1,1,6534908.52,15253915.94,8701822.05,0
HH012554,0,0,0,0.00,8541418.02,11109171.78,0
HH012555,0,0,0,0.00,12878210.28,12997708.32,0
HH012556,0,0,0,0.00,11810148.00,12450899.66,0
HH012557,0,0,0,0.00,1012253.00,952646.72,0
HH012558,0,0,0,0.00,2701048.53,3089544.21,0
HH012559,0,0,0,0.00,8122527.01,7768158.91,0
HH012560,0,1,1,1290250.40,2986669.61,1888155.60,0
HH012561,1,0,1,1869876.09,1871810.91,1934.82,1
HH012562,0,0,0,0.00,118435067.51,127059506.30,0
HH012563,0,0,0,0.00,1133698.27,1470707.70,0
HH012564,0,0,0,0.00,3840576.38,4158590.99,0
HH012565,0,0,0,0.00,35849561.21,37603856.81,0
HH012566,0,1,1,5314923.80,10998712.74,6662846.33,0
HH012567,0,0,0,0.00,12972686.51,14684312.42,0
HH012568,0,0,0,0.00,16771592.27,17383744.79,0
HH012569,0,1,1,4069873.69,7172698.16,3516643.50,0
HH012570,0,0,0,0.00,12200913.81,11991389.15,0
HH012571,0,0,0,0.00,7613420.85,8662576.15,0
HH012572,0,1,1,5427428.03,9500586.27,4791813.95,0
HH012573,0,0,0,0.00,1882542.64,1623845.79,0
HH012574,0,0,0,0.00,3476323.47,3950443.36,0
HH012575,0,1,1,4120326.24,9474799.55,6478799.13,0
HH012576,0,0,0,0.00,4394014.91,4796055.78,0
HH012577,0,0,0,0.00,2376658.29,2016479.67,0
HH012578,0,0,0,0.00,5579650.60,5059327.76,0
HH012579,0,0,0,0.00,30220917.88,31722091.18,0
HH012580,0,0,0,0.00,2277856.38,3358633.72,0
HH012581,1,0,1,2132643.66,2185848.55,53204.89,3
HH012582,0,0,0,0.00,2932121.27,3185297.05,0
HH012583,1,0,1,3145024.44,3221084.87,76060.43,5
HH012584,0,0,0,0.00,6915033.58,8266596.06,0
HH012585,0,0,0,0.00,3842307.41,4208493.69,0
HH012586,0,0,0,0.00,9219422.09,8042630.60,0
HH012587,0,0,0,0.00,2314587.88,2298692.97,0
HH012588,0,0,0,0.00,1577136.50,1253450.57,0
HH012589,0,0,0,0.00,6137846.46,6714113.86,0
HH012590,0,0,0,0.00,1696969.65,1757378.10,0
HH012591,0,0,0,0.00,12938350.85,14576914.21,0
HH012592,0,0,0,0.00,8121875.03,7224249.58,0
HH012593,0,0,0,0.00,2153123.47,2006488.00,0
HH012594,0,0,0,0.00,2956486.89,3385519.81,0
HH012595,0,0,0,0.00,23918221.18,33364628.15,0
HH012596,1,0,1,3080208.45,3096374.96,16166.51,5
HH012597,0,0,0,0.00,3692643.84,3675087.94,0
HH012598,0,0,0,0.00,5570815.87,6278238.92,0
HH012599,0,0,0,0.00,4666460.28,3865592.90,0
HH012600,0,0,0,0.00,3861432.94,3156582.69,0
HH012601,0,0,0,0.00,2095216.42,2110123.78,0
HH012602,0,0,0,0.00,23060643.56,33417707.43,0
HH012603,0,0,0,0.00,2938203.16,3108010.77,0
HH012604,0,1,1,1004514.89,3500492.43,2776039.47,0
HH012605,0,1,1,1953735.22,3212998.35,1122410.54,0
HH012606,0,0,0,0.00,2856180.28,3068372.02,0
HH012607,0,0,0,0.00,2731963.22,2653615.81,0
HH012608,0,0,0,0.00,10643363.43,10031238.40,0
HH012609,0,0,0,0.00,1294395.65,1191767.35,0
HH012610,0,0,0,0.00,5913887.01,6700732.68,0
HH012611,0,0,0,0.00,1152907.83,2185815.37,0
HH012612,0,0,0,0.00,2468354.27,2659718.84,0
HH012613,0,0,0,0.00,2737238.40,2601463.61,0
HH012614,0,0,0,0.00,1333210.80,1434823.33,0
HH012615,,,,,5465076.47,5891064.13,0
HH012616,0,0,0,0.00,20455206.68,23778974.16,0
HH012617,0,0,0,0.00,4761885.05,4917759.83,0
HH012618,0,0,0,0.00,9051773.74,10206649.02,0
HH012619,0,0,0,0.00,61453951.99,64368506.51,0
HH012620,0,0,0,0.00,9227213.40,9899385.03,0
HH012621,0,0,0,0.00,2686205.57,2608155.75,0
HH012622,0,0,0,0.00,4305550.51,4303403.58,0
HH012623,0,0,0,0.00,7806449.70,8277471.22,0
HH012624,0,0,0,0.00,5781501.79,6134044.34,0
HH012625,0,1,1,102748325.29,235400529.24,133708809.27,0
HH012626,0,0,0,0.00,4230805.15,4622906.76,0
HH012627,0,0,0,0.00,78597895.37,85531019.64,0
HH012628,0,0,0,0.00,14737020.65,18756239.05,0
HH012629,0,0,0,0.00,13041024.06,13978421.34,0
HH012630,0,0,0,0.00,1173990.19,1206813.47,0
HH012631,1,0,1,5068280.15,5224657.98,156377.83,1
HH012632,0,1,1,6049267.15,20743574.92,14808971.02,0
HH012633,0,0,0,0.00,14696555.45,16864207.38,0
HH012634,1,0,1,42553862.50,42785120.13,231257.63,3
HH012635,0,0,0,0.00,1565678.04,1620240.49,0
HH012636,0,0,0,0.00,10013839.05,10029124.18,0
HH012637,1,0,1,18692263.17,19131210.79,438947.62,6
HH012638,0,0,0,0.00,8918444.90,10101666.17,0
HH012639,0,0,0,0.00,42640385.51,44885109.74,0
HH012640,0,0,0,0.00,5064513.16,6432505.97,0
HH012641,0,0,0,0.00,3072902.43,3023004.56,0
HH012642,0,0,0,0.00,33741647.49,35762913.34,0
HH012643,0,0,0,0.00,1948080.81,1780665.71,0
HH012644,0,0,0,0.00,7531036.73,7762970.49,0
HH012645,0,0,0,0.00,14178363.73,12458314.80,0
HH012646,0,0,0,0.00,9905580.93,10670247.85,0
HH012647,0,1,1,5339245.79,16518590.24,12309802.38,0
HH012648,1,0,1,6821751.06,6961738.63,139987.57,3
HH012649,0,1,1,393562.65,1687961.26,1595098.13,0
HH012650,0,0,0,0.00,22407587.67,21105735.42,0
HH012651,0,0,0,0.00,3412199.81,3503114.90,0
HH012652,0,0,0,0.00,2867606.50,2392011.46,0
HH012653,0,0,0,0.00,3026586.43,4586297.98,0
HH012654,0,0,0,0.00,1385769.49,1656766.85,0
HH012655,0,0,0,0.00,12795383.68,13701437.60,0
HH012656,0,0,0,0.00,2998687.95,2905283.84,0
HH012657,0,0,0,0.00,4589517.44,3920487.26,0
HH012658,0,0,0,0.00,4144886.26,4505337.73,0
HH012659,0,0,0,0.00,3331749.31,3942950.12,0
HH012660,0,0,0,0.00,3421884.15,3697747.74,0
HH012661,0,0,0,0.00,1551189.19,1673555.57,0
HH012662,1,0,1,33224428.87,34124823.55,900394.68,1
HH012663,0,0,0,0.00,1713836.74,1337344.04,0
HH012664,0,0,0,0.00,86437925.53,104497738.32,0
HH012665,0,0,0,0.00,7541833.94,8014244.62,0
HH012666,0,0,0,0.00,7616219.42,8754021.95,0
HH012667,0,0,0,0.00,2647129.73,2622350.21,0
HH012668,0,0,0,0.00,3569084.24,3160058.07,0
HH012669,0,0,0,0.00,2164167.17,2321778.89,0
HH012670,0,0,0,0.00,8810346.23,7320911.69,0
HH012671,0,0,0,0.00,9561071.53,10682184.02,0
HH012672,0,0,0,0.00,1427154.06,1239515.84,0
HH012673,0,0,0,0.00,7579706.51,8034171.11,0
HH012674,0,0,0,0.00,5950959.43,6840097.75,0
HH012675,0,0,0,0.00,31477879.14,35691465.65,0
HH012676,0,0,0,0.00,27570804.46,29688596.09,0
HH012677,0,0,0,0.00,22820339.36,21265104.23,0
HH012678,0,0,0,0.00,12042336.96,9312885.34,0
HH012679,0,0,0,0.00,1075995.19,1022867.81,0
HH012680,0,0,0,0.00,7031258.30,8526043.96,0
HH012681,0,0,0,0.00,21511345.36,22106413.96,0
HH012682,0,1,1,264312.71,1220950.29,1235763.31,0
HH012683,0,0,0,0.00,1333761.33,1453181.85,0
HH012684,0,0,0,0.00,2471395.40,3270375.83,0
HH012685,0,0,0,0.00,16224979.51,16046271.61,0
HH012686,0,0,0,0.00,1138487.75,990646.46,0
HH012687,0,0,0,0.00,5106744.44,5242041.53,0
HH012688,0,0,0,0.00,1833293.41,1939854.39,0
HH012689,0,0,0,0.00,8945421.38,9599212.48,0
HH012690,0,0,0,0.00,6254593.94,6660950.83,0
HH012691,0,0,0,0.00,7691056.04,8591926.95,0
HH012692,0,0,0,0.00,4416935.97,4602559.07,0
HH012693,0,0,0,0.00,8675341.97,9114764.40,0
HH012694,0,1,1,550057.31,2315223.99,2008506.84,0
HH012695,0,0,0,0.00,192934682.58,194995584.28,0
HH012696,0,0,0,0.00,5481161.76,6515319.24,0
HH012697,0,0,0,0.00,5079040.90,5125143.60,0
HH012698,0,0,0,0.00,10278584.31,10845170.65,0
HH012699,0,0,0,0.00,14145751.37,21896238.00,0
HH012700,0,0,0,0.00,44214335.97,47987675.06,0
HH012701,0,0,0,0.00,7950230.90,9396610.67,0
HH012702,0,0,0,0.00,1785719.13,1859322.27,0
HH012703,0,0,0,0.00,1330117.34,1280540.38,0
HH012704,0,0,0,0.00,18210276.18,18023831.38,0
HH012705,0,0,0,0.00,5797024.53,6584272.48,0
HH012706,0,0,0,0.00,5358107.19,5128353.36,0
HH012707,0,0,0,0.00,4035752.32,4663092.43,0
HH012708,0,0,0,0.00,5532206.46,5930636.09,0
HH012709,0,0,0,0.00,2154544.74,2511899.44,0
HH012710,0,0,0,0.00,6945640.39,7231957.81,0
HH012711,0,0,0,0.00,21421027.65,24117649.83,0
HH012712,1,0,1,1777264.50,1822899.14,45634.64,4
HH012713,0,0,0,0.00,7366796.52,8292808.39,0
HH012714,0,0,0,0.00,25916619.98,27853820.24,0
HH012715,0,0,0,0.00,1786955.80,1907949.95,0
HH012716,0,0,0,0.00,3470697.11,4095233.08,0
HH012717,0,0,0,0.00,7324196.51,8890944.39,0
HH012718,0,0,0,0.00,5675205.58,5965469.48,0
HH012719,0,0,0,0.00,2883549.44,3223570.28,0
HH012720,0,0,0,0.00,1959776.32,1755814.64,0
HH012721,0,0,0,0.00,23551789.71,31486442.50,0
HH012722,0,0,0,0.00,9639707.04,9959638.02,0
HH012723,0,0,0,0.00,5407300.32,6171223.74,0
HH012724,0,0,0,0.00,1993548.69,2615455.71,0
HH012725,0,0,0,0.00,7033562.99,7578528.23,0
HH012726,0,0,0,0.00,6087448.99,6615815.20,0
HH012727,0,0,0,0.00,2124871.38,2422308.40,0
HH012728,0,0,0,0.00,29725059.23,29579745.03,0
HH012729,0,0,0,0.00,10428507.64,10390197.53,0
HH012730,0,0,0,0.00,7717369.76,8065627.32,0
HH012731,0,1,1,914855.58,2204978.33,1602981.12,0
HH012732,0,0,0,0.00,1502120.49,1895004.11,0
HH012733,0,0,0,0.00,5712883.64,5714674.13,0
HH012734,0,0,0,0.00,6472030.50,5921533.11,0
HH012735,0,0,0,0.00,2152775.83,1994098.02,0
HH012736,0,0,0,0.00,9590546.40,10596879.30,0
HH012737,0,0,0,0.00,7442727.71,8015043.80,0
HH012738,0,0,0,0.00,5096439.00,5853593.87,0
HH012739,0,0,0,0.00,10432833.41,12475393.88,0
HH012740,0,1,1,1917593.40,2753549.26,802179.61,0
HH012741,0,1,1,3667193.02,9448606.30,5700421.55,0
HH012742,0,0,0,0.00,3204351.27,3713184.71,0
HH012743,0,0,0,0.00,1272758.51,938695.32,0
HH012744,0,0,0,0.00,9153954.41,9487389.12,0
HH012745,0,1,1,1315135.56,2537993.37,1203856.09,0
HH012746,0,0,0,0.00,1297518.73,1607017.11,0
HH012747,0,0,0,0.00,5038152.97,4270478.95,0
HH012748,0,0,0,0.00,8175599.99,8087907.06,0
HH012749,0,0,0,0.00,4480609.00,5427250.63,0
HH012750,0,1,1,291983.36,1217227.94,966512.33,0
HH012751,0,0,0,0.00,15455542.65,16270299.09,0
HH012752,0,0,0,0.00,3298679.85,4733397.34,0
HH012753,0,0,0,0.00,14531523.20,13058505.20,0
HH012754,0,0,0,0.00,17704822.38,18025532.46,0
HH012755,0,0,0,0.00,2565172.00,2889152.29,0
HH012756,0,0,0,0.00,20316866.62,22532850.57,0
HH012757,0,0,0,0.00,3392893.45,3950760.61,0
HH012758,0,0,0,0.00,2885949.81,3380760.54,0
HH012759,0,0,0,0.00,3460550.79,3426664.35,0
HH012760,0,0,0,0.00,2699215.33,3401689.76,0
HH012761,0,0,0,0.00,2599413.45,2569175.29,0
HH012762,0,0,0,0.00,1180828.02,1249155.94,0
HH012763,0,0,0,0.00,1178883.31,1279812.64,0
HH012764,0,0,0,0.00,16576913.45,18227197.41,0
HH012765,0,1,1,7043719.04,15895652.79,9976360.29,0
HH012766,0,0,0,0.00,7337642.88,7527913.82,0
HH012767,0,0,0,0.00,1460879.14,1696683.89,0
HH012768,0,0,0,0.00,3721241.69,3990993.80,0
HH012769,,,,,12926512.04,15497252.15,0
HH012770,0,0,0,0.00,17403624.14,20430385.93,0
HH012771,0,0,0,0.00,1692191.84,1632868.63,0
HH012772,0,0,0,0.00,2440208.31,2566652.51,0
HH012773,0,0,0,0.00,14744528.04,15834333.30,0
HH012774,0,0,0,0.00,4541375.92,5667984.43,0
HH012775,0,0,0,0.00,19675236.61,22436912.06,0
HH012776,0,0,0,0.00,3822541.86,4807658.80,0
HH012777,0,0,0,0.00,10897449.52,11583879.53,0
HH012778,0,0,0,0.00,25229597.75,30483718.59,0
HH012779,0,0,0,0.00,29880332.86,29323321.87,0
HH012780,0,0,0,0.00,2971034.30,3063437.76,0
HH012781,0,0,0,0.00,1641332.83,2364462.58,0
HH012782,0,0,0,0.00,4865922.31,5563473.43,0
HH012783,1,0,1,5097055.08,5171204.11,74149.03,6
HH012784,0,0,0,0.00,2460367.03,2653793.62,0
HH012785,0,0,0,0.00,9063807.05,10508775.27,0
HH012786,0,0,0,0.00,1412580.32,1657882.33,0
HH012787,0,0,0,0.00,6938453.67,7831703.57,0
HH012788,0,0,0,0.00,2683375.15,4228023.11,0
HH012789,0,1,1,1268246.60,2777378.31,1622238.15,0
HH012790,0,0,0,0.00,6107520.93,6611268.03,0
HH012791,1,0,1,1849378.20,1890419.81,41041.61,3
HH012792,0,1,1,2044370.67,9339623.07,7524020.45,0
HH012793,0,0,0,0.00,12558899.59,12616227.99,0
HH012794,0,0,0,0.00,11949296.77,14671288.15,0
HH012795,0,0,0,0.00,5207392.80,5278489.45,0
HH012796,0,0,0,0.00,1955647.31,1877464.62,0
HH012797,0,0,0,0.00,3377988.71,3196838.86,0
HH012798,0,0,0,0.00,6942877.21,6331536.07,0
HH012799,0,1,1,396015.14,1545764.48,1014484.06,0
HH012800,0,0,0,0.00,4316386.60,4058268.28,0
HH012801,0,0,0,0.00,1734825.89,1889250.82,0
HH012802,0,0,0,0.00,22369332.35,25594589.51,0
HH012803,0,0,0,0.00,1312700.52,1046443.25,0
HH012804,0,1,1,6127538.29,13214692.34,8119209.46,0
HH012805,0,0,0,0.00,30570011.71,37193147.41,0
HH012806,0,0,0,0.00,16282758.99,16569213.55,0
HH012807,0,0,0,0.00,24503923.51,26007722.73,0
HH012808,0,0,0,0.00,10416890.81,9024063.49,0
HH012809,0,0,0,0.00,2300815.19,2754853.87,0
HH012810,0,0,0,0.00,3041130.37,2867386.61,0
HH012811,0,0,0,0.00,84091902.39,88192097.27,0
HH012812,0,1,1,3564089.92,12241840.77,5457172.70,0
HH012813,0,0,0,0.00,10081481.83,10292591.34,0
HH012814,0,0,0,0.00,25469506.35,28064026.51,0
HH012815,0,0,0,0.00,4236953.62,5287364.76,0
HH012816,0,0,0,0.00,3910568.31,3627687.45,0
HH012817,0,0,0,0.00,4098660.67,3673570.61,0
HH012818,0,0,0,0.00,5770070.40,5963423.49,0
HH012819,0,0,0,0.00,1668944.24,1645841.94,0
HH012820,0,0,0,0.00,1222056.73,1229680.83,0
HH012821,0,0,0,0.00,8651376.09,9410045.41,0
HH012822,0,0,0,0.00,25154750.93,31462675.17,0
HH012823,0,0,0,0.00,2140719.88,2121819.16,0
HH012824,0,0,0,0.00,2101198.32,2483658.02,0
HH012825,0,0,0,0.00,4616823.12,4964995.49,0
HH012826,0,1,1,938107.88,4217599.15,3077635.02,0
HH012827,0,0,0,0.00,9766519.45,13123798.52,0
HH012828,0,0,0,0.00,3921515.40,4308748.76,0
HH012829,0,1,1,1176007.46,2486574.12,1444784.21,0
HH012830,0,0,0,0.00,45564040.81,55884750.04,0
HH012831,0,1,1,486508.98,1208881.50,807024.16,0
HH012832,0,1,1,27310464.76,46120931.50,21116435.96,0
HH012833,0,0,0,0.00,3281088.08,2911379.96,0
HH012834,0,0,0,0.00,3439717.72,4075964.48,0
HH012835,1,0,1,3119891.66,3160335.78,40444.12,4
HH012836,0,0,0,0.00,2850817.72,2842336.14,0
HH012837,0,0,0,0.00,2101305.86,2524582.78,0
HH012838,0,1,1,13569393.94,22772962.59,10612926.42,0
HH012839,0,0,0,0.00,5912254.47,4331909.16,0
HH012840,0,0,0,0.00,18770201.27,18895205.87,0
HH012841,0,0,0,0.00,2237799.22,2455739.91,0
HH012842,1,0,1,4286175.91,4352582.32,66406.41,5
HH012843,0,0,0,0.00,19025485.56,21618884.75,0
HH012844,0,0,0,0.00,1349615.90,1163012.46,0
HH012845,0,0,0,0.00,1624744.77,1704284.93,0
HH012846,0,0,0,0.00,1907546.20,1944882.76,0
HH012847,0,0,0,0.00,5317596.40,2901837.75,0
HH012848,0,0,0,0.00,11353485.03,12730237.14,0
HH012849,0,0,0,0.00,1989160.85,2007443.61,0
HH012850,1,0,1,83036257.54,83328416.04,292158.50,2
HH012851,0,0,0,0.00,6560103.83,6623550.04,0
HH012852,0,0,0,0.00,7532787.30,8424768.94,0
HH012853,0,0,0,0.00,3350224.88,2741975.03,0
HH012854,0,0,0,0.00,5904772.07,6076486.01,0
HH012855,0,0,0,0.00,7886922.80,9041577.38,0
HH012856,0,1,1,2079446.87,8202454.32,6502104.93,0
HH012857,0,0,0,0.00,1389549.01,1401915.23,0
HH012858,0,1,1,836447.12,1630044.37,635342.92,0
HH012859,0,0,0,0.00,21699344.27,22785195.26,0
HH012860,0,0,0,0.00,5230735.22,4761903.31,0
HH012861,0,0,0,0.00,4274498.49,4800499.59,0
HH012862,0,0,0,0.00,43077500.67,54726590.99,0
HH012863,0,1,1,1501073.08,5786127.11,4460022.68,0
HH012864,0,0,0,0.00,1860923.44,1959469.79,0
HH012865,0,0,0,0.00,3864012.67,4124684.98,0
HH012866,0,0,0,0.00,2742380.16,2783371.65,0
HH012867,0,0,0,0.00,7825092.34,8910906.98,0
HH012868,0,1,1,1285826.34,5225790.45,4448927.55,0
HH012869,1,0,1,13859989.72,14174732.44,314742.72,5
HH012870,0,0,0,0.00,6238198.46,7071536.31,0
HH012871,0,0,0,0.00,8664281.02,9265349.90,0
HH012872,0,0,0,0.00,4594644.26,4454855.54,0
HH012873,0,0,0,0.00,13503415.10,15406795.00,0
HH012874,0,0,0,0.00,1294245.41,1453321.68,0
HH012875,0,0,0,0.00,7829971.96,8156300.20,0
HH012876,0,0,0,0.00,10707629.39,11127418.64,0
HH012877,0,0,0,0.00,6830464.07,4783830.02,0
HH012878,0,0,0,0.00,12142233.69,14452151.55,0
HH012879,0,0,0,0.00,4826322.37,3760940.99,0
HH012880,0,0,0,0.00,16650423.46,17279824.00,0
HH012881,0,0,0,0.00,10720665.86,11705897.32,0
HH012882,0,0,0,0.00,2921939.65,2815226.31,0
HH012883,0,0,0,0.00,15612700.57,15551209.36,0
HH012884,0,1,1,3128484.51,9985769.86,7600168.45,0
HH012885,0,0,0,0.00,23237274.93,27914344.25,0
HH012886,0,1,1,1524107.81,2985505.06,1437962.50,0
HH012887,1,0,1,1229721.23,1265139.07,35417.84,6
HH012888,1,0,1,6992911.75,7149434.18,156522.43,5
HH012889,0,0,0,0.00,10308519.20,11289799.34,0
HH012890,0,1,1,316320.97,1299473.72,1179815.51,0
HH012891,0,0,0,0.00,3317218.52,3230484.83,0
HH012892,0,0,0,0.00,4457287.61,4868545.89,0
HH012893,0,0,0,0.00,4020342.10,1849139.64,0
HH012894,0,0,0,0.00,2863639.72,3128917.65,0
HH012895,0,0,0,0.00,13161764.58,15725543.07,0
HH012896,0,0,0,0.00,7196230.27,5598810.50,0
HH012897,0,0,0,0.00,22835169.66,24856721.67,0
HH012898,0,0,0,0.00,28493179.39,30376328.84,0
HH012899,0,0,0,0.00,61821506.94,64112241.13,0
HH012900,0,0,0,0.00,2985428.24,2821599.97,0
HH012901,0,1,1,22085926.19,51481011.68,35573914.21,0
HH012902,0,0,0,0.00,1633191.48,1623090.01,0
HH012903,1,0,1,55357638.82,56194123.97,836485.15,3
HH012904,0,0,0,0.00,1652284.99,1445714.83,0
HH012905,0,1,1,949108.78,1654652.85,772014.64,0
HH012906,0,0,0,0.00,1963634.26,3159476.22,0
HH012907,0,0,0,0.00,5614221.94,7120299.63,0
HH012908,0,0,0,0.00,13751750.19,16022302.99,0
HH012909,1,0,1,13331464.20,13679612.77,348148.57,4
HH012910,0,0,0,0.00,6447833.95,5543395.39,0
HH012911,0,0,0,0.00,11048480.59,12275384.94,0
HH012912,0,0,0,0.00,10550852.61,10921227.47,0
HH012913,0,0,0,0.00,1170257.22,748335.37,0
HH012914,0,0,0,0.00,1756518.35,2143912.72,0
HH012915,0,1,1,5775955.06,26849257.45,21360178.11,0
HH012916,0,0,0,0.00,4033425.92,4654531.99,0
HH012917,0,0,0,0.00,4543537.15,4833855.23,0
HH012918,0,0,0,0.00,1095747.70,1394176.90,0
HH012919,0,0,0,0.00,11366713.69,12764579.61,0
HH012920,0,0,0,0.00,62574801.87,69379829.05,0
HH012921,0,0,0,0.00,2230542.96,2287160.14,0
HH012922,0,0,0,0.00,1187311.43,1358866.17,0
HH012923,0,0,0,0.00,16666533.27,18133051.72,0
HH012924,0,0,0,0.00,4281302.79,5364547.06,0
HH012925,0,0,0,0.00,7323610.69,7934143.97,0
HH012926,0,0,0,0.00,3340811.76,3801455.21,0
HH012927,0,0,0,0.00,4548241.99,5254419.29,0
HH012928,0,0,0,0.00,1178350.31,1220509.33,0
HH012929,0,0,0,0.00,17074090.30,18001932.60,0
HH012930,0,0,0,0.00,12372575.85,13847743.78,0
HH012931,0,0,0,0.00,3652450.82,2989481.44,0
HH012932,0,0,0,0.00,12301742.95,12860097.85,0
HH012933,0,0,0,0.00,3027952.70,3038454.57,0
HH012934,0,0,0,0.00,9171789.68,8196257.73,0
HH012935,0,0,0,0.00,1235579.91,1285851.06,0
HH012936,0,0,0,0.00,3722114.13,4068786.29,0
HH012937,0,0,0,0.00,13782653.80,14382275.26,0
HH012938,0,0,0,0.00,18235798.16,18445144.44,0
HH012939,0,0,0,0.00,4666035.41,5085580.27,0
HH012940,0,0,0,0.00,2950406.36,2312629.87,0
HH012941,0,0,0,0.00,2394748.55,2598166.84,0
HH012942,0,0,0,0.00,6030826.87,6951829.78,0
HH012943,0,0,0,0.00,24271398.45,23604872.71,0
HH012944,0,0,0,0.00,2903833.52,3324842.32,0
HH012945,0,0,0,0.00,2403335.61,2385055.42,0
HH012946,0,0,0,0.00,4202086.95,4241546.20,0
HH012947,1,0,1,3653507.72,3677006.73,23499.01,2
HH012948,0,0,0,0.00,1663097.40,2189054.05,0
HH012949,0,0,0,0.00,6488697.70,6590747.85,0
HH012950,1,0,1,9616118.00,9886868.47,270750.47,5
HH012951,0,0,0,0.00,6691299.96,6473867.41,0
HH012952,0,0,0,0.00,1027452.37,1010480.29,0
HH012953,0,0,0,0.00,1462820.20,1393332.83,0
HH012954,0,0,0,0.00,5129226.80,6548041.87,0
HH012955,0,0,0,0.00,1709939.76,2073222.08,0
HH012956,0,0,0,0.00,18699141.36,21140937.73,0
HH012957,0,0,0,0.00,14621905.16,15203432.02,0
HH012958,0,0,0,0.00,2045902.19,2021745.04,0
HH012959,0,0,0,0.00,10711428.51,11371914.43,0
HH012960,0,0,0,0.00,1265723.75,1186513.55,0
HH012961,0,0,0,0.00,8102395.17,5814556.51,0
HH012962,0,0,0,0.00,38150259.12,50410039.83,0
HH012963,0,0,0,0.00,20770254.35,20625042.16,0
HH012964,0,0,0,0.00,6518932.85,6876327.47,0
HH012965,0,0,0,0.00,4902274.66,3229098.98,0
HH012966,0,0,0,0.00,1703128.21,1815067.54,0
HH012967,0,0,0,0.00,1681882.60,1881825.15,0
HH012968,0,0,0,0.00,14587861.29,17572640.35,0
HH012969,1,0,1,14850288.70,15070202.50,219913.80,5
HH012970,0,1,1,4691025.26,8122847.49,3220834.58,0
HH012971,0,0,0,0.00,1402628.37,1498002.27,0
HH012972,0,0,0,0.00,13225413.62,13361774.93,0
HH012973,1,0,1,9849732.79,10026715.11,176982.32,5
HH012974,0,0,0,0.00,5837387.86,5991628.75,0
HH012975,0,0,0,0.00,7880625.02,7796521.67,0
HH012976,0,0,0,0.00,1188992.68,1261413.23,0
HH012977,0,1,1,5628051.59,12093011.29,5937693.72,0
HH012978,0,0,0,0.00,3899954.59,4481592.66,0
HH012979,0,0,0,0.00,6707939.73,6951628.53,0
HH012980,0,0,0,0.00,4091933.21,3662678.68,0
HH012981,0,0,0,0.00,191991182.54,189107713.64,0
HH012982,0,0,0,0.00,64320449.88,73858889.21,0
HH012983,0,0,0,0.00,188756437.35,222123692.81,0
HH012984,0,0,0,0.00,30001899.43,32542527.41,0
HH012985,0,0,0,0.00,2618004.29,2962271.11,0
HH012986,0,1,1,478007.97,1231745.49,812536.12,0
HH012987,0,0,0,0.00,11478755.77,11332275.36,0
HH012988,0,0,0,0.00,15567084.55,17516557.98,0
HH012989,0,0,0,0.00,18727737.53,17391737.34,0
HH012990,0,0,0,0.00,4799883.80,4583342.30,0
HH012991,0,0,0,0.00,3324677.83,3482831.08,0
HH012992,0,0,0,0.00,1025979.93,1197444.48,0
HH012993,0,0,0,0.00,4519712.54,3179430.63,0
HH012994,0,0,0,0.00,2340749.71,1438973.70,0
HH012995,0,0,0,0.00,2002374.55,3119380.62,0
HH012996,0,0,0,0.00,4958079.48,5141164.70,0
HH012997,0,0,0,0.00,1742118.35,1982361.21,0
HH012998,0,0,0,0.00,11077242.76,13948922.69,0
HH012999,0,0,0,0.00,7650403.34,10743667.51,0
HH013000,0,0,0,0.00,2524615.08,2947064.16,0
HH013001,0,1,1,4897206.59,8525322.34,4646780.07,0
HH013002,0,0,0,0.00,5573603.23,6184097.49,0
HH013003,0,0,0,0.00,9819570.63,13816855.34,0
HH013004,,,,,22903590.12,24527330.51,0
HH013005,0,0,0,0.00,5344124.06,5417452.33,0
HH013006,1,0,1,1909870.68,1921819.23,11948.55,6
HH013007,0,0,0,0.00,1796081.48,1427595.33,0
HH013008,0,0,0,0.00,1616988.33,1684087.33,0
HH013009,0,0,0,0.00,2800917.02,2759932.67,0
HH013010,0,0,0,0.00,3860741.42,4972465.96,0
HH013011,0,0,0,0.00,4432063.49,4812343.77,0
HH013012,0,0,0,0.00,3139076.89,3028747.70,0
HH013013,0,0,0,0.00,28147129.32,33312839.25,0
HH013014,0,0,0,0.00,3003861.44,3242117.24,0
HH013015,0,0,0,0.00,9744967.75,9341667.73,0
HH013016,0,0,0,0.00,21543784.41,22005703.24,0
HH013017,0,0,0,0.00,20903813.37,24757307.47,0
HH013018,0,0,0,0.00,1680547.39,2255756.94,0
HH013019,0,0,0,0.00,5214417.74,5714865.20,0
HH013020,0,0,0,0.00,5868502.25,6033179.46,0
HH013021,0,1,1,759085.08,1478443.76,879563.48,0
HH013022,0,0,0,0.00,6199741.88,8007996.55,0
HH013023,0,0,0,0.00,12092523.94,13119227.57,0
HH013024,0,0,0,0.00,14160367.72,14591153.52,0
HH013025,0,0,0,0.00,3188580.65,3180261.99,0
HH013026,1,0,1,14024344.36,14392902.46,368558.10,1
HH013027,0,0,0,0.00,8076613.99,6544764.58,0
HH013028,0,0,0,0.00,13628191.76,15723911.35,0
HH013029,0,0,0,0.00,1954483.47,1900548.14,0
HH013030,0,0,0,0.00,6505490.41,5304098.82,0
HH013031,0,1,1,512963.44,1258385.97,736983.35,0
HH013032,0,0,0,0.00,3726097.86,4117151.42,0
HH013033,0,0,0,0.00,1651382.88,2029697.38,0
HH013034,0,0,0,0.00,39201411.36,39772919.97,0
HH013035,0,0,0,0.00,15584976.54,16553749.34,0
HH013036,0,0,0,0.00,1595393.46,1687116.14,0
HH013037,0,0,0,0.00,5072866.96,4889613.42,0
HH013038,0,0,0,0.00,13611732.46,16526967.90,0
HH013039,,,,,17532787.30,18171488.04,0
HH013040,0,0,0,0.00,8861562.41,12489229.43,0
HH013041,0,0,0,0.00,18678274.20,19035011.20,0
HH013042,0,0,0,0.00,2001049.03,2271165.31,0
HH013043,1,0,1,11783626.50,11786638.56,3012.06,2
HH013044,0,0,0,0.00,6513904.15,4884292.39,0
HH013045,0,0,0,0.00,2175877.67,2462403.68,0
HH013046,1,0,1,19810186.98,19901846.22,91659.24,5
HH013047,0,0,0,0.00,33538879.67,34694642.90,0
HH013048,1,0,1,6094423.03,6257961.55,163538.52,5
HH013049,0,0,0,0.00,4841623.26,5366515.98,0
HH013050,0,0,0,0.00,19043663.21,19759090.45,0
HH013051,0,0,0,0.00,2442910.02,2607107.93,0
HH013052,0,0,0,0.00,1491331.70,1490335.87,0
HH013053,0,1,1,1066671.41,2764515.92,2159467.70,0
HH013054,0,0,0,0.00,5993217.59,5114585.27,0
HH013055,0,0,0,0.00,3440151.09,3897184.96,0
HH013056,0,0,0,0.00,8146377.29,7765869.67,0
HH013057,0,0,0,0.00,6471338.53,7748878.98,0
HH013058,0,0,0,0.00,1393153.31,1133082.72,0
HH013059,0,1,1,2751967.29,9792699.43,7254311.11,0
HH013060,0,0,0,0.00,3777176.09,4245835.70,0
HH013061,0,0,0,0.00,19009943.47,20112004.77,0
HH013062,0,1,1,243904.03,1003076.53,906434.10,0
HH013063,0,0,0,0.00,41689094.51,40944986.76,0
HH013064,0,0,0,0.00,1013158.13,985317.19,0
HH013065,0,1,1,16249305.63,26804519.61,11683581.86,0
HH013066,0,0,0,0.00,1304785.62,1111891.82,0
HH013067,0,0,0,0.00,7171454.61,7477304.03,0
HH013068,0,0,0,0.00,5036868.27,5714524.36,0
HH013069,0,0,0,0.00,6777068.20,7001275.27,0
HH013070,0,0,0,0.00,1316329.82,1047294.60,0
HH013071,1,0,1,4434886.19,4438047.40,3161.21,3
HH013072,0,0,0,0.00,80123453.65,93555352.91,0
HH013073,0,0,0,0.00,1656487.33,1940665.66,0
HH013074,0,0,0,0.00,4179106.36,4449573.46,0
HH013075,0,0,0,0.00,14876078.28,18295581.23,0
HH013076,0,0,0,0.00,1786845.12,1733757.57,0
HH013077,0,0,0,0.00,14660635.35,13578727.72,0
HH013078,0,0,0,0.00,62150027.43,85074234.11,0
HH013079,0,0,0,0.00,2192423.32,1983277.16,0
HH013080,0,0,0,0.00,1261037.64,1421856.49,0
HH013081,0,1,1,8467541.50,22741712.37,16957550.92,0
HH013082,0,0,0,0.00,1290536.40,1244950.51,0
HH013083,0,0,0,0.00,5242584.56,4328187.23,0
HH013084,0,0,0,0.00,45198917.58,47723025.05,0
HH013085,0,0,0,0.00,6609713.45,7514273.48,0
HH013086,0,0,0,0.00,1637712.82,2498464.32,0
HH013087,0,1,1,5415301.33,11733922.59,5948712.89,0
HH013088,0,0,0,0.00,5420611.44,5964561.98,0
HH013089,0,0,0,0.00,32348700.19,33423138.34,0
HH013090,1,0,1,265181293.95,270441106.36,5259812.41,5
HH013091,0,0,0,0.00,5545067.84,6155475.84,0
HH013092,0,1,1,3738557.62,10102234.61,7272561.99,0
HH013093,0,0,0,0.00,11106500.99,11481319.50,0
HH013094,0,1,1,7208258.03,25241590.44,19164402.55,0
HH013095,0,0,0,0.00,2677466.60,3402519.59,0
HH013096,0,0,0,0.00,2342832.93,2180275.90,0
HH013097,0,0,0,0.00,2010272.55,2171204.34,0
HH013098,0,0,0,0.00,6251066.25,7306481.46,0
HH013099,0,0,0,0.00,65748528.71,70538078.41,0
HH013100,0,0,0,0.00,17046955.26,16795783.40,0
HH013101,0,0,0,0.00,1445647.28,1285577.26,0
HH013102,0,0,0,0.00,1853243.90,1361193.42,0
HH013103,0,0,0,0.00,2740778.67,3093621.92,0
HH013104,0,0,0,0.00,14169083.21,14870756.38,0
HH013105,0,0,0,0.00,14834474.15,17750383.66,0
HH013106,0,0,0,0.00,3065814.65,3206933.02,0
HH013107,0,0,0,0.00,2448658.47,2772368.51,0
HH013108,0,0,0,0.00,11120372.29,13185515.04,0
HH013109,1,0,1,3669713.02,3704601.44,34888.42,5
HH013110,0,0,0,0.00,1000062.50,1032933.99,0
HH013111,0,0,0,0.00,4588769.98,4336736.02,0
HH013112,0,0,0,0.00,15829530.59,18656813.67,0
HH013113,0,0,0,0.00,1915968.90,1506185.57,0
HH013114,0,0,0,0.00,3205931.01,3205956.22,0
HH013115,0,0,0,0.00,15857570.63,16586731.18,0
HH013116,0,0,0,0.00,1603296.51,1267508.19,0
HH013117,0,0,0,0.00,1206375.77,1954958.02,0
HH013118,0,1,1,790352.30,1616507.87,824307.79,0
HH013119,0,0,0,0.00,9969944.65,9927635.74,0
HH013120,0,0,0,0.00,11424907.59,12949392.44,0
HH013121,0,0,0,0.00,1644685.67,1777161.86,0
HH013122,0,0,0,0.00,3170781.85,3478006.29,0
HH013123,1,0,1,4367161.37,4414935.59,47774.22,6
HH013124,0,0,0,0.00,3180398.93,3416271.94,0
HH013125,0,0,0,0.00,5932422.63,6893408.37,0
HH013126,0,0,0,0.00,1848650.04,2131796.53,0
HH013127,0,0,0,0.00,11671005.04,11940898.65,0
HH013128,0,0,0,0.00,2684444.03,2671988.76,0
HH013129,0,0,0,0.00,2301965.30,2453591.54,0
HH013130,0,0,0,0.00,13195448.92,13585065.21,0
HH013131,1,0,1,11278715.79,11416632.06,137916.27,2
HH013132,0,0,0,0.00,3660073.17,3638790.39,0
HH013133,0,0,0,0.00,10154056.28,10214303.55,0
HH013134,0,0,0,0.00,8600350.40,9588175.89,0
HH013135,0,0,0,0.00,2767651.23,3151845.22,0
HH013136,0,0,0,0.00,2036522.26,1988155.56,0
HH013137,0,1,1,256771.11,1123194.67,577816.70,0
HH013138,0,0,0,0.00,1407992.58,1538729.64,0
HH013139,0,0,0,0.00,1287968.57,1768843.13,0
HH013140,0,0,0,0.00,10065488.44,10051804.71,0
HH013141,0,0,0,0.00,15175500.14,21271854.34,0
HH013142,0,1,1,45164907.70,85483122.53,43576090.18,0
HH013143,0,0,0,0.00,12232941.49,14344189.09,0
HH013144,0,0,0,0.00,1230456.26,1288318.37,0
HH013145,0,0,0,0.00,6011006.14,6012889.73,0
HH013146,0,0,0,0.00,5219045.76,5849349.41,0
HH013147,0,0,0,0.00,4615644.44,4955268.92,0
HH013148,0,0,0,0.00,28551665.29,34338247.34,0
HH013149,0,0,0,0.00,6161416.80,7438891.06,0
HH013150,0,1,1,7677707.26,16161090.37,9457343.73,0
HH013151,0,0,0,0.00,4783521.91,5571749.66,0
HH013152,1,0,1,5928910.02,6052589.05,123679.03,3
HH013153,0,1,1,10596259.05,24052103.45,16950791.82,0
HH013154,0,0,0,0.00,1112296.76,1171051.88,0
HH013155,0,0,0,0.00,110696980.33,127096298.47,0
HH013156,0,0,0,0.00,11547179.39,12423334.71,0
HH013157,0,0,0,0.00,5460070.64,7028590.05,0
HH013158,1,0,1,2687649.02,2724794.06,37145.04,4
HH013159,0,0,0,0.00,14352213.59,25859056.46,0
HH013160,0,0,0,0.00,15200061.32,14962323.45,0
HH013161,1,0,1,2104857.29,2154578.89,49721.60,2
HH013162,0,0,0,0.00,3671629.88,3708669.03,0
HH013163,0,0,0,0.00,4898545.00,5484725.21,0
HH013164,1,0,1,5998474.32,6091883.15,93408.83,4
HH013165,0,0,0,0.00,6137738.16,6431029.02,0
HH013166,0,0,0,0.00,4114184.43,5657634.67,0
HH013167,0,0,0,0.00,1531744.52,1598073.38,0
HH013168,0,0,0,0.00,1494268.31,1697668.89,0
HH013169,0,0,0,0.00,3732289.38,4275756.03,0
HH013170,0,0,0,0.00,13742657.02,15198963.17,0
HH013171,0,0,0,0.00,2984677.18,2436664.30,0
HH013172,,,,,4630215.56,4286594.71,0
HH013173,0,0,0,0.00,8220978.96,8882708.81,0
HH013174,0,0,0,0.00,1530745.06,1785109.84,0
HH013175,0,1,1,1618840.19,4911900.81,3970902.50,0
HH013176,0,0,0,0.00,6287697.69,7569958.96,0
HH013177,0,1,1,16941950.51,33790841.35,18015896.03,0
HH013178,0,0,0,0.00,17157692.74,17323928.52,0
HH013179,0,0,0,0.00,1035158.54,1354220.91,0
HH013180,0,0,0,0.00,1500543.26,1645686.30,0
HH013181,0,0,0,0.00,15966922.61,17675136.84,0
HH013182,0,0,0,0.00,7072594.81,7467830.50,0
HH013183,0,1,1,1309666.01,3791976.85,2843348.88,0
HH013184,0,0,0,0.00,3297723.74,3586756.58,0
HH013185,0,0,0,0.00,9287634.34,9400469.31,0
HH013186,0,0,0,0.00,15138799.55,15271640.29,0
HH013187,0,0,0,0.00,6915322.61,6562518.45,0
HH013188,0,0,0,0.00,1063304.91,1175461.11,0
HH013189,0,0,0,0.00,8643014.42,8547667.20,0
HH013190,0,0,0,0.00,5429786.71,5508003.98,0
HH013191,0,1,1,1996490.55,4960949.55,4178013.23,0
HH013192,0,0,0,0.00,2325255.77,2109451.27,0
HH013193,0,0,0,0.00,4455333.16,4932403.26,0
HH013194,0,0,0,0.00,1057389.70,1166750.64,0
HH013195,0,0,0,0.00,3794159.96,3845481.28,0
HH013196,0,0,0,0.00,4116340.65,4187149.04,0
HH013197,0,0,0,0.00,26751561.65,30357049.80,0
HH013198,0,1,1,2637627.79,4505763.48,2126981.43,0
HH013199,0,1,1,1928671.29,5981749.55,3966287.42,0
HH013200,0,0,0,0.00,6634600.09,7557144.87,0
HH013201,0,0,0,0.00,13752203.60,16080218.74,0
HH013202,0,0,0,0.00,1378258.86,1306681.56,0
HH013203,0,0,0,0.00,8756177.09,9895088.59,0
HH013204,0,0,0,0.00,3516563.31,3784965.96,0
HH013205,1,0,1,8347149.60,8392121.10,44971.50,2
HH013206,0,0,0,0.00,1269340.96,1371672.35,0
HH013207,0,0,0,0.00,2493494.54,3106689.10,0
HH013208,0,0,0,0.00,21295612.78,23796621.18,0
HH013209,0,0,0,0.00,1969325.41,2100855.59,0
HH013210,0,0,0,0.00,3196605.53,3869917.27,0
HH013211,1,0,1,12730349.84,12950041.48,219691.64,1
HH013212,0,0,0,0.00,2717538.78,2814300.50,0
HH013213,0,1,1,970996.86,1889047.27,1039522.93,0
HH013214,0,0,0,0.00,41840002.89,44307383.14,0
HH013215,0,0,0,0.00,14037954.72,14794072.82,0
HH013216,0,0,0,0.00,1866935.53,1999545.47,0
HH013217,0,1,1,362563.99,1515939.29,1082821.51,0
HH013218,0,0,0,0.00,17531656.74,24055776.52,0
HH013219,0,0,0,0.00,44223047.73,43848003.31,0
HH013220,0,0,0,0.00,10271330.77,9765181.48,0
HH013221,0,1,1,986809.57,2592121.38,1661942.40,0
HH013222,0,0,0,0.00,4881840.50,5494342.72,0
HH013223,0,0,0,0.00,3964205.59,4183762.36,0
HH013224,0,0,0,0.00,3457215.74,3329898.72,0
HH013225,0,0,0,0.00,4576710.90,4280723.11,0
HH013226,0,1,1,2380648.72,9005292.41,7209943.72,0
HH013227,0,1,1,815677.04,1438806.74,648807.19,0
HH013228,0,0,0,0.00,2023681.77,2180547.50,0
HH013229,0,1,1,2590618.69,6714768.97,4285107.05,0
HH013230,0,0,0,0.00,3306682.89,3758702.22,0
HH013231,1,0,1,4087096.31,4136192.83,49096.52,4
HH013232,0,0,0,0.00,4370849.76,3994593.70,0
HH013233,0,0,0,0.00,1491225.27,963537.50,0
HH013234,1,0,1,4217171.18,4291352.83,74181.65,3
HH013235,0,0,0,0.00,1700452.54,1837102.78,0
HH013236,0,0,0,0.00,3689481.41,4196852.50,0
HH013237,0,0,0,0.00,5074600.86,5813982.27,0
HH013238,0,0,0,0.00,1965550.38,2044311.09,0
HH013239,0,0,0,0.00,3297175.62,3739924.39,0
HH013240,1,0,1,7594750.43,7717037.28,122286.85,6
HH013241,0,0,0,0.00,15894850.36,16904994.24,0
HH013242,0,0,0,0.00,7647740.02,8094111.79,0
HH013243,0,0,0,0.00,7544674.06,7271735.49,0
HH013244,0,1,1,2954003.67,6631766.93,4086006.06,0
HH013245,0,1,1,1052535.25,1993626.10,977698.09,0
HH013246,,,,,1078726.45,1152821.88,0
HH013247,0,0,0,0.00,16301782.15,18667506.87,0
HH013248,1,0,1,3324280.24,3388531.90,64251.66,6
HH013249,0,0,0,0.00,5906805.41,12851085.37,0
HH013250,0,0,0,0.00,202066361.31,238134717.40,0
HH013251,0,0,0,0.00,4335955.84,4550507.49,0
HH013252,1,0,1,26500161.43,26523613.23,23451.80,6
HH013253,,,,,6590998.56,7172294.99,0
HH013254,0,0,0,0.00,9880223.36,11818609.94,0
HH013255,,,,,12043877.65,11295779.09,0
HH013256,0,0,0,0.00,7278632.78,7096960.73,0
HH013257,0,0,0,0.00,4620478.51,3607718.30,0
HH013258,0,0,0,0.00,2792890.67,3086163.27,0
HH013259,0,0,0,0.00,6021646.63,7057618.89,0
HH013260,0,0,0,0.00,4360213.25,4957875.75,0
HH013261,0,0,0,0.00,11232752.02,10362708.98,0
HH013262,0,0,0,0.00,83078476.24,74147568.38,0
HH013263,0,0,0,0.00,3970895.58,3807296.47,0
HH013264,0,0,0,0.00,1447961.12,1823334.03,0
HH013265,0,0,0,0.00,12364035.28,13792047.69,0
HH013266,0,0,0,0.00,6589696.33,5688295.96,0
HH013267,0,1,1,608636.33,1647568.20,1115654.94,0
HH013268,1,0,1,23487130.80,23769940.09,282809.29,4
HH013269,0,1,1,831362.36,2917529.42,1952382.87,0
HH013270,0,1,1,1790563.57,3819186.85,2000318.90,0
HH013271,0,0,0,0.00,5956105.58,6359504.63,0
HH013272,0,0,0,0.00,11459293.52,13457652.20,0
HH013273,0,0,0,0.00,2991672.13,3273612.76,0
HH013274,0,0,0,0.00,10913688.96,12214364.12,0
HH013275,0,0,0,0.00,1002878.15,1121590.25,0
HH013276,0,1,1,5102047.32,20700628.13,18295214.51,0
HH013277,0,0,0,0.00,5501416.30,5403114.64,0
HH013278,0,0,0,0.00,2720099.05,2871714.44,0
HH013279,0,0,0,0.00,1132512.73,947389.74,0
HH013280,0,0,0,0.00,13472567.62,14588501.18,0
HH013281,0,0,0,0.00,3262854.84,3742746.79,0
HH013282,0,0,0,0.00,1108057.64,1239689.99,0
HH013283,0,1,1,747682.95,1364176.82,586588.06,0
HH013284,0,1,1,60312939.63,104394860.46,48873481.99,0
HH013285,0,0,0,0.00,5608628.48,5922383.60,0
HH013286,0,0,0,0.00,21743543.20,28009946.67,0
HH013287,0,0,0,0.00,2151389.87,2566967.81,0
HH013288,0,0,0,0.00,18715695.09,19703118.86,0
HH013289,0,0,0,0.00,10629199.25,11688232.65,0
HH013290,0,0,0,0.00,1881081.82,2169654.73,0
HH013291,0,1,1,541040.57,2578629.95,2053809.51,0
HH013292,0,0,0,0.00,28934266.91,32882357.96,0
HH013293,0,0,0,0.00,1721898.78,1577595.35,0
HH013294,0,0,0,0.00,1936521.23,2559503.96,0
HH013295,0,1,1,6040114.98,11422854.08,5909535.35,0
HH013296,0,0,0,0.00,1300613.98,1683448.10,0
HH013297,0,0,0,0.00,6858700.89,7489144.80,0
HH013298,0,0,0,0.00,1277798.88,1404464.71,0
HH013299,0,0,0,0.00,10074536.73,10069403.80,0
HH013300,0,0,0,0.00,4142419.75,3886451.91,0
HH013301,1,0,1,12715748.23,12889760.90,174012.67,2
HH013302,0,1,1,412439.32,1695381.87,1446660.31,0
HH013303,0,0,0,0.00,2397175.56,3359252.97,0
HH013304,1,0,1,6017473.22,6095898.47,78425.25,6
HH013305,0,0,0,0.00,12521446.18,11916012.45,0
HH013306,0,1,1,46420400.38,73848025.40,23385745.58,0
HH013307,0,0,0,0.00,1959611.80,2123789.65,0
HH013308,0,0,0,0.00,1899387.22,2263699.95,0
HH013309,0,0,0,0.00,2341816.52,2570237.13,0
HH013310,0,0,0,0.00,15148541.56,15944365.53,0
HH013311,0,0,0,0.00,11175656.46,11626406.34,0
HH013312,0,0,0,0.00,3834066.99,3939024.05,0
HH013313,0,0,0,0.00,4942670.86,5377902.72,0
HH013314,0,0,0,0.00,3658139.22,3759822.12,0
HH013315,0,0,0,0.00,1580933.50,1688092.28,0
HH013316,0,1,1,1463251.70,2472306.18,1027043.66,0
HH013317,0,0,0,0.00,1642228.42,1822544.37,0
HH013318,0,0,0,0.00,7426362.18,7814810.97,0
HH013319,1,0,1,2283382.20,2295879.24,12497.04,1
HH013320,0,1,1,1968714.07,5297099.24,3593395.79,0
HH013321,0,0,0,0.00,1690890.90,1657193.82,0
HH013322,0,0,0,0.00,5323486.82,5995406.10,0
HH013323,0,0,0,0.00,7046218.90,6873743.39,0
HH013324,0,0,0,0.00,10185079.86,12048323.43,0
HH013325,0,0,0,0.00,13180170.31,14610779.34,0
HH013326,0,0,0,0.00,1894100.49,1902985.87,0
HH013327,0,0,0,0.00,5989769.37,5416062.14,0
HH013328,0,0,0,0.00,7731939.37,8660255.37,0
HH013329,0,0,0,0.00,2408701.20,2372961.80,0
HH013330,0,0,0,0.00,11626257.60,12143890.03,0
HH013331,0,0,0,0.00,10099801.18,10646161.90,0
HH013332,0,0,0,0.00,9975056.50,11862873.82,0
HH013333,0,0,0,0.00,2253987.05,2258126.01,0
HH013334,0,0,0,0.00,1519048.77,1655792.09,0
HH013335,0,0,0,0.00,4214909.08,5090461.83,0
HH013336,0,0,0,0.00,3169634.38,3546163.79,0
HH013337,0,1,1,1553183.81,5031454.85,2669474.49,0
HH013338,1,0,1,11431982.06,11764958.51,332976.45,2
HH013339,0,0,0,0.00,3087248.66,3510768.12,0
HH013340,0,0,0,0.00,3247063.86,3430596.20,0
HH013341,0,0,0,0.00,14757402.55,15604276.73,0
HH013342,0,0,0,0.00,6430647.74,6737395.72,0
HH013343,0,0,0,0.00,5075655.48,3980351.75,0
HH013344,0,1,1,1109946.57,2614413.74,1016330.99,0
HH013345,1,0,1,6023725.23,6043501.48,19776.25,1
HH013346,0,0,0,0.00,2859869.49,2442274.22,0
HH013347,0,0,0,0.00,26393858.46,29565438.80,0
HH013348,0,0,0,0.00,5873655.15,5447972.44,0
HH013349,0,0,0,0.00,25596055.03,27282513.39,0
HH013350,0,0,0,0.00,1130103.09,1210466.91,0
HH013351,0,0,0,0.00,5558357.03,5670091.12,0
HH013352,0,0,0,0.00,113449481.05,97956941.05,0
HH013353,1,0,1,2415760.74,2489193.13,73432.39,4
HH013354,0,0,0,0.00,1395496.64,1572668.51,0
HH013355,0,0,0,0.00,5544958.12,5693311.11,0
HH013356,0,0,0,0.00,2126773.03,2064480.17,0
HH013357,0,0,0,0.00,4506824.35,4095259.66,0
HH013358,0,1,1,8127647.25,21765565.74,12417271.50,0
HH013359,0,0,0,0.00,60049688.15,69327477.92,0
HH013360,0,0,0,0.00,3457558.35,3549500.68,0
HH013361,0,0,0,0.00,3507984.15,4315688.02,0
HH013362,1,0,1,15670895.70,15840593.01,169697.31,3
HH013363,0,0,0,0.00,2327718.02,2168302.35,0
HH013364,0,0,0,0.00,2748930.45,3216781.42,0
HH013365,0,0,0,0.00,9412086.99,8820781.08,0
HH013366,0,0,0,0.00,9553979.39,8020763.73,0
HH013367,0,0,0,0.00,48590293.52,55112737.22,0
HH013368,0,0,0,0.00,11032931.29,12242055.40,0
HH013369,0,0,0,0.00,3164639.24,3817111.86,0
HH013370,0,0,0,0.00,3358888.43,2594590.75,0
HH013371,0,0,0,0.00,2462608.73,2841411.90,0
HH013372,0,0,0,0.00,8177449.12,9219011.95,0
HH013373,0,0,0,0.00,1499255.57,1698351.77,0
HH013374,0,0,0,0.00,5678883.01,6536256.04,0
HH013375,0,0,0,0.00,6335955.11,7770803.25,0
HH013376,0,0,0,0.00,7005667.10,7319920.22,0
HH013377,0,1,1,2326476.30,8441466.98,7961088.43,0
HH013378,0,0,0,0.00,3938412.53,4224755.78,0
HH013379,0,0,0,0.00,4316794.87,4867903.10,0
HH013380,0,0,0,0.00,14835023.35,15269733.71,0
HH013381,0,1,1,1689773.95,7828229.03,6236667.47,0
HH013382,0,0,0,0.00,2929132.16,3135273.22,0
HH013383,0,0,0,0.00,7285390.93,7581219.33,0
HH013384,0,0,0,0.00,4151517.31,4481874.90,0
HH013385,0,1,1,5995209.00,26736365.38,19210631.50,0
HH013386,0,0,0,0.00,15467272.70,15466885.15,0
HH013387,0,0,0,0.00,12471299.70,13851053.28,0
HH013388,0,0,0,0.00,1548677.54,2282246.68,0
HH013389,0,0,0,0.00,12101559.04,14117384.28,0
HH013390,0,0,0,0.00,6715066.78,6500233.63,0
HH013391,0,0,0,0.00,1779747.78,1624398.19,0
HH013392,0,0,0,0.00,2556229.88,2047615.34,0
HH013393,0,0,0,0.00,8256539.71,7700879.67,0
HH013394,0,0,0,0.00,3921068.36,4315298.68,0
HH013395,0,0,0,0.00,17443614.63,16833606.95,0
HH013396,0,0,0,0.00,9170141.37,10545425.23,0
HH013397,0,0,0,0.00,4817103.08,4874520.92,0
HH013398,0,1,1,1765237.42,3373857.58,1677163.37,0
HH013399,0,0,0,0.00,1292504.48,1357934.58,0
HH013400,0,0,0,0.00,4553286.91,5267486.99,0
HH013401,0,0,0,0.00,2513004.91,2879417.93,0
HH013402,0,0,0,0.00,2332485.18,2420133.43,0
HH013403,0,0,0,0.00,27467033.73,26164916.61,0
HH013404,0,0,0,0.00,79596371.24,77767254.88,0
HH013405,0,0,0,0.00,2239348.40,2146200.96,0
HH013406,0,0,0,0.00,12638905.61,16178275.22,0
HH013407,0,0,0,0.00,20191589.32,20813412.44,0
HH013408,0,0,0,0.00,2738266.88,2267316.04,0
HH013409,0,0,0,0.00,31142639.85,35631086.25,0
HH013410,0,1,1,1129304.92,3205646.67,2083501.09,0
HH013411,0,1,1,8800515.24,16783748.14,8469754.66,0
HH013412,0,0,0,0.00,3156455.66,3382460.92,0
HH013413,0,0,0,0.00,12938646.14,13223879.77,0
HH013414,0,0,0,0.00,5390746.09,5881495.75,0
HH013415,1,0,1,46733304.60,46880468.67,147164.07,4
HH013416,0,0,0,0.00,2635153.41,3282186.59,0
HH013417,1,0,1,14552313.46,14855350.28,303036.82,6
HH013418,0,0,0,0.00,3731931.97,3624545.18,0
HH013419,0,0,0,0.00,21507951.76,22798300.44,0
HH013420,0,0,0,0.00,10048700.79,9985707.32,0
HH013421,0,1,1,683348.09,2056934.17,1887636.86,0
HH013422,0,0,0,0.00,12576441.24,13345737.32,0
HH013423,0,0,0,0.00,7114719.25,6633162.08,0
HH013424,0,0,0,0.00,24786408.07,36308281.41,0
HH013425,0,0,0,0.00,3947607.84,4348612.79,0
HH013426,0,0,0,0.00,2863179.07,3514906.20,0
HH013427,0,0,0,0.00,1740913.97,1578452.20,0
HH013428,0,0,0,0.00,1895315.89,2297468.30,0
HH013429,0,0,0,0.00,4682826.16,5327598.60,0
HH013430,0,0,0,0.00,1086418.24,1193518.06,0
HH013431,0,0,0,0.00,146623415.04,167298681.98,0
HH013432,0,1,1,1189627.80,1955676.90,868933.82,0
HH013433,0,0,0,0.00,1780048.94,1591322.06,0
HH013434,0,0,0,0.00,4840303.30,4499770.99,0
HH013435,0,0,0,0.00,3148481.53,3203881.07,0
HH013436,0,0,0,0.00,3107788.84,2493997.57,0
HH013437,0,0,0,0.00,2990876.31,3062044.44,0
HH013438,0,0,0,0.00,2100383.79,2505443.33,0
HH013439,0,0,0,0.00,2786260.97,3369879.11,0
HH013440,1,0,1,5159334.08,5207565.92,48231.84,5
HH013441,0,0,0,0.00,8602182.79,9764844.42,0
HH013442,0,0,0,0.00,1215940.50,1346201.26,0
HH013443,0,0,0,0.00,3733199.13,3837859.09,0
HH013444,0,0,0,0.00,10925336.83,11153207.20,0
HH013445,0,0,0,0.00,1590200.18,1471972.30,0
HH013446,0,0,0,0.00,8322006.09,9510514.98,0
HH013447,0,0,0,0.00,37409806.98,43905047.92,0
HH013448,0,0,0,0.00,4862222.72,5970609.68,0
HH013449,0,0,0,0.00,1905004.94,2138491.96,0
HH013450,0,0,0,0.00,12997353.14,14620861.51,0
HH013451,0,0,0,0.00,7645793.59,8808615.28,0
HH013452,0,1,1,18532493.29,51428125.24,34331160.30,0
HH013453,0,0,0,0.00,4940865.88,5485935.59,0
HH013454,0,0,0,0.00,5499072.10,6393901.04,0
HH013455,0,0,0,0.00,1191234.00,1310410.71,0
HH013456,0,0,0,0.00,3788906.49,3315373.61,0
HH013457,0,0,0,0.00,1238277.45,1001916.90,0
HH013458,0,1,1,3175363.28,11993156.61,10578991.62,0
HH013459,0,0,0,0.00,3068236.08,2352418.25,0
HH013460,0,1,1,562849.32,1352087.07,707793.96,0
HH013461,0,0,0,0.00,2353796.82,1846401.66,0
HH013462,0,0,0,0.00,1316253.01,1535394.98,0
HH013463,,,,,55139542.03,60761421.15,0
HH013464,0,0,0,0.00,3239066.34,3566565.87,0
HH013465,0,0,0,0.00,15386417.11,19145263.47,0
HH013466,0,0,0,0.00,2649089.82,2326664.36,0
HH013467,0,0,0,0.00,30032482.65,35981115.63,0
HH013468,0,0,0,0.00,1661361.50,1850535.56,0
HH013469,0,0,0,0.00,6379585.43,7587241.01,0
HH013470,0,0,0,0.00,69701173.26,67955285.82,0
HH013471,0,1,1,2884792.25,10398966.86,8332028.41,0
HH013472,0,0,0,0.00,6971984.04,8057616.74,0
HH013473,0,0,0,0.00,6011378.51,6613148.65,0
HH013474,0,0,0,0.00,4496129.23,4797818.14,0
HH013475,1,0,1,17111274.73,17504100.25,392825.52,3
HH013476,0,0,0,0.00,5075972.63,5057474.20,0
HH013477,0,0,0,0.00,3306515.37,3860365.82,0
HH013478,0,0,0,0.00,4632626.14,5945017.62,0
HH013479,0,1,1,4295204.24,14326683.30,12263462.73,0
HH013480,0,0,0,0.00,7456789.36,6909072.69,0
HH013481,0,0,0,0.00,3176169.21,3462513.86,0
HH013482,0,0,0,0.00,2086859.46,2391887.18,0
HH013483,0,0,0,0.00,1042100.14,1124647.04,0
HH013484,0,0,0,0.00,3146701.99,3083037.51,0
HH013485,0,0,0,0.00,4608974.56,3503021.60,0
HH013486,0,1,1,2052641.81,3469155.05,1531832.74,0
HH013487,0,0,0,0.00,2050536.20,1972447.01,0
HH013488,0,0,0,0.00,14427630.15,15944860.80,0
HH013489,0,1,1,923472.30,3382331.67,1900979.91,0
HH013490,0,0,0,0.00,186828336.79,209178060.75,0
HH013491,0,0,0,0.00,20561543.43,22047008.30,0
HH013492,0,0,0,0.00,20338404.93,20166138.16,0
HH013493,0,0,0,0.00,5201328.31,5601067.73,0
HH013494,0,0,0,0.00,35638196.24,36062298.65,0
HH013495,0,0,0,0.00,17919423.45,20558986.53,0
HH013496,0,0,0,0.00,1881549.67,2176389.68,0
HH013497,0,0,0,0.00,24435794.26,26191529.36,0
HH013498,0,0,0,0.00,40656297.84,54655390.93,0
HH013499,0,0,0,0.00,3657628.83,3677298.06,0
HH013500,0,0,0,0.00,5680660.18,3762410.53,0
HH013501,0,0,0,0.00,1521576.84,1693660.58,0
HH013502,0,0,0,0.00,4186004.62,5370839.25,0
HH013503,0,0,0,0.00,1627455.89,1660090.71,0
HH013504,0,0,0,0.00,2642810.01,3156746.28,0
HH013505,0,0,0,0.00,3127867.45,2966163.42,0
HH013506,0,0,0,0.00,3902720.66,3308632.37,0
HH013507,0,0,0,0.00,5925430.09,5101102.17,0
HH013508,0,0,0,0.00,1291364.68,1329452.30,0
HH013509,1,0,1,4214295.84,4315802.38,101506.54,3
HH013510,1,0,1,1743344.54,1752179.92,8835.38,1
HH013511,0,0,0,0.00,4602127.30,4676226.17,0
HH013512,0,0,0,0.00,13669974.98,12945683.32,0
HH013513,0,0,0,0.00,1289536.33,1429182.31,0
HH013514,0,0,0,0.00,2000381.55,2272845.02,0
HH013515,0,0,0,0.00,6830550.80,6280996.61,0
HH013516,0,0,0,0.00,1254307.39,1514805.27,0
HH013517,0,1,1,2835678.52,4812046.92,2266753.60,0
HH013518,0,0,0,0.00,15447171.22,11924538.97,0
HH013519,0,1,1,3294102.71,6815379.89,3481179.43,0
HH013520,0,0,0,0.00,7230576.30,8011227.68,0
HH013521,0,0,0,0.00,86103660.79,87941184.11,0
HH013522,0,0,0,0.00,6563306.92,8380668.29,0
HH013523,0,0,0,0.00,3229485.02,3118416.02,0
HH013524,0,1,1,678578.64,1996146.77,1239763.98,0
HH013525,0,0,0,0.00,8710189.91,10124763.02,0
HH013526,0,0,0,0.00,9612705.91,9856841.56,0
HH013527,0,0,0,0.00,40824468.48,43406682.04,0
HH013528,0,0,0,0.00,5135339.15,5885660.86,0
HH013529,1,0,1,64679679.82,65547655.09,867975.27,1
HH013530,0,1,1,1120785.21,2113703.69,996181.37,0
HH013531,0,0,0,0.00,25254170.13,22967164.38,0
HH013532,1,0,1,12225552.74,12285521.39,59968.65,1
HH013533,0,1,1,625951.06,3088997.80,2816093.19,0
HH013534,0,0,0,0.00,2549004.70,2734630.08,0
HH013535,0,0,0,0.00,5885861.93,6785578.31,0
HH013536,0,0,0,0.00,1664581.88,1788424.23,0
HH013537,0,0,0,0.00,4338871.68,4029188.79,0
HH013538,0,0,0,0.00,3611562.68,4056586.04,0
HH013539,0,0,0,0.00,1490569.50,1472834.34,0
HH013540,0,0,0,0.00,1171847.87,1796300.68,0
HH013541,0,0,0,0.00,1436188.08,2294748.64,0
HH013542,0,1,1,1633679.64,6859210.84,5962165.99,0
HH013543,0,0,0,0.00,6065826.04,5854390.70,0
HH013544,0,0,0,0.00,11222937.80,15106277.05,0
HH013545,0,0,0,0.00,4739622.04,4479851.24,0
HH013546,0,0,0,0.00,1586626.15,1394820.44,0
HH013547,0,0,0,0.00,1215910.22,1372444.73,0
HH013548,0,0,0,0.00,7409387.50,7274838.30,0
HH013549,0,0,0,0.00,2464126.66,2713038.60,0
HH013550,0,0,0,0.00,1614259.82,1855645.42,0
HH013551,1,0,1,1921481.18,1928513.30,7032.12,2
HH013552,0,0,0,0.00,1470578.74,2052175.04,0
HH013553,0,0,0,0.00,7864495.81,8163262.45,0
HH013554,0,0,0,0.00,4196230.70,4799603.38,0
HH013555,0,1,1,879713.66,2716651.00,1561346.18,0
HH013556,0,0,0,0.00,14811137.93,17787862.08,0
HH013557,0,0,0,0.00,2601239.92,2505047.04,0
HH013558,0,0,0,0.00,11476241.92,14278602.16,0
HH013559,0,0,0,0.00,2472980.85,2515378.51,0
HH013560,0,1,1,20088706.68,52646096.77,38443085.86,0
HH013561,0,0,0,0.00,1073229.56,1280215.60,0
HH013562,0,0,0,0.00,8618030.04,9030543.64,0
HH013563,0,0,0,0.00,2779402.94,4663172.44,0
HH013564,0,0,0,0.00,5787037.94,6359685.49,0
HH013565,0,0,0,0.00,2048933.94,1911583.39,0
HH013566,0,0,0,0.00,3029161.91,3501333.57,0
HH013567,0,0,0,0.00,21722701.52,20692125.92,0
HH013568,0,0,0,0.00,7675298.59,8248493.31,0
HH013569,0,0,0,0.00,3231801.06,3828267.32,0
HH013570,0,0,0,0.00,4119465.42,5097792.96,0
HH013571,0,0,0,0.00,60570172.54,64479400.93,0
HH013572,0,0,0,0.00,2742021.80,2951392.08,0
HH013573,0,0,0,0.00,1271730.69,1173378.12,0
HH013574,1,0,1,1007608.85,1021852.32,14243.47,4
HH013575,0,0,0,0.00,4555395.62,4658102.69,0
HH013576,0,0,0,0.00,104962690.10,103118307.97,0
HH013577,0,0,0,0.00,8910204.59,8927706.36,0
HH013578,0,0,0,0.00,2633130.53,2645403.64,0
HH013579,0,0,0,0.00,8702733.17,10514836.71,0
HH013580,1,0,1,2516035.67,2550885.73,34850.06,2
HH013581,0,0,0,0.00,2129464.20,2269390.98,0
HH013582,0,0,0,0.00,11361692.62,12436702.03,0
HH013583,0,0,0,0.00,63522400.10,66882898.00,0
HH013584,0,0,0,0.00,4910930.20,5737916.77,0
HH013585,0,1,1,892889.65,1496777.52,651357.81,0
HH013586,0,0,0,0.00,15315485.18,16676183.93,0
HH013587,0,0,0,0.00,9334484.16,10263174.52,0
HH013588,0,0,0,0.00,2443380.93,2620193.83,0
HH013589,0,0,0,0.00,2670106.59,2806109.56,0
HH013590,1,0,1,6326827.56,6364174.34,37346.78,6
HH013591,0,0,0,0.00,9175453.84,10461057.04,0
HH013592,0,0,0,0.00,13019684.38,16484475.00,0
HH013593,0,0,0,0.00,25314490.77,27121480.82,0
HH013594,0,0,0,0.00,4185781.42,4504655.84,0
HH013595,0,0,0,0.00,8440435.16,9106770.25,0
HH013596,0,1,1,1042471.62,4522402.02,3624474.01,0
HH013597,0,0,0,0.00,2883863.74,3059574.32,0
HH013598,0,0,0,0.00,6777838.44,7950933.05,0
HH013599,0,0,0,0.00,2480378.40,3029588.54,0
HH013600,0,0,0,0.00,3948137.63,4524901.01,0
HH013601,0,0,0,0.00,6930826.55,8321446.28,0
HH013602,0,0,0,0.00,4050543.59,5117121.58,0
HH013603,0,0,0,0.00,4463306.97,5181425.08,0
HH013604,0,0,0,0.00,6783133.49,8035445.07,0
HH013605,0,0,0,0.00,1418531.21,1682495.13,0
HH013606,0,0,0,0.00,9682846.57,7259936.48,0
HH013607,0,0,0,0.00,10617737.75,10135828.12,0
HH013608,1,0,1,1085945.56,1112267.60,26322.04,5
HH013609,0,0,0,0.00,4911993.12,7368597.82,0
HH013610,0,0,0,0.00,2661863.16,3109712.93,0
HH013611,0,0,0,0.00,6933451.57,6803015.84,0
HH013612,0,0,0,0.00,12738584.83,11162159.11,0
HH013613,0,0,0,0.00,7069115.21,7418313.59,0
HH013614,0,0,0,0.00,3907546.01,3776879.60,0
HH013615,0,0,0,0.00,29588737.09,28160078.66,0
HH013616,0,1,1,344610.00,1369769.27,598143.89,0
HH013617,0,0,0,0.00,5902156.98,7241676.44,0
HH013618,0,0,0,0.00,2888698.84,3299811.73,0
HH013619,0,1,1,1473606.41,7242967.97,5677004.79,0
HH013620,0,0,0,0.00,31623804.94,37781587.48,0
HH013621,0,0,0,0.00,4346627.65,4657322.18,0
HH013622,0,0,0,0.00,6870804.24,7496356.78,0
HH013623,0,0,0,0.00,5306737.30,5665773.26,0
HH013624,0,1,1,14469583.27,44719554.32,31285981.34,0
HH013625,0,0,0,0.00,11361242.27,11370067.08,0
HH013626,0,0,0,0.00,5887131.31,7921116.97,0
HH013627,0,0,0,0.00,1678209.98,1872504.81,0
HH013628,0,0,0,0.00,3215373.04,2896728.02,0
HH013629,1,0,1,1954504.46,1964589.88,10085.42,4
HH013630,0,0,0,0.00,5498931.59,6371417.77,0
HH013631,0,0,0,0.00,6223191.36,6558044.71,0
HH013632,0,0,0,0.00,4770341.52,5041252.88,0
HH013633,0,0,0,0.00,12185453.53,11785043.61,0
HH013634,0,0,0,0.00,6145796.76,5062125.44,0
HH013635,0,0,0,0.00,9884829.59,11301810.52,0
HH013636,0,0,0,0.00,1118623.37,1304052.16,0
HH013637,0,0,0,0.00,1322136.36,1397774.18,0
HH013638,0,0,0,0.00,2058396.65,1978170.25,0
HH013639,1,0,1,2318581.29,2340097.29,21516.00,1
HH013640,0,1,1,938413.05,1847426.15,946572.33,0
HH013641,0,0,0,0.00,11438596.14,13040697.44,0
HH013642,0,0,0,0.00,2436553.10,2035881.01,0
HH013643,0,0,0,0.00,1296386.56,1436129.05,0
HH013644,1,0,1,3702551.94,3703737.51,1185.57,6
HH013645,0,0,0,0.00,1147224.23,1300826.15,0
HH013646,0,0,0,0.00,22769713.79,24013564.62,0
HH013647,0,0,0,0.00,4104757.90,4267925.42,0
HH013648,0,0,0,0.00,1081224.15,856019.01,0
HH013649,0,1,1,1943901.59,8785927.23,7101312.34,0
HH013650,0,0,0,0.00,4661769.52,5269129.61,0
HH013651,0,0,0,0.00,5609437.71,5940986.82,0
HH013652,0,0,0,0.00,1095018.07,1301485.69,0
HH013653,0,0,0,0.00,3572647.21,3833360.36,0
HH013654,0,0,0,0.00,8902705.71,10040001.78,0
HH013655,0,1,1,4572007.31,13082441.13,8417147.48,0
HH013656,0,0,0,0.00,13848509.35,17265057.47,0
HH013657,0,0,0,0.00,8159312.18,6675540.91,0
HH013658,1,0,1,3688466.27,3729747.25,41280.98,3
HH013659,0,0,0,0.00,2552222.27,2361137.74,0
HH013660,1,0,1,1743894.43,1753394.72,9500.29,2
HH013661,0,0,0,0.00,2072998.03,2379492.68,0
HH013662,0,0,0,0.00,24791970.99,27147366.74,0
HH013663,0,1,1,1386556.52,2779662.56,1517923.34,0
HH013664,0,0,0,0.00,6097953.02,5319975.93,0
HH013665,0,0,0,0.00,6749417.54,7172617.77,0
HH013666,0,0,0,0.00,2723633.64,2957890.38,0
HH013667,0,1,1,28542318.43,56607943.06,32746525.09,0
HH013668,0,0,0,0.00,19964259.07,16773997.71,0
HH013669,0,0,0,0.00,5707068.83,6905721.90,0
HH013670,0,0,0,0.00,1290227.42,1452818.20,0
HH013671,0,0,0,0.00,50677598.44,50053606.05,0
HH013672,0,0,0,0.00,1408155.40,1350757.38,0
HH013673,0,0,0,0.00,6402573.80,7608875.99,0
HH013674,1,0,1,12566487.14,12753129.95,186642.81,2
HH013675,0,0,0,0.00,1358911.00,1626712.36,0
HH013676,0,0,0,0.00,1712435.17,1785539.19,0
HH013677,0,0,0,0.00,1448761.51,1566871.82,0
HH013678,0,0,0,0.00,90847664.15,104377179.50,0
HH013679,0,0,0,0.00,2316444.15,3084239.57,0
HH013680,0,0,0,0.00,9383823.51,9207792.33,0
HH013681,0,1,1,682006.53,2052764.60,1496329.93,0
HH013682,0,0,0,0.00,1396792.61,1432997.98,0
HH013683,0,1,1,426205.98,1684054.22,1223759.91,0
HH013684,0,1,1,742980.40,2826314.73,2074893.74,0
HH013685,0,1,1,28177064.86,55932340.57,32916776.99,0
HH013686,0,0,0,0.00,3829569.90,3841662.79,0
HH013687,0,0,0,0.00,2145270.01,2376661.79,0
HH013688,0,0,0,0.00,2394828.28,2676345.45,0
HH013689,0,0,0,0.00,1317047.76,1272642.13,0
HH013690,0,0,0,0.00,2485156.57,2526020.75,0
HH013691,0,0,0,0.00,3786483.76,4197241.23,0
HH013692,0,1,1,339726.33,1119388.17,718470.67,0
HH013693,0,0,0,0.00,2470676.33,3106612.61,0
HH013694,0,0,0,0.00,10702839.59,11840434.18,0
HH013695,0,0,0,0.00,7836502.79,9415345.28,0
HH013696,0,0,0,0.00,12200341.53,12646491.26,0
HH013697,0,0,0,0.00,1042133.33,1101079.96,0
HH013698,0,0,0,0.00,12813533.30,13144173.63,0
HH013699,1,0,1,1454920.87,1493356.42,38435.55,5
HH013700,0,0,0,0.00,2470167.20,2794648.98,0
HH013701,0,1,1,1155356.69,2598018.88,1247116.13,0
HH013702,0,0,0,0.00,14749122.08,15082159.78,0
HH013703,0,0,0,0.00,5273088.21,4960816.20,0
HH013704,0,1,1,6514546.45,19598531.49,15176286.89,0
HH013705,0,0,0,0.00,2968858.21,3967384.74,0
HH013706,0,0,0,0.00,2770549.27,3309471.44,0
HH013707,0,0,0,0.00,2976300.37,3154520.03,0
HH013708,0,1,1,849355.13,2576906.44,1831588.94,0
HH013709,0,0,0,0.00,2751072.95,2872444.38,0
HH013710,0,0,0,0.00,3288128.82,4012801.15,0
HH013711,0,0,0,0.00,16618943.90,19174911.59,0
HH013712,1,0,1,22256653.36,22302205.89,45552.53,3
HH013713,0,0,0,0.00,3472234.01,3805904.65,0
HH013714,0,0,0,0.00,24265260.95,29774516.99,0
HH013715,0,0,0,0.00,45590031.82,52603455.37,0
HH013716,1,0,1,2334954.75,2362382.23,27427.48,4
HH013717,0,0,0,0.00,20154792.67,23223392.20,0
HH013718,0,0,0,0.00,7456066.68,6903840.46,0
HH013719,0,1,1,476424.99,1947227.51,1544597.27,0
HH013720,0,0,0,0.00,2347490.99,2353234.30,0
HH013721,0,0,0,0.00,11934838.83,12159367.21,0
HH013722,1,0,1,2431897.14,2475525.69,43628.55,4
HH013723,0,0,0,0.00,4539534.06,5434787.24,0
HH013724,0,0,0,0.00,3386954.11,3461723.20,0
HH013725,0,0,0,0.00,10844460.49,11279515.92,0
HH013726,0,0,0,0.00,6447567.67,6498764.23,0
HH013727,0,0,0,0.00,7048153.35,7500509.38,0
HH013728,0,0,0,0.00,10281241.60,11140802.37,0
HH013729,0,0,0,0.00,2077724.58,1970332.84,0
HH013730,0,0,0,0.00,5052130.01,5700152.44,0
HH013731,0,0,0,0.00,1861228.17,2211347.93,0
HH013732,0,0,0,0.00,8790705.35,9654284.74,0
HH013733,0,0,0,0.00,22050465.09,23964648.64,0
HH013734,0,0,0,0.00,16858011.37,17452481.32,0
HH013735,0,0,0,0.00,19630880.45,20156811.51,0
HH013736,0,0,0,0.00,15078755.08,15332939.69,0
HH013737,0,1,1,5259633.73,9216854.07,4717033.76,0
HH013738,0,0,0,0.00,1481451.45,1643450.47,0
HH013739,0,0,0,0.00,6579295.60,5297775.21,0
HH013740,0,1,1,8788397.30,14895360.42,6537519.26,0
HH013741,0,0,0,0.00,1633902.50,1477263.40,0
HH013742,0,0,0,0.00,2075870.92,2174742.38,0
HH013743,0,0,0,0.00,4161058.27,4141748.70,0
HH013744,0,0,0,0.00,7835494.96,7017484.24,0
HH013745,0,0,0,0.00,7551518.56,8058370.88,0
HH013746,0,1,1,1074366.55,3202693.52,2229884.11,0
HH013747,0,0,0,0.00,9559591.89,10633759.86,0
HH013748,0,0,0,0.00,7669306.34,7006415.11,0
HH013749,0,0,0,0.00,1273397.49,1435580.37,0
HH013750,0,0,0,0.00,3980826.44,3886878.60,0
HH013751,0,0,0,0.00,22455503.16,25678308.19,0
HH013752,1,0,1,5349386.96,5430700.78,81313.82,4
HH013753,0,0,0,0.00,5942785.61,5806425.00,0
HH013754,,,,,3468755.44,3437422.61,0
HH013755,0,0,0,0.00,5813401.76,5757375.17,0
HH013756,0,0,0,0.00,5198655.94,4604038.48,0
HH013757,0,0,0,0.00,7470567.63,7369673.51,0
HH013758,0,0,0,0.00,4538434.30,4247418.10,0
HH013759,0,0,0,0.00,6090130.66,5437240.12,0
HH013760,0,0,0,0.00,3809286.26,4745223.17,0
HH013761,0,0,0,0.00,7509796.38,7976526.29,0
HH013762,0,0,0,0.00,3571409.46,4177952.38,0
HH013763,0,0,0,0.00,3727350.05,3582785.60,0
HH013764,0,0,0,0.00,3095213.66,3534732.53,0
HH013765,0,0,0,0.00,15047164.50,14831961.47,0
HH013766,0,0,0,0.00,3151574.03,3603285.32,0
HH013767,0,0,0,0.00,2469543.87,2503935.75,0
HH013768,0,0,0,0.00,5341302.95,5936131.97,0
HH013769,0,0,0,0.00,9207517.50,7235315.00,0
HH013770,0,0,0,0.00,13659369.98,14465088.42,0
HH013771,0,0,0,0.00,27069129.81,29408930.41,0
HH013772,0,0,0,0.00,6158409.07,8004168.60,0
HH013773,1,0,1,4957154.99,4993681.64,36526.65,5
HH013774,0,1,1,698311.56,1185870.43,550712.18,0
HH013775,0,0,0,0.00,16190179.71,17168650.75,0
HH013776,0,0,0,0.00,12201939.09,13548334.25,0
HH013777,0,1,1,1265028.41,2530963.19,1260464.66,0
HH013778,0,0,0,0.00,16783305.92,17238465.09,0
HH013779,0,0,0,0.00,1046926.04,1399167.28,0
HH013780,0,1,1,2236223.46,5190097.39,3461359.63,0
HH013781,0,0,0,0.00,7724923.90,8781678.15,0
HH013782,0,0,0,0.00,7751331.82,8015972.91,0
HH013783,0,0,0,0.00,10427351.19,9424526.70,0
HH013784,0,0,0,0.00,4380282.26,4505808.47,0
HH013785,0,0,0,0.00,3017224.35,3861720.09,0
HH013786,0,0,0,0.00,5927783.11,8441572.93,0
HH013787,0,0,0,0.00,1240343.26,1113978.67,0
HH013788,0,1,1,8664834.44,11796632.82,5784607.54,0
HH013789,0,1,1,2092577.68,3974592.18,2188589.51,0
HH013790,0,0,0,0.00,2982647.31,3379448.19,0
HH013791,0,0,0,0.00,1808260.51,1834435.23,0
HH013792,0,0,0,0.00,12692810.37,14643767.31,0
HH013793,0,1,1,2114308.79,5590745.58,3893561.24,0
HH013794,0,1,1,1022929.67,2657272.00,1857434.55,0
HH013795,0,0,0,0.00,12420318.91,12957886.18,0
HH013796,0,0,0,0.00,3984995.09,4237630.99,0
HH013797,0,0,0,0.00,4678734.39,5422302.88,0
HH013798,0,0,0,0.00,12147574.21,13230587.54,0
HH013799,0,0,0,0.00,2227981.54,2594060.32,0
HH013800,0,0,0,0.00,2440768.38,2495821.94,0
HH013801,0,0,0,0.00,7795888.95,7117380.20,0
HH013802,0,0,0,0.00,7219904.92,8458801.39,0
HH013803,0,0,0,0.00,15994146.58,19344904.95,0
HH013804,0,0,0,0.00,14337661.13,14180203.29,0
HH013805,0,1,1,3604995.32,6869113.67,3584255.94,0
HH013806,0,0,0,0.00,4721312.87,4889865.37,0
HH013807,0,0,0,0.00,5589806.88,4496326.84,0
HH013808,0,0,0,0.00,4752142.32,5330219.42,0
HH013809,0,0,0,0.00,1443557.13,1182800.86,0
HH013810,0,0,0,0.00,2850713.88,3268908.23,0
HH013811,0,0,0,0.00,2557358.56,2522912.36,0
HH013812,0,0,0,0.00,1167413.29,1328864.99,0
HH013813,0,0,0,0.00,1706900.98,1986653.85,0
HH013814,0,0,0,0.00,4967597.31,3382310.31,0
HH013815,0,0,0,0.00,1186439.80,1334935.32,0
HH013816,0,0,0,0.00,1252864.60,1690698.07,0
HH013817,0,0,0,0.00,3612473.24,4210754.56,0
HH013818,0,1,1,15115746.53,55323884.77,25349079.23,0
HH013819,0,0,0,0.00,4035521.97,4793016.10,0
HH013820,0,0,0,0.00,1116289.91,993130.33,0
HH013821,0,0,0,0.00,26312298.19,26502433.65,0
HH013822,0,0,0,0.00,59435872.96,64772405.33,0
HH013823,0,0,0,0.00,6115875.92,7387408.95,0
HH013824,0,0,0,0.00,1322472.64,1404552.24,0
HH013825,0,0,0,0.00,20426887.09,15805261.23,0
HH013826,0,0,0,0.00,2358762.12,2369604.67,0
HH013827,0,0,0,0.00,20332202.56,15141161.96,0
HH013828,0,0,0,0.00,2232668.18,2215356.72,0
HH013829,0,0,0,0.00,2514819.18,2622540.74,0
HH013830,0,0,0,0.00,2345572.66,1718271.68,0
HH013831,0,0,0,0.00,5746379.27,6482992.85,0
HH013832,0,0,0,0.00,8001951.36,7506567.33,0
HH013833,0,0,0,0.00,21844612.06,23026505.67,0
HH013834,0,0,0,0.00,3156386.11,3331886.99,0
HH013835,0,0,0,0.00,1509891.09,1713027.88,0
HH013836,0,1,1,924589.49,3675641.61,3049111.29,0
HH013837,0,0,0,0.00,9657775.79,11016919.50,0
HH013838,1,0,1,1481644.05,1523988.20,42344.15,1
HH013839,0,1,1,2626399.24,5123897.66,3593453.08,0
HH013840,0,0,0,0.00,7531189.22,8403965.97,0
HH013841,0,0,0,0.00,4678274.42,4217286.24,0
HH013842,0,0,0,0.00,1919345.32,2156744.24,0
HH013843,0,0,0,0.00,6879238.04,7907293.08,0
HH013844,0,0,0,0.00,57176411.13,53467998.87,0
HH013845,0,0,0,0.00,14621026.62,15701765.10,0
HH013846,0,0,0,0.00,8318456.51,8745969.65,0
HH013847,0,0,0,0.00,3933515.22,3879106.04,0
HH013848,0,0,0,0.00,3558307.61,3828903.33,0
HH013849,0,0,0,0.00,2667169.31,2900686.40,0
HH013850,0,0,0,0.00,36310866.42,34858458.27,0
HH013851,0,0,0,0.00,1429270.72,1450166.97,0
HH013852,0,1,1,3648818.88,6632209.37,3444179.35,0
HH013853,0,0,0,0.00,4937036.94,5787033.10,0
HH013854,0,0,0,0.00,24880405.66,25639907.54,0
HH013855,0,0,0,0.00,3264499.21,3325274.00,0
HH013856,0,0,0,0.00,12002019.86,12066650.38,0
HH013857,0,0,0,0.00,1954809.18,2168316.60,0
HH013858,0,0,0,0.00,1280744.51,1137449.32,0
HH013859,0,0,0,0.00,1394111.75,1565364.34,0
HH013860,0,1,1,719064.41,1582586.28,986662.86,0
HH013861,0,0,0,0.00,5034533.46,5141507.42,0
HH013862,0,0,0,0.00,1231152.22,1115273.69,0
HH013863,0,0,0,0.00,2848151.00,2951410.71,0
HH013864,0,0,0,0.00,11510934.31,11575081.67,0
HH013865,0,0,0,0.00,11588345.80,14791665.92,0
HH013866,1,0,1,10576771.06,10578052.26,1281.20,1
HH013867,0,0,0,0.00,5622973.58,6258446.63,0
HH013868,1,0,1,1991632.99,2009131.16,17498.17,4
HH013869,0,0,0,0.00,3047113.49,3100543.16,0
HH013870,1,0,1,1885760.49,1936254.48,50493.99,1
HH013871,0,1,1,4923023.18,9734104.29,4624527.35,0
HH013872,0,0,0,0.00,5497054.43,4426798.02,0
HH013873,0,0,0,0.00,4012210.79,4285146.29,0
HH013874,1,0,1,11998956.99,12227007.25,228050.26,5
HH013875,0,0,0,0.00,21928705.20,21502578.48,0
HH013876,0,0,0,0.00,5474498.15,3879091.45,0
HH013877,,,,,6146318.42,4059900.77,0
HH013878,0,0,0,0.00,23796955.25,24308316.81,0
HH013879,0,0,0,0.00,14314920.03,14626750.31,0
HH013880,0,0,0,0.00,1654246.97,1749076.99,0
HH013881,0,0,0,0.00,7464220.81,7420908.66,0
HH013882,0,0,0,0.00,1167348.99,1119593.90,0
HH013883,,,,,1702985.62,2615283.73,0
HH013884,0,0,0,0.00,12666715.11,13119350.30,0
HH013885,0,0,0,0.00,1529575.78,1646566.21,0
HH013886,0,0,0,0.00,10255631.86,12706049.01,0
HH013887,0,0,0,0.00,11187935.22,10674566.52,0
HH013888,0,0,0,0.00,2254854.65,2884997.53,0
HH013889,0,0,0,0.00,3507305.98,3587409.86,0
HH013890,0,1,1,432714.11,1363606.46,1063537.32,0
HH013891,0,0,0,0.00,11909675.84,15291473.91,0
HH013892,0,1,1,3287484.35,5739652.19,2737660.77,0
HH013893,0,1,1,1815036.95,5018555.33,3137933.83,0
HH013894,0,1,1,644243.40,2083417.62,1381260.10,0
HH013895,0,0,0,0.00,16018559.93,13160179.66,0
HH013896,0,1,1,4757878.91,16128452.27,13987610.09,0
HH013897,0,0,0,0.00,5939646.70,6406827.17,0
HH013898,0,0,0,0.00,2170687.09,2296271.95,0
HH013899,0,0,0,0.00,1736831.46,2037574.71,0
HH013900,0,0,0,0.00,6334178.48,7186009.02,0
HH013901,1,0,1,4731147.47,4763966.39,32818.92,2
HH013902,1,0,1,6501435.69,6547403.46,45967.77,1
HH013903,0,0,0,0.00,2123128.36,2269953.96,0
HH013904,0,0,0,0.00,2666152.83,2692394.26,0
HH013905,0,0,0,0.00,1914194.73,1256452.74,0
HH013906,0,0,0,0.00,2208653.33,2727415.85,0
HH013907,0,1,1,1525116.32,2735635.19,1602181.99,0
HH013908,0,0,0,0.00,26267549.53,29607506.40,0
HH013909,0,0,0,0.00,3496751.74,2416365.62,0
HH013910,0,1,1,892288.67,3695411.83,2562771.06,0
HH013911,0,0,0,0.00,13109825.17,13603176.45,0
HH013912,0,1,1,1127881.39,3485879.62,2407922.95,0
HH013913,0,0,0,0.00,49628551.83,59342281.75,0
HH013914,0,0,0,0.00,10835891.95,13151044.87,0
HH013915,0,0,0,0.00,1994312.07,2117590.53,0
HH013916,0,0,0,0.00,3101546.67,3802759.12,0
HH013917,0,0,0,0.00,37594481.95,45779962.46,0
HH013918,0,0,0,0.00,2130386.64,2405759.28,0
HH013919,0,0,0,0.00,1191835.30,1027663.75,0
HH013920,0,0,0,0.00,3802959.25,4254681.98,0
HH013921,0,0,0,0.00,3310467.47,3311751.72,0
HH013922,0,1,1,887580.29,3124050.50,4329369.49,0
HH013923,0,0,0,0.00,10805137.92,11953893.31,0
HH013924,0,1,1,668382.61,1987192.91,1442528.63,0
HH013925,0,0,0,0.00,5444128.43,4853949.82,0
HH013926,0,0,0,0.00,3211210.08,3490102.83,0
HH013927,0,0,0,0.00,7760262.74,9038163.18,0
HH013928,0,0,0,0.00,6319166.73,6635795.96,0
HH013929,0,0,0,0.00,5233660.64,6209065.27,0
HH013930,0,0,0,0.00,4695389.62,5238956.45,0
HH013931,0,0,0,0.00,3035514.56,3517267.09,0
HH013932,0,0,0,0.00,41692190.32,52635626.63,0
HH013933,0,1,1,5109675.82,15438925.21,11531739.94,0
HH013934,0,0,0,0.00,20850525.22,27556762.33,0
HH013935,0,0,0,0.00,148256922.76,143183260.32,0
HH013936,0,1,1,7231438.79,25782682.21,20033635.37,0
HH013937,0,0,0,0.00,47231705.35,43749664.22,0
HH013938,0,0,0,0.00,6486819.33,6467499.07,0
HH013939,0,0,0,0.00,5613187.34,6872625.85,0
HH013940,0,0,0,0.00,48383259.99,52326228.72,0
HH013941,0,0,0,0.00,6346179.61,6713725.43,0
HH013942,0,0,0,0.00,1010346.15,989886.03,0
HH013943,0,1,1,290544.58,1210585.83,1161984.39,0
HH013944,0,0,0,0.00,11660835.83,13624519.59,0
HH013945,0,0,0,0.00,3062278.66,2954669.44,0
HH013946,0,1,1,934162.77,4109723.39,2298259.71,0
HH013947,0,0,0,0.00,4097580.30,4743589.59,0
HH013948,0,0,0,0.00,2281611.32,2452565.57,0
HH013949,0,0,0,0.00,6938903.46,6682084.94,0
HH013950,0,0,0,0.00,5188584.92,5902263.88,0
HH013951,0,0,0,0.00,12136867.38,12666234.16,0
HH013952,0,0,0,0.00,1536246.36,1674978.71,0
HH013953,0,0,0,0.00,5864021.51,5865323.70,0
HH013954,0,1,1,10840023.06,30674580.44,24053616.68,0
HH013955,0,0,0,0.00,1263543.54,1303478.38,0
HH013956,0,1,1,494144.49,1702187.75,1206897.92,0
HH013957,,,,,2423206.47,2591663.12,0
HH013958,1,0,1,7366540.89,7453500.97,86960.08,1
HH013959,1,0,1,8278779.45,8281954.66,3175.21,6
HH013960,0,0,0,0.00,1960193.09,2239527.66,0
HH013961,0,0,0,0.00,11547716.59,12445172.27,0
HH013962,0,0,0,0.00,2905160.61,3584659.89,0
HH013963,0,0,0,0.00,10424294.83,11265682.59,0
HH013964,1,0,1,3013953.54,3057209.53,43255.99,1
HH013965,0,1,1,5223039.57,6938180.20,1162690.38,0
HH013966,0,0,0,0.00,9147482.10,8716429.65,0
HH013967,0,0,0,0.00,11415855.00,11021250.50,0
HH013968,0,0,0,0.00,1471133.52,1550851.18,0
HH013969,0,1,1,1334863.75,2448576.53,1179426.81,0
HH013970,0,0,0,0.00,1690712.84,1697683.55,0
HH013971,0,0,0,0.00,4194825.96,4165691.06,0
HH013972,0,0,0,0.00,1624095.05,1798547.21,0
HH013973,0,0,0,0.00,7032658.19,7159815.75,0
HH013974,0,0,0,0.00,14597402.93,15267904.65,0
HH013975,1,0,1,2827076.23,2908808.70,81732.47,3
HH013976,0,0,0,0.00,3942644.74,4143354.88,0
HH013977,0,0,0,0.00,13682616.64,14624453.59,0
HH013978,0,1,1,770833.57,1904337.13,1339030.92,0
HH013979,0,0,0,0.00,3744985.14,4350060.61,0
HH013980,0,1,1,2436061.11,8964503.71,6642849.49,0
HH013981,0,0,0,0.00,44111562.58,50863002.50,0
HH013982,0,0,0,0.00,5040130.09,5228336.36,0
HH013983,0,0,0,0.00,2715669.85,2907970.63,0
HH013984,1,0,1,14236347.01,14654086.24,417739.23,6
HH013985,0,0,0,0.00,17517763.62,18541340.88,0
HH013986,0,0,0,0.00,2198092.48,2263942.70,0
HH013987,0,0,0,0.00,3580938.51,4822707.89,0
HH013988,0,0,0,0.00,2151345.42,2349321.78,0
HH013989,0,0,0,0.00,1520972.72,1463483.20,0
HH013990,0,0,0,0.00,17376324.52,18331144.74,0
HH013991,0,0,0,0.00,1641780.46,2067057.03,0
HH013992,0,0,0,0.00,1873053.22,1931482.50,0
HH013993,0,0,0,0.00,194501777.28,226082307.68,0
HH013994,0,0,0,0.00,18220841.20,18873167.61,0
HH013995,1,0,1,7075064.28,7198004.64,122940.36,3
HH013996,0,0,0,0.00,29443239.92,32868488.07,0
HH013997,0,0,0,0.00,1320971.82,1662316.54,0
HH013998,0,0,0,0.00,5997282.78,6725680.65,0
HH013999,0,0,0,0.00,12880366.70,13037297.85,0
HH014000,1,0,1,6217958.08,6255145.10,37187.02,3
HH014001,0,0,0,0.00,1297304.23,1106995.93,0
HH014002,0,0,0,0.00,3127317.79,2668850.03,0
HH014003,0,0,0,0.00,7509054.32,8166603.46,0
HH014004,0,0,0,0.00,8027813.89,8964676.29,0
HH014005,0,0,0,0.00,2531617.07,2753264.05,0
HH014006,0,1,1,1938534.12,8814067.76,9600864.77,0
HH014007,0,0,0,0.00,1183934.07,1206701.06,0
HH014008,0,0,0,0.00,7557364.55,8227607.83,0
HH014009,1,0,1,5405537.50,5543585.39,138047.89,1
HH014010,0,0,0,0.00,8479086.51,8729504.32,0
HH014011,0,0,0,0.00,25880172.81,22057232.31,0
HH014012,0,0,0,0.00,4143464.79,4420559.22,0
HH014013,0,1,1,30985422.41,67567534.27,44828822.45,0
HH014014,0,0,0,0.00,12445685.56,13960257.80,0
HH014015,0,0,0,0.00,3487256.92,3763729.26,0
HH014016,0,0,0,0.00,10689343.35,10551403.22,0
HH014017,0,0,0,0.00,6147036.78,6878357.88,0
HH014018,0,0,0,0.00,8369124.91,8999630.52,0
HH014019,0,0,0,0.00,2484120.69,2447666.17,0
HH014020,0,0,0,0.00,33175812.41,36237983.78,0
HH014021,0,0,0,0.00,1809771.43,2161282.58,0
HH014022,0,0,0,0.00,9046058.27,7988638.54,0
HH014023,0,0,0,0.00,13433489.66,15219885.45,0
HH014024,0,0,0,0.00,3017039.60,3331826.92,0
HH014025,0,0,0,0.00,3633547.92,4092045.11,0
HH014026,0,0,0,0.00,12269490.10,12527330.96,0
HH014027,1,0,1,1886086.23,1917199.40,31113.17,2
HH014028,0,0,0,0.00,2115055.71,2263283.41,0
HH014029,0,1,1,2465866.21,5849065.90,3874464.03,0
HH014030,0,0,0,0.00,5513098.37,5911904.96,0
HH014031,0,0,0,0.00,6936998.19,7701451.34,0
HH014032,0,0,0,0.00,4453727.25,4882446.21,0
HH014033,0,0,0,0.00,1345838.27,1383925.04,0
HH014034,0,0,0,0.00,3908884.71,4516870.89,0
HH014035,0,0,0,0.00,9344861.70,10310406.69,0
HH014036,0,0,0,0.00,1548591.91,1250832.73,0
HH014037,0,0,0,0.00,8152198.96,8862846.28,0
HH014038,0,0,0,0.00,6062375.79,5877194.26,0
HH014039,0,0,0,0.00,40997702.90,47081134.79,0
HH014040,0,0,0,0.00,1287554.34,1454806.73,0
HH014041,0,0,0,0.00,8347008.34,10050990.25,0
HH014042,0,0,0,0.00,5064310.04,5672732.81,0
HH014043,0,0,0,0.00,2013139.37,2206471.19,0
HH014044,0,0,0,0.00,3503409.56,3981170.23,0
HH014045,0,0,0,0.00,5970055.68,5829619.19,0
HH014046,0,0,0,0.00,3740545.62,4637466.88,0
HH014047,0,0,0,0.00,2492856.70,2582611.53,0
HH014048,0,1,1,1143799.81,2781905.82,1503780.97,0
HH014049,1,0,1,17238687.68,17304174.36,65486.68,1
HH014050,0,0,0,0.00,9262738.58,9072899.37,0
HH014051,0,0,0,0.00,16392903.88,17923869.27,0
HH014052,0,1,1,2799619.62,7684977.59,5596099.54,0
HH014053,0,0,0,0.00,1801190.99,1991319.17,0
HH014054,0,0,0,0.00,2399909.80,2745903.89,0
HH014055,0,0,0,0.00,4574742.09,5335491.70,0
HH014056,0,0,0,0.00,9163571.57,12179641.43,0
HH014057,1,0,1,5687339.73,5728185.08,40845.35,2
HH014058,0,0,0,0.00,2069920.46,2424871.30,0
HH014059,0,0,0,0.00,1839204.59,2221031.47,0
HH014060,0,0,0,0.00,1555019.30,1867900.61,0
HH014061,0,0,0,0.00,22533710.72,21527335.42,0
HH014062,0,0,0,0.00,2110007.48,2437832.37,0
HH014063,0,0,0,0.00,3457203.53,4489751.21,0
HH014064,0,0,0,0.00,3651415.64,3665692.09,0
HH014065,0,1,1,1245718.85,2104256.38,897180.11,0
HH014066,0,0,0,0.00,1547140.61,1478715.48,0
HH014067,0,0,0,0.00,1345574.90,1273733.48,0
HH014068,0,0,0,0.00,27321519.63,24536523.01,0
HH014069,0,0,0,0.00,24952798.05,26451830.45,0
HH014070,0,0,0,0.00,1241145.27,1383516.26,0
HH014071,0,0,0,0.00,2053369.75,3415095.19,0
HH014072,0,0,0,0.00,2212953.34,2713562.06,0
HH014073,0,0,0,0.00,1660467.21,1913865.13,0
HH014074,0,0,0,0.00,12494768.16,13566631.91,0
HH014075,0,0,0,0.00,17604573.75,16460778.62,0
HH014076,0,0,0,0.00,5963998.74,6517381.46,0
HH014077,0,0,0,0.00,5935814.45,6121680.23,0
HH014078,0,0,0,0.00,1970272.27,1930451.18,0
HH014079,0,0,0,0.00,1995667.89,2150118.85,0
HH014080,0,0,0,0.00,2642065.80,2458690.09,0
HH014081,0,0,0,0.00,21327621.85,21360738.02,0
HH014082,0,1,1,406388.18,1230330.84,844950.58,0
HH014083,0,0,0,0.00,1070420.85,1212905.22,0
HH014084,0,0,0,0.00,2755216.11,3189900.61,0
HH014085,0,0,0,0.00,16533309.16,16915136.81,0
HH014086,0,0,0,0.00,6043789.74,6929850.10,0
HH014087,0,0,0,0.00,30279034.22,30823112.83,0
HH014088,0,0,0,0.00,16040980.42,15937018.39,0
HH014089,0,0,0,0.00,12453967.75,12934672.40,0
HH014090,0,0,0,0.00,8356066.17,8763849.63,0
HH014091,0,0,0,0.00,4016576.17,3420010.93,0
HH014092,0,0,0,0.00,2262336.64,2350385.58,0
HH014093,0,0,0,0.00,10377387.61,12131567.51,0
HH014094,0,0,0,0.00,10521478.30,10181858.09,0
HH014095,0,0,0,0.00,14380223.65,11361866.13,0
HH014096,0,0,0,0.00,1171964.92,1442559.84,0
HH014097,0,0,0,0.00,5354240.65,7024470.65,0
HH014098,0,0,0,0.00,3038356.37,3208118.22,0
HH014099,0,0,0,0.00,2200582.55,2060613.10,0
HH014100,0,0,0,0.00,8966596.00,11532873.59,0
HH014101,0,0,0,0.00,16057732.80,13216176.39,0
HH014102,0,0,0,0.00,3964211.04,2825096.47,0
HH014103,0,0,0,0.00,4165978.08,3839078.98,0
HH014104,0,0,0,0.00,1404936.67,1875738.35,0
HH014105,0,0,0,0.00,4982129.74,5674326.93,0
HH014106,0,1,1,396372.31,1384977.13,1061214.23,0
HH014107,0,0,0,0.00,5102033.65,4060258.26,0
HH014108,1,0,1,2207478.94,2229881.02,22402.08,4
HH014109,0,0,0,0.00,1404392.23,1559019.54,0
HH014110,1,0,1,9358284.37,9513485.46,155201.09,2
HH014111,0,0,0,0.00,5492322.45,4669445.85,0
HH014112,0,0,0,0.00,6103832.46,9099133.08,0
HH014113,0,0,0,0.00,2586839.27,2811565.98,0
HH014114,0,0,0,0.00,3457539.40,4235720.85,0
HH014115,1,0,1,7698412.67,7912569.32,214156.65,6
HH014116,0,0,0,0.00,1866825.78,2107343.69,0
HH014117,0,0,0,0.00,4172671.54,4803550.63,0
HH014118,0,1,1,544255.00,1382500.00,773651.49,0
HH014119,0,0,0,0.00,1500775.41,1629232.00,0
HH014120,0,0,0,0.00,8738210.11,10450503.60,0
HH014121,0,0,0,0.00,5384412.01,7411347.96,0
HH014122,0,0,0,0.00,14675932.20,15099779.55,0
HH014123,0,0,0,0.00,64138599.02,71753136.83,0
HH014124,0,0,0,0.00,1862257.17,2561800.09,0
HH014125,0,0,0,0.00,2146080.61,2655174.41,0
HH014126,1,0,1,6655045.07,6697680.75,42635.68,3
HH014127,0,0,0,0.00,29074458.59,25160489.31,0
HH014128,0,0,0,0.00,11594481.04,12604951.41,0
HH014129,0,0,0,0.00,9268284.55,9058998.03,0
HH014130,0,0,0,0.00,2599041.74,3235616.37,0
HH014131,0,0,0,0.00,2637353.91,2500805.20,0
HH014132,0,0,0,0.00,14197763.28,12482918.55,0
HH014133,1,0,1,4429518.46,4511128.60,81610.14,3
HH014134,0,1,1,1345991.24,2414436.18,1559529.15,0
HH014135,0,0,0,0.00,1159952.03,1232432.19,0
HH014136,0,0,0,0.00,11813315.46,12682816.45,0
HH014137,0,0,0,0.00,1476952.11,1641273.01,0
HH014138,0,0,0,0.00,13139930.08,11645121.18,0
HH014139,0,0,0,0.00,9666196.48,10697682.32,0
HH014140,0,0,0,0.00,4883014.86,5811660.09,0
HH014141,0,0,0,0.00,2576593.00,2616599.73,0
HH014142,0,0,0,0.00,4906774.37,4619071.94,0
HH014143,0,0,0,0.00,1605293.98,1593770.94,0
HH014144,0,0,0,0.00,10225552.11,8684187.06,0
HH014145,0,0,0,0.00,1142974.33,1285864.98,0
HH014146,0,0,0,0.00,24978890.01,28859981.02,0
HH014147,0,0,0,0.00,2287861.02,2407892.77,0
HH014148,0,0,0,0.00,4333107.74,4791050.69,0
HH014149,1,0,1,6396567.66,6417241.79,20674.13,6
HH014150,0,0,0,0.00,5411457.11,5482375.24,0
HH014151,0,0,0,0.00,1689547.04,1508109.58,0
HH014152,0,0,0,0.00,3654494.16,4021283.68,0
HH014153,0,0,0,0.00,14780404.89,13921147.47,0
HH014154,0,0,0,0.00,1716688.58,1889888.44,0
HH014155,0,0,0,0.00,6759701.70,7613106.32,0
HH014156,0,0,0,0.00,3413852.67,3497840.62,0
HH014157,0,0,0,0.00,2176722.11,1975163.53,0
HH014158,0,0,0,0.00,2227616.28,1900537.68,0
HH014159,0,0,0,0.00,4273995.27,3283829.92,0
HH014160,0,0,0,0.00,1137149.19,1198810.56,0
HH014161,0,1,1,2560594.35,4226871.30,1620817.78,0
HH014162,0,0,0,0.00,3752812.28,3761881.62,0
HH014163,0,1,1,13112544.02,44334271.48,26388756.98,0
HH014164,0,1,1,295842.54,1069634.70,758184.22,0
HH014165,0,0,0,0.00,1638095.29,1461782.47,0
HH014166,0,0,0,0.00,4770465.12,5221146.66,0
HH014167,0,0,0,0.00,3458551.73,3491955.26,0
HH014168,0,0,0,0.00,9524416.22,9734645.06,0
HH014169,0,1,1,2971842.35,6636503.07,3911123.15,0
HH014170,0,0,0,0.00,16814960.72,18148461.44,0
HH014171,0,0,0,0.00,119886463.26,131592103.99,0
HH014172,0,0,0,0.00,1564018.03,1690065.36,0
HH014173,0,0,0,0.00,1275736.64,1540875.78,0
HH014174,0,0,0,0.00,2302726.35,2657136.11,0
HH014175,0,0,0,0.00,1552271.50,1710608.46,0
HH014176,0,0,0,0.00,1330289.97,2241990.14,0
HH014177,0,0,0,0.00,3649821.67,3494496.14,0
HH014178,0,0,0,0.00,1382276.63,1355935.59,0
HH014179,0,1,1,12570080.84,25108614.70,14254930.29,0
HH014180,0,0,0,0.00,8170416.97,8865225.89,0
HH014181,0,0,0,0.00,2698597.56,2788065.45,0
HH014182,0,1,1,343625.62,1321306.26,1002924.65,0
HH014183,0,0,0,0.00,1828526.83,1773937.52,0
HH014184,0,0,0,0.00,7115561.37,8037787.20,0
HH014185,0,0,0,0.00,3170603.75,3651512.09,0
HH014186,0,0,0,0.00,5786631.06,6570885.05,0
HH014187,0,0,0,0.00,2204271.64,2479145.05,0
HH014188,0,0,0,0.00,7892838.44,9339851.47,0
HH014189,0,0,0,0.00,1840362.72,1914830.67,0
HH014190,0,0,0,0.00,8815102.15,14744217.62,0
HH014191,0,0,0,0.00,3657533.11,3833580.83,0
HH014192,0,0,0,0.00,7913908.09,10646397.39,0
HH014193,0,0,0,0.00,3980771.38,4535249.68,0
HH014194,0,0,0,0.00,39350784.20,39614645.71,0
HH014195,0,0,0,0.00,3333420.98,3770517.25,0
HH014196,0,0,0,0.00,7322167.87,7332536.26,0
HH014197,0,0,0,0.00,6722565.66,8417203.90,0
HH014198,1,0,1,2772033.84,2853054.22,81020.38,3
HH014199,0,1,1,6348006.23,15192222.49,7636458.57,0
HH014200,0,0,0,0.00,4743444.04,5527147.22,0
HH014201,0,0,0,0.00,49536499.87,54574762.47,0
HH014202,0,0,0,0.00,4088913.79,4208894.82,0
HH014203,0,1,1,3327361.63,7888217.68,5425863.53,0
HH014204,0,0,0,0.00,16083902.89,20592147.01,0
HH014205,0,0,0,0.00,30275530.06,32838300.90,0
HH014206,0,0,0,0.00,26557442.21,22713633.26,0
HH014207,0,0,0,0.00,5747581.99,6442713.52,0
HH014208,0,0,0,0.00,1172862.35,1070818.40,0
HH014209,0,0,0,0.00,3699407.84,4285698.69,0
HH014210,0,0,0,0.00,18098778.74,19229687.52,0
HH014211,0,1,1,1035703.54,2494141.08,1549714.10,0
HH014212,0,0,0,0.00,35386953.23,34985482.28,0
HH014213,0,0,0,0.00,2774675.54,2585340.82,0
HH014214,0,0,0,0.00,9191696.10,8662964.51,0
HH014215,1,0,1,2616783.94,2692013.45,75229.51,5
HH014216,0,1,1,6176251.32,14912326.83,9099607.74,0
HH014217,0,1,1,2670295.56,6847956.57,4217076.76,0
HH014218,1,0,1,3999036.03,4109847.37,110811.34,4
HH014219,0,1,1,884133.20,1956397.42,1215763.76,0
HH014220,0,0,0,0.00,4299994.83,5123457.31,0
HH014221,1,0,1,996589.85,1013800.75,17210.90,6
HH014222,0,0,0,0.00,14675557.12,14250947.14,0
HH014223,0,0,0,0.00,2558222.14,2913642.47,0
HH014224,0,0,0,0.00,5474205.11,4688768.84,0
HH014225,0,0,0,0.00,2499581.89,2826228.95,0
HH014226,0,0,0,0.00,9641064.07,10978512.09,0
HH014227,0,0,0,0.00,1938779.62,1849028.50,0
HH014228,0,0,0,0.00,10934500.18,11434574.64,0
HH014229,0,0,0,0.00,3297896.22,4273860.27,0
HH014230,0,0,0,0.00,1635418.08,1763349.60,0
HH014231,0,0,0,0.00,1181616.07,1254272.10,0
HH014232,0,0,0,0.00,7720118.20,8187042.94,0
HH014233,0,0,0,0.00,9142718.56,10664890.06,0
HH014234,0,0,0,0.00,17528161.52,16891657.77,0
HH014235,0,0,0,0.00,3689962.14,6430395.82,0
HH014236,0,0,0,0.00,1392454.81,1475066.85,0
HH014237,0,1,1,1311762.72,4393039.28,3403537.14,0
HH014238,0,0,0,0.00,19134482.99,21494525.58,0
HH014239,0,0,0,0.00,11288050.85,12189205.50,0
HH014240,0,0,0,0.00,4421285.59,4451921.13,0
HH014241,0,0,0,0.00,5628806.05,6476047.26,0
HH014242,0,0,0,0.00,1620073.31,1822861.48,0
HH014243,0,0,0,0.00,7356925.95,8383580.82,0
HH014244,0,0,0,0.00,2060308.04,1671810.50,0
HH014245,0,0,0,0.00,22245351.85,26641298.86,0
HH014246,0,0,0,0.00,4068773.13,4918365.18,0
HH014247,1,0,1,2640271.62,2651123.69,10852.07,4
HH014248,0,1,1,32814438.20,65526657.15,33428387.29,0
HH014249,0,0,0,0.00,25033027.87,26299899.65,0
HH014250,0,0,0,0.00,1412171.50,1433979.07,0
HH014251,0,0,0,0.00,4532920.15,5014257.38,0
HH014252,0,0,0,0.00,19986353.50,22405016.32,0
HH014253,0,0,0,0.00,22548681.87,21697697.39,0
HH014254,0,0,0,0.00,2605839.13,2933834.26,0
HH014255,0,0,0,0.00,8085352.92,8563939.96,0
HH014256,0,0,0,0.00,2564648.76,2703673.70,0
HH014257,0,0,0,0.00,2727768.39,4288739.95,0
HH014258,0,0,0,0.00,4771351.05,5058414.81,0
HH014259,0,0,0,0.00,6754387.29,9465452.07,0
HH014260,0,0,0,0.00,13207804.59,15787964.72,0
HH014261,0,1,1,444104.21,1115735.36,692539.91,0
HH014262,0,0,0,0.00,23901500.95,27437117.58,0
HH014263,0,0,0,0.00,1888723.02,1953012.20,0
HH014264,0,0,0,0.00,1367755.34,1299759.16,0
HH014265,0,0,0,0.00,12406011.45,14740681.63,0
HH014266,0,0,0,0.00,5426424.75,5572833.36,0
HH014267,0,1,1,2542179.49,6735160.14,4171898.11,0
HH014268,0,0,0,0.00,15675247.52,15743574.29,0
HH014269,0,0,0,0.00,8009614.77,8699076.41,0
HH014270,0,0,0,0.00,4128445.16,3824187.84,0
HH014271,0,0,0,0.00,2977793.89,3300659.83,0
HH014272,0,0,0,0.00,5325339.25,5566306.51,0
HH014273,0,0,0,0.00,3209940.53,3281890.64,0
HH014274,0,0,0,0.00,5978616.26,7498280.72,0
HH014275,0,0,0,0.00,5969021.60,6833783.80,0
HH014276,1,0,1,3669242.28,3736719.04,67476.76,3
HH014277,0,0,0,0.00,4190557.19,4459511.04,0
HH014278,0,0,0,0.00,3423789.53,3996817.12,0
HH014279,0,0,0,0.00,17138404.74,19152572.36,0
HH014280,0,0,0,0.00,1999971.88,2138013.80,0
HH014281,0,0,0,0.00,6736575.25,7201999.97,0
HH014282,1,0,1,5093823.36,5214438.30,120614.94,5
HH014283,0,0,0,0.00,1109690.34,951214.80,0
HH014284,0,0,0,0.00,52116412.33,62917112.78,0
HH014285,0,0,0,0.00,1495919.80,1806860.31,0
HH014286,0,0,0,0.00,3868596.58,3767619.97,0
HH014287,0,0,0,0.00,2658636.00,1891752.33,0
HH014288,0,1,1,10695557.57,23052038.05,12801785.74,0
HH014289,0,0,0,0.00,1103894.90,1260529.43,0
HH014290,0,0,0,0.00,5052550.78,7107945.56,0
HH014291,0,0,0,0.00,1565313.43,1681073.51,0
HH014292,0,0,0,0.00,8530074.27,8818826.23,0
HH014293,0,0,0,0.00,34569905.94,34274161.25,0
HH014294,0,0,0,0.00,26504424.79,27038271.11,0
HH014295,0,0,0,0.00,5522830.71,5833903.75,0
HH014296,0,0,0,0.00,20169366.71,22711044.08,0
HH014297,0,0,0,0.00,1654927.47,1387501.69,0
HH014298,0,0,0,0.00,1881013.70,2113453.70,0
HH014299,0,0,0,0.00,1581909.53,1567950.08,0
HH014300,0,0,0,0.00,3466647.34,3871045.26,0
HH014301,0,0,0,0.00,4265479.16,4313344.31,0
HH014302,0,0,0,0.00,2122667.27,2918871.34,0
HH014303,0,0,0,0.00,15890176.22,16879317.52,0
HH014304,0,0,0,0.00,3674263.13,3890406.10,0
HH014305,0,0,0,0.00,1087208.99,1203205.98,0
HH014306,0,0,0,0.00,3704067.70,4469381.24,0
HH014307,0,1,1,2109931.49,5834723.69,3476614.34,0
HH014308,0,0,0,0.00,3225050.86,6108226.87,0
HH014309,0,0,0,0.00,1544310.37,1552019.16,0
HH014310,0,1,1,1529938.66,3011230.05,1693601.18,0
HH014311,0,0,0,0.00,4198430.85,4708996.46,0
HH014312,0,0,0,0.00,11505191.09,11910222.16,0
HH014313,0,0,0,0.00,3030402.50,3046443.95,0
HH014314,0,1,1,2676953.44,8401024.75,6085315.77,0
HH014315,0,0,0,0.00,1267135.71,1476021.68,0
HH014316,0,0,0,0.00,5244627.66,5194299.04,0
HH014317,0,0,0,0.00,26918964.74,31045894.40,0
HH014318,0,0,0,0.00,42998158.03,49701994.56,0
HH014319,0,0,0,0.00,2403467.85,2573456.24,0
HH014320,1,0,1,6595916.58,6750351.20,154434.62,4
HH014321,0,0,0,0.00,16415067.56,14280496.83,0
HH014322,0,1,1,1825849.13,3559638.30,1968540.27,0
HH014323,0,0,0,0.00,5196752.87,6549405.98,0
HH014324,0,0,0,0.00,7081147.46,9214219.68,0
HH014325,0,0,0,0.00,6486894.73,6691565.26,0
HH014326,0,1,1,473151.90,1077690.93,703654.95,0
HH014327,0,0,0,0.00,15175484.07,16862904.47,0
HH014328,0,0,0,0.00,7576416.82,8768347.00,0
HH014329,0,1,1,727964.94,2098950.59,1472511.61,0
HH014330,0,0,0,0.00,4884699.70,4771992.26,0
HH014331,0,0,0,0.00,1635977.00,1653459.81,0
HH014332,0,0,0,0.00,2217357.42,2054661.25,0
HH014333,0,0,0,0.00,1913210.43,1102413.32,0
HH014334,0,0,0,0.00,17291184.53,18012196.07,0
HH014335,1,0,1,1426042.72,1437345.59,11302.87,3
HH014336,0,1,1,337427.77,1472265.38,1275057.94,0
HH014337,1,0,1,4119781.49,4194276.84,74495.35,3
HH014338,0,0,0,0.00,363777344.76,402262378.26,0
HH014339,0,1,1,1953896.54,6999055.87,6136804.85,0
HH014340,0,0,0,0.00,6445281.84,6607157.04,0
HH014341,0,0,0,0.00,16778473.85,17225631.94,0
HH014342,0,0,0,0.00,2941525.49,2656799.57,0
HH014343,0,0,0,0.00,4586313.71,3068737.73,0
HH014344,0,0,0,0.00,3932838.07,4202884.83,0
HH014345,0,1,1,686352.34,1248181.36,926455.49,0
HH014346,0,1,1,3897922.36,7019598.41,3013805.44,0
HH014347,0,0,0,0.00,1874558.81,2586733.38,0
HH014348,0,1,1,4068763.29,17810770.15,26552939.23,0
HH014349,0,0,0,0.00,2419326.21,2450441.24,0
HH014350,0,0,0,0.00,5322378.53,5362351.88,0
HH014351,0,0,0,0.00,26783501.53,32099537.01,0
HH014352,0,0,0,0.00,2790617.10,3763099.72,0
HH014353,0,0,0,0.00,9930983.05,10896998.55,0
HH014354,0,0,0,0.00,9143278.36,8698081.25,0
HH014355,0,0,0,0.00,61019794.27,64204153.36,0
HH014356,0,0,0,0.00,9143709.10,7064009.62,0
HH014357,0,0,0,0.00,8084601.70,8151129.99,0
HH014358,0,0,0,0.00,3268276.53,3175427.94,0
HH014359,0,1,1,6042390.03,25673535.38,22956261.79,0
HH014360,0,0,0,0.00,6294167.98,6244427.99,0
HH014361,0,0,0,0.00,2215891.37,2287449.15,0
HH014362,0,0,0,0.00,57267534.01,59213249.53,0
HH014363,0,0,0,0.00,11348471.42,12907392.73,0
HH014364,0,0,0,0.00,2197879.05,2648456.54,0
HH014365,0,0,0,0.00,43483045.18,51146213.61,0
HH014366,0,0,0,0.00,2189266.74,2698292.95,0
HH014367,0,0,0,0.00,11374731.71,12776032.88,0
HH014368,0,0,0,0.00,18339207.01,20235070.11,0
HH014369,0,0,0,0.00,2687499.04,2872462.01,0
HH014370,0,0,0,0.00,2893896.93,3498529.75,0
HH014371,0,0,0,0.00,4167999.18,4777300.47,0
HH014372,0,0,0,0.00,3377137.43,3707864.43,0
HH014373,0,0,0,0.00,3596363.90,3774281.45,0
HH014374,0,0,0,0.00,7634234.18,7714909.50,0
HH014375,0,0,0,0.00,3182828.49,3021856.38,0
HH014376,0,0,0,0.00,1352835.95,1427895.69,0
HH014377,1,0,1,8338658.81,8579343.54,240684.73,3
HH014378,0,0,0,0.00,3583477.72,3577647.99,0
HH014379,0,0,0,0.00,18012853.31,20164548.47,0
HH014380,0,0,0,0.00,11278179.65,11453958.30,0
HH014381,0,0,0,0.00,4331424.07,3941761.42,0
HH014382,0,0,0,0.00,38543955.58,47610910.75,0
HH014383,0,0,0,0.00,13608202.23,12003496.25,0
HH014384,0,0,0,0.00,8194720.98,8342890.55,0
HH014385,0,0,0,0.00,5108478.90,5817294.00,0
HH014386,0,0,0,0.00,2440677.68,2527476.61,0
HH014387,0,0,0,0.00,20557085.85,19248034.80,0
HH014388,1,0,1,2970997.40,2972454.46,1457.06,1
HH014389,0,0,0,0.00,2156307.06,2437315.62,0
HH014390,0,0,0,0.00,17739291.45,15680878.61,0
HH014391,1,0,1,19867281.89,20355011.85,487729.96,6
HH014392,0,0,0,0.00,6841739.32,7588935.45,0
HH014393,0,0,0,0.00,3196790.91,3207071.30,0
HH014394,0,0,0,0.00,19510572.32,23838101.77,0
HH014395,0,0,0,0.00,8671265.79,9699937.36,0
HH014396,0,0,0,0.00,2017168.88,2435504.90,0
HH014397,0,0,0,0.00,1288868.02,1375718.55,0
HH014398,0,0,0,0.00,1807357.56,1703307.90,0
HH014399,0,0,0,0.00,5423434.41,5712607.89,0
HH014400,0,0,0,0.00,3112087.32,3553911.91,0
HH014401,0,0,0,0.00,10325639.77,9085781.61,0
HH014402,1,0,1,2270466.86,2331810.25,61343.39,4
HH014403,0,0,0,0.00,17598426.14,20176521.04,0
HH014404,0,0,0,0.00,1270355.43,1400377.10,0
HH014405,0,0,0,0.00,1933712.13,2205290.30,0
HH014406,0,0,0,0.00,11721644.53,14100939.46,0
HH014407,,,,,1635485.36,1935020.86,0
HH014408,0,0,0,0.00,3225514.20,3094499.57,0
HH014409,0,0,0,0.00,15501227.77,18843196.11,0
HH014410,1,0,1,136746481.49,140164966.94,3418485.45,3
HH014411,0,0,0,0.00,10551110.09,9831332.99,0
HH014412,0,0,0,0.00,13119094.78,14597033.33,0
HH014413,0,0,0,0.00,4722249.21,5323038.98,0
HH014414,0,0,0,0.00,3594224.78,3496041.42,0
HH014415,0,0,0,0.00,9452126.49,13802634.20,0
HH014416,0,1,1,646437.29,2580858.71,2501149.82,0
HH014417,0,0,0,0.00,1102078.48,1363016.31,0
HH014418,0,0,0,0.00,3622749.25,3681698.56,0
HH014419,0,0,0,0.00,3753148.65,5538606.01,0
HH014420,0,0,0,0.00,11627696.60,10815845.47,0
HH014421,0,0,0,0.00,9677724.78,9339569.21,0
HH014422,0,0,0,0.00,4821095.11,4650171.08,0
HH014423,0,0,0,0.00,11441660.75,11416648.62,0
HH014424,0,0,0,0.00,26698700.80,31003649.67,0
HH014425,0,0,0,0.00,23685446.17,28417298.45,0
HH014426,0,0,0,0.00,18291796.39,22384325.12,0
HH014427,0,0,0,0.00,3187733.34,3293469.82,0
HH014428,0,0,0,0.00,11505186.18,11638999.06,0
HH014429,0,0,0,0.00,35517357.64,41737456.54,0
HH014430,0,0,0,0.00,100766190.80,119192699.39,0
HH014431,0,0,0,0.00,1310998.88,1554224.85,0
HH014432,0,1,1,6757925.86,15238341.01,9627428.28,0
HH014433,0,0,0,0.00,3668132.73,4131140.65,0
HH014434,0,0,0,0.00,4679926.00,5005511.58,0
HH014435,1,0,1,6921877.72,7007572.93,85695.21,2
HH014436,0,0,0,0.00,1683717.97,1926618.29,0
HH014437,0,0,0,0.00,13560209.17,16168477.63,0
HH014438,0,0,0,0.00,8314252.89,7398132.35,0
HH014439,0,0,0,0.00,2909835.94,2297732.87,0
HH014440,0,0,0,0.00,2308880.57,2352688.02,0
HH014441,0,0,0,0.00,1654854.32,1272551.54,0
HH014442,0,0,0,0.00,9731926.43,9794477.38,0
HH014443,0,1,1,3401312.78,7652237.16,5464833.53,0
HH014444,0,0,0,0.00,3399066.31,3577566.11,0
HH014445,0,0,0,0.00,3231175.45,3443783.55,0
HH014446,0,0,0,0.00,8086284.27,8562007.31,0
HH014447,0,1,1,387672.77,1533412.37,958956.70,0
HH014448,0,0,0,0.00,6469029.41,7083557.29,0
HH014449,0,0,0,0.00,6301886.44,6673476.36,0
HH014450,0,0,0,0.00,3704984.95,4682706.90,0
HH014451,0,0,0,0.00,1659290.28,2074122.62,0
HH014452,0,0,0,0.00,6356416.09,5134454.48,0
HH014453,0,0,0,0.00,2098769.83,2047145.00,0
HH014454,0,0,0,0.00,3061981.28,3440367.54,0
HH014455,0,0,0,0.00,2174042.87,2153999.11,0
HH014456,0,0,0,0.00,3136465.70,2740856.68,0
HH014457,0,0,0,0.00,3623349.58,4135745.50,0
HH014458,0,0,0,0.00,31629783.60,38292287.99,0
HH014459,0,0,0,0.00,9161262.04,13503624.51,0
HH014460,0,0,0,0.00,2356898.77,2677053.38,0
HH014461,0,0,0,0.00,6675140.67,6339974.75,0
HH014462,0,0,0,0.00,1618579.81,1795868.70,0
HH014463,0,1,1,2829832.85,4807461.30,1923138.90,0
HH014464,0,0,0,0.00,13209628.60,11646641.56,0
HH014465,0,0,0,0.00,19955093.61,21733533.56,0
HH014466,0,0,0,0.00,9390842.13,9826161.91,0
HH014467,0,0,0,0.00,1874613.80,2001240.33,0
HH014468,0,0,0,0.00,2578078.63,3005795.41,0
HH014469,0,0,0,0.00,1364811.12,920026.99,0
HH014470,0,0,0,0.00,6074881.45,6552232.50,0
HH014471,0,0,0,0.00,14260504.81,13190673.97,0
HH014472,0,0,0,0.00,291135065.26,267119339.63,0
HH014473,0,0,0,0.00,2644424.07,2848076.73,0
HH014474,0,0,0,0.00,10287096.36,10859299.94,0
HH014475,1,0,1,1744862.09,1762158.20,17296.11,4
HH014476,0,1,1,551630.47,1614360.76,1144425.98,0
HH014477,0,0,0,0.00,2924739.14,3265287.77,0
HH014478,0,0,0,0.00,4468782.92,4838666.61,0
HH014479,0,0,0,0.00,22486477.31,24698872.56,0
HH014480,1,0,1,1206029.07,1208583.27,2554.20,5
HH014481,0,0,0,0.00,8147126.98,7888722.85,0
HH014482,0,0,0,0.00,1930085.75,1824091.50,0
HH014483,0,0,0,0.00,48595848.76,66496056.45,0
HH014484,0,1,1,7406971.72,14979201.46,8062523.21,0
HH014485,0,0,0,0.00,21421690.58,22773370.77,0
HH014486,0,0,0,0.00,17128266.84,19380597.50,0
HH014487,0,0,0,0.00,9077724.30,8855836.74,0
HH014488,0,1,1,398221.60,1810517.95,1499856.58,0
HH014489,0,0,0,0.00,10642882.68,10093436.60,0
HH014490,0,0,0,0.00,2389941.61,2180780.99,0
HH014491,0,0,0,0.00,5662200.55,6680693.42,0
HH014492,0,1,1,1251659.43,2470903.50,1318639.82,0
HH014493,0,0,0,0.00,8190822.87,8707258.17,0
HH014494,0,0,0,0.00,1896278.27,2347956.32,0
HH014495,0,1,1,9624781.41,21954544.19,13726483.17,0
HH014496,0,0,0,0.00,5185340.08,5525998.04,0
HH014497,0,0,0,0.00,13469484.20,12655857.22,0
HH014498,0,0,0,0.00,10264560.50,13724268.19,0
HH014499,0,0,0,0.00,29324624.28,34114053.85,0
HH014500,0,0,0,0.00,30883718.88,32597091.34,0
HH014501,0,1,1,550934.15,2090965.12,1643167.86,0
HH014502,0,1,1,568374.03,1516714.99,957731.01,0
HH014503,0,1,1,673133.01,1947913.20,1367895.51,0
HH014504,0,0,0,0.00,3186020.09,3085384.59,0
HH014505,0,0,0,0.00,249529586.92,248272946.77,0
HH014506,0,0,0,0.00,6638561.36,7022367.66,0
HH014507,0,1,1,952181.51,3484805.24,3083137.13,0
HH014508,0,0,0,0.00,1087164.50,1337860.07,0
HH014509,0,0,0,0.00,3620263.25,3870663.50,0
HH014510,0,0,0,0.00,7044087.47,7555655.05,0
HH014511,0,0,0,0.00,1309648.13,1825545.62,0
HH014512,0,0,0,0.00,5747161.98,6250479.14,0
HH014513,0,0,0,0.00,3510029.81,3813289.13,0
HH014514,0,0,0,0.00,3590791.35,2916420.94,0
HH014515,0,0,0,0.00,4369183.90,5128374.06,0
HH014516,0,0,0,0.00,3728336.02,3945534.55,0
HH014517,0,0,0,0.00,12731456.79,11803397.49,0
HH014518,0,0,0,0.00,1420302.78,1580795.70,0
HH014519,0,1,1,8680988.28,24880517.43,21632146.45,0
HH014520,0,0,0,0.00,1542855.51,2011558.29,0
HH014521,0,0,0,0.00,1216331.95,856587.01,0
HH014522,0,0,0,0.00,2665635.35,2870996.68,0
HH014523,0,0,0,0.00,23982493.65,25333023.15,0
HH014524,0,0,0,0.00,2222046.97,2116602.23,0
HH014525,0,0,0,0.00,3585178.23,3163239.40,0
HH014526,0,0,0,0.00,1486820.78,1844932.27,0
HH014527,0,0,0,0.00,1836621.38,1694444.76,0
HH014528,1,0,1,10232584.27,10357705.21,125120.94,5
HH014529,0,0,0,0.00,1093574.59,1129684.59,0
HH014530,0,0,0,0.00,6293701.66,6551292.94,0
HH014531,0,0,0,0.00,14006125.47,15385739.24,0
HH014532,0,1,1,6145011.02,12022071.52,5320633.92,0
HH014533,0,0,0,0.00,10175355.88,12620725.33,0
HH014534,0,0,0,0.00,1813187.98,2031106.45,0
HH014535,0,1,1,400270.07,1279320.74,972725.21,0
HH014536,0,0,0,0.00,3539440.82,4460466.36,0
HH014537,0,0,0,0.00,15762150.24,15138880.50,0
HH014538,0,0,0,0.00,3491033.56,3862286.08,0
HH014539,0,0,0,0.00,11349507.41,12404680.31,0
HH014540,0,0,0,0.00,4099535.26,4479179.68,0
HH014541,0,0,0,0.00,4531331.47,4545770.89,0
HH014542,0,0,0,0.00,6066426.21,6679201.35,0
HH014543,0,0,0,0.00,6232699.30,6889890.59,0
HH014544,0,0,0,0.00,30799305.20,30246317.05,0
HH014545,0,0,0,0.00,3891003.80,4242166.71,0
HH014546,0,0,0,0.00,1833736.43,2116061.29,0
HH014547,0,0,0,0.00,3438898.99,4323684.01,0
HH014548,0,0,0,0.00,1466769.18,1217727.07,0
HH014549,0,0,0,0.00,9399757.98,9930457.54,0
HH014550,0,0,0,0.00,9925407.37,9782799.08,0
HH014551,0,0,0,0.00,2377463.84,2400455.84,0
HH014552,0,1,1,1458934.57,4497849.09,3149703.37,0
HH014553,0,0,0,0.00,3314361.14,3066535.03,0
HH014554,0,0,0,0.00,6016207.18,6790997.74,0
HH014555,0,0,0,0.00,8862569.06,8610626.56,0
HH014556,0,0,0,0.00,1266227.24,1070240.09,0
HH014557,0,0,0,0.00,21244629.68,22609309.27,0
HH014558,0,0,0,0.00,8986169.59,8737560.93,0
HH014559,0,0,0,0.00,2859109.49,3173929.43,0
HH014560,0,0,0,0.00,1167171.75,1292678.21,0
HH014561,0,0,0,0.00,4959067.21,5100851.94,0
HH014562,0,0,0,0.00,4488188.43,4272596.92,0
HH014563,0,0,0,0.00,3697554.42,4613428.84,0
HH014564,0,0,0,0.00,2853579.79,2945007.58,0
HH014565,0,0,0,0.00,4094916.86,4494558.33,0
HH014566,0,0,0,0.00,3482390.87,5596741.87,0
HH014567,0,0,0,0.00,19464947.77,19002264.61,0
HH014568,0,0,0,0.00,3156245.36,3480124.12,0
HH014569,0,0,0,0.00,8151765.97,9314762.99,0
HH014570,0,1,1,537250.26,1780361.34,1176045.24,0
HH014571,0,0,0,0.00,57819499.46,77435261.95,0
HH014572,0,0,0,0.00,25143362.51,26624628.04,0
HH014573,0,0,0,0.00,11253959.05,12936544.03,0
HH014574,0,0,0,0.00,16247361.28,16295777.93,0
HH014575,0,0,0,0.00,1132894.91,1343524.30,0
HH014576,0,0,0,0.00,11641733.31,13231920.51,0
HH014577,0,0,0,0.00,6488728.78,6386622.97,0
HH014578,0,0,0,0.00,2539855.92,2958215.61,0
HH014579,0,1,1,1859271.36,4786512.44,3610699.63,0
HH014580,0,1,1,6705364.70,14268559.04,8163284.61,0
HH014581,0,1,1,1276363.35,2823139.27,1816075.68,0
HH014582,0,0,0,0.00,4230151.64,4172230.74,0
HH014583,0,0,0,0.00,62642555.29,63971460.47,0
HH014584,0,0,0,0.00,22191497.71,27146705.04,0
HH014585,0,0,0,0.00,5935543.48,5150478.42,0
HH014586,0,0,0,0.00,8823632.15,9534993.62,0
HH014587,1,0,1,7902681.78,8045536.60,142854.82,2
HH014588,0,0,0,0.00,2335659.07,2450713.72,0
HH014589,0,0,0,0.00,17824205.12,16429420.46,0
HH014590,0,0,0,0.00,9483138.14,10727608.79,0
HH014591,0,0,0,0.00,13907912.75,16409135.11,0
HH014592,0,0,0,0.00,2051745.08,2089251.23,0
HH014593,0,0,0,0.00,5215840.28,4130770.19,0
HH014594,0,0,0,0.00,9062429.03,10329901.57,0
HH014595,0,0,0,0.00,3710455.39,4079822.92,0
HH014596,0,0,0,0.00,2423974.95,2436966.79,0
HH014597,0,0,0,0.00,2746860.66,3452578.53,0
HH014598,0,0,0,0.00,1114818.69,1207533.22,0
HH014599,0,0,0,0.00,2436254.74,2861756.02,0
HH014600,0,0,0,0.00,2426991.69,2766035.75,0
HH014601,0,1,1,1496440.53,2412960.02,1021473.64,0
HH014602,0,0,0,0.00,9983007.65,7790654.82,0
HH014603,0,1,1,671378.22,3030698.99,1961801.57,0
HH014604,0,0,0,0.00,10092307.70,14531281.02,0
HH014605,0,0,0,0.00,12021253.85,11839499.88,0
HH014606,0,0,0,0.00,7132106.03,8952866.86,0
HH014607,0,0,0,0.00,7151928.29,9057566.05,0
HH014608,0,0,0,0.00,31752600.52,37889781.07,0
HH014609,0,0,0,0.00,2946629.35,3765107.45,0
HH014610,1,0,1,1986640.43,2026473.23,39832.80,1
HH014611,0,0,0,0.00,3152890.78,3649938.29,0
HH014612,0,1,1,360692.05,1353323.62,1117695.24,0
HH014613,0,1,1,3846988.02,7692617.26,4119476.69,0
HH014614,0,0,0,0.00,20166538.25,21413728.07,0
HH014615,0,0,0,0.00,1884440.71,2182979.23,0
HH014616,0,0,0,0.00,5430021.85,5885686.69,0
HH014617,0,0,0,0.00,19043583.42,21796288.54,0
HH014618,0,0,0,0.00,7003075.91,5967033.59,0
HH014619,0,0,0,0.00,2383254.12,2294924.85,0
HH014620,0,0,0,0.00,3852343.04,5165536.33,0
HH014621,0,0,0,0.00,7222860.41,9167244.15,0
HH014622,0,1,1,570327.23,1699615.87,1236340.81,0
HH014623,0,0,0,0.00,7276836.55,7022428.28,0
HH014624,0,1,1,5102651.51,17728368.77,13632764.02,0
HH014625,0,0,0,0.00,3658773.88,4302499.64,0
HH014626,0,1,1,10509311.49,47596560.98,37726752.27,0
HH014627,1,0,1,35946984.43,36900942.67,953958.24,3
HH014628,,,,,3479603.88,3114074.00,0
HH014629,0,0,0,0.00,12714449.19,13884719.78,0
HH014630,0,0,0,0.00,7133403.25,8967873.82,0
HH014631,0,0,0,0.00,1140306.21,1188818.30,0
HH014632,0,0,0,0.00,55074483.85,52742614.15,0
HH014633,0,1,1,3852888.00,8879227.31,5337008.29,0
HH014634,0,0,0,0.00,1890051.31,2005912.48,0
HH014635,0,0,0,0.00,5104594.22,4961687.65,0
HH014636,0,0,0,0.00,1728273.64,1617591.03,0
HH014637,0,0,0,0.00,1360650.75,1156505.77,0
HH014638,0,0,0,0.00,38239011.17,30393182.43,0
HH014639,0,0,0,0.00,10123161.15,10128599.65,0
HH014640,0,1,1,1078932.29,4213122.33,2991560.75,0
HH014641,1,0,1,2864342.99,2879764.50,15421.51,5
HH014642,0,0,0,0.00,2046878.47,2302956.03,0
HH014643,0,1,1,4717909.34,10900967.01,6048953.24,0
HH014644,0,0,0,0.00,20636964.14,20242070.73,0
HH014645,0,0,0,0.00,2659616.31,2871997.18,0
HH014646,0,0,0,0.00,4144992.03,4049631.40,0
HH014647,0,1,1,1169861.71,3705338.12,2286275.52,0
HH014648,0,1,1,596082.28,1767126.55,1337742.16,0
HH014649,0,0,0,0.00,8023436.12,7654226.12,0
HH014650,0,1,1,24755917.04,36289770.54,10709335.73,0
HH014651,0,0,0,0.00,14545607.56,14640409.73,0
HH014652,0,0,0,0.00,4455178.67,5132231.13,0
HH014653,0,0,0,0.00,4760833.99,5550920.87,0
HH014654,0,0,0,0.00,3151704.69,3430452.40,0
HH014655,0,0,0,0.00,12798571.43,16129378.98,0
HH014656,0,0,0,0.00,4409183.13,5118652.10,0
HH014657,0,0,0,0.00,2171411.40,2570948.00,0
HH014658,0,0,0,0.00,17269335.01,21380993.89,0
HH014659,0,0,0,0.00,2907432.86,3040990.05,0
HH014660,0,0,0,0.00,9551130.14,12477612.75,0
HH014661,1,0,1,4158374.85,4171571.07,13196.22,4
HH014662,0,0,0,0.00,20304210.67,22190829.51,0
HH014663,,,,,39746666.54,41519885.10,0
HH014664,0,0,0,0.00,5128422.58,5731755.93,0
HH014665,0,0,0,0.00,5471743.01,5489288.45,0
HH014666,0,0,0,0.00,15685120.02,15320982.65,0
HH014667,0,0,0,0.00,8322797.65,8681753.88,0
HH014668,0,0,0,0.00,1375739.56,1562338.90,0
HH014669,0,1,1,13694950.54,27233436.40,16669295.53,0
HH014670,0,0,0,0.00,10688767.31,10593438.44,0
HH014671,0,0,0,0.00,1439729.64,1530957.62,0
HH014672,0,0,0,0.00,3915431.75,4422294.58,0
HH014673,0,0,0,0.00,9406666.88,11375768.32,0
HH014674,0,0,0,0.00,39610575.83,43774638.19,0
HH014675,0,1,1,3778758.93,6749560.36,3126950.23,0
HH014676,0,1,1,2041016.02,5047259.73,3183713.84,0
HH014677,0,1,1,2401906.02,4208969.51,1702430.09,0
HH014678,0,1,1,487010.24,1217814.96,735735.58,0
HH014679,0,0,0,0.00,2671119.01,3428013.01,0
HH014680,0,0,0,0.00,5649119.04,5952954.99,0
HH014681,0,0,0,0.00,2079137.95,1968614.89,0
HH014682,0,0,0,0.00,27034156.26,27065093.56,0
HH014683,0,0,0,0.00,5589193.90,5953866.34,0
HH014684,0,0,0,0.00,1668096.57,1630499.59,0
HH014685,0,1,1,2825288.63,7934688.39,6110422.62,0
HH014686,0,0,0,0.00,15923278.80,16031471.20,0
HH014687,0,0,0,0.00,3656325.55,3794976.55,0
HH014688,0,0,0,0.00,7907165.92,9104873.00,0
HH014689,0,1,1,738321.72,3025498.11,670905.76,0
HH014690,0,0,0,0.00,4194540.02,4604385.42,0
HH014691,0,0,0,0.00,15614107.39,20142394.64,0
HH014692,0,0,0,0.00,3699583.10,4143649.28,0
HH014693,0,1,1,2771083.35,7382543.19,5275674.43,0
HH014694,0,0,0,0.00,3191206.00,3577303.67,0
HH014695,0,1,1,4685806.95,8955145.64,3739402.78,0
HH014696,0,0,0,0.00,3258115.38,3320397.88,0
HH014697,0,0,0,0.00,2027717.39,2692223.24,0
HH014698,1,0,1,3571476.45,3620222.91,48746.46,3
HH014699,0,0,0,0.00,6719319.66,6812493.54,0
HH014700,0,1,1,1670113.80,3190667.70,1615764.68,0
HH014701,0,0,0,0.00,3976942.22,4059939.60,0
HH014702,0,0,0,0.00,2273619.52,2588519.39,0
HH014703,0,0,0,0.00,2846151.28,2970489.53,0
HH014704,0,0,0,0.00,38312626.49,58365637.26,0
HH014705,0,0,0,0.00,3167289.48,2739146.38,0
HH014706,1,0,1,5813965.19,5814350.68,385.49,6
HH014707,0,0,0,0.00,4483400.03,4962540.48,0
HH014708,0,0,0,0.00,9534328.54,10690098.56,0
HH014709,0,0,0,0.00,6094695.13,5970703.17,0
HH014710,0,0,0,0.00,6583556.42,6787139.90,0
HH014711,0,0,0,0.00,32757996.80,34392817.54,0
HH014712,0,0,0,0.00,6560469.58,6640205.75,0
HH014713,0,0,0,0.00,9594931.44,9232443.24,0
HH014714,0,0,0,0.00,5418483.03,5795547.51,0
HH014715,0,0,0,0.00,12339463.80,13604024.95,0
HH014716,0,0,0,0.00,2402941.50,2668160.45,0
HH014717,0,0,0,0.00,2687736.78,2848770.71,0
HH014718,0,0,0,0.00,5080077.78,6218452.79,0
HH014719,0,0,0,0.00,4549936.25,4845131.31,0
HH014720,0,0,0,0.00,5412028.46,6311017.46,0
HH014721,0,0,0,0.00,3104061.78,3696022.27,0
HH014722,0,0,0,0.00,5970254.84,6508469.56,0
HH014723,0,0,0,0.00,10597159.83,11954508.17,0
HH014724,0,0,0,0.00,24470265.34,24991928.20,0
HH014725,1,0,1,19429995.27,20003201.57,573206.30,2
HH014726,0,0,0,0.00,111525129.51,141998826.43,0
HH014727,0,0,0,0.00,11078967.33,10670196.01,0
HH014728,0,1,1,1323846.26,2763238.28,1691808.73,0
HH014729,0,0,0,0.00,16139553.75,17983492.95,0
HH014730,0,0,0,0.00,4737556.39,6076202.81,0
HH014731,0,1,1,3542126.78,10352668.15,7731331.87,0
HH014732,0,0,0,0.00,2522369.76,2600049.20,0
HH014733,0,0,0,0.00,14445556.50,13672298.26,0
HH014734,0,0,0,0.00,1600002.35,1446814.06,0
HH014735,0,1,1,836019.48,2079950.99,1367396.77,0
HH014736,0,0,0,0.00,4157535.76,4849287.15,0
HH014737,0,0,0,0.00,14572788.34,17389011.54,0
HH014738,0,1,1,1477141.21,4716921.06,4056507.78,0
HH014739,0,0,0,0.00,1732079.90,1702462.80,0
HH014740,0,0,0,0.00,17323777.30,10676139.21,0
HH014741,1,0,1,20996929.60,21276598.89,279669.29,3
HH014742,1,0,1,2682268.76,2708387.64,26118.88,4
HH014743,0,0,0,0.00,7354255.68,8490729.08,0
HH014744,0,0,0,0.00,5168412.33,5497314.26,0
HH014745,0,0,0,0.00,4944807.03,5234203.62,0
HH014746,,,,,1724205.37,1943296.76,0
HH014747,0,0,0,0.00,5439117.55,5676019.83,0
HH014748,,,,,3649101.60,3714693.67,0
HH014749,0,0,0,0.00,3102020.67,3349560.92,0
HH014750,0,0,0,0.00,9127262.47,9660093.67,0
HH014751,0,1,1,8560356.82,21066265.63,12361547.76,0
HH014752,0,0,0,0.00,1429560.94,1592759.27,0
HH014753,0,0,0,0.00,1670834.14,1988179.14,0
HH014754,0,0,0,0.00,11267079.84,11401164.88,0
HH014755,0,0,0,0.00,6207436.11,6287264.94,0
HH014756,0,0,0,0.00,4837402.93,5377027.38,0
HH014757,0,0,0,0.00,3717989.66,4521381.87,0
HH014758,0,0,0,0.00,19947221.99,25006084.73,0
HH014759,0,0,0,0.00,9766416.87,10712952.17,0
HH014760,0,0,0,0.00,8691082.18,10249422.61,0
HH014761,0,0,0,0.00,52873785.93,63216951.27,0
HH014762,0,0,0,0.00,3723961.79,2891873.64,0
HH014763,0,0,0,0.00,7735232.73,8759992.29,0
HH014764,0,0,0,0.00,8032322.99,8593069.49,0
HH014765,0,0,0,0.00,3738945.30,3870732.75,0
HH014766,0,0,0,0.00,3217782.04,3763470.83,0
HH014767,1,0,1,6809777.40,6927702.81,117925.41,5
HH014768,0,0,0,0.00,1783979.84,1960019.14,0
HH014769,0,0,0,0.00,6358543.01,7253841.74,0
HH014770,0,0,0,0.00,12895880.79,14084223.27,0
HH014771,0,1,1,774045.63,2036998.68,2245458.02,0
HH014772,0,0,0,0.00,10611086.28,10792022.02,0
HH014773,0,0,0,0.00,9535293.98,10064984.12,0
HH014774,0,0,0,0.00,3821331.51,4553292.53,0
HH014775,0,1,1,1046663.28,3985661.72,2951361.63,0
HH014776,0,0,0,0.00,10409778.44,10699214.60,0
HH014777,0,0,0,0.00,3203095.03,3698361.66,0
HH014778,0,0,0,0.00,5025678.68,5706808.18,0
HH014779,0,0,0,0.00,1834336.37,1800108.90,0
HH014780,0,0,0,0.00,2900037.41,1742495.33,0
HH014781,0,0,0,0.00,6097224.98,7694580.90,0
HH014782,0,0,0,0.00,3771524.38,4233444.60,0
HH014783,0,0,0,0.00,2047566.19,2236329.47,0
HH014784,0,0,0,0.00,5847478.31,5614436.21,0
HH014785,1,0,1,7669439.54,7902808.12,233368.58,1
HH014786,0,0,0,0.00,11677364.80,13742369.29,0
HH014787,0,0,0,0.00,2110262.22,1798707.36,0
HH014788,0,0,0,0.00,2376163.45,2348720.88,0
HH014789,0,0,0,0.00,4743296.80,5630705.62,0
HH014790,0,0,0,0.00,2161274.19,3031263.04,0
HH014791,0,0,0,0.00,2954506.69,3499174.92,0
HH014792,0,0,0,0.00,87707444.96,83684493.52,0
HH014793,0,0,0,0.00,4290590.93,4517707.24,0
HH014794,0,0,0,0.00,7652884.70,7913258.17,0
HH014795,1,0,1,1595613.20,1636362.29,40749.09,5
HH014796,0,0,0,0.00,3625192.22,3830080.40,0
HH014797,0,1,1,836655.34,3177781.06,2454474.20,0
HH014798,0,0,0,0.00,2574207.21,1933222.13,0
HH014799,0,0,0,0.00,8293943.65,8481027.65,0
HH014800,0,0,0,0.00,1900527.57,1989048.38,0
HH014801,0,0,0,0.00,1594155.71,2268087.35,0
HH014802,1,0,1,3175419.92,3257953.64,82533.72,6
HH014803,0,0,0,0.00,2417641.69,2764799.82,0
HH014804,0,0,0,0.00,13029833.02,13846335.81,0
HH014805,0,0,0,0.00,1026191.55,1064236.20,0
HH014806,0,1,1,637378.50,1125427.21,527391.64,0
HH014807,0,0,0,0.00,4138018.74,3177682.14,0
HH014808,0,0,0,0.00,23527927.12,24068199.61,0
HH014809,0,0,0,0.00,12700598.91,11485345.86,0
HH014810,1,0,1,2936247.14,2968500.19,32253.05,5
HH014811,0,0,0,0.00,5944164.36,6771312.68,0
HH014812,0,0,0,0.00,2083906.02,2388107.77,0
HH014813,0,0,0,0.00,2820498.25,3013401.37,0
HH014814,0,0,0,0.00,2699761.52,3034096.77,0
HH014815,0,0,0,0.00,2343957.25,2980619.28,0
HH014816,0,0,0,0.00,2160754.64,2183742.27,0
HH014817,0,0,0,0.00,7128733.26,7650092.23,0
HH014818,0,0,0,0.00,10051626.40,12009215.26,0
HH014819,0,0,0,0.00,7033180.24,7805899.50,0
HH014820,0,0,0,0.00,19179161.50,18404735.12,0
HH014821,0,0,0,0.00,2418081.77,2556266.70,0
HH014822,1,0,1,1171329.08,1192341.40,21012.32,5
HH014823,0,0,0,0.00,3338212.35,3298671.00,0
HH014824,0,0,0,0.00,15954427.65,17331903.23,0
HH014825,0,0,0,0.00,9780425.90,10687548.58,0
HH014826,0,0,0,0.00,27238405.59,29761851.19,0
HH014827,0,0,0,0.00,3125369.14,3441652.60,0
HH014828,0,0,0,0.00,119811539.33,128335719.35,0
HH014829,0,1,1,8038542.89,17014370.49,10045778.84,0
HH014830,1,0,1,9434663.09,9484026.92,49363.83,1
HH014831,0,0,0,0.00,1247328.41,1917708.83,0
HH014832,0,0,0,0.00,1620813.90,1761804.22,0
HH014833,0,0,0,0.00,6382859.64,8292499.75,0
HH014834,0,0,0,0.00,5435152.44,5722548.72,0
HH014835,0,0,0,0.00,36118907.65,39598047.65,0
HH014836,0,0,0,0.00,4281274.19,4632649.16,0
HH014837,0,0,0,0.00,1596275.24,1716520.19,0
HH014838,0,0,0,0.00,7841516.41,7733954.96,0
HH014839,0,0,0,0.00,3399698.16,4410383.97,0
HH014840,0,0,0,0.00,3573723.20,5843308.27,0
HH014841,0,0,0,0.00,4339515.94,4546404.27,0
HH014842,0,0,0,0.00,6465969.27,6408143.52,0
HH014843,0,1,1,1100583.00,2201963.75,1097015.92,0
HH014844,0,0,0,0.00,37016009.19,43238027.88,0
HH014845,0,1,1,3733637.56,11251847.00,8273781.60,0
HH014846,0,0,0,0.00,2341999.06,2382042.06,0
HH014847,0,0,0,0.00,21006162.53,24549601.98,0
HH014848,0,0,0,0.00,1111357.39,1226630.07,0
HH014849,0,0,0,0.00,8086492.71,7972602.38,0
HH014850,0,0,0,0.00,1284185.22,1469091.20,0
HH014851,0,1,1,5084319.95,9260758.64,3835893.94,0
HH014852,0,1,1,1127204.22,2113738.47,1182688.49,0
HH014853,0,0,0,0.00,26310595.19,31443981.40,0
HH014854,0,0,0,0.00,1215852.11,1090141.08,0
HH014855,0,0,0,0.00,2687106.06,3464816.65,0
HH014856,0,0,0,0.00,1996785.67,2500747.17,0
HH014857,,,,,2497545.03,3020577.10,0
HH014858,0,0,0,0.00,5227198.84,5593608.04,0
HH014859,0,0,0,0.00,3583022.71,6565505.22,0
HH014860,0,0,0,0.00,10614679.54,9692910.33,0
HH014861,1,0,1,6453699.05,6645346.51,191647.46,6
HH014862,0,0,0,0.00,7731744.35,6678960.10,0
HH014863,1,0,1,17944024.52,18343423.50,399398.98,3
HH014864,0,0,0,0.00,12342808.62,10141215.20,0
HH014865,0,0,0,0.00,6169969.17,6070117.33,0
HH014866,0,0,0,0.00,29138665.70,26534259.44,0
HH014867,0,0,0,0.00,1138750.58,1372321.07,0
HH014868,0,0,0,0.00,10028195.50,11096961.96,0
HH014869,0,1,1,523811.63,2203686.59,1869391.57,0
HH014870,0,1,1,1216706.11,2009588.47,825177.69,0
HH014871,0,1,1,2553272.68,6553595.77,4299995.27,0
HH014872,1,0,1,1157577.50,1164750.46,7172.96,6
HH014873,0,0,0,0.00,45592338.15,63349577.37,0
HH014874,0,0,0,0.00,9259410.91,8478025.38,0
HH014875,0,0,0,0.00,1953993.01,2609608.77,0
HH014876,0,0,0,0.00,2977907.65,2110034.19,0
HH014877,0,0,0,0.00,8963764.69,9325354.13,0
HH014878,0,1,1,1642595.88,4329173.73,2894980.19,0
HH014879,0,0,0,0.00,4230921.24,4517089.45,0
HH014880,0,0,0,0.00,22205941.67,23651979.02,0
HH014881,0,0,0,0.00,1772762.90,1988103.56,0
HH014882,0,0,0,0.00,2957926.66,3305993.26,0
HH014883,0,0,0,0.00,5680710.13,4837455.04,0
HH014884,0,0,0,0.00,7001371.32,7417317.95,0
HH014885,0,0,0,0.00,7620252.03,8177917.91,0
HH014886,0,0,0,0.00,6653712.24,7638687.39,0
HH014887,0,0,0,0.00,4893391.92,3849060.90,0
HH014888,0,0,0,0.00,10860464.21,10859773.51,0
HH014889,1,0,1,18516839.00,19017066.64,500227.64,1
HH014890,0,0,0,0.00,7572915.99,6691585.28,0
HH014891,0,0,0,0.00,2326061.04,2477529.98,0
HH014892,0,0,0,0.00,31188112.51,34311719.85,0
HH014893,0,0,0,0.00,14731740.70,17842402.48,0
HH014894,0,0,0,0.00,3331835.48,3303899.42,0
HH014895,0,0,0,0.00,1693860.02,1705797.73,0
HH014896,0,0,0,0.00,1674860.17,1578726.60,0
HH014897,0,0,0,0.00,4883791.13,5068625.95,0
HH014898,0,0,0,0.00,32783989.44,39323651.08,0
HH014899,0,0,0,0.00,21946869.68,24761305.33,0
HH014900,0,0,0,0.00,25206472.66,31173273.96,0
HH014901,1,0,1,6628428.05,6831832.17,203404.12,3
HH014902,0,0,0,0.00,6038270.37,4854761.21,0
HH014903,0,0,0,0.00,21107513.14,20110658.35,0
HH014904,0,0,0,0.00,2378915.01,2500511.99,0
HH014905,0,0,0,0.00,1305034.39,1529062.37,0
HH014906,0,0,0,0.00,3096859.98,3302686.54,0
HH014907,0,0,0,0.00,1662019.26,1770364.12,0
HH014908,0,0,0,0.00,1468478.49,1345263.10,0
HH014909,0,0,0,0.00,2964242.78,3288971.98,0
HH014910,0,0,0,0.00,2745182.01,2326011.09,0
HH014911,0,0,0,0.00,40891090.26,33018795.95,0
HH014912,0,0,0,0.00,1056236.75,1005668.75,0
HH014913,0,0,0,0.00,2086057.70,2144179.86,0
HH014914,0,0,0,0.00,2821331.56,3155897.69,0
HH014915,1,0,1,6144361.36,6229810.72,85449.36,3
HH014916,0,0,0,0.00,4505318.20,5124171.57,0
HH014917,0,0,0,0.00,2462686.76,2990086.11,0
HH014918,0,0,0,0.00,6857076.28,6940886.49,0
HH014919,0,0,0,0.00,7271901.24,6452033.22,0
HH014920,0,0,0,0.00,1957196.64,3696797.59,0
HH014921,0,0,0,0.00,6174150.93,5812691.99,0
HH014922,0,0,0,0.00,6534369.21,6929594.03,0
HH014923,0,0,0,0.00,4815773.42,6096796.38,0
HH014924,0,0,0,0.00,2055455.68,1808168.89,0
HH014925,0,1,1,2262199.75,6742268.31,5021931.73,0
HH014926,0,0,0,0.00,1470375.95,1494317.78,0
HH014927,0,0,0,0.00,1061712.93,1139828.63,0
HH014928,0,0,0,0.00,6844992.66,7140861.44,0
HH014929,0,0,0,0.00,1489936.42,1510066.51,0
HH014930,0,0,0,0.00,13337621.86,15051343.65,0
HH014931,0,0,0,0.00,4164925.39,4903461.67,0
HH014932,,,,,19751859.64,23605578.26,0
HH014933,0,0,0,0.00,2030460.19,2251214.93,0
HH014934,0,0,0,0.00,338186097.62,358967075.62,0
HH014935,0,0,0,0.00,4314583.06,4826237.28,0
HH014936,0,1,1,2010575.98,5096509.61,3941277.58,0
HH014937,0,0,0,0.00,26786830.92,28677869.55,0
HH014938,0,0,0,0.00,2538243.24,2541249.02,0
HH014939,0,0,0,0.00,9365481.23,12207755.09,0
HH014940,0,0,0,0.00,6203284.68,6864531.29,0
HH014941,0,0,0,0.00,10263167.06,10388717.89,0
HH014942,0,0,0,0.00,8672131.38,9806391.11,0
HH014943,0,0,0,0.00,19137195.68,19274083.46,0
HH014944,0,0,0,0.00,1409325.26,1258278.80,0
HH014945,0,1,1,779265.65,1881286.41,1166971.35,0
HH014946,0,0,0,0.00,4687732.95,6050942.86,0
HH014947,0,0,0,0.00,3451051.82,2972268.47,0
HH014948,1,0,1,20818022.12,21279125.79,461103.67,2
HH014949,0,0,0,0.00,2256038.20,2215579.36,0
HH014950,0,0,0,0.00,1978915.41,3808183.07,0
HH014951,0,1,1,857323.24,3376926.99,2722836.55,0
HH014952,0,0,0,0.00,8440488.93,9605504.98,0
HH014953,0,0,0,0.00,2286485.74,2348806.43,0
HH014954,0,0,0,0.00,1694570.15,1978715.03,0
HH014955,0,0,0,0.00,9958233.28,10404446.40,0
HH014956,0,0,0,0.00,7794450.76,8564189.58,0
HH014957,0,0,0,0.00,1184716.58,1336625.01,0
HH014958,0,0,0,0.00,3551263.80,3833462.03,0
HH014959,0,0,0,0.00,1291813.27,1398025.43,0
HH014960,0,0,0,0.00,3411107.49,3218827.89,0
HH014961,1,0,1,6369440.19,6441510.60,72070.41,5
HH014962,0,1,1,1337159.37,6129695.37,5053037.25,0
HH014963,0,0,0,0.00,17123262.34,16164917.99,0
HH014964,1,0,1,36783636.37,37670823.05,887186.68,5
HH014965,0,0,0,0.00,21293481.56,22281326.65,0
HH014966,0,0,0,0.00,12541361.64,14557906.40,0
HH014967,0,0,0,0.00,21984396.82,25420714.16,0
HH014968,0,0,0,0.00,2290205.54,2507360.70,0
HH014969,0,0,0,0.00,1981434.46,2059474.93,0
HH014970,0,0,0,0.00,5131334.02,5627482.13,0
HH014971,0,0,0,0.00,8667134.97,9163832.89,0
HH014972,0,1,1,1250275.97,2590470.74,1446650.94,0
HH014973,0,0,0,0.00,4050241.36,4123689.82,0
HH014974,0,0,0,0.00,6185448.68,7817310.88,0
HH014975,0,0,0,0.00,5033530.99,5170760.62,0
HH014976,0,0,0,0.00,2074283.63,3883122.62,0
HH014977,0,0,0,0.00,4559708.74,4726288.10,0
HH014978,0,0,0,0.00,7744304.73,8459845.12,0
HH014979,0,0,0,0.00,15255802.10,11719272.36,0
HH014980,0,0,0,0.00,1827103.95,1825726.52,0
HH014981,0,0,0,0.00,9009546.85,9261154.95,0
HH014982,0,1,1,1758422.37,4590827.65,3058438.25,0
HH014983,0,0,0,0.00,13484479.37,14164914.55,0
HH014984,0,0,0,0.00,3476140.14,3283687.19,0
HH014985,0,0,0,0.00,17412094.67,16380513.39,0
HH014986,0,0,0,0.00,21830160.95,21140339.27,0
HH014987,0,0,0,0.00,9872678.60,7475611.90,0
HH014988,0,0,0,0.00,1358610.04,1417676.06,0
HH014989,0,0,0,0.00,24496245.56,24333456.76,0
HH014990,0,0,0,0.00,14646218.22,14727138.52,0
HH014991,0,0,0,0.00,1270778.13,1284356.44,0
HH014992,1,0,1,3049816.37,3123566.84,73750.47,3
HH014993,0,0,0,0.00,7507799.04,7930954.66,0
HH014994,1,0,1,3815882.61,3861225.37,45342.76,5
HH014995,0,0,0,0.00,1339040.39,1420053.20,0
HH014996,0,1,1,3115256.89,6213761.38,2832402.60,0
HH014997,0,0,0,0.00,1712906.23,2486116.25,0
HH014998,0,0,0,0.00,20102300.99,18929077.34,0
HH014999,0,0,0,0.00,4218900.82,3119577.74,0
HH015000,0,0,0,0.00,7823348.38,7862388.73,0
HH015001,0,0,0,0.00,8263020.30,9097657.83,0
HH015002,0,0,0,0.00,2446256.49,2399055.95,0
HH015003,0,0,0,0.00,7541816.53,9717858.50,0
HH015004,0,1,1,16840678.23,28957693.49,14354387.93,0
HH015005,0,0,0,0.00,1409522.39,1680974.49,0
HH015006,0,0,0,0.00,18995686.11,21343580.44,0
HH015007,0,0,0,0.00,23605111.46,24323239.88,0
HH015008,0,1,1,486092.79,1415133.24,783418.12,0
HH015009,0,0,0,0.00,11137269.35,12711611.10,0
HH015010,0,0,0,0.00,2035862.88,2056353.60,0
HH015011,0,0,0,0.00,2204072.64,2289915.88,0
HH015012,0,1,1,1847202.81,6332217.36,3603622.47,0
HH015013,0,0,0,0.00,1613884.41,1634333.76,0
HH015014,0,1,1,891157.88,2849242.62,1420860.97,0
HH015015,1,0,1,1910522.77,1951578.78,41056.01,6
HH015016,0,0,0,0.00,18602759.04,20347880.43,0
HH015017,0,0,0,0.00,3556542.88,3736302.93,0
HH015018,0,0,0,0.00,5198914.67,5320999.02,0
HH015019,1,0,1,4178155.28,4200723.37,22568.09,4
HH015020,0,1,1,6304903.93,13053533.50,7403933.05,0
HH015021,0,0,0,0.00,9045838.74,9446558.63,0
HH015022,0,0,0,0.00,2055407.77,3055685.12,0
HH015023,0,0,0,0.00,9000234.04,9406726.39,0
HH015024,0,0,0,0.00,6475127.44,6400367.75,0
HH015025,0,0,0,0.00,2485201.86,2507957.62,0
HH015026,0,0,0,0.00,5495324.97,6251659.27,0
HH015027,0,0,0,0.00,5961659.82,8685690.23,0
HH015028,0,0,0,0.00,1244657.84,1045712.17,0
HH015029,0,0,0,0.00,14279549.82,14270965.39,0
HH015030,0,0,0,0.00,6311787.36,6984742.72,0
HH015031,,,,,4672672.24,6753473.36,0
HH015032,0,0,0,0.00,8242541.99,9140464.33,0
HH015033,0,0,0,0.00,99119463.96,119231432.00,0
HH015034,0,0,0,0.00,1849153.88,1738821.36,0
HH015035,0,0,0,0.00,4396911.74,5039385.86,0
HH015036,0,0,0,0.00,2317154.04,2575763.26,0
HH015037,0,0,0,0.00,1544077.25,1628492.24,0
HH015038,0,0,0,0.00,11319357.51,11778374.07,0
HH015039,0,0,0,0.00,2205876.11,2530386.28,0
HH015040,0,0,0,0.00,3695379.50,4393463.17,0
HH015041,0,0,0,0.00,13779928.80,10824495.41,0
HH015042,0,0,0,0.00,1153131.10,1094723.47,0
HH015043,0,0,0,0.00,1553585.56,1978025.71,0
HH015044,0,0,0,0.00,12388606.22,13668530.13,0
HH015045,1,0,1,5843938.82,5941227.63,97288.81,5
HH015046,0,0,0,0.00,4816696.15,4605869.95,0
HH015047,0,0,0,0.00,2681036.05,3367539.00,0
HH015048,0,0,0,0.00,22851823.77,25143559.96,0
HH015049,0,0,0,0.00,5427111.69,5470782.25,0
HH015050,0,0,0,0.00,3529460.24,3353234.60,0
HH015051,0,1,1,1210882.64,2966006.33,2238114.50,0
HH015052,0,0,0,0.00,1609673.05,1333310.69,0
HH015053,1,0,1,2570016.41,2647382.72,77366.31,1
HH015054,0,0,0,0.00,4476539.40,4649840.12,0
HH015055,0,0,0,0.00,9865216.94,9186673.41,0
HH015056,0,0,0,0.00,20574678.33,23500105.06,0
HH015057,0,0,0,0.00,4491367.37,4575489.22,0
HH015058,0,0,0,0.00,2389023.75,2437295.83,0
HH015059,0,0,0,0.00,2883513.56,3235169.94,0
HH015060,0,1,1,1944981.03,7551898.52,5660231.96,0
HH015061,0,0,0,0.00,3241365.94,3191761.45,0
HH015062,0,0,0,0.00,2072663.78,3432794.87,0
HH015063,0,0,0,0.00,5618619.04,6490157.22,0
HH015064,0,0,0,0.00,7353068.12,6672626.23,0
HH015065,0,0,0,0.00,2388133.72,2707930.02,0
HH015066,0,0,0,0.00,6854976.04,6563960.66,0
HH015067,0,0,0,0.00,2751770.16,3097561.43,0
HH015068,0,0,0,0.00,5975947.18,8286573.72,0
HH015069,0,0,0,0.00,9602521.49,10678173.94,0
HH015070,0,0,0,0.00,1465923.24,1523882.97,0
HH015071,1,0,1,3908378.39,4000577.80,92199.41,1
HH015072,0,0,0,0.00,2151031.48,2297169.50,0
HH015073,0,1,1,1581632.17,3797884.74,2452193.29,0
HH015074,0,0,0,0.00,2616192.67,2943018.35,0
HH015075,0,0,0,0.00,21651187.93,22561861.93,0
HH015076,0,0,0,0.00,22532743.11,23638396.34,0
HH015077,0,0,0,0.00,3689121.86,4008256.36,0
HH015078,0,0,0,0.00,7868120.52,7868823.18,0
HH015079,0,0,0,0.00,22754826.97,25888655.91,0
HH015080,0,0,0,0.00,2015258.46,2477356.68,0
HH015081,0,0,0,0.00,23839303.20,24898721.60,0
HH015082,0,0,0,0.00,16571316.43,19145861.77,0
HH015083,0,0,0,0.00,6412864.08,6641766.18,0
HH015084,0,0,0,0.00,10194510.38,13472892.07,0
HH015085,0,0,0,0.00,2470849.10,2546559.37,0
HH015086,0,0,0,0.00,1682442.66,1689131.89,0
HH015087,0,0,0,0.00,4687774.18,4561709.15,0
HH015088,0,0,0,0.00,3860637.79,3763184.70,0
HH015089,0,0,0,0.00,6545611.62,6295833.96,0
HH015090,0,0,0,0.00,9427698.40,7634347.71,0
HH015091,0,0,0,0.00,2297011.61,2448801.57,0
HH015092,0,0,0,0.00,11629071.81,10359056.52,0
HH015093,0,0,0,0.00,5164049.40,5311109.06,0
HH015094,0,0,0,0.00,4414168.89,4914385.60,0
HH015095,0,0,0,0.00,3546326.73,3340235.86,0
HH015096,0,0,0,0.00,7215021.10,7294080.19,0
HH015097,0,0,0,0.00,8266051.83,6472361.49,0
HH015098,0,0,0,0.00,4125814.37,4289974.90,0
HH015099,0,0,0,0.00,5838928.44,6017719.60,0
HH015100,0,0,0,0.00,7144058.27,8238302.54,0
HH015101,0,0,0,0.00,4139583.89,4561992.84,0
HH015102,0,0,0,0.00,32430240.01,30713014.07,0
HH015103,0,0,0,0.00,12724734.16,13473174.52,0
HH015104,0,0,0,0.00,11847901.97,12497774.99,0
HH015105,0,1,1,5525399.62,15205649.28,9367360.35,0
HH015106,0,0,0,0.00,2264698.79,1759005.77,0
HH015107,0,0,0,0.00,3468567.61,3741364.60,0
HH015108,0,0,0,0.00,18357800.87,21301356.53,0
HH015109,1,0,1,15814855.18,16035081.56,220226.38,1
HH015110,0,0,0,0.00,7639836.38,8427137.70,0
HH015111,0,0,0,0.00,6617323.91,6479467.17,0
HH015112,0,0,0,0.00,4126340.47,5077380.87,0
HH015113,0,0,0,0.00,18286259.69,19697720.14,0
HH015114,0,0,0,0.00,1171040.88,1478303.03,0
HH015115,0,0,0,0.00,2625320.09,3197880.63,0
HH015116,0,0,0,0.00,19733024.46,23001164.08,0
HH015117,0,0,0,0.00,6391181.67,7544770.45,0
HH015118,0,0,0,0.00,3081466.15,3468550.11,0
HH015119,0,0,0,0.00,10377817.28,10834475.44,0
HH015120,0,0,0,0.00,4930225.54,5454540.42,0
HH015121,,,,,1405454.52,1583558.68,0
HH015122,0,1,1,1476542.77,6500805.02,5601798.37,0
HH015123,0,0,0,0.00,7492048.57,8340541.97,0
HH015124,0,0,0,0.00,2193192.73,2393476.69,0
HH015125,0,0,0,0.00,27702559.00,26936177.77,0
HH015126,,,,,45400801.79,42474583.61,0
HH015127,0,0,0,0.00,9910146.76,10273610.89,0
HH015128,0,0,0,0.00,2812090.04,2383410.74,0
HH015129,0,0,0,0.00,14528079.36,15298984.71,0
HH015130,0,0,0,0.00,26102212.72,37415124.07,0
HH015131,0,0,0,0.00,6061934.46,4202900.68,0
HH015132,0,0,0,0.00,6429128.24,6696694.05,0
HH015133,0,0,0,0.00,6181866.03,6939423.43,0
HH015134,0,0,0,0.00,23475769.78,25058776.51,0
HH015135,1,0,1,3653394.12,3755251.65,101857.53,3
HH015136,0,0,0,0.00,5602722.06,6222177.36,0
HH015137,0,0,0,0.00,11761514.18,12367683.55,0
HH015138,0,0,0,0.00,11760042.83,13239036.76,0
HH015139,0,0,0,0.00,16755470.33,17113420.02,0
HH015140,0,0,0,0.00,1609462.49,1632325.04,0
HH015141,0,0,0,0.00,3146104.02,2896683.31,0
HH015142,0,1,1,1319106.61,2561881.12,1414140.91,0
HH015143,0,0,0,0.00,4112525.40,4238964.86,0
HH015144,0,0,0,0.00,5705981.93,6522913.16,0
HH015145,0,1,1,830064.97,2295119.35,1642958.40,0
HH015146,1,0,1,1191245.51,1191430.49,184.98,5
HH015147,0,0,0,0.00,39240276.23,35123255.41,0
HH015148,0,0,0,0.00,45310513.44,48438474.34,0
HH015149,0,0,0,0.00,7189273.31,8940555.79,0
HH015150,0,1,1,20214018.89,35434737.54,16852043.66,0
HH015151,0,0,0,0.00,21612084.11,23487966.28,0
HH015152,0,0,0,0.00,13930165.59,13357619.22,0
HH015153,1,0,1,6465723.90,6540822.53,75098.63,3
HH015154,0,0,0,0.00,2650910.18,3132384.94,0
HH015155,0,0,0,0.00,2083802.61,2028820.77,0
HH015156,0,0,0,0.00,2444542.30,2539415.67,0
HH015157,0,0,0,0.00,10217302.72,10881488.34,0
HH015158,0,0,0,0.00,8886541.24,10888373.79,0
HH015159,0,0,0,0.00,1586047.17,1590797.12,0
HH015160,0,0,0,0.00,3026244.06,2416485.27,0
HH015161,0,0,0,0.00,20466151.25,22610123.03,0
HH015162,0,0,0,0.00,2741853.36,2648455.49,0
HH015163,0,0,0,0.00,5723678.24,6449074.17,0
HH015164,0,0,0,0.00,3367066.14,4502511.62,0
HH015165,0,0,0,0.00,1038092.42,1168408.70,0
HH015166,0,0,0,0.00,2602921.74,3451813.70,0
HH015167,0,0,0,0.00,1853977.83,1688863.90,0
HH015168,0,0,0,0.00,2944048.08,3247833.11,0
HH015169,0,0,0,0.00,2401635.26,2692975.18,0
HH015170,0,0,0,0.00,12867290.67,14656029.87,0
HH015171,0,0,0,0.00,3455981.85,3496573.88,0
HH015172,0,0,0,0.00,8244093.55,8491786.04,0
HH015173,0,0,0,0.00,10044371.33,13299612.23,0
HH015174,0,0,0,0.00,4336704.46,4995511.54,0
HH015175,0,0,0,0.00,1437736.94,1611539.73,0
HH015176,0,0,0,0.00,16117135.31,18147305.47,0
HH015177,1,0,1,13854292.50,13921280.13,66987.63,4
HH015178,0,0,0,0.00,4819360.96,3550285.83,0
HH015179,0,0,0,0.00,8483941.66,6733303.39,0
HH015180,0,0,0,0.00,5532119.97,6398705.52,0
HH015181,0,0,0,0.00,11090591.24,11435810.94,0
HH015182,0,0,0,0.00,1843683.76,1823998.26,0
HH015183,0,0,0,0.00,19712895.87,19515659.61,0
HH015184,0,0,0,0.00,3694231.92,3809758.90,0
HH015185,0,0,0,0.00,5032559.03,5286036.05,0
HH015186,0,0,0,0.00,2509868.64,1639458.65,0
HH015187,0,0,0,0.00,14107568.00,16642590.33,0
HH015188,0,0,0,0.00,9525721.79,9397341.86,0
HH015189,0,0,0,0.00,4119927.47,4740782.36,0
HH015190,0,0,0,0.00,46410849.17,53591401.53,0
HH015191,0,1,1,37954334.27,85717355.25,56229153.69,0
HH015192,1,0,1,3467784.17,3538141.82,70357.65,3
HH015193,0,0,0,0.00,3052941.24,3233980.16,0
HH015194,0,0,0,0.00,2242073.88,2087948.91,0
HH015195,0,0,0,0.00,4336144.84,4776778.57,0
HH015196,0,1,1,417088.00,1719794.60,1507328.99,0
HH015197,0,1,1,21597749.97,35178350.11,15957795.19,0
HH015198,0,0,0,0.00,25918263.80,30987539.75,0
HH015199,0,0,0,0.00,2619202.38,2068064.38,0
HH015200,0,0,0,0.00,6402043.44,11289887.03,0
HH015201,0,0,0,0.00,15665739.30,19834954.95,0
HH015202,0,0,0,0.00,2188904.39,2363140.61,0
HH015203,0,0,0,0.00,5879946.98,6530388.33,0
HH015204,0,0,0,0.00,25622667.41,23016470.82,0
HH015205,0,0,0,0.00,24012449.22,25446773.45,0
HH015206,1,0,1,2565447.60,2580735.36,15287.76,4
HH015207,1,0,1,3648374.65,3700056.44,51681.79,3
HH015208,0,0,0,0.00,24788310.55,27005513.35,0
HH015209,0,0,0,0.00,1041460.56,1066109.41,0
HH015210,0,0,0,0.00,2041198.88,1876146.31,0
HH015211,0,0,0,0.00,2681614.53,2415866.70,0
HH015212,0,0,0,0.00,3162130.06,3578645.56,0
HH015213,0,1,1,545590.64,1019609.34,559097.33,0
HH015214,0,0,0,0.00,2572097.17,3023789.90,0
HH015215,0,0,0,0.00,7516509.76,10423317.74,0
HH015216,0,0,0,0.00,48255906.56,48162856.16,0
HH015217,0,0,0,0.00,5774404.76,5619072.31,0
HH015218,0,0,0,0.00,1287830.43,1042357.80,0
HH015219,0,0,0,0.00,3810022.79,4082414.07,0
HH015220,0,0,0,0.00,1874359.78,2425521.73,0
HH015221,0,0,0,0.00,8756391.08,8191508.87,0
HH015222,0,0,0,0.00,4025509.39,4267321.40,0
HH015223,0,0,0,0.00,2803508.19,2989130.12,0
HH015224,0,0,0,0.00,1136323.12,1422739.56,0
HH015225,0,0,0,0.00,2856979.98,3001865.99,0
HH015226,0,1,1,2921585.00,6697175.03,3974905.56,0
HH015227,0,0,0,0.00,11522101.14,12146963.38,0
HH015228,0,0,0,0.00,22917534.28,23568937.50,0
HH015229,0,0,0,0.00,5489543.70,6604956.30,0
HH015230,0,0,0,0.00,2503835.47,2403216.62,0
HH015231,0,0,0,0.00,1523958.07,1781789.03,0
HH015232,0,0,0,0.00,15400421.70,16036701.77,0
HH015233,0,0,0,0.00,3416893.07,3677766.56,0
HH015234,1,0,1,3089772.28,3123319.06,33546.78,6
HH015235,0,0,0,0.00,1934411.32,1867623.15,0
HH015236,0,0,0,0.00,8123738.11,8958290.97,0
HH015237,1,0,1,5914062.24,6060257.56,146195.32,2
HH015238,0,0,0,0.00,1406686.77,1592376.90,0
HH015239,0,0,0,0.00,2115951.53,2882161.98,0
HH015240,0,0,0,0.00,4369347.13,4344904.04,0
HH015241,0,0,0,0.00,7757756.59,8043836.09,0
HH015242,0,1,1,3161775.47,6694840.18,3816926.13,0
HH015243,0,1,1,428334.39,1652325.88,1380562.89,0
HH015244,0,1,1,1197058.69,2068872.97,834791.15,0
HH015245,0,0,0,0.00,1142831.95,1357452.17,0
HH015246,0,0,0,0.00,26281785.86,23942361.92,0
HH015247,0,0,0,0.00,3122516.29,3281234.08,0
HH015248,0,0,0,0.00,26947580.19,29899718.65,0
HH015249,0,0,0,0.00,2308384.51,3175931.83,0
HH015250,1,0,1,1797537.34,1824414.97,26877.63,3
HH015251,0,0,0,0.00,5325053.17,5934480.17,0
HH015252,0,0,0,0.00,1012674.29,1107529.19,0
HH015253,1,0,1,1340588.99,1381192.07,40603.08,3
HH015254,0,0,0,0.00,12033975.71,14914284.60,0
HH015255,0,0,0,0.00,12420785.48,16969015.75,0
HH015256,0,0,0,0.00,1956250.79,2196123.47,0
HH015257,0,0,0,0.00,24285809.17,28077884.50,0
HH015258,0,0,0,0.00,2774886.62,3160759.81,0
HH015259,1,0,1,1933297.32,1965704.47,32407.15,2
HH015260,0,1,1,3755332.38,11702827.93,8106966.52,0
HH015261,0,0,0,0.00,10219604.16,11113191.02,0
HH015262,0,0,0,0.00,5611838.74,5314406.57,0
HH015263,0,0,0,0.00,4221434.06,3791241.21,0
HH015264,0,0,0,0.00,4153710.00,4015932.27,0
HH015265,0,0,0,0.00,7823748.86,8427411.20,0
HH015266,0,0,0,0.00,2324555.54,2581564.44,0
HH015267,0,0,0,0.00,2653030.04,2452052.68,0
HH015268,0,0,0,0.00,6622480.67,6664881.29,0
HH015269,0,0,0,0.00,1776199.24,2570911.92,0
HH015270,0,0,0,0.00,19737731.85,21061403.59,0
HH015271,0,1,1,752826.67,2276801.98,1904736.77,0
HH015272,0,0,0,0.00,1722564.69,1736534.24,0
HH015273,0,0,0,0.00,11796764.72,11958727.47,0
HH015274,0,0,0,0.00,60758386.63,72011640.34,0
HH015275,0,0,0,0.00,4916672.15,5037499.89,0
HH015276,0,0,0,0.00,5108897.14,4782638.97,0
HH015277,0,0,0,0.00,5424862.22,6484404.57,0
HH015278,0,0,0,0.00,9785647.18,9763922.06,0
HH015279,0,0,0,0.00,8389913.19,9671541.47,0
HH015280,0,0,0,0.00,2088729.96,2271242.25,0
HH015281,0,0,0,0.00,4632719.43,5216735.14,0
HH015282,0,0,0,0.00,2841434.60,2332680.02,0
HH015283,1,0,1,5536665.15,5620950.71,84285.56,3
HH015284,0,0,0,0.00,107688102.20,114015514.15,0
HH015285,0,0,0,0.00,5423971.73,5305072.58,0
HH015286,0,1,1,4297162.11,19128263.06,16268446.51,0
HH015287,0,0,0,0.00,8718743.52,8767754.62,0
HH015288,0,0,0,0.00,1255984.66,1494184.81,0
HH015289,0,0,0,0.00,5914499.53,7059269.25,0
HH015290,0,0,0,0.00,78798021.64,76163853.03,0
HH015291,0,0,0,0.00,1181315.71,1357890.66,0
HH015292,0,0,0,0.00,8101143.68,9463420.30,0
HH015293,0,0,0,0.00,36437125.41,30816692.70,0
HH015294,0,0,0,0.00,16580596.89,17468779.97,0
HH015295,0,0,0,0.00,10877346.68,11107214.07,0
HH015296,0,0,0,0.00,15315850.57,16928200.22,0
HH015297,0,0,0,0.00,47431457.35,52735301.30,0
HH015298,0,0,0,0.00,21542186.17,23720361.35,0
HH015299,1,0,1,6593202.35,6771936.59,178734.24,6
HH015300,0,1,1,1904563.27,8956797.74,7830757.76,0
HH015301,0,0,0,0.00,9669952.88,10726690.39,0
HH015302,1,0,1,1734002.25,1783018.11,49015.86,4
HH015303,0,0,0,0.00,3703263.21,4126774.42,0
HH015304,0,0,0,0.00,4285648.47,4678817.22,0
HH015305,0,0,0,0.00,11462164.81,11321254.80,0
HH015306,0,0,0,0.00,7594657.41,9011970.82,0
HH015307,0,0,0,0.00,5470368.01,6192743.99,0
HH015308,0,0,0,0.00,24308972.71,22628408.97,0
HH015309,1,0,1,2000134.08,2002997.66,2863.58,6
HH015310,0,0,0,0.00,2388845.49,2331598.17,0
HH015311,0,0,0,0.00,3898161.74,3201231.64,0
HH015312,0,0,0,0.00,3856019.75,4369193.90,0
HH015313,0,0,0,0.00,1417911.38,1537223.13,0
HH015314,0,1,1,617569.57,2954999.63,2736954.54,0
HH015315,0,0,0,0.00,2264926.81,3802184.75,0
HH015316,0,1,1,513381.24,2010038.67,1384090.08,0
HH015317,0,0,0,0.00,3342563.22,3270944.27,0
HH015318,0,0,0,0.00,3387785.45,3559091.24,0
HH015319,0,0,0,0.00,51794367.87,57060303.50,0
HH015320,0,0,0,0.00,15873640.68,13612225.02,0
HH015321,0,1,1,1788332.89,3814662.05,1979959.78,0
HH015322,0,0,0,0.00,2105232.53,2565781.62,0
HH015323,0,0,0,0.00,9506256.80,10066630.53,0
HH015324,0,0,0,0.00,8963556.71,10396060.89,0
HH015325,0,1,1,467079.51,1405039.48,959991.83,0
HH015326,0,0,0,0.00,2090460.12,821571.17,0
HH015327,0,1,1,1413749.49,3605287.16,3140744.54,0
HH015328,0,0,0,0.00,3857666.66,3990331.70,0
HH015329,0,1,1,1899490.01,7341710.05,5619007.33,0
HH015330,0,0,0,0.00,1425551.68,1489684.97,0
HH015331,0,0,0,0.00,21771353.52,25580772.11,0
HH015332,0,1,1,733580.55,2273507.50,1781211.07,0
HH015333,0,0,0,0.00,15742712.70,17089086.17,0
HH015334,0,0,0,0.00,16945773.01,19641958.06,0
HH015335,0,0,0,0.00,9660438.88,10767712.67,0
HH015336,0,0,0,0.00,2920955.18,2846782.13,0
HH015337,1,0,1,1360034.14,1370220.92,10186.78,2
HH015338,0,0,0,0.00,20730750.10,23100688.06,0
HH015339,0,0,0,0.00,2502721.07,2675147.24,0
HH015340,0,1,1,960519.20,3686204.92,2941395.94,0
HH015341,0,0,0,0.00,7504531.14,7787301.51,0
HH015342,0,0,0,0.00,18058073.53,19844359.40,0
HH015343,0,1,1,1372038.88,2458874.00,1150602.39,0
HH015344,1,0,1,15925552.66,16304965.58,379412.92,2
HH015345,0,0,0,0.00,75624207.62,84252779.87,0
HH015346,0,0,0,0.00,2211737.13,1744642.21,0
HH015347,0,0,0,0.00,7348400.48,7129126.89,0
HH015348,0,1,1,5253788.76,13252874.11,10081255.14,0
HH015349,0,0,0,0.00,16875432.62,17548700.56,0
HH015350,0,0,0,0.00,2989000.68,3189786.57,0
HH015351,0,0,0,0.00,11026381.10,13679217.23,0
HH015352,0,0,0,0.00,3157510.45,3267393.09,0
HH015353,0,0,0,0.00,8230127.31,10667215.53,0
HH015354,0,0,0,0.00,15756270.12,17329956.39,0
HH015355,0,0,0,0.00,10341715.23,10622518.35,0
HH015356,0,0,0,0.00,3059402.33,2863643.70,0
HH015357,0,0,0,0.00,1589274.81,2363403.66,0
HH015358,0,0,0,0.00,6910095.02,6499026.04,0
HH015359,0,0,0,0.00,7810576.11,7009535.37,0
HH015360,1,0,1,5131846.80,5241317.45,109470.65,5
HH015361,0,0,0,0.00,124212091.38,133426566.32,0
HH015362,0,0,0,0.00,6476905.02,6805910.24,0
HH015363,0,0,0,0.00,6829012.35,6403119.28,0
HH015364,0,0,0,0.00,2580532.80,2310481.78,0
HH015365,0,0,0,0.00,11904094.74,14464543.44,0
HH015366,0,0,0,0.00,2408024.20,2746014.56,0
HH015367,0,0,0,0.00,16824490.51,17114760.55,0
HH015368,0,1,1,1901876.20,5250115.37,3620667.54,0
HH015369,0,0,0,0.00,7203642.99,11100571.38,0
HH015370,0,1,1,8258306.80,23591780.78,17195154.82,0
HH015371,0,0,0,0.00,3721935.10,3711694.61,0
HH015372,0,0,0,0.00,21407197.90,25966671.18,0
HH015373,0,0,0,0.00,3699161.20,4057564.36,0
HH015374,0,1,1,796590.56,3130444.19,3340971.86,0
HH015375,0,0,0,0.00,24585046.11,26460668.78,0
HH015376,0,0,0,0.00,24691292.74,29054557.94,0
HH015377,0,0,0,0.00,11340007.28,11955722.53,0
HH015378,0,0,0,0.00,6990177.67,8248559.35,0
HH015379,0,0,0,0.00,6744802.61,8576369.19,0
HH015380,0,0,0,0.00,7151208.86,7128965.76,0
HH015381,0,0,0,0.00,4851852.77,5646289.05,0
HH015382,0,0,0,0.00,19377481.76,21859327.22,0
HH015383,0,0,0,0.00,4145035.85,4263104.07,0
HH015384,0,0,0,0.00,3214841.75,5596402.05,0
HH015385,0,0,0,0.00,10817884.62,9721284.57,0
HH015386,1,0,1,10577053.52,10794608.38,217554.86,1
HH015387,0,0,0,0.00,1116385.63,1058985.94,0
HH015388,0,0,0,0.00,13306759.54,15002609.34,0
HH015389,0,0,0,0.00,4310975.01,3981558.00,0
HH015390,0,0,0,0.00,2058724.39,1623604.32,0
HH015391,0,0,0,0.00,1017319.28,997590.30,0
HH015392,0,0,0,0.00,6238526.21,5894623.55,0
HH015393,0,0,0,0.00,7440320.00,4619328.49,0
HH015394,0,0,0,0.00,1220845.42,1475239.76,0
HH015395,0,0,0,0.00,9188811.92,7850675.70,0
HH015396,0,0,0,0.00,5707118.30,4453874.08,0
HH015397,0,0,0,0.00,4554904.51,4948617.71,0
HH015398,0,0,0,0.00,3396447.77,3280645.30,0
HH015399,0,0,0,0.00,3195278.99,2719666.68,0
HH015400,0,0,0,0.00,13935634.49,15851179.32,0
HH015401,0,1,1,718778.83,1778443.27,1213074.34,0
HH015402,0,0,0,0.00,7969595.06,8443946.90,0
HH015403,0,0,0,0.00,7808486.08,11327932.34,0
HH015404,0,0,0,0.00,25022542.30,25714470.23,0
HH015405,0,0,0,0.00,5581464.22,5903930.94,0
HH015406,0,0,0,0.00,8955716.20,8255468.87,0
HH015407,0,1,1,1087654.26,3376286.35,2277914.07,0
HH015408,,,,,2233069.75,2516892.90,0
HH015409,0,0,0,0.00,1387266.57,1161483.14,0
HH015410,0,0,0,0.00,3757112.99,3737787.42,0
HH015411,0,0,0,0.00,2453495.81,2149091.55,0
HH015412,0,0,0,0.00,14378917.45,17337930.54,0
HH015413,0,0,0,0.00,7580865.41,7713010.97,0
HH015414,0,0,0,0.00,3640771.16,3618933.54,0
HH015415,0,0,0,0.00,8689023.07,7911404.04,0
HH015416,0,0,0,0.00,6897067.63,6958950.85,0
HH015417,0,0,0,0.00,7836418.78,7085772.28,0
HH015418,0,0,0,0.00,5916625.83,6692641.12,0
HH015419,0,0,0,0.00,1105625.78,1099628.71,0
HH015420,0,0,0,0.00,2643447.76,2760239.14,0
HH015421,0,0,0,0.00,3197255.35,3566399.05,0
HH015422,0,0,0,0.00,1635693.35,1794144.12,0
HH015423,0,0,0,0.00,14240543.45,12595985.96,0
HH015424,0,0,0,0.00,2073124.90,2535690.37,0
HH015425,1,0,1,19735228.66,20006397.63,271168.97,1
HH015426,0,0,0,0.00,13115028.81,13047330.93,0
HH015427,0,0,0,0.00,1935791.30,2095221.77,0
HH015428,0,0,0,0.00,1762270.87,1936115.38,0
HH015429,0,1,1,3233215.99,5771900.17,2680989.37,0
HH015430,0,0,0,0.00,5969683.69,6956189.29,0
HH015431,1,0,1,19134837.67,19593599.06,458761.39,6
HH015432,0,0,0,0.00,6156645.71,7790063.17,0
HH015433,0,0,0,0.00,11294724.68,12636977.83,0
HH015434,0,0,0,0.00,1028402.59,1037692.53,0
HH015435,0,0,0,0.00,11067260.33,11844990.02,0
HH015436,0,0,0,0.00,9642936.04,9292281.71,0
HH015437,0,0,0,0.00,4178675.28,4285750.04,0
HH015438,1,0,1,3264583.87,3340531.20,75947.33,2
HH015439,0,0,0,0.00,2341951.52,2541081.68,0
HH015440,0,0,0,0.00,4696342.46,4298196.56,0
HH015441,0,1,1,1737072.05,3154129.26,1566194.36,0
HH015442,0,0,0,0.00,10351449.24,11577744.39,0
HH015443,0,0,0,0.00,6416446.19,6638299.69,0
HH015444,0,0,0,0.00,11573966.36,12474378.40,0
HH015445,0,0,0,0.00,3540049.50,3808673.00,0
HH015446,0,0,0,0.00,23534414.71,18848102.42,0
HH015447,0,0,0,0.00,12939084.99,13868844.86,0
HH015448,0,0,0,0.00,4474329.03,4648512.77,0
HH015449,0,0,0,0.00,10952825.08,11583562.80,0
HH015450,0,1,1,547735.13,2366907.34,2152937.69,0
HH015451,0,0,0,0.00,6255238.03,7210222.22,0
HH015452,0,0,0,0.00,1443850.39,1372342.16,0
HH015453,0,0,0,0.00,1793992.56,1948891.12,0
HH015454,0,0,0,0.00,7207617.51,12763646.75,0
HH015455,0,0,0,0.00,4548083.75,4678738.93,0
HH015456,0,1,1,2092259.93,8274583.75,6860074.35,0
HH015457,0,0,0,0.00,2191517.26,2508803.32,0
HH015458,0,0,0,0.00,1354069.97,1081299.93,0
HH015459,0,0,0,0.00,1060222.04,1127274.15,0
HH015460,0,0,0,0.00,16757965.40,19230716.02,0
HH015461,0,0,0,0.00,2257474.54,2111650.91,0
HH015462,0,0,0,0.00,2979126.41,2950698.20,0
HH015463,1,0,1,18769680.31,19099694.90,330014.59,4
HH015464,0,0,0,0.00,4763053.89,5957100.81,0
HH015465,0,0,0,0.00,14068199.34,14776630.77,0
HH015466,0,0,0,0.00,3646253.13,3639500.43,0
HH015467,0,0,0,0.00,9696355.42,10577300.01,0
HH015468,0,0,0,0.00,1897711.03,2244005.03,0
HH015469,0,1,1,1644332.53,4489662.67,2830716.14,0
HH015470,0,1,1,2358121.21,5150772.50,3584651.04,0
HH015471,0,1,1,1885342.80,9281087.23,6525968.09,0
HH015472,1,0,1,1401747.31,1415682.50,13935.19,1
HH015473,0,0,0,0.00,4716850.25,4616102.18,0
HH015474,0,1,1,19855215.42,60654528.92,42234169.26,0
HH015475,0,0,0,0.00,8979556.39,10532817.09,0
HH015476,0,1,1,2650816.95,5434987.23,3846477.52,0
HH015477,0,0,0,0.00,6088824.87,7148531.24,0
HH015478,0,0,0,0.00,9727329.85,10276103.13,0
HH015479,0,1,1,3419982.80,7455443.42,4121796.45,0
HH015480,0,0,0,0.00,5164821.89,6061264.27,0
HH015481,0,0,0,0.00,9037588.32,11307502.51,0
HH015482,0,0,0,0.00,5169626.40,6552105.23,0
HH015483,0,0,0,0.00,5273458.07,5280279.54,0
HH015484,0,0,0,0.00,2460872.07,2547063.33,0
HH015485,0,0,0,0.00,12902579.99,14197065.31,0
HH015486,0,0,0,0.00,3403122.54,3871926.31,0
HH015487,0,0,0,0.00,10543664.32,11781025.54,0
HH015488,1,0,1,3359812.75,3442082.70,82269.95,3
HH015489,0,0,0,0.00,13501479.90,13143794.94,0
HH015490,0,0,0,0.00,7866505.30,8373530.07,0
HH015491,1,0,1,3683647.32,3700250.59,16603.27,3
HH015492,0,0,0,0.00,12594870.99,14283815.89,0
HH015493,1,0,1,1334829.09,1371649.70,36820.61,5
HH015494,0,0,0,0.00,1116077.69,1181897.48,0
HH015495,0,0,0,0.00,15683397.34,14969449.73,0
HH015496,0,0,0,0.00,13947123.09,14645416.25,0
HH015497,0,0,0,0.00,11915889.17,10175325.87,0
HH015498,0,0,0,0.00,6569398.50,7523516.72,0
HH015499,0,0,0,0.00,3540876.50,3394542.35,0
HH015500,0,0,0,0.00,26488036.58,30423716.09,0
HH015501,0,0,0,0.00,3408921.17,3586299.40,0
HH015502,0,0,0,0.00,34078835.61,35640527.13,0
HH015503,0,0,0,0.00,2996630.95,2205707.00,0
HH015504,0,0,0,0.00,1109351.83,1071826.82,0
HH015505,0,0,0,0.00,5191599.08,5622036.76,0
HH015506,0,0,0,0.00,6909893.25,7490773.76,0
HH015507,0,0,0,0.00,5391988.65,6075746.80,0
HH015508,0,0,0,0.00,5833058.55,6745510.61,0
HH015509,0,0,0,0.00,25906028.31,25909708.08,0
HH015510,0,1,1,4726696.33,7709521.48,2469406.61,0
HH015511,0,0,0,0.00,69285392.78,75012124.25,0
HH015512,0,0,0,0.00,13227902.80,13082620.13,0
HH015513,0,0,0,0.00,9470574.93,11166247.91,0
HH015514,0,0,0,0.00,2261164.74,2622502.44,0
HH015515,0,0,0,0.00,4349212.57,5263014.21,0
HH015516,0,0,0,0.00,2064334.39,1785586.21,0
HH015517,0,0,0,0.00,1704855.27,1725808.76,0
HH015518,0,0,0,0.00,5932865.53,6912880.38,0
HH015519,0,0,0,0.00,3033204.71,2308093.25,0
HH015520,0,0,0,0.00,16838781.70,17575354.26,0
HH015521,0,0,0,0.00,14453654.92,15588987.48,0
HH015522,0,0,0,0.00,10007101.75,9903699.43,0
HH015523,0,0,0,0.00,12314841.56,13611088.42,0
HH015524,0,0,0,0.00,1815075.63,1988596.43,0
HH015525,0,1,1,708598.14,2463686.59,1618224.03,0
HH015526,0,0,0,0.00,1633010.93,1701407.85,0
HH015527,0,0,0,0.00,6760864.62,7294406.31,0
HH015528,0,0,0,0.00,7828963.11,16129127.61,0
HH015529,0,1,1,3790693.16,6530839.30,2917614.23,0
HH015530,0,0,0,0.00,4538767.21,6555230.38,0
HH015531,0,0,0,0.00,14309533.08,18228209.27,0
HH015532,0,0,0,0.00,8124616.15,10130096.64,0
HH015533,0,0,0,0.00,9725156.33,9894970.84,0
HH015534,0,0,0,0.00,2792521.78,2839509.40,0
HH015535,0,0,0,0.00,3283178.40,3295606.66,0
HH015536,0,1,1,2034666.12,7033144.59,4974122.50,0
HH015537,0,0,0,0.00,4732927.21,5619017.77,0
HH015538,0,0,0,0.00,10388236.48,10922688.04,0
HH015539,0,0,0,0.00,6027187.93,6856995.97,0
HH015540,0,1,1,4258010.27,14509279.03,10145554.70,0
HH015541,0,0,0,0.00,1021940.58,1142998.18,0
HH015542,0,0,0,0.00,5149556.19,5323551.66,0
HH015543,0,1,1,1460904.05,3371893.00,2318901.38,0
HH015544,0,0,0,0.00,7424899.68,7651200.08,0
HH015545,0,0,0,0.00,2292248.09,2171574.25,0
HH015546,0,1,1,7466560.85,16798993.64,9606227.21,0
HH015547,0,0,0,0.00,1336239.71,1403181.56,0
HH015548,0,0,0,0.00,3078009.18,3243788.95,0
HH015549,0,0,0,0.00,6249912.80,6686633.33,0
HH015550,0,0,0,0.00,12016078.24,11955190.84,0
HH015551,0,0,0,0.00,2355344.82,2557104.38,0
HH015552,0,0,0,0.00,23784451.62,26677768.31,0
HH015553,0,0,0,0.00,1072957.93,1189616.71,0
HH015554,0,0,0,0.00,1927623.51,1750303.66,0
HH015555,0,0,0,0.00,4549765.78,4928246.46,0
HH015556,0,0,0,0.00,5009848.00,5379747.71,0
HH015557,0,0,0,0.00,12220614.07,13532904.91,0
HH015558,0,0,0,0.00,3586415.28,5120321.81,0
HH015559,0,0,0,0.00,8740824.22,8922817.68,0
HH015560,0,0,0,0.00,34916480.01,37345842.94,0
HH015561,0,0,0,0.00,9357877.73,10825107.73,0
HH015562,0,1,1,1203480.32,2478026.78,1309769.34,0
HH015563,0,0,0,0.00,1648622.38,1610467.76,0
HH015564,0,0,0,0.00,19676544.64,22551632.41,0
HH015565,0,0,0,0.00,3970453.98,4268081.57,0
HH015566,0,0,0,0.00,3389754.34,3462270.73,0
HH015567,0,0,0,0.00,17553246.60,19785004.68,0
HH015568,0,0,0,0.00,2491170.02,2665804.49,0
HH015569,0,0,0,0.00,3434867.57,3730753.28,0
HH015570,0,0,0,0.00,7789105.85,9651154.62,0
HH015571,0,0,0,0.00,3378932.66,3566286.50,0
HH015572,0,0,0,0.00,19889125.82,21055247.54,0
HH015573,0,0,0,0.00,5498574.09,5491770.67,0
HH015574,0,0,0,0.00,25822014.71,33018754.03,0
HH015575,0,0,0,0.00,27946459.38,36647132.85,0
HH015576,0,0,0,0.00,10305645.73,11176271.02,0
HH015577,0,0,0,0.00,6379098.32,6227441.01,0
HH015578,0,0,0,0.00,2960572.70,3137737.25,0
HH015579,0,0,0,0.00,3762545.50,4015359.79,0
HH015580,0,0,0,0.00,4002018.52,4851136.15,0
HH015581,0,0,0,0.00,1866155.99,2316054.28,0
HH015582,0,0,0,0.00,1457961.89,2058993.31,0
HH015583,0,0,0,0.00,9302424.33,9374928.75,0
HH015584,0,0,0,0.00,1762524.97,2115981.65,0
HH015585,1,0,1,2098245.03,2143734.99,45489.96,1
HH015586,0,0,0,0.00,3182122.85,3511444.82,0
HH015587,0,0,0,0.00,14878282.83,15571592.74,0
HH015588,0,0,0,0.00,21661914.34,24113893.66,0
HH015589,0,0,0,0.00,11467306.46,12043432.45,0
HH015590,0,0,0,0.00,14595769.84,13122031.83,0
HH015591,0,0,0,0.00,14434897.54,14467388.83,0
HH015592,0,0,0,0.00,9482643.99,11579423.86,0
HH015593,0,0,0,0.00,3095396.96,4328579.33,0
HH015594,0,1,1,481326.07,1989531.75,1438782.79,0
HH015595,0,0,0,0.00,1138841.66,1213445.55,0
HH015596,0,0,0,0.00,15510042.88,15801800.06,0
HH015597,0,0,0,0.00,2041420.39,3286678.68,0
HH015598,0,0,0,0.00,5029711.89,6209511.85,0
HH015599,0,0,0,0.00,9578834.13,11606639.88,0
HH015600,0,0,0,0.00,20066987.94,19605373.23,0
HH015601,0,0,0,0.00,9133833.18,8160246.58,0
HH015602,0,1,1,13028193.01,26687447.35,14649140.65,0
HH015603,0,0,0,0.00,10668072.81,16311159.79,0
HH015604,0,0,0,0.00,5165108.20,5305411.27,0
HH015605,0,1,1,1351237.59,5562088.59,4506485.63,0
HH015606,0,0,0,0.00,4017517.89,4671776.77,0
HH015607,0,0,0,0.00,2138735.46,2360505.76,0
HH015608,0,0,0,0.00,22084995.33,24051717.19,0
HH015609,0,0,0,0.00,6711152.83,7587056.17,0
HH015610,0,0,0,0.00,18059595.45,19079105.33,0
HH015611,0,0,0,0.00,2356187.66,2747416.95,0
HH015612,0,0,0,0.00,8244079.90,8570616.43,0
HH015613,0,0,0,0.00,3054118.30,3214604.12,0
HH015614,0,1,1,1089586.02,4673973.97,3851116.21,0
HH015615,0,0,0,0.00,15062534.58,13759348.52,0
HH015616,1,0,1,8046013.58,8086247.31,40233.73,3
HH015617,0,0,0,0.00,1315203.81,1479619.19,0
HH015618,0,0,0,0.00,74839009.56,87893540.33,0
HH015619,0,0,0,0.00,1778202.52,1870210.58,0
HH015620,0,1,1,4429351.99,10954477.21,7457909.89,0
HH015621,0,0,0,0.00,67573449.37,75206881.84,0
HH015622,0,0,0,0.00,1715989.35,1864099.55,0
HH015623,0,0,0,0.00,4406538.55,3867840.68,0
HH015624,0,0,0,0.00,11293770.28,11083630.52,0
HH015625,0,1,1,2675433.02,4282859.76,1398393.18,0
HH015626,1,0,1,14702316.38,14918625.06,216308.68,1
HH015627,0,0,0,0.00,39404674.67,39508463.46,0
HH015628,0,1,1,1820811.84,4147113.35,2298383.77,0
HH015629,0,0,0,0.00,4566643.56,5156860.96,0
HH015630,0,0,0,0.00,6534173.47,6950263.98,0
HH015631,0,1,1,499658.07,1268697.82,844166.77,0
HH015632,0,0,0,0.00,2591816.29,2789496.17,0
HH015633,0,0,0,0.00,13354796.89,12250911.89,0
HH015634,0,0,0,0.00,1515310.87,2745850.56,0
HH015635,0,0,0,0.00,42625790.50,47991298.45,0
HH015636,0,0,0,0.00,3535903.26,3946737.53,0
HH015637,0,0,0,0.00,6257712.98,6017247.66,0
HH015638,0,0,0,0.00,1644576.41,1969365.07,0
HH015639,0,0,0,0.00,4388303.65,4340815.39,0
HH015640,0,0,0,0.00,1967332.28,1931776.19,0
HH015641,0,0,0,0.00,7707658.64,8087004.11,0
HH015642,0,0,0,0.00,84860583.84,89130999.59,0
HH015643,0,1,1,2828742.18,9235726.75,7253297.28,0
HH015644,0,0,0,0.00,6341880.61,7723471.45,0
HH015645,0,0,0,0.00,1498898.68,1343452.46,0
HH015646,0,0,0,0.00,2279871.70,2639692.90,0
HH015647,0,0,0,0.00,64490110.44,64994628.58,0
HH015648,0,0,0,0.00,2258249.57,2315448.60,0
HH015649,0,0,0,0.00,3898676.80,4378913.90,0
HH015650,0,0,0,0.00,3281370.23,3500379.33,0
HH015651,0,1,1,2895720.32,8558981.15,5875683.56,0
HH015652,0,0,0,0.00,2149561.97,2757136.56,0
HH015653,0,0,0,0.00,15472245.79,17258045.31,0
HH015654,0,0,0,0.00,3555742.73,3857449.01,0
HH015655,0,0,0,0.00,1336415.13,1485334.82,0
HH015656,0,0,0,0.00,4649628.88,5229523.32,0
HH015657,0,0,0,0.00,2313749.32,2586813.17,0
HH015658,0,0,0,0.00,24459660.79,27270118.72,0
HH015659,0,0,0,0.00,2770702.60,2215857.78,0
HH015660,0,0,0,0.00,20866791.80,22236054.06,0
HH015661,0,0,0,0.00,11393997.08,8926192.77,0
HH015662,0,0,0,0.00,2867621.19,2836497.59,0
HH015663,1,0,1,20421557.97,20620601.41,199043.44,4
HH015664,0,0,0,0.00,1471712.33,1660092.91,0
HH015665,0,0,0,0.00,5091708.60,6467557.82,0
HH015666,0,1,1,2580700.62,5332132.70,3376417.53,0
HH015667,0,0,0,0.00,9859900.00,10564841.71,0
HH015668,0,0,0,0.00,8897628.07,9682014.55,0
HH015669,0,0,0,0.00,18089246.89,17498812.57,0
HH015670,0,0,0,0.00,1089289.51,1499611.67,0
HH015671,0,0,0,0.00,9899551.78,10579180.34,0
HH015672,0,0,0,0.00,9339233.35,11089450.49,0
HH015673,0,0,0,0.00,7951082.50,8118553.34,0
HH015674,0,0,0,0.00,2023763.96,1834319.36,0
HH015675,1,0,1,1654074.44,1666352.29,12277.85,5
HH015676,0,0,0,0.00,10605434.42,9497700.53,0
HH015677,0,1,1,792256.32,3378476.99,2438082.49,0
HH015678,1,0,1,4318692.56,4328986.49,10293.93,3
HH015679,0,0,0,0.00,5677260.03,6854128.20,0
HH015680,0,1,1,12475871.09,21584685.47,9518174.41,0
HH015681,0,0,0,0.00,2857664.97,2529552.73,0
HH015682,0,0,0,0.00,1018961.04,1082405.39,0
HH015683,0,0,0,0.00,16567296.05,18793390.83,0
HH015684,0,0,0,0.00,6913654.48,8012149.94,0
HH015685,0,0,0,0.00,1006575.92,1112616.11,0
HH015686,0,0,0,0.00,22731563.82,24478304.63,0
HH015687,1,0,1,1687990.57,1735384.85,47394.28,6
HH015688,0,0,0,0.00,10071853.67,10758741.04,0
HH015689,0,0,0,0.00,61602085.49,67539684.35,0
HH015690,0,0,0,0.00,5872222.45,6841500.42,0
HH015691,0,0,0,0.00,1302708.28,1426180.37,0
HH015692,0,0,0,0.00,4247251.10,5355949.77,0
HH015693,0,0,0,0.00,1138888.70,551222.18,0
HH015694,0,0,0,0.00,1567582.02,1717026.59,0
HH015695,0,0,0,0.00,1736069.86,2761162.29,0
HH015696,0,0,0,0.00,40331207.72,46098603.77,0
HH015697,0,0,0,0.00,2877206.32,3313989.49,0
HH015698,0,0,0,0.00,5965901.90,8751948.60,0
HH015699,0,0,0,0.00,5965289.97,7087853.34,0
HH015700,0,0,0,0.00,12269555.74,12503642.91,0
HH015701,0,0,0,0.00,3270584.16,2907300.57,0
HH015702,0,0,0,0.00,9243440.16,9906932.45,0
HH015703,0,0,0,0.00,2966817.57,3467875.17,0
HH015704,0,0,0,0.00,2227293.64,2525431.97,0
HH015705,0,0,0,0.00,1094260.95,1196555.77,0
HH015706,0,0,0,0.00,16385235.48,17884797.88,0
HH015707,0,0,0,0.00,5691510.32,6053299.48,0
HH015708,0,1,1,6210560.33,11120950.25,4995798.54,0
HH015709,0,0,0,0.00,15593338.66,18256217.18,0
HH015710,0,0,0,0.00,1929856.09,2096238.44,0
HH015711,0,0,0,0.00,16642964.24,20888074.53,0
HH015712,0,1,1,3218593.30,5365518.46,1719083.66,0
HH015713,0,0,0,0.00,7326612.30,8065775.96,0
HH015714,0,0,0,0.00,1906853.85,2519481.89,0
HH015715,1,0,1,2093302.97,2100405.65,7102.68,4
HH015716,0,0,0,0.00,8146509.66,9667436.91,0
HH015717,0,0,0,0.00,10636916.21,12641916.38,0
HH015718,0,0,0,0.00,2634733.47,2991350.69,0
HH015719,0,0,0,0.00,1014473.88,983854.81,0
HH015720,0,0,0,0.00,1395700.03,1507328.60,0
HH015721,0,0,0,0.00,1161780.01,1260427.91,0
HH015722,0,0,0,0.00,16791654.63,15353878.98,0
HH015723,0,0,0,0.00,50138151.89,52984748.21,0
HH015724,1,0,1,1139486.76,1139609.07,122.31,5
HH015725,1,0,1,14199541.39,14390554.35,191012.96,1
HH015726,0,0,0,0.00,3419923.07,3774770.23,0
HH015727,0,1,1,1031811.52,4233755.97,2710580.86,0
HH015728,1,0,1,6134983.64,6286986.43,152002.79,2
HH015729,0,0,0,0.00,7611978.00,8999369.04,0
HH015730,0,0,0,0.00,2627897.02,2713312.50,0
HH015731,0,0,0,0.00,4747052.47,4775086.98,0
HH015732,0,0,0,0.00,4793586.31,5147202.51,0
HH015733,0,0,0,0.00,1750369.13,1827669.91,0
HH015734,0,0,0,0.00,10425841.89,9669309.84,0
HH015735,0,1,1,1481673.01,4845077.89,3529898.30,0
HH015736,0,0,0,0.00,5012589.83,6283486.99,0
HH015737,0,0,0,0.00,45022675.26,44574467.19,0
HH015738,0,0,0,0.00,4048735.47,4498895.93,0
HH015739,0,1,1,3686492.76,6892481.16,3618811.50,0
HH015740,1,0,1,8659984.79,8881356.03,221371.24,5
HH015741,0,0,0,0.00,1722605.42,1771933.45,0
HH015742,0,1,1,1657465.89,4085767.70,2463484.28,0
HH015743,0,1,1,2839353.56,6303327.38,3743371.14,0
HH015744,0,0,0,0.00,2779977.13,2881617.36,0
HH015745,0,1,1,614384.89,1821894.39,1058017.85,0
HH015746,1,0,1,2530951.14,2553016.74,22065.60,2
HH015747,0,0,0,0.00,1923986.15,1887555.04,0
HH015748,0,0,0,0.00,5211757.98,6628104.85,0
HH015749,0,0,0,0.00,7064805.97,7265593.97,0
HH015750,0,0,0,0.00,3220099.87,3087877.70,0
HH015751,0,0,0,0.00,8245143.21,8110333.07,0
HH015752,0,0,0,0.00,2738310.27,3254706.63,0
HH015753,0,1,1,714062.23,1789097.72,1543568.51,0
HH015754,0,0,0,0.00,3594094.86,3642290.17,0
HH015755,0,0,0,0.00,50590943.44,46177977.47,0
HH015756,0,0,0,0.00,3145947.27,2808335.29,0
HH015757,0,0,0,0.00,18487939.40,19390801.94,0
HH015758,0,1,1,2012496.91,7317451.39,8056330.18,0
HH015759,0,0,0,0.00,15990654.88,20003840.95,0
HH015760,0,0,0,0.00,21520927.36,25425956.96,0
HH015761,0,0,0,0.00,20512504.56,23884639.51,0
HH015762,0,0,0,0.00,1495986.15,1713367.30,0
HH015763,0,0,0,0.00,24282454.52,20071184.91,0
HH015764,0,0,0,0.00,16361560.18,17070310.98,0
HH015765,,,,,2336702.00,2244165.00,0
HH015766,0,0,0,0.00,25181468.75,25535028.38,0
HH015767,0,0,0,0.00,7485202.86,8555070.97,0
HH015768,0,0,0,0.00,4943286.22,5156303.79,0
HH015769,0,1,1,5946372.82,10497986.92,4905578.12,0
HH015770,0,0,0,0.00,11266235.44,11608141.76,0
HH015771,0,0,0,0.00,2895658.46,3660891.64,0
HH015772,0,1,1,2338680.11,5557354.02,3701633.44,0
HH015773,0,0,0,0.00,66929733.70,66499991.04,0
HH015774,0,0,0,0.00,28856689.78,29078631.37,0
HH015775,0,0,0,0.00,9757633.95,9114407.05,0
HH015776,0,0,0,0.00,4261054.84,5168424.05,0
HH015777,0,0,0,0.00,1000876.77,1178274.34,0
HH015778,0,1,1,4685710.89,9019123.86,4504239.75,0
HH015779,0,0,0,0.00,1833978.88,1939876.38,0
HH015780,0,0,0,0.00,5080894.93,5217439.14,0
HH015781,0,0,0,0.00,6598452.78,7911641.89,0
HH015782,0,0,0,0.00,8180015.21,7934962.69,0
HH015783,0,0,0,0.00,1265901.46,1359494.09,0
HH015784,0,0,0,0.00,2819830.51,3308084.30,0
HH015785,0,0,0,0.00,7097145.65,7531221.96,0
HH015786,0,0,0,0.00,7271300.42,7634478.05,0
HH015787,0,0,0,0.00,1511562.15,1988112.39,0
HH015788,0,0,0,0.00,22690611.30,22307526.58,0
HH015789,0,0,0,0.00,51257129.32,55158825.54,0
HH015790,0,1,1,522592.37,2228975.33,1910376.05,0
HH015791,0,0,0,0.00,4016588.50,4588891.13,0
HH015792,0,0,0,0.00,8602239.97,10577007.86,0
HH015793,0,0,0,0.00,1725208.44,1794084.46,0
HH015794,0,0,0,0.00,20378844.25,22659159.82,0
HH015795,0,0,0,0.00,159542069.83,168807213.35,0
HH015796,0,0,0,0.00,2818293.21,2987293.51,0
HH015797,0,0,0,0.00,29456065.09,38438327.34,0
HH015798,0,0,0,0.00,9222390.91,10253533.65,0
HH015799,0,1,1,1911674.08,3898850.52,2259495.01,0
HH015800,0,1,1,62180613.26,103958270.52,50218997.49,0
HH015801,1,0,1,15918577.28,15997697.05,79119.77,4
HH015802,0,0,0,0.00,3902166.12,4027140.95,0
HH015803,1,0,1,1514824.51,1519391.11,4566.60,2
HH015804,0,0,0,0.00,10868140.02,10965625.33,0
HH015805,0,1,1,1612069.43,2870558.29,1287030.03,0
HH015806,0,0,0,0.00,2894134.24,3437311.31,0
HH015807,0,0,0,0.00,9516392.81,10554015.54,0
HH015808,0,0,0,0.00,3076542.33,5967245.08,0
HH015809,0,0,0,0.00,3172358.08,3409297.59,0
HH015810,0,0,0,0.00,4616491.21,5365981.18,0
HH015811,0,0,0,0.00,16631786.65,18796984.21,0
HH015812,0,0,0,0.00,5273501.16,5734651.35,0
HH015813,0,0,0,0.00,5126051.52,4892634.68,0
HH015814,0,0,0,0.00,3338849.32,3525449.84,0
HH015815,0,0,0,0.00,1869882.59,2086019.97,0
HH015816,0,0,0,0.00,15745308.76,14410889.20,0
HH015817,0,0,0,0.00,7135694.08,8494981.58,0
HH015818,0,0,0,0.00,8143749.86,11786672.05,0
HH015819,0,0,0,0.00,3292767.46,2780153.21,0
HH015820,0,0,0,0.00,6572397.03,6872152.46,0
HH015821,0,0,0,0.00,2584917.20,2991049.60,0
HH015822,0,0,0,0.00,366488025.36,465248236.76,0
HH015823,0,0,0,0.00,2922440.09,3305885.34,0
HH015824,0,0,0,0.00,5231040.79,6731176.92,0
HH015825,0,0,0,0.00,1385036.90,1402294.90,0
HH015826,0,0,0,0.00,79512877.77,86128814.16,0
HH015827,0,0,0,0.00,1441870.61,1502307.30,0
HH015828,0,0,0,0.00,4286177.13,4187139.05,0
HH015829,0,0,0,0.00,4081599.38,4084768.78,0
HH015830,0,0,0,0.00,23717397.65,22541106.23,0
HH015831,0,1,1,1474537.87,5347731.77,3905491.57,0
HH015832,0,0,0,0.00,1289761.75,1334254.36,0
HH015833,0,0,0,0.00,1501648.65,1720679.57,0
HH015834,0,0,0,0.00,1971180.30,2145647.15,0
HH015835,0,0,0,0.00,40341339.07,51894010.13,0
HH015836,0,0,0,0.00,5569049.79,6110182.04,0
HH015837,0,0,0,0.00,5964277.11,7228091.27,0
HH015838,0,0,0,0.00,6678420.99,5600572.57,0
HH015839,0,0,0,0.00,1670155.30,2134935.04,0
HH015840,0,0,0,0.00,4841350.90,5849491.41,0
HH015841,1,0,1,3807979.89,3906490.93,98511.04,5
HH015842,0,0,0,0.00,2281864.48,2202543.51,0
HH015843,0,0,0,0.00,8977250.92,9803178.79,0
HH015844,0,0,0,0.00,5119459.14,5640901.14,0
HH015845,0,0,0,0.00,2915574.21,3223849.47,0
HH015846,0,0,0,0.00,6804868.54,8214784.11,0
HH015847,0,0,0,0.00,1676786.02,1510606.70,0
HH015848,0,0,0,0.00,9770765.01,11687557.45,0
HH015849,1,0,1,25287489.57,25717982.47,430492.90,2
HH015850,0,0,0,0.00,9315714.81,8667524.15,0
HH015851,0,0,0,0.00,9525318.30,10512242.36,0
HH015852,0,0,0,0.00,2540305.05,2268878.04,0
HH015853,0,0,0,0.00,1502956.74,1405204.91,0
HH015854,0,1,1,505534.38,2326211.81,1824719.26,0
HH015855,0,0,0,0.00,2555703.62,2740603.24,0
HH015856,0,0,0,0.00,19221774.06,17209218.70,0
HH015857,0,0,0,0.00,4647428.66,6005113.83,0
HH015858,0,0,0,0.00,1629102.67,1871390.00,0
HH015859,0,0,0,0.00,6266865.89,6834272.32,0
HH015860,0,0,0,0.00,6467620.93,7131500.93,0
HH015861,0,0,0,0.00,8382241.54,9364160.05,0
HH015862,0,0,0,0.00,16301290.57,17757749.21,0
HH015863,0,0,0,0.00,47701358.36,47011948.09,0
HH015864,0,0,0,0.00,3624107.07,3573768.93,0
HH015865,1,0,1,9085254.57,9346699.86,261445.29,3
HH015866,0,1,1,3938399.30,12907727.21,12921766.73,0
HH015867,0,0,0,0.00,3944677.30,4053678.79,0
HH015868,0,0,0,0.00,1785044.83,1865950.42,0
HH015869,0,0,0,0.00,22030541.00,26029471.18,0
HH015870,0,1,1,66667886.10,134035475.49,74731399.17,0
HH015871,0,0,0,0.00,8241872.58,8207710.86,0
HH015872,0,0,0,0.00,2193067.67,2117393.04,0
HH015873,0,0,0,0.00,5825950.90,6177488.43,0
HH015874,0,0,0,0.00,1487111.92,1522700.91,0
HH015875,0,0,0,0.00,1547272.96,1726278.39,0
HH015876,0,0,0,0.00,2072375.97,2399251.20,0
HH015877,0,0,0,0.00,1449957.39,1717318.51,0
HH015878,0,0,0,0.00,3098169.52,3106480.65,0
HH015879,0,0,0,0.00,1986246.08,1972652.98,0
HH015880,0,0,0,0.00,8741660.88,11270806.73,0
HH015881,0,0,0,0.00,8066838.07,11025661.83,0
HH015882,0,0,0,0.00,20650453.03,22391093.40,0
HH015883,0,0,0,0.00,13382313.90,15857503.73,0
HH015884,0,1,1,535409.81,2001486.82,1696754.79,0
HH015885,0,0,0,0.00,1790995.17,2028702.81,0
HH015886,0,0,0,0.00,3994405.62,4425623.86,0
HH015887,0,0,0,0.00,1721071.05,1464547.83,0
HH015888,0,0,0,0.00,6292779.40,6289701.09,0
HH015889,0,0,0,0.00,8137526.54,7713224.75,0
HH015890,1,0,1,3450155.24,3523225.77,73070.53,5
HH015891,0,0,0,0.00,12003128.38,12898350.87,0
HH015892,0,0,0,0.00,1881333.70,1992668.16,0
HH015893,0,1,1,1702334.71,4570347.63,2999255.77,0
HH015894,0,0,0,0.00,4138686.08,5447247.05,0
HH015895,0,0,0,0.00,11098783.40,12082990.37,0
HH015896,0,0,0,0.00,2323913.94,2421359.78,0
HH015897,0,0,0,0.00,9485091.65,10313346.46,0
HH015898,0,0,0,0.00,3350761.26,2819866.22,0
HH015899,0,1,1,1232444.97,4459265.38,3591844.08,0
HH015900,0,1,1,560895.80,1268766.80,796437.94,0
HH015901,0,0,0,0.00,2742641.20,3156580.61,0
HH015902,0,0,0,0.00,9576520.05,10801337.11,0
HH015903,0,1,1,259974.23,1279506.88,777270.27,0
HH015904,0,0,0,0.00,4582927.81,4725062.76,0
HH015905,0,0,0,0.00,2647659.53,2899611.81,0
HH015906,0,0,0,0.00,2169588.56,2170264.98,0
HH015907,0,1,1,788867.61,3575186.46,3155708.12,0
HH015908,0,1,1,24112277.77,42867170.13,19471513.34,0
HH015909,0,0,0,0.00,8829732.91,9521690.37,0
HH015910,0,0,0,0.00,1096198.16,1281725.64,0
HH015911,1,0,1,3746931.27,3772009.79,25078.52,3
HH015912,0,0,0,0.00,3642500.62,3334555.49,0
HH015913,0,0,0,0.00,2043434.47,2376974.49,0
HH015914,0,0,0,0.00,7701341.43,7513920.65,0
HH015915,0,0,0,0.00,2919029.58,2884507.06,0
HH015916,0,0,0,0.00,5203688.30,5261184.39,0
HH015917,0,0,0,0.00,49789582.86,56934107.77,0
HH015918,0,0,0,0.00,8387687.59,7463634.48,0
HH015919,0,0,0,0.00,1681329.53,1702195.05,0
HH015920,0,0,0,0.00,2875812.91,3452371.85,0
HH015921,0,0,0,0.00,14296027.79,15055231.98,0
HH015922,0,0,0,0.00,4767767.96,5196846.05,0
HH015923,0,0,0,0.00,1051541.23,1172190.52,0
HH015924,0,0,0,0.00,4711985.78,5077605.06,0
HH015925,0,0,0,0.00,3922793.87,3641018.09,0
HH015926,0,0,0,0.00,17418036.81,23682005.95,0
HH015927,0,0,0,0.00,2272455.18,2869470.36,0
HH015928,1,0,1,4891271.75,4907930.01,16658.26,5
HH015929,0,0,0,0.00,1424494.15,1423773.02,0
HH015930,0,1,1,647247.96,1377051.67,813509.23,0
HH015931,0,0,0,0.00,28488916.05,30590856.02,0
HH015932,0,0,0,0.00,8059844.33,8966867.60,0
HH015933,0,0,0,0.00,2074949.20,2129328.69,0
HH015934,0,0,0,0.00,1613479.22,1835703.71,0
HH015935,0,0,0,0.00,4877037.34,5570205.53,0
HH015936,0,0,0,0.00,9771024.54,9082163.37,0
HH015937,0,0,0,0.00,4395297.84,4774273.68,0
HH015938,0,0,0,0.00,4911793.98,4768967.44,0
HH015939,0,1,1,967798.20,3766703.29,2976465.18,0
HH015940,1,0,1,2239633.32,2281341.64,41708.32,2
HH015941,0,0,0,0.00,11376004.96,10270232.51,0
HH015942,0,0,0,0.00,3281999.42,3098080.29,0
HH015943,1,0,1,12258449.12,12444324.27,185875.15,1
HH015944,0,0,0,0.00,20389804.58,23723400.16,0
HH015945,0,0,0,0.00,4629025.66,5026307.55,0
HH015946,0,0,0,0.00,8344922.43,8964097.64,0
HH015947,0,0,0,0.00,5314245.17,5536857.97,0
HH015948,1,0,1,3233054.45,3242672.40,9617.95,5
HH015949,0,0,0,0.00,4025536.47,5168609.92,0
HH015950,0,0,0,0.00,77441417.13,83826042.08,0
HH015951,0,0,0,0.00,1499157.13,1602300.44,0
HH015952,0,0,0,0.00,1418989.70,1117762.85,0
HH015953,0,0,0,0.00,16495813.03,16366031.18,0
HH015954,0,0,0,0.00,11577916.94,12525967.06,0
HH015955,0,0,0,0.00,17139502.28,18402406.75,0
HH015956,0,0,0,0.00,2171307.66,1319325.04,0
HH015957,0,0,0,0.00,1994667.73,1936814.87,0
HH015958,0,0,0,0.00,1628364.24,1557590.32,0
HH015959,0,0,0,0.00,2795738.34,2924314.32,0
HH015960,0,0,0,0.00,3863809.49,3939615.30,0
HH015961,0,1,1,1558673.78,2483667.84,935479.61,0
HH015962,0,0,0,0.00,4307260.45,5091443.18,0
HH015963,0,0,0,0.00,4218082.71,4615583.88,0
HH015964,0,0,0,0.00,2608864.58,2564878.84,0
HH015965,0,0,0,0.00,1638755.99,904986.31,0
HH015966,0,0,0,0.00,2875264.43,3111153.26,0
HH015967,0,0,0,0.00,1043896.26,1067884.60,0
HH015968,0,0,0,0.00,4869371.88,5254457.07,0
HH015969,0,0,0,0.00,12537542.56,13853483.96,0
HH015970,0,0,0,0.00,6197123.41,6806134.06,0
HH015971,0,0,0,0.00,22691338.11,20893722.62,0
HH015972,0,0,0,0.00,1023530.84,1160079.12,0
HH015973,0,0,0,0.00,4269052.77,4139353.78,0
HH015974,0,0,0,0.00,1259446.03,1225841.82,0
HH015975,0,0,0,0.00,9119592.59,11403126.57,0
HH015976,0,0,0,0.00,12323090.11,13433373.42,0
HH015977,1,0,1,4655774.65,4675242.33,19467.68,1
HH015978,1,0,1,8022612.57,8098296.40,75683.83,2
HH015979,0,0,0,0.00,4389423.53,4756179.25,0
HH015980,0,0,0,0.00,8907535.27,8851652.40,0
HH015981,0,1,1,968910.97,1856013.42,936720.64,0
HH015982,0,0,0,0.00,10779942.63,11315662.92,0
HH015983,0,0,0,0.00,2713909.61,2990257.25,0
HH015984,0,0,0,0.00,3156901.13,3712244.67,0
HH015985,0,0,0,0.00,25280347.31,25972202.91,0
HH015986,0,0,0,0.00,1758756.15,1015947.18,0
HH015987,0,0,0,0.00,11882765.37,15253748.29,0
HH015988,0,0,0,0.00,29517269.06,25631256.29,0
HH015989,0,0,0,0.00,12305831.45,15411734.72,0
HH015990,0,0,0,0.00,6643287.51,8122269.54,0
HH015991,0,0,0,0.00,16716156.46,21132149.29,0
HH015992,0,0,0,0.00,4026297.04,5087725.58,0
HH015993,0,0,0,0.00,2081047.79,2618137.06,0
HH015994,0,0,0,0.00,25909032.67,23168025.82,0
HH015995,0,0,0,0.00,2498374.96,2475423.22,0
HH015996,0,1,1,1457787.89,6796603.37,6948768.02,0
HH015997,0,0,0,0.00,5235651.07,5315242.65,0
HH015998,0,0,0,0.00,37317804.22,39345034.67,0
HH015999,0,0,0,0.00,14493605.85,15715250.54,0
HH016000,0,0,0,0.00,1628701.02,1551462.51,0
HH016001,0,1,1,938046.37,3176573.88,2398173.45,0
HH016002,0,0,0,0.00,2080533.45,2284509.02,0
HH016003,0,0,0,0.00,6708706.97,8503658.68,0
HH016004,0,0,0,0.00,10799359.39,11567630.36,0
HH016005,0,0,0,0.00,2593888.73,2769737.83,0
HH016006,0,0,0,0.00,5087305.70,5241505.80,0
HH016007,0,0,0,0.00,4717006.85,4345692.04,0
HH016008,0,0,0,0.00,6931887.93,8314240.37,0
HH016009,0,0,0,0.00,24544144.13,28245063.26,0
HH016010,0,1,1,52427297.26,176919298.70,137835468.55,0
HH016011,0,1,1,552952.84,1341112.65,699605.73,0
HH016012,0,0,0,0.00,3504602.15,4215108.60,0
HH016013,0,0,0,0.00,1076563.34,1049606.27,0
HH016014,0,0,0,0.00,1908978.84,1910995.26,0
HH016015,0,0,0,0.00,2505301.79,2482219.66,0
HH016016,1,0,1,4077175.04,4201806.96,124631.92,4
HH016017,0,0,0,0.00,3611875.67,3187642.15,0
HH016018,0,0,0,0.00,11615725.61,12035074.09,0
HH016019,0,1,1,3407603.15,6575050.59,3530366.71,0
HH016020,0,0,0,0.00,7927214.65,8899453.10,0
HH016021,0,0,0,0.00,1493148.01,1585521.96,0
HH016022,1,0,1,6128027.90,6161264.65,33236.75,2
HH016023,0,1,1,3256889.38,11548047.53,9276476.09,0
HH016024,0,0,0,0.00,18614760.05,20663192.29,0
HH016025,0,0,0,0.00,1420523.22,1464303.02,0
HH016026,0,0,0,0.00,14598341.90,15087374.22,0
HH016027,0,0,0,0.00,3872814.80,4034655.36,0
HH016028,0,0,0,0.00,3179569.41,2763503.22,0
HH016029,0,0,0,0.00,16669802.24,16807854.65,0
HH016030,0,0,0,0.00,2786382.79,3532069.74,0
HH016031,0,0,0,0.00,1399837.23,1834761.45,0
HH016032,0,0,0,0.00,7925248.80,8064434.25,0
HH016033,0,0,0,0.00,4501183.82,3013570.11,0
HH016034,0,0,0,0.00,8642496.12,8308290.82,0
HH016035,0,0,0,0.00,22266836.09,18847973.35,0
HH016036,0,0,0,0.00,22204929.20,23019931.09,0
HH016037,0,0,0,0.00,23835347.05,27292073.82,0
HH016038,0,0,0,0.00,7474919.63,9465713.66,0
HH016039,0,1,1,4690304.83,10035999.14,5735377.05,0
HH016040,0,0,0,0.00,3340346.67,3691911.42,0
HH016041,0,1,1,2729512.35,7829760.71,5154583.70,0
HH016042,0,0,0,0.00,1974860.63,1942819.75,0
HH016043,0,0,0,0.00,5015573.88,5054155.31,0
HH016044,0,0,0,0.00,9256104.05,9278399.32,0
HH016045,0,0,0,0.00,6608151.44,6747408.32,0
HH016046,0,0,0,0.00,1549045.76,1197829.91,0
HH016047,0,0,0,0.00,726678649.87,785272067.86,0
HH016048,0,0,0,0.00,7595700.02,9791978.40,0
HH016049,0,1,1,380248.77,1887631.80,1273958.27,0
HH016050,1,0,1,9052757.28,9315123.56,262366.28,3
HH016051,0,1,1,365530.96,1203473.72,874520.34,0
HH016052,1,0,1,12748124.86,13129783.86,381659.00,2
HH016053,0,0,0,0.00,1749069.73,1878334.47,0
HH016054,0,0,0,0.00,6343238.73,6764095.77,0
HH016055,0,0,0,0.00,1809320.80,1991808.96,0
HH016056,0,0,0,0.00,4497856.74,4453003.68,0
HH016057,0,0,0,0.00,5494739.43,5521659.02,0
HH016058,1,0,1,5238532.08,5397970.98,159438.90,2
HH016059,0,0,0,0.00,2192949.56,2442299.03,0
HH016060,0,0,0,0.00,9327753.93,9927581.01,0
HH016061,0,0,0,0.00,1634590.20,1959525.61,0
HH016062,0,0,0,0.00,3861370.17,4724710.58,0
HH016063,0,0,0,0.00,3453918.38,4094097.80,0
HH016064,0,1,1,1886300.74,7398371.63,5349599.66,0
HH016065,1,0,1,3361392.44,3365939.44,4547.00,5
HH016066,0,0,0,0.00,5578025.56,3507164.79,0
HH016067,0,0,0,0.00,2070274.43,2377259.71,0
HH016068,0,0,0,0.00,2455360.95,2768130.72,0
HH016069,0,0,0,0.00,13555856.18,14645561.36,0
HH016070,0,0,0,0.00,12905093.48,12116575.08,0
HH016071,0,0,0,0.00,3897685.96,4357171.81,0
HH016072,0,0,0,0.00,16647354.67,17106615.88,0
HH016073,0,0,0,0.00,27943963.80,20693084.58,0
HH016074,0,0,0,0.00,5861258.79,7590658.81,0
HH016075,0,0,0,0.00,20195399.12,20909493.95,0
HH016076,0,1,1,886669.59,2496800.62,1891383.01,0
HH016077,0,0,0,0.00,3399036.65,4091964.77,0
HH016078,0,0,0,0.00,2138763.29,2454928.38,0
HH016079,0,0,0,0.00,15242277.89,15521555.24,0
HH016080,0,0,0,0.00,1466265.58,1312568.51,0
HH016081,0,0,0,0.00,4633984.17,4791593.45,0
HH016082,0,0,0,0.00,5989019.91,6963774.80,0
HH016083,0,0,0,0.00,16262618.00,14004117.50,0
HH016084,1,0,1,1979691.68,2007608.68,27917.00,6
HH016085,0,0,0,0.00,16199493.15,16403454.51,0
HH016086,0,0,0,0.00,1046240.13,1263835.09,0
HH016087,0,0,0,0.00,2152442.80,2241073.50,0
HH016088,0,1,1,2938341.26,6080057.61,3436654.72,0
HH016089,0,0,0,0.00,8274520.23,7250094.78,0
HH016090,0,0,0,0.00,9116538.93,9309925.64,0
HH016091,0,0,0,0.00,21003632.10,26157103.64,0
HH016092,0,0,0,0.00,5267193.15,5667489.34,0
HH016093,0,1,1,585999.02,1973369.09,876702.06,0
HH016094,0,0,0,0.00,23858706.64,26622289.18,0
HH016095,0,0,0,0.00,3437363.07,3523888.75,0
HH016096,0,0,0,0.00,1650052.13,1651282.03,0
HH016097,0,0,0,0.00,143219379.82,147665646.69,0
HH016098,0,1,1,1855124.36,5662583.80,3966277.99,0
HH016099,0,0,0,0.00,1405668.03,1512726.84,0
HH016100,0,0,0,0.00,18738089.35,18872956.21,0
HH016101,0,0,0,0.00,14186982.40,14614773.74,0
HH016102,0,0,0,0.00,3588033.65,4378168.23,0
HH016103,0,0,0,0.00,11054901.94,12201950.53,0
HH016104,0,0,0,0.00,9336092.60,12962681.01,0
HH016105,0,1,1,1563854.11,7499583.38,6803448.93,0
HH016106,0,1,1,876912.22,3230858.08,2487360.85,0
HH016107,0,0,0,0.00,1229092.70,1328742.26,0
HH016108,0,0,0,0.00,11656802.90,11577644.12,0
HH016109,0,0,0,0.00,2126130.49,1780298.93,0
HH016110,0,0,0,0.00,2111095.99,2040233.66,0
HH016111,0,0,0,0.00,1792155.58,1902933.70,0
HH016112,0,0,0,0.00,1499783.98,1669937.59,0
HH016113,0,0,0,0.00,67151019.36,81112437.05,0
HH016114,0,0,0,0.00,2065630.02,2008369.12,0
HH016115,0,0,0,0.00,4159337.02,4098331.50,0
HH016116,0,0,0,0.00,1312828.57,1051662.29,0
HH016117,0,0,0,0.00,16475188.05,17541294.52,0
HH016118,0,0,0,0.00,9003394.92,9824879.33,0
HH016119,0,0,0,0.00,1365106.24,1455877.78,0
HH016120,,,,,10957343.32,13418993.56,0
HH016121,0,0,0,0.00,8850078.43,8252281.35,0
HH016122,0,0,0,0.00,2114995.66,2685264.81,0
HH016123,0,0,0,0.00,1961309.95,2299572.26,0
HH016124,0,0,0,0.00,2353797.43,2294514.40,0
HH016125,0,0,0,0.00,59601530.87,59138521.80,0
HH016126,0,0,0,0.00,2733211.61,2883464.13,0
HH016127,0,0,0,0.00,2544493.31,2705957.38,0
HH016128,0,0,0,0.00,2248927.25,2155005.89,0
HH016129,0,0,0,0.00,1869376.33,1983340.94,0
HH016130,0,0,0,0.00,9514555.20,11604489.61,0
HH016131,0,0,0,0.00,17576014.34,15504885.86,0
HH016132,0,0,0,0.00,15859433.17,18732063.21,0
HH016133,0,0,0,0.00,4397353.10,5123152.04,0
HH016134,0,0,0,0.00,8893069.58,11646043.39,0
HH016135,0,0,0,0.00,5678197.28,5536462.61,0
HH016136,0,0,0,0.00,3525755.15,3764154.17,0
HH016137,0,1,1,5488816.57,13379323.44,8525476.85,0
HH016138,0,0,0,0.00,2476283.13,2422060.24,0
HH016139,0,0,0,0.00,2407075.48,2381703.35,0
HH016140,0,0,0,0.00,2711391.39,3155939.99,0
HH016141,0,0,0,0.00,14336587.31,15505616.37,0
HH016142,0,0,0,0.00,6708734.92,6255100.95,0
HH016143,0,0,0,0.00,2618266.94,2536933.04,0
HH016144,0,0,0,0.00,25236089.93,27423644.46,0
HH016145,0,0,0,0.00,3266133.19,3625623.85,0
HH016146,0,0,0,0.00,32484544.67,52799264.17,0
HH016147,1,0,1,4030116.42,4070635.84,40519.42,5
HH016148,0,1,1,469796.00,1776964.56,1366425.53,0
HH016149,0,0,0,0.00,17432946.84,18828137.48,0
HH016150,0,0,0,0.00,9011288.76,9719845.80,0
HH016151,0,0,0,0.00,3660322.46,3969682.39,0
HH016152,0,0,0,0.00,17378259.84,21558487.64,0
HH016153,0,0,0,0.00,8041244.61,9878720.03,0
HH016154,0,0,0,0.00,2139139.42,2706031.13,0
HH016155,0,0,0,0.00,5332696.32,7540224.66,0
HH016156,0,0,0,0.00,13417065.05,14923087.55,0
HH016157,0,0,0,0.00,2259057.32,2349128.60,0
HH016158,1,0,1,68829590.77,69204694.13,375103.36,6
HH016159,0,0,0,0.00,3295780.67,3180075.24,0
HH016160,0,0,0,0.00,2179171.02,2361849.41,0
HH016161,0,0,0,0.00,12939152.76,14528902.18,0
HH016162,0,0,0,0.00,34797830.40,36814754.17,0
HH016163,1,0,1,8194816.11,8301737.77,106921.66,2
HH016164,0,0,0,0.00,19354442.06,22942226.63,0
HH016165,0,0,0,0.00,15335770.90,16537795.43,0
HH016166,0,1,1,2957878.59,5352082.98,2742914.92,0
HH016167,0,0,0,0.00,2792431.55,2463051.09,0
HH016168,0,0,0,0.00,10050235.44,11567088.95,0
HH016169,0,0,0,0.00,3186185.24,3582493.05,0
HH016170,0,0,0,0.00,3642243.55,4093894.26,0
HH016171,0,0,0,0.00,7870319.76,8413875.88,0
HH016172,0,0,0,0.00,6683495.26,7606172.39,0
HH016173,0,0,0,0.00,43933177.30,71084271.33,0
HH016174,0,0,0,0.00,2616472.01,2723388.20,0
HH016175,0,0,0,0.00,9910007.86,9719143.73,0
HH016176,1,0,1,9990619.31,10037809.29,47189.98,1
HH016177,0,0,0,0.00,8163911.17,9663260.00,0
HH016178,0,1,1,130902558.82,328958734.37,220959944.46,0
HH016179,0,1,1,2699959.04,12024806.57,9910827.06,0
HH016180,0,0,0,0.00,1585982.03,1544469.54,0
HH016181,0,0,0,0.00,1128863.12,1254877.10,0
HH016182,0,0,0,0.00,3528523.21,4101061.09,0
HH016183,0,0,0,0.00,3545026.22,3739748.98,0
HH016184,0,0,0,0.00,3366121.49,3921251.25,0
HH016185,0,0,0,0.00,41910616.15,42955959.97,0
HH016186,0,0,0,0.00,4480212.80,5522923.03,0
HH016187,0,0,0,0.00,2227238.56,3902845.13,0
HH016188,0,0,0,0.00,3538184.28,3862353.51,0
HH016189,0,1,1,2677012.79,10770535.04,8808486.92,0
HH016190,0,0,0,0.00,3090363.63,2870914.37,0
HH016191,0,0,0,0.00,8860886.92,8178307.47,0
HH016192,0,0,0,0.00,4756632.32,5386358.37,0
HH016193,0,0,0,0.00,65443100.93,71572492.04,0
HH016194,,,,,1801375.50,1824867.00,0
HH016195,0,0,0,0.00,9681574.63,10341224.39,0
HH016196,0,0,0,0.00,2936243.32,2814995.23,0
HH016197,0,1,1,1558078.37,7071557.27,5699940.04,0
HH016198,0,0,0,0.00,5029422.63,4992864.71,0
HH016199,0,0,0,0.00,1157610.98,1195001.67,0
HH016200,0,0,0,0.00,1428657.02,1614090.37,0
HH016201,0,0,0,0.00,6283333.35,8509943.36,0
HH016202,0,1,1,4566335.37,16751334.16,11808848.26,0
HH016203,0,0,0,0.00,3986888.37,4397827.68,0
HH016204,0,0,0,0.00,8527406.95,7893882.23,0
HH016205,0,0,0,0.00,9795790.69,10405017.03,0
HH016206,0,0,0,0.00,9835315.44,10419548.73,0
HH016207,0,0,0,0.00,4227406.59,6902354.12,0
HH016208,1,0,1,2237315.93,2299416.03,62100.10,3
HH016209,1,0,1,4372153.60,4471023.50,98869.90,5
HH016210,0,0,0,0.00,2552535.56,2534394.47,0
HH016211,0,1,1,797017.32,3101539.50,2709850.31,0
HH016212,0,0,0,0.00,10419989.46,13621080.38,0
HH016213,0,0,0,0.00,2361824.56,2240171.56,0
HH016214,0,0,0,0.00,5801793.63,6405787.26,0
HH016215,0,0,0,0.00,1117332.19,1211119.56,0
HH016216,0,0,0,0.00,1478120.91,2098054.76,0
HH016217,0,0,0,0.00,3584423.70,4403225.06,0
HH016218,0,0,0,0.00,2244708.22,2291177.28,0
HH016219,0,0,0,0.00,4113879.84,4507922.29,0
HH016220,0,0,0,0.00,4831737.11,5161211.41,0
HH016221,0,0,0,0.00,4009054.24,4117231.38,0
HH016222,0,0,0,0.00,4707204.73,4855500.19,0
HH016223,0,0,0,0.00,1487443.13,1035295.91,0
HH016224,0,0,0,0.00,1679945.32,2033411.78,0
HH016225,0,0,0,0.00,3008465.91,3206812.48,0
HH016226,0,0,0,0.00,5058024.53,4507934.51,0
HH016227,0,0,0,0.00,6881331.34,8630192.63,0
HH016228,0,0,0,0.00,6377347.02,7585357.12,0
HH016229,0,0,0,0.00,13376903.61,14996838.24,0
HH016230,0,1,1,3417063.58,14016586.30,14397800.37,0
HH016231,0,0,0,0.00,15706585.19,13623162.70,0
HH016232,0,0,0,0.00,4141596.67,5448775.53,0
HH016233,0,0,0,0.00,1525925.14,1650898.56,0
HH016234,0,0,0,0.00,3263131.36,4264384.14,0
HH016235,0,0,0,0.00,1789633.21,2097922.61,0
HH016236,0,0,0,0.00,3600782.66,4177270.05,0
HH016237,0,0,0,0.00,1668069.20,1932968.09,0
HH016238,0,0,0,0.00,34100589.77,35067802.77,0
HH016239,0,0,0,0.00,3130455.60,3893875.23,0
HH016240,0,1,1,1408971.79,3952747.82,2920891.08,0
HH016241,0,0,0,0.00,7319641.12,8671145.19,0
HH016242,0,1,1,434464.75,1209843.24,839313.01,0
HH016243,0,0,0,0.00,1714014.17,1811756.13,0
HH016244,0,0,0,0.00,9748895.48,10855454.70,0
HH016245,0,0,0,0.00,3033182.97,3276504.70,0
HH016246,0,0,0,0.00,7302827.20,7158537.99,0
HH016247,0,0,0,0.00,5210447.90,5584276.75,0
HH016248,0,0,0,0.00,4222752.11,5180638.02,0
HH016249,0,0,0,0.00,6993196.13,7227842.82,0
HH016250,0,0,0,0.00,3179961.07,3880459.58,0
HH016251,0,0,0,0.00,15792691.99,18980731.12,0
HH016252,0,0,0,0.00,10128019.40,10452484.89,0
HH016253,0,0,0,0.00,4060034.38,3970827.52,0
HH016254,0,0,0,0.00,21360824.97,21974733.59,0
HH016255,0,0,0,0.00,4482329.46,5408838.80,0
HH016256,0,0,0,0.00,10599151.24,9921716.14,0
HH016257,0,0,0,0.00,2645302.94,2132080.08,0
HH016258,0,0,0,0.00,4118058.67,4470031.80,0
HH016259,0,0,0,0.00,8367005.62,10013950.49,0
HH016260,0,0,0,0.00,10102915.15,11227806.98,0
HH016261,0,0,0,0.00,45205804.61,48246676.51,0
HH016262,0,0,0,0.00,10013604.59,11996408.91,0
HH016263,0,0,0,0.00,18592707.51,19567965.81,0
HH016264,0,0,0,0.00,1171963.20,1087600.69,0
HH016265,0,0,0,0.00,5885044.68,5446276.76,0
HH016266,0,0,0,0.00,4819282.80,5240344.85,0
HH016267,0,0,0,0.00,6725120.06,6561302.48,0
HH016268,0,0,0,0.00,5929011.26,5764157.79,0
HH016269,0,0,0,0.00,4898254.41,5026234.53,0
HH016270,0,0,0,0.00,3464701.15,3565497.90,0
HH016271,0,0,0,0.00,23097617.31,24002170.74,0
HH016272,0,0,0,0.00,88956095.11,130854207.71,0
HH016273,0,1,1,475734.40,1847769.00,1435902.26,0
HH016274,0,0,0,0.00,1043995.51,1100724.15,0
HH016275,0,0,0,0.00,3296196.34,3406641.21,0
HH016276,0,0,0,0.00,2542289.49,2359321.91,0
HH016277,0,0,0,0.00,2087642.73,1232519.47,0
HH016278,0,0,0,0.00,2384384.19,2515842.04,0
HH016279,0,0,0,0.00,2911690.32,6527239.20,0
HH016280,0,0,0,0.00,2480268.16,2388078.15,0
HH016281,0,0,0,0.00,7998531.97,7337136.75,0
HH016282,0,0,0,0.00,1823010.99,2503545.48,0
HH016283,0,0,0,0.00,1890101.65,2053011.14,0
HH016284,1,0,1,1203167.56,1210317.66,7150.10,1
HH016285,0,0,0,0.00,1231675.73,1388098.73,0
HH016286,0,0,0,0.00,1438334.34,1853975.87,0
HH016287,0,0,0,0.00,1204949.21,1269414.41,0
HH016288,0,0,0,0.00,2961728.96,3043600.86,0
HH016289,0,0,0,0.00,6232349.37,6075556.50,0
HH016290,0,0,0,0.00,8343079.72,8748049.32,0
HH016291,0,0,0,0.00,1266058.52,1686931.05,0
HH016292,0,1,1,10012278.06,33561699.81,22681341.37,0
HH016293,0,1,1,1092088.93,3410337.03,1858711.97,0
HH016294,0,0,0,0.00,5492923.57,5175200.86,0
HH016295,0,0,0,0.00,2729346.51,2689836.63,0
HH016296,0,0,0,0.00,4609549.39,5653026.63,0
HH016297,0,1,1,1102176.32,2427026.02,1336358.22,0
HH016298,0,1,1,3814636.44,8845437.39,5439871.13,0
HH016299,1,0,1,8761705.93,8944102.99,182397.06,4
HH016300,0,0,0,0.00,11743170.69,20189018.35,0
HH016301,0,0,0,0.00,23363078.36,28527311.55,0
HH016302,0,0,0,0.00,5026159.55,4840001.18,0
HH016303,1,0,1,17073101.88,17082164.94,9063.06,2
HH016304,0,0,0,0.00,4172129.97,3912444.66,0
HH016305,0,0,0,0.00,2392013.37,2953889.91,0
HH016306,0,0,0,0.00,4414004.37,4738800.65,0
HH016307,0,0,0,0.00,2152187.20,2398327.13,0
HH016308,0,0,0,0.00,27697568.34,29490853.66,0
HH016309,0,0,0,0.00,7951829.13,8976802.09,0
HH016310,0,0,0,0.00,4001877.21,4702967.35,0
HH016311,0,1,1,7269816.69,17751196.36,10811344.55,0
HH016312,0,0,0,0.00,53106596.19,58200829.72,0
HH016313,0,0,0,0.00,3745822.92,4050683.48,0
HH016314,0,0,0,0.00,17630428.08,17239718.23,0
HH016315,0,0,0,0.00,13149094.26,15751012.92,0
HH016316,0,0,0,0.00,6656491.77,6954774.70,0
HH016317,0,1,1,1315968.23,2744115.20,1534579.97,0
HH016318,0,1,1,5169426.94,15350011.29,10792329.63,0
HH016319,0,0,0,0.00,3721774.63,3119964.80,0
HH016320,0,0,0,0.00,2260552.92,2125479.82,0
HH016321,0,0,0,0.00,1109966.90,1203394.90,0
HH016322,1,0,1,1666110.85,1711369.32,45258.47,6
HH016323,0,0,0,0.00,1580048.38,1600996.69,0
HH016324,0,0,0,0.00,11564771.02,12054880.66,0
HH016325,0,0,0,0.00,31545324.38,29472151.98,0
HH016326,0,0,0,0.00,6184942.14,5720277.47,0
HH016327,0,0,0,0.00,1704022.95,1631015.41,0
HH016328,0,0,0,0.00,26358121.81,27484588.33,0
HH016329,0,0,0,0.00,6859313.29,8211563.96,0
HH016330,0,0,0,0.00,43304740.76,41330818.29,0
HH016331,0,0,0,0.00,8381961.50,5014872.37,0
HH016332,0,0,0,0.00,2453873.94,2410120.54,0
HH016333,0,0,0,0.00,79143314.66,83147852.76,0
HH016334,0,0,0,0.00,1968916.25,2029917.93,0
HH016335,1,0,1,8034755.55,8069552.98,34797.43,4
HH016336,1,0,1,4847904.83,4876695.27,28790.44,1
HH016337,0,0,0,0.00,11345094.84,11687266.91,0
HH016338,0,0,0,0.00,5508777.68,6297787.03,0
HH016339,1,0,1,5783421.82,5874872.55,91450.73,4
HH016340,0,1,1,5038285.00,20991339.19,13927359.10,0
HH016341,0,0,0,0.00,3527824.88,4351945.85,0
HH016342,0,1,1,2582853.39,6648156.00,3804863.64,0
HH016343,0,0,0,0.00,1678672.06,1733781.88,0
HH016344,0,0,0,0.00,7223593.94,6170830.16,0
HH016345,0,0,0,0.00,1016136.39,1147926.21,0
HH016346,1,0,1,3582948.13,3599369.24,16421.11,5
HH016347,0,0,0,0.00,2030051.07,2100845.69,0
HH016348,0,1,1,3743095.15,13764685.29,11859599.53,0
HH016349,0,1,1,1271940.80,3172867.63,1466008.34,0
HH016350,0,0,0,0.00,10111871.34,11512306.18,0
HH016351,0,0,0,0.00,4338483.07,4626849.45,0
HH016352,0,0,0,0.00,1571373.60,1655692.56,0
HH016353,0,0,0,0.00,2453931.48,2681536.33,0
HH016354,0,0,0,0.00,5586019.44,6147693.22,0
HH016355,0,0,0,0.00,14350743.52,15591663.94,0
HH016356,0,0,0,0.00,2511118.83,2787945.43,0
HH016357,0,0,0,0.00,1749197.24,1922221.66,0
HH016358,0,0,0,0.00,41387202.67,48396218.52,0
HH016359,0,0,0,0.00,6631903.48,7582985.34,0
HH016360,0,0,0,0.00,9685764.56,11088329.18,0
HH016361,0,0,0,0.00,13068372.00,13736025.00,0
HH016362,0,0,0,0.00,8434865.15,8413480.17,0
HH016363,0,0,0,0.00,32467265.00,34535693.11,0
HH016364,0,0,0,0.00,2201286.57,1668330.89,0
HH016365,0,0,0,0.00,1097589.83,1452735.78,0
HH016366,0,0,0,0.00,1484643.30,1676787.01,0
HH016367,0,0,0,0.00,120949514.89,142492450.47,0
HH016368,0,0,0,0.00,8237795.43,10277499.78,0
HH016369,0,0,0,0.00,20328951.88,18272480.66,0
HH016370,0,0,0,0.00,3261074.32,3623589.37,0
HH016371,0,1,1,1413683.37,5237973.78,2986441.49,0
HH016372,0,0,0,0.00,4197237.80,5061640.70,0
HH016373,0,0,0,0.00,13258594.93,11652037.40,0
HH016374,0,0,0,0.00,9825876.89,10160542.11,0
HH016375,0,0,0,0.00,58928723.37,62678111.40,0
HH016376,0,0,0,0.00,7186128.12,6714229.93,0
HH016377,0,0,0,0.00,1817041.80,2778603.60,0
HH016378,0,0,0,0.00,8949568.56,10093022.18,0
HH016379,0,0,0,0.00,9663711.18,11670932.03,0
HH016380,0,0,0,0.00,7089930.80,8308916.47,0
HH016381,0,1,1,1076085.41,3034816.51,2046280.12,0
HH016382,0,1,1,1376444.63,2458114.36,1164525.24,0
HH016383,0,0,0,0.00,10157871.26,12476631.31,0
HH016384,0,0,0,0.00,2466282.99,2453814.90,0
HH016385,0,0,0,0.00,4859026.55,4978311.57,0
HH016386,0,0,0,0.00,2790567.06,3662211.53,0
HH016387,0,0,0,0.00,6317112.14,7061560.39,0
HH016388,0,0,0,0.00,18781415.26,19968293.45,0
HH016389,0,0,0,0.00,11551128.27,10641085.29,0
HH016390,0,0,0,0.00,2413674.16,2489962.16,0
HH016391,0,1,1,510137.13,1622603.08,1042001.46,0
HH016392,0,1,1,827295.14,1481737.32,704275.49,0
HH016393,0,0,0,0.00,6125081.20,5550466.86,0
HH016394,0,0,0,0.00,1237710.39,1323357.14,0
HH016395,0,0,0,0.00,1140461.68,1147227.87,0
HH016396,0,0,0,0.00,32835971.64,34289001.98,0
HH016397,0,1,1,1135237.28,2628204.05,1585664.04,0
HH016398,0,0,0,0.00,5822486.05,5925216.90,0
HH016399,0,0,0,0.00,9976652.39,12740882.04,0
HH016400,1,0,1,2512362.76,2575148.65,62785.89,1
HH016401,0,0,0,0.00,3610915.63,3440403.13,0
HH016402,0,0,0,0.00,1528013.60,1580590.10,0
HH016403,0,0,0,0.00,4534000.45,4918813.84,0
HH016404,0,1,1,628882.31,1521437.75,962949.76,0
HH016405,0,0,0,0.00,3884906.82,4248663.34,0
HH016406,0,0,0,0.00,7778570.21,7323540.96,0
HH016407,0,0,0,0.00,5899519.30,5923174.04,0
HH016408,0,1,1,1022949.43,1844001.68,878994.77,0
HH016409,0,1,1,5882464.86,11184743.23,6106077.41,0
HH016410,0,0,0,0.00,1024909.04,977311.05,0
HH016411,0,0,0,0.00,1810124.98,1639533.60,0
HH016412,0,0,0,0.00,2461040.47,2687526.85,0
HH016413,0,0,0,0.00,7392905.87,8342817.92,0
HH016414,0,0,0,0.00,1539210.70,1696418.39,0
HH016415,0,0,0,0.00,1747460.57,1967297.20,0
HH016416,0,1,1,1113138.56,1850700.82,632641.19,0
HH016417,0,0,0,0.00,2984065.90,3463694.60,0
HH016418,0,0,0,0.00,1591923.28,1633289.46,0
HH016419,0,0,0,0.00,1244941.83,1406097.36,0
HH016420,0,0,0,0.00,3180788.51,3686438.41,0
HH016421,0,0,0,0.00,4799633.17,5250575.31,0
HH016422,1,0,1,4056728.52,4101862.50,45133.98,2
HH016423,0,0,0,0.00,12303351.19,13131301.03,0
HH016424,0,0,0,0.00,1624009.41,1664862.74,0
HH016425,0,0,0,0.00,2593562.87,3248959.49,0
HH016426,0,1,1,2862343.11,9552828.26,5411747.05,0
HH016427,0,0,0,0.00,1771916.53,1643136.52,0
HH016428,0,0,0,0.00,2028054.34,2695601.12,0
HH016429,0,1,1,411016.37,1592076.94,757150.18,0
HH016430,0,0,0,0.00,9695742.06,10051533.23,0
HH016431,1,0,1,2241346.84,2264722.67,23375.83,4
HH016432,0,0,0,0.00,1158538.00,1304968.41,0
HH016433,0,0,0,0.00,6906877.32,8203621.68,0
HH016434,0,1,1,1066122.33,3061552.62,1791845.31,0
HH016435,0,0,0,0.00,18646169.25,19719525.54,0
HH016436,0,0,0,0.00,15919774.44,16254833.47,0
HH016437,0,0,0,0.00,2434242.22,2246829.82,0
HH016438,0,0,0,0.00,7506837.86,9850275.21,0
HH016439,0,0,0,0.00,4324383.66,5184844.35,0
HH016440,0,0,0,0.00,4475739.03,4432568.87,0
HH016441,0,0,0,0.00,1505012.44,1468702.28,0
HH016442,0,0,0,0.00,1290069.04,1388497.71,0
HH016443,0,1,1,867194.85,2539408.86,1786876.11,0
HH016444,0,0,0,0.00,4143447.45,5503140.21,0
HH016445,0,0,0,0.00,2207202.61,2710466.64,0
HH016446,0,0,0,0.00,8008232.20,11141324.15,0
HH016447,0,0,0,0.00,1134345.77,1184619.68,0
HH016448,0,0,0,0.00,30031716.85,31524954.90,0
HH016449,1,0,1,9007412.15,9078902.09,71489.94,2
HH016450,0,0,0,0.00,4096381.77,4125992.59,0
HH016451,0,0,0,0.00,1349924.45,1276678.09,0
HH016452,0,0,0,0.00,4649202.05,5266967.72,0
HH016453,0,1,1,642669.76,2117292.80,1574354.08,0
HH016454,0,0,0,0.00,18692143.04,20699829.17,0
HH016455,0,0,0,0.00,9987411.86,11669711.06,0
HH016456,0,0,0,0.00,4061720.88,4674139.55,0
HH016457,0,0,0,0.00,9457413.80,9976509.27,0
HH016458,0,0,0,0.00,3921600.47,4587227.13,0
HH016459,0,0,0,0.00,4346814.83,4169604.73,0
HH016460,0,0,0,0.00,6747284.03,8222354.16,0
HH016461,0,0,0,0.00,6162371.69,5849894.57,0
HH016462,0,0,0,0.00,15766930.81,19510673.56,0
HH016463,0,0,0,0.00,1484021.12,1679876.80,0
HH016464,0,0,0,0.00,42940221.26,35049892.03,0
HH016465,0,0,0,0.00,6993351.60,6549776.66,0
HH016466,0,0,0,0.00,1265855.45,1255383.63,0
HH016467,0,0,0,0.00,20245124.19,22160761.79,0
HH016468,0,0,0,0.00,24185608.29,26689344.55,0
HH016469,0,0,0,0.00,4360875.02,3899755.94,0
HH016470,0,1,1,1659392.45,2747104.97,1155843.37,0
HH016471,0,0,0,0.00,17464854.69,17092156.12,0
HH016472,0,0,0,0.00,2383153.23,2228438.60,0
HH016473,0,0,0,0.00,25731548.14,27014332.03,0
HH016474,0,1,1,833130.24,1394334.85,698638.05,0
HH016475,0,0,0,0.00,1380452.66,1393024.35,0
HH016476,0,1,1,616397.17,1388560.84,845820.66,0
HH016477,0,0,0,0.00,53360298.61,67443307.60,0
HH016478,0,0,0,0.00,8141131.13,8542913.28,0
HH016479,0,0,0,0.00,2025173.45,2354646.51,0
HH016480,0,1,1,366214.12,1428154.79,771253.33,0
HH016481,0,0,0,0.00,11213021.99,12478599.46,0
HH016482,0,0,0,0.00,1018219.39,1173989.48,0
HH016483,0,0,0,0.00,17552247.48,20259781.36,0
HH016484,0,0,0,0.00,8768290.03,8883713.51,0
HH016485,0,0,0,0.00,6737195.39,7495188.60,0
HH016486,0,1,1,5252119.31,10426858.88,6167410.28,0
HH016487,0,0,0,0.00,16150365.13,15557331.62,0
HH016488,0,0,0,0.00,52420289.35,59302872.13,0
HH016489,0,0,0,0.00,3937369.07,4242296.47,0
HH016490,0,0,0,0.00,1498420.63,1512339.94,0
HH016491,0,0,0,0.00,11160263.72,12581210.30,0
HH016492,0,0,0,0.00,43976360.89,50954468.71,0
HH016493,0,0,0,0.00,5584656.22,6366689.87,0
HH016494,0,0,0,0.00,22805485.82,24886227.08,0
HH016495,0,0,0,0.00,4206799.19,5435332.40,0
HH016496,0,0,0,0.00,7256656.91,7286105.70,0
HH016497,0,0,0,0.00,3897075.73,2837024.53,0
HH016498,0,0,0,0.00,2792058.23,3350113.61,0
HH016499,0,0,0,0.00,11182191.33,9761822.14,0
HH016500,0,0,0,0.00,1696291.09,1388183.61,0
HH016501,0,0,0,0.00,4511126.47,4914892.54,0
HH016502,1,0,1,6375869.89,6417058.96,41189.07,3
HH016503,1,0,1,3787175.87,3882003.32,94827.45,4
HH016504,1,0,1,1848479.96,1872241.93,23761.97,2
HH016505,0,0,0,0.00,5477102.03,5488962.06,0
HH016506,0,0,0,0.00,5392272.40,5893752.36,0
HH016507,0,0,0,0.00,10987801.82,10156241.85,0
HH016508,0,0,0,0.00,20598692.67,26726094.32,0
HH016509,0,0,0,0.00,1625870.15,1654670.10,0
HH016510,0,0,0,0.00,8231502.39,9221888.49,0
HH016511,0,0,0,0.00,8151268.01,9257470.72,0
HH016512,0,0,0,0.00,5145104.79,7791847.98,0
HH016513,1,0,1,1385125.32,1423517.66,38392.34,2
HH016514,0,0,0,0.00,2115909.15,1918374.43,0
HH016515,0,0,0,0.00,10640802.20,10036919.08,0
HH016516,0,0,0,0.00,7768951.49,8295407.03,0
HH016517,0,0,0,0.00,3138286.97,3154862.11,0
HH016518,0,0,0,0.00,4989289.94,5284218.60,0
HH016519,0,0,0,0.00,3743427.21,4621434.84,0
HH016520,0,0,0,0.00,2478680.31,2523616.78,0
HH016521,0,0,0,0.00,1202899.23,2482709.95,0
HH016522,0,0,0,0.00,6603673.05,7931206.88,0
HH016523,0,0,0,0.00,2056175.86,1629697.39,0
HH016524,0,0,0,0.00,4772273.46,5228107.89,0
HH016525,0,0,0,0.00,1983725.85,2169718.16,0
HH016526,0,0,0,0.00,3056890.37,3186425.68,0
HH016527,0,0,0,0.00,2192891.11,2583401.69,0
HH016528,0,0,0,0.00,2990866.99,3734355.84,0
HH016529,0,1,1,3237403.71,12128972.60,9780465.43,0
HH016530,0,0,0,0.00,9257565.84,9598924.96,0
HH016531,0,0,0,0.00,2363156.95,2346991.24,0
HH016532,0,0,0,0.00,1239187.44,1497076.28,0
HH016533,0,0,0,0.00,69109989.33,66109189.50,0
HH016534,0,0,0,0.00,5138857.77,6406493.57,0
HH016535,0,0,0,0.00,6710525.75,8550131.78,0
HH016536,0,0,0,0.00,1836411.07,2047037.82,0
HH016537,0,0,0,0.00,1010760.27,1051582.84,0
HH016538,0,0,0,0.00,22681521.34,22951545.76,0
HH016539,0,0,0,0.00,8468720.71,7805065.65,0
HH016540,0,0,0,0.00,2458072.88,1099279.58,0
HH016541,0,0,0,0.00,7935385.59,7428732.71,0
HH016542,0,0,0,0.00,11534962.09,11288661.16,0
HH016543,0,0,0,0.00,1658748.70,1728697.51,0
HH016544,1,0,1,28615814.34,28876651.93,260837.59,1
HH016545,0,0,0,0.00,1339828.02,1417653.98,0
HH016546,0,0,0,0.00,19704235.92,20596927.11,0
HH016547,0,0,0,0.00,1791386.86,1974819.65,0
HH016548,0,1,1,1103441.34,3814191.23,2661743.68,0
HH016549,0,0,0,0.00,4720961.15,4403940.43,0
HH016550,0,0,0,0.00,4506073.11,4499975.05,0
HH016551,0,1,1,26887307.16,49700363.22,24535624.17,0
HH016552,0,0,0,0.00,5270994.90,5668335.90,0
HH016553,0,0,0,0.00,12317909.13,15802816.91,0
HH016554,0,0,0,0.00,7794914.33,8862608.02,0
HH016555,0,0,0,0.00,10442701.97,11624216.38,0
HH016556,0,0,0,0.00,2264130.21,2402833.54,0
HH016557,0,0,0,0.00,3371319.49,3813834.83,0
HH016558,0,0,0,0.00,1636042.29,2026530.00,0
HH016559,0,1,1,590814.94,2441261.90,1847543.75,0
HH016560,1,0,1,4991938.12,5139047.66,147109.54,1
HH016561,1,0,1,2009263.57,2047560.99,38297.42,6
HH016562,0,0,0,0.00,5058041.28,5486045.70,0
HH016563,0,0,0,0.00,13511070.99,15435344.87,0
HH016564,0,0,0,0.00,2830417.44,2928642.28,0
HH016565,0,0,0,0.00,1402559.35,1494995.68,0
HH016566,0,0,0,0.00,10407495.68,13151850.27,0
HH016567,0,0,0,0.00,1317941.55,1393666.76,0
HH016568,0,0,0,0.00,1379069.56,1390851.14,0
HH016569,0,0,0,0.00,3479243.70,3555972.80,0
HH016570,0,0,0,0.00,1494341.69,1530032.24,0
HH016571,0,0,0,0.00,6512631.95,7237827.06,0
HH016572,0,0,0,0.00,1727314.98,2076836.89,0
HH016573,0,1,1,423921.65,1632532.58,800543.81,0
HH016574,0,0,0,0.00,1417478.52,1488240.03,0
HH016575,0,0,0,0.00,5020998.56,5075165.23,0
HH016576,0,0,0,0.00,37144107.67,36606741.67,0
HH016577,0,0,0,0.00,4902272.65,5390148.18,0
HH016578,0,0,0,0.00,1315887.70,1305294.90,0
HH016579,0,0,0,0.00,4587234.31,5092734.58,0
HH016580,0,0,0,0.00,3008039.46,3885403.01,0
HH016581,0,0,0,0.00,2607232.45,2821830.24,0
HH016582,0,0,0,0.00,1145101.05,1231861.62,0
HH016583,0,0,0,0.00,9425914.20,14913291.48,0
HH016584,0,0,0,0.00,4014938.78,4238706.49,0
HH016585,0,0,0,0.00,14516954.96,13329148.98,0
HH016586,0,1,1,2371216.34,5150464.55,3172024.11,0
HH016587,0,0,0,0.00,4343757.38,5198117.88,0
HH016588,0,1,1,444036.03,1953552.65,1954163.83,0
HH016589,0,0,0,0.00,2759080.37,2945779.12,0
HH016590,0,1,1,19731472.41,37943875.89,21286625.06,0
HH016591,0,0,0,0.00,11282183.70,11803879.44,0
HH016592,0,0,0,0.00,2483034.50,2630625.31,0
HH016593,1,0,1,4132285.41,4247307.49,115022.08,6
HH016594,0,0,0,0.00,4137226.54,4559968.34,0
HH016595,0,0,0,0.00,5858397.38,6009959.12,0
HH016596,0,0,0,0.00,11309306.70,13250712.82,0
HH016597,0,0,0,0.00,3280203.02,4178789.79,0
HH016598,0,0,0,0.00,11175687.34,10146662.25,0
HH016599,0,0,0,0.00,2629993.03,2716151.01,0
HH016600,0,0,0,0.00,2542721.69,2761414.46,0
HH016601,0,0,0,0.00,9444703.59,6565750.37,0
HH016602,0,0,0,0.00,1587159.55,1626517.29,0
HH016603,0,0,0,0.00,14834868.76,16794402.45,0
HH016604,0,0,0,0.00,7486180.34,7296064.36,0
HH016605,0,0,0,0.00,11743271.45,10870817.84,0
HH016606,0,0,0,0.00,6468837.97,6265878.05,0
HH016607,0,0,0,0.00,18216451.84,17981213.74,0
HH016608,0,0,0,0.00,3864341.32,4731392.48,0
HH016609,0,0,0,0.00,2377240.92,2386928.78,0
HH016610,0,0,0,0.00,1252740.25,1403244.59,0
HH016611,0,0,0,0.00,2111279.10,2059632.27,0
HH016612,0,0,0,0.00,6304523.45,6521582.32,0
HH016613,0,0,0,0.00,8408376.05,9588206.65,0
HH016614,0,0,0,0.00,15481488.90,20177840.68,0
HH016615,0,0,0,0.00,4677518.33,5600321.19,0
HH016616,0,0,0,0.00,19281634.59,24547714.68,0
HH016617,1,0,1,22780955.34,23150147.48,369192.14,3
HH016618,0,0,0,0.00,92295328.85,89163943.52,0
HH016619,0,1,1,780910.22,3035740.09,2340429.98,0
HH016620,0,0,0,0.00,5293572.37,5554175.89,0
HH016621,0,0,0,0.00,8276717.95,8571063.84,0
HH016622,0,0,0,0.00,3940343.03,4432033.12,0
HH016623,0,0,0,0.00,2305150.46,2351660.16,0
HH016624,1,0,1,6043626.42,6080988.58,37362.16,4
HH016625,0,0,0,0.00,3894565.83,4008905.03,0
HH016626,0,0,0,0.00,2031128.95,2226030.18,0
HH016627,0,0,0,0.00,3760180.10,3883081.80,0
HH016628,0,0,0,0.00,4775489.00,3936202.17,0
HH016629,0,0,0,0.00,14144971.42,14741108.30,0
HH016630,0,0,0,0.00,3993670.36,4310504.14,0
HH016631,0,0,0,0.00,1902935.55,2279773.35,0
HH016632,0,0,0,0.00,1739638.44,1786536.00,0
HH016633,0,0,0,0.00,9334320.99,10146550.29,0
HH016634,0,0,0,0.00,2628358.23,2867624.20,0
HH016635,0,0,0,0.00,7556442.58,8197667.43,0
HH016636,0,0,0,0.00,7387371.20,7668082.37,0
HH016637,0,0,0,0.00,32440866.27,34026033.89,0
HH016638,0,0,0,0.00,2392636.26,2469282.73,0
HH016639,0,0,0,0.00,6983073.76,6536442.20,0
HH016640,0,0,0,0.00,1250130.95,1230576.62,0
HH016641,0,1,1,259954.54,1255330.54,1303761.92,0
HH016642,0,0,0,0.00,33439754.95,56251565.80,0
HH016643,0,0,0,0.00,8688651.00,8248652.95,0
HH016644,0,0,0,0.00,6263538.73,8435270.36,0
HH016645,0,0,0,0.00,1466991.99,1377291.19,0
HH016646,1,0,1,4126426.57,4207424.38,80997.81,1
HH016647,0,0,0,0.00,4183952.61,3847018.09,0
HH016648,1,0,1,1228589.45,1233542.24,4952.79,3
HH016649,0,1,1,6514856.95,12352553.01,5530377.68,0
HH016650,0,1,1,632972.52,2022664.44,1900527.36,0
HH016651,0,0,0,0.00,9527536.57,9551844.60,0
HH016652,0,0,0,0.00,93158620.94,85504225.53,0
HH016653,0,0,0,0.00,3952699.66,4092143.85,0
HH016654,0,0,0,0.00,1555188.66,1812303.91,0
HH016655,0,1,1,648358.05,1932210.71,1590374.54,0
HH016656,0,0,0,0.00,2333575.00,2660756.53,0
HH016657,0,0,0,0.00,2379200.43,2487897.68,0
HH016658,0,0,0,0.00,13235637.46,16422843.37,0
HH016659,0,0,0,0.00,3654451.86,3404830.82,0
HH016660,0,0,0,0.00,1745722.46,1784438.74,0
HH016661,0,0,0,0.00,10949551.84,13070386.03,0
HH016662,0,0,0,0.00,7151675.97,7385008.65,0
HH016663,0,0,0,0.00,1201918.15,596612.62,0
HH016664,0,0,0,0.00,12331154.51,16782423.76,0
HH016665,0,0,0,0.00,51297671.18,39747360.60,0
HH016666,0,0,0,0.00,1764488.21,1823586.92,0
HH016667,0,1,1,973400.88,2453511.69,1966518.50,0
HH016668,0,0,0,0.00,5333151.75,6068507.08,0
HH016669,,,,,1983349.01,2581550.21,0
HH016670,1,0,1,3295506.76,3339428.19,43921.43,1
HH016671,0,0,0,0.00,19664295.33,22059086.26,0
HH016672,0,1,1,809034.33,1443529.69,762736.24,0
HH016673,0,0,0,0.00,1630432.49,1479034.14,0
HH016674,0,0,0,0.00,1657863.80,1777749.07,0
HH016675,0,0,0,0.00,7785744.50,8378005.60,0
HH016676,0,0,0,0.00,4427900.95,4674255.54,0
HH016677,0,0,0,0.00,1139634.23,1004785.05,0
HH016678,0,0,0,0.00,19469172.72,18340125.24,0
HH016679,0,0,0,0.00,27381152.43,27899649.93,0
HH016680,0,1,1,587477.26,2060734.34,1463725.51,0
HH016681,0,0,0,0.00,10485959.47,13256126.06,0
HH016682,0,0,0,0.00,10028405.58,10244588.02,0
HH016683,0,0,0,0.00,20850563.55,23937097.56,0
HH016684,0,0,0,0.00,1615461.71,1877371.38,0
HH016685,0,1,1,1477930.56,5494127.94,4291419.23,0
HH016686,0,0,0,0.00,3079781.91,3305817.92,0
HH016687,0,0,0,0.00,12433095.90,19500884.64,0
HH016688,0,0,0,0.00,4564898.29,5564025.93,0
HH016689,1,0,1,1286322.80,1299085.42,12762.62,3
HH016690,0,0,0,0.00,1736815.72,1567811.71,0
HH016691,0,0,0,0.00,1657526.84,1504900.19,0
HH016692,0,0,0,0.00,14250004.96,15244139.43,0
HH016693,0,0,0,0.00,7137495.09,6891682.71,0
HH016694,0,1,1,667796.38,1047337.30,457361.74,0
HH016695,0,0,0,0.00,8684299.11,8640109.44,0
HH016696,0,0,0,0.00,4675683.67,3575163.48,0
HH016697,0,1,1,428944.63,1689258.84,1183402.20,0
HH016698,0,0,0,0.00,3461023.50,4751898.61,0
HH016699,0,1,1,937171.87,2415316.80,1364923.69,0
HH016700,0,0,0,0.00,7651724.79,8138691.26,0
HH016701,0,0,0,0.00,9150080.04,8434249.05,0
HH016702,0,0,0,0.00,1809738.91,2006757.43,0
HH016703,0,0,0,0.00,20831811.23,19058911.52,0
HH016704,0,0,0,0.00,3011744.10,3312221.15,0
HH016705,0,0,0,0.00,1421968.30,1258471.91,0
HH016706,0,0,0,0.00,18181292.58,24524682.85,0
HH016707,0,0,0,0.00,6161185.85,6136569.29,0
HH016708,0,0,0,0.00,6012059.64,7131311.06,0
HH016709,0,0,0,0.00,8666978.21,8435117.50,0
HH016710,0,0,0,0.00,3301263.06,3249003.68,0
HH016711,0,0,0,0.00,16989786.24,19979163.49,0
HH016712,0,0,0,0.00,6510460.91,7163006.93,0
HH016713,0,0,0,0.00,4167601.16,4743673.44,0
HH016714,0,0,0,0.00,3503496.44,3797964.98,0
HH016715,0,0,0,0.00,2131203.45,3032556.67,0
HH016716,0,1,1,1405756.61,3834418.19,2504003.06,0
HH016717,0,0,0,0.00,1744826.57,1826935.09,0
HH016718,0,0,0,0.00,17641621.31,20758228.93,0
HH016719,0,0,0,0.00,3070685.81,4602134.29,0
HH016720,0,0,0,0.00,24323582.89,26708194.71,0
HH016721,0,0,0,0.00,13981768.26,13509819.45,0
HH016722,1,0,1,2329347.62,2368588.14,39240.52,6
HH016723,0,1,1,952446.77,2737081.46,2033331.77,0
HH016724,0,0,0,0.00,4628841.54,5505399.56,0
HH016725,0,0,0,0.00,20755424.18,22096961.92,0
HH016726,0,0,0,0.00,3232172.45,3360324.39,0
HH016727,0,0,0,0.00,1086522.57,1266293.70,0
HH016728,0,0,0,0.00,6877996.27,7875218.75,0
HH016729,0,0,0,0.00,15811700.54,14099764.66,0
HH016730,0,0,0,0.00,3076902.46,3152597.29,0
HH016731,0,0,0,0.00,2388287.37,2576267.36,0
HH016732,0,1,1,5515937.99,17302133.43,13392196.84,0
HH016733,0,0,0,0.00,4249155.55,4793170.21,0
HH016734,0,0,0,0.00,3390762.25,3777464.46,0
HH016735,0,0,0,0.00,63474834.04,71488671.22,0
HH016736,0,0,0,0.00,13988912.65,15497886.81,0
HH016737,0,1,1,656783.95,1107593.43,485134.47,0
HH016738,0,0,0,0.00,4386395.01,4553542.11,0
HH016739,0,0,0,0.00,5651011.76,5531536.02,0
HH016740,0,0,0,0.00,18578543.99,19463485.01,0
HH016741,0,0,0,0.00,6141087.38,6567329.36,0
HH016742,0,0,0,0.00,3919036.96,3588867.38,0
HH016743,0,0,0,0.00,15327569.66,16949466.60,0
HH016744,1,0,1,24614771.53,24988425.76,373654.23,3
HH016745,0,0,0,0.00,22342816.14,26409490.11,0
HH016746,0,0,0,0.00,1338635.23,1386464.51,0
HH016747,0,0,0,0.00,1488190.25,1300296.03,0
HH016748,0,0,0,0.00,1054603.57,1364022.99,0
HH016749,0,0,0,0.00,4148589.44,4734395.22,0
HH016750,0,1,1,6406318.52,11310408.63,5386225.52,0
HH016751,0,0,0,0.00,4251639.45,5308278.52,0
HH016752,0,0,0,0.00,4618213.11,6533231.23,0
HH016753,0,0,0,0.00,1117450.21,950736.41,0
HH016754,0,1,1,2281903.21,7084995.73,4823733.79,0
HH016755,0,0,0,0.00,2719654.38,2437853.39,0
HH016756,0,0,0,0.00,57328643.72,62771676.53,0
HH016757,0,0,0,0.00,3886918.57,3731116.56,0
HH016758,0,0,0,0.00,4987477.61,4829578.47,0
HH016759,0,1,1,1007706.89,2148097.19,1226680.20,0
HH016760,0,0,0,0.00,1514183.27,1685420.21,0
HH016761,0,0,0,0.00,5258700.78,5712162.46,0
HH016762,0,0,0,0.00,15576927.46,20157001.38,0
HH016763,0,0,0,0.00,1987895.84,2096441.78,0
HH016764,0,0,0,0.00,7804594.88,8042434.05,0
HH016765,0,0,0,0.00,10366415.63,12405092.99,0
HH016766,0,0,0,0.00,8831185.29,8011381.09,0
HH016767,0,0,0,0.00,6456081.49,6131770.85,0
HH016768,0,0,0,0.00,5989609.95,6181157.95,0
HH016769,0,0,0,0.00,1228145.75,1616132.02,0
HH016770,0,0,0,0.00,8685278.83,8949319.25,0
HH016771,0,1,1,717250.29,2491370.24,2103177.81,0
HH016772,0,0,0,0.00,8268407.98,8642199.55,0
HH016773,0,0,0,0.00,1397961.28,1507903.93,0
HH016774,0,0,0,0.00,18003842.56,19271843.51,0
HH016775,0,0,0,0.00,2741129.90,2946396.25,0
HH016776,0,0,0,0.00,29555149.14,33322826.89,0
HH016777,0,0,0,0.00,17280094.47,20736082.56,0
HH016778,0,0,0,0.00,6750180.25,8252371.12,0
HH016779,1,0,1,1066447.29,1084661.60,18214.31,6
HH016780,0,0,0,0.00,13978744.58,13408801.96,0
HH016781,0,0,0,0.00,3270802.36,3542050.75,0
HH016782,0,0,0,0.00,11722179.37,12140050.96,0
HH016783,0,1,1,986796.39,2992461.52,2327418.97,0
HH016784,0,0,0,0.00,2709915.27,3238863.18,0
HH016785,0,0,0,0.00,4812243.65,5295458.75,0
HH016786,0,0,0,0.00,3151343.39,3231831.89,0
HH016787,0,0,0,0.00,36196460.97,47711385.49,0
HH016788,0,1,1,5283959.02,24367210.47,20379642.29,0
HH016789,0,0,0,0.00,2716696.38,3129925.90,0
HH016790,1,0,1,1595272.78,1613680.05,18407.27,4
HH016791,0,1,1,1431740.86,5813215.67,4479581.65,0
HH016792,0,0,0,0.00,12376356.11,13350822.52,0
HH016793,0,0,0,0.00,1504436.68,1597276.31,0
HH016794,0,0,0,0.00,4233557.03,4271440.93,0
HH016795,0,0,0,0.00,6315457.33,6178614.95,0
HH016796,0,0,0,0.00,21029599.56,20955929.76,0
HH016797,0,0,0,0.00,3456286.04,3486444.59,0
HH016798,0,1,1,333849.26,1016334.25,853234.03,0
HH016799,0,0,0,0.00,156738707.34,166605061.07,0
HH016800,1,0,1,5285486.20,5386913.58,101427.38,5
HH016801,0,0,0,0.00,13865475.89,16421175.37,0
HH016802,0,0,0,0.00,10169763.34,10988906.81,0
HH016803,0,0,0,0.00,7387136.22,8341522.32,0
HH016804,0,0,0,0.00,1305041.52,1260913.20,0
HH016805,0,0,0,0.00,21292437.26,18552905.37,0
HH016806,0,0,0,0.00,6223159.23,6656001.80,0
HH016807,0,1,1,4530071.76,13471123.95,10010621.87,0
HH016808,0,0,0,0.00,1141754.39,1195912.54,0
HH016809,0,0,0,0.00,5927750.34,5956450.50,0
HH016810,0,0,0,0.00,12238460.79,13623826.42,0
HH016811,0,0,0,0.00,1469049.74,1553504.52,0
HH016812,0,0,0,0.00,12587036.14,13758476.51,0
HH016813,1,0,1,9024042.46,9203091.27,179048.81,3
HH016814,0,0,0,0.00,1413691.74,1490275.20,0
HH016815,0,0,0,0.00,1266136.50,1309052.71,0
HH016816,0,1,1,10488354.34,18624290.97,9169555.76,0
HH016817,1,0,1,2643251.64,2661053.87,17802.23,1
HH016818,0,0,0,0.00,1565863.56,1850073.34,0
HH016819,0,1,1,3169722.82,7898182.54,8096979.39,0
HH016820,1,0,1,5194653.66,5278304.29,83650.63,5
HH016821,0,0,0,0.00,8500704.51,8581315.02,0
HH016822,0,0,0,0.00,4413842.49,4577460.83,0
HH016823,0,0,0,0.00,3741955.33,4653829.72,0
HH016824,0,0,0,0.00,15248094.60,13037184.45,0
HH016825,0,0,0,0.00,32789486.79,39602584.26,0
HH016826,0,0,0,0.00,1358789.06,1362303.66,0
HH016827,0,0,0,0.00,4854474.82,5444164.16,0
HH016828,0,1,1,352158.45,1180473.43,601595.78,0
HH016829,0,0,0,0.00,2264675.63,2480900.53,0
HH016830,0,0,0,0.00,19681901.65,21687847.56,0
HH016831,0,0,0,0.00,5667420.78,5959482.36,0
HH016832,0,0,0,0.00,2276217.94,2374859.55,0
HH016833,0,0,0,0.00,3083407.35,2871847.10,0
HH016834,0,1,1,793014.07,1879211.34,1197608.83,0
HH016835,0,1,1,1696286.78,4310511.68,2693488.83,0
HH016836,0,0,0,0.00,1616821.01,2717464.96,0
HH016837,0,0,0,0.00,6129317.83,7093072.44,0
HH016838,0,0,0,0.00,40879269.07,43849791.83,0
HH016839,0,0,0,0.00,15097796.10,16149920.92,0
HH016840,0,0,0,0.00,6486788.49,3989618.09,0
HH016841,0,1,1,4054500.42,7847625.17,4134923.44,0
HH016842,0,0,0,0.00,17507069.87,18308144.79,0
HH016843,0,1,1,5907032.29,28980886.05,23872967.08,0
HH016844,0,0,0,0.00,5404967.96,5733638.24,0
HH016845,0,0,0,0.00,13575852.86,14450852.83,0
HH016846,0,0,0,0.00,1728633.04,1993480.97,0
HH016847,0,0,0,0.00,2677820.83,2939931.45,0
HH016848,0,0,0,0.00,2199121.75,2046639.73,0
HH016849,0,0,0,0.00,33494321.65,42506149.57,0
HH016850,0,0,0,0.00,19237687.45,25672243.96,0
HH016851,1,0,1,15703954.65,15757913.08,53958.43,3
HH016852,1,0,1,6873443.70,7059055.92,185612.22,2
HH016853,0,0,0,0.00,3702831.12,3741745.56,0
HH016854,0,0,0,0.00,4164214.13,4860406.07,0
HH016855,1,0,1,1893420.67,1944301.63,50880.96,3
HH016856,0,1,1,403089.65,1265088.56,901442.94,0
HH016857,0,1,1,1579189.83,2722817.36,1225119.88,0
HH016858,0,0,0,0.00,1236163.13,1338444.65,0
HH016859,0,0,0,0.00,2528212.03,2746117.77,0
HH016860,0,0,0,0.00,27943115.23,36209329.59,0
HH016861,0,0,0,0.00,5339325.33,5286784.90,0
HH016862,0,0,0,0.00,50959121.83,50369965.04,0
HH016863,0,1,1,2120974.85,3939998.55,1704649.71,0
HH016864,0,0,0,0.00,5001162.75,5446860.43,0
HH016865,0,0,0,0.00,1615088.96,2252830.77,0
HH016866,0,0,0,0.00,23361282.62,24915744.33,0
HH016867,0,1,1,3275492.57,6227862.50,3321317.92,0
HH016868,0,0,0,0.00,2926016.37,3171654.47,0
HH016869,0,0,0,0.00,2566134.47,2782261.12,0
HH016870,0,0,0,0.00,10353381.19,9942901.28,0
HH016871,0,0,0,0.00,2164305.83,2565855.03,0
HH016872,0,0,0,0.00,3097987.61,3190530.55,0
HH016873,0,0,0,0.00,2599357.50,2528351.69,0
HH016874,0,1,1,2907275.22,6522405.25,3739441.87,0
HH016875,0,0,0,0.00,8964533.49,11725757.43,0
HH016876,0,0,0,0.00,9200971.68,10789660.29,0
HH016877,0,0,0,0.00,19490064.54,19674508.44,0
HH016878,0,0,0,0.00,1710119.29,1752328.11,0
HH016879,0,1,1,3679185.01,9526813.53,6057934.81,0
HH016880,0,0,0,0.00,3140595.74,3929469.04,0
HH016881,0,0,0,0.00,22465279.03,27291735.95,0
HH016882,0,0,0,0.00,2747417.93,2521775.00,0
HH016883,1,0,1,3695666.10,3763662.75,67996.65,6
HH016884,0,0,0,0.00,6465736.65,7475266.82,0
HH016885,0,0,0,0.00,1657479.34,1008105.37,0
HH016886,0,0,0,0.00,1392624.00,1455704.69,0
HH016887,0,0,0,0.00,3641320.95,3986683.05,0
HH016888,0,0,0,0.00,1861624.67,1813895.29,0
HH016889,0,0,0,0.00,4401976.40,4944153.81,0
HH016890,0,0,0,0.00,3001319.30,3266654.07,0
HH016891,0,0,0,0.00,4518916.37,4449288.37,0
HH016892,0,0,0,0.00,34084311.36,32558081.88,0
HH016893,0,0,0,0.00,13839005.16,15029127.79,0
HH016894,0,0,0,0.00,3179297.62,3716982.93,0
HH016895,0,0,0,0.00,88251904.33,109929584.81,0
HH016896,0,0,0,0.00,1698774.99,1884481.72,0
HH016897,0,0,0,0.00,1319568.52,1464301.83,0
HH016898,0,0,0,0.00,37721009.44,39968530.83,0
HH016899,0,0,0,0.00,29526790.16,35930371.98,0
HH016900,0,0,0,0.00,8680040.62,9694792.25,0
HH016901,0,0,0,0.00,1037255.07,1057611.42,0
HH016902,0,0,0,0.00,6480452.34,5848421.15,0
HH016903,0,0,0,0.00,3804528.72,6036692.33,0
HH016904,0,0,0,0.00,5226923.70,7238170.53,0
HH016905,1,0,1,24145425.84,24536455.89,391030.05,3
HH016906,0,0,0,0.00,16971813.72,16823288.93,0
HH016907,0,0,0,0.00,3378820.40,3599852.68,0
HH016908,0,0,0,0.00,1075715.37,1067805.12,0
HH016909,0,0,0,0.00,33451810.24,38893619.49,0
HH016910,0,0,0,0.00,2921502.49,3223443.78,0
HH016911,0,0,0,0.00,14544457.03,15903744.89,0
HH016912,1,0,1,2199480.55,2206566.19,7085.64,5
HH016913,0,0,0,0.00,1910567.92,1779330.79,0
HH016914,0,0,0,0.00,5954239.07,6367520.71,0
HH016915,0,0,0,0.00,2513484.70,2641861.78,0
HH016916,0,0,0,0.00,5205515.95,5911714.83,0
HH016917,0,0,0,0.00,17139532.37,17057536.68,0
HH016918,0,0,0,0.00,3003970.28,3017712.11,0
HH016919,0,0,0,0.00,4473752.90,4616885.63,0
HH016920,0,0,0,0.00,1860720.73,1929026.27,0
HH016921,0,1,1,5254191.88,9134990.32,4217425.96,0
HH016922,0,0,0,0.00,4571977.09,4875575.54,0
HH016923,0,0,0,0.00,11392504.05,12991535.78,0
HH016924,0,0,0,0.00,6802687.28,7072502.04,0
HH016925,0,0,0,0.00,1725987.49,1940531.53,0
HH016926,0,0,0,0.00,2365254.39,2514948.74,0
HH016927,0,0,0,0.00,10189476.73,11461904.76,0
HH016928,0,0,0,0.00,8141175.22,8761671.40,0
HH016929,0,0,0,0.00,7249059.05,7997245.92,0
HH016930,0,0,0,0.00,1797441.67,1894733.77,0
HH016931,0,0,0,0.00,1947665.15,2335092.10,0
HH016932,0,0,0,0.00,5928807.80,6457527.01,0
HH016933,0,0,0,0.00,4324023.88,4857100.77,0
HH016934,0,1,1,8988404.38,28634772.04,21127836.07,0
HH016935,0,0,0,0.00,2129566.10,2402199.27,0
HH016936,0,0,0,0.00,64265175.96,60880501.50,0
HH016937,0,0,0,0.00,2184674.00,2237168.71,0
HH016938,0,0,0,0.00,34915570.48,35910915.09,0
HH016939,0,0,0,0.00,4691649.71,4847988.60,0
HH016940,0,0,0,0.00,1081395.43,1235173.94,0
HH016941,0,0,0,0.00,15235016.02,18483926.89,0
HH016942,0,0,0,0.00,4906262.74,4859796.75,0
HH016943,0,0,0,0.00,14009622.62,18748773.16,0
HH016944,0,0,0,0.00,2091808.57,2293429.50,0
HH016945,0,0,0,0.00,149106304.32,164889146.88,0
HH016946,0,0,0,0.00,6818435.55,7097702.60,0
HH016947,0,0,0,0.00,16380353.41,19771195.96,0
HH016948,0,0,0,0.00,39801655.40,43240032.30,0
HH016949,0,0,0,0.00,5160463.79,5754999.05,0
HH016950,0,0,0,0.00,5627827.35,5667866.78,0
HH016951,0,1,1,5233684.35,11573268.56,6336293.72,0
HH016952,0,0,0,0.00,2839547.13,3012548.41,0
HH016953,0,1,1,3469280.66,16816338.23,11496472.00,0
HH016954,0,0,0,0.00,2148350.44,2113866.79,0
HH016955,0,0,0,0.00,174304750.32,226531440.79,0
HH016956,0,0,0,0.00,1702185.68,1748198.11,0
HH016957,1,0,1,4405355.81,4444574.68,39218.87,6
HH016958,0,0,0,0.00,4382696.43,4735304.68,0
HH016959,0,0,0,0.00,1178708.22,984477.65,0
HH016960,0,0,0,0.00,3397455.27,3155589.28,0
HH016961,0,0,0,0.00,128224937.84,130318946.53,0
HH016962,0,0,0,0.00,4235980.41,4615319.30,0
HH016963,1,0,1,1351999.34,1390466.29,38466.95,1
HH016964,0,0,0,0.00,1904149.56,2212528.37,0
HH016965,0,0,0,0.00,8293816.77,8078508.85,0
HH016966,0,0,0,0.00,2342092.88,2251644.58,0
HH016967,0,0,0,0.00,11851765.98,12723331.37,0
HH016968,0,0,0,0.00,11715009.55,11029618.34,0
HH016969,0,0,0,0.00,1215654.48,1236287.64,0
HH016970,0,0,0,0.00,2473257.58,2601791.85,0
HH016971,0,0,0,0.00,1376087.00,2017516.17,0
HH016972,0,1,1,14101241.35,54291839.51,43530906.96,0
HH016973,0,0,0,0.00,37048884.81,35126484.71,0
HH016974,0,0,0,0.00,2012282.65,2095218.64,0
HH016975,0,0,0,0.00,5475946.80,6005347.15,0
HH016976,0,0,0,0.00,1943158.67,1567509.69,0
HH016977,0,0,0,0.00,6593776.91,8512633.31,0
HH016978,0,0,0,0.00,39695109.74,36850291.78,0
HH016979,0,0,0,0.00,2083175.93,2305427.75,0
HH016980,0,0,0,0.00,20136640.40,23344488.71,0
HH016981,0,0,0,0.00,6696680.05,9916555.41,0
HH016982,0,0,0,0.00,14045181.04,15720309.67,0
HH016983,1,0,1,2251962.83,2312550.99,60588.16,3
HH016984,0,0,0,0.00,1573357.08,1471439.43,0
HH016985,0,0,0,0.00,2215025.40,3045380.29,0
HH016986,0,0,0,0.00,5073305.64,7941697.51,0
HH016987,0,0,0,0.00,53416552.06,58682600.83,0
HH016988,0,0,0,0.00,4841458.23,4778474.83,0
HH016989,0,0,0,0.00,3197092.33,3221438.79,0
HH016990,0,0,0,0.00,2922927.56,3213718.65,0
HH016991,1,0,1,58292986.15,58362982.20,69996.05,4
HH016992,0,0,0,0.00,3143849.94,4072126.87,0
HH016993,0,1,1,618444.93,1601885.01,1115544.29,0
HH016994,0,0,0,0.00,18941458.17,20918934.33,0
HH016995,0,0,0,0.00,3461382.47,3351675.52,0
HH016996,1,0,1,11112739.67,11164852.73,52113.06,3
HH016997,0,0,0,0.00,2490350.50,3077143.72,0
HH016998,0,1,1,1163297.01,3451679.58,2718716.68,0
HH016999,0,1,1,360036.49,1604129.84,1331346.41,0
HH017000,0,0,0,0.00,281364759.10,261178307.13,0
HH017001,1,0,1,3505243.03,3520100.19,14857.16,1
HH017002,0,0,0,0.00,3062062.35,3084780.77,0
HH017003,0,0,0,0.00,13006992.44,13904066.63,0
HH017004,0,0,0,0.00,4411789.54,4520619.63,0
HH017005,0,0,0,0.00,1192782.09,1271467.69,0
HH017006,0,0,0,0.00,1545498.43,1579276.23,0
HH017007,0,0,0,0.00,1076292.55,1273353.75,0
HH017008,0,0,0,0.00,1386592.13,1775275.53,0
HH017009,0,0,0,0.00,15663088.47,17154942.69,0
HH017010,0,0,0,0.00,11403136.94,11656813.96,0
HH017011,0,0,0,0.00,111799466.34,141166531.18,0
HH017012,0,1,1,12711657.44,27196757.67,13896478.44,0
HH017013,0,0,0,0.00,17059927.13,19247180.03,0
HH017014,0,0,0,0.00,1423542.60,1559770.49,0
HH017015,0,1,1,8482265.10,15329157.97,7609298.12,0
HH017016,0,0,0,0.00,1533472.78,1264284.25,0
HH017017,0,1,1,3307417.47,16301517.77,13156500.37,0
HH017018,0,0,0,0.00,4389182.45,4676054.40,0
HH017019,0,0,0,0.00,4079443.25,4130098.48,0
HH017020,0,0,0,0.00,37777224.72,48605342.36,0
HH017021,0,0,0,0.00,1567388.24,1535156.67,0
HH017022,0,0,0,0.00,4748993.30,5169686.38,0
HH017023,0,0,0,0.00,22336180.78,20595756.18,0
HH017024,0,0,0,0.00,6404970.60,5551921.76,0
HH017025,0,0,0,0.00,3758603.85,5353704.25,0
HH017026,0,1,1,1486292.86,5882116.22,4977390.64,0
HH017027,0,0,0,0.00,12885989.00,13508531.58,0
HH017028,0,0,0,0.00,4897883.09,5566262.62,0
HH017029,0,0,0,0.00,1260958.32,1511427.97,0
HH017030,0,0,0,0.00,5459286.52,6058382.31,0
HH017031,0,0,0,0.00,16445494.80,19635714.83,0
HH017032,0,1,1,3631264.11,9337676.96,6327601.49,0
HH017033,0,0,0,0.00,1503550.65,2568781.91,0
HH017034,0,0,0,0.00,6975388.32,8899576.64,0
HH017035,0,0,0,0.00,3482637.96,4195147.50,0
HH017036,0,0,0,0.00,16123336.98,15957545.24,0
HH017037,0,0,0,0.00,1190485.39,1479559.03,0
HH017038,0,0,0,0.00,7611178.33,8488231.50,0
HH017039,0,0,0,0.00,3748546.92,4469389.22,0
HH017040,0,0,0,0.00,8421425.93,9674084.59,0
HH017041,0,0,0,0.00,6473514.06,9359204.39,0
HH017042,0,0,0,0.00,3149727.38,2732491.45,0
HH017043,0,0,0,0.00,24250676.60,28280660.65,0
HH017044,0,0,0,0.00,2628662.48,4098258.70,0
HH017045,0,0,0,0.00,21582417.05,33473169.71,0
HH017046,0,0,0,0.00,5474694.74,5820969.87,0
HH017047,0,0,0,0.00,3069958.72,3230408.36,0
HH017048,0,0,0,0.00,1288190.69,1398130.82,0
HH017049,0,0,0,0.00,1031609.62,994215.50,0
HH017050,0,0,0,0.00,6240225.75,7448946.74,0
HH017051,0,0,0,0.00,3096121.52,3541573.73,0
HH017052,0,0,0,0.00,3810961.04,4467593.46,0
HH017053,0,0,0,0.00,5533626.49,6354803.70,0
HH017054,0,0,0,0.00,1329525.93,1920565.46,0
HH017055,0,1,1,965103.60,2052412.68,1264492.58,0
HH017056,0,0,0,0.00,1697716.03,1641521.30,0
HH017057,1,0,1,1409707.30,1429274.33,19567.03,5
HH017058,0,0,0,0.00,8897088.66,10075670.20,0
HH017059,0,0,0,0.00,1454383.11,1536628.64,0
HH017060,0,0,0,0.00,28070406.15,32270997.10,0
HH017061,0,1,1,2519026.26,10616618.08,9156617.96,0
HH017062,0,0,0,0.00,1495773.57,2583113.26,0
HH017063,0,0,0,0.00,3670788.53,6343652.92,0
HH017064,0,0,0,0.00,7251908.73,9032659.62,0
HH017065,0,0,0,0.00,5414145.95,6049940.31,0
HH017066,0,0,0,0.00,2901672.11,3095560.91,0
HH017067,0,0,0,0.00,21743626.41,24911187.91,0
HH017068,0,1,1,5852102.33,26659518.63,28927186.70,0
HH017069,1,0,1,1733295.36,1734428.29,1132.93,3
HH017070,0,0,0,0.00,6805554.95,6358839.87,0
HH017071,0,0,0,0.00,1093446.66,1147489.57,0
HH017072,0,0,0,0.00,5725344.75,6619216.70,0
HH017073,0,0,0,0.00,9611511.67,11238702.44,0
HH017074,0,0,0,0.00,10672703.56,11439239.09,0
HH017075,0,0,0,0.00,9390155.35,10956066.89,0
HH017076,0,0,0,0.00,9759068.37,11571310.86,0
HH017077,0,1,1,633671.90,1384243.21,835412.56,0
HH017078,0,1,1,2903224.65,9374879.01,7020322.92,0
HH017079,0,0,0,0.00,7596760.55,8456452.11,0
HH017080,0,0,0,0.00,5617608.01,6183491.76,0
HH017081,0,0,0,0.00,15601298.11,15681575.29,0
HH017082,0,0,0,0.00,9201419.64,10522825.89,0
HH017083,0,0,0,0.00,1570397.50,1156701.43,0
HH017084,0,0,0,0.00,4837989.36,4548149.52,0
HH017085,0,1,1,4607408.34,12196338.61,6128969.46,0
HH017086,0,0,0,0.00,16631099.01,13457066.91,0
HH017087,0,0,0,0.00,6269903.36,7664086.68,0
HH017088,0,0,0,0.00,3679376.04,3989370.98,0
HH017089,0,0,0,0.00,8410943.43,9237442.56,0
HH017090,0,1,1,768245.24,2781859.46,2194580.28,0
HH017091,0,0,0,0.00,1731283.29,1948315.41,0
HH017092,0,1,1,1939239.73,8674385.13,9329641.00,0
HH017093,0,0,0,0.00,9190590.69,10044894.35,0
HH017094,0,0,0,0.00,21953524.35,22513465.22,0
HH017095,0,0,0,0.00,5563770.95,7372808.11,0
HH017096,0,0,0,0.00,1287273.08,1184556.35,0
HH017097,0,0,0,0.00,12505797.42,22820725.34,0
HH017098,0,0,0,0.00,5771185.82,5010537.72,0
HH017099,0,0,0,0.00,18003915.30,18004053.50,0
HH017100,0,0,0,0.00,10363924.50,10827897.97,0
HH017101,0,1,1,52379593.96,164771165.03,96055834.62,0
HH017102,0,0,0,0.00,9992080.10,10891386.29,0
HH017103,0,1,1,2096858.64,3153401.39,880548.34,0
HH017104,0,0,0,0.00,1419917.40,1630740.78,0
HH017105,0,0,0,0.00,35668910.72,47742973.27,0
HH017106,1,0,1,1693150.42,1711416.68,18266.26,2
HH017107,0,0,0,0.00,14359191.17,15963421.82,0
HH017108,0,1,1,7213882.41,20030397.73,11180906.88,0
HH017109,0,0,0,0.00,1337492.45,1261840.67,0
HH017110,0,0,0,0.00,2003774.27,2442775.99,0
HH017111,1,0,1,24709603.55,25391173.31,681569.76,4
HH017112,0,0,0,0.00,9112878.73,8556912.27,0
HH017113,0,1,1,3161445.10,9959471.73,7750974.27,0
HH017114,0,0,0,0.00,6357942.32,7056888.13,0
HH017115,0,0,0,0.00,9460821.75,12015551.50,0
HH017116,0,0,0,0.00,2657085.89,2970235.77,0
HH017117,0,0,0,0.00,5687514.05,5795636.54,0
HH017118,0,0,0,0.00,10374706.86,9571121.98,0
HH017119,0,0,0,0.00,1658017.77,1599873.78,0
HH017120,0,0,0,0.00,17141944.93,19186807.13,0
HH017121,0,0,0,0.00,2436327.63,2560777.34,0
HH017122,0,0,0,0.00,6762555.53,7362833.50,0
HH017123,0,0,0,0.00,3843463.18,4920004.40,0
HH017124,0,0,0,0.00,1207058.30,2157901.01,0
HH017125,0,0,0,0.00,2709794.12,2023256.46,0
HH017126,0,0,0,0.00,6732157.21,7430876.40,0
HH017127,0,0,0,0.00,4620933.61,4932214.04,0
HH017128,0,1,1,1191743.44,5257423.99,4692001.00,0
HH017129,0,0,0,0.00,1960964.28,2433824.02,0
HH017130,1,0,1,3315368.51,3343437.32,28068.81,3
HH017131,0,0,0,0.00,1482288.14,1488522.17,0
HH017132,0,0,0,0.00,2240351.49,2375690.94,0
HH017133,0,0,0,0.00,45450322.37,51138535.03,0
HH017134,0,0,0,0.00,5641500.71,5969354.27,0
HH017135,0,0,0,0.00,5747064.35,6319293.41,0
HH017136,0,1,1,802042.19,1735289.08,1074635.53,0
HH017137,0,0,0,0.00,3598278.52,3843917.04,0
HH017138,0,0,0,0.00,2046990.94,2359722.61,0
HH017139,0,0,0,0.00,11124486.22,11463693.07,0
HH017140,0,1,1,2989105.59,11212408.34,9526186.52,0
HH017141,0,0,0,0.00,6663474.79,5227212.75,0
HH017142,0,0,0,0.00,1829030.66,2000146.29,0
HH017143,0,0,0,0.00,3092993.73,2322363.61,0
HH017144,0,0,0,0.00,11822770.63,15021895.59,0
HH017145,0,0,0,0.00,52133355.10,50756547.58,0
HH017146,0,0,0,0.00,4092511.97,4340896.45,0
HH017147,0,0,0,0.00,2566838.76,2292470.84,0
HH017148,0,0,0,0.00,8751400.33,9080999.19,0
HH017149,0,1,1,6693490.76,16415552.60,10057027.85,0
HH017150,0,0,0,0.00,1678137.13,1056760.21,0
HH017151,0,0,0,0.00,3931029.14,8098324.77,0
HH017152,0,0,0,0.00,2687733.03,2975911.50,0
HH017153,0,0,0,0.00,3904470.08,4271528.79,0
HH017154,0,0,0,0.00,15115632.30,14912075.89,0
HH017155,0,0,0,0.00,5707951.26,5654734.03,0
HH017156,1,0,1,5748006.80,5766860.12,18853.32,5
HH017157,0,1,1,632115.69,1280934.69,656259.16,0
HH017158,0,0,0,0.00,8929501.84,7352772.41,0
HH017159,0,0,0,0.00,3167571.81,3295661.52,0
HH017160,0,1,1,790053.01,1730858.35,977993.39,0
HH017161,0,0,0,0.00,35756074.48,38453074.84,0
HH017162,0,0,0,0.00,122904175.86,125784056.04,0
HH017163,0,0,0,0.00,1362516.26,1502929.22,0
HH017164,0,1,1,2909613.87,5012429.19,2321873.52,0
HH017165,0,0,0,0.00,1625417.02,1324749.67,0
HH017166,0,0,0,0.00,2915779.14,3119023.76,0
HH017167,0,0,0,0.00,1765343.44,1834535.39,0
HH017168,0,1,1,8084235.20,19141644.51,11523843.97,0
HH017169,0,0,0,0.00,7722450.49,9041796.05,0
HH017170,0,0,0,0.00,6080829.40,6801981.91,0
HH017171,0,0,0,0.00,93371939.13,98183643.28,0
HH017172,1,0,1,4432525.97,4503009.62,70483.65,3
HH017173,0,0,0,0.00,4200213.66,4648352.51,0
HH017174,0,0,0,0.00,7800637.50,8504005.09,0
HH017175,0,0,0,0.00,32348104.51,35057078.04,0
HH017176,0,0,0,0.00,2980272.28,2892854.12,0
HH017177,0,0,0,0.00,4107392.32,4792827.90,0
HH017178,0,0,0,0.00,1007925.02,1022359.50,0
HH017179,1,0,1,7392043.45,7452929.94,60886.49,2
HH017180,0,0,0,0.00,11020431.68,10834112.23,0
HH017181,0,0,0,0.00,1578671.09,2076826.61,0
HH017182,0,0,0,0.00,16558663.72,18344117.05,0
HH017183,0,0,0,0.00,2389220.50,2297827.70,0
HH017184,0,0,0,0.00,43683124.76,48397338.75,0
HH017185,0,0,0,0.00,4036025.46,4222038.44,0
HH017186,0,0,0,0.00,9019388.20,9857042.91,0
HH017187,0,0,0,0.00,5640271.15,6745640.34,0
HH017188,0,0,0,0.00,28504001.86,30264003.22,0
HH017189,1,0,1,1611769.51,1616164.09,4394.58,2
HH017190,0,0,0,0.00,6082265.57,5768288.87,0
HH017191,0,0,0,0.00,8269654.04,8638821.77,0
HH017192,0,0,0,0.00,1107785.85,1161130.46,0
HH017193,0,0,0,0.00,4925100.88,6871799.77,0
HH017194,0,0,0,0.00,10718316.33,11833931.63,0
HH017195,0,0,0,0.00,7934619.63,7908290.62,0
HH017196,0,0,0,0.00,3373971.76,3231830.67,0
HH017197,0,0,0,0.00,2724718.37,2938456.54,0
HH017198,0,0,0,0.00,1296575.47,1409689.72,0
HH017199,0,0,0,0.00,2382720.51,2697629.01,0
HH017200,0,1,1,2096142.05,4881888.07,3227155.41,0
HH017201,0,0,0,0.00,69292829.41,72215591.04,0
HH017202,0,0,0,0.00,3158658.83,3204677.39,0
HH017203,0,0,0,0.00,14254361.57,7936391.10,0
HH017204,0,0,0,0.00,1222785.46,1424721.61,0
HH017205,0,0,0,0.00,2767410.20,2810332.08,0
HH017206,1,0,1,7554617.52,7628333.11,73715.59,1
HH017207,0,0,0,0.00,3158780.35,3612314.90,0
HH017208,0,0,0,0.00,6016576.05,5789261.23,0
HH017209,0,0,0,0.00,4421068.35,4707551.02,0
HH017210,0,0,0,0.00,1352246.00,1635518.23,0
HH017211,0,1,1,19227123.47,34194658.91,14920793.81,0
HH017212,0,0,0,0.00,2719477.22,3389126.70,0
HH017213,0,0,0,0.00,7096388.04,8172741.24,0
HH017214,0,0,0,0.00,1148771.53,1163112.07,0
HH017215,0,0,0,0.00,3418065.13,3630646.85,0
HH017216,0,0,0,0.00,2243614.73,2109083.51,0
HH017217,0,1,1,4061765.07,11303101.20,7466037.35,0
HH017218,0,0,0,0.00,11231237.23,11377041.87,0
HH017219,0,0,0,0.00,1810851.93,1652307.96,0
HH017220,0,0,0,0.00,2220334.26,1985713.99,0
HH017221,0,1,1,1372208.73,3325227.21,1241819.23,0
HH017222,0,0,0,0.00,115809015.55,121770686.49,0
HH017223,0,0,0,0.00,1845822.86,1921900.36,0
HH017224,0,0,0,0.00,4422686.65,4671563.72,0
HH017225,1,0,1,28116576.67,28733889.40,617312.73,1
HH017226,0,0,0,0.00,5768212.96,6509673.62,0
HH017227,0,0,0,0.00,2652158.48,3353390.68,0
HH017228,0,0,0,0.00,1658905.57,1954927.03,0
HH017229,0,0,0,0.00,2664359.17,2665305.08,0
HH017230,1,0,1,3479299.14,3529825.60,50526.46,2
HH017231,0,0,0,0.00,1897933.21,1986106.33,0
HH017232,0,0,0,0.00,3788826.95,4105739.75,0
HH017233,1,0,1,1399205.72,1400128.79,923.07,1
HH017234,0,0,0,0.00,1704720.08,1517698.62,0
HH017235,0,1,1,1360325.54,3586021.83,2397559.21,0
HH017236,0,1,1,4177126.84,8715666.29,4191414.54,0
HH017237,0,1,1,1169526.40,5711508.22,3566618.23,0
HH017238,0,0,0,0.00,8238181.45,9072702.64,0
HH017239,0,0,0,0.00,2964496.99,2685713.59,0
HH017240,0,0,0,0.00,3613222.61,3718023.60,0
HH017241,1,0,1,2110533.37,2152774.33,42240.96,6
HH017242,0,0,0,0.00,3588612.27,3847303.60,0
HH017243,0,0,0,0.00,3480176.67,3843298.22,0
HH017244,0,0,0,0.00,1315372.50,1477744.49,0
HH017245,0,0,0,0.00,8008493.18,8097525.66,0
HH017246,0,0,0,0.00,22601687.00,23601986.91,0
HH017247,0,0,0,0.00,1577546.16,1685204.67,0
HH017248,0,0,0,0.00,1837308.02,1627916.79,0
HH017249,0,0,0,0.00,1440695.85,1434690.34,0
HH017250,0,0,0,0.00,8108173.46,8677077.31,0
HH017251,0,0,0,0.00,4352134.81,4572212.12,0
HH017252,0,0,0,0.00,2825211.69,3767851.17,0
HH017253,0,0,0,0.00,4259254.20,4434093.74,0
HH017254,0,0,0,0.00,1573752.71,1997275.20,0
HH017255,0,0,0,0.00,42225024.64,54021424.60,0
HH017256,0,0,0,0.00,6351724.09,8845395.31,0
HH017257,0,1,1,2981715.72,4969603.76,1993326.09,0
HH017258,0,0,0,0.00,2569714.50,2597116.37,0
HH017259,0,0,0,0.00,6481354.08,6616511.69,0
HH017260,0,0,0,0.00,9693041.17,8574519.21,0
HH017261,0,0,0,0.00,3970947.68,4081096.16,0
HH017262,0,0,0,0.00,3366172.17,6940608.62,0
HH017263,0,0,0,0.00,1643446.16,1863862.32,0
HH017264,0,0,0,0.00,2752734.41,3490971.01,0
HH017265,0,0,0,0.00,9379570.46,10167332.69,0
HH017266,0,0,0,0.00,6441099.21,6614974.08,0
HH017267,0,0,0,0.00,3184504.19,2059146.12,0
HH017268,0,0,0,0.00,10180919.04,10709865.88,0
HH017269,0,1,1,6395786.25,11199928.64,6156914.07,0
HH017270,0,1,1,935086.86,2745180.89,1984960.42,0
HH017271,0,0,0,0.00,1161353.97,1009428.20,0
HH017272,0,1,1,3794512.03,9178311.18,5068294.70,0
HH017273,0,0,0,0.00,2564415.84,2969789.87,0
HH017274,0,0,0,0.00,5532329.16,5742030.47,0
HH017275,0,0,0,0.00,3188229.20,2229659.03,0
HH017276,0,0,0,0.00,5101175.18,5250299.78,0
HH017277,0,0,0,0.00,1336036.86,1230948.97,0
HH017278,0,0,0,0.00,12498730.37,15156695.94,0
HH017279,0,1,1,480883.55,1283742.72,705251.17,0
HH017280,0,0,0,0.00,23189000.85,24038352.56,0
HH017281,0,0,0,0.00,43315511.09,43544485.68,0
HH017282,0,0,0,0.00,5294420.43,5025091.34,0
HH017283,0,0,0,0.00,3325938.33,3221095.32,0
HH017284,0,0,0,0.00,2035034.99,2138265.26,0
HH017285,0,0,0,0.00,4453703.96,4047518.74,0
HH017286,0,0,0,0.00,2513258.05,2345634.03,0
HH017287,0,0,0,0.00,4737865.14,4713268.63,0
HH017288,0,0,0,0.00,2325649.19,2595546.25,0
HH017289,1,0,1,3326798.96,3388412.65,61613.69,3
HH017290,0,0,0,0.00,2359245.30,2442605.96,0
HH017291,0,0,0,0.00,6622387.57,8839074.42,0
HH017292,0,0,0,0.00,21841489.83,16116739.83,0
HH017293,0,0,0,0.00,1327080.82,1380354.81,0
HH017294,0,0,0,0.00,6419985.50,4664355.79,0
HH017295,1,0,1,1126113.65,1134291.16,8177.51,2
HH017296,0,0,0,0.00,5297079.17,5868785.94,0
HH017297,0,0,0,0.00,27731836.44,28710287.12,0
HH017298,0,0,0,0.00,14460299.75,15407825.15,0
HH017299,0,0,0,0.00,38569156.21,43397089.19,0
HH017300,0,0,0,0.00,5777523.60,6743484.02,0
HH017301,0,0,0,0.00,4523718.28,4956446.78,0
HH017302,0,0,0,0.00,4120887.72,5121029.84,0
HH017303,0,0,0,0.00,2885972.03,2977466.59,0
HH017304,0,0,0,0.00,7359570.88,11331832.39,0
HH017305,0,0,0,0.00,1023516.08,1136641.91,0
HH017306,0,1,1,2113437.37,5824463.36,4474480.47,0
HH017307,0,1,1,10438236.46,22256009.38,19552701.39,0
HH017308,0,0,0,0.00,1180431.53,1321597.69,0
HH017309,0,0,0,0.00,1458076.82,1464021.84,0
HH017310,0,0,0,0.00,121890355.17,128660882.22,0
HH017311,0,0,0,0.00,4180002.44,4615897.82,0
HH017312,0,0,0,0.00,7198248.48,5110996.90,0
HH017313,1,0,1,10156878.42,10167087.68,10209.26,1
HH017314,0,0,0,0.00,2631669.80,4299614.32,0
HH017315,0,0,0,0.00,24497052.77,25315492.78,0
HH017316,0,0,0,0.00,7551547.63,10808615.21,0
HH017317,0,0,0,0.00,31026164.14,31075988.31,0
HH017318,0,0,0,0.00,1878991.57,1872419.69,0
HH017319,0,0,0,0.00,7086685.31,7245747.76,0
HH017320,0,0,0,0.00,9984940.83,13785414.27,0
HH017321,0,1,1,2583034.39,4739000.62,2332016.97,0
HH017322,0,0,0,0.00,2496445.79,3120596.09,0
HH017323,0,0,0,0.00,2086877.46,2106934.65,0
HH017324,0,0,0,0.00,11787280.03,13608802.98,0
HH017325,0,0,0,0.00,1753288.42,2292747.80,0
HH017326,0,0,0,0.00,33938659.99,39297459.67,0
HH017327,0,1,1,787706.39,3855662.70,3118540.94,0
HH017328,0,0,0,0.00,6464323.04,7155684.07,0
HH017329,0,0,0,0.00,10596440.04,11074540.78,0
HH017330,0,0,0,0.00,2035853.12,2532087.90,0
HH017331,0,0,0,0.00,4969968.80,5187863.37,0
HH017332,0,0,0,0.00,3361025.89,3132637.38,0
HH017333,0,0,0,0.00,10275969.32,8841709.80,0
HH017334,0,0,0,0.00,2284938.41,2818430.32,0
HH017335,0,0,0,0.00,1381578.73,1284831.61,0
HH017336,1,0,1,1918908.66,1941402.59,22493.93,1
HH017337,0,0,0,0.00,10606835.00,13593408.64,0
HH017338,0,0,0,0.00,1686375.77,1756322.48,0
HH017339,0,0,0,0.00,8929395.23,8506649.09,0
HH017340,0,0,0,0.00,114617308.73,103210061.08,0
HH017341,0,0,0,0.00,3975691.84,3909563.73,0
HH017342,0,1,1,676407.61,2955377.88,2238513.74,0
HH017343,0,0,0,0.00,18626321.22,18614301.13,0
HH017344,0,0,0,0.00,27806061.89,34186406.25,0
HH017345,1,0,1,46870536.16,47977413.55,1106877.39,2
HH017346,0,0,0,0.00,1281368.26,1348514.33,0
HH017347,0,1,1,11578502.21,18673441.74,7289456.76,0
HH017348,0,0,0,0.00,27311472.83,28442584.36,0
HH017349,1,0,1,1408861.71,1416003.19,7141.48,1
HH017350,0,1,1,5197964.65,13540000.83,8102296.32,0
HH017351,0,1,1,767034.83,1311994.30,651158.35,0
HH017352,0,0,0,0.00,4493658.43,5169016.23,0
HH017353,0,0,0,0.00,3468815.40,3365966.96,0
HH017354,0,0,0,0.00,1050924.08,1205172.04,0
HH017355,0,0,0,0.00,5603324.86,6452362.00,0
HH017356,1,0,1,25038307.98,25340640.49,302332.51,4
HH017357,0,1,1,20492523.44,41130670.38,21276069.67,0
HH017358,0,0,0,0.00,7277326.45,7824280.64,0
HH017359,0,0,0,0.00,1062694.83,967704.48,0
HH017360,0,0,0,0.00,2841172.82,2784557.76,0
HH017361,0,0,0,0.00,1117786.85,773789.31,0
HH017362,0,0,0,0.00,9776917.78,10688545.11,0
HH017363,0,0,0,0.00,7742596.05,11711629.73,0
HH017364,0,0,0,0.00,13237558.04,16485995.87,0
HH017365,0,0,0,0.00,5227117.46,5057822.65,0
HH017366,0,1,1,462615.20,2265249.09,1735053.27,0
HH017367,0,0,0,0.00,10968765.93,11292843.12,0
HH017368,0,0,0,0.00,2493808.46,2758975.64,0
HH017369,0,0,0,0.00,11232852.87,9695713.79,0
HH017370,0,0,0,0.00,38324850.43,39585877.16,0
HH017371,0,0,0,0.00,4799115.21,4056260.10,0
HH017372,0,0,0,0.00,3093937.97,3192262.83,0
HH017373,0,0,0,0.00,10069943.47,8406441.55,0
HH017374,0,0,0,0.00,11336392.67,11161982.16,0
HH017375,0,0,0,0.00,9688104.80,12081669.63,0
HH017376,0,0,0,0.00,7926176.24,8195195.68,0
HH017377,0,0,0,0.00,1025497.81,1263858.48,0
HH017378,0,0,0,0.00,28659025.59,29756627.82,0
HH017379,1,0,1,12698363.62,12848362.15,149998.53,2
HH017380,0,1,1,3881610.02,12920102.59,8797701.84,0
HH017381,0,0,0,0.00,3928273.31,4229003.37,0
HH017382,0,0,0,0.00,18414794.00,21123521.23,0
HH017383,0,0,0,0.00,1798981.84,1989961.47,0
HH017384,0,0,0,0.00,44260882.42,47180921.04,0
HH017385,0,1,1,1335503.33,3562546.22,2295837.24,0
HH017386,0,0,0,0.00,12634078.00,12800023.07,0
HH017387,0,0,0,0.00,15262172.44,14893005.67,0
HH017388,0,0,0,0.00,1450106.95,1400567.96,0
HH017389,,,,,1234488.93,917642.45,0
HH017390,0,0,0,0.00,3756102.58,4072390.30,0
HH017391,0,0,0,0.00,41488030.86,34226617.13,0
HH017392,0,1,1,2738502.66,9015641.88,6453261.26,0
HH017393,0,0,0,0.00,13040214.63,12387901.66,0
HH017394,0,0,0,0.00,3019783.13,4285252.08,0
HH017395,0,1,1,580616.15,1110013.62,535116.23,0
HH017396,0,0,0,0.00,3458930.73,3610727.84,0
HH017397,0,0,0,0.00,10149450.89,10690132.33,0
HH017398,0,1,1,9170754.11,32432566.58,23005575.41,0
HH017399,0,0,0,0.00,6852363.32,6599698.64,0
HH017400,0,1,1,2520748.20,8156003.55,5495524.06,0
HH017401,0,0,0,0.00,8889136.20,10242682.72,0
HH017402,0,0,0,0.00,3522770.37,3705766.83,0
HH017403,0,0,0,0.00,3520281.45,3940636.06,0
HH017404,0,0,0,0.00,7167537.38,7746940.56,0
HH017405,0,0,0,0.00,3746501.53,3032722.19,0
HH017406,0,0,0,0.00,5812080.37,6518067.77,0
HH017407,0,0,0,0.00,1690490.73,1168418.34,0
HH017408,0,0,0,0.00,4553359.37,5015698.89,0
HH017409,0,0,0,0.00,1082753.65,1287302.02,0
HH017410,0,0,0,0.00,23173364.90,25862005.58,0
HH017411,0,0,0,0.00,4179547.50,5002122.82,0
HH017412,0,0,0,0.00,16763575.75,16212358.13,0
HH017413,0,0,0,0.00,1942056.79,1861437.62,0
HH017414,0,0,0,0.00,1764364.32,1866500.30,0
HH017415,0,0,0,0.00,2187661.99,2575014.34,0
HH017416,0,0,0,0.00,2462184.93,2492852.73,0
HH017417,0,0,0,0.00,2035708.58,2357992.75,0
HH017418,0,0,0,0.00,28986711.47,28966765.70,0
HH017419,0,0,0,0.00,1047036.82,1252004.41,0
HH017420,0,0,0,0.00,6294049.06,6043531.43,0
HH017421,0,0,0,0.00,2380644.18,2204028.75,0
HH017422,0,0,0,0.00,20822771.27,23358419.07,0
HH017423,0,0,0,0.00,11331096.09,12524078.23,0
HH017424,0,1,1,3224500.91,6248811.24,4071121.83,0
HH017425,0,0,0,0.00,11664047.82,14591579.96,0
HH017426,0,0,0,0.00,13486776.73,16901508.08,0
HH017427,0,0,0,0.00,1045788.97,1737358.02,0
HH017428,0,0,0,0.00,3652515.31,3875744.49,0
HH017429,0,0,0,0.00,1864161.62,2268594.59,0
HH017430,0,0,0,0.00,4223318.64,4558715.79,0
HH017431,0,0,0,0.00,1309969.87,1301455.78,0
HH017432,0,0,0,0.00,7923069.29,10782402.03,0
HH017433,0,0,0,0.00,7807424.34,7618365.12,0
HH017434,0,1,1,52715252.72,156047861.35,114515243.09,0
HH017435,0,0,0,0.00,4295353.98,4536727.50,0
HH017436,0,0,0,0.00,3196003.72,3458121.00,0
HH017437,0,0,0,0.00,6990098.31,6746019.67,0
HH017438,0,0,0,0.00,11175854.02,12461279.32,0
HH017439,0,0,0,0.00,20201239.40,20972717.46,0
HH017440,0,0,0,0.00,1732795.58,2127535.28,0
HH017441,0,0,0,0.00,4367471.53,4775449.72,0
HH017442,0,0,0,0.00,12614371.84,13521744.01,0
HH017443,0,0,0,0.00,1343593.02,1519438.87,0
HH017444,0,0,0,0.00,8932749.23,11045225.73,0
HH017445,0,0,0,0.00,34714237.96,34044277.04,0
HH017446,0,0,0,0.00,1544448.39,1582058.04,0
HH017447,0,0,0,0.00,4272697.70,4121270.02,0
HH017448,0,0,0,0.00,1710422.43,1929389.47,0
HH017449,0,0,0,0.00,30415486.03,33901671.04,0
HH017450,0,0,0,0.00,3544298.31,3749418.98,0
HH017451,0,0,0,0.00,2100874.14,2212189.75,0
HH017452,0,0,0,0.00,1523225.21,1840722.96,0
HH017453,0,0,0,0.00,3905053.71,3640293.33,0
HH017454,0,0,0,0.00,8090785.77,8731902.35,0
HH017455,0,0,0,0.00,4097251.11,5207886.80,0
HH017456,0,0,0,0.00,8733804.58,12259123.40,0
HH017457,0,0,0,0.00,2518337.25,2699860.19,0
HH017458,0,0,0,0.00,3706886.02,4136161.33,0
HH017459,0,0,0,0.00,1136168.53,1222479.40,0
HH017460,0,0,0,0.00,5192048.40,7133238.46,0
HH017461,0,0,0,0.00,2768341.14,2907968.54,0
HH017462,0,0,0,0.00,35737443.77,36081359.82,0
HH017463,0,0,0,0.00,1170059.59,1160270.95,0
HH017464,0,0,0,0.00,39957180.18,45204010.91,0
HH017465,0,0,0,0.00,2307633.49,2825565.75,0
HH017466,0,0,0,0.00,3285909.57,3376925.21,0
HH017467,0,0,0,0.00,10391609.11,7853972.42,0
HH017468,0,0,0,0.00,3376221.28,3469457.73,0
HH017469,0,0,0,0.00,5870364.32,6349852.19,0
HH017470,0,1,1,6159923.01,10462222.52,5303955.13,0
HH017471,0,0,0,0.00,1224824.15,1374964.83,0
HH017472,0,0,0,0.00,4066688.65,6504552.31,0
HH017473,0,0,0,0.00,8928756.57,8653013.10,0
HH017474,1,0,1,5040728.46,5117999.55,77271.09,1
HH017475,1,0,1,2009682.98,2057842.04,48159.06,2
HH017476,0,0,0,0.00,2392093.15,2507930.59,0
HH017477,0,0,0,0.00,10235174.62,9942260.24,0
HH017478,0,0,0,0.00,2783577.56,3063933.94,0
HH017479,0,0,0,0.00,5432875.10,6581622.17,0
HH017480,0,0,0,0.00,14771340.82,12810045.12,0
HH017481,1,0,1,3728203.52,3797662.00,69458.48,1
HH017482,0,1,1,1786347.41,4153625.69,2476436.12,0
HH017483,0,1,1,4675749.07,9381586.25,5161716.85,0
HH017484,0,0,0,0.00,36884323.59,39502057.28,0
HH017485,0,0,0,0.00,39633418.20,41836714.55,0
HH017486,0,0,0,0.00,1149624.32,1311198.48,0
HH017487,0,0,0,0.00,5719419.12,7059224.90,0
HH017488,0,0,0,0.00,7060823.43,5913434.59,0
HH017489,1,0,1,4001667.42,4017198.07,15530.65,4
HH017490,0,0,0,0.00,70235736.45,70815196.94,0
HH017491,0,0,0,0.00,24243824.30,27020784.30,0
HH017492,0,0,0,0.00,2548392.47,3218841.28,0
HH017493,1,0,1,106210062.74,106257540.27,47477.53,6
HH017494,0,1,1,11763183.31,22634920.64,12356017.91,0
HH017495,0,0,0,0.00,4047940.53,4008572.35,0
HH017496,0,0,0,0.00,4521524.42,4336099.25,0
HH017497,0,0,0,0.00,3338366.20,3734158.17,0
HH017498,0,1,1,3622302.75,7697859.62,4756527.63,0
HH017499,1,0,1,2517147.32,2548513.30,31365.98,6
HH017500,0,0,0,0.00,9223965.09,9239780.28,0
HH017501,1,0,1,2146062.57,2157269.96,11207.39,4
HH017502,0,0,0,0.00,40243732.09,44645214.36,0
HH017503,0,1,1,3215462.04,13594999.18,11383651.20,0
HH017504,1,0,1,10990657.45,11306456.21,315798.76,5
HH017505,0,0,0,0.00,1780477.59,1905038.40,0
HH017506,0,0,0,0.00,2500023.76,3032313.63,0
HH017507,0,0,0,0.00,1529115.89,1605353.15,0
HH017508,0,0,0,0.00,1283992.09,1941708.09,0
HH017509,0,0,0,0.00,2209069.38,2420536.71,0
HH017510,0,0,0,0.00,1936892.41,2023631.58,0
HH017511,0,0,0,0.00,5343754.25,5698691.31,0
HH017512,0,0,0,0.00,1049097.90,1229056.67,0
HH017513,0,0,0,0.00,11823032.27,12907832.06,0
HH017514,0,0,0,0.00,5823895.57,5924297.64,0
HH017515,0,1,1,1546628.88,3905098.40,2706612.15,0
HH017516,0,0,0,0.00,31100443.37,35178789.10,0
HH017517,0,0,0,0.00,2734756.46,3324944.60,0
HH017518,0,0,0,0.00,2928018.41,2418714.57,0
HH017519,0,0,0,0.00,5570191.15,6081011.81,0
HH017520,0,0,0,0.00,12262281.63,15987159.46,0
HH017521,0,0,0,0.00,3535250.53,3229023.27,0
HH017522,0,0,0,0.00,29943218.61,35248743.52,0
HH017523,0,0,0,0.00,12516439.45,11512311.48,0
HH017524,0,0,0,0.00,11262770.65,9994789.50,0
HH017525,0,1,1,4892955.76,13473385.98,9405727.08,0
HH017526,0,0,0,0.00,2649524.15,2600575.52,0
HH017527,0,0,0,0.00,5684629.19,4324278.99,0
HH017528,0,1,1,1484776.73,3847619.10,2447388.55,0
HH017529,0,0,0,0.00,2233089.29,2463501.64,0
HH017530,0,0,0,0.00,99324714.97,105303097.25,0
HH017531,0,1,1,2156752.50,6992445.43,4977896.85,0
HH017532,0,0,0,0.00,7809107.84,8430707.87,0
HH017533,0,0,0,0.00,1814771.78,1969119.63,0
HH017534,0,0,0,0.00,1084892.92,1112510.10,0
HH017535,0,0,0,0.00,2515401.37,2672807.11,0
HH017536,0,0,0,0.00,6521643.31,9838161.88,0
HH017537,0,0,0,0.00,1387188.72,1335189.89,0
HH017538,0,1,1,4394718.19,15909878.30,12572415.94,0
HH017539,0,0,0,0.00,8585451.10,9469209.03,0
HH017540,0,0,0,0.00,14249745.79,14682843.48,0
HH017541,0,0,0,0.00,6531624.91,6266811.59,0
HH017542,0,0,0,0.00,4938345.48,6652528.69,0
HH017543,0,0,0,0.00,1998720.81,2838772.94,0
HH017544,0,0,0,0.00,2816517.73,2445904.68,0
HH017545,0,0,0,0.00,2334512.46,2473183.16,0
HH017546,0,0,0,0.00,7068700.70,7722798.48,0
HH017547,0,1,1,5841489.36,11837333.80,6964772.67,0
HH017548,0,0,0,0.00,3120658.38,2426635.03,0
HH017549,0,0,0,0.00,2257748.69,2567419.65,0
HH017550,0,1,1,22370824.80,37472068.37,16844300.71,0
HH017551,0,0,0,0.00,4602871.32,4865180.25,0
HH017552,0,0,0,0.00,3500830.57,3459003.19,0
HH017553,0,0,0,0.00,1561597.32,1781668.85,0
HH017554,0,1,1,1873709.62,7704999.29,6699083.54,0
HH017555,0,1,1,2509708.54,10537149.69,8827589.37,0
HH017556,0,0,0,0.00,5976356.35,5483983.82,0
HH017557,0,0,0,0.00,8012890.46,8336760.17,0
HH017558,0,0,0,0.00,2285455.18,2347334.55,0
HH017559,0,0,0,0.00,1095048.12,1701490.50,0
HH017560,1,0,1,1831374.37,1883744.12,52369.75,1
HH017561,0,0,0,0.00,20592303.23,19686255.80,0
HH017562,1,0,1,1812897.33,1826285.99,13388.66,4
HH017563,0,0,0,0.00,37379272.20,44306052.89,0
HH017564,0,0,0,0.00,6555999.28,4295875.82,0
HH017565,0,0,0,0.00,3565087.74,3645032.85,0
HH017566,0,0,0,0.00,16580840.74,23625460.57,0
HH017567,0,0,0,0.00,2939475.96,3458009.87,0
HH017568,0,0,0,0.00,3891608.67,4320961.74,0
HH017569,1,0,1,3218536.79,3300728.21,82191.42,3
HH017570,1,0,1,107728427.97,110364238.36,2635810.39,5
HH017571,0,0,0,0.00,18769590.50,20662301.64,0
HH017572,0,0,0,0.00,1157538.83,1260800.03,0
HH017573,0,0,0,0.00,2402880.97,2352332.81,0
HH017574,0,0,0,0.00,3414788.88,3406392.63,0
HH017575,0,0,0,0.00,6097922.09,6279128.29,0
HH017576,0,0,0,0.00,4551131.26,5932575.05,0
HH017577,0,0,0,0.00,4440435.44,5827472.34,0
HH017578,0,0,0,0.00,5380683.69,6222950.35,0
HH017579,0,0,0,0.00,14967768.29,16768484.43,0
HH017580,0,0,0,0.00,7008951.12,7738140.78,0
HH017581,0,0,0,0.00,3401914.22,3488450.72,0
HH017582,0,0,0,0.00,6468325.46,7855191.46,0
HH017583,0,0,0,0.00,2458319.14,2424738.22,0
HH017584,0,0,0,0.00,20014307.99,25231888.76,0
HH017585,0,1,1,689777.51,1916906.89,1443172.56,0
HH017586,1,0,1,3810557.86,3836264.40,25706.54,6
HH017587,0,0,0,0.00,20425468.36,19726583.57,0
HH017588,0,0,0,0.00,3940304.84,4713301.11,0
HH017589,0,0,0,0.00,1756672.34,1371029.45,0
HH017590,0,0,0,0.00,12527883.34,12152716.36,0
HH017591,0,0,0,0.00,3653752.48,3552366.86,0
HH017592,0,0,0,0.00,1469758.12,1673061.19,0
HH017593,0,0,0,0.00,4278715.69,4700618.93,0
HH017594,0,1,1,2822807.58,10084295.85,8151699.20,0
HH017595,0,0,0,0.00,15686938.62,14721283.61,0
HH017596,0,0,0,0.00,1420909.25,1553166.36,0
HH017597,0,0,0,0.00,1715883.88,1785856.83,0
HH017598,0,0,0,0.00,1400556.38,1483408.13,0
HH017599,0,0,0,0.00,1213056.53,1194231.15,0
HH017600,0,0,0,0.00,7308529.61,3739807.49,0
HH017601,0,0,0,0.00,1774507.44,1581841.69,0
HH017602,0,0,0,0.00,25636157.15,23588152.09,0
HH017603,0,0,0,0.00,2513416.92,2071403.15,0
HH017604,0,0,0,0.00,8127708.21,8863486.23,0
HH017605,0,0,0,0.00,6256341.12,7393213.16,0
HH017606,0,0,0,0.00,1864158.80,1978676.44,0
HH017607,0,0,0,0.00,4188758.49,3883193.08,0
HH017608,0,0,0,0.00,1912209.73,2315457.62,0
HH017609,0,0,0,0.00,33511765.68,33236324.88,0
HH017610,0,1,1,710864.59,1522447.44,1092616.24,0
HH017611,1,0,1,2214961.55,2271142.25,56180.70,4
HH017612,0,0,0,0.00,12258551.06,13302938.85,0
HH017613,0,0,0,0.00,6475042.96,7336347.24,0
HH017614,0,1,1,2285816.88,4202134.15,1953678.42,0
HH017615,0,0,0,0.00,25017568.75,26721575.52,0
HH017616,0,0,0,0.00,3743402.60,3838485.00,0
HH017617,1,0,1,3712324.86,3773196.04,60871.18,2
HH017618,0,0,0,0.00,20370543.15,24739583.80,0
HH017619,0,1,1,5884450.35,15707875.33,11297185.69,0
HH017620,0,1,1,5964640.36,13390116.85,7987032.57,0
HH017621,0,0,0,0.00,3641657.46,3336273.12,0
HH017622,0,1,1,7807683.99,14678275.04,7742294.83,0
HH017623,0,0,0,0.00,4328159.89,4390944.74,0
HH017624,0,0,0,0.00,5404450.83,5632916.77,0
HH017625,0,0,0,0.00,92548107.27,95745426.00,0
HH017626,0,0,0,0.00,1745184.42,1958098.41,0
HH017627,0,0,0,0.00,3474679.66,3245746.41,0
HH017628,0,0,0,0.00,5668701.40,4722764.22,0
HH017629,0,0,0,0.00,3015522.77,3081451.42,0
HH017630,0,0,0,0.00,52566387.29,77943572.60,0
HH017631,0,0,0,0.00,8451740.80,8575438.69,0
HH017632,0,0,0,0.00,136056734.65,140362757.29,0
HH017633,0,1,1,1550190.98,6230886.35,4974927.84,0
HH017634,0,0,0,0.00,3919014.54,4371067.15,0
HH017635,0,0,0,0.00,5065243.23,4764546.03,0
HH017636,0,1,1,3798377.29,7776956.15,4576583.78,0
HH017637,0,0,0,0.00,4984391.62,5242980.42,0
HH017638,0,0,0,0.00,1046545.69,842936.95,0
HH017639,0,0,0,0.00,3691415.16,4181586.28,0
HH017640,0,1,1,586283.18,2910013.70,2895135.63,0
HH017641,0,0,0,0.00,1419423.37,1336470.66,0
HH017642,0,0,0,0.00,5364603.28,3878388.84,0
HH017643,0,1,1,13272954.61,39826905.58,30535130.40,0
HH017644,1,0,1,3639236.78,3697125.45,57888.67,2
HH017645,0,0,0,0.00,2092437.74,2307391.28,0
HH017646,0,0,0,0.00,4324643.77,4698335.86,0
HH017647,0,0,0,0.00,1732535.10,2473060.05,0
HH017648,0,0,0,0.00,3874213.71,4867938.95,0
HH017649,0,0,0,0.00,11235823.29,9841240.58,0
HH017650,0,1,1,1686439.66,6700322.68,6251607.42,0
HH017651,0,0,0,0.00,26375474.48,34796572.60,0
HH017652,0,1,1,1096966.75,4876420.58,4044177.27,0
HH017653,0,0,0,0.00,20667450.48,20911542.48,0
HH017654,0,0,0,0.00,1409982.37,1241548.31,0
HH017655,0,0,0,0.00,2522569.72,2646026.62,0
HH017656,0,0,0,0.00,3920855.95,4019628.81,0
HH017657,0,0,0,0.00,7721741.08,7893856.48,0
HH017658,0,0,0,0.00,10780898.64,11778274.36,0
HH017659,0,0,0,0.00,2824186.96,2534408.26,0
HH017660,0,0,0,0.00,9825860.88,12068087.59,0
HH017661,0,1,1,13760704.85,25312589.27,12954622.23,0
HH017662,0,0,0,0.00,2014067.60,2233605.92,0
HH017663,0,0,0,0.00,1466588.82,1255059.03,0
HH017664,0,0,0,0.00,9564956.17,10429998.31,0
HH017665,0,0,0,0.00,3330279.79,3896557.58,0
HH017666,0,0,0,0.00,34632915.80,50086845.44,0
HH017667,0,0,0,0.00,21404980.21,23609270.53,0
HH017668,0,0,0,0.00,7992215.56,8506600.05,0
HH017669,0,0,0,0.00,6401346.56,7252309.68,0
HH017670,0,0,0,0.00,2351503.67,2917706.77,0
HH017671,0,0,0,0.00,2381294.71,2472103.05,0
HH017672,0,0,0,0.00,9469829.17,10373432.55,0
HH017673,0,0,0,0.00,1656967.00,1819436.50,0
HH017674,0,0,0,0.00,2158703.78,2574010.86,0
HH017675,0,0,0,0.00,1654821.05,1783114.89,0
HH017676,1,0,1,2752390.99,2830703.56,78312.57,4
HH017677,0,1,1,1608319.46,3940403.25,2526445.92,0
HH017678,0,0,0,0.00,3147091.06,3936627.41,0
HH017679,0,0,0,0.00,2695196.06,3124370.04,0
HH017680,0,0,0,0.00,35104646.00,37578117.87,0
HH017681,0,0,0,0.00,1003789.26,1185143.09,0
HH017682,0,1,1,1197650.80,3316729.30,2082876.02,0
HH017683,0,0,0,0.00,1734727.85,2157890.90,0
HH017684,0,0,0,0.00,2970201.78,4039786.87,0
HH017685,0,0,0,0.00,2849890.52,2526415.70,0
HH017686,0,1,1,6221788.75,11927820.67,5947282.83,0
HH017687,0,0,0,0.00,1648103.50,1799942.91,0
HH017688,0,0,0,0.00,1325772.45,1492105.80,0
HH017689,1,0,1,2447221.28,2451820.25,4598.97,6
HH017690,0,1,1,12603140.46,20855488.20,10269116.17,0
HH017691,0,0,0,0.00,10830650.75,13827864.59,0
HH017692,0,0,0,0.00,9123699.27,10705917.88,0
HH017693,0,0,0,0.00,8285962.72,8722709.09,0
HH017694,0,0,0,0.00,2047671.71,2075705.64,0
HH017695,0,0,0,0.00,80016059.60,98543916.82,0
HH017696,0,0,0,0.00,3904667.21,4676955.95,0
HH017697,0,0,0,0.00,6080981.45,7162251.51,0
HH017698,0,1,1,892948.44,3543225.79,2873277.56,0
HH017699,0,0,0,0.00,1387955.22,1543196.28,0
HH017700,0,0,0,0.00,4295876.31,3714638.04,0
HH017701,1,0,1,8769611.31,8991371.10,221759.79,5
HH017702,0,0,0,0.00,2857354.91,3526743.13,0
HH017703,0,0,0,0.00,2652184.10,2508901.53,0
HH017704,0,0,0,0.00,2779983.50,3051237.51,0
HH017705,0,0,0,0.00,3867538.68,4239360.44,0
HH017706,0,0,0,0.00,1473986.26,1577527.79,0
HH017707,0,1,1,547908.13,2369143.58,1660548.54,0
HH017708,1,0,1,3120620.46,3200537.80,79917.34,1
HH017709,0,0,0,0.00,21412756.31,29725104.19,0
HH017710,0,0,0,0.00,1168002.63,1184986.90,0
HH017711,0,0,0,0.00,1656406.69,2077071.34,0
HH017712,0,1,1,7149491.03,11626224.38,4360401.68,0
HH017713,0,0,0,0.00,33256738.10,44817924.37,0
HH017714,0,0,0,0.00,3836606.47,4065920.98,0
HH017715,0,1,1,1119210.85,3943819.87,3010057.20,0
HH017716,0,0,0,0.00,1051564.51,861538.14,0
HH017717,0,1,1,1842423.10,3527727.99,1650121.23,0
HH017718,0,0,0,0.00,85125203.66,85126731.07,0
HH017719,0,0,0,0.00,3849026.43,4138089.39,0
HH017720,0,0,0,0.00,6780939.41,6964432.62,0
HH017721,0,0,0,0.00,9276627.84,8942665.17,0
HH017722,0,0,0,0.00,6564290.65,9533346.25,0
HH017723,0,0,0,0.00,7055421.85,7018372.06,0
HH017724,0,0,0,0.00,2067087.95,1954668.71,0
HH017725,0,0,0,0.00,2513765.83,2753920.52,0
HH017726,0,0,0,0.00,5891911.93,8718363.74,0
HH017727,0,0,0,0.00,2825914.49,3013519.84,0
HH017728,0,0,0,0.00,2234996.22,2344113.26,0
HH017729,0,0,0,0.00,6228636.22,6982878.10,0
HH017730,0,0,0,0.00,8845984.73,8890293.68,0
HH017731,0,1,1,1677605.63,4164921.61,2944078.15,0
HH017732,0,0,0,0.00,3811163.60,4918287.37,0
HH017733,0,0,0,0.00,11142256.58,10441970.67,0
HH017734,0,0,0,0.00,29129009.76,34390651.37,0
HH017735,0,0,0,0.00,1426008.23,1691596.53,0
HH017736,0,0,0,0.00,7512283.52,8591488.81,0
HH017737,0,1,1,398333.26,1012354.97,670537.43,0
HH017738,0,0,0,0.00,18569586.52,19484882.13,0
HH017739,0,0,0,0.00,1080675.22,1169472.36,0
HH017740,0,0,0,0.00,1374107.31,2531436.24,0
HH017741,0,0,0,0.00,2870253.98,3223881.14,0
HH017742,0,1,1,575613.80,2859910.69,2084377.40,0
HH017743,0,0,0,0.00,1596161.74,1718956.91,0
HH017744,0,0,0,0.00,1429912.58,1696320.04,0
HH017745,0,0,0,0.00,2809192.43,3041274.13,0
HH017746,0,0,0,0.00,23498902.49,24216225.81,0
HH017747,0,0,0,0.00,2905336.12,2765243.25,0
HH017748,0,0,0,0.00,2700481.72,2993561.24,0
HH017749,0,0,0,0.00,2415056.96,5821806.41,0
HH017750,0,1,1,980630.29,1817079.03,943754.03,0
HH017751,0,0,0,0.00,2413410.82,1862566.12,0
HH017752,0,1,1,1612972.57,4018291.47,2537400.07,0
HH017753,0,0,0,0.00,3016543.46,3126997.50,0
HH017754,0,0,0,0.00,7623068.38,8132934.38,0
HH017755,0,0,0,0.00,10847362.98,12344220.69,0
HH017756,0,0,0,0.00,5658869.10,4617717.38,0
HH017757,0,1,1,373042.31,1734591.15,1293244.79,0
HH017758,0,0,0,0.00,5458707.06,5037903.75,0
HH017759,0,0,0,0.00,14672980.93,14530370.12,0
HH017760,0,0,0,0.00,7066970.91,6185364.56,0
HH017761,0,0,0,0.00,1923526.07,1849747.41,0
HH017762,0,0,0,0.00,28685830.28,25903226.69,0
HH017763,0,0,0,0.00,1577423.47,1607399.05,0
HH017764,0,0,0,0.00,5158517.25,5177321.19,0
HH017765,0,0,0,0.00,7232828.30,8346826.63,0
HH017766,0,0,0,0.00,8027618.29,8116838.77,0
HH017767,0,0,0,0.00,18483927.71,22404516.52,0
HH017768,0,1,1,6391972.69,19679113.01,13241539.76,0
HH017769,0,0,0,0.00,8426683.06,8645505.58,0
HH017770,0,0,0,0.00,3120469.55,3322679.88,0
HH017771,0,0,0,0.00,4019900.27,3803219.15,0
HH017772,0,0,0,0.00,4579660.24,5355528.64,0
HH017773,1,0,1,2366825.56,2402433.48,35607.92,6
HH017774,0,0,0,0.00,3604336.56,4400176.74,0
HH017775,0,0,0,0.00,4665300.80,5190550.68,0
HH017776,0,0,0,0.00,1500186.71,1557996.17,0
HH017777,0,0,0,0.00,1317602.90,1310006.92,0
HH017778,0,1,1,281036.90,1033819.52,1020839.16,0
HH017779,1,0,1,1885403.71,1898820.22,13416.51,2
HH017780,0,0,0,0.00,1343650.98,1645535.01,0
HH017781,1,0,1,2867972.89,2916808.11,48835.22,1
HH017782,0,0,0,0.00,1788138.68,2766798.99,0
HH017783,0,0,0,0.00,1184934.40,1140191.99,0
HH017784,0,0,0,0.00,10326704.02,7916376.66,0
HH017785,0,0,0,0.00,12633314.23,13741676.17,0
HH017786,0,0,0,0.00,4801641.82,5459444.62,0
HH017787,0,0,0,0.00,3937049.33,3827316.46,0
HH017788,0,0,0,0.00,2574855.91,3190870.71,0
HH017789,0,0,0,0.00,3173969.68,3417263.60,0
HH017790,0,0,0,0.00,1985150.64,1959854.55,0
HH017791,0,0,0,0.00,79096212.66,88421255.26,0
HH017792,0,0,0,0.00,49724595.93,43614877.31,0
HH017793,1,0,1,2826529.46,2827526.09,996.63,6
HH017794,0,0,0,0.00,10050560.42,10343240.09,0
HH017795,0,0,0,0.00,2176114.73,2833626.76,0
HH017796,0,0,0,0.00,1727864.93,1789604.11,0
HH017797,0,0,0,0.00,17553985.19,19200357.83,0
HH017798,0,1,1,250061.08,1126325.79,1313453.96,0
HH017799,0,0,0,0.00,4135960.84,4617220.31,0
HH017800,0,1,1,6653561.01,10239539.04,4113381.37,0
HH017801,0,0,0,0.00,16629190.17,21008546.96,0
HH017802,0,0,0,0.00,15717668.19,16171324.17,0
HH017803,0,0,0,0.00,12269470.77,9730469.74,0
HH017804,0,0,0,0.00,8409853.61,9117267.79,0
HH017805,0,0,0,0.00,1331540.74,1336607.41,0
HH017806,0,0,0,0.00,1641647.11,1599662.73,0
HH017807,0,0,0,0.00,14329057.52,17273421.43,0
HH017808,0,0,0,0.00,9272464.48,10226684.36,0
HH017809,0,0,0,0.00,5906223.69,5910829.53,0
HH017810,0,0,0,0.00,7417959.13,7343976.15,0
HH017811,0,1,1,1280214.62,3352334.49,2656084.48,0
HH017812,0,0,0,0.00,4434364.72,5096333.73,0
HH017813,0,1,1,6338451.58,15502052.11,11059674.79,0
HH017814,0,0,0,0.00,2176345.67,2426237.91,0
HH017815,0,1,1,558322.68,2153196.74,1348688.73,0
HH017816,0,0,0,0.00,9158656.88,10648759.70,0
HH017817,0,0,0,0.00,3243318.65,3460442.62,0
HH017818,0,0,0,0.00,1066519.00,1162878.73,0
HH017819,0,0,0,0.00,6071134.16,6114909.56,0
HH017820,0,0,0,0.00,6086060.76,6208090.18,0
HH017821,0,0,0,0.00,1768723.59,1864902.08,0
HH017822,0,0,0,0.00,1509623.10,1617727.02,0
HH017823,0,0,0,0.00,4451820.99,4591391.40,0
HH017824,0,0,0,0.00,4005888.02,4462497.33,0
HH017825,0,0,0,0.00,5916448.25,6505636.24,0
HH017826,0,0,0,0.00,16742030.52,19397475.87,0
HH017827,0,0,0,0.00,2036244.06,2661768.08,0
HH017828,0,0,0,0.00,4764073.42,5244170.47,0
HH017829,0,0,0,0.00,58586575.12,61404229.34,0
HH017830,0,0,0,0.00,11769535.89,10287290.88,0
HH017831,0,0,0,0.00,4487946.84,5279887.59,0
HH017832,0,0,0,0.00,1695254.39,1770344.43,0
HH017833,0,0,0,0.00,1848905.08,2711294.60,0
HH017834,0,0,0,0.00,5403828.53,5830043.10,0
HH017835,0,0,0,0.00,1694629.87,1919547.62,0
HH017836,0,0,0,0.00,13153237.17,14223308.72,0
HH017837,0,1,1,314336.49,1373632.59,845711.86,0
HH017838,0,0,0,0.00,4834783.62,4486086.11,0
HH017839,0,0,0,0.00,13434112.12,14365485.80,0
HH017840,0,0,0,0.00,6067326.09,6064640.17,0
HH017841,0,0,0,0.00,12826623.79,14175280.20,0
HH017842,0,0,0,0.00,1669448.88,1705435.82,0
HH017843,0,0,0,0.00,3332154.37,3154173.43,0
HH017844,0,0,0,0.00,4621845.55,5378368.50,0
HH017845,0,0,0,0.00,2772770.41,2811038.72,0
HH017846,0,0,0,0.00,1452913.11,1172879.81,0
HH017847,0,0,0,0.00,1048153.79,1069199.78,0
HH017848,1,0,1,3349667.14,3408432.32,58765.18,5
HH017849,0,0,0,0.00,9649233.58,8261905.49,0
HH017850,0,0,0,0.00,2947388.53,2974823.57,0
HH017851,0,0,0,0.00,5183693.59,5822968.91,0
HH017852,0,0,0,0.00,10085132.57,10492497.29,0
HH017853,0,0,0,0.00,9522008.64,8560182.28,0
HH017854,0,0,0,0.00,7287146.70,7960737.63,0
HH017855,0,0,0,0.00,4458600.33,5128494.46,0
HH017856,0,0,0,0.00,4860948.63,6595793.09,0
HH017857,0,0,0,0.00,4355865.31,5472069.17,0
HH017858,0,0,0,0.00,4495941.31,4625251.47,0
HH017859,0,1,1,2235250.06,5109758.33,3109304.18,0
HH017860,0,1,1,1231255.80,3504764.81,1609864.35,0
HH017861,0,0,0,0.00,1336006.55,1487132.77,0
HH017862,1,0,1,5390818.29,5463804.00,72985.71,5
HH017863,0,0,0,0.00,2683777.76,2664831.76,0
HH017864,0,1,1,6283220.70,13827603.24,5251097.81,0
HH017865,0,0,0,0.00,6725871.25,7898538.26,0
HH017866,0,0,0,0.00,16773164.18,18704535.47,0
HH017867,0,0,0,0.00,3765111.25,3323936.33,0
HH017868,0,0,0,0.00,1366903.03,1570977.95,0
HH017869,0,0,0,0.00,7617890.38,6107192.24,0
HH017870,0,0,0,0.00,2255483.38,3021439.35,0
HH017871,0,1,1,1478512.40,5368989.86,3386232.15,0
HH017872,0,1,1,1963628.34,5922078.58,4658165.98,0
HH017873,0,0,0,0.00,3325473.17,3368994.08,0
HH017874,0,0,0,0.00,2326896.01,2695596.59,0
HH017875,0,0,0,0.00,8252748.54,8693630.78,0
HH017876,0,0,0,0.00,5112574.82,4963777.12,0
HH017877,0,0,0,0.00,4654421.24,4217567.24,0
HH017878,0,0,0,0.00,9191853.81,9765833.23,0
HH017879,0,1,1,5465238.67,13110276.45,8787169.52,0
HH017880,0,0,0,0.00,6968959.65,7029382.84,0
HH017881,0,0,0,0.00,8891659.98,10175517.88,0
HH017882,0,0,0,0.00,53766468.67,52236192.60,0
HH017883,0,0,0,0.00,2138393.45,2091849.09,0
HH017884,0,0,0,0.00,32445478.68,38194769.35,0
HH017885,0,0,0,0.00,5692571.58,6041747.67,0
HH017886,0,0,0,0.00,3733704.41,4602653.07,0
HH017887,0,0,0,0.00,3881899.59,5261949.82,0
HH017888,0,0,0,0.00,4170642.73,5065916.36,0
HH017889,0,0,0,0.00,10366926.04,10382222.32,0
HH017890,0,0,0,0.00,11627770.53,12808127.68,0
HH017891,0,0,0,0.00,5186508.57,2564549.84,0
HH017892,0,0,0,0.00,3667451.25,3412739.65,0
HH017893,0,1,1,3307278.37,12487333.09,9564020.43,0
HH017894,0,1,1,5154435.51,16057504.99,12916233.33,0
HH017895,0,0,0,0.00,15650990.57,15687510.06,0
HH017896,0,0,0,0.00,3702106.31,3701863.10,0
HH017897,0,0,0,0.00,6983373.45,7346211.51,0
HH017898,0,0,0,0.00,10767847.72,10858048.78,0
HH017899,0,1,1,880387.17,3737622.63,3242098.17,0
HH017900,0,1,1,583049.57,2332795.43,1969892.93,0
HH017901,0,0,0,0.00,1526298.47,1897462.03,0
HH017902,0,0,0,0.00,5521196.29,6804730.99,0
HH017903,0,0,0,0.00,18882293.33,19998796.96,0
HH017904,0,1,1,1015954.25,2238126.70,1187219.57,0
HH017905,0,0,0,0.00,1190971.63,1262225.90,0
HH017906,0,0,0,0.00,1542163.69,1352428.12,0
HH017907,0,0,0,0.00,9926315.31,9297230.42,0
HH017908,0,0,0,0.00,9052788.08,8232286.35,0
HH017909,0,0,0,0.00,149149853.06,192050075.77,0
HH017910,0,0,0,0.00,2058081.46,2672447.35,0
HH017911,0,0,0,0.00,7477773.66,8175414.13,0
HH017912,0,0,0,0.00,1336561.90,1369990.23,0
HH017913,1,0,1,4009793.06,4018128.47,8335.41,2
HH017914,0,0,0,0.00,2612924.16,2600445.27,0
HH017915,0,0,0,0.00,1723548.34,1961204.28,0
HH017916,0,0,0,0.00,7149546.07,7185680.22,0
HH017917,0,0,0,0.00,4613478.40,4830806.41,0
HH017918,0,1,1,2205876.02,3873397.17,1958968.73,0
HH017919,0,0,0,0.00,13987797.14,19227990.45,0
HH017920,0,0,0,0.00,1589261.07,1781470.74,0
HH017921,0,0,0,0.00,1272708.73,1114414.76,0
HH017922,1,0,1,14744263.07,15108533.94,364270.87,5
HH017923,0,0,0,0.00,5433243.67,5976268.25,0
HH017924,1,0,1,5334862.33,5422728.24,87865.91,4
HH017925,1,0,1,6915181.18,7082165.36,166984.18,5
HH017926,0,0,0,0.00,8916549.34,10780851.14,0
HH017927,0,0,0,0.00,10794057.64,11796467.99,0
HH017928,0,0,0,0.00,8340002.14,9838581.10,0
HH017929,0,0,0,0.00,12367264.70,14294781.44,0
HH017930,1,0,1,2856605.30,2878958.89,22353.59,5
HH017931,0,0,0,0.00,22834794.48,22586840.94,0
HH017932,0,0,0,0.00,26908459.43,26199692.15,0
HH017933,0,0,0,0.00,19621907.28,17585641.77,0
HH017934,0,0,0,0.00,8442001.84,8404454.74,0
HH017935,0,0,0,0.00,4215363.14,3750607.63,0
HH017936,0,0,0,0.00,3525049.76,3137818.43,0
HH017937,0,0,0,0.00,1920143.71,2035859.15,0
HH017938,0,0,0,0.00,3265726.67,3684042.30,0
HH017939,0,0,0,0.00,3761152.72,4927051.06,0
HH017940,0,1,1,1299916.54,5237284.34,4561660.07,0
HH017941,0,0,0,0.00,1469513.21,1611921.50,0
HH017942,0,0,0,0.00,1660658.75,1952570.32,0
HH017943,0,0,0,0.00,3141136.38,3735708.32,0
HH017944,0,0,0,0.00,8532030.55,9071938.18,0
HH017945,0,0,0,0.00,1308359.26,1281631.04,0
HH017946,0,0,0,0.00,7998467.46,7699928.26,0
HH017947,0,0,0,0.00,2323846.51,2550238.14,0
HH017948,0,0,0,0.00,54655859.38,61720099.20,0
HH017949,0,0,0,0.00,2593318.23,2705793.87,0
HH017950,0,0,0,0.00,2692030.80,3135092.26,0
HH017951,0,0,0,0.00,1593371.10,1815145.85,0
HH017952,,,,,4345370.29,4370566.64,0
HH017953,0,0,0,0.00,7430852.88,7550772.98,0
HH017954,0,0,0,0.00,3449997.69,3525520.36,0
HH017955,0,0,0,0.00,5706487.66,809532.61,0
HH017956,0,0,0,0.00,13110236.99,10520832.17,0
HH017957,0,0,0,0.00,9767031.20,9732951.53,0
HH017958,0,0,0,0.00,1312430.54,1343017.08,0
HH017959,0,0,0,0.00,5627285.35,8574896.86,0
HH017960,0,0,0,0.00,2781219.70,2916577.80,0
HH017961,0,0,0,0.00,12978727.24,14326347.42,0
HH017962,0,0,0,0.00,11049202.87,11196149.12,0
HH017963,0,1,1,750962.38,3126246.83,2629041.85,0
HH017964,0,0,0,0.00,8320529.72,9904992.04,0
HH017965,0,1,1,461415.07,1017233.41,571580.27,0
HH017966,0,0,0,0.00,5126486.42,5483725.16,0
HH017967,0,0,0,0.00,5245147.52,6135256.68,0
HH017968,0,0,0,0.00,2480874.97,3226805.62,0
HH017969,0,0,0,0.00,3876504.71,4261216.18,0
HH017970,0,0,0,0.00,5031330.26,4885707.96,0
HH017971,1,0,1,12993555.62,12994391.14,835.52,4
HH017972,0,0,0,0.00,9252745.42,10096474.44,0
HH017973,0,0,0,0.00,1653354.30,1696576.88,0
HH017974,0,0,0,0.00,2427989.26,2583463.30,0
HH017975,1,0,1,30023051.48,30652154.65,629103.17,2
HH017976,0,0,0,0.00,22279809.98,20638959.42,0
HH017977,0,1,1,5348915.81,12113151.10,7257873.57,0
HH017978,0,1,1,1308084.92,2646904.97,1434305.92,0
HH017979,0,0,0,0.00,1328501.20,1040963.00,0
HH017980,0,0,0,0.00,548502188.68,554295166.57,0
HH017981,0,0,0,0.00,2338686.81,2333797.83,0
HH017982,0,0,0,0.00,3899982.15,4092435.49,0
HH017983,0,0,0,0.00,4455433.14,4727256.97,0
HH017984,0,0,0,0.00,10290629.94,9190475.32,0
HH017985,0,0,0,0.00,1293332.58,1279534.54,0
HH017986,0,0,0,0.00,8567274.32,8275396.90,0
HH017987,0,0,0,0.00,3258750.73,2852769.36,0
HH017988,0,0,0,0.00,2937266.58,3506159.46,0
HH017989,0,0,0,0.00,10111963.32,11443522.42,0
HH017990,0,0,0,0.00,8841003.32,10282530.77,0
HH017991,0,0,0,0.00,2160372.78,2498157.65,0
HH017992,0,0,0,0.00,2102466.31,2677095.58,0
HH017993,0,0,0,0.00,14011853.99,14933488.76,0
HH017994,0,0,0,0.00,1217497.06,1348945.64,0
HH017995,0,0,0,0.00,1022422.41,904567.89,0
HH017996,0,0,0,0.00,11475686.41,11900795.22,0
HH017997,0,0,0,0.00,7768003.13,8269184.89,0
HH017998,0,0,0,0.00,5177283.58,4997213.98,0
HH017999,0,0,0,0.00,2559548.95,2832226.15,0
HH018000,0,1,1,3395909.91,15428395.74,11550038.49,0
HH018001,0,0,0,0.00,3840347.79,4405173.80,0
HH018002,0,1,1,785789.75,1843176.96,1082591.49,0
HH018003,0,0,0,0.00,2955959.01,3410589.07,0
HH018004,0,0,0,0.00,5484143.16,6616122.00,0
HH018005,0,0,0,0.00,3956440.75,5573155.90,0
HH018006,0,0,0,0.00,11164111.12,13579670.26,0
HH018007,0,0,0,0.00,2552566.62,2757514.22,0
HH018008,0,0,0,0.00,3525638.66,3877817.46,0
HH018009,0,0,0,0.00,101995605.23,111275981.97,0
HH018010,0,0,0,0.00,8075581.99,8902758.33,0
HH018011,0,1,1,9011908.51,20604788.50,11299529.64,0
HH018012,0,1,1,12256934.42,20725052.07,8978345.76,0
HH018013,0,0,0,0.00,1983226.98,2070868.71,0
HH018014,0,0,0,0.00,6381167.31,7645250.23,0
HH018015,0,0,0,0.00,3946779.56,4710067.35,0
HH018016,0,0,0,0.00,2609858.34,2624035.45,0
HH018017,0,1,1,9387802.57,35634236.94,27695934.74,0
HH018018,0,0,0,0.00,8176694.21,9969059.51,0
HH018019,0,0,0,0.00,3419886.55,4185989.79,0
HH018020,1,0,1,27873798.80,28016693.58,142894.78,2
HH018021,0,0,0,0.00,22158138.75,19970624.80,0
HH018022,0,0,0,0.00,20667001.39,25563077.16,0
HH018023,0,0,0,0.00,2486833.92,2827413.32,0
HH018024,0,0,0,0.00,1043272.36,869115.11,0
HH018025,0,0,0,0.00,4577241.93,4044614.38,0
HH018026,0,0,0,0.00,1307283.51,1228373.45,0
HH018027,0,0,0,0.00,10860208.13,12064679.83,0
HH018028,0,0,0,0.00,1467455.13,1573677.85,0
HH018029,0,0,0,0.00,26398060.70,27938000.46,0
HH018030,0,0,0,0.00,8366381.80,8294455.86,0
HH018031,0,0,0,0.00,4113991.49,4139594.67,0
HH018032,0,0,0,0.00,1769711.57,2497820.45,0
HH018033,0,0,0,0.00,3021663.31,2746289.36,0
HH018034,0,0,0,0.00,7734583.53,9090481.98,0
HH018035,0,1,1,1657043.86,8233840.29,9675318.43,0
HH018036,0,0,0,0.00,2071647.68,1883163.14,0
HH018037,1,0,1,5508985.26,5522078.93,13093.67,6
HH018038,0,0,0,0.00,3430941.33,4368707.84,0
HH018039,1,0,1,2076025.57,2128097.77,52072.20,3
HH018040,0,0,0,0.00,5733377.80,6244149.39,0
HH018041,0,0,0,0.00,6783422.90,8057598.86,0
HH018042,0,0,0,0.00,10344445.66,11785172.72,0
HH018043,0,1,1,5374538.42,25269891.74,20907939.67,0
HH018044,1,0,1,6679808.75,6757065.98,77257.23,2
HH018045,0,0,0,0.00,1520752.07,1711635.17,0
HH018046,0,0,0,0.00,5303328.52,6341857.03,0
HH018047,0,0,0,0.00,5150145.53,5730829.01,0
HH018048,0,0,0,0.00,95880744.30,107842404.72,0
HH018049,0,0,0,0.00,3222364.53,3500359.60,0
HH018050,0,0,0,0.00,8927285.24,13842308.70,0
HH018051,0,0,0,0.00,1671580.19,1565776.38,0
HH018052,0,0,0,0.00,3325325.77,3407013.64,0
HH018053,0,0,0,0.00,8075491.10,8216958.47,0
HH018054,0,0,0,0.00,3981789.44,4712173.20,0
HH018055,1,0,1,1424801.24,1451196.11,26394.87,5
HH018056,0,0,0,0.00,3043642.26,3502264.79,0
HH018057,0,0,0,0.00,2016318.29,1825182.27,0
HH018058,0,0,0,0.00,8798567.62,9714668.17,0
HH018059,0,0,0,0.00,3324557.99,2782876.46,0
HH018060,0,1,1,351042.79,1282327.80,850121.15,0
HH018061,0,0,0,0.00,1691420.86,1463403.95,0
HH018062,0,0,0,0.00,3275036.17,3790192.34,0
HH018063,0,0,0,0.00,5813073.11,7367924.86,0
HH018064,0,0,0,0.00,2087599.90,2830406.83,0
HH018065,0,0,0,0.00,1000214.67,954398.28,0
HH018066,0,0,0,0.00,33310054.93,39316681.86,0
HH018067,0,0,0,0.00,6338163.15,7698725.03,0
HH018068,0,0,0,0.00,109837092.88,118830440.30,0
HH018069,0,0,0,0.00,22582882.22,23996678.86,0
HH018070,0,0,0,0.00,4132972.36,4487977.70,0
HH018071,0,0,0,0.00,7041958.44,7663911.09,0
HH018072,0,0,0,0.00,6145890.43,7446117.29,0
HH018073,0,0,0,0.00,1026575.48,814126.25,0
HH018074,0,0,0,0.00,8304704.89,9111104.18,0
HH018075,0,0,0,0.00,9538720.26,9203199.90,0
HH018076,0,0,0,0.00,3002025.38,2707228.01,0
HH018077,0,1,1,644117.69,1141278.07,515937.75,0
HH018078,0,1,1,4220016.50,20245736.74,19311241.29,0
HH018079,0,0,0,0.00,3278777.32,3967045.14,0
HH018080,0,0,0,0.00,14379461.76,21002643.01,0
HH018081,0,0,0,0.00,4695264.49,4408575.36,0
HH018082,0,0,0,0.00,7862163.89,7455216.46,0
HH018083,0,0,0,0.00,2614677.72,2566279.24,0
HH018084,0,0,0,0.00,4503087.83,4170086.61,0
HH018085,0,0,0,0.00,2057701.98,2045958.80,0
HH018086,0,0,0,0.00,6377014.60,7742148.21,0
HH018087,0,0,0,0.00,1087024.41,1186695.51,0
HH018088,0,0,0,0.00,2735161.14,2980894.07,0
HH018089,0,0,0,0.00,3737341.70,4112197.47,0
HH018090,0,0,0,0.00,1754031.42,1775047.57,0
HH018091,0,0,0,0.00,6385661.73,7495827.64,0
HH018092,0,0,0,0.00,15277103.30,16284899.07,0
HH018093,0,0,0,0.00,10940220.49,10055399.50,0
HH018094,0,0,0,0.00,2236402.57,2378172.16,0
HH018095,0,0,0,0.00,61303143.59,65073828.40,0
HH018096,0,0,0,0.00,2903096.10,3240807.77,0
HH018097,0,0,0,0.00,2433654.73,2720914.35,0
HH018098,0,0,0,0.00,1442718.55,1388695.14,0
HH018099,0,0,0,0.00,4494244.09,5239467.16,0
HH018100,0,0,0,0.00,6490463.85,7275866.94,0
HH018101,0,0,0,0.00,1310107.26,958731.40,0
HH018102,0,0,0,0.00,10915681.74,12020505.68,0
HH018103,0,0,0,0.00,3091687.56,3149810.19,0
HH018104,0,0,0,0.00,12607543.22,12244162.16,0
HH018105,0,0,0,0.00,5271895.09,5495202.98,0
HH018106,0,0,0,0.00,9614067.51,11383440.89,0
HH018107,0,1,1,3157580.82,7697839.72,5021001.58,0
HH018108,0,1,1,2647013.69,5215288.42,2473217.48,0
HH018109,0,0,0,0.00,2400112.02,2766471.46,0
HH018110,0,1,1,1368387.79,3077713.12,1908126.09,0
HH018111,,,,,2139561.09,2362021.12,0
HH018112,1,0,1,2026477.60,2076751.05,50273.45,3
HH018113,0,0,0,0.00,3723671.70,4059536.87,0
HH018114,0,0,0,0.00,10420456.84,12410140.33,0
HH018115,0,1,1,22092106.53,99114835.68,76375631.38,0
HH018116,0,1,1,9122288.99,15378901.00,7019291.38,0
HH018117,1,0,1,9642043.55,9830361.58,188318.03,1
HH018118,0,0,0,0.00,4668683.79,4626565.42,0
HH018119,0,0,0,0.00,2794141.62,3109533.15,0
HH018120,0,0,0,0.00,4443778.16,3544667.85,0
HH018121,1,0,1,26468986.06,26791910.27,322924.21,3
HH018122,0,0,0,0.00,10819821.92,11754374.03,0
HH018123,0,0,0,0.00,1761032.66,2011142.74,0
HH018124,0,0,0,0.00,11198177.61,9613348.51,0
HH018125,0,0,0,0.00,1992687.09,2298826.25,0
HH018126,0,1,1,2338180.45,5288521.97,2979965.33,0
HH018127,0,0,0,0.00,18532179.23,17190560.77,0
HH018128,1,0,1,1681815.12,1710545.85,28730.73,2
HH018129,0,0,0,0.00,3783256.68,4137454.71,0
HH018130,0,0,0,0.00,8335947.73,8696101.54,0
HH018131,0,0,0,0.00,16732856.06,16045070.71,0
HH018132,0,0,0,0.00,11404056.38,12403793.74,0
HH018133,0,1,1,1291284.29,2613997.78,1400516.80,0
HH018134,0,0,0,0.00,6981275.17,9864097.41,0
HH018135,0,0,0,0.00,10179267.15,12493448.69,0
HH018136,0,0,0,0.00,2181044.99,2502132.30,0
HH018137,0,0,0,0.00,4397740.41,4773728.67,0
HH018138,1,0,1,10704769.39,10867390.99,162621.60,6
HH018139,0,0,0,0.00,3560885.97,3342338.39,0
HH018140,0,1,1,890389.18,3038226.38,3023462.33,0
HH018141,0,0,0,0.00,22396860.47,21838266.31,0
HH018142,0,0,0,0.00,3880547.54,5615112.55,0
HH018143,0,0,0,0.00,1034679.19,1224243.39,0
HH018144,0,0,0,0.00,11747332.80,14293694.82,0
HH018145,0,0,0,0.00,1489265.97,1505315.81,0
HH018146,0,0,0,0.00,6252206.47,6157098.82,0
HH018147,0,0,0,0.00,8758279.15,8132497.89,0
HH018148,0,0,0,0.00,5289542.01,5457646.46,0
HH018149,0,0,0,0.00,2743388.74,3266403.01,0
HH018150,0,1,1,611605.27,2106829.36,1830919.13,0
HH018151,0,0,0,0.00,2440263.64,2844625.74,0
HH018152,0,0,0,0.00,15637773.12,18422523.91,0
HH018153,0,1,1,4262164.58,11496732.78,7083112.92,0
HH018154,0,0,0,0.00,1730252.98,1887310.59,0
HH018155,0,0,0,0.00,1463484.47,1527471.97,0
HH018156,0,0,0,0.00,66393534.23,72588392.42,0
HH018157,0,0,0,0.00,5483461.40,6265992.19,0
HH018158,0,1,1,497555.65,1211522.09,808683.73,0
HH018159,0,0,0,0.00,3530831.52,3483707.92,0
HH018160,0,0,0,0.00,7653195.24,6762267.21,0
HH018161,1,0,1,119088009.77,122628884.60,3540874.83,2
HH018162,0,1,1,1677735.49,3340429.66,2031851.97,0
HH018163,0,0,0,0.00,5980038.42,8751106.62,0
HH018164,0,0,0,0.00,1167748.00,1151795.30,0
HH018165,0,1,1,8912066.52,17627925.76,10949297.33,0
HH018166,0,0,0,0.00,7395422.65,9842914.55,0
HH018167,0,0,0,0.00,5369239.75,5269630.46,0
HH018168,,,,,4134994.08,4606529.12,0
HH018169,0,1,1,3124662.72,11531762.46,9473315.32,0
HH018170,0,0,0,0.00,11443945.25,13409413.49,0
HH018171,1,0,1,17106822.95,17277689.57,170866.62,1
HH018172,0,0,0,0.00,13073223.00,13275916.53,0
HH018173,0,0,0,0.00,2198610.11,1620951.64,0
HH018174,0,0,0,0.00,3717907.02,5336653.55,0
HH018175,0,0,0,0.00,25348253.86,27012527.18,0
HH018176,0,0,0,0.00,5513164.64,7017718.31,0
HH018177,0,0,0,0.00,12250521.98,14365939.95,0
HH018178,0,0,0,0.00,22755428.14,25345738.81,0
HH018179,0,0,0,0.00,9933028.29,11936062.89,0
HH018180,0,0,0,0.00,9141091.78,4870544.83,0
HH018181,1,0,1,10771488.49,11018602.14,247113.65,4
HH018182,0,1,1,4200847.24,13991671.95,9896346.22,0
HH018183,0,0,0,0.00,2440645.47,5030385.37,0
HH018184,0,0,0,0.00,2851665.61,3214710.08,0
HH018185,0,0,0,0.00,10907214.08,10863213.42,0
HH018186,0,0,0,0.00,1320234.16,1425223.87,0
HH018187,0,0,0,0.00,4888275.12,5404617.48,0
HH018188,0,0,0,0.00,16035553.98,15903334.80,0
HH018189,0,0,0,0.00,5308935.27,4322985.31,0
HH018190,0,0,0,0.00,1507309.52,1454874.47,0
HH018191,0,0,0,0.00,7864206.71,9096715.76,0
HH018192,0,1,1,2851213.92,5726829.27,3157135.61,0
HH018193,0,0,0,0.00,6064013.50,5843308.11,0
HH018194,0,1,1,1658761.53,5271621.65,3434443.72,0
HH018195,0,0,0,0.00,5125568.13,5215113.38,0
HH018196,0,0,0,0.00,32120305.44,35230244.77,0
HH018197,0,0,0,0.00,8087088.90,9396953.43,0
HH018198,0,0,0,0.00,1047597.36,1155246.17,0
HH018199,0,0,0,0.00,3102193.71,3310839.18,0
HH018200,0,0,0,0.00,1009237.84,1131891.28,0
HH018201,0,0,0,0.00,2439423.76,2841759.70,0
HH018202,0,0,0,0.00,20208001.53,21345286.59,0
HH018203,0,1,1,1864368.47,4838613.42,3443913.36,0
HH018204,0,0,0,0.00,11044472.23,10667217.45,0
HH018205,0,0,0,0.00,1036300.90,1084004.75,0
HH018206,0,0,0,0.00,21519470.70,22072848.27,0
HH018207,0,0,0,0.00,51570798.10,59160142.01,0
HH018208,0,0,0,0.00,15937045.53,16764208.24,0
HH018209,0,0,0,0.00,5876904.89,5892580.39,0
HH018210,0,0,0,0.00,6276321.74,5564526.21,0
HH018211,0,0,0,0.00,6430487.57,7423294.95,0
HH018212,0,0,0,0.00,1726153.62,1757201.82,0
HH018213,0,1,1,17501786.69,30785488.62,14904034.14,0
HH018214,0,0,0,0.00,2680247.44,2704494.76,0
HH018215,0,0,0,0.00,2074317.34,2477487.60,0
HH018216,0,0,0,0.00,22522946.00,23744518.53,0
HH018217,0,0,0,0.00,2934400.20,2910495.91,0
HH018218,0,0,0,0.00,31304163.61,33426187.76,0
HH018219,0,1,1,955476.73,2627705.25,1928642.95,0
HH018220,0,0,0,0.00,30577680.18,34500647.38,0
HH018221,0,1,1,687995.02,3062847.96,1762634.55,0
HH018222,0,0,0,0.00,7956243.94,7853970.23,0
HH018223,0,0,0,0.00,5425992.21,5845368.81,0
HH018224,0,0,0,0.00,7926596.23,9116429.15,0
HH018225,0,0,0,0.00,2965133.57,3399926.86,0
HH018226,0,0,0,0.00,16113574.04,18181832.21,0
HH018227,0,0,0,0.00,26267908.26,30166463.14,0
HH018228,0,0,0,0.00,1268865.78,1353781.75,0
HH018229,0,0,0,0.00,5163885.81,5286048.41,0
HH018230,1,0,1,20102047.83,20440169.19,338121.36,1
HH018231,0,0,0,0.00,13828128.69,15368104.64,0
HH018232,0,0,0,0.00,1551378.15,1528019.01,0
HH018233,0,0,0,0.00,2319840.89,2709953.49,0
HH018234,0,0,0,0.00,5647383.79,6300720.71,0
HH018235,0,0,0,0.00,11182762.75,12016569.26,0
HH018236,0,0,0,0.00,12443312.60,12324239.74,0
HH018237,0,0,0,0.00,1140237.23,1323748.54,0
HH018238,0,0,0,0.00,9169596.89,10695164.85,0
HH018239,0,0,0,0.00,2021670.18,1937555.46,0
HH018240,1,0,1,33317920.19,33617705.29,299785.10,6
HH018241,0,0,0,0.00,1304910.15,1803415.68,0
HH018242,0,0,0,0.00,14842037.88,15260915.60,0
HH018243,0,1,1,411501.90,1858719.17,1516629.26,0
HH018244,,,,,1084100.81,1288053.55,0
HH018245,0,0,0,0.00,27948098.98,31664124.43,0
HH018246,0,0,0,0.00,11070640.33,11730935.93,0
HH018247,0,0,0,0.00,1472121.51,1458113.17,0
HH018248,0,0,0,0.00,4634547.67,5672512.33,0
HH018249,0,0,0,0.00,16349450.71,20085209.11,0
HH018250,0,1,1,1032826.81,3963310.81,2978020.35,0
HH018251,0,0,0,0.00,3079117.22,3010395.89,0
HH018252,0,0,0,0.00,2943006.63,3028273.02,0
HH018253,0,0,0,0.00,66234601.34,75471383.79,0
HH018254,0,1,1,2943302.35,5385143.34,3042572.54,0
HH018255,0,0,0,0.00,3943109.74,5218729.61,0
HH018256,0,0,0,0.00,6919479.62,7110067.90,0
HH018257,0,0,0,0.00,2957459.81,3102100.63,0
HH018258,0,1,1,1462507.61,3933683.52,2529309.81,0
HH018259,0,0,0,0.00,2549815.44,2092579.70,0
HH018260,0,0,0,0.00,6613647.33,6386803.52,0
HH018261,0,0,0,0.00,17670200.33,17633060.57,0
HH018262,0,0,0,0.00,6639079.16,6755881.25,0
HH018263,0,0,0,0.00,1561690.28,1488710.62,0
HH018264,1,0,1,3312743.59,3361195.84,48452.25,3
HH018265,0,0,0,0.00,9054164.59,9886769.24,0
HH018266,0,0,0,0.00,3443018.87,3487349.93,0
HH018267,0,0,0,0.00,3656253.97,4144330.80,0
HH018268,0,0,0,0.00,23360778.21,26145286.99,0
HH018269,0,0,0,0.00,3627755.52,4439165.63,0
HH018270,0,1,1,747675.59,2168195.92,1542487.47,0
HH018271,0,0,0,0.00,3058040.40,2590146.71,0
HH018272,0,0,0,0.00,2457932.91,2333388.21,0
HH018273,0,0,0,0.00,10439734.05,10864778.04,0
HH018274,0,1,1,4452901.23,8380911.85,4663547.22,0
HH018275,0,0,0,0.00,2562559.02,2552692.45,0
HH018276,0,0,0,0.00,2153133.06,2229063.35,0
HH018277,0,0,0,0.00,4125149.71,3621398.18,0
HH018278,0,0,0,0.00,4914201.71,5469234.43,0
HH018279,0,0,0,0.00,23281472.54,22766304.38,0
HH018280,0,0,0,0.00,4567843.65,4527316.94,0
HH018281,0,0,0,0.00,2977750.69,4019910.51,0
HH018282,0,0,0,0.00,1731343.09,2061095.69,0
HH018283,,,,,7300456.04,7254849.09,0
HH018284,0,1,1,454701.15,1493273.44,966052.50,0
HH018285,0,0,0,0.00,1162946.09,1932479.77,0
HH018286,0,0,0,0.00,12501872.32,16605795.52,0
HH018287,0,0,0,0.00,1299115.20,1437226.66,0
HH018288,0,0,0,0.00,2064101.81,2292304.26,0
HH018289,0,0,0,0.00,269770162.65,354268062.50,0
HH018290,1,0,1,54173479.85,55175826.74,1002346.89,4
HH018291,1,0,1,2789953.95,2833200.46,43246.51,1
HH018292,0,1,1,499016.36,1230740.82,839271.27,0
HH018293,1,0,1,14285875.70,14436492.88,150617.18,6
HH018294,0,0,0,0.00,1697815.83,1262865.80,0
HH018295,1,0,1,3923801.92,3996586.77,72784.85,6
HH018296,0,0,0,0.00,1149109.49,1516278.24,0
HH018297,0,1,1,559557.99,1617480.76,1232969.43,0
HH018298,0,0,0,0.00,7350358.21,6829109.52,0
HH018299,0,0,0,0.00,1194464.76,1334403.12,0
HH018300,0,0,0,0.00,36422273.92,44345910.39,0
HH018301,0,0,0,0.00,3854748.00,3915028.84,0
HH018302,0,1,1,6002136.89,20705078.83,15562209.59,0
HH018303,0,0,0,0.00,17086772.22,16714525.00,0
HH018304,0,0,0,0.00,2518316.35,2561930.98,0
HH018305,1,0,1,1435814.01,1444406.65,8592.64,4
HH018306,0,0,0,0.00,2340352.29,2828623.92,0
HH018307,0,0,0,0.00,13264257.58,14822189.28,0
HH018308,0,0,0,0.00,10930494.71,11013134.45,0
HH018309,0,0,0,0.00,14700391.22,16111707.25,0
HH018310,0,1,1,1395777.53,2697928.68,1466668.83,0
HH018311,0,0,0,0.00,2620784.62,2276827.09,0
HH018312,0,0,0,0.00,1720060.11,1491269.41,0
HH018313,0,0,0,0.00,5958363.38,9328931.19,0
HH018314,0,0,0,0.00,2467696.94,2561095.70,0
HH018315,0,0,0,0.00,11135290.33,12763365.18,0
HH018316,0,0,0,0.00,1061828.22,1150401.52,0
HH018317,0,0,0,0.00,5780590.54,6097933.48,0
HH018318,0,0,0,0.00,2506969.58,2418599.82,0
HH018319,0,0,0,0.00,5570845.52,6548396.55,0
HH018320,0,0,0,0.00,1237147.09,1327861.49,0
HH018321,0,0,0,0.00,2879255.06,3311107.28,0
HH018322,1,0,1,9200641.97,9232271.04,31629.07,3
HH018323,1,0,1,7573866.71,7578281.38,4414.67,4
HH018324,0,1,1,416121.60,1079378.94,663187.37,0
HH018325,0,0,0,0.00,3009290.50,2407732.07,0
HH018326,0,0,0,0.00,16529077.41,18027816.17,0
HH018327,0,0,0,0.00,4736960.96,5634505.81,0
HH018328,0,0,0,0.00,7805899.81,8113867.89,0
HH018329,0,0,0,0.00,7071059.04,8909397.00,0
HH018330,0,0,0,0.00,2298378.73,2498051.24,0
HH018331,0,0,0,0.00,9841450.66,10941039.74,0
HH018332,0,1,1,2017345.58,3136496.66,968703.68,0
HH018333,0,0,0,0.00,3040295.52,3310308.50,0
HH018334,0,0,0,0.00,2835215.02,2941666.04,0
HH018335,0,0,0,0.00,3670777.98,2858692.37,0
HH018336,0,0,0,0.00,1602382.45,1947744.72,0
HH018337,0,0,0,0.00,1285003.23,1170406.49,0
HH018338,0,0,0,0.00,6538493.77,7993090.79,0
HH018339,0,0,0,0.00,2704850.18,2915107.12,0
HH018340,0,0,0,0.00,3930555.50,4856315.35,0
HH018341,0,0,0,0.00,10678709.69,12709202.77,0
HH018342,0,1,1,1442331.83,3054397.69,1779191.69,0
HH018343,0,0,0,0.00,1223574.11,1001737.24,0
HH018344,0,0,0,0.00,1216959.29,1928568.02,0
HH018345,0,1,1,1447565.82,5706097.26,3922090.50,0
HH018346,0,0,0,0.00,9820918.84,8291402.06,0
HH018347,0,0,0,0.00,2939276.74,2712695.32,0
HH018348,0,0,0,0.00,6330810.22,6941203.47,0
HH018349,0,1,1,427888.80,1974143.89,1411536.06,0
HH018350,0,0,0,0.00,26292370.15,28550420.96,0
HH018351,0,0,0,0.00,27179126.46,30231438.48,0
HH018352,0,0,0,0.00,10228747.54,11033556.30,0
HH018353,0,0,0,0.00,18634875.54,19344111.15,0
HH018354,0,0,0,0.00,11123722.02,13045396.12,0
HH018355,0,0,0,0.00,1046240.13,1063154.50,0
HH018356,0,0,0,0.00,1654926.58,1923582.37,0
HH018357,0,0,0,0.00,4432035.13,4951561.22,0
HH018358,0,0,0,0.00,1022639.65,954563.06,0
HH018359,0,0,0,0.00,8311866.74,8736761.73,0
HH018360,0,0,0,0.00,2342442.45,2373523.76,0
HH018361,0,0,0,0.00,2558675.90,2484256.08,0
HH018362,0,0,0,0.00,7546530.26,7335677.75,0
HH018363,0,1,1,3021038.52,10817935.29,8437049.26,0
HH018364,0,0,0,0.00,2800865.66,3209712.63,0
HH018365,1,0,1,3704451.19,3770552.07,66100.88,5
HH018366,0,0,0,0.00,1559713.86,1715034.21,0
HH018367,0,1,1,1011695.36,2683743.74,1716928.35,0
HH018368,0,0,0,0.00,1480072.02,1529508.33,0
HH018369,0,1,1,939063.19,1845444.26,1031860.37,0
HH018370,0,0,0,0.00,10882981.49,11626917.12,0
HH018371,0,0,0,0.00,1134167.08,1129289.07,0
HH018372,1,0,1,1321997.01,1336116.61,14119.60,2
HH018373,0,0,0,0.00,2976018.14,2547177.07,0
HH018374,0,0,0,0.00,11761834.55,10716223.00,0
HH018375,1,0,1,1773002.93,1808658.35,35655.42,3
HH018376,0,0,0,0.00,32922537.99,34677352.59,0
HH018377,0,0,0,0.00,23328888.57,24397406.90,0
HH018378,0,0,0,0.00,10422856.05,11264110.10,0
HH018379,0,0,0,0.00,3868239.07,4223569.60,0
HH018380,0,0,0,0.00,3365691.29,2909523.58,0
HH018381,0,0,0,0.00,5741974.52,6258834.07,0
HH018382,0,0,0,0.00,6182741.11,6613771.95,0
HH018383,0,0,0,0.00,10627542.53,14075155.73,0
HH018384,0,0,0,0.00,3789447.83,4253918.92,0
HH018385,0,0,0,0.00,27370921.48,36952966.97,0
HH018386,1,0,1,4206633.63,4275423.25,68789.62,1
HH018387,0,0,0,0.00,6576117.85,5820660.48,0
HH018388,0,0,0,0.00,2800414.45,3058008.58,0
HH018389,0,0,0,0.00,3916849.14,5235292.30,0
HH018390,0,0,0,0.00,19005461.98,19138758.48,0
HH018391,0,0,0,0.00,2914160.60,3408875.91,0
HH018392,0,0,0,0.00,22787537.75,23527282.92,0
HH018393,0,0,0,0.00,9161009.49,9737602.33,0
HH018394,0,1,1,1303293.76,4619505.00,3619977.50,0
HH018395,0,0,0,0.00,2592771.46,2957926.73,0
HH018396,0,0,0,0.00,2578364.50,2542419.75,0
HH018397,0,0,0,0.00,2169683.54,2414351.89,0
HH018398,0,0,0,0.00,1000396.62,1073985.96,0
HH018399,0,0,0,0.00,1627535.00,1747028.07,0
HH018400,0,0,0,0.00,1560818.91,1725368.03,0
HH018401,1,0,1,2934093.43,2960454.33,26360.90,6
HH018402,0,0,0,0.00,4538872.20,4985789.71,0
HH018403,0,1,1,6090665.27,19274229.01,14443838.52,0
HH018404,0,0,0,0.00,18962505.73,17330821.11,0
HH018405,0,0,0,0.00,1575602.58,1608027.42,0
HH018406,0,0,0,0.00,3091686.81,2966104.33,0
HH018407,0,1,1,3027294.84,6364112.96,3631975.51,0
HH018408,0,0,0,0.00,2471682.34,2559748.46,0
HH018409,0,0,0,0.00,3608700.08,3335123.62,0
HH018410,0,0,0,0.00,20125484.73,19536576.89,0
HH018411,0,0,0,0.00,2719658.56,2376106.17,0
HH018412,0,0,0,0.00,6593288.67,8219543.64,0
HH018413,0,0,0,0.00,2283933.38,2576582.06,0
HH018414,0,0,0,0.00,9502126.17,10234071.17,0
HH018415,0,0,0,0.00,36992057.39,34030939.48,0
HH018416,0,0,0,0.00,6565805.76,7862828.34,0
HH018417,0,0,0,0.00,2219279.89,1949927.49,0
HH018418,1,0,1,1929347.47,1979968.28,50620.81,5
HH018419,0,0,0,0.00,4510233.57,5050478.78,0
HH018420,0,0,0,0.00,4684699.48,5479624.40,0
HH018421,0,0,0,0.00,1432413.78,1880332.84,0
HH018422,0,0,0,0.00,3041947.04,3100153.72,0
HH018423,0,0,0,0.00,39474118.53,38235372.94,0
HH018424,0,0,0,0.00,20381424.32,22103667.24,0
HH018425,0,1,1,589138.29,1488698.50,873957.62,0
HH018426,0,0,0,0.00,19769191.21,21674004.08,0
HH018427,0,0,0,0.00,3680515.10,4491295.08,0
HH018428,0,0,0,0.00,3053916.48,3471362.25,0
HH018429,0,1,1,1254419.32,3001601.12,1161586.35,0
HH018430,0,0,0,0.00,4936940.05,5655920.51,0
HH018431,0,0,0,0.00,22818374.93,23308654.37,0
HH018432,0,0,0,0.00,4951498.71,5278450.20,0
HH018433,0,0,0,0.00,1524626.67,1555442.41,0
HH018434,0,0,0,0.00,5819422.60,5983779.85,0
HH018435,0,0,0,0.00,3565244.09,4457883.90,0
HH018436,0,0,0,0.00,3883724.37,4775137.87,0
HH018437,0,0,0,0.00,4919899.06,6402166.34,0
HH018438,0,0,0,0.00,2319084.90,4226736.86,0
HH018439,0,0,0,0.00,3649327.62,3694010.27,0
HH018440,0,0,0,0.00,2485645.09,2389887.66,0
HH018441,0,0,0,0.00,3970117.59,4448171.77,0
HH018442,0,0,0,0.00,2122267.63,2340570.54,0
HH018443,0,0,0,0.00,16110107.00,17205686.50,0
HH018444,0,0,0,0.00,10337324.59,10801857.96,0
HH018445,0,0,0,0.00,3650368.01,3523896.14,0
HH018446,0,0,0,0.00,5024676.22,4193117.32,0
HH018447,0,0,0,0.00,39384045.33,46323753.65,0
HH018448,0,0,0,0.00,4725560.23,5796911.15,0
HH018449,0,0,0,0.00,2377313.69,2724688.71,0
HH018450,0,0,0,0.00,10111208.73,10589056.45,0
HH018451,0,0,0,0.00,4955615.90,4918906.91,0
HH018452,0,0,0,0.00,178580431.04,199813294.99,0
HH018453,0,0,0,0.00,7509960.86,8448407.90,0
HH018454,0,0,0,0.00,1590662.18,1517867.06,0
HH018455,0,1,1,1114000.28,4048937.99,2996755.06,0
HH018456,0,0,0,0.00,5135943.06,6654849.07,0
HH018457,0,0,0,0.00,3752603.40,3865754.47,0
HH018458,1,0,1,12649941.90,12701296.35,51354.45,3
HH018459,0,0,0,0.00,11750509.44,12033299.78,0
HH018460,0,1,1,1640456.97,3635263.55,2090298.54,0
HH018461,1,0,1,16532676.99,16728464.81,195787.82,6
HH018462,0,1,1,1832590.07,7138816.63,7724965.34,0
HH018463,0,0,0,0.00,1495060.43,1558213.89,0
HH018464,0,0,0,0.00,4557471.48,4604008.32,0
HH018465,0,1,1,3171660.81,8210048.17,5464366.73,0
HH018466,0,0,0,0.00,19660072.66,16104443.71,0
HH018467,0,0,0,0.00,6973502.75,7778817.52,0
HH018468,0,0,0,0.00,54406588.40,54254966.29,0
HH018469,0,0,0,0.00,4680930.18,3939266.73,0
HH018470,0,0,0,0.00,20231790.87,20314768.63,0
HH018471,0,0,0,0.00,32887811.10,32490246.86,0
HH018472,0,0,0,0.00,2897047.89,3311910.46,0
HH018473,0,0,0,0.00,7843455.67,7976004.06,0
HH018474,0,0,0,0.00,16546377.67,18347482.72,0
HH018475,0,1,1,884866.66,2153014.27,1373365.35,0
HH018476,0,0,0,0.00,5487873.72,6105130.01,0
HH018477,0,0,0,0.00,11510746.00,11617435.53,0
HH018478,0,0,0,0.00,4778636.67,5090105.08,0
HH018479,0,0,0,0.00,12568733.61,14213408.33,0
HH018480,0,0,0,0.00,2298748.94,2441738.24,0
HH018481,0,0,0,0.00,11915374.60,15956001.55,0
HH018482,0,0,0,0.00,2535978.80,2508327.29,0
HH018483,0,0,0,0.00,1477352.69,1524671.96,0
HH018484,0,0,0,0.00,23586653.49,24112825.81,0
HH018485,0,0,0,0.00,33691354.51,31656050.70,0
HH018486,0,0,0,0.00,3771811.63,4171944.24,0
HH018487,0,0,0,0.00,30779450.18,27785488.37,0
HH018488,0,0,0,0.00,1274317.34,2097891.82,0
HH018489,0,0,0,0.00,49610551.32,64114524.56,0
HH018490,0,0,0,0.00,1811838.85,1880954.24,0
HH018491,0,0,0,0.00,1506921.44,1457529.21,0
HH018492,0,0,0,0.00,2403186.84,2792470.01,0
HH018493,0,0,0,0.00,6530854.45,6717171.27,0
HH018494,0,0,0,0.00,6757787.18,7594872.17,0
HH018495,0,1,1,1759359.59,5755285.10,4743651.38,0
HH018496,0,1,1,1312141.91,2866250.06,1408724.41,0
HH018497,0,1,1,10572245.98,19740334.58,10996637.05,0
HH018498,0,0,0,0.00,7811493.52,7644784.29,0
HH018499,0,0,0,0.00,3557555.28,3719581.98,0
HH018500,0,0,0,0.00,6933977.94,9882015.95,0
HH018501,0,0,0,0.00,4337335.70,4610839.25,0
HH018502,0,0,0,0.00,7185240.80,7483660.11,0
HH018503,0,0,0,0.00,7064204.72,10819310.02,0
HH018504,0,0,0,0.00,2480210.05,2635595.95,0
HH018505,0,0,0,0.00,3722438.02,3802586.65,0
HH018506,0,0,0,0.00,4768402.55,5197913.23,0
HH018507,0,1,1,2052119.93,8524182.36,6290434.45,0
HH018508,1,0,1,4431614.66,4535367.92,103753.26,5
HH018509,0,0,0,0.00,21387368.46,21393702.97,0
HH018510,0,0,0,0.00,2050120.22,2309033.27,0
HH018511,0,0,0,0.00,22165717.09,25981104.24,0
HH018512,0,1,1,550124.35,1858987.44,1863791.12,0
HH018513,0,0,0,0.00,9411177.33,11532170.31,0
HH018514,0,0,0,0.00,5963766.75,7273692.96,0
HH018515,,,,,2028692.86,1843732.76,0
HH018516,0,0,0,0.00,4312927.25,4067908.56,0
HH018517,0,0,0,0.00,9827796.47,12933022.03,0
HH018518,0,0,0,0.00,2106370.38,1799415.88,0
HH018519,0,0,0,0.00,2821792.43,2828163.34,0
HH018520,1,0,1,5666951.12,5781957.08,115005.96,5
HH018521,0,0,0,0.00,2156786.66,2585733.51,0
HH018522,0,0,0,0.00,10995491.45,8609511.22,0
HH018523,0,1,1,2143117.74,4826978.59,3061390.73,0
HH018524,0,0,0,0.00,1629959.40,1862325.78,0
HH018525,0,1,1,20707590.12,35446008.14,14248071.86,0
HH018526,0,0,0,0.00,1384915.34,491545.32,0
HH018527,0,0,0,0.00,123769843.85,150931765.67,0
HH018528,0,1,1,3395341.13,6147893.08,2666189.55,0
HH018529,0,0,0,0.00,2021766.35,2137980.94,0
HH018530,0,0,0,0.00,2660119.73,3111995.45,0
HH018531,0,1,1,717188.74,1986445.18,1579954.73,0
HH018532,0,0,0,0.00,31377868.45,33147011.46,0
HH018533,0,1,1,688552.30,1805781.10,1321011.35,0
HH018534,0,0,0,0.00,12912476.48,15909477.49,0
HH018535,0,1,1,476629.63,1153145.10,768520.58,0
HH018536,0,0,0,0.00,2646910.25,2632862.91,0
HH018537,0,0,0,0.00,11007194.90,11483107.18,0
HH018538,0,0,0,0.00,1707891.81,1712413.41,0
HH018539,0,0,0,0.00,4575625.16,4632931.22,0
HH018540,0,0,0,0.00,1989727.86,2154070.00,0
HH018541,0,0,0,0.00,11057326.68,10461787.85,0
HH018542,1,0,1,8403907.00,8606899.25,202992.25,1
HH018543,0,0,0,0.00,2358381.61,1802363.13,0
HH018544,0,1,1,923756.41,2186299.76,1395161.97,0
HH018545,0,0,0,0.00,1401477.91,1543184.99,0
HH018546,0,0,0,0.00,2003582.56,2196443.61,0
HH018547,0,0,0,0.00,7916882.23,9818167.96,0
HH018548,0,0,0,0.00,3939696.43,7047958.71,0
HH018549,0,0,0,0.00,5591699.05,6039657.19,0
HH018550,0,0,0,0.00,3190416.95,3307278.66,0
HH018551,0,1,1,9618813.83,21580461.87,12696135.93,0
HH018552,,,,,10873352.45,14262971.33,0
HH018553,0,0,0,0.00,4143636.74,4001695.64,0
HH018554,0,0,0,0.00,8205607.58,9290266.31,0
HH018555,0,0,0,0.00,4373980.01,4518440.58,0
HH018556,0,0,0,0.00,2476231.22,2857976.25,0
HH018557,1,0,1,3540715.11,3572976.76,32261.65,6
HH018558,0,0,0,0.00,18879051.55,20349241.75,0
HH018559,0,0,0,0.00,20929744.20,18249955.92,0
HH018560,0,0,0,0.00,9603814.37,12611656.51,0
HH018561,0,0,0,0.00,1794771.56,2050945.64,0
HH018562,0,0,0,0.00,93380738.08,113126689.65,0
HH018563,0,0,0,0.00,15971270.05,19600875.47,0
HH018564,1,0,1,14682596.47,14919803.41,237206.94,1
HH018565,0,0,0,0.00,56886022.80,58708390.16,0
HH018566,0,0,0,0.00,2839955.04,3128883.25,0
HH018567,0,0,0,0.00,9507939.35,9637826.55,0
HH018568,0,1,1,2720034.56,8875462.89,7526008.29,0
HH018569,0,0,0,0.00,2716117.24,2578895.05,0
HH018570,0,0,0,0.00,2807231.74,3170319.52,0
HH018571,1,0,1,4693342.55,4718346.56,25004.01,1
HH018572,0,0,0,0.00,11937997.67,15801525.11,0
HH018573,0,0,0,0.00,2080708.56,2208191.93,0
HH018574,0,0,0,0.00,14793252.70,18429314.85,0
HH018575,0,0,0,0.00,13544067.79,14890352.98,0
HH018576,0,0,0,0.00,74915352.74,82056228.87,0
HH018577,0,0,0,0.00,2198393.46,2224042.88,0
HH018578,0,0,0,0.00,4949063.00,6626838.07,0
HH018579,0,0,0,0.00,15780873.61,13939894.91,0
HH018580,0,0,0,0.00,2008288.67,1755379.08,0
HH018581,0,1,1,570224.74,1485829.60,994264.46,0
HH018582,0,0,0,0.00,5837875.53,6617591.85,0
HH018583,1,0,1,4159794.73,4163345.73,3551.00,4
HH018584,0,0,0,0.00,18856969.09,18091241.71,0
HH018585,0,0,0,0.00,6128687.27,4769183.99,0
HH018586,0,0,0,0.00,6774691.65,8390476.75,0
HH018587,0,0,0,0.00,11691908.98,12270023.59,0
HH018588,0,0,0,0.00,2532434.93,2804786.86,0
HH018589,0,0,0,0.00,40518314.51,44192614.10,0
HH018590,0,0,0,0.00,1422257.35,1465446.45,0
HH018591,0,0,0,0.00,4144868.93,4035524.89,0
HH018592,0,0,0,0.00,1211100.95,1236441.97,0
HH018593,0,0,0,0.00,3950689.39,4351687.58,0
HH018594,1,0,1,6607258.35,6674463.12,67204.77,6
HH018595,0,0,0,0.00,3919850.43,4769025.71,0
HH018596,0,0,0,0.00,1679104.47,1902995.59,0
HH018597,0,0,0,0.00,15366190.54,16146383.91,0
HH018598,1,0,1,4290025.27,4332022.42,41997.15,1
HH018599,0,0,0,0.00,2585981.94,2859326.79,0
HH018600,0,0,0,0.00,1127100.79,1254319.88,0
HH018601,0,0,0,0.00,1566194.23,1633798.24,0
HH018602,0,0,0,0.00,12384370.94,14287061.99,0
HH018603,1,0,1,3756183.32,3785274.29,29090.97,4
HH018604,0,1,1,11058933.53,41542302.11,37013535.12,0
HH018605,0,0,0,0.00,1568034.48,1810730.75,0
HH018606,0,0,0,0.00,5046721.39,5313777.46,0
HH018607,0,0,0,0.00,8203103.37,9532958.44,0
HH018608,0,0,0,0.00,4461931.14,4870523.28,0
HH018609,0,0,0,0.00,1474087.00,1582388.43,0
HH018610,0,0,0,0.00,3032557.81,3830966.86,0
HH018611,0,0,0,0.00,5537946.25,5437439.27,0
HH018612,1,0,1,7493619.05,7580687.58,87068.53,3
HH018613,0,0,0,0.00,20259206.84,27476830.30,0
HH018614,0,0,0,0.00,11924483.76,12178104.85,0
HH018615,0,0,0,0.00,2189577.86,2384413.63,0
HH018616,0,0,0,0.00,2883687.54,2746963.32,0
HH018617,0,0,0,0.00,115360853.63,126383491.11,0
HH018618,0,0,0,0.00,10745033.80,12881533.58,0
HH018619,0,0,0,0.00,2478533.93,2886312.82,0
HH018620,0,0,0,0.00,2898173.58,3140889.13,0
HH018621,0,0,0,0.00,5015698.39,6369394.85,0
HH018622,0,0,0,0.00,18857394.62,22009611.87,0
HH018623,0,0,0,0.00,5625533.98,6723488.68,0
HH018624,0,0,0,0.00,2102763.57,2549083.10,0
HH018625,0,0,0,0.00,2659240.14,2590684.21,0
HH018626,0,0,0,0.00,1551762.25,1674034.24,0
HH018627,0,0,0,0.00,1996939.02,1428894.64,0
HH018628,0,0,0,0.00,1747742.53,1881394.92,0
HH018629,0,0,0,0.00,37511396.44,46162197.64,0
HH018630,0,0,0,0.00,1571230.71,1476154.74,0
HH018631,0,0,0,0.00,5676856.03,5003643.58,0
HH018632,0,0,0,0.00,8539801.79,9361175.79,0
HH018633,1,0,1,8210905.87,8410328.45,199422.58,6
HH018634,0,0,0,0.00,13921602.49,15140232.79,0
HH018635,0,0,0,0.00,8469487.34,9532344.14,0
HH018636,0,0,0,0.00,1749067.15,1779667.25,0
HH018637,0,0,0,0.00,4695589.17,5533459.57,0
HH018638,0,1,1,871255.04,1778810.29,957906.07,0
HH018639,0,0,0,0.00,13081125.31,12234485.17,0
HH018640,0,0,0,0.00,2316144.25,2118674.42,0
HH018641,0,0,0,0.00,11445801.05,13381656.66,0
HH018642,0,0,0,0.00,3035961.31,3452311.22,0
HH018643,0,0,0,0.00,1003287.41,1164920.75,0
HH018644,0,0,0,0.00,2014185.56,2198810.90,0
HH018645,0,1,1,5149407.94,15017168.42,10384150.26,0
HH018646,0,0,0,0.00,14056569.57,14022044.72,0
HH018647,0,0,0,0.00,8933209.10,10318809.88,0
HH018648,0,0,0,0.00,8965594.63,8439691.88,0
HH018649,0,0,0,0.00,2174497.74,2499693.40,0
HH018650,0,1,1,250130.23,1178534.34,732647.66,0
HH018651,0,0,0,0.00,1472244.19,1573811.70,0
HH018652,0,0,0,0.00,4742322.98,5254350.12,0
HH018653,0,0,0,0.00,14958173.67,17142598.09,0
HH018654,0,1,1,542194.68,1859619.46,2271612.17,0
HH018655,0,0,0,0.00,8616558.47,8486885.08,0
HH018656,0,1,1,2380549.87,10267499.03,8821346.90,0
HH018657,0,0,0,0.00,3265784.48,3749144.44,0
HH018658,0,0,0,0.00,4031413.49,4224270.71,0
HH018659,0,0,0,0.00,6621583.87,7076313.80,0
HH018660,0,0,0,0.00,1490284.33,1430504.51,0
HH018661,0,0,0,0.00,3066022.60,3828148.72,0
HH018662,0,0,0,0.00,10220755.91,14907703.23,0
HH018663,0,1,1,1543899.32,2654242.91,1256215.75,0
HH018664,0,0,0,0.00,37123865.44,40776778.29,0
HH018665,0,0,0,0.00,1542028.06,1900530.61,0
HH018666,1,0,1,8799627.69,8887660.21,88032.52,4
HH018667,0,0,0,0.00,1362419.52,1640237.46,0
HH018668,0,0,0,0.00,1523263.52,1882455.47,0
HH018669,0,0,0,0.00,10727478.22,11478023.64,0
HH018670,0,0,0,0.00,6887276.90,6491361.22,0
HH018671,0,0,0,0.00,12135186.48,11997733.12,0
HH018672,0,0,0,0.00,1114564.43,1160654.33,0
HH018673,0,1,1,467498.12,1406681.06,954275.17,0
HH018674,0,0,0,0.00,4808420.65,5646815.64,0
HH018675,0,0,0,0.00,9360530.45,10027821.49,0
HH018676,0,0,0,0.00,12671185.26,13641426.14,0
HH018677,0,0,0,0.00,4150864.16,5613907.85,0
HH018678,1,0,1,1239400.15,1256303.44,16903.29,1
HH018679,0,0,0,0.00,5414455.59,6781968.50,0
HH018680,0,0,0,0.00,6691365.89,7289919.98,0
HH018681,0,0,0,0.00,16067457.41,17653734.18,0
HH018682,0,0,0,0.00,7351880.92,7899912.11,0
HH018683,1,0,1,20485690.41,21003395.62,517705.21,1
HH018684,0,0,0,0.00,1753400.35,1764972.10,0
HH018685,0,0,0,0.00,2210546.52,2438176.72,0
HH018686,0,0,0,0.00,1294572.59,1424439.06,0
HH018687,0,1,1,1577347.09,5895550.41,4971172.33,0
HH018688,0,0,0,0.00,3814965.54,4644381.51,0
HH018689,0,0,0,0.00,1299082.66,1595548.36,0
HH018690,0,0,0,0.00,1210141.65,1386058.21,0
HH018691,0,0,0,0.00,12558509.95,14133681.61,0
HH018692,0,0,0,0.00,8406574.88,7837836.33,0
HH018693,0,0,0,0.00,1738706.54,2222194.09,0
HH018694,0,0,0,0.00,10935736.43,13164499.42,0
HH018695,0,0,0,0.00,2118303.17,2191832.11,0
HH018696,0,0,0,0.00,8395729.81,10163045.24,0
HH018697,0,0,0,0.00,1547110.93,1696030.90,0
HH018698,0,0,0,0.00,3156349.45,3153985.27,0
HH018699,0,0,0,0.00,81091276.42,73109089.83,0
HH018700,0,0,0,0.00,2432580.88,2906975.70,0
HH018701,0,0,0,0.00,9505575.46,9261217.63,0
HH018702,0,1,1,885442.01,2078420.17,1199621.79,0
HH018703,0,0,0,0.00,3081927.52,2961537.96,0
HH018704,0,0,0,0.00,9848733.57,7295262.34,0
HH018705,0,0,0,0.00,2545649.40,2663135.16,0
HH018706,1,0,1,1075387.70,1095275.60,19887.90,6
HH018707,0,0,0,0.00,11349877.02,12138712.02,0
HH018708,0,0,0,0.00,1554504.14,1785733.25,0
HH018709,0,0,0,0.00,16483441.83,16753127.31,0
HH018710,0,0,0,0.00,4309094.81,4574592.49,0
HH018711,0,0,0,0.00,7377186.80,8338707.71,0
HH018712,0,0,0,0.00,1758990.26,1762271.85,0
HH018713,0,0,0,0.00,7511135.47,6907842.31,0
HH018714,0,0,0,0.00,11936367.80,12466265.70,0
HH018715,0,0,0,0.00,2479919.82,2368438.23,0
HH018716,0,0,0,0.00,4742163.37,5125497.16,0
HH018717,0,0,0,0.00,3593725.21,3939394.67,0
HH018718,0,0,0,0.00,3573647.89,4313499.78,0
HH018719,0,0,0,0.00,10724766.04,11946781.67,0
HH018720,1,0,1,4116846.01,4201981.96,85135.95,6
HH018721,0,0,0,0.00,4733686.37,5189076.48,0
HH018722,0,0,0,0.00,1239240.69,1374188.84,0
HH018723,0,0,0,0.00,2912978.29,3077472.75,0
HH018724,0,0,0,0.00,25833356.79,31084771.32,0
HH018725,0,0,0,0.00,40117749.56,47649766.04,0
HH018726,0,1,1,1574015.59,7280237.71,6024339.11,0
HH018727,0,1,1,574564.12,1969863.20,1480244.84,0
HH018728,0,0,0,0.00,2668639.88,3416480.75,0
HH018729,0,0,0,0.00,5281555.21,6230775.87,0
HH018730,0,0,0,0.00,3682514.38,3996009.91,0
HH018731,0,0,0,0.00,1081958.19,1235186.69,0
HH018732,0,1,1,10287924.36,21072529.73,13128653.12,0
HH018733,0,0,0,0.00,10755152.49,9161952.01,0
HH018734,0,0,0,0.00,1604310.59,1250253.10,0
HH018735,0,0,0,0.00,1311471.90,1148964.54,0
HH018736,0,1,1,775828.83,3426440.42,2777161.90,0
HH018737,0,0,0,0.00,11602119.55,13324332.72,0
HH018738,0,0,0,0.00,4707605.74,5175932.66,0
HH018739,0,0,0,0.00,2933133.27,3182973.08,0
HH018740,0,0,0,0.00,2428049.10,3017225.62,0
HH018741,0,0,0,0.00,2989531.95,3265956.29,0
HH018742,0,1,1,1940732.81,5172932.19,3688956.43,0
HH018743,0,0,0,0.00,4932137.09,6295883.39,0
HH018744,0,0,0,0.00,6611032.99,7534414.11,0
HH018745,1,0,1,4588272.34,4631545.06,43272.72,2
HH018746,0,0,0,0.00,5456092.83,5844216.69,0
HH018747,0,0,0,0.00,2261815.02,2251115.30,0
HH018748,0,0,0,0.00,4252835.52,4353003.21,0
HH018749,0,0,0,0.00,27654347.94,30297153.86,0
HH018750,0,0,0,0.00,2705977.11,3004118.14,0
HH018751,0,0,0,0.00,7927655.02,9434311.49,0
HH018752,0,0,0,0.00,2338125.38,2659298.20,0
HH018753,0,0,0,0.00,2380182.61,2422080.32,0
HH018754,1,0,1,3521959.77,3624421.38,102461.61,4
HH018755,0,0,0,0.00,21243400.14,21370606.69,0
HH018756,0,0,0,0.00,2236955.34,1671611.85,0
HH018757,0,0,0,0.00,10061558.62,10359424.12,0
HH018758,0,0,0,0.00,1447335.31,1417929.32,0
HH018759,0,0,0,0.00,1654098.35,1744742.36,0
HH018760,0,0,0,0.00,10860973.91,10864267.14,0
HH018761,1,0,1,11850498.35,12073252.64,222754.29,5
HH018762,0,0,0,0.00,7223813.78,6610995.33,0
HH018763,0,0,0,0.00,19432420.81,23139724.45,0
HH018764,0,1,1,7141704.23,14889855.33,9625871.90,0
HH018765,0,1,1,353498.64,1092769.76,853011.12,0
HH018766,0,1,1,3812848.73,7844987.67,4639794.01,0
HH018767,0,1,1,2639466.01,11256847.57,8421657.15,0
HH018768,0,0,0,0.00,1986208.78,1736214.20,0
HH018769,0,0,0,0.00,1073634.74,1013900.11,0
HH018770,1,0,1,8653935.51,8813572.31,159636.80,5
HH018771,0,0,0,0.00,7477007.86,8027392.31,0
HH018772,0,0,0,0.00,1198243.02,1717101.87,0
HH018773,0,0,0,0.00,7583481.74,6729602.41,0
HH018774,0,0,0,0.00,1324128.53,1431269.09,0
HH018775,0,0,0,0.00,3466401.18,4184413.18,0
HH018776,0,0,0,0.00,2250341.93,2463155.74,0
HH018777,0,0,0,0.00,3508613.25,4255299.58,0
HH018778,0,0,0,0.00,12360793.20,13426111.11,0
HH018779,0,1,1,6315579.32,23233461.66,17597005.38,0
HH018780,0,0,0,0.00,23977903.07,25670375.89,0
HH018781,0,0,0,0.00,5204175.62,5246742.61,0
HH018782,0,0,0,0.00,2895233.59,3354267.30,0
HH018783,0,0,0,0.00,2128832.03,3234029.82,0
HH018784,0,0,0,0.00,1071412.13,1274037.94,0
HH018785,0,0,0,0.00,3348185.01,3782081.54,0
HH018786,0,0,0,0.00,11560516.47,10047951.94,0
HH018787,1,0,1,1637232.38,1639329.77,2097.39,4
HH018788,0,0,0,0.00,3089484.09,3159152.91,0
HH018789,0,0,0,0.00,16758969.91,22311087.81,0
HH018790,0,0,0,0.00,1851898.10,2668573.14,0
HH018791,0,0,0,0.00,5845567.67,5661233.28,0
HH018792,0,0,0,0.00,9792729.16,9601652.54,0
HH018793,0,0,0,0.00,2830005.64,3177635.41,0
HH018794,0,1,1,3968589.22,14343039.73,11001675.89,0
HH018795,0,0,0,0.00,1579505.62,1865190.14,0
HH018796,0,0,0,0.00,6611312.88,6284928.14,0
HH018797,0,1,1,1989493.58,7954070.90,6414743.31,0
HH018798,0,0,0,0.00,6642397.25,7068340.26,0
HH018799,0,0,0,0.00,7059196.61,7284065.02,0
HH018800,0,0,0,0.00,3495656.42,3976616.99,0
HH018801,0,0,0,0.00,5440765.63,5934212.14,0
HH018802,0,0,0,0.00,54295143.83,54740725.65,0
HH018803,0,0,0,0.00,1368457.00,1430282.35,0
HH018804,0,0,0,0.00,22853610.83,22767251.92,0
HH018805,0,0,0,0.00,8884920.81,11650561.31,0
HH018806,0,0,0,0.00,5490708.05,6311738.15,0
HH018807,0,0,0,0.00,5182428.12,5221382.64,0
HH018808,0,0,0,0.00,5859444.96,6032723.39,0
HH018809,0,0,0,0.00,7204866.06,8223075.43,0
HH018810,0,0,0,0.00,3346482.13,4158141.88,0
HH018811,0,0,0,0.00,36328506.65,55221303.99,0
HH018812,0,0,0,0.00,3946122.46,4034167.25,0
HH018813,1,0,1,1664553.65,1666809.59,2255.94,4
HH018814,0,1,1,758790.77,2421478.09,2262106.84,0
HH018815,0,0,0,0.00,4739048.62,5598789.91,0
HH018816,0,0,0,0.00,3323877.30,3821748.73,0
HH018817,0,0,0,0.00,61158868.67,79505974.19,0
HH018818,1,0,1,2482210.28,2535326.30,53116.02,5
HH018819,0,0,0,0.00,1561306.39,1666920.51,0
HH018820,0,0,0,0.00,7712998.69,8533652.21,0
HH018821,0,0,0,0.00,3382248.12,4203915.10,0
HH018822,0,1,1,3526496.18,13594284.78,9790978.38,0
HH018823,0,0,0,0.00,2830819.78,1505094.74,0
HH018824,0,0,0,0.00,1160798.85,1013525.94,0
HH018825,0,0,0,0.00,3060594.23,3459409.97,0
HH018826,0,0,0,0.00,4853254.06,6219481.43,0
HH018827,0,0,0,0.00,3076841.57,3442678.19,0
HH018828,0,0,0,0.00,1731680.96,1759950.61,0
HH018829,0,0,0,0.00,6279005.32,7866572.53,0
HH018830,0,0,0,0.00,2813307.75,1745883.07,0
HH018831,0,0,0,0.00,2806016.07,2934458.46,0
HH018832,0,1,1,566980.58,1027166.27,542071.63,0
HH018833,0,0,0,0.00,6346303.12,7617417.93,0
HH018834,0,0,0,0.00,1393369.76,1276542.99,0
HH018835,0,0,0,0.00,2265017.76,2081037.19,0
HH018836,0,0,0,0.00,1249788.45,1256429.43,0
HH018837,0,0,0,0.00,12769887.49,15786194.12,0
HH018838,0,0,0,0.00,12708886.90,13706838.71,0
HH018839,0,1,1,4623168.33,7554019.06,3346234.38,0
HH018840,0,0,0,0.00,41864446.66,50101692.28,0
HH018841,0,0,0,0.00,4728783.87,5717453.01,0
HH018842,0,0,0,0.00,14757800.26,12165147.61,0
HH018843,0,0,0,0.00,10498569.14,11108131.76,0
HH018844,0,1,1,1241763.81,2272673.49,991227.64,0
HH018845,1,0,1,2518765.43,2587506.57,68741.14,5
HH018846,0,0,0,0.00,39147889.01,47592664.17,0
HH018847,0,1,1,476849.61,1128928.65,704804.38,0
HH018848,0,0,0,0.00,2725328.31,3419708.95,0
HH018849,0,0,0,0.00,1636605.71,1929593.40,0
HH018850,0,0,0,0.00,3992560.33,4006640.24,0
HH018851,0,0,0,0.00,14747702.18,14677255.80,0
HH018852,1,0,1,11969798.93,12242400.10,272601.17,5
HH018853,0,1,1,349987.53,1144450.26,886160.14,0
HH018854,0,1,1,855986.17,3331515.36,2482762.76,0
HH018855,0,0,0,0.00,2127108.67,1732200.17,0
HH018856,0,0,0,0.00,10862121.15,12443407.32,0
HH018857,0,0,0,0.00,1911654.89,2057022.92,0
HH018858,0,0,0,0.00,20553022.89,21516940.41,0
HH018859,0,0,0,0.00,3649804.17,3599377.50,0
HH018860,0,0,0,0.00,2421126.40,2967492.61,0
HH018861,0,0,0,0.00,20414655.26,25505618.55,0
HH018862,0,0,0,0.00,8050458.23,6546448.12,0
HH018863,1,0,1,4399042.85,4500599.88,101557.03,6
HH018864,0,1,1,345513.09,1029960.44,602963.01,0
HH018865,0,0,0,0.00,19426758.23,21399163.47,0
HH018866,0,0,0,0.00,4828095.68,5634997.60,0
HH018867,0,0,0,0.00,3780721.10,2681905.82,0
HH018868,0,0,0,0.00,2967592.66,2118484.39,0
HH018869,0,1,1,2045100.00,5319162.68,3584124.04,0
HH018870,0,0,0,0.00,17443997.76,16869561.31,0
HH018871,0,0,0,0.00,3838630.53,3999033.23,0
HH018872,0,0,0,0.00,5130424.92,4997210.67,0
HH018873,0,0,0,0.00,6489566.74,7512369.76,0
HH018874,0,0,0,0.00,2085327.62,1807147.90,0
HH018875,0,0,0,0.00,7093639.83,7123138.86,0
HH018876,0,0,0,0.00,12287951.78,12517131.21,0
HH018877,0,0,0,0.00,1508505.73,1437299.42,0
HH018878,0,0,0,0.00,1999231.37,1998700.39,0
HH018879,0,0,0,0.00,1847180.53,2059179.73,0
HH018880,0,0,0,0.00,5352223.73,5072995.82,0
HH018881,0,1,1,4539188.63,7111213.90,2528326.93,0
HH018882,0,0,0,0.00,6155676.49,6739288.57,0
HH018883,0,0,0,0.00,30135724.24,36946836.02,0
HH018884,0,0,0,0.00,73069948.31,84536967.53,0
HH018885,0,0,0,0.00,2918237.09,2202735.53,0
HH018886,0,0,0,0.00,2534825.00,2697602.64,0
HH018887,0,0,0,0.00,1257518.94,1450073.02,0
HH018888,0,0,0,0.00,4517068.58,4989460.66,0
HH018889,,,,,4101635.34,5083668.84,0
HH018890,0,0,0,0.00,1372383.02,1466959.37,0
HH018891,1,0,1,2299224.61,2356415.95,57191.34,4
HH018892,0,0,0,0.00,45244321.96,47512003.43,0
HH018893,0,0,0,0.00,3587688.45,4611887.15,0
HH018894,0,0,0,0.00,5697357.72,6586070.29,0
HH018895,0,0,0,0.00,3391054.04,3769063.24,0
HH018896,0,0,0,0.00,218527435.80,204867524.44,0
HH018897,0,0,0,0.00,2079659.30,3073562.06,0
HH018898,0,0,0,0.00,12602864.98,13392077.09,0
HH018899,0,0,0,0.00,4747754.82,5287461.89,0
HH018900,0,0,0,0.00,29249258.02,30442908.64,0
HH018901,0,0,0,0.00,13574946.49,14969596.53,0
HH018902,0,0,0,0.00,6821730.92,8288051.69,0
HH018903,0,0,0,0.00,1802208.19,1736946.81,0
HH018904,0,0,0,0.00,3622086.98,3700009.47,0
HH018905,0,0,0,0.00,2077286.20,2360739.50,0
HH018906,0,0,0,0.00,1508443.54,1626005.64,0
HH018907,0,1,1,251291.41,1182528.80,1015180.44,0
HH018908,0,0,0,0.00,2002771.38,2073987.84,0
HH018909,0,0,0,0.00,2509944.13,2208655.36,0
HH018910,0,0,0,0.00,7361021.39,7774729.59,0
HH018911,0,0,0,0.00,1418710.75,1746941.32,0
HH018912,0,0,0,0.00,1811576.87,2307902.33,0
HH018913,0,0,0,0.00,3082558.99,2920871.80,0
HH018914,0,1,1,4645869.77,10384518.65,6321270.53,0
HH018915,0,0,0,0.00,3347751.52,3537244.51,0
HH018916,0,0,0,0.00,5694593.47,5760086.56,0
HH018917,0,0,0,0.00,1821237.47,1946192.41,0
HH018918,0,0,0,0.00,4729723.73,5086765.69,0
HH018919,0,1,1,1991107.52,5987680.05,4942745.86,0
HH018920,0,0,0,0.00,11104099.30,12138832.47,0
HH018921,0,0,0,0.00,32502147.37,32139905.84,0
HH018922,0,0,0,0.00,4399800.13,4536757.44,0
HH018923,0,0,0,0.00,7519557.15,7713783.18,0
HH018924,0,0,0,0.00,5479431.42,6669569.37,0
HH018925,0,0,0,0.00,8158654.99,8055190.05,0
HH018926,0,0,0,0.00,2336445.25,2606338.34,0
HH018927,0,0,0,0.00,11730665.92,13503857.48,0
HH018928,0,0,0,0.00,9698045.97,10512759.68,0
HH018929,1,0,1,12252299.75,12476516.22,224216.47,2
HH018930,0,0,0,0.00,7918605.14,8793157.13,0
HH018931,0,0,0,0.00,29787223.44,34246471.14,0
HH018932,0,0,0,0.00,2267003.08,1925202.90,0
HH018933,0,0,0,0.00,11691207.56,11686249.99,0
HH018934,0,0,0,0.00,5795082.30,6571473.30,0
HH018935,0,0,0,0.00,13510216.87,12255184.72,0
HH018936,0,1,1,554805.21,1361939.66,820094.95,0
HH018937,1,0,1,3280512.52,3354258.67,73746.15,6
HH018938,0,0,0,0.00,6703216.40,8049247.99,0
HH018939,1,0,1,4857162.06,4882678.60,25516.54,4
HH018940,,,,,3166820.34,5653832.32,0
HH018941,0,0,0,0.00,3774628.45,5625991.56,0
HH018942,0,0,0,0.00,2297182.37,4108622.29,0
HH018943,0,0,0,0.00,2575210.79,2776629.40,0
HH018944,0,0,0,0.00,1375048.83,1446938.41,0
HH018945,0,0,0,0.00,18089980.69,20803750.98,0
HH018946,0,0,0,0.00,1420272.66,1957703.90,0
HH018947,0,0,0,0.00,3485525.86,3949484.17,0
HH018948,0,0,0,0.00,1313705.24,1408000.43,0
HH018949,0,0,0,0.00,3925458.85,4307859.93,0
HH018950,0,0,0,0.00,34553068.42,37865594.81,0
HH018951,0,1,1,592296.37,1492334.41,978710.29,0
HH018952,1,0,1,15484964.92,15655986.79,171021.87,1
HH018953,0,0,0,0.00,11547145.35,11440306.34,0
HH018954,0,0,0,0.00,1806083.31,1979159.31,0
HH018955,0,0,0,0.00,1903918.49,2266834.49,0
HH018956,0,0,0,0.00,1638678.90,2325773.03,0
HH018957,0,0,0,0.00,17637156.13,16434257.34,0
HH018958,1,0,1,10223597.35,10538867.83,315270.48,1
HH018959,0,0,0,0.00,7073851.62,6762535.10,0
HH018960,0,0,0,0.00,4106789.21,4003478.44,0
HH018961,0,0,0,0.00,5666424.16,6597200.44,0
HH018962,0,1,1,3943288.23,7982143.08,4944213.11,0
HH018963,0,0,0,0.00,23441062.17,19862428.67,0
HH018964,1,0,1,2746719.92,2796897.46,50177.54,1
HH018965,0,0,0,0.00,2153573.69,2706706.66,0
HH018966,0,0,0,0.00,3213844.16,3510087.01,0
HH018967,0,0,0,0.00,3738541.87,3908784.94,0
HH018968,0,0,0,0.00,1923925.88,1945672.89,0
HH018969,0,0,0,0.00,9291665.76,9637592.53,0
HH018970,0,0,0,0.00,12327025.34,14383519.60,0
HH018971,0,1,1,665465.53,2150912.11,2140447.64,0
HH018972,0,0,0,0.00,3795514.13,3224541.35,0
HH018973,0,0,0,0.00,3440519.66,3708949.30,0
HH018974,0,0,0,0.00,2817274.64,3758708.44,0
HH018975,0,0,0,0.00,1837039.23,1819426.50,0
HH018976,0,1,1,1339999.51,3081774.19,2005754.94,0
HH018977,0,0,0,0.00,2641694.57,4098158.53,0
HH018978,0,0,0,0.00,2313262.97,2354456.53,0
HH018979,0,0,0,0.00,1400942.10,1612361.86,0
HH018980,1,0,1,12306371.44,12440130.65,133759.21,6
HH018981,0,0,0,0.00,1708429.11,1902899.59,0
HH018982,0,0,0,0.00,9142465.23,10998594.89,0
HH018983,0,0,0,0.00,2947565.00,3249288.71,0
HH018984,0,0,0,0.00,4409463.53,4101003.50,0
HH018985,0,1,1,662121.55,1766815.42,1405218.02,0
HH018986,0,0,0,0.00,5079218.51,5370637.78,0
HH018987,0,1,1,419320.66,1020630.86,615806.59,0
HH018988,0,1,1,750501.03,3051666.48,2518709.55,0
HH018989,0,0,0,0.00,4891955.56,5424230.28,0
HH018990,0,0,0,0.00,15341455.43,16874722.85,0
HH018991,0,0,0,0.00,4401906.50,4386473.19,0
HH018992,0,1,1,15461601.53,37346693.34,22902584.94,0
HH018993,0,1,1,23432123.63,50978220.35,29838845.32,0
HH018994,0,0,0,0.00,126174685.40,120251011.20,0
HH018995,0,0,0,0.00,4993031.05,6556678.14,0
HH018996,0,0,0,0.00,1968344.03,2197054.12,0
HH018997,0,0,0,0.00,6893058.49,7853591.18,0
HH018998,0,0,0,0.00,36083460.22,36706052.62,0
HH018999,0,0,0,0.00,1696391.05,1716925.69,0
HH019000,0,0,0,0.00,15725268.15,16120258.26,0
HH019001,0,0,0,0.00,1170719.06,1271457.19,0
HH019002,0,0,0,0.00,10626086.67,12878512.61,0
HH019003,1,0,1,3983948.44,4063245.95,79297.51,2
HH019004,0,1,1,1151888.57,4823678.45,3874678.64,0
HH019005,0,0,0,0.00,2662415.21,3384475.14,0
HH019006,0,0,0,0.00,7393113.11,7708753.85,0
HH019007,0,0,0,0.00,1857596.69,1964119.91,0
HH019008,0,0,0,0.00,1284577.72,1973483.24,0
HH019009,0,0,0,0.00,9193554.51,9648643.08,0
HH019010,0,1,1,3304126.03,12155820.97,6756659.27,0
HH019011,0,0,0,0.00,6907455.51,7447789.66,0
HH019012,0,0,0,0.00,3601108.95,3538199.02,0
HH019013,0,1,1,6711305.19,14501625.29,8049442.76,0
HH019014,0,0,0,0.00,4005151.51,4134674.31,0
HH019015,0,0,0,0.00,119640874.42,149977522.90,0
HH019016,0,0,0,0.00,21991746.39,22533047.43,0
HH019017,0,0,0,0.00,34706882.64,39898776.17,0
HH019018,0,0,0,0.00,2190943.33,2709547.49,0
HH019019,0,0,0,0.00,5744176.73,6298274.55,0
HH019020,0,1,1,900519.80,1718795.82,767820.71,0
HH019021,0,0,0,0.00,2770931.01,2987420.07,0
HH019022,0,0,0,0.00,4235907.84,4695743.10,0
HH019023,0,0,0,0.00,6500394.25,7254116.94,0
HH019024,0,0,0,0.00,2606605.72,2768464.82,0
HH019025,0,0,0,0.00,1907796.20,1781641.73,0
HH019026,0,0,0,0.00,1185998.42,1323898.31,0
HH019027,0,0,0,0.00,1360637.76,1403707.92,0
HH019028,0,0,0,0.00,8069057.06,8035218.89,0
HH019029,0,0,0,0.00,35800121.66,39294689.72,0
HH019030,0,0,0,0.00,5310358.94,5314135.57,0
HH019031,0,0,0,0.00,4667962.22,5481307.82,0
HH019032,0,0,0,0.00,4263467.68,5216994.50,0
HH019033,0,0,0,0.00,22264582.94,27372026.74,0
HH019034,0,0,0,0.00,3035160.90,3242706.41,0
HH019035,0,0,0,0.00,8575395.25,10281583.03,0
HH019036,0,1,1,3611658.11,6755872.86,3337912.23,0
HH019037,1,0,1,3257602.24,3282807.02,25204.78,6
HH019038,0,0,0,0.00,11047471.98,10571174.48,0
HH019039,0,0,0,0.00,1304333.39,1384616.39,0
HH019040,0,0,0,0.00,2900134.14,3227250.31,0
HH019041,0,1,1,7298057.86,12388595.04,5989024.89,0
HH019042,0,0,0,0.00,3099199.52,2794902.80,0
HH019043,0,0,0,0.00,4693265.33,5978834.06,0
HH019044,0,0,0,0.00,3745880.36,4293145.94,0
HH019045,0,0,0,0.00,1139111.11,1301925.44,0
HH019046,0,0,0,0.00,15397897.30,15840038.15,0
HH019047,0,0,0,0.00,4240687.39,5102342.40,0
HH019048,0,0,0,0.00,2462095.84,2475044.21,0
HH019049,0,0,0,0.00,3434956.23,3325034.95,0
HH019050,0,0,0,0.00,23924906.08,26645671.67,0
HH019051,0,0,0,0.00,3539423.90,3473839.29,0
HH019052,0,0,0,0.00,29507432.16,33569599.65,0
HH019053,0,0,0,0.00,10527405.98,12010359.76,0
HH019054,0,0,0,0.00,1179333.78,1220746.33,0
HH019055,0,0,0,0.00,28495890.82,30130037.13,0
HH019056,0,0,0,0.00,1066181.67,1510365.62,0
HH019057,0,0,0,0.00,15450437.08,17931195.16,0
HH019058,0,0,0,0.00,3889398.34,3616639.94,0
HH019059,0,0,0,0.00,18921024.34,19528186.28,0
HH019060,0,0,0,0.00,2551216.77,3059719.73,0
HH019061,0,0,0,0.00,3405057.98,3478852.95,0
HH019062,0,0,0,0.00,1184726.03,1267544.68,0
HH019063,0,0,0,0.00,21012016.35,22102674.91,0
HH019064,0,0,0,0.00,21846202.17,25556110.24,0
HH019065,0,0,0,0.00,25657087.86,23808355.44,0
HH019066,0,0,0,0.00,17329615.58,18997005.95,0
HH019067,0,0,0,0.00,1966948.61,2163768.15,0
HH019068,0,0,0,0.00,39641371.25,40635639.62,0
HH019069,0,0,0,0.00,1818327.38,1804785.50,0
HH019070,0,0,0,0.00,2245029.52,2580868.28,0
HH019071,0,0,0,0.00,12780026.92,14164042.74,0
HH019072,0,0,0,0.00,2642611.64,5032766.52,0
HH019073,0,0,0,0.00,70048755.33,77985633.27,0
HH019074,0,0,0,0.00,11407331.40,14845930.31,0
HH019075,0,0,0,0.00,7751008.85,9809980.88,0
HH019076,0,0,0,0.00,1810345.71,3210314.06,0
HH019077,0,0,0,0.00,17165668.98,17011487.90,0
HH019078,0,0,0,0.00,2733763.00,2685812.04,0
HH019079,0,0,0,0.00,1907712.52,2031977.99,0
HH019080,0,0,0,0.00,14901509.30,18204385.68,0
HH019081,0,0,0,0.00,5590405.58,6690530.04,0
HH019082,0,0,0,0.00,13944949.22,15432044.47,0
HH019083,0,0,0,0.00,1467669.11,1460640.38,0
HH019084,0,0,0,0.00,5470917.64,5579257.29,0
HH019085,0,1,1,773317.16,1778097.69,1100476.64,0
HH019086,0,0,0,0.00,2991741.77,3278434.78,0
HH019087,0,0,0,0.00,2862884.44,2692472.20,0
HH019088,0,1,1,1948217.27,3454208.56,1730133.17,0
HH019089,0,0,0,0.00,9733643.53,8349466.84,0
HH019090,0,0,0,0.00,1899815.22,1923225.14,0
HH019091,0,0,0,0.00,1993767.45,2101198.11,0
HH019092,0,0,0,0.00,2455189.07,1944925.16,0
HH019093,,,,,1522525.67,1728567.64,0
HH019094,1,0,1,1347588.47,1357877.29,10288.82,2
HH019095,,,,,2003975.34,2210668.64,0
HH019096,0,0,0,0.00,2192116.28,2583444.14,0
HH019097,0,0,0,0.00,1298048.51,1008614.74,0
HH019098,0,1,1,1162275.91,2911189.65,1741854.98,0
HH019099,0,0,0,0.00,5177734.61,5986399.10,0
HH019100,0,0,0,0.00,6370528.91,7488719.70,0
HH019101,0,0,0,0.00,3691287.96,3895601.48,0
HH019102,0,0,0,0.00,2695997.36,1380259.78,0
HH019103,0,0,0,0.00,1553183.60,1808433.39,0
HH019104,0,0,0,0.00,7238930.45,7430799.84,0
HH019105,0,0,0,0.00,3845487.90,4408124.24,0
HH019106,0,0,0,0.00,15484805.51,15555611.31,0
HH019107,0,0,0,0.00,40563858.58,45617826.31,0
HH019108,0,0,0,0.00,3137134.20,3284391.28,0
HH019109,0,0,0,0.00,4631470.40,4579608.11,0
HH019110,0,0,0,0.00,27016295.49,29660002.89,0
HH019111,0,0,0,0.00,4633872.63,5090610.49,0
HH019112,0,0,0,0.00,9418519.58,10155518.89,0
HH019113,0,0,0,0.00,2202802.01,2346377.23,0
HH019114,0,0,0,0.00,16508458.76,18625959.66,0
HH019115,0,0,0,0.00,1945485.41,2209149.97,0
HH019116,0,0,0,0.00,7101105.28,7795746.34,0
HH019117,0,1,1,2841079.05,6898999.77,4585081.45,0
HH019118,0,0,0,0.00,1675486.34,1816481.83,0
HH019119,0,0,0,0.00,2390977.65,1569339.07,0
HH019120,0,0,0,0.00,14435654.27,16262240.51,0
HH019121,0,0,0,0.00,1692761.22,1776726.05,0
HH019122,0,0,0,0.00,2019276.59,2363928.66,0
HH019123,0,0,0,0.00,6178359.16,5536833.24,0
HH019124,0,0,0,0.00,3262015.27,3475028.83,0
HH019125,0,0,0,0.00,2362406.25,1680601.54,0
HH019126,0,0,0,0.00,236986827.23,212606598.76,0
HH019127,0,0,0,0.00,1303718.17,1481435.53,0
HH019128,1,0,1,9887682.33,9903946.05,16263.72,3
HH019129,0,0,0,0.00,2422673.29,2058741.31,0
HH019130,0,0,0,0.00,5545881.97,5737673.80,0
HH019131,0,0,0,0.00,6468130.36,6690662.27,0
HH019132,0,0,0,0.00,3504766.59,3352059.41,0
HH019133,1,0,1,10794754.09,10922588.15,127834.06,2
HH019134,0,0,0,0.00,3434344.03,4476122.85,0
HH019135,0,0,0,0.00,77205498.10,74968623.85,0
HH019136,0,0,0,0.00,17194563.20,18338259.90,0
HH019137,0,0,0,0.00,3122912.13,3504662.81,0
HH019138,0,0,0,0.00,6811152.28,7271193.93,0
HH019139,1,0,1,1406775.36,1430344.70,23569.34,2
HH019140,0,0,0,0.00,1253736.17,1152074.19,0
HH019141,0,0,0,0.00,2690322.84,2995569.73,0
HH019142,,,,,15526010.09,14684947.71,0
HH019143,0,0,0,0.00,3737308.97,3900194.40,0
HH019144,0,1,1,1445157.07,2986848.16,1681445.47,0
HH019145,0,0,0,0.00,1157151.75,1414241.93,0
HH019146,0,1,1,14153397.99,40385745.20,25347385.78,0
HH019147,0,0,0,0.00,4798911.25,5323978.50,0
HH019148,0,0,0,0.00,4946915.05,5132472.10,0
HH019149,0,0,0,0.00,4851074.52,5485209.15,0
HH019150,0,0,0,0.00,8892827.76,10539580.73,0
HH019151,0,0,0,0.00,7345311.46,5786059.46,0
HH019152,0,0,0,0.00,17335193.59,19139361.60,0
HH019153,0,0,0,0.00,1222316.28,1056639.20,0
HH019154,0,0,0,0.00,3052568.05,3276028.60,0
HH019155,0,1,1,1325813.85,2232907.59,1131645.60,0
HH019156,0,0,0,0.00,6601596.44,7045278.62,0
HH019157,0,0,0,0.00,1473592.22,1457933.35,0
HH019158,0,0,0,0.00,24630335.14,24460046.06,0
HH019159,0,0,0,0.00,2647521.44,3211081.77,0
HH019160,0,0,0,0.00,5388620.10,5271669.84,0
HH019161,0,0,0,0.00,7113140.40,7768123.98,0
HH019162,0,0,0,0.00,46764454.65,56889307.96,0
HH019163,0,0,0,0.00,8192425.47,9260002.69,0
HH019164,0,0,0,0.00,42392591.34,45216749.54,0
HH019165,0,1,1,731092.03,1243493.94,523660.77,0
HH019166,0,0,0,0.00,5475153.20,4221699.29,0
HH019167,1,0,1,17470084.15,17770315.44,300231.29,3
HH019168,0,0,0,0.00,4698287.02,5251604.71,0
HH019169,0,0,0,0.00,19419302.37,22613063.08,0
HH019170,0,0,0,0.00,5511830.41,5798591.41,0
HH019171,0,0,0,0.00,11466186.57,13309131.83,0
HH019172,1,0,1,5601264.15,5756142.15,154878.00,2
HH019173,0,0,0,0.00,4116533.42,4390411.31,0
HH019174,0,0,0,0.00,7931344.34,7932508.60,0
HH019175,0,0,0,0.00,3785068.76,4311913.21,0
HH019176,0,0,0,0.00,2371088.94,2434905.74,0
HH019177,0,0,0,0.00,6852621.73,6942941.61,0
HH019178,0,0,0,0.00,1449678.49,1554254.46,0
HH019179,0,1,1,4075875.66,15643364.61,13037623.24,0
HH019180,0,0,0,0.00,1749836.14,1716643.23,0
HH019181,0,0,0,0.00,5527309.85,5343175.65,0
HH019182,0,0,0,0.00,12554584.47,12041762.98,0
HH019183,0,0,0,0.00,1233345.38,1151773.35,0
HH019184,0,0,0,0.00,5421574.01,6053699.99,0
HH019185,0,0,0,0.00,100470992.28,98551649.58,0
HH019186,0,0,0,0.00,30538369.61,34629105.00,0
HH019187,0,0,0,0.00,7341298.40,8288262.23,0
HH019188,0,0,0,0.00,2794011.48,3435639.31,0
HH019189,0,0,0,0.00,4885774.78,5592188.65,0
HH019190,0,1,1,1879017.41,4163210.09,2393441.71,0
HH019191,0,0,0,0.00,3121065.49,3507461.13,0
HH019192,0,0,0,0.00,7157520.79,7586751.47,0
HH019193,0,0,0,0.00,3626578.43,3842501.85,0
HH019194,0,0,0,0.00,4816266.39,3936216.77,0
HH019195,0,0,0,0.00,3635008.65,3727292.82,0
HH019196,0,1,1,1947482.02,4757491.80,3291701.57,0
HH019197,0,0,0,0.00,5529216.76,4923007.14,0
HH019198,0,0,0,0.00,1882223.08,1519224.98,0
HH019199,0,0,0,0.00,4466013.69,4871856.43,0
HH019200,0,0,0,0.00,3555364.40,3772912.49,0
HH019201,0,0,0,0.00,2725107.68,2866488.16,0
HH019202,0,0,0,0.00,19707798.62,17457555.84,0
HH019203,0,0,0,0.00,1756321.35,1809668.83,0
HH019204,0,1,1,2148110.54,3737426.32,1795076.59,0
HH019205,0,0,0,0.00,5312532.14,5518736.88,0
HH019206,0,0,0,0.00,12288054.85,13588207.13,0
HH019207,0,0,0,0.00,1294869.80,1480875.19,0
HH019208,0,1,1,2447798.34,7033667.58,5189402.27,0
HH019209,0,0,0,0.00,3813146.82,3917934.27,0
HH019210,0,0,0,0.00,1897477.84,2011165.81,0
HH019211,0,0,0,0.00,21191399.67,21756178.36,0
HH019212,1,0,1,3644804.79,3722381.98,77577.19,4
HH019213,0,0,0,0.00,5303123.80,5973558.11,0
HH019214,0,0,0,0.00,1474109.90,1520187.26,0
HH019215,0,0,0,0.00,2631714.60,3262046.62,0
HH019216,0,0,0,0.00,15545674.56,16903514.46,0
HH019217,0,1,1,5548784.21,25336584.32,19829428.57,0
HH019218,0,0,0,0.00,17410723.27,20057842.12,0
HH019219,0,0,0,0.00,28393836.94,32754801.51,0
HH019220,1,0,1,1432169.04,1453071.42,20902.38,3
HH019221,0,0,0,0.00,2166747.32,2388565.78,0
HH019222,0,0,0,0.00,1716986.09,1723802.20,0
HH019223,0,1,1,4469850.69,14782144.56,10010144.81,0
HH019224,0,0,0,0.00,20346128.58,17917362.18,0
HH019225,0,0,0,0.00,2372730.39,2325847.32,0
HH019226,0,0,0,0.00,10411779.42,9326736.24,0
HH019227,0,0,0,0.00,2587273.50,2408795.16,0
HH019228,0,0,0,0.00,4729127.25,5541723.41,0
HH019229,0,0,0,0.00,1721915.76,2045904.24,0
HH019230,0,0,0,0.00,11223978.72,13777298.78,0
HH019231,0,0,0,0.00,5200113.51,5670447.81,0
HH019232,0,0,0,0.00,1157855.86,1379207.80,0
HH019233,0,0,0,0.00,1196637.05,1487662.31,0
HH019234,0,1,1,1289028.01,1984016.45,726634.88,0
HH019235,0,0,0,0.00,6432105.67,7220521.70,0
HH019236,0,0,0,0.00,20509625.31,23094071.66,0
HH019237,0,0,0,0.00,11718237.50,15203004.91,0
HH019238,0,1,1,8893460.72,27684900.50,19521594.42,0
HH019239,0,0,0,0.00,3145244.49,3538401.13,0
HH019240,0,0,0,0.00,10495705.31,13814067.44,0
HH019241,0,0,0,0.00,32036987.77,32587579.13,0
HH019242,0,0,0,0.00,6029769.24,6704680.92,0
HH019243,0,0,0,0.00,25977673.68,28801846.21,0
HH019244,0,0,0,0.00,1542965.94,1760185.96,0
HH019245,0,0,0,0.00,7064858.63,7366146.01,0
HH019246,1,0,1,24367414.32,24960752.54,593338.22,1
HH019247,1,0,1,2837528.64,2891712.04,54183.40,5
HH019248,0,0,0,0.00,1905809.20,1850263.01,0
HH019249,0,0,0,0.00,5578848.45,5811633.07,0
HH019250,0,1,1,14664851.25,46023880.29,29783732.46,0
HH019251,0,0,0,0.00,4698959.58,5031769.49,0
HH019252,0,0,0,0.00,4266343.41,4432747.24,0
HH019253,0,0,0,0.00,18460870.58,19644997.45,0
HH019254,,,,,1722226.20,2433256.76,0
HH019255,0,0,0,0.00,3479064.56,4006429.19,0
HH019256,0,0,0,0.00,1891011.75,2103019.81,0
HH019257,0,0,0,0.00,21194688.46,24236749.99,0
HH019258,0,0,0,0.00,3807239.82,3897380.06,0
HH019259,0,0,0,0.00,15062928.72,15198142.03,0
HH019260,0,0,0,0.00,7501773.16,7457017.09,0
HH019261,1,0,1,69034104.02,69044734.97,10630.95,3
HH019262,0,1,1,592232.81,1006687.60,476933.03,0
HH019263,0,0,0,0.00,10512678.32,12116327.90,0
HH019264,0,1,1,534728.16,2160776.64,1666996.89,0
HH019265,0,1,1,3108697.11,6059303.25,3217431.56,0
HH019266,0,1,1,2944438.23,5268197.25,2501343.75,0
HH019267,0,0,0,0.00,2804766.50,2629439.67,0
HH019268,0,0,0,0.00,8681111.38,7128305.87,0
HH019269,0,0,0,0.00,1140188.02,1176495.41,0
HH019270,0,0,0,0.00,1639796.65,1563893.18,0
HH019271,0,0,0,0.00,1551002.65,1669657.41,0
HH019272,0,0,0,0.00,18497236.83,20333147.38,0
HH019273,0,0,0,0.00,4193398.34,3765833.16,0
HH019274,0,0,0,0.00,1275520.01,1155959.16,0
HH019275,0,0,0,0.00,4190081.08,4401953.96,0
HH019276,0,0,0,0.00,213352288.56,225225144.09,0
HH019277,0,1,1,634716.61,1134404.20,514104.41,0
HH019278,0,0,0,0.00,1429713.80,1274883.35,0
HH019279,0,0,0,0.00,10085282.39,11130587.59,0
HH019280,0,0,0,0.00,5701565.57,5344258.66,0
HH019281,0,0,0,0.00,7429533.97,8681814.05,0
HH019282,1,0,1,3010173.19,3040656.89,30483.70,5
HH019283,0,0,0,0.00,1395527.74,1377412.47,0
HH019284,0,1,1,1293329.77,5042480.23,4069991.36,0
HH019285,0,0,0,0.00,6231566.54,6572951.89,0
HH019286,0,0,0,0.00,3465091.57,4228591.82,0
HH019287,0,0,0,0.00,16861492.45,17770904.06,0
HH019288,0,0,0,0.00,1739593.83,1856912.05,0
HH019289,0,0,0,0.00,1230713.04,1259326.71,0
HH019290,0,0,0,0.00,1051747.05,1139164.51,0
HH019291,0,0,0,0.00,25057523.38,52992284.26,0
HH019292,0,0,0,0.00,4452314.89,4910436.51,0
HH019293,0,0,0,0.00,2960088.67,3144835.27,0
HH019294,0,0,0,0.00,5227054.76,5821433.92,0
HH019295,0,0,0,0.00,2807598.25,2967807.30,0
HH019296,0,0,0,0.00,2385004.18,2808005.39,0
HH019297,0,1,1,412832.69,1978191.21,1501929.90,0
HH019298,0,0,0,0.00,4321303.25,4619358.20,0
HH019299,0,0,0,0.00,48406679.06,57736261.72,0
HH019300,0,0,0,0.00,2284880.67,2702624.90,0
HH019301,0,0,0,0.00,21630298.96,22114893.07,0
HH019302,0,0,0,0.00,15667286.54,17075705.30,0
HH019303,0,0,0,0.00,11225220.73,13673235.03,0
HH019304,0,0,0,0.00,38381060.94,38581205.24,0
HH019305,0,1,1,3762741.58,15099715.82,13188147.10,0
HH019306,0,0,0,0.00,1403205.90,1567831.43,0
HH019307,0,0,0,0.00,5564563.38,5615746.50,0
HH019308,0,0,0,0.00,1797833.73,1777317.88,0
HH019309,0,0,0,0.00,34627545.45,35642755.33,0
HH019310,0,0,0,0.00,3931348.90,4350207.92,0
HH019311,0,0,0,0.00,24487722.29,27848840.27,0
HH019312,0,0,0,0.00,5436646.66,5453857.78,0
HH019313,0,0,0,0.00,1236946.83,1875681.39,0
HH019314,0,1,1,4477312.64,7740399.38,3268797.39,0
HH019315,0,1,1,354867.83,1192225.55,742021.57,0
HH019316,1,0,1,29630550.83,29639532.19,8981.36,5
HH019317,0,0,0,0.00,1544480.77,2897887.39,0
HH019318,0,1,1,333447.71,1466258.53,1277744.05,0
HH019319,0,0,0,0.00,11753779.54,12013198.93,0
HH019320,1,0,1,4192957.21,4227032.66,34075.45,4
HH019321,0,0,0,0.00,4629149.72,4571283.98,0
HH019322,0,0,0,0.00,12963212.48,14964551.98,0
HH019323,0,0,0,0.00,83870463.27,81585580.52,0
HH019324,1,0,1,2461521.71,2535029.32,73507.61,4
HH019325,1,0,1,3408114.11,3501215.70,93101.59,5
HH019326,0,0,0,0.00,2416898.91,3313095.92,0
HH019327,0,1,1,4649987.20,18461003.80,15724760.34,0
HH019328,0,0,0,0.00,21650810.45,22703889.84,0
HH019329,0,0,0,0.00,51533015.77,54075519.52,0
HH019330,0,0,0,0.00,1158690.63,1380171.98,0
HH019331,0,0,0,0.00,2461543.74,2624901.02,0
HH019332,0,0,0,0.00,5836492.85,6155122.19,0
HH019333,0,1,1,1214210.94,1953159.68,837349.31,0
HH019334,0,0,0,0.00,4639134.16,5092765.92,0
HH019335,0,0,0,0.00,6974823.32,7337057.63,0
HH019336,0,0,0,0.00,9905623.60,9666404.44,0
HH019337,0,0,0,0.00,2722843.26,1915687.46,0
HH019338,0,1,1,470986.20,1368157.51,845680.80,0
HH019339,0,0,0,0.00,2296915.47,2164525.62,0
HH019340,0,0,0,0.00,17901629.24,18813776.21,0
HH019341,0,0,0,0.00,4688984.10,6475321.35,0
HH019342,0,0,0,0.00,3735214.39,3794568.02,0
HH019343,0,0,0,0.00,1484727.60,1249932.01,0
HH019344,0,0,0,0.00,5431723.76,6114930.44,0
HH019345,0,0,0,0.00,6591818.08,6923228.63,0
HH019346,0,0,0,0.00,4407601.17,3165876.66,0
HH019347,0,0,0,0.00,4266140.33,6362841.83,0
HH019348,0,0,0,0.00,1044320.39,1110916.82,0
HH019349,0,0,0,0.00,57176475.16,65341578.66,0
HH019350,1,0,1,1162022.90,1172198.07,10175.17,4
HH019351,0,0,0,0.00,2545036.54,2696141.88,0
HH019352,0,0,0,0.00,1506601.64,1683825.70,0
HH019353,0,0,0,0.00,18165221.04,19714159.33,0
HH019354,0,1,1,3132642.55,5907656.07,3208193.19,0
HH019355,0,0,0,0.00,9368645.82,9537966.45,0
HH019356,0,0,0,0.00,26992898.13,27271801.33,0
HH019357,0,0,0,0.00,5614324.69,6179260.17,0
HH019358,0,0,0,0.00,6092081.65,7072337.18,0
HH019359,0,0,0,0.00,2111640.08,2297769.48,0
HH019360,,,,,8546519.81,9810858.68,0
HH019361,0,0,0,0.00,4918808.07,4675316.13,0
HH019362,0,0,0,0.00,6875896.99,6313207.19,0
HH019363,0,0,0,0.00,1356825.49,1511791.89,0
HH019364,0,0,0,0.00,5587597.57,5503943.60,0
HH019365,0,1,1,594892.25,2313301.62,2030031.47,0
HH019366,0,0,0,0.00,13687769.63,14980503.30,0
HH019367,0,0,0,0.00,3283440.58,3179882.10,0
HH019368,0,0,0,0.00,14437367.63,13375687.01,0
HH019369,0,0,0,0.00,7167146.25,7197548.97,0
HH019370,0,0,0,0.00,7326096.54,8027741.96,0
HH019371,0,0,0,0.00,1120947.42,1247441.71,0
HH019372,0,0,0,0.00,1528517.56,1670366.39,0
HH019373,0,0,0,0.00,2216003.13,2260666.47,0
HH019374,0,0,0,0.00,3015852.94,3774801.39,0
HH019375,0,1,1,6030108.34,12850313.99,6508573.34,0
HH019376,0,1,1,2413074.65,6074274.40,3848790.80,0
HH019377,0,0,0,0.00,2878971.55,2930154.70,0
HH019378,0,0,0,0.00,22131973.16,16613567.17,0
HH019379,0,0,0,0.00,9657541.73,11975780.31,0
HH019380,0,0,0,0.00,9618573.11,10398058.33,0
HH019381,0,0,0,0.00,4417778.52,4863069.01,0
HH019382,0,0,0,0.00,4932331.05,5651352.04,0
HH019383,0,0,0,0.00,4805683.08,5456042.51,0
HH019384,0,0,0,0.00,12770414.55,15432471.43,0
HH019385,0,0,0,0.00,3293523.02,2585096.83,0
HH019386,0,1,1,10409194.43,31909618.89,22213471.88,0
HH019387,0,0,0,0.00,5338191.79,5478016.50,0
HH019388,0,0,0,0.00,16115117.50,16219111.11,0
HH019389,0,1,1,2036465.50,7263907.76,4375488.02,0
HH019390,0,0,0,0.00,7665212.20,9146712.27,0
HH019391,0,0,0,0.00,1387635.49,1526992.34,0
HH019392,0,0,0,0.00,3026479.99,3149304.66,0
HH019393,0,0,0,0.00,1808929.32,1914489.63,0
HH019394,0,0,0,0.00,48377207.93,51084790.92,0
HH019395,0,0,0,0.00,4543940.43,4169956.87,0
HH019396,0,0,0,0.00,2710509.60,2579363.03,0
HH019397,0,0,0,0.00,5841211.96,6436928.76,0
HH019398,1,0,1,6884635.06,6982839.07,98204.01,3
HH019399,0,0,0,0.00,2631714.78,2351194.29,0
HH019400,0,0,0,0.00,8430391.17,8519397.87,0
HH019401,0,0,0,0.00,5164065.89,5929869.16,0
HH019402,0,0,0,0.00,2986608.30,3538464.51,0
HH019403,0,0,0,0.00,1729815.32,1833874.61,0
HH019404,0,0,0,0.00,7080054.63,9196261.44,0
HH019405,0,0,0,0.00,15105354.41,15769994.89,0
HH019406,0,0,0,0.00,11012925.48,11841405.98,0
HH019407,0,0,0,0.00,1464865.49,1624268.29,0
HH019408,0,0,0,0.00,19825273.59,20894319.14,0
HH019409,0,0,0,0.00,8552706.49,10210861.03,0
HH019410,0,0,0,0.00,2396775.74,3040681.88,0
HH019411,0,0,0,0.00,2016254.41,2377117.61,0
HH019412,0,1,1,2338921.46,6927648.60,6188237.72,0
HH019413,0,0,0,0.00,2585214.38,2920907.94,0
HH019414,0,0,0,0.00,4279221.39,5846460.81,0
HH019415,1,0,1,2829441.67,2830651.48,1209.81,1
HH019416,0,1,1,9729744.27,21098780.09,11997908.77,0
HH019417,0,0,0,0.00,1088984.22,1064279.90,0
HH019418,0,1,1,361903.86,1015655.52,730097.59,0
HH019419,0,0,0,0.00,1911460.07,1885520.83,0
HH019420,0,0,0,0.00,17507404.62,17434510.43,0
HH019421,0,0,0,0.00,4998984.32,4518328.06,0
HH019422,0,0,0,0.00,4679937.06,5881041.27,0
HH019423,0,0,0,0.00,7704449.90,8962265.87,0
HH019424,0,0,0,0.00,11007958.60,10375270.03,0
HH019425,0,0,0,0.00,3210724.95,2827333.27,0
HH019426,0,0,0,0.00,4859443.14,5425868.06,0
HH019427,0,0,0,0.00,1971767.33,2263810.54,0
HH019428,0,0,0,0.00,8579278.16,9878481.99,0
HH019429,0,0,0,0.00,6854722.89,9584281.84,0
HH019430,0,0,0,0.00,2925931.13,3403405.24,0
HH019431,0,0,0,0.00,1683815.71,1598275.98,0
HH019432,0,0,0,0.00,8805174.95,9624001.55,0
HH019433,0,0,0,0.00,7074710.57,8521874.38,0
HH019434,0,0,0,0.00,6046745.95,6343003.93,0
HH019435,0,0,0,0.00,1846937.47,1967437.00,0
HH019436,0,0,0,0.00,4574160.30,5160805.18,0
HH019437,0,0,0,0.00,2678179.06,2879880.04,0
HH019438,1,0,1,3728381.19,3801534.61,73153.42,5
HH019439,0,0,0,0.00,5835403.61,5571805.69,0
HH019440,0,0,0,0.00,9648079.18,12874647.59,0
HH019441,0,0,0,0.00,15598304.40,17452894.18,0
HH019442,0,0,0,0.00,8443714.62,10670949.98,0
HH019443,0,0,0,0.00,18115750.41,17250685.43,0
HH019444,0,0,0,0.00,5064878.89,5085035.20,0
HH019445,0,0,0,0.00,2687646.30,2798474.44,0
HH019446,0,0,0,0.00,6766717.79,6883076.82,0
HH019447,0,0,0,0.00,1967628.01,3612192.98,0
HH019448,0,0,0,0.00,23412419.25,25141666.21,0
HH019449,0,0,0,0.00,3573469.19,3533729.86,0
HH019450,0,0,0,0.00,1785741.29,1874675.80,0
HH019451,0,0,0,0.00,5559956.23,6229363.05,0
HH019452,0,1,1,596128.67,2239649.45,1231339.33,0
HH019453,0,0,0,0.00,7214175.18,7528201.40,0
HH019454,0,0,0,0.00,17441445.41,19932737.91,0
HH019455,0,0,0,0.00,3747684.07,4966090.77,0
HH019456,0,0,0,0.00,5951125.91,6126603.46,0
HH019457,1,0,1,4355765.84,4441217.67,85451.83,1
HH019458,0,0,0,0.00,12768558.73,10532749.41,0
HH019459,0,0,0,0.00,14274968.17,14891347.85,0
HH019460,0,0,0,0.00,4240187.05,4738716.37,0
HH019461,0,0,0,0.00,2056913.04,2356085.38,0
HH019462,0,0,0,0.00,1701563.19,2247827.18,0
HH019463,0,0,0,0.00,14106036.36,14843441.10,0
HH019464,0,0,0,0.00,27306367.03,29304412.67,0
HH019465,0,0,0,0.00,63863926.78,60910217.73,0
HH019466,0,0,0,0.00,17403400.58,20291296.85,0
HH019467,0,0,0,0.00,4652267.04,5877998.03,0
HH019468,0,0,0,0.00,11445597.85,10587363.59,0
HH019469,0,0,0,0.00,19140717.04,20303255.58,0
HH019470,1,0,1,4037800.36,4086077.20,48276.84,3
HH019471,0,0,0,0.00,4790945.09,5363853.46,0
HH019472,0,0,0,0.00,12810461.44,14867459.48,0
HH019473,0,1,1,437327.72,1604985.48,1170119.97,0
HH019474,0,0,0,0.00,2997726.26,3063134.33,0
HH019475,0,0,0,0.00,13905079.96,15279971.46,0
HH019476,0,0,0,0.00,6590860.46,7592652.16,0
HH019477,0,0,0,0.00,1896143.10,1953608.43,0
HH019478,0,0,0,0.00,1189330.08,1171715.90,0
HH019479,0,0,0,0.00,2195758.10,2097601.81,0
HH019480,0,1,1,6453825.19,15760768.51,10178631.39,0
HH019481,0,0,0,0.00,2799189.95,3412337.35,0
HH019482,0,0,0,0.00,2179230.70,2129220.31,0
HH019483,0,0,0,0.00,8620758.53,8851842.33,0
HH019484,0,0,0,0.00,3915184.60,4415072.84,0
HH019485,0,0,0,0.00,4412975.05,3342697.02,0
HH019486,0,0,0,0.00,1164146.46,1115073.13,0
HH019487,0,1,1,4887328.93,21346326.43,18486570.97,0
HH019488,0,0,0,0.00,15058016.60,14912289.81,0
HH019489,0,0,0,0.00,4595215.68,5033427.16,0
HH019490,1,0,1,10132370.59,10172578.14,40207.55,5
HH019491,0,0,0,0.00,5008772.81,5152517.50,0
HH019492,0,0,0,0.00,8328806.65,8610468.90,0
HH019493,0,1,1,3716625.62,7675146.79,4100120.44,0
HH019494,0,0,0,0.00,3775078.75,4152463.95,0
HH019495,0,0,0,0.00,6510644.50,7138808.45,0
HH019496,1,0,1,988405.37,1017400.64,28995.27,1
HH019497,0,0,0,0.00,5527085.88,6464508.54,0
HH019498,0,0,0,0.00,7966575.65,8856935.88,0
HH019499,0,0,0,0.00,1013916.66,1261614.77,0
HH019500,0,0,0,0.00,6135130.10,6661841.97,0
HH019501,0,0,0,0.00,3856597.98,4054704.20,0
HH019502,0,0,0,0.00,6257848.36,6001249.90,0
HH019503,0,0,0,0.00,2578529.03,2769271.52,0
HH019504,1,0,1,1153957.33,1185649.65,31692.32,4
HH019505,0,0,0,0.00,2860330.75,3526889.36,0
HH019506,0,0,0,0.00,89091066.01,91271827.87,0
HH019507,0,0,0,0.00,2404277.17,2502401.57,0
HH019508,0,0,0,0.00,32717458.35,37562269.81,0
HH019509,0,0,0,0.00,8948414.65,9227900.72,0
HH019510,0,0,0,0.00,1552727.27,1229250.60,0
HH019511,0,1,1,6683380.19,17828077.78,11220085.36,0
HH019512,0,0,0,0.00,6275412.76,6893808.38,0
HH019513,0,1,1,4425607.01,7674303.92,3353458.26,0
HH019514,0,0,0,0.00,2773397.54,3562044.12,0
HH019515,0,0,0,0.00,2234912.62,2578854.57,0
HH019516,0,0,0,0.00,16678110.10,19304186.69,0
HH019517,0,0,0,0.00,8026191.28,7943974.18,0
HH019518,0,0,0,0.00,2854050.89,2946885.69,0
HH019519,1,0,1,6458798.66,6574742.28,115943.62,4
HH019520,0,0,0,0.00,1779452.84,1963247.46,0
HH019521,0,0,0,0.00,2955055.77,3417068.72,0
HH019522,0,0,0,0.00,9755084.86,10069890.15,0
HH019523,0,0,0,0.00,3950286.24,4286018.16,0
HH019524,0,0,0,0.00,1094959.27,1320784.99,0
HH019525,0,0,0,0.00,2018681.54,2291930.89,0
HH019526,1,0,1,2055880.56,2112849.71,56969.15,4
HH019527,0,0,0,0.00,3340904.20,3187851.96,0
HH019528,0,0,0,0.00,16698471.46,15648006.11,0
HH019529,1,0,1,1206455.75,1206493.57,37.82,2
HH019530,0,0,0,0.00,1229783.41,1216876.87,0
HH019531,0,0,0,0.00,11417264.08,13184277.77,0
HH019532,0,0,0,0.00,16037455.10,18637934.96,0
HH019533,0,1,1,1549588.36,3491677.28,2076702.11,0
HH019534,0,0,0,0.00,9697761.91,10450845.66,0
HH019535,0,0,0,0.00,2994405.67,4148685.67,0
HH019536,0,0,0,0.00,1529534.43,1735815.75,0
HH019537,0,0,0,0.00,27091649.93,27105655.33,0
HH019538,0,1,1,830278.63,4025569.03,3731393.86,0
HH019539,0,0,0,0.00,4017177.94,4028704.41,0
HH019540,0,0,0,0.00,3312264.74,3064717.18,0
HH019541,0,0,0,0.00,3370390.28,3967595.31,0
HH019542,0,1,1,1403628.56,2535529.41,1218475.08,0
HH019543,0,0,0,0.00,3302559.39,3391620.90,0
HH019544,0,0,0,0.00,1851538.16,1906017.87,0
HH019545,0,0,0,0.00,59063517.67,63538075.09,0
HH019546,0,0,0,0.00,14640818.79,14214848.53,0
HH019547,0,0,0,0.00,5344356.91,6178171.74,0
HH019548,0,0,0,0.00,14015601.88,15453166.29,0
HH019549,0,0,0,0.00,4354500.44,4659650.35,0
HH019550,,,,,3378136.07,3743149.88,0
HH019551,0,0,0,0.00,6632630.39,7212460.47,0
HH019552,0,0,0,0.00,155578058.12,191879666.52,0
HH019553,0,0,0,0.00,11570057.78,13765437.17,0
HH019554,0,0,0,0.00,1077054.69,1090707.96,0
HH019555,0,0,0,0.00,2371981.64,2741197.46,0
HH019556,0,0,0,0.00,1355143.44,1350896.73,0
HH019557,0,0,0,0.00,5294465.98,3805516.65,0
HH019558,0,0,0,0.00,3894604.04,4010510.51,0
HH019559,0,0,0,0.00,2975997.33,4020816.71,0
HH019560,0,0,0,0.00,1261533.72,812565.52,0
HH019561,0,0,0,0.00,2880545.21,3659733.62,0
HH019562,0,0,0,0.00,3802402.65,4188712.39,0
HH019563,0,0,0,0.00,1172152.60,1371056.98,0
HH019564,0,1,1,547439.87,2065951.62,1302448.72,0
HH019565,0,0,0,0.00,1296846.31,1703720.56,0
HH019566,0,0,0,0.00,5656688.34,8578183.00,0
HH019567,0,0,0,0.00,2488305.11,2296331.95,0
HH019568,0,0,0,0.00,5114105.20,5979921.37,0
HH019569,0,0,0,0.00,4998201.67,6626258.33,0
HH019570,0,0,0,0.00,3931367.04,4280756.42,0
HH019571,0,0,0,0.00,3602693.35,3513981.39,0
HH019572,0,0,0,0.00,14549515.30,15625191.99,0
HH019573,0,0,0,0.00,7137347.65,5652445.15,0
HH019574,0,0,0,0.00,6465160.22,7497019.71,0
HH019575,1,0,1,9322945.12,9549563.93,226618.81,4
HH019576,0,0,0,0.00,2015810.07,2072049.52,0
HH019577,0,0,0,0.00,6864040.50,7398011.05,0
HH019578,0,0,0,0.00,8774152.76,9259241.31,0
HH019579,0,1,1,4474225.17,9575168.93,5342849.73,0
HH019580,0,0,0,0.00,1556222.41,1675448.87,0
HH019581,0,0,0,0.00,7034353.85,6902788.72,0
HH019582,0,0,0,0.00,1829629.58,2176626.67,0
HH019583,0,1,1,2289462.14,5141596.64,3094279.31,0
HH019584,1,0,1,21528022.92,21724541.11,196518.19,1
HH019585,0,0,0,0.00,5495997.19,6206399.17,0
HH019586,0,0,0,0.00,22449455.22,23980151.04,0
HH019587,0,0,0,0.00,2172976.57,2524659.39,0
HH019588,0,0,0,0.00,28975605.70,27471627.73,0
HH019589,0,1,1,2879074.74,6609294.95,4284633.09,0
HH019590,0,0,0,0.00,2478520.37,2892152.90,0
HH019591,0,0,0,0.00,3132128.23,3393975.39,0
HH019592,0,0,0,0.00,17389954.76,19268743.71,0
HH019593,0,0,0,0.00,3690357.77,3586019.16,0
HH019594,0,0,0,0.00,8174167.08,8523267.31,0
HH019595,0,0,0,0.00,25677525.45,28314425.88,0
HH019596,0,0,0,0.00,3778245.34,3427259.12,0
HH019597,0,0,0,0.00,18933052.88,18811126.17,0
HH019598,0,0,0,0.00,3304707.89,3618005.25,0
HH019599,0,0,0,0.00,4503881.24,4924270.62,0
HH019600,0,0,0,0.00,4472454.60,4457223.90,0
HH019601,0,0,0,0.00,30783306.01,33181318.87,0
HH019602,0,0,0,0.00,13571270.89,16512199.43,0
HH019603,0,0,0,0.00,9137722.27,10315166.98,0
HH019604,0,0,0,0.00,4199000.60,4242696.75,0
HH019605,0,0,0,0.00,1785297.07,1856734.80,0
HH019606,0,0,0,0.00,1731429.56,1855237.75,0
HH019607,0,0,0,0.00,16628463.03,19874783.14,0
HH019608,0,0,0,0.00,5634330.65,5950054.95,0
HH019609,0,0,0,0.00,3439950.95,3953831.65,0
HH019610,0,0,0,0.00,12555156.20,12068013.76,0
HH019611,0,0,0,0.00,2662309.67,2267549.57,0
HH019612,0,0,0,0.00,5815770.52,6221460.24,0
HH019613,0,0,0,0.00,4174875.09,4477815.26,0
HH019614,0,0,0,0.00,2834182.56,3030918.31,0
HH019615,0,0,0,0.00,2417040.47,2291628.65,0
HH019616,0,0,0,0.00,3742668.44,3277720.87,0
HH019617,0,0,0,0.00,5287030.17,5746532.39,0
HH019618,0,0,0,0.00,1274755.72,1529532.54,0
HH019619,0,0,0,0.00,9864001.08,10539565.15,0
HH019620,0,0,0,0.00,2287495.15,2660396.63,0
HH019621,0,0,0,0.00,3770852.45,4291040.80,0
HH019622,0,0,0,0.00,34034694.89,35788232.28,0
HH019623,0,0,0,0.00,8509422.68,9216122.72,0
HH019624,0,0,0,0.00,1904598.98,1907561.53,0
HH019625,0,0,0,0.00,6951104.03,7136966.81,0
HH019626,0,0,0,0.00,3639689.56,3918465.99,0
HH019627,0,0,0,0.00,1868381.24,2107292.11,0
HH019628,0,0,0,0.00,2319149.22,2147839.13,0
HH019629,0,0,0,0.00,11915663.21,11760704.85,0
HH019630,0,0,0,0.00,2861704.90,3533065.08,0
HH019631,0,0,0,0.00,2316623.87,2517678.57,0
HH019632,0,0,0,0.00,1208592.57,1481688.89,0
HH019633,0,0,0,0.00,12546230.91,13556299.97,0
HH019634,0,0,0,0.00,1828431.40,2106979.60,0
HH019635,0,0,0,0.00,1710421.70,2061766.75,0
HH019636,0,0,0,0.00,6510546.74,5844374.43,0
HH019637,0,1,1,2863578.67,7110384.05,4632775.73,0
HH019638,1,0,1,10537365.04,10607407.14,70042.10,6
HH019639,0,0,0,0.00,7404049.79,5808207.17,0
HH019640,0,0,0,0.00,6229656.72,7163827.86,0
HH019641,0,0,0,0.00,15307846.30,17457381.00,0
HH019642,0,0,0,0.00,1161142.54,1358951.58,0
HH019643,0,0,0,0.00,1063449.05,914631.04,0
HH019644,0,0,0,0.00,1981903.35,2078884.47,0
HH019645,0,0,0,0.00,1882395.88,1925842.46,0
HH019646,1,0,1,3177675.24,3226377.18,48701.94,2
HH019647,0,1,1,1438939.50,2975799.50,2604536.62,0
HH019648,0,0,0,0.00,1382566.47,1449935.05,0
HH019649,0,0,0,0.00,3954090.19,4308057.67,0
HH019650,0,0,0,0.00,8425764.64,10423634.09,0
HH019651,1,0,1,8789037.00,9001935.75,212898.75,4
HH019652,0,1,1,11137539.51,19975641.96,9593013.97,0
HH019653,0,0,0,0.00,3897190.20,4223887.05,0
HH019654,0,1,1,1084459.72,3299282.33,1999729.77,0
HH019655,0,1,1,429040.40,1243468.10,807882.91,0
HH019656,0,0,0,0.00,15602823.99,16995873.03,0
HH019657,0,1,1,793277.92,2112938.66,1262247.62,0
HH019658,0,0,0,0.00,1128490.33,1258816.29,0
HH019659,0,0,0,0.00,65136274.52,63776336.63,0
HH019660,0,0,0,0.00,1374033.86,1595748.54,0
HH019661,0,0,0,0.00,7979789.25,6589501.09,0
HH019662,0,0,0,0.00,2980642.68,4225410.07,0
HH019663,,,,,17499794.13,13603818.02,0
HH019664,0,0,0,0.00,1406550.58,1328528.59,0
HH019665,0,0,0,0.00,1657797.70,2032030.74,0
HH019666,0,0,0,0.00,10190230.34,10572221.38,0
HH019667,0,0,0,0.00,7320337.16,6934291.69,0
HH019668,0,0,0,0.00,6263015.36,6139722.41,0
HH019669,0,1,1,1558134.31,7415648.66,6164036.39,0
HH019670,0,0,0,0.00,5417273.79,5999844.02,0
HH019671,0,0,0,0.00,10376204.70,10200635.39,0
HH019672,0,0,0,0.00,1524342.19,1924877.96,0
HH019673,0,1,1,335063.85,1091426.84,931167.08,0
HH019674,0,1,1,2615708.83,4417069.72,2004681.14,0
HH019675,0,0,0,0.00,6418819.39,6600749.25,0
HH019676,0,0,0,0.00,25483469.51,27576041.39,0
HH019677,0,0,0,0.00,52344568.84,53472648.58,0
HH019678,0,0,0,0.00,6685780.80,7087326.96,0
HH019679,0,0,0,0.00,8440064.71,8947336.94,0
HH019680,0,0,0,0.00,3309525.02,4425449.16,0
HH019681,0,0,0,0.00,3101041.99,3023397.67,0
HH019682,0,0,0,0.00,3309701.67,3628920.42,0
HH019683,0,0,0,0.00,7822038.89,9089636.58,0
HH019684,0,0,0,0.00,7958246.77,6462304.45,0
HH019685,0,0,0,0.00,10070500.29,12634290.31,0
HH019686,0,0,0,0.00,24320623.09,22477582.43,0
HH019687,0,0,0,0.00,4142417.28,4700594.40,0
HH019688,0,0,0,0.00,1286547.06,1990255.43,0
HH019689,0,0,0,0.00,1934574.94,2114739.96,0
HH019690,0,0,0,0.00,3124461.07,3347230.27,0
HH019691,0,1,1,1365290.62,3407868.57,2240490.47,0
HH019692,0,0,0,0.00,2468469.02,2540206.23,0
HH019693,1,0,1,13503114.80,13676243.11,173128.31,1
HH019694,0,1,1,42635761.96,95174220.33,64190666.46,0
HH019695,0,1,1,2386277.30,3626039.53,1064126.22,0
HH019696,0,0,0,0.00,6521945.12,7079718.76,0
HH019697,0,0,0,0.00,2801018.40,3409798.84,0
HH019698,0,0,0,0.00,3318540.24,3658034.80,0
HH019699,0,0,0,0.00,4472918.82,4665533.75,0
HH019700,0,0,0,0.00,2058469.32,2231389.63,0
HH019701,0,1,1,633667.82,2766360.79,2203149.36,0
HH019702,0,0,0,0.00,17746048.97,19156311.98,0
HH019703,0,1,1,6445718.42,24590626.56,19242393.90,0
HH019704,0,0,0,0.00,4966627.02,5130699.69,0
HH019705,0,0,0,0.00,7501432.03,8287469.71,0
HH019706,0,0,0,0.00,4751017.84,5252322.68,0
HH019707,0,0,0,0.00,1124834.26,1172540.98,0
HH019708,0,0,0,0.00,30384230.96,32054826.33,0
HH019709,0,0,0,0.00,7039619.43,6697880.39,0
HH019710,0,0,0,0.00,1141615.03,1372833.78,0
HH019711,0,1,1,840713.15,3015975.34,1906625.24,0
HH019712,0,0,0,0.00,15364683.19,18113653.09,0
HH019713,0,0,0,0.00,217876111.65,252798424.33,0
HH019714,0,0,0,0.00,4421192.64,4789879.21,0
HH019715,0,0,0,0.00,3158607.91,3561530.69,0
HH019716,0,0,0,0.00,17702266.34,18879754.10,0
HH019717,1,0,1,30401636.22,30654616.14,252979.92,6
HH019718,0,0,0,0.00,3792045.92,4357510.78,0
HH019719,0,0,0,0.00,17859494.97,23505702.06,0
HH019720,0,0,0,0.00,6317244.41,6020318.89,0
HH019721,0,0,0,0.00,1066779.27,1132547.19,0
HH019722,0,0,0,0.00,2534111.11,2754592.59,0
HH019723,0,0,0,0.00,5470197.45,5809835.68,0
HH019724,0,1,1,638671.01,1863473.87,1269748.40,0
HH019725,0,0,0,0.00,2479937.08,2716983.47,0
HH019726,0,0,0,0.00,1425232.90,1549071.37,0
HH019727,0,0,0,0.00,1709925.62,1096089.82,0
HH019728,0,1,1,5909761.41,12603052.99,7201117.07,0
HH019729,0,1,1,810752.50,2944991.94,2620237.93,0
HH019730,0,0,0,0.00,2200400.28,1823621.71,0
HH019731,0,0,0,0.00,1086794.94,1135448.37,0
HH019732,0,0,0,0.00,9639175.56,10064904.32,0
HH019733,0,1,1,2621397.66,4425437.53,1964002.24,0
HH019734,0,0,0,0.00,3438058.80,3337238.04,0
HH019735,0,0,0,0.00,8601096.94,8755894.56,0
HH019736,0,0,0,0.00,2089435.53,2115534.78,0
HH019737,0,0,0,0.00,6414413.28,6336955.55,0
HH019738,0,1,1,953597.38,2288342.57,1392477.31,0
HH019739,0,0,0,0.00,6706986.49,5978602.68,0
HH019740,0,0,0,0.00,4619255.37,5760998.17,0
HH019741,0,0,0,0.00,3557029.74,3569129.02,0
HH019742,1,0,1,3352957.98,3397543.81,44585.83,3
HH019743,0,0,0,0.00,2107410.32,2317325.74,0
HH019744,0,1,1,1790204.08,3307802.45,1685508.40,0
HH019745,0,0,0,0.00,3287034.22,3391652.68,0
HH019746,0,0,0,0.00,22683929.48,29785968.69,0
HH019747,0,0,0,0.00,5743932.55,6566222.58,0
HH019748,0,0,0,0.00,2673393.84,2927859.07,0
HH019749,0,0,0,0.00,1076624.83,1036090.79,0
HH019750,0,1,1,3361842.34,8630481.31,3694157.62,0
HH019751,1,0,1,3161117.46,3168431.40,7313.94,3
HH019752,0,0,0,0.00,94383174.01,105222284.76,0
HH019753,0,0,0,0.00,4236894.15,5346590.93,0
HH019754,0,0,0,0.00,1470174.42,1774892.51,0
HH019755,0,0,0,0.00,1813583.82,2052798.29,0
HH019756,0,1,1,2282314.75,7025280.45,5303155.93,0
HH019757,0,1,1,2322628.10,8369633.66,6281516.27,0
HH019758,0,1,1,2823943.83,5795123.19,3190104.80,0
HH019759,0,0,0,0.00,1110345.42,949021.39,0
HH019760,0,0,0,0.00,7403418.70,7602252.12,0
HH019761,1,0,1,8166664.72,8368748.02,202083.30,4
HH019762,0,0,0,0.00,2943628.91,3085462.90,0
HH019763,1,0,1,1538934.54,1566310.37,27375.83,1
HH019764,0,0,0,0.00,1942824.60,2064335.26,0
HH019765,0,1,1,12897988.16,35491941.82,25391458.35,0
HH019766,0,0,0,0.00,5057283.90,6771776.44,0
HH019767,0,0,0,0.00,10450227.71,11931295.09,0
HH019768,0,0,0,0.00,16522013.30,18650099.02,0
HH019769,0,0,0,0.00,4873088.04,5116961.87,0
HH019770,0,0,0,0.00,4072791.17,3675852.53,0
HH019771,0,0,0,0.00,1248819.29,1388169.71,0
HH019772,0,0,0,0.00,1911493.45,2754442.93,0
HH019773,0,0,0,0.00,13994458.00,14976636.25,0
HH019774,0,0,0,0.00,4122101.52,3628780.09,0
HH019775,0,0,0,0.00,2836003.84,3342466.41,0
HH019776,0,0,0,0.00,114842406.65,122351600.55,0
HH019777,0,0,0,0.00,19574367.01,25948634.61,0
HH019778,0,0,0,0.00,2326018.91,2162564.03,0
HH019779,0,0,0,0.00,7446853.02,8274601.75,0
HH019780,0,0,0,0.00,4488800.79,4849640.56,0
HH019781,0,0,0,0.00,4259614.57,5238213.26,0
HH019782,0,0,0,0.00,19191886.33,25501853.86,0
HH019783,0,0,0,0.00,1435040.77,1093011.92,0
HH019784,0,0,0,0.00,1995394.64,1830656.36,0
HH019785,0,0,0,0.00,6263207.68,6460791.22,0
HH019786,1,0,1,3768335.22,3778030.83,9695.61,4
HH019787,1,0,1,1575360.52,1600142.46,24781.94,5
HH019788,0,1,1,688002.82,2256453.11,1784618.84,0
HH019789,0,0,0,0.00,1228602.71,1203014.47,0
HH019790,0,0,0,0.00,4328187.77,4184435.58,0
HH019791,0,0,0,0.00,7570597.24,8332927.91,0
HH019792,0,0,0,0.00,2025458.61,2012402.29,0
HH019793,0,1,1,784405.77,3085382.88,1998702.79,0
HH019794,0,1,1,7673993.58,12558596.19,5379733.72,0
HH019795,0,0,0,0.00,1809266.83,1972908.32,0
HH019796,0,1,1,459886.62,2082805.04,1516160.29,0
HH019797,0,1,1,3389659.50,5788991.58,2655769.32,0
HH019798,0,0,0,0.00,11683985.11,11392134.94,0
HH019799,0,0,0,0.00,8227125.25,10196388.01,0
HH019800,0,0,0,0.00,4949173.33,6416517.49,0
HH019801,0,0,0,0.00,5821853.35,6424671.69,0
HH019802,0,1,1,5457847.14,23891211.85,21470326.64,0
HH019803,0,0,0,0.00,26253751.66,28155596.83,0
HH019804,1,0,1,1352667.13,1369948.47,17281.34,1
HH019805,0,0,0,0.00,16400456.60,21051278.39,0
HH019806,0,0,0,0.00,10019699.51,10928954.97,0
HH019807,0,0,0,0.00,130515197.68,157410863.12,0
HH019808,0,0,0,0.00,4565924.83,4893606.35,0
HH019809,0,0,0,0.00,25052069.49,27289130.71,0
HH019810,0,1,1,1076183.68,3274004.72,2081450.66,0
HH019811,0,0,0,0.00,1805008.00,1759961.00,0
HH019812,0,0,0,0.00,1303529.09,1586340.52,0
HH019813,0,0,0,0.00,23100834.09,24732103.21,0
HH019814,0,0,0,0.00,4101065.89,4673532.12,0
HH019815,0,1,1,951360.45,2085287.36,1432489.72,0
HH019816,0,0,0,0.00,9175862.65,10153114.13,0
HH019817,0,0,0,0.00,6124506.07,6690107.70,0
HH019818,0,0,0,0.00,6333143.45,6314081.21,0
HH019819,0,0,0,0.00,6968291.88,7212318.15,0
HH019820,0,0,0,0.00,7357126.31,15430069.23,0
HH019821,0,0,0,0.00,1010906.09,1170756.68,0
HH019822,0,0,0,0.00,64100745.39,67671005.53,0
HH019823,0,0,0,0.00,3353228.12,3047744.99,0
HH019824,0,1,1,653891.93,1609311.83,1018273.04,0
HH019825,0,0,0,0.00,14596991.68,16002458.98,0
HH019826,0,1,1,3145418.80,5913468.89,2821041.63,0
HH019827,0,1,1,2550336.64,6511882.75,4317715.50,0
HH019828,1,0,1,1250040.11,1284699.70,34659.59,3
HH019829,0,0,0,0.00,2394964.47,2584981.81,0
HH019830,1,0,1,44136614.02,44766117.30,629503.28,2
HH019831,0,0,0,0.00,4591089.35,5684335.37,0
HH019832,0,0,0,0.00,1401486.97,1857893.76,0
HH019833,0,0,0,0.00,3702800.18,4106347.07,0
HH019834,0,0,0,0.00,8548784.00,10717823.15,0
HH019835,0,0,0,0.00,2349823.21,2662591.32,0
HH019836,0,0,0,0.00,3291855.34,3152887.82,0
HH019837,0,0,0,0.00,7615859.63,10164199.30,0
HH019838,0,0,0,0.00,4337609.90,4121489.77,0
HH019839,0,0,0,0.00,13928653.06,14892477.46,0
HH019840,0,1,1,11100253.77,25122653.61,13602691.78,0
HH019841,0,0,0,0.00,3381656.11,3822593.83,0
HH019842,0,0,0,0.00,3775815.37,4394829.18,0
HH019843,0,0,0,0.00,5625213.69,5532089.47,0
HH019844,1,0,1,2726024.79,2739489.27,13464.48,2
HH019845,0,0,0,0.00,11012913.89,10335121.30,0
HH019846,0,0,0,0.00,7103919.57,5706496.47,0
HH019847,0,1,1,1494529.49,4254820.57,3235404.09,0
HH019848,0,0,0,0.00,1327822.89,1708604.77,0
HH019849,0,0,0,0.00,1472175.27,1904548.06,0
HH019850,0,0,0,0.00,4114831.95,5507681.67,0
HH019851,0,0,0,0.00,6374426.45,6610568.75,0
HH019852,0,0,0,0.00,4710695.90,4699801.48,0
HH019853,1,0,1,1076733.03,1106229.21,29496.18,6
HH019854,0,0,0,0.00,1045802.70,1189808.34,0
HH019855,0,0,0,0.00,2103428.16,2387532.76,0
HH019856,0,1,1,4122069.26,10542130.02,6405310.89,0
HH019857,0,0,0,0.00,3763079.25,4133048.21,0
HH019858,0,0,0,0.00,2870058.34,3028251.37,0
HH019859,0,0,0,0.00,2004566.83,2024569.33,0
HH019860,0,0,0,0.00,4795256.80,5455191.92,0
HH019861,0,0,0,0.00,7647040.84,8242457.42,0
HH019862,0,0,0,0.00,4111210.32,4027624.44,0
HH019863,0,0,0,0.00,3583897.00,3607267.91,0
HH019864,0,0,0,0.00,1894360.19,2052546.05,0
HH019865,0,1,1,575267.36,2578236.72,2242998.35,0
HH019866,0,0,0,0.00,11840849.03,13138472.38,0
HH019867,0,0,0,0.00,6082768.39,6763051.47,0
HH019868,0,0,0,0.00,25441148.30,25735389.78,0
HH019869,0,0,0,0.00,2498880.69,2221520.98,0
HH019870,0,0,0,0.00,1175263.90,1335480.24,0
HH019871,0,0,0,0.00,1371763.24,1558685.37,0
HH019872,0,0,0,0.00,7328873.83,7045005.60,0
HH019873,0,0,0,0.00,9907181.08,8687726.19,0
HH019874,0,0,0,0.00,6180883.74,6312894.07,0
HH019875,0,0,0,0.00,2525960.78,2897938.78,0
HH019876,0,0,0,0.00,4117136.96,4746885.50,0
HH019877,0,1,1,1383097.30,2103800.03,871859.78,0
HH019878,0,0,0,0.00,2093396.44,2091546.20,0
HH019879,0,0,0,0.00,5283380.80,5855755.72,0
HH019880,0,0,0,0.00,3699612.68,3137434.35,0
HH019881,0,0,0,0.00,15889127.99,16348711.85,0
HH019882,0,0,0,0.00,1305390.50,1395859.60,0
HH019883,0,0,0,0.00,9523112.24,12386319.50,0
HH019884,0,0,0,0.00,19468409.55,19952032.58,0
HH019885,0,0,0,0.00,43105991.39,48000438.34,0
HH019886,0,0,0,0.00,4184748.18,4450796.96,0
HH019887,0,0,0,0.00,6270350.53,6946903.80,0
HH019888,0,0,0,0.00,6662692.80,7180540.11,0
HH019889,1,0,1,23236904.02,23253943.67,17039.65,2
HH019890,0,0,0,0.00,4462234.25,4265436.36,0
HH019891,0,0,0,0.00,13278613.35,13301661.93,0
HH019892,0,0,0,0.00,3587979.05,3743380.49,0
HH019893,0,1,1,2210427.46,3759462.70,1513022.25,0
HH019894,0,0,0,0.00,3084202.09,4064055.77,0
HH019895,0,0,0,0.00,8154272.44,8841950.63,0
HH019896,0,1,1,762906.42,1838012.01,1057000.10,0
HH019897,0,1,1,8230943.82,24827658.34,16790800.62,0
HH019898,0,0,0,0.00,9393503.03,9430884.42,0
HH019899,0,0,0,0.00,7266505.28,7250120.05,0
HH019900,0,1,1,2190490.10,5413798.65,3663855.75,0
HH019901,0,1,1,338719.19,1611324.28,1512956.93,0
HH019902,0,0,0,0.00,7389059.34,7945174.00,0
HH019903,0,0,0,0.00,1839277.64,1979315.68,0
HH019904,0,1,1,1831286.83,6178684.57,4910840.81,0
HH019905,0,0,0,0.00,1867176.89,2078940.12,0
HH019906,0,0,0,0.00,1380673.77,1376001.18,0
HH019907,0,0,0,0.00,2375790.62,2606072.36,0
HH019908,0,0,0,0.00,6165761.14,5991633.61,0
HH019909,0,1,1,872063.06,2326855.91,1573246.31,0
HH019910,0,0,0,0.00,4977864.69,5123122.98,0
HH019911,0,0,0,0.00,2864890.48,3106019.14,0
HH019912,0,0,0,0.00,2088774.56,1719014.59,0
HH019913,0,0,0,0.00,3898521.47,4208664.56,0
HH019914,1,0,1,1232102.57,1257345.80,25243.23,4
HH019915,0,0,0,0.00,5938102.47,5181517.38,0
HH019916,,,,,24530369.09,26126883.17,0
HH019917,0,0,0,0.00,1052627.61,1130715.72,0
HH019918,1,0,1,51877850.38,52613754.70,735904.32,3
HH019919,0,0,0,0.00,1493949.34,1764409.79,0
HH019920,0,0,0,0.00,1758229.82,1525642.00,0
HH019921,0,0,0,0.00,3202239.86,3488828.36,0
HH019922,0,0,0,0.00,2175862.78,2212803.40,0
HH019923,0,0,0,0.00,17903104.36,20530658.95,0
HH019924,0,1,1,756337.05,2727621.67,2335182.14,0
HH019925,0,0,0,0.00,1548834.24,1684268.44,0
HH019926,0,0,0,0.00,6385366.22,7672932.32,0
HH019927,0,0,0,0.00,2087510.56,2222049.07,0
HH019928,0,0,0,0.00,6948883.09,10418983.36,0
HH019929,0,0,0,0.00,7399739.06,5989773.87,0
HH019930,0,0,0,0.00,12259086.98,13396623.24,0
HH019931,0,1,1,4445650.56,10652924.28,6672838.56,0
HH019932,0,1,1,251782.73,1203195.22,1145133.72,0
HH019933,0,0,0,0.00,16556016.03,17896457.70,0
HH019934,0,0,0,0.00,4981748.92,5619844.62,0
HH019935,0,0,0,0.00,1749119.71,1348388.18,0
HH019936,0,0,0,0.00,9470389.64,14652559.84,0
HH019937,0,0,0,0.00,19700777.45,20722731.65,0
HH019938,0,0,0,0.00,7876146.04,5628507.71,0
HH019939,0,0,0,0.00,3183296.55,2884095.17,0
HH019940,0,0,0,0.00,4184444.24,4160571.55,0
HH019941,0,0,0,0.00,11730208.46,12584419.05,0
HH019942,0,0,0,0.00,1520503.65,1332410.11,0
HH019943,1,0,1,3700159.75,3703844.06,3684.31,1
HH019944,0,0,0,0.00,19144169.61,24791123.15,0
HH019945,0,0,0,0.00,14739333.71,12779067.21,0
HH019946,0,0,0,0.00,7615410.78,9443656.83,0
HH019947,0,0,0,0.00,2983281.32,4491770.96,0
HH019948,0,0,0,0.00,2382696.05,2692637.13,0
HH019949,0,0,0,0.00,7110756.22,6830380.13,0
HH019950,0,0,0,0.00,6951640.61,8371635.72,0
HH019951,0,0,0,0.00,9013639.58,9827426.05,0
HH019952,0,0,0,0.00,1596298.35,1761096.88,0
HH019953,0,0,0,0.00,7879509.14,9513145.25,0
HH019954,0,1,1,4597779.78,8360945.17,4252619.55,0
HH019955,0,0,0,0.00,3955756.74,3332282.58,0
HH019956,0,0,0,0.00,5065837.46,5451198.05,0
HH019957,0,0,0,0.00,6085304.33,6165340.98,0
HH019958,1,0,1,4508735.04,4645544.70,136809.66,3
HH019959,0,0,0,0.00,3080648.00,3257870.61,0
HH019960,0,0,0,0.00,6793458.49,9176856.04,0
HH019961,0,0,0,0.00,5659517.18,6126484.62,0
HH019962,0,0,0,0.00,14040855.91,15385324.47,0
HH019963,0,0,0,0.00,4560089.29,5614627.22,0
HH019964,0,0,0,0.00,7544177.32,7265283.84,0
HH019965,0,0,0,0.00,6688387.24,7797750.62,0
HH019966,1,0,1,1807870.11,1826626.30,18756.19,5
HH019967,0,0,0,0.00,10140802.60,11730120.69,0
HH019968,0,0,0,0.00,7410112.40,10742114.55,0
HH019969,0,0,0,0.00,2019303.15,2473066.28,0
HH019970,0,0,0,0.00,6628277.37,7005469.30,0
HH019971,0,0,0,0.00,8998179.72,8413841.43,0
HH019972,0,1,1,2069938.93,7278320.69,5911926.91,0
HH019973,0,0,0,0.00,4269120.36,3526865.96,0
HH019974,0,0,0,0.00,1810891.66,2031139.64,0
HH019975,0,0,0,0.00,4251633.47,3947197.35,0
HH019976,0,0,0,0.00,4788560.86,3669299.10,0
HH019977,0,0,0,0.00,4198987.46,4935223.46,0
HH019978,0,0,0,0.00,7664810.76,6740568.50,0
HH019979,0,1,1,8396563.80,14130488.81,4344091.95,0
HH019980,0,0,0,0.00,1134753.59,1351364.87,0
HH019981,0,0,0,0.00,1257551.35,1277078.07,0
HH019982,0,0,0,0.00,12708446.36,12280860.19,0
HH019983,0,1,1,1780063.46,4167425.41,2803557.67,0
HH019984,1,0,1,13148133.37,13149203.37,1070.00,5
HH019985,0,0,0,0.00,9302660.05,10447499.85,0
HH019986,0,0,0,0.00,33938325.05,39557411.56,0
HH019987,0,0,0,0.00,2224193.71,1780105.54,0
HH019988,0,0,0,0.00,3888350.91,4068219.68,0
HH019989,0,0,0,0.00,33785093.38,33374524.76,0
HH019990,0,0,0,0.00,9008369.99,10129417.00,0
HH019991,0,0,0,0.00,3088998.02,3130977.34,0
HH019992,0,1,1,780089.89,2646365.38,2008318.77,0
HH019993,0,0,0,0.00,8417591.37,8987071.40,0
HH019994,0,0,0,0.00,5422182.32,5321671.49,0
HH019995,0,0,0,0.00,11583338.29,12561843.47,0
HH019996,0,0,0,0.00,10871036.40,11114075.64,0
HH019997,0,0,0,0.00,6503215.75,5401094.46,0
HH019998,0,0,0,0.00,2186842.11,2293734.64,0
HH019999,0,0,0,0.00,3708753.76,3845477.73,0
HH020000,0,0,0,0.00,2030863.83,1467269.82,0
