variable,bin,desde,hasta,f(x) log-odds,hogares,tasa B %
banker_change_6m_flag,"[-inf, 0.5)",-inf,0.5,-0.12443652155079783,11505,10.838765754019992
banker_change_6m_flag,"[0.5, inf)",0.5,inf,0.7241488014374958,1977,31.56297420333839
client_reply_rate,"[-inf, 0.05)",-inf,0.05,0.1483823236490173,277,16.60649819494585
client_reply_rate,"[0.05, 0.118056)",0.05,0.118055555,0.14342298018040542,3,0.0
client_reply_rate,"[0.118056, 0.133929)",0.118055555,0.13392857,0.14041552667192342,5,0.0
client_reply_rate,"[0.133929, 0.154762)",0.13392857,0.15476190499999998,0.13686796730689446,6,16.666666666666664
client_reply_rate,"[0.154762, 0.183333)",0.15476190499999998,0.183333335,0.13342314769994687,37,24.324324324324326
client_reply_rate,"[0.183333, 0.211111)",0.183333335,0.21111111,0.12582550063778847,79,12.658227848101266
client_reply_rate,"[0.211111, 0.236111)",0.21111111,0.23611111,0.12006769130070495,2,0.0
client_reply_rate,"[0.236111, 0.261364)",0.23611111,0.26136363500000004,0.11477838435097751,252,15.476190476190476
client_reply_rate,"[0.261364, 0.279221)",0.26136363500000004,0.27922078,0.1081761524008262,2,50.0
client_reply_rate,"[0.279221, 0.292857)",0.27922078,0.292857145,0.09686505477861085,29,13.793103448275861
client_reply_rate,"[0.292857, 0.303846)",0.292857145,0.303846155,0.09127243368857713,6,0.0
client_reply_rate,"[0.303846, 0.320513)",0.303846155,0.32051282000000003,0.08752030078244355,1,0.0
client_reply_rate,"[0.320513, 0.345238)",0.32051282000000003,0.345238095,0.08509166279378035,662,14.19939577039275
client_reply_rate,"[0.345238, 0.36039)",0.345238095,0.36038961,0.08036325100362424,2,0.0
client_reply_rate,"[0.36039, 0.369318)",0.36038961,0.36931818,0.07593929619825208,14,0.0
client_reply_rate,"[0.369318, 0.379808)",0.36931818,0.37980769000000003,0.07329476065619447,27,14.814814814814813
client_reply_rate,"[0.379808, 0.392308)",0.37980769000000003,0.39230769,0.06930221562706235,4,0.0
client_reply_rate,"[0.392308, 0.405882)",0.39230769,0.40588235500000003,0.06500094125954291,208,14.423076923076922
client_reply_rate,"[0.405882, 0.414216)",0.40588235500000003,0.41421569,-0.03420662835515184,1,0.0
client_reply_rate,"[0.414216, 0.422619)",0.41421569,0.42261905,-0.039318694605371914,6,16.666666666666664
client_reply_rate,"[0.422619, 0.433036)",0.42261905,0.433035715,-0.07762233022924483,84,9.523809523809524
client_reply_rate,"[0.433036, 0.440972)",0.433035715,0.44097222,-0.08224544747998377,2,0.0
client_reply_rate,"[0.440972, 0.447222)",0.44097222,0.44722222,-0.08584359546004333,33,3.0303030303030303
client_reply_rate,"[0.447222, 0.452273)",0.44722222,0.45227272500000004,-0.08863461611405747,1,0.0
client_reply_rate,"[0.452273, 0.458042)",0.45227272500000004,0.458041955,-0.09089288807932082,17,0.0
client_reply_rate,"[0.458042, 0.462912)",0.458041955,0.46291208500000003,-0.09873126332105514,8,0.0
client_reply_rate,"[0.462912, 0.465476)",0.46291208500000003,0.46547619,-0.10513101888387145,1,0.0
client_reply_rate,"[0.465476, 0.468627)",0.46547619,0.468627455,-0.10613926588846287,3,0.0
client_reply_rate,"[0.468627, 0.48913)",0.468627455,0.489130435,-0.11075882981556054,2,50.0
client_reply_rate,"[0.48913, 0.513158)",0.489130435,0.513157895,-0.11498353336563104,689,9.57910014513788
client_reply_rate,"[0.513158, 0.531373)",0.513157895,0.531372545,-0.11948804146142362,2,0.0
client_reply_rate,"[0.531373, 0.535897)",0.531372545,0.5358974350000001,-0.12280819938297005,6,0.0
client_reply_rate,"[0.535897, 0.540064)",0.5358974350000001,0.540064105,-0.1254718418513513,8,0.0
client_reply_rate,"[0.540064, 0.543561)",0.540064105,0.54356061,-0.1308591149527872,1,0.0
client_reply_rate,"[0.543561, 0.547727)",0.54356061,0.547727275,-0.13276411456469311,23,8.695652173913043
client_reply_rate,"[0.547727, 0.550862)",0.547727275,0.55086207,-0.13562562728874225,4,0.0
client_reply_rate,"[0.550862, 0.55364)",0.55086207,0.5536398499999999,-0.13768770588870405,1,0.0
client_reply_rate,"[0.55364, 0.559028)",0.5536398499999999,0.55902778,-0.140257589530048,63,6.349206349206349
client_reply_rate,"[0.559028, 0.563859)",0.55902778,0.563858695,-0.1416616487642165,2,0.0
client_reply_rate,"[0.563859, 0.568323)",0.563858695,0.56832298,-0.14506421853044532,2,0.0
client_reply_rate,"[0.568323, 0.574176)",0.56832298,0.574175825,-0.1473007723618907,140,7.142857142857142
client_reply_rate,"[0.574176, 0.577935)",0.574175825,0.577935225,-0.15094998963543457,1,0.0
client_reply_rate,"[0.577935, 0.58114)",0.577935225,0.58114035,-0.15755459428099475,1,0.0
client_reply_rate,"[0.58114, 0.585784)",0.58114035,0.58578431,-0.16287707733687062,17,5.88235294117647
client_reply_rate,"[0.585784, 0.589572)",0.58578431,0.5895721899999999,-0.16636577462864757,8,0.0
client_reply_rate,"[0.589572, 0.593074)",0.5895721899999999,0.593073595,-0.17213387796613502,3,0.0
client_reply_rate,"[0.593074, 0.597619)",0.593073595,0.59761905,-0.17495534097933346,1,0.0
client_reply_rate,"[0.597619, 0.604348)",0.59761905,0.6043478250000001,-0.1795047700959012,322,9.316770186335404
client_reply_rate,"[0.604348, 0.609903)",0.6043478250000001,0.60990338,-0.18420318410090628,1,0.0
client_reply_rate,"[0.609903, 0.612007)",0.60990338,0.61200717,-0.18761610651160357,7,14.285714285714285
client_reply_rate,"[0.612007, 0.614144)",0.61200717,0.614143925,-0.18994384818986876,1,0.0
client_reply_rate,"[0.614144, 0.617216)",0.614143925,0.61721612,-0.19399013135533216,19,0.0
client_reply_rate,"[0.617216, 0.622024)",0.61721612,0.62202381,-0.19648680756073056,3,0.0
client_reply_rate,"[0.622024, 0.626786)",0.62202381,0.626785715,-0.2021060111556825,121,5.785123966942149
client_reply_rate,"[0.626786, 0.629101)",0.626785715,0.6291005300000001,-0.20395131994810886,1,0.0
client_reply_rate,"[0.629101, 0.630604)",0.6291005300000001,0.63060429,-0.20773526303755585,3,0.0
client_reply_rate,"[0.630604, 0.632456)",0.63060429,0.6324561399999999,-0.21124480907846438,4,25.0
client_reply_rate,"[0.632456, 0.634848)",0.6324561399999999,0.634848485,-0.21762007061303384,1,0.0
client_reply_rate,"[0.634848, 0.63961)",0.634848485,0.6396103900000001,-0.2210817433509138,45,4.444444444444445
client_reply_rate,"[0.63961, 0.644009)",0.6396103900000001,0.6440092150000001,-0.2271628743462599,22,13.636363636363635
client_reply_rate,"[0.644009, 0.64611)",0.6440092150000001,0.6461100550000001,-0.23268833099097638,1,0.0
client_reply_rate,"[0.64611, 0.648529)",0.6461100550000001,0.6485294100000001,-0.2355289227337019,4,0.0
client_reply_rate,"[0.648529, 0.650397)",0.6485294100000001,0.6503968250000001,-0.23845760577427152,4,0.0
client_reply_rate,"[0.650397, 0.651484)",0.6503968250000001,0.65148378,-0.23962963858177366,1,0.0
client_reply_rate,"[0.651484, 0.65301)",0.65148378,0.65301003,-0.2445860397199732,2,0.0
client_reply_rate,"[0.65301, 0.656469)",0.65301003,0.6564685299999999,-0.24668376562865132,2,0.0
client_reply_rate,"[0.656469, 0.66369)",0.6564685299999999,0.6636904800000001,-0.24951940370454526,2,50.0
client_reply_rate,"[0.66369, 0.66895)",0.6636904800000001,0.668949775,-0.25346263492701715,987,9.523809523809524
client_reply_rate,"[0.66895, 0.673163)",0.668949775,0.673163415,-0.2560157569651467,2,0.0
client_reply_rate,"[0.673163, 0.675666)",0.673163415,0.675666195,-0.2593505801595562,1,0.0
client_reply_rate,"[0.675666, 0.677995)",0.675666195,0.67799539,-0.26398295707244435,1,100.0
client_reply_rate,"[0.677995, 0.679286)",0.67799539,0.679285715,-0.2672044523497975,1,0.0
client_reply_rate,"[0.679286, 0.680909)",0.679285715,0.6809090900000001,-0.2717026437027723,2,0.0
client_reply_rate,"[0.680909, 0.682373)",0.6809090900000001,0.682372505,-0.2755346386211615,3,0.0
client_reply_rate,"[0.682373, 0.683569)",0.682372505,0.68356868,-0.27603641846576366,1,0.0
client_reply_rate,"[0.683569, 0.684698)",0.68356868,0.68469786,-0.27937522297648903,5,0.0
client_reply_rate,"[0.684698, 0.686343)",0.68469786,0.6863425949999999,-0.28058713323208256,1,0.0
client_reply_rate,"[0.686343, 0.688578)",0.6863425949999999,0.688577585,-0.28290079732183104,7,0.0
client_reply_rate,"[0.688578, 0.690981)",0.688577585,0.69098143,-0.28640980889921736,1,0.0
client_reply_rate,"[0.690981, 0.69398)",0.69098143,0.69397993,-0.29183850442244136,30,3.3333333333333335
client_reply_rate,"[0.69398, 0.696311)",0.69397993,0.6963109350000001,-0.29661333876583407,2,0.0
client_reply_rate,"[0.696311, 0.698485)",0.6963109350000001,0.69848485,-0.30067108597907405,2,0.0
client_reply_rate,"[0.698485, 0.701351)",0.69848485,0.7013513499999999,-0.30298742121288963,62,8.064516129032258
client_reply_rate,"[0.701351, 0.703203)",0.7013513499999999,0.7032032,-0.3075609263161432,2,0.0
client_reply_rate,"[0.703203, 0.704793)",0.7032032,0.7047930250000001,-0.312179569339561,2,0.0
client_reply_rate,"[0.704793, 0.706787)",0.7047930250000001,0.70678733,-0.31370798806090505,10,0.0
client_reply_rate,"[0.706787, 0.708013)",0.70678733,0.70801282,-0.31809138397434666,1,0.0
client_reply_rate,"[0.708013, 0.709005)",0.70801282,0.709005375,-0.3208361898713753,3,0.0
client_reply_rate,"[0.709005, 0.711982)",0.709005375,0.711981565,-0.3264694952964223,1,0.0
client_reply_rate,"[0.711982, 0.715633)",0.711981565,0.71563342,-0.32934429827459116,161,6.832298136645963
client_reply_rate,"[0.715633, 0.717465)",0.71563342,0.717464925,-0.33193247464538156,1,0.0
client_reply_rate,"[0.717465, 0.718974)",0.717464925,0.71897436,-0.33328108387300415,1,0.0
client_reply_rate,"[0.718974, 0.721111)",0.71897436,0.72111111,-0.3378270258068883,1,0.0
client_reply_rate,"[0.721111, 0.72318)",0.72111111,0.723180075,-0.34128969257461944,10,0.0
client_reply_rate,"[0.72318, 0.724569)",0.723180075,0.724568965,-0.34469456170651847,1,100.0
client_reply_rate,"[0.724569, 0.726136)",0.724568965,0.726136365,-0.34671108564101416,1,0.0
client_reply_rate,"[0.726136, 0.729021)",0.726136365,0.72902098,-0.3499257101521052,45,6.666666666666667
client_reply_rate,"[0.729021, 0.732051)",0.72902098,0.7320512800000001,-0.35440202340380766,2,0.0
client_reply_rate,"[0.732051, 0.735088)",0.7320512800000001,0.73508772,-0.35629255863689424,22,4.545454545454546
client_reply_rate,"[0.735088, 0.737986)",0.73508772,0.7379862699999999,-0.3611338319064291,6,0.0
client_reply_rate,"[0.737986, 0.739936)",0.7379862699999999,0.739935585,-0.3663182573957265,8,0.0
client_reply_rate,"[0.739936, 0.741338)",0.739935585,0.74133811,-0.37093156743152383,2,0.0
client_reply_rate,"[0.741338, 0.742396)",0.74133811,0.74239631,-0.37236342399462546,1,0.0
client_reply_rate,"[0.742396, 0.746429)",0.74239631,0.74642857,-0.3751431018183072,1,0.0
client_reply_rate,"[0.746429, 0.755)",0.74642857,0.755,-0.3799711805193014,557,8.976660682226212
client_reply_rate,"[0.755, 0.760952)",0.755,0.76095238,-0.3933667540057536,4,0.0
client_reply_rate,"[0.760952, 0.762531)",0.76095238,0.762531325,-0.39466965619262984,5,0.0
client_reply_rate,"[0.762531, 0.763932)",0.762531325,0.763931885,-0.39711884593092756,1,0.0
client_reply_rate,"[0.763932, 0.765165)",0.763931885,0.76516544,-0.3993404947472794,12,0.0
client_reply_rate,"[0.765165, 0.766146)",0.76516544,0.766145835,-0.40326528608241213,1,0.0
client_reply_rate,"[0.766146, 0.767949)",0.766145835,0.7679487199999999,-0.4054950012632686,3,0.0
client_reply_rate,"[0.767949, 0.77033)",0.7679487199999999,0.77032967,-0.409349830965243,21,4.761904761904762
client_reply_rate,"[0.77033, 0.772078)",0.77032967,0.77207792,-0.4127868318622781,1,0.0
client_reply_rate,"[0.772078, 0.77346)",0.77207792,0.77346041,-0.41501621394224353,3,0.0
client_reply_rate,"[0.77346, 0.775986)",0.77346041,0.775985665,-0.41715809224068495,1,100.0
client_reply_rate,"[0.775986, 0.779514)",0.775985665,0.77951389,-0.4188120831084472,81,3.7037037037037033
client_reply_rate,"[0.779514, 0.781929)",0.77951389,0.78192935,-0.42126469119937804,1,0.0
client_reply_rate,"[0.781929, 0.783196)",0.78192935,0.7831962400000001,-0.4252163637362381,3,0.0
client_reply_rate,"[0.783196, 0.784749)",0.7831962400000001,0.784749035,-0.4277024881938487,1,0.0
client_reply_rate,"[0.784749, 0.786797)",0.784749035,0.7867965400000001,-0.42967796771825983,20,10.0
client_reply_rate,"[0.786797, 0.78817)",0.7867965400000001,0.788170165,-0.43450859446463247,3,0.0
client_reply_rate,"[0.78817, 0.788968)",0.788170165,0.78896761,-0.43674243067133434,1,0.0
client_reply_rate,"[0.788968, 0.79057)",0.78896761,0.790570175,-0.4409110045154249,4,0.0
client_reply_rate,"[0.79057, 0.797436)",0.790570175,0.797435895,-0.4467234545388803,3,0.0
client_reply_rate,"[0.797436, 0.801515)",0.797435895,0.80151515,-0.4485857141673545,301,4.318936877076411
client_reply_rate,"[0.801515, 0.806004)",0.80151515,0.806003585,-0.452592365420037,2,0.0
client_reply_rate,"[0.806004, 0.807072)",0.806003585,0.80707196,-0.4554984303945127,2,0.0
client_reply_rate,"[0.807072, 0.808608)",0.80707196,0.80860806,-0.4570299285053463,1,0.0
client_reply_rate,"[0.808608, 0.811012)",0.80860806,0.811011905,-0.4598432624679999,4,0.0
client_reply_rate,"[0.811012, 0.815341)",0.811011905,0.81534091,-0.46281045027849826,11,0.0
client_reply_rate,"[0.815341, 0.820856)",0.81534091,0.8208556149999999,-0.4651743665307741,36,0.0
client_reply_rate,"[0.820856, 0.828431)",0.8208556149999999,0.82843137,-0.4678930713329166,6,0.0
client_reply_rate,"[0.828431, 0.836022)",0.82843137,0.8360215049999999,-0.4704126304650826,189,7.936507936507936
client_reply_rate,"[0.836022, 0.839355)",0.8360215049999999,0.8393548399999999,-0.4722818798263908,2,0.0
client_reply_rate,"[0.839355, 0.841053)",0.8393548399999999,0.84105263,-0.4747346292376369,3,0.0
client_reply_rate,"[0.841053, 0.84413)",0.84105263,0.844129555,-0.4776453246120129,3,0.0
client_reply_rate,"[0.84413, 0.848077)",0.844129555,0.848076925,-0.4796188987281123,13,0.0
client_reply_rate,"[0.848077, 0.853571)",0.848076925,0.8535714299999999,-0.48134616695430343,3,0.0
client_reply_rate,"[0.853571, 0.859606)",0.8535714299999999,0.8596059149999999,-0.48273504735961326,101,2.9702970297029703
client_reply_rate,"[0.859606, 0.862853)",0.8596059149999999,0.862852665,-0.483805972947653,1,0.0
client_reply_rate,"[0.862853, 0.865152)",0.862852665,0.865151515,-0.4851821759430444,3,0.0
client_reply_rate,"[0.865152, 0.867544)",0.865151515,0.8675438600000001,-0.4872519766546295,7,0.0
client_reply_rate,"[0.867544, 0.868993)",0.8675438600000001,0.868993135,-0.4889440661826177,2,0.0
client_reply_rate,"[0.868993, 0.872283)",0.868993135,0.8722826100000001,-0.4899423223839568,2,0.0
client_reply_rate,"[0.872283, 0.876096)",0.8722826100000001,0.87609649,-0.4910495615438735,60,6.666666666666667
client_reply_rate,"[0.876096, 0.87799)",0.87609649,0.87799043,-0.4922686832431293,1,0.0
client_reply_rate,"[0.87799, 0.881176)",0.87799043,0.88117647,-0.4937014474162646,2,0.0
client_reply_rate,"[0.881176, 0.885621)",0.88117647,0.8856209150000001,-0.4958782171301137,3,0.0
client_reply_rate,"[0.885621, 0.891813)",0.8856209150000001,0.891812865,-0.4973790876038785,48,4.166666666666666
client_reply_rate,"[0.891813, 0.897368)",0.891812865,0.89736842,-0.49827316840224567,2,0.0
client_reply_rate,"[0.897368, 0.904545)",0.89736842,0.904545455,-0.49830185935483806,26,7.6923076923076925
client_reply_rate,"[0.904545, 0.911067)",0.904545455,0.911067195,-0.4984531228996649,12,8.333333333333332
client_reply_rate,"[0.911067, 0.914855)",0.911067195,0.914855075,-0.4996936052362847,1,0.0
client_reply_rate,"[0.914855, 0.919872)",0.914855075,0.9198717949999999,-0.5012275306062409,11,0.0
client_reply_rate,"[0.919872, 0.925824)",0.9198717949999999,0.925824175,-0.5022471515363693,6,16.666666666666664
client_reply_rate,"[0.925824, 0.930952)",0.925824175,0.9309523799999999,-0.503091621277354,4,0.0
client_reply_rate,"[0.930952, 0.937255)",0.9309523799999999,0.9372549,-0.5053687854782333,2,50.0
client_reply_rate,"[0.937255, 0.972222)",0.9372549,0.97222222,-0.506533436228855,3,0.0
client_reply_rate,"[0.972222, inf)",0.97222222,inf,-0.5084647624679044,700,8.571428571428571
client_reply_rate,missing,,,0.23249305407904222,6481,18.79339608085172
share_of_wallet,"[-inf, 0.0186064)",-inf,0.01860642,0.3560904097305628,13,38.46153846153847
share_of_wallet,"[0.0186064, 0.02618)",0.01860642,0.026179954999999998,0.3552262892634394,13,69.23076923076923
share_of_wallet,"[0.02618, 0.0304248)",0.026179954999999998,0.030424754999999998,0.35450898115692725,13,23.076923076923077
share_of_wallet,"[0.0304248, 0.0342054)",0.030424754999999998,0.034205440000000004,0.35395751968982864,13,38.46153846153847
share_of_wallet,"[0.0342054, 0.0376219)",0.034205440000000004,0.037621865000000004,0.35395751968982864,13,38.46153846153847
share_of_wallet,"[0.0376219, 0.0413723)",0.037621865000000004,0.041372285,0.35395751968982864,13,30.76923076923077
share_of_wallet,"[0.0413723, 0.043778)",0.041372285,0.04377796,0.3514969535446929,13,46.15384615384615
share_of_wallet,"[0.043778, 0.0474117)",0.04377796,0.047411665,0.3514969535446929,13,38.46153846153847
share_of_wallet,"[0.0474117, 0.0511654)",0.047411665,0.051165435,0.35112165001905477,13,53.84615384615385
share_of_wallet,"[0.0511654, 0.0540125)",0.051165435,0.05401251,0.35112165001905477,13,7.6923076923076925
share_of_wallet,"[0.0540125, 0.0575298)",0.05401251,0.057529775,0.35010580884991316,13,30.76923076923077
share_of_wallet,"[0.0575298, 0.0610521)",0.057529775,0.061052125,0.35010580884991316,13,46.15384615384615
share_of_wallet,"[0.0610521, 0.0624333)",0.061052125,0.06243332,0.35010580884991316,13,53.84615384615385
share_of_wallet,"[0.0624333, 0.0644943)",0.06243332,0.06449434000000001,0.3496917529363972,13,15.384615384615385
share_of_wallet,"[0.0644943, 0.0660834)",0.06449434000000001,0.06608338999999999,0.3496917529363972,13,38.46153846153847
share_of_wallet,"[0.0660834, 0.0678265)",0.06608338999999999,0.06782648499999999,0.3479601670929073,12,33.33333333333333
share_of_wallet,"[0.0678265, 0.0703923)",0.06782648499999999,0.07039226000000001,0.3459520723938148,13,30.76923076923077
share_of_wallet,"[0.0703923, 0.0725697)",0.07039226000000001,0.072569725,0.3459520723938148,12,16.666666666666664
share_of_wallet,"[0.0725697, 0.0740828)",0.072569725,0.07408282,0.345371256849535,13,53.84615384615385
share_of_wallet,"[0.0740828, 0.0757134)",0.07408282,0.075713385,0.345371256849535,12,41.66666666666667
share_of_wallet,"[0.0757134, 0.0767841)",0.075713385,0.07678407000000001,0.3418989434319123,12,33.33333333333333
share_of_wallet,"[0.0767841, 0.0790491)",0.07678407000000001,0.07904909,0.3400836616564206,13,38.46153846153847
share_of_wallet,"[0.0790491, 0.0809953)",0.07904909,0.080995335,0.3400836616564206,12,25.0
share_of_wallet,"[0.0809953, 0.0824975)",0.080995335,0.082497545,0.3400836616564206,13,30.76923076923077
share_of_wallet,"[0.0824975, 0.0838333)",0.082497545,0.08383331999999999,0.33804814464102445,12,50.0
share_of_wallet,"[0.0838333, 0.0851761)",0.08383331999999999,0.08517612499999999,0.33804814464102445,12,33.33333333333333
share_of_wallet,"[0.0851761, 0.0868576)",0.08517612499999999,0.08685762999999999,0.33804814464102445,13,30.76923076923077
share_of_wallet,"[0.0868576, 0.0881318)",0.08685762999999999,0.088131815,0.33804814464102445,12,33.33333333333333
share_of_wallet,"[0.0881318, 0.0901043)",0.088131815,0.090104275,0.33625735447361715,13,38.46153846153847
share_of_wallet,"[0.0901043, 0.0920757)",0.090104275,0.09207570500000001,0.33625735447361715,12,33.33333333333333
share_of_wallet,"[0.0920757, 0.0942119)",0.09207570500000001,0.094211935,0.33360175259740465,13,30.76923076923077
share_of_wallet,"[0.0942119, 0.0957808)",0.094211935,0.095780805,0.33360175259740465,12,8.333333333333332
share_of_wallet,"[0.0957808, 0.0966514)",0.095780805,0.096651405,0.33292636363493056,12,33.33333333333333
share_of_wallet,"[0.0966514, 0.0981308)",0.096651405,0.098130785,0.33292636363493056,13,30.76923076923077
share_of_wallet,"[0.0981308, 0.0993644)",0.098130785,0.09936444,0.3295802222885099,12,33.33333333333333
share_of_wallet,"[0.0993644, 0.100629)",0.09936444,0.10062904,0.3295802222885099,13,15.384615384615385
share_of_wallet,"[0.100629, 0.10166)",0.10062904,0.101660275,0.328979629213098,12,58.333333333333336
share_of_wallet,"[0.10166, 0.103506)",0.101660275,0.103506255,0.32786818528196526,13,38.46153846153847
share_of_wallet,"[0.103506, 0.10541)",0.103506255,0.10540973000000001,0.32733341687534795,12,66.66666666666666
share_of_wallet,"[0.10541, 0.106633)",0.10540973000000001,0.106633375,0.3263276959340036,12,16.666666666666664
share_of_wallet,"[0.106633, 0.108039)",0.106633375,0.10803883,0.32484498509600096,13,23.076923076923077
share_of_wallet,"[0.108039, 0.109152)",0.10803883,0.1091521,0.3237503199429544,12,25.0
share_of_wallet,"[0.109152, 0.110534)",0.1091521,0.110534205,0.3237503199429544,13,53.84615384615385
share_of_wallet,"[0.110534, 0.111512)",0.110534205,0.111511515,0.3206465235801824,12,16.666666666666664
share_of_wallet,"[0.111512, 0.112707)",0.111511515,0.11270701,0.3187209245349771,13,7.6923076923076925
share_of_wallet,"[0.112707, 0.113382)",0.11270701,0.11338187999999999,0.3187209245349771,12,41.66666666666667
share_of_wallet,"[0.113382, 0.114041)",0.11338187999999999,0.11404089,0.3174856795242622,12,25.0
share_of_wallet,"[0.114041, 0.115535)",0.11404089,0.11553542,0.3157270073294315,13,15.384615384615385
share_of_wallet,"[0.115535, 0.116479)",0.11553542,0.11647916,0.3157270073294315,12,25.0
share_of_wallet,"[0.116479, 0.117844)",0.11647916,0.11784402999999999,0.3123674686664131,13,15.384615384615385
share_of_wallet,"[0.117844, 0.118543)",0.11784402999999999,0.11854287499999999,0.31182027433395765,12,33.33333333333333
share_of_wallet,"[0.118543, 0.119499)",0.11854287499999999,0.11949872,0.31182027433395765,12,33.33333333333333
share_of_wallet,"[0.119499, 0.120673)",0.11949872,0.12067291,0.3104630076117657,13,15.384615384615385
share_of_wallet,"[0.120673, 0.121696)",0.12067291,0.121696005,0.3095762124892481,12,16.666666666666664
share_of_wallet,"[0.121696, 0.122808)",0.121696005,0.12280836,0.3095762124892481,13,38.46153846153847
share_of_wallet,"[0.122808, 0.12346)",0.12280836,0.123459955,0.3095762124892481,12,16.666666666666664
share_of_wallet,"[0.12346, 0.124298)",0.123459955,0.12429799999999999,0.3070726486278104,13,15.384615384615385
share_of_wallet,"[0.124298, 0.125999)",0.12429799999999999,0.125998845,0.3064862965520373,12,41.66666666666667
share_of_wallet,"[0.125999, 0.127182)",0.125998845,0.12718184500000002,0.30566666358756006,12,50.0
share_of_wallet,"[0.127182, 0.128532)",0.12718184500000002,0.128531795,0.30566666358756006,13,23.076923076923077
share_of_wallet,"[0.128532, 0.130025)",0.128531795,0.130025005,0.3044082243203497,12,8.333333333333332
share_of_wallet,"[0.130025, 0.130746)",0.130025005,0.130745995,0.3035232656065293,13,23.076923076923077
share_of_wallet,"[0.130746, 0.131576)",0.130745995,0.131576085,0.30202856296729236,12,41.66666666666667
share_of_wallet,"[0.131576, 0.132631)",0.131576085,0.132631245,0.3006840401725452,13,23.076923076923077
share_of_wallet,"[0.132631, 0.133763)",0.132631245,0.1337633,0.2986639578845767,12,41.66666666666667
share_of_wallet,"[0.133763, 0.134615)",0.1337633,0.13461510999999998,0.2986639578845767,12,16.666666666666664
share_of_wallet,"[0.134615, 0.135463)",0.13461510999999998,0.13546283,0.2980704164973427,13,15.384615384615385
share_of_wallet,"[0.135463, 0.136016)",0.13546283,0.136015895,0.29651062580232806,12,8.333333333333332
share_of_wallet,"[0.136016, 0.137401)",0.136015895,0.13740075499999999,0.29651062580232806,13,38.46153846153847
share_of_wallet,"[0.137401, 0.138716)",0.13740075499999999,0.138715875,0.29651062580232806,12,16.666666666666664
share_of_wallet,"[0.138716, 0.139682)",0.138715875,0.13968192499999998,0.2955183191684223,12,33.33333333333333
share_of_wallet,"[0.139682, 0.140537)",0.13968192499999998,0.14053673500000002,0.2955183191684223,13,15.384615384615385
share_of_wallet,"[0.140537, 0.14175)",0.14053673500000002,0.14174968,0.29499849879436585,12,16.666666666666664
share_of_wallet,"[0.14175, 0.143258)",0.14174968,0.143257675,0.2939062459655999,13,23.076923076923077
share_of_wallet,"[0.143258, 0.144089)",0.143257675,0.1440891,0.29282824915396644,12,16.666666666666664
share_of_wallet,"[0.144089, 0.144917)",0.1440891,0.14491699,0.292367737503004,13,23.076923076923077
share_of_wallet,"[0.144917, 0.145479)",0.14491699,0.14547917,0.292367737503004,12,8.333333333333332
share_of_wallet,"[0.145479, 0.146414)",0.14547917,0.14641376,0.2919605350852337,12,33.33333333333333
share_of_wallet,"[0.146414, 0.14734)",0.14641376,0.147340165,0.29143171804497664,13,23.076923076923077
share_of_wallet,"[0.14734, 0.148476)",0.147340165,0.148476185,0.29058549164145975,12,33.33333333333333
share_of_wallet,"[0.148476, 0.149592)",0.148476185,0.149592185,0.28838923723371857,13,15.384615384615385
share_of_wallet,"[0.149592, 0.150107)",0.149592185,0.150107375,0.28838923723371857,12,25.0
share_of_wallet,"[0.150107, 0.151116)",0.150107375,0.15111629,0.2871743645551107,13,7.6923076923076925
share_of_wallet,"[0.151116, 0.152072)",0.15111629,0.1520721,0.28597315308056387,12,33.33333333333333
share_of_wallet,"[0.152072, 0.152655)",0.1520721,0.152655425,0.2850482019119655,12,25.0
share_of_wallet,"[0.152655, 0.154172)",0.152655425,0.154172225,0.2850482019119655,13,7.6923076923076925
share_of_wallet,"[0.154172, 0.154786)",0.154172225,0.15478641999999998,0.28401571138565523,12,41.66666666666667
share_of_wallet,"[0.154786, 0.156014)",0.15478641999999998,0.156014355,0.2831501798829681,13,15.384615384615385
share_of_wallet,"[0.156014, 0.156441)",0.156014355,0.15644149000000002,0.28152222704691376,12,33.33333333333333
share_of_wallet,"[0.156441, 0.157479)",0.15644149000000002,0.157479185,0.2804206720391632,13,7.6923076923076925
share_of_wallet,"[0.157479, 0.158058)",0.157479185,0.158058415,0.27936499049135455,12,41.66666666666667
share_of_wallet,"[0.158058, 0.158644)",0.158058415,0.158644225,0.2766001053165576,12,33.33333333333333
share_of_wallet,"[0.158644, 0.159093)",0.158644225,0.159092965,0.2766001053165576,13,0.0
share_of_wallet,"[0.159093, 0.160166)",0.159092965,0.160165815,0.2766001053165576,12,25.0
share_of_wallet,"[0.160166, 0.161008)",0.160165815,0.16100768999999998,0.2766001053165576,13,0.0
share_of_wallet,"[0.161008, 0.162019)",0.16100768999999998,0.16201912499999999,0.27577417859113634,12,25.0
share_of_wallet,"[0.162019, 0.162841)",0.16201912499999999,0.162840815,0.27524993681052573,12,50.0
share_of_wallet,"[0.162841, 0.163452)",0.162840815,0.16345175,0.27441150028442834,13,30.76923076923077
share_of_wallet,"[0.163452, 0.16442)",0.16345175,0.16442003,0.2734323437348003,12,25.0
share_of_wallet,"[0.16442, 0.165246)",0.16442003,0.16524603,0.2728325049111366,13,23.076923076923077
share_of_wallet,"[0.165246, 0.166059)",0.16524603,0.166059085,0.2723730336434854,12,25.0
share_of_wallet,"[0.166059, 0.167543)",0.166059085,0.16754275000000002,0.27158999824119756,13,30.76923076923077
share_of_wallet,"[0.167543, 0.168281)",0.16754275000000002,0.1682806,0.27158999824119756,12,16.666666666666664
share_of_wallet,"[0.168281, 0.169324)",0.1682806,0.169323815,0.26913534571332465,12,33.33333333333333
share_of_wallet,"[0.169324, 0.169807)",0.169323815,0.16980742,0.26913534571332465,13,30.76923076923077
share_of_wallet,"[0.169807, 0.170892)",0.16980742,0.17089245,0.2552869251182005,12,16.666666666666664
share_of_wallet,"[0.170892, 0.171647)",0.17089245,0.17164728,0.2546582154176739,13,15.384615384615385
share_of_wallet,"[0.171647, 0.172992)",0.17164728,0.172991545,0.2531753108152608,12,8.333333333333332
share_of_wallet,"[0.172992, 0.173816)",0.172991545,0.173815875,0.2524924026889846,13,15.384615384615385
share_of_wallet,"[0.173816, 0.174679)",0.173815875,0.174678955,0.2521393269069674,12,16.666666666666664
share_of_wallet,"[0.174679, 0.175241)",0.174678955,0.17524113000000002,0.25064862168672736,12,25.0
share_of_wallet,"[0.175241, 0.176271)",0.17524113000000002,0.1762707,0.25019760077242326,13,15.384615384615385
share_of_wallet,"[0.176271, 0.177094)",0.1762707,0.177093985,0.25019760077242326,12,8.333333333333332
share_of_wallet,"[0.177094, 0.177769)",0.177093985,0.17776925999999998,0.24962543130907194,13,30.76923076923077
share_of_wallet,"[0.177769, 0.178428)",0.17776925999999998,0.17842812,0.24962543130907194,12,25.0
share_of_wallet,"[0.178428, 0.178996)",0.17842812,0.17899585499999998,0.24962543130907194,12,0.0
share_of_wallet,"[0.178996, 0.18031)",0.17899585499999998,0.18031049500000002,0.24962543130907194,13,15.384615384615385
share_of_wallet,"[0.18031, 0.181171)",0.18031049500000002,0.18117138,0.24962543130907194,12,41.66666666666667
share_of_wallet,"[0.181171, 0.181921)",0.18117138,0.18192091,0.24897419836109075,13,23.076923076923077
share_of_wallet,"[0.181921, 0.182219)",0.18192091,0.18221879000000002,0.2482329177516308,12,25.0
share_of_wallet,"[0.182219, 0.182883)",0.18221879000000002,0.18288287,0.2482329177516308,13,15.384615384615385
share_of_wallet,"[0.182883, 0.184)",0.18288287,0.18399996,0.2482329177516308,12,41.66666666666667
share_of_wallet,"[0.184, 0.184808)",0.18399996,0.18480799,0.2482329177516308,12,8.333333333333332
share_of_wallet,"[0.184808, 0.185396)",0.18480799,0.18539627,0.2482329177516308,13,7.6923076923076925
share_of_wallet,"[0.185396, 0.185915)",0.18539627,0.185914935,0.2477677676212657,12,16.666666666666664
share_of_wallet,"[0.185915, 0.186939)",0.185914935,0.186938755,0.2477677676212657,13,23.076923076923077
share_of_wallet,"[0.186939, 0.18784)",0.186938755,0.1878397,0.2477677676212657,12,16.666666666666664
share_of_wallet,"[0.18784, 0.189182)",0.1878397,0.189182485,0.24651117613766593,13,15.384615384615385
share_of_wallet,"[0.189182, 0.18987)",0.189182485,0.189869695,0.24651117613766593,12,25.0
share_of_wallet,"[0.18987, 0.1909)",0.189869695,0.19089978000000002,0.243845907823516,12,33.33333333333333
share_of_wallet,"[0.1909, 0.191617)",0.19089978000000002,0.19161715499999998,0.24196627991590916,13,30.76923076923077
share_of_wallet,"[0.191617, 0.192088)",0.19161715499999998,0.19208795,0.2396105672358871,12,25.0
share_of_wallet,"[0.192088, 0.192834)",0.19208795,0.19283398000000002,0.2391918622570021,13,15.384615384615385
share_of_wallet,"[0.192834, 0.193625)",0.19283398000000002,0.19362541,0.23735257078707125,12,33.33333333333333
share_of_wallet,"[0.193625, 0.194228)",0.19362541,0.19422789000000001,0.23550021787563202,13,23.076923076923077
share_of_wallet,"[0.194228, 0.194817)",0.19422789000000001,0.19481737999999998,0.23280536901142718,12,33.33333333333333
share_of_wallet,"[0.194817, 0.195962)",0.19481737999999998,0.19596217999999999,0.2298538611223237,12,25.0
share_of_wallet,"[0.195962, 0.196938)",0.19596217999999999,0.196938045,0.22938097665824006,13,38.46153846153847
share_of_wallet,"[0.196938, 0.197501)",0.196938045,0.19750109999999999,0.2198839570904496,12,33.33333333333333
share_of_wallet,"[0.197501, 0.198493)",0.19750109999999999,0.19849269,0.20893860699714684,13,7.6923076923076925
share_of_wallet,"[0.198493, 0.19882)",0.19849269,0.198819665,0.20893860699714684,12,8.333333333333332
share_of_wallet,"[0.19882, 0.199649)",0.198819665,0.19964880499999998,0.20893860699714684,12,8.333333333333332
share_of_wallet,"[0.199649, 0.200244)",0.19964880499999998,0.200243595,0.20893860699714684,13,0.0
share_of_wallet,"[0.200244, 0.200574)",0.200243595,0.20057435,0.20770801832137414,12,16.666666666666664
share_of_wallet,"[0.200574, 0.201312)",0.20057435,0.20131234,0.20770801832137414,13,30.76923076923077
share_of_wallet,"[0.201312, 0.201694)",0.20131234,0.201694465,0.20632617814194956,12,16.666666666666664
share_of_wallet,"[0.201694, 0.202511)",0.201694465,0.20251073,0.20632617814194956,13,15.384615384615385
share_of_wallet,"[0.202511, 0.203304)",0.20251073,0.203303665,0.2048626764866303,12,33.33333333333333
share_of_wallet,"[0.203304, 0.204078)",0.203303665,0.20407818,0.1983089505693103,12,16.666666666666664
share_of_wallet,"[0.204078, 0.204689)",0.20407818,0.204689175,0.1983089505693103,13,23.076923076923077
share_of_wallet,"[0.204689, 0.205689)",0.204689175,0.20568853,0.19729073673275496,12,8.333333333333332
share_of_wallet,"[0.205689, 0.20688)",0.20568853,0.20687999499999998,0.19729073673275496,13,23.076923076923077
share_of_wallet,"[0.20688, 0.20738)",0.20687999499999998,0.20738037,0.19729073673275496,12,25.0
share_of_wallet,"[0.20738, 0.208105)",0.20738037,0.20810493000000002,0.19729073673275496,13,15.384615384615385
share_of_wallet,"[0.208105, 0.20894)",0.20810493000000002,0.20893983,0.19583890779362717,12,16.666666666666664
share_of_wallet,"[0.20894, 0.209478)",0.20893983,0.2094783,0.19472280877698245,12,16.666666666666664
share_of_wallet,"[0.209478, 0.21017)",0.2094783,0.21016970000000001,0.19472280877698245,13,30.76923076923077
share_of_wallet,"[0.21017, 0.210573)",0.21016970000000001,0.21057349,0.16932111811505443,12,8.333333333333332
share_of_wallet,"[0.210573, 0.211547)",0.21057349,0.21154679999999998,0.16932111811505443,13,7.6923076923076925
share_of_wallet,"[0.211547, 0.212376)",0.21154679999999998,0.212376125,0.16748251120386876,12,16.666666666666664
share_of_wallet,"[0.212376, 0.21296)",0.212376125,0.21296012,0.16748251120386876,12,25.0
share_of_wallet,"[0.21296, 0.213326)",0.21296012,0.21332552,0.16498211008900293,13,0.0
share_of_wallet,"[0.213326, 0.213672)",0.21332552,0.213671775,0.16498211008900293,12,8.333333333333332
share_of_wallet,"[0.213672, 0.214316)",0.213671775,0.21431576,0.16395309425089502,13,15.384615384615385
share_of_wallet,"[0.214316, 0.215086)",0.21431576,0.21508565,0.16395309425089502,12,0.0
share_of_wallet,"[0.215086, 0.216009)",0.21508565,0.21600922,0.16395309425089502,13,7.6923076923076925
share_of_wallet,"[0.216009, 0.217178)",0.21600922,0.217177725,0.16395309425089502,12,25.0
share_of_wallet,"[0.217178, 0.217881)",0.217177725,0.21788068,0.16275092550718379,12,16.666666666666664
share_of_wallet,"[0.217881, 0.219111)",0.21788068,0.21911077,0.16223981739515722,13,30.76923076923077
share_of_wallet,"[0.219111, 0.219674)",0.21911077,0.219673885,0.16129099292188728,12,50.0
share_of_wallet,"[0.219674, 0.220489)",0.219673885,0.22048915,0.15359155354628537,13,15.384615384615385
share_of_wallet,"[0.220489, 0.221124)",0.22048915,0.22112388500000002,0.15119107991025582,12,16.666666666666664
share_of_wallet,"[0.221124, 0.222056)",0.22112388500000002,0.222056415,0.1507497198709668,13,7.6923076923076925
share_of_wallet,"[0.222056, 0.222863)",0.222056415,0.2228632,0.1507497198709668,12,0.0
share_of_wallet,"[0.222863, 0.223502)",0.2228632,0.223501735,0.14881524712935817,12,33.33333333333333
share_of_wallet,"[0.223502, 0.22424)",0.223501735,0.224239995,0.14690782872074856,13,15.384615384615385
share_of_wallet,"[0.22424, 0.224774)",0.224239995,0.224774205,0.14690782872074856,12,8.333333333333332
share_of_wallet,"[0.224774, 0.22517)",0.224774205,0.22517005499999998,0.14690782872074856,13,7.6923076923076925
share_of_wallet,"[0.22517, 0.225937)",0.22517005499999998,0.22593699,0.1458767196192301,12,25.0
share_of_wallet,"[0.225937, 0.226614)",0.22593699,0.22661365,0.14338688389558818,13,15.384615384615385
share_of_wallet,"[0.226614, 0.227289)",0.22661365,0.227288525,0.14338688389558818,12,25.0
share_of_wallet,"[0.227289, 0.228016)",0.227288525,0.22801625,0.1427653037600336,12,16.666666666666664
share_of_wallet,"[0.228016, 0.228367)",0.22801625,0.228366775,0.14195866313948827,13,15.384615384615385
share_of_wallet,"[0.228367, 0.229339)",0.228366775,0.229339185,0.1404916666688664,12,16.666666666666664
share_of_wallet,"[0.229339, 0.230177)",0.229339185,0.230177285,0.1404916666688664,13,7.6923076923076925
share_of_wallet,"[0.230177, 0.230744)",0.230177285,0.230744005,0.1404916666688664,12,8.333333333333332
share_of_wallet,"[0.230744, 0.231194)",0.230744005,0.23119393,0.1393081308664475,12,16.666666666666664
share_of_wallet,"[0.231194, 0.232085)",0.23119393,0.23208515000000002,0.13810802618812573,13,0.0
share_of_wallet,"[0.232085, 0.232879)",0.23208515000000002,0.232879015,0.13810802618812573,12,41.66666666666667
share_of_wallet,"[0.232879, 0.233628)",0.232879015,0.233627625,0.13721643898739,13,7.6923076923076925
share_of_wallet,"[0.233628, 0.234239)",0.233627625,0.234239445,0.1351675488324226,12,8.333333333333332
share_of_wallet,"[0.234239, 0.234819)",0.234239445,0.23481934,0.1351675488324226,13,30.76923076923077
share_of_wallet,"[0.234819, 0.235361)",0.23481934,0.23536116,0.13462219471232142,12,16.666666666666664
share_of_wallet,"[0.235361, 0.236351)",0.23536116,0.236350535,0.13381771728695477,12,25.0
share_of_wallet,"[0.236351, 0.236788)",0.236350535,0.236787515,0.13381771728695477,13,30.76923076923077
share_of_wallet,"[0.236788, 0.237315)",0.236787515,0.23731456499999998,0.13248508823352748,12,0.0
share_of_wallet,"[0.237315, 0.238517)",0.23731456499999998,0.23851708500000002,0.13217974493742762,13,7.6923076923076925
share_of_wallet,"[0.238517, 0.239095)",0.23851708500000002,0.239095225,0.13217974493742762,12,8.333333333333332
share_of_wallet,"[0.239095, 0.240071)",0.239095225,0.24007117500000003,0.13217974493742762,13,7.6923076923076925
share_of_wallet,"[0.240071, 0.241362)",0.24007117500000003,0.24136227999999998,0.1311897234230096,12,8.333333333333332
share_of_wallet,"[0.241362, 0.241825)",0.24136227999999998,0.241824815,0.1311897234230096,12,8.333333333333332
share_of_wallet,"[0.241825, 0.24269)",0.241824815,0.2426902,0.1311897234230096,13,0.0
share_of_wallet,"[0.24269, 0.243474)",0.2426902,0.243473995,0.1311897234230096,12,25.0
share_of_wallet,"[0.243474, 0.244166)",0.243473995,0.24416613,0.13054543771630409,13,23.076923076923077
share_of_wallet,"[0.244166, 0.244866)",0.24416613,0.24486566999999998,0.12927082764572573,12,8.333333333333332
share_of_wallet,"[0.244866, 0.24593)",0.24486566999999998,0.24592994499999998,0.12927082764572573,12,0.0
share_of_wallet,"[0.24593, 0.24669)",0.24592994499999998,0.24669038,0.12879033670622184,13,15.384615384615385
share_of_wallet,"[0.24669, 0.247166)",0.24669038,0.24716553,0.12813119201447246,12,25.0
share_of_wallet,"[0.247166, 0.248023)",0.24716553,0.24802339499999998,0.1246096067846971,13,15.384615384615385
share_of_wallet,"[0.248023, 0.248582)",0.24802339499999998,0.2485821,0.1246096067846971,12,25.0
share_of_wallet,"[0.248582, 0.249973)",0.2485821,0.24997287499999998,0.12345005145998836,13,7.6923076923076925
share_of_wallet,"[0.249973, 0.251156)",0.24997287499999998,0.251156395,0.12306655581252847,12,16.666666666666664
share_of_wallet,"[0.251156, 0.251703)",0.251156395,0.251703285,0.12209993109667507,12,16.666666666666664
share_of_wallet,"[0.251703, 0.252294)",0.251703285,0.25229407000000004,0.12116676385435829,13,23.076923076923077
share_of_wallet,"[0.252294, 0.253097)",0.25229407000000004,0.253097075,0.11973522547990027,12,33.33333333333333
share_of_wallet,"[0.253097, 0.253491)",0.253097075,0.25349143,0.11973522547990027,13,15.384615384615385
share_of_wallet,"[0.253491, 0.253896)",0.25349143,0.25389619,0.11894162115523471,12,25.0
share_of_wallet,"[0.253896, 0.254529)",0.25389619,0.25452918,0.11894162115523471,13,7.6923076923076925
share_of_wallet,"[0.254529, 0.25553)",0.25452918,0.255529955,0.11860873602843854,12,8.333333333333332
share_of_wallet,"[0.25553, 0.256037)",0.255529955,0.25603671,0.11860873602843854,12,8.333333333333332
share_of_wallet,"[0.256037, 0.256894)",0.25603671,0.25689445,0.11829520129291625,13,15.384615384615385
share_of_wallet,"[0.256894, 0.257471)",0.25689445,0.2574707,0.11829520129291625,12,25.0
share_of_wallet,"[0.257471, 0.25841)",0.2574707,0.25840997,0.11829520129291625,13,15.384615384615385
share_of_wallet,"[0.25841, 0.259196)",0.25840997,0.25919588,0.11525559803427839,12,8.333333333333332
share_of_wallet,"[0.259196, 0.260031)",0.25919588,0.260031155,0.11503177288740955,13,7.6923076923076925
share_of_wallet,"[0.260031, 0.261059)",0.260031155,0.26105889000000004,0.1140756945029905,12,8.333333333333332
share_of_wallet,"[0.261059, 0.261844)",0.26105889000000004,0.26184432,0.11338801917679882,12,0.0
share_of_wallet,"[0.261844, 0.262793)",0.26184432,0.26279296500000004,0.11290853466337954,13,7.6923076923076925
share_of_wallet,"[0.262793, 0.263459)",0.26279296500000004,0.263459435,0.11290853466337954,12,25.0
share_of_wallet,"[0.263459, 0.264303)",0.263459435,0.26430269500000003,0.11250139211030612,13,15.384615384615385
share_of_wallet,"[0.264303, 0.264846)",0.26430269500000003,0.264845625,0.11207547731122612,12,25.0
share_of_wallet,"[0.264846, 0.265318)",0.264845625,0.26531826999999997,0.11207547731122612,12,16.666666666666664
share_of_wallet,"[0.265318, 0.265695)",0.26531826999999997,0.265695165,0.11099467794349979,13,15.384615384615385
share_of_wallet,"[0.265695, 0.266371)",0.265695165,0.26637148499999996,0.1107053914226486,12,0.0
share_of_wallet,"[0.266371, 0.26732)",0.26637148499999996,0.267319855,0.1107053914226486,13,7.6923076923076925
share_of_wallet,"[0.26732, 0.267901)",0.267319855,0.267900645,0.1107053914226486,12,16.666666666666664
share_of_wallet,"[0.267901, 0.268399)",0.267900645,0.26839868499999997,0.11030053737716396,13,23.076923076923077
share_of_wallet,"[0.268399, 0.2689)",0.26839868499999997,0.26890024,0.11030053737716396,12,33.33333333333333
share_of_wallet,"[0.2689, 0.269339)",0.26890024,0.26933900499999996,0.11030053737716396,12,8.333333333333332
share_of_wallet,"[0.269339, 0.269971)",0.26933900499999996,0.26997132,0.10995781797507458,13,15.384615384615385
share_of_wallet,"[0.269971, 0.270665)",0.26997132,0.27066516500000004,0.10961299746466172,12,25.0
share_of_wallet,"[0.270665, 0.271249)",0.27066516500000004,0.2712486,0.10835487245437248,13,23.076923076923077
share_of_wallet,"[0.271249, 0.271696)",0.2712486,0.271696375,0.10835487245437248,12,16.666666666666664
share_of_wallet,"[0.271696, 0.272382)",0.271696375,0.27238151,0.10741815841678425,13,30.76923076923077
share_of_wallet,"[0.272382, 0.273396)",0.27238151,0.27339593500000003,0.1066703936317064,12,0.0
share_of_wallet,"[0.273396, 0.274444)",0.27339593500000003,0.274443635,0.10622978893977494,12,25.0
share_of_wallet,"[0.274444, 0.275213)",0.274443635,0.275212705,0.10622978893977494,13,7.6923076923076925
share_of_wallet,"[0.275213, 0.27623)",0.275212705,0.27623024500000004,0.10525759268933901,12,0.0
share_of_wallet,"[0.27623, 0.276941)",0.27623024500000004,0.27694098,0.10525759268933901,13,23.076923076923077
share_of_wallet,"[0.276941, 0.277556)",0.27694098,0.277555635,0.10481723425882784,12,33.33333333333333
share_of_wallet,"[0.277556, 0.278519)",0.277555635,0.27851905,0.10481723425882784,12,8.333333333333332
share_of_wallet,"[0.278519, 0.279399)",0.27851905,0.279399195,0.10415814493848352,13,23.076923076923077
share_of_wallet,"[0.279399, 0.280173)",0.279399195,0.28017298,0.10299073161178676,12,25.0
share_of_wallet,"[0.280173, 0.280877)",0.28017298,0.28087657499999996,0.10299073161178676,13,7.6923076923076925
share_of_wallet,"[0.280877, 0.281301)",0.28087657499999996,0.28130092,0.10299073161178676,12,16.666666666666664
share_of_wallet,"[0.281301, 0.282205)",0.28130092,0.2822048,0.10299073161178676,13,23.076923076923077
share_of_wallet,"[0.282205, 0.282705)",0.2822048,0.2827053,0.10299073161178676,12,8.333333333333332
share_of_wallet,"[0.282705, 0.283346)",0.2827053,0.283345895,0.10299073161178676,12,25.0
share_of_wallet,"[0.283346, 0.284102)",0.283345895,0.28410207,0.10299073161178676,13,7.6923076923076925
share_of_wallet,"[0.284102, 0.284816)",0.28410207,0.28481574,0.1022268959078727,12,0.0
share_of_wallet,"[0.284816, 0.285225)",0.28481574,0.28522478,0.10173130680683326,13,15.384615384615385
share_of_wallet,"[0.285225, 0.285721)",0.28522478,0.285721005,0.10069527233521723,12,8.333333333333332
share_of_wallet,"[0.285721, 0.286282)",0.285721005,0.28628175499999997,0.10069527233521723,13,15.384615384615385
share_of_wallet,"[0.286282, 0.286825)",0.28628175499999997,0.28682520499999997,0.10033751424858578,12,16.666666666666664
share_of_wallet,"[0.286825, 0.287428)",0.28682520499999997,0.28742796000000004,0.0995784685348063,12,8.333333333333332
share_of_wallet,"[0.287428, 0.287917)",0.28742796000000004,0.287917475,0.09856657865503202,13,7.6923076923076925
share_of_wallet,"[0.287917, 0.288326)",0.287917475,0.288325955,0.09856657865503202,12,25.0
share_of_wallet,"[0.288326, 0.288798)",0.288325955,0.28879768,0.09827612182348719,13,7.6923076923076925
share_of_wallet,"[0.288798, 0.289187)",0.28879768,0.28918731,0.09588505667461232,12,0.0
share_of_wallet,"[0.289187, 0.289894)",0.28918731,0.28989420499999996,0.09588505667461232,12,8.333333333333332
share_of_wallet,"[0.289894, 0.290722)",0.28989420499999996,0.29072191999999997,0.09588505667461232,13,7.6923076923076925
share_of_wallet,"[0.290722, 0.291159)",0.29072191999999997,0.29115907500000004,0.09468914659578384,12,16.666666666666664
share_of_wallet,"[0.291159, 0.291787)",0.29115907500000004,0.29178728499999995,0.09432520379645928,13,15.384615384615385
share_of_wallet,"[0.291787, 0.292213)",0.29178728499999995,0.2922126,0.09432520379645928,12,16.666666666666664
share_of_wallet,"[0.292213, 0.292654)",0.2922126,0.292654175,0.09355225133455879,13,7.6923076923076925
share_of_wallet,"[0.292654, 0.293105)",0.292654175,0.29310458500000003,0.09355225133455879,12,8.333333333333332
share_of_wallet,"[0.293105, 0.29333)",0.29310458500000003,0.29333033,0.0933461639001336,12,8.333333333333332
share_of_wallet,"[0.29333, 0.294018)",0.29333033,0.29401811499999997,0.09236226015289054,13,7.6923076923076925
share_of_wallet,"[0.294018, 0.294866)",0.29401811499999997,0.29486565,0.09157473490178664,12,0.0
share_of_wallet,"[0.294866, 0.295521)",0.29486565,0.29552086499999997,0.09105884018535837,13,15.384615384615385
share_of_wallet,"[0.295521, 0.296073)",0.29552086499999997,0.29607261,0.0898231992233291,12,8.333333333333332
share_of_wallet,"[0.296073, 0.296671)",0.29607261,0.29667114,0.08939863959878541,13,15.384615384615385
share_of_wallet,"[0.296671, 0.297041)",0.29667114,0.297040735,0.08939863959878541,12,16.666666666666664
share_of_wallet,"[0.297041, 0.297669)",0.297040735,0.29766873,0.08833475669253568,12,8.333333333333332
share_of_wallet,"[0.297669, 0.298364)",0.29766873,0.298364205,0.08785435709574102,13,15.384615384615385
share_of_wallet,"[0.298364, 0.298754)",0.298364205,0.298753555,0.08721339271042106,12,16.666666666666664
share_of_wallet,"[0.298754, 0.299404)",0.298753555,0.29940431,0.08624555207786759,13,15.384615384615385
share_of_wallet,"[0.299404, 0.299941)",0.29940431,0.299940745,0.0848106605358061,12,8.333333333333332
share_of_wallet,"[0.299941, 0.300563)",0.299940745,0.30056315499999997,0.0848106605358061,13,23.076923076923077
share_of_wallet,"[0.300563, 0.301142)",0.30056315499999997,0.3011425,0.08456048935533732,12,8.333333333333332
share_of_wallet,"[0.301142, 0.30173)",0.3011425,0.301729505,0.08456048935533732,12,8.333333333333332
share_of_wallet,"[0.30173, 0.302287)",0.301729505,0.30228701,0.08422968659626123,13,7.6923076923076925
share_of_wallet,"[0.302287, 0.302899)",0.30228701,0.302899315,0.08320881365457056,12,50.0
share_of_wallet,"[0.302899, 0.303503)",0.302899315,0.303503485,0.08284376456431945,13,0.0
share_of_wallet,"[0.303503, 0.303911)",0.303503485,0.30391144000000003,0.08131346731793998,12,16.666666666666664
share_of_wallet,"[0.303911, 0.304397)",0.30391144000000003,0.304397185,0.08019271798487727,12,16.666666666666664
share_of_wallet,"[0.304397, 0.305354)",0.304397185,0.305354335,0.07860249925716044,13,15.384615384615385
share_of_wallet,"[0.305354, 0.306039)",0.305354335,0.306038695,0.07817427459642912,12,16.666666666666664
share_of_wallet,"[0.306039, 0.306936)",0.306038695,0.30693649,0.07817427459642912,13,23.076923076923077
share_of_wallet,"[0.306936, 0.307674)",0.30693649,0.307674095,0.07817427459642912,12,8.333333333333332
share_of_wallet,"[0.307674, 0.308105)",0.307674095,0.30810526,0.07817427459642912,13,7.6923076923076925
share_of_wallet,"[0.308105, 0.308677)",0.30810526,0.30867658499999995,0.07817427459642912,12,16.666666666666664
share_of_wallet,"[0.308677, 0.309425)",0.30867658499999995,0.309424755,0.07817427459642912,12,0.0
share_of_wallet,"[0.309425, 0.310237)",0.309424755,0.310237145,0.07748496887687563,13,7.6923076923076925
share_of_wallet,"[0.310237, 0.31097)",0.310237145,0.31096991,0.07748496887687563,12,16.666666666666664
share_of_wallet,"[0.31097, 0.311734)",0.31096991,0.31173401,0.07748496887687563,13,7.6923076923076925
share_of_wallet,"[0.311734, 0.312178)",0.31173401,0.31217753000000004,0.07678797468284848,12,8.333333333333332
share_of_wallet,"[0.312178, 0.312442)",0.31217753000000004,0.3124417,0.07656919560720017,13,15.384615384615385
share_of_wallet,"[0.312442, 0.313425)",0.3124417,0.313424555,0.07656919560720017,12,16.666666666666664
share_of_wallet,"[0.313425, 0.313961)",0.313424555,0.31396065500000003,0.07656919560720017,12,0.0
share_of_wallet,"[0.313961, 0.314496)",0.31396065500000003,0.314496475,0.07580883082946449,13,15.384615384615385
share_of_wallet,"[0.314496, 0.315376)",0.314496475,0.31537586,0.0751160658161732,12,16.666666666666664
share_of_wallet,"[0.315376, 0.315801)",0.31537586,0.31580067,0.07434826962997013,13,0.0
share_of_wallet,"[0.315801, 0.316693)",0.31580067,0.316692715,0.07364256028896586,12,25.0
share_of_wallet,"[0.316693, 0.317099)",0.316692715,0.317098905,0.07364256028896586,12,16.666666666666664
share_of_wallet,"[0.317099, 0.317674)",0.317098905,0.31767412500000003,0.07337922736362044,13,0.0
share_of_wallet,"[0.317674, 0.318449)",0.31767412500000003,0.31844869,0.07318937133714334,12,16.666666666666664
share_of_wallet,"[0.318449, 0.319141)",0.31844869,0.319141235,0.07318937133714334,13,15.384615384615385
share_of_wallet,"[0.319141, 0.319607)",0.319141235,0.319606765,0.07318937133714334,12,8.333333333333332
share_of_wallet,"[0.319607, 0.32031)",0.319606765,0.32030981999999997,0.07225852113948161,13,15.384615384615385
share_of_wallet,"[0.32031, 0.32108)",0.32030981999999997,0.321079955,0.07095899057449896,12,25.0
share_of_wallet,"[0.32108, 0.321608)",0.321079955,0.321608235,0.07039126053679234,12,25.0
share_of_wallet,"[0.321608, 0.322153)",0.321608235,0.32215272500000003,0.07014309910359941,13,23.076923076923077
share_of_wallet,"[0.322153, 0.322797)",0.32215272500000003,0.3227968,0.0696854328345825,12,16.666666666666664
share_of_wallet,"[0.322797, 0.323365)",0.3227968,0.32336523500000003,0.06927916697806202,13,23.076923076923077
share_of_wallet,"[0.323365, 0.323848)",0.32336523500000003,0.323847645,0.06907457865405622,12,16.666666666666664
share_of_wallet,"[0.323848, 0.324718)",0.323847645,0.32471788,0.06799952541329142,13,23.076923076923077
share_of_wallet,"[0.324718, 0.325524)",0.32471788,0.325524,0.06799952541329142,12,16.666666666666664
share_of_wallet,"[0.325524, 0.326053)",0.325524,0.32605312,0.06760463080989212,12,8.333333333333332
share_of_wallet,"[0.326053, 0.32698)",0.32605312,0.32698038500000004,0.06728472370642698,13,23.076923076923077
share_of_wallet,"[0.32698, 0.327739)",0.32698038500000004,0.3277393,0.06728472370642698,12,16.666666666666664
share_of_wallet,"[0.327739, 0.328375)",0.3277393,0.32837464,0.06728472370642698,13,7.6923076923076925
share_of_wallet,"[0.328375, 0.328916)",0.32837464,0.328915905,0.06679984931804178,12,25.0
share_of_wallet,"[0.328916, 0.3296)",0.328915905,0.32960029999999996,0.06679984931804178,13,38.46153846153847
share_of_wallet,"[0.3296, 0.329936)",0.32960029999999996,0.329936115,0.06545540209780829,12,8.333333333333332
share_of_wallet,"[0.329936, 0.330426)",0.329936115,0.33042560499999996,0.06545540209780829,12,25.0
share_of_wallet,"[0.330426, 0.331562)",0.33042560499999996,0.33156245500000003,0.06428072559978595,13,15.384615384615385
share_of_wallet,"[0.331562, 0.332308)",0.33156245500000003,0.33230768499999996,0.06406328531372912,12,16.666666666666664
share_of_wallet,"[0.332308, 0.333034)",0.33230768499999996,0.333034425,0.06406328531372912,13,7.6923076923076925
share_of_wallet,"[0.333034, 0.334036)",0.333034425,0.334036065,0.06406328531372912,12,25.0
share_of_wallet,"[0.334036, 0.334958)",0.334036065,0.33495806,0.06348926250566672,12,0.0
share_of_wallet,"[0.334958, 0.335504)",0.33495806,0.33550426,0.06256267295897301,13,7.6923076923076925
share_of_wallet,"[0.335504, 0.33607)",0.33550426,0.336069805,0.06193187667970046,12,25.0
share_of_wallet,"[0.33607, 0.33633)",0.336069805,0.33632989999999996,0.06154602712080063,13,7.6923076923076925
share_of_wallet,"[0.33633, 0.336808)",0.33632989999999996,0.33680805,0.061318975420038904,12,16.666666666666664
share_of_wallet,"[0.336808, 0.33756)",0.33680805,0.337559845,0.060350303678222667,13,30.76923076923077
share_of_wallet,"[0.33756, 0.338024)",0.337559845,0.338024045,0.060350303678222667,12,25.0
share_of_wallet,"[0.338024, 0.338599)",0.338024045,0.33859852,0.05988850124866379,12,16.666666666666664
share_of_wallet,"[0.338599, 0.339292)",0.33859852,0.33929217,0.058785809166120376,13,0.0
share_of_wallet,"[0.339292, 0.339951)",0.33929217,0.339951035,0.058785809166120376,12,25.0
share_of_wallet,"[0.339951, 0.34042)",0.339951035,0.34042043499999997,0.058785809166120376,13,30.76923076923077
share_of_wallet,"[0.34042, 0.341372)",0.34042043499999997,0.341372405,0.05839126964311609,12,8.333333333333332
share_of_wallet,"[0.341372, 0.342127)",0.341372405,0.342126715,0.05813359034686961,13,15.384615384615385
share_of_wallet,"[0.342127, 0.342951)",0.342126715,0.34295076,0.05813359034686961,12,8.333333333333332
share_of_wallet,"[0.342951, 0.343733)",0.34295076,0.34373283,0.05767642896479858,12,8.333333333333332
share_of_wallet,"[0.343733, 0.344582)",0.34373283,0.34458197,0.05767642896479858,13,0.0
share_of_wallet,"[0.344582, 0.345007)",0.34458197,0.34500689500000004,0.057020466292652845,12,25.0
share_of_wallet,"[0.345007, 0.345624)",0.34500689500000004,0.345624235,0.057020466292652845,13,23.076923076923077
share_of_wallet,"[0.345624, 0.346124)",0.345624235,0.34612415,0.05625112067942208,12,0.0
share_of_wallet,"[0.346124, 0.346823)",0.34612415,0.346822805,0.05409971528207666,12,8.333333333333332
share_of_wallet,"[0.346823, 0.347531)",0.346822805,0.34753051,0.05409971528207666,13,23.076923076923077
share_of_wallet,"[0.347531, 0.348168)",0.34753051,0.34816841,0.0537857736430075,12,8.333333333333332
share_of_wallet,"[0.348168, 0.34908)",0.34816841,0.34907998500000004,0.0537857736430075,13,7.6923076923076925
share_of_wallet,"[0.34908, 0.349464)",0.34907998500000004,0.349464325,0.05315546275416632,12,33.33333333333333
share_of_wallet,"[0.349464, 0.350035)",0.349464325,0.35003519,0.052409862681238505,13,0.0
share_of_wallet,"[0.350035, 0.350683)",0.35003519,0.35068286000000004,0.052409862681238505,12,0.0
share_of_wallet,"[0.350683, 0.35143)",0.35068286000000004,0.351429895,0.052409862681238505,12,8.333333333333332
share_of_wallet,"[0.35143, 0.351851)",0.351429895,0.35185119,0.05179261927208244,13,23.076923076923077
share_of_wallet,"[0.351851, 0.352433)",0.35185119,0.35243296999999996,0.05179261927208244,12,8.333333333333332
share_of_wallet,"[0.352433, 0.353193)",0.35243296999999996,0.35319265,0.05179261927208244,13,23.076923076923077
share_of_wallet,"[0.353193, 0.354059)",0.35319265,0.35405912,0.05179261927208244,12,8.333333333333332
share_of_wallet,"[0.354059, 0.354653)",0.35405912,0.35465257,0.050780892839172635,13,15.384615384615385
share_of_wallet,"[0.354653, 0.355333)",0.35465257,0.355332745,0.050780892839172635,12,25.0
share_of_wallet,"[0.355333, 0.355806)",0.355332745,0.35580562,0.050780892839172635,12,0.0
share_of_wallet,"[0.355806, 0.356468)",0.35580562,0.35646782499999996,0.04880981851405651,13,7.6923076923076925
share_of_wallet,"[0.356468, 0.357091)",0.35646782499999996,0.357090645,0.04825944634005431,12,0.0
share_of_wallet,"[0.357091, 0.357459)",0.357090645,0.35745851,0.04825944634005431,13,15.384615384615385
share_of_wallet,"[0.357459, 0.358393)",0.35745851,0.358392565,0.0479102844897748,12,16.666666666666664
share_of_wallet,"[0.358393, 0.358883)",0.358392565,0.358883395,0.0479102844897748,13,23.076923076923077
share_of_wallet,"[0.358883, 0.359477)",0.358883395,0.359477115,0.04714343739512705,12,16.666666666666664
share_of_wallet,"[0.359477, 0.359913)",0.359477115,0.35991328499999997,0.04692004374577076,12,8.333333333333332
share_of_wallet,"[0.359913, 0.360663)",0.35991328499999997,0.36066265,0.04634333383655647,13,15.384615384615385
share_of_wallet,"[0.360663, 0.361079)",0.36066265,0.361078735,0.04542300806792062,12,33.33333333333333
share_of_wallet,"[0.361079, 0.361508)",0.361078735,0.36150758,0.044926190348223705,13,7.6923076923076925
share_of_wallet,"[0.361508, 0.362388)",0.36150758,0.36238763500000004,0.044926190348223705,12,8.333333333333332
share_of_wallet,"[0.362388, 0.363034)",0.36238763500000004,0.363033735,0.044926190348223705,12,16.666666666666664
share_of_wallet,"[0.363034, 0.363509)",0.363033735,0.36350924,0.044926190348223705,13,23.076923076923077
share_of_wallet,"[0.363509, 0.363946)",0.36350924,0.363946255,0.04470388190504562,12,16.666666666666664
share_of_wallet,"[0.363946, 0.364677)",0.363946255,0.36467714,0.04416848115069992,13,15.384615384615385
share_of_wallet,"[0.364677, 0.365249)",0.36467714,0.36524898,0.04309827692007933,12,16.666666666666664
share_of_wallet,"[0.365249, 0.365949)",0.36524898,0.36594938,0.04309827692007933,13,0.0
share_of_wallet,"[0.365949, 0.366743)",0.36594938,0.36674341499999996,0.04309827692007933,12,8.333333333333332
share_of_wallet,"[0.366743, 0.367406)",0.36674341499999996,0.36740614,0.04309827692007933,12,0.0
share_of_wallet,"[0.367406, 0.3682)",0.36740614,0.368200005,0.04222764406401311,13,7.6923076923076925
share_of_wallet,"[0.3682, 0.368719)",0.368200005,0.36871946,0.04196612361805762,12,8.333333333333332
share_of_wallet,"[0.368719, 0.369724)",0.36871946,0.36972366,0.04196612361805762,13,15.384615384615385
share_of_wallet,"[0.369724, 0.370446)",0.36972366,0.37044617,0.04140424706385169,12,25.0
share_of_wallet,"[0.370446, 0.371052)",0.37044617,0.37105245,0.04078528608195628,13,7.6923076923076925
share_of_wallet,"[0.371052, 0.371511)",0.37105245,0.37151056,0.04078528608195628,12,8.333333333333332
share_of_wallet,"[0.371511, 0.372355)",0.37151056,0.37235535,0.04056216903711916,12,0.0
share_of_wallet,"[0.372355, 0.372729)",0.37235535,0.372729225,0.04056216903711916,13,7.6923076923076925
share_of_wallet,"[0.372729, 0.373031)",0.372729225,0.37303111499999997,0.04032708298371711,12,0.0
share_of_wallet,"[0.373031, 0.373495)",0.37303111499999997,0.37349451,0.03987914961297749,13,15.384615384615385
share_of_wallet,"[0.373495, 0.374126)",0.37349451,0.37412644500000003,0.03880601273865653,12,16.666666666666664
share_of_wallet,"[0.374126, 0.375113)",0.37412644500000003,0.37511274,0.037982340778601104,12,16.666666666666664
share_of_wallet,"[0.375113, 0.37566)",0.37511274,0.37566008500000003,0.036599008168944604,13,0.0
share_of_wallet,"[0.37566, 0.376128)",0.37566008500000003,0.376128115,0.036000164723678514,12,8.333333333333332
share_of_wallet,"[0.376128, 0.376528)",0.376128115,0.376527975,0.036000164723678514,13,15.384615384615385
share_of_wallet,"[0.376528, 0.37723)",0.376527975,0.3772296,0.036000164723678514,12,8.333333333333332
share_of_wallet,"[0.37723, 0.378383)",0.3772296,0.378382555,0.035121083723174004,13,23.076923076923077
share_of_wallet,"[0.378383, 0.378912)",0.378382555,0.37891248,0.034813053804704994,12,33.33333333333333
share_of_wallet,"[0.378912, 0.379494)",0.37891248,0.37949357,0.03433471673351879,12,8.333333333333332
share_of_wallet,"[0.379494, 0.380155)",0.37949357,0.380154825,0.03343470182336842,13,15.384615384615385
share_of_wallet,"[0.380155, 0.38083)",0.380154825,0.380830095,0.03318936771386647,12,8.333333333333332
share_of_wallet,"[0.38083, 0.38152)",0.380830095,0.38151987,0.03264426616200622,13,15.384615384615385
share_of_wallet,"[0.38152, 0.382439)",0.38151987,0.38243857000000003,0.032126193005512095,12,8.333333333333332
share_of_wallet,"[0.382439, 0.383064)",0.38243857000000003,0.383064195,0.032126193005512095,13,7.6923076923076925
share_of_wallet,"[0.383064, 0.383926)",0.383064195,0.38392592999999997,0.032126193005512095,12,8.333333333333332
share_of_wallet,"[0.383926, 0.384423)",0.38392592999999997,0.384423415,0.03192264409314104,12,0.0
share_of_wallet,"[0.384423, 0.385125)",0.384423415,0.38512509,0.03192264409314104,13,0.0
share_of_wallet,"[0.385125, 0.385768)",0.38512509,0.38576832,0.030981259105210063,12,8.333333333333332
share_of_wallet,"[0.385768, 0.386637)",0.38576832,0.38663669,0.029867890442564434,13,23.076923076923077
share_of_wallet,"[0.386637, 0.38719)",0.38663669,0.38718986,0.029867890442564434,12,8.333333333333332
share_of_wallet,"[0.38719, 0.387979)",0.38718986,0.38797947499999996,0.028566733336099083,13,38.46153846153847
share_of_wallet,"[0.387979, 0.388272)",0.38797947499999996,0.38827203499999996,0.028566733336099083,12,8.333333333333332
share_of_wallet,"[0.388272, 0.388666)",0.38827203499999996,0.38866594,0.028566733336099083,12,16.666666666666664
share_of_wallet,"[0.388666, 0.389513)",0.38866594,0.38951336000000003,0.028386452712971154,13,15.384615384615385
share_of_wallet,"[0.389513, 0.390412)",0.38951336000000003,0.390411905,0.028386452712971154,12,8.333333333333332
share_of_wallet,"[0.390412, 0.390984)",0.390411905,0.39098371,0.028386452712971154,13,7.6923076923076925
share_of_wallet,"[0.390984, 0.391392)",0.39098371,0.39139228,0.027570521691773944,12,25.0
share_of_wallet,"[0.391392, 0.392243)",0.39139228,0.392243135,0.027570521691773944,12,25.0
share_of_wallet,"[0.392243, 0.392976)",0.392243135,0.39297576,0.026939132594729562,13,7.6923076923076925
share_of_wallet,"[0.392976, 0.393512)",0.39297576,0.39351221000000003,0.026448006096713963,12,16.666666666666664
share_of_wallet,"[0.393512, 0.394096)",0.39351221000000003,0.39409596,0.026125639839413923,13,0.0
share_of_wallet,"[0.394096, 0.394775)",0.39409596,0.394774995,0.025689770094933256,12,0.0
share_of_wallet,"[0.394775, 0.395203)",0.394774995,0.39520274,0.025689770094933256,13,23.076923076923077
share_of_wallet,"[0.395203, 0.395796)",0.39520274,0.395795545,0.024616280214180632,12,8.333333333333332
share_of_wallet,"[0.395796, 0.396127)",0.395795545,0.396127115,0.024328024825282978,12,0.0
share_of_wallet,"[0.396127, 0.396782)",0.396127115,0.396782065,0.023692081768870422,13,7.6923076923076925
share_of_wallet,"[0.396782, 0.397343)",0.396782065,0.39734262,0.023200040331294577,12,8.333333333333332
share_of_wallet,"[0.397343, 0.398023)",0.39734262,0.398022525,0.022734554234542743,13,23.076923076923077
share_of_wallet,"[0.398023, 0.39844)",0.398022525,0.3984397,0.022734554234542743,12,8.333333333333332
share_of_wallet,"[0.39844, 0.398897)",0.3984397,0.3988966,0.022734554234542743,13,0.0
share_of_wallet,"[0.398897, 0.399447)",0.3988966,0.39944697500000004,0.02236518052963928,12,8.333333333333332
share_of_wallet,"[0.399447, 0.399867)",0.39944697500000004,0.39986704,0.021471354121678915,12,16.666666666666664
share_of_wallet,"[0.399867, 0.400459)",0.39986704,0.40045938000000003,0.020462028216803648,13,7.6923076923076925
share_of_wallet,"[0.400459, 0.400988)",0.40045938000000003,0.400987935,0.020462028216803648,12,8.333333333333332
share_of_wallet,"[0.400988, 0.401577)",0.400987935,0.401576735,0.01949080750022465,13,7.6923076923076925
share_of_wallet,"[0.401577, 0.402192)",0.401576735,0.402192415,0.01949080750022465,12,16.666666666666664
share_of_wallet,"[0.402192, 0.40265)",0.402192415,0.402649805,0.01929650777971661,12,8.333333333333332
share_of_wallet,"[0.40265, 0.403331)",0.402649805,0.40333094999999997,0.018181770782296387,13,23.076923076923077
share_of_wallet,"[0.403331, 0.403888)",0.40333094999999997,0.403888165,0.017620100711865896,12,8.333333333333332
share_of_wallet,"[0.403888, 0.404587)",0.403888165,0.40458693,0.017620100711865896,13,0.0
share_of_wallet,"[0.404587, 0.405182)",0.40458693,0.40518187,0.017018335415190065,12,8.333333333333332
share_of_wallet,"[0.405182, 0.40579)",0.40518187,0.405789715,0.015649944938790575,13,7.6923076923076925
share_of_wallet,"[0.40579, 0.406576)",0.405789715,0.40657640500000003,0.015649944938790575,12,0.0
share_of_wallet,"[0.406576, 0.407325)",0.40657640500000003,0.407325195,0.015649944938790575,12,16.666666666666664
share_of_wallet,"[0.407325, 0.407799)",0.407325195,0.40779870500000004,0.015649944938790575,13,15.384615384615385
share_of_wallet,"[0.407799, 0.40817)",0.40779870500000004,0.40817008,0.015649944938790575,12,16.666666666666664
share_of_wallet,"[0.40817, 0.409027)",0.40817008,0.409027115,0.014757732567463383,13,30.76923076923077
share_of_wallet,"[0.409027, 0.409557)",0.409027115,0.4095571,0.014258366846214232,12,25.0
share_of_wallet,"[0.409557, 0.410214)",0.4095571,0.41021374,0.013924456409913123,13,15.384615384615385
share_of_wallet,"[0.410214, 0.41083)",0.41021374,0.41082951,0.012846623582901024,12,8.333333333333332
share_of_wallet,"[0.41083, 0.411343)",0.41082951,0.41134267999999996,0.012275290892855452,12,8.333333333333332
share_of_wallet,"[0.411343, 0.411946)",0.41134267999999996,0.411946085,0.01144533801634759,13,15.384615384615385
share_of_wallet,"[0.411946, 0.412425)",0.411946085,0.41242526,0.01144533801634759,12,25.0
share_of_wallet,"[0.412425, 0.413216)",0.41242526,0.41321639499999996,0.010836091320466637,13,7.6923076923076925
share_of_wallet,"[0.413216, 0.413766)",0.41321639499999996,0.413765505,0.00998588342186148,12,25.0
share_of_wallet,"[0.413766, 0.414253)",0.413765505,0.414253245,0.009698284617395938,12,0.0
share_of_wallet,"[0.414253, 0.414725)",0.414253245,0.41472544499999997,0.009402887515791181,12,8.333333333333332
share_of_wallet,"[0.414725, 0.415564)",0.41472544499999997,0.41556377,0.009402887515791181,12,0.0
share_of_wallet,"[0.415564, 0.416288)",0.41556377,0.41628782,0.0086984620052976,12,25.0
share_of_wallet,"[0.416288, 0.416895)",0.41628782,0.41689458999999995,0.008276633583146224,12,8.333333333333332
share_of_wallet,"[0.416895, 0.417518)",0.41689458999999995,0.41751768,0.008276633583146224,12,8.333333333333332
share_of_wallet,"[0.417518, 0.418439)",0.41751768,0.41843853,0.008276633583146224,12,16.666666666666664
share_of_wallet,"[0.418439, 0.419183)",0.41843853,0.41918334,0.008059963503913307,12,16.666666666666664
share_of_wallet,"[0.419183, 0.419891)",0.41918334,0.419890975,0.007589583063663724,12,25.0
share_of_wallet,"[0.419891, 0.420376)",0.419890975,0.42037556,0.007589583063663724,12,16.666666666666664
share_of_wallet,"[0.420376, 0.420874)",0.42037556,0.42087362500000003,0.0074379094358965284,12,0.0
share_of_wallet,"[0.420874, 0.421579)",0.42087362500000003,0.421579335,0.007278935640586344,12,16.666666666666664
share_of_wallet,"[0.421579, 0.422046)",0.421579335,0.42204646,0.007278935640586344,12,8.333333333333332
share_of_wallet,"[0.422046, 0.422537)",0.42204646,0.42253725,0.006865333683977129,12,16.666666666666664
share_of_wallet,"[0.422537, 0.423061)",0.42253725,0.42306051,0.00667939799691583,12,16.666666666666664
share_of_wallet,"[0.423061, 0.423614)",0.42306051,0.42361437,0.006250979467167205,12,0.0
share_of_wallet,"[0.423614, 0.424582)",0.42361437,0.424581555,0.006250979467167205,12,0.0
share_of_wallet,"[0.424582, 0.425102)",0.424581555,0.42510169,0.006250979467167205,12,8.333333333333332
share_of_wallet,"[0.425102, 0.425765)",0.42510169,0.42576517999999997,0.006250979467167205,12,8.333333333333332
share_of_wallet,"[0.425765, 0.426553)",0.42576517999999997,0.426552785,0.005909835160822797,12,16.666666666666664
share_of_wallet,"[0.426553, 0.426996)",0.426552785,0.42699573,0.005909835160822797,12,16.666666666666664
share_of_wallet,"[0.426996, 0.427583)",0.42699573,0.42758287,0.005909835160822797,13,23.076923076923077
share_of_wallet,"[0.427583, 0.428114)",0.42758287,0.42811379,0.00555628405085174,12,16.666666666666664
share_of_wallet,"[0.428114, 0.428591)",0.42811379,0.42859056,0.005371230265974501,12,8.333333333333332
share_of_wallet,"[0.428591, 0.429261)",0.42859056,0.42926115,0.0045338123845015945,12,25.0
share_of_wallet,"[0.429261, 0.429892)",0.42926115,0.42989194,0.0045338123845015945,12,16.666666666666664
share_of_wallet,"[0.429892, 0.430504)",0.42989194,0.430504435,0.0045338123845015945,12,8.333333333333332
share_of_wallet,"[0.430504, 0.431163)",0.430504435,0.43116316,0.003932777705817798,12,0.0
share_of_wallet,"[0.431163, 0.431787)",0.43116316,0.43178651,0.0025293270418145788,12,0.0
share_of_wallet,"[0.431787, 0.432557)",0.43178651,0.4325567,0.0025293270418145788,12,16.666666666666664
share_of_wallet,"[0.432557, 0.433045)",0.4325567,0.43304471,0.0025293270418145788,12,8.333333333333332
share_of_wallet,"[0.433045, 0.433691)",0.43304471,0.43369079499999996,0.0014845397945014813,12,16.666666666666664
share_of_wallet,"[0.433691, 0.434384)",0.43369079499999996,0.434383995,0.0014845397945014813,12,25.0
share_of_wallet,"[0.434384, 0.435311)",0.434383995,0.4353114,0.0012327245249918882,12,8.333333333333332
share_of_wallet,"[0.435311, 0.435847)",0.4353114,0.43584738,0.0012327245249918882,12,50.0
share_of_wallet,"[0.435847, 0.436476)",0.43584738,0.436475575,0.0012327245249918882,12,0.0
share_of_wallet,"[0.436476, 0.436778)",0.436475575,0.43677835,0.0005268020731817768,12,0.0
share_of_wallet,"[0.436778, 0.437301)",0.43677835,0.43730056500000003,-0.0002952935824024432,12,8.333333333333332
share_of_wallet,"[0.437301, 0.437842)",0.43730056500000003,0.43784203,-0.0005527610805433649,12,33.33333333333333
share_of_wallet,"[0.437842, 0.438415)",0.43784203,0.43841468,-0.0005527610805433649,12,0.0
share_of_wallet,"[0.438415, 0.43907)",0.43841468,0.43906987,-0.001205218122659906,12,8.333333333333332
share_of_wallet,"[0.43907, 0.439763)",0.43906987,0.43976282499999997,-0.0016382720023745468,12,8.333333333333332
share_of_wallet,"[0.439763, 0.440375)",0.43976282499999997,0.44037494499999996,-0.0016382720023745468,13,0.0
share_of_wallet,"[0.440375, 0.440914)",0.44037494499999996,0.44091389000000003,-0.0016382720023745468,12,8.333333333333332
share_of_wallet,"[0.440914, 0.44134)",0.44091389000000003,0.44134028999999997,-0.0016382720023745468,13,23.076923076923077
share_of_wallet,"[0.44134, 0.441824)",0.44134028999999997,0.44182427999999996,-0.0016382720023745468,12,0.0
share_of_wallet,"[0.441824, 0.442307)",0.44182427999999996,0.442306545,-0.0020615867530381,12,8.333333333333332
share_of_wallet,"[0.442307, 0.443025)",0.442306545,0.44302485,-0.0026087572503180234,13,7.6923076923076925
share_of_wallet,"[0.443025, 0.443591)",0.44302485,0.44359092499999997,-0.0028474822965851875,12,16.666666666666664
share_of_wallet,"[0.443591, 0.444027)",0.44359092499999997,0.444027475,-0.0028474822965851875,13,0.0
share_of_wallet,"[0.444027, 0.44445)",0.444027475,0.44444973,-0.0028474822965851875,12,33.33333333333333
share_of_wallet,"[0.44445, 0.445589)",0.44444973,0.445589425,-0.0028474822965851875,13,15.384615384615385
share_of_wallet,"[0.445589, 0.446378)",0.445589425,0.446378245,-0.0031718962948887623,12,0.0
share_of_wallet,"[0.446378, 0.446926)",0.446378245,0.44692568,-0.0031718962948887623,12,8.333333333333332
share_of_wallet,"[0.446926, 0.447283)",0.44692568,0.447283385,-0.0034349767707562875,13,7.6923076923076925
share_of_wallet,"[0.447283, 0.447854)",0.447283385,0.44785394,-0.00367847355480405,12,16.666666666666664
share_of_wallet,"[0.447854, 0.448333)",0.44785394,0.4483332,-0.004114910539611962,13,7.6923076923076925
share_of_wallet,"[0.448333, 0.448937)",0.4483332,0.4489374,-0.00430170414977026,12,16.666666666666664
share_of_wallet,"[0.448937, 0.44956)",0.4489374,0.44955993,-0.00430170414977026,13,15.384615384615385
share_of_wallet,"[0.44956, 0.450527)",0.44955993,0.45052721,-0.004476453012939194,12,8.333333333333332
share_of_wallet,"[0.450527, 0.451095)",0.45052721,0.451095365,-0.004647420586754866,12,16.666666666666664
share_of_wallet,"[0.451095, 0.45165)",0.451095365,0.45164968,-0.004812434119221812,13,38.46153846153847
share_of_wallet,"[0.45165, 0.452113)",0.45164968,0.45211276,-0.0060396246092000415,12,0.0
share_of_wallet,"[0.452113, 0.452644)",0.45211276,0.4526439,-0.0060396246092000415,13,7.6923076923076925
share_of_wallet,"[0.452644, 0.453173)",0.4526439,0.453172755,-0.0060396246092000415,12,16.666666666666664
share_of_wallet,"[0.453173, 0.454097)",0.453172755,0.454096995,-0.0060396246092000415,12,8.333333333333332
share_of_wallet,"[0.454097, 0.454992)",0.454096995,0.45499152499999995,-0.006312025604176149,13,15.384615384615385
share_of_wallet,"[0.454992, 0.455407)",0.45499152499999995,0.45540706,-0.007393560002370585,12,16.666666666666664
share_of_wallet,"[0.455407, 0.455881)",0.45540706,0.455880895,-0.00771570825517605,13,0.0
share_of_wallet,"[0.455881, 0.456741)",0.455880895,0.45674082000000005,-0.00771570825517605,12,25.0
share_of_wallet,"[0.456741, 0.457441)",0.45674082000000005,0.457441135,-0.008326030966834225,13,0.0
share_of_wallet,"[0.457441, 0.458232)",0.457441135,0.45823164,-0.008812167160302508,12,8.333333333333332
share_of_wallet,"[0.458232, 0.458679)",0.45823164,0.45867878500000003,-0.008812167160302508,12,16.666666666666664
share_of_wallet,"[0.458679, 0.459385)",0.45867878500000003,0.45938519,-0.008979800463879912,13,0.0
share_of_wallet,"[0.459385, 0.459817)",0.45938519,0.4598168,-0.009277687002279255,12,16.666666666666664
share_of_wallet,"[0.459817, 0.460814)",0.4598168,0.46081446000000004,-0.009277687002279255,12,16.666666666666664
share_of_wallet,"[0.460814, 0.461369)",0.46081446000000004,0.46136872500000004,-0.009786524213676116,13,7.6923076923076925
share_of_wallet,"[0.461369, 0.462101)",0.46136872500000004,0.46210058,-0.01048922210482132,13,7.6923076923076925
share_of_wallet,"[0.462101, 0.462653)",0.46210058,0.462652705,-0.01142878707061714,13,15.384615384615385
share_of_wallet,"[0.462653, 0.463121)",0.462652705,0.46312071,-0.01142878707061714,12,0.0
share_of_wallet,"[0.463121, 0.46346)",0.46312071,0.46345986,-0.01142878707061714,12,8.333333333333332
share_of_wallet,"[0.46346, 0.463888)",0.46345986,0.463887625,-0.011938866043328784,12,25.0
share_of_wallet,"[0.463888, 0.464616)",0.463887625,0.46461595,-0.011938866043328784,12,25.0
share_of_wallet,"[0.464616, 0.46552)",0.46461595,0.46551989,-0.012636402550696044,12,16.666666666666664
share_of_wallet,"[0.46552, 0.465899)",0.46551989,0.46589913000000005,-0.012814364615093093,13,23.076923076923077
share_of_wallet,"[0.465899, 0.466391)",0.46589913000000005,0.466391115,-0.013140928762582934,12,25.0
share_of_wallet,"[0.466391, 0.467303)",0.466391115,0.46730346,-0.013819171112537243,13,15.384615384615385
share_of_wallet,"[0.467303, 0.467668)",0.46730346,0.467667585,-0.014269627565469165,12,16.666666666666664
share_of_wallet,"[0.467668, 0.468394)",0.467667585,0.468394165,-0.015011880236891994,13,15.384615384615385
share_of_wallet,"[0.468394, 0.469114)",0.468394165,0.469113805,-0.015011880236891994,12,25.0
share_of_wallet,"[0.469114, 0.469401)",0.469113805,0.4694007,-0.015011880236891994,12,8.333333333333332
share_of_wallet,"[0.469401, 0.470022)",0.4694007,0.47002193999999997,-0.015707866752726795,13,15.384615384615385
share_of_wallet,"[0.470022, 0.470599)",0.47002193999999997,0.47059945,-0.015707866752726795,12,8.333333333333332
share_of_wallet,"[0.470599, 0.471233)",0.47059945,0.471233295,-0.01601177634323253,13,0.0
share_of_wallet,"[0.471233, 0.471752)",0.471233295,0.47175223499999996,-0.016964611542726254,12,0.0
share_of_wallet,"[0.471752, 0.472205)",0.47175223499999996,0.472204505,-0.017428075609436947,13,23.076923076923077
share_of_wallet,"[0.472205, 0.4726)",0.472204505,0.47259981500000003,-0.018149987769112128,12,8.333333333333332
share_of_wallet,"[0.4726, 0.473326)",0.47259981500000003,0.47332594,-0.019012380212302105,12,0.0
share_of_wallet,"[0.473326, 0.473818)",0.47332594,0.47381818,-0.019012380212302105,13,15.384615384615385
share_of_wallet,"[0.473818, 0.474537)",0.47381818,0.474536525,-0.019012380212302105,12,0.0
share_of_wallet,"[0.474537, 0.475233)",0.474536525,0.475232855,-0.01927391135963573,13,15.384615384615385
share_of_wallet,"[0.475233, 0.475685)",0.475232855,0.47568481,-0.019733320586317302,12,8.333333333333332
share_of_wallet,"[0.475685, 0.476065)",0.47568481,0.476065355,-0.020167255174740616,13,7.6923076923076925
share_of_wallet,"[0.476065, 0.476442)",0.476065355,0.47644233999999996,-0.020167255174740616,12,25.0
share_of_wallet,"[0.476442, 0.477093)",0.47644233999999996,0.477092625,-0.020167255174740616,12,8.333333333333332
share_of_wallet,"[0.477093, 0.477601)",0.477092625,0.47760112,-0.020929003921398646,13,38.46153846153847
share_of_wallet,"[0.477601, 0.47819)",0.47760112,0.478189605,-0.02122210232096712,12,25.0
share_of_wallet,"[0.47819, 0.478882)",0.478189605,0.478881795,-0.02122210232096712,13,23.076923076923077
share_of_wallet,"[0.478882, 0.479909)",0.478881795,0.479908655,-0.02122210232096712,12,8.333333333333332
share_of_wallet,"[0.479909, 0.480495)",0.479908655,0.48049491499999997,-0.02219197961272504,12,25.0
share_of_wallet,"[0.480495, 0.481363)",0.48049491499999997,0.481362595,-0.02219197961272504,13,23.076923076923077
share_of_wallet,"[0.481363, 0.48226)",0.481362595,0.48225961500000003,-0.023027382849194474,12,0.0
share_of_wallet,"[0.48226, 0.48266)",0.48225961500000003,0.48266029499999996,-0.023236080185426188,13,15.384615384615385
share_of_wallet,"[0.48266, 0.483762)",0.48266029499999996,0.48376249000000004,-0.023236080185426188,12,0.0
share_of_wallet,"[0.483762, 0.48487)",0.48376249000000004,0.484870175,-0.023600194130568772,13,7.6923076923076925
share_of_wallet,"[0.48487, 0.485536)",0.484870175,0.48553622,-0.024450825032373964,12,8.333333333333332
share_of_wallet,"[0.485536, 0.486143)",0.48553622,0.48614299,-0.024970089238909338,12,0.0
share_of_wallet,"[0.486143, 0.487122)",0.48614299,0.4871217,-0.02519525089311808,13,15.384615384615385
share_of_wallet,"[0.487122, 0.48771)",0.4871217,0.487709855,-0.02519525089311808,12,8.333333333333332
share_of_wallet,"[0.48771, 0.488124)",0.487709855,0.488124015,-0.02565544100393399,13,7.6923076923076925
share_of_wallet,"[0.488124, 0.488477)",0.488124015,0.48847737,-0.026036940349955892,12,8.333333333333332
share_of_wallet,"[0.488477, 0.489061)",0.48847737,0.48906053000000005,-0.026036940349955892,13,7.6923076923076925
share_of_wallet,"[0.489061, 0.489848)",0.48906053000000005,0.48984811,-0.026201136886588722,12,16.666666666666664
share_of_wallet,"[0.489848, 0.490627)",0.48984811,0.49062727,-0.026505973535843105,12,25.0
share_of_wallet,"[0.490627, 0.491707)",0.49062727,0.491706785,-0.026977787498996895,13,15.384615384615385
share_of_wallet,"[0.491707, 0.492097)",0.491706785,0.49209726,-0.02785365015688686,12,25.0
share_of_wallet,"[0.492097, 0.492942)",0.49209726,0.49294225,-0.02785365015688686,13,23.076923076923077
share_of_wallet,"[0.492942, 0.493711)",0.49294225,0.493711395,-0.02859364449358119,12,16.666666666666664
share_of_wallet,"[0.493711, 0.494621)",0.493711395,0.49462075,-0.028977120532222733,12,25.0
share_of_wallet,"[0.494621, 0.495033)",0.49462075,0.49503341,-0.029180723400566988,13,15.384615384615385
share_of_wallet,"[0.495033, 0.495577)",0.49503341,0.49557692,-0.029180723400566988,12,25.0
share_of_wallet,"[0.495577, 0.496422)",0.49557692,0.49642158999999997,-0.029180723400566988,13,7.6923076923076925
share_of_wallet,"[0.496422, 0.497153)",0.49642158999999997,0.49715269500000003,-0.029488307292104013,12,8.333333333333332
share_of_wallet,"[0.497153, 0.497711)",0.49715269500000003,0.4977107,-0.030230322350588278,13,0.0
share_of_wallet,"[0.497711, 0.498219)",0.4977107,0.498219205,-0.03050259866487836,12,0.0
share_of_wallet,"[0.498219, 0.498826)",0.498219205,0.498826035,-0.031027881255429508,12,25.0
share_of_wallet,"[0.498826, 0.499204)",0.498826035,0.49920417,-0.03127548621385351,13,0.0
share_of_wallet,"[0.499204, 0.500083)",0.49920417,0.5000832550000001,-0.03127548621385351,12,16.666666666666664
share_of_wallet,"[0.500083, 0.500819)",0.5000832550000001,0.5008190349999999,-0.03127548621385351,13,7.6923076923076925
share_of_wallet,"[0.500819, 0.501256)",0.5008190349999999,0.5012560399999999,-0.03169575077465431,12,8.333333333333332
share_of_wallet,"[0.501256, 0.501841)",0.5012560399999999,0.5018408400000001,-0.032246842570177826,13,7.6923076923076925
share_of_wallet,"[0.501841, 0.502814)",0.5018408400000001,0.5028140249999999,-0.03276573226361134,12,16.666666666666664
share_of_wallet,"[0.502814, 0.503223)",0.5028140249999999,0.5032226049999999,-0.03347683889115061,12,0.0
share_of_wallet,"[0.503223, 0.503955)",0.5032226049999999,0.50395507,-0.03347683889115061,13,0.0
share_of_wallet,"[0.503955, 0.504414)",0.50395507,0.50441445,-0.03368263157205114,12,8.333333333333332
share_of_wallet,"[0.504414, 0.505174)",0.50441445,0.50517425,-0.03368263157205114,13,23.076923076923077
share_of_wallet,"[0.505174, 0.50618)",0.50517425,0.50618039,-0.03385599327932891,12,16.666666666666664
share_of_wallet,"[0.50618, 0.506583)",0.50618039,0.5065829799999999,-0.03385599327932891,13,7.6923076923076925
share_of_wallet,"[0.506583, 0.507242)",0.5065829799999999,0.50724165,-0.03481299326902263,12,41.66666666666667
share_of_wallet,"[0.507242, 0.508033)",0.50724165,0.508032905,-0.03481299326902263,12,33.33333333333333
share_of_wallet,"[0.508033, 0.508614)",0.508032905,0.50861418,-0.03481299326902263,13,0.0
share_of_wallet,"[0.508614, 0.509159)",0.50861418,0.509158765,-0.03481299326902263,12,8.333333333333332
share_of_wallet,"[0.509159, 0.50998)",0.509158765,0.509979535,-0.035076829273742734,13,30.76923076923077
share_of_wallet,"[0.50998, 0.510818)",0.509979535,0.51081771,-0.035076829273742734,12,25.0
share_of_wallet,"[0.510818, 0.511294)",0.51081771,0.511294115,-0.03548001233168807,12,8.333333333333332
share_of_wallet,"[0.511294, 0.51207)",0.511294115,0.5120703449999999,-0.036265119123458124,13,7.6923076923076925
share_of_wallet,"[0.51207, 0.512614)",0.5120703449999999,0.51261359,-0.03651088326437051,12,0.0
share_of_wallet,"[0.512614, 0.513128)",0.51261359,0.513128205,-0.03856441043838952,13,30.76923076923077
share_of_wallet,"[0.513128, 0.513664)",0.513128205,0.513663805,-0.03856441043838952,12,0.0
share_of_wallet,"[0.513664, 0.514671)",0.513663805,0.514671045,-0.03939888942216073,13,15.384615384615385
share_of_wallet,"[0.514671, 0.515264)",0.514671045,0.5152638949999999,-0.03939888942216073,12,8.333333333333332
share_of_wallet,"[0.515264, 0.515946)",0.5152638949999999,0.51594645,-0.03978518263787521,12,16.666666666666664
share_of_wallet,"[0.515946, 0.516523)",0.51594645,0.51652265,-0.04063596762123662,13,7.6923076923076925
share_of_wallet,"[0.516523, 0.517076)",0.51652265,0.5170760299999999,-0.041124445157068715,12,16.666666666666664
share_of_wallet,"[0.517076, 0.517985)",0.5170760299999999,0.51798466,-0.041124445157068715,13,7.6923076923076925
share_of_wallet,"[0.517985, 0.518498)",0.51798466,0.5184977,-0.04132065691111587,12,25.0
share_of_wallet,"[0.518498, 0.518914)",0.5184977,0.51891431,-0.04168955850047088,13,7.6923076923076925
share_of_wallet,"[0.518914, 0.51933)",0.51891431,0.519330335,-0.04239611418878639,12,8.333333333333332
share_of_wallet,"[0.51933, 0.519961)",0.519330335,0.5199611500000001,-0.04239611418878639,12,0.0
share_of_wallet,"[0.519961, 0.520969)",0.5199611500000001,0.5209690499999999,-0.04293847737557935,13,15.384615384615385
share_of_wallet,"[0.520969, 0.521573)",0.5209690499999999,0.521572905,-0.04293847737557935,12,16.666666666666664
share_of_wallet,"[0.521573, 0.522349)",0.521572905,0.522349155,-0.04319852476488503,13,23.076923076923077
share_of_wallet,"[0.522349, 0.522893)",0.522349155,0.52289254,-0.043833517677012504,12,8.333333333333332
share_of_wallet,"[0.522893, 0.523541)",0.52289254,0.523540925,-0.043833517677012504,12,25.0
share_of_wallet,"[0.523541, 0.524042)",0.523540925,0.5240415300000001,-0.04450352955405738,13,7.6923076923076925
share_of_wallet,"[0.524042, 0.524698)",0.5240415300000001,0.52469849,-0.044969161610485434,12,8.333333333333332
share_of_wallet,"[0.524698, 0.525744)",0.52469849,0.525743545,-0.046320733748042325,13,0.0
share_of_wallet,"[0.525744, 0.526802)",0.525743545,0.526801845,-0.046320733748042325,12,8.333333333333332
share_of_wallet,"[0.526802, 0.527457)",0.526801845,0.527457195,-0.04715527768653446,13,15.384615384615385
share_of_wallet,"[0.527457, 0.527847)",0.527457195,0.527846535,-0.04818736364843228,12,16.666666666666664
share_of_wallet,"[0.527847, 0.528762)",0.527846535,0.52876164,-0.04818736364843228,12,16.666666666666664
share_of_wallet,"[0.528762, 0.529299)",0.52876164,0.52929943,-0.04818736364843228,13,30.76923076923077
share_of_wallet,"[0.529299, 0.53027)",0.52929943,0.530270375,-0.04895666089447975,12,8.333333333333332
share_of_wallet,"[0.53027, 0.531335)",0.530270375,0.5313352849999999,-0.04967279874328725,13,15.384615384615385
share_of_wallet,"[0.531335, 0.53204)",0.5313352849999999,0.53204041,-0.051172791147224436,12,8.333333333333332
share_of_wallet,"[0.53204, 0.532425)",0.53204041,0.5324252549999999,-0.05270476835691632,13,0.0
share_of_wallet,"[0.532425, 0.533117)",0.5324252549999999,0.533117025,-0.05270476835691632,12,0.0
share_of_wallet,"[0.533117, 0.533789)",0.533117025,0.533788635,-0.05353517830235051,12,0.0
share_of_wallet,"[0.533789, 0.534621)",0.533788635,0.53462109,-0.05353517830235051,13,23.076923076923077
share_of_wallet,"[0.534621, 0.535037)",0.53462109,0.5350368249999999,-0.054186182194877155,12,8.333333333333332
share_of_wallet,"[0.535037, 0.535528)",0.5350368249999999,0.535528255,-0.055101664763206964,13,23.076923076923077
share_of_wallet,"[0.535528, 0.536007)",0.535528255,0.5360074850000001,-0.05650573418320342,12,8.333333333333332
share_of_wallet,"[0.536007, 0.537076)",0.5360074850000001,0.5370759700000001,-0.05678492026627958,13,7.6923076923076925
share_of_wallet,"[0.537076, 0.537898)",0.5370759700000001,0.537898265,-0.05678492026627958,12,0.0
share_of_wallet,"[0.537898, 0.538544)",0.537898265,0.53854402,-0.05678492026627958,12,8.333333333333332
share_of_wallet,"[0.538544, 0.539543)",0.53854402,0.53954302,-0.05758411757491978,13,23.076923076923077
share_of_wallet,"[0.539543, 0.540225)",0.53954302,0.54022546,-0.05787958141675084,12,16.666666666666664
share_of_wallet,"[0.540225, 0.540999)",0.54022546,0.54099882,-0.05857964770062633,13,7.6923076923076925
share_of_wallet,"[0.540999, 0.541864)",0.54099882,0.54186399,-0.05857964770062633,12,0.0
share_of_wallet,"[0.541864, 0.542534)",0.54186399,0.5425337699999999,-0.06004888650187215,12,33.33333333333333
share_of_wallet,"[0.542534, 0.543196)",0.5425337699999999,0.54319563,-0.06004888650187215,13,7.6923076923076925
share_of_wallet,"[0.543196, 0.544039)",0.54319563,0.54403885,-0.06053348083624638,12,33.33333333333333
share_of_wallet,"[0.544039, 0.544771)",0.54403885,0.54477127,-0.06552412564119219,13,7.6923076923076925
share_of_wallet,"[0.544771, 0.54532)",0.54477127,0.5453197750000001,-0.06552412564119219,12,0.0
share_of_wallet,"[0.54532, 0.545978)",0.5453197750000001,0.5459782049999999,-0.066091888455333,13,7.6923076923076925
share_of_wallet,"[0.545978, 0.546378)",0.5459782049999999,0.5463784650000001,-0.06656946552218106,12,8.333333333333332
share_of_wallet,"[0.546378, 0.547353)",0.5463784650000001,0.54735254,-0.06771737971460264,12,8.333333333333332
share_of_wallet,"[0.547353, 0.548307)",0.54735254,0.548307485,-0.0679331231218273,13,0.0
share_of_wallet,"[0.548307, 0.548909)",0.548307485,0.548909195,-0.0679331231218273,12,25.0
share_of_wallet,"[0.548909, 0.549575)",0.548909195,0.549575205,-0.06870035207847411,13,7.6923076923076925
share_of_wallet,"[0.549575, 0.550501)",0.549575205,0.550500615,-0.06870035207847411,12,8.333333333333332
share_of_wallet,"[0.550501, 0.551461)",0.550500615,0.55146132,-0.06906179373156611,13,7.6923076923076925
share_of_wallet,"[0.551461, 0.55222)",0.55146132,0.55222049,-0.06906179373156611,12,0.0
share_of_wallet,"[0.55222, 0.553002)",0.55222049,0.5530018400000001,-0.06984941141036541,12,16.666666666666664
share_of_wallet,"[0.553002, 0.55418)",0.5530018400000001,0.554179615,-0.07012353260520027,13,0.0
share_of_wallet,"[0.55418, 0.554943)",0.554179615,0.554942535,-0.0709332501947328,12,16.666666666666664
share_of_wallet,"[0.554943, 0.555804)",0.554942535,0.555804305,-0.0709332501947328,13,15.384615384615385
share_of_wallet,"[0.555804, 0.556769)",0.555804305,0.556769045,-0.0709332501947328,12,8.333333333333332
share_of_wallet,"[0.556769, 0.557303)",0.556769045,0.55730318,-0.07137311351321954,12,0.0
share_of_wallet,"[0.557303, 0.55845)",0.55730318,0.558450165,-0.07194538232794935,13,15.384615384615385
share_of_wallet,"[0.55845, 0.559594)",0.558450165,0.5595936100000001,-0.07194538232794935,12,16.666666666666664
share_of_wallet,"[0.559594, 0.560507)",0.5595936100000001,0.5605065499999999,-0.07194538232794935,13,15.384615384615385
share_of_wallet,"[0.560507, 0.561058)",0.5605065499999999,0.561058105,-0.07194538232794935,12,0.0
share_of_wallet,"[0.561058, 0.561743)",0.561058105,0.5617426999999999,-0.07223026548705959,13,0.0
share_of_wallet,"[0.561743, 0.562379)",0.5617426999999999,0.5623788750000001,-0.07291413805146482,12,25.0
share_of_wallet,"[0.562379, 0.563058)",0.5623788750000001,0.5630580000000001,-0.07343958496227804,12,25.0
share_of_wallet,"[0.563058, 0.563955)",0.5630580000000001,0.56395482,-0.07343958496227804,13,7.6923076923076925
share_of_wallet,"[0.563955, 0.56443)",0.56395482,0.5644303150000001,-0.07343958496227804,12,0.0
share_of_wallet,"[0.56443, 0.565321)",0.5644303150000001,0.565320995,-0.07478012442550507,13,0.0
share_of_wallet,"[0.565321, 0.566039)",0.565320995,0.56603878,-0.07478012442550507,12,25.0
share_of_wallet,"[0.566039, 0.566734)",0.56603878,0.566734435,-0.07478012442550507,13,15.384615384615385
share_of_wallet,"[0.566734, 0.567595)",0.566734435,0.567594715,-0.07478012442550507,12,25.0
share_of_wallet,"[0.567595, 0.568205)",0.567594715,0.568205385,-0.07640503231805404,12,0.0
share_of_wallet,"[0.568205, 0.56864)",0.568205385,0.5686400149999999,-0.07640503231805404,13,0.0
share_of_wallet,"[0.56864, 0.56938)",0.5686400149999999,0.56938019,-0.07640503231805404,12,16.666666666666664
share_of_wallet,"[0.56938, 0.570222)",0.56938019,0.5702220499999999,-0.07680299113698572,13,15.384615384615385
share_of_wallet,"[0.570222, 0.570766)",0.5702220499999999,0.5707659700000001,-0.07727027658779956,12,0.0
share_of_wallet,"[0.570766, 0.571191)",0.5707659700000001,0.57119051,-0.0775484540238985,13,0.0
share_of_wallet,"[0.571191, 0.571784)",0.57119051,0.571784335,-0.0775484540238985,12,8.333333333333332
share_of_wallet,"[0.571784, 0.572405)",0.571784335,0.5724052,-0.07777838670562753,12,0.0
share_of_wallet,"[0.572405, 0.573412)",0.5724052,0.5734121,-0.07803360191505382,13,0.0
share_of_wallet,"[0.573412, 0.574287)",0.5734121,0.574287355,-0.07803360191505382,12,0.0
share_of_wallet,"[0.574287, 0.575071)",0.574287355,0.575070875,-0.07899626238633356,13,15.384615384615385
share_of_wallet,"[0.575071, 0.575797)",0.575070875,0.5757972,-0.07899626238633356,12,8.333333333333332
share_of_wallet,"[0.575797, 0.576784)",0.5757972,0.576784415,-0.07899626238633356,12,8.333333333333332
share_of_wallet,"[0.576784, 0.578089)",0.576784415,0.5780889650000001,-0.07899626238633356,13,0.0
share_of_wallet,"[0.578089, 0.579049)",0.5780889650000001,0.57904933,-0.07926636609560259,12,16.666666666666664
share_of_wallet,"[0.579049, 0.579452)",0.57904933,0.57945152,-0.07948344691025853,13,0.0
share_of_wallet,"[0.579452, 0.580353)",0.57945152,0.580352635,-0.08060183365976573,12,25.0
share_of_wallet,"[0.580353, 0.580829)",0.580352635,0.58082933,-0.08112174124056235,13,7.6923076923076925
share_of_wallet,"[0.580829, 0.5817)",0.58082933,0.58169955,-0.08129560084595676,12,8.333333333333332
share_of_wallet,"[0.5817, 0.582779)",0.58169955,0.582779195,-0.08166736102864577,12,8.333333333333332
share_of_wallet,"[0.582779, 0.584069)",0.582779195,0.5840687149999999,-0.08166736102864577,13,7.6923076923076925
share_of_wallet,"[0.584069, 0.584931)",0.5840687149999999,0.584931145,-0.08166736102864577,12,8.333333333333332
share_of_wallet,"[0.584931, 0.585684)",0.584931145,0.585683535,-0.08193237253532343,13,7.6923076923076925
share_of_wallet,"[0.585684, 0.586475)",0.585683535,0.5864749,-0.08219518569153336,12,16.666666666666664
share_of_wallet,"[0.586475, 0.586944)",0.5864749,0.586943505,-0.08259949057892582,13,7.6923076923076925
share_of_wallet,"[0.586944, 0.587802)",0.586943505,0.587802135,-0.08306932102055115,12,0.0
share_of_wallet,"[0.587802, 0.588501)",0.587802135,0.588500545,-0.08306932102055115,12,16.666666666666664
share_of_wallet,"[0.588501, 0.58896)",0.588500545,0.588960415,-0.08350648777884227,13,0.0
share_of_wallet,"[0.58896, 0.589562)",0.588960415,0.58956165,-0.08350648777884227,12,25.0
share_of_wallet,"[0.589562, 0.590375)",0.58956165,0.59037529,-0.08350648777884227,13,15.384615384615385
share_of_wallet,"[0.590375, 0.591289)",0.59037529,0.591289115,-0.08350648777884227,12,8.333333333333332
share_of_wallet,"[0.591289, 0.592104)",0.591289115,0.59210449,-0.08350648777884227,12,16.666666666666664
share_of_wallet,"[0.592104, 0.592818)",0.59210449,0.59281755,-0.08350648777884227,13,7.6923076923076925
share_of_wallet,"[0.592818, 0.594003)",0.59281755,0.594003065,-0.08350648777884227,12,16.666666666666664
share_of_wallet,"[0.594003, 0.594399)",0.594003065,0.59439867,-0.08350648777884227,13,30.76923076923077
share_of_wallet,"[0.594399, 0.59536)",0.59439867,0.5953597399999999,-0.08368800896770798,12,8.333333333333332
share_of_wallet,"[0.59536, 0.596504)",0.5953597399999999,0.5965042700000001,-0.08424754414898199,13,30.76923076923077
share_of_wallet,"[0.596504, 0.597177)",0.5965042700000001,0.59717682,-0.08447773224875947,12,0.0
share_of_wallet,"[0.597177, 0.597596)",0.59717682,0.5975961350000001,-0.08492330721817623,12,16.666666666666664
share_of_wallet,"[0.597596, 0.59879)",0.5975961350000001,0.5987896100000001,-0.08546031059922257,13,7.6923076923076925
share_of_wallet,"[0.59879, 0.599155)",0.5987896100000001,0.59915514,-0.08598215105018685,12,8.333333333333332
share_of_wallet,"[0.599155, 0.5998)",0.59915514,0.59980015,-0.08598215105018685,13,15.384615384615385
share_of_wallet,"[0.5998, 0.600771)",0.59980015,0.600770645,-0.0867100879494485,12,16.666666666666664
share_of_wallet,"[0.600771, 0.601843)",0.600770645,0.60184291,-0.08702637659008679,13,0.0
share_of_wallet,"[0.601843, 0.603356)",0.60184291,0.6033560849999999,-0.08746818907693767,12,8.333333333333332
share_of_wallet,"[0.603356, 0.603964)",0.6033560849999999,0.60396392,-0.08746818907693767,12,8.333333333333332
share_of_wallet,"[0.603964, 0.604792)",0.60396392,0.60479219,-0.08788520490452713,13,15.384615384615385
share_of_wallet,"[0.604792, 0.605678)",0.60479219,0.6056777200000001,-0.08904271768971873,12,0.0
share_of_wallet,"[0.605678, 0.606585)",0.6056777200000001,0.606585065,-0.08972052301029013,13,7.6923076923076925
share_of_wallet,"[0.606585, 0.607486)",0.606585065,0.6074859450000001,-0.08972052301029013,12,8.333333333333332
share_of_wallet,"[0.607486, 0.608564)",0.6074859450000001,0.60856429,-0.09006152151839501,13,7.6923076923076925
share_of_wallet,"[0.608564, 0.609011)",0.60856429,0.609010805,-0.09006152151839501,12,8.333333333333332
share_of_wallet,"[0.609011, 0.609926)",0.609010805,0.60992625,-0.09073260187047219,12,8.333333333333332
share_of_wallet,"[0.609926, 0.610713)",0.60992625,0.61071276,-0.09073260187047219,13,0.0
share_of_wallet,"[0.610713, 0.611712)",0.61071276,0.61171241,-0.09134627409292295,12,8.333333333333332
share_of_wallet,"[0.611712, 0.612807)",0.61171241,0.61280677,-0.09184689123131116,13,0.0
share_of_wallet,"[0.612807, 0.613797)",0.61280677,0.613796995,-0.09204987278598484,12,33.33333333333333
share_of_wallet,"[0.613797, 0.614302)",0.613796995,0.6143022499999999,-0.09204987278598484,12,0.0
share_of_wallet,"[0.614302, 0.61497)",0.6143022499999999,0.61497011,-0.09278144232302929,13,15.384615384615385
share_of_wallet,"[0.61497, 0.615483)",0.61497011,0.6154830149999999,-0.09292599327393093,12,8.333333333333332
share_of_wallet,"[0.615483, 0.616227)",0.6154830149999999,0.61622708,-0.09292599327393093,13,7.6923076923076925
share_of_wallet,"[0.616227, 0.617284)",0.61622708,0.61728408,-0.09292599327393093,12,16.666666666666664
share_of_wallet,"[0.617284, 0.61818)",0.61728408,0.618179925,-0.09313779921671166,13,7.6923076923076925
share_of_wallet,"[0.61818, 0.6186)",0.618179925,0.6186,-0.0944164422551516,12,8.333333333333332
share_of_wallet,"[0.6186, 0.619216)",0.6186,0.6192155850000001,-0.09464030395272029,12,8.333333333333332
share_of_wallet,"[0.619216, 0.620023)",0.6192155850000001,0.6200225800000001,-0.09464030395272029,13,15.384615384615385
share_of_wallet,"[0.620023, 0.620588)",0.6200225800000001,0.62058813,-0.09464030395272029,12,0.0
share_of_wallet,"[0.620588, 0.621534)",0.62058813,0.62153426,-0.09464030395272029,13,7.6923076923076925
share_of_wallet,"[0.621534, 0.622165)",0.62153426,0.62216462,-0.09510235837323402,12,33.33333333333333
share_of_wallet,"[0.622165, 0.622601)",0.62216462,0.6226010200000001,-0.09510235837323402,13,7.6923076923076925
share_of_wallet,"[0.622601, 0.623257)",0.6226010200000001,0.62325686,-0.09510235837323402,12,8.333333333333332
share_of_wallet,"[0.623257, 0.623887)",0.62325686,0.623886935,-0.09510235837323402,12,8.333333333333332
share_of_wallet,"[0.623887, 0.625231)",0.623886935,0.62523096,-0.09510235837323402,13,15.384615384615385
share_of_wallet,"[0.625231, 0.626401)",0.62523096,0.626400505,-0.09510235837323402,12,16.666666666666664
share_of_wallet,"[0.626401, 0.627343)",0.626400505,0.6273430950000001,-0.0962100734096629,13,15.384615384615385
share_of_wallet,"[0.627343, 0.627977)",0.6273430950000001,0.62797704,-0.09652546886307922,12,0.0
share_of_wallet,"[0.627977, 0.628447)",0.62797704,0.6284469800000001,-0.09652546886307922,12,16.666666666666664
share_of_wallet,"[0.628447, 0.629688)",0.6284469800000001,0.62968779,-0.09671232393532894,13,0.0
share_of_wallet,"[0.629688, 0.63045)",0.62968779,0.630449515,-0.09671232393532894,12,8.333333333333332
share_of_wallet,"[0.63045, 0.631707)",0.630449515,0.6317067700000001,-0.09699018810912163,13,15.384615384615385
share_of_wallet,"[0.631707, 0.632961)",0.6317067700000001,0.6329614450000001,-0.09741810598898086,12,8.333333333333332
share_of_wallet,"[0.632961, 0.634124)",0.6329614450000001,0.634123625,-0.09763440174999966,13,15.384615384615385
share_of_wallet,"[0.634124, 0.635093)",0.634123625,0.63509294,-0.09785819534896913,12,16.666666666666664
share_of_wallet,"[0.635093, 0.635781)",0.63509294,0.63578081,-0.09785819534896913,12,0.0
share_of_wallet,"[0.635781, 0.636694)",0.63578081,0.636693505,-0.09785819534896913,13,15.384615384615385
share_of_wallet,"[0.636694, 0.637564)",0.636693505,0.637564265,-0.09849492109231896,12,0.0
share_of_wallet,"[0.637564, 0.638172)",0.637564265,0.63817218,-0.09876065675102758,13,7.6923076923076925
share_of_wallet,"[0.638172, 0.638919)",0.63817218,0.6389193049999999,-0.09895115846412202,12,16.666666666666664
share_of_wallet,"[0.638919, 0.639491)",0.6389193049999999,0.63949094,-0.09966649519543345,13,30.76923076923077
share_of_wallet,"[0.639491, 0.640205)",0.63949094,0.640204675,-0.10011319028235777,12,25.0
share_of_wallet,"[0.640205, 0.641044)",0.640204675,0.641043575,-0.10106677646143768,12,0.0
share_of_wallet,"[0.641044, 0.642076)",0.641043575,0.64207596,-0.10106677646143768,13,7.6923076923076925
share_of_wallet,"[0.642076, 0.642728)",0.64207596,0.642728185,-0.10106677646143768,12,16.666666666666664
share_of_wallet,"[0.642728, 0.643394)",0.642728185,0.64339378,-0.10126755107249495,13,15.384615384615385
share_of_wallet,"[0.643394, 0.644144)",0.64339378,0.6441437299999999,-0.10167586903518533,12,16.666666666666664
share_of_wallet,"[0.644144, 0.645551)",0.6441437299999999,0.64555064,-0.10167586903518533,12,16.666666666666664
share_of_wallet,"[0.645551, 0.646268)",0.64555064,0.64626829,-0.10210316939380071,13,0.0
share_of_wallet,"[0.646268, 0.647352)",0.64626829,0.647352325,-0.10272674506483542,12,25.0
share_of_wallet,"[0.647352, 0.648154)",0.647352325,0.64815386,-0.10272674506483542,13,7.6923076923076925
share_of_wallet,"[0.648154, 0.648936)",0.64815386,0.648936165,-0.10272674506483542,12,8.333333333333332
share_of_wallet,"[0.648936, 0.649666)",0.648936165,0.649666175,-0.10337931905065824,13,30.76923076923077
share_of_wallet,"[0.649666, 0.650565)",0.649666175,0.6505649499999999,-0.10337931905065824,12,25.0
share_of_wallet,"[0.650565, 0.651521)",0.6505649499999999,0.65152071,-0.10392533031474015,12,8.333333333333332
share_of_wallet,"[0.651521, 0.652261)",0.65152071,0.65226091,-0.10470829567080052,13,7.6923076923076925
share_of_wallet,"[0.652261, 0.652903)",0.65226091,0.6529026200000001,-0.10504622368845146,12,33.33333333333333
share_of_wallet,"[0.652903, 0.653698)",0.6529026200000001,0.653698075,-0.1059667131304331,13,0.0
share_of_wallet,"[0.653698, 0.655165)",0.653698075,0.6551652400000001,-0.1059667131304331,12,8.333333333333332
share_of_wallet,"[0.655165, 0.656337)",0.6551652400000001,0.6563365800000001,-0.10615974160946999,13,15.384615384615385
share_of_wallet,"[0.656337, 0.657186)",0.6563365800000001,0.657186465,-0.10742469665985237,12,16.666666666666664
share_of_wallet,"[0.657186, 0.658218)",0.657186465,0.658217565,-0.10763633922896809,12,16.666666666666664
share_of_wallet,"[0.658218, 0.658957)",0.658217565,0.658956725,-0.10813352695492386,13,7.6923076923076925
share_of_wallet,"[0.658957, 0.659739)",0.658956725,0.65973898,-0.10813352695492386,12,0.0
share_of_wallet,"[0.659739, 0.660539)",0.65973898,0.66053869,-0.10853156316628061,13,7.6923076923076925
share_of_wallet,"[0.660539, 0.661107)",0.66053869,0.66110679,-0.1089848465720086,12,16.666666666666664
share_of_wallet,"[0.661107, 0.661737)",0.66110679,0.661737135,-0.10988188100244811,13,0.0
share_of_wallet,"[0.661737, 0.662961)",0.661737135,0.66296119,-0.10988188100244811,12,25.0
share_of_wallet,"[0.662961, 0.663954)",0.66296119,0.663954385,-0.11071792798691309,12,0.0
share_of_wallet,"[0.663954, 0.665518)",0.663954385,0.66551822,-0.11125528178394524,13,7.6923076923076925
share_of_wallet,"[0.665518, 0.666318)",0.66551822,0.6663184950000001,-0.11155309252765842,12,0.0
share_of_wallet,"[0.666318, 0.667364)",0.6663184950000001,0.66736442,-0.11175570198364827,13,38.46153846153847
share_of_wallet,"[0.667364, 0.668751)",0.66736442,0.668750815,-0.11199111969262249,12,16.666666666666664
share_of_wallet,"[0.668751, 0.669691)",0.668750815,0.6696911400000001,-0.11199111969262249,12,0.0
share_of_wallet,"[0.669691, 0.670804)",0.6696911400000001,0.67080368,-0.11223422105390317,13,0.0
share_of_wallet,"[0.670804, 0.671861)",0.67080368,0.671861335,-0.11244879893805836,12,25.0
share_of_wallet,"[0.671861, 0.673319)",0.671861335,0.673318925,-0.11334043162735369,13,0.0
share_of_wallet,"[0.673319, 0.674202)",0.673318925,0.67420155,-0.11401818074906334,12,0.0
share_of_wallet,"[0.674202, 0.6748)",0.67420155,0.6748002,-0.11441256910376464,13,15.384615384615385
share_of_wallet,"[0.6748, 0.675564)",0.6748002,0.67556431,-0.11485071434357266,12,8.333333333333332
share_of_wallet,"[0.675564, 0.676372)",0.67556431,0.67637242,-0.11523243750598,12,16.666666666666664
share_of_wallet,"[0.676372, 0.677731)",0.67637242,0.67773062,-0.11561581351443709,13,7.6923076923076925
share_of_wallet,"[0.677731, 0.678622)",0.67773062,0.6786224350000001,-0.11645645016208508,12,8.333333333333332
share_of_wallet,"[0.678622, 0.67923)",0.6786224350000001,0.679229815,-0.11645645016208508,13,0.0
share_of_wallet,"[0.67923, 0.679942)",0.679229815,0.67994162,-0.11645645016208508,12,8.333333333333332
share_of_wallet,"[0.679942, 0.68072)",0.67994162,0.680719845,-0.11711746676358731,13,0.0
share_of_wallet,"[0.68072, 0.681688)",0.680719845,0.6816875099999999,-0.1175904793444434,12,8.333333333333332
share_of_wallet,"[0.681688, 0.682577)",0.6816875099999999,0.68257685,-0.11887393401760225,12,8.333333333333332
share_of_wallet,"[0.682577, 0.683748)",0.68257685,0.683747995,-0.11947100373140039,13,0.0
share_of_wallet,"[0.683748, 0.684587)",0.683747995,0.68458683,-0.11995614471488464,13,0.0
share_of_wallet,"[0.684587, 0.685339)",0.68458683,0.68533869,-0.11995614471488464,12,16.666666666666664
share_of_wallet,"[0.685339, 0.686488)",0.68533869,0.68648848,-0.11995614471488464,12,8.333333333333332
share_of_wallet,"[0.686488, 0.687499)",0.68648848,0.68749927,-0.12033659868496488,12,0.0
share_of_wallet,"[0.687499, 0.688179)",0.68749927,0.688178955,-0.12117134969089388,13,0.0
share_of_wallet,"[0.688179, 0.689156)",0.688178955,0.68915642,-0.12169837282654244,12,8.333333333333332
share_of_wallet,"[0.689156, 0.690038)",0.68915642,0.690038375,-0.12169837282654244,13,23.076923076923077
share_of_wallet,"[0.690038, 0.690795)",0.690038375,0.690794685,-0.12195469736788726,12,0.0
share_of_wallet,"[0.690795, 0.691811)",0.690794685,0.691810985,-0.12195469736788726,13,7.6923076923076925
share_of_wallet,"[0.691811, 0.693017)",0.691810985,0.69301714,-0.12213146347351261,12,16.666666666666664
share_of_wallet,"[0.693017, 0.693659)",0.69301714,0.69365948,-0.12225868575990463,12,0.0
share_of_wallet,"[0.693659, 0.69448)",0.69365948,0.69448007,-0.12253454822711515,13,0.0
share_of_wallet,"[0.69448, 0.695893)",0.69448007,0.695893245,-0.12274268194208685,12,0.0
share_of_wallet,"[0.695893, 0.696684)",0.695893245,0.69668351,-0.12274268194208685,13,7.6923076923076925
share_of_wallet,"[0.696684, 0.697415)",0.69668351,0.69741495,-0.12295341171488071,12,8.333333333333332
share_of_wallet,"[0.697415, 0.698199)",0.69741495,0.698199375,-0.12315112605798365,13,15.384615384615385
share_of_wallet,"[0.698199, 0.698914)",0.698199375,0.69891389,-0.12402451406756891,12,8.333333333333332
share_of_wallet,"[0.698914, 0.699957)",0.69891389,0.6999574150000001,-0.12402451406756891,12,16.666666666666664
share_of_wallet,"[0.699957, 0.700598)",0.6999574150000001,0.700598295,-0.1248536909640536,13,15.384615384615385
share_of_wallet,"[0.700598, 0.701701)",0.700598295,0.7017008849999999,-0.1248536909640536,12,16.666666666666664
share_of_wallet,"[0.701701, 0.702891)",0.7017008849999999,0.702891385,-0.1248536909640536,13,15.384615384615385
share_of_wallet,"[0.702891, 0.703982)",0.702891385,0.70398229,-0.1248536909640536,12,8.333333333333332
share_of_wallet,"[0.703982, 0.704735)",0.70398229,0.704734545,-0.1248536909640536,13,23.076923076923077
share_of_wallet,"[0.704735, 0.70624)",0.704734545,0.706240035,-0.1253214894057439,12,0.0
share_of_wallet,"[0.70624, 0.707516)",0.706240035,0.7075165,-0.1257593609770107,12,8.333333333333332
share_of_wallet,"[0.707516, 0.708646)",0.7075165,0.7086464100000001,-0.1257593609770107,13,7.6923076923076925
share_of_wallet,"[0.708646, 0.710118)",0.7086464100000001,0.71011822,-0.12621385365923002,12,8.333333333333332
share_of_wallet,"[0.710118, 0.711121)",0.71011822,0.711120645,-0.12666414963958256,13,7.6923076923076925
share_of_wallet,"[0.711121, 0.712674)",0.711120645,0.71267448,-0.12666414963958256,12,25.0
share_of_wallet,"[0.712674, 0.713918)",0.71267448,0.71391808,-0.12666414963958256,12,8.333333333333332
share_of_wallet,"[0.713918, 0.71528)",0.71391808,0.71527967,-0.12666414963958256,13,7.6923076923076925
share_of_wallet,"[0.71528, 0.716596)",0.71527967,0.716596445,-0.12711603995433232,12,8.333333333333332
share_of_wallet,"[0.716596, 0.717607)",0.716596445,0.717607455,-0.127334661322107,13,7.6923076923076925
share_of_wallet,"[0.717607, 0.718686)",0.717607455,0.718686085,-0.12765445028865302,12,0.0
share_of_wallet,"[0.718686, 0.719879)",0.718686085,0.71987929,-0.1279939462805709,13,15.384615384615385
share_of_wallet,"[0.719879, 0.720906)",0.71987929,0.7209058749999999,-0.12855561902223683,12,16.666666666666664
share_of_wallet,"[0.720906, 0.721778)",0.7209058749999999,0.72177789,-0.12901834242448,12,8.333333333333332
share_of_wallet,"[0.721778, 0.722952)",0.72177789,0.722952285,-0.12950405175730942,13,7.6923076923076925
share_of_wallet,"[0.722952, 0.724599)",0.722952285,0.72459937,-0.13012889623265234,12,0.0
share_of_wallet,"[0.724599, 0.725653)",0.72459937,0.7256528099999999,-0.13012889623265234,13,15.384615384615385
share_of_wallet,"[0.725653, 0.727057)",0.7256528099999999,0.727057285,-0.13012889623265234,12,8.333333333333332
share_of_wallet,"[0.727057, 0.728288)",0.727057285,0.72828789,-0.13012889623265234,13,15.384615384615385
share_of_wallet,"[0.728288, 0.729463)",0.72828789,0.72946281,-0.13034258350645522,12,16.666666666666664
share_of_wallet,"[0.729463, 0.730763)",0.72946281,0.7307626700000001,-0.1306407443806599,12,0.0
share_of_wallet,"[0.730763, 0.731619)",0.7307626700000001,0.731619155,-0.1306407443806599,13,7.6923076923076925
share_of_wallet,"[0.731619, 0.732694)",0.731619155,0.732694475,-0.1306407443806599,12,0.0
share_of_wallet,"[0.732694, 0.733523)",0.732694475,0.733522645,-0.1308035091524588,13,23.076923076923077
share_of_wallet,"[0.733523, 0.734635)",0.733522645,0.73463534,-0.13099576870833302,12,25.0
share_of_wallet,"[0.734635, 0.736105)",0.73463534,0.736105125,-0.13152054828036208,12,0.0
share_of_wallet,"[0.736105, 0.737542)",0.736105125,0.737541605,-0.13186109876710872,13,30.76923076923077
share_of_wallet,"[0.737542, 0.73864)",0.737541605,0.738640005,-0.13186109876710872,12,8.333333333333332
share_of_wallet,"[0.73864, 0.739784)",0.738640005,0.73978391,-0.13186109876710872,13,23.076923076923077
share_of_wallet,"[0.739784, 0.741249)",0.73978391,0.7412490899999999,-0.13186109876710872,12,8.333333333333332
share_of_wallet,"[0.741249, 0.741999)",0.7412490899999999,0.74199859,-0.13186109876710872,13,7.6923076923076925
share_of_wallet,"[0.741999, 0.742899)",0.74199859,0.742898785,-0.13226319768172806,12,0.0
share_of_wallet,"[0.742899, 0.744542)",0.742898785,0.7445424300000001,-0.13226319768172806,12,16.666666666666664
share_of_wallet,"[0.744542, 0.745904)",0.7445424300000001,0.74590389,-0.13226319768172806,13,15.384615384615385
share_of_wallet,"[0.745904, 0.747011)",0.74590389,0.74701147,-0.13298412747542274,12,8.333333333333332
share_of_wallet,"[0.747011, 0.748636)",0.74701147,0.748636285,-0.13317102433491193,13,7.6923076923076925
share_of_wallet,"[0.748636, 0.749509)",0.748636285,0.749508785,-0.13350676160691877,12,16.666666666666664
share_of_wallet,"[0.749509, 0.750307)",0.749508785,0.750306515,-0.13350676160691877,13,0.0
share_of_wallet,"[0.750307, 0.75122)",0.750306515,0.75122002,-0.13350676160691877,12,8.333333333333332
share_of_wallet,"[0.75122, 0.75285)",0.75122002,0.75285027,-0.13386799679090366,12,25.0
share_of_wallet,"[0.75285, 0.75441)",0.75285027,0.754410465,-0.13498020024295768,13,7.6923076923076925
share_of_wallet,"[0.75441, 0.755305)",0.754410465,0.75530505,-0.13498020024295768,12,8.333333333333332
share_of_wallet,"[0.755305, 0.75701)",0.75530505,0.7570099450000001,-0.1358804034467852,13,7.6923076923076925
share_of_wallet,"[0.75701, 0.757852)",0.7570099450000001,0.757852375,-0.1358804034467852,12,16.666666666666664
share_of_wallet,"[0.757852, 0.759601)",0.757852375,0.759601245,-0.1358804034467852,13,15.384615384615385
share_of_wallet,"[0.759601, 0.760869)",0.759601245,0.760868865,-0.13632632185620494,12,8.333333333333332
share_of_wallet,"[0.760869, 0.762373)",0.760868865,0.762373375,-0.1377276377331156,12,25.0
share_of_wallet,"[0.762373, 0.763672)",0.762373375,0.7636718650000001,-0.13865563345603812,13,7.6923076923076925
share_of_wallet,"[0.763672, 0.764667)",0.7636718650000001,0.764667145,-0.13959421638647662,12,0.0
share_of_wallet,"[0.764667, 0.765766)",0.764667145,0.76576648,-0.13996069436896635,13,7.6923076923076925
share_of_wallet,"[0.765766, 0.767201)",0.76576648,0.767200705,-0.14025573758637955,12,8.333333333333332
share_of_wallet,"[0.767201, 0.768089)",0.767200705,0.7680890499999999,-0.14025573758637955,12,8.333333333333332
share_of_wallet,"[0.768089, 0.769903)",0.7680890499999999,0.7699025349999999,-0.14025573758637955,13,7.6923076923076925
share_of_wallet,"[0.769903, 0.771057)",0.7699025349999999,0.771056805,-0.14117716861072488,12,8.333333333333332
share_of_wallet,"[0.771057, 0.772397)",0.771056805,0.772396995,-0.14117716861072488,13,7.6923076923076925
share_of_wallet,"[0.772397, 0.773585)",0.772396995,0.7735845800000001,-0.14187172440518642,12,0.0
share_of_wallet,"[0.773585, 0.775233)",0.7735845800000001,0.77523267,-0.14187172440518642,13,30.76923076923077
share_of_wallet,"[0.775233, 0.776457)",0.77523267,0.776457475,-0.1420554664457798,12,8.333333333333332
share_of_wallet,"[0.776457, 0.777586)",0.776457475,0.77758556,-0.14257571437365954,12,25.0
share_of_wallet,"[0.777586, 0.778932)",0.77758556,0.7789321499999999,-0.14257571437365954,13,7.6923076923076925
share_of_wallet,"[0.778932, 0.780276)",0.7789321499999999,0.78027638,-0.14257571437365954,12,16.666666666666664
share_of_wallet,"[0.780276, 0.7816)",0.78027638,0.7816001,-0.142822401450519,13,23.076923076923077
share_of_wallet,"[0.7816, 0.783329)",0.7816001,0.7833292199999999,-0.1430593425594508,12,0.0
share_of_wallet,"[0.783329, 0.784477)",0.7833292199999999,0.7844769549999999,-0.14362083625418431,13,0.0
share_of_wallet,"[0.784477, 0.785716)",0.7844769549999999,0.785715895,-0.14441393857565332,12,16.666666666666664
share_of_wallet,"[0.785716, 0.786915)",0.785715895,0.7869154549999999,-0.14471154411807466,12,0.0
share_of_wallet,"[0.786915, 0.788044)",0.7869154549999999,0.78804356,-0.14532968782229386,13,7.6923076923076925
share_of_wallet,"[0.788044, 0.788925)",0.78804356,0.78892451,-0.14532968782229386,12,16.666666666666664
share_of_wallet,"[0.788925, 0.790034)",0.78892451,0.790034145,-0.1461126928515031,13,7.6923076923076925
share_of_wallet,"[0.790034, 0.791123)",0.790034145,0.79112347,-0.1461126928515031,12,0.0
share_of_wallet,"[0.791123, 0.792038)",0.79112347,0.79203809,-0.14668102459736407,12,33.33333333333333
share_of_wallet,"[0.792038, 0.792779)",0.79203809,0.79277883,-0.14668102459736407,13,7.6923076923076925
share_of_wallet,"[0.792779, 0.794189)",0.79277883,0.79418855,-0.14702018475087159,12,0.0
share_of_wallet,"[0.794189, 0.795561)",0.79418855,0.795561105,-0.14775608073995328,13,30.76923076923077
share_of_wallet,"[0.795561, 0.797144)",0.795561105,0.7971436199999999,-0.1484555172990001,12,8.333333333333332
share_of_wallet,"[0.797144, 0.798712)",0.7971436199999999,0.798712045,-0.14880298284905538,13,15.384615384615385
share_of_wallet,"[0.798712, 0.800204)",0.798712045,0.8002035999999999,-0.1490785389549229,12,0.0
share_of_wallet,"[0.800204, 0.801873)",0.8002035999999999,0.80187284,-0.14935936566885008,12,16.666666666666664
share_of_wallet,"[0.801873, 0.803337)",0.80187284,0.803337305,-0.1504576289962941,13,15.384615384615385
share_of_wallet,"[0.803337, 0.805249)",0.803337305,0.80524923,-0.15095737709325188,12,8.333333333333332
share_of_wallet,"[0.805249, 0.806577)",0.80524923,0.8065771150000001,-0.15095737709325188,13,15.384615384615385
share_of_wallet,"[0.806577, 0.807762)",0.8065771150000001,0.80776169,-0.15095737709325188,12,8.333333333333332
share_of_wallet,"[0.807762, 0.808798)",0.80776169,0.808798085,-0.15095737709325188,13,7.6923076923076925
share_of_wallet,"[0.808798, 0.811054)",0.808798085,0.81105358,-0.1519917192017986,12,0.0
share_of_wallet,"[0.811054, 0.812338)",0.81105358,0.81233785,-0.15273670710609275,12,8.333333333333332
share_of_wallet,"[0.812338, 0.813485)",0.81233785,0.8134845500000001,-0.15335927853427275,13,0.0
share_of_wallet,"[0.813485, 0.815016)",0.8134845500000001,0.81501638,-0.15335927853427275,12,16.666666666666664
share_of_wallet,"[0.815016, 0.816205)",0.81501638,0.816205335,-0.15335927853427275,13,15.384615384615385
share_of_wallet,"[0.816205, 0.818068)",0.816205335,0.81806797,-0.15335927853427275,12,0.0
share_of_wallet,"[0.818068, 0.819906)",0.81806797,0.8199064300000001,-0.15400240292520298,13,7.6923076923076925
share_of_wallet,"[0.819906, 0.821133)",0.8199064300000001,0.82113343,-0.1542114881305835,12,0.0
share_of_wallet,"[0.821133, 0.822651)",0.82113343,0.822651395,-0.15441757319227498,12,8.333333333333332
share_of_wallet,"[0.822651, 0.825051)",0.822651395,0.8250514250000001,-0.15441757319227498,13,15.384615384615385
share_of_wallet,"[0.825051, 0.826279)",0.8250514250000001,0.82627861,-0.15622497478488936,12,0.0
share_of_wallet,"[0.826279, 0.828255)",0.82627861,0.828255465,-0.15645425997909773,13,15.384615384615385
share_of_wallet,"[0.828255, 0.830293)",0.828255465,0.83029299,-0.15645425997909773,12,0.0
share_of_wallet,"[0.830293, 0.832273)",0.83029299,0.832273305,-0.15712174116329966,12,16.666666666666664
share_of_wallet,"[0.832273, 0.833369)",0.832273305,0.83336872,-0.15791081359368192,13,15.384615384615385
share_of_wallet,"[0.833369, 0.835772)",0.83336872,0.835772095,-0.1583906943035932,12,8.333333333333332
share_of_wallet,"[0.835772, 0.838051)",0.835772095,0.838050855,-0.1583906943035932,13,7.6923076923076925
share_of_wallet,"[0.838051, 0.840213)",0.838050855,0.8402135,-0.15866253759487947,12,16.666666666666664
share_of_wallet,"[0.840213, 0.841974)",0.8402135,0.84197407,-0.15866253759487947,13,7.6923076923076925
share_of_wallet,"[0.841974, 0.844107)",0.84197407,0.844106735,-0.15866253759487947,12,8.333333333333332
share_of_wallet,"[0.844107, 0.846602)",0.844106735,0.846602055,-0.15887025701218221,12,25.0
share_of_wallet,"[0.846602, 0.848597)",0.846602055,0.848596565,-0.15887025701218221,13,0.0
share_of_wallet,"[0.848597, 0.85014)",0.848596565,0.85013962,-0.15887025701218221,12,0.0
share_of_wallet,"[0.85014, 0.851445)",0.85013962,0.8514451000000001,-0.15887025701218221,13,7.6923076923076925
share_of_wallet,"[0.851445, 0.853412)",0.8514451000000001,0.853412185,-0.15887025701218221,12,8.333333333333332
share_of_wallet,"[0.853412, 0.855216)",0.853412185,0.85521571,-0.15912787768860642,13,7.6923076923076925
share_of_wallet,"[0.855216, 0.856657)",0.85521571,0.8566567199999999,-0.15981086249634674,12,16.666666666666664
share_of_wallet,"[0.856657, 0.858564)",0.8566567199999999,0.8585642099999999,-0.1602541996603972,12,8.333333333333332
share_of_wallet,"[0.858564, 0.861464)",0.8585642099999999,0.861464015,-0.1607438578411409,13,0.0
share_of_wallet,"[0.861464, 0.863115)",0.861464015,0.863115155,-0.1607438578411409,12,8.333333333333332
share_of_wallet,"[0.863115, 0.865435)",0.863115155,0.86543481,-0.1607438578411409,13,15.384615384615385
share_of_wallet,"[0.865435, 0.867329)",0.86543481,0.86732853,-0.1607438578411409,12,8.333333333333332
share_of_wallet,"[0.867329, 0.869866)",0.86732853,0.8698663849999999,-0.1607438578411409,12,16.666666666666664
share_of_wallet,"[0.869866, 0.872161)",0.8698663849999999,0.872161405,-0.16163227386190443,13,0.0
share_of_wallet,"[0.872161, 0.873949)",0.872161405,0.873949105,-0.1618964918796086,12,8.333333333333332
share_of_wallet,"[0.873949, 0.876816)",0.873949105,0.876815575,-0.16211229743084582,13,7.6923076923076925
share_of_wallet,"[0.876816, 0.877772)",0.876815575,0.87777171,-0.16252324958653122,12,0.0
share_of_wallet,"[0.877772, 0.880452)",0.87777171,0.880452485,-0.16252324958653122,13,0.0
share_of_wallet,"[0.880452, 0.883185)",0.880452485,0.883185365,-0.16275149358455737,12,25.0
share_of_wallet,"[0.883185, 0.885329)",0.883185365,0.8853286650000001,-0.16295735016372778,12,8.333333333333332
share_of_wallet,"[0.885329, 0.887059)",0.8853286650000001,0.887058965,-0.16329310727384183,13,23.076923076923077
share_of_wallet,"[0.887059, 0.889056)",0.887058965,0.8890562799999999,-0.16409671997912323,12,0.0
share_of_wallet,"[0.889056, 0.89092)",0.8890562799999999,0.89092012,-0.164729615568398,13,0.0
share_of_wallet,"[0.89092, 0.892283)",0.89092012,0.89228325,-0.16573561998126693,12,33.33333333333333
share_of_wallet,"[0.892283, 0.894382)",0.89228325,0.89438151,-0.16615480168147043,13,0.0
share_of_wallet,"[0.894382, 0.896517)",0.89438151,0.89651737,-0.1673830675368689,12,16.666666666666664
share_of_wallet,"[0.896517, 0.899408)",0.89651737,0.8994081599999999,-0.16775523403406536,12,16.666666666666664
share_of_wallet,"[0.899408, 0.901051)",0.8994081599999999,0.90105117,-0.16825253608158403,13,0.0
share_of_wallet,"[0.901051, 0.902735)",0.90105117,0.9027346549999999,-0.1694698994186572,12,8.333333333333332
share_of_wallet,"[0.902735, 0.906142)",0.9027346549999999,0.9061415,-0.1694698994186572,13,0.0
share_of_wallet,"[0.906142, 0.908685)",0.9061415,0.90868544,-0.1694698994186572,12,16.666666666666664
share_of_wallet,"[0.908685, 0.909795)",0.90868544,0.9097945350000001,-0.16990239289401257,13,23.076923076923077
share_of_wallet,"[0.909795, 0.913212)",0.9097945350000001,0.913211905,-0.1707001441349869,12,16.666666666666664
share_of_wallet,"[0.913212, 0.914506)",0.913211905,0.914505725,-0.17113614174680278,12,0.0
share_of_wallet,"[0.914506, 0.917178)",0.914505725,0.9171781299999999,-0.17113614174680278,13,7.6923076923076925
share_of_wallet,"[0.917178, 0.919754)",0.9171781299999999,0.9197543349999999,-0.17113614174680278,12,16.666666666666664
share_of_wallet,"[0.919754, 0.921818)",0.9197543349999999,0.92181778,-0.17214463632355262,13,0.0
share_of_wallet,"[0.921818, 0.925084)",0.92181778,0.92508384,-0.17214463632355262,12,8.333333333333332
share_of_wallet,"[0.925084, 0.928045)",0.92508384,0.9280452450000001,-0.17263982948769552,12,16.666666666666664
share_of_wallet,"[0.928045, 0.931049)",0.9280452450000001,0.9310485150000001,-0.17298674332262248,13,15.384615384615385
share_of_wallet,"[0.931049, 0.934521)",0.9310485150000001,0.93452068,-0.17339172322677407,12,16.666666666666664
share_of_wallet,"[0.934521, 0.937211)",0.93452068,0.937210675,-0.17416553768257326,13,0.0
share_of_wallet,"[0.937211, 0.940091)",0.937210675,0.9400906099999999,-0.17416553768257326,12,16.666666666666664
share_of_wallet,"[0.940091, 0.943793)",0.9400906099999999,0.9437934,-0.1748279394832955,13,30.76923076923077
share_of_wallet,"[0.943793, 0.947528)",0.9437934,0.947527785,-0.17567781090589582,13,0.0
share_of_wallet,"[0.947528, 0.951172)",0.947527785,0.951172175,-0.1760015000946623,13,7.6923076923076925
share_of_wallet,"[0.951172, 0.955739)",0.951172175,0.9557386800000001,-0.17644728304724616,13,23.076923076923077
share_of_wallet,"[0.955739, 0.959835)",0.9557386800000001,0.959835225,-0.17682590485010477,13,15.384615384615385
share_of_wallet,"[0.959835, 0.964966)",0.959835225,0.964966485,-0.1776389130467897,13,7.6923076923076925
share_of_wallet,"[0.964966, 0.968535)",0.964966485,0.968535495,-0.17810295637096743,13,7.6923076923076925
share_of_wallet,"[0.968535, 0.970908)",0.968535495,0.970907595,-0.17810295637096743,13,15.384615384615385
share_of_wallet,"[0.970908, 0.975524)",0.970907595,0.97552444,-0.17853181696518292,13,7.6923076923076925
share_of_wallet,"[0.975524, 0.979539)",0.97552444,0.97953926,-0.17853181696518292,13,30.76923076923077
share_of_wallet,"[0.979539, 0.983761)",0.97953926,0.983761415,-0.1791509088853054,13,15.384615384615385
share_of_wallet,"[0.983761, 0.988486)",0.983761415,0.988485905,-0.21267374518105772,13,15.384615384615385
share_of_wallet,"[0.988486, 0.992302)",0.988485905,0.992301535,-0.3495693596047368,13,0.0
share_of_wallet,"[0.992302, 0.99631)",0.992301535,0.99631041,-0.3495693596047368,13,0.0
share_of_wallet,"[0.99631, 0.999965)",0.99631041,0.999964955,-0.34999891879700445,13,0.0
share_of_wallet,"[0.999965, inf)",0.999964955,inf,-0.34999891879700445,799,7.3842302878598245
transfer_to_competitor_pct_90d,"[-inf, 7.265e-06)",-inf,7.265e-06,-0.08645813261820388,2111,12.932259592610137
transfer_to_competitor_pct_90d,"[7.265e-06, 0.00023908)",7.265e-06,0.00023908000000000002,-0.08645813261820388,12,8.333333333333332
transfer_to_competitor_pct_90d,"[0.00023908, 0.00032191)",0.00023908000000000002,0.00032191,-0.08645813261820388,12,0.0
transfer_to_competitor_pct_90d,"[0.00032191, 0.000396795)",0.00032191,0.000396795,-0.08645813261820388,12,16.666666666666664
transfer_to_competitor_pct_90d,"[0.000396795, 0.0004487)",0.000396795,0.0004487,-0.08635130095918954,12,8.333333333333332
transfer_to_competitor_pct_90d,"[0.0004487, 0.000477725)",0.0004487,0.000477725,-0.08635130095918954,11,9.090909090909092
transfer_to_competitor_pct_90d,"[0.000477725, 0.00050569)",0.000477725,0.00050569,-0.08635130095918954,11,0.0
transfer_to_competitor_pct_90d,"[0.00050569, 0.00056321)",0.00050569,0.00056321,-0.08635130095918954,11,0.0
transfer_to_competitor_pct_90d,"[0.00056321, 0.00061044)",0.00056321,0.00061044,-0.08633055338411919,11,18.181818181818183
transfer_to_competitor_pct_90d,"[0.00061044, 0.000654555)",0.00061044,0.000654555,-0.08633055338411919,11,18.181818181818183
transfer_to_competitor_pct_90d,"[0.000654555, 0.000693145)",0.000654555,0.000693145,-0.08633055338411919,11,18.181818181818183
transfer_to_competitor_pct_90d,"[0.000693145, 0.00075312)",0.000693145,0.0007531199999999999,-0.08633055338411919,12,8.333333333333332
transfer_to_competitor_pct_90d,"[0.00075312, 0.000789305)",0.0007531199999999999,0.000789305,-0.08625199433201511,11,27.27272727272727
transfer_to_competitor_pct_90d,"[0.000789305, 0.000822905)",0.000789305,0.0008229050000000001,-0.08620166402342169,11,18.181818181818183
transfer_to_competitor_pct_90d,"[0.000822905, 0.000849365)",0.0008229050000000001,0.0008493649999999999,-0.08620166402342169,11,54.54545454545454
transfer_to_competitor_pct_90d,"[0.000849365, 0.00088313)",0.0008493649999999999,0.00088313,-0.08620166402342169,11,0.0
transfer_to_competitor_pct_90d,"[0.00088313, 0.000909705)",0.00088313,0.000909705,-0.08611377043482375,11,0.0
transfer_to_competitor_pct_90d,"[0.000909705, 0.000935625)",0.000909705,0.000935625,-0.08611377043482375,11,18.181818181818183
transfer_to_competitor_pct_90d,"[0.000935625, 0.000966355)",0.000935625,0.000966355,-0.08609782448797583,12,8.333333333333332
transfer_to_competitor_pct_90d,"[0.000966355, 0.00100271)",0.000966355,0.001002715,-0.08609782448797583,11,18.181818181818183
transfer_to_competitor_pct_90d,"[0.00100271, 0.00102871)",0.001002715,0.00102871,-0.08604431232436321,11,0.0
transfer_to_competitor_pct_90d,"[0.00102871, 0.00105139)",0.00102871,0.0010513900000000001,-0.08604431232436321,11,0.0
transfer_to_competitor_pct_90d,"[0.00105139, 0.0010812)",0.0010513900000000001,0.001081195,-0.08604431232436321,11,9.090909090909092
transfer_to_competitor_pct_90d,"[0.0010812, 0.00110151)",0.001081195,0.00110151,-0.08600681522277907,11,18.181818181818183
transfer_to_competitor_pct_90d,"[0.00110151, 0.00113433)",0.00110151,0.001134325,-0.08596537502760353,11,9.090909090909092
transfer_to_competitor_pct_90d,"[0.00113433, 0.00116847)",0.001134325,0.001168465,-0.08596537502760353,12,16.666666666666664
transfer_to_competitor_pct_90d,"[0.00116847, 0.00118746)",0.001168465,0.00118746,-0.08587049526040674,11,0.0
transfer_to_competitor_pct_90d,"[0.00118746, 0.00121479)",0.00118746,0.0012147949999999999,-0.08584008779199467,11,9.090909090909092
transfer_to_competitor_pct_90d,"[0.00121479, 0.0012312)",0.0012147949999999999,0.001231205,-0.08584008779199467,11,9.090909090909092
transfer_to_competitor_pct_90d,"[0.0012312, 0.00126164)",0.001231205,0.00126164,-0.08584008779199467,11,18.181818181818183
transfer_to_competitor_pct_90d,"[0.00126164, 0.00127446)",0.00126164,0.00127446,-0.08582531991824856,11,9.090909090909092
transfer_to_competitor_pct_90d,"[0.00127446, 0.00129337)",0.00127446,0.0012933699999999998,-0.08582337283532696,11,9.090909090909092
transfer_to_competitor_pct_90d,"[0.00129337, 0.00131693)",0.0012933699999999998,0.00131693,-0.0857210151888623,11,0.0
transfer_to_competitor_pct_90d,"[0.00131693, 0.00134446)",0.00131693,0.001344465,-0.0857210151888623,12,0.0
transfer_to_competitor_pct_90d,"[0.00134446, 0.00136247)",0.001344465,0.0013624700000000002,-0.0857210151888623,11,9.090909090909092
transfer_to_competitor_pct_90d,"[0.00136247, 0.00137682)",0.0013624700000000002,0.00137682,-0.08563086669859228,11,18.181818181818183
transfer_to_competitor_pct_90d,"[0.00137682, 0.00138878)",0.00137682,0.001388775,-0.08544610925422441,11,18.181818181818183
transfer_to_competitor_pct_90d,"[0.00138878, 0.00140166)",0.001388775,0.0014016649999999999,-0.08540840759341543,11,27.27272727272727
transfer_to_competitor_pct_90d,"[0.00140166, 0.00142566)",0.0014016649999999999,0.001425655,-0.08540840759341543,11,36.36363636363637
transfer_to_competitor_pct_90d,"[0.00142566, 0.00145044)",0.001425655,0.0014504449999999999,-0.08540840759341543,11,9.090909090909092
transfer_to_competitor_pct_90d,"[0.00145044, 0.00147307)",0.0014504449999999999,0.001473075,-0.08540840759341543,12,8.333333333333332
transfer_to_competitor_pct_90d,"[0.00147307, 0.00149336)",0.001473075,0.001493365,-0.08540840759341543,11,0.0
transfer_to_competitor_pct_90d,"[0.00149336, 0.00151448)",0.001493365,0.00151448,-0.08531586020642506,11,27.27272727272727
transfer_to_competitor_pct_90d,"[0.00151448, 0.00152728)",0.00151448,0.00152728,-0.08531586020642506,11,0.0
transfer_to_competitor_pct_90d,"[0.00152728, 0.00155229)",0.00152728,0.001552295,-0.08531586020642506,11,18.181818181818183
transfer_to_competitor_pct_90d,"[0.00155229, 0.00158513)",0.001552295,0.0015851300000000001,-0.08531586020642506,11,18.181818181818183
transfer_to_competitor_pct_90d,"[0.00158513, 0.00160947)",0.0015851300000000001,0.001609465,-0.08531586020642506,11,18.181818181818183
transfer_to_competitor_pct_90d,"[0.00160947, 0.0016291)",0.001609465,0.0016291,-0.0852851070254105,12,8.333333333333332
transfer_to_competitor_pct_90d,"[0.0016291, 0.00164457)",0.0016291,0.0016445650000000002,-0.0852851070254105,11,0.0
transfer_to_competitor_pct_90d,"[0.00164457, 0.00165589)",0.0016445650000000002,0.0016558900000000001,-0.0852009589500203,11,9.090909090909092
transfer_to_competitor_pct_90d,"[0.00165589, 0.0016669)",0.0016558900000000001,0.0016669,-0.08518441877778635,11,9.090909090909092
transfer_to_competitor_pct_90d,"[0.0016669, 0.00167981)",0.0016669,0.00167981,-0.08513893870114515,11,0.0
transfer_to_competitor_pct_90d,"[0.00167981, 0.00169693)",0.00167981,0.0016969250000000002,-0.08508487218846095,11,0.0
transfer_to_competitor_pct_90d,"[0.00169693, 0.00171585)",0.0016969250000000002,0.0017158450000000001,-0.08508487218846095,11,9.090909090909092
transfer_to_competitor_pct_90d,"[0.00171585, 0.00173068)",0.0017158450000000001,0.00173068,-0.08508487218846095,12,8.333333333333332
transfer_to_competitor_pct_90d,"[0.00173068, 0.00175107)",0.00173068,0.001751075,-0.08508487218846095,12,0.0
transfer_to_competitor_pct_90d,"[0.00175107, 0.00177737)",0.001751075,0.00177737,-0.0850320889710729,11,9.090909090909092
transfer_to_competitor_pct_90d,"[0.00177737, 0.00179305)",0.00177737,0.00179305,-0.0849709064072257,11,0.0
transfer_to_competitor_pct_90d,"[0.00179305, 0.00181445)",0.00179305,0.001814455,-0.0849709064072257,11,0.0
transfer_to_competitor_pct_90d,"[0.00181445, 0.00183625)",0.001814455,0.0018362500000000002,-0.0849695200698634,11,9.090909090909092
transfer_to_competitor_pct_90d,"[0.00183625, 0.0018565)",0.0018362500000000002,0.001856495,-0.08479719007220075,11,18.181818181818183
transfer_to_competitor_pct_90d,"[0.0018565, 0.00187174)",0.001856495,0.001871745,-0.08479719007220075,11,9.090909090909092
transfer_to_competitor_pct_90d,"[0.00187174, 0.00187975)",0.001871745,0.0018797549999999999,-0.08477632509315523,11,18.181818181818183
transfer_to_competitor_pct_90d,"[0.00187975, 0.00190124)",0.0018797549999999999,0.001901245,-0.08477632509315523,11,9.090909090909092
transfer_to_competitor_pct_90d,"[0.00190124, 0.00191711)",0.001901245,0.00191711,-0.08475235458220333,11,0.0
transfer_to_competitor_pct_90d,"[0.00191711, 0.00193534)",0.00191711,0.001935335,-0.08475235458220333,11,0.0
transfer_to_competitor_pct_90d,"[0.00193534, 0.00195757)",0.001935335,0.00195757,-0.08465812501921434,11,9.090909090909092
transfer_to_competitor_pct_90d,"[0.00195757, 0.00197891)",0.00195757,0.00197891,-0.08456865312223681,11,9.090909090909092
transfer_to_competitor_pct_90d,"[0.00197891, 0.0020032)",0.00197891,0.0020032,-0.08448591780331449,11,18.181818181818183
transfer_to_competitor_pct_90d,"[0.0020032, 0.00202583)",0.0020032,0.002025825,-0.08448591780331449,11,0.0
transfer_to_competitor_pct_90d,"[0.00202583, 0.00203882)",0.002025825,0.0020388150000000002,-0.08448591780331449,11,9.090909090909092
transfer_to_competitor_pct_90d,"[0.00203882, 0.00205738)",0.0020388150000000002,0.002057375,-0.08424644667826264,11,18.181818181818183
transfer_to_competitor_pct_90d,"[0.00205738, 0.00208342)",0.002057375,0.002083425,-0.08423473328087602,12,16.666666666666664
transfer_to_competitor_pct_90d,"[0.00208342, 0.00209421)",0.002083425,0.002094215,-0.08423473328087602,11,0.0
transfer_to_competitor_pct_90d,"[0.00209421, 0.00210524)",0.002094215,0.002105245,-0.08423473328087602,11,18.181818181818183
transfer_to_competitor_pct_90d,"[0.00210524, 0.00212969)",0.002105245,0.002129685,-0.08408355234039536,11,27.27272727272727
transfer_to_competitor_pct_90d,"[0.00212969, 0.00214759)",0.002129685,0.002147595,-0.0840176045054794,12,8.333333333333332
transfer_to_competitor_pct_90d,"[0.00214759, 0.00216634)",0.002147595,0.00216634,-0.0840176045054794,11,0.0
transfer_to_competitor_pct_90d,"[0.00216634, 0.00218518)",0.00216634,0.00218518,-0.0840176045054794,11,9.090909090909092
transfer_to_competitor_pct_90d,"[0.00218518, 0.00220156)",0.00218518,0.00220156,-0.0840176045054794,11,9.090909090909092
transfer_to_competitor_pct_90d,"[0.00220156, 0.00222738)",0.00220156,0.002227375,-0.08387952405335874,11,18.181818181818183
transfer_to_competitor_pct_90d,"[0.00222738, 0.00223929)",0.002227375,0.00223929,-0.08379686825708142,11,9.090909090909092
transfer_to_competitor_pct_90d,"[0.00223929, 0.00225262)",0.00223929,0.0022526200000000003,-0.08379686825708142,11,18.181818181818183
transfer_to_competitor_pct_90d,"[0.00225262, 0.00226405)",0.0022526200000000003,0.002264045,-0.08373010886748045,11,9.090909090909092
transfer_to_competitor_pct_90d,"[0.00226405, 0.00227719)",0.002264045,0.00227719,-0.08373010886748045,12,8.333333333333332
transfer_to_competitor_pct_90d,"[0.00227719, 0.00229798)",0.00227719,0.00229798,-0.08336976634674372,11,18.181818181818183
transfer_to_competitor_pct_90d,"[0.00229798, 0.00230382)",0.00229798,0.002303825,-0.08323535519085609,11,18.181818181818183
transfer_to_competitor_pct_90d,"[0.00230382, 0.00231915)",0.002303825,0.00231915,-0.08323535519085609,11,9.090909090909092
transfer_to_competitor_pct_90d,"[0.00231915, 0.00233498)",0.00231915,0.00233498,-0.08323535519085609,11,27.27272727272727
transfer_to_competitor_pct_90d,"[0.00233498, 0.00235007)",0.00233498,0.00235007,-0.0831034755870697,11,18.181818181818183
transfer_to_competitor_pct_90d,"[0.00235007, 0.00237118)",0.00235007,0.00237118,-0.0831034755870697,11,0.0
transfer_to_competitor_pct_90d,"[0.00237118, 0.0023936)",0.00237118,0.002393595,-0.08309536823795316,11,18.181818181818183
transfer_to_competitor_pct_90d,"[0.0023936, 0.00241749)",0.002393595,0.002417495,-0.08306176223155974,11,18.181818181818183
transfer_to_competitor_pct_90d,"[0.00241749, 0.00242624)",0.002417495,0.002426235,-0.08304325276764846,11,0.0
transfer_to_competitor_pct_90d,"[0.00242624, 0.00244207)",0.002426235,0.002442065,-0.08304325276764846,11,9.090909090909092
transfer_to_competitor_pct_90d,"[0.00244207, 0.00245619)",0.002442065,0.002456185,-0.08274544627607401,11,9.090909090909092
transfer_to_competitor_pct_90d,"[0.00245619, 0.00246562)",0.002456185,0.002465625,-0.08269420511311724,11,9.090909090909092
transfer_to_competitor_pct_90d,"[0.00246562, 0.00247559)",0.002465625,0.0024755899999999997,-0.08257534079766103,11,9.090909090909092
transfer_to_competitor_pct_90d,"[0.00247559, 0.00249658)",0.0024755899999999997,0.002496575,-0.08256172272355009,11,9.090909090909092
transfer_to_competitor_pct_90d,"[0.00249658, 0.00251244)",0.002496575,0.0025124350000000004,-0.08251709624286908,11,0.0
transfer_to_competitor_pct_90d,"[0.00251244, 0.00253192)",0.0025124350000000004,0.00253192,-0.08234432097159815,11,27.27272727272727
transfer_to_competitor_pct_90d,"[0.00253192, 0.00254719)",0.00253192,0.002547195,-0.08233842899087217,11,0.0
transfer_to_competitor_pct_90d,"[0.00254719, 0.00257026)",0.002547195,0.002570255,-0.08233842899087217,11,9.090909090909092
transfer_to_competitor_pct_90d,"[0.00257026, 0.00258177)",0.002570255,0.002581765,-0.08233842899087217,11,9.090909090909092
transfer_to_competitor_pct_90d,"[0.00258177, 0.00260108)",0.002581765,0.002601085,-0.08233442170209755,11,9.090909090909092
transfer_to_competitor_pct_90d,"[0.00260108, 0.00261806)",0.002601085,0.00261806,-0.08233442170209755,11,9.090909090909092
transfer_to_competitor_pct_90d,"[0.00261806, 0.00263013)",0.00261806,0.002630125,-0.08232031138029018,11,0.0
transfer_to_competitor_pct_90d,"[0.00263013, 0.00264254)",0.002630125,0.00264254,-0.08232031138029018,11,18.181818181818183
transfer_to_competitor_pct_90d,"[0.00264254, 0.00265617)",0.00264254,0.0026561700000000002,-0.08215356434286396,11,27.27272727272727
transfer_to_competitor_pct_90d,"[0.00265617, 0.00267434)",0.0026561700000000002,0.00267434,-0.08215356434286396,11,9.090909090909092
transfer_to_competitor_pct_90d,"[0.00267434, 0.00268261)",0.00267434,0.00268261,-0.08215356434286396,11,9.090909090909092
transfer_to_competitor_pct_90d,"[0.00268261, 0.00269509)",0.00268261,0.00269509,-0.08213188579953243,11,9.090909090909092
transfer_to_competitor_pct_90d,"[0.00269509, 0.00270601)",0.00269509,0.00270601,-0.08207359305859938,11,9.090909090909092
transfer_to_competitor_pct_90d,"[0.00270601, 0.00271607)",0.00270601,0.00271607,-0.08207359305859938,11,9.090909090909092
transfer_to_competitor_pct_90d,"[0.00271607, 0.00273661)",0.00271607,0.00273661,-0.08207359305859938,11,36.36363636363637
transfer_to_competitor_pct_90d,"[0.00273661, 0.00274504)",0.00273661,0.0027450449999999998,-0.08207359305859938,11,0.0
transfer_to_competitor_pct_90d,"[0.00274504, 0.00275725)",0.0027450449999999998,0.00275725,-0.08196824501480855,11,18.181818181818183
transfer_to_competitor_pct_90d,"[0.00275725, 0.00276571)",0.00275725,0.0027657100000000002,-0.08196824501480855,11,9.090909090909092
transfer_to_competitor_pct_90d,"[0.00276571, 0.00277769)",0.0027657100000000002,0.00277769,-0.08194182934083985,11,27.27272727272727
transfer_to_competitor_pct_90d,"[0.00277769, 0.00279506)",0.00277769,0.0027950600000000003,-0.08194182934083985,11,9.090909090909092
transfer_to_competitor_pct_90d,"[0.00279506, 0.00281314)",0.0027950600000000003,0.002813135,-0.08194182934083985,11,9.090909090909092
transfer_to_competitor_pct_90d,"[0.00281314, 0.00283396)",0.002813135,0.002833965,-0.08181289907804937,11,9.090909090909092
transfer_to_competitor_pct_90d,"[0.00283396, 0.00284853)",0.002833965,0.002848525,-0.08181289907804937,11,18.181818181818183
transfer_to_competitor_pct_90d,"[0.00284853, 0.00285707)",0.002848525,0.0028570749999999997,-0.0817896785779714,11,36.36363636363637
transfer_to_competitor_pct_90d,"[0.00285707, 0.00287417)",0.0028570749999999997,0.002874165,-0.08175404007170559,11,27.27272727272727
transfer_to_competitor_pct_90d,"[0.00287417, 0.0028941)",0.002874165,0.002894095,-0.08164248133496108,11,27.27272727272727
transfer_to_competitor_pct_90d,"[0.0028941, 0.00290761)",0.002894095,0.0029076149999999997,-0.08164248133496108,11,0.0
transfer_to_competitor_pct_90d,"[0.00290761, 0.00292511)",0.0029076149999999997,0.00292511,-0.08162368148256474,11,9.090909090909092
transfer_to_competitor_pct_90d,"[0.00292511, 0.00293868)",0.00292511,0.002938685,-0.08160967662058324,11,27.27272727272727
transfer_to_competitor_pct_90d,"[0.00293868, 0.0029551)",0.002938685,0.002955095,-0.08160967662058324,11,0.0
transfer_to_competitor_pct_90d,"[0.0029551, 0.00296807)",0.002955095,0.0029680749999999997,-0.08160967662058324,12,25.0
transfer_to_competitor_pct_90d,"[0.00296807, 0.00298957)",0.0029680749999999997,0.002989575,-0.0814649807112198,11,9.090909090909092
transfer_to_competitor_pct_90d,"[0.00298957, 0.00300283)",0.002989575,0.0030028299999999997,-0.0814649807112198,11,9.090909090909092
transfer_to_competitor_pct_90d,"[0.00300283, 0.0030244)",0.0030028299999999997,0.003024405,-0.08141901701598618,11,9.090909090909092
transfer_to_competitor_pct_90d,"[0.0030244, 0.00303441)",0.003024405,0.003034405,-0.08141901701598618,11,9.090909090909092
transfer_to_competitor_pct_90d,"[0.00303441, 0.00304816)",0.003034405,0.0030481600000000003,-0.08127555497925952,11,27.27272727272727
transfer_to_competitor_pct_90d,"[0.00304816, 0.00306591)",0.0030481600000000003,0.00306591,-0.08120296690780505,11,36.36363636363637
transfer_to_competitor_pct_90d,"[0.00306591, 0.00309298)",0.00306591,0.00309298,-0.08120296690780505,12,25.0
transfer_to_competitor_pct_90d,"[0.00309298, 0.00310777)",0.00309298,0.00310777,-0.08115900429409223,11,18.181818181818183
transfer_to_competitor_pct_90d,"[0.00310777, 0.00311831)",0.00310777,0.003118315,-0.08115900429409223,11,9.090909090909092
transfer_to_competitor_pct_90d,"[0.00311831, 0.00314093)",0.003118315,0.003140925,-0.08115900429409223,11,27.27272727272727
transfer_to_competitor_pct_90d,"[0.00314093, 0.0031578)",0.003140925,0.0031577999999999997,-0.08104683450520708,11,9.090909090909092
transfer_to_competitor_pct_90d,"[0.0031578, 0.00317465)",0.0031577999999999997,0.00317465,-0.08104683450520708,11,9.090909090909092
transfer_to_competitor_pct_90d,"[0.00317465, 0.00319144)",0.00317465,0.0031914400000000002,-0.0808986370262233,11,9.090909090909092
transfer_to_competitor_pct_90d,"[0.00319144, 0.0032167)",0.0031914400000000002,0.0032167000000000003,-0.0808986370262233,12,25.0
transfer_to_competitor_pct_90d,"[0.0032167, 0.00323421)",0.0032167000000000003,0.0032342100000000004,-0.0808986370262233,11,27.27272727272727
transfer_to_competitor_pct_90d,"[0.00323421, 0.00324188)",0.0032342100000000004,0.00324188,-0.08079818614523199,11,9.090909090909092
transfer_to_competitor_pct_90d,"[0.00324188, 0.00325133)",0.00324188,0.0032513250000000002,-0.08079818614523199,11,9.090909090909092
transfer_to_competitor_pct_90d,"[0.00325133, 0.00326596)",0.0032513250000000002,0.003265955,-0.08079818614523199,11,9.090909090909092
transfer_to_competitor_pct_90d,"[0.00326596, 0.00328397)",0.003265955,0.0032839749999999997,-0.0807486165994178,11,9.090909090909092
transfer_to_competitor_pct_90d,"[0.00328397, 0.00328904)",0.0032839749999999997,0.00328904,-0.0807486165994178,11,36.36363636363637
transfer_to_competitor_pct_90d,"[0.00328904, 0.00330649)",0.00328904,0.00330649,-0.0807486165994178,11,9.090909090909092
transfer_to_competitor_pct_90d,"[0.00330649, 0.00332212)",0.00330649,0.003322115,-0.0807486165994178,12,0.0
transfer_to_competitor_pct_90d,"[0.00332212, 0.00333654)",0.003322115,0.00333654,-0.08069746543921087,11,9.090909090909092
transfer_to_competitor_pct_90d,"[0.00333654, 0.0033474)",0.00333654,0.003347405,-0.08069746543921087,11,0.0
transfer_to_competitor_pct_90d,"[0.0033474, 0.00336724)",0.003347405,0.00336724,-0.08057922607604319,11,9.090909090909092
transfer_to_competitor_pct_90d,"[0.00336724, 0.00338417)",0.00336724,0.0033841749999999997,-0.08049457951327474,11,0.0
transfer_to_competitor_pct_90d,"[0.00338417, 0.00339292)",0.0033841749999999997,0.0033929249999999998,-0.08039424181175449,11,0.0
transfer_to_competitor_pct_90d,"[0.00339292, 0.00340804)",0.0033929249999999998,0.00340804,-0.08036858063302274,11,18.181818181818183
transfer_to_competitor_pct_90d,"[0.00340804, 0.00342092)",0.00340804,0.003420915,-0.08036858063302274,12,8.333333333333332
transfer_to_competitor_pct_90d,"[0.00342092, 0.00343303)",0.003420915,0.00343303,-0.08036185032098084,11,9.090909090909092
transfer_to_competitor_pct_90d,"[0.00343303, 0.00345248)",0.00343303,0.00345248,-0.08030182066302473,11,9.090909090909092
transfer_to_competitor_pct_90d,"[0.00345248, 0.00346898)",0.00345248,0.00346898,-0.080158833109775,11,9.090909090909092
transfer_to_competitor_pct_90d,"[0.00346898, 0.00348395)",0.00346898,0.003483955,-0.080158833109775,11,18.181818181818183
transfer_to_competitor_pct_90d,"[0.00348395, 0.00349512)",0.003483955,0.00349512,-0.0800442148385167,11,0.0
transfer_to_competitor_pct_90d,"[0.00349512, 0.00350691)",0.00349512,0.0035069100000000002,-0.08003139350848844,11,0.0
transfer_to_competitor_pct_90d,"[0.00350691, 0.00352277)",0.0035069100000000002,0.0035227699999999997,-0.08003139350848844,12,8.333333333333332
transfer_to_competitor_pct_90d,"[0.00352277, 0.00353833)",0.0035227699999999997,0.003538325,-0.07982256015624718,11,9.090909090909092
transfer_to_competitor_pct_90d,"[0.00353833, 0.00355439)",0.003538325,0.00355439,-0.07968415970082682,11,9.090909090909092
transfer_to_competitor_pct_90d,"[0.00355439, 0.00357383)",0.00355439,0.003573825,-0.07968415970082682,11,0.0
transfer_to_competitor_pct_90d,"[0.00357383, 0.00359064)",0.003573825,0.003590635,-0.07967871609905341,11,9.090909090909092
transfer_to_competitor_pct_90d,"[0.00359064, 0.00360461)",0.003590635,0.0036046100000000003,-0.07967871609905341,11,0.0
transfer_to_competitor_pct_90d,"[0.00360461, 0.00361548)",0.0036046100000000003,0.00361548,-0.07967871609905341,11,18.181818181818183
transfer_to_competitor_pct_90d,"[0.00361548, 0.00362979)",0.00361548,0.003629795,-0.07952966647035736,11,0.0
transfer_to_competitor_pct_90d,"[0.00362979, 0.00364226)",0.003629795,0.003642255,-0.07949371902460041,12,0.0
transfer_to_competitor_pct_90d,"[0.00364226, 0.00365368)",0.003642255,0.0036536750000000003,-0.07948840841865273,11,9.090909090909092
transfer_to_competitor_pct_90d,"[0.00365368, 0.00366423)",0.0036536750000000003,0.00366423,-0.07948684449498328,11,0.0
transfer_to_competitor_pct_90d,"[0.00366423, 0.00368108)",0.00366423,0.0036810849999999997,-0.07948684449498328,11,18.181818181818183
transfer_to_competitor_pct_90d,"[0.00368108, 0.00369879)",0.0036810849999999997,0.003698785,-0.07948684449498328,11,18.181818181818183
transfer_to_competitor_pct_90d,"[0.00369879, 0.00371287)",0.003698785,0.00371287,-0.07948032159228424,11,0.0
transfer_to_competitor_pct_90d,"[0.00371287, 0.00373458)",0.00371287,0.00373458,-0.07941184720507992,11,9.090909090909092
transfer_to_competitor_pct_90d,"[0.00373458, 0.00374489)",0.00373458,0.00374489,-0.07917226054425239,12,8.333333333333332
transfer_to_competitor_pct_90d,"[0.00374489, 0.00376005)",0.00374489,0.00376005,-0.07917226054425239,11,18.181818181818183
transfer_to_competitor_pct_90d,"[0.00376005, 0.00377074)",0.00376005,0.00377074,-0.07908629658698615,11,0.0
transfer_to_competitor_pct_90d,"[0.00377074, 0.003781)",0.00377074,0.0037809999999999996,-0.07908629658698615,11,0.0
transfer_to_competitor_pct_90d,"[0.003781, 0.00379597)",0.0037809999999999996,0.00379597,-0.07908629658698615,11,0.0
transfer_to_competitor_pct_90d,"[0.00379597, 0.00380716)",0.00379597,0.003807165,-0.07870510404817721,11,9.090909090909092
transfer_to_competitor_pct_90d,"[0.00380716, 0.00382839)",0.003807165,0.00382839,-0.07831396923913246,11,18.181818181818183
transfer_to_competitor_pct_90d,"[0.00382839, 0.00384477)",0.00382839,0.003844775,-0.07831396923913246,12,0.0
transfer_to_competitor_pct_90d,"[0.00384477, 0.0038588)",0.003844775,0.003858805,-0.07831396923913246,11,18.181818181818183
transfer_to_competitor_pct_90d,"[0.0038588, 0.00387185)",0.003858805,0.003871845,-0.07831396923913246,11,9.090909090909092
transfer_to_competitor_pct_90d,"[0.00387185, 0.00388661)",0.003871845,0.00388661,-0.07804170245643338,11,9.090909090909092
transfer_to_competitor_pct_90d,"[0.00388661, 0.00390252)",0.00388661,0.003902515,-0.07787373300680578,11,18.181818181818183
transfer_to_competitor_pct_90d,"[0.00390252, 0.00391949)",0.003902515,0.003919489999999999,-0.07784760359541734,11,0.0
transfer_to_competitor_pct_90d,"[0.00391949, 0.00393785)",0.003919489999999999,0.003937845000000001,-0.07784760359541734,11,9.090909090909092
transfer_to_competitor_pct_90d,"[0.00393785, 0.00395495)",0.003937845000000001,0.003954955,-0.07784760359541734,11,18.181818181818183
transfer_to_competitor_pct_90d,"[0.00395495, 0.00396545)",0.003954955,0.003965450000000001,-0.07781792001149183,12,8.333333333333332
transfer_to_competitor_pct_90d,"[0.00396545, 0.00397841)",0.003965450000000001,0.00397841,-0.07781792001149183,11,9.090909090909092
transfer_to_competitor_pct_90d,"[0.00397841, 0.0039909)",0.00397841,0.0039909,-0.0777092975444909,11,0.0
transfer_to_competitor_pct_90d,"[0.0039909, 0.00400851)",0.0039909,0.00400851,-0.07765480718336792,11,9.090909090909092
transfer_to_competitor_pct_90d,"[0.00400851, 0.0040209)",0.00400851,0.004020905,-0.07733513021165184,11,0.0
transfer_to_competitor_pct_90d,"[0.0040209, 0.00403156)",0.004020905,0.004031565,-0.07733513021165184,11,18.181818181818183
transfer_to_competitor_pct_90d,"[0.00403156, 0.00404544)",0.004031565,0.00404544,-0.07716762108474523,11,36.36363636363637
transfer_to_competitor_pct_90d,"[0.00404544, 0.00405216)",0.00404544,0.004052160000000001,-0.07716762108474523,12,16.666666666666664
transfer_to_competitor_pct_90d,"[0.00405216, 0.00406098)",0.004052160000000001,0.004060985,-0.07682601141320525,12,0.0
transfer_to_competitor_pct_90d,"[0.00406098, 0.00407605)",0.004060985,0.0040760499999999995,-0.07682601141320525,12,16.666666666666664
transfer_to_competitor_pct_90d,"[0.00407605, 0.0040853)",0.0040760499999999995,0.0040853,-0.07644289654114798,11,18.181818181818183
transfer_to_competitor_pct_90d,"[0.0040853, 0.00409268)",0.0040853,0.00409268,-0.07622030332471491,11,18.181818181818183
transfer_to_competitor_pct_90d,"[0.00409268, 0.00410228)",0.00409268,0.00410228,-0.07622030332471491,11,0.0
transfer_to_competitor_pct_90d,"[0.00410228, 0.00412039)",0.00410228,0.00412039,-0.0758811395066478,11,9.090909090909092
transfer_to_competitor_pct_90d,"[0.00412039, 0.00414089)",0.00412039,0.004140885,-0.07563127577227308,11,18.181818181818183
transfer_to_competitor_pct_90d,"[0.00414089, 0.00416212)",0.004140885,0.004162115,-0.07539449654746819,11,9.090909090909092
transfer_to_competitor_pct_90d,"[0.00416212, 0.00417666)",0.004162115,0.0041766649999999995,-0.07534190677358032,11,9.090909090909092
transfer_to_competitor_pct_90d,"[0.00417666, 0.00419406)",0.0041766649999999995,0.004194055,-0.07519278530182943,11,9.090909090909092
transfer_to_competitor_pct_90d,"[0.00419406, 0.00420918)",0.004194055,0.004209185,-0.07519278530182943,11,9.090909090909092
transfer_to_competitor_pct_90d,"[0.00420918, 0.00422154)",0.004209185,0.004221539999999999,-0.07502023074007418,11,0.0
transfer_to_competitor_pct_90d,"[0.00422154, 0.00423829)",0.004221539999999999,0.0042382900000000005,-0.07502023074007418,11,36.36363636363637
transfer_to_competitor_pct_90d,"[0.00423829, 0.00424712)",0.0042382900000000005,0.004247115,-0.07472990083747139,11,0.0
transfer_to_competitor_pct_90d,"[0.00424712, 0.00426181)",0.004247115,0.0042618050000000005,-0.07459443980461615,11,0.0
transfer_to_competitor_pct_90d,"[0.00426181, 0.00427566)",0.0042618050000000005,0.004275665,-0.07452327267601572,11,18.181818181818183
transfer_to_competitor_pct_90d,"[0.00427566, 0.00429317)",0.004275665,0.004293175,-0.07432123242840787,11,0.0
transfer_to_competitor_pct_90d,"[0.00429317, 0.00431669)",0.004293175,0.00431669,-0.07432123242840787,11,9.090909090909092
transfer_to_competitor_pct_90d,"[0.00431669, 0.00432957)",0.00431669,0.00432957,-0.07415031212797363,11,0.0
transfer_to_competitor_pct_90d,"[0.00432957, 0.00433656)",0.00432957,0.00433656,-0.07415031212797363,11,9.090909090909092
transfer_to_competitor_pct_90d,"[0.00433656, 0.00435326)",0.00433656,0.00435326,-0.07415031212797363,11,0.0
transfer_to_competitor_pct_90d,"[0.00435326, 0.00436543)",0.00435326,0.00436543,-0.07415031212797363,11,0.0
transfer_to_competitor_pct_90d,"[0.00436543, 0.00437965)",0.00436543,0.004379655,-0.07415031212797363,11,18.181818181818183
transfer_to_competitor_pct_90d,"[0.00437965, 0.00439612)",0.004379655,0.00439612,-0.07415031212797363,11,9.090909090909092
transfer_to_competitor_pct_90d,"[0.00439612, 0.00440966)",0.00439612,0.00440966,-0.07406114450781211,11,18.181818181818183
transfer_to_competitor_pct_90d,"[0.00440966, 0.0044194)",0.00440966,0.0044194,-0.07401808197557577,12,0.0
transfer_to_competitor_pct_90d,"[0.0044194, 0.00443627)",0.0044194,0.004436265,-0.07351515303788395,11,9.090909090909092
transfer_to_competitor_pct_90d,"[0.00443627, 0.00444909)",0.004436265,0.00444909,-0.07351515303788395,11,9.090909090909092
transfer_to_competitor_pct_90d,"[0.00444909, 0.00446684)",0.00444909,0.004466835000000001,-0.07351515303788395,11,18.181818181818183
transfer_to_competitor_pct_90d,"[0.00446684, 0.00447566)",0.004466835000000001,0.004475655,-0.07334932484662991,11,18.181818181818183
transfer_to_competitor_pct_90d,"[0.00447566, 0.00448572)",0.004475655,0.0044857249999999994,-0.07334932484662991,11,0.0
transfer_to_competitor_pct_90d,"[0.00448572, 0.00449851)",0.0044857249999999994,0.004498510000000001,-0.07328350317047429,12,33.33333333333333
transfer_to_competitor_pct_90d,"[0.00449851, 0.00451119)",0.004498510000000001,0.00451119,-0.07301494350763688,11,0.0
transfer_to_competitor_pct_90d,"[0.00451119, 0.00452465)",0.00451119,0.004524655,-0.07281374035814998,11,27.27272727272727
transfer_to_competitor_pct_90d,"[0.00452465, 0.00453555)",0.004524655,0.004535549999999999,-0.07281374035814998,11,0.0
transfer_to_competitor_pct_90d,"[0.00453555, 0.00454539)",0.004535549999999999,0.004545395,-0.07281374035814998,12,8.333333333333332
transfer_to_competitor_pct_90d,"[0.00454539, 0.00456208)",0.004545395,0.00456208,-0.07250706865584568,11,18.181818181818183
transfer_to_competitor_pct_90d,"[0.00456208, 0.00457407)",0.00456208,0.004574065,-0.07240532230182352,11,9.090909090909092
transfer_to_competitor_pct_90d,"[0.00457407, 0.00459138)",0.004574065,0.00459138,-0.07240532230182352,11,9.090909090909092
transfer_to_competitor_pct_90d,"[0.00459138, 0.00461199)",0.00459138,0.004611995,-0.07240532230182352,11,9.090909090909092
transfer_to_competitor_pct_90d,"[0.00461199, 0.00463196)",0.004611995,0.00463196,-0.07225087563957829,11,0.0
transfer_to_competitor_pct_90d,"[0.00463196, 0.0046443)",0.00463196,0.004644305,-0.07218246785812842,11,9.090909090909092
transfer_to_competitor_pct_90d,"[0.0046443, 0.00465987)",0.004644305,0.004659865,-0.0719151520848057,11,0.0
transfer_to_competitor_pct_90d,"[0.00465987, 0.00466901)",0.004659865,0.0046690099999999995,-0.07168401578469046,12,16.666666666666664
transfer_to_competitor_pct_90d,"[0.00466901, 0.00468511)",0.0046690099999999995,0.004685105,-0.07148577903852153,11,9.090909090909092
transfer_to_competitor_pct_90d,"[0.00468511, 0.00469558)",0.004685105,0.0046955750000000004,-0.07124727424918857,11,9.090909090909092
transfer_to_competitor_pct_90d,"[0.00469558, 0.00470527)",0.0046955750000000004,0.004705265,-0.07124727424918857,11,18.181818181818183
transfer_to_competitor_pct_90d,"[0.00470527, 0.00471401)",0.004705265,0.004714005,-0.0710558794519069,11,18.181818181818183
transfer_to_competitor_pct_90d,"[0.00471401, 0.004726)",0.004714005,0.004725995,-0.0710558794519069,11,18.181818181818183
transfer_to_competitor_pct_90d,"[0.004726, 0.00474415)",0.004725995,0.004744155,-0.07056964959421566,11,0.0
transfer_to_competitor_pct_90d,"[0.00474415, 0.00476182)",0.004744155,0.00476182,-0.07056964959421566,12,8.333333333333332
transfer_to_competitor_pct_90d,"[0.00476182, 0.00478153)",0.00476182,0.004781535,-0.07056964959421566,11,9.090909090909092
transfer_to_competitor_pct_90d,"[0.00478153, 0.00479755)",0.004781535,0.004797545,-0.07007785028811887,11,0.0
transfer_to_competitor_pct_90d,"[0.00479755, 0.00480459)",0.004797545,0.00480459,-0.07007785028811887,11,0.0
transfer_to_competitor_pct_90d,"[0.00480459, 0.00481472)",0.00480459,0.004814715000000001,-0.06963152277797735,11,9.090909090909092
transfer_to_competitor_pct_90d,"[0.00481472, 0.00482198)",0.004814715000000001,0.004821975,-0.06963152277797735,11,18.181818181818183
transfer_to_competitor_pct_90d,"[0.00482198, 0.00483402)",0.004821975,0.00483402,-0.06963152277797735,11,27.27272727272727
transfer_to_competitor_pct_90d,"[0.00483402, 0.00484992)",0.00483402,0.004849920000000001,-0.06963152277797735,12,0.0
transfer_to_competitor_pct_90d,"[0.00484992, 0.00487443)",0.004849920000000001,0.004874435,-0.06936804242971027,11,9.090909090909092
transfer_to_competitor_pct_90d,"[0.00487443, 0.00489185)",0.004874435,0.00489185,-0.06913954144706107,11,0.0
transfer_to_competitor_pct_90d,"[0.00489185, 0.00490345)",0.00489185,0.004903445,-0.06913954144706107,11,27.27272727272727
transfer_to_competitor_pct_90d,"[0.00490345, 0.00491311)",0.004903445,0.004913105,-0.06913954144706107,11,36.36363636363637
transfer_to_competitor_pct_90d,"[0.00491311, 0.00492005)",0.004913105,0.0049200500000000005,-0.06913954144706107,11,9.090909090909092
transfer_to_competitor_pct_90d,"[0.00492005, 0.00493219)",0.0049200500000000005,0.004932185,-0.06913954144706107,11,9.090909090909092
transfer_to_competitor_pct_90d,"[0.00493219, 0.00494251)",0.004932185,0.004942515,-0.06913954144706107,12,16.666666666666664
transfer_to_competitor_pct_90d,"[0.00494251, 0.00495786)",0.004942515,0.00495786,-0.06906984373330251,11,0.0
transfer_to_competitor_pct_90d,"[0.00495786, 0.00497036)",0.00495786,0.00497036,-0.06906984373330251,11,9.090909090909092
transfer_to_competitor_pct_90d,"[0.00497036, 0.00499349)",0.00497036,0.00499349,-0.06881029885999224,11,0.0
transfer_to_competitor_pct_90d,"[0.00499349, 0.0050142)",0.00499349,0.0050142,-0.06868742693020848,11,18.181818181818183
transfer_to_competitor_pct_90d,"[0.0050142, 0.00502844)",0.0050142,0.00502844,-0.06868742693020848,11,27.27272727272727
transfer_to_competitor_pct_90d,"[0.00502844, 0.00504526)",0.00502844,0.005045255,-0.06868742693020848,11,27.27272727272727
transfer_to_competitor_pct_90d,"[0.00504526, 0.00506068)",0.005045255,0.00506068,-0.06868742693020848,11,27.27272727272727
transfer_to_competitor_pct_90d,"[0.00506068, 0.00507389)",0.00506068,0.005073885,-0.06868742693020848,12,8.333333333333332
transfer_to_competitor_pct_90d,"[0.00507389, 0.00508919)",0.005073885,0.0050891949999999995,-0.06868742693020848,11,36.36363636363637
transfer_to_competitor_pct_90d,"[0.00508919, 0.00510572)",0.0050891949999999995,0.00510572,-0.06868742693020848,11,18.181818181818183
transfer_to_competitor_pct_90d,"[0.00510572, 0.00512354)",0.00510572,0.005123539999999999,-0.06868742693020848,11,27.27272727272727
transfer_to_competitor_pct_90d,"[0.00512354, 0.00513542)",0.005123539999999999,0.00513542,-0.06822264121100458,11,18.181818181818183
transfer_to_competitor_pct_90d,"[0.00513542, 0.00514701)",0.00513542,0.0051470100000000005,-0.06818614256852096,11,9.090909090909092
transfer_to_competitor_pct_90d,"[0.00514701, 0.00517947)",0.0051470100000000005,0.005179474999999999,-0.06810385614004634,11,18.181818181818183
transfer_to_competitor_pct_90d,"[0.00517947, 0.00519966)",0.005179474999999999,0.00519966,-0.06809147119489224,12,8.333333333333332
transfer_to_competitor_pct_90d,"[0.00519966, 0.00521186)",0.00519966,0.0052118600000000005,-0.06809147119489224,11,27.27272727272727
transfer_to_competitor_pct_90d,"[0.00521186, 0.00522616)",0.0052118600000000005,0.005226165,-0.06795611623471572,11,18.181818181818183
transfer_to_competitor_pct_90d,"[0.00522616, 0.00523955)",0.005226165,0.005239555,-0.06795611623471572,11,18.181818181818183
transfer_to_competitor_pct_90d,"[0.00523955, 0.00525519)",0.005239555,0.00525519,-0.06795611623471572,11,18.181818181818183
transfer_to_competitor_pct_90d,"[0.00525519, 0.0052778)",0.00525519,0.0052778,-0.0679082172432214,11,0.0
transfer_to_competitor_pct_90d,"[0.0052778, 0.00529181)",0.0052778,0.00529181,-0.06780918256426868,11,9.090909090909092
transfer_to_competitor_pct_90d,"[0.00529181, 0.0053129)",0.00529181,0.005312905,-0.06780918256426868,12,0.0
transfer_to_competitor_pct_90d,"[0.0053129, 0.00532004)",0.005312905,0.00532004,-0.06767663843435592,11,27.27272727272727
transfer_to_competitor_pct_90d,"[0.00532004, 0.0053311)",0.00532004,0.005331095,-0.06767663843435592,11,9.090909090909092
transfer_to_competitor_pct_90d,"[0.0053311, 0.00534754)",0.005331095,0.0053475350000000005,-0.06741631096536818,11,27.27272727272727
transfer_to_competitor_pct_90d,"[0.00534754, 0.0053613)",0.0053475350000000005,0.005361299999999999,-0.06710969290553133,11,18.181818181818183
transfer_to_competitor_pct_90d,"[0.0053613, 0.00537329)",0.005361299999999999,0.00537329,-0.06710969290553133,11,18.181818181818183
transfer_to_competitor_pct_90d,"[0.00537329, 0.00538195)",0.00537329,0.005381955,-0.06694016200270203,11,9.090909090909092
transfer_to_competitor_pct_90d,"[0.00538195, 0.00539932)",0.005381955,0.005399315,-0.06669339437354713,11,27.27272727272727
transfer_to_competitor_pct_90d,"[0.00539932, 0.00541838)",0.005399315,0.0054183849999999995,-0.06669339437354713,12,8.333333333333332
transfer_to_competitor_pct_90d,"[0.00541838, 0.00542336)",0.0054183849999999995,0.00542336,-0.06669339437354713,11,18.181818181818183
transfer_to_competitor_pct_90d,"[0.00542336, 0.00543914)",0.00542336,0.00543914,-0.06669339437354713,11,18.181818181818183
transfer_to_competitor_pct_90d,"[0.00543914, 0.00545008)",0.00543914,0.0054500799999999995,-0.0666608042470365,11,18.181818181818183
transfer_to_competitor_pct_90d,"[0.00545008, 0.00545774)",0.0054500799999999995,0.00545774,-0.0666608042470365,11,18.181818181818183
transfer_to_competitor_pct_90d,"[0.00545774, 0.00546658)",0.00545774,0.00546658,-0.0666608042470365,11,9.090909090909092
transfer_to_competitor_pct_90d,"[0.00546658, 0.00548493)",0.00546658,0.005484935,-0.06651605131992788,11,9.090909090909092
transfer_to_competitor_pct_90d,"[0.00548493, 0.00549143)",0.005484935,0.005491434999999999,-0.06651605131992788,12,33.33333333333333
transfer_to_competitor_pct_90d,"[0.00549143, 0.00550458)",0.005491434999999999,0.00550458,-0.06651256549527396,11,0.0
transfer_to_competitor_pct_90d,"[0.00550458, 0.00552493)",0.00550458,0.00552493,-0.06651256549527396,11,27.27272727272727
transfer_to_competitor_pct_90d,"[0.00552493, 0.00553814)",0.00552493,0.0055381449999999995,-0.06651256549527396,11,18.181818181818183
transfer_to_competitor_pct_90d,"[0.00553814, 0.00555072)",0.0055381449999999995,0.005550724999999999,-0.06629643424018215,11,0.0
transfer_to_competitor_pct_90d,"[0.00555072, 0.00556586)",0.005550724999999999,0.00556586,-0.06629643424018215,12,16.666666666666664
transfer_to_competitor_pct_90d,"[0.00556586, 0.0055784)",0.00556586,0.0055784,-0.06618976485211163,11,18.181818181818183
transfer_to_competitor_pct_90d,"[0.0055784, 0.00559025)",0.0055784,0.00559025,-0.06615518912377007,11,9.090909090909092
transfer_to_competitor_pct_90d,"[0.00559025, 0.00559669)",0.00559025,0.0055966850000000005,-0.06604519574542049,11,18.181818181818183
transfer_to_competitor_pct_90d,"[0.00559669, 0.00560494)",0.0055966850000000005,0.005604935,-0.06604519574542049,11,0.0
transfer_to_competitor_pct_90d,"[0.00560494, 0.00561346)",0.005604935,0.005613465,-0.0659117268434236,11,9.090909090909092
transfer_to_competitor_pct_90d,"[0.00561346, 0.00562625)",0.005613465,0.005626245,-0.06572105502854779,11,9.090909090909092
transfer_to_competitor_pct_90d,"[0.00562625, 0.0056439)",0.005626245,0.005643904999999999,-0.0656632322170651,11,0.0
transfer_to_competitor_pct_90d,"[0.0056439, 0.00565862)",0.005643904999999999,0.005658625,-0.06549062604876493,11,27.27272727272727
transfer_to_competitor_pct_90d,"[0.00565862, 0.00567349)",0.005658625,0.00567349,-0.06528749476107207,11,9.090909090909092
transfer_to_competitor_pct_90d,"[0.00567349, 0.00569115)",0.00567349,0.00569115,-0.06528749476107207,12,16.666666666666664
transfer_to_competitor_pct_90d,"[0.00569115, 0.00569604)",0.00569115,0.0056960399999999994,-0.06524325151311831,11,9.090909090909092
transfer_to_competitor_pct_90d,"[0.00569604, 0.0057052)",0.0056960399999999994,0.005705205,-0.06524325151311831,11,18.181818181818183
transfer_to_competitor_pct_90d,"[0.0057052, 0.00572147)",0.005705205,0.00572147,-0.06524325151311831,11,36.36363636363637
transfer_to_competitor_pct_90d,"[0.00572147, 0.00573657)",0.00572147,0.005736565000000001,-0.06519039019956416,11,0.0
transfer_to_competitor_pct_90d,"[0.00573657, 0.00574787)",0.005736565000000001,0.00574787,-0.06519039019956416,11,9.090909090909092
transfer_to_competitor_pct_90d,"[0.00574787, 0.00576252)",0.00574787,0.00576252,-0.06472197689270763,11,9.090909090909092
transfer_to_competitor_pct_90d,"[0.00576252, 0.00578036)",0.00576252,0.005780355,-0.06472197689270763,12,8.333333333333332
transfer_to_competitor_pct_90d,"[0.00578036, 0.00579051)",0.005780355,0.0057905100000000004,-0.06470217885117042,11,0.0
transfer_to_competitor_pct_90d,"[0.00579051, 0.00579975)",0.0057905100000000004,0.005799745,-0.06470217885117042,11,9.090909090909092
transfer_to_competitor_pct_90d,"[0.00579975, 0.00581844)",0.005799745,0.005818435,-0.06445064453812564,11,9.090909090909092
transfer_to_competitor_pct_90d,"[0.00581844, 0.0058287)",0.005818435,0.005828705,-0.06445064453812564,11,9.090909090909092
transfer_to_competitor_pct_90d,"[0.0058287, 0.00584453)",0.005828705,0.005844535,-0.06445064453812564,11,36.36363636363637
transfer_to_competitor_pct_90d,"[0.00584453, 0.00586047)",0.005844535,0.00586047,-0.06399713846695887,11,0.0
transfer_to_competitor_pct_90d,"[0.00586047, 0.00587032)",0.00586047,0.00587032,-0.06394137558332029,12,8.333333333333332
transfer_to_competitor_pct_90d,"[0.00587032, 0.00588411)",0.00587032,0.005884105000000001,-0.06394137558332029,11,9.090909090909092
transfer_to_competitor_pct_90d,"[0.00588411, 0.00589751)",0.005884105000000001,0.005897505000000001,-0.06388231214368692,11,9.090909090909092
transfer_to_competitor_pct_90d,"[0.00589751, 0.00591138)",0.005897505000000001,0.00591138,-0.0638029726854699,11,0.0
transfer_to_competitor_pct_90d,"[0.00591138, 0.00592747)",0.00591138,0.005927475,-0.06371488080767905,11,9.090909090909092
transfer_to_competitor_pct_90d,"[0.00592747, 0.00594731)",0.005927475,0.00594731,-0.06365831096076043,11,9.090909090909092
transfer_to_competitor_pct_90d,"[0.00594731, 0.00596302)",0.00594731,0.005963015,-0.06357623340017696,11,0.0
transfer_to_competitor_pct_90d,"[0.00596302, 0.00597987)",0.005963015,0.005979865,-0.0627676731704437,12,0.0
transfer_to_competitor_pct_90d,"[0.00597987, 0.00600145)",0.005979865,0.006001454999999999,-0.06254206665583122,11,36.36363636363637
transfer_to_competitor_pct_90d,"[0.00600145, 0.00602006)",0.006001454999999999,0.006020065,-0.06235769158170497,11,18.181818181818183
transfer_to_competitor_pct_90d,"[0.00602006, 0.00603712)",0.006020065,0.00603712,-0.0620895709069181,11,27.27272727272727
transfer_to_competitor_pct_90d,"[0.00603712, 0.00604853)",0.00603712,0.00604853,-0.06196292337554429,11,0.0
transfer_to_competitor_pct_90d,"[0.00604853, 0.00605729)",0.00604853,0.006057295,-0.06196292337554429,11,18.181818181818183
transfer_to_competitor_pct_90d,"[0.00605729, 0.00607611)",0.006057295,0.006076115,-0.0616750466732295,11,27.27272727272727
transfer_to_competitor_pct_90d,"[0.00607611, 0.00608283)",0.006076115,0.006082835,-0.06153110713863804,11,36.36363636363637
transfer_to_competitor_pct_90d,"[0.00608283, 0.0060964)",0.006082835,0.0060964,-0.06153110713863804,12,41.66666666666667
transfer_to_competitor_pct_90d,"[0.0060964, 0.0061054)",0.0060964,0.0061054,-0.061403516363738524,11,27.27272727272727
transfer_to_competitor_pct_90d,"[0.0061054, 0.00612012)",0.0061054,0.00612012,-0.061403516363738524,11,9.090909090909092
transfer_to_competitor_pct_90d,"[0.00612012, 0.00614003)",0.00612012,0.006140025,-0.06089056958535696,11,18.181818181818183
transfer_to_competitor_pct_90d,"[0.00614003, 0.00615544)",0.006140025,0.00615544,-0.06073118268429376,11,9.090909090909092
transfer_to_competitor_pct_90d,"[0.00615544, 0.00617287)",0.00615544,0.0061728700000000004,-0.0606951352940601,11,18.181818181818183
transfer_to_competitor_pct_90d,"[0.00617287, 0.0061929)",0.0061728700000000004,0.006192895,-0.0606951352940601,11,9.090909090909092
transfer_to_competitor_pct_90d,"[0.0061929, 0.00621793)",0.006192895,0.00621793,-0.0604834026621894,12,0.0
transfer_to_competitor_pct_90d,"[0.00621793, 0.00623521)",0.00621793,0.006235205000000001,-0.0604834026621894,11,9.090909090909092
transfer_to_competitor_pct_90d,"[0.00623521, 0.0062528)",0.006235205000000001,0.0062528,-0.06046561712638307,11,9.090909090909092
transfer_to_competitor_pct_90d,"[0.0062528, 0.00627376)",0.0062528,0.006273755000000001,-0.0603233938745234,11,0.0
transfer_to_competitor_pct_90d,"[0.00627376, 0.00628576)",0.006273755000000001,0.0062857550000000005,-0.060146511976294406,11,9.090909090909092
transfer_to_competitor_pct_90d,"[0.00628576, 0.00630374)",0.0062857550000000005,0.0063037449999999995,-0.06013385506305075,11,18.181818181818183
transfer_to_competitor_pct_90d,"[0.00630374, 0.00631315)",0.0063037449999999995,0.006313155,-0.06013385506305075,11,0.0
transfer_to_competitor_pct_90d,"[0.00631315, 0.00632334)",0.006313155,0.00632334,-0.06013385506305075,12,0.0
transfer_to_competitor_pct_90d,"[0.00632334, 0.00633969)",0.00632334,0.00633969,-0.06013385506305075,11,9.090909090909092
transfer_to_competitor_pct_90d,"[0.00633969, 0.00636763)",0.00633969,0.006367625,-0.05992011105261701,11,9.090909090909092
transfer_to_competitor_pct_90d,"[0.00636763, 0.00637961)",0.006367625,0.00637961,-0.05949024251651203,11,9.090909090909092
transfer_to_competitor_pct_90d,"[0.00637961, 0.00639198)",0.00637961,0.00639198,-0.05949024251651203,11,18.181818181818183
transfer_to_competitor_pct_90d,"[0.00639198, 0.00641676)",0.00639198,0.006416765,-0.05930013242926077,11,9.090909090909092
transfer_to_competitor_pct_90d,"[0.00641676, 0.00643201)",0.006416765,0.00643201,-0.05930013242926077,11,27.27272727272727
transfer_to_competitor_pct_90d,"[0.00643201, 0.00644538)",0.00643201,0.0064453800000000006,-0.05930013242926077,11,9.090909090909092
transfer_to_competitor_pct_90d,"[0.00644538, 0.0064583)",0.0064453800000000006,0.0064583,-0.05900093921357187,12,8.333333333333332
transfer_to_competitor_pct_90d,"[0.0064583, 0.00647419)",0.0064583,0.0064741899999999995,-0.05900093921357187,11,9.090909090909092
transfer_to_competitor_pct_90d,"[0.00647419, 0.00648244)",0.0064741899999999995,0.00648244,-0.05874992437724891,11,9.090909090909092
transfer_to_competitor_pct_90d,"[0.00648244, 0.00649573)",0.00648244,0.006495725000000001,-0.05866414087559307,11,27.27272727272727
transfer_to_competitor_pct_90d,"[0.00649573, 0.00651713)",0.006495725000000001,0.0065171299999999995,-0.058285799073037534,11,18.181818181818183
transfer_to_competitor_pct_90d,"[0.00651713, 0.00653024)",0.0065171299999999995,0.00653024,-0.058197982007676494,11,18.181818181818183
transfer_to_competitor_pct_90d,"[0.00653024, 0.00653765)",0.00653024,0.006537655,-0.05800260634475059,11,27.27272727272727
transfer_to_competitor_pct_90d,"[0.00653765, 0.00655099)",0.006537655,0.00655099,-0.05800260634475059,12,8.333333333333332
transfer_to_competitor_pct_90d,"[0.00655099, 0.00656626)",0.00655099,0.006566265,-0.05784280992625206,12,16.666666666666664
transfer_to_competitor_pct_90d,"[0.00656626, 0.00658093)",0.006566265,0.0065809300000000005,-0.05769756141004229,11,9.090909090909092
transfer_to_competitor_pct_90d,"[0.00658093, 0.00659405)",0.0065809300000000005,0.006594055,-0.05769756141004229,11,18.181818181818183
transfer_to_competitor_pct_90d,"[0.00659405, 0.00661242)",0.006594055,0.00661242,-0.0574606514864351,11,18.181818181818183
transfer_to_competitor_pct_90d,"[0.00661242, 0.00662845)",0.00661242,0.00662845,-0.05733693245974748,11,18.181818181818183
transfer_to_competitor_pct_90d,"[0.00662845, 0.00663848)",0.00662845,0.00663848,-0.056882175901105385,11,0.0
transfer_to_competitor_pct_90d,"[0.00663848, 0.00664732)",0.00663848,0.00664732,-0.05683172375778386,11,0.0
transfer_to_competitor_pct_90d,"[0.00664732, 0.00665687)",0.00664732,0.006656875,-0.05678567817400216,11,9.090909090909092
transfer_to_competitor_pct_90d,"[0.00665687, 0.00666583)",0.006656875,0.00666583,-0.05678567817400216,11,9.090909090909092
transfer_to_competitor_pct_90d,"[0.00666583, 0.00668018)",0.00666583,0.00668018,-0.05646721341230176,11,9.090909090909092
transfer_to_competitor_pct_90d,"[0.00668018, 0.00669815)",0.00668018,0.00669815,-0.05646721341230176,11,9.090909090909092
transfer_to_competitor_pct_90d,"[0.00669815, 0.00671579)",0.00669815,0.00671579,-0.056438238151474925,11,18.181818181818183
transfer_to_competitor_pct_90d,"[0.00671579, 0.00674802)",0.00671579,0.00674802,-0.056438238151474925,11,0.0
transfer_to_competitor_pct_90d,"[0.00674802, 0.00676309)",0.00674802,0.006763085,-0.056133515515774515,11,9.090909090909092
transfer_to_competitor_pct_90d,"[0.00676309, 0.00678113)",0.006763085,0.006781125000000001,-0.05601305264560484,11,18.181818181818183
transfer_to_competitor_pct_90d,"[0.00678113, 0.00679369)",0.006781125000000001,0.00679369,-0.05601134527225861,11,9.090909090909092
transfer_to_competitor_pct_90d,"[0.00679369, 0.00680417)",0.00679369,0.006804175,-0.05588033902980617,11,9.090909090909092
transfer_to_competitor_pct_90d,"[0.00680417, 0.00681896)",0.006804175,0.006818960000000001,-0.05564088870987089,11,18.181818181818183
transfer_to_competitor_pct_90d,"[0.00681896, 0.00682733)",0.006818960000000001,0.006827325,-0.055534892496711966,11,27.27272727272727
transfer_to_competitor_pct_90d,"[0.00682733, 0.00685026)",0.006827325,0.0068502649999999995,-0.05522654302019557,11,18.181818181818183
transfer_to_competitor_pct_90d,"[0.00685026, 0.00686858)",0.0068502649999999995,0.006868575,-0.05522654302019557,12,16.666666666666664
transfer_to_competitor_pct_90d,"[0.00686858, 0.00688011)",0.006868575,0.00688011,-0.05486437598584367,12,16.666666666666664
transfer_to_competitor_pct_90d,"[0.00688011, 0.00689844)",0.00688011,0.006898445,-0.05486437598584367,11,18.181818181818183
transfer_to_competitor_pct_90d,"[0.00689844, 0.00692247)",0.006898445,0.00692247,-0.05486437598584367,11,0.0
transfer_to_competitor_pct_90d,"[0.00692247, 0.00693185)",0.00692247,0.00693185,-0.05463416767983894,11,0.0
transfer_to_competitor_pct_90d,"[0.00693185, 0.00695358)",0.00693185,0.006953575,-0.054580993003989456,11,36.36363636363637
transfer_to_competitor_pct_90d,"[0.00695358, 0.00696375)",0.006953575,0.0069637499999999995,-0.05445474354330258,11,18.181818181818183
transfer_to_competitor_pct_90d,"[0.00696375, 0.00698311)",0.0069637499999999995,0.006983115,-0.05445474354330258,11,0.0
transfer_to_competitor_pct_90d,"[0.00698311, 0.00700058)",0.006983115,0.007000579999999999,-0.05445474354330258,12,8.333333333333332
transfer_to_competitor_pct_90d,"[0.00700058, 0.00701594)",0.007000579999999999,0.00701594,-0.05423257693695531,11,9.090909090909092
transfer_to_competitor_pct_90d,"[0.00701594, 0.00702489)",0.00701594,0.007024895,-0.05423257693695531,11,9.090909090909092
transfer_to_competitor_pct_90d,"[0.00702489, 0.00703674)",0.007024895,0.0070367350000000006,-0.054157335800117536,11,9.090909090909092
transfer_to_competitor_pct_90d,"[0.00703674, 0.00705868)",0.0070367350000000006,0.0070586799999999995,-0.054157335800117536,12,8.333333333333332
transfer_to_competitor_pct_90d,"[0.00705868, 0.00707349)",0.0070586799999999995,0.007073495,-0.05401294108994188,12,16.666666666666664
transfer_to_competitor_pct_90d,"[0.00707349, 0.00709103)",0.007073495,0.007091035,-0.05401294108994188,11,18.181818181818183
transfer_to_competitor_pct_90d,"[0.00709103, 0.00710081)",0.007091035,0.00710081,-0.05390550127140025,11,36.36363636363637
transfer_to_competitor_pct_90d,"[0.00710081, 0.00711922)",0.00710081,0.007119225,-0.05390550127140025,11,9.090909090909092
transfer_to_competitor_pct_90d,"[0.00711922, 0.00713611)",0.007119225,0.007136105,-0.05385235066908447,11,9.090909090909092
transfer_to_competitor_pct_90d,"[0.00713611, 0.00716287)",0.007136105,0.007162875,-0.0537922006042195,11,36.36363636363637
transfer_to_competitor_pct_90d,"[0.00716287, 0.00717803)",0.007162875,0.007178034999999999,-0.0537922006042195,11,9.090909090909092
transfer_to_competitor_pct_90d,"[0.00717803, 0.00719145)",0.007178034999999999,0.007191445,-0.0537922006042195,11,18.181818181818183
transfer_to_competitor_pct_90d,"[0.00719145, 0.00720861)",0.007191445,0.007208615,-0.0537922006042195,11,0.0
transfer_to_competitor_pct_90d,"[0.00720861, 0.00722737)",0.007208615,0.00722737,-0.05356652604694447,11,9.090909090909092
transfer_to_competitor_pct_90d,"[0.00722737, 0.00724034)",0.00722737,0.00724034,-0.053566340643412744,11,27.27272727272727
transfer_to_competitor_pct_90d,"[0.00724034, 0.00725724)",0.00724034,0.007257245,-0.05352723092451629,11,9.090909090909092
transfer_to_competitor_pct_90d,"[0.00725724, 0.00727019)",0.007257245,0.007270185,-0.05348063220589946,11,18.181818181818183
transfer_to_competitor_pct_90d,"[0.00727019, 0.00728299)",0.007270185,0.0072829850000000005,-0.05331083423658897,11,9.090909090909092
transfer_to_competitor_pct_90d,"[0.00728299, 0.00729973)",0.0072829850000000005,0.007299735,-0.05331083423658897,11,9.090909090909092
transfer_to_competitor_pct_90d,"[0.00729973, 0.00731949)",0.007299735,0.007319485000000001,-0.05306806072752559,11,18.181818181818183
transfer_to_competitor_pct_90d,"[0.00731949, 0.00733828)",0.007319485000000001,0.007338285,-0.05283458779577705,11,18.181818181818183
transfer_to_competitor_pct_90d,"[0.00733828, 0.00735505)",0.007338285,0.007355045,-0.05242802716164858,11,9.090909090909092
transfer_to_competitor_pct_90d,"[0.00735505, 0.00737017)",0.007355045,0.0073701700000000005,-0.05233126005276535,11,0.0
transfer_to_competitor_pct_90d,"[0.00737017, 0.00739156)",0.0073701700000000005,0.007391555,-0.05233126005276535,11,27.27272727272727
transfer_to_competitor_pct_90d,"[0.00739156, 0.00740328)",0.007391555,0.00740328,-0.05233126005276535,11,9.090909090909092
transfer_to_competitor_pct_90d,"[0.00740328, 0.00741276)",0.00740328,0.007412755,-0.05213193442826016,11,9.090909090909092
transfer_to_competitor_pct_90d,"[0.00741276, 0.00742601)",0.007412755,0.00742601,-0.05193810019057615,11,18.181818181818183
transfer_to_competitor_pct_90d,"[0.00742601, 0.00743763)",0.00742601,0.007437635,-0.05190747020599676,12,0.0
transfer_to_competitor_pct_90d,"[0.00743763, 0.00744795)",0.007437635,0.007447945,-0.05190747020599676,11,9.090909090909092
transfer_to_competitor_pct_90d,"[0.00744795, 0.00745831)",0.007447945,0.007458305,-0.051712664372742426,11,27.27272727272727
transfer_to_competitor_pct_90d,"[0.00745831, 0.00747997)",0.007458305,0.007479970000000001,-0.051712664372742426,11,9.090909090909092
transfer_to_competitor_pct_90d,"[0.00747997, 0.00749594)",0.007479970000000001,0.0074959399999999995,-0.051712664372742426,11,0.0
transfer_to_competitor_pct_90d,"[0.00749594, 0.0075035)",0.0074959399999999995,0.0075035,-0.05128390299365318,11,18.181818181818183
transfer_to_competitor_pct_90d,"[0.0075035, 0.00751177)",0.0075035,0.007511769999999999,-0.05112899064085131,11,27.27272727272727
transfer_to_competitor_pct_90d,"[0.00751177, 0.00751915)",0.007511769999999999,0.007519155,-0.05092842871498316,12,16.666666666666664
transfer_to_competitor_pct_90d,"[0.00751915, 0.0075396)",0.007519155,0.0075396000000000005,-0.05092842871498316,11,9.090909090909092
transfer_to_competitor_pct_90d,"[0.0075396, 0.00756479)",0.0075396000000000005,0.00756479,-0.05092842871498316,11,9.090909090909092
transfer_to_competitor_pct_90d,"[0.00756479, 0.00757709)",0.00756479,0.007577095,-0.05092842871498316,11,27.27272727272727
transfer_to_competitor_pct_90d,"[0.00757709, 0.00760175)",0.007577095,0.007601755,-0.05051022432433036,11,9.090909090909092
transfer_to_competitor_pct_90d,"[0.00760175, 0.00762023)",0.007601755,0.00762023,-0.05051022432433036,11,9.090909090909092
transfer_to_competitor_pct_90d,"[0.00762023, 0.00763437)",0.00762023,0.00763437,-0.050371777307512224,11,9.090909090909092
transfer_to_competitor_pct_90d,"[0.00763437, 0.00766868)",0.00763437,0.007668685,-0.050371777307512224,11,0.0
transfer_to_competitor_pct_90d,"[0.00766868, 0.00768955)",0.007668685,0.007689555,-0.050371777307512224,12,0.0
transfer_to_competitor_pct_90d,"[0.00768955, 0.00770339)",0.007689555,0.007703385,-0.050371777307512224,11,9.090909090909092
transfer_to_competitor_pct_90d,"[0.00770339, 0.00771253)",0.007703385,0.00771253,-0.05032589454215223,11,18.181818181818183
transfer_to_competitor_pct_90d,"[0.00771253, 0.00772875)",0.00771253,0.0077287499999999995,-0.05032589454215223,11,9.090909090909092
transfer_to_competitor_pct_90d,"[0.00772875, 0.00774453)",0.0077287499999999995,0.0077445299999999995,-0.05032589454215223,11,0.0
transfer_to_competitor_pct_90d,"[0.00774453, 0.00775767)",0.0077445299999999995,0.0077576699999999995,-0.05032589454215223,11,9.090909090909092
transfer_to_competitor_pct_90d,"[0.00775767, 0.00776929)",0.0077576699999999995,0.00776929,-0.05030149555152649,11,0.0
transfer_to_competitor_pct_90d,"[0.00776929, 0.007786)",0.00776929,0.007785995,-0.05007891674650049,12,16.666666666666664
transfer_to_competitor_pct_90d,"[0.007786, 0.00781135)",0.007785995,0.00781135,-0.05007891674650049,11,0.0
transfer_to_competitor_pct_90d,"[0.00781135, 0.00782487)",0.00781135,0.007824870000000001,-0.05007891674650049,11,9.090909090909092
transfer_to_competitor_pct_90d,"[0.00782487, 0.0078407)",0.007824870000000001,0.007840699999999999,-0.04990749090400576,11,9.090909090909092
transfer_to_competitor_pct_90d,"[0.0078407, 0.0078555)",0.007840699999999999,0.007855495,-0.04978134835945134,11,18.181818181818183
transfer_to_competitor_pct_90d,"[0.0078555, 0.00786735)",0.007855495,0.007867349999999999,-0.04913038848813556,11,9.090909090909092
transfer_to_competitor_pct_90d,"[0.00786735, 0.0078785)",0.007867349999999999,0.0078785,-0.04913038848813556,11,18.181818181818183
transfer_to_competitor_pct_90d,"[0.0078785, 0.00789277)",0.0078785,0.007892775,-0.04913038848813556,12,16.666666666666664
transfer_to_competitor_pct_90d,"[0.00789277, 0.00791527)",0.007892775,0.007915275,-0.04886486445356164,11,0.0
transfer_to_competitor_pct_90d,"[0.00791527, 0.00793322)",0.007915275,0.007933215,-0.04886486445356164,11,9.090909090909092
transfer_to_competitor_pct_90d,"[0.00793322, 0.0079467)",0.007933215,0.007946700000000001,-0.04886486445356164,11,36.36363636363637
transfer_to_competitor_pct_90d,"[0.0079467, 0.00796061)",0.007946700000000001,0.00796061,-0.04886486445356164,11,9.090909090909092
transfer_to_competitor_pct_90d,"[0.00796061, 0.00797498)",0.00796061,0.00797498,-0.04886486445356164,11,9.090909090909092
transfer_to_competitor_pct_90d,"[0.00797498, 0.00799102)",0.00797498,0.00799102,-0.04880151457100744,11,9.090909090909092
transfer_to_competitor_pct_90d,"[0.00799102, 0.00800407)",0.00799102,0.00800407,-0.04865927587895483,11,27.27272727272727
transfer_to_competitor_pct_90d,"[0.00800407, 0.00802407)",0.00800407,0.008024070000000001,-0.04865927587895483,12,8.333333333333332
transfer_to_competitor_pct_90d,"[0.00802407, 0.00804006)",0.008024070000000001,0.00804006,-0.048619149415570134,11,9.090909090909092
transfer_to_competitor_pct_90d,"[0.00804006, 0.00806501)",0.00804006,0.008065010000000001,-0.048619149415570134,11,0.0
transfer_to_competitor_pct_90d,"[0.00806501, 0.00808794)",0.008065010000000001,0.008087945,-0.048619149415570134,11,9.090909090909092
transfer_to_competitor_pct_90d,"[0.00808794, 0.00811377)",0.008087945,0.008113765,-0.048619149415570134,11,9.090909090909092
transfer_to_competitor_pct_90d,"[0.00811377, 0.00812593)",0.008113765,0.00812593,-0.04850604320215181,11,9.090909090909092
transfer_to_competitor_pct_90d,"[0.00812593, 0.00813771)",0.00812593,0.008137705,-0.04780249155025219,11,18.181818181818183
transfer_to_competitor_pct_90d,"[0.00813771, 0.00816053)",0.008137705,0.008160525,-0.04712124520972306,12,0.0
transfer_to_competitor_pct_90d,"[0.00816053, 0.00817039)",0.008160525,0.008170385,-0.04688239563873553,11,9.090909090909092
transfer_to_competitor_pct_90d,"[0.00817039, 0.00818794)",0.008170385,0.008187940000000001,-0.04688239563873553,11,9.090909090909092
transfer_to_competitor_pct_90d,"[0.00818794, 0.00821176)",0.008187940000000001,0.008211765,-0.04668218687030466,11,9.090909090909092
transfer_to_competitor_pct_90d,"[0.00821176, 0.00822741)",0.008211765,0.008227405,-0.04632716364776052,11,27.27272727272727
transfer_to_competitor_pct_90d,"[0.00822741, 0.00824316)",0.008227405,0.00824316,-0.04632716364776052,11,27.27272727272727
transfer_to_competitor_pct_90d,"[0.00824316, 0.00825639)",0.00824316,0.008256395,-0.04618954500135965,11,18.181818181818183
transfer_to_competitor_pct_90d,"[0.00825639, 0.00827965)",0.008256395,0.00827965,-0.04618954500135965,12,8.333333333333332
transfer_to_competitor_pct_90d,"[0.00827965, 0.00830188)",0.00827965,0.00830188,-0.04611846958130961,11,9.090909090909092
transfer_to_competitor_pct_90d,"[0.00830188, 0.00832524)",0.00830188,0.008325244999999998,-0.04602810705388386,11,9.090909090909092
transfer_to_competitor_pct_90d,"[0.00832524, 0.00834031)",0.008325244999999998,0.008340315,-0.04602810705388386,11,0.0
transfer_to_competitor_pct_90d,"[0.00834031, 0.00835463)",0.008340315,0.00835463,-0.04566789861563096,11,9.090909090909092
transfer_to_competitor_pct_90d,"[0.00835463, 0.00836625)",0.00835463,0.008366255,-0.04553683981053602,11,18.181818181818183
transfer_to_competitor_pct_90d,"[0.00836625, 0.00838805)",0.008366255,0.008388045,-0.045324324099152234,11,18.181818181818183
transfer_to_competitor_pct_90d,"[0.00838805, 0.00841166)",0.008388045,0.00841166,-0.045324324099152234,11,0.0
transfer_to_competitor_pct_90d,"[0.00841166, 0.00842405)",0.00841166,0.008424055,-0.045324324099152234,12,25.0
transfer_to_competitor_pct_90d,"[0.00842405, 0.00844609)",0.008424055,0.00844609,-0.045289810653912854,11,0.0
transfer_to_competitor_pct_90d,"[0.00844609, 0.00845738)",0.00844609,0.00845738,-0.045289810653912854,11,18.181818181818183
transfer_to_competitor_pct_90d,"[0.00845738, 0.00847654)",0.00845738,0.008476535,-0.045289810653912854,11,0.0
transfer_to_competitor_pct_90d,"[0.00847654, 0.00849409)",0.008476535,0.00849409,-0.045289810653912854,11,9.090909090909092
transfer_to_competitor_pct_90d,"[0.00849409, 0.00850894)",0.00849409,0.00850894,-0.04492255515511914,11,9.090909090909092
transfer_to_competitor_pct_90d,"[0.00850894, 0.0085191)",0.00850894,0.008519104999999999,-0.04492255515511914,11,36.36363636363637
transfer_to_competitor_pct_90d,"[0.0085191, 0.00853912)",0.008519104999999999,0.00853912,-0.04488524551204165,12,8.333333333333332
transfer_to_competitor_pct_90d,"[0.00853912, 0.00856913)",0.00853912,0.008569125,-0.04488524551204165,11,18.181818181818183
transfer_to_competitor_pct_90d,"[0.00856913, 0.00859456)",0.008569125,0.00859456,-0.04461771128299982,11,36.36363636363637
transfer_to_competitor_pct_90d,"[0.00859456, 0.00860365)",0.00859456,0.008603645,-0.04461771128299982,11,0.0
transfer_to_competitor_pct_90d,"[0.00860365, 0.00862414)",0.008603645,0.008624135000000002,-0.04430592545725607,11,18.181818181818183
transfer_to_competitor_pct_90d,"[0.00862414, 0.00864763)",0.008624135000000002,0.00864763,-0.04430592545725607,11,0.0
transfer_to_competitor_pct_90d,"[0.00864763, 0.00866409)",0.00864763,0.00866409,-0.043825112637234875,11,0.0
transfer_to_competitor_pct_90d,"[0.00866409, 0.0086858)",0.00866409,0.008685805,-0.043698679130282594,12,8.333333333333332
transfer_to_competitor_pct_90d,"[0.0086858, 0.00871549)",0.008685805,0.008715485,-0.04364307846903291,11,9.090909090909092
transfer_to_competitor_pct_90d,"[0.00871549, 0.00874257)",0.008715485,0.008742574999999999,-0.043538372932789525,11,0.0
transfer_to_competitor_pct_90d,"[0.00874257, 0.00876562)",0.008742574999999999,0.008765624999999999,-0.043538372932789525,11,0.0
transfer_to_competitor_pct_90d,"[0.00876562, 0.00878708)",0.008765624999999999,0.00878708,-0.043223018990802456,11,18.181818181818183
transfer_to_competitor_pct_90d,"[0.00878708, 0.00880087)",0.00878708,0.00880087,-0.043223018990802456,12,33.33333333333333
transfer_to_competitor_pct_90d,"[0.00880087, 0.00881348)",0.00880087,0.008813479999999999,-0.043223018990802456,11,0.0
transfer_to_competitor_pct_90d,"[0.00881348, 0.00882961)",0.008813479999999999,0.008829605,-0.04285230383922465,11,0.0
transfer_to_competitor_pct_90d,"[0.00882961, 0.00884725)",0.008829605,0.008847245,-0.04262870531779783,11,0.0
transfer_to_competitor_pct_90d,"[0.00884725, 0.00887271)",0.008847245,0.008872715,-0.042419238856960556,11,0.0
transfer_to_competitor_pct_90d,"[0.00887271, 0.00889406)",0.008872715,0.00889406,-0.04220010249708126,11,0.0
transfer_to_competitor_pct_90d,"[0.00889406, 0.00891214)",0.00889406,0.008912139999999999,-0.04220010249708126,11,18.181818181818183
transfer_to_competitor_pct_90d,"[0.00891214, 0.00892897)",0.008912139999999999,0.00892897,-0.04209632805062441,11,27.27272727272727
transfer_to_competitor_pct_90d,"[0.00892897, 0.00894412)",0.00892897,0.00894412,-0.04197421770744214,11,0.0
transfer_to_competitor_pct_90d,"[0.00894412, 0.00895375)",0.00894412,0.008953745,-0.041842497799802876,11,0.0
transfer_to_competitor_pct_90d,"[0.00895375, 0.00897099)",0.008953745,0.00897099,-0.04164401312621701,11,9.090909090909092
transfer_to_competitor_pct_90d,"[0.00897099, 0.0089844)",0.00897099,0.0089844,-0.04164401312621701,11,27.27272727272727
transfer_to_competitor_pct_90d,"[0.0089844, 0.00899864)",0.0089844,0.008998635000000001,-0.0414916995595627,11,18.181818181818183
transfer_to_competitor_pct_90d,"[0.00899864, 0.00902026)",0.008998635000000001,0.009020265,-0.041425393824450554,11,18.181818181818183
transfer_to_competitor_pct_90d,"[0.00902026, 0.0090331)",0.009020265,0.009033099999999999,-0.041402808712896484,11,0.0
transfer_to_competitor_pct_90d,"[0.0090331, 0.00906079)",0.009033099999999999,0.009060795,-0.040743280689967604,11,0.0
transfer_to_competitor_pct_90d,"[0.00906079, 0.00908397)",0.009060795,0.00908397,-0.040743280689967604,12,16.666666666666664
transfer_to_competitor_pct_90d,"[0.00908397, 0.00910282)",0.00908397,0.009102820000000001,-0.040743280689967604,12,16.666666666666664
transfer_to_competitor_pct_90d,"[0.00910282, 0.00911695)",0.009102820000000001,0.009116945000000001,-0.040743280689967604,11,18.181818181818183
transfer_to_competitor_pct_90d,"[0.00911695, 0.00912904)",0.009116945000000001,0.00912904,-0.04057470297607408,11,18.181818181818183
transfer_to_competitor_pct_90d,"[0.00912904, 0.00915284)",0.00912904,0.009152845,-0.040192224496679696,11,0.0
transfer_to_competitor_pct_90d,"[0.00915284, 0.00916647)",0.009152845,0.009166465,-0.040192224496679696,11,0.0
transfer_to_competitor_pct_90d,"[0.00916647, 0.00918563)",0.009166465,0.00918563,-0.03998465283522113,11,0.0
transfer_to_competitor_pct_90d,"[0.00918563, 0.00920094)",0.00918563,0.00920094,-0.03998465283522113,11,9.090909090909092
transfer_to_competitor_pct_90d,"[0.00920094, 0.00922225)",0.00920094,0.009222250000000001,-0.039929224393615195,12,0.0
transfer_to_competitor_pct_90d,"[0.00922225, 0.00925269)",0.009222250000000001,0.009252685,-0.03985786259821568,11,27.27272727272727
transfer_to_competitor_pct_90d,"[0.00925269, 0.00927334)",0.009252685,0.009273340000000001,-0.03976603817419307,11,9.090909090909092
transfer_to_competitor_pct_90d,"[0.00927334, 0.00929081)",0.009273340000000001,0.00929081,-0.03976603817419307,11,0.0
transfer_to_competitor_pct_90d,"[0.00929081, 0.00930537)",0.00929081,0.009305375,-0.039561111710827206,11,27.27272727272727
transfer_to_competitor_pct_90d,"[0.00930537, 0.00932122)",0.009305375,0.00932122,-0.039561111710827206,11,9.090909090909092
transfer_to_competitor_pct_90d,"[0.00932122, 0.00934233)",0.00932122,0.009342325,-0.03924323871887756,11,9.090909090909092
transfer_to_competitor_pct_90d,"[0.00934233, 0.00935601)",0.009342325,0.009356010000000001,-0.03883595917287546,11,9.090909090909092
transfer_to_competitor_pct_90d,"[0.00935601, 0.00938507)",0.009356010000000001,0.009385075,-0.03883595917287546,12,16.666666666666664
transfer_to_competitor_pct_90d,"[0.00938507, 0.00941145)",0.009385075,0.00941145,-0.038496014549946944,11,9.090909090909092
transfer_to_competitor_pct_90d,"[0.00941145, 0.00942597)",0.00941145,0.00942597,-0.038496014549946944,11,9.090909090909092
transfer_to_competitor_pct_90d,"[0.00942597, 0.00945178)",0.00942597,0.00945178,-0.038199671734427745,11,9.090909090909092
transfer_to_competitor_pct_90d,"[0.00945178, 0.00946431)",0.00945178,0.00946431,-0.03782423857094031,11,9.090909090909092
transfer_to_competitor_pct_90d,"[0.00946431, 0.00950016)",0.00946431,0.00950016,-0.03782423857094031,11,45.45454545454545
transfer_to_competitor_pct_90d,"[0.00950016, 0.00951645)",0.00950016,0.00951645,-0.03698096512132151,11,0.0
transfer_to_competitor_pct_90d,"[0.00951645, 0.00953592)",0.00951645,0.00953592,-0.03698096512132151,12,25.0
transfer_to_competitor_pct_90d,"[0.00953592, 0.00955252)",0.00953592,0.009552515000000001,-0.03698096512132151,10,10.0
transfer_to_competitor_pct_90d,"[0.00955252, 0.00958056)",0.009552515000000001,0.00958056,-0.03658934132129801,11,9.090909090909092
transfer_to_competitor_pct_90d,"[0.00958056, 0.00959841)",0.00958056,0.009598414999999999,-0.03626860353536837,11,0.0
transfer_to_competitor_pct_90d,"[0.00959841, 0.00960866)",0.009598414999999999,0.009608664999999999,-0.03626860353536837,11,18.181818181818183
transfer_to_competitor_pct_90d,"[0.00960866, 0.00964605)",0.009608664999999999,0.00964605,-0.03616145191642988,11,36.36363636363637
transfer_to_competitor_pct_90d,"[0.00964605, 0.00966512)",0.00964605,0.009665115,-0.035917408482513645,12,8.333333333333332
transfer_to_competitor_pct_90d,"[0.00966512, 0.00969328)",0.009665115,0.009693285,-0.03577009767898815,12,16.666666666666664
transfer_to_competitor_pct_90d,"[0.00969328, 0.00970717)",0.009693285,0.009707170000000001,-0.03563577128630045,11,9.090909090909092
transfer_to_competitor_pct_90d,"[0.00970717, 0.00973092)",0.009707170000000001,0.00973092,-0.03515330349953305,11,27.27272727272727
transfer_to_competitor_pct_90d,"[0.00973092, 0.00975084)",0.00973092,0.00975084,-0.03515330349953305,11,0.0
transfer_to_competitor_pct_90d,"[0.00975084, 0.00977424)",0.00975084,0.00977424,-0.03515330349953305,11,27.27272727272727
transfer_to_competitor_pct_90d,"[0.00977424, 0.00980187)",0.00977424,0.00980187,-0.03504291141364129,11,0.0
transfer_to_competitor_pct_90d,"[0.00980187, 0.00982132)",0.00980187,0.00982132,-0.03499412867703709,11,27.27272727272727
transfer_to_competitor_pct_90d,"[0.00982132, 0.00983744)",0.00982132,0.00983744,-0.03483923383774212,12,0.0
transfer_to_competitor_pct_90d,"[0.00983744, 0.00986935)",0.00983744,0.009869355,-0.034475413061222704,11,9.090909090909092
transfer_to_competitor_pct_90d,"[0.00986935, 0.00988594)",0.009869355,0.00988594,-0.034475413061222704,11,0.0
transfer_to_competitor_pct_90d,"[0.00988594, 0.00990462)",0.00988594,0.009904615,-0.034475413061222704,11,18.181818181818183
transfer_to_competitor_pct_90d,"[0.00990462, 0.00992226)",0.009904615,0.009922259999999999,-0.034475413061222704,11,18.181818181818183
transfer_to_competitor_pct_90d,"[0.00992226, 0.00995397)",0.009922259999999999,0.00995397,-0.03420360881180382,11,18.181818181818183
transfer_to_competitor_pct_90d,"[0.00995397, 0.0099784)",0.00995397,0.009978405,-0.03420360881180382,11,18.181818181818183
transfer_to_competitor_pct_90d,"[0.0099784, 0.0100155)",0.009978405,0.010015534999999999,-0.03404754399928795,11,36.36363636363637
transfer_to_competitor_pct_90d,"[0.0100155, 0.0100432)",0.010015534999999999,0.010043235000000001,-0.03404754399928795,12,8.333333333333332
transfer_to_competitor_pct_90d,"[0.0100432, 0.010065)",0.010043235000000001,0.010064984999999999,-0.03401102072992246,11,0.0
transfer_to_competitor_pct_90d,"[0.010065, 0.0100812)",0.010064984999999999,0.010081215000000001,-0.03401102072992246,11,0.0
transfer_to_competitor_pct_90d,"[0.0100812, 0.0100924)",0.010081215000000001,0.010092375,-0.03398008989219271,11,36.36363636363637
transfer_to_competitor_pct_90d,"[0.0100924, 0.0101117)",0.010092375,0.01011167,-0.03398008989219271,11,0.0
transfer_to_competitor_pct_90d,"[0.0101117, 0.0101239)",0.01011167,0.010123915,-0.03398008989219271,11,18.181818181818183
transfer_to_competitor_pct_90d,"[0.0101239, 0.0101623)",0.010123915,0.010162319999999999,-0.03325901268401403,11,0.0
transfer_to_competitor_pct_90d,"[0.0101623, 0.0101917)",0.010162319999999999,0.010191744999999999,-0.03288444984112761,12,0.0
transfer_to_competitor_pct_90d,"[0.0101917, 0.0102136)",0.010191744999999999,0.010213594999999999,-0.03275756735242828,11,0.0
transfer_to_competitor_pct_90d,"[0.0102136, 0.0102298)",0.010213594999999999,0.010229825000000001,-0.03275756735242828,11,0.0
transfer_to_competitor_pct_90d,"[0.0102298, 0.0102522)",0.010229825000000001,0.010252190000000001,-0.03275756735242828,11,9.090909090909092
transfer_to_competitor_pct_90d,"[0.0102522, 0.0102689)",0.010252190000000001,0.010268900000000001,-0.03275756735242828,11,18.181818181818183
transfer_to_competitor_pct_90d,"[0.0102689, 0.0102934)",0.010268900000000001,0.010293355,-0.032641438628665295,11,18.181818181818183
transfer_to_competitor_pct_90d,"[0.0102934, 0.0103105)",0.010293355,0.010310465,-0.032641438628665295,11,18.181818181818183
transfer_to_competitor_pct_90d,"[0.0103105, 0.0103362)",0.010310465,0.01033618,-0.032641438628665295,12,0.0
transfer_to_competitor_pct_90d,"[0.0103362, 0.0103539)",0.01033618,0.010353925,-0.032641438628665295,11,0.0
transfer_to_competitor_pct_90d,"[0.0103539, 0.0103689)",0.010353925,0.01036893,-0.032641438628665295,11,27.27272727272727
transfer_to_competitor_pct_90d,"[0.0103689, 0.0103882)",0.01036893,0.010388245,-0.032641438628665295,11,9.090909090909092
transfer_to_competitor_pct_90d,"[0.0103882, 0.0104362)",0.010388245,0.010436154999999999,-0.03222430222314706,11,9.090909090909092
transfer_to_competitor_pct_90d,"[0.0104362, 0.0104515)",0.010436154999999999,0.010451475,-0.03198074259082095,11,9.090909090909092
transfer_to_competitor_pct_90d,"[0.0104515, 0.0104641)",0.010451475,0.01046406,-0.03198074259082095,11,9.090909090909092
transfer_to_competitor_pct_90d,"[0.0104641, 0.0104893)",0.01046406,0.01048926,-0.03160187712190588,11,18.181818181818183
transfer_to_competitor_pct_90d,"[0.0104893, 0.0105063)",0.01048926,0.010506275,-0.03129829659619765,12,0.0
transfer_to_competitor_pct_90d,"[0.0105063, 0.010522)",0.010506275,0.01052198,-0.03129829659619765,11,27.27272727272727
transfer_to_competitor_pct_90d,"[0.010522, 0.0105508)",0.01052198,0.010550775,-0.031199860682193374,11,18.181818181818183
transfer_to_competitor_pct_90d,"[0.0105508, 0.0105678)",0.010550775,0.01056777,-0.031199860682193374,11,9.090909090909092
transfer_to_competitor_pct_90d,"[0.0105678, 0.0105972)",0.01056777,0.01059716,-0.031199860682193374,11,0.0
transfer_to_competitor_pct_90d,"[0.0105972, 0.0106109)",0.01059716,0.010610885,-0.03113783606140242,11,9.090909090909092
transfer_to_competitor_pct_90d,"[0.0106109, 0.0106348)",0.010610885,0.01063485,-0.0309911368163737,11,18.181818181818183
transfer_to_competitor_pct_90d,"[0.0106348, 0.0106667)",0.01063485,0.010666705,-0.030453402314463415,12,0.0
transfer_to_competitor_pct_90d,"[0.0106667, 0.0106997)",0.010666705,0.010699705,-0.030132167027160952,11,9.090909090909092
transfer_to_competitor_pct_90d,"[0.0106997, 0.0107157)",0.010699705,0.010715655000000001,-0.0299522701771997,11,9.090909090909092
transfer_to_competitor_pct_90d,"[0.0107157, 0.0107452)",0.010715655000000001,0.01074518,-0.02951508246745888,11,27.27272727272727
transfer_to_competitor_pct_90d,"[0.0107452, 0.0107603)",0.01074518,0.010760285,-0.02936699812265793,11,9.090909090909092
transfer_to_competitor_pct_90d,"[0.0107603, 0.0107882)",0.010760285,0.01078817,-0.02936699812265793,11,0.0
transfer_to_competitor_pct_90d,"[0.0107882, 0.010808)",0.01078817,0.010807995,-0.02936699812265793,11,0.0
transfer_to_competitor_pct_90d,"[0.010808, 0.0108319)",0.010807995,0.01083185,-0.029090479883248158,12,33.33333333333333
transfer_to_competitor_pct_90d,"[0.0108319, 0.0108538)",0.01083185,0.010853815,-0.028658960590464872,11,0.0
transfer_to_competitor_pct_90d,"[0.0108538, 0.0108877)",0.010853815,0.010887695,-0.02765256984865246,11,18.181818181818183
transfer_to_competitor_pct_90d,"[0.0108877, 0.0109107)",0.010887695,0.010910745,-0.027038498871342007,11,9.090909090909092
transfer_to_competitor_pct_90d,"[0.0109107, 0.0109331)",0.010910745,0.010933100000000001,-0.027038498871342007,11,18.181818181818183
transfer_to_competitor_pct_90d,"[0.0109331, 0.0109554)",0.010933100000000001,0.0109554,-0.026130712327768302,11,9.090909090909092
transfer_to_competitor_pct_90d,"[0.0109554, 0.0109783)",0.0109554,0.01097828,-0.026130712327768302,11,18.181818181818183
transfer_to_competitor_pct_90d,"[0.0109783, 0.0110004)",0.01097828,0.011000355,-0.025855773883567055,11,0.0
transfer_to_competitor_pct_90d,"[0.0110004, 0.0110199)",0.011000355,0.011019865,-0.02561039925674447,12,8.333333333333332
transfer_to_competitor_pct_90d,"[0.0110199, 0.0110416)",0.011019865,0.0110416,-0.0252824621576884,11,18.181818181818183
transfer_to_competitor_pct_90d,"[0.0110416, 0.0110617)",0.0110416,0.01106174,-0.02485544289996545,11,9.090909090909092
transfer_to_competitor_pct_90d,"[0.0110617, 0.011087)",0.01106174,0.011087014999999999,-0.024795577232418275,11,0.0
transfer_to_competitor_pct_90d,"[0.011087, 0.0110996)",0.011087014999999999,0.011099645,-0.024795577232418275,11,27.27272727272727
transfer_to_competitor_pct_90d,"[0.0110996, 0.0111143)",0.011099645,0.01111434,-0.024795577232418275,11,0.0
transfer_to_competitor_pct_90d,"[0.0111143, 0.0111366)",0.01111434,0.011136585000000001,-0.02327839777636426,11,9.090909090909092
transfer_to_competitor_pct_90d,"[0.0111366, 0.0111605)",0.011136585000000001,0.011160525000000001,-0.02327839777636426,12,0.0
transfer_to_competitor_pct_90d,"[0.0111605, 0.0111841)",0.011160525000000001,0.011184145,-0.02327839777636426,11,18.181818181818183
transfer_to_competitor_pct_90d,"[0.0111841, 0.0112067)",0.011184145,0.011206655,-0.02327839777636426,11,9.090909090909092
transfer_to_competitor_pct_90d,"[0.0112067, 0.0112324)",0.011206655,0.01123242,-0.02327839777636426,11,36.36363636363637
transfer_to_competitor_pct_90d,"[0.0112324, 0.0112537)",0.01123242,0.011253665,-0.02314554237379283,11,0.0
transfer_to_competitor_pct_90d,"[0.0112537, 0.0112804)",0.011253665,0.011280405,-0.02314554237379283,11,9.090909090909092
transfer_to_competitor_pct_90d,"[0.0112804, 0.0113121)",0.011280405,0.0113121,-0.02213359583076234,11,0.0
transfer_to_competitor_pct_90d,"[0.0113121, 0.011354)",0.0113121,0.01135402,-0.0219495461158301,12,0.0
transfer_to_competitor_pct_90d,"[0.011354, 0.0113703)",0.01135402,0.01137035,-0.0219495461158301,11,18.181818181818183
transfer_to_competitor_pct_90d,"[0.0113703, 0.0113954)",0.01137035,0.011395425,-0.021621490588960884,11,18.181818181818183
transfer_to_competitor_pct_90d,"[0.0113954, 0.0114248)",0.011395425,0.011424815,-0.021404740163863345,11,18.181818181818183
transfer_to_competitor_pct_90d,"[0.0114248, 0.0114442)",0.011424815,0.011444215,-0.021404740163863345,11,0.0
transfer_to_competitor_pct_90d,"[0.0114442, 0.0114794)",0.011444215,0.011479415,-0.021404740163863345,11,18.181818181818183
transfer_to_competitor_pct_90d,"[0.0114794, 0.0114937)",0.011479415,0.011493665,-0.021278000776366587,11,27.27272727272727
transfer_to_competitor_pct_90d,"[0.0114937, 0.011528)",0.011493665,0.011528045,-0.0211424914818293,12,25.0
transfer_to_competitor_pct_90d,"[0.011528, 0.0115439)",0.011528045,0.011543890000000001,-0.0211424914818293,11,18.181818181818183
transfer_to_competitor_pct_90d,"[0.0115439, 0.0115639)",0.011543890000000001,0.011563905,-0.021033459857195486,11,18.181818181818183
transfer_to_competitor_pct_90d,"[0.0115639, 0.0115922)",0.011563905,0.011592225000000001,-0.021033459857195486,11,27.27272727272727
transfer_to_competitor_pct_90d,"[0.0115922, 0.0116119)",0.011592225000000001,0.011611905,-0.020902836658843522,11,9.090909090909092
transfer_to_competitor_pct_90d,"[0.0116119, 0.0116338)",0.011611905,0.011633785,-0.020902836658843522,11,9.090909090909092
transfer_to_competitor_pct_90d,"[0.0116338, 0.0116638)",0.011633785,0.01166377,-0.02039915126089465,11,27.27272727272727
transfer_to_competitor_pct_90d,"[0.0116638, 0.0116865)",0.01166377,0.011686495,-0.019823048967450577,11,0.0
transfer_to_competitor_pct_90d,"[0.0116865, 0.0117081)",0.011686495,0.011708135,-0.018703696729133683,12,8.333333333333332
transfer_to_competitor_pct_90d,"[0.0117081, 0.0117326)",0.011708135,0.011732595,-0.018703696729133683,11,27.27272727272727
transfer_to_competitor_pct_90d,"[0.0117326, 0.0117616)",0.011732595,0.01176164,-0.018111306518455626,11,18.181818181818183
transfer_to_competitor_pct_90d,"[0.0117616, 0.0118012)",0.01176164,0.01180125,-0.018111306518455626,11,0.0
transfer_to_competitor_pct_90d,"[0.0118012, 0.0118311)",0.01180125,0.011831065,-0.01782028490798863,11,9.090909090909092
transfer_to_competitor_pct_90d,"[0.0118311, 0.0118615)",0.011831065,0.011861515,-0.01782028490798863,11,9.090909090909092
transfer_to_competitor_pct_90d,"[0.0118615, 0.0118755)",0.011861515,0.011875545000000001,-0.01782028490798863,11,9.090909090909092
transfer_to_competitor_pct_90d,"[0.0118755, 0.0119348)",0.011875545000000001,0.011934785,-0.0177086042177813,12,16.666666666666664
transfer_to_competitor_pct_90d,"[0.0119348, 0.0119697)",0.011934785,0.011969674999999999,-0.01748249399428219,11,0.0
transfer_to_competitor_pct_90d,"[0.0119697, 0.0119972)",0.011969674999999999,0.011997230000000001,-0.01748249399428219,11,36.36363636363637
transfer_to_competitor_pct_90d,"[0.0119972, 0.0120317)",0.011997230000000001,0.012031654999999999,-0.0173653906337033,11,45.45454545454545
transfer_to_competitor_pct_90d,"[0.0120317, 0.0120566)",0.012031654999999999,0.012056555,-0.016823719469743724,11,9.090909090909092
transfer_to_competitor_pct_90d,"[0.0120566, 0.0120767)",0.012056555,0.0120767,-0.016823719469743724,11,9.090909090909092
transfer_to_competitor_pct_90d,"[0.0120767, 0.0120988)",0.0120767,0.01209876,-0.016823719469743724,11,36.36363636363637
transfer_to_competitor_pct_90d,"[0.0120988, 0.0121253)",0.01209876,0.01212527,-0.016823719469743724,12,16.666666666666664
transfer_to_competitor_pct_90d,"[0.0121253, 0.0121572)",0.01212527,0.01215718,-0.016557482243940713,11,18.181818181818183
transfer_to_competitor_pct_90d,"[0.0121572, 0.0121961)",0.01215718,0.01219615,-0.01605105073426659,11,0.0
transfer_to_competitor_pct_90d,"[0.0121961, 0.0122182)",0.01219615,0.012218155,-0.01605105073426659,11,18.181818181818183
transfer_to_competitor_pct_90d,"[0.0122182, 0.0122489)",0.012218155,0.01224894,-0.01580776002701332,11,0.0
transfer_to_competitor_pct_90d,"[0.0122489, 0.0122731)",0.01224894,0.01227307,-0.015437046908629789,11,0.0
transfer_to_competitor_pct_90d,"[0.0122731, 0.0123052)",0.01227307,0.012305205,-0.015437046908629789,11,9.090909090909092
transfer_to_competitor_pct_90d,"[0.0123052, 0.0123255)",0.012305205,0.012325465,-0.015221437561144994,11,18.181818181818183
transfer_to_competitor_pct_90d,"[0.0123255, 0.0123522)",0.012325465,0.01235224,-0.014450426404101635,12,16.666666666666664
transfer_to_competitor_pct_90d,"[0.0123522, 0.0123792)",0.01235224,0.01237922,-0.014450426404101635,11,9.090909090909092
transfer_to_competitor_pct_90d,"[0.0123792, 0.0124)",0.01237922,0.012400035,-0.014048314225850024,11,0.0
transfer_to_competitor_pct_90d,"[0.0124, 0.0124185)",0.012400035,0.012418475,-0.013934263734441349,11,27.27272727272727
transfer_to_competitor_pct_90d,"[0.0124185, 0.012438)",0.012418475,0.01243799,-0.013265823305068359,11,27.27272727272727
transfer_to_competitor_pct_90d,"[0.012438, 0.0124696)",0.01243799,0.012469585,-0.012929327310165294,11,18.181818181818183
transfer_to_competitor_pct_90d,"[0.0124696, 0.0124941)",0.012469585,0.01249406,-0.012593540883894217,11,0.0
transfer_to_competitor_pct_90d,"[0.0124941, 0.012526)",0.01249406,0.012525965,-0.012385067114292872,12,8.333333333333332
transfer_to_competitor_pct_90d,"[0.012526, 0.0125459)",0.012525965,0.012545945,-0.011395936255658273,11,9.090909090909092
transfer_to_competitor_pct_90d,"[0.0125459, 0.0125706)",0.012545945,0.01257065,-0.011305236490180708,11,9.090909090909092
transfer_to_competitor_pct_90d,"[0.0125706, 0.012587)",0.01257065,0.012587005,-0.01090717290150596,11,0.0
transfer_to_competitor_pct_90d,"[0.012587, 0.0126227)",0.012587005,0.012622715,-0.010823911314940083,11,0.0
transfer_to_competitor_pct_90d,"[0.0126227, 0.0126492)",0.012622715,0.012649194999999998,-0.010823911314940083,11,18.181818181818183
transfer_to_competitor_pct_90d,"[0.0126492, 0.0126888)",0.012649194999999998,0.01268878,-0.010532423960398067,11,9.090909090909092
transfer_to_competitor_pct_90d,"[0.0126888, 0.0127545)",0.01268878,0.012754475000000001,-0.01002491537099457,12,33.33333333333333
transfer_to_competitor_pct_90d,"[0.0127545, 0.0127982)",0.012754475000000001,0.0127982,-0.01002491537099457,11,0.0
transfer_to_competitor_pct_90d,"[0.0127982, 0.012825)",0.0127982,0.012824950000000002,-0.01002491537099457,11,9.090909090909092
transfer_to_competitor_pct_90d,"[0.012825, 0.0128536)",0.012824950000000002,0.012853645,-0.009607965616499362,11,0.0
transfer_to_competitor_pct_90d,"[0.0128536, 0.012881)",0.012853645,0.012881014999999999,-0.009140760811248486,11,9.090909090909092
transfer_to_competitor_pct_90d,"[0.012881, 0.0129096)",0.012881014999999999,0.01290956,-0.009140760811248486,11,0.0
transfer_to_competitor_pct_90d,"[0.0129096, 0.0129452)",0.01290956,0.012945165000000002,-0.008895431393364484,11,18.181818181818183
transfer_to_competitor_pct_90d,"[0.0129452, 0.0129773)",0.012945165000000002,0.01297734,-0.008652078120298792,12,8.333333333333332
transfer_to_competitor_pct_90d,"[0.0129773, 0.0130041)",0.01297734,0.01300409,-0.008652078120298792,11,9.090909090909092
transfer_to_competitor_pct_90d,"[0.0130041, 0.0130534)",0.01300409,0.013053374999999999,-0.00851697375253547,11,27.27272727272727
transfer_to_competitor_pct_90d,"[0.0130534, 0.0130755)",0.013053374999999999,0.013075505,-0.007919526486662826,11,0.0
transfer_to_competitor_pct_90d,"[0.0130755, 0.0131064)",0.013075505,0.0131064,-0.007491111662491437,11,9.090909090909092
transfer_to_competitor_pct_90d,"[0.0131064, 0.0131191)",0.0131064,0.0131191,-0.0065270269532163,11,18.181818181818183
transfer_to_competitor_pct_90d,"[0.0131191, 0.0131378)",0.0131191,0.01313775,-0.006267539209093547,11,9.090909090909092
transfer_to_competitor_pct_90d,"[0.0131378, 0.0131685)",0.01313775,0.013168495,-0.005452073066483727,11,9.090909090909092
transfer_to_competitor_pct_90d,"[0.0131685, 0.0132073)",0.013168495,0.013207255,-0.005030335772172451,12,8.333333333333332
transfer_to_competitor_pct_90d,"[0.0132073, 0.0132242)",0.013207255,0.01322417,-0.00484551990461243,11,27.27272727272727
transfer_to_competitor_pct_90d,"[0.0132242, 0.0132471)",0.01322417,0.013247075,-0.00484551990461243,11,9.090909090909092
transfer_to_competitor_pct_90d,"[0.0132471, 0.0132834)",0.013247075,0.013283445000000001,-0.004488067600561734,11,18.181818181818183
transfer_to_competitor_pct_90d,"[0.0132834, 0.0133159)",0.013283445000000001,0.01331587,-0.004374923471910459,11,0.0
transfer_to_competitor_pct_90d,"[0.0133159, 0.0133275)",0.01331587,0.013327515,-0.0039347347105238885,11,9.090909090909092
transfer_to_competitor_pct_90d,"[0.0133275, 0.0133481)",0.013327515,0.013348075000000001,-0.0039347347105238885,11,9.090909090909092
transfer_to_competitor_pct_90d,"[0.0133481, 0.0134005)",0.013348075000000001,0.013400474999999998,-0.0026600761661610584,12,16.666666666666664
transfer_to_competitor_pct_90d,"[0.0134005, 0.0134275)",0.013400474999999998,0.013427485,-0.0023528117029362303,11,27.27272727272727
transfer_to_competitor_pct_90d,"[0.0134275, 0.0134524)",0.013427485,0.013452410000000001,-0.0020705938326609254,11,27.27272727272727
transfer_to_competitor_pct_90d,"[0.0134524, 0.0135142)",0.013452410000000001,0.013514195,-0.0017792527315226513,11,18.181818181818183
transfer_to_competitor_pct_90d,"[0.0135142, 0.0135391)",0.013514195,0.01353911,-0.0013393468070865126,11,9.090909090909092
transfer_to_competitor_pct_90d,"[0.0135391, 0.0135569)",0.01353911,0.013556905000000001,-0.0011897790665708334,11,0.0
transfer_to_competitor_pct_90d,"[0.0135569, 0.0135834)",0.013556905000000001,0.013583379999999999,-4.876196403037379e-05,11,18.181818181818183
transfer_to_competitor_pct_90d,"[0.0135834, 0.0136426)",0.013583379999999999,0.01364261,0.00048598079750724634,12,16.666666666666664
transfer_to_competitor_pct_90d,"[0.0136426, 0.0136824)",0.01364261,0.013682365,0.00048598079750724634,11,9.090909090909092
transfer_to_competitor_pct_90d,"[0.0136824, 0.0137398)",0.013682365,0.0137398,0.0007016022670340105,11,9.090909090909092
transfer_to_competitor_pct_90d,"[0.0137398, 0.0137919)",0.0137398,0.013791939999999999,0.0012395959044648206,11,18.181818181818183
transfer_to_competitor_pct_90d,"[0.0137919, 0.0138249)",0.013791939999999999,0.01382487,0.0013618454769911247,11,18.181818181818183
transfer_to_competitor_pct_90d,"[0.0138249, 0.0138542)",0.01382487,0.013854155,0.0018768244362971991,11,0.0
transfer_to_competitor_pct_90d,"[0.0138542, 0.0138935)",0.013854155,0.01389347,0.0019833947910111653,11,18.181818181818183
transfer_to_competitor_pct_90d,"[0.0138935, 0.0139133)",0.01389347,0.013913325,0.0022229936013311233,11,0.0
transfer_to_competitor_pct_90d,"[0.0139133, 0.0139489)",0.013913325,0.01394892,0.0028845310011531115,12,16.666666666666664
transfer_to_competitor_pct_90d,"[0.0139489, 0.0139843)",0.01394892,0.0139843,0.0028845310011531115,11,9.090909090909092
transfer_to_competitor_pct_90d,"[0.0139843, 0.0140037)",0.0139843,0.014003709999999999,0.0028845310011531115,11,0.0
transfer_to_competitor_pct_90d,"[0.0140037, 0.0140373)",0.014003709999999999,0.014037295,0.0038501734045139047,11,9.090909090909092
transfer_to_competitor_pct_90d,"[0.0140373, 0.0140657)",0.014037295,0.014065655,0.004815963763405507,11,18.181818181818183
transfer_to_competitor_pct_90d,"[0.0140657, 0.0140972)",0.014065655,0.014097235,0.004960218385914214,11,27.27272727272727
transfer_to_competitor_pct_90d,"[0.0140972, 0.0141375)",0.014097235,0.014137495,0.004960218385914214,11,27.27272727272727
transfer_to_competitor_pct_90d,"[0.0141375, 0.0141635)",0.014137495,0.014163495,0.005222464309424715,12,16.666666666666664
transfer_to_competitor_pct_90d,"[0.0141635, 0.0141861)",0.014163495,0.014186075,0.006307638809814881,11,18.181818181818183
transfer_to_competitor_pct_90d,"[0.0141861, 0.014208)",0.014186075,0.01420798,0.006811467721493923,11,0.0
transfer_to_competitor_pct_90d,"[0.014208, 0.014234)",0.01420798,0.01423401,0.007371129443255765,11,9.090909090909092
transfer_to_competitor_pct_90d,"[0.014234, 0.0142656)",0.01423401,0.014265574999999999,0.0075510308976642565,11,9.090909090909092
transfer_to_competitor_pct_90d,"[0.0142656, 0.0143076)",0.014265574999999999,0.014307555,0.0075510308976642565,11,9.090909090909092
transfer_to_competitor_pct_90d,"[0.0143076, 0.0143427)",0.014307555,0.01434268,0.007875326682649501,11,9.090909090909092
transfer_to_competitor_pct_90d,"[0.0143427, 0.0143886)",0.01434268,0.014388615,0.007875326682649501,12,8.333333333333332
transfer_to_competitor_pct_90d,"[0.0143886, 0.0144206)",0.014388615,0.01442064,0.007875326682649501,11,0.0
transfer_to_competitor_pct_90d,"[0.0144206, 0.0144472)",0.01442064,0.014447245000000001,0.008563881346745433,11,18.181818181818183
transfer_to_competitor_pct_90d,"[0.0144472, 0.0144874)",0.014447245000000001,0.01448744,0.008563881346745433,11,18.181818181818183
transfer_to_competitor_pct_90d,"[0.0144874, 0.0145252)",0.01448744,0.01452522,0.008563881346745433,11,0.0
transfer_to_competitor_pct_90d,"[0.0145252, 0.0145458)",0.01452522,0.01454577,0.008866390627810845,11,9.090909090909092
transfer_to_competitor_pct_90d,"[0.0145458, 0.0145781)",0.01454577,0.01457808,0.008866390627810845,11,9.090909090909092
transfer_to_competitor_pct_90d,"[0.0145781, 0.014619)",0.01457808,0.014618985000000001,0.009124093057005225,12,16.666666666666664
transfer_to_competitor_pct_90d,"[0.014619, 0.0146473)",0.014618985000000001,0.01464727,0.009398491537233255,11,0.0
transfer_to_competitor_pct_90d,"[0.0146473, 0.0146808)",0.01464727,0.014680785,0.009398491537233255,11,9.090909090909092
transfer_to_competitor_pct_90d,"[0.0146808, 0.0147048)",0.014680785,0.01470476,0.009398491537233255,11,0.0
transfer_to_competitor_pct_90d,"[0.0147048, 0.0147296)",0.01470476,0.014729575,0.009398491537233255,11,18.181818181818183
transfer_to_competitor_pct_90d,"[0.0147296, 0.0147593)",0.014729575,0.01475933,0.009771063501102751,11,9.090909090909092
transfer_to_competitor_pct_90d,"[0.0147593, 0.0147865)",0.01475933,0.014786535,0.009771063501102751,11,27.27272727272727
transfer_to_competitor_pct_90d,"[0.0147865, 0.0148184)",0.014786535,0.014818379999999999,0.009771063501102751,11,18.181818181818183
transfer_to_competitor_pct_90d,"[0.0148184, 0.0148504)",0.014818379999999999,0.014850415,0.009771063501102751,12,8.333333333333332
transfer_to_competitor_pct_90d,"[0.0148504, 0.0148832)",0.014850415,0.014883205,0.01008136921414587,11,18.181818181818183
transfer_to_competitor_pct_90d,"[0.0148832, 0.0149127)",0.014883205,0.014912695,0.010463953771898675,11,0.0
transfer_to_competitor_pct_90d,"[0.0149127, 0.0149404)",0.014912695,0.014940354999999999,0.010463953771898675,11,0.0
transfer_to_competitor_pct_90d,"[0.0149404, 0.01497)",0.014940354999999999,0.014970015,0.010463953771898675,11,9.090909090909092
transfer_to_competitor_pct_90d,"[0.01497, 0.0149974)",0.014970015,0.014997400000000001,0.011330143770411635,11,18.181818181818183
transfer_to_competitor_pct_90d,"[0.0149974, 0.0150292)",0.014997400000000001,0.015029230000000001,0.011330143770411635,11,27.27272727272727
transfer_to_competitor_pct_90d,"[0.0150292, 0.0150706)",0.015029230000000001,0.01507061,0.012029717796282256,12,8.333333333333332
transfer_to_competitor_pct_90d,"[0.0150706, 0.0150981)",0.01507061,0.015098125,0.012029717796282256,11,18.181818181818183
transfer_to_competitor_pct_90d,"[0.0150981, 0.0151428)",0.015098125,0.015142795,0.012656970758041758,11,0.0
transfer_to_competitor_pct_90d,"[0.0151428, 0.0151863)",0.015142795,0.01518626,0.012824069798678412,11,18.181818181818183
transfer_to_competitor_pct_90d,"[0.0151863, 0.0152485)",0.01518626,0.015248455000000001,0.012824069798678412,11,9.090909090909092
transfer_to_competitor_pct_90d,"[0.0152485, 0.0152692)",0.015248455000000001,0.0152692,0.013370722268302073,11,9.090909090909092
transfer_to_competitor_pct_90d,"[0.0152692, 0.015297)",0.0152692,0.015296965,0.013370722268302073,11,9.090909090909092
transfer_to_competitor_pct_90d,"[0.015297, 0.0153358)",0.015296965,0.01533576,0.014133023338395131,12,8.333333333333332
transfer_to_competitor_pct_90d,"[0.0153358, 0.0153883)",0.01533576,0.01538828,0.014133023338395131,11,18.181818181818183
transfer_to_competitor_pct_90d,"[0.0153883, 0.0154164)",0.01538828,0.015416369999999999,0.014133023338395131,11,36.36363636363637
transfer_to_competitor_pct_90d,"[0.0154164, 0.0154641)",0.015416369999999999,0.01546415,0.014133023338395131,11,18.181818181818183
transfer_to_competitor_pct_90d,"[0.0154641, 0.0155018)",0.01546415,0.015501835,0.014256538976914897,11,9.090909090909092
transfer_to_competitor_pct_90d,"[0.0155018, 0.0155548)",0.015501835,0.015554825000000001,0.014651992939064613,11,27.27272727272727
transfer_to_competitor_pct_90d,"[0.0155548, 0.0155936)",0.015554825000000001,0.015593595,0.015376154639908265,11,0.0
transfer_to_competitor_pct_90d,"[0.0155936, 0.0156365)",0.015593595,0.015636485,0.016081653598816702,11,9.090909090909092
transfer_to_competitor_pct_90d,"[0.0156365, 0.0156845)",0.015636485,0.01568448,0.017495149911134593,12,0.0
transfer_to_competitor_pct_90d,"[0.0156845, 0.0157467)",0.01568448,0.01574671,0.018314151312533975,11,9.090909090909092
transfer_to_competitor_pct_90d,"[0.0157467, 0.0157817)",0.01574671,0.0157817,0.018314151312533975,11,9.090909090909092
transfer_to_competitor_pct_90d,"[0.0157817, 0.0158167)",0.0157817,0.015816655,0.01871073838064474,11,18.181818181818183
transfer_to_competitor_pct_90d,"[0.0158167, 0.0158633)",0.015816655,0.015863335,0.01871073838064474,11,0.0
transfer_to_competitor_pct_90d,"[0.0158633, 0.0159128)",0.015863335,0.01591281,0.019456987540914926,11,27.27272727272727
transfer_to_competitor_pct_90d,"[0.0159128, 0.0159548)",0.01591281,0.015954805000000002,0.020087026325657585,11,0.0
transfer_to_competitor_pct_90d,"[0.0159548, 0.0160091)",0.015954805000000002,0.016009075,0.02023678333034908,12,0.0
transfer_to_competitor_pct_90d,"[0.0160091, 0.0160555)",0.016009075,0.016055485,0.020585046748669376,11,18.181818181818183
transfer_to_competitor_pct_90d,"[0.0160555, 0.0161086)",0.016055485,0.016108604999999998,0.020784181943598056,11,18.181818181818183
transfer_to_competitor_pct_90d,"[0.0161086, 0.0161382)",0.016108604999999998,0.01613822,0.020784181943598056,11,9.090909090909092
transfer_to_competitor_pct_90d,"[0.0161382, 0.0161789)",0.01613822,0.016178945,0.021506298683173667,11,0.0
transfer_to_competitor_pct_90d,"[0.0161789, 0.0162145)",0.016178945,0.016214464999999997,0.022370793347329932,11,0.0
transfer_to_competitor_pct_90d,"[0.0162145, 0.0163183)",0.016214464999999997,0.016318304999999998,0.02253121903005698,11,18.181818181818183
transfer_to_competitor_pct_90d,"[0.0163183, 0.0163917)",0.016318304999999998,0.0163917,0.023666988212871852,12,25.0
transfer_to_competitor_pct_90d,"[0.0163917, 0.0164451)",0.0163917,0.016445130000000002,0.023666988212871852,11,9.090909090909092
transfer_to_competitor_pct_90d,"[0.0164451, 0.0164935)",0.016445130000000002,0.016493479999999998,0.023928264088362943,11,0.0
transfer_to_competitor_pct_90d,"[0.0164935, 0.0165462)",0.016493479999999998,0.016546245,0.025662935581066294,11,9.090909090909092
transfer_to_competitor_pct_90d,"[0.0165462, 0.0166163)",0.016546245,0.01661629,0.025866993952988325,11,9.090909090909092
transfer_to_competitor_pct_90d,"[0.0166163, 0.0166604)",0.01661629,0.01666039,0.025866993952988325,11,9.090909090909092
transfer_to_competitor_pct_90d,"[0.0166604, 0.0167029)",0.01666039,0.016702935000000002,0.02769733079312949,11,9.090909090909092
transfer_to_competitor_pct_90d,"[0.0167029, 0.0167441)",0.016702935000000002,0.016744105,0.027974439011203323,11,0.0
transfer_to_competitor_pct_90d,"[0.0167441, 0.0168071)",0.016744105,0.01680715,0.027974439011203323,12,8.333333333333332
transfer_to_competitor_pct_90d,"[0.0168071, 0.0168957)",0.01680715,0.016895705,0.028225807512755167,11,9.090909090909092
transfer_to_competitor_pct_90d,"[0.0168957, 0.0169334)",0.016895705,0.01693336,0.02894410091975546,11,0.0
transfer_to_competitor_pct_90d,"[0.0169334, 0.0169563)",0.01693336,0.016956335,0.0295479550383599,11,9.090909090909092
transfer_to_competitor_pct_90d,"[0.0169563, 0.0170144)",0.016956335,0.017014355000000002,0.029959834642357963,11,0.0
transfer_to_competitor_pct_90d,"[0.0170144, 0.0170652)",0.017014355000000002,0.01706518,0.03086524666230136,11,0.0
transfer_to_competitor_pct_90d,"[0.0170652, 0.0171165)",0.01706518,0.017116535000000002,0.03218369295347626,11,27.27272727272727
transfer_to_competitor_pct_90d,"[0.0171165, 0.0172001)",0.017116535000000002,0.01720005,0.03243732839111464,12,16.666666666666664
transfer_to_competitor_pct_90d,"[0.0172001, 0.0172639)",0.01720005,0.017263914999999998,0.03360606137710403,12,25.0
transfer_to_competitor_pct_90d,"[0.0172639, 0.017328)",0.017263914999999998,0.017328035,0.033890282686247226,12,0.0
transfer_to_competitor_pct_90d,"[0.017328, 0.0173866)",0.017328035,0.017386615,0.0350281990597123,12,33.33333333333333
transfer_to_competitor_pct_90d,"[0.0173866, 0.0174543)",0.017386615,0.01745429,0.0350281990597123,11,9.090909090909092
transfer_to_competitor_pct_90d,"[0.0174543, 0.017498)",0.01745429,0.01749797,0.03578255348601006,11,0.0
transfer_to_competitor_pct_90d,"[0.017498, 0.0175446)",0.01749797,0.01754456,0.03685437032972837,11,9.090909090909092
transfer_to_competitor_pct_90d,"[0.0175446, 0.0175976)",0.01754456,0.01759761,0.03685437032972837,11,18.181818181818183
transfer_to_competitor_pct_90d,"[0.0175976, 0.0176385)",0.01759761,0.017638519999999998,0.03685437032972837,11,18.181818181818183
transfer_to_competitor_pct_90d,"[0.0176385, 0.0176986)",0.017638519999999998,0.01769855,0.03685437032972837,11,18.181818181818183
transfer_to_competitor_pct_90d,"[0.0176986, 0.0177484)",0.01769855,0.01774844,0.03811606077946253,11,18.181818181818183
transfer_to_competitor_pct_90d,"[0.0177484, 0.0177925)",0.01774844,0.017792485,0.03890393550313438,11,9.090909090909092
transfer_to_competitor_pct_90d,"[0.0177925, 0.0178606)",0.017792485,0.017860615,0.039834374160258826,11,9.090909090909092
transfer_to_competitor_pct_90d,"[0.0178606, 0.0179379)",0.017860615,0.017937915,0.039834374160258826,11,9.090909090909092
transfer_to_competitor_pct_90d,"[0.0179379, 0.0179903)",0.017937915,0.0179903,0.039834374160258826,11,0.0
transfer_to_competitor_pct_90d,"[0.0179903, 0.0180323)",0.0179903,0.018032325000000002,0.041672214686709785,11,9.090909090909092
transfer_to_competitor_pct_90d,"[0.0180323, 0.0180793)",0.018032325000000002,0.01807926,0.041672214686709785,11,27.27272727272727
transfer_to_competitor_pct_90d,"[0.0180793, 0.0181492)",0.01807926,0.01814917,0.042064579076577985,11,18.181818181818183
transfer_to_competitor_pct_90d,"[0.0181492, 0.0182284)",0.01814917,0.01822839,0.0423223928010626,11,0.0
transfer_to_competitor_pct_90d,"[0.0182284, 0.0183057)",0.01822839,0.01830569,0.0423223928010626,11,27.27272727272727
transfer_to_competitor_pct_90d,"[0.0183057, 0.0183488)",0.01830569,0.01834881,0.0423223928010626,11,0.0
transfer_to_competitor_pct_90d,"[0.0183488, 0.0183911)",0.01834881,0.018391135,0.0423223928010626,11,9.090909090909092
transfer_to_competitor_pct_90d,"[0.0183911, 0.0184278)",0.018391135,0.018427825000000002,0.042565903818511594,11,36.36363636363637
transfer_to_competitor_pct_90d,"[0.0184278, 0.0185115)",0.018427825000000002,0.01851154,0.04299408280241897,11,9.090909090909092
transfer_to_competitor_pct_90d,"[0.0185115, 0.0185565)",0.01851154,0.01855652,0.04299408280241897,11,0.0
transfer_to_competitor_pct_90d,"[0.0185565, 0.0186137)",0.01855652,0.01861375,0.04299408280241897,11,9.090909090909092
transfer_to_competitor_pct_90d,"[0.0186137, 0.0186814)",0.01861375,0.018681379999999997,0.04299408280241897,11,18.181818181818183
transfer_to_competitor_pct_90d,"[0.0186814, 0.0187539)",0.018681379999999997,0.01875392,0.04328074267005689,11,9.090909090909092
transfer_to_competitor_pct_90d,"[0.0187539, 0.0187955)",0.01875392,0.018795529999999998,0.04409119802092656,11,9.090909090909092
transfer_to_competitor_pct_90d,"[0.0187955, 0.0189234)",0.018795529999999998,0.01892338,0.0450823235444447,12,25.0
transfer_to_competitor_pct_90d,"[0.0189234, 0.0190131)",0.01892338,0.019013085,0.0450823235444447,11,9.090909090909092
transfer_to_competitor_pct_90d,"[0.0190131, 0.0190854)",0.019013085,0.01908536,0.04543671946487618,11,9.090909090909092
transfer_to_competitor_pct_90d,"[0.0190854, 0.0191362)",0.01908536,0.01913622,0.04628074547595464,11,18.181818181818183
transfer_to_competitor_pct_90d,"[0.0191362, 0.0192368)",0.01913622,0.01923676,0.04677942585337018,11,0.0
transfer_to_competitor_pct_90d,"[0.0192368, 0.0193012)",0.01923676,0.019301230000000003,0.04757694157239347,11,0.0
transfer_to_competitor_pct_90d,"[0.0193012, 0.0193454)",0.019301230000000003,0.01934543,0.04954645878015299,11,18.181818181818183
transfer_to_competitor_pct_90d,"[0.0193454, 0.0194246)",0.01934543,0.01942462,0.05033334617275355,12,25.0
transfer_to_competitor_pct_90d,"[0.0194246, 0.019489)",0.01942462,0.019489005,0.05033334617275355,11,0.0
transfer_to_competitor_pct_90d,"[0.019489, 0.0195502)",0.019489005,0.019550190000000002,0.05123710321708012,11,9.090909090909092
transfer_to_competitor_pct_90d,"[0.0195502, 0.0195996)",0.019550190000000002,0.01959957,0.051497820557555724,11,18.181818181818183
transfer_to_competitor_pct_90d,"[0.0195996, 0.0196538)",0.01959957,0.01965384,0.051813053033663244,11,9.090909090909092
transfer_to_competitor_pct_90d,"[0.0196538, 0.0197409)",0.01965384,0.019740925,0.05259760023317299,11,0.0
transfer_to_competitor_pct_90d,"[0.0197409, 0.0198126)",0.019740925,0.019812615,0.052840849929554436,11,0.0
transfer_to_competitor_pct_90d,"[0.0198126, 0.0198893)",0.019812615,0.019889320000000002,0.053183587455856454,11,0.0
transfer_to_competitor_pct_90d,"[0.0198893, 0.0199605)",0.019889320000000002,0.01996054,0.053183587455856454,12,8.333333333333332
transfer_to_competitor_pct_90d,"[0.0199605, 0.0200598)",0.01996054,0.020059849999999997,0.0535068143456527,11,9.090909090909092
transfer_to_competitor_pct_90d,"[0.0200598, 0.0201394)",0.020059849999999997,0.020139419999999998,0.05408130734034943,11,0.0
transfer_to_competitor_pct_90d,"[0.0201394, 0.0202687)",0.020139419999999998,0.02026874,0.05408130734034943,11,0.0
transfer_to_competitor_pct_90d,"[0.0202687, 0.0203556)",0.02026874,0.020355619999999998,0.05552199345371613,11,18.181818181818183
transfer_to_competitor_pct_90d,"[0.0203556, 0.0204406)",0.020355619999999998,0.020440595,0.05616974948370481,11,9.090909090909092
transfer_to_competitor_pct_90d,"[0.0204406, 0.0205364)",0.020440595,0.02053643,0.05705433734126082,11,18.181818181818183
transfer_to_competitor_pct_90d,"[0.0205364, 0.020602)",0.02053643,0.020602005,0.05776395842421192,12,33.33333333333333
transfer_to_competitor_pct_90d,"[0.020602, 0.0206782)",0.020602005,0.02067816,0.058382821602279554,11,0.0
transfer_to_competitor_pct_90d,"[0.0206782, 0.0207296)",0.02067816,0.020729635,0.059098256601640586,11,9.090909090909092
transfer_to_competitor_pct_90d,"[0.0207296, 0.0208139)",0.020729635,0.02081392,0.059831877623166205,11,18.181818181818183
transfer_to_competitor_pct_90d,"[0.0208139, 0.0209094)",0.02081392,0.020909375,0.06125559829491528,11,0.0
transfer_to_competitor_pct_90d,"[0.0209094, 0.021003)",0.020909375,0.021003025,0.06206219941751532,11,9.090909090909092
transfer_to_competitor_pct_90d,"[0.021003, 0.0210811)",0.021003025,0.021081085,0.06393442007622378,11,18.181818181818183
transfer_to_competitor_pct_90d,"[0.0210811, 0.0211846)",0.021081085,0.021184630000000003,0.0659398625270589,12,8.333333333333332
transfer_to_competitor_pct_90d,"[0.0211846, 0.0212385)",0.021184630000000003,0.021238455,0.0659398625270589,11,9.090909090909092
transfer_to_competitor_pct_90d,"[0.0212385, 0.0213223)",0.021238455,0.021322255,0.06628511503254952,11,18.181818181818183
transfer_to_competitor_pct_90d,"[0.0213223, 0.0213963)",0.021322255,0.021396295000000003,0.06628511503254952,11,18.181818181818183
transfer_to_competitor_pct_90d,"[0.0213963, 0.0214761)",0.021396295000000003,0.02147607,0.06778733981403043,11,18.181818181818183
transfer_to_competitor_pct_90d,"[0.0214761, 0.0215743)",0.02147607,0.021574335,0.06820022593219384,11,0.0
transfer_to_competitor_pct_90d,"[0.0215743, 0.0216786)",0.021574335,0.021678589999999998,0.06820022593219384,11,0.0
transfer_to_competitor_pct_90d,"[0.0216786, 0.0218188)",0.021678589999999998,0.021818825,0.06852515138212568,12,0.0
transfer_to_competitor_pct_90d,"[0.0218188, 0.0218847)",0.021818825,0.021884744999999997,0.06852515138212568,11,0.0
transfer_to_competitor_pct_90d,"[0.0218847, 0.0219981)",0.021884744999999997,0.021998085,0.06974910413370468,11,27.27272727272727
transfer_to_competitor_pct_90d,"[0.0219981, 0.0221073)",0.021998085,0.022107335,0.07100367382319539,11,9.090909090909092
transfer_to_competitor_pct_90d,"[0.0221073, 0.0221705)",0.022107335,0.02217048,0.07100367382319539,11,18.181818181818183
transfer_to_competitor_pct_90d,"[0.0221705, 0.0222291)",0.02217048,0.022229135,0.07136676069667791,11,0.0
transfer_to_competitor_pct_90d,"[0.0222291, 0.0223342)",0.022229135,0.02233423,0.07254058850538843,11,18.181818181818183
transfer_to_competitor_pct_90d,"[0.0223342, 0.0224631)",0.02233423,0.022463115,0.07306967206903224,11,18.181818181818183
transfer_to_competitor_pct_90d,"[0.0224631, 0.0226165)",0.022463115,0.02261647,0.07306967206903224,12,0.0
transfer_to_competitor_pct_90d,"[0.0226165, 0.0226653)",0.02261647,0.022665295000000002,0.07504929413708736,11,9.090909090909092
transfer_to_competitor_pct_90d,"[0.0226653, 0.0228083)",0.022665295000000002,0.022808255,0.0762337275251898,11,0.0
transfer_to_competitor_pct_90d,"[0.0228083, 0.0229248)",0.022808255,0.022924754999999998,0.07812175017463902,11,0.0
transfer_to_competitor_pct_90d,"[0.0229248, 0.0230473)",0.022924754999999998,0.02304728,0.07922671641666675,11,0.0
transfer_to_competitor_pct_90d,"[0.0230473, 0.0232017)",0.02304728,0.02320165,0.0796208897876389,11,18.181818181818183
transfer_to_competitor_pct_90d,"[0.0232017, 0.0232957)",0.02320165,0.023295655,0.08015084392175124,11,0.0
transfer_to_competitor_pct_90d,"[0.0232957, 0.0234027)",0.023295655,0.02340274,0.08154210752765245,12,16.666666666666664
transfer_to_competitor_pct_90d,"[0.0234027, 0.023497)",0.02340274,0.02349701,0.08413627645770319,11,9.090909090909092
transfer_to_competitor_pct_90d,"[0.023497, 0.0235898)",0.02349701,0.023589825000000002,0.08413627645770319,11,18.181818181818183
transfer_to_competitor_pct_90d,"[0.0235898, 0.0236704)",0.023589825000000002,0.0236704,0.08413627645770319,11,9.090909090909092
transfer_to_competitor_pct_90d,"[0.0236704, 0.0237804)",0.0236704,0.02378039,0.08630522721905214,11,9.090909090909092
transfer_to_competitor_pct_90d,"[0.0237804, 0.0239221)",0.02378039,0.02392211,0.08630522721905214,11,36.36363636363637
transfer_to_competitor_pct_90d,"[0.0239221, 0.0240366)",0.02392211,0.02403662,0.08737627787935633,11,9.090909090909092
transfer_to_competitor_pct_90d,"[0.0240366, 0.0241756)",0.02403662,0.024175575,0.088066756153404,12,8.333333333333332
transfer_to_competitor_pct_90d,"[0.0241756, 0.0243559)",0.024175575,0.024355905,0.088066756153404,11,0.0
transfer_to_competitor_pct_90d,"[0.0243559, 0.0244483)",0.024355905,0.02444826,0.09114844385908999,11,0.0
transfer_to_competitor_pct_90d,"[0.0244483, 0.0245218)",0.02444826,0.0245218,0.09226819066940495,11,27.27272727272727
transfer_to_competitor_pct_90d,"[0.0245218, 0.0246364)",0.0245218,0.024636434999999998,0.0934358810669164,11,45.45454545454545
transfer_to_competitor_pct_90d,"[0.0246364, 0.0247623)",0.024636434999999998,0.024762319999999997,0.0934358810669164,11,18.181818181818183
transfer_to_competitor_pct_90d,"[0.0247623, 0.0248469)",0.024762319999999997,0.024846905000000002,0.0934358810669164,11,18.181818181818183
transfer_to_competitor_pct_90d,"[0.0248469, 0.0249834)",0.024846905000000002,0.02498343,0.09439150323007639,11,18.181818181818183
transfer_to_competitor_pct_90d,"[0.0249834, 0.0251431)",0.02498343,0.02514311,0.09502389483883562,12,8.333333333333332
transfer_to_competitor_pct_90d,"[0.0251431, 0.025315)",0.02514311,0.025314999999999997,0.09557350208892969,11,18.181818181818183
transfer_to_competitor_pct_90d,"[0.025315, 0.0254201)",0.025314999999999997,0.025420079999999998,0.09557350208892969,11,9.090909090909092
transfer_to_competitor_pct_90d,"[0.0254201, 0.0255448)",0.025420079999999998,0.02554483,0.09557350208892969,11,18.181818181818183
transfer_to_competitor_pct_90d,"[0.0255448, 0.0256663)",0.02554483,0.025666324999999997,0.09622216847014661,11,0.0
transfer_to_competitor_pct_90d,"[0.0256663, 0.0257666)",0.025666324999999997,0.025766610000000002,0.09710292599203847,11,27.27272727272727
transfer_to_competitor_pct_90d,"[0.0257666, 0.0258641)",0.025766610000000002,0.025864079999999998,0.09710292599203847,11,0.0
transfer_to_competitor_pct_90d,"[0.0258641, 0.0260468)",0.025864079999999998,0.026046785,0.0976919903259752,12,16.666666666666664
transfer_to_competitor_pct_90d,"[0.0260468, 0.0262698)",0.026046785,0.02626975,0.09927226874303724,11,0.0
transfer_to_competitor_pct_90d,"[0.0262698, 0.0265384)",0.02626975,0.026538435,0.09988562260018337,11,0.0
transfer_to_competitor_pct_90d,"[0.0265384, 0.026707)",0.026538435,0.026707019999999998,0.10263902933661072,11,27.27272727272727
transfer_to_competitor_pct_90d,"[0.026707, 0.02691)",0.026707019999999998,0.026910015,0.10263902933661072,12,25.0
transfer_to_competitor_pct_90d,"[0.02691, 0.0270129)",0.026910015,0.027012905,0.10263902933661072,11,18.181818181818183
transfer_to_competitor_pct_90d,"[0.0270129, 0.0271721)",0.027012905,0.02717214,0.10454713838156668,11,0.0
transfer_to_competitor_pct_90d,"[0.0271721, 0.0274118)",0.02717214,0.027411785,0.10666231603453893,11,0.0
transfer_to_competitor_pct_90d,"[0.0274118, 0.0276172)",0.027411785,0.027617235,0.10666231603453893,11,9.090909090909092
transfer_to_competitor_pct_90d,"[0.0276172, 0.0277554)",0.027617235,0.027755365,0.10666231603453893,11,9.090909090909092
transfer_to_competitor_pct_90d,"[0.0277554, 0.0279659)",0.027755365,0.027965905,0.1100463022493477,11,9.090909090909092
transfer_to_competitor_pct_90d,"[0.0279659, 0.0280825)",0.027965905,0.028082515000000002,0.11127201307246817,11,9.090909090909092
transfer_to_competitor_pct_90d,"[0.0280825, 0.0281982)",0.028082515000000002,0.028198164999999997,0.11258732107049715,11,18.181818181818183
transfer_to_competitor_pct_90d,"[0.0281982, 0.0284785)",0.028198164999999997,0.028478455,0.11362901712571913,11,9.090909090909092
transfer_to_competitor_pct_90d,"[0.0284785, 0.0286255)",0.028478455,0.02862553,0.11444150559117892,11,0.0
transfer_to_competitor_pct_90d,"[0.0286255, 0.028852)",0.02862553,0.028852015,0.11444150559117892,12,16.666666666666664
transfer_to_competitor_pct_90d,"[0.028852, 0.0291418)",0.028852015,0.02914179,0.11508040595295328,11,9.090909090909092
transfer_to_competitor_pct_90d,"[0.0291418, 0.0294613)",0.02914179,0.029461275000000002,0.11695853071529215,11,18.181818181818183
transfer_to_competitor_pct_90d,"[0.0294613, 0.0296344)",0.029461275000000002,0.02963439,0.11764339236680454,11,18.181818181818183
transfer_to_competitor_pct_90d,"[0.0296344, 0.0300328)",0.02963439,0.030032755,0.11764339236680454,11,9.090909090909092
transfer_to_competitor_pct_90d,"[0.0300328, 0.0303119)",0.030032755,0.030311945,0.12007660221461186,11,9.090909090909092
transfer_to_competitor_pct_90d,"[0.0303119, 0.0305791)",0.030311945,0.030579075,0.1205331060178919,11,0.0
transfer_to_competitor_pct_90d,"[0.0305791, 0.0308981)",0.030579075,0.030898099999999998,0.1205331060178919,12,8.333333333333332
transfer_to_competitor_pct_90d,"[0.0308981, 0.0310484)",0.030898099999999998,0.03104842,0.12327657365994914,11,0.0
transfer_to_competitor_pct_90d,"[0.0310484, 0.0312293)",0.03104842,0.031229260000000002,0.1255682191792591,11,0.0
transfer_to_competitor_pct_90d,"[0.0312293, 0.031522)",0.031229260000000002,0.031522025,0.1255682191792591,11,9.090909090909092
transfer_to_competitor_pct_90d,"[0.031522, 0.031775)",0.031522025,0.031775015000000004,0.12702143960428075,11,0.0
transfer_to_competitor_pct_90d,"[0.031775, 0.0321254)",0.031775015000000004,0.032125390000000004,0.12702143960428075,11,9.090909090909092
transfer_to_competitor_pct_90d,"[0.0321254, 0.032477)",0.032125390000000004,0.032476955,0.12950130775429186,11,18.181818181818183
transfer_to_competitor_pct_90d,"[0.032477, 0.0327447)",0.032476955,0.032744665,0.13044384369943426,12,8.333333333333332
transfer_to_competitor_pct_90d,"[0.0327447, 0.033148)",0.032744665,0.033148045,0.13044384369943426,11,27.27272727272727
transfer_to_competitor_pct_90d,"[0.033148, 0.0333615)",0.033148045,0.033361515,0.13269943580024102,11,9.090909090909092
transfer_to_competitor_pct_90d,"[0.0333615, 0.0338278)",0.033361515,0.03382778,0.13269943580024102,11,0.0
transfer_to_competitor_pct_90d,"[0.0338278, 0.0342033)",0.03382778,0.03420327,0.13269943580024102,11,9.090909090909092
transfer_to_competitor_pct_90d,"[0.0342033, 0.0345436)",0.03420327,0.034543594999999996,0.13592735138271067,11,0.0
transfer_to_competitor_pct_90d,"[0.0345436, 0.0347693)",0.034543594999999996,0.034769275,0.13964559232736026,11,9.090909090909092
transfer_to_competitor_pct_90d,"[0.0347693, 0.035572)",0.034769275,0.03557199,0.13964559232736026,12,0.0
transfer_to_competitor_pct_90d,"[0.035572, 0.036035)",0.03557199,0.036035045,0.14123930279995592,11,18.181818181818183
transfer_to_competitor_pct_90d,"[0.036035, 0.0364595)",0.036035045,0.03645952,0.1425864259614265,11,18.181818181818183
transfer_to_competitor_pct_90d,"[0.0364595, 0.0372675)",0.03645952,0.037267524999999996,0.14464152303944733,11,0.0
transfer_to_competitor_pct_90d,"[0.0372675, 0.037666)",0.037267524999999996,0.037665975000000004,0.14705456318582877,11,27.27272727272727
transfer_to_competitor_pct_90d,"[0.037666, 0.0381211)",0.037665975000000004,0.03812107,0.1520752083134503,11,18.181818181818183
transfer_to_competitor_pct_90d,"[0.0381211, 0.0388739)",0.03812107,0.038873859999999996,0.1531670462270068,11,18.181818181818183
transfer_to_competitor_pct_90d,"[0.0388739, 0.0392626)",0.038873859999999996,0.03926263,0.15474287535856857,11,9.090909090909092
transfer_to_competitor_pct_90d,"[0.0392626, 0.0400688)",0.03926263,0.040068820000000005,0.15783774416431634,12,8.333333333333332
transfer_to_competitor_pct_90d,"[0.0400688, 0.0405626)",0.040068820000000005,0.040562575000000003,0.1613164923277432,11,0.0
transfer_to_competitor_pct_90d,"[0.0405626, 0.0411476)",0.040562575000000003,0.041147635,0.1613164923277432,11,18.181818181818183
transfer_to_competitor_pct_90d,"[0.0411476, 0.0418922)",0.041147635,0.041892225,0.1613164923277432,11,18.181818181818183
transfer_to_competitor_pct_90d,"[0.0418922, 0.0430154)",0.041892225,0.043015380000000006,0.1613164923277432,11,18.181818181818183
transfer_to_competitor_pct_90d,"[0.0430154, 0.0435927)",0.043015380000000006,0.04359266,0.1613164923277432,11,36.36363636363637
transfer_to_competitor_pct_90d,"[0.0435927, 0.0449385)",0.04359266,0.04493854,0.1613164923277432,11,18.181818181818183
transfer_to_competitor_pct_90d,"[0.0449385, 0.0464867)",0.04493854,0.046486705,0.16388162782023769,12,0.0
transfer_to_competitor_pct_90d,"[0.0464867, 0.0479563)",0.046486705,0.04795629,0.16388162782023769,11,9.090909090909092
transfer_to_competitor_pct_90d,"[0.0479563, 0.0497626)",0.04795629,0.04976258,0.16570742120278192,11,0.0
transfer_to_competitor_pct_90d,"[0.0497626, 0.0514402)",0.04976258,0.051440195,0.16570742120278192,11,0.0
transfer_to_competitor_pct_90d,"[0.0514402, 0.0538093)",0.051440195,0.053809325000000005,0.17982235813534786,11,45.45454545454545
transfer_to_competitor_pct_90d,"[0.0538093, 0.0583251)",0.053809325000000005,0.05832506,0.1813301017815649,11,9.090909090909092
transfer_to_competitor_pct_90d,"[0.0583251, 0.0616606)",0.05832506,0.061660605,0.18246642028528826,11,0.0
transfer_to_competitor_pct_90d,"[0.0616606, 0.0666212)",0.061660605,0.06662124999999999,0.18246642028528826,12,8.333333333333332
transfer_to_competitor_pct_90d,"[0.0666212, 0.0714416)",0.06662124999999999,0.071441565,0.18331308158627196,11,9.090909090909092
transfer_to_competitor_pct_90d,"[0.0714416, 0.0819894)",0.071441565,0.081989425,0.18380209782514667,11,18.181818181818183
transfer_to_competitor_pct_90d,"[0.0819894, 0.10282)",0.081989425,0.10282044000000001,0.18380209782514667,11,18.181818181818183
transfer_to_competitor_pct_90d,"[0.10282, 0.118047)",0.10282044000000001,0.118046715,0.19932882433625737,11,18.181818181818183
transfer_to_competitor_pct_90d,"[0.118047, 0.147082)",0.118046715,0.14708163000000002,0.6066968235798391,11,45.45454545454545
transfer_to_competitor_pct_90d,"[0.147082, 0.17315)",0.14708163000000002,0.173149795,0.6536454377199452,11,63.63636363636363
transfer_to_competitor_pct_90d,"[0.17315, 0.205584)",0.173149795,0.20558357500000002,0.654658595893361,11,54.54545454545454
transfer_to_competitor_pct_90d,"[0.205584, 0.224353)",0.20558357500000002,0.224353125,0.6598433723454512,12,58.333333333333336
transfer_to_competitor_pct_90d,"[0.224353, 0.245428)",0.224353125,0.24542843,0.6616675177457432,11,45.45454545454545
transfer_to_competitor_pct_90d,"[0.245428, 0.270505)",0.24542843,0.27050469499999996,0.6641358760252863,11,36.36363636363637
transfer_to_competitor_pct_90d,"[0.270505, 0.286996)",0.27050469499999996,0.28699595,0.6667075548692434,11,36.36363636363637
transfer_to_competitor_pct_90d,"[0.286996, 0.311229)",0.28699595,0.311228745,0.6708884568913129,11,36.36363636363637
transfer_to_competitor_pct_90d,"[0.311229, 0.33587)",0.311228745,0.33586957,0.6827057444030897,11,63.63636363636363
transfer_to_competitor_pct_90d,"[0.33587, 0.350573)",0.33586957,0.350572945,0.6857729742656737,11,45.45454545454545
transfer_to_competitor_pct_90d,"[0.350573, 0.369315)",0.350572945,0.36931542,0.6857729742656737,12,41.66666666666667
transfer_to_competitor_pct_90d,"[0.369315, 0.387435)",0.36931542,0.387434905,0.6857729742656737,11,45.45454545454545
transfer_to_competitor_pct_90d,"[0.387435, 0.40432)",0.387434905,0.40431985,0.6866703034418549,11,27.27272727272727
transfer_to_competitor_pct_90d,"[0.40432, 0.417786)",0.40431985,0.41778636999999996,0.6923776172661036,11,81.81818181818183
transfer_to_competitor_pct_90d,"[0.417786, 0.430889)",0.41778636999999996,0.43088928,0.6933879322396752,11,54.54545454545454
transfer_to_competitor_pct_90d,"[0.430889, 0.442416)",0.43088928,0.442415805,0.6985687206207586,11,36.36363636363637
transfer_to_competitor_pct_90d,"[0.442416, 0.460781)",0.442415805,0.46078105999999996,0.6985687206207586,11,81.81818181818183
transfer_to_competitor_pct_90d,"[0.460781, 0.48569)",0.46078105999999996,0.48569023,0.7010355640398218,12,33.33333333333333
transfer_to_competitor_pct_90d,"[0.48569, 0.513227)",0.48569023,0.513226895,0.7010355640398218,11,54.54545454545454
transfer_to_competitor_pct_90d,"[0.513227, 0.527085)",0.513226895,0.527084645,0.7010355640398218,11,72.72727272727273
transfer_to_competitor_pct_90d,"[0.527085, 0.549934)",0.527084645,0.549934065,0.7019419092124498,11,45.45454545454545
transfer_to_competitor_pct_90d,"[0.549934, 0.576383)",0.549934065,0.57638308,0.7019419092124498,11,18.181818181818183
transfer_to_competitor_pct_90d,"[0.576383, 0.597435)",0.57638308,0.5974347499999999,0.7032926261726103,11,54.54545454545454
transfer_to_competitor_pct_90d,"[0.597435, 0.630032)",0.5974347499999999,0.6300319750000001,0.7032926261726103,11,54.54545454545454
transfer_to_competitor_pct_90d,"[0.630032, 0.662908)",0.6300319750000001,0.6629075600000001,0.7032926261726103,12,66.66666666666666
transfer_to_competitor_pct_90d,"[0.662908, 0.688859)",0.6629075600000001,0.68885938,0.7052319057053136,11,63.63636363636363
transfer_to_competitor_pct_90d,"[0.688859, 0.706752)",0.68885938,0.706752415,0.7089660665297928,11,45.45454545454545
transfer_to_competitor_pct_90d,"[0.706752, 0.734785)",0.706752415,0.7347853900000001,0.7098268784398962,11,45.45454545454545
transfer_to_competitor_pct_90d,"[0.734785, 0.75759)",0.7347853900000001,0.7575902649999999,0.7112819891409092,11,63.63636363636363
transfer_to_competitor_pct_90d,"[0.75759, 0.799917)",0.7575902649999999,0.799917165,0.714982716149218,11,54.54545454545454
transfer_to_competitor_pct_90d,"[0.799917, 0.822585)",0.799917165,0.8225846050000001,0.714982716149218,11,45.45454545454545
transfer_to_competitor_pct_90d,"[0.822585, 0.862052)",0.8225846050000001,0.8620524549999999,0.7160465101814333,11,54.54545454545454
transfer_to_competitor_pct_90d,"[0.862052, 0.899861)",0.8620524549999999,0.89986058,0.7201949243289556,12,66.66666666666666
transfer_to_competitor_pct_90d,"[0.899861, 0.93757)",0.89986058,0.93757022,0.7201949243289556,11,72.72727272727273
transfer_to_competitor_pct_90d,"[0.93757, 0.967552)",0.93757022,0.9675523100000001,0.7226905233176926,11,27.27272727272727
transfer_to_competitor_pct_90d,"[0.967552, 1.01592)",0.9675523100000001,1.0159221299999999,0.727173266034493,11,45.45454545454545
transfer_to_competitor_pct_90d,"[1.01592, 1.07635)",1.0159221299999999,1.076354695,0.7296056088420665,11,63.63636363636363
transfer_to_competitor_pct_90d,"[1.07635, 1.10979)",1.076354695,1.10979297,0.7296056088420665,11,63.63636363636363
transfer_to_competitor_pct_90d,"[1.10979, 1.13998)",1.10979297,1.1399813,0.7296056088420665,11,54.54545454545454
transfer_to_competitor_pct_90d,"[1.13998, 1.18133)",1.1399813,1.1813331,0.7333301221848508,12,66.66666666666666
transfer_to_competitor_pct_90d,"[1.18133, 1.22503)",1.1813331,1.22502991,0.7333301221848508,11,36.36363636363637
transfer_to_competitor_pct_90d,"[1.22503, 1.26338)",1.22502991,1.2633775649999999,0.7333301221848508,11,63.63636363636363
transfer_to_competitor_pct_90d,"[1.26338, 1.33757)",1.2633775649999999,1.3375676799999998,0.7333301221848508,11,54.54545454545454
transfer_to_competitor_pct_90d,"[1.33757, 1.41546)",1.3375676799999998,1.415455565,0.7352405089729341,11,63.63636363636363
transfer_to_competitor_pct_90d,"[1.41546, 1.50454)",1.415455565,1.50453926,0.7352405089729341,11,45.45454545454545
transfer_to_competitor_pct_90d,"[1.50454, 1.58865)",1.50453926,1.588652525,0.7368131174528738,11,54.54545454545454
transfer_to_competitor_pct_90d,"[1.58865, 1.65465)",1.588652525,1.654647155,0.7384822169681895,12,58.333333333333336
transfer_to_competitor_pct_90d,"[1.65465, 1.70154)",1.654647155,1.701543625,0.7384822169681895,11,45.45454545454545
transfer_to_competitor_pct_90d,"[1.70154, 1.7956)",1.701543625,1.795601205,0.7400262133720591,11,72.72727272727273
transfer_to_competitor_pct_90d,"[1.7956, 1.97243)",1.795601205,1.972433975,0.7406131235969411,11,72.72727272727273
transfer_to_competitor_pct_90d,"[1.97243, 2.07802)",1.972433975,2.078022765,0.7420730799699441,11,45.45454545454545
transfer_to_competitor_pct_90d,"[2.07802, 2.32056)",2.078022765,2.32055945,0.7420730799699441,11,27.27272727272727
transfer_to_competitor_pct_90d,"[2.32056, 2.53627)",2.32055945,2.53627035,0.7439009349241454,11,63.63636363636363
transfer_to_competitor_pct_90d,"[2.53627, 2.97925)",2.53627035,2.9792456549999997,0.7473898317357821,12,41.66666666666667
transfer_to_competitor_pct_90d,"[2.97925, 3.67378)",2.9792456549999997,3.67377888,0.7489415288320758,12,50.0
transfer_to_competitor_pct_90d,"[3.67378, 4.8671)",3.67377888,4.867104595,0.7498981971793062,12,16.666666666666664
transfer_to_competitor_pct_90d,"[4.8671, inf)",4.867104595,inf,0.8088682475765903,12,66.66666666666666
repeat_complaint_flag,"[-inf, 0.5)",-inf,0.5,-0.026489305693083484,12977,12.992216999306466
repeat_complaint_flag,"[0.5, inf)",0.5,inf,0.6806964752062263,505,36.633663366336634
contact_gap_ratio,"[-inf, 0.00555556)",-inf,0.005555555,-0.19652234054147125,403,7.6923076923076925
contact_gap_ratio,"[0.00555556, 0.0166667)",0.005555555,0.016666665,-0.15600167217833602,322,9.627329192546584
contact_gap_ratio,"[0.0166667, 0.0277778)",0.016666665,0.027777775,-0.15101492855615276,325,11.384615384615385
contact_gap_ratio,"[0.0277778, 0.0388889)",0.027777775,0.038888885,-0.15101492855615276,421,7.363420427553444
contact_gap_ratio,"[0.0388889, 0.05)",0.038888885,0.05,-0.1213425951336948,316,11.39240506329114
contact_gap_ratio,"[0.05, 0.0611111)",0.05,0.061111114999999994,-0.12037163785592324,315,6.984126984126984
contact_gap_ratio,"[0.0611111, 0.0722222)",0.061111114999999994,0.072222225,-0.11094078262883528,407,10.319410319410318
contact_gap_ratio,"[0.0722222, 0.0833333)",0.072222225,0.08333333500000001,-0.10950981232797133,314,9.872611464968154
contact_gap_ratio,"[0.0833333, 0.0944444)",0.08333333500000001,0.094444445,-0.10810188235508378,320,9.0625
contact_gap_ratio,"[0.0944444, 0.105556)",0.094444445,0.105555555,-0.07981132456239406,328,12.804878048780488
contact_gap_ratio,"[0.105556, 0.116667)",0.105555555,0.116666665,-0.07833360735553331,293,7.849829351535837
contact_gap_ratio,"[0.116667, 0.127778)",0.116666665,0.127777775,-0.07553004273698309,260,12.307692307692308
contact_gap_ratio,"[0.127778, 0.138889)",0.127777775,0.13888888500000002,-0.07090196949404953,298,11.74496644295302
contact_gap_ratio,"[0.138889, 0.15)",0.13888888500000002,0.15000000000000002,-0.06998077208096193,261,10.344827586206897
contact_gap_ratio,"[0.15, 0.161111)",0.15000000000000002,0.161111115,-0.06998077208096193,231,12.554112554112553
contact_gap_ratio,"[0.161111, 0.172222)",0.161111115,0.172222225,-0.06965197758609497,261,10.727969348659004
contact_gap_ratio,"[0.172222, 0.183333)",0.172222225,0.183333335,-0.06810641049103615,206,9.70873786407767
contact_gap_ratio,"[0.183333, 0.194444)",0.183333335,0.19444444500000002,-0.0667831126726733,213,14.084507042253522
contact_gap_ratio,"[0.194444, 0.205556)",0.19444444500000002,0.205555555,-0.06638671545747957,228,9.210526315789473
contact_gap_ratio,"[0.205556, 0.216667)",0.205555555,0.21666666499999998,-0.06606176967693331,190,15.789473684210526
contact_gap_ratio,"[0.216667, 0.227778)",0.21666666499999998,0.22777777500000002,-0.0654174534596384,172,11.046511627906977
contact_gap_ratio,"[0.227778, 0.238889)",0.22777777500000002,0.238888885,-0.06385305924823331,205,11.219512195121952
contact_gap_ratio,"[0.238889, 0.25)",0.238888885,0.25,-0.062083876532587186,183,12.021857923497267
contact_gap_ratio,"[0.25, 0.261111)",0.25,0.261111115,-0.06068738000499141,154,10.38961038961039
contact_gap_ratio,"[0.261111, 0.272222)",0.261111115,0.272222225,-0.06036207290124756,170,12.941176470588237
contact_gap_ratio,"[0.272222, 0.283333)",0.272222225,0.283333335,-0.05882618877277857,149,13.422818791946309
contact_gap_ratio,"[0.283333, 0.294444)",0.283333335,0.294444445,-0.05816238227907812,165,12.121212121212121
contact_gap_ratio,"[0.294444, 0.305556)",0.294444445,0.305555555,-0.05620173500472895,163,15.950920245398773
contact_gap_ratio,"[0.305556, 0.316667)",0.305555555,0.316666665,-0.05480898530964285,128,8.59375
contact_gap_ratio,"[0.316667, 0.327778)",0.316666665,0.327777775,-0.05457419454247951,130,7.6923076923076925
contact_gap_ratio,"[0.327778, 0.338889)",0.327777775,0.33888888500000003,-0.05309180741815651,149,6.7114093959731544
contact_gap_ratio,"[0.338889, 0.35)",0.33888888500000003,0.35,0.02434614742580045,126,19.047619047619047
contact_gap_ratio,"[0.35, 0.361111)",0.35,0.361111115,0.025946108641459437,134,11.194029850746269
contact_gap_ratio,"[0.361111, 0.372222)",0.361111115,0.372222225,0.03363038810070819,149,14.76510067114094
contact_gap_ratio,"[0.372222, 0.383333)",0.372222225,0.383333335,0.03415933314434546,114,14.035087719298245
contact_gap_ratio,"[0.383333, 0.394444)",0.383333335,0.394444445,0.03573013759867748,105,13.333333333333334
contact_gap_ratio,"[0.394444, 0.405556)",0.394444445,0.405555555,0.03786447921744393,133,18.045112781954884
contact_gap_ratio,"[0.405556, 0.416667)",0.405555555,0.416666665,0.03815019249176426,92,13.043478260869565
contact_gap_ratio,"[0.416667, 0.427778)",0.416666665,0.427777775,0.03983690958017371,100,10.0
contact_gap_ratio,"[0.427778, 0.438889)",0.427777775,0.438888885,0.04099099795402448,133,12.030075187969924
contact_gap_ratio,"[0.438889, 0.45)",0.438888885,0.45,0.0439759765858501,93,19.35483870967742
contact_gap_ratio,"[0.45, 0.461111)",0.45,0.461111115,0.0463582000792298,92,17.391304347826086
contact_gap_ratio,"[0.461111, 0.472222)",0.461111115,0.472222225,0.04675254823615146,107,16.822429906542055
contact_gap_ratio,"[0.472222, 0.483333)",0.472222225,0.483333335,0.04768564931101332,85,14.117647058823529
contact_gap_ratio,"[0.483333, 0.494444)",0.483333335,0.494444445,0.04938800390610712,90,15.555555555555555
contact_gap_ratio,"[0.494444, 0.505556)",0.494444445,0.5055555549999999,0.050450879718803465,100,15.0
contact_gap_ratio,"[0.505556, 0.516667)",0.5055555549999999,0.516666665,0.050450879718803465,75,10.666666666666668
contact_gap_ratio,"[0.516667, 0.527778)",0.516666665,0.527777775,0.05186725058110516,101,17.82178217821782
contact_gap_ratio,"[0.527778, 0.538889)",0.527777775,0.538888885,0.05339205587192043,85,9.411764705882353
contact_gap_ratio,"[0.538889, 0.55)",0.538888885,0.55,0.05523354657854525,84,13.095238095238097
contact_gap_ratio,"[0.55, 0.561111)",0.55,0.561111115,0.05985820754842608,70,12.857142857142856
contact_gap_ratio,"[0.561111, 0.572222)",0.561111115,0.572222225,0.06176576370669728,70,21.428571428571427
contact_gap_ratio,"[0.572222, 0.583333)",0.572222225,0.5833333350000001,0.06264122870609708,81,17.28395061728395
contact_gap_ratio,"[0.583333, 0.594444)",0.5833333350000001,0.5944444449999999,0.06438767848769339,53,24.528301886792452
contact_gap_ratio,"[0.594444, 0.605556)",0.5944444449999999,0.605555555,0.06551101442783085,64,21.875
contact_gap_ratio,"[0.605556, 0.616667)",0.605555555,0.616666665,0.0679638477688497,51,19.607843137254903
contact_gap_ratio,"[0.616667, 0.627778)",0.616666665,0.627777775,0.06918345686248491,66,15.151515151515152
contact_gap_ratio,"[0.627778, 0.638889)",0.627777775,0.6388888850000001,0.07177835875535928,57,15.789473684210526
contact_gap_ratio,"[0.638889, 0.65)",0.6388888850000001,0.65,0.07302188287487257,55,16.363636363636363
contact_gap_ratio,"[0.65, 0.661111)",0.65,0.661111115,0.07504233754426252,48,25.0
contact_gap_ratio,"[0.661111, 0.672222)",0.661111115,0.6722222250000001,0.07550076109585042,64,20.3125
contact_gap_ratio,"[0.672222, 0.683333)",0.6722222250000001,0.6833333349999999,0.0778094245100306,45,17.77777777777778
contact_gap_ratio,"[0.683333, 0.694444)",0.6833333349999999,0.694444445,0.07901856107785393,49,16.3265306122449
contact_gap_ratio,"[0.694444, 0.705556)",0.694444445,0.705555555,0.08027111697748819,66,18.181818181818183
contact_gap_ratio,"[0.705556, 0.716667)",0.705555555,0.716666665,0.0820129025027722,51,17.647058823529413
contact_gap_ratio,"[0.716667, 0.727778)",0.716666665,0.7277777750000001,0.08546292166009874,49,22.448979591836736
contact_gap_ratio,"[0.727778, 0.738889)",0.7277777750000001,0.7388888849999999,0.08694415780706048,56,28.57142857142857
contact_gap_ratio,"[0.738889, 0.75)",0.7388888849999999,0.75,0.08694415780706048,46,19.565217391304348
contact_gap_ratio,"[0.75, 0.761111)",0.75,0.7611111150000001,0.08908566943768839,50,14.000000000000002
contact_gap_ratio,"[0.761111, 0.772222)",0.7611111150000001,0.7722222249999999,0.09032058023932822,58,17.24137931034483
contact_gap_ratio,"[0.772222, 0.783333)",0.7722222249999999,0.783333335,0.09090622409523573,44,11.363636363636363
contact_gap_ratio,"[0.783333, 0.794444)",0.783333335,0.794444445,0.09257984544018129,40,20.0
contact_gap_ratio,"[0.794444, 0.805556)",0.794444445,0.805555555,0.09381544840918,45,15.555555555555555
contact_gap_ratio,"[0.805556, 0.816667)",0.805555555,0.8166666650000001,0.0976560687038781,41,19.51219512195122
contact_gap_ratio,"[0.816667, 0.827778)",0.8166666650000001,0.8277777749999999,0.09924372923795971,58,18.96551724137931
contact_gap_ratio,"[0.827778, 0.838889)",0.8277777749999999,0.838888885,0.10044790251325908,53,24.528301886792452
contact_gap_ratio,"[0.838889, 0.85)",0.838888885,0.85,0.10293508684989723,41,24.390243902439025
contact_gap_ratio,"[0.85, 0.861111)",0.85,0.8611111149999999,0.10626645030728979,31,9.67741935483871
contact_gap_ratio,"[0.861111, 0.872222)",0.8611111149999999,0.872222225,0.10743540992295776,50,10.0
contact_gap_ratio,"[0.872222, 0.883333)",0.872222225,0.883333335,0.10825653664513984,30,16.666666666666664
contact_gap_ratio,"[0.883333, 0.894444)",0.883333335,0.894444445,0.10952285256956534,32,12.5
contact_gap_ratio,"[0.894444, 0.905556)",0.894444445,0.9055555550000001,0.11121279554822085,35,14.285714285714285
contact_gap_ratio,"[0.905556, 0.916667)",0.9055555550000001,0.9166666649999999,0.11280605580170974,34,14.705882352941178
contact_gap_ratio,"[0.916667, 0.927778)",0.9166666649999999,0.927777775,0.11319960498248721,37,16.216216216216218
contact_gap_ratio,"[0.927778, 0.938889)",0.927777775,0.938888885,0.11491619294884467,36,22.22222222222222
contact_gap_ratio,"[0.938889, 0.95)",0.938888885,0.95,0.11694970057379528,28,25.0
contact_gap_ratio,"[0.95, 0.961111)",0.95,0.961111115,0.11694970057379528,29,13.793103448275861
contact_gap_ratio,"[0.961111, 0.972222)",0.961111115,0.972222225,0.12093172458513911,43,18.6046511627907
contact_gap_ratio,"[0.972222, 0.983333)",0.972222225,0.983333335,0.12367356610185218,26,11.538461538461538
contact_gap_ratio,"[0.983333, 0.994444)",0.983333335,0.9944444450000001,0.12674488022399902,18,33.33333333333333
contact_gap_ratio,"[0.994444, 1.00556)",0.9944444450000001,1.005555555,0.12946146081234716,39,15.384615384615385
contact_gap_ratio,"[1.00556, 1.01667)",1.005555555,1.016666665,0.1319721601616249,24,20.833333333333336
contact_gap_ratio,"[1.01667, 1.02778)",1.016666665,1.0277777750000001,0.134484409558078,28,21.428571428571427
contact_gap_ratio,"[1.02778, 1.03889)",1.0277777750000001,1.038888885,0.13522247601913398,31,19.35483870967742
contact_gap_ratio,"[1.03889, 1.05)",1.038888885,1.0499999999999998,0.1358101978011719,25,24.0
contact_gap_ratio,"[1.05, 1.06111)",1.0499999999999998,1.061111115,0.1374503406125928,21,19.047619047619047
contact_gap_ratio,"[1.06111, 1.07222)",1.061111115,1.072222225,0.13826688125082218,27,7.4074074074074066
contact_gap_ratio,"[1.07222, 1.08333)",1.072222225,1.0833333349999998,0.1402800494357178,24,12.5
contact_gap_ratio,"[1.08333, 1.09444)",1.0833333349999998,1.0944444450000002,0.1418774584838874,21,28.57142857142857
contact_gap_ratio,"[1.09444, 1.10556)",1.0944444450000002,1.105555555,0.14319824069489587,25,36.0
contact_gap_ratio,"[1.10556, 1.11667)",1.105555555,1.116666665,0.14460381905939693,21,19.047619047619047
contact_gap_ratio,"[1.11667, 1.12778)",1.116666665,1.127777775,0.14705016444733254,19,26.31578947368421
contact_gap_ratio,"[1.12778, 1.13889)",1.127777775,1.138888885,0.14827954781032324,17,23.52941176470588
contact_gap_ratio,"[1.13889, 1.15)",1.138888885,1.15,0.14863938217620257,11,18.181818181818183
contact_gap_ratio,"[1.15, 1.16111)",1.15,1.161111115,0.15045967685998088,25,8.0
contact_gap_ratio,"[1.16111, 1.17222)",1.161111115,1.172222225,0.15108530251456267,31,32.25806451612903
contact_gap_ratio,"[1.17222, 1.18333)",1.172222225,1.183333335,0.1534708834136629,27,25.925925925925924
contact_gap_ratio,"[1.18333, 1.19444)",1.183333335,1.194444445,0.1548190671791756,20,15.0
contact_gap_ratio,"[1.19444, 1.20556)",1.194444445,1.2055555550000001,0.15545646265340973,24,16.666666666666664
contact_gap_ratio,"[1.20556, 1.21667)",1.2055555550000001,1.216666665,0.15763120943883585,19,26.31578947368421
contact_gap_ratio,"[1.21667, 1.22778)",1.216666665,1.2277777749999998,0.1617802490842263,22,18.181818181818183
contact_gap_ratio,"[1.22778, 1.23889)",1.2277777749999998,1.2388888850000002,0.16389608564921396,26,7.6923076923076925
contact_gap_ratio,"[1.23889, 1.25)",1.2388888850000002,1.25,0.16582803466281842,30,10.0
contact_gap_ratio,"[1.25, 1.26111)",1.25,1.2611111149999998,0.16798991598519247,19,42.10526315789473
contact_gap_ratio,"[1.26111, 1.27222)",1.2611111149999998,1.2722222250000002,0.16863683121679093,26,11.538461538461538
contact_gap_ratio,"[1.27222, 1.28333)",1.2722222250000002,1.283333335,0.1698414237604655,17,5.88235294117647
contact_gap_ratio,"[1.28333, 1.29444)",1.283333335,1.2944444449999999,0.1720195866484536,20,30.0
contact_gap_ratio,"[1.29444, 1.30556)",1.2944444449999999,1.305555555,0.17282993583031295,21,19.047619047619047
contact_gap_ratio,"[1.30556, 1.31667)",1.305555555,1.316666665,0.1781804669337059,21,23.809523809523807
contact_gap_ratio,"[1.31667, 1.32778)",1.316666665,1.327777775,0.18076525380279138,16,6.25
contact_gap_ratio,"[1.32778, 1.33889)",1.327777775,1.338888885,0.18076525380279138,18,22.22222222222222
contact_gap_ratio,"[1.33889, 1.35)",1.338888885,1.35,0.18209070092906787,22,22.727272727272727
contact_gap_ratio,"[1.35, 1.36111)",1.35,1.361111115,0.18538694964557928,15,13.333333333333334
contact_gap_ratio,"[1.36111, 1.37222)",1.361111115,1.372222225,0.18647128474927888,21,28.57142857142857
contact_gap_ratio,"[1.37222, 1.38333)",1.372222225,1.383333335,0.1867062409585849,19,47.368421052631575
contact_gap_ratio,"[1.38333, 1.39444)",1.383333335,1.394444445,0.1890315646994752,11,9.090909090909092
contact_gap_ratio,"[1.39444, 1.40556)",1.394444445,1.4055555549999998,0.1905435053727947,17,29.411764705882355
contact_gap_ratio,"[1.40556, 1.41667)",1.4055555549999998,1.4166666650000002,0.19188555892105652,16,18.75
contact_gap_ratio,"[1.41667, 1.42778)",1.4166666650000002,1.427777775,0.19338243417486334,13,0.0
contact_gap_ratio,"[1.42778, 1.43889)",1.427777775,1.438888885,0.1967953942937774,13,23.076923076923077
contact_gap_ratio,"[1.43889, 1.45)",1.438888885,1.4500000000000002,0.19909728025328108,24,12.5
contact_gap_ratio,"[1.45, 1.46111)",1.4500000000000002,1.461111115,0.20003264881472121,11,18.181818181818183
contact_gap_ratio,"[1.46111, 1.47222)",1.461111115,1.4722222249999999,0.20301743864054178,20,15.0
contact_gap_ratio,"[1.47222, 1.48333)",1.4722222249999999,1.483333335,0.20613006347825538,12,50.0
contact_gap_ratio,"[1.48333, 1.49444)",1.483333335,1.494444445,0.21025158544535083,12,8.333333333333332
contact_gap_ratio,"[1.49444, 1.50556)",1.494444445,1.505555555,0.21245940371109293,18,44.44444444444444
contact_gap_ratio,"[1.50556, 1.51667)",1.505555555,1.516666665,0.21516148353443157,13,7.6923076923076925
contact_gap_ratio,"[1.51667, 1.52778)",1.516666665,1.5277777750000001,0.21697227663154972,15,20.0
contact_gap_ratio,"[1.52778, 1.53889)",1.5277777750000001,1.538888885,0.2207252386943061,18,33.33333333333333
contact_gap_ratio,"[1.53889, 1.55)",1.538888885,1.5499999999999998,0.22458428801243036,10,10.0
contact_gap_ratio,"[1.55, 1.56111)",1.5499999999999998,1.561111115,0.2256483639631101,12,25.0
contact_gap_ratio,"[1.56111, 1.57222)",1.561111115,1.572222225,0.22999272736705448,18,27.77777777777778
contact_gap_ratio,"[1.57222, 1.58333)",1.572222225,1.5833333349999998,0.2318448945843269,16,31.25
contact_gap_ratio,"[1.58333, 1.59444)",1.5833333349999998,1.5944444450000002,0.2361330075973986,12,58.333333333333336
contact_gap_ratio,"[1.59444, 1.60556)",1.5944444450000002,1.605555555,0.23894116722484626,12,16.666666666666664
contact_gap_ratio,"[1.60556, 1.61667)",1.605555555,1.616666665,0.24054581992078514,8,25.0
contact_gap_ratio,"[1.61667, 1.62778)",1.616666665,1.627777775,0.24232020311821376,15,20.0
contact_gap_ratio,"[1.62778, 1.63889)",1.627777775,1.638888885,0.24467037442532258,15,26.666666666666668
contact_gap_ratio,"[1.63889, 1.65)",1.638888885,1.65,0.24637367136689933,10,10.0
contact_gap_ratio,"[1.65, 1.66111)",1.65,1.661111115,0.24903955607280315,6,16.666666666666664
contact_gap_ratio,"[1.66111, 1.67222)",1.661111115,1.672222225,0.25083388287315667,12,16.666666666666664
contact_gap_ratio,"[1.67222, 1.68333)",1.672222225,1.683333335,0.25292514460312104,13,38.46153846153847
contact_gap_ratio,"[1.68333, 1.69444)",1.683333335,1.694444445,0.2549380685092939,9,11.11111111111111
contact_gap_ratio,"[1.69444, 1.71667)",1.694444445,1.716666665,0.256013302009305,10,20.0
contact_gap_ratio,"[1.71667, 1.72778)",1.716666665,1.7277777749999998,0.25751987323237124,13,15.384615384615385
contact_gap_ratio,"[1.72778, 1.73889)",1.7277777749999998,1.7388888850000002,0.25841095776970946,11,18.181818181818183
contact_gap_ratio,"[1.73889, 1.75)",1.7388888850000002,1.75,0.26161124544968795,6,50.0
contact_gap_ratio,"[1.75, 1.76111)",1.75,1.7611111149999998,0.26161124544968795,7,0.0
contact_gap_ratio,"[1.76111, 1.77222)",1.7611111149999998,1.7722222250000002,0.26492585185507883,10,20.0
contact_gap_ratio,"[1.77222, 1.78333)",1.7722222250000002,1.783333335,0.2678288662217559,9,33.33333333333333
contact_gap_ratio,"[1.78333, 1.79444)",1.783333335,1.7944444449999999,0.2681329014630895,7,0.0
contact_gap_ratio,"[1.79444, 1.80556)",1.7944444449999999,1.805555555,0.2712292776412132,12,16.666666666666664
contact_gap_ratio,"[1.80556, 1.82778)",1.805555555,1.827777775,0.27457536601125515,13,23.076923076923077
contact_gap_ratio,"[1.82778, 1.83889)",1.827777775,1.838888885,0.27538505881582503,14,35.714285714285715
contact_gap_ratio,"[1.83889, 1.85)",1.838888885,1.85,0.2789089773995681,10,30.0
contact_gap_ratio,"[1.85, 1.86111)",1.85,1.861111115,0.28026490167218665,9,44.44444444444444
contact_gap_ratio,"[1.86111, 1.87222)",1.861111115,1.872222225,0.2814829978299038,8,25.0
contact_gap_ratio,"[1.87222, 1.88333)",1.872222225,1.883333335,0.2822813144177175,8,12.5
contact_gap_ratio,"[1.88333, 1.89444)",1.883333335,1.894444445,0.28305653882858156,11,0.0
contact_gap_ratio,"[1.89444, 1.90556)",1.894444445,1.9055555549999998,0.28505890034289405,12,25.0
contact_gap_ratio,"[1.90556, 1.91667)",1.9055555549999998,1.9166666650000002,0.2856719208088204,11,27.27272727272727
contact_gap_ratio,"[1.91667, 1.92778)",1.9166666650000002,1.927777775,0.28634790232238677,6,33.33333333333333
contact_gap_ratio,"[1.92778, 1.93889)",1.927777775,1.938888885,0.2883286723003523,4,0.0
contact_gap_ratio,"[1.93889, 1.95)",1.938888885,1.9500000000000002,0.2894755360326469,9,11.11111111111111
contact_gap_ratio,"[1.95, 1.96111)",1.9500000000000002,1.961111115,0.29107880545517345,5,40.0
contact_gap_ratio,"[1.96111, 1.97222)",1.961111115,1.9722222249999999,0.29154495157882404,8,0.0
contact_gap_ratio,"[1.97222, 1.98333)",1.9722222249999999,1.983333335,0.2943213279454392,3,0.0
contact_gap_ratio,"[1.98333, 1.99444)",1.983333335,1.994444445,0.29582087437452104,5,20.0
contact_gap_ratio,"[1.99444, 2.00556)",1.994444445,2.005555555,0.2978868955732573,10,20.0
contact_gap_ratio,"[2.00556, 2.01667)",2.005555555,2.016666665,0.2992106126056745,4,25.0
contact_gap_ratio,"[2.01667, 2.02778)",2.016666665,2.027777775,0.3023003776109859,6,0.0
contact_gap_ratio,"[2.02778, 2.05)",2.027777775,2.05,0.3061398670683317,5,40.0
contact_gap_ratio,"[2.05, 2.06111)",2.05,2.061111115,0.3087702829991539,5,40.0
contact_gap_ratio,"[2.06111, 2.07222)",2.061111115,2.072222225,0.3100931926057492,6,16.666666666666664
contact_gap_ratio,"[2.07222, 2.08333)",2.072222225,2.083333335,0.3107890012520578,8,12.5
contact_gap_ratio,"[2.08333, 2.09444)",2.083333335,2.094444445,0.3141490972337907,5,40.0
contact_gap_ratio,"[2.09444, 2.10556)",2.094444445,2.105555555,0.3172230931134783,4,0.0
contact_gap_ratio,"[2.10556, 2.11667)",2.105555555,2.116666665,0.31956043239701704,5,20.0
contact_gap_ratio,"[2.11667, 2.12778)",2.116666665,2.127777775,0.32180223973822364,5,60.0
contact_gap_ratio,"[2.12778, 2.13889)",2.127777775,2.138888885,0.32371531266335635,9,11.11111111111111
contact_gap_ratio,"[2.13889, 2.16111)",2.138888885,2.1611111149999997,0.3253759738329222,4,25.0
contact_gap_ratio,"[2.16111, 2.17222)",2.1611111149999997,2.172222225,0.3262190739808576,4,25.0
contact_gap_ratio,"[2.17222, 2.18333)",2.172222225,2.183333335,0.32752478756623143,5,40.0
contact_gap_ratio,"[2.18333, 2.19444)",2.183333335,2.1944444450000002,0.3285300070157257,3,33.33333333333333
contact_gap_ratio,"[2.19444, 2.20556)",2.1944444450000002,2.205555555,0.331664681744189,8,25.0
contact_gap_ratio,"[2.20556, 2.21667)",2.205555555,2.216666665,0.3320541269858873,6,33.33333333333333
contact_gap_ratio,"[2.21667, 2.22778)",2.216666665,2.227777775,0.33361075510526883,3,0.0
contact_gap_ratio,"[2.22778, 2.23889)",2.227777775,2.2388888849999997,0.33579795764130715,5,0.0
contact_gap_ratio,"[2.23889, 2.25)",2.2388888849999997,2.25,0.33936532618178666,3,0.0
contact_gap_ratio,"[2.25, 2.26111)",2.25,2.2611111150000003,0.34118624015466636,2,0.0
contact_gap_ratio,"[2.26111, 2.27222)",2.2611111150000003,2.272222225,0.34380122017111603,3,33.33333333333333
contact_gap_ratio,"[2.27222, 2.28333)",2.272222225,2.283333335,0.3441779362584607,3,0.0
contact_gap_ratio,"[2.28333, 2.29444)",2.283333335,2.294444445,0.34648442677636243,4,25.0
contact_gap_ratio,"[2.29444, 2.30556)",2.294444445,2.3055555549999998,0.3498304536316191,9,22.22222222222222
contact_gap_ratio,"[2.30556, 2.31667)",2.3055555549999998,2.316666665,0.3506783626289001,3,0.0
contact_gap_ratio,"[2.31667, 2.32778)",2.316666665,2.327777775,0.35198331697210183,5,40.0
contact_gap_ratio,"[2.32778, 2.33889)",2.327777775,2.3388888850000003,0.35342183390866316,5,20.0
contact_gap_ratio,"[2.33889, 2.35)",2.3388888850000003,2.35,0.35464712731608666,5,40.0
contact_gap_ratio,"[2.35, 2.36111)",2.35,2.361111115,0.35561647860699175,5,20.0
contact_gap_ratio,"[2.36111, 2.37222)",2.361111115,2.372222225,0.356391343708818,4,25.0
contact_gap_ratio,"[2.37222, 2.38333)",2.372222225,2.383333335,0.35916752632681187,2,0.0
contact_gap_ratio,"[2.38333, 2.39444)",2.383333335,2.394444445,0.3598411132722851,2,0.0
contact_gap_ratio,"[2.39444, 2.41667)",2.394444445,2.416666665,0.3598411132722851,4,50.0
contact_gap_ratio,"[2.41667, 2.42778)",2.416666665,2.427777775,0.362614886471952,5,0.0
contact_gap_ratio,"[2.42778, 2.43889)",2.427777775,2.438888885,0.3649045808870402,7,14.285714285714285
contact_gap_ratio,"[2.43889, 2.45)",2.438888885,2.45,0.3674614433066012,7,42.857142857142854
contact_gap_ratio,"[2.45, 2.46111)",2.45,2.461111115,0.36943767726676957,5,0.0
contact_gap_ratio,"[2.46111, 2.47222)",2.461111115,2.472222225,0.3697618952466891,3,33.33333333333333
contact_gap_ratio,"[2.47222, 2.48333)",2.472222225,2.483333335,0.3718370453040161,3,0.0
contact_gap_ratio,"[2.48333, 2.49444)",2.483333335,2.494444445,0.3747283264188878,4,0.0
contact_gap_ratio,"[2.49444, 2.50556)",2.494444445,2.505555555,0.376095789831384,2,50.0
contact_gap_ratio,"[2.50556, 2.51667)",2.505555555,2.516666665,0.37786082467413334,1,0.0
contact_gap_ratio,"[2.51667, 2.52778)",2.516666665,2.527777775,0.3787299017774816,3,66.66666666666666
contact_gap_ratio,"[2.52778, 2.55)",2.527777775,2.55,0.3805111333138518,3,0.0
contact_gap_ratio,"[2.55, 2.56111)",2.55,2.561111115,0.3812981475670249,3,33.33333333333333
contact_gap_ratio,"[2.56111, 2.57222)",2.561111115,2.572222225,0.3833356554237168,4,50.0
contact_gap_ratio,"[2.57222, 2.58333)",2.572222225,2.583333335,0.38533806882535454,4,25.0
contact_gap_ratio,"[2.58333, 2.60556)",2.583333335,2.605555555,0.3890655161337268,4,50.0
contact_gap_ratio,"[2.60556, 2.61667)",2.605555555,2.616666665,0.39104636737367576,5,20.0
contact_gap_ratio,"[2.61667, 2.62778)",2.616666665,2.627777775,0.3918211432135995,7,28.57142857142857
contact_gap_ratio,"[2.62778, 2.65)",2.627777775,2.65,0.3948963311951435,4,50.0
contact_gap_ratio,"[2.65, 2.66111)",2.65,2.6611111149999997,0.39563823943367193,4,50.0
contact_gap_ratio,"[2.66111, 2.67222)",2.6611111149999997,2.672222225,0.39860999769586775,5,0.0
contact_gap_ratio,"[2.67222, 2.68333)",2.672222225,2.683333335,0.40133196191445386,6,0.0
contact_gap_ratio,"[2.68333, 2.69444)",2.683333335,2.6944444450000002,0.4038562001882049,4,0.0
contact_gap_ratio,"[2.69444, 2.70556)",2.6944444450000002,2.705555555,0.4070341049322574,3,66.66666666666666
contact_gap_ratio,"[2.70556, 2.71667)",2.705555555,2.716666665,0.41105278145638463,3,0.0
contact_gap_ratio,"[2.71667, 2.72778)",2.716666665,2.727777775,0.41636330472121674,3,0.0
contact_gap_ratio,"[2.72778, 2.74444)",2.727777775,2.744444445,0.420906246708086,2,50.0
contact_gap_ratio,"[2.74444, 2.76111)",2.744444445,2.7611111150000003,0.4226625261538977,4,25.0
contact_gap_ratio,"[2.76111, 2.77778)",2.7611111150000003,2.77777778,0.42495436671955794,4,50.0
contact_gap_ratio,"[2.77778, 2.80556)",2.77777778,2.8055555549999998,0.4264336361616704,2,0.0
contact_gap_ratio,"[2.80556, 2.81667)",2.8055555549999998,2.816666665,0.4264336361616704,4,50.0
contact_gap_ratio,"[2.81667, 2.82778)",2.816666665,2.827777775,0.42814578818686483,3,0.0
contact_gap_ratio,"[2.82778, 2.83889)",2.827777775,2.8388888850000003,0.43324435345045254,3,0.0
contact_gap_ratio,"[2.83889, 2.86111)",2.8388888850000003,2.861111115,0.43493496341035015,3,66.66666666666666
contact_gap_ratio,"[2.86111, 2.89444)",2.861111115,2.894444445,0.43631370828570126,5,20.0
contact_gap_ratio,"[2.89444, 2.90556)",2.894444445,2.905555555,0.439455877076573,7,14.285714285714285
contact_gap_ratio,"[2.90556, 2.91667)",2.905555555,2.916666665,0.4401787802941133,3,33.33333333333333
contact_gap_ratio,"[2.91667, 2.92778)",2.916666665,2.927777775,0.4419584007884245,3,33.33333333333333
contact_gap_ratio,"[2.92778, 2.93889)",2.927777775,2.938888885,0.44304005668818014,3,0.0
contact_gap_ratio,"[2.93889, 2.95556)",2.938888885,2.955555555,0.44533510526191833,3,33.33333333333333
contact_gap_ratio,"[2.95556, 2.97222)",2.955555555,2.972222225,0.4484583621157796,3,0.0
contact_gap_ratio,"[2.97222, 2.99444)",2.972222225,2.994444445,0.45158082749654554,3,0.0
contact_gap_ratio,"[2.99444, 3.00556)",2.994444445,3.005555555,0.4539253729815875,5,20.0
contact_gap_ratio,"[3.00556, 3.05)",3.005555555,3.05,0.4561195338711773,3,33.33333333333333
contact_gap_ratio,"[3.05, 3.08333)",3.05,3.083333335,0.45820582667616216,3,0.0
contact_gap_ratio,"[3.08333, 3.09444)",3.083333335,3.094444445,0.46236630293331604,3,0.0
contact_gap_ratio,"[3.09444, 3.13333)",3.094444445,3.13333333,0.4649384203541477,2,50.0
contact_gap_ratio,"[3.13333, 3.15)",3.13333333,3.15,0.46654754886748007,5,40.0
contact_gap_ratio,"[3.15, 3.17778)",3.15,3.17777778,0.47097679149643945,4,50.0
contact_gap_ratio,"[3.17778, 3.19444)",3.17777778,3.1944444450000002,0.4731505704319004,3,33.33333333333333
contact_gap_ratio,"[3.19444, 3.23889)",3.1944444450000002,3.2388888849999997,0.47877247124096844,4,25.0
contact_gap_ratio,"[3.23889, 3.25556)",3.2388888849999997,3.255555555,0.4812236804543497,2,0.0
contact_gap_ratio,"[3.25556, 3.28333)",3.255555555,3.283333335,0.48345520836909506,3,33.33333333333333
contact_gap_ratio,"[3.28333, 3.30556)",3.283333335,3.3055555549999998,0.48546458772811907,3,0.0
contact_gap_ratio,"[3.30556, 3.33889)",3.3055555549999998,3.3388888850000003,0.4868069028733998,4,50.0
contact_gap_ratio,"[3.33889, 3.35556)",3.3388888850000003,3.355555555,0.4900021507654018,3,0.0
contact_gap_ratio,"[3.35556, 3.38333)",3.355555555,3.3833333349999997,0.4953342412027494,2,50.0
contact_gap_ratio,"[3.38333, 3.42222)",3.3833333349999997,3.42222222,0.5008914648146633,2,50.0
contact_gap_ratio,"[3.42222, 3.45)",3.42222222,3.45,0.5032300105121525,3,33.33333333333333
contact_gap_ratio,"[3.45, 3.47778)",3.45,3.4777777800000003,0.5074540861807874,3,33.33333333333333
contact_gap_ratio,"[3.47778, 3.51667)",3.4777777800000003,3.516666665,0.5429633791265407,3,66.66666666666666
contact_gap_ratio,"[3.51667, 3.52778)",3.516666665,3.527777775,0.5465596523696757,4,50.0
contact_gap_ratio,"[3.52778, 3.55)",3.527777775,3.55,0.5491291347619588,3,33.33333333333333
contact_gap_ratio,"[3.55, 3.58889)",3.55,3.5888888899999998,0.5516975132163631,3,33.33333333333333
contact_gap_ratio,"[3.58889, 3.61667)",3.5888888899999998,3.616666665,0.553742615681461,4,25.0
contact_gap_ratio,"[3.61667, 3.62778)",3.616666665,3.627777775,0.5569624332567266,2,50.0
contact_gap_ratio,"[3.62778, 3.67222)",3.627777775,3.672222225,0.5597747835764869,2,0.0
contact_gap_ratio,"[3.67222, 3.74444)",3.672222225,3.744444445,0.5637632793167968,4,25.0
contact_gap_ratio,"[3.74444, 3.77778)",3.744444445,3.77777778,0.5690480967632788,4,25.0
contact_gap_ratio,"[3.77778, 3.80556)",3.77777778,3.8055555549999998,0.571880093195512,4,50.0
contact_gap_ratio,"[3.80556, 3.83889)",3.8055555549999998,3.8388888899999998,0.5761532695317838,2,50.0
contact_gap_ratio,"[3.83889, 3.88333)",3.8388888899999998,3.8833333349999997,0.5791374054072524,2,0.0
contact_gap_ratio,"[3.88333, 3.93889)",3.8833333349999997,3.93888889,0.5808217099659098,3,33.33333333333333
contact_gap_ratio,"[3.93889, 4)",3.93888889,4.0,0.5812248927694298,5,0.0
contact_gap_ratio,"[4, 4.05)",4.0,4.050000000000001,0.5857429625558659,5,0.0
contact_gap_ratio,"[4.05, 4.07778)",4.050000000000001,4.07777778,0.5927161847942033,72,33.33333333333333
contact_gap_ratio,"[4.07778, 4.11667)",4.07777778,4.116666665,0.7000646703838115,1,100.0
contact_gap_ratio,"[4.11667, 4.71667)",4.116666665,4.716666665,0.7047615016256235,1,0.0
contact_gap_ratio,"[4.71667, 5.61667)",4.716666665,5.616666665,0.7138008941376519,1,100.0
contact_gap_ratio,"[5.61667, 9.05)",5.616666665,9.05,0.7138008941376519,1,0.0
contact_gap_ratio,"[9.05, inf)",9.05,inf,0.7138008941376519,1,0.0
recurring_deposit_change_pct,"[-inf, -1)",-inf,-0.999999955,0.22453158498909684,476,30.462184873949578
recurring_deposit_change_pct,"[-1, -0.953913)",-0.999999955,-0.95391311,0.22405193767111609,12,33.33333333333333
recurring_deposit_change_pct,"[-0.953913, -0.925225)",-0.95391311,-0.925225,0.22405193767111609,11,27.27272727272727
recurring_deposit_change_pct,"[-0.925225, -0.903674)",-0.925225,-0.90367386,0.22405193767111609,11,18.181818181818183
recurring_deposit_change_pct,"[-0.903674, -0.88207)",-0.90367386,-0.88207016,0.22405193767111609,11,27.27272727272727
recurring_deposit_change_pct,"[-0.88207, -0.865832)",-0.88207016,-0.865831735,0.22385221951660206,11,18.181818181818183
recurring_deposit_change_pct,"[-0.865832, -0.848692)",-0.865831735,-0.84869196,0.2234339960512301,11,27.27272727272727
recurring_deposit_change_pct,"[-0.848692, -0.834138)",-0.84869196,-0.83413787,0.2234339960512301,11,9.090909090909092
recurring_deposit_change_pct,"[-0.834138, -0.819105)",-0.83413787,-0.819105325,0.2234339960512301,11,54.54545454545454
recurring_deposit_change_pct,"[-0.819105, -0.805421)",-0.819105325,-0.80542058,0.2230248431291934,11,45.45454545454545
recurring_deposit_change_pct,"[-0.805421, -0.790587)",-0.80542058,-0.79058653,0.22260827007893758,11,0.0
recurring_deposit_change_pct,"[-0.790587, -0.778521)",-0.79058653,-0.778521435,0.22255563760959562,11,18.181818181818183
recurring_deposit_change_pct,"[-0.778521, -0.769472)",-0.778521435,-0.769472375,0.22238676795475334,11,9.090909090909092
recurring_deposit_change_pct,"[-0.769472, -0.76222)",-0.769472375,-0.762220165,0.22238676795475334,11,18.181818181818183
recurring_deposit_change_pct,"[-0.76222, -0.754038)",-0.762220165,-0.754037785,0.22238676795475334,11,36.36363636363637
recurring_deposit_change_pct,"[-0.754038, -0.747127)",-0.754037785,-0.74712698,0.22196251070982906,11,27.27272727272727
recurring_deposit_change_pct,"[-0.747127, -0.741167)",-0.74712698,-0.7411671550000001,0.2216814203696813,11,18.181818181818183
recurring_deposit_change_pct,"[-0.741167, -0.727728)",-0.7411671550000001,-0.72772841,0.2216814203696813,11,27.27272727272727
recurring_deposit_change_pct,"[-0.727728, -0.717261)",-0.72772841,-0.717261025,0.22149342519856619,11,9.090909090909092
recurring_deposit_change_pct,"[-0.717261, -0.704737)",-0.717261025,-0.70473745,0.22140996242105618,11,27.27272727272727
recurring_deposit_change_pct,"[-0.704737, -0.700314)",-0.70473745,-0.700314215,0.22140996242105618,11,18.181818181818183
recurring_deposit_change_pct,"[-0.700314, -0.692416)",-0.700314215,-0.6924159999999999,0.22090238168121426,11,18.181818181818183
recurring_deposit_change_pct,"[-0.692416, -0.682644)",-0.6924159999999999,-0.682644475,0.22090238168121426,12,33.33333333333333
recurring_deposit_change_pct,"[-0.682644, -0.670945)",-0.682644475,-0.67094549,0.22030633007344833,12,8.333333333333332
recurring_deposit_change_pct,"[-0.670945, -0.662022)",-0.67094549,-0.6620223000000001,0.21995927809265423,12,33.33333333333333
recurring_deposit_change_pct,"[-0.662022, -0.652561)",-0.6620223000000001,-0.65256135,0.21995927809265423,12,66.66666666666666
recurring_deposit_change_pct,"[-0.652561, -0.641441)",-0.65256135,-0.641440995,0.21939216724218702,12,33.33333333333333
recurring_deposit_change_pct,"[-0.641441, -0.636231)",-0.641440995,-0.63623106,0.21902832222568105,11,18.181818181818183
recurring_deposit_change_pct,"[-0.636231, -0.631703)",-0.63623106,-0.63170293,0.21766806904476407,12,16.666666666666664
recurring_deposit_change_pct,"[-0.631703, -0.626064)",-0.63170293,-0.626063915,0.21718939835294238,12,8.333333333333332
recurring_deposit_change_pct,"[-0.626064, -0.619557)",-0.626063915,-0.619556855,0.21718939835294238,12,8.333333333333332
recurring_deposit_change_pct,"[-0.619557, -0.609401)",-0.619556855,-0.6094005499999999,0.21674719068925558,12,25.0
recurring_deposit_change_pct,"[-0.609401, -0.603429)",-0.6094005499999999,-0.6034289349999999,0.21624306696562745,12,25.0
recurring_deposit_change_pct,"[-0.603429, -0.596548)",-0.6034289349999999,-0.59654775,0.21624306696562745,11,36.36363636363637
recurring_deposit_change_pct,"[-0.596548, -0.590143)",-0.59654775,-0.59014326,0.21603332039863044,12,25.0
recurring_deposit_change_pct,"[-0.590143, -0.5836)",-0.59014326,-0.583600095,0.21535753102710056,12,25.0
recurring_deposit_change_pct,"[-0.5836, -0.577562)",-0.583600095,-0.57756188,0.21443000801114306,12,16.666666666666664
recurring_deposit_change_pct,"[-0.577562, -0.573145)",-0.57756188,-0.57314539,0.21346191981039686,12,0.0
recurring_deposit_change_pct,"[-0.573145, -0.56798)",-0.57314539,-0.56798027,0.21346191981039686,12,8.333333333333332
recurring_deposit_change_pct,"[-0.56798, -0.564011)",-0.56798027,-0.5640109099999999,0.21346191981039686,12,50.0
recurring_deposit_change_pct,"[-0.564011, -0.55912)",-0.5640109099999999,-0.559119785,0.21346191981039686,11,27.27272727272727
recurring_deposit_change_pct,"[-0.55912, -0.552712)",-0.559119785,-0.5527123899999999,0.2133421773088506,12,8.333333333333332
recurring_deposit_change_pct,"[-0.552712, -0.547463)",-0.5527123899999999,-0.547462975,0.21270489822115296,12,33.33333333333333
recurring_deposit_change_pct,"[-0.547463, -0.540702)",-0.547462975,-0.54070238,0.21213420012271433,12,8.333333333333332
recurring_deposit_change_pct,"[-0.540702, -0.538054)",-0.54070238,-0.53805377,0.21213420012271433,12,8.333333333333332
recurring_deposit_change_pct,"[-0.538054, -0.533937)",-0.53805377,-0.5339374050000001,0.21162482698063403,12,16.666666666666664
recurring_deposit_change_pct,"[-0.533937, -0.52965)",-0.5339374050000001,-0.529650005,0.21122543563395885,11,0.0
recurring_deposit_change_pct,"[-0.52965, -0.525261)",-0.529650005,-0.525260925,0.21094177558159116,12,16.666666666666664
recurring_deposit_change_pct,"[-0.525261, -0.517298)",-0.525260925,-0.517298445,0.21043274629965592,12,41.66666666666667
recurring_deposit_change_pct,"[-0.517298, -0.508687)",-0.517298445,-0.508687145,0.2097895913966023,12,16.666666666666664
recurring_deposit_change_pct,"[-0.508687, -0.50435)",-0.508687145,-0.5043502200000001,0.2097895913966023,12,8.333333333333332
recurring_deposit_change_pct,"[-0.50435, -0.500599)",-0.5043502200000001,-0.50059914,0.2097255033289992,12,8.333333333333332
recurring_deposit_change_pct,"[-0.500599, -0.498201)",-0.50059914,-0.49820146499999995,0.20954182811241465,12,16.666666666666664
recurring_deposit_change_pct,"[-0.498201, -0.495938)",-0.49820146499999995,-0.495938325,0.20919657928001514,11,18.181818181818183
recurring_deposit_change_pct,"[-0.495938, -0.489953)",-0.495938325,-0.48995270999999996,0.20793608109736214,12,16.666666666666664
recurring_deposit_change_pct,"[-0.489953, -0.484206)",-0.48995270999999996,-0.48420617499999996,0.2077474470164953,12,0.0
recurring_deposit_change_pct,"[-0.484206, -0.479615)",-0.48420617499999996,-0.479614655,0.20761907672936608,12,33.33333333333333
recurring_deposit_change_pct,"[-0.479615, -0.473709)",-0.479614655,-0.473708675,0.20673889929470807,12,8.333333333333332
recurring_deposit_change_pct,"[-0.473709, -0.470534)",-0.473708675,-0.47053442999999995,0.20673889929470807,12,41.66666666666667
recurring_deposit_change_pct,"[-0.470534, -0.466724)",-0.47053442999999995,-0.46672429,0.20592573751524462,11,36.36363636363637
recurring_deposit_change_pct,"[-0.466724, -0.459091)",-0.46672429,-0.45909075,0.20570164372539862,12,33.33333333333333
recurring_deposit_change_pct,"[-0.459091, -0.452517)",-0.45909075,-0.45251722,0.2055335723118002,12,16.666666666666664
recurring_deposit_change_pct,"[-0.452517, -0.449162)",-0.45251722,-0.44916157,0.20456215442495262,12,33.33333333333333
recurring_deposit_change_pct,"[-0.449162, -0.445855)",-0.44916157,-0.44585496999999996,0.20456215442495262,12,41.66666666666667
recurring_deposit_change_pct,"[-0.445855, -0.439961)",-0.44585496999999996,-0.439961045,0.204138314086882,12,33.33333333333333
recurring_deposit_change_pct,"[-0.439961, -0.435127)",-0.439961045,-0.43512732,0.20246213056673293,11,27.27272727272727
recurring_deposit_change_pct,"[-0.435127, -0.431495)",-0.43512732,-0.431495125,0.20246213056673293,12,33.33333333333333
recurring_deposit_change_pct,"[-0.431495, -0.427202)",-0.431495125,-0.42720196,0.20246213056673293,12,8.333333333333332
recurring_deposit_change_pct,"[-0.427202, -0.4242)",-0.42720196,-0.424199665,0.20185862665170443,12,16.666666666666664
recurring_deposit_change_pct,"[-0.4242, -0.419221)",-0.424199665,-0.419220555,0.20172600479097785,12,8.333333333333332
recurring_deposit_change_pct,"[-0.419221, -0.414661)",-0.419220555,-0.414661105,0.20145392196348677,12,8.333333333333332
recurring_deposit_change_pct,"[-0.414661, -0.411672)",-0.414661105,-0.41167160999999997,0.20145392196348677,12,16.666666666666664
recurring_deposit_change_pct,"[-0.411672, -0.407268)",-0.41167160999999997,-0.40726800500000004,0.2009835086353588,11,36.36363636363637
recurring_deposit_change_pct,"[-0.407268, -0.402845)",-0.40726800500000004,-0.4028451,0.20078063482858874,12,16.666666666666664
recurring_deposit_change_pct,"[-0.402845, -0.397884)",-0.4028451,-0.39788384499999996,0.2002642609459434,12,16.666666666666664
recurring_deposit_change_pct,"[-0.397884, -0.393923)",-0.39788384499999996,-0.39392314,0.19992251086221913,12,25.0
recurring_deposit_change_pct,"[-0.393923, -0.391829)",-0.39392314,-0.39182852,0.19937236022608323,12,33.33333333333333
recurring_deposit_change_pct,"[-0.391829, -0.387915)",-0.39182852,-0.38791505000000004,0.1987396066728327,12,41.66666666666667
recurring_deposit_change_pct,"[-0.387915, -0.385783)",-0.38791505000000004,-0.38578254,0.1987396066728327,11,0.0
recurring_deposit_change_pct,"[-0.385783, -0.381978)",-0.38578254,-0.38197836500000004,0.19831866124811237,12,25.0
recurring_deposit_change_pct,"[-0.381978, -0.378562)",-0.38197836500000004,-0.378562135,0.19831866124811237,12,41.66666666666667
recurring_deposit_change_pct,"[-0.378562, -0.3751)",-0.378562135,-0.37510033499999995,0.19831866124811237,12,25.0
recurring_deposit_change_pct,"[-0.3751, -0.372839)",-0.37510033499999995,-0.37283866,0.19831866124811237,12,8.333333333333332
recurring_deposit_change_pct,"[-0.372839, -0.369201)",-0.37283866,-0.36920084,0.19831866124811237,12,41.66666666666667
recurring_deposit_change_pct,"[-0.369201, -0.365921)",-0.36920084,-0.36592090499999996,0.19831866124811237,12,8.333333333333332
recurring_deposit_change_pct,"[-0.365921, -0.361979)",-0.36592090499999996,-0.36197922,0.19810687826940382,11,9.090909090909092
recurring_deposit_change_pct,"[-0.361979, -0.356185)",-0.36197922,-0.35618524500000004,0.19810687826940382,12,16.666666666666664
recurring_deposit_change_pct,"[-0.356185, -0.354054)",-0.35618524500000004,-0.35405406,0.1978772006650615,12,25.0
recurring_deposit_change_pct,"[-0.354054, -0.351258)",-0.35405406,-0.35125802,0.19707002273477248,12,8.333333333333332
recurring_deposit_change_pct,"[-0.351258, -0.34763)",-0.35125802,-0.347630055,0.19598430777206327,12,33.33333333333333
recurring_deposit_change_pct,"[-0.34763, -0.343352)",-0.347630055,-0.34335245000000003,0.19598430777206327,12,33.33333333333333
recurring_deposit_change_pct,"[-0.343352, -0.340983)",-0.34335245000000003,-0.34098314,0.1956909164661666,11,18.181818181818183
recurring_deposit_change_pct,"[-0.340983, -0.338056)",-0.34098314,-0.33805593,0.1948306419235914,12,16.666666666666664
recurring_deposit_change_pct,"[-0.338056, -0.333433)",-0.33805593,-0.333433345,0.19435821597713804,12,33.33333333333333
recurring_deposit_change_pct,"[-0.333433, -0.3306)",-0.333433345,-0.330600015,0.19404232499887503,12,33.33333333333333
recurring_deposit_change_pct,"[-0.3306, -0.328017)",-0.330600015,-0.32801745,0.19376475572639867,12,8.333333333333332
recurring_deposit_change_pct,"[-0.328017, -0.325616)",-0.32801745,-0.325615635,0.19302022061086777,12,16.666666666666664
recurring_deposit_change_pct,"[-0.325616, -0.323512)",-0.325615635,-0.323511565,0.19302022061086777,12,25.0
recurring_deposit_change_pct,"[-0.323512, -0.319348)",-0.323511565,-0.31934841999999997,0.19262702398874898,11,27.27272727272727
recurring_deposit_change_pct,"[-0.319348, -0.316773)",-0.31934841999999997,-0.316772965,0.19262702398874898,12,33.33333333333333
recurring_deposit_change_pct,"[-0.316773, -0.314414)",-0.316772965,-0.31441427,0.19232843871237965,12,16.666666666666664
recurring_deposit_change_pct,"[-0.314414, -0.312225)",-0.31441427,-0.31222479999999997,0.19166210902608902,12,0.0
recurring_deposit_change_pct,"[-0.312225, -0.309881)",-0.31222479999999997,-0.309880565,0.19106269906026435,12,16.666666666666664
recurring_deposit_change_pct,"[-0.309881, -0.305496)",-0.309880565,-0.30549606500000004,0.19106269906026435,12,8.333333333333332
recurring_deposit_change_pct,"[-0.305496, -0.30177)",-0.30549606500000004,-0.30176981,0.1908342931535141,11,27.27272727272727
recurring_deposit_change_pct,"[-0.30177, -0.297749)",-0.30176981,-0.297749285,0.1908342931535141,12,16.666666666666664
recurring_deposit_change_pct,"[-0.297749, -0.295476)",-0.297749285,-0.295476195,0.1908342931535141,12,25.0
recurring_deposit_change_pct,"[-0.295476, -0.291026)",-0.295476195,-0.29102589,0.19040617918570246,12,16.666666666666664
recurring_deposit_change_pct,"[-0.291026, -0.288505)",-0.29102589,-0.288504675,0.18965044731659203,12,33.33333333333333
recurring_deposit_change_pct,"[-0.288505, -0.28602)",-0.288504675,-0.28601973999999997,0.1893840973573491,12,16.666666666666664
recurring_deposit_change_pct,"[-0.28602, -0.282619)",-0.28601973999999997,-0.282619215,0.1893840973573491,11,18.181818181818183
recurring_deposit_change_pct,"[-0.282619, -0.279585)",-0.282619215,-0.27958548,0.1893840973573491,12,41.66666666666667
recurring_deposit_change_pct,"[-0.279585, -0.275902)",-0.27958548,-0.275901905,0.13524200871656128,12,8.333333333333332
recurring_deposit_change_pct,"[-0.275902, -0.274439)",-0.275901905,-0.27443898,0.11332308510651802,12,16.666666666666664
recurring_deposit_change_pct,"[-0.274439, -0.270073)",-0.27443898,-0.27007257500000004,0.09256199790871096,12,8.333333333333332
recurring_deposit_change_pct,"[-0.270073, -0.266045)",-0.27007257500000004,-0.2660447,0.09256199790871096,12,0.0
recurring_deposit_change_pct,"[-0.266045, -0.264158)",-0.2660447,-0.26415762,0.09174687551635069,12,8.333333333333332
recurring_deposit_change_pct,"[-0.264158, -0.262208)",-0.26415762,-0.26220789499999997,0.09149715148535506,11,18.181818181818183
recurring_deposit_change_pct,"[-0.262208, -0.25906)",-0.26220789499999997,-0.259059705,0.09117391116251224,12,16.666666666666664
recurring_deposit_change_pct,"[-0.25906, -0.256768)",-0.259059705,-0.25676779,0.09030400468184299,12,0.0
recurring_deposit_change_pct,"[-0.256768, -0.254693)",-0.25676779,-0.25469286,0.08995403924193632,12,0.0
recurring_deposit_change_pct,"[-0.254693, -0.250034)",-0.25469286,-0.25003366,0.08995403924193632,12,16.666666666666664
recurring_deposit_change_pct,"[-0.250034, -0.247129)",-0.25003366,-0.24712908,0.08964064121119934,12,25.0
recurring_deposit_change_pct,"[-0.247129, -0.245523)",-0.24712908,-0.24552288,0.08937737672114936,11,18.181818181818183
recurring_deposit_change_pct,"[-0.245523, -0.242616)",-0.24552288,-0.24261551,0.08937737672114936,12,8.333333333333332
recurring_deposit_change_pct,"[-0.242616, -0.240119)",-0.24261551,-0.24011873,0.0890221174193571,12,16.666666666666664
recurring_deposit_change_pct,"[-0.240119, -0.237382)",-0.24011873,-0.237382255,0.08874857526630242,12,16.666666666666664
recurring_deposit_change_pct,"[-0.237382, -0.233952)",-0.237382255,-0.23395166,0.08855127691377251,12,33.33333333333333
recurring_deposit_change_pct,"[-0.233952, -0.232419)",-0.23395166,-0.23241899,0.08834501963446129,12,16.666666666666664
recurring_deposit_change_pct,"[-0.232419, -0.229912)",-0.23241899,-0.229911965,0.08796525455207362,12,8.333333333333332
recurring_deposit_change_pct,"[-0.229912, -0.227637)",-0.229911965,-0.22763739,0.08764151908443804,11,18.181818181818183
recurring_deposit_change_pct,"[-0.227637, -0.226185)",-0.22763739,-0.226185355,0.08685846806015399,12,8.333333333333332
recurring_deposit_change_pct,"[-0.226185, -0.223018)",-0.226185355,-0.22301776,0.0860172401824352,12,8.333333333333332
recurring_deposit_change_pct,"[-0.223018, -0.221284)",-0.22301776,-0.22128426499999998,0.0850445805652184,12,25.0
recurring_deposit_change_pct,"[-0.221284, -0.218399)",-0.22128426499999998,-0.21839941499999999,0.08478549379970338,12,8.333333333333332
recurring_deposit_change_pct,"[-0.218399, -0.214477)",-0.21839941499999999,-0.214477155,0.08447976809056629,12,8.333333333333332
recurring_deposit_change_pct,"[-0.214477, -0.212923)",-0.214477155,-0.212923195,0.08447976809056629,11,9.090909090909092
recurring_deposit_change_pct,"[-0.212923, -0.210445)",-0.212923195,-0.21044538000000002,0.08447976809056629,12,16.666666666666664
recurring_deposit_change_pct,"[-0.210445, -0.209084)",-0.21044538000000002,-0.20908355,0.08339417447053697,12,16.666666666666664
recurring_deposit_change_pct,"[-0.209084, -0.205449)",-0.20908355,-0.20544944999999998,0.0830840706224578,12,16.666666666666664
recurring_deposit_change_pct,"[-0.205449, -0.203057)",-0.20544944999999998,-0.20305734,0.08204540532098531,12,50.0
recurring_deposit_change_pct,"[-0.203057, -0.201368)",-0.20305734,-0.20136805,0.08178523965789158,12,8.333333333333332
recurring_deposit_change_pct,"[-0.201368, -0.199405)",-0.20136805,-0.19940490500000002,0.08098969640100474,12,25.0
recurring_deposit_change_pct,"[-0.199405, -0.197506)",-0.19940490500000002,-0.19750642499999999,0.07742180237944642,11,9.090909090909092
recurring_deposit_change_pct,"[-0.197506, -0.195572)",-0.19750642499999999,-0.19557219,0.0765155771544562,12,8.333333333333332
recurring_deposit_change_pct,"[-0.195572, -0.192567)",-0.19557219,-0.192567045,0.07602263310090214,12,16.666666666666664
recurring_deposit_change_pct,"[-0.192567, -0.18953)",-0.192567045,-0.18953012000000002,0.07579241472805866,12,16.666666666666664
recurring_deposit_change_pct,"[-0.18953, -0.18643)",-0.18953012000000002,-0.186430445,0.07579241472805866,12,8.333333333333332
recurring_deposit_change_pct,"[-0.18643, -0.184087)",-0.186430445,-0.184086545,0.07579241472805866,12,25.0
recurring_deposit_change_pct,"[-0.184087, -0.181316)",-0.184086545,-0.18131569,0.07440520992133563,11,18.181818181818183
recurring_deposit_change_pct,"[-0.181316, -0.1788)",-0.18131569,-0.17879984999999998,0.07349118453215038,12,25.0
recurring_deposit_change_pct,"[-0.1788, -0.176582)",-0.17879984999999998,-0.176581575,0.06663871186697927,12,16.666666666666664
recurring_deposit_change_pct,"[-0.176582, -0.175091)",-0.176581575,-0.17509091,0.06442526532066022,12,0.0
recurring_deposit_change_pct,"[-0.175091, -0.173347)",-0.17509091,-0.173347235,0.06363681610323446,12,8.333333333333332
recurring_deposit_change_pct,"[-0.173347, -0.170216)",-0.173347235,-0.17021566,0.06363681610323446,12,16.666666666666664
recurring_deposit_change_pct,"[-0.170216, -0.168404)",-0.17021566,-0.16840413999999998,0.06315164302787156,11,9.090909090909092
recurring_deposit_change_pct,"[-0.168404, -0.167058)",-0.16840413999999998,-0.16705835,0.06315164302787156,12,25.0
recurring_deposit_change_pct,"[-0.167058, -0.164923)",-0.16705835,-0.164923015,0.06275172924948004,12,16.666666666666664
recurring_deposit_change_pct,"[-0.164923, -0.162683)",-0.164923015,-0.16268336,0.06275172924948004,12,0.0
recurring_deposit_change_pct,"[-0.162683, -0.160045)",-0.16268336,-0.16004539499999998,0.06259405010438701,12,16.666666666666664
recurring_deposit_change_pct,"[-0.160045, -0.158204)",-0.16004539499999998,-0.158204335,0.06259405010438701,12,16.666666666666664
recurring_deposit_change_pct,"[-0.158204, -0.156529)",-0.158204335,-0.156529025,0.06228375890998092,12,16.666666666666664
recurring_deposit_change_pct,"[-0.156529, -0.154446)",-0.156529025,-0.15444629999999998,0.06228375890998092,11,27.27272727272727
recurring_deposit_change_pct,"[-0.154446, -0.153044)",-0.15444629999999998,-0.15304413,0.06228375890998092,12,25.0
recurring_deposit_change_pct,"[-0.153044, -0.150752)",-0.15304413,-0.15075175,0.06228375890998092,12,8.333333333333332
recurring_deposit_change_pct,"[-0.150752, -0.148354)",-0.15075175,-0.148354245,0.06196110818882385,12,8.333333333333332
recurring_deposit_change_pct,"[-0.148354, -0.146149)",-0.148354245,-0.14614874,0.06196110818882385,12,33.33333333333333
recurring_deposit_change_pct,"[-0.146149, -0.145048)",-0.14614874,-0.14504759,0.06130576306857642,12,8.333333333333332
recurring_deposit_change_pct,"[-0.145048, -0.142272)",-0.14504759,-0.14227155,0.06130576306857642,11,9.090909090909092
recurring_deposit_change_pct,"[-0.142272, -0.140844)",-0.14227155,-0.140843525,0.06130576306857642,12,25.0
recurring_deposit_change_pct,"[-0.140844, -0.13781)",-0.140843525,-0.137810235,0.06130576306857642,12,16.666666666666664
recurring_deposit_change_pct,"[-0.13781, -0.136384)",-0.137810235,-0.13638415999999998,0.06130576306857642,12,16.666666666666664
recurring_deposit_change_pct,"[-0.136384, -0.134771)",-0.13638415999999998,-0.134770835,0.06130576306857642,12,8.333333333333332
recurring_deposit_change_pct,"[-0.134771, -0.132671)",-0.134770835,-0.132671045,0.060874080370015564,12,25.0
recurring_deposit_change_pct,"[-0.132671, -0.129965)",-0.132671045,-0.12996494,0.058284062914436705,12,8.333333333333332
recurring_deposit_change_pct,"[-0.129965, -0.128513)",-0.12996494,-0.128513495,0.05717010952546127,11,0.0
recurring_deposit_change_pct,"[-0.128513, -0.126374)",-0.128513495,-0.12637426499999999,0.05698941341648889,12,0.0
recurring_deposit_change_pct,"[-0.126374, -0.124948)",-0.12637426499999999,-0.124947895,0.05664630413381863,12,8.333333333333332
recurring_deposit_change_pct,"[-0.124948, -0.123492)",-0.124947895,-0.123491775,0.05608840481360764,12,8.333333333333332
recurring_deposit_change_pct,"[-0.123492, -0.121338)",-0.123491775,-0.12133809000000001,0.05508827274507597,12,16.666666666666664
recurring_deposit_change_pct,"[-0.121338, -0.119595)",-0.12133809000000001,-0.119594835,0.053789425857131125,12,8.333333333333332
recurring_deposit_change_pct,"[-0.119595, -0.118474)",-0.119594835,-0.118473565,0.053789425857131125,11,18.181818181818183
recurring_deposit_change_pct,"[-0.118474, -0.11726)",-0.118473565,-0.117259965,0.05357654442234945,12,16.666666666666664
recurring_deposit_change_pct,"[-0.11726, -0.116141)",-0.117259965,-0.11614077,0.052888319896178225,12,8.333333333333332
recurring_deposit_change_pct,"[-0.116141, -0.115112)",-0.11614077,-0.115111755,0.052154166400400395,12,33.33333333333333
recurring_deposit_change_pct,"[-0.115112, -0.113555)",-0.115111755,-0.11355455,0.05187333999075138,12,25.0
recurring_deposit_change_pct,"[-0.113555, -0.112737)",-0.11355455,-0.11273702499999999,0.05086888803281511,12,16.666666666666664
recurring_deposit_change_pct,"[-0.112737, -0.111701)",-0.11273702499999999,-0.11170086000000001,0.05060429024879538,11,36.36363636363637
recurring_deposit_change_pct,"[-0.111701, -0.109734)",-0.11170086000000001,-0.10973402,0.043819924339277234,12,0.0
recurring_deposit_change_pct,"[-0.109734, -0.108611)",-0.10973402,-0.10861083,0.043819924339277234,12,8.333333333333332
recurring_deposit_change_pct,"[-0.108611, -0.107311)",-0.10861083,-0.107310745,0.043390771632047416,12,8.333333333333332
recurring_deposit_change_pct,"[-0.107311, -0.105084)",-0.107310745,-0.10508431,0.0429396794995711,12,8.333333333333332
recurring_deposit_change_pct,"[-0.105084, -0.103223)",-0.10508431,-0.103223115,0.04249800436163072,12,0.0
recurring_deposit_change_pct,"[-0.103223, -0.101693)",-0.103223115,-0.10169336000000001,0.04249800436163072,12,0.0
recurring_deposit_change_pct,"[-0.101693, -0.10066)",-0.10169336000000001,-0.10066029,0.04249800436163072,11,9.090909090909092
recurring_deposit_change_pct,"[-0.10066, -0.100021)",-0.10066029,-0.10002122999999999,0.04224121781308191,12,0.0
recurring_deposit_change_pct,"[-0.100021, -0.0984434)",-0.10002122999999999,-0.098443405,0.04169378856426598,12,8.333333333333332
recurring_deposit_change_pct,"[-0.0984434, -0.0979283)",-0.098443405,-0.0979283,0.041453769571751294,12,0.0
recurring_deposit_change_pct,"[-0.0979283, -0.0969496)",-0.0979283,-0.0969496,0.041453769571751294,12,16.666666666666664
recurring_deposit_change_pct,"[-0.0969496, -0.0961487)",-0.0969496,-0.096148715,0.04098790686928686,12,8.333333333333332
recurring_deposit_change_pct,"[-0.0961487, -0.0953944)",-0.096148715,-0.0953944,0.040482614312481104,11,9.090909090909092
recurring_deposit_change_pct,"[-0.0953944, -0.0944913)",-0.0953944,-0.09449126499999999,0.03922248034543485,12,8.333333333333332
recurring_deposit_change_pct,"[-0.0944913, -0.0932539)",-0.09449126499999999,-0.093253905,0.03851817828589411,12,16.666666666666664
recurring_deposit_change_pct,"[-0.0932539, -0.0926458)",-0.093253905,-0.09264584000000001,0.03851817828589411,12,25.0
recurring_deposit_change_pct,"[-0.0926458, -0.0916341)",-0.09264584000000001,-0.09163410999999999,0.038186407444824766,12,8.333333333333332
recurring_deposit_change_pct,"[-0.0916341, -0.0908323)",-0.09163410999999999,-0.090832305,0.037581877584737,12,0.0
recurring_deposit_change_pct,"[-0.0908323, -0.0901819)",-0.090832305,-0.090181885,0.037581877584737,12,16.666666666666664
recurring_deposit_change_pct,"[-0.0901819, -0.0898598)",-0.090181885,-0.08985977,0.037581877584737,11,27.27272727272727
recurring_deposit_change_pct,"[-0.0898598, -0.0892331)",-0.08985977,-0.089233125,0.03727072963183563,12,0.0
recurring_deposit_change_pct,"[-0.0892331, -0.0886053)",-0.089233125,-0.088605265,0.03676389287083414,12,8.333333333333332
recurring_deposit_change_pct,"[-0.0886053, -0.0880669)",-0.088605265,-0.088066905,0.03650976942314533,12,0.0
recurring_deposit_change_pct,"[-0.0880669, -0.0875284)",-0.088066905,-0.08752843499999999,0.03650976942314533,12,25.0
recurring_deposit_change_pct,"[-0.0875284, -0.0872318)",-0.08752843499999999,-0.08723181499999999,0.03650976942314533,12,8.333333333333332
recurring_deposit_change_pct,"[-0.0872318, -0.0868115)",-0.08723181499999999,-0.08681153999999999,0.035625873338934314,11,9.090909090909092
recurring_deposit_change_pct,"[-0.0868115, -0.0864902)",-0.08681153999999999,-0.086490245,0.035625873338934314,12,25.0
recurring_deposit_change_pct,"[-0.0864902, -0.0861621)",-0.086490245,-0.08616214,0.03550023643468324,12,0.0
recurring_deposit_change_pct,"[-0.0861621, -0.0858209)",-0.08616214,-0.08582087499999999,0.03550023643468324,12,8.333333333333332
recurring_deposit_change_pct,"[-0.0858209, -0.0854491)",-0.08582087499999999,-0.085449125,0.03531010127865915,12,16.666666666666664
recurring_deposit_change_pct,"[-0.0854491, -0.085058)",-0.085449125,-0.085058015,0.03461399531564951,12,8.333333333333332
recurring_deposit_change_pct,"[-0.085058, -0.0847106)",-0.085058015,-0.084710605,0.03367116057130417,12,8.333333333333332
recurring_deposit_change_pct,"[-0.0847106, -0.0844688)",-0.084710605,-0.08446880500000001,0.033177900738968556,11,18.181818181818183
recurring_deposit_change_pct,"[-0.0844688, -0.0841585)",-0.08446880500000001,-0.08415853000000001,0.032889174663988385,12,8.333333333333332
recurring_deposit_change_pct,"[-0.0841585, -0.083744)",-0.08415853000000001,-0.08374399499999999,0.03220487048883049,12,16.666666666666664
recurring_deposit_change_pct,"[-0.083744, -0.0834407)",-0.08374399499999999,-0.083440745,0.031968688128746946,12,8.333333333333332
recurring_deposit_change_pct,"[-0.0834407, -0.0832435)",-0.083440745,-0.083243455,0.0312660600761309,12,8.333333333333332
recurring_deposit_change_pct,"[-0.0832435, -0.0828488)",-0.083243455,-0.08284876,0.03098468422977141,12,8.333333333333332
recurring_deposit_change_pct,"[-0.0828488, -0.0826922)",-0.08284876,-0.082692185,0.030456671583971213,11,9.090909090909092
recurring_deposit_change_pct,"[-0.0826922, -0.0824407)",-0.082692185,-0.082440655,0.02995708088627774,12,16.666666666666664
recurring_deposit_change_pct,"[-0.0824407, -0.082176)",-0.082440655,-0.082176,0.02995708088627774,12,33.33333333333333
recurring_deposit_change_pct,"[-0.082176, -0.0819809)",-0.082176,-0.081980895,0.029683549402093713,12,16.666666666666664
recurring_deposit_change_pct,"[-0.0819809, -0.0818204)",-0.081980895,-0.081820365,0.029683549402093713,12,16.666666666666664
recurring_deposit_change_pct,"[-0.0818204, -0.0816015)",-0.081820365,-0.081601515,0.029683549402093713,12,25.0
recurring_deposit_change_pct,"[-0.0816015, -0.0814664)",-0.081601515,-0.08146643,0.029683549402093713,11,9.090909090909092
recurring_deposit_change_pct,"[-0.0814664, -0.0812784)",-0.08146643,-0.08127844000000001,0.028439971061359013,12,8.333333333333332
recurring_deposit_change_pct,"[-0.0812784, -0.0808999)",-0.08127844000000001,-0.080899895,0.028439971061359013,12,16.666666666666664
recurring_deposit_change_pct,"[-0.0808999, -0.0807161)",-0.080899895,-0.08071614499999999,0.02798229336342435,12,25.0
recurring_deposit_change_pct,"[-0.0807161, -0.0804254)",-0.08071614499999999,-0.080425375,0.027697720263067816,12,8.333333333333332
recurring_deposit_change_pct,"[-0.0804254, -0.0802883)",-0.080425375,-0.08028832999999999,0.027499724796824818,12,16.666666666666664
recurring_deposit_change_pct,"[-0.0802883, -0.0800164)",-0.08028832999999999,-0.08001641000000001,0.027305349701859435,12,16.666666666666664
recurring_deposit_change_pct,"[-0.0800164, -0.0798704)",-0.08001641000000001,-0.079870385,0.027305349701859435,11,18.181818181818183
recurring_deposit_change_pct,"[-0.0798704, -0.0796486)",-0.079870385,-0.07964864499999999,0.027165724745318,12,0.0
recurring_deposit_change_pct,"[-0.0796486, -0.079388)",-0.07964864499999999,-0.07938801,0.026638188058599254,12,16.666666666666664
recurring_deposit_change_pct,"[-0.079388, -0.0791397)",-0.07938801,-0.07913971,0.026638188058599254,12,0.0
recurring_deposit_change_pct,"[-0.0791397, -0.0789325)",-0.07913971,-0.078932475,0.026179268286125327,12,8.333333333333332
recurring_deposit_change_pct,"[-0.0789325, -0.0787255)",-0.078932475,-0.078725495,0.02577921906856324,12,8.333333333333332
recurring_deposit_change_pct,"[-0.0787255, -0.0785128)",-0.078725495,-0.078512845,0.025370460082940298,11,18.181818181818183
recurring_deposit_change_pct,"[-0.0785128, -0.0783477)",-0.078512845,-0.078347685,0.02527141702049817,12,25.0
recurring_deposit_change_pct,"[-0.0783477, -0.078149)",-0.078347685,-0.078148965,0.02488214188142716,12,0.0
recurring_deposit_change_pct,"[-0.078149, -0.0779288)",-0.078148965,-0.07792876,0.02488214188142716,12,25.0
recurring_deposit_change_pct,"[-0.0779288, -0.077733)",-0.07792876,-0.07773302500000001,0.024746569301138836,12,25.0
recurring_deposit_change_pct,"[-0.077733, -0.0775248)",-0.07773302500000001,-0.077524785,0.024374186811217655,12,33.33333333333333
recurring_deposit_change_pct,"[-0.0775248, -0.0772555)",-0.077524785,-0.077255525,0.024374186811217655,12,0.0
recurring_deposit_change_pct,"[-0.0772555, -0.0770654)",-0.077255525,-0.077065415,0.024374186811217655,11,18.181818181818183
recurring_deposit_change_pct,"[-0.0770654, -0.076943)",-0.077065415,-0.07694301,0.024374186811217655,12,8.333333333333332
recurring_deposit_change_pct,"[-0.076943, -0.0768168)",-0.07694301,-0.076816805,0.024124697455676213,12,0.0
recurring_deposit_change_pct,"[-0.0768168, -0.0766806)",-0.076816805,-0.07668061500000001,0.024124697455676213,12,0.0
recurring_deposit_change_pct,"[-0.0766806, -0.0765269)",-0.07668061500000001,-0.07652694500000001,0.024124697455676213,12,25.0
recurring_deposit_change_pct,"[-0.0765269, -0.0763835)",-0.07652694500000001,-0.07638346500000001,0.024124697455676213,12,16.666666666666664
recurring_deposit_change_pct,"[-0.0763835, -0.0762267)",-0.07638346500000001,-0.07622673,0.023703524197182475,11,0.0
recurring_deposit_change_pct,"[-0.0762267, -0.0760224)",-0.07622673,-0.07602243,0.02302806113038413,12,16.666666666666664
recurring_deposit_change_pct,"[-0.0760224, -0.0758664)",-0.07602243,-0.07586643,0.022766872012535366,12,16.666666666666664
recurring_deposit_change_pct,"[-0.0758664, -0.0756957)",-0.07586643,-0.0756957,0.02238743028861232,12,16.666666666666664
recurring_deposit_change_pct,"[-0.0756957, -0.0754509)",-0.0756957,-0.07545094499999999,0.02238743028861232,12,16.666666666666664
recurring_deposit_change_pct,"[-0.0754509, -0.0752675)",-0.07545094499999999,-0.075267465,0.02238743028861232,12,33.33333333333333
recurring_deposit_change_pct,"[-0.0752675, -0.0750187)",-0.075267465,-0.07501866500000001,0.02217163665763708,12,8.333333333333332
recurring_deposit_change_pct,"[-0.0750187, -0.0748372)",-0.07501866500000001,-0.074837185,0.02217163665763708,11,18.181818181818183
recurring_deposit_change_pct,"[-0.0748372, -0.0746507)",-0.074837185,-0.074650705,0.02183875178166286,12,16.666666666666664
recurring_deposit_change_pct,"[-0.0746507, -0.0742695)",-0.074650705,-0.0742695,0.021166850382911568,12,8.333333333333332
recurring_deposit_change_pct,"[-0.0742695, -0.0740472)",-0.0742695,-0.07404722999999999,0.021166850382911568,12,8.333333333333332
recurring_deposit_change_pct,"[-0.0740472, -0.0738626)",-0.07404722999999999,-0.07386261,0.021166850382911568,12,16.666666666666664
recurring_deposit_change_pct,"[-0.0738626, -0.0737503)",-0.07386261,-0.073750275,0.02064774103579689,12,16.666666666666664
recurring_deposit_change_pct,"[-0.0737503, -0.0735917)",-0.073750275,-0.073591665,0.020456599301342512,11,0.0
recurring_deposit_change_pct,"[-0.0735917, -0.0733323)",-0.073591665,-0.07333229,0.020456599301342512,12,0.0
recurring_deposit_change_pct,"[-0.0733323, -0.0729898)",-0.07333229,-0.07298982500000001,0.020456599301342512,12,25.0
recurring_deposit_change_pct,"[-0.0729898, -0.0727549)",-0.07298982500000001,-0.07275487,0.01938488987345399,12,0.0
recurring_deposit_change_pct,"[-0.0727549, -0.0725387)",-0.07275487,-0.07253870500000001,0.01938488987345399,12,8.333333333333332
recurring_deposit_change_pct,"[-0.0725387, -0.0723846)",-0.07253870500000001,-0.072384615,0.01924834128323583,12,8.333333333333332
recurring_deposit_change_pct,"[-0.0723846, -0.0722359)",-0.072384615,-0.072235935,0.018690978497224613,11,18.181818181818183
recurring_deposit_change_pct,"[-0.0722359, -0.0720666)",-0.072235935,-0.07206659,0.017929630647087677,12,16.666666666666664
recurring_deposit_change_pct,"[-0.0720666, -0.0718945)",-0.07206659,-0.07189449,0.017929630647087677,12,8.333333333333332
recurring_deposit_change_pct,"[-0.0718945, -0.0717269)",-0.07189449,-0.07172686,0.017929630647087677,12,0.0
recurring_deposit_change_pct,"[-0.0717269, -0.0715478)",-0.07172686,-0.0715478,0.017929630647087677,12,0.0
recurring_deposit_change_pct,"[-0.0715478, -0.0713121)",-0.0715478,-0.07131209,0.01773092714179888,12,16.666666666666664
recurring_deposit_change_pct,"[-0.0713121, -0.0710449)",-0.07131209,-0.07104486,0.01773092714179888,12,8.333333333333332
recurring_deposit_change_pct,"[-0.0710449, -0.0709251)",-0.07104486,-0.070925145,0.01750697506649427,11,18.181818181818183
recurring_deposit_change_pct,"[-0.0709251, -0.0706859)",-0.070925145,-0.07068592500000001,0.01750697506649427,12,0.0
recurring_deposit_change_pct,"[-0.0706859, -0.070478)",-0.07068592500000001,-0.07047795500000001,0.016627340208436495,12,8.333333333333332
recurring_deposit_change_pct,"[-0.070478, -0.0703534)",-0.07047795500000001,-0.0703534,0.016232672151065962,12,25.0
recurring_deposit_change_pct,"[-0.0703534, -0.0701118)",-0.0703534,-0.07011182,0.016071018083780877,12,16.666666666666664
recurring_deposit_change_pct,"[-0.0701118, -0.069872)",-0.07011182,-0.06987196,0.015520622014512845,12,0.0
recurring_deposit_change_pct,"[-0.069872, -0.069737)",-0.06987196,-0.06973704,0.015097869117761082,11,9.090909090909092
recurring_deposit_change_pct,"[-0.069737, -0.0695348)",-0.06973704,-0.06953479500000001,0.014941078756510965,12,16.666666666666664
recurring_deposit_change_pct,"[-0.0695348, -0.0693056)",-0.06953479500000001,-0.069305565,0.014668374975136294,12,0.0
recurring_deposit_change_pct,"[-0.0693056, -0.0690527)",-0.069305565,-0.069052745,0.014568813745030057,12,16.666666666666664
recurring_deposit_change_pct,"[-0.0690527, -0.068857)",-0.069052745,-0.068856985,0.014385089919275961,12,16.666666666666664
recurring_deposit_change_pct,"[-0.068857, -0.0686127)",-0.068856985,-0.068612695,0.014385089919275961,12,16.666666666666664
recurring_deposit_change_pct,"[-0.0686127, -0.068464)",-0.068612695,-0.068464,0.01403441356178484,12,16.666666666666664
recurring_deposit_change_pct,"[-0.068464, -0.0683596)",-0.068464,-0.06835959999999999,0.01403441356178484,11,18.181818181818183
recurring_deposit_change_pct,"[-0.0683596, -0.0681502)",-0.06835959999999999,-0.06815015499999999,0.01403441356178484,12,16.666666666666664
recurring_deposit_change_pct,"[-0.0681502, -0.067878)",-0.06815015499999999,-0.06787797000000001,0.013331490040378025,12,8.333333333333332
recurring_deposit_change_pct,"[-0.067878, -0.0676367)",-0.06787797000000001,-0.06763667500000001,0.013331490040378025,12,16.666666666666664
recurring_deposit_change_pct,"[-0.0676367, -0.0674186)",-0.06763667500000001,-0.067418585,0.012766368988696255,12,16.666666666666664
recurring_deposit_change_pct,"[-0.0674186, -0.0671791)",-0.067418585,-0.067179075,0.012766368988696255,12,8.333333333333332
recurring_deposit_change_pct,"[-0.0671791, -0.0669295)",-0.067179075,-0.06692948,0.012248531414048684,11,27.27272727272727
recurring_deposit_change_pct,"[-0.0669295, -0.0667001)",-0.06692948,-0.066700145,0.011854010847926229,12,33.33333333333333
recurring_deposit_change_pct,"[-0.0667001, -0.0665012)",-0.066700145,-0.06650115000000001,0.011176895823715218,12,8.333333333333332
recurring_deposit_change_pct,"[-0.0665012, -0.0662136)",-0.06650115000000001,-0.06621360500000001,0.010991868408090643,12,25.0
recurring_deposit_change_pct,"[-0.0662136, -0.065722)",-0.06621360500000001,-0.06572196,0.010840033932800313,12,8.333333333333332
recurring_deposit_change_pct,"[-0.065722, -0.0655152)",-0.06572196,-0.06551521,0.01052371524031107,12,16.666666666666664
recurring_deposit_change_pct,"[-0.0655152, -0.0652565)",-0.06551521,-0.06525648,0.008493953055101535,11,18.181818181818183
recurring_deposit_change_pct,"[-0.0652565, -0.0650261)",-0.06525648,-0.06502606,0.008356535885396078,12,8.333333333333332
recurring_deposit_change_pct,"[-0.0650261, -0.0645894)",-0.06502606,-0.06458935,0.0071907531148211355,12,8.333333333333332
recurring_deposit_change_pct,"[-0.0645894, -0.0643495)",-0.06458935,-0.064349525,0.0071907531148211355,12,16.666666666666664
recurring_deposit_change_pct,"[-0.0643495, -0.0638769)",-0.064349525,-0.06387693,0.007005160291984266,12,0.0
recurring_deposit_change_pct,"[-0.0638769, -0.0635095)",-0.06387693,-0.063509485,0.006566026771438687,12,33.33333333333333
recurring_deposit_change_pct,"[-0.0635095, -0.0632251)",-0.063509485,-0.06322509500000001,0.006246270365154785,12,8.333333333333332
recurring_deposit_change_pct,"[-0.0632251, -0.0629398)",-0.06322509500000001,-0.06293979499999999,0.005776752986809093,11,0.0
recurring_deposit_change_pct,"[-0.0629398, -0.0625829)",-0.06293979499999999,-0.06258288000000001,0.00542018181305197,12,8.333333333333332
recurring_deposit_change_pct,"[-0.0625829, -0.0623673)",-0.06258288000000001,-0.06236728,0.004952719311634815,12,8.333333333333332
recurring_deposit_change_pct,"[-0.0623673, -0.0620641)",-0.06236728,-0.062064074999999996,0.00419478031288062,12,0.0
recurring_deposit_change_pct,"[-0.0620641, -0.0617744)",-0.062064074999999996,-0.0617744,0.00419478031288062,12,0.0
recurring_deposit_change_pct,"[-0.0617744, -0.0614633)",-0.0617744,-0.061463285000000006,0.00419478031288062,12,0.0
recurring_deposit_change_pct,"[-0.0614633, -0.0610143)",-0.061463285000000006,-0.06101429,0.0037460326708825997,11,9.090909090909092
recurring_deposit_change_pct,"[-0.0610143, -0.0606195)",-0.06101429,-0.06061954,0.0035965845031529897,12,8.333333333333332
recurring_deposit_change_pct,"[-0.0606195, -0.0603794)",-0.06061954,-0.06037944,0.0035965845031529897,12,8.333333333333332
recurring_deposit_change_pct,"[-0.0603794, -0.0599416)",-0.06037944,-0.05994158,0.003293516016601933,12,0.0
recurring_deposit_change_pct,"[-0.0599416, -0.0596069)",-0.05994158,-0.059606895,0.0028403911737837854,12,8.333333333333332
recurring_deposit_change_pct,"[-0.0596069, -0.0591988)",-0.059606895,-0.059198799999999996,0.0028403911737837854,12,8.333333333333332
recurring_deposit_change_pct,"[-0.0591988, -0.0587168)",-0.059198799999999996,-0.05871684,0.0026767414825192913,12,25.0
recurring_deposit_change_pct,"[-0.0587168, -0.0582052)",-0.05871684,-0.058205215,0.002215658799018197,11,27.27272727272727
recurring_deposit_change_pct,"[-0.0582052, -0.0578384)",-0.058205215,-0.05783837,0.0017384388500877963,12,16.666666666666664
recurring_deposit_change_pct,"[-0.0578384, -0.0572871)",-0.05783837,-0.057287115,0.0014112147593440304,12,16.666666666666664
recurring_deposit_change_pct,"[-0.0572871, -0.0569535)",-0.057287115,-0.056953464999999995,0.0012154918195727603,12,0.0
recurring_deposit_change_pct,"[-0.0569535, -0.0566199)",-0.056953464999999995,-0.056619855,0.0010689719753106054,12,16.666666666666664
recurring_deposit_change_pct,"[-0.0566199, -0.0561055)",-0.056619855,-0.056105505,0.0010689719753106054,12,8.333333333333332
recurring_deposit_change_pct,"[-0.0561055, -0.0558353)",-0.056105505,-0.055835275,0.0008761638256097591,11,9.090909090909092
recurring_deposit_change_pct,"[-0.0558353, -0.0552725)",-0.055835275,-0.055272525,0.0005912195943130311,12,0.0
recurring_deposit_change_pct,"[-0.0552725, -0.0548648)",-0.055272525,-0.054864825000000006,7.460157096688357e-05,12,16.666666666666664
recurring_deposit_change_pct,"[-0.0548648, -0.0542681)",-0.054864825000000006,-0.0542681,-0.000590916650523235,12,33.33333333333333
recurring_deposit_change_pct,"[-0.0542681, -0.0538545)",-0.0542681,-0.0538545,-0.0013400181458530637,12,16.666666666666664
recurring_deposit_change_pct,"[-0.0538545, -0.0533863)",-0.0538545,-0.053386345,-0.0013400181458530637,12,0.0
recurring_deposit_change_pct,"[-0.0533863, -0.053114)",-0.053386345,-0.05311401,-0.00142787214790598,12,16.666666666666664
recurring_deposit_change_pct,"[-0.053114, -0.0528544)",-0.05311401,-0.052854410000000004,-0.0018849146736195335,11,27.27272727272727
recurring_deposit_change_pct,"[-0.0528544, -0.0523633)",-0.052854410000000004,-0.052363255,-0.002253760106613452,12,16.666666666666664
recurring_deposit_change_pct,"[-0.0523633, -0.0517229)",-0.052363255,-0.051722855,-0.002519951182060738,12,0.0
recurring_deposit_change_pct,"[-0.0517229, -0.0513647)",-0.051722855,-0.051364695,-0.002519951182060738,12,8.333333333333332
recurring_deposit_change_pct,"[-0.0513647, -0.0509895)",-0.051364695,-0.05098946,-0.0030429898154308594,12,33.33333333333333
recurring_deposit_change_pct,"[-0.0509895, -0.050656)",-0.05098946,-0.050655950000000005,-0.0033165628881539136,12,16.666666666666664
recurring_deposit_change_pct,"[-0.050656, -0.0502813)",-0.050655950000000005,-0.05028127,-0.003525927807581617,11,18.181818181818183
recurring_deposit_change_pct,"[-0.0502813, -0.049817)",-0.05028127,-0.04981697,-0.003685654513816486,12,8.333333333333332
recurring_deposit_change_pct,"[-0.049817, -0.0492982)",-0.04981697,-0.0492982,-0.0038369554244096346,12,8.333333333333332
recurring_deposit_change_pct,"[-0.0492982, -0.0488965)",-0.0492982,-0.04889646,-0.0038369554244096346,12,0.0
recurring_deposit_change_pct,"[-0.0488965, -0.0483959)",-0.04889646,-0.04839588,-0.0038369554244096346,12,16.666666666666664
recurring_deposit_change_pct,"[-0.0483959, -0.0479062)",-0.04839588,-0.04790624,-0.0038369554244096346,12,25.0
recurring_deposit_change_pct,"[-0.0479062, -0.0476387)",-0.04790624,-0.047638735,-0.004784883933875628,11,0.0
recurring_deposit_change_pct,"[-0.0476387, -0.0472092)",-0.047638735,-0.047209219999999996,-0.005298778962236437,12,16.666666666666664
recurring_deposit_change_pct,"[-0.0472092, -0.0468452)",-0.047209219999999996,-0.04684515,-0.005512077544273814,12,8.333333333333332
recurring_deposit_change_pct,"[-0.0468452, -0.0462415)",-0.04684515,-0.046241455,-0.005927353020689371,12,33.33333333333333
recurring_deposit_change_pct,"[-0.0462415, -0.0459663)",-0.046241455,-0.04596629,-0.005927353020689371,12,25.0
recurring_deposit_change_pct,"[-0.0459663, -0.0455829)",-0.04596629,-0.04558293,-0.006189400082298216,12,8.333333333333332
recurring_deposit_change_pct,"[-0.0455829, -0.0449944)",-0.04558293,-0.04499438,-0.00631619800561033,12,8.333333333333332
recurring_deposit_change_pct,"[-0.0449944, -0.0445778)",-0.04499438,-0.04457778,-0.006436977625655458,11,0.0
recurring_deposit_change_pct,"[-0.0445778, -0.0439512)",-0.04457778,-0.04395117,-0.00698889904668518,12,8.333333333333332
recurring_deposit_change_pct,"[-0.0439512, -0.0434716)",-0.04395117,-0.04347162,-0.007458014282443085,12,16.666666666666664
recurring_deposit_change_pct,"[-0.0434716, -0.0428187)",-0.04347162,-0.042818655,-0.00790363584981508,12,8.333333333333332
recurring_deposit_change_pct,"[-0.0428187, -0.042299)",-0.042818655,-0.04229897,-0.00790363584981508,12,0.0
recurring_deposit_change_pct,"[-0.042299, -0.0420326)",-0.04229897,-0.04203263,-0.00790363584981508,12,25.0
recurring_deposit_change_pct,"[-0.0420326, -0.0418255)",-0.04203263,-0.041825509999999996,-0.00790363584981508,11,18.181818181818183
recurring_deposit_change_pct,"[-0.0418255, -0.0413274)",-0.041825509999999996,-0.041327445,-0.008168108154875878,12,16.666666666666664
recurring_deposit_change_pct,"[-0.0413274, -0.0408482)",-0.041327445,-0.040848165,-0.008382890316413762,12,0.0
recurring_deposit_change_pct,"[-0.0408482, -0.0403512)",-0.040848165,-0.04035119,-0.008382890316413762,12,25.0
recurring_deposit_change_pct,"[-0.0403512, -0.039862)",-0.04035119,-0.039861985,-0.008732178955963397,12,8.333333333333332
recurring_deposit_change_pct,"[-0.039862, -0.0394208)",-0.039861985,-0.039420805,-0.008935589438886293,12,8.333333333333332
recurring_deposit_change_pct,"[-0.0394208, -0.0390117)",-0.039420805,-0.03901168,-0.009132966107405542,12,8.333333333333332
recurring_deposit_change_pct,"[-0.0390117, -0.0384194)",-0.03901168,-0.038419415,-0.009305090776865048,11,9.090909090909092
recurring_deposit_change_pct,"[-0.0384194, -0.037858)",-0.038419415,-0.03785802,-0.009305090776865048,12,8.333333333333332
recurring_deposit_change_pct,"[-0.037858, -0.0372645)",-0.03785802,-0.03726454,-0.009659246827568756,12,16.666666666666664
recurring_deposit_change_pct,"[-0.0372645, -0.0368173)",-0.03726454,-0.036817265,-0.009987294095821712,12,8.333333333333332
recurring_deposit_change_pct,"[-0.0368173, -0.0363552)",-0.036817265,-0.036355195,-0.010357467417184808,12,0.0
recurring_deposit_change_pct,"[-0.0363552, -0.0358347)",-0.036355195,-0.03583471,-0.010537712716038008,12,8.333333333333332
recurring_deposit_change_pct,"[-0.0358347, -0.0354271)",-0.03583471,-0.035427145,-0.010537712716038008,11,9.090909090909092
recurring_deposit_change_pct,"[-0.0354271, -0.0348075)",-0.035427145,-0.034807515,-0.010537712716038008,12,25.0
recurring_deposit_change_pct,"[-0.0348075, -0.0343895)",-0.034807515,-0.0343895,-0.011038226277541415,12,33.33333333333333
recurring_deposit_change_pct,"[-0.0343895, -0.0339533)",-0.0343895,-0.033953255,-0.011038226277541415,12,0.0
recurring_deposit_change_pct,"[-0.0339533, -0.0336239)",-0.033953255,-0.033623895,-0.011038226277541415,12,8.333333333333332
recurring_deposit_change_pct,"[-0.0336239, -0.0329765)",-0.033623895,-0.032976515,-0.011186545304435656,12,8.333333333333332
recurring_deposit_change_pct,"[-0.0329765, -0.0323287)",-0.032976515,-0.03232873,-0.011186545304435656,12,8.333333333333332
recurring_deposit_change_pct,"[-0.0323287, -0.0320007)",-0.03232873,-0.032000715,-0.011186545304435656,11,0.0
recurring_deposit_change_pct,"[-0.0320007, -0.0317877)",-0.032000715,-0.031787705,-0.011833228550896838,12,8.333333333333332
recurring_deposit_change_pct,"[-0.0317877, -0.0312975)",-0.031787705,-0.031297485,-0.011833228550896838,12,41.66666666666667
recurring_deposit_change_pct,"[-0.0312975, -0.0309712)",-0.031297485,-0.03097118,-0.012565608737615782,12,25.0
recurring_deposit_change_pct,"[-0.0309712, -0.0306241)",-0.03097118,-0.030624085000000002,-0.013131923256098828,12,0.0
recurring_deposit_change_pct,"[-0.0306241, -0.0301363)",-0.030624085000000002,-0.03013628,-0.013131923256098828,12,8.333333333333332
recurring_deposit_change_pct,"[-0.0301363, -0.0297368)",-0.03013628,-0.029736775,-0.014174063797962988,11,27.27272727272727
recurring_deposit_change_pct,"[-0.0297368, -0.029349)",-0.029736775,-0.029349005,-0.014522659084050725,12,8.333333333333332
recurring_deposit_change_pct,"[-0.029349, -0.0288322)",-0.029349005,-0.02883223,-0.015138248493991728,12,25.0
recurring_deposit_change_pct,"[-0.0288322, -0.0283093)",-0.02883223,-0.028309340000000002,-0.015283779131805317,12,8.333333333333332
recurring_deposit_change_pct,"[-0.0283093, -0.0279021)",-0.028309340000000002,-0.02790207,-0.015705228301036586,12,8.333333333333332
recurring_deposit_change_pct,"[-0.0279021, -0.0273584)",-0.02790207,-0.02735839,-0.015876615054157266,12,8.333333333333332
recurring_deposit_change_pct,"[-0.0273584, -0.0271626)",-0.02735839,-0.02716257,-0.016010036746236793,11,9.090909090909092
recurring_deposit_change_pct,"[-0.0271626, -0.0265163)",-0.02716257,-0.026516265,-0.016184386720914254,12,16.666666666666664
recurring_deposit_change_pct,"[-0.0265163, -0.0261894)",-0.026516265,-0.02618945,-0.016704191141476154,12,0.0
recurring_deposit_change_pct,"[-0.0261894, -0.0258332)",-0.02618945,-0.025833215,-0.01719090508856448,12,16.666666666666664
recurring_deposit_change_pct,"[-0.0258332, -0.0254809)",-0.025833215,-0.0254809,-0.017837906394563015,12,16.666666666666664
recurring_deposit_change_pct,"[-0.0254809, -0.0250315)",-0.0254809,-0.025031485,-0.017953273265470544,12,8.333333333333332
recurring_deposit_change_pct,"[-0.0250315, -0.024576)",-0.025031485,-0.02457597,-0.017953273265470544,12,25.0
recurring_deposit_change_pct,"[-0.024576, -0.0243097)",-0.02457597,-0.02430968,-0.01823086737382393,11,27.27272727272727
recurring_deposit_change_pct,"[-0.0243097, -0.0240115)",-0.02430968,-0.02401145,-0.01823086737382393,12,0.0
recurring_deposit_change_pct,"[-0.0240115, -0.0235999)",-0.02401145,-0.023599855,-0.018504247650896415,12,8.333333333333332
recurring_deposit_change_pct,"[-0.0235999, -0.0232807)",-0.023599855,-0.023280665,-0.01914985613045412,12,25.0
recurring_deposit_change_pct,"[-0.0232807, -0.023037)",-0.023280665,-0.02303699,-0.01914985613045412,12,0.0
recurring_deposit_change_pct,"[-0.023037, -0.0226727)",-0.02303699,-0.022672650000000003,-0.01914985613045412,12,8.333333333333332
recurring_deposit_change_pct,"[-0.0226727, -0.0222695)",-0.022672650000000003,-0.022269505000000002,-0.01932763374847051,11,0.0
recurring_deposit_change_pct,"[-0.0222695, -0.0219918)",-0.022269505000000002,-0.021991845,-0.01954839843071174,12,16.666666666666664
recurring_deposit_change_pct,"[-0.0219918, -0.0216045)",-0.021991845,-0.021604455,-0.01997389335816304,12,16.666666666666664
recurring_deposit_change_pct,"[-0.0216045, -0.0213702)",-0.021604455,-0.0213702,-0.020210384263720717,12,8.333333333333332
recurring_deposit_change_pct,"[-0.0213702, -0.0211702)",-0.0213702,-0.021170235,-0.020210384263720717,12,25.0
recurring_deposit_change_pct,"[-0.0211702, -0.0208813)",-0.021170235,-0.020881255,-0.020210384263720717,12,8.333333333333332
recurring_deposit_change_pct,"[-0.0208813, -0.0204732)",-0.020881255,-0.020473215,-0.02069212801032668,12,0.0
recurring_deposit_change_pct,"[-0.0204732, -0.0201177)",-0.020473215,-0.020117735,-0.02069212801032668,12,16.666666666666664
recurring_deposit_change_pct,"[-0.0201177, -0.0197641)",-0.020117735,-0.01976408,-0.02069212801032668,12,16.666666666666664
recurring_deposit_change_pct,"[-0.0197641, -0.0194895)",-0.01976408,-0.01948951,-0.020945674115354487,12,16.666666666666664
recurring_deposit_change_pct,"[-0.0194895, -0.0191948)",-0.01948951,-0.019194835,-0.021249175243035087,12,25.0
recurring_deposit_change_pct,"[-0.0191948, -0.018978)",-0.019194835,-0.01897798,-0.021557525553509628,12,0.0
recurring_deposit_change_pct,"[-0.018978, -0.0186909)",-0.01897798,-0.01869094,-0.02185583891844081,12,8.333333333333332
recurring_deposit_change_pct,"[-0.0186909, -0.0183801)",-0.01869094,-0.01838014,-0.022064588184039655,12,8.333333333333332
recurring_deposit_change_pct,"[-0.0183801, -0.018033)",-0.01838014,-0.018033015,-0.022064588184039655,12,0.0
recurring_deposit_change_pct,"[-0.018033, -0.0177401)",-0.018033015,-0.017740115,-0.022203985987126144,12,8.333333333333332
recurring_deposit_change_pct,"[-0.0177401, -0.0176138)",-0.017740115,-0.01761376,-0.022203985987126144,12,16.666666666666664
recurring_deposit_change_pct,"[-0.0176138, -0.0174413)",-0.01761376,-0.01744126,-0.022203985987126144,11,9.090909090909092
recurring_deposit_change_pct,"[-0.0174413, -0.0171835)",-0.01744126,-0.01718348,-0.022419604797289314,11,18.181818181818183
recurring_deposit_change_pct,"[-0.0171835, -0.0169621)",-0.01718348,-0.016962095,-0.022419604797289314,11,18.181818181818183
recurring_deposit_change_pct,"[-0.0169621, -0.0167848)",-0.016962095,-0.016784785,-0.022751995198987827,12,8.333333333333332
recurring_deposit_change_pct,"[-0.0167848, -0.0165285)",-0.016784785,-0.01652849,-0.022751995198987827,12,16.666666666666664
recurring_deposit_change_pct,"[-0.0165285, -0.0163312)",-0.01652849,-0.016331235,-0.022895229613401846,12,16.666666666666664
recurring_deposit_change_pct,"[-0.0163312, -0.0160985)",-0.016331235,-0.016098454999999998,-0.022895229613401846,12,0.0
recurring_deposit_change_pct,"[-0.0160985, -0.0158012)",-0.016098454999999998,-0.0158012,-0.02329096888263406,12,8.333333333333332
recurring_deposit_change_pct,"[-0.0158012, -0.0156572)",-0.0158012,-0.015657200000000003,-0.02329096888263406,12,25.0
recurring_deposit_change_pct,"[-0.0156572, -0.0154178)",-0.015657200000000003,-0.015417759999999999,-0.023533572034802924,11,9.090909090909092
recurring_deposit_change_pct,"[-0.0154178, -0.0152669)",-0.015417759999999999,-0.015266905,-0.023533572034802924,12,25.0
recurring_deposit_change_pct,"[-0.0152669, -0.015093)",-0.015266905,-0.015093005,-0.023533572034802924,12,16.666666666666664
recurring_deposit_change_pct,"[-0.015093, -0.014963)",-0.015093005,-0.014962975,-0.024119266470821528,12,16.666666666666664
recurring_deposit_change_pct,"[-0.014963, -0.0148491)",-0.014962975,-0.014849065000000002,-0.02421152438951147,12,8.333333333333332
recurring_deposit_change_pct,"[-0.0148491, -0.0146107)",-0.014849065000000002,-0.014610695,-0.024384862859118322,12,25.0
recurring_deposit_change_pct,"[-0.0146107, -0.0144854)",-0.014610695,-0.014485385,-0.024549013325199598,11,0.0
recurring_deposit_change_pct,"[-0.0144854, -0.0143495)",-0.014485385,-0.014349535,-0.024549013325199598,12,8.333333333333332
recurring_deposit_change_pct,"[-0.0143495, -0.0141344)",-0.014349535,-0.014134405,-0.02467349161662822,12,0.0
recurring_deposit_change_pct,"[-0.0141344, -0.0139458)",-0.014134405,-0.013945815,-0.02480036313114687,12,16.666666666666664
recurring_deposit_change_pct,"[-0.0139458, -0.0137554)",-0.013945815,-0.013755375,-0.02560346611474532,12,8.333333333333332
recurring_deposit_change_pct,"[-0.0137554, -0.0135904)",-0.013755375,-0.013590355,-0.025790964425967865,12,0.0
recurring_deposit_change_pct,"[-0.0135904, -0.0133834)",-0.013590355,-0.013383405000000001,-0.02594960189358077,12,25.0
recurring_deposit_change_pct,"[-0.0133834, -0.0132536)",-0.013383405000000001,-0.0132536,-0.026052131811414456,11,9.090909090909092
recurring_deposit_change_pct,"[-0.0132536, -0.0130831)",-0.0132536,-0.01308305,-0.026052131811414456,12,0.0
recurring_deposit_change_pct,"[-0.0130831, -0.0129641)",-0.01308305,-0.012964070000000001,-0.026466534625919375,12,16.666666666666664
recurring_deposit_change_pct,"[-0.0129641, -0.0127667)",-0.012964070000000001,-0.012766705,-0.026466534625919375,12,0.0
recurring_deposit_change_pct,"[-0.0127667, -0.0125948)",-0.012766705,-0.01259475,-0.026894778119887303,12,25.0
recurring_deposit_change_pct,"[-0.0125948, -0.0124046)",-0.01259475,-0.0124046,-0.027189015703070862,12,8.333333333333332
recurring_deposit_change_pct,"[-0.0124046, -0.0122912)",-0.0124046,-0.012291215000000001,-0.027696824208821545,11,18.181818181818183
recurring_deposit_change_pct,"[-0.0122912, -0.0121499)",-0.012291215000000001,-0.012149915,-0.027825445939932827,12,33.33333333333333
recurring_deposit_change_pct,"[-0.0121499, -0.012022)",-0.012149915,-0.012022000000000001,-0.027973316819110076,12,8.333333333333332
recurring_deposit_change_pct,"[-0.012022, -0.0119338)",-0.012022000000000001,-0.011933785,-0.028222872036583208,12,0.0
recurring_deposit_change_pct,"[-0.0119338, -0.0118236)",-0.011933785,-0.01182365,-0.028222872036583208,12,8.333333333333332
recurring_deposit_change_pct,"[-0.0118236, -0.0116562)",-0.01182365,-0.011656225,-0.028365526734061935,12,8.333333333333332
recurring_deposit_change_pct,"[-0.0116562, -0.0115146)",-0.011656225,-0.011514585,-0.02848022050658053,12,33.33333333333333
recurring_deposit_change_pct,"[-0.0115146, -0.0114604)",-0.011514585,-0.011460399999999999,-0.028935038571044815,11,18.181818181818183
recurring_deposit_change_pct,"[-0.0114604, -0.0113139)",-0.011460399999999999,-0.01131388,-0.028935038571044815,12,8.333333333333332
recurring_deposit_change_pct,"[-0.0113139, -0.0111536)",-0.01131388,-0.01115357,-0.028935038571044815,12,8.333333333333332
recurring_deposit_change_pct,"[-0.0111536, -0.0109667)",-0.01115357,-0.010966725,-0.028935038571044815,12,25.0
recurring_deposit_change_pct,"[-0.0109667, -0.0108439)",-0.010966725,-0.010843865,-0.028935038571044815,12,16.666666666666664
recurring_deposit_change_pct,"[-0.0108439, -0.0107711)",-0.010843865,-0.010771099999999999,-0.029073630128655076,12,0.0
recurring_deposit_change_pct,"[-0.0107711, -0.0107064)",-0.010771099999999999,-0.010706415,-0.029395384579072106,12,0.0
recurring_deposit_change_pct,"[-0.0107064, -0.0105666)",-0.010706415,-0.010566645,-0.029571774455111548,12,25.0
recurring_deposit_change_pct,"[-0.0105666, -0.010444)",-0.010566645,-0.010443995000000001,-0.029866509913633918,12,41.66666666666667
recurring_deposit_change_pct,"[-0.010444, -0.0103276)",-0.010443995000000001,-0.01032758,-0.029986369620695376,12,0.0
recurring_deposit_change_pct,"[-0.0103276, -0.0101317)",-0.01032758,-0.010131735,-0.030294707971055733,12,8.333333333333332
recurring_deposit_change_pct,"[-0.0101317, -0.0100362)",-0.010131735,-0.010036215000000001,-0.030294707971055733,11,27.27272727272727
recurring_deposit_change_pct,"[-0.0100362, -0.00991143)",-0.010036215000000001,-0.009911429999999999,-0.03085584865195388,11,9.090909090909092
recurring_deposit_change_pct,"[-0.00991143, -0.00978609)",-0.009911429999999999,-0.009786095,-0.03096149068745428,12,8.333333333333332
recurring_deposit_change_pct,"[-0.00978609, -0.00970239)",-0.009786095,-0.009702385000000001,-0.03096149068745428,12,0.0
recurring_deposit_change_pct,"[-0.00970239, -0.00958534)",-0.009702385000000001,-0.009585344999999999,-0.031355037545249466,12,8.333333333333332
recurring_deposit_change_pct,"[-0.00958534, -0.00950404)",-0.009585344999999999,-0.00950404,-0.031355037545249466,12,0.0
recurring_deposit_change_pct,"[-0.00950404, -0.00940645)",-0.00950404,-0.00940645,-0.03150371061627076,12,8.333333333333332
recurring_deposit_change_pct,"[-0.00940645, -0.00930081)",-0.00940645,-0.00930081,-0.03172659545413115,12,0.0
recurring_deposit_change_pct,"[-0.00930081, -0.00922241)",-0.00930081,-0.00922241,-0.03219637505225387,11,9.090909090909092
recurring_deposit_change_pct,"[-0.00922241, -0.00911821)",-0.00922241,-0.009118205,-0.03268970849011255,12,0.0
recurring_deposit_change_pct,"[-0.00911821, -0.00900754)",-0.009118205,-0.009007535,-0.03268970849011255,12,0.0
recurring_deposit_change_pct,"[-0.00900754, -0.00892332)",-0.009007535,-0.008923325,-0.03281383093112174,12,16.666666666666664
recurring_deposit_change_pct,"[-0.00892332, -0.00882536)",-0.008923325,-0.00882536,-0.03281383093112174,12,0.0
recurring_deposit_change_pct,"[-0.00882536, -0.00874066)",-0.00882536,-0.00874066,-0.03281383093112174,12,8.333333333333332
recurring_deposit_change_pct,"[-0.00874066, -0.00862089)",-0.00874066,-0.008620895,-0.033950816408776896,11,9.090909090909092
recurring_deposit_change_pct,"[-0.00862089, -0.00844697)",-0.008620895,-0.00844697,-0.033950816408776896,12,16.666666666666664
recurring_deposit_change_pct,"[-0.00844697, -0.0083077)",-0.00844697,-0.008307700000000001,-0.03431891598594384,12,16.666666666666664
recurring_deposit_change_pct,"[-0.0083077, -0.00822861)",-0.008307700000000001,-0.008228615,-0.03431891598594384,12,8.333333333333332
recurring_deposit_change_pct,"[-0.00822861, -0.00809786)",-0.008228615,-0.008097865,-0.03443140541513969,12,16.666666666666664
recurring_deposit_change_pct,"[-0.00809786, -0.00796782)",-0.008097865,-0.00796782,-0.0347173169608208,12,0.0
recurring_deposit_change_pct,"[-0.00796782, -0.00782786)",-0.00796782,-0.007827865,-0.035157253579796446,11,18.181818181818183
recurring_deposit_change_pct,"[-0.00782786, -0.00773488)",-0.007827865,-0.007734875,-0.0354672192915781,12,0.0
recurring_deposit_change_pct,"[-0.00773488, -0.00761042)",-0.007734875,-0.00761042,-0.0354672192915781,12,16.666666666666664
recurring_deposit_change_pct,"[-0.00761042, -0.00751242)",-0.00761042,-0.0075124200000000006,-0.0354672192915781,12,0.0
recurring_deposit_change_pct,"[-0.00751242, -0.00741108)",-0.0075124200000000006,-0.0074110800000000004,-0.0354672192915781,12,16.666666666666664
recurring_deposit_change_pct,"[-0.00741108, -0.00728941)",-0.0074110800000000004,-0.00728941,-0.03560576569551896,12,0.0
recurring_deposit_change_pct,"[-0.00728941, -0.00718124)",-0.00728941,-0.00718124,-0.03560576569551896,11,0.0
recurring_deposit_change_pct,"[-0.00718124, -0.00703735)",-0.00718124,-0.007037345,-0.03568131618437845,12,8.333333333333332
recurring_deposit_change_pct,"[-0.00703735, -0.00692424)",-0.007037345,-0.006924235000000001,-0.03598782656317761,12,0.0
recurring_deposit_change_pct,"[-0.00692424, -0.00685593)",-0.006924235000000001,-0.00685593,-0.0361336057919517,12,0.0
recurring_deposit_change_pct,"[-0.00685593, -0.00676922)",-0.00685593,-0.006769215,-0.036193032994680546,12,0.0
recurring_deposit_change_pct,"[-0.00676922, -0.00670254)",-0.006769215,-0.00670254,-0.03634986555940567,12,8.333333333333332
recurring_deposit_change_pct,"[-0.00670254, -0.00657422)",-0.00670254,-0.00657422,-0.036731891789613474,12,8.333333333333332
recurring_deposit_change_pct,"[-0.00657422, -0.00645074)",-0.00657422,-0.006450745,-0.036848886984675505,11,18.181818181818183
recurring_deposit_change_pct,"[-0.00645074, -0.00638201)",-0.006450745,-0.0063820100000000005,-0.037070902609678824,12,16.666666666666664
recurring_deposit_change_pct,"[-0.00638201, -0.00626461)",-0.0063820100000000005,-0.00626461,-0.03712771479981264,12,25.0
recurring_deposit_change_pct,"[-0.00626461, -0.00617749)",-0.00626461,-0.00617749,-0.03727753381991704,12,8.333333333333332
recurring_deposit_change_pct,"[-0.00617749, -0.00612938)",-0.00617749,-0.006129375,-0.03757576259121275,12,16.666666666666664
recurring_deposit_change_pct,"[-0.00612938, -0.00607169)",-0.006129375,-0.006071689999999999,-0.03757576259121275,12,16.666666666666664
recurring_deposit_change_pct,"[-0.00607169, -0.00599992)",-0.006071689999999999,-0.005999925,-0.03779178139686734,11,9.090909090909092
recurring_deposit_change_pct,"[-0.00599992, -0.00595049)",-0.005999925,-0.005950485,-0.03818906278379266,12,16.666666666666664
recurring_deposit_change_pct,"[-0.00595049, -0.00583013)",-0.005950485,-0.005830125,-0.03829691412817094,12,0.0
recurring_deposit_change_pct,"[-0.00583013, -0.00570871)",-0.005830125,-0.005708715,-0.03829691412817094,12,33.33333333333333
recurring_deposit_change_pct,"[-0.00570871, -0.00561571)",-0.005708715,-0.005615705,-0.038405439346122984,12,33.33333333333333
recurring_deposit_change_pct,"[-0.00561571, -0.00552872)",-0.005615705,-0.005528715,-0.0387196623543231,12,8.333333333333332
recurring_deposit_change_pct,"[-0.00552872, -0.00544129)",-0.005528715,-0.0054412850000000006,-0.0387196623543231,11,9.090909090909092
recurring_deposit_change_pct,"[-0.00544129, -0.005341)",-0.0054412850000000006,-0.005341,-0.03881155294744896,12,0.0
recurring_deposit_change_pct,"[-0.005341, -0.00528425)",-0.005341,-0.00528425,-0.03900550227070029,12,8.333333333333332
recurring_deposit_change_pct,"[-0.00528425, -0.00521438)",-0.00528425,-0.00521438,-0.03900550227070029,12,16.666666666666664
recurring_deposit_change_pct,"[-0.00521438, -0.00510531)",-0.00521438,-0.00510531,-0.03911308716811984,12,8.333333333333332
recurring_deposit_change_pct,"[-0.00510531, -0.00503609)",-0.00510531,-0.005036095,-0.03938572808539284,12,8.333333333333332
recurring_deposit_change_pct,"[-0.00503609, -0.00496931)",-0.005036095,-0.004969305,-0.03938572808539284,12,16.666666666666664
recurring_deposit_change_pct,"[-0.00496931, -0.00488939)",-0.004969305,-0.00488939,-0.0397239980274038,11,9.090909090909092
recurring_deposit_change_pct,"[-0.00488939, -0.00482458)",-0.00488939,-0.004824584999999999,-0.0397239980274038,12,8.333333333333332
recurring_deposit_change_pct,"[-0.00482458, -0.00468447)",-0.004824584999999999,-0.0046844650000000005,-0.04017837155523553,12,0.0
recurring_deposit_change_pct,"[-0.00468447, -0.00458268)",-0.0046844650000000005,-0.0045826849999999995,-0.04017837155523553,12,0.0
recurring_deposit_change_pct,"[-0.00458268, -0.00446235)",-0.0045826849999999995,-0.0044623549999999994,-0.04017837155523553,12,8.333333333333332
recurring_deposit_change_pct,"[-0.00446235, -0.00439836)",-0.0044623549999999994,-0.004398365,-0.04017837155523553,12,16.666666666666664
recurring_deposit_change_pct,"[-0.00439836, -0.00428232)",-0.004398365,-0.004282315,-0.04024670049286565,11,18.181818181818183
recurring_deposit_change_pct,"[-0.00428232, -0.00420366)",-0.004282315,-0.00420366,-0.04036612881634487,12,8.333333333333332
recurring_deposit_change_pct,"[-0.00420366, -0.00415464)",-0.00420366,-0.00415464,-0.04036612881634487,12,16.666666666666664
recurring_deposit_change_pct,"[-0.00415464, -0.00404954)",-0.00415464,-0.00404954,-0.04036612881634487,12,0.0
recurring_deposit_change_pct,"[-0.00404954, -0.00394676)",-0.00404954,-0.003946765,-0.04036612881634487,12,25.0
recurring_deposit_change_pct,"[-0.00394676, -0.00385869)",-0.003946765,-0.00385869,-0.040593942016363654,12,8.333333333333332
recurring_deposit_change_pct,"[-0.00385869, -0.00379053)",-0.00385869,-0.00379053,-0.040593942016363654,12,8.333333333333332
recurring_deposit_change_pct,"[-0.00379053, -0.003717)",-0.00379053,-0.003717005,-0.040593942016363654,11,18.181818181818183
recurring_deposit_change_pct,"[-0.003717, -0.0036466)",-0.003717005,-0.003646605,-0.040814595368108955,12,16.666666666666664
recurring_deposit_change_pct,"[-0.0036466, -0.00356832)",-0.003646605,-0.003568325,-0.041036679489843464,12,8.333333333333332
recurring_deposit_change_pct,"[-0.00356832, -0.00348369)",-0.003568325,-0.0034836900000000002,-0.041370749106151065,12,8.333333333333332
recurring_deposit_change_pct,"[-0.00348369, -0.00341756)",-0.0034836900000000002,-0.00341756,-0.04144662801514818,12,8.333333333333332
recurring_deposit_change_pct,"[-0.00341756, -0.00337144)",-0.00341756,-0.003371445,-0.041711270539945784,12,33.33333333333333
recurring_deposit_change_pct,"[-0.00337144, -0.00329846)",-0.003371445,-0.00329846,-0.04222278132473579,11,9.090909090909092
recurring_deposit_change_pct,"[-0.00329846, -0.00322623)",-0.00329846,-0.003226225,-0.042376159235292664,12,25.0
recurring_deposit_change_pct,"[-0.00322623, -0.00314224)",-0.003226225,-0.00314224,-0.042376159235292664,12,8.333333333333332
recurring_deposit_change_pct,"[-0.00314224, -0.00303831)",-0.00314224,-0.00303831,-0.04243310837046559,12,8.333333333333332
recurring_deposit_change_pct,"[-0.00303831, -0.00297652)",-0.00303831,-0.00297652,-0.042512332460801945,12,16.666666666666664
recurring_deposit_change_pct,"[-0.00297652, -0.00290008)",-0.00297652,-0.0029000750000000002,-0.04265844850725557,12,16.666666666666664
recurring_deposit_change_pct,"[-0.00290008, -0.00285728)",-0.0029000750000000002,-0.0028572800000000002,-0.04265844850725557,11,0.0
recurring_deposit_change_pct,"[-0.00285728, -0.00278555)",-0.0028572800000000002,-0.0027855450000000004,-0.04292209353694714,12,8.333333333333332
recurring_deposit_change_pct,"[-0.00278555, -0.00273785)",-0.0027855450000000004,-0.002737845,-0.04292209353694714,12,33.33333333333333
recurring_deposit_change_pct,"[-0.00273785, -0.0026718)",-0.002737845,-0.0026718,-0.04315824945927846,12,16.666666666666664
recurring_deposit_change_pct,"[-0.0026718, -0.00261865)",-0.0026718,-0.00261865,-0.04332843446894174,12,16.666666666666664
recurring_deposit_change_pct,"[-0.00261865, -0.0025422)",-0.00261865,-0.0025422049999999996,-0.043398808420701346,12,0.0
recurring_deposit_change_pct,"[-0.0025422, -0.00247269)",-0.0025422049999999996,-0.00247269,-0.043437821305985135,12,8.333333333333332
recurring_deposit_change_pct,"[-0.00247269, -0.00241902)",-0.00247269,-0.00241902,-0.043437821305985135,11,9.090909090909092
recurring_deposit_change_pct,"[-0.00241902, -0.00235939)",-0.00241902,-0.0023593850000000003,-0.043437821305985135,12,8.333333333333332
recurring_deposit_change_pct,"[-0.00235939, -0.00227713)",-0.0023593850000000003,-0.002277125,-0.04368490060364258,12,8.333333333333332
recurring_deposit_change_pct,"[-0.00227713, -0.00213783)",-0.002277125,-0.0021378250000000003,-0.04383612861678932,12,0.0
recurring_deposit_change_pct,"[-0.00213783, -0.00201171)",-0.0021378250000000003,-0.00201171,-0.044003590801527354,12,0.0
recurring_deposit_change_pct,"[-0.00201171, -0.00194493)",-0.00201171,-0.00194493,-0.044003590801527354,12,8.333333333333332
recurring_deposit_change_pct,"[-0.00194493, -0.00189864)",-0.00194493,-0.001898635,-0.044003590801527354,11,27.27272727272727
recurring_deposit_change_pct,"[-0.00189864, -0.00180549)",-0.001898635,-0.0018054899999999999,-0.04405814492681537,12,8.333333333333332
recurring_deposit_change_pct,"[-0.00180549, -0.00172972)",-0.0018054899999999999,-0.0017297150000000002,-0.04405814492681537,12,0.0
recurring_deposit_change_pct,"[-0.00172972, -0.00167455)",-0.0017297150000000002,-0.00167455,-0.0442363821339267,12,16.666666666666664
recurring_deposit_change_pct,"[-0.00167455, -0.00162408)",-0.00167455,-0.001624085,-0.0442363821339267,12,8.333333333333332
recurring_deposit_change_pct,"[-0.00162408, -0.00156247)",-0.001624085,-0.0015624699999999998,-0.0442363821339267,12,8.333333333333332
recurring_deposit_change_pct,"[-0.00156247, -0.00148426)",-0.0015624699999999998,-0.0014842649999999998,-0.04472114280837702,12,16.666666666666664
recurring_deposit_change_pct,"[-0.00148426, -0.0014346)",-0.0014842649999999998,-0.0014346,-0.04494347372062765,11,9.090909090909092
recurring_deposit_change_pct,"[-0.0014346, -0.00130921)",-0.0014346,-0.0013092149999999999,-0.045110168591432326,12,8.333333333333332
recurring_deposit_change_pct,"[-0.00130921, -0.0012753)",-0.0013092149999999999,-0.0012753,-0.04521079071144057,12,16.666666666666664
recurring_deposit_change_pct,"[-0.0012753, -0.00124774)",-0.0012753,-0.001247735,-0.04521079071144057,12,25.0
recurring_deposit_change_pct,"[-0.00124774, -0.00112887)",-0.001247735,-0.00112887,-0.04521079071144057,12,8.333333333333332
recurring_deposit_change_pct,"[-0.00112887, -0.00105384)",-0.00112887,-0.0010538449999999999,-0.04552465488944843,12,16.666666666666664
recurring_deposit_change_pct,"[-0.00105384, -0.000961175)",-0.0010538449999999999,-0.000961175,-0.04571271677799673,11,9.090909090909092
recurring_deposit_change_pct,"[-0.000961175, -0.00090889)",-0.000961175,-0.00090889,-0.04598173658151897,12,25.0
recurring_deposit_change_pct,"[-0.00090889, -0.00086368)",-0.00090889,-0.0008636799999999999,-0.04598173658151897,12,33.33333333333333
recurring_deposit_change_pct,"[-0.00086368, -0.000805285)",-0.0008636799999999999,-0.000805285,-0.04598173658151897,12,0.0
recurring_deposit_change_pct,"[-0.000805285, -0.00069915)",-0.000805285,-0.0006991499999999999,-0.0465774075717645,12,25.0
recurring_deposit_change_pct,"[-0.00069915, -0.000641745)",-0.0006991499999999999,-0.000641745,-0.0465774075717645,12,8.333333333333332
recurring_deposit_change_pct,"[-0.000641745, -0.00059091)",-0.000641745,-0.00059091,-0.0465774075717645,12,0.0
recurring_deposit_change_pct,"[-0.00059091, -0.000534105)",-0.00059091,-0.000534105,-0.04698521967639228,11,9.090909090909092
recurring_deposit_change_pct,"[-0.000534105, -0.000419055)",-0.000534105,-0.000419055,-0.04698521967639228,12,8.333333333333332
recurring_deposit_change_pct,"[-0.000419055, -0.000375735)",-0.000419055,-0.000375735,-0.04712848342979599,12,8.333333333333332
recurring_deposit_change_pct,"[-0.000375735, -0.000288405)",-0.000375735,-0.00028840500000000004,-0.04712848342979599,12,8.333333333333332
recurring_deposit_change_pct,"[-0.000288405, -0.00023489)",-0.00028840500000000004,-0.00023489,-0.04712848342979599,12,0.0
recurring_deposit_change_pct,"[-0.00023489, -0.000169805)",-0.00023489,-0.000169805,-0.04735445765158046,12,0.0
recurring_deposit_change_pct,"[-0.000169805, -0.000105285)",-0.000169805,-0.00010528499999999999,-0.04741718419548456,11,9.090909090909092
recurring_deposit_change_pct,"[-0.000105285, -2.6515e-05)",-0.00010528499999999999,-2.6515e-05,-0.0475272077792961,12,8.333333333333332
recurring_deposit_change_pct,"[-2.6515e-05, 2.6335e-05)",-2.6515e-05,2.6335e-05,-0.0475272077792961,12,16.666666666666664
recurring_deposit_change_pct,"[2.6335e-05, 0.00010361)",2.6335e-05,0.00010360999999999999,-0.04756541887361055,12,16.666666666666664
recurring_deposit_change_pct,"[0.00010361, 0.000204435)",0.00010360999999999999,0.000204435,-0.04756541887361055,12,8.333333333333332
recurring_deposit_change_pct,"[0.000204435, 0.00028281)",0.000204435,0.00028281,-0.0475989069847449,12,8.333333333333332
recurring_deposit_change_pct,"[0.00028281, 0.00034224)",0.00028281,0.00034224,-0.0475989069847449,11,18.181818181818183
recurring_deposit_change_pct,"[0.00034224, 0.00039883)",0.00034224,0.00039883,-0.047756283555868716,12,16.666666666666664
recurring_deposit_change_pct,"[0.00039883, 0.000476305)",0.00039883,0.000476305,-0.04786180399052766,12,8.333333333333332
recurring_deposit_change_pct,"[0.000476305, 0.000552245)",0.000476305,0.000552245,-0.04800641949254099,12,33.33333333333333
recurring_deposit_change_pct,"[0.000552245, 0.00061365)",0.000552245,0.0006136500000000001,-0.04804628152246447,12,25.0
recurring_deposit_change_pct,"[0.00061365, 0.000675705)",0.0006136500000000001,0.000675705,-0.04804628152246447,12,8.333333333333332
recurring_deposit_change_pct,"[0.000675705, 0.000762005)",0.000675705,0.0007620050000000001,-0.04804628152246447,12,16.666666666666664
recurring_deposit_change_pct,"[0.000762005, 0.00086138)",0.0007620050000000001,0.00086138,-0.04834141121867805,11,0.0
recurring_deposit_change_pct,"[0.00086138, 0.000957815)",0.00086138,0.0009578150000000001,-0.04849868490497367,12,16.666666666666664
recurring_deposit_change_pct,"[0.000957815, 0.00104276)",0.0009578150000000001,0.001042765,-0.04870903306590973,12,25.0
recurring_deposit_change_pct,"[0.00104276, 0.00113065)",0.001042765,0.001130645,-0.04913934875978651,12,25.0
recurring_deposit_change_pct,"[0.00113065, 0.00118447)",0.001130645,0.00118447,-0.04921005034409176,12,8.333333333333332
recurring_deposit_change_pct,"[0.00118447, 0.00124642)",0.00118447,0.00124642,-0.049394590261361754,12,8.333333333333332
recurring_deposit_change_pct,"[0.00124642, 0.00128409)",0.00124642,0.0012840899999999999,-0.049394590261361754,11,0.0
recurring_deposit_change_pct,"[0.00128409, 0.00135991)",0.0012840899999999999,0.00135991,-0.04951415007072511,12,0.0
recurring_deposit_change_pct,"[0.00135991, 0.00143751)",0.00135991,0.0014375149999999999,-0.049703882117627676,12,8.333333333333332
recurring_deposit_change_pct,"[0.00143751, 0.00155592)",0.0014375149999999999,0.0015559200000000001,-0.04988727246698419,12,0.0
recurring_deposit_change_pct,"[0.00155592, 0.00161972)",0.0015559200000000001,0.0016197199999999998,-0.0500178940881822,12,16.666666666666664
recurring_deposit_change_pct,"[0.00161972, 0.0017025)",0.0016197199999999998,0.0017025,-0.0500178940881822,12,8.333333333333332
recurring_deposit_change_pct,"[0.0017025, 0.00176328)",0.0017025,0.0017632849999999999,-0.05011383064968763,12,0.0
recurring_deposit_change_pct,"[0.00176328, 0.00180353)",0.0017632849999999999,0.00180353,-0.0504191908484594,11,0.0
recurring_deposit_change_pct,"[0.00180353, 0.00188595)",0.00180353,0.00188595,-0.0504191908484594,12,0.0
recurring_deposit_change_pct,"[0.00188595, 0.00194644)",0.00188595,0.001946445,-0.050595975412886934,12,25.0
recurring_deposit_change_pct,"[0.00194644, 0.00205767)",0.001946445,0.00205767,-0.050595975412886934,12,16.666666666666664
recurring_deposit_change_pct,"[0.00205767, 0.00214109)",0.00205767,0.00214109,-0.050595975412886934,12,0.0
recurring_deposit_change_pct,"[0.00214109, 0.00225932)",0.00214109,0.0022593200000000004,-0.050595975412886934,12,0.0
recurring_deposit_change_pct,"[0.00225932, 0.00233972)",0.0022593200000000004,0.002339715,-0.050595975412886934,11,18.181818181818183
recurring_deposit_change_pct,"[0.00233972, 0.00244395)",0.002339715,0.00244395,-0.050595975412886934,12,25.0
recurring_deposit_change_pct,"[0.00244395, 0.00252882)",0.00244395,0.0025288150000000002,-0.050595975412886934,12,8.333333333333332
recurring_deposit_change_pct,"[0.00252882, 0.00260068)",0.0025288150000000002,0.00260068,-0.05067807217271361,12,25.0
recurring_deposit_change_pct,"[0.00260068, 0.00266752)",0.00260068,0.002667515,-0.05077626538789486,12,16.666666666666664
recurring_deposit_change_pct,"[0.00266752, 0.0027338)",0.002667515,0.0027338,-0.0509303237125447,12,16.666666666666664
recurring_deposit_change_pct,"[0.0027338, 0.0028182)",0.0027338,0.002818205,-0.05122497592987132,12,8.333333333333332
recurring_deposit_change_pct,"[0.0028182, 0.00288042)",0.002818205,0.00288042,-0.05126115851812771,11,9.090909090909092
recurring_deposit_change_pct,"[0.00288042, 0.00296076)",0.00288042,0.0029607599999999998,-0.051348566758869736,12,50.0
recurring_deposit_change_pct,"[0.00296076, 0.00306559)",0.0029607599999999998,0.003065595,-0.05163094378921789,12,8.333333333333332
recurring_deposit_change_pct,"[0.00306559, 0.00316285)",0.003065595,0.00316285,-0.05170289031111518,12,0.0
recurring_deposit_change_pct,"[0.00316285, 0.00327911)",0.00316285,0.003279115,-0.05186474364023882,12,16.666666666666664
recurring_deposit_change_pct,"[0.00327911, 0.00339999)",0.003279115,0.003399995,-0.05202701960951922,12,16.666666666666664
recurring_deposit_change_pct,"[0.00339999, 0.00345532)",0.003399995,0.00345532,-0.05202701960951922,11,9.090909090909092
recurring_deposit_change_pct,"[0.00345532, 0.00355663)",0.00345532,0.00355663,-0.05216899225784434,12,8.333333333333332
recurring_deposit_change_pct,"[0.00355663, 0.00362195)",0.00355663,0.0036219499999999996,-0.05237186362023005,12,0.0
recurring_deposit_change_pct,"[0.00362195, 0.00365183)",0.0036219499999999996,0.00365183,-0.05237186362023005,12,0.0
recurring_deposit_change_pct,"[0.00365183, 0.00373742)",0.00365183,0.003737425,-0.05239678869005152,12,16.666666666666664
recurring_deposit_change_pct,"[0.00373742, 0.00380735)",0.003737425,0.003807345,-0.05246482098693958,12,33.33333333333333
recurring_deposit_change_pct,"[0.00380735, 0.00385047)",0.003807345,0.003850475,-0.05246482098693958,11,0.0
recurring_deposit_change_pct,"[0.00385047, 0.00395247)",0.003850475,0.0039524650000000005,-0.052487346176861516,12,0.0
recurring_deposit_change_pct,"[0.00395247, 0.00404946)",0.0039524650000000005,0.0040494599999999995,-0.05264593323909621,12,8.333333333333332
recurring_deposit_change_pct,"[0.00404946, 0.00413572)",0.0040494599999999995,0.004135720000000001,-0.05264593323909621,12,16.666666666666664
recurring_deposit_change_pct,"[0.00413572, 0.00420992)",0.004135720000000001,0.004209920000000001,-0.053000539035598086,12,8.333333333333332
recurring_deposit_change_pct,"[0.00420992, 0.0042487)",0.004209920000000001,0.004248695,-0.05319041771717954,12,16.666666666666664
recurring_deposit_change_pct,"[0.0042487, 0.00432438)",0.004248695,0.00432438,-0.053338660186788754,12,8.333333333333332
recurring_deposit_change_pct,"[0.00432438, 0.00438932)",0.00432438,0.00438932,-0.05339464056596395,11,18.181818181818183
recurring_deposit_change_pct,"[0.00438932, 0.00452272)",0.00438932,0.004522715,-0.053440695579437376,12,8.333333333333332
recurring_deposit_change_pct,"[0.00452272, 0.00459477)",0.004522715,0.004594775,-0.053440695579437376,12,16.666666666666664
recurring_deposit_change_pct,"[0.00459477, 0.00468529)",0.004594775,0.00468529,-0.0534719472516442,12,0.0
recurring_deposit_change_pct,"[0.00468529, 0.00482754)",0.00468529,0.00482754,-0.05361583229380581,12,0.0
recurring_deposit_change_pct,"[0.00482754, 0.00490388)",0.00482754,0.004903875,-0.05361583229380581,12,33.33333333333333
recurring_deposit_change_pct,"[0.00490388, 0.00496433)",0.004903875,0.00496433,-0.05361583229380581,11,18.181818181818183
recurring_deposit_change_pct,"[0.00496433, 0.00503978)",0.00496433,0.005039780000000001,-0.0537748223658853,12,0.0
recurring_deposit_change_pct,"[0.00503978, 0.00516185)",0.005039780000000001,0.005161855,-0.0537748223658853,12,16.666666666666664
recurring_deposit_change_pct,"[0.00516185, 0.00524839)",0.005161855,0.00524839,-0.053900978358438226,12,16.666666666666664
recurring_deposit_change_pct,"[0.00524839, 0.00532409)",0.00524839,0.00532409,-0.053900978358438226,12,16.666666666666664
recurring_deposit_change_pct,"[0.00532409, 0.00545813)",0.00532409,0.005458134999999999,-0.053900978358438226,12,8.333333333333332
recurring_deposit_change_pct,"[0.00545813, 0.00551774)",0.005458134999999999,0.00551774,-0.054137795749149134,12,8.333333333333332
recurring_deposit_change_pct,"[0.00551774, 0.00559635)",0.00551774,0.00559635,-0.05424612236864271,11,9.090909090909092
recurring_deposit_change_pct,"[0.00559635, 0.00571139)",0.00559635,0.00571139,-0.05424612236864271,12,0.0
recurring_deposit_change_pct,"[0.00571139, 0.00578872)",0.00571139,0.005788725,-0.05424612236864271,12,33.33333333333333
recurring_deposit_change_pct,"[0.00578872, 0.00593134)",0.005788725,0.00593134,-0.054299544692622465,12,8.333333333333332
recurring_deposit_change_pct,"[0.00593134, 0.00598868)",0.00593134,0.005988675000000001,-0.054421979082175616,12,25.0
recurring_deposit_change_pct,"[0.00598868, 0.00609627)",0.005988675000000001,0.006096275,-0.05451107631738038,12,16.666666666666664
recurring_deposit_change_pct,"[0.00609627, 0.00613276)",0.006096275,0.006132755,-0.05468731204392953,11,9.090909090909092
recurring_deposit_change_pct,"[0.00613276, 0.00623499)",0.006132755,0.006234989999999999,-0.054950642978805544,12,8.333333333333332
recurring_deposit_change_pct,"[0.00623499, 0.00633352)",0.006234989999999999,0.006333525,-0.054950642978805544,12,8.333333333333332
recurring_deposit_change_pct,"[0.00633352, 0.00640443)",0.006333525,0.006404435,-0.05506151717324292,12,8.333333333333332
recurring_deposit_change_pct,"[0.00640443, 0.00650155)",0.006404435,0.006501545,-0.055312579877131465,12,16.666666666666664
recurring_deposit_change_pct,"[0.00650155, 0.00662666)",0.006501545,0.0066266599999999995,-0.055312579877131465,12,16.666666666666664
recurring_deposit_change_pct,"[0.00662666, 0.00669478)",0.0066266599999999995,0.00669478,-0.055312579877131465,11,9.090909090909092
recurring_deposit_change_pct,"[0.00669478, 0.00680445)",0.00669478,0.006804445,-0.05550222341704155,12,8.333333333333332
recurring_deposit_change_pct,"[0.00680445, 0.0068779)",0.006804445,0.0068779,-0.055565690177321804,12,25.0
recurring_deposit_change_pct,"[0.0068779, 0.00696898)",0.0068779,0.0069689750000000005,-0.05562594061226718,12,8.333333333333332
recurring_deposit_change_pct,"[0.00696898, 0.0070445)",0.0069689750000000005,0.0070445049999999995,-0.05562594061226718,12,16.666666666666664
recurring_deposit_change_pct,"[0.0070445, 0.00712014)",0.0070445049999999995,0.007120145,-0.055852384422299665,12,25.0
recurring_deposit_change_pct,"[0.00712014, 0.00726123)",0.007120145,0.0072612300000000005,-0.055852384422299665,12,25.0
recurring_deposit_change_pct,"[0.00726123, 0.00735642)",0.0072612300000000005,0.00735642,-0.055852384422299665,11,0.0
recurring_deposit_change_pct,"[0.00735642, 0.00745961)",0.00735642,0.00745961,-0.055980583444949175,12,8.333333333333332
recurring_deposit_change_pct,"[0.00745961, 0.00755202)",0.00745961,0.00755202,-0.056164337031674054,12,16.666666666666664
recurring_deposit_change_pct,"[0.00755202, 0.00761906)",0.00755202,0.00761906,-0.056164337031674054,12,25.0
recurring_deposit_change_pct,"[0.00761906, 0.00766816)",0.00761906,0.00766816,-0.056164337031674054,12,8.333333333333332
recurring_deposit_change_pct,"[0.00766816, 0.00776037)",0.00766816,0.00776037,-0.056164337031674054,12,8.333333333333332
recurring_deposit_change_pct,"[0.00776037, 0.00788187)",0.00776037,0.007881875,-0.056164337031674054,11,27.27272727272727
recurring_deposit_change_pct,"[0.00788187, 0.00799023)",0.007881875,0.007990230000000001,-0.05627115114058011,12,25.0
recurring_deposit_change_pct,"[0.00799023, 0.00812743)",0.007990230000000001,0.008127425,-0.05627115114058011,12,8.333333333333332
recurring_deposit_change_pct,"[0.00812743, 0.00819958)",0.008127425,0.00819958,-0.05627115114058011,12,8.333333333333332
recurring_deposit_change_pct,"[0.00819958, 0.00830878)",0.00819958,0.00830878,-0.05627115114058011,12,16.666666666666664
recurring_deposit_change_pct,"[0.00830878, 0.00840063)",0.00830878,0.008400625,-0.05639138721781762,12,16.666666666666664
recurring_deposit_change_pct,"[0.00840063, 0.00854778)",0.008400625,0.008547775,-0.05639138721781762,12,16.666666666666664
recurring_deposit_change_pct,"[0.00854778, 0.00862752)",0.008547775,0.00862752,-0.05656153396728682,11,0.0
recurring_deposit_change_pct,"[0.00862752, 0.00876354)",0.00862752,0.00876354,-0.05662474520745429,12,8.333333333333332
recurring_deposit_change_pct,"[0.00876354, 0.00883663)",0.00876354,0.008836625,-0.05662474520745429,12,0.0
recurring_deposit_change_pct,"[0.00883663, 0.00890353)",0.008836625,0.00890353,-0.05662474520745429,12,16.666666666666664
recurring_deposit_change_pct,"[0.00890353, 0.00900592)",0.00890353,0.009005925,-0.05674653502602357,12,16.666666666666664
recurring_deposit_change_pct,"[0.00900592, 0.00907108)",0.009005925,0.009071085,-0.05680567525438261,12,16.666666666666664
recurring_deposit_change_pct,"[0.00907108, 0.00915431)",0.009071085,0.009154315,-0.057243590726130555,11,9.090909090909092
recurring_deposit_change_pct,"[0.00915431, 0.0092422)",0.009154315,0.009242205,-0.05735766536537972,12,16.666666666666664
recurring_deposit_change_pct,"[0.0092422, 0.00935543)",0.009242205,0.00935543,-0.05754434131530718,12,8.333333333333332
recurring_deposit_change_pct,"[0.00935543, 0.00943408)",0.00935543,0.009434075,-0.05781877704152649,12,8.333333333333332
recurring_deposit_change_pct,"[0.00943408, 0.00965337)",0.009434075,0.00965337,-0.05817637306641616,12,8.333333333333332
recurring_deposit_change_pct,"[0.00965337, 0.00973844)",0.00965337,0.009738435,-0.058238635878455194,12,16.666666666666664
recurring_deposit_change_pct,"[0.00973844, 0.00981817)",0.009738435,0.009818170000000001,-0.058238635878455194,12,16.666666666666664
recurring_deposit_change_pct,"[0.00981817, 0.0100058)",0.009818170000000001,0.010005775000000001,-0.05846516789565226,12,8.333333333333332
recurring_deposit_change_pct,"[0.0100058, 0.0101002)",0.010005775000000001,0.01010021,-0.0586084720106033,12,25.0
recurring_deposit_change_pct,"[0.0101002, 0.0102381)",0.01010021,0.010238065,-0.059159738364815355,12,0.0
recurring_deposit_change_pct,"[0.0102381, 0.010348)",0.010238065,0.01034798,-0.05925353693444715,12,8.333333333333332
recurring_deposit_change_pct,"[0.010348, 0.0104912)",0.01034798,0.0104912,-0.05925353693444715,12,16.666666666666664
recurring_deposit_change_pct,"[0.0104912, 0.0106348)",0.0104912,0.010634794999999999,-0.05925353693444715,12,16.666666666666664
recurring_deposit_change_pct,"[0.0106348, 0.0107936)",0.010634794999999999,0.01079364,-0.05925353693444715,12,16.666666666666664
recurring_deposit_change_pct,"[0.0107936, 0.0109633)",0.01079364,0.0109633,-0.05925353693444715,12,0.0
recurring_deposit_change_pct,"[0.0109633, 0.0111454)",0.0109633,0.01114537,-0.05949569033864043,12,8.333333333333332
recurring_deposit_change_pct,"[0.0111454, 0.0112375)",0.01114537,0.01123749,-0.05953940032442884,12,8.333333333333332
recurring_deposit_change_pct,"[0.0112375, 0.0113773)",0.01123749,0.01137734,-0.05953940032442884,11,36.36363636363637
recurring_deposit_change_pct,"[0.0113773, 0.0115064)",0.01137734,0.011506414999999999,-0.05967213768669689,11,0.0
recurring_deposit_change_pct,"[0.0115064, 0.011611)",0.011506414999999999,0.01161098,-0.05967213768669689,11,9.090909090909092
recurring_deposit_change_pct,"[0.011611, 0.0117163)",0.01161098,0.01171627,-0.059780909378299406,12,8.333333333333332
recurring_deposit_change_pct,"[0.0117163, 0.0118305)",0.01171627,0.011830505,-0.059780909378299406,12,8.333333333333332
recurring_deposit_change_pct,"[0.0118305, 0.0120225)",0.011830505,0.012022535,-0.05984853027220266,12,16.666666666666664
recurring_deposit_change_pct,"[0.0120225, 0.0121006)",0.012022535,0.012100630000000001,-0.06003607168051461,12,25.0
recurring_deposit_change_pct,"[0.0121006, 0.0122013)",0.012100630000000001,0.012201265,-0.06023769657998729,12,8.333333333333332
recurring_deposit_change_pct,"[0.0122013, 0.0123939)",0.012201265,0.012393945,-0.06052728636525632,12,0.0
recurring_deposit_change_pct,"[0.0123939, 0.0125392)",0.012393945,0.01253919,-0.060690267005525995,11,9.090909090909092
recurring_deposit_change_pct,"[0.0125392, 0.0126911)",0.01253919,0.012691135,-0.060690267005525995,12,8.333333333333332
recurring_deposit_change_pct,"[0.0126911, 0.0130208)",0.012691135,0.013020819999999999,-0.060690267005525995,12,16.666666666666664
recurring_deposit_change_pct,"[0.0130208, 0.0131626)",0.013020819999999999,0.01316261,-0.06087624865266209,12,8.333333333333332
recurring_deposit_change_pct,"[0.0131626, 0.0132631)",0.01316261,0.013263115,-0.06105097454038581,12,16.666666666666664
recurring_deposit_change_pct,"[0.0132631, 0.0134472)",0.013263115,0.01344719,-0.061148508485147884,12,8.333333333333332
recurring_deposit_change_pct,"[0.0134472, 0.0135174)",0.01344719,0.013517359999999999,-0.061148508485147884,11,0.0
recurring_deposit_change_pct,"[0.0135174, 0.0136394)",0.013517359999999999,0.013639390000000001,-0.061148508485147884,12,16.666666666666664
recurring_deposit_change_pct,"[0.0136394, 0.0138391)",0.013639390000000001,0.013839095,-0.06153056169696175,12,8.333333333333332
recurring_deposit_change_pct,"[0.0138391, 0.0139622)",0.013839095,0.01396224,-0.06174592720387061,12,16.666666666666664
recurring_deposit_change_pct,"[0.0139622, 0.0140633)",0.01396224,0.014063335,-0.06196887744579372,12,0.0
recurring_deposit_change_pct,"[0.0140633, 0.0142587)",0.014063335,0.01425868,-0.062277092653667994,12,16.666666666666664
recurring_deposit_change_pct,"[0.0142587, 0.0144757)",0.01425868,0.014475749999999999,-0.062277092653667994,12,0.0
recurring_deposit_change_pct,"[0.0144757, 0.0145931)",0.014475749999999999,0.014593104999999999,-0.062428792803302546,11,9.090909090909092
recurring_deposit_change_pct,"[0.0145931, 0.0147841)",0.014593104999999999,0.014784115,-0.06250703583399889,12,8.333333333333332
recurring_deposit_change_pct,"[0.0147841, 0.0149825)",0.014784115,0.014982515,-0.06250703583399889,12,16.666666666666664
recurring_deposit_change_pct,"[0.0149825, 0.015137)",0.014982515,0.01513702,-0.0626344678330377,12,8.333333333333332
recurring_deposit_change_pct,"[0.015137, 0.0153036)",0.01513702,0.015303605,-0.0626344678330377,12,0.0
recurring_deposit_change_pct,"[0.0153036, 0.0155396)",0.015303605,0.0155396,-0.0626344678330377,12,0.0
recurring_deposit_change_pct,"[0.0155396, 0.0156451)",0.0155396,0.015645060000000002,-0.06280565356373104,11,18.181818181818183
recurring_deposit_change_pct,"[0.0156451, 0.0158573)",0.015645060000000002,0.01585734,-0.06304518518232675,12,8.333333333333332
recurring_deposit_change_pct,"[0.0158573, 0.0160587)",0.01585734,0.01605869,-0.06323037636978958,12,33.33333333333333
recurring_deposit_change_pct,"[0.0160587, 0.0163064)",0.01605869,0.016306380000000002,-0.0632775486065406,12,0.0
recurring_deposit_change_pct,"[0.0163064, 0.016493)",0.016306380000000002,0.016493004999999998,-0.06357625306631402,12,8.333333333333332
recurring_deposit_change_pct,"[0.016493, 0.0166128)",0.016493004999999998,0.016612755,-0.06439548824664668,12,0.0
recurring_deposit_change_pct,"[0.0166128, 0.0167371)",0.016612755,0.01673713,-0.06439548824664668,12,8.333333333333332
recurring_deposit_change_pct,"[0.0167371, 0.0169164)",0.01673713,0.016916365000000003,-0.06439548824664668,11,27.27272727272727
recurring_deposit_change_pct,"[0.0169164, 0.0171284)",0.016916365000000003,0.01712845,-0.06456875465766444,12,0.0
recurring_deposit_change_pct,"[0.0171284, 0.0174063)",0.01712845,0.017406285,-0.06456875465766444,12,0.0
recurring_deposit_change_pct,"[0.0174063, 0.0175407)",0.017406285,0.01754066,-0.06456875465766444,12,33.33333333333333
recurring_deposit_change_pct,"[0.0175407, 0.0177833)",0.01754066,0.01778327,-0.06468751792621978,12,0.0
recurring_deposit_change_pct,"[0.0177833, 0.0179216)",0.01778327,0.017921575000000002,-0.06468751792621978,12,25.0
recurring_deposit_change_pct,"[0.0179216, 0.0180816)",0.017921575000000002,0.01808158,-0.06468751792621978,12,0.0
recurring_deposit_change_pct,"[0.0180816, 0.0183827)",0.01808158,0.018382715,-0.06468751792621978,12,0.0
recurring_deposit_change_pct,"[0.0183827, 0.0187253)",0.018382715,0.01872533,-0.06468751792621978,12,0.0
recurring_deposit_change_pct,"[0.0187253, 0.0191921)",0.01872533,0.019192115000000003,-0.064905710170596,12,16.666666666666664
recurring_deposit_change_pct,"[0.0191921, 0.0196165)",0.019192115000000003,0.019616545,-0.06501092752810514,12,8.333333333333332
recurring_deposit_change_pct,"[0.0196165, 0.0197437)",0.019616545,0.019743675000000002,-0.06501092752810514,11,9.090909090909092
recurring_deposit_change_pct,"[0.0197437, 0.0200341)",0.019743675000000002,0.020034120000000002,-0.06501092752810514,11,9.090909090909092
recurring_deposit_change_pct,"[0.0200341, 0.0202917)",0.020034120000000002,0.020291660000000003,-0.06501092752810514,12,8.333333333333332
recurring_deposit_change_pct,"[0.0202917, 0.0204965)",0.020291660000000003,0.020496495,-0.065051420523083,12,8.333333333333332
recurring_deposit_change_pct,"[0.0204965, 0.0206771)",0.020496495,0.020677105,-0.06515323288325706,12,8.333333333333332
recurring_deposit_change_pct,"[0.0206771, 0.021003)",0.020677105,0.021002985000000002,-0.06515323288325706,12,0.0
recurring_deposit_change_pct,"[0.021003, 0.0212096)",0.021002985000000002,0.02120958,-0.06525425339014,12,16.666666666666664
recurring_deposit_change_pct,"[0.0212096, 0.0215375)",0.02120958,0.021537544999999998,-0.06525425339014,12,8.333333333333332
recurring_deposit_change_pct,"[0.0215375, 0.021859)",0.021537544999999998,0.021858975,-0.06525425339014,11,9.090909090909092
recurring_deposit_change_pct,"[0.021859, 0.0221018)",0.021858975,0.022101805000000002,-0.06533929833674855,12,0.0
recurring_deposit_change_pct,"[0.0221018, 0.0222222)",0.022101805000000002,0.02222216,-0.06533929833674855,12,0.0
recurring_deposit_change_pct,"[0.0222222, 0.0226743)",0.02222216,0.02267431,-0.06539897075641167,12,16.666666666666664
recurring_deposit_change_pct,"[0.0226743, 0.0230312)",0.02267431,0.023031160000000002,-0.06539897075641167,12,0.0
recurring_deposit_change_pct,"[0.0230312, 0.0233578)",0.023031160000000002,0.02335777,-0.06539897075641167,12,0.0
recurring_deposit_change_pct,"[0.0233578, 0.0238219)",0.02335777,0.023821875,-0.06539897075641167,11,27.27272727272727
recurring_deposit_change_pct,"[0.0238219, 0.0242822)",0.023821875,0.02428217,-0.06543088977593153,12,8.333333333333332
recurring_deposit_change_pct,"[0.0242822, 0.0245248)",0.02428217,0.024524825,-0.06543088977593153,12,8.333333333333332
recurring_deposit_change_pct,"[0.0245248, 0.024852)",0.024524825,0.024851965,-0.06543088977593153,12,25.0
recurring_deposit_change_pct,"[0.024852, 0.0251338)",0.024851965,0.025133795,-0.06548362322039518,12,8.333333333333332
recurring_deposit_change_pct,"[0.0251338, 0.0254716)",0.025133795,0.02547165,-0.06555352015383734,12,8.333333333333332
recurring_deposit_change_pct,"[0.0254716, 0.0257841)",0.02547165,0.02578411,-0.06564545622643307,12,16.666666666666664
recurring_deposit_change_pct,"[0.0257841, 0.0261001)",0.02578411,0.026100085000000002,-0.06564545622643307,11,9.090909090909092
recurring_deposit_change_pct,"[0.0261001, 0.026415)",0.026100085000000002,0.026414970000000003,-0.06577486447725936,12,25.0
recurring_deposit_change_pct,"[0.026415, 0.0269241)",0.026414970000000003,0.026924095,-0.06577486447725936,12,8.333333333333332
recurring_deposit_change_pct,"[0.0269241, 0.0272387)",0.026924095,0.027238665000000002,-0.06581746042102968,12,16.666666666666664
recurring_deposit_change_pct,"[0.0272387, 0.0276021)",0.027238665000000002,0.027602090000000003,-0.06583103935856312,12,16.666666666666664
recurring_deposit_change_pct,"[0.0276021, 0.027951)",0.027602090000000003,0.02795103,-0.06583103935856312,12,16.666666666666664
recurring_deposit_change_pct,"[0.027951, 0.0284504)",0.02795103,0.028450355,-0.06583103935856312,12,8.333333333333332
recurring_deposit_change_pct,"[0.0284504, 0.0289324)",0.028450355,0.02893245,-0.0658612165383555,12,0.0
recurring_deposit_change_pct,"[0.0289324, 0.0292494)",0.02893245,0.02924937,-0.06593281079605604,12,16.666666666666664
recurring_deposit_change_pct,"[0.0292494, 0.0297758)",0.02924937,0.029775805000000002,-0.06593281079605604,12,8.333333333333332
recurring_deposit_change_pct,"[0.0297758, 0.0300749)",0.029775805000000002,0.030074854999999998,-0.06593281079605604,12,0.0
recurring_deposit_change_pct,"[0.0300749, 0.0305385)",0.030074854999999998,0.03053849,-0.06593281079605604,11,0.0
recurring_deposit_change_pct,"[0.0305385, 0.0308208)",0.03053849,0.030820794999999998,-0.06593281079605604,11,36.36363636363637
recurring_deposit_change_pct,"[0.0308208, 0.0313295)",0.030820794999999998,0.031329495,-0.06593281079605604,12,16.666666666666664
recurring_deposit_change_pct,"[0.0313295, 0.0318167)",0.031329495,0.03181673,-0.06598197739885585,12,16.666666666666664
recurring_deposit_change_pct,"[0.0318167, 0.0323503)",0.03181673,0.032350295,-0.066018277192072,12,8.333333333333332
recurring_deposit_change_pct,"[0.0323503, 0.0327649)",0.032350295,0.032764890000000005,-0.06606403634596397,12,8.333333333333332
recurring_deposit_change_pct,"[0.0327649, 0.0333119)",0.032764890000000005,0.03331191,-0.06606403634596397,12,33.33333333333333
recurring_deposit_change_pct,"[0.0333119, 0.0339777)",0.03331191,0.033977735,-0.06606403634596397,12,25.0
recurring_deposit_change_pct,"[0.0339777, 0.0348906)",0.033977735,0.034890594999999996,-0.06611906784879867,11,9.090909090909092
recurring_deposit_change_pct,"[0.0348906, 0.0352836)",0.034890594999999996,0.035283640000000005,-0.06630326157114297,12,8.333333333333332
recurring_deposit_change_pct,"[0.0352836, 0.0357483)",0.035283640000000005,0.035748315,-0.06638377982435291,12,8.333333333333332
recurring_deposit_change_pct,"[0.0357483, 0.0361955)",0.035748315,0.036195535,-0.06638377982435291,12,8.333333333333332
recurring_deposit_change_pct,"[0.0361955, 0.0368648)",0.036195535,0.036864795,-0.06638377982435291,12,16.666666666666664
recurring_deposit_change_pct,"[0.0368648, 0.0377923)",0.036864795,0.037792255,-0.06661033248948396,12,8.333333333333332
recurring_deposit_change_pct,"[0.0377923, 0.0382542)",0.037792255,0.03825416500000001,-0.06661033248948396,11,27.27272727272727
recurring_deposit_change_pct,"[0.0382542, 0.0388428)",0.03825416500000001,0.038842805,-0.06674992908965874,12,16.666666666666664
recurring_deposit_change_pct,"[0.0388428, 0.039434)",0.038842805,0.039433995,-0.06692102365876748,12,25.0
recurring_deposit_change_pct,"[0.039434, 0.0402893)",0.039433995,0.04028933,-0.0669637421157783,12,0.0
recurring_deposit_change_pct,"[0.0402893, 0.0406589)",0.04028933,0.04065895,-0.0669637421157783,12,0.0
recurring_deposit_change_pct,"[0.0406589, 0.0416982)",0.04065895,0.041698175,-0.0669637421157783,12,8.333333333333332
recurring_deposit_change_pct,"[0.0416982, 0.0422723)",0.041698175,0.042272265,-0.06697403488061456,12,8.333333333333332
recurring_deposit_change_pct,"[0.0422723, 0.042848)",0.042272265,0.042847985,-0.06697403488061456,11,9.090909090909092
recurring_deposit_change_pct,"[0.042848, 0.0436918)",0.042847985,0.043691789999999994,-0.06704061619786984,12,16.666666666666664
recurring_deposit_change_pct,"[0.0436918, 0.0440426)",0.043691789999999994,0.04404259,-0.06717897342649673,12,16.666666666666664
recurring_deposit_change_pct,"[0.0440426, 0.0450229)",0.04404259,0.045022895,-0.06723666992497535,12,8.333333333333332
recurring_deposit_change_pct,"[0.0450229, 0.0455599)",0.045022895,0.045559945000000004,-0.06743052622547412,12,8.333333333333332
recurring_deposit_change_pct,"[0.0455599, 0.0463246)",0.045559945000000004,0.04632464,-0.06743930563977395,12,25.0
recurring_deposit_change_pct,"[0.0463246, 0.0473065)",0.04632464,0.04730647,-0.06743930563977395,11,18.181818181818183
recurring_deposit_change_pct,"[0.0473065, 0.0484118)",0.04730647,0.048411794999999994,-0.06743930563977395,12,0.0
recurring_deposit_change_pct,"[0.0484118, 0.0492561)",0.048411794999999994,0.049256115,-0.06751723342093942,12,16.666666666666664
recurring_deposit_change_pct,"[0.0492561, 0.050117)",0.049256115,0.050116995,-0.06751723342093942,12,16.666666666666664
recurring_deposit_change_pct,"[0.050117, 0.0510678)",0.050116995,0.05106777,-0.06751723342093942,12,8.333333333333332
recurring_deposit_change_pct,"[0.0510678, 0.0516189)",0.05106777,0.051618855000000005,-0.06773190973048006,12,8.333333333333332
recurring_deposit_change_pct,"[0.0516189, 0.0524153)",0.051618855000000005,0.052415254999999994,-0.06773190973048006,12,0.0
recurring_deposit_change_pct,"[0.0524153, 0.0531863)",0.052415254999999994,0.053186319999999995,-0.06782474050797738,11,0.0
recurring_deposit_change_pct,"[0.0531863, 0.0542658)",0.053186319999999995,0.05426581,-0.06785356408492361,12,16.666666666666664
recurring_deposit_change_pct,"[0.0542658, 0.0551073)",0.05426581,0.055107254999999994,-0.06785356408492361,12,0.0
recurring_deposit_change_pct,"[0.0551073, 0.0559205)",0.055107254999999994,0.055920454999999994,-0.06785356408492361,12,8.333333333333332
recurring_deposit_change_pct,"[0.0559205, 0.056611)",0.055920454999999994,0.056611049999999996,-0.06791646346883423,12,0.0
recurring_deposit_change_pct,"[0.056611, 0.0579846)",0.056611049999999996,0.05798458,-0.06791646346883423,12,8.333333333333332
recurring_deposit_change_pct,"[0.0579846, 0.0588023)",0.05798458,0.058802325,-0.06791646346883423,11,18.181818181818183
recurring_deposit_change_pct,"[0.0588023, 0.0602214)",0.058802325,0.060221355000000004,-0.06791646346883423,12,0.0
recurring_deposit_change_pct,"[0.0602214, 0.0611623)",0.060221355000000004,0.061162325000000003,-0.06796156576695427,12,8.333333333333332
recurring_deposit_change_pct,"[0.0611623, 0.0621814)",0.061162325000000003,0.062181395,-0.06796156576695427,12,16.666666666666664
recurring_deposit_change_pct,"[0.0621814, 0.0628713)",0.062181395,0.062871265,-0.06796156576695427,12,8.333333333333332
recurring_deposit_change_pct,"[0.0628713, 0.0636342)",0.062871265,0.063634195,-0.06796156576695427,12,0.0
recurring_deposit_change_pct,"[0.0636342, 0.0645862)",0.063634195,0.06458615000000001,-0.06796156576695427,11,9.090909090909092
recurring_deposit_change_pct,"[0.0645862, 0.0655392)",0.06458615000000001,0.06553920499999999,-0.06796156576695427,12,16.666666666666664
recurring_deposit_change_pct,"[0.0655392, 0.0662127)",0.06553920499999999,0.06621271000000001,-0.06805908714689059,12,16.666666666666664
recurring_deposit_change_pct,"[0.0662127, 0.0672523)",0.06621271000000001,0.067252325,-0.06805908714689059,12,25.0
recurring_deposit_change_pct,"[0.0672523, 0.0681773)",0.067252325,0.06817735,-0.06806432910356647,12,8.333333333333332
recurring_deposit_change_pct,"[0.0681773, 0.069357)",0.06817735,0.069357,-0.06807317712517716,12,16.666666666666664
recurring_deposit_change_pct,"[0.069357, 0.0707483)",0.069357,0.070748275,-0.06807317712517716,12,8.333333333333332
recurring_deposit_change_pct,"[0.0707483, 0.0722959)",0.070748275,0.07229594,-0.06807317712517716,11,9.090909090909092
recurring_deposit_change_pct,"[0.0722959, 0.0730023)",0.07229594,0.07300228,-0.06813597835931268,12,25.0
recurring_deposit_change_pct,"[0.0730023, 0.0738615)",0.07300228,0.073861465,-0.06813597835931268,12,16.666666666666664
recurring_deposit_change_pct,"[0.0738615, 0.0751361)",0.073861465,0.07513612,-0.06813597835931268,12,8.333333333333332
recurring_deposit_change_pct,"[0.0751361, 0.0762832)",0.07513612,0.076283185,-0.06813597835931268,12,16.666666666666664
recurring_deposit_change_pct,"[0.0762832, 0.0773479)",0.076283185,0.077347945,-0.06813597835931268,12,0.0
recurring_deposit_change_pct,"[0.0773479, 0.0778678)",0.077347945,0.077867835,-0.06819538106520324,11,9.090909090909092
recurring_deposit_change_pct,"[0.0778678, 0.0789615)",0.077867835,0.078961535,-0.06822635706636065,12,16.666666666666664
recurring_deposit_change_pct,"[0.0789615, 0.0800126)",0.078961535,0.08001262,-0.06822635706636065,12,16.666666666666664
recurring_deposit_change_pct,"[0.0800126, 0.0815524)",0.08001262,0.08155243000000001,-0.06825140537362724,12,0.0
recurring_deposit_change_pct,"[0.0815524, 0.0823582)",0.08155243000000001,0.08235824,-0.06828247341261826,12,16.666666666666664
recurring_deposit_change_pct,"[0.0823582, 0.0834331)",0.08235824,0.08343307,-0.06828247341261826,12,0.0
recurring_deposit_change_pct,"[0.0834331, 0.084737)",0.08343307,0.08473696,-0.06828247341261826,12,16.666666666666664
recurring_deposit_change_pct,"[0.084737, 0.0859189)",0.08473696,0.08591892000000001,-0.06828247341261826,11,0.0
recurring_deposit_change_pct,"[0.0859189, 0.0865525)",0.08591892000000001,0.08655249,-0.06828247341261826,12,16.666666666666664
recurring_deposit_change_pct,"[0.0865525, 0.0874574)",0.08655249,0.08745737,-0.06828247341261826,12,8.333333333333332
recurring_deposit_change_pct,"[0.0874574, 0.0885872)",0.08745737,0.08858721,-0.06828247341261826,12,8.333333333333332
recurring_deposit_change_pct,"[0.0885872, 0.0894377)",0.08858721,0.08943765000000001,-0.06828247341261826,12,0.0
recurring_deposit_change_pct,"[0.0894377, 0.0899676)",0.08943765000000001,0.08996762,-0.06828247341261826,12,33.33333333333333
recurring_deposit_change_pct,"[0.0899676, 0.0911811)",0.08996762,0.091181125,-0.06828247341261826,11,0.0
recurring_deposit_change_pct,"[0.0911811, 0.0925335)",0.091181125,0.092533515,-0.06832022119331344,12,16.666666666666664
recurring_deposit_change_pct,"[0.0925335, 0.0934916)",0.092533515,0.09349162,-0.06832022119331344,12,8.333333333333332
recurring_deposit_change_pct,"[0.0934916, 0.0946077)",0.09349162,0.094607675,-0.06832022119331344,12,8.333333333333332
recurring_deposit_change_pct,"[0.0946077, 0.095307)",0.094607675,0.095306955,-0.06832022119331344,12,8.333333333333332
recurring_deposit_change_pct,"[0.095307, 0.0962442)",0.095306955,0.09624416999999999,-0.06832022119331344,12,8.333333333333332
recurring_deposit_change_pct,"[0.0962442, 0.0977602)",0.09624416999999999,0.097760235,-0.06832022119331344,12,16.666666666666664
recurring_deposit_change_pct,"[0.0977602, 0.0987768)",0.097760235,0.0987768,-0.06832022119331344,11,9.090909090909092
recurring_deposit_change_pct,"[0.0987768, 0.0997593)",0.0987768,0.099759265,-0.06832022119331344,12,16.666666666666664
recurring_deposit_change_pct,"[0.0997593, 0.100568)",0.099759265,0.100567765,-0.06832022119331344,12,0.0
recurring_deposit_change_pct,"[0.100568, 0.102166)",0.100567765,0.102166495,-0.06832022119331344,12,8.333333333333332
recurring_deposit_change_pct,"[0.102166, 0.10295)",0.102166495,0.10295006500000001,-0.06832697011568598,12,8.333333333333332
recurring_deposit_change_pct,"[0.10295, 0.1043)",0.10295006500000001,0.104299825,-0.06832697011568598,12,8.333333333333332
recurring_deposit_change_pct,"[0.1043, 0.105472)",0.104299825,0.10547159,-0.06832697011568598,12,25.0
recurring_deposit_change_pct,"[0.105472, 0.106875)",0.10547159,0.106874605,-0.06832697011568598,12,25.0
recurring_deposit_change_pct,"[0.106875, 0.10931)",0.106874605,0.109309935,-0.06832697011568598,12,0.0
recurring_deposit_change_pct,"[0.10931, 0.112241)",0.109309935,0.11224104,-0.06832697011568598,12,0.0
recurring_deposit_change_pct,"[0.112241, 0.113824)",0.11224104,0.113823695,-0.06832697011568598,12,16.666666666666664
recurring_deposit_change_pct,"[0.113824, 0.114688)",0.113823695,0.114688065,-0.06834739678324696,11,36.36363636363637
recurring_deposit_change_pct,"[0.114688, 0.116319)",0.114688065,0.11631853,-0.06834739678324696,11,36.36363636363637
recurring_deposit_change_pct,"[0.116319, 0.118116)",0.11631853,0.118116305,-0.06834739678324696,12,8.333333333333332
recurring_deposit_change_pct,"[0.118116, 0.1199)",0.118116305,0.119899955,-0.06834739678324696,12,0.0
recurring_deposit_change_pct,"[0.1199, 0.122116)",0.119899955,0.12211585,-0.06834739678324696,12,25.0
recurring_deposit_change_pct,"[0.122116, 0.123557)",0.12211585,0.12355702499999999,-0.06834739678324696,12,33.33333333333333
recurring_deposit_change_pct,"[0.123557, 0.124851)",0.12355702499999999,0.12485146,-0.06836055064032645,12,16.666666666666664
recurring_deposit_change_pct,"[0.124851, 0.126529)",0.12485146,0.12652909,-0.06836055064032645,12,25.0
recurring_deposit_change_pct,"[0.126529, 0.127604)",0.12652909,0.12760443500000002,-0.06836055064032645,11,18.181818181818183
recurring_deposit_change_pct,"[0.127604, 0.128643)",0.12760443500000002,0.128642655,-0.06836055064032645,12,16.666666666666664
recurring_deposit_change_pct,"[0.128643, 0.131129)",0.128642655,0.13112878,-0.06836055064032645,12,8.333333333333332
recurring_deposit_change_pct,"[0.131129, 0.132162)",0.13112878,0.13216156,-0.06836055064032645,12,41.66666666666667
recurring_deposit_change_pct,"[0.132162, 0.133164)",0.13216156,0.1331643,-0.06836055064032645,12,25.0
recurring_deposit_change_pct,"[0.133164, 0.135196)",0.1331643,0.13519564,-0.06841260817543568,12,16.666666666666664
recurring_deposit_change_pct,"[0.135196, 0.136225)",0.13519564,0.136225145,-0.06841260817543568,11,0.0
recurring_deposit_change_pct,"[0.136225, 0.137731)",0.136225145,0.137731375,-0.06841260817543568,12,8.333333333333332
recurring_deposit_change_pct,"[0.137731, 0.139542)",0.137731375,0.139541735,-0.06841260817543568,12,25.0
recurring_deposit_change_pct,"[0.139542, 0.141308)",0.139541735,0.141308225,-0.06841260817543568,12,16.666666666666664
recurring_deposit_change_pct,"[0.141308, 0.142932)",0.141308225,0.1429316,-0.06841260817543568,12,25.0
recurring_deposit_change_pct,"[0.142932, 0.144831)",0.1429316,0.144830655,-0.06841260817543568,12,16.666666666666664
recurring_deposit_change_pct,"[0.144831, 0.145944)",0.144830655,0.145943745,-0.06841260817543568,12,8.333333333333332
recurring_deposit_change_pct,"[0.145944, 0.147979)",0.145943745,0.14797949500000002,-0.06858482298142676,11,18.181818181818183
recurring_deposit_change_pct,"[0.147979, 0.149743)",0.14797949500000002,0.149743325,-0.06864035158911444,12,25.0
recurring_deposit_change_pct,"[0.149743, 0.151869)",0.149743325,0.15186913000000002,-0.06874073302587388,12,8.333333333333332
recurring_deposit_change_pct,"[0.151869, 0.153317)",0.15186913000000002,0.15331719500000002,-0.06874073302587388,12,25.0
recurring_deposit_change_pct,"[0.153317, 0.155114)",0.15331719500000002,0.15511396500000002,-0.06874073302587388,12,25.0
recurring_deposit_change_pct,"[0.155114, 0.157246)",0.15511396500000002,0.157246415,-0.06874073302587388,12,0.0
recurring_deposit_change_pct,"[0.157246, 0.158968)",0.157246415,0.15896833,-0.06877310352931455,11,0.0
recurring_deposit_change_pct,"[0.158968, 0.160756)",0.15896833,0.160756005,-0.06877310352931455,12,0.0
recurring_deposit_change_pct,"[0.160756, 0.162661)",0.160756005,0.16266089,-0.06877310352931455,12,8.333333333333332
recurring_deposit_change_pct,"[0.162661, 0.16459)",0.16266089,0.164590045,-0.06884000159918441,12,33.33333333333333
recurring_deposit_change_pct,"[0.16459, 0.166557)",0.164590045,0.16655720499999999,-0.06884000159918441,12,0.0
recurring_deposit_change_pct,"[0.166557, 0.168232)",0.16655720499999999,0.16823152000000002,-0.06884000159918441,12,8.333333333333332
recurring_deposit_change_pct,"[0.168232, 0.17033)",0.16823152000000002,0.17032997,-0.06884000159918441,12,16.666666666666664
recurring_deposit_change_pct,"[0.17033, 0.172546)",0.17032997,0.172545795,-0.06884000159918441,12,8.333333333333332
recurring_deposit_change_pct,"[0.172546, 0.173801)",0.172545795,0.17380139,-0.06884000159918441,12,33.33333333333333
recurring_deposit_change_pct,"[0.173801, 0.177103)",0.17380139,0.17710302,-0.06889522363469532,12,0.0
recurring_deposit_change_pct,"[0.177103, 0.178623)",0.17710302,0.17862339,-0.06889522363469532,12,0.0
recurring_deposit_change_pct,"[0.178623, 0.179432)",0.17862339,0.179432275,-0.06889522363469532,12,33.33333333333333
recurring_deposit_change_pct,"[0.179432, 0.181401)",0.179432275,0.181400785,-0.06889522363469532,12,25.0
recurring_deposit_change_pct,"[0.181401, 0.183282)",0.181400785,0.183281835,-0.06889522363469532,12,16.666666666666664
recurring_deposit_change_pct,"[0.183282, 0.18474)",0.183281835,0.1847403,-0.06893026559966398,12,25.0
recurring_deposit_change_pct,"[0.18474, 0.185818)",0.1847403,0.1858176,-0.06893026559966398,12,8.333333333333332
recurring_deposit_change_pct,"[0.185818, 0.188332)",0.1858176,0.188331635,-0.06895865093891493,12,25.0
recurring_deposit_change_pct,"[0.188332, 0.189641)",0.188331635,0.189641265,-0.06908781112241497,12,16.666666666666664
recurring_deposit_change_pct,"[0.189641, 0.190655)",0.189641265,0.19065537500000002,-0.06930760201138275,12,25.0
recurring_deposit_change_pct,"[0.190655, 0.191464)",0.19065537500000002,0.19146382,-0.06946955780755906,12,16.666666666666664
recurring_deposit_change_pct,"[0.191464, 0.192979)",0.19146382,0.192979195,-0.06946955780755906,12,0.0
recurring_deposit_change_pct,"[0.192979, 0.194527)",0.192979195,0.194527435,-0.06946955780755906,12,8.333333333333332
recurring_deposit_change_pct,"[0.194527, 0.195322)",0.194527435,0.19532155,-0.06956869169552794,12,16.666666666666664
recurring_deposit_change_pct,"[0.195322, 0.195866)",0.19532155,0.195866455,-0.06969098673867154,12,8.333333333333332
recurring_deposit_change_pct,"[0.195866, 0.19711)",0.195866455,0.19710989,-0.06969098673867154,12,8.333333333333332
recurring_deposit_change_pct,"[0.19711, 0.198839)",0.19710989,0.198838515,-0.0697367314876133,12,8.333333333333332
recurring_deposit_change_pct,"[0.198839, 0.199787)",0.198838515,0.19978665,-0.0697367314876133,12,8.333333333333332
recurring_deposit_change_pct,"[0.199787, 0.201452)",0.19978665,0.201452395,-0.0697367314876133,12,8.333333333333332
recurring_deposit_change_pct,"[0.201452, 0.202722)",0.201452395,0.202721845,-0.0697367314876133,12,25.0
recurring_deposit_change_pct,"[0.202722, 0.203592)",0.202721845,0.203592405,-0.0697367314876133,12,25.0
recurring_deposit_change_pct,"[0.203592, 0.20488)",0.203592405,0.20488014,-0.0697367314876133,12,16.666666666666664
recurring_deposit_change_pct,"[0.20488, 0.206139)",0.20488014,0.206138805,-0.06994066833194632,12,16.666666666666664
recurring_deposit_change_pct,"[0.206139, 0.207398)",0.206138805,0.207397685,-0.07008033357924087,12,25.0
recurring_deposit_change_pct,"[0.207398, 0.208745)",0.207397685,0.2087447,-0.07017280621149324,12,8.333333333333332
recurring_deposit_change_pct,"[0.208745, 0.211332)",0.2087447,0.211332305,-0.07031463805865915,12,8.333333333333332
recurring_deposit_change_pct,"[0.211332, 0.211992)",0.211332305,0.21199153,-0.07064810791662722,12,0.0
recurring_deposit_change_pct,"[0.211992, 0.213419)",0.21199153,0.213418555,-0.07069528912724236,12,0.0
recurring_deposit_change_pct,"[0.213419, 0.214325)",0.213418555,0.214325215,-0.07092305278768292,12,8.333333333333332
recurring_deposit_change_pct,"[0.214325, 0.216076)",0.214325215,0.216075695,-0.07092305278768292,12,25.0
recurring_deposit_change_pct,"[0.216076, 0.217999)",0.216075695,0.21799928000000002,-0.07092305278768292,12,0.0
recurring_deposit_change_pct,"[0.217999, 0.220192)",0.21799928000000002,0.22019177,-0.07092305278768292,12,8.333333333333332
recurring_deposit_change_pct,"[0.220192, 0.223914)",0.22019177,0.22391353,-0.07104943878949395,12,0.0
recurring_deposit_change_pct,"[0.223914, 0.226742)",0.22391353,0.22674239499999999,-0.07115922699776907,12,16.666666666666664
recurring_deposit_change_pct,"[0.226742, 0.229515)",0.22674239499999999,0.22951533,-0.07131253092288482,12,16.666666666666664
recurring_deposit_change_pct,"[0.229515, 0.23269)",0.22951533,0.23269035,-0.0713990820757387,12,25.0
recurring_deposit_change_pct,"[0.23269, 0.234588)",0.23269035,0.23458804500000002,-0.0715574638060893,12,25.0
recurring_deposit_change_pct,"[0.234588, 0.237533)",0.23458804500000002,0.23753297,-0.0715574638060893,12,8.333333333333332
recurring_deposit_change_pct,"[0.237533, 0.24175)",0.23753297,0.24175006999999998,-0.07157862952977402,12,8.333333333333332
recurring_deposit_change_pct,"[0.24175, 0.247472)",0.24175006999999998,0.247472455,-0.0717634341853081,12,16.666666666666664
recurring_deposit_change_pct,"[0.247472, 0.251644)",0.247472455,0.25164361999999996,-0.07181581098167418,12,33.33333333333333
recurring_deposit_change_pct,"[0.251644, 0.256077)",0.25164361999999996,0.25607669499999997,-0.07181581098167418,12,0.0
recurring_deposit_change_pct,"[0.256077, 0.260785)",0.25607669499999997,0.26078488,-0.07181581098167418,12,8.333333333333332
recurring_deposit_change_pct,"[0.260785, 0.26543)",0.26078488,0.26542995,-0.07188179294580901,12,33.33333333333333
recurring_deposit_change_pct,"[0.26543, 0.273957)",0.26542995,0.27395682,-0.07207543851428366,12,16.666666666666664
recurring_deposit_change_pct,"[0.273957, 0.280049)",0.27395682,0.28004913,-0.07207543851428366,12,33.33333333333333
recurring_deposit_change_pct,"[0.280049, 0.287958)",0.28004913,0.287957515,-0.08866429110643717,12,0.0
recurring_deposit_change_pct,"[0.287958, 0.293769)",0.287957515,0.29376905,-0.08866429110643717,12,0.0
recurring_deposit_change_pct,"[0.293769, 0.300541)",0.29376905,0.3005413,-0.08866429110643717,12,25.0
recurring_deposit_change_pct,"[0.300541, 0.304254)",0.3005413,0.30425434,-0.08876279833169186,12,0.0
recurring_deposit_change_pct,"[0.304254, 0.311599)",0.30425434,0.311598685,-0.08894167680408652,12,16.666666666666664
recurring_deposit_change_pct,"[0.311599, 0.317148)",0.311598685,0.3171483,-0.08927132502483934,12,0.0
recurring_deposit_change_pct,"[0.317148, 0.320658)",0.3171483,0.32065815,-0.08937319055918443,12,16.666666666666664
recurring_deposit_change_pct,"[0.320658, 0.327632)",0.32065815,0.327632105,-0.08937319055918443,12,8.333333333333332
recurring_deposit_change_pct,"[0.327632, 0.33299)",0.327632105,0.332989695,-0.08949140627298356,12,8.333333333333332
recurring_deposit_change_pct,"[0.33299, 0.338054)",0.332989695,0.338054165,-0.08957949511116631,12,25.0
recurring_deposit_change_pct,"[0.338054, 0.345486)",0.338054165,0.3454862,-0.08983022303223162,12,8.333333333333332
recurring_deposit_change_pct,"[0.345486, 0.353213)",0.3454862,0.3532133,-0.08983022303223162,12,0.0
recurring_deposit_change_pct,"[0.353213, 0.359378)",0.3532133,0.35937773500000003,-0.08991113026458246,12,8.333333333333332
recurring_deposit_change_pct,"[0.359378, 0.367409)",0.35937773500000003,0.36740854,-0.09009072220583557,12,25.0
recurring_deposit_change_pct,"[0.367409, 0.377878)",0.36740854,0.37787784,-0.09009072220583557,12,0.0
recurring_deposit_change_pct,"[0.377878, 0.38927)",0.37787784,0.38926979,-0.09022766990331603,12,0.0
recurring_deposit_change_pct,"[0.38927, 0.39565)",0.38926979,0.39564979499999997,-0.09025391743329499,12,16.666666666666664
recurring_deposit_change_pct,"[0.39565, 0.401318)",0.39564979499999997,0.40131817999999997,-0.09025391743329499,12,16.666666666666664
recurring_deposit_change_pct,"[0.401318, 0.406753)",0.40131817999999997,0.40675258000000003,-0.09040655928794662,12,16.666666666666664
recurring_deposit_change_pct,"[0.406753, 0.411895)",0.40675258000000003,0.411894565,-0.09048542174056762,12,25.0
recurring_deposit_change_pct,"[0.411895, 0.419958)",0.411894565,0.419957965,-0.09048542174056762,12,0.0
recurring_deposit_change_pct,"[0.419958, 0.4297)",0.419957965,0.42969964000000005,-0.09057532520464437,12,8.333333333333332
recurring_deposit_change_pct,"[0.4297, 0.435577)",0.42969964000000005,0.43557698,-0.09057532520464437,12,0.0
recurring_deposit_change_pct,"[0.435577, 0.444869)",0.43557698,0.444869285,-0.09061483979120613,12,16.666666666666664
recurring_deposit_change_pct,"[0.444869, 0.456046)",0.444869285,0.456045995,-0.09061483979120613,12,0.0
recurring_deposit_change_pct,"[0.456046, 0.467003)",0.456045995,0.46700281,-0.09061483979120613,12,0.0
recurring_deposit_change_pct,"[0.467003, 0.472768)",0.46700281,0.47276787,-0.09061483979120613,12,8.333333333333332
recurring_deposit_change_pct,"[0.472768, 0.480275)",0.47276787,0.480274625,-0.09061483979120613,12,8.333333333333332
recurring_deposit_change_pct,"[0.480275, 0.48625)",0.480274625,0.486249775,-0.09061483979120613,12,8.333333333333332
recurring_deposit_change_pct,"[0.48625, 0.488553)",0.486249775,0.48855326499999996,-0.09061483979120613,12,41.66666666666667
recurring_deposit_change_pct,"[0.488553, 0.491767)",0.48855326499999996,0.49176739,-0.09061483979120613,12,16.666666666666664
recurring_deposit_change_pct,"[0.491767, 0.493331)",0.49176739,0.49333113,-0.09061483979120613,12,16.666666666666664
recurring_deposit_change_pct,"[0.493331, 0.495815)",0.49333113,0.49581496999999997,-0.09074128831171986,12,16.666666666666664
recurring_deposit_change_pct,"[0.495815, 0.497365)",0.49581496999999997,0.49736465500000004,-0.091109232000896,12,8.333333333333332
recurring_deposit_change_pct,"[0.497365, 0.498405)",0.49736465500000004,0.49840491,-0.0912462854348597,12,8.333333333333332
recurring_deposit_change_pct,"[0.498405, 0.499416)",0.49840491,0.49941647499999997,-0.09168128789299768,12,16.666666666666664
recurring_deposit_change_pct,"[0.499416, 0.501467)",0.49941647499999997,0.50146716,-0.10342184827317574,12,0.0
recurring_deposit_change_pct,"[0.501467, 0.50494)",0.50146716,0.504940415,-0.10358021675400104,12,8.333333333333332
recurring_deposit_change_pct,"[0.50494, 0.507543)",0.504940415,0.50754263,-0.10358021675400104,12,16.666666666666664
recurring_deposit_change_pct,"[0.507543, 0.509505)",0.50754263,0.509504825,-0.10358021675400104,12,8.333333333333332
recurring_deposit_change_pct,"[0.509505, 0.518033)",0.509504825,0.518033325,-0.10361823309150553,12,8.333333333333332
recurring_deposit_change_pct,"[0.518033, 0.54521)",0.518033325,0.54521042,-0.10361823309150553,12,25.0
recurring_deposit_change_pct,"[0.54521, 0.56035)",0.54521042,0.560350145,-0.10388408874848587,12,16.666666666666664
recurring_deposit_change_pct,"[0.56035, 0.584705)",0.560350145,0.584704895,-0.1041754378097137,12,8.333333333333332
recurring_deposit_change_pct,"[0.584705, 0.619659)",0.584704895,0.6196589100000001,-0.10474662426097608,12,8.333333333333332
recurring_deposit_change_pct,"[0.619659, 0.641306)",0.6196589100000001,0.6413055299999999,-0.10488233044540615,12,25.0
recurring_deposit_change_pct,"[0.641306, 0.682147)",0.6413055299999999,0.682147085,-0.12347929335583821,12,8.333333333333332
recurring_deposit_change_pct,"[0.682147, 0.709695)",0.682147085,0.709694745,-0.12772372800809534,12,8.333333333333332
recurring_deposit_change_pct,"[0.709695, 0.769166)",0.709694745,0.76916625,-0.12788916350997062,12,0.0
recurring_deposit_change_pct,"[0.769166, 0.836912)",0.76916625,0.836912085,-0.12788916350997062,12,0.0
recurring_deposit_change_pct,"[0.836912, 0.938504)",0.836912085,0.93850449,-0.12788916350997062,12,8.333333333333332
recurring_deposit_change_pct,"[0.938504, 1.0858)",0.93850449,1.085803715,-0.12788916350997062,12,16.666666666666664
recurring_deposit_change_pct,"[1.0858, 1.27699)",1.085803715,1.276988105,-0.12788916350997062,12,8.333333333333332
recurring_deposit_change_pct,"[1.27699, 1.41828)",1.276988105,1.418277095,-0.12788916350997062,12,33.33333333333333
recurring_deposit_change_pct,"[1.41828, inf)",1.418277095,inf,-0.19264875339906493,12,8.333333333333332
recurring_deposit_change_pct,missing,,,-0.06000108929632547,913,12.048192771084338
return_vs_benchmark,"[-inf, -0.128809)",-inf,-0.12880891500000002,0.15843648245947065,8,0.0
return_vs_benchmark,"[-0.128809, -0.122906)",-0.12880891500000002,-0.12290643000000001,0.15843648245947065,7,14.285714285714285
return_vs_benchmark,"[-0.122906, -0.116548)",-0.12290643000000001,-0.11654801000000001,0.15843648245947065,7,28.57142857142857
return_vs_benchmark,"[-0.116548, -0.113241)",-0.11654801000000001,-0.11324127,0.15843648245947065,7,14.285714285714285
return_vs_benchmark,"[-0.113241, -0.110579)",-0.11324127,-0.11057928,0.1584156330284348,7,14.285714285714285
return_vs_benchmark,"[-0.110579, -0.108815)",-0.11057928,-0.108814885,0.1584156330284348,7,42.857142857142854
return_vs_benchmark,"[-0.108815, -0.107267)",-0.108814885,-0.10726733999999999,0.1584156330284348,7,0.0
return_vs_benchmark,"[-0.107267, -0.10548)",-0.10726733999999999,-0.1054802,0.1584156330284348,7,28.57142857142857
return_vs_benchmark,"[-0.10548, -0.104522)",-0.1054802,-0.104521805,0.1584156330284348,7,28.57142857142857
return_vs_benchmark,"[-0.104522, -0.103793)",-0.104521805,-0.10379308500000001,0.1584156330284348,7,28.57142857142857
return_vs_benchmark,"[-0.103793, -0.102516)",-0.10379308500000001,-0.10251561000000001,0.1584156330284348,7,28.57142857142857
return_vs_benchmark,"[-0.102516, -0.101657)",-0.10251561000000001,-0.101656935,0.15840528357860195,7,28.57142857142857
return_vs_benchmark,"[-0.101657, -0.101014)",-0.101656935,-0.10101365000000001,0.15840528357860195,7,14.285714285714285
return_vs_benchmark,"[-0.101014, -0.099614)",-0.10101365000000001,-0.09961401,0.15840528357860195,7,28.57142857142857
return_vs_benchmark,"[-0.099614, -0.0984285)",-0.09961401,-0.098428455,0.15840528357860195,7,57.14285714285714
return_vs_benchmark,"[-0.0984285, -0.0971461)",-0.098428455,-0.09714608999999999,0.15840528357860195,7,14.285714285714285
return_vs_benchmark,"[-0.0971461, -0.0960023)",-0.09714608999999999,-0.09600233999999999,0.15840528357860195,7,14.285714285714285
return_vs_benchmark,"[-0.0960023, -0.0949622)",-0.09600233999999999,-0.094962185,0.15840528357860195,7,28.57142857142857
return_vs_benchmark,"[-0.0949622, -0.0943285)",-0.094962185,-0.094328515,0.15840528357860195,7,0.0
return_vs_benchmark,"[-0.0943285, -0.0933278)",-0.094328515,-0.09332779,0.15840528357860195,7,28.57142857142857
return_vs_benchmark,"[-0.0933278, -0.0924677)",-0.09332779,-0.092467705,0.1583934712331469,7,42.857142857142854
return_vs_benchmark,"[-0.0924677, -0.0919194)",-0.092467705,-0.09191940500000001,0.15837353053437442,8,37.5
return_vs_benchmark,"[-0.0919194, -0.091338)",-0.09191940500000001,-0.091338,0.1583517076070895,8,25.0
return_vs_benchmark,"[-0.091338, -0.0905713)",-0.091338,-0.09057128,0.1583517076070895,8,12.5
return_vs_benchmark,"[-0.0905713, -0.0899599)",-0.09057128,-0.08995993499999999,0.15826842627609697,8,25.0
return_vs_benchmark,"[-0.0899599, -0.0890329)",-0.08995993499999999,-0.089032905,0.1582442840383994,8,12.5
return_vs_benchmark,"[-0.0890329, -0.0886592)",-0.089032905,-0.088659245,0.1582442840383994,8,12.5
return_vs_benchmark,"[-0.0886592, -0.0882284)",-0.088659245,-0.08822841000000001,0.1582404608399416,8,25.0
return_vs_benchmark,"[-0.0882284, -0.0877381)",-0.08822841000000001,-0.08773814499999999,0.1581987667296241,8,12.5
return_vs_benchmark,"[-0.0877381, -0.0871348)",-0.08773814499999999,-0.08713483999999999,0.1581987667296241,8,12.5
return_vs_benchmark,"[-0.0871348, -0.0865094)",-0.08713483999999999,-0.08650943999999999,0.1581987667296241,8,12.5
return_vs_benchmark,"[-0.0865094, -0.0860655)",-0.08650943999999999,-0.08606551,0.1581987667296241,8,37.5
return_vs_benchmark,"[-0.0860655, -0.085388)",-0.08606551,-0.085388035,0.1581987667296241,8,12.5
return_vs_benchmark,"[-0.085388, -0.0846471)",-0.085388035,-0.084647065,0.1581987667296241,8,37.5
return_vs_benchmark,"[-0.0846471, -0.0841118)",-0.084647065,-0.08411181,0.1581987667296241,8,37.5
return_vs_benchmark,"[-0.0841118, -0.083894)",-0.08411181,-0.083894035,0.1581987667296241,8,0.0
return_vs_benchmark,"[-0.083894, -0.0831843)",-0.083894035,-0.08318431,0.15810138199667753,8,62.5
return_vs_benchmark,"[-0.0831843, -0.0826686)",-0.08318431,-0.08266864,0.15809869527217424,8,12.5
return_vs_benchmark,"[-0.0826686, -0.0819709)",-0.08266864,-0.08197093999999999,0.1580953674204938,8,37.5
return_vs_benchmark,"[-0.0819709, -0.0815248)",-0.08197093999999999,-0.08152483499999999,0.1580953674204938,8,12.5
return_vs_benchmark,"[-0.0815248, -0.0810152)",-0.08152483499999999,-0.081015195,0.1580953674204938,8,0.0
return_vs_benchmark,"[-0.0810152, -0.0808229)",-0.081015195,-0.08082285,0.15802890054200602,7,28.57142857142857
return_vs_benchmark,"[-0.0808229, -0.0803474)",-0.08082285,-0.08034738,0.15802890054200602,8,12.5
return_vs_benchmark,"[-0.0803474, -0.0800217)",-0.08034738,-0.08002168,0.15801992021632832,8,25.0
return_vs_benchmark,"[-0.0800217, -0.0792801)",-0.08002168,-0.07928006500000001,0.15801992021632832,8,37.5
return_vs_benchmark,"[-0.0792801, -0.0788271)",-0.07928006500000001,-0.07882708499999999,0.1578660902242925,8,0.0
return_vs_benchmark,"[-0.0788271, -0.0785982)",-0.07882708499999999,-0.07859815,0.1578660902242925,8,0.0
return_vs_benchmark,"[-0.0785982, -0.0777799)",-0.07859815,-0.07777993,0.1577708816541559,8,12.5
return_vs_benchmark,"[-0.0777799, -0.0772969)",-0.07777993,-0.077296895,0.1577708816541559,8,12.5
return_vs_benchmark,"[-0.0772969, -0.0767995)",-0.077296895,-0.076799455,0.1577708816541559,8,12.5
return_vs_benchmark,"[-0.0767995, -0.0763896)",-0.076799455,-0.07638963,0.1577708816541559,8,37.5
return_vs_benchmark,"[-0.0763896, -0.0759874)",-0.07638963,-0.07598743499999999,0.1577708816541559,8,12.5
return_vs_benchmark,"[-0.0759874, -0.0756268)",-0.07598743499999999,-0.07562676,0.15772455608301517,8,25.0
return_vs_benchmark,"[-0.0756268, -0.0753907)",-0.07562676,-0.075390665,0.15767118427559224,8,50.0
return_vs_benchmark,"[-0.0753907, -0.0751231)",-0.075390665,-0.07512310999999999,0.15767118427559224,8,37.5
return_vs_benchmark,"[-0.0751231, -0.0749052)",-0.07512310999999999,-0.074905235,0.15767118427559224,8,12.5
return_vs_benchmark,"[-0.0749052, -0.074696)",-0.074905235,-0.07469598,0.15764792904534425,8,37.5
return_vs_benchmark,"[-0.074696, -0.0744865)",-0.07469598,-0.07448652,0.15415532952151173,8,12.5
return_vs_benchmark,"[-0.0744865, -0.0742596)",-0.07448652,-0.074259595,0.1540155657137052,8,12.5
return_vs_benchmark,"[-0.0742596, -0.0739517)",-0.074259595,-0.07395166,0.15388310720643153,8,37.5
return_vs_benchmark,"[-0.0739517, -0.0737105)",-0.07395166,-0.07371050000000001,0.15388310720643153,8,0.0
return_vs_benchmark,"[-0.0737105, -0.0733183)",-0.07371050000000001,-0.0733183,0.15377762924694166,8,12.5
return_vs_benchmark,"[-0.0733183, -0.0728582)",-0.0733183,-0.07285815000000001,0.15377762924694166,8,12.5
return_vs_benchmark,"[-0.0728582, -0.0722336)",-0.07285815000000001,-0.07223355000000001,0.15377762924694166,7,0.0
return_vs_benchmark,"[-0.0722336, -0.0719841)",-0.07223355000000001,-0.07198412500000001,0.1536843138709497,8,12.5
return_vs_benchmark,"[-0.0719841, -0.0717212)",-0.07198412500000001,-0.07172121000000001,0.1536843138709497,8,12.5
return_vs_benchmark,"[-0.0717212, -0.0713303)",-0.07172121000000001,-0.07133032,0.1536672477198592,8,37.5
return_vs_benchmark,"[-0.0713303, -0.0707901)",-0.07133032,-0.07079007500000001,0.1536672477198592,8,12.5
return_vs_benchmark,"[-0.0707901, -0.0704046)",-0.07079007500000001,-0.07040458499999999,0.1536672477198592,8,12.5
return_vs_benchmark,"[-0.0704046, -0.0700339)",-0.07040458499999999,-0.07003395,0.15364271865918339,8,12.5
return_vs_benchmark,"[-0.0700339, -0.0698794)",-0.07003395,-0.06987943,0.15358627119100846,8,25.0
return_vs_benchmark,"[-0.0698794, -0.0695733)",-0.06987943,-0.069573275,0.15348614411907358,8,50.0
return_vs_benchmark,"[-0.0695733, -0.0692586)",-0.069573275,-0.0692586,0.1533869456631076,8,25.0
return_vs_benchmark,"[-0.0692586, -0.0689935)",-0.0692586,-0.068993525,0.15326566145887036,8,25.0
return_vs_benchmark,"[-0.0689935, -0.0687915)",-0.068993525,-0.0687915,0.15326566145887036,8,12.5
return_vs_benchmark,"[-0.0687915, -0.0682867)",-0.0687915,-0.06828673,0.15326566145887036,8,25.0
return_vs_benchmark,"[-0.0682867, -0.0679305)",-0.06828673,-0.067930485,0.15316756154070693,8,12.5
return_vs_benchmark,"[-0.0679305, -0.0677283)",-0.067930485,-0.06772825,0.15316756154070693,8,0.0
return_vs_benchmark,"[-0.0677283, -0.0673439)",-0.06772825,-0.06734387,0.1529862071586883,8,12.5
return_vs_benchmark,"[-0.0673439, -0.0671763)",-0.06734387,-0.067176335,0.1529862071586883,8,0.0
return_vs_benchmark,"[-0.0671763, -0.0669102)",-0.067176335,-0.06691023,0.15282728843200946,8,12.5
return_vs_benchmark,"[-0.0669102, -0.0667122)",-0.06691023,-0.06671215999999999,0.15273599599455637,8,0.0
return_vs_benchmark,"[-0.0667122, -0.0665594)",-0.06671215999999999,-0.06655941500000001,0.15266396261028922,8,12.5
return_vs_benchmark,"[-0.0665594, -0.0661812)",-0.06655941500000001,-0.066181185,0.1526253458354082,8,0.0
return_vs_benchmark,"[-0.0661812, -0.0659267)",-0.066181185,-0.06592672999999999,0.15249176123344282,8,0.0
return_vs_benchmark,"[-0.0659267, -0.0656826)",-0.06592672999999999,-0.06568264,0.15247364050479462,7,0.0
return_vs_benchmark,"[-0.0656826, -0.0655723)",-0.06568264,-0.065572325,0.15238942282952536,8,12.5
return_vs_benchmark,"[-0.0655723, -0.0652427)",-0.065572325,-0.06524267,0.15238942282952536,8,12.5
return_vs_benchmark,"[-0.0652427, -0.0650708)",-0.06524267,-0.06507081,0.15238942282952536,8,25.0
return_vs_benchmark,"[-0.0650708, -0.0647891)",-0.06507081,-0.06478908,0.15234244240168174,8,37.5
return_vs_benchmark,"[-0.0647891, -0.0645274)",-0.06478908,-0.064527395,0.15227458583722478,8,37.5
return_vs_benchmark,"[-0.0645274, -0.0641493)",-0.064527395,-0.06414930499999999,0.15225033483122397,8,25.0
return_vs_benchmark,"[-0.0641493, -0.0639814)",-0.06414930499999999,-0.06398144,0.15215816802649806,8,12.5
return_vs_benchmark,"[-0.0639814, -0.0637042)",-0.06398144,-0.06370424499999999,0.15215816802649806,8,12.5
return_vs_benchmark,"[-0.0637042, -0.0636259)",-0.06370424499999999,-0.063625895,0.15205123858403743,8,12.5
return_vs_benchmark,"[-0.0636259, -0.0634584)",-0.063625895,-0.06345838000000001,0.15200096657971404,8,37.5
return_vs_benchmark,"[-0.0634584, -0.0633014)",-0.06345838000000001,-0.06330142,0.15190826627103135,8,0.0
return_vs_benchmark,"[-0.0633014, -0.0629319)",-0.06330142,-0.06293185500000001,0.15190826627103135,8,37.5
return_vs_benchmark,"[-0.0629319, -0.0626751)",-0.06293185500000001,-0.062675125,0.15190826627103135,8,0.0
return_vs_benchmark,"[-0.0626751, -0.0625326)",-0.062675125,-0.06253258,0.15190826627103135,8,0.0
return_vs_benchmark,"[-0.0625326, -0.0623125)",-0.06253258,-0.06231248,0.15189187457066225,8,50.0
return_vs_benchmark,"[-0.0623125, -0.0621616)",-0.06231248,-0.062161635,0.15189187457066225,8,37.5
return_vs_benchmark,"[-0.0621616, -0.0618799)",-0.062161635,-0.06187985,0.15189187457066225,8,37.5
return_vs_benchmark,"[-0.0618799, -0.0616747)",-0.06187985,-0.061674735,0.1518356618827207,8,25.0
return_vs_benchmark,"[-0.0616747, -0.0615276)",-0.061674735,-0.06152759,0.1517749959423273,8,25.0
return_vs_benchmark,"[-0.0615276, -0.0612604)",-0.06152759,-0.061260445,0.1517749959423273,8,12.5
return_vs_benchmark,"[-0.0612604, -0.0611713)",-0.061260445,-0.0611713,0.1517749959423273,7,14.285714285714285
return_vs_benchmark,"[-0.0611713, -0.0609002)",-0.0611713,-0.060900209999999996,0.15167342963656022,8,12.5
return_vs_benchmark,"[-0.0609002, -0.0606493)",-0.060900209999999996,-0.060649275,0.15167342963656022,8,12.5
return_vs_benchmark,"[-0.0606493, -0.0604214)",-0.060649275,-0.06042144000000001,0.15165781339956821,8,12.5
return_vs_benchmark,"[-0.0604214, -0.0601608)",-0.06042144000000001,-0.060160805,0.1515086343652547,8,12.5
return_vs_benchmark,"[-0.0601608, -0.0599007)",-0.060160805,-0.05990066,0.1515086343652547,8,12.5
return_vs_benchmark,"[-0.0599007, -0.0597277)",-0.05990066,-0.059727655000000004,0.1513043839755017,8,25.0
return_vs_benchmark,"[-0.0597277, -0.0595011)",-0.059727655000000004,-0.05950114,0.1513043839755017,8,12.5
return_vs_benchmark,"[-0.0595011, -0.0593559)",-0.05950114,-0.05935592,0.15128238647749467,8,25.0
return_vs_benchmark,"[-0.0593559, -0.0590778)",-0.05935592,-0.059077755,0.1510988991964333,8,12.5
return_vs_benchmark,"[-0.0590778, -0.0589512)",-0.059077755,-0.058951155,0.1506973949916253,8,37.5
return_vs_benchmark,"[-0.0589512, -0.0587158)",-0.058951155,-0.058715815,0.15057909157251284,8,25.0
return_vs_benchmark,"[-0.0587158, -0.0584407)",-0.058715815,-0.0584407,0.15057909157251284,8,12.5
return_vs_benchmark,"[-0.0584407, -0.0582598)",-0.0584407,-0.058259754999999996,0.15043826773875882,8,12.5
return_vs_benchmark,"[-0.0582598, -0.0579856)",-0.058259754999999996,-0.05798557,0.1502445272600248,8,12.5
return_vs_benchmark,"[-0.0579856, -0.0578247)",-0.05798557,-0.0578247,0.15021484476328537,8,37.5
return_vs_benchmark,"[-0.0578247, -0.0576449)",-0.0578247,-0.057644890000000004,0.15009188601281195,8,25.0
return_vs_benchmark,"[-0.0576449, -0.0575151)",-0.057644890000000004,-0.057515095,0.1499986329409806,8,25.0
return_vs_benchmark,"[-0.0575151, -0.0574073)",-0.057515095,-0.057407299999999994,0.1499986329409806,8,25.0
return_vs_benchmark,"[-0.0574073, -0.057248)",-0.057407299999999994,-0.057247980000000004,0.14958712974963892,8,25.0
return_vs_benchmark,"[-0.057248, -0.0570504)",-0.057247980000000004,-0.057050365000000006,0.14958712974963892,8,12.5
return_vs_benchmark,"[-0.0570504, -0.0568358)",-0.057050365000000006,-0.056835764999999996,0.14958712974963892,8,12.5
return_vs_benchmark,"[-0.0568358, -0.0565809)",-0.056835764999999996,-0.05658091,0.14958712974963892,7,28.57142857142857
return_vs_benchmark,"[-0.0565809, -0.056393)",-0.05658091,-0.056393025,0.14946981821254482,8,25.0
return_vs_benchmark,"[-0.056393, -0.0562991)",-0.056393025,-0.056299095,0.14946981821254482,8,12.5
return_vs_benchmark,"[-0.0562991, -0.0560681)",-0.056299095,-0.056068065,0.14922372627657507,8,50.0
return_vs_benchmark,"[-0.0560681, -0.0558243)",-0.056068065,-0.055824275,0.14908914015569616,8,50.0
return_vs_benchmark,"[-0.0558243, -0.0556621)",-0.055824275,-0.055662119999999995,0.14893574169560161,8,25.0
return_vs_benchmark,"[-0.0556621, -0.0554444)",-0.055662119999999995,-0.05544438,0.1486745565421627,8,0.0
return_vs_benchmark,"[-0.0554444, -0.05505)",-0.05544438,-0.055050025,0.14854152140307933,8,12.5
return_vs_benchmark,"[-0.05505, -0.0548757)",-0.055050025,-0.054875715000000005,0.14842091007826375,8,0.0
return_vs_benchmark,"[-0.0548757, -0.0547135)",-0.054875715000000005,-0.05471355,0.14842091007826375,8,12.5
return_vs_benchmark,"[-0.0547135, -0.0545458)",-0.05471355,-0.054545844999999996,0.14842091007826375,8,25.0
return_vs_benchmark,"[-0.0545458, -0.0544243)",-0.054545844999999996,-0.054424305,0.14817461373956303,8,12.5
return_vs_benchmark,"[-0.0544243, -0.0542869)",-0.054424305,-0.05428693,0.14817461373956303,8,12.5
return_vs_benchmark,"[-0.0542869, -0.0541798)",-0.05428693,-0.05417977,0.14817461373956303,8,37.5
return_vs_benchmark,"[-0.0541798, -0.0539891)",-0.05417977,-0.053989075,0.14814043070046784,8,0.0
return_vs_benchmark,"[-0.0539891, -0.0537861)",-0.053989075,-0.053786145,0.14777707544871174,8,0.0
return_vs_benchmark,"[-0.0537861, -0.0535257)",-0.053786145,-0.05352566,0.14777707544871174,8,0.0
return_vs_benchmark,"[-0.0535257, -0.0533101)",-0.05352566,-0.05331011,0.14744776795420825,8,12.5
return_vs_benchmark,"[-0.0533101, -0.05316)",-0.05331011,-0.053160015000000005,0.1470844435823246,8,12.5
return_vs_benchmark,"[-0.05316, -0.0530452)",-0.053160015000000005,-0.053045245,0.14693435007525266,8,12.5
return_vs_benchmark,"[-0.0530452, -0.0528218)",-0.053045245,-0.052821765,0.14681184505451816,8,25.0
return_vs_benchmark,"[-0.0528218, -0.0527162)",-0.052821765,-0.05271622,0.14673601970308262,8,25.0
return_vs_benchmark,"[-0.0527162, -0.0525573)",-0.05271622,-0.052557305,0.14646541094501123,7,28.57142857142857
return_vs_benchmark,"[-0.0525573, -0.052367)",-0.052557305,-0.052366960000000004,0.14646541094501123,8,12.5
return_vs_benchmark,"[-0.052367, -0.0522221)",-0.052366960000000004,-0.052222075,0.14646541094501123,8,12.5
return_vs_benchmark,"[-0.0522221, -0.0520515)",-0.052222075,-0.052051515,0.14646541094501123,8,12.5
return_vs_benchmark,"[-0.0520515, -0.0519446)",-0.052051515,-0.051944625,0.14646541094501123,8,25.0
return_vs_benchmark,"[-0.0519446, -0.0517222)",-0.051944625,-0.051722235,0.14640250285866757,8,0.0
return_vs_benchmark,"[-0.0517222, -0.0516157)",-0.051722235,-0.051615720000000004,0.14629370704983377,8,25.0
return_vs_benchmark,"[-0.0516157, -0.0514487)",-0.051615720000000004,-0.051448715,0.14623318457395307,8,12.5
return_vs_benchmark,"[-0.0514487, -0.0513233)",-0.051448715,-0.051323275,0.1458885483552368,8,25.0
return_vs_benchmark,"[-0.0513233, -0.0511494)",-0.051323275,-0.051149385000000006,0.14576849080019616,8,25.0
return_vs_benchmark,"[-0.0511494, -0.0510632)",-0.051149385000000006,-0.05106315,0.14552579036404492,8,37.5
return_vs_benchmark,"[-0.0510632, -0.0508594)",-0.05106315,-0.05085942,0.14543502333088856,8,25.0
return_vs_benchmark,"[-0.0508594, -0.0507215)",-0.05085942,-0.05072154,0.14509280432963204,8,25.0
return_vs_benchmark,"[-0.0507215, -0.0505528)",-0.05072154,-0.05055279,0.14500112672636914,8,37.5
return_vs_benchmark,"[-0.0505528, -0.0504453)",-0.05055279,-0.050445325,0.14500112672636914,8,25.0
return_vs_benchmark,"[-0.0504453, -0.050289)",-0.050445325,-0.050288975,0.1449152668808338,8,12.5
return_vs_benchmark,"[-0.050289, -0.0501109)",-0.050288975,-0.05011093,0.1445940902062581,8,25.0
return_vs_benchmark,"[-0.0501109, -0.0498994)",-0.05011093,-0.049899415,0.1445940902062581,8,12.5
return_vs_benchmark,"[-0.0498994, -0.0497811)",-0.049899415,-0.04978108,0.1442977614468234,8,37.5
return_vs_benchmark,"[-0.0497811, -0.0496459)",-0.04978108,-0.04964587,0.14421614383555806,8,0.0
return_vs_benchmark,"[-0.0496459, -0.0494584)",-0.04964587,-0.049458354999999996,0.14421614383555806,8,12.5
return_vs_benchmark,"[-0.0494584, -0.0491789)",-0.049458354999999996,-0.049178875,0.14421614383555806,8,0.0
return_vs_benchmark,"[-0.0491789, -0.0490355)",-0.049178875,-0.04903552,0.14367931827094835,7,42.857142857142854
return_vs_benchmark,"[-0.0490355, -0.0488063)",-0.04903552,-0.04880632,0.14357150383579467,8,12.5
return_vs_benchmark,"[-0.0488063, -0.0487076)",-0.04880632,-0.04870758,0.14357150383579467,8,0.0
return_vs_benchmark,"[-0.0487076, -0.0486026)",-0.04870758,-0.04860262,0.14342888105882545,8,0.0
return_vs_benchmark,"[-0.0486026, -0.048484)",-0.04860262,-0.04848396,0.1429491774328978,8,0.0
return_vs_benchmark,"[-0.048484, -0.0482622)",-0.04848396,-0.04826221,0.14279144319418602,8,37.5
return_vs_benchmark,"[-0.0482622, -0.0480751)",-0.04826221,-0.04807515,0.14257383270942783,8,50.0
return_vs_benchmark,"[-0.0480751, -0.0479484)",-0.04807515,-0.047948395,0.14257383270942783,8,12.5
return_vs_benchmark,"[-0.0479484, -0.0478075)",-0.047948395,-0.04780753,0.14247259081677385,8,50.0
return_vs_benchmark,"[-0.0478075, -0.0475855)",-0.04780753,-0.047585465,0.14220463703233488,8,12.5
return_vs_benchmark,"[-0.0475855, -0.0473536)",-0.047585465,-0.04735364,0.14181161271258183,8,37.5
return_vs_benchmark,"[-0.0473536, -0.0472519)",-0.04735364,-0.04725193,0.14162539036458643,8,25.0
return_vs_benchmark,"[-0.0472519, -0.0471923)",-0.04725193,-0.047192319999999996,0.14142647260141084,8,0.0
return_vs_benchmark,"[-0.0471923, -0.0469974)",-0.047192319999999996,-0.04699744,0.14129916501033254,8,0.0
return_vs_benchmark,"[-0.0469974, -0.0469002)",-0.04699744,-0.046900225000000004,0.14100915784298013,8,25.0
return_vs_benchmark,"[-0.0469002, -0.0466913)",-0.046900225000000004,-0.04669126,0.1409614881256084,8,12.5
return_vs_benchmark,"[-0.0466913, -0.0463361)",-0.04669126,-0.04633611,0.1409190089617316,8,12.5
return_vs_benchmark,"[-0.0463361, -0.0462363)",-0.04633611,-0.04623633,0.14077942967077603,8,37.5
return_vs_benchmark,"[-0.0462363, -0.0460611)",-0.04623633,-0.046061145,0.14077942967077603,8,37.5
return_vs_benchmark,"[-0.0460611, -0.0459497)",-0.046061145,-0.045949665,0.14034575923938686,8,50.0
return_vs_benchmark,"[-0.0459497, -0.0457073)",-0.045949665,-0.04570728,0.14018400583432428,8,12.5
return_vs_benchmark,"[-0.0457073, -0.0455965)",-0.04570728,-0.045596479999999995,0.14007976941927874,7,0.0
return_vs_benchmark,"[-0.0455965, -0.0454732)",-0.045596479999999995,-0.045473235,0.13991103144178643,8,25.0
return_vs_benchmark,"[-0.0454732, -0.0454003)",-0.045473235,-0.045400270000000006,0.13991103144178643,8,37.5
return_vs_benchmark,"[-0.0454003, -0.0452285)",-0.045400270000000006,-0.045228500000000005,0.13991103144178643,8,37.5
return_vs_benchmark,"[-0.0452285, -0.0450823)",-0.045228500000000005,-0.04508227,0.13970340448727275,8,37.5
return_vs_benchmark,"[-0.0450823, -0.0449477)",-0.04508227,-0.04494766,0.13970340448727275,8,12.5
return_vs_benchmark,"[-0.0449477, -0.0448041)",-0.04494766,-0.044804085,0.13970340448727275,8,25.0
return_vs_benchmark,"[-0.0448041, -0.0446545)",-0.044804085,-0.044654479999999996,0.13970340448727275,8,0.0
return_vs_benchmark,"[-0.0446545, -0.0445613)",-0.044654479999999996,-0.044561260000000005,0.1394508122078826,8,12.5
return_vs_benchmark,"[-0.0445613, -0.0443915)",-0.044561260000000005,-0.04439153,0.13918384190979896,8,25.0
return_vs_benchmark,"[-0.0443915, -0.0442696)",-0.04439153,-0.04426959,0.13918384190979896,8,0.0
return_vs_benchmark,"[-0.0442696, -0.0441086)",-0.04426959,-0.044108629999999996,0.1386990305473871,8,37.5
return_vs_benchmark,"[-0.0441086, -0.0438827)",-0.044108629999999996,-0.04388275,0.1386990305473871,8,25.0
return_vs_benchmark,"[-0.0438827, -0.0437839)",-0.04388275,-0.04378393,0.1382816620525503,8,25.0
return_vs_benchmark,"[-0.0437839, -0.0436491)",-0.04378393,-0.04364907,0.1345353645788285,8,0.0
return_vs_benchmark,"[-0.0436491, -0.0435514)",-0.04364907,-0.043551375,0.1345353645788285,8,12.5
return_vs_benchmark,"[-0.0435514, -0.0434101)",-0.043551375,-0.04341014,0.13419311906909143,8,12.5
return_vs_benchmark,"[-0.0434101, -0.0433199)",-0.04341014,-0.043319945,0.13374412420603526,8,12.5
return_vs_benchmark,"[-0.0433199, -0.0431878)",-0.043319945,-0.04318782,0.13374412420603526,8,50.0
return_vs_benchmark,"[-0.0431878, -0.0430087)",-0.04318782,-0.043008679999999994,0.13374412420603526,8,0.0
return_vs_benchmark,"[-0.0430087, -0.0429123)",-0.043008679999999994,-0.042912334999999996,0.13374412420603526,8,12.5
return_vs_benchmark,"[-0.0429123, -0.0428324)",-0.042912334999999996,-0.042832375,0.13366280004358833,8,50.0
return_vs_benchmark,"[-0.0428324, -0.0426674)",-0.042832375,-0.04266741,0.13336339584284784,7,14.285714285714285
return_vs_benchmark,"[-0.0426674, -0.0424446)",-0.04266741,-0.042444604999999996,0.13304748624547152,8,12.5
return_vs_benchmark,"[-0.0424446, -0.0422939)",-0.042444604999999996,-0.042293910000000004,0.13304748624547152,8,37.5
return_vs_benchmark,"[-0.0422939, -0.042203)",-0.042293910000000004,-0.04220303,0.09878552869464625,8,12.5
return_vs_benchmark,"[-0.042203, -0.0420302)",-0.04220303,-0.04203023,0.09365657895879656,8,0.0
return_vs_benchmark,"[-0.0420302, -0.041888)",-0.04203023,-0.04188797,0.09352423284564838,8,12.5
return_vs_benchmark,"[-0.041888, -0.0417724)",-0.04188797,-0.041772375,0.09335082761226345,8,25.0
return_vs_benchmark,"[-0.0417724, -0.0417069)",-0.041772375,-0.041706944999999995,0.09335082761226345,8,25.0
return_vs_benchmark,"[-0.0417069, -0.0414922)",-0.041706944999999995,-0.041492225,0.08818781336441384,8,0.0
return_vs_benchmark,"[-0.0414922, -0.0413093)",-0.041492225,-0.04130931,0.08806090306166171,8,0.0
return_vs_benchmark,"[-0.0413093, -0.0412197)",-0.04130931,-0.0412197,0.08796843853944519,8,25.0
return_vs_benchmark,"[-0.0412197, -0.0411193)",-0.0412197,-0.04111932,0.08765299289829895,8,0.0
return_vs_benchmark,"[-0.0411193, -0.0410343)",-0.04111932,-0.041034255,0.08765299289829895,8,0.0
return_vs_benchmark,"[-0.0410343, -0.0408819)",-0.041034255,-0.040881925,0.08730744394587608,8,25.0
return_vs_benchmark,"[-0.0408819, -0.0408065)",-0.040881925,-0.040806535,0.08730744394587608,8,12.5
return_vs_benchmark,"[-0.0408065, -0.0406688)",-0.040806535,-0.040668764999999996,0.08703426994293094,8,25.0
return_vs_benchmark,"[-0.0406688, -0.0406191)",-0.040668764999999996,-0.040619065,0.08703426994293094,8,12.5
return_vs_benchmark,"[-0.0406191, -0.0405303)",-0.040619065,-0.04053033,0.08703426994293094,8,25.0
return_vs_benchmark,"[-0.0405303, -0.0404103)",-0.04053033,-0.04041032,0.08683246102568283,8,12.5
return_vs_benchmark,"[-0.0404103, -0.0402795)",-0.04041032,-0.04027946,0.08652584276734719,8,0.0
return_vs_benchmark,"[-0.0402795, -0.0401914)",-0.04027946,-0.040191384999999996,0.08599231171862365,8,37.5
return_vs_benchmark,"[-0.0401914, -0.0399954)",-0.040191384999999996,-0.03999536,0.08577314521661983,8,25.0
return_vs_benchmark,"[-0.0399954, -0.0398836)",-0.03999536,-0.03988359,0.08561822015297259,7,14.285714285714285
return_vs_benchmark,"[-0.0398836, -0.0397119)",-0.03988359,-0.03971186,0.06945936971006804,8,0.0
return_vs_benchmark,"[-0.0397119, -0.0396195)",-0.03971186,-0.039619495000000005,0.06945936971006804,8,25.0
return_vs_benchmark,"[-0.0396195, -0.0395125)",-0.039619495000000005,-0.0395125,0.06926635851000092,8,0.0
return_vs_benchmark,"[-0.0395125, -0.0393929)",-0.0395125,-0.03939289,0.06916991587036886,8,12.5
return_vs_benchmark,"[-0.0393929, -0.0392241)",-0.03939289,-0.039224129999999996,0.06916991587036886,8,12.5
return_vs_benchmark,"[-0.0392241, -0.0390984)",-0.039224129999999996,-0.03909838,0.0689752372680114,8,12.5
return_vs_benchmark,"[-0.0390984, -0.0389903)",-0.03909838,-0.03899028,0.0689752372680114,8,12.5
return_vs_benchmark,"[-0.0389903, -0.0388949)",-0.03899028,-0.03889487,0.06834287737911408,8,0.0
return_vs_benchmark,"[-0.0388949, -0.0387733)",-0.03889487,-0.038773325,0.06834287737911408,8,0.0
return_vs_benchmark,"[-0.0387733, -0.0387125)",-0.038773325,-0.038712474999999996,0.06758941293320446,8,0.0
return_vs_benchmark,"[-0.0387125, -0.0386382)",-0.038712474999999996,-0.038638195,0.0673185606267933,8,0.0
return_vs_benchmark,"[-0.0386382, -0.0385898)",-0.038638195,-0.038589769999999995,0.06696252695499834,8,0.0
return_vs_benchmark,"[-0.0385898, -0.038471)",-0.038589769999999995,-0.03847104,0.06644855370325836,8,25.0
return_vs_benchmark,"[-0.038471, -0.0383494)",-0.03847104,-0.038349355,0.06644855370325836,8,25.0
return_vs_benchmark,"[-0.0383494, -0.0381983)",-0.038349355,-0.038198255,0.06644855370325836,8,12.5
return_vs_benchmark,"[-0.0381983, -0.0380654)",-0.038198255,-0.038065385,0.0659787620636504,8,0.0
return_vs_benchmark,"[-0.0380654, -0.0379135)",-0.038065385,-0.0379135,0.06531287778907376,8,0.0
return_vs_benchmark,"[-0.0379135, -0.0377923)",-0.0379135,-0.037792284999999995,0.06494972091108936,8,12.5
return_vs_benchmark,"[-0.0377923, -0.0376274)",-0.037792284999999995,-0.03762745,0.0647010838036483,8,0.0
return_vs_benchmark,"[-0.0376274, -0.0375341)",-0.03762745,-0.037534055,0.0645861846850822,8,25.0
return_vs_benchmark,"[-0.0375341, -0.0373564)",-0.037534055,-0.037356445,0.06442738384975595,8,12.5
return_vs_benchmark,"[-0.0373564, -0.0372371)",-0.037356445,-0.037237085,0.06442738384975595,7,0.0
return_vs_benchmark,"[-0.0372371, -0.037087)",-0.037237085,-0.03708696,0.06442738384975595,8,12.5
return_vs_benchmark,"[-0.037087, -0.0369368)",-0.03708696,-0.03693681,0.0642967055512086,8,12.5
return_vs_benchmark,"[-0.0369368, -0.0368515)",-0.03693681,-0.036851485,0.06406648271127052,8,25.0
return_vs_benchmark,"[-0.0368515, -0.0367226)",-0.036851485,-0.03672261,0.06381130381166959,8,37.5
return_vs_benchmark,"[-0.0367226, -0.0366079)",-0.03672261,-0.036607895,0.06342476634209249,8,0.0
return_vs_benchmark,"[-0.0366079, -0.0364387)",-0.036607895,-0.03643873,0.06329972053136135,8,12.5
return_vs_benchmark,"[-0.0364387, -0.0363238)",-0.03643873,-0.03632381,0.06317732889911483,8,25.0
return_vs_benchmark,"[-0.0363238, -0.0362111)",-0.03632381,-0.036211095,0.06265372022570036,8,0.0
return_vs_benchmark,"[-0.0362111, -0.0361489)",-0.036211095,-0.036148925,0.06265372022570036,8,12.5
return_vs_benchmark,"[-0.0361489, -0.0359777)",-0.036148925,-0.03597773,0.0623385188447317,8,37.5
return_vs_benchmark,"[-0.0359777, -0.0358558)",-0.03597773,-0.03585579,0.0623385188447317,8,12.5
return_vs_benchmark,"[-0.0358558, -0.0356316)",-0.03585579,-0.035631579999999996,0.062043733281127146,8,25.0
return_vs_benchmark,"[-0.0356316, -0.0354358)",-0.035631579999999996,-0.035435775,0.06173862342624185,8,12.5
return_vs_benchmark,"[-0.0354358, -0.0352717)",-0.035435775,-0.03527171,0.06173862342624185,8,12.5
return_vs_benchmark,"[-0.0352717, -0.0352024)",-0.03527171,-0.035202375,0.06151875382150694,8,0.0
return_vs_benchmark,"[-0.0352024, -0.0350956)",-0.035202375,-0.03509565,0.06151875382150694,8,0.0
return_vs_benchmark,"[-0.0350956, -0.0349294)",-0.03509565,-0.034929445,0.06151875382150694,8,0.0
return_vs_benchmark,"[-0.0349294, -0.0348808)",-0.034929445,-0.034880789999999995,0.06129117890693138,8,25.0
return_vs_benchmark,"[-0.0348808, -0.0347091)",-0.034880789999999995,-0.034709055,0.06120067509165992,8,12.5
return_vs_benchmark,"[-0.0347091, -0.0345536)",-0.034709055,-0.03455364,0.060561892109488855,8,62.5
return_vs_benchmark,"[-0.0345536, -0.0344653)",-0.03455364,-0.03446533,0.06046226681384834,7,0.0
return_vs_benchmark,"[-0.0344653, -0.0343401)",-0.03446533,-0.034340125,0.060290794438134496,8,0.0
return_vs_benchmark,"[-0.0343401, -0.0342502)",-0.034340125,-0.0342502,0.059805297804877186,8,12.5
return_vs_benchmark,"[-0.0342502, -0.0341326)",-0.0342502,-0.034132635,0.05971525980797122,8,12.5
return_vs_benchmark,"[-0.0341326, -0.0339909)",-0.034132635,-0.03399085,0.05905771956888595,8,25.0
return_vs_benchmark,"[-0.0339909, -0.0338355)",-0.03399085,-0.03383554,0.05883711809688042,8,0.0
return_vs_benchmark,"[-0.0338355, -0.0337168)",-0.03383554,-0.033716819999999995,0.0586629803098813,8,12.5
return_vs_benchmark,"[-0.0337168, -0.0336143)",-0.033716819999999995,-0.033614255,0.05844621803336761,8,12.5
return_vs_benchmark,"[-0.0336143, -0.0335195)",-0.033614255,-0.03351952,0.05826534328555905,8,0.0
return_vs_benchmark,"[-0.0335195, -0.0334388)",-0.03351952,-0.03343875,0.058132507916288365,8,25.0
return_vs_benchmark,"[-0.0334388, -0.033356)",-0.03343875,-0.033355955,0.058132507916288365,8,50.0
return_vs_benchmark,"[-0.033356, -0.0332839)",-0.033355955,-0.03328394,0.058132507916288365,8,0.0
return_vs_benchmark,"[-0.0332839, -0.0331775)",-0.03328394,-0.03317747,0.058132507916288365,8,12.5
return_vs_benchmark,"[-0.0331775, -0.0329845)",-0.03317747,-0.03298451,0.058132507916288365,8,25.0
return_vs_benchmark,"[-0.0329845, -0.0327845)",-0.03298451,-0.03278449,0.05802411698385127,8,37.5
return_vs_benchmark,"[-0.0327845, -0.0326472)",-0.03278449,-0.0326472,0.05802411698385127,8,12.5
return_vs_benchmark,"[-0.0326472, -0.0325212)",-0.0326472,-0.03252123,0.057669086995776414,8,12.5
return_vs_benchmark,"[-0.0325212, -0.0324656)",-0.03252123,-0.032465605,0.057262454833710175,8,12.5
return_vs_benchmark,"[-0.0324656, -0.0323648)",-0.032465605,-0.032364755,0.056955620282547505,8,0.0
return_vs_benchmark,"[-0.0323648, -0.0322424)",-0.032364755,-0.032242395,0.056836752542232964,8,12.5
return_vs_benchmark,"[-0.0322424, -0.0322012)",-0.032242395,-0.032201215,0.056836752542232964,8,37.5
return_vs_benchmark,"[-0.0322012, -0.0320016)",-0.032201215,-0.032001615,0.056836752542232964,8,25.0
return_vs_benchmark,"[-0.0320016, -0.0319516)",-0.032001615,-0.031951595,0.056836752542232964,7,0.0
return_vs_benchmark,"[-0.0319516, -0.031814)",-0.031951595,-0.031814045,0.056745424883937585,8,0.0
return_vs_benchmark,"[-0.031814, -0.0317448)",-0.031814045,-0.03174477,0.056745424883937585,8,12.5
return_vs_benchmark,"[-0.0317448, -0.0316515)",-0.03174477,-0.031651485,0.05619477073938106,8,37.5
return_vs_benchmark,"[-0.0316515, -0.0315557)",-0.031651485,-0.031555705,0.05575306503137592,8,12.5
return_vs_benchmark,"[-0.0315557, -0.0314207)",-0.031555705,-0.03142073,0.055358987618720344,8,25.0
return_vs_benchmark,"[-0.0314207, -0.0313265)",-0.03142073,-0.03132646,0.055358987618720344,8,12.5
return_vs_benchmark,"[-0.0313265, -0.0312715)",-0.03132646,-0.031271515,0.05525595523991142,8,12.5
return_vs_benchmark,"[-0.0312715, -0.0311779)",-0.031271515,-0.031177895,0.05525595523991142,8,12.5
return_vs_benchmark,"[-0.0311779, -0.0311208)",-0.031177895,-0.031120775,0.05505646725273034,8,0.0
return_vs_benchmark,"[-0.0311208, -0.0310375)",-0.031120775,-0.03103747,0.05505646725273034,8,25.0
return_vs_benchmark,"[-0.0310375, -0.0309584)",-0.03103747,-0.030958395,0.05505646725273034,8,37.5
return_vs_benchmark,"[-0.0309584, -0.0307978)",-0.030958395,-0.030797779999999997,0.05473669898146859,8,0.0
return_vs_benchmark,"[-0.0307978, -0.0307044)",-0.030797779999999997,-0.030704385,0.05473669898146859,8,12.5
return_vs_benchmark,"[-0.0307044, -0.0304858)",-0.030704385,-0.030485815,0.054494943793843446,8,62.5
return_vs_benchmark,"[-0.0304858, -0.0303549)",-0.030485815,-0.030354865,0.05439241052757794,8,12.5
return_vs_benchmark,"[-0.0303549, -0.0302924)",-0.030354865,-0.03029241,0.05439241052757794,8,25.0
return_vs_benchmark,"[-0.0302924, -0.0300861)",-0.03029241,-0.030086145,0.054273274191763685,8,0.0
return_vs_benchmark,"[-0.0300861, -0.0299469)",-0.030086145,-0.02994689,0.054273274191763685,8,25.0
return_vs_benchmark,"[-0.0299469, -0.0298665)",-0.02994689,-0.029866505,0.054273274191763685,8,37.5
return_vs_benchmark,"[-0.0298665, -0.0297697)",-0.029866505,-0.029769715000000002,0.054081261022536825,8,12.5
return_vs_benchmark,"[-0.0297697, -0.0296559)",-0.029769715000000002,-0.029655889999999997,0.053715055533106175,8,0.0
return_vs_benchmark,"[-0.0296559, -0.0295968)",-0.029655889999999997,-0.029596789999999998,0.053546660755138434,7,28.57142857142857
return_vs_benchmark,"[-0.0295968, -0.0295345)",-0.029596789999999998,-0.029534545000000002,0.05309397957904806,8,0.0
return_vs_benchmark,"[-0.0295345, -0.0294472)",-0.029534545000000002,-0.029447185,0.052913669978240895,8,37.5
return_vs_benchmark,"[-0.0294472, -0.0293783)",-0.029447185,-0.02937826,0.052804632596360486,8,12.5
return_vs_benchmark,"[-0.0293783, -0.0293076)",-0.02937826,-0.029307649999999998,0.05256023234762003,8,12.5
return_vs_benchmark,"[-0.0293076, -0.029244)",-0.029307649999999998,-0.02924399,0.05209801852704939,8,0.0
return_vs_benchmark,"[-0.029244, -0.0291441)",-0.02924399,-0.029144089999999997,0.051781276099479204,8,0.0
return_vs_benchmark,"[-0.0291441, -0.0290364)",-0.029144089999999997,-0.029036375,0.05141932876111513,8,25.0
return_vs_benchmark,"[-0.0290364, -0.0289205)",-0.029036375,-0.02892051,0.05141932876111513,8,37.5
return_vs_benchmark,"[-0.0289205, -0.0288167)",-0.02892051,-0.028816704999999998,0.05141932876111513,8,25.0
return_vs_benchmark,"[-0.0288167, -0.028714)",-0.028816704999999998,-0.028714025,0.05114955877577412,8,12.5
return_vs_benchmark,"[-0.028714, -0.028628)",-0.028714025,-0.02862803,0.05101112820307415,8,12.5
return_vs_benchmark,"[-0.028628, -0.0284246)",-0.02862803,-0.028424585,0.05101112820307415,8,0.0
return_vs_benchmark,"[-0.0284246, -0.0282871)",-0.028424585,-0.028287140000000002,0.05048303487265771,8,12.5
return_vs_benchmark,"[-0.0282871, -0.0281839)",-0.028287140000000002,-0.02818388,0.05048303487265771,8,12.5
return_vs_benchmark,"[-0.0281839, -0.0281204)",-0.02818388,-0.02812041,0.05014588800913738,8,25.0
return_vs_benchmark,"[-0.0281204, -0.0279807)",-0.02812041,-0.027980665000000002,0.049747715002147384,8,12.5
return_vs_benchmark,"[-0.0279807, -0.0279023)",-0.027980665000000002,-0.027902265000000002,0.049747715002147384,8,37.5
return_vs_benchmark,"[-0.0279023, -0.0278221)",-0.027902265000000002,-0.02782208,0.049747715002147384,8,12.5
return_vs_benchmark,"[-0.0278221, -0.027732)",-0.02782208,-0.02773204,0.049747715002147384,8,25.0
return_vs_benchmark,"[-0.027732, -0.0276156)",-0.02773204,-0.027615595,0.04957234622663042,8,12.5
return_vs_benchmark,"[-0.0276156, -0.0274496)",-0.027615595,-0.027449639999999997,0.04957234622663042,8,25.0
return_vs_benchmark,"[-0.0274496, -0.0273233)",-0.027449639999999997,-0.027323300000000002,0.04923341450050757,8,25.0
return_vs_benchmark,"[-0.0273233, -0.0272286)",-0.027323300000000002,-0.027228574999999998,0.04923341450050757,8,12.5
return_vs_benchmark,"[-0.0272286, -0.0271761)",-0.027228574999999998,-0.02717613,0.04889747946611245,8,25.0
return_vs_benchmark,"[-0.0271761, -0.027008)",-0.02717613,-0.027007975,0.04838459583202219,8,25.0
return_vs_benchmark,"[-0.027008, -0.0268643)",-0.027007975,-0.02686429,0.04838459583202219,8,0.0
return_vs_benchmark,"[-0.0268643, -0.0267534)",-0.02686429,-0.02675337,0.04745710962837906,8,25.0
return_vs_benchmark,"[-0.0267534, -0.0266721)",-0.02675337,-0.026672065000000002,0.046909320585246245,8,0.0
return_vs_benchmark,"[-0.0266721, -0.026546)",-0.026672065000000002,-0.026545985,0.046719407959941874,8,12.5
return_vs_benchmark,"[-0.026546, -0.0263737)",-0.026545985,-0.02637371,0.04654812216132853,8,12.5
return_vs_benchmark,"[-0.0263737, -0.0262334)",-0.02637371,-0.026233365,0.04654812216132853,8,0.0
return_vs_benchmark,"[-0.0262334, -0.026159)",-0.026233365,-0.026158960000000002,0.04654812216132853,8,12.5
return_vs_benchmark,"[-0.026159, -0.026079)",-0.026158960000000002,-0.026079035,0.04604318743645734,8,25.0
return_vs_benchmark,"[-0.026079, -0.0259875)",-0.026079035,-0.025987505,0.04517747229034948,8,25.0
return_vs_benchmark,"[-0.0259875, -0.0258909)",-0.025987505,-0.02589094,0.04455505511618223,8,12.5
return_vs_benchmark,"[-0.0258909, -0.0257915)",-0.02589094,-0.025791485000000003,0.04428756036786628,8,25.0
return_vs_benchmark,"[-0.0257915, -0.0257037)",-0.025791485000000003,-0.02570373,0.043646499966490906,8,25.0
return_vs_benchmark,"[-0.0257037, -0.0256169)",-0.02570373,-0.02561695,0.043646499966490906,8,0.0
return_vs_benchmark,"[-0.0256169, -0.0254958)",-0.02561695,-0.02549579,0.043646499966490906,8,37.5
return_vs_benchmark,"[-0.0254958, -0.0253909)",-0.02549579,-0.02539089,0.043646499966490906,8,12.5
return_vs_benchmark,"[-0.0253909, -0.0252961)",-0.02539089,-0.025296085,0.043646499966490906,8,0.0
return_vs_benchmark,"[-0.0252961, -0.0252079)",-0.025296085,-0.025207905,0.04317494970358542,7,0.0
return_vs_benchmark,"[-0.0252079, -0.0250581)",-0.025207905,-0.025058095,0.0430296608301024,7,14.285714285714285
return_vs_benchmark,"[-0.0250581, -0.0250051)",-0.025058095,-0.02500512,0.0430296608301024,8,0.0
return_vs_benchmark,"[-0.0250051, -0.0248978)",-0.02500512,-0.02489781,0.0430296608301024,8,0.0
return_vs_benchmark,"[-0.0248978, -0.0247671)",-0.02489781,-0.024767064999999998,0.04265135686595165,8,0.0
return_vs_benchmark,"[-0.0247671, -0.0246513)",-0.024767064999999998,-0.02465133,0.0424818552004893,8,0.0
return_vs_benchmark,"[-0.0246513, -0.0245899)",-0.02465133,-0.02458989,0.042119786487259475,8,0.0
return_vs_benchmark,"[-0.0245899, -0.0244625)",-0.02458989,-0.02446251,0.042119786487259475,8,12.5
return_vs_benchmark,"[-0.0244625, -0.0243598)",-0.02446251,-0.024359825,0.041887198896904884,8,0.0
return_vs_benchmark,"[-0.0243598, -0.0242925)",-0.024359825,-0.0242925,0.041660821107885236,8,25.0
return_vs_benchmark,"[-0.0242925, -0.0242131)",-0.0242925,-0.02421311,0.041660821107885236,8,0.0
return_vs_benchmark,"[-0.0242131, -0.0240917)",-0.02421311,-0.024091735,0.04113938159287367,8,12.5
return_vs_benchmark,"[-0.0240917, -0.0239811)",-0.024091735,-0.02398105,0.04113938159287367,8,25.0
return_vs_benchmark,"[-0.0239811, -0.0238913)",-0.02398105,-0.02389132,0.04113938159287367,8,0.0
return_vs_benchmark,"[-0.0238913, -0.023833)",-0.02389132,-0.023833045,0.04075443828650165,8,37.5
return_vs_benchmark,"[-0.023833, -0.0237748)",-0.023833045,-0.023774815,0.04047395625244772,8,50.0
return_vs_benchmark,"[-0.0237748, -0.0236344)",-0.023774815,-0.023634389999999998,0.04047395625244772,8,25.0
return_vs_benchmark,"[-0.0236344, -0.0235455)",-0.023634389999999998,-0.023545455,0.04047395625244772,8,12.5
return_vs_benchmark,"[-0.0235455, -0.0234489)",-0.023545455,-0.02344891,0.0402665434286942,8,12.5
return_vs_benchmark,"[-0.0234489, -0.023328)",-0.02344891,-0.023327960000000002,0.039745861854664576,8,25.0
return_vs_benchmark,"[-0.023328, -0.023268)",-0.023327960000000002,-0.02326804,0.039745861854664576,8,50.0
return_vs_benchmark,"[-0.023268, -0.023148)",-0.02326804,-0.023148034999999997,0.03937967883390803,8,12.5
return_vs_benchmark,"[-0.023148, -0.0230082)",-0.023148034999999997,-0.02300822,0.03888765277452234,8,12.5
return_vs_benchmark,"[-0.0230082, -0.0229648)",-0.02300822,-0.02296476,0.03888765277452234,7,14.285714285714285
return_vs_benchmark,"[-0.0229648, -0.0228542)",-0.02296476,-0.02285421,0.03849072230528985,8,25.0
return_vs_benchmark,"[-0.0228542, -0.0228109)",-0.02285421,-0.02281088,0.03849072230528985,8,25.0
return_vs_benchmark,"[-0.0228109, -0.022729)",-0.02281088,-0.022728965,0.038232219340240015,8,12.5
return_vs_benchmark,"[-0.022729, -0.0226047)",-0.022728965,-0.022604675,0.037898304660122,8,12.5
return_vs_benchmark,"[-0.0226047, -0.0224779)",-0.022604675,-0.022477940000000002,0.037898304660122,8,25.0
return_vs_benchmark,"[-0.0224779, -0.0224013)",-0.022477940000000002,-0.022401320000000002,0.03746449272443355,8,0.0
return_vs_benchmark,"[-0.0224013, -0.0222688)",-0.022401320000000002,-0.02226885,0.03690465019796722,8,12.5
return_vs_benchmark,"[-0.0222688, -0.0221967)",-0.02226885,-0.022196675,0.036567349414420205,8,50.0
return_vs_benchmark,"[-0.0221967, -0.022081)",-0.022196675,-0.022080955,0.033996580145323266,8,12.5
return_vs_benchmark,"[-0.022081, -0.0219146)",-0.022080955,-0.021914580000000003,0.03368930653913141,8,0.0
return_vs_benchmark,"[-0.0219146, -0.0218166)",-0.021914580000000003,-0.021816639999999998,0.03368930653913141,8,12.5
return_vs_benchmark,"[-0.0218166, -0.0217294)",-0.021816639999999998,-0.021729424999999997,0.03350222906071812,8,12.5
return_vs_benchmark,"[-0.0217294, -0.0216323)",-0.021729424999999997,-0.021632335000000003,0.032558586387607225,8,12.5
return_vs_benchmark,"[-0.0216323, -0.0215457)",-0.021632335000000003,-0.021545735,0.03229495922044522,8,12.5
return_vs_benchmark,"[-0.0215457, -0.0214962)",-0.021545735,-0.021496175,0.03200150530730614,8,25.0
return_vs_benchmark,"[-0.0214962, -0.0213842)",-0.021496175,-0.02138418,0.03177323672739874,8,12.5
return_vs_benchmark,"[-0.0213842, -0.0212878)",-0.02138418,-0.02128783,0.03177323672739874,8,12.5
return_vs_benchmark,"[-0.0212878, -0.0212336)",-0.02128783,-0.021233645,0.03177323672739874,8,12.5
return_vs_benchmark,"[-0.0212336, -0.021144)",-0.021233645,-0.02114395,0.03160208043159361,8,25.0
return_vs_benchmark,"[-0.021144, -0.0210182)",-0.02114395,-0.021018195,0.03160208043159361,8,25.0
return_vs_benchmark,"[-0.0210182, -0.0209346)",-0.021018195,-0.020934575,0.030918969097205602,8,0.0
return_vs_benchmark,"[-0.0209346, -0.0208411)",-0.020934575,-0.02084106,0.03035766641350841,7,0.0
return_vs_benchmark,"[-0.0208411, -0.0207444)",-0.02084106,-0.02074439,0.03035766641350841,8,25.0
return_vs_benchmark,"[-0.0207444, -0.0206732)",-0.02074439,-0.020673209999999997,0.03035766641350841,8,37.5
return_vs_benchmark,"[-0.0206732, -0.0205177)",-0.020673209999999997,-0.020517675,0.030139424541309225,8,0.0
return_vs_benchmark,"[-0.0205177, -0.020465)",-0.020517675,-0.02046503,0.029849225382907497,8,12.5
return_vs_benchmark,"[-0.020465, -0.0203682)",-0.02046503,-0.02036819,0.029849225382907497,8,0.0
return_vs_benchmark,"[-0.0203682, -0.0202646)",-0.02036819,-0.020264579999999997,0.02967931991507547,8,0.0
return_vs_benchmark,"[-0.0202646, -0.0200995)",-0.020264579999999997,-0.02009952,0.029489646770106938,8,0.0
return_vs_benchmark,"[-0.0200995, -0.0199724)",-0.02009952,-0.01997239,0.029489646770106938,8,0.0
return_vs_benchmark,"[-0.0199724, -0.0198966)",-0.01997239,-0.019896615,0.029322864591160402,8,0.0
return_vs_benchmark,"[-0.0198966, -0.0198139)",-0.019896615,-0.01981385,0.028780733303378027,8,0.0
return_vs_benchmark,"[-0.0198139, -0.0196942)",-0.01981385,-0.01969425,0.028780733303378027,8,12.5
return_vs_benchmark,"[-0.0196942, -0.0196129)",-0.01969425,-0.019612865,0.02817905795312943,8,25.0
return_vs_benchmark,"[-0.0196129, -0.0195365)",-0.019612865,-0.01953651,0.02817905795312943,8,0.0
return_vs_benchmark,"[-0.0195365, -0.0194366)",-0.01953651,-0.019436575,0.028030107271606354,8,37.5
return_vs_benchmark,"[-0.0194366, -0.0193426)",-0.019436575,-0.019342579999999998,0.028030107271606354,8,37.5
return_vs_benchmark,"[-0.0193426, -0.0192177)",-0.019342579999999998,-0.019217724999999998,0.028030107271606354,8,0.0
return_vs_benchmark,"[-0.0192177, -0.0191092)",-0.019217724999999998,-0.01910924,0.02762834349423848,8,12.5
return_vs_benchmark,"[-0.0191092, -0.0189609)",-0.01910924,-0.01896091,0.02762834349423848,8,12.5
return_vs_benchmark,"[-0.0189609, -0.0188553)",-0.01896091,-0.018855305000000003,0.02762834349423848,8,0.0
return_vs_benchmark,"[-0.0188553, -0.0187995)",-0.018855305000000003,-0.018799535,0.02731802900443583,8,0.0
return_vs_benchmark,"[-0.0187995, -0.0187125)",-0.018799535,-0.01871249,0.027171209531815864,8,0.0
return_vs_benchmark,"[-0.0187125, -0.0186518)",-0.01871249,-0.018651835,0.02665912194198972,7,14.285714285714285
return_vs_benchmark,"[-0.0186518, -0.0185721)",-0.018651835,-0.01857209,0.02665912194198972,8,0.0
return_vs_benchmark,"[-0.0185721, -0.0184933)",-0.01857209,-0.01849328,0.026510319064201926,8,0.0
return_vs_benchmark,"[-0.0184933, -0.0184408)",-0.01849328,-0.018440835000000003,0.02632726242609508,8,25.0
return_vs_benchmark,"[-0.0184408, -0.0183723)",-0.018440835000000003,-0.01837229,0.026123372549982052,8,0.0
return_vs_benchmark,"[-0.0183723, -0.0182324)",-0.01837229,-0.01823236,0.025863616176907623,8,37.5
return_vs_benchmark,"[-0.0182324, -0.0181529)",-0.01823236,-0.018152855000000002,0.02557816786107596,8,25.0
return_vs_benchmark,"[-0.0181529, -0.0180788)",-0.018152855000000002,-0.018078835,0.025451238854164494,8,12.5
return_vs_benchmark,"[-0.0180788, -0.0179567)",-0.018078835,-0.017956705000000003,0.025329276968826992,8,0.0
return_vs_benchmark,"[-0.0179567, -0.017854)",-0.017956705000000003,-0.01785395,0.025329276968826992,8,50.0
return_vs_benchmark,"[-0.017854, -0.0176578)",-0.01785395,-0.01765784,0.025060711903302724,8,0.0
return_vs_benchmark,"[-0.0176578, -0.0175305)",-0.01765784,-0.01753047,0.025060711903302724,8,12.5
return_vs_benchmark,"[-0.0175305, -0.0174778)",-0.01753047,-0.017477760000000002,0.02478554686920885,8,0.0
return_vs_benchmark,"[-0.0174778, -0.0173902)",-0.017477760000000002,-0.017390215,0.02478554686920885,8,25.0
return_vs_benchmark,"[-0.0173902, -0.0172627)",-0.017390215,-0.01726266,0.024585493152212597,8,37.5
return_vs_benchmark,"[-0.0172627, -0.0171334)",-0.01726266,-0.017133429999999998,0.024442356896062098,8,25.0
return_vs_benchmark,"[-0.0171334, -0.0170161)",-0.017133429999999998,-0.017016085,0.024176537021561813,8,12.5
return_vs_benchmark,"[-0.0170161, -0.016903)",-0.017016085,-0.016902975,0.023830984808600034,8,0.0
return_vs_benchmark,"[-0.016903, -0.0167888)",-0.016902975,-0.01678882,0.023830984808600034,8,12.5
return_vs_benchmark,"[-0.0167888, -0.0166856)",-0.01678882,-0.01668563,0.023830984808600034,8,12.5
return_vs_benchmark,"[-0.0166856, -0.0166072)",-0.01668563,-0.01660716,0.023830984808600034,8,0.0
return_vs_benchmark,"[-0.0166072, -0.0165291)",-0.01660716,-0.016529095,0.023716126994959456,7,28.57142857142857
return_vs_benchmark,"[-0.0165291, -0.0164559)",-0.016529095,-0.01645593,0.02356078113634762,8,12.5
return_vs_benchmark,"[-0.0164559, -0.016365)",-0.01645593,-0.016365015,0.02356078113634762,8,25.0
return_vs_benchmark,"[-0.016365, -0.0163034)",-0.016365015,-0.016303365,0.022931354038600214,8,12.5
return_vs_benchmark,"[-0.0163034, -0.0162235)",-0.016303365,-0.01622354,0.022931354038600214,8,12.5
return_vs_benchmark,"[-0.0162235, -0.0161298)",-0.01622354,-0.016129835000000002,0.022931354038600214,8,0.0
return_vs_benchmark,"[-0.0161298, -0.01604)",-0.016129835000000002,-0.01604,0.02276400667594304,8,12.5
return_vs_benchmark,"[-0.01604, -0.0159124)",-0.01604,-0.0159124,0.022608743126678807,8,12.5
return_vs_benchmark,"[-0.0159124, -0.0157576)",-0.0159124,-0.01575756,0.022164756159757267,8,12.5
return_vs_benchmark,"[-0.0157576, -0.0156153)",-0.01575756,-0.01561531,0.021458823288588703,8,25.0
return_vs_benchmark,"[-0.0156153, -0.0154925)",-0.01561531,-0.015492495,0.021276967626007715,8,25.0
return_vs_benchmark,"[-0.0154925, -0.0153994)",-0.015492495,-0.015399375,0.021276967626007715,8,12.5
return_vs_benchmark,"[-0.0153994, -0.0153234)",-0.015399375,-0.01532344,0.020951120000993848,8,25.0
return_vs_benchmark,"[-0.0153234, -0.0152025)",-0.01532344,-0.015202455,0.02061201494473885,8,25.0
return_vs_benchmark,"[-0.0152025, -0.0151473)",-0.015202455,-0.0151473,0.020287144919488274,8,12.5
return_vs_benchmark,"[-0.0151473, -0.0150417)",-0.0151473,-0.015041684999999999,0.020287144919488274,8,12.5
return_vs_benchmark,"[-0.0150417, -0.0149022)",-0.015041684999999999,-0.014902235,0.019869908968301844,8,0.0
return_vs_benchmark,"[-0.0149022, -0.0148446)",-0.014902235,-0.014844574999999999,0.019328114580460277,8,37.5
return_vs_benchmark,"[-0.0148446, -0.0147653)",-0.014844574999999999,-0.01476532,0.0191032893100037,8,25.0
return_vs_benchmark,"[-0.0147653, -0.0146742)",-0.01476532,-0.014674215000000001,0.018864787326424586,8,12.5
return_vs_benchmark,"[-0.0146742, -0.0145306)",-0.014674215000000001,-0.014530600000000001,0.01870031781621257,8,0.0
return_vs_benchmark,"[-0.0145306, -0.0144062)",-0.014530600000000001,-0.014406175,0.018502910396519818,8,12.5
return_vs_benchmark,"[-0.0144062, -0.0142622)",-0.014406175,-0.01426218,0.018367974529394374,7,42.857142857142854
return_vs_benchmark,"[-0.0142622, -0.0141598)",-0.01426218,-0.014159795,0.01798793625565584,8,12.5
return_vs_benchmark,"[-0.0141598, -0.0140908)",-0.014159795,-0.01409076,0.01798793625565584,8,12.5
return_vs_benchmark,"[-0.0140908, -0.0139802)",-0.01409076,-0.013980235,0.01798793625565584,8,25.0
return_vs_benchmark,"[-0.0139802, -0.0139004)",-0.013980235,-0.013900365000000001,0.017520587889475768,8,12.5
return_vs_benchmark,"[-0.0139004, -0.0138247)",-0.013900365000000001,-0.01382473,0.017520587889475768,8,12.5
return_vs_benchmark,"[-0.0138247, -0.013718)",-0.01382473,-0.01371801,0.016982809695444082,8,12.5
return_vs_benchmark,"[-0.013718, -0.01365)",-0.01371801,-0.013650035000000001,0.016982809695444082,8,37.5
return_vs_benchmark,"[-0.01365, -0.0134788)",-0.013650035000000001,-0.013478805,0.016758907063657603,8,25.0
return_vs_benchmark,"[-0.0134788, -0.0133968)",-0.013478805,-0.0133968,0.013490000687608273,8,0.0
return_vs_benchmark,"[-0.0133968, -0.013314)",-0.0133968,-0.013314030000000001,0.013490000687608273,8,37.5
return_vs_benchmark,"[-0.013314, -0.0132103)",-0.013314030000000001,-0.013210280000000001,-0.005598386439530175,8,0.0
return_vs_benchmark,"[-0.0132103, -0.0131237)",-0.013210280000000001,-0.01312375,-0.0062432839584718475,8,0.0
return_vs_benchmark,"[-0.0131237, -0.012969)",-0.01312375,-0.01296897,-0.0062432839584718475,8,12.5
return_vs_benchmark,"[-0.012969, -0.0128516)",-0.01296897,-0.012851640000000001,-0.0062432839584718475,8,0.0
return_vs_benchmark,"[-0.0128516, -0.0126736)",-0.012851640000000001,-0.012673625,-0.006524541270136193,8,25.0
return_vs_benchmark,"[-0.0126736, -0.0125375)",-0.012673625,-0.012537475,-0.006950235095821676,8,12.5
return_vs_benchmark,"[-0.0125375, -0.012449)",-0.012537475,-0.01244896,-0.0071118329118682036,8,12.5
return_vs_benchmark,"[-0.012449, -0.0123597)",-0.01244896,-0.012359655,-0.0071118329118682036,8,0.0
return_vs_benchmark,"[-0.0123597, -0.0122444)",-0.012359655,-0.012244445,-0.0071118329118682036,8,12.5
return_vs_benchmark,"[-0.0122444, -0.0121534)",-0.012244445,-0.01215336,-0.0075076820220824425,8,0.0
return_vs_benchmark,"[-0.0121534, -0.0120619)",-0.01215336,-0.012061925000000001,-0.008081925857109195,8,0.0
return_vs_benchmark,"[-0.0120619, -0.0119704)",-0.012061925000000001,-0.01197043,-0.008460651191794899,7,0.0
return_vs_benchmark,"[-0.0119704, -0.011902)",-0.01197043,-0.011902015,-0.008784164237925968,8,25.0
return_vs_benchmark,"[-0.011902, -0.0117855)",-0.011902015,-0.011785465,-0.00895795049466344,8,12.5
return_vs_benchmark,"[-0.0117855, -0.011646)",-0.011785465,-0.011645985000000001,-0.00895795049466344,8,12.5
return_vs_benchmark,"[-0.011646, -0.0115222)",-0.011645985000000001,-0.011522205,-0.00919914225439367,8,12.5
return_vs_benchmark,"[-0.0115222, -0.0114433)",-0.011522205,-0.011443314999999999,-0.009383763016039692,8,25.0
return_vs_benchmark,"[-0.0114433, -0.0113429)",-0.011443314999999999,-0.01134288,-0.009789308717954245,8,12.5
return_vs_benchmark,"[-0.0113429, -0.0112291)",-0.01134288,-0.01122914,-0.009789308717954245,8,37.5
return_vs_benchmark,"[-0.0112291, -0.0111115)",-0.01122914,-0.011111535,-0.010370347018133032,8,12.5
return_vs_benchmark,"[-0.0111115, -0.0109599)",-0.011111535,-0.0109599,-0.010642206383954694,8,12.5
return_vs_benchmark,"[-0.0109599, -0.0108295)",-0.0109599,-0.010829455,-0.011103398682979016,8,0.0
return_vs_benchmark,"[-0.0108295, -0.0107535)",-0.010829455,-0.0107535,-0.011103398682979016,8,25.0
return_vs_benchmark,"[-0.0107535, -0.0106124)",-0.0107535,-0.01061238,-0.011724555937474786,8,12.5
return_vs_benchmark,"[-0.0106124, -0.0105081)",-0.01061238,-0.010508145,-0.012394723527240933,8,12.5
return_vs_benchmark,"[-0.0105081, -0.0103693)",-0.010508145,-0.010369320000000001,-0.012394723527240933,8,0.0
return_vs_benchmark,"[-0.0103693, -0.0102422)",-0.010369320000000001,-0.01024223,-0.012394723527240933,8,25.0
return_vs_benchmark,"[-0.0102422, -0.0100319)",-0.01024223,-0.010031855,-0.012922339271711646,8,25.0
return_vs_benchmark,"[-0.0100319, -0.00992248)",-0.010031855,-0.009922485,-0.013569109903119745,8,0.0
return_vs_benchmark,"[-0.00992248, -0.00985891)",-0.009922485,-0.009858915,-0.013569109903119745,8,25.0
return_vs_benchmark,"[-0.00985891, -0.00978837)",-0.009858915,-0.009788365,-0.013569109903119745,8,12.5
return_vs_benchmark,"[-0.00978837, -0.00967202)",-0.009788365,-0.00967202,-0.014653855804399294,8,0.0
return_vs_benchmark,"[-0.00967202, -0.00957456)",-0.00967202,-0.009574555,-0.014653855804399294,7,14.285714285714285
return_vs_benchmark,"[-0.00957456, -0.00939)",-0.009574555,-0.009390005,-0.014988197228490468,8,0.0
return_vs_benchmark,"[-0.00939, -0.00929533)",-0.009390005,-0.009295330000000001,-0.015452767459125355,8,12.5
return_vs_benchmark,"[-0.00929533, -0.00921535)",-0.009295330000000001,-0.00921535,-0.015808287524874377,8,12.5
return_vs_benchmark,"[-0.00921535, -0.00912831)",-0.00921535,-0.00912831,-0.016262239524477824,8,25.0
return_vs_benchmark,"[-0.00912831, -0.00904174)",-0.00912831,-0.009041735,-0.016516676323347804,8,0.0
return_vs_benchmark,"[-0.00904174, -0.0089455)",-0.009041735,-0.008945495000000001,-0.01680228540743917,8,25.0
return_vs_benchmark,"[-0.0089455, -0.00883104)",-0.008945495000000001,-0.00883104,-0.01697614752851503,8,12.5
return_vs_benchmark,"[-0.00883104, -0.00872631)",-0.00883104,-0.008726310000000001,-0.01697614752851503,8,0.0
return_vs_benchmark,"[-0.00872631, -0.00856899)",-0.008726310000000001,-0.008568995,-0.017196528945408667,8,12.5
return_vs_benchmark,"[-0.00856899, -0.00849408)",-0.008568995,-0.008494075,-0.017196528945408667,8,0.0
return_vs_benchmark,"[-0.00849408, -0.00838781)",-0.008494075,-0.008387815,-0.017523223761699864,8,0.0
return_vs_benchmark,"[-0.00838781, -0.00829705)",-0.008387815,-0.00829705,-0.017860511808188897,8,0.0
return_vs_benchmark,"[-0.00829705, -0.00817146)",-0.00829705,-0.00817146,-0.01821271556670716,8,0.0
return_vs_benchmark,"[-0.00817146, -0.00808962)",-0.00817146,-0.008089619999999999,-0.018766627812780042,8,0.0
return_vs_benchmark,"[-0.00808962, -0.00800722)",-0.008089619999999999,-0.008007219999999999,-0.019021601815403476,8,12.5
return_vs_benchmark,"[-0.00800722, -0.00788864)",-0.008007219999999999,-0.007888645,-0.019021601815403476,8,25.0
return_vs_benchmark,"[-0.00788864, -0.00780004)",-0.007888645,-0.007800035,-0.019021601815403476,8,12.5
return_vs_benchmark,"[-0.00780004, -0.0076601)",-0.007800035,-0.0076600950000000004,-0.019021601815403476,8,12.5
return_vs_benchmark,"[-0.0076601, -0.00757707)",-0.0076600950000000004,-0.00757707,-0.019413176148304415,8,12.5
return_vs_benchmark,"[-0.00757707, -0.00748341)",-0.00757707,-0.007483405,-0.01979089901000945,8,0.0
return_vs_benchmark,"[-0.00748341, -0.00743004)",-0.007483405,-0.007430040000000001,-0.01992333378585037,7,0.0
return_vs_benchmark,"[-0.00743004, -0.00730084)",-0.007430040000000001,-0.007300835,-0.020450588753053923,8,25.0
return_vs_benchmark,"[-0.00730084, -0.00719913)",-0.007300835,-0.00719913,-0.02076722066298911,8,0.0
return_vs_benchmark,"[-0.00719913, -0.00703133)",-0.00719913,-0.0070313300000000006,-0.0209732844889711,8,0.0
return_vs_benchmark,"[-0.00703133, -0.00693435)",-0.0070313300000000006,-0.006934355,-0.0209732844889711,8,12.5
return_vs_benchmark,"[-0.00693435, -0.00686617)",-0.006934355,-0.0068661699999999996,-0.021133026452292192,8,12.5
return_vs_benchmark,"[-0.00686617, -0.00675664)",-0.0068661699999999996,-0.00675664,-0.021133026452292192,8,0.0
return_vs_benchmark,"[-0.00675664, -0.00665117)",-0.00675664,-0.00665117,-0.021282319459435716,8,0.0
return_vs_benchmark,"[-0.00665117, -0.00657534)",-0.00665117,-0.00657534,-0.021282319459435716,8,12.5
return_vs_benchmark,"[-0.00657534, -0.0064881)",-0.00657534,-0.006488104999999999,-0.021830086376617472,8,25.0
return_vs_benchmark,"[-0.0064881, -0.00637284)",-0.006488104999999999,-0.006372839999999999,-0.022188305339752586,8,0.0
return_vs_benchmark,"[-0.00637284, -0.00621406)",-0.006372839999999999,-0.0062140649999999995,-0.022398661449972993,8,0.0
return_vs_benchmark,"[-0.00621406, -0.0061303)",-0.0062140649999999995,-0.006130305,-0.022398661449972993,8,12.5
return_vs_benchmark,"[-0.0061303, -0.00601443)",-0.006130305,-0.006014425,-0.02255570314963007,8,12.5
return_vs_benchmark,"[-0.00601443, -0.00594199)",-0.006014425,-0.005941989999999999,-0.02255570314963007,8,12.5
return_vs_benchmark,"[-0.00594199, -0.00583137)",-0.005941989999999999,-0.00583137,-0.022937681395618338,8,0.0
return_vs_benchmark,"[-0.00583137, -0.00579189)",-0.00583137,-0.005791885,-0.023123437927901003,8,12.5
return_vs_benchmark,"[-0.00579189, -0.00566767)",-0.005791885,-0.00566767,-0.0235968165239195,8,0.0
return_vs_benchmark,"[-0.00566767, -0.00559184)",-0.00566767,-0.00559184,-0.02382830315681484,8,0.0
return_vs_benchmark,"[-0.00559184, -0.00545444)",-0.00559184,-0.0054544350000000005,-0.02382830315681484,8,12.5
return_vs_benchmark,"[-0.00545444, -0.00532792)",-0.0054544350000000005,-0.00532792,-0.023937898801065442,8,25.0
return_vs_benchmark,"[-0.00532792, -0.0052438)",-0.00532792,-0.0052438,-0.024504921558368906,8,12.5
return_vs_benchmark,"[-0.0052438, -0.00513032)",-0.0052438,-0.005130325,-0.025058959331260663,7,14.285714285714285
return_vs_benchmark,"[-0.00513032, -0.00500416)",-0.005130325,-0.005004165,-0.025456292869075997,8,25.0
return_vs_benchmark,"[-0.00500416, -0.00493346)",-0.005004165,-0.004933460000000001,-0.025456292869075997,8,0.0
return_vs_benchmark,"[-0.00493346, -0.00483719)",-0.004933460000000001,-0.004837195,-0.025539293881451656,8,25.0
return_vs_benchmark,"[-0.00483719, -0.00472316)",-0.004837195,-0.004723165,-0.02585159290691579,8,25.0
return_vs_benchmark,"[-0.00472316, -0.00460481)",-0.004723165,-0.004604815,-0.026268116304382607,8,12.5
return_vs_benchmark,"[-0.00460481, -0.00451659)",-0.004604815,-0.00451659,-0.02645027854293143,8,0.0
return_vs_benchmark,"[-0.00451659, -0.00438891)",-0.00451659,-0.00438891,-0.026593881935663574,8,0.0
return_vs_benchmark,"[-0.00438891, -0.00428672)",-0.00438891,-0.004286725,-0.02699750333915013,8,12.5
return_vs_benchmark,"[-0.00428672, -0.00420394)",-0.004286725,-0.004203935000000001,-0.02699750333915013,8,12.5
return_vs_benchmark,"[-0.00420394, -0.00410841)",-0.004203935000000001,-0.00410841,-0.027185392930055723,8,12.5
return_vs_benchmark,"[-0.00410841, -0.00399787)",-0.00410841,-0.00399787,-0.027185392930055723,8,12.5
return_vs_benchmark,"[-0.00399787, -0.00388155)",-0.00399787,-0.00388155,-0.027443759904920033,8,25.0
return_vs_benchmark,"[-0.00388155, -0.00375968)",-0.00388155,-0.0037596799999999996,-0.027443759904920033,8,25.0
return_vs_benchmark,"[-0.00375968, -0.0036698)",-0.0037596799999999996,-0.0036698,-0.027443759904920033,8,12.5
return_vs_benchmark,"[-0.0036698, -0.00353082)",-0.0036698,-0.00353082,-0.02760343959426972,8,25.0
return_vs_benchmark,"[-0.00353082, -0.00343567)",-0.00353082,-0.00343567,-0.02760343959426972,8,25.0
return_vs_benchmark,"[-0.00343567, -0.0033338)",-0.00343567,-0.003333795,-0.02809340510657729,8,25.0
return_vs_benchmark,"[-0.0033338, -0.00320388)",-0.003333795,-0.00320388,-0.028859311451333598,8,0.0
return_vs_benchmark,"[-0.00320388, -0.00306377)",-0.00320388,-0.003063775,-0.028859311451333598,8,0.0
return_vs_benchmark,"[-0.00306377, -0.0029669)",-0.003063775,-0.0029669049999999997,-0.02907481755264073,8,0.0
return_vs_benchmark,"[-0.0029669, -0.00283736)",-0.0029669049999999997,-0.0028373649999999997,-0.029231720492066453,8,12.5
return_vs_benchmark,"[-0.00283736, -0.00272857)",-0.0028373649999999997,-0.002728565,-0.029396150040596574,7,0.0
return_vs_benchmark,"[-0.00272857, -0.00257056)",-0.002728565,-0.00257056,-0.029396150040596574,8,0.0
return_vs_benchmark,"[-0.00257056, -0.0024321)",-0.00257056,-0.002432105,-0.029573473391066037,8,12.5
return_vs_benchmark,"[-0.0024321, -0.00232665)",-0.002432105,-0.002326655,-0.029745728575636458,8,12.5
return_vs_benchmark,"[-0.00232665, -0.0021845)",-0.002326655,-0.0021845,-0.029940120901863043,8,25.0
return_vs_benchmark,"[-0.0021845, -0.00209014)",-0.0021845,-0.00209014,-0.029940120901863043,8,25.0
return_vs_benchmark,"[-0.00209014, -0.00197267)",-0.00209014,-0.001972665,-0.03008050532021305,8,0.0
return_vs_benchmark,"[-0.00197267, -0.00184202)",-0.001972665,-0.001842025,-0.030866135336884728,8,12.5
return_vs_benchmark,"[-0.00184202, -0.00177019)",-0.001842025,-0.00177019,-0.030866135336884728,8,0.0
return_vs_benchmark,"[-0.00177019, -0.00162964)",-0.00177019,-0.0016296449999999999,-0.030866135336884728,8,12.5
return_vs_benchmark,"[-0.00162964, -0.00149174)",-0.0016296449999999999,-0.0014917350000000001,-0.030866135336884728,8,25.0
return_vs_benchmark,"[-0.00149174, -0.00126495)",-0.0014917350000000001,-0.00126495,-0.031489496778371116,8,12.5
return_vs_benchmark,"[-0.00126495, -0.0011505)",-0.00126495,-0.001150495,-0.03197495557417175,8,12.5
return_vs_benchmark,"[-0.0011505, -0.00109458)",-0.001150495,-0.00109458,-0.03197495557417175,8,37.5
return_vs_benchmark,"[-0.00109458, -0.00104499)",-0.00109458,-0.001044985,-0.03216002091045818,8,37.5
return_vs_benchmark,"[-0.00104499, -0.00094887)",-0.001044985,-0.00094887,-0.03258517700744911,8,12.5
return_vs_benchmark,"[-0.00094887, -0.00085637)",-0.00094887,-0.00085637,-0.03284514228532055,8,37.5
return_vs_benchmark,"[-0.00085637, -0.000775235)",-0.00085637,-0.000775235,-0.03302221059089548,8,0.0
return_vs_benchmark,"[-0.000775235, -0.00073398)",-0.000775235,-0.00073398,-0.03316476721909803,8,12.5
return_vs_benchmark,"[-0.00073398, -0.00065891)",-0.00073398,-0.00065891,-0.033325326151884285,8,12.5
return_vs_benchmark,"[-0.00065891, -0.000547415)",-0.00065891,-0.000547415,-0.033635808421954336,8,12.5
return_vs_benchmark,"[-0.000547415, -0.00044304)",-0.000547415,-0.00044304,-0.033635808421954336,8,25.0
return_vs_benchmark,"[-0.00044304, -0.000328605)",-0.00044304,-0.00032860500000000004,-0.03391296184636837,7,28.57142857142857
return_vs_benchmark,"[-0.000328605, -0.000235515)",-0.00032860500000000004,-0.000235515,-0.03391296184636837,8,12.5
return_vs_benchmark,"[-0.000235515, -0.00016993)",-0.000235515,-0.00016993,-0.03441664406034318,8,37.5
return_vs_benchmark,"[-0.00016993, -0.00010864)",-0.00016993,-0.00010863999999999999,-0.034997404444448744,8,12.5
return_vs_benchmark,"[-0.00010864, -1.7025e-05)",-0.00010863999999999999,-1.7025e-05,-0.035191580159920306,8,12.5
return_vs_benchmark,"[-1.7025e-05, 4.866e-05)",-1.7025e-05,4.866e-05,-0.035395378007269905,8,37.5
return_vs_benchmark,"[4.866e-05, 0.00016116)",4.866e-05,0.00016116,-0.035874713819669515,8,0.0
return_vs_benchmark,"[0.00016116, 0.000258135)",0.00016116,0.000258135,-0.035874713819669515,8,0.0
return_vs_benchmark,"[0.000258135, 0.00049957)",0.000258135,0.00049957,-0.03617789887267277,8,12.5
return_vs_benchmark,"[0.00049957, 0.000633495)",0.00049957,0.000633495,-0.03617789887267277,8,25.0
return_vs_benchmark,"[0.000633495, 0.00078363)",0.000633495,0.00078363,-0.03638114978742934,8,0.0
return_vs_benchmark,"[0.00078363, 0.000876145)",0.00078363,0.000876145,-0.03638114978742934,8,12.5
return_vs_benchmark,"[0.000876145, 0.000995075)",0.000876145,0.000995075,-0.03638114978742934,8,37.5
return_vs_benchmark,"[0.000995075, 0.00110488)",0.000995075,0.00110488,-0.036667490804536684,8,25.0
return_vs_benchmark,"[0.00110488, 0.00124666)",0.00110488,0.0012466550000000002,-0.03725186934240994,8,25.0
return_vs_benchmark,"[0.00124666, 0.00139989)",0.0012466550000000002,0.001399895,-0.03752544116549504,8,12.5
return_vs_benchmark,"[0.00139989, 0.00145815)",0.001399895,0.001458145,-0.03827568368789122,8,0.0
return_vs_benchmark,"[0.00145815, 0.00151961)",0.001458145,0.001519615,-0.038733801011364505,8,25.0
return_vs_benchmark,"[0.00151961, 0.00165012)",0.001519615,0.00165012,-0.038733801011364505,8,37.5
return_vs_benchmark,"[0.00165012, 0.00176167)",0.00165012,0.00176167,-0.03898096490605418,8,12.5
return_vs_benchmark,"[0.00176167, 0.00185282)",0.00176167,0.00185282,-0.03930221922111106,8,0.0
return_vs_benchmark,"[0.00185282, 0.00198438)",0.00185282,0.00198438,-0.03930221922111106,8,25.0
return_vs_benchmark,"[0.00198438, 0.00217218)",0.00198438,0.00217218,-0.03930221922111106,8,12.5
return_vs_benchmark,"[0.00217218, 0.00227191)",0.00217218,0.0022719050000000003,-0.03971544693046092,8,25.0
return_vs_benchmark,"[0.00227191, 0.00245526)",0.0022719050000000003,0.00245526,-0.0407212394510265,8,12.5
return_vs_benchmark,"[0.00245526, 0.00251042)",0.00245526,0.00251042,-0.0407212394510265,8,0.0
return_vs_benchmark,"[0.00251042, 0.00255449)",0.00251042,0.002554485,-0.04111909771383274,8,0.0
return_vs_benchmark,"[0.00255449, 0.00260414)",0.002554485,0.002604135,-0.04111909771383274,8,12.5
return_vs_benchmark,"[0.00260414, 0.00273551)",0.002604135,0.00273551,-0.04150745716950608,8,37.5
return_vs_benchmark,"[0.00273551, 0.00290884)",0.00273551,0.0029088350000000002,-0.04150745716950608,8,12.5
return_vs_benchmark,"[0.00290884, 0.00298832)",0.0029088350000000002,0.002988315,-0.04237118745501743,8,12.5
return_vs_benchmark,"[0.00298832, 0.00311574)",0.002988315,0.0031157399999999997,-0.043320311764781724,8,12.5
return_vs_benchmark,"[0.00311574, 0.00328802)",0.0031157399999999997,0.003288015,-0.04374038142932913,8,12.5
return_vs_benchmark,"[0.00328802, 0.0033895)",0.003288015,0.0033895,-0.04409690474287864,8,0.0
return_vs_benchmark,"[0.0033895, 0.0035393)",0.0033895,0.0035393,-0.04409690474287864,8,12.5
return_vs_benchmark,"[0.0035393, 0.00360332)",0.0035393,0.00360332,-0.04500298044157029,8,37.5
return_vs_benchmark,"[0.00360332, 0.00368359)",0.00360332,0.0036835899999999996,-0.045256751964288314,8,12.5
return_vs_benchmark,"[0.00368359, 0.00378898)",0.0036835899999999996,0.00378898,-0.04562614800842482,8,12.5
return_vs_benchmark,"[0.00378898, 0.00385157)",0.00378898,0.00385157,-0.0460482849773295,8,25.0
return_vs_benchmark,"[0.00385157, 0.00396613)",0.00385157,0.003966135,-0.0460482849773295,8,12.5
return_vs_benchmark,"[0.00396613, 0.00406668)",0.003966135,0.0040666750000000005,-0.04702040045976142,8,25.0
return_vs_benchmark,"[0.00406668, 0.00415698)",0.0040666750000000005,0.00415698,-0.04820499343960032,8,50.0
return_vs_benchmark,"[0.00415698, 0.00431591)",0.00415698,0.004315909999999999,-0.051855808331455595,8,12.5
return_vs_benchmark,"[0.00431591, 0.00445186)",0.004315909999999999,0.00445186,-0.05212957958870445,8,0.0
return_vs_benchmark,"[0.00445186, 0.00463021)",0.00445186,0.004630205,-0.05271250136478143,8,12.5
return_vs_benchmark,"[0.00463021, 0.00473376)",0.004630205,0.004733755,-0.052996722681087766,8,12.5
return_vs_benchmark,"[0.00473376, 0.00484164)",0.004733755,0.0048416399999999995,-0.05327094199613243,8,12.5
return_vs_benchmark,"[0.00484164, 0.00491668)",0.0048416399999999995,0.0049166750000000006,-0.05327094199613243,8,0.0
return_vs_benchmark,"[0.00491668, 0.00503379)",0.0049166750000000006,0.005033795,-0.05369872402267833,8,12.5
return_vs_benchmark,"[0.00503379, 0.00513556)",0.005033795,0.00513556,-0.05369872402267833,8,12.5
return_vs_benchmark,"[0.00513556, 0.00523406)",0.00513556,0.0052340600000000004,-0.05369872402267833,8,12.5
return_vs_benchmark,"[0.00523406, 0.00530644)",0.0052340600000000004,0.00530644,-0.05369872402267833,8,0.0
return_vs_benchmark,"[0.00530644, 0.00540914)",0.00530644,0.005409145,-0.05414063059470953,8,12.5
return_vs_benchmark,"[0.00540914, 0.00547926)",0.005409145,0.005479255000000001,-0.05414063059470953,8,12.5
return_vs_benchmark,"[0.00547926, 0.00557327)",0.005479255000000001,0.00557327,-0.05435641533849188,8,0.0
return_vs_benchmark,"[0.00557327, 0.00578538)",0.00557327,0.00578538,-0.05435641533849188,8,12.5
return_vs_benchmark,"[0.00578538, 0.00584826)",0.00578538,0.005848255,-0.05457046265304054,8,25.0
return_vs_benchmark,"[0.00584826, 0.00595603)",0.005848255,0.005956029999999999,-0.054855784659292854,8,12.5
return_vs_benchmark,"[0.00595603, 0.00610582)",0.005956029999999999,0.00610582,-0.0556402254716872,8,0.0
return_vs_benchmark,"[0.00610582, 0.00623836)",0.00610582,0.00623836,-0.05605591548627649,8,12.5
return_vs_benchmark,"[0.00623836, 0.0063583)",0.00623836,0.0063583,-0.05765549134267673,8,25.0
return_vs_benchmark,"[0.0063583, 0.00648086)",0.0063583,0.00648086,-0.05765549134267673,8,25.0
return_vs_benchmark,"[0.00648086, 0.006555)",0.00648086,0.006554995,-0.05765549134267673,8,50.0
return_vs_benchmark,"[0.006555, 0.00666908)",0.006554995,0.00666908,-0.05765549134267673,8,12.5
return_vs_benchmark,"[0.00666908, 0.00678524)",0.00666908,0.00678524,-0.05796773588366243,8,0.0
return_vs_benchmark,"[0.00678524, 0.00694495)",0.00678524,0.00694495,-0.058816829577192364,8,0.0
return_vs_benchmark,"[0.00694495, 0.00703262)",0.00694495,0.007032615000000001,-0.058816829577192364,8,25.0
return_vs_benchmark,"[0.00703262, 0.00715939)",0.007032615000000001,0.00715939,-0.058816829577192364,8,25.0
return_vs_benchmark,"[0.00715939, 0.00726288)",0.00715939,0.007262879999999999,-0.060030172176731886,8,12.5
return_vs_benchmark,"[0.00726288, 0.00732903)",0.007262879999999999,0.00732903,-0.06026721079993269,8,12.5
return_vs_benchmark,"[0.00732903, 0.00742032)",0.00732903,0.007420319999999999,-0.0607037248645477,8,12.5
return_vs_benchmark,"[0.00742032, 0.00756531)",0.007420319999999999,0.0075653100000000004,-0.06099388865276444,8,12.5
return_vs_benchmark,"[0.00756531, 0.00768134)",0.0075653100000000004,0.00768134,-0.061374503533739515,8,25.0
return_vs_benchmark,"[0.00768134, 0.00770525)",0.00768134,0.00770525,-0.07004651284899135,8,12.5
return_vs_benchmark,"[0.00770525, 0.00781521)",0.00770525,0.00781521,-0.07711029029981838,8,0.0
return_vs_benchmark,"[0.00781521, 0.00797845)",0.00781521,0.007978445,-0.07711029029981838,8,0.0
return_vs_benchmark,"[0.00797845, 0.00812282)",0.007978445,0.00812282,-0.07740396946481355,8,25.0
return_vs_benchmark,"[0.00812282, 0.00827681)",0.00812282,0.008276815,-0.07740396946481355,8,25.0
return_vs_benchmark,"[0.00827681, 0.00836702)",0.008276815,0.00836702,-0.13630436326186757,8,0.0
return_vs_benchmark,"[0.00836702, 0.00843971)",0.00836702,0.00843971,-0.13686209568053068,8,0.0
return_vs_benchmark,"[0.00843971, 0.00847511)",0.00843971,0.008475105,-0.13720114602243075,8,0.0
return_vs_benchmark,"[0.00847511, 0.00859788)",0.008475105,0.008597879999999999,-0.13743234085906947,8,12.5
return_vs_benchmark,"[0.00859788, 0.00873777)",0.008597879999999999,0.008737775,-0.13743234085906947,8,0.0
return_vs_benchmark,"[0.00873777, 0.00878151)",0.008737775,0.008781505,-0.13743234085906947,8,12.5
return_vs_benchmark,"[0.00878151, 0.00886752)",0.008781505,0.00886752,-0.1380500797734502,8,25.0
return_vs_benchmark,"[0.00886752, 0.00895064)",0.00886752,0.00895064,-0.1380500797734502,8,0.0
return_vs_benchmark,"[0.00895064, 0.00904898)",0.00895064,0.009048980000000002,-0.13865083679379153,8,37.5
return_vs_benchmark,"[0.00904898, 0.00915486)",0.009048980000000002,0.009154865,-0.1583951330886504,8,0.0
return_vs_benchmark,"[0.00915486, 0.00930747)",0.009154865,0.00930747,-0.15905482231706958,8,0.0
return_vs_benchmark,"[0.00930747, 0.00944306)",0.00930747,0.00944306,-0.15931246613812383,8,0.0
return_vs_benchmark,"[0.00944306, 0.00957854)",0.00944306,0.00957854,-0.1599322072528519,8,12.5
return_vs_benchmark,"[0.00957854, 0.00970065)",0.00957854,0.009700645,-0.1599322072528519,8,12.5
return_vs_benchmark,"[0.00970065, 0.00979739)",0.009700645,0.009797385,-0.1599322072528519,8,12.5
return_vs_benchmark,"[0.00979739, 0.00988871)",0.009797385,0.009888715,-0.16069849365340474,8,12.5
return_vs_benchmark,"[0.00988871, 0.0100409)",0.009888715,0.0100409,-0.16140601967019505,8,0.0
return_vs_benchmark,"[0.0100409, 0.0102183)",0.0100409,0.010218294999999999,-0.16140601967019505,8,12.5
return_vs_benchmark,"[0.0102183, 0.010305)",0.010218294999999999,0.010304955000000001,-0.16176858383001225,8,0.0
return_vs_benchmark,"[0.010305, 0.0105018)",0.010304955000000001,0.01050183,-0.16203714415268328,8,12.5
return_vs_benchmark,"[0.0105018, 0.0105886)",0.01050183,0.010588625,-0.1623791551377711,8,0.0
return_vs_benchmark,"[0.0105886, 0.0106931)",0.010588625,0.010693115,-0.1623791551377711,8,0.0
return_vs_benchmark,"[0.0106931, 0.0107461)",0.010693115,0.01074612,-0.1623791551377711,8,12.5
return_vs_benchmark,"[0.0107461, 0.0108378)",0.01074612,0.01083784,-0.1623791551377711,8,12.5
return_vs_benchmark,"[0.0108378, 0.010907)",0.01083784,0.010907030000000002,-0.1628383545806782,8,0.0
return_vs_benchmark,"[0.010907, 0.0109654)",0.010907030000000002,0.01096542,-0.1631149953133891,8,12.5
return_vs_benchmark,"[0.0109654, 0.0110576)",0.01096542,0.0110576,-0.1637204667704797,8,0.0
return_vs_benchmark,"[0.0110576, 0.0112037)",0.0110576,0.01120368,-0.1637204667704797,8,25.0
return_vs_benchmark,"[0.0112037, 0.011277)",0.01120368,0.011277025,-0.1642550737156748,8,0.0
return_vs_benchmark,"[0.011277, 0.0114182)",0.011277025,0.0114182,-0.16454076866811918,8,0.0
return_vs_benchmark,"[0.0114182, 0.0115508)",0.0114182,0.0115508,-0.16496173351514423,8,0.0
return_vs_benchmark,"[0.0115508, 0.01165)",0.0115508,0.011650029999999999,-0.16496173351514423,8,12.5
return_vs_benchmark,"[0.01165, 0.0117606)",0.011650029999999999,0.011760554999999999,-0.16496173351514423,8,25.0
return_vs_benchmark,"[0.0117606, 0.0119003)",0.011760554999999999,0.011900305,-0.16519957984669031,8,0.0
return_vs_benchmark,"[0.0119003, 0.0120361)",0.011900305,0.01203612,-0.16519957984669031,8,12.5
return_vs_benchmark,"[0.0120361, 0.0121733)",0.01203612,0.012173264999999999,-0.16560130651158647,8,25.0
return_vs_benchmark,"[0.0121733, 0.0122649)",0.012173264999999999,0.01226489,-0.16560130651158647,8,12.5
return_vs_benchmark,"[0.0122649, 0.0123492)",0.01226489,0.012349160000000001,-0.16584830272893647,8,0.0
return_vs_benchmark,"[0.0123492, 0.0123966)",0.012349160000000001,0.012396569999999999,-0.16605268536364634,8,0.0
return_vs_benchmark,"[0.0123966, 0.0125174)",0.012396569999999999,0.01251736,-0.16630197104641758,8,25.0
return_vs_benchmark,"[0.0125174, 0.012688)",0.01251736,0.012688040000000001,-0.16630197104641758,8,0.0
return_vs_benchmark,"[0.012688, 0.0128164)",0.012688040000000001,0.012816439999999998,-0.16667412361956235,8,12.5
return_vs_benchmark,"[0.0128164, 0.0129187)",0.012816439999999998,0.0129187,-0.16698927130068034,8,0.0
return_vs_benchmark,"[0.0129187, 0.0130069)",0.0129187,0.013006920000000002,-0.16698927130068034,8,0.0
return_vs_benchmark,"[0.0130069, 0.013137)",0.013006920000000002,0.013136974999999999,-0.16736263621416522,8,12.5
return_vs_benchmark,"[0.013137, 0.0132126)",0.013136974999999999,0.013212584999999999,-0.16736263621416522,8,0.0
return_vs_benchmark,"[0.0132126, 0.0133558)",0.013212584999999999,0.013355849999999999,-0.16736263621416522,8,12.5
return_vs_benchmark,"[0.0133558, 0.0134818)",0.013355849999999999,0.013481759999999999,-0.1682984224790265,8,0.0
return_vs_benchmark,"[0.0134818, 0.0136013)",0.013481759999999999,0.013601315,-0.16871617101124692,8,12.5
return_vs_benchmark,"[0.0136013, 0.0137031)",0.013601315,0.01370306,-0.16871617101124692,8,0.0
return_vs_benchmark,"[0.0137031, 0.0137974)",0.01370306,0.013797405,-0.16897280489811317,8,25.0
return_vs_benchmark,"[0.0137974, 0.0138716)",0.013797405,0.013871595,-0.16917304155783475,8,12.5
return_vs_benchmark,"[0.0138716, 0.0139359)",0.013871595,0.013935920000000001,-0.16947310685942096,8,12.5
return_vs_benchmark,"[0.0139359, 0.0140153)",0.013935920000000001,0.014015295,-0.16947310685942096,8,0.0
return_vs_benchmark,"[0.0140153, 0.0141069)",0.014015295,0.014106855,-0.16966892536171535,8,12.5
return_vs_benchmark,"[0.0141069, 0.0142229)",0.014106855,0.01422288,-0.170013013590539,8,12.5
return_vs_benchmark,"[0.0142229, 0.014277)",0.01422288,0.01427695,-0.17065106047927414,8,25.0
return_vs_benchmark,"[0.014277, 0.0143868)",0.01427695,0.014386835,-0.17065106047927414,8,12.5
return_vs_benchmark,"[0.0143868, 0.0145007)",0.014386835,0.014500695000000001,-0.17065106047927414,8,25.0
return_vs_benchmark,"[0.0145007, 0.0146548)",0.014500695000000001,0.014654790000000001,-0.17065106047927414,8,0.0
return_vs_benchmark,"[0.0146548, 0.0147647)",0.014654790000000001,0.01476474,-0.17065106047927414,8,0.0
return_vs_benchmark,"[0.0147647, 0.0148805)",0.01476474,0.014880535,-0.17065106047927414,8,0.0
return_vs_benchmark,"[0.0148805, 0.0149638)",0.014880535,0.01496382,-0.1713684935026609,8,0.0
return_vs_benchmark,"[0.0149638, 0.0151085)",0.01496382,0.015108505,-0.17162277530117082,8,37.5
return_vs_benchmark,"[0.0151085, 0.0152135)",0.015108505,0.015213460000000002,-0.17238544289337038,8,0.0
return_vs_benchmark,"[0.0152135, 0.0154169)",0.015213460000000002,0.015416855,-0.1729501832887373,8,0.0
return_vs_benchmark,"[0.0154169, 0.0156916)",0.015416855,0.015691604999999997,-0.17315530818945593,8,12.5
return_vs_benchmark,"[0.0156916, 0.0158464)",0.015691604999999997,0.01584643,-0.17315530818945593,8,12.5
return_vs_benchmark,"[0.0158464, 0.0159276)",0.01584643,0.015927610000000002,-0.17398431525291008,8,0.0
return_vs_benchmark,"[0.0159276, 0.0160545)",0.015927610000000002,0.01605453,-0.17433112476514917,8,0.0
return_vs_benchmark,"[0.0160545, 0.0161828)",0.01605453,0.01618279,-0.17433112476514917,8,0.0
return_vs_benchmark,"[0.0161828, 0.0163324)",0.01618279,0.016332430000000002,-0.17457575583614773,8,25.0
return_vs_benchmark,"[0.0163324, 0.0164294)",0.016332430000000002,0.016429425,-0.17487209435921272,8,12.5
return_vs_benchmark,"[0.0164294, 0.0165052)",0.016429425,0.016505159999999998,-0.17540158672763814,8,12.5
return_vs_benchmark,"[0.0165052, 0.0166219)",0.016505159999999998,0.016621860000000002,-0.17571369134655232,8,12.5
return_vs_benchmark,"[0.0166219, 0.0167178)",0.016621860000000002,0.01671785,-0.17652486550057392,8,0.0
return_vs_benchmark,"[0.0167178, 0.0168299)",0.01671785,0.016829935,-0.17652486550057392,8,25.0
return_vs_benchmark,"[0.0168299, 0.0169335)",0.016829935,0.016933505,-0.17652486550057392,8,25.0
return_vs_benchmark,"[0.0169335, 0.0170788)",0.016933505,0.01707885,-0.17652486550057392,8,0.0
return_vs_benchmark,"[0.0170788, 0.0172619)",0.01707885,0.01726194,-0.17722139680677612,8,25.0
return_vs_benchmark,"[0.0172619, 0.0174257)",0.01726194,0.0174257,-0.17750935915413515,8,0.0
return_vs_benchmark,"[0.0174257, 0.0175812)",0.0174257,0.01758121,-0.17750935915413515,8,0.0
return_vs_benchmark,"[0.0175812, 0.0177145)",0.01758121,0.017714515,-0.17790958895053058,8,37.5
return_vs_benchmark,"[0.0177145, 0.0178652)",0.017714515,0.017865235,-0.17817793071247487,8,25.0
return_vs_benchmark,"[0.0178652, 0.0179676)",0.017865235,0.017967645,-0.17841313645098048,8,0.0
return_vs_benchmark,"[0.0179676, 0.0180734)",0.017967645,0.018073355,-0.17904838713289428,8,12.5
return_vs_benchmark,"[0.0180734, 0.0181784)",0.018073355,0.01817841,-0.1792923340864567,8,0.0
return_vs_benchmark,"[0.0181784, 0.0182679)",0.01817841,0.01826793,-0.1792923340864567,8,0.0
return_vs_benchmark,"[0.0182679, 0.01838)",0.01826793,0.018379964999999998,-0.1792923340864567,8,12.5
return_vs_benchmark,"[0.01838, 0.0185729)",0.018379964999999998,0.01857292,-0.18038159137374798,8,0.0
return_vs_benchmark,"[0.0185729, 0.0187129)",0.01857292,0.018712939999999997,-0.18038159137374798,8,12.5
return_vs_benchmark,"[0.0187129, 0.0189361)",0.018712939999999997,0.018936145,-0.18085352226523727,8,12.5
return_vs_benchmark,"[0.0189361, 0.0191974)",0.018936145,0.019197415,-0.18085352226523727,8,12.5
return_vs_benchmark,"[0.0191974, 0.0192814)",0.019197415,0.01928142,-0.1811024572452987,8,12.5
return_vs_benchmark,"[0.0192814, 0.0193461)",0.01928142,0.01934611,-0.181357634680342,8,0.0
return_vs_benchmark,"[0.0193461, 0.0194168)",0.01934611,0.019416799999999998,-0.181357634680342,8,0.0
return_vs_benchmark,"[0.0194168, 0.0195797)",0.019416799999999998,0.01957966,-0.18158599428491218,8,12.5
return_vs_benchmark,"[0.0195797, 0.0197241)",0.01957966,0.01972414,-0.18158599428491218,8,37.5
return_vs_benchmark,"[0.0197241, 0.0198567)",0.01972414,0.01985668,-0.18158599428491218,8,25.0
return_vs_benchmark,"[0.0198567, 0.0199224)",0.01985668,0.019922355,-0.18177735110860624,8,25.0
return_vs_benchmark,"[0.0199224, 0.0201073)",0.019922355,0.0201073,-0.18216109414789233,8,12.5
return_vs_benchmark,"[0.0201073, 0.0201728)",0.0201073,0.020172805000000002,-0.1823944159355582,8,0.0
return_vs_benchmark,"[0.0201728, 0.0203844)",0.020172805000000002,0.02038436,-0.1823944159355582,8,12.5
return_vs_benchmark,"[0.0203844, 0.0204503)",0.02038436,0.02045032,-0.18290066095153318,8,0.0
return_vs_benchmark,"[0.0204503, 0.0206048)",0.02045032,0.02060481,-0.18290066095153318,8,12.5
return_vs_benchmark,"[0.0206048, 0.0207061)",0.02060481,0.020706065000000003,-0.18290066095153318,8,25.0
return_vs_benchmark,"[0.0207061, 0.0208906)",0.020706065000000003,0.020890594999999998,-0.18350778407428808,8,12.5
return_vs_benchmark,"[0.0208906, 0.0210234)",0.020890594999999998,0.021023445,-0.18430701866136381,8,37.5
return_vs_benchmark,"[0.0210234, 0.0211652)",0.021023445,0.021165194999999998,-0.18486044477519234,8,37.5
return_vs_benchmark,"[0.0211652, 0.0212626)",0.021165194999999998,0.02126261,-0.18555148592909906,8,0.0
return_vs_benchmark,"[0.0212626, 0.021411)",0.02126261,0.02141103,-0.1859443682816336,8,12.5
return_vs_benchmark,"[0.021411, 0.0214951)",0.02141103,0.021495075,-0.18683053351530346,8,0.0
return_vs_benchmark,"[0.0214951, 0.0216041)",0.021495075,0.021604085000000002,-0.18731098854885234,8,25.0
return_vs_benchmark,"[0.0216041, 0.0217044)",0.021604085000000002,0.021704385,-0.18759688374413575,8,12.5
return_vs_benchmark,"[0.0217044, 0.0218481)",0.021704385,0.021848065,-0.18832854358679518,8,25.0
return_vs_benchmark,"[0.0218481, 0.0219687)",0.021848065,0.021968744999999998,-0.18832854358679518,8,0.0
return_vs_benchmark,"[0.0219687, 0.0220962)",0.021968744999999998,0.02209624,-0.18872515081131722,8,12.5
return_vs_benchmark,"[0.0220962, 0.0222213)",0.02209624,0.022221285,-0.18872515081131722,8,0.0
return_vs_benchmark,"[0.0222213, 0.0223244)",0.022221285,0.022324405,-0.18872515081131722,8,25.0
return_vs_benchmark,"[0.0223244, 0.0224425)",0.022324405,0.022442475,-0.18907346815425416,8,0.0
return_vs_benchmark,"[0.0224425, 0.0225377)",0.022442475,0.022537704999999998,-0.18974246769615247,8,12.5
return_vs_benchmark,"[0.0225377, 0.0227397)",0.022537704999999998,0.02273974,-0.18974246769615247,8,0.0
return_vs_benchmark,"[0.0227397, 0.022901)",0.02273974,0.02290097,-0.18974246769615247,8,25.0
return_vs_benchmark,"[0.022901, 0.0230424)",0.02290097,0.023042375,-0.19038889498946301,8,12.5
return_vs_benchmark,"[0.0230424, 0.0232174)",0.023042375,0.023217395000000002,-0.19038889498946301,8,12.5
return_vs_benchmark,"[0.0232174, 0.0233852)",0.023217395000000002,0.02338518,-0.19077087136542245,8,12.5
return_vs_benchmark,"[0.0233852, 0.0234902)",0.02338518,0.023490234999999998,-0.19153882300906175,8,25.0
return_vs_benchmark,"[0.0234902, 0.0236613)",0.023490234999999998,0.023661345,-0.21860183939858402,8,12.5
return_vs_benchmark,"[0.0236613, 0.0238669)",0.023661345,0.02386689,-0.22103666164993854,8,0.0
return_vs_benchmark,"[0.0238669, 0.0240359)",0.02386689,0.024035874999999998,-0.22103666164993854,8,0.0
return_vs_benchmark,"[0.0240359, 0.0240899)",0.024035874999999998,0.024089865,-0.22103666164993854,8,12.5
return_vs_benchmark,"[0.0240899, 0.0242422)",0.024089865,0.024242245,-0.2220284483174076,8,12.5
return_vs_benchmark,"[0.0242422, 0.0243485)",0.024242245,0.02434851,-0.22257206308638114,8,12.5
return_vs_benchmark,"[0.0243485, 0.0246263)",0.02434851,0.024626315000000003,-0.22257206308638114,8,12.5
return_vs_benchmark,"[0.0246263, 0.0248324)",0.024626315000000003,0.0248324,-0.22257206308638114,8,12.5
return_vs_benchmark,"[0.0248324, 0.0249311)",0.0248324,0.024931090000000003,-0.22306601588592342,8,0.0
return_vs_benchmark,"[0.0249311, 0.025094)",0.024931090000000003,0.025094014999999997,-0.22306601588592342,8,25.0
return_vs_benchmark,"[0.025094, 0.025257)",0.025094014999999997,0.02525701,-0.22352968807547702,8,25.0
return_vs_benchmark,"[0.025257, 0.0254011)",0.02525701,0.02540105,-0.22380884456273506,8,12.5
return_vs_benchmark,"[0.0254011, 0.0255237)",0.02540105,0.025523665,-0.2251318737158485,8,0.0
return_vs_benchmark,"[0.0255237, 0.0255932)",0.025523665,0.025593205,-0.2254746644312866,8,0.0
return_vs_benchmark,"[0.0255932, 0.0257606)",0.025593205,0.02576063,-0.22614193393018134,8,0.0
return_vs_benchmark,"[0.0257606, 0.0259996)",0.02576063,0.02599963,-0.22645410381808148,8,0.0
return_vs_benchmark,"[0.0259996, 0.0260957)",0.02599963,0.02609568,-0.22645410381808148,8,12.5
return_vs_benchmark,"[0.0260957, 0.0262195)",0.02609568,0.026219545,-0.2267869242055287,8,12.5
return_vs_benchmark,"[0.0262195, 0.0263169)",0.026219545,0.02631695,-0.22704514474258394,8,0.0
return_vs_benchmark,"[0.0263169, 0.0264347)",0.02631695,0.026434680000000002,-0.22729012747916372,8,12.5
return_vs_benchmark,"[0.0264347, 0.026575)",0.026434680000000002,0.026575034999999997,-0.22766956758755114,8,12.5
return_vs_benchmark,"[0.026575, 0.0267384)",0.026575034999999997,0.02673842,-0.22855519715525435,8,0.0
return_vs_benchmark,"[0.0267384, 0.0269462)",0.02673842,0.026946165,-0.22855519715525435,8,37.5
return_vs_benchmark,"[0.0269462, 0.0270856)",0.026946165,0.027085554999999997,-0.22921103767867987,8,12.5
return_vs_benchmark,"[0.0270856, 0.0271583)",0.027085554999999997,0.027158340000000003,-0.22921103767867987,8,0.0
return_vs_benchmark,"[0.0271583, 0.0272574)",0.027158340000000003,0.027257410000000003,-0.22921103767867987,8,0.0
return_vs_benchmark,"[0.0272574, 0.0274989)",0.027257410000000003,0.02749892,-0.22921103767867987,8,0.0
return_vs_benchmark,"[0.0274989, 0.0277127)",0.02749892,0.027712715,-0.22973042003220567,8,12.5
return_vs_benchmark,"[0.0277127, 0.0279062)",0.027712715,0.027906205,-0.22973042003220567,8,0.0
return_vs_benchmark,"[0.0279062, 0.0280281)",0.027906205,0.028028104999999998,-0.23012692211958552,8,12.5
return_vs_benchmark,"[0.0280281, 0.0281903)",0.028028104999999998,0.02819027,-0.23130009036766663,8,12.5
return_vs_benchmark,"[0.0281903, 0.0283746)",0.02819027,0.028374635000000002,-0.23169216873539553,8,0.0
return_vs_benchmark,"[0.0283746, 0.0286137)",0.028374635000000002,0.028613720000000002,-0.2322619301474223,8,25.0
return_vs_benchmark,"[0.0286137, 0.0288064)",0.028613720000000002,0.028806365,-0.2327032252121975,8,0.0
return_vs_benchmark,"[0.0288064, 0.0289988)",0.028806365,0.02899879,-0.23365978495325962,8,12.5
return_vs_benchmark,"[0.0289988, 0.0291546)",0.02899879,0.0291546,-0.23384928885000633,8,0.0
return_vs_benchmark,"[0.0291546, 0.0292396)",0.0291546,0.02923956,-0.23384928885000633,8,25.0
return_vs_benchmark,"[0.0292396, 0.0294521)",0.02923956,0.029452065,-0.23384928885000633,8,0.0
return_vs_benchmark,"[0.0294521, 0.0296866)",0.029452065,0.02968663,-0.23426566763355924,8,0.0
return_vs_benchmark,"[0.0296866, 0.029847)",0.02968663,0.029846995,-0.23426566763355924,8,12.5
return_vs_benchmark,"[0.029847, 0.0299882)",0.029846995,0.029988155000000002,-0.23489452102880048,8,25.0
return_vs_benchmark,"[0.0299882, 0.030105)",0.029988155000000002,0.03010503,-0.23531569260105323,8,12.5
return_vs_benchmark,"[0.030105, 0.0301936)",0.03010503,0.03019356,-0.23558092438386827,8,25.0
return_vs_benchmark,"[0.0301936, 0.0302949)",0.03019356,0.0302949,-0.23592289711217548,8,0.0
return_vs_benchmark,"[0.0302949, 0.0304478)",0.0302949,0.03044781,-0.23592289711217548,8,0.0
return_vs_benchmark,"[0.0304478, 0.0305867)",0.03044781,0.030586734999999997,-0.23617939948578864,8,0.0
return_vs_benchmark,"[0.0305867, 0.0308271)",0.030586734999999997,0.03082708,-0.23617939948578864,8,12.5
return_vs_benchmark,"[0.0308271, 0.0309154)",0.03082708,0.030915369999999998,-0.23617939948578864,8,12.5
return_vs_benchmark,"[0.0309154, 0.0311001)",0.030915369999999998,0.03110009,-0.23715290393056287,8,12.5
return_vs_benchmark,"[0.0311001, 0.0312212)",0.03110009,0.031221175,-0.23777099151450615,8,0.0
return_vs_benchmark,"[0.0312212, 0.0313656)",0.031221175,0.0313656,-0.23827465888482538,8,12.5
return_vs_benchmark,"[0.0313656, 0.0316189)",0.0313656,0.031618905,-0.23827465888482538,8,12.5
return_vs_benchmark,"[0.0316189, 0.0318206)",0.031618905,0.031820555,-0.2386811981693908,8,12.5
return_vs_benchmark,"[0.0318206, 0.0320962)",0.031820555,0.03209621,-0.2389557917876121,8,12.5
return_vs_benchmark,"[0.0320962, 0.0322958)",0.03209621,0.032295765000000004,-0.2389557917876121,8,25.0
return_vs_benchmark,"[0.0322958, 0.0323678)",0.032295765000000004,0.032367770000000004,-0.23918650604238145,8,12.5
return_vs_benchmark,"[0.0323678, 0.0325298)",0.032367770000000004,0.032529810000000006,-0.23918650604238145,8,0.0
return_vs_benchmark,"[0.0325298, 0.0326226)",0.032529810000000006,0.032622625,-0.23956127409559613,8,0.0
return_vs_benchmark,"[0.0326226, 0.0328079)",0.032622625,0.032807884999999995,-0.24010444366203515,8,0.0
return_vs_benchmark,"[0.0328079, 0.0331385)",0.032807884999999995,0.033138545000000005,-0.2413527932427821,8,37.5
return_vs_benchmark,"[0.0331385, 0.033457)",0.033138545000000005,0.033456975,-0.2413527932427821,8,12.5
return_vs_benchmark,"[0.033457, 0.0336767)",0.033456975,0.033676705,-0.2418565521642231,8,12.5
return_vs_benchmark,"[0.0336767, 0.0338437)",0.033676705,0.03384365,-0.24224592044683443,8,12.5
return_vs_benchmark,"[0.0338437, 0.0339448)",0.03384365,0.033944755,-0.24255852027041108,8,12.5
return_vs_benchmark,"[0.0339448, 0.0340914)",0.033944755,0.0340914,-0.24285900085108356,8,12.5
return_vs_benchmark,"[0.0340914, 0.0342166)",0.0340914,0.03421663,-0.24352006799382744,8,12.5
return_vs_benchmark,"[0.0342166, 0.0345056)",0.03421663,0.034505560000000005,-0.24388658017212875,8,25.0
return_vs_benchmark,"[0.0345056, 0.0346302)",0.034505560000000005,0.034630175,-0.24767470653669915,8,12.5
return_vs_benchmark,"[0.0346302, 0.0347657)",0.034630175,0.034765665,-0.24824998574846263,8,0.0
return_vs_benchmark,"[0.0347657, 0.0348321)",0.034765665,0.034832105,-0.2489627555767648,8,0.0
return_vs_benchmark,"[0.0348321, 0.0350814)",0.034832105,0.035081415000000005,-0.24934053154625327,8,12.5
return_vs_benchmark,"[0.0350814, 0.0353056)",0.035081415000000005,0.03530558,-0.24934053154625327,8,0.0
return_vs_benchmark,"[0.0353056, 0.0354955)",0.03530558,0.03549547,-0.2501534329698136,8,12.5
return_vs_benchmark,"[0.0354955, 0.035769)",0.03549547,0.035769,-0.2501534329698136,8,12.5
return_vs_benchmark,"[0.035769, 0.0360084)",0.035769,0.036008425,-0.25043128802144166,8,12.5
return_vs_benchmark,"[0.0360084, 0.0362814)",0.036008425,0.03628145,-0.2513104670231266,8,0.0
return_vs_benchmark,"[0.0362814, 0.0365268)",0.03628145,0.036526815000000004,-0.2513104670231266,8,0.0
return_vs_benchmark,"[0.0365268, 0.0367083)",0.036526815000000004,0.03670827,-0.2513104670231266,8,0.0
return_vs_benchmark,"[0.0367083, 0.0370036)",0.03670827,0.037003560000000005,-0.2513104670231266,8,12.5
return_vs_benchmark,"[0.0370036, 0.0372172)",0.037003560000000005,0.037217155,-0.2516739238606665,8,0.0
return_vs_benchmark,"[0.0372172, 0.0374689)",0.037217155,0.037468945000000003,-0.2516739238606665,8,0.0
return_vs_benchmark,"[0.0374689, 0.0375957)",0.037468945000000003,0.037595724999999997,-0.25209923555882974,8,12.5
return_vs_benchmark,"[0.0375957, 0.0378855)",0.037595724999999997,0.037885475,-0.25246973513681037,8,12.5
return_vs_benchmark,"[0.0378855, 0.0381356)",0.037885475,0.038135564999999996,-0.25246973513681037,8,0.0
return_vs_benchmark,"[0.0381356, 0.0384502)",0.038135564999999996,0.038450189999999995,-0.2534009615698147,8,0.0
return_vs_benchmark,"[0.0384502, 0.0386507)",0.038450189999999995,0.038650710000000005,-0.2535647600798687,8,12.5
return_vs_benchmark,"[0.0386507, 0.0388732)",0.038650710000000005,0.03887321,-0.25409177441867514,8,0.0
return_vs_benchmark,"[0.0388732, 0.0390892)",0.03887321,0.03908915,-0.25438306264717564,8,25.0
return_vs_benchmark,"[0.0390892, 0.0392462)",0.03908915,0.03924618,-0.25438306264717564,8,0.0
return_vs_benchmark,"[0.0392462, 0.0393979)",0.03924618,0.039397934999999995,-0.25465829898386105,8,12.5
return_vs_benchmark,"[0.0393979, 0.0395817)",0.039397934999999995,0.039581660000000005,-0.25488647323540964,8,12.5
return_vs_benchmark,"[0.0395817, 0.0399151)",0.039581660000000005,0.039915055000000005,-0.25521129603439435,8,0.0
return_vs_benchmark,"[0.0399151, 0.0400861)",0.039915055000000005,0.04008612,-0.255413709154765,8,0.0
return_vs_benchmark,"[0.0400861, 0.0404161)",0.04008612,0.04041611,-0.2557114836982878,8,0.0
return_vs_benchmark,"[0.0404161, 0.0406141)",0.04041611,0.04061407,-0.2563971646854793,8,25.0
return_vs_benchmark,"[0.0406141, 0.0409625)",0.04061407,0.0409625,-0.256601735059191,8,12.5
return_vs_benchmark,"[0.0409625, 0.0412691)",0.0409625,0.041269059999999996,-0.256601735059191,8,25.0
return_vs_benchmark,"[0.0412691, 0.0414232)",0.041269059999999996,0.041423194999999996,-0.2569017377881055,8,12.5
return_vs_benchmark,"[0.0414232, 0.0416482)",0.041423194999999996,0.04164825,-0.2569017377881055,8,25.0
return_vs_benchmark,"[0.0416482, 0.0417761)",0.04164825,0.04177612,-0.2569017377881055,8,0.0
return_vs_benchmark,"[0.0417761, 0.0418897)",0.04177612,0.041889739999999995,-0.2569017377881055,8,12.5
return_vs_benchmark,"[0.0418897, 0.0420148)",0.041889739999999995,0.04201485,-0.25744807783020934,8,0.0
return_vs_benchmark,"[0.0420148, 0.0421713)",0.04201485,0.042171299999999995,-0.2576460220839238,8,12.5
return_vs_benchmark,"[0.0421713, 0.0423879)",0.042171299999999995,0.042387855,-0.2576460220839238,8,12.5
return_vs_benchmark,"[0.0423879, 0.0426331)",0.042387855,0.042633124999999994,-0.25818845996058815,8,0.0
return_vs_benchmark,"[0.0426331, 0.0427537)",0.042633124999999994,0.042753685,-0.2588589365263163,8,0.0
return_vs_benchmark,"[0.0427537, 0.0429263)",0.042753685,0.042926315,-0.2588589365263163,8,25.0
return_vs_benchmark,"[0.0429263, 0.0430821)",0.042926315,0.043082095,-0.25920995891956555,8,12.5
return_vs_benchmark,"[0.0430821, 0.0432561)",0.043082095,0.04325606,-0.25951248339495886,8,25.0
return_vs_benchmark,"[0.0432561, 0.043467)",0.04325606,0.043467,-0.2597198458423547,8,12.5
return_vs_benchmark,"[0.043467, 0.043721)",0.043467,0.043721045,-0.2600381505178412,8,12.5
return_vs_benchmark,"[0.043721, 0.0439402)",0.043721045,0.043940215000000005,-0.26049634217574835,8,12.5
return_vs_benchmark,"[0.0439402, 0.0444612)",0.043940215000000005,0.044461155,-0.2609308925422721,8,12.5
return_vs_benchmark,"[0.0444612, 0.0446419)",0.044461155,0.04464195,-0.2612992648859178,8,0.0
return_vs_benchmark,"[0.0446419, 0.0449536)",0.04464195,0.04495359,-0.2612992648859178,8,0.0
return_vs_benchmark,"[0.0449536, 0.0451904)",0.04495359,0.045190430000000004,-0.2612992648859178,8,25.0
return_vs_benchmark,"[0.0451904, 0.0454706)",0.045190430000000004,0.045470565,-0.2617460489780136,8,0.0
return_vs_benchmark,"[0.0454706, 0.0457312)",0.045470565,0.045731215,-0.2617460489780136,8,0.0
return_vs_benchmark,"[0.0457312, 0.0459723)",0.045731215,0.04597228,-0.2622701814202085,8,0.0
return_vs_benchmark,"[0.0459723, 0.0461749)",0.04597228,0.046174945,-0.2622701814202085,8,12.5
return_vs_benchmark,"[0.0461749, 0.0464309)",0.046174945,0.046430895,-0.2622701814202085,8,0.0
return_vs_benchmark,"[0.0464309, 0.0466832)",0.046430895,0.046683165,-0.26260359439006564,8,12.5
return_vs_benchmark,"[0.0466832, 0.0469898)",0.046683165,0.046989795,-0.26310606291048033,8,12.5
return_vs_benchmark,"[0.0469898, 0.0473497)",0.046989795,0.047349685,-0.2633783368578129,8,0.0
return_vs_benchmark,"[0.0473497, 0.0478742)",0.047349685,0.047874219999999995,-0.2633783368578129,8,12.5
return_vs_benchmark,"[0.0478742, 0.0482858)",0.047874219999999995,0.04828578,-0.26368475193995483,8,0.0
return_vs_benchmark,"[0.0482858, 0.0486635)",0.04828578,0.04866351,-0.26423751605494605,8,0.0
return_vs_benchmark,"[0.0486635, 0.0490248)",0.04866351,0.0490248,-0.26507096039806377,8,12.5
return_vs_benchmark,"[0.0490248, 0.0493887)",0.0490248,0.049388730000000006,-0.26553859061606194,8,12.5
return_vs_benchmark,"[0.0493887, 0.0495296)",0.049388730000000006,0.049529645,-0.2659072285042578,8,25.0
return_vs_benchmark,"[0.0495296, 0.0499447)",0.049529645,0.049944680000000005,-0.2662945902013833,8,0.0
return_vs_benchmark,"[0.0499447, 0.0503035)",0.049944680000000005,0.050303525,-0.2665854633825886,8,25.0
return_vs_benchmark,"[0.0503035, 0.0505397)",0.050303525,0.050539749999999994,-0.2665854633825886,8,0.0
return_vs_benchmark,"[0.0505397, 0.0506931)",0.050539749999999994,0.050693065,-0.2665854633825886,8,12.5
return_vs_benchmark,"[0.0506931, 0.0508704)",0.050693065,0.050870415,-0.2673285759021553,8,0.0
return_vs_benchmark,"[0.0508704, 0.0513549)",0.050870415,0.051354874999999994,-0.2673285759021553,8,0.0
return_vs_benchmark,"[0.0513549, 0.0517205)",0.051354874999999994,0.05172048,-0.2673285759021553,8,0.0
return_vs_benchmark,"[0.0517205, 0.0518915)",0.05172048,0.051891494999999996,-0.26767466380758387,8,12.5
return_vs_benchmark,"[0.0518915, 0.0525563)",0.051891494999999996,0.05255627,-0.2685871465572921,8,0.0
return_vs_benchmark,"[0.0525563, 0.052874)",0.05255627,0.052874044999999995,-0.2685871465572921,8,12.5
return_vs_benchmark,"[0.052874, 0.0532411)",0.052874044999999995,0.053241095,-0.2685871465572921,8,12.5
return_vs_benchmark,"[0.0532411, 0.0537641)",0.053241095,0.05376408,-0.26898342111532636,8,12.5
return_vs_benchmark,"[0.0537641, 0.0541134)",0.05376408,0.054113400000000006,-0.26898342111532636,8,0.0
return_vs_benchmark,"[0.0541134, 0.0543496)",0.054113400000000006,0.054349575,-0.26935799484231965,8,0.0
return_vs_benchmark,"[0.0543496, 0.0549006)",0.054349575,0.054900625,-0.26935799484231965,8,12.5
return_vs_benchmark,"[0.0549006, 0.055212)",0.054900625,0.05521197,-0.26951349671419056,8,12.5
return_vs_benchmark,"[0.055212, 0.0557901)",0.05521197,0.055790080000000006,-0.2698619405859612,8,25.0
return_vs_benchmark,"[0.0557901, 0.0560536)",0.055790080000000006,0.05605363,-0.2698619405859612,8,0.0
return_vs_benchmark,"[0.0560536, 0.0564742)",0.05605363,0.056474225,-0.27000317997188894,8,0.0
return_vs_benchmark,"[0.0564742, 0.0567803)",0.056474225,0.056780315,-0.2707599386717455,8,0.0
return_vs_benchmark,"[0.0567803, 0.0571204)",0.056780315,0.057120409999999996,-0.27130596710512,8,12.5
return_vs_benchmark,"[0.0571204, 0.0573982)",0.057120409999999996,0.05739823,-0.27130596710512,8,25.0
return_vs_benchmark,"[0.0573982, 0.057894)",0.05739823,0.057894039999999994,-0.27130596710512,8,0.0
return_vs_benchmark,"[0.057894, 0.0583389)",0.057894039999999994,0.058338854999999995,-0.2717702863803967,8,0.0
return_vs_benchmark,"[0.0583389, 0.0586355)",0.058338854999999995,0.058635465,-0.27243676013462625,8,0.0
return_vs_benchmark,"[0.0586355, 0.0589038)",0.058635465,0.05890381,-0.27243676013462625,8,12.5
return_vs_benchmark,"[0.0589038, 0.0593172)",0.05890381,0.059317225,-0.27298220789106514,8,12.5
return_vs_benchmark,"[0.0593172, 0.0597081)",0.059317225,0.05970807,-0.273398279561307,8,0.0
return_vs_benchmark,"[0.0597081, 0.0603195)",0.05970807,0.06031948,-0.2737303055098959,8,25.0
return_vs_benchmark,"[0.0603195, 0.0609812)",0.06031948,0.060981225,-0.2737303055098959,8,0.0
return_vs_benchmark,"[0.0609812, 0.0613647)",0.060981225,0.061364669999999996,-0.27438385671255194,8,12.5
return_vs_benchmark,"[0.0613647, 0.0617819)",0.061364669999999996,0.061781875,-0.27525881771802857,8,25.0
return_vs_benchmark,"[0.0617819, 0.0622464)",0.061781875,0.062246385,-0.27525881771802857,8,12.5
return_vs_benchmark,"[0.0622464, 0.062652)",0.062246385,0.06265201000000001,-0.2757433148967636,8,0.0
return_vs_benchmark,"[0.062652, 0.0631118)",0.06265201000000001,0.063111835,-0.2760580843263894,8,0.0
return_vs_benchmark,"[0.0631118, 0.0637237)",0.063111835,0.063723735,-0.2760580843263894,8,12.5
return_vs_benchmark,"[0.0637237, 0.0641909)",0.063723735,0.06419092500000001,-0.2763808004794225,8,12.5
return_vs_benchmark,"[0.0641909, 0.0645519)",0.06419092500000001,0.064551885,-0.2766747211162374,8,0.0
return_vs_benchmark,"[0.0645519, 0.0651758)",0.064551885,0.06517584,-0.2768834681108938,8,0.0
return_vs_benchmark,"[0.0651758, 0.0656756)",0.06517584,0.06567563,-0.2771990504053803,8,25.0
return_vs_benchmark,"[0.0656756, 0.0662543)",0.06567563,0.06625429,-0.2771990504053803,8,0.0
return_vs_benchmark,"[0.0662543, 0.066692)",0.06625429,0.066692,-0.27751057309792465,8,0.0
return_vs_benchmark,"[0.066692, 0.0672196)",0.066692,0.0672196,-0.27751057309792465,8,0.0
return_vs_benchmark,"[0.0672196, 0.0675994)",0.0672196,0.06759937499999999,-0.2775929887807425,8,12.5
return_vs_benchmark,"[0.0675994, 0.0678481)",0.06759937499999999,0.06784812,-0.2778067032441494,8,0.0
return_vs_benchmark,"[0.0678481, 0.0687508)",0.06784812,0.06875081999999999,-0.2778067032441494,8,0.0
return_vs_benchmark,"[0.0687508, 0.069484)",0.06875081999999999,0.069483985,-0.277840036154236,8,0.0
return_vs_benchmark,"[0.069484, 0.0698677)",0.069483985,0.069867665,-0.277840036154236,8,0.0
return_vs_benchmark,"[0.0698677, 0.0704045)",0.069867665,0.070404535,-0.27786105531674793,8,25.0
return_vs_benchmark,"[0.0704045, 0.0710003)",0.070404535,0.071000275,-0.27805592689891806,8,0.0
return_vs_benchmark,"[0.0710003, 0.0719167)",0.071000275,0.07191666499999999,-0.27805592689891806,8,0.0
return_vs_benchmark,"[0.0719167, 0.0724835)",0.07191666499999999,0.07248354500000001,-0.27805592689891806,8,25.0
return_vs_benchmark,"[0.0724835, 0.0732737)",0.07248354500000001,0.07327375,-0.27821207317860236,8,0.0
return_vs_benchmark,"[0.0732737, 0.0739722)",0.07327375,0.07397223,-0.2783091930266041,8,0.0
return_vs_benchmark,"[0.0739722, 0.0749493)",0.07397223,0.07494932,-0.2783091930266041,8,12.5
return_vs_benchmark,"[0.0749493, 0.0754792)",0.07494932,0.075479225,-0.278327532266032,8,12.5
return_vs_benchmark,"[0.0754792, 0.0760695)",0.075479225,0.07606948999999999,-0.278327532266032,8,25.0
return_vs_benchmark,"[0.0760695, 0.0765852)",0.07606948999999999,0.076585235,-0.2784998394862207,8,0.0
return_vs_benchmark,"[0.0765852, 0.0774554)",0.076585235,0.07745542999999999,-0.2784998394862207,8,12.5
return_vs_benchmark,"[0.0774554, 0.0781438)",0.07745542999999999,0.07814383,-0.2784998394862207,8,37.5
return_vs_benchmark,"[0.0781438, 0.0792615)",0.07814383,0.07926153,-0.2787740178603615,8,0.0
return_vs_benchmark,"[0.0792615, 0.0803273)",0.07926153,0.08032731500000001,-0.2789008591443175,8,25.0
return_vs_benchmark,"[0.0803273, 0.0814496)",0.08032731500000001,0.08144961,-0.2789008591443175,8,12.5
return_vs_benchmark,"[0.0814496, 0.0821694)",0.08144961,0.08216936,-0.27898492008632575,8,0.0
return_vs_benchmark,"[0.0821694, 0.0833195)",0.08216936,0.083319545,-0.27918474660216397,8,25.0
return_vs_benchmark,"[0.0833195, 0.0841266)",0.083319545,0.084126645,-0.2798577448820318,8,25.0
return_vs_benchmark,"[0.0841266, 0.0849325)",0.084126645,0.084932545,-0.2798577448820318,8,0.0
return_vs_benchmark,"[0.0849325, 0.0857863)",0.084932545,0.08578627,-0.28044207136374766,8,0.0
return_vs_benchmark,"[0.0857863, 0.0867436)",0.08578627,0.08674364000000001,-0.28044207136374766,8,0.0
return_vs_benchmark,"[0.0867436, 0.0884405)",0.08674364000000001,0.08844054500000001,-0.2806282674865422,8,0.0
return_vs_benchmark,"[0.0884405, 0.0908501)",0.08844054500000001,0.090850085,-0.2806282674865422,8,25.0
return_vs_benchmark,"[0.0908501, 0.0928859)",0.090850085,0.09288592,-0.280925574423133,8,0.0
return_vs_benchmark,"[0.0928859, 0.0937478)",0.09288592,0.09374775,-0.281179180418174,8,12.5
return_vs_benchmark,"[0.0937478, 0.0956984)",0.09374775,0.09569844999999999,-0.28143407571919143,8,12.5
return_vs_benchmark,"[0.0956984, 0.100978)",0.09569844999999999,0.100978185,-0.28143407571919143,8,0.0
return_vs_benchmark,"[0.100978, 0.10582)",0.100978185,0.105820195,-0.28143407571919143,8,0.0
return_vs_benchmark,"[0.10582, 0.110185)",0.105820195,0.11018481,-0.28143407571919143,8,0.0
return_vs_benchmark,"[0.110185, 0.115355)",0.11018481,0.11535523,-0.28143407571919143,8,12.5
return_vs_benchmark,"[0.115355, 0.120846)",0.11535523,0.120845955,-0.28143407571919143,8,12.5
return_vs_benchmark,"[0.120846, 0.129056)",0.120845955,0.12905557,-0.28143407571919143,8,12.5
return_vs_benchmark,"[0.129056, inf)",0.12905557,inf,-0.28143407571919143,8,37.5
return_vs_benchmark,missing,,,0.05591738288494358,5353,13.936110592191294
cash_pct_of_portfolio_chg,"[-inf, -0.0365704)",-inf,-0.03657037,-0.050286042240534845,12,66.66666666666666
cash_pct_of_portfolio_chg,"[-0.0365704, -0.0311701)",-0.03657037,-0.03117011,-0.050286042240534845,12,41.66666666666667
cash_pct_of_portfolio_chg,"[-0.0311701, -0.0291037)",-0.03117011,-0.029103709999999998,-0.050286042240534845,12,25.0
cash_pct_of_portfolio_chg,"[-0.0291037, -0.0282094)",-0.029103709999999998,-0.028209434999999998,-0.05027142438625106,12,25.0
cash_pct_of_portfolio_chg,"[-0.0282094, -0.0268665)",-0.028209434999999998,-0.026866475,-0.05027142438625106,12,16.666666666666664
cash_pct_of_portfolio_chg,"[-0.0268665, -0.026201)",-0.026866475,-0.026201040000000002,-0.05024604880844766,12,8.333333333333332
cash_pct_of_portfolio_chg,"[-0.026201, -0.0257198)",-0.026201040000000002,-0.025719779999999998,-0.05023813331948104,12,16.666666666666664
cash_pct_of_portfolio_chg,"[-0.0257198, -0.0254046)",-0.025719779999999998,-0.02540461,-0.05012817463933745,12,0.0
cash_pct_of_portfolio_chg,"[-0.0254046, -0.0248351)",-0.02540461,-0.024835125,-0.05012817463933745,12,16.666666666666664
cash_pct_of_portfolio_chg,"[-0.0248351, -0.0242681)",-0.024835125,-0.024268144999999998,-0.05008662320693234,12,25.0
cash_pct_of_portfolio_chg,"[-0.0242681, -0.0240093)",-0.024268144999999998,-0.024009275,-0.05007163975154694,11,18.181818181818183
cash_pct_of_portfolio_chg,"[-0.0240093, -0.0236435)",-0.024009275,-0.023643530000000003,-0.05007163975154694,11,18.181818181818183
cash_pct_of_portfolio_chg,"[-0.0236435, -0.0233214)",-0.023643530000000003,-0.023321395,-0.05004989325786102,11,9.090909090909092
cash_pct_of_portfolio_chg,"[-0.0233214, -0.0230084)",-0.023321395,-0.023008380000000002,-0.05001574716006993,12,25.0
cash_pct_of_portfolio_chg,"[-0.0230084, -0.0226097)",-0.023008380000000002,-0.022609655,-0.0500012126368286,11,0.0
cash_pct_of_portfolio_chg,"[-0.0226097, -0.0223102)",-0.022609655,-0.02231023,-0.04998769986141778,11,9.090909090909092
cash_pct_of_portfolio_chg,"[-0.0223102, -0.0219133)",-0.02231023,-0.02191332,-0.04983328099691393,12,41.66666666666667
cash_pct_of_portfolio_chg,"[-0.0219133, -0.0216996)",-0.02191332,-0.021699595000000002,-0.049770972373947356,11,0.0
cash_pct_of_portfolio_chg,"[-0.0216996, -0.0214331)",-0.021699595000000002,-0.021433125,-0.049770972373947356,11,27.27272727272727
cash_pct_of_portfolio_chg,"[-0.0214331, -0.0211191)",-0.021433125,-0.021119065,-0.049723736904709465,12,16.666666666666664
cash_pct_of_portfolio_chg,"[-0.0211191, -0.0209922)",-0.021119065,-0.020992209999999997,-0.049723736904709465,11,27.27272727272727
cash_pct_of_portfolio_chg,"[-0.0209922, -0.0208388)",-0.020992209999999997,-0.020838839999999997,-0.04970366595462413,11,9.090909090909092
cash_pct_of_portfolio_chg,"[-0.0208388, -0.0205846)",-0.020838839999999997,-0.020584595,-0.04970366595462413,12,16.666666666666664
cash_pct_of_portfolio_chg,"[-0.0205846, -0.0203531)",-0.020584595,-0.0203531,-0.04966469612631674,11,9.090909090909092
cash_pct_of_portfolio_chg,"[-0.0203531, -0.0202386)",-0.0203531,-0.02023859,-0.04966469612631674,11,27.27272727272727
cash_pct_of_portfolio_chg,"[-0.0202386, -0.0198968)",-0.02023859,-0.019896785,-0.04966469612631674,12,25.0
cash_pct_of_portfolio_chg,"[-0.0198968, -0.0197451)",-0.019896785,-0.01974514,-0.04966469612631674,11,18.181818181818183
cash_pct_of_portfolio_chg,"[-0.0197451, -0.0195706)",-0.01974514,-0.01957058,-0.049660412888999673,11,18.181818181818183
cash_pct_of_portfolio_chg,"[-0.0195706, -0.0193716)",-0.01957058,-0.01937164,-0.049660412888999673,11,0.0
cash_pct_of_portfolio_chg,"[-0.0193716, -0.0191934)",-0.01937164,-0.01919337,-0.04964932669996977,12,8.333333333333332
cash_pct_of_portfolio_chg,"[-0.0191934, -0.0190225)",-0.01919337,-0.019022485,-0.04964932669996977,11,27.27272727272727
cash_pct_of_portfolio_chg,"[-0.0190225, -0.0187762)",-0.019022485,-0.018776229999999998,-0.04964932669996977,11,18.181818181818183
cash_pct_of_portfolio_chg,"[-0.0187762, -0.0185912)",-0.018776229999999998,-0.018591165,-0.04964932669996977,12,25.0
cash_pct_of_portfolio_chg,"[-0.0185912, -0.0183897)",-0.018591165,-0.018389675,-0.04962614277604813,11,9.090909090909092
cash_pct_of_portfolio_chg,"[-0.0183897, -0.0181751)",-0.018389675,-0.018175085,-0.04960829546713833,11,0.0
cash_pct_of_portfolio_chg,"[-0.0181751, -0.0179606)",-0.018175085,-0.017960570000000002,-0.04960829546713833,12,25.0
cash_pct_of_portfolio_chg,"[-0.0179606, -0.0177822)",-0.017960570000000002,-0.017782155,-0.04960829546713833,11,0.0
cash_pct_of_portfolio_chg,"[-0.0177822, -0.0176998)",-0.017782155,-0.017699819999999998,-0.04960829546713833,11,18.181818181818183
cash_pct_of_portfolio_chg,"[-0.0176998, -0.0175839)",-0.017699819999999998,-0.017583865,-0.049594537835210374,12,8.333333333333332
cash_pct_of_portfolio_chg,"[-0.0175839, -0.0174542)",-0.017583865,-0.017454215000000002,-0.049594537835210374,11,9.090909090909092
cash_pct_of_portfolio_chg,"[-0.0174542, -0.0173304)",-0.017454215000000002,-0.01733038,-0.049594537835210374,11,18.181818181818183
cash_pct_of_portfolio_chg,"[-0.0173304, -0.0172543)",-0.01733038,-0.017254255,-0.049594537835210374,11,18.181818181818183
cash_pct_of_portfolio_chg,"[-0.0172543, -0.017145)",-0.017254255,-0.01714496,-0.04958894995654601,12,16.666666666666664
cash_pct_of_portfolio_chg,"[-0.017145, -0.0170495)",-0.01714496,-0.017049495,-0.04958894995654601,11,0.0
cash_pct_of_portfolio_chg,"[-0.0170495, -0.0167557)",-0.017049495,-0.01675565,-0.049570079879300136,11,0.0
cash_pct_of_portfolio_chg,"[-0.0167557, -0.0166498)",-0.01675565,-0.016649765,-0.049535750825543595,12,33.33333333333333
cash_pct_of_portfolio_chg,"[-0.0166498, -0.0165396)",-0.016649765,-0.016539575,-0.049535750825543595,11,0.0
cash_pct_of_portfolio_chg,"[-0.0165396, -0.0164277)",-0.016539575,-0.016427690000000002,-0.049499700135231306,11,0.0
cash_pct_of_portfolio_chg,"[-0.0164277, -0.016263)",-0.016427690000000002,-0.016262964999999997,-0.04947707102630652,12,0.0
cash_pct_of_portfolio_chg,"[-0.016263, -0.0160902)",-0.016262964999999997,-0.016090174999999998,-0.049452849723979835,11,9.090909090909092
cash_pct_of_portfolio_chg,"[-0.0160902, -0.0160443)",-0.016090174999999998,-0.016044265,-0.049452849723979835,11,9.090909090909092
cash_pct_of_portfolio_chg,"[-0.0160443, -0.0159657)",-0.016044265,-0.015965725,-0.049452849723979835,12,8.333333333333332
cash_pct_of_portfolio_chg,"[-0.0159657, -0.0158475)",-0.015965725,-0.01584752,-0.049452849723979835,11,9.090909090909092
cash_pct_of_portfolio_chg,"[-0.0158475, -0.0157016)",-0.01584752,-0.0157016,-0.049452849723979835,11,27.27272727272727
cash_pct_of_portfolio_chg,"[-0.0157016, -0.015628)",-0.0157016,-0.015627969999999998,-0.04941677602352481,12,16.666666666666664
cash_pct_of_portfolio_chg,"[-0.015628, -0.0155242)",-0.015627969999999998,-0.015524165,-0.04941677602352481,11,0.0
cash_pct_of_portfolio_chg,"[-0.0155242, -0.0154135)",-0.015524165,-0.015413534999999999,-0.04941677602352481,11,0.0
cash_pct_of_portfolio_chg,"[-0.0154135, -0.0153498)",-0.015413534999999999,-0.015349815,-0.04941677602352481,11,18.181818181818183
cash_pct_of_portfolio_chg,"[-0.0153498, -0.0153061)",-0.015349815,-0.015306090000000001,-0.04941677602352481,12,8.333333333333332
cash_pct_of_portfolio_chg,"[-0.0153061, -0.0152044)",-0.015306090000000001,-0.015204394999999999,-0.04938106612303239,11,0.0
cash_pct_of_portfolio_chg,"[-0.0152044, -0.0150772)",-0.015204394999999999,-0.015077165,-0.04934085095798291,11,0.0
cash_pct_of_portfolio_chg,"[-0.0150772, -0.0149784)",-0.015077165,-0.014978405,-0.049313651587702054,12,0.0
cash_pct_of_portfolio_chg,"[-0.0149784, -0.0149437)",-0.014978405,-0.014943695,-0.049313651587702054,11,9.090909090909092
cash_pct_of_portfolio_chg,"[-0.0149437, -0.014884)",-0.014943695,-0.01488396,-0.049313651587702054,11,18.181818181818183
cash_pct_of_portfolio_chg,"[-0.014884, -0.0147754)",-0.01488396,-0.014775445,-0.049313651587702054,12,33.33333333333333
cash_pct_of_portfolio_chg,"[-0.0147754, -0.014688)",-0.014775445,-0.014687995,-0.04926770158087772,11,18.181818181818183
cash_pct_of_portfolio_chg,"[-0.014688, -0.0145889)",-0.014687995,-0.01458893,-0.04920595295047267,11,9.090909090909092
cash_pct_of_portfolio_chg,"[-0.0145889, -0.0144998)",-0.01458893,-0.0144998,-0.04920595295047267,12,16.666666666666664
cash_pct_of_portfolio_chg,"[-0.0144998, -0.0143653)",-0.0144998,-0.014365284999999998,-0.04920595295047267,11,9.090909090909092
cash_pct_of_portfolio_chg,"[-0.0143653, -0.014329)",-0.014365284999999998,-0.014328984999999999,-0.04920595295047267,11,27.27272727272727
cash_pct_of_portfolio_chg,"[-0.014329, -0.0142074)",-0.014328984999999999,-0.014207435000000001,-0.04920595295047267,12,16.666666666666664
cash_pct_of_portfolio_chg,"[-0.0142074, -0.0141112)",-0.014207435000000001,-0.014111155,-0.04920595295047267,11,9.090909090909092
cash_pct_of_portfolio_chg,"[-0.0141112, -0.0140722)",-0.014111155,-0.01407217,-0.04919244058765466,11,9.090909090909092
cash_pct_of_portfolio_chg,"[-0.0140722, -0.0139971)",-0.01407217,-0.01399712,-0.04919244058765466,11,18.181818181818183
cash_pct_of_portfolio_chg,"[-0.0139971, -0.0138748)",-0.01399712,-0.01387479,-0.04914349665279676,12,8.333333333333332
cash_pct_of_portfolio_chg,"[-0.0138748, -0.0138211)",-0.01387479,-0.01382112,-0.04914349665279676,11,9.090909090909092
cash_pct_of_portfolio_chg,"[-0.0138211, -0.0137154)",-0.01382112,-0.013715445,-0.04910673738993436,11,9.090909090909092
cash_pct_of_portfolio_chg,"[-0.0137154, -0.0136542)",-0.013715445,-0.013654220000000002,-0.049037314543686907,12,8.333333333333332
cash_pct_of_portfolio_chg,"[-0.0136542, -0.0135824)",-0.013654220000000002,-0.013582440000000001,-0.049037314543686907,11,0.0
cash_pct_of_portfolio_chg,"[-0.0135824, -0.0135058)",-0.013582440000000001,-0.01350582,-0.049037314543686907,11,9.090909090909092
cash_pct_of_portfolio_chg,"[-0.0135058, -0.0133377)",-0.01350582,-0.013337700000000001,-0.049037314543686907,12,8.333333333333332
cash_pct_of_portfolio_chg,"[-0.0133377, -0.0132357)",-0.013337700000000001,-0.013235735,-0.049000435562404535,11,18.181818181818183
cash_pct_of_portfolio_chg,"[-0.0132357, -0.0131732)",-0.013235735,-0.013173235,-0.04896478851819731,11,36.36363636363637
cash_pct_of_portfolio_chg,"[-0.0131732, -0.0130644)",-0.013173235,-0.013064435,-0.04895727033331878,12,0.0
cash_pct_of_portfolio_chg,"[-0.0130644, -0.0130175)",-0.013064435,-0.013017504999999999,-0.04895727033331878,11,18.181818181818183
cash_pct_of_portfolio_chg,"[-0.0130175, -0.0129997)",-0.013017504999999999,-0.012999745,-0.04895727033331878,11,0.0
cash_pct_of_portfolio_chg,"[-0.0129997, -0.0128949)",-0.012999745,-0.012894889999999999,-0.048926939215999284,11,0.0
cash_pct_of_portfolio_chg,"[-0.0128949, -0.0127995)",-0.012894889999999999,-0.01279952,-0.048926939215999284,12,0.0
cash_pct_of_portfolio_chg,"[-0.0127995, -0.0127107)",-0.01279952,-0.01271066,-0.048926939215999284,11,0.0
cash_pct_of_portfolio_chg,"[-0.0127107, -0.0126717)",-0.01271066,-0.012671700000000001,-0.04887863914002198,11,0.0
cash_pct_of_portfolio_chg,"[-0.0126717, -0.0125768)",-0.012671700000000001,-0.012576754999999998,-0.04887863914002198,12,8.333333333333332
cash_pct_of_portfolio_chg,"[-0.0125768, -0.0125125)",-0.012576754999999998,-0.012512490000000001,-0.04887863914002198,11,9.090909090909092
cash_pct_of_portfolio_chg,"[-0.0125125, -0.012474)",-0.012512490000000001,-0.012473999999999999,-0.04880452634214458,11,18.181818181818183
cash_pct_of_portfolio_chg,"[-0.012474, -0.0124063)",-0.012473999999999999,-0.01240628,-0.048733944245884404,12,0.0
cash_pct_of_portfolio_chg,"[-0.0124063, -0.0123237)",-0.01240628,-0.012323745,-0.048733944245884404,11,18.181818181818183
cash_pct_of_portfolio_chg,"[-0.0123237, -0.0122534)",-0.012323745,-0.0122534,-0.04865883761304178,11,0.0
cash_pct_of_portfolio_chg,"[-0.0122534, -0.0121908)",-0.0122534,-0.012190775000000001,-0.04865883761304178,12,0.0
cash_pct_of_portfolio_chg,"[-0.0121908, -0.0121267)",-0.012190775000000001,-0.012126685,-0.048628923672585825,11,18.181818181818183
cash_pct_of_portfolio_chg,"[-0.0121267, -0.012058)",-0.012126685,-0.012057974999999999,-0.04854655611832003,11,0.0
cash_pct_of_portfolio_chg,"[-0.012058, -0.0119928)",-0.012057974999999999,-0.0119928,-0.04725745085762619,12,25.0
cash_pct_of_portfolio_chg,"[-0.0119928, -0.0119412)",-0.0119928,-0.01194118,-0.047203844276007025,11,0.0
cash_pct_of_portfolio_chg,"[-0.0119412, -0.0118476)",-0.01194118,-0.01184755,-0.047203844276007025,11,18.181818181818183
cash_pct_of_portfolio_chg,"[-0.0118476, -0.011797)",-0.01184755,-0.011797044999999999,-0.047203844276007025,11,27.27272727272727
cash_pct_of_portfolio_chg,"[-0.011797, -0.011712)",-0.011797044999999999,-0.01171199,-0.04708974854173105,12,25.0
cash_pct_of_portfolio_chg,"[-0.011712, -0.0116281)",-0.01171199,-0.011628085,-0.04708974854173105,11,9.090909090909092
cash_pct_of_portfolio_chg,"[-0.0116281, -0.0115541)",-0.011628085,-0.011554055,-0.04696230888671685,11,18.181818181818183
cash_pct_of_portfolio_chg,"[-0.0115541, -0.0115066)",-0.011554055,-0.01150655,-0.04696230888671685,12,16.666666666666664
cash_pct_of_portfolio_chg,"[-0.0115066, -0.0114638)",-0.01150655,-0.01146384,-0.046908606695432106,11,18.181818181818183
cash_pct_of_portfolio_chg,"[-0.0114638, -0.0114119)",-0.01146384,-0.011411895,-0.04685883718000708,11,0.0
cash_pct_of_portfolio_chg,"[-0.0114119, -0.0113319)",-0.011411895,-0.01133193,-0.04679658399572319,12,8.333333333333332
cash_pct_of_portfolio_chg,"[-0.0113319, -0.0112873)",-0.01133193,-0.011287295,-0.046714030472188424,11,18.181818181818183
cash_pct_of_portfolio_chg,"[-0.0112873, -0.0112421)",-0.011287295,-0.01124213,-0.046714030472188424,11,18.181818181818183
cash_pct_of_portfolio_chg,"[-0.0112421, -0.0111583)",-0.01124213,-0.011158310000000001,-0.04659363535695963,12,0.0
cash_pct_of_portfolio_chg,"[-0.0111583, -0.0111065)",-0.011158310000000001,-0.011106505,-0.04650153835055997,11,9.090909090909092
cash_pct_of_portfolio_chg,"[-0.0111065, -0.0110654)",-0.011106505,-0.011065445,-0.04647797490314493,11,9.090909090909092
cash_pct_of_portfolio_chg,"[-0.0110654, -0.0109981)",-0.011065445,-0.01099813,-0.046428929927673945,12,25.0
cash_pct_of_portfolio_chg,"[-0.0109981, -0.0109394)",-0.01099813,-0.010939425,-0.046428929927673945,11,18.181818181818183
cash_pct_of_portfolio_chg,"[-0.0109394, -0.0109021)",-0.010939425,-0.01090212,-0.04618594815488769,11,18.181818181818183
cash_pct_of_portfolio_chg,"[-0.0109021, -0.0108652)",-0.01090212,-0.01086522,-0.04612282565762151,11,0.0
cash_pct_of_portfolio_chg,"[-0.0108652, -0.0108029)",-0.01086522,-0.010802929999999999,-0.04600367402399917,12,8.333333333333332
cash_pct_of_portfolio_chg,"[-0.0108029, -0.010766)",-0.010802929999999999,-0.010765955,-0.04600367402399917,11,0.0
cash_pct_of_portfolio_chg,"[-0.010766, -0.0107005)",-0.010765955,-0.010700515,-0.04593533749142425,11,9.090909090909092
cash_pct_of_portfolio_chg,"[-0.0107005, -0.0106089)",-0.010700515,-0.010608925000000002,-0.045896397644838216,12,8.333333333333332
cash_pct_of_portfolio_chg,"[-0.0106089, -0.0105612)",-0.010608925000000002,-0.010561190000000002,-0.04582637474539689,11,9.090909090909092
cash_pct_of_portfolio_chg,"[-0.0105612, -0.010531)",-0.010561190000000002,-0.01053101,-0.04582637474539689,11,27.27272727272727
cash_pct_of_portfolio_chg,"[-0.010531, -0.0104756)",-0.01053101,-0.010475640000000001,-0.04582637474539689,12,0.0
cash_pct_of_portfolio_chg,"[-0.0104756, -0.010434)",-0.010475640000000001,-0.01043397,-0.04582637474539689,11,0.0
cash_pct_of_portfolio_chg,"[-0.010434, -0.0103689)",-0.01043397,-0.01036893,-0.045772236813416,11,27.27272727272727
cash_pct_of_portfolio_chg,"[-0.0103689, -0.0102925)",-0.01036893,-0.010292525,-0.045772236813416,12,8.333333333333332
cash_pct_of_portfolio_chg,"[-0.0102925, -0.0102608)",-0.010292525,-0.010260755,-0.04558929994958916,11,9.090909090909092
cash_pct_of_portfolio_chg,"[-0.0102608, -0.0102097)",-0.010260755,-0.010209725,-0.04558929994958916,11,18.181818181818183
cash_pct_of_portfolio_chg,"[-0.0102097, -0.0101708)",-0.010209725,-0.010170765,-0.04543421874958739,11,18.181818181818183
cash_pct_of_portfolio_chg,"[-0.0101708, -0.0101393)",-0.010170765,-0.01013932,-0.04541107658727072,12,0.0
cash_pct_of_portfolio_chg,"[-0.0101393, -0.0100572)",-0.01013932,-0.010057165,-0.045179345095331724,11,18.181818181818183
cash_pct_of_portfolio_chg,"[-0.0100572, -0.0100119)",-0.010057165,-0.0100119,-0.04509256139626927,11,18.181818181818183
cash_pct_of_portfolio_chg,"[-0.0100119, -0.00994955)",-0.0100119,-0.009949554999999999,-0.04499449388129003,12,8.333333333333332
cash_pct_of_portfolio_chg,"[-0.00994955, -0.00990935)",-0.009949554999999999,-0.009909355,-0.04499449388129003,11,18.181818181818183
cash_pct_of_portfolio_chg,"[-0.00990935, -0.00985911)",-0.009909355,-0.009859115,-0.04492802845021358,11,0.0
cash_pct_of_portfolio_chg,"[-0.00985911, -0.00981501)",-0.009859115,-0.009815015,-0.04484238075693919,12,16.666666666666664
cash_pct_of_portfolio_chg,"[-0.00981501, -0.00978044)",-0.009815015,-0.009780444999999999,-0.04456110937232733,11,27.27272727272727
cash_pct_of_portfolio_chg,"[-0.00978044, -0.00972906)",-0.009780444999999999,-0.009729055,-0.04456110937232733,11,9.090909090909092
cash_pct_of_portfolio_chg,"[-0.00972906, -0.00969604)",-0.009729055,-0.009696035,-0.04451670187061812,12,8.333333333333332
cash_pct_of_portfolio_chg,"[-0.00969604, -0.00963573)",-0.009696035,-0.00963573,-0.04443430029933075,11,0.0
cash_pct_of_portfolio_chg,"[-0.00963573, -0.00959505)",-0.00963573,-0.009595055,-0.044230155256820586,11,0.0
cash_pct_of_portfolio_chg,"[-0.00959505, -0.0095255)",-0.009595055,-0.0095255,-0.04395716116058134,12,25.0
cash_pct_of_portfolio_chg,"[-0.0095255, -0.00947235)",-0.0095255,-0.009472350000000001,-0.04395716116058134,11,9.090909090909092
cash_pct_of_portfolio_chg,"[-0.00947235, -0.00941507)",-0.009472350000000001,-0.009415070000000001,-0.04388994675426099,11,18.181818181818183
cash_pct_of_portfolio_chg,"[-0.00941507, -0.00936397)",-0.009415070000000001,-0.009363965,-0.04366724774151185,11,18.181818181818183
cash_pct_of_portfolio_chg,"[-0.00936397, -0.00930867)",-0.009363965,-0.00930867,-0.04366724774151185,12,0.0
cash_pct_of_portfolio_chg,"[-0.00930867, -0.00924998)",-0.00930867,-0.00924998,-0.04337189754353262,11,18.181818181818183
cash_pct_of_portfolio_chg,"[-0.00924998, -0.0092038)",-0.00924998,-0.009203795,-0.043194325981295426,11,9.090909090909092
cash_pct_of_portfolio_chg,"[-0.0092038, -0.00915308)",-0.009203795,-0.009153080000000001,-0.043194325981295426,12,8.333333333333332
cash_pct_of_portfolio_chg,"[-0.00915308, -0.00909012)",-0.009153080000000001,-0.00909012,-0.04304112157007642,11,18.181818181818183
cash_pct_of_portfolio_chg,"[-0.00909012, -0.00903995)",-0.00909012,-0.009039945,-0.04299616600210842,11,9.090909090909092
cash_pct_of_portfolio_chg,"[-0.00903995, -0.00897592)",-0.009039945,-0.008975925,-0.042940107429282254,12,16.666666666666664
cash_pct_of_portfolio_chg,"[-0.00897592, -0.00892516)",-0.008975925,-0.00892516,-0.04273537551814138,11,18.181818181818183
cash_pct_of_portfolio_chg,"[-0.00892516, -0.00888154)",-0.00892516,-0.00888154,-0.04246867300022588,11,0.0
cash_pct_of_portfolio_chg,"[-0.00888154, -0.00882346)",-0.00888154,-0.008823464999999999,-0.04246867300022588,12,41.66666666666667
cash_pct_of_portfolio_chg,"[-0.00882346, -0.00876405)",-0.008823464999999999,-0.008764055,-0.04246867300022588,11,9.090909090909092
cash_pct_of_portfolio_chg,"[-0.00876405, -0.00870419)",-0.008764055,-0.00870419,-0.042389091451828745,11,18.181818181818183
cash_pct_of_portfolio_chg,"[-0.00870419, -0.00862596)",-0.00870419,-0.008625965,-0.042271246031409186,12,8.333333333333332
cash_pct_of_portfolio_chg,"[-0.00862596, -0.00858992)",-0.008625965,-0.008589920000000001,-0.042271246031409186,11,9.090909090909092
cash_pct_of_portfolio_chg,"[-0.00858992, -0.0085249)",-0.008589920000000001,-0.008524895000000001,-0.042271246031409186,11,27.27272727272727
cash_pct_of_portfolio_chg,"[-0.0085249, -0.00848851)",-0.008524895000000001,-0.008488505,-0.042271246031409186,11,18.181818181818183
cash_pct_of_portfolio_chg,"[-0.00848851, -0.00842839)",-0.008488505,-0.008428390000000001,-0.042271246031409186,12,16.666666666666664
cash_pct_of_portfolio_chg,"[-0.00842839, -0.00839166)",-0.008428390000000001,-0.008391659999999999,-0.04217704497122007,11,9.090909090909092
cash_pct_of_portfolio_chg,"[-0.00839166, -0.00835666)",-0.008391659999999999,-0.00835666,-0.042175148171925005,11,9.090909090909092
cash_pct_of_portfolio_chg,"[-0.00835666, -0.00831358)",-0.00835666,-0.008313584999999998,-0.04204784911680601,12,0.0
cash_pct_of_portfolio_chg,"[-0.00831358, -0.00825725)",-0.008313584999999998,-0.008257255,-0.04204784911680601,11,27.27272727272727
cash_pct_of_portfolio_chg,"[-0.00825725, -0.00819813)",-0.008257255,-0.008198134999999999,-0.042002045466182636,11,0.0
cash_pct_of_portfolio_chg,"[-0.00819813, -0.00814959)",-0.008198134999999999,-0.008149594999999999,-0.04168382229575582,12,16.666666666666664
cash_pct_of_portfolio_chg,"[-0.00814959, -0.00809902)",-0.008149594999999999,-0.00809902,-0.04168382229575582,11,0.0
cash_pct_of_portfolio_chg,"[-0.00809902, -0.00805246)",-0.00809902,-0.008052465,-0.04168382229575582,11,9.090909090909092
cash_pct_of_portfolio_chg,"[-0.00805246, -0.00801445)",-0.008052465,-0.00801445,-0.041590290852399604,12,8.333333333333332
cash_pct_of_portfolio_chg,"[-0.00801445, -0.00797594)",-0.00801445,-0.007975945,-0.04146304915699891,11,0.0
cash_pct_of_portfolio_chg,"[-0.00797594, -0.00791247)",-0.007975945,-0.007912470000000001,-0.041231581721171286,11,9.090909090909092
cash_pct_of_portfolio_chg,"[-0.00791247, -0.00785699)",-0.007912470000000001,-0.007856990000000001,-0.04102777534329223,11,9.090909090909092
cash_pct_of_portfolio_chg,"[-0.00785699, -0.0077971)",-0.007856990000000001,-0.007797095,-0.04093519909100457,12,0.0
cash_pct_of_portfolio_chg,"[-0.0077971, -0.007755)",-0.007797095,-0.007755,-0.04074286851549529,11,18.181818181818183
cash_pct_of_portfolio_chg,"[-0.007755, -0.00769847)",-0.007755,-0.007698475,-0.040662349079715214,11,0.0
cash_pct_of_portfolio_chg,"[-0.00769847, -0.00765786)",-0.007698475,-0.00765786,-0.040563843491681,12,8.333333333333332
cash_pct_of_portfolio_chg,"[-0.00765786, -0.00762491)",-0.00765786,-0.00762491,-0.04035610123464492,11,9.090909090909092
cash_pct_of_portfolio_chg,"[-0.00762491, -0.00758577)",-0.00762491,-0.0075857749999999995,-0.04026082546477478,11,18.181818181818183
cash_pct_of_portfolio_chg,"[-0.00758577, -0.00754401)",-0.0075857749999999995,-0.00754401,-0.04005134080428045,12,33.33333333333333
cash_pct_of_portfolio_chg,"[-0.00754401, -0.00749645)",-0.00754401,-0.00749645,-0.03989363970531464,11,9.090909090909092
cash_pct_of_portfolio_chg,"[-0.00749645, -0.00744446)",-0.00749645,-0.007444465,-0.03971277895657088,11,0.0
cash_pct_of_portfolio_chg,"[-0.00744446, -0.00738409)",-0.007444465,-0.007384089999999999,-0.03971277895657088,12,16.666666666666664
cash_pct_of_portfolio_chg,"[-0.00738409, -0.00733185)",-0.007384089999999999,-0.007331845,-0.03950281245089027,11,9.090909090909092
cash_pct_of_portfolio_chg,"[-0.00733185, -0.00727439)",-0.007331845,-0.00727439,-0.039408657022484486,11,18.181818181818183
cash_pct_of_portfolio_chg,"[-0.00727439, -0.00722635)",-0.00727439,-0.007226345,-0.039408657022484486,12,16.666666666666664
cash_pct_of_portfolio_chg,"[-0.00722635, -0.00719187)",-0.007226345,-0.0071918699999999995,-0.039375336387730865,11,9.090909090909092
cash_pct_of_portfolio_chg,"[-0.00719187, -0.00713947)",-0.0071918699999999995,-0.007139465,-0.039334999330686085,11,9.090909090909092
cash_pct_of_portfolio_chg,"[-0.00713947, -0.00707271)",-0.007139465,-0.007072705,-0.03927253636458018,11,0.0
cash_pct_of_portfolio_chg,"[-0.00707271, -0.00703554)",-0.007072705,-0.00703554,-0.03927253636458018,12,16.666666666666664
cash_pct_of_portfolio_chg,"[-0.00703554, -0.00699069)",-0.00703554,-0.00699069,-0.03917573142680759,11,9.090909090909092
cash_pct_of_portfolio_chg,"[-0.00699069, -0.00696142)",-0.00699069,-0.006961415,-0.039078146545589415,11,27.27272727272727
cash_pct_of_portfolio_chg,"[-0.00696142, -0.00691538)",-0.006961415,-0.006915385,-0.039039395727049425,12,8.333333333333332
cash_pct_of_portfolio_chg,"[-0.00691538, -0.00688394)",-0.006915385,-0.00688394,-0.03886522605158671,11,9.090909090909092
cash_pct_of_portfolio_chg,"[-0.00688394, -0.0068273)",-0.00688394,-0.006827295000000001,-0.03886522605158671,11,9.090909090909092
cash_pct_of_portfolio_chg,"[-0.0068273, -0.00678785)",-0.006827295000000001,-0.006787845000000001,-0.03886522605158671,12,16.666666666666664
cash_pct_of_portfolio_chg,"[-0.00678785, -0.00676145)",-0.006787845000000001,-0.0067614500000000004,-0.03886522605158671,11,27.27272727272727
cash_pct_of_portfolio_chg,"[-0.00676145, -0.00670296)",-0.0067614500000000004,-0.006702965,-0.03882326988937092,11,18.181818181818183
cash_pct_of_portfolio_chg,"[-0.00670296, -0.00664849)",-0.006702965,-0.00664849,-0.03882326988937092,12,8.333333333333332
cash_pct_of_portfolio_chg,"[-0.00664849, -0.00659594)",-0.00664849,-0.006595935000000001,-0.038747548940614274,11,18.181818181818183
cash_pct_of_portfolio_chg,"[-0.00659594, -0.0065584)",-0.006595935000000001,-0.0065584,-0.038531490949300265,11,18.181818181818183
cash_pct_of_portfolio_chg,"[-0.0065584, -0.00650689)",-0.0065584,-0.0065068850000000004,-0.038467944739246515,12,33.33333333333333
cash_pct_of_portfolio_chg,"[-0.00650689, -0.00644354)",-0.0065068850000000004,-0.006443535,-0.03841957099566552,11,9.090909090909092
cash_pct_of_portfolio_chg,"[-0.00644354, -0.00640502)",-0.006443535,-0.00640502,-0.038222920785306834,11,0.0
cash_pct_of_portfolio_chg,"[-0.00640502, -0.00634694)",-0.00640502,-0.006346940000000001,-0.03815325907116457,11,18.181818181818183
cash_pct_of_portfolio_chg,"[-0.00634694, -0.00630067)",-0.006346940000000001,-0.0063006699999999995,-0.03815325907116457,12,41.66666666666667
cash_pct_of_portfolio_chg,"[-0.00630067, -0.00624784)",-0.0063006699999999995,-0.006247835,-0.03815325907116457,11,36.36363636363637
cash_pct_of_portfolio_chg,"[-0.00624784, -0.00621278)",-0.006247835,-0.006212775,-0.03810307233824175,11,18.181818181818183
cash_pct_of_portfolio_chg,"[-0.00621278, -0.00615977)",-0.006212775,-0.00615977,-0.03808078267303446,12,25.0
cash_pct_of_portfolio_chg,"[-0.00615977, -0.00612732)",-0.00615977,-0.0061273249999999994,-0.03801275193520429,11,18.181818181818183
cash_pct_of_portfolio_chg,"[-0.00612732, -0.00607914)",-0.0061273249999999994,-0.006079144999999999,-0.03797945738598933,11,18.181818181818183
cash_pct_of_portfolio_chg,"[-0.00607914, -0.00603132)",-0.006079144999999999,-0.006031315000000001,-0.037920809299182144,12,16.666666666666664
cash_pct_of_portfolio_chg,"[-0.00603132, -0.00599261)",-0.006031315000000001,-0.005992610000000001,-0.037920809299182144,11,0.0
cash_pct_of_portfolio_chg,"[-0.00599261, -0.00593744)",-0.005992610000000001,-0.00593744,-0.037854679374407445,11,0.0
cash_pct_of_portfolio_chg,"[-0.00593744, -0.00588289)",-0.00593744,-0.005882885,-0.037854679374407445,12,0.0
cash_pct_of_portfolio_chg,"[-0.00588289, -0.00580893)",-0.005882885,-0.00580893,-0.037854679374407445,11,9.090909090909092
cash_pct_of_portfolio_chg,"[-0.00580893, -0.00577819)",-0.00580893,-0.005778195,-0.03776439759261537,11,9.090909090909092
cash_pct_of_portfolio_chg,"[-0.00577819, -0.00574765)",-0.005778195,-0.005747645,-0.03776439759261537,11,0.0
cash_pct_of_portfolio_chg,"[-0.00574765, -0.00569799)",-0.005747645,-0.00569799,-0.03776439759261537,12,8.333333333333332
cash_pct_of_portfolio_chg,"[-0.00569799, -0.0056623)",-0.00569799,-0.005662304999999999,-0.03772436344214519,11,0.0
cash_pct_of_portfolio_chg,"[-0.0056623, -0.00561173)",-0.005662304999999999,-0.0056117300000000005,-0.03765606898646993,11,9.090909090909092
cash_pct_of_portfolio_chg,"[-0.00561173, -0.00558036)",-0.0056117300000000005,-0.005580355,-0.03765606898646993,12,0.0
cash_pct_of_portfolio_chg,"[-0.00558036, -0.00554144)",-0.005580355,-0.005541445,-0.03765606898646993,11,9.090909090909092
cash_pct_of_portfolio_chg,"[-0.00554144, -0.00550675)",-0.005541445,-0.0055067499999999995,-0.03765606898646993,11,9.090909090909092
cash_pct_of_portfolio_chg,"[-0.00550675, -0.0054632)",-0.0055067499999999995,-0.005463205,-0.03765606898646993,12,16.666666666666664
cash_pct_of_portfolio_chg,"[-0.0054632, -0.00543221)",-0.005463205,-0.00543221,-0.03765606898646993,11,9.090909090909092
cash_pct_of_portfolio_chg,"[-0.00543221, -0.00540917)",-0.00543221,-0.0054091650000000005,-0.03743691624841365,11,9.090909090909092
cash_pct_of_portfolio_chg,"[-0.00540917, -0.00535852)",-0.0054091650000000005,-0.005358524999999999,-0.037309197721440014,12,0.0
cash_pct_of_portfolio_chg,"[-0.00535852, -0.00532969)",-0.005358524999999999,-0.005329685000000001,-0.03718129270514806,11,0.0
cash_pct_of_portfolio_chg,"[-0.00532969, -0.00530805)",-0.005329685000000001,-0.005308055,-0.0370564365146694,11,0.0
cash_pct_of_portfolio_chg,"[-0.00530805, -0.00526278)",-0.005308055,-0.005262785,-0.03690183003857803,12,16.666666666666664
cash_pct_of_portfolio_chg,"[-0.00526278, -0.00522007)",-0.005262785,-0.005220065,-0.03676524219523537,11,9.090909090909092
cash_pct_of_portfolio_chg,"[-0.00522007, -0.00517598)",-0.005220065,-0.00517598,-0.03676524219523537,11,0.0
cash_pct_of_portfolio_chg,"[-0.00517598, -0.00513909)",-0.00517598,-0.005139095,-0.03676524219523537,11,27.27272727272727
cash_pct_of_portfolio_chg,"[-0.00513909, -0.00510844)",-0.005139095,-0.00510844,-0.03662643397792635,12,8.333333333333332
cash_pct_of_portfolio_chg,"[-0.00510844, -0.00506377)",-0.00510844,-0.0050637749999999995,-0.03659517187225482,11,27.27272727272727
cash_pct_of_portfolio_chg,"[-0.00506377, -0.00501759)",-0.0050637749999999995,-0.00501759,-0.03651935277458296,11,9.090909090909092
cash_pct_of_portfolio_chg,"[-0.00501759, -0.00497791)",-0.00501759,-0.004977914999999999,-0.03651935277458296,12,16.666666666666664
cash_pct_of_portfolio_chg,"[-0.00497791, -0.00495)",-0.004977914999999999,-0.0049499999999999995,-0.03636750207439425,11,0.0
cash_pct_of_portfolio_chg,"[-0.00495, -0.00491115)",-0.0049499999999999995,-0.0049111450000000004,-0.03631343698814414,11,18.181818181818183
cash_pct_of_portfolio_chg,"[-0.00491115, -0.00487313)",-0.0049111450000000004,-0.004873125000000001,-0.03631343698814414,12,8.333333333333332
cash_pct_of_portfolio_chg,"[-0.00487313, -0.00482411)",-0.004873125000000001,-0.004824105,-0.03621610615711712,11,0.0
cash_pct_of_portfolio_chg,"[-0.00482411, -0.00479152)",-0.004824105,-0.0047915200000000005,-0.03621610615711712,11,18.181818181818183
cash_pct_of_portfolio_chg,"[-0.00479152, -0.0047453)",-0.0047915200000000005,-0.004745295,-0.03621610615711712,12,8.333333333333332
cash_pct_of_portfolio_chg,"[-0.0047453, -0.00470805)",-0.004745295,-0.00470805,-0.036177710198864156,11,27.27272727272727
cash_pct_of_portfolio_chg,"[-0.00470805, -0.00467482)",-0.00470805,-0.00467482,-0.036177710198864156,11,9.090909090909092
cash_pct_of_portfolio_chg,"[-0.00467482, -0.00462967)",-0.00467482,-0.004629675,-0.036177710198864156,12,16.666666666666664
cash_pct_of_portfolio_chg,"[-0.00462967, -0.0045848)",-0.004629675,-0.0045848,-0.036090770978956126,11,9.090909090909092
cash_pct_of_portfolio_chg,"[-0.0045848, -0.00455394)",-0.0045848,-0.004553935,-0.03585361277052825,11,9.090909090909092
cash_pct_of_portfolio_chg,"[-0.00455394, -0.00451378)",-0.004553935,-0.004513784999999999,-0.03585361277052825,11,9.090909090909092
cash_pct_of_portfolio_chg,"[-0.00451378, -0.00446754)",-0.004513784999999999,-0.00446754,-0.03581409882265721,12,8.333333333333332
cash_pct_of_portfolio_chg,"[-0.00446754, -0.00442184)",-0.00446754,-0.00442184,-0.0357437955429394,11,18.181818181818183
cash_pct_of_portfolio_chg,"[-0.00442184, -0.0043779)",-0.00442184,-0.0043779,-0.035542363426043416,11,36.36363636363637
cash_pct_of_portfolio_chg,"[-0.0043779, -0.00433306)",-0.0043779,-0.00433306,-0.035391381085858806,12,33.33333333333333
cash_pct_of_portfolio_chg,"[-0.00433306, -0.00430978)",-0.00433306,-0.00430978,-0.03513702246266631,11,0.0
cash_pct_of_portfolio_chg,"[-0.00430978, -0.00427249)",-0.00430978,-0.004272494999999999,-0.03499663436032529,11,18.181818181818183
cash_pct_of_portfolio_chg,"[-0.00427249, -0.00424584)",-0.004272494999999999,-0.004245840000000001,-0.03499663436032529,12,16.666666666666664
cash_pct_of_portfolio_chg,"[-0.00424584, -0.004229)",-0.004245840000000001,-0.004229,-0.03481110207604963,11,9.090909090909092
cash_pct_of_portfolio_chg,"[-0.004229, -0.00420366)",-0.004229,-0.004203655000000001,-0.03465308726060813,11,18.181818181818183
cash_pct_of_portfolio_chg,"[-0.00420366, -0.00414877)",-0.004203655000000001,-0.0041487650000000004,-0.034458771857116106,12,16.666666666666664
cash_pct_of_portfolio_chg,"[-0.00414877, -0.00409808)",-0.0041487650000000004,-0.00409808,-0.034458771857116106,11,0.0
cash_pct_of_portfolio_chg,"[-0.00409808, -0.00406208)",-0.00409808,-0.004062075,-0.03445605559240985,11,9.090909090909092
cash_pct_of_portfolio_chg,"[-0.00406208, -0.0040288)",-0.004062075,-0.004028805,-0.03441322185571234,11,36.36363636363637
cash_pct_of_portfolio_chg,"[-0.0040288, -0.0039891)",-0.004028805,-0.003989105,-0.03426911098099493,12,16.666666666666664
cash_pct_of_portfolio_chg,"[-0.0039891, -0.0039687)",-0.003989105,-0.0039687,-0.03411922538160653,11,0.0
cash_pct_of_portfolio_chg,"[-0.0039687, -0.00394032)",-0.0039687,-0.003940325,-0.03410178152026663,11,9.090909090909092
cash_pct_of_portfolio_chg,"[-0.00394032, -0.00391436)",-0.003940325,-0.0039143649999999995,-0.03409422856022157,12,16.666666666666664
cash_pct_of_portfolio_chg,"[-0.00391436, -0.00388236)",-0.0039143649999999995,-0.0038823599999999996,-0.03406524648594706,11,9.090909090909092
cash_pct_of_portfolio_chg,"[-0.00388236, -0.00385009)",-0.0038823599999999996,-0.003850085,-0.03400046943736985,11,18.181818181818183
cash_pct_of_portfolio_chg,"[-0.00385009, -0.00381537)",-0.003850085,-0.0038153700000000002,-0.033967907639981906,12,33.33333333333333
cash_pct_of_portfolio_chg,"[-0.00381537, -0.00377738)",-0.0038153700000000002,-0.0037773750000000004,-0.03392447948698642,11,0.0
cash_pct_of_portfolio_chg,"[-0.00377738, -0.0037436)",-0.0037773750000000004,-0.0037435999999999997,-0.033915509496836,11,9.090909090909092
cash_pct_of_portfolio_chg,"[-0.0037436, -0.0037112)",-0.0037435999999999997,-0.0037112,-0.033860123279714466,12,16.666666666666664
cash_pct_of_portfolio_chg,"[-0.0037112, -0.00368083)",-0.0037112,-0.00368083,-0.033860123279714466,11,18.181818181818183
cash_pct_of_portfolio_chg,"[-0.00368083, -0.0036553)",-0.00368083,-0.0036552950000000002,-0.03379235455133345,11,18.181818181818183
cash_pct_of_portfolio_chg,"[-0.0036553, -0.00361782)",-0.0036552950000000002,-0.003617825,-0.033706200705747584,12,16.666666666666664
cash_pct_of_portfolio_chg,"[-0.00361782, -0.00358477)",-0.003617825,-0.003584765,-0.033658772889863776,11,0.0
cash_pct_of_portfolio_chg,"[-0.00358477, -0.00355137)",-0.003584765,-0.003551375,-0.03362809592805187,11,9.090909090909092
cash_pct_of_portfolio_chg,"[-0.00355137, -0.00350477)",-0.003551375,-0.003504775,-0.03362809592805187,11,9.090909090909092
cash_pct_of_portfolio_chg,"[-0.00350477, -0.00346487)",-0.003504775,-0.003464865,-0.03362809592805187,12,16.666666666666664
cash_pct_of_portfolio_chg,"[-0.00346487, -0.00344473)",-0.003464865,-0.003444735,-0.03362809592805187,11,0.0
cash_pct_of_portfolio_chg,"[-0.00344473, -0.00339982)",-0.003444735,-0.00339982,-0.03362809592805187,11,0.0
cash_pct_of_portfolio_chg,"[-0.00339982, -0.00336355)",-0.00339982,-0.00336355,-0.03355352586356605,12,33.33333333333333
cash_pct_of_portfolio_chg,"[-0.00336355, -0.00332265)",-0.00336355,-0.00332265,-0.03355352586356605,11,27.27272727272727
cash_pct_of_portfolio_chg,"[-0.00332265, -0.0032989)",-0.00332265,-0.0032989,-0.03333972336086559,11,9.090909090909092
cash_pct_of_portfolio_chg,"[-0.0032989, -0.00325998)",-0.0032989,-0.003259985,-0.03329425854328236,12,33.33333333333333
cash_pct_of_portfolio_chg,"[-0.00325998, -0.00322276)",-0.003259985,-0.003222765,-0.03326773526326947,11,18.181818181818183
cash_pct_of_portfolio_chg,"[-0.00322276, -0.00319394)",-0.003222765,-0.003193935,-0.033213810952747225,11,9.090909090909092
cash_pct_of_portfolio_chg,"[-0.00319394, -0.0031349)",-0.003193935,-0.0031348950000000004,-0.033213810952747225,12,0.0
cash_pct_of_portfolio_chg,"[-0.0031349, -0.0030993)",-0.0031348950000000004,-0.0030993,-0.033213810952747225,11,18.181818181818183
cash_pct_of_portfolio_chg,"[-0.0030993, -0.00305722)",-0.0030993,-0.0030572150000000003,-0.033213810952747225,11,18.181818181818183
cash_pct_of_portfolio_chg,"[-0.00305722, -0.0030084)",-0.0030572150000000003,-0.0030084049999999996,-0.033108599121897314,12,8.333333333333332
cash_pct_of_portfolio_chg,"[-0.0030084, -0.00297243)",-0.0030084049999999996,-0.00297243,-0.033108599121897314,11,0.0
cash_pct_of_portfolio_chg,"[-0.00297243, -0.00293164)",-0.00297243,-0.002931635,-0.03296960847291344,11,9.090909090909092
cash_pct_of_portfolio_chg,"[-0.00293164, -0.00290282)",-0.002931635,-0.00290282,-0.03276813403582853,11,18.181818181818183
cash_pct_of_portfolio_chg,"[-0.00290282, -0.00286072)",-0.00290282,-0.00286072,-0.03276813403582853,12,16.666666666666664
cash_pct_of_portfolio_chg,"[-0.00286072, -0.00282305)",-0.00286072,-0.00282305,-0.03276813403582853,11,27.27272727272727
cash_pct_of_portfolio_chg,"[-0.00282305, -0.0027905)",-0.00282305,-0.002790495,-0.03270952924017528,11,9.090909090909092
cash_pct_of_portfolio_chg,"[-0.0027905, -0.00274379)",-0.002790495,-0.0027437850000000003,-0.03270952924017528,12,8.333333333333332
cash_pct_of_portfolio_chg,"[-0.00274379, -0.0027108)",-0.0027437850000000003,-0.0027108,-0.03270952924017528,11,9.090909090909092
cash_pct_of_portfolio_chg,"[-0.0027108, -0.0026617)",-0.0027108,-0.0026617000000000004,-0.032667221422927765,11,9.090909090909092
cash_pct_of_portfolio_chg,"[-0.0026617, -0.00261073)",-0.0026617000000000004,-0.002610735,-0.03263796713097654,12,8.333333333333332
cash_pct_of_portfolio_chg,"[-0.00261073, -0.00258977)",-0.002610735,-0.00258977,-0.03259112393109545,11,27.27272727272727
cash_pct_of_portfolio_chg,"[-0.00258977, -0.00254775)",-0.00258977,-0.00254775,-0.032572908170663446,11,18.181818181818183
cash_pct_of_portfolio_chg,"[-0.00254775, -0.00248972)",-0.00254775,-0.00248972,-0.03232027806446105,12,8.333333333333332
cash_pct_of_portfolio_chg,"[-0.00248972, -0.0024673)",-0.00248972,-0.002467305,-0.03221177411896348,11,45.45454545454545
cash_pct_of_portfolio_chg,"[-0.0024673, -0.00241741)",-0.002467305,-0.002417405,-0.03221177411896348,11,27.27272727272727
cash_pct_of_portfolio_chg,"[-0.00241741, -0.00238269)",-0.002417405,-0.00238269,-0.03217236133533506,11,0.0
cash_pct_of_portfolio_chg,"[-0.00238269, -0.00233241)",-0.00238269,-0.00233241,-0.03204345767971287,12,25.0
cash_pct_of_portfolio_chg,"[-0.00233241, -0.00230745)",-0.00233241,-0.00230745,-0.03204345767971287,11,9.090909090909092
cash_pct_of_portfolio_chg,"[-0.00230745, -0.0022794)",-0.00230745,-0.002279405,-0.03184206625898398,11,18.181818181818183
cash_pct_of_portfolio_chg,"[-0.0022794, -0.0022571)",-0.002279405,-0.0022570999999999997,-0.03184206625898398,12,16.666666666666664
cash_pct_of_portfolio_chg,"[-0.0022571, -0.00221718)",-0.0022570999999999997,-0.002217175,-0.0318130578822421,11,9.090909090909092
cash_pct_of_portfolio_chg,"[-0.00221718, -0.00218729)",-0.002217175,-0.00218729,-0.031744204983749795,11,9.090909090909092
cash_pct_of_portfolio_chg,"[-0.00218729, -0.00215666)",-0.00218729,-0.00215666,-0.03166975647483876,12,8.333333333333332
cash_pct_of_portfolio_chg,"[-0.00215666, -0.00211659)",-0.00215666,-0.0021165949999999998,-0.03166975647483876,11,0.0
cash_pct_of_portfolio_chg,"[-0.00211659, -0.00207821)",-0.0021165949999999998,-0.00207821,-0.03164187408259039,11,9.090909090909092
cash_pct_of_portfolio_chg,"[-0.00207821, -0.0020532)",-0.00207821,-0.0020532,-0.031617755673947874,12,16.666666666666664
cash_pct_of_portfolio_chg,"[-0.0020532, -0.00201305)",-0.0020532,-0.0020130499999999997,-0.03153635291841039,11,9.090909090909092
cash_pct_of_portfolio_chg,"[-0.00201305, -0.00198917)",-0.0020130499999999997,-0.00198917,-0.03153635291841039,11,9.090909090909092
cash_pct_of_portfolio_chg,"[-0.00198917, -0.00193325)",-0.00198917,-0.001933245,-0.031393329213432325,12,16.666666666666664
cash_pct_of_portfolio_chg,"[-0.00193325, -0.00190821)",-0.001933245,-0.001908215,-0.03139094446093343,11,9.090909090909092
cash_pct_of_portfolio_chg,"[-0.00190821, -0.00188978)",-0.001908215,-0.001889775,-0.03139094446093343,11,27.27272727272727
cash_pct_of_portfolio_chg,"[-0.00188978, -0.00185907)",-0.001889775,-0.001859075,-0.03139094446093343,11,9.090909090909092
cash_pct_of_portfolio_chg,"[-0.00185907, -0.00182804)",-0.001859075,-0.001828045,-0.031286554401388195,12,16.666666666666664
cash_pct_of_portfolio_chg,"[-0.00182804, -0.00180912)",-0.001828045,-0.00180912,-0.031286554401388195,11,18.181818181818183
cash_pct_of_portfolio_chg,"[-0.00180912, -0.00177986)",-0.00180912,-0.0017798599999999999,-0.031120393262524946,11,18.181818181818183
cash_pct_of_portfolio_chg,"[-0.00177986, -0.0017418)",-0.0017798599999999999,-0.0017418,-0.031116742217519734,12,25.0
cash_pct_of_portfolio_chg,"[-0.0017418, -0.00171019)",-0.0017418,-0.0017101899999999999,-0.031116742217519734,11,18.181818181818183
cash_pct_of_portfolio_chg,"[-0.00171019, -0.00165653)",-0.0017101899999999999,-0.001656525,-0.031116742217519734,11,18.181818181818183
cash_pct_of_portfolio_chg,"[-0.00165653, -0.00162722)",-0.001656525,-0.00162722,-0.031093136761391225,12,16.666666666666664
cash_pct_of_portfolio_chg,"[-0.00162722, -0.00160118)",-0.00162722,-0.001601175,-0.031093136761391225,11,27.27272727272727
cash_pct_of_portfolio_chg,"[-0.00160118, -0.0015826)",-0.001601175,-0.001582605,-0.030982042307192332,11,18.181818181818183
cash_pct_of_portfolio_chg,"[-0.0015826, -0.00155776)",-0.001582605,-0.001557755,-0.030982042307192332,12,8.333333333333332
cash_pct_of_portfolio_chg,"[-0.00155776, -0.00152228)",-0.001557755,-0.00152228,-0.0308278504616482,11,18.181818181818183
cash_pct_of_portfolio_chg,"[-0.00152228, -0.00149364)",-0.00152228,-0.00149364,-0.030795835890345246,11,18.181818181818183
cash_pct_of_portfolio_chg,"[-0.00149364, -0.00145197)",-0.00149364,-0.00145197,-0.030795835890345246,12,25.0
cash_pct_of_portfolio_chg,"[-0.00145197, -0.00141464)",-0.00145197,-0.00141464,-0.030673553709041228,11,9.090909090909092
cash_pct_of_portfolio_chg,"[-0.00141464, -0.00136324)",-0.00141464,-0.001363245,-0.030673553709041228,11,9.090909090909092
cash_pct_of_portfolio_chg,"[-0.00136324, -0.00134383)",-0.001363245,-0.0013438299999999999,-0.030673553709041228,11,18.181818181818183
cash_pct_of_portfolio_chg,"[-0.00134383, -0.00132513)",-0.0013438299999999999,-0.0013251299999999999,-0.030673553709041228,12,16.666666666666664
cash_pct_of_portfolio_chg,"[-0.00132513, -0.00129626)",-0.0013251299999999999,-0.00129626,-0.030547153052821126,11,27.27272727272727
cash_pct_of_portfolio_chg,"[-0.00129626, -0.00125684)",-0.00129626,-0.001256845,-0.030547153052821126,11,0.0
cash_pct_of_portfolio_chg,"[-0.00125684, -0.00121189)",-0.001256845,-0.00121189,-0.030536913009621046,12,25.0
cash_pct_of_portfolio_chg,"[-0.00121189, -0.00119563)",-0.00121189,-0.00119563,-0.030536913009621046,11,9.090909090909092
cash_pct_of_portfolio_chg,"[-0.00119563, -0.00117568)",-0.00119563,-0.00117568,-0.030536913009621046,11,18.181818181818183
cash_pct_of_portfolio_chg,"[-0.00117568, -0.00113906)",-0.00117568,-0.00113906,-0.030536913009621046,12,16.666666666666664
cash_pct_of_portfolio_chg,"[-0.00113906, -0.00111041)",-0.00113906,-0.00111041,-0.0304276490274036,11,18.181818181818183
cash_pct_of_portfolio_chg,"[-0.00111041, -0.00107113)",-0.00111041,-0.001071125,-0.030405102805237064,11,9.090909090909092
cash_pct_of_portfolio_chg,"[-0.00107113, -0.00103362)",-0.001071125,-0.001033615,-0.030405102805237064,12,25.0
cash_pct_of_portfolio_chg,"[-0.00103362, -0.00100986)",-0.001033615,-0.001009855,-0.030405102805237064,11,9.090909090909092
cash_pct_of_portfolio_chg,"[-0.00100986, -0.00098682)",-0.001009855,-0.0009868199999999998,-0.03031480121307091,11,9.090909090909092
cash_pct_of_portfolio_chg,"[-0.00098682, -0.000955625)",-0.0009868199999999998,-0.000955625,-0.030245589029799076,11,9.090909090909092
cash_pct_of_portfolio_chg,"[-0.000955625, -0.000906265)",-0.000955625,-0.0009062650000000001,-0.030232231836369746,12,0.0
cash_pct_of_portfolio_chg,"[-0.000906265, -0.00086441)",-0.0009062650000000001,-0.0008644099999999999,-0.030232231836369746,11,9.090909090909092
cash_pct_of_portfolio_chg,"[-0.00086441, -0.00081607)",-0.0008644099999999999,-0.00081607,-0.030232231836369746,11,9.090909090909092
cash_pct_of_portfolio_chg,"[-0.00081607, -0.000778355)",-0.00081607,-0.000778355,-0.030232231836369746,12,8.333333333333332
cash_pct_of_portfolio_chg,"[-0.000778355, -0.00073497)",-0.000778355,-0.00073497,-0.030232231836369746,11,18.181818181818183
cash_pct_of_portfolio_chg,"[-0.00073497, -0.000700815)",-0.00073497,-0.000700815,-0.030232231836369746,11,18.181818181818183
cash_pct_of_portfolio_chg,"[-0.000700815, -0.00067675)",-0.000700815,-0.00067675,-0.030185564513086866,12,0.0
cash_pct_of_portfolio_chg,"[-0.00067675, -0.0006556)",-0.00067675,-0.0006556,-0.0301489789516724,11,18.181818181818183
cash_pct_of_portfolio_chg,"[-0.0006556, -0.00062245)",-0.0006556,-0.00062245,-0.0301489789516724,11,18.181818181818183
cash_pct_of_portfolio_chg,"[-0.00062245, -0.00059307)",-0.00062245,-0.00059307,-0.0301489789516724,12,8.333333333333332
cash_pct_of_portfolio_chg,"[-0.00059307, -0.00056467)",-0.00059307,-0.00056467,-0.0301489789516724,11,0.0
cash_pct_of_portfolio_chg,"[-0.00056467, -0.00053908)",-0.00056467,-0.00053908,-0.0301489789516724,11,0.0
cash_pct_of_portfolio_chg,"[-0.00053908, -0.000487655)",-0.00053908,-0.000487655,-0.03012379031954479,12,8.333333333333332
cash_pct_of_portfolio_chg,"[-0.000487655, -0.00046216)",-0.000487655,-0.00046216,-0.03012379031954479,11,9.090909090909092
cash_pct_of_portfolio_chg,"[-0.00046216, -0.000423285)",-0.00046216,-0.000423285,-0.030112673173198365,11,9.090909090909092
cash_pct_of_portfolio_chg,"[-0.000423285, -0.000393985)",-0.000423285,-0.000393985,-0.030112673173198365,11,18.181818181818183
cash_pct_of_portfolio_chg,"[-0.000393985, -0.000364485)",-0.000393985,-0.000364485,-0.030048624049783354,12,8.333333333333332
cash_pct_of_portfolio_chg,"[-0.000364485, -0.000318475)",-0.000364485,-0.00031847500000000003,-0.030048624049783354,11,9.090909090909092
cash_pct_of_portfolio_chg,"[-0.000318475, -0.000281705)",-0.00031847500000000003,-0.00028170500000000004,-0.030048624049783354,11,18.181818181818183
cash_pct_of_portfolio_chg,"[-0.000281705, -0.00024657)",-0.00028170500000000004,-0.00024657,-0.029983645046357203,12,0.0
cash_pct_of_portfolio_chg,"[-0.00024657, -0.00021276)",-0.00024657,-0.00021276,-0.02993119985247616,11,18.181818181818183
cash_pct_of_portfolio_chg,"[-0.00021276, -0.00016702)",-0.00021276,-0.00016702,-0.029879094091538005,11,18.181818181818183
cash_pct_of_portfolio_chg,"[-0.00016702, -0.00013517)",-0.00016702,-0.00013517,-0.02981085827412728,12,8.333333333333332
cash_pct_of_portfolio_chg,"[-0.00013517, -8.3155e-05)",-0.00013517,-8.3155e-05,-0.02981085827412728,11,0.0
cash_pct_of_portfolio_chg,"[-8.3155e-05, -3.8095e-05)",-8.3155e-05,-3.8095e-05,-0.029708043533020728,11,27.27272727272727
cash_pct_of_portfolio_chg,"[-3.8095e-05, 1.289e-05)",-3.8095e-05,1.289e-05,-0.02962605530366208,12,0.0
cash_pct_of_portfolio_chg,"[1.289e-05, 5.4945e-05)",1.289e-05,5.4944999999999997e-05,-0.029558374976731274,11,9.090909090909092
cash_pct_of_portfolio_chg,"[5.4945e-05, 9.8165e-05)",5.4944999999999997e-05,9.816499999999999e-05,-0.02950639294124144,11,0.0
cash_pct_of_portfolio_chg,"[9.8165e-05, 0.000141625)",9.816499999999999e-05,0.000141625,-0.02950639294124144,12,8.333333333333332
cash_pct_of_portfolio_chg,"[0.000141625, 0.000171465)",0.000141625,0.00017146499999999999,-0.02950639294124144,11,18.181818181818183
cash_pct_of_portfolio_chg,"[0.000171465, 0.00019505)",0.00017146499999999999,0.00019505,-0.02940350931033118,11,9.090909090909092
cash_pct_of_portfolio_chg,"[0.00019505, 0.000246895)",0.00019505,0.000246895,-0.02932662823063267,11,9.090909090909092
cash_pct_of_portfolio_chg,"[0.000246895, 0.000278335)",0.000246895,0.000278335,-0.02932662823063267,12,16.666666666666664
cash_pct_of_portfolio_chg,"[0.000278335, 0.00030374)",0.000278335,0.00030374000000000004,-0.02932662823063267,11,0.0
cash_pct_of_portfolio_chg,"[0.00030374, 0.000332695)",0.00030374000000000004,0.000332695,-0.029297238193001684,11,9.090909090909092
cash_pct_of_portfolio_chg,"[0.000332695, 0.000382505)",0.000332695,0.000382505,-0.02925421291486204,12,8.333333333333332
cash_pct_of_portfolio_chg,"[0.000382505, 0.000432195)",0.000382505,0.000432195,-0.02925421291486204,11,0.0
cash_pct_of_portfolio_chg,"[0.000432195, 0.00045906)",0.000432195,0.00045905999999999996,-0.02923999266490224,11,9.090909090909092
cash_pct_of_portfolio_chg,"[0.00045906, 0.000484835)",0.00045905999999999996,0.000484835,-0.029128430178106995,12,8.333333333333332
cash_pct_of_portfolio_chg,"[0.000484835, 0.000502965)",0.000484835,0.000502965,-0.029079484553487325,11,0.0
cash_pct_of_portfolio_chg,"[0.000502965, 0.000538795)",0.000502965,0.000538795,-0.02888633540871182,11,18.181818181818183
cash_pct_of_portfolio_chg,"[0.000538795, 0.000583225)",0.000538795,0.000583225,-0.02888633540871182,12,8.333333333333332
cash_pct_of_portfolio_chg,"[0.000583225, 0.00060103)",0.000583225,0.00060103,-0.028878095856033636,11,0.0
cash_pct_of_portfolio_chg,"[0.00060103, 0.000624995)",0.00060103,0.0006249949999999999,-0.0288296425481806,11,9.090909090909092
cash_pct_of_portfolio_chg,"[0.000624995, 0.00065551)",0.0006249949999999999,0.00065551,-0.028779209521363803,11,0.0
cash_pct_of_portfolio_chg,"[0.00065551, 0.00068715)",0.00065551,0.00068715,-0.028779209521363803,12,33.33333333333333
cash_pct_of_portfolio_chg,"[0.00068715, 0.00071085)",0.00068715,0.0007108500000000001,-0.028779209521363803,11,27.27272727272727
cash_pct_of_portfolio_chg,"[0.00071085, 0.000748655)",0.0007108500000000001,0.000748655,-0.028779209521363803,11,9.090909090909092
cash_pct_of_portfolio_chg,"[0.000748655, 0.00077806)",0.000748655,0.00077806,-0.028779209521363803,12,25.0
cash_pct_of_portfolio_chg,"[0.00077806, 0.00081605)",0.00077806,0.00081605,-0.028717968904919174,11,0.0
cash_pct_of_portfolio_chg,"[0.00081605, 0.000835545)",0.00081605,0.000835545,-0.028599219912194513,11,9.090909090909092
cash_pct_of_portfolio_chg,"[0.000835545, 0.000858525)",0.000835545,0.000858525,-0.028599219912194513,11,18.181818181818183
cash_pct_of_portfolio_chg,"[0.000858525, 0.00089647)",0.000858525,0.00089647,-0.028501004202536293,11,0.0
cash_pct_of_portfolio_chg,"[0.00089647, 0.000942085)",0.00089647,0.0009420850000000001,-0.028392861165330067,11,0.0
cash_pct_of_portfolio_chg,"[0.000942085, 0.00097247)",0.0009420850000000001,0.00097247,-0.02822825253555455,11,9.090909090909092
cash_pct_of_portfolio_chg,"[0.00097247, 0.00100869)",0.00097247,0.001008685,-0.02822825253555455,11,27.27272727272727
cash_pct_of_portfolio_chg,"[0.00100869, 0.00104783)",0.001008685,0.001047825,-0.02810873523372226,11,27.27272727272727
cash_pct_of_portfolio_chg,"[0.00104783, 0.0010761)",0.001047825,0.001076095,-0.028053354278726354,11,18.181818181818183
cash_pct_of_portfolio_chg,"[0.0010761, 0.00110931)",0.001076095,0.001109305,-0.027908633323437466,11,9.090909090909092
cash_pct_of_portfolio_chg,"[0.00110931, 0.00113002)",0.001109305,0.00113002,-0.027908633323437466,11,18.181818181818183
cash_pct_of_portfolio_chg,"[0.00113002, 0.0011684)",0.00113002,0.001168395,-0.027908633323437466,11,9.090909090909092
cash_pct_of_portfolio_chg,"[0.0011684, 0.00120369)",0.001168395,0.0012036949999999999,-0.027908633323437466,11,0.0
cash_pct_of_portfolio_chg,"[0.00120369, 0.00122672)",0.0012036949999999999,0.0012267200000000002,-0.02773989745296597,11,9.090909090909092
cash_pct_of_portfolio_chg,"[0.00122672, 0.0012579)",0.0012267200000000002,0.001257905,-0.027602538661311047,11,27.27272727272727
cash_pct_of_portfolio_chg,"[0.0012579, 0.00128208)",0.001257905,0.0012820750000000001,-0.027602538661311047,11,0.0
cash_pct_of_portfolio_chg,"[0.00128208, 0.00131571)",0.0012820750000000001,0.0013157099999999999,-0.027597438227666048,11,0.0
cash_pct_of_portfolio_chg,"[0.00131571, 0.00134522)",0.0013157099999999999,0.00134522,-0.02752817408985567,11,9.090909090909092
cash_pct_of_portfolio_chg,"[0.00134522, 0.00138735)",0.00134522,0.0013873499999999999,-0.02752817408985567,11,9.090909090909092
cash_pct_of_portfolio_chg,"[0.00138735, 0.00141818)",0.0013873499999999999,0.00141818,-0.027422974158157944,11,27.27272727272727
cash_pct_of_portfolio_chg,"[0.00141818, 0.00144546)",0.00141818,0.00144546,-0.027422974158157944,11,9.090909090909092
cash_pct_of_portfolio_chg,"[0.00144546, 0.00147166)",0.00144546,0.001471655,-0.027416529392508916,11,9.090909090909092
cash_pct_of_portfolio_chg,"[0.00147166, 0.00150475)",0.001471655,0.00150475,-0.027385344356941916,11,9.090909090909092
cash_pct_of_portfolio_chg,"[0.00150475, 0.00153906)",0.00150475,0.00153906,-0.02730021053866976,11,0.0
cash_pct_of_portfolio_chg,"[0.00153906, 0.00156911)",0.00153906,0.0015691099999999999,-0.027254879143434232,11,0.0
cash_pct_of_portfolio_chg,"[0.00156911, 0.00160237)",0.0015691099999999999,0.00160237,-0.027254879143434232,11,27.27272727272727
cash_pct_of_portfolio_chg,"[0.00160237, 0.00162611)",0.00160237,0.00162611,-0.027246142199324464,11,18.181818181818183
cash_pct_of_portfolio_chg,"[0.00162611, 0.00165144)",0.00162611,0.0016514400000000001,-0.027208991121936265,11,9.090909090909092
cash_pct_of_portfolio_chg,"[0.00165144, 0.00169275)",0.0016514400000000001,0.001692745,-0.027118551083657724,11,0.0
cash_pct_of_portfolio_chg,"[0.00169275, 0.0017443)",0.001692745,0.0017442999999999998,-0.027053315118930138,11,0.0
cash_pct_of_portfolio_chg,"[0.0017443, 0.0017667)",0.0017442999999999998,0.0017667,-0.026750330395545443,11,0.0
cash_pct_of_portfolio_chg,"[0.0017667, 0.00180629)",0.0017667,0.00180629,-0.02669610410349002,11,18.181818181818183
cash_pct_of_portfolio_chg,"[0.00180629, 0.00184187)",0.00180629,0.001841875,-0.02669610410349002,11,9.090909090909092
cash_pct_of_portfolio_chg,"[0.00184187, 0.00188435)",0.001841875,0.00188435,-0.02669610410349002,11,9.090909090909092
cash_pct_of_portfolio_chg,"[0.00188435, 0.00193182)",0.00188435,0.0019318199999999999,-0.02669610410349002,11,0.0
cash_pct_of_portfolio_chg,"[0.00193182, 0.0019571)",0.0019318199999999999,0.0019571,-0.0265347140702013,11,18.181818181818183
cash_pct_of_portfolio_chg,"[0.0019571, 0.00198811)",0.0019571,0.00198811,-0.026468558805612646,11,9.090909090909092
cash_pct_of_portfolio_chg,"[0.00198811, 0.00201011)",0.00198811,0.00201011,-0.026468558805612646,11,18.181818181818183
cash_pct_of_portfolio_chg,"[0.00201011, 0.00203875)",0.00201011,0.0020387549999999997,-0.026380868883044147,11,27.27272727272727
cash_pct_of_portfolio_chg,"[0.00203875, 0.0020886)",0.0020387549999999997,0.0020886,-0.026350071879597904,11,0.0
cash_pct_of_portfolio_chg,"[0.0020886, 0.00211983)",0.0020886,0.002119825,-0.026350071879597904,11,9.090909090909092
cash_pct_of_portfolio_chg,"[0.00211983, 0.00217459)",0.002119825,0.002174585,-0.026106674206757226,12,0.0
cash_pct_of_portfolio_chg,"[0.00217459, 0.00219281)",0.002174585,0.002192815,-0.02598386487619217,11,9.090909090909092
cash_pct_of_portfolio_chg,"[0.00219281, 0.00221859)",0.002192815,0.0022185900000000003,-0.025839246090221462,11,9.090909090909092
cash_pct_of_portfolio_chg,"[0.00221859, 0.00224841)",0.0022185900000000003,0.00224841,-0.025746082621748583,12,16.666666666666664
cash_pct_of_portfolio_chg,"[0.00224841, 0.00228347)",0.00224841,0.002283465,-0.025746082621748583,11,27.27272727272727
cash_pct_of_portfolio_chg,"[0.00228347, 0.00231)",0.002283465,0.00231,-0.025746082621748583,11,0.0
cash_pct_of_portfolio_chg,"[0.00231, 0.00235947)",0.00231,0.00235947,-0.0256997723697945,12,0.0
cash_pct_of_portfolio_chg,"[0.00235947, 0.00239496)",0.00235947,0.0023949649999999998,-0.0256997723697945,11,0.0
cash_pct_of_portfolio_chg,"[0.00239496, 0.00241385)",0.0023949649999999998,0.0024138450000000004,-0.0256997723697945,11,27.27272727272727
cash_pct_of_portfolio_chg,"[0.00241385, 0.00244779)",0.0024138450000000004,0.002447785,-0.02561031171430468,11,45.45454545454545
cash_pct_of_portfolio_chg,"[0.00244779, 0.00248551)",0.002447785,0.0024855149999999998,-0.025397278786190094,12,8.333333333333332
cash_pct_of_portfolio_chg,"[0.00248551, 0.00253123)",0.0024855149999999998,0.0025312299999999998,-0.025397278786190094,11,0.0
cash_pct_of_portfolio_chg,"[0.00253123, 0.00255405)",0.0025312299999999998,0.00255405,-0.025335491522858616,11,9.090909090909092
cash_pct_of_portfolio_chg,"[0.00255405, 0.00259711)",0.00255405,0.00259711,-0.025335491522858616,12,8.333333333333332
cash_pct_of_portfolio_chg,"[0.00259711, 0.00262705)",0.00259711,0.0026270499999999997,-0.025137851431913757,11,9.090909090909092
cash_pct_of_portfolio_chg,"[0.00262705, 0.00268172)",0.0026270499999999997,0.0026817200000000003,-0.025137851431913757,11,0.0
cash_pct_of_portfolio_chg,"[0.00268172, 0.00272583)",0.0026817200000000003,0.00272583,-0.025137851431913757,12,0.0
cash_pct_of_portfolio_chg,"[0.00272583, 0.00275927)",0.00272583,0.0027592650000000003,-0.02499901050308889,11,9.090909090909092
cash_pct_of_portfolio_chg,"[0.00275927, 0.00279145)",0.0027592650000000003,0.002791445,-0.024930492965073277,11,18.181818181818183
cash_pct_of_portfolio_chg,"[0.00279145, 0.00281805)",0.002791445,0.002818055,-0.02482114058007894,12,16.666666666666664
cash_pct_of_portfolio_chg,"[0.00281805, 0.00285369)",0.002818055,0.00285369,-0.024593537085487196,11,18.181818181818183
cash_pct_of_portfolio_chg,"[0.00285369, 0.00289078)",0.00285369,0.002890785,-0.024323889912588093,11,27.27272727272727
cash_pct_of_portfolio_chg,"[0.00289078, 0.00292661)",0.002890785,0.002926605,-0.024242966211041293,12,16.666666666666664
cash_pct_of_portfolio_chg,"[0.00292661, 0.00295492)",0.002926605,0.0029549199999999998,-0.024242966211041293,11,27.27272727272727
cash_pct_of_portfolio_chg,"[0.00295492, 0.00297603)",0.0029549199999999998,0.002976025,-0.024242966211041293,11,18.181818181818183
cash_pct_of_portfolio_chg,"[0.00297603, 0.00300552)",0.002976025,0.0030055200000000002,-0.024242966211041293,11,0.0
cash_pct_of_portfolio_chg,"[0.00300552, 0.00303978)",0.0030055200000000002,0.0030397849999999997,-0.02414619609457756,12,0.0
cash_pct_of_portfolio_chg,"[0.00303978, 0.00307278)",0.0030397849999999997,0.0030727799999999998,-0.02414619609457756,11,27.27272727272727
cash_pct_of_portfolio_chg,"[0.00307278, 0.00310022)",0.0030727799999999998,0.00310022,-0.02408275377958522,11,18.181818181818183
cash_pct_of_portfolio_chg,"[0.00310022, 0.00313951)",0.00310022,0.003139515,-0.024044361508796568,12,25.0
cash_pct_of_portfolio_chg,"[0.00313951, 0.00316163)",0.003139515,0.003161635,-0.0238637063389332,11,9.090909090909092
cash_pct_of_portfolio_chg,"[0.00316163, 0.00318254)",0.003161635,0.00318254,-0.02366185465749834,11,9.090909090909092
cash_pct_of_portfolio_chg,"[0.00318254, 0.0032277)",0.00318254,0.003227695,-0.02366185465749834,12,0.0
cash_pct_of_portfolio_chg,"[0.0032277, 0.00325459)",0.003227695,0.003254595,-0.02366185465749834,11,0.0
cash_pct_of_portfolio_chg,"[0.00325459, 0.00329108)",0.003254595,0.00329108,-0.02366185465749834,12,16.666666666666664
cash_pct_of_portfolio_chg,"[0.00329108, 0.00331458)",0.00329108,0.00331458,-0.023600202124625973,11,45.45454545454545
cash_pct_of_portfolio_chg,"[0.00331458, 0.00335273)",0.00331458,0.003352735,-0.023600202124625973,11,9.090909090909092
cash_pct_of_portfolio_chg,"[0.00335273, 0.00339263)",0.003352735,0.0033926299999999998,-0.023319863234753522,11,18.181818181818183
cash_pct_of_portfolio_chg,"[0.00339263, 0.00344759)",0.0033926299999999998,0.00344759,-0.023319863234753522,11,9.090909090909092
cash_pct_of_portfolio_chg,"[0.00344759, 0.0034711)",0.00344759,0.0034711,-0.023118818718180497,12,0.0
cash_pct_of_portfolio_chg,"[0.0034711, 0.00349508)",0.0034711,0.0034950800000000002,-0.02282324574957792,11,9.090909090909092
cash_pct_of_portfolio_chg,"[0.00349508, 0.00351908)",0.0034950800000000002,0.003519085,-0.022574704444610547,11,36.36363636363637
cash_pct_of_portfolio_chg,"[0.00351908, 0.00357492)",0.003519085,0.00357492,-0.022574704444610547,12,8.333333333333332
cash_pct_of_portfolio_chg,"[0.00357492, 0.00361016)",0.00357492,0.00361016,-0.022574704444610547,11,9.090909090909092
cash_pct_of_portfolio_chg,"[0.00361016, 0.00365658)",0.00361016,0.003656575,-0.02238565979045772,11,0.0
cash_pct_of_portfolio_chg,"[0.00365658, 0.00371727)",0.003656575,0.003717275,-0.02220815423147938,12,25.0
cash_pct_of_portfolio_chg,"[0.00371727, 0.00374982)",0.003717275,0.003749815,-0.02197673361821535,11,9.090909090909092
cash_pct_of_portfolio_chg,"[0.00374982, 0.00379069)",0.003749815,0.0037906850000000002,-0.02197673361821535,11,9.090909090909092
cash_pct_of_portfolio_chg,"[0.00379069, 0.0038239)",0.0037906850000000002,0.003823905,-0.021764332456918247,12,8.333333333333332
cash_pct_of_portfolio_chg,"[0.0038239, 0.00385901)",0.003823905,0.003859015,-0.0215168449953767,11,0.0
cash_pct_of_portfolio_chg,"[0.00385901, 0.00390634)",0.003859015,0.003906335,-0.02148842975917394,11,18.181818181818183
cash_pct_of_portfolio_chg,"[0.00390634, 0.00394196)",0.003906335,0.0039419599999999996,-0.0213713208494748,12,16.666666666666664
cash_pct_of_portfolio_chg,"[0.00394196, 0.00397321)",0.0039419599999999996,0.0039732050000000005,-0.021216322120600546,11,27.27272727272727
cash_pct_of_portfolio_chg,"[0.00397321, 0.00398981)",0.0039732050000000005,0.00398981,-0.021216322120600546,11,27.27272727272727
cash_pct_of_portfolio_chg,"[0.00398981, 0.00401297)",0.00398981,0.004012965,-0.0210329334947768,11,18.181818181818183
cash_pct_of_portfolio_chg,"[0.00401297, 0.00404326)",0.004012965,0.00404326,-0.0210329334947768,12,0.0
cash_pct_of_portfolio_chg,"[0.00404326, 0.00408624)",0.00404326,0.00408624,-0.020695753165097995,11,18.181818181818183
cash_pct_of_portfolio_chg,"[0.00408624, 0.00411766)",0.00408624,0.0041176649999999995,-0.02063099027578122,11,9.090909090909092
cash_pct_of_portfolio_chg,"[0.00411766, 0.00415107)",0.0041176649999999995,0.00415107,-0.02063099027578122,12,25.0
cash_pct_of_portfolio_chg,"[0.00415107, 0.00420127)",0.00415107,0.004201265,-0.020616116471198487,11,18.181818181818183
cash_pct_of_portfolio_chg,"[0.00420127, 0.00422724)",0.004201265,0.00422724,-0.02048466833334336,11,0.0
cash_pct_of_portfolio_chg,"[0.00422724, 0.00426912)",0.00422724,0.0042691199999999995,-0.0203111813560679,12,16.666666666666664
cash_pct_of_portfolio_chg,"[0.00426912, 0.00429766)",0.0042691199999999995,0.00429766,-0.0203111813560679,11,18.181818181818183
cash_pct_of_portfolio_chg,"[0.00429766, 0.00433062)",0.00429766,0.00433062,-0.02012966152856181,11,18.181818181818183
cash_pct_of_portfolio_chg,"[0.00433062, 0.00435091)",0.00433062,0.004350905,-0.02012966152856181,11,18.181818181818183
cash_pct_of_portfolio_chg,"[0.00435091, 0.00437763)",0.004350905,0.0043776349999999995,-0.019826192669178126,11,18.181818181818183
cash_pct_of_portfolio_chg,"[0.00437763, 0.00440257)",0.0043776349999999995,0.00440257,-0.019806113206905594,12,8.333333333333332
cash_pct_of_portfolio_chg,"[0.00440257, 0.00443672)",0.00440257,0.00443672,-0.019806113206905594,11,18.181818181818183
cash_pct_of_portfolio_chg,"[0.00443672, 0.00446595)",0.00443672,0.004465945000000001,-0.01969874398570095,11,9.090909090909092
cash_pct_of_portfolio_chg,"[0.00446595, 0.00449519)",0.004465945000000001,0.00449519,-0.01969874398570095,11,0.0
cash_pct_of_portfolio_chg,"[0.00449519, 0.00454267)",0.00449519,0.0045426749999999995,-0.019542591139222038,12,8.333333333333332
cash_pct_of_portfolio_chg,"[0.00454267, 0.00457853)",0.0045426749999999995,0.004578535,-0.019542591139222038,11,27.27272727272727
cash_pct_of_portfolio_chg,"[0.00457853, 0.00461692)",0.004578535,0.00461692,-0.019407623534512395,11,9.090909090909092
cash_pct_of_portfolio_chg,"[0.00461692, 0.00465188)",0.00461692,0.004651885,-0.019392331001345145,12,0.0
cash_pct_of_portfolio_chg,"[0.00465188, 0.00470193)",0.004651885,0.004701935,-0.019361907930273224,11,9.090909090909092
cash_pct_of_portfolio_chg,"[0.00470193, 0.0047312)",0.004701935,0.0047312,-0.019361907930273224,11,9.090909090909092
cash_pct_of_portfolio_chg,"[0.0047312, 0.00476896)",0.0047312,0.00476896,-0.019246309703698478,12,8.333333333333332
cash_pct_of_portfolio_chg,"[0.00476896, 0.00480079)",0.00476896,0.004800789999999999,-0.019246309703698478,11,9.090909090909092
cash_pct_of_portfolio_chg,"[0.00480079, 0.0048335)",0.004800789999999999,0.004833495,-0.019246309703698478,12,0.0
cash_pct_of_portfolio_chg,"[0.0048335, 0.0048627)",0.004833495,0.004862695,-0.01917381038609569,11,36.36363636363637
cash_pct_of_portfolio_chg,"[0.0048627, 0.00488561)",0.004862695,0.00488561,-0.01917381038609569,11,0.0
cash_pct_of_portfolio_chg,"[0.00488561, 0.00491856)",0.00488561,0.004918565,-0.01917381038609569,11,0.0
cash_pct_of_portfolio_chg,"[0.00491856, 0.00495095)",0.004918565,0.004950955,-0.01917381038609569,11,0.0
cash_pct_of_portfolio_chg,"[0.00495095, 0.00499318)",0.004950955,0.004993175000000001,-0.01917381038609569,12,41.66666666666667
cash_pct_of_portfolio_chg,"[0.00499318, 0.00501598)",0.004993175000000001,0.005015975000000001,-0.018997474022249435,11,0.0
cash_pct_of_portfolio_chg,"[0.00501598, 0.00504308)",0.005015975000000001,0.00504308,-0.018997474022249435,11,0.0
cash_pct_of_portfolio_chg,"[0.00504308, 0.00507259)",0.00504308,0.005072585,-0.018997474022249435,12,8.333333333333332
cash_pct_of_portfolio_chg,"[0.00507259, 0.00511364)",0.005072585,0.005113635,-0.01860417436483308,11,18.181818181818183
cash_pct_of_portfolio_chg,"[0.00511364, 0.00518214)",0.005113635,0.005182145,-0.018395119708625167,11,18.181818181818183
cash_pct_of_portfolio_chg,"[0.00518214, 0.00521924)",0.005182145,0.005219245,-0.01827145111665311,12,0.0
cash_pct_of_portfolio_chg,"[0.00521924, 0.00526775)",0.005219245,0.00526775,-0.01827145111665311,11,9.090909090909092
cash_pct_of_portfolio_chg,"[0.00526775, 0.0053035)",0.00526775,0.0053035,-0.018068147490425835,11,9.090909090909092
cash_pct_of_portfolio_chg,"[0.0053035, 0.0053427)",0.0053035,0.005342700000000001,-0.01779760307030719,12,25.0
cash_pct_of_portfolio_chg,"[0.0053427, 0.005406)",0.005342700000000001,0.005405995,-0.017599516624324688,11,18.181818181818183
cash_pct_of_portfolio_chg,"[0.005406, 0.00544227)",0.005405995,0.005442275,-0.017506704462506645,11,18.181818181818183
cash_pct_of_portfolio_chg,"[0.00544227, 0.00546713)",0.005442275,0.005467130000000001,-0.017191502798999413,12,0.0
cash_pct_of_portfolio_chg,"[0.00546713, 0.00549996)",0.005467130000000001,0.00549996,-0.0170638447917388,11,0.0
cash_pct_of_portfolio_chg,"[0.00549996, 0.00553234)",0.00549996,0.005532335,-0.016977895142765608,11,0.0
cash_pct_of_portfolio_chg,"[0.00553234, 0.00556625)",0.005532335,0.005566255,-0.016957151747717843,11,9.090909090909092
cash_pct_of_portfolio_chg,"[0.00556625, 0.00562746)",0.005566255,0.00562746,-0.016894487960994176,12,16.666666666666664
cash_pct_of_portfolio_chg,"[0.00562746, 0.0056676)",0.00562746,0.005667595,-0.01668618177707284,11,0.0
cash_pct_of_portfolio_chg,"[0.0056676, 0.00569204)",0.005667595,0.00569204,-0.01668618177707284,11,27.27272727272727
cash_pct_of_portfolio_chg,"[0.00569204, 0.00572759)",0.00569204,0.005727589999999999,-0.01668618177707284,12,16.666666666666664
cash_pct_of_portfolio_chg,"[0.00572759, 0.00578875)",0.005727589999999999,0.005788755,-0.01650276972233897,11,0.0
cash_pct_of_portfolio_chg,"[0.00578875, 0.00583633)",0.005788755,0.00583633,-0.01650276972233897,11,0.0
cash_pct_of_portfolio_chg,"[0.00583633, 0.0058723)",0.00583633,0.0058723000000000004,-0.016382685577980345,12,8.333333333333332
cash_pct_of_portfolio_chg,"[0.0058723, 0.00589634)",0.0058723000000000004,0.00589634,-0.01606901255942423,11,0.0
cash_pct_of_portfolio_chg,"[0.00589634, 0.00592396)",0.00589634,0.00592396,-0.01606901255942423,11,0.0
cash_pct_of_portfolio_chg,"[0.00592396, 0.00596268)",0.00592396,0.005962675000000001,-0.01606901255942423,12,0.0
cash_pct_of_portfolio_chg,"[0.00596268, 0.00600645)",0.005962675000000001,0.00600645,-0.015958878925651485,11,36.36363636363637
cash_pct_of_portfolio_chg,"[0.00600645, 0.00605339)",0.00600645,0.006053395,-0.015695611047373534,11,9.090909090909092
cash_pct_of_portfolio_chg,"[0.00605339, 0.00610216)",0.006053395,0.00610216,-0.015465287800684143,12,8.333333333333332
cash_pct_of_portfolio_chg,"[0.00610216, 0.00615174)",0.00610216,0.006151735,-0.015465287800684143,11,27.27272727272727
cash_pct_of_portfolio_chg,"[0.00615174, 0.00619259)",0.006151735,0.0061925899999999996,-0.015465287800684143,11,9.090909090909092
cash_pct_of_portfolio_chg,"[0.00619259, 0.00622182)",0.0061925899999999996,0.0062218199999999994,-0.015465287800684143,11,0.0
cash_pct_of_portfolio_chg,"[0.00622182, 0.0062445)",0.0062218199999999994,0.0062445,-0.015465287800684143,12,16.666666666666664
cash_pct_of_portfolio_chg,"[0.0062445, 0.0062715)",0.0062445,0.006271495,-0.015218975413236455,11,36.36363636363637
cash_pct_of_portfolio_chg,"[0.0062715, 0.00629906)",0.006271495,0.00629906,-0.015069836572658828,11,9.090909090909092
cash_pct_of_portfolio_chg,"[0.00629906, 0.00634631)",0.00629906,0.006346315,-0.014960817359717372,12,8.333333333333332
cash_pct_of_portfolio_chg,"[0.00634631, 0.00638148)",0.006346315,0.006381475,-0.014960817359717372,11,27.27272727272727
cash_pct_of_portfolio_chg,"[0.00638148, 0.00642166)",0.006381475,0.00642166,-0.014822130030544443,11,0.0
cash_pct_of_portfolio_chg,"[0.00642166, 0.00647026)",0.00642166,0.00647026,-0.014822130030544443,12,8.333333333333332
cash_pct_of_portfolio_chg,"[0.00647026, 0.00650497)",0.00647026,0.006504975,-0.014822130030544443,11,9.090909090909092
cash_pct_of_portfolio_chg,"[0.00650497, 0.00654003)",0.006504975,0.006540035,-0.014822130030544443,11,9.090909090909092
cash_pct_of_portfolio_chg,"[0.00654003, 0.00658604)",0.006540035,0.0065860350000000005,-0.014462345383368354,12,8.333333333333332
cash_pct_of_portfolio_chg,"[0.00658604, 0.00663331)",0.0065860350000000005,0.00663331,-0.014462345383368354,11,9.090909090909092
cash_pct_of_portfolio_chg,"[0.00663331, 0.00671194)",0.00663331,0.00671194,-0.014462345383368354,11,0.0
cash_pct_of_portfolio_chg,"[0.00671194, 0.00674525)",0.00671194,0.006745245,-0.013875330393116846,12,0.0
cash_pct_of_portfolio_chg,"[0.00674525, 0.00679096)",0.006745245,0.00679096,-0.013770019980611075,11,27.27272727272727
cash_pct_of_portfolio_chg,"[0.00679096, 0.00682975)",0.00679096,0.006829755,-0.013770019980611075,11,9.090909090909092
cash_pct_of_portfolio_chg,"[0.00682975, 0.00686198)",0.006829755,0.00686198,-0.013682890586417168,11,9.090909090909092
cash_pct_of_portfolio_chg,"[0.00686198, 0.00690345)",0.00686198,0.006903445,-0.013682890586417168,12,8.333333333333332
cash_pct_of_portfolio_chg,"[0.00690345, 0.0069402)",0.006903445,0.006940205,-0.013408798863522317,11,0.0
cash_pct_of_portfolio_chg,"[0.0069402, 0.006984)",0.006940205,0.006984005,-0.013115304435641984,11,0.0
cash_pct_of_portfolio_chg,"[0.006984, 0.00703603)",0.006984005,0.00703603,-0.013115304435641984,12,8.333333333333332
cash_pct_of_portfolio_chg,"[0.00703603, 0.00712013)",0.00703603,0.0071201300000000006,-0.013115304435641984,11,9.090909090909092
cash_pct_of_portfolio_chg,"[0.00712013, 0.0071458)",0.0071201300000000006,0.007145800000000001,-0.013115304435641984,11,18.181818181818183
cash_pct_of_portfolio_chg,"[0.0071458, 0.00717875)",0.007145800000000001,0.007178749999999999,-0.012710543515785117,12,0.0
cash_pct_of_portfolio_chg,"[0.00717875, 0.00724206)",0.007178749999999999,0.00724206,-0.01256867060003151,11,0.0
cash_pct_of_portfolio_chg,"[0.00724206, 0.00728177)",0.00724206,0.007281775,-0.012369235338457457,11,27.27272727272727
cash_pct_of_portfolio_chg,"[0.00728177, 0.00732457)",0.007281775,0.007324570000000001,-0.012160771449530235,12,16.666666666666664
cash_pct_of_portfolio_chg,"[0.00732457, 0.00737199)",0.007324570000000001,0.00737199,-0.012160771449530235,11,18.181818181818183
cash_pct_of_portfolio_chg,"[0.00737199, 0.00740591)",0.00737199,0.00740591,-0.011954343222240404,11,9.090909090909092
cash_pct_of_portfolio_chg,"[0.00740591, 0.00744051)",0.00740591,0.00744051,-0.011571141114365555,11,27.27272727272727
cash_pct_of_portfolio_chg,"[0.00744051, 0.00748333)",0.00744051,0.007483335,-0.011571141114365555,12,8.333333333333332
cash_pct_of_portfolio_chg,"[0.00748333, 0.00751347)",0.007483335,0.0075134699999999995,-0.011239611920690545,11,9.090909090909092
cash_pct_of_portfolio_chg,"[0.00751347, 0.00754493)",0.0075134699999999995,0.007544925,-0.011239611920690545,11,0.0
cash_pct_of_portfolio_chg,"[0.00754493, 0.00758147)",0.007544925,0.007581465000000001,-0.011140443380599855,12,25.0
cash_pct_of_portfolio_chg,"[0.00758147, 0.00762176)",0.007581465000000001,0.00762176,-0.011140443380599855,11,9.090909090909092
cash_pct_of_portfolio_chg,"[0.00762176, 0.00766851)",0.00762176,0.00766851,-0.010881055510450694,11,9.090909090909092
cash_pct_of_portfolio_chg,"[0.00766851, 0.00772204)",0.00766851,0.007722035,-0.010322444079288931,12,16.666666666666664
cash_pct_of_portfolio_chg,"[0.00772204, 0.00775535)",0.007722035,0.007755345,-0.010322444079288931,11,0.0
cash_pct_of_portfolio_chg,"[0.00775535, 0.00778127)",0.007755345,0.007781275,-0.009889765337725771,11,9.090909090909092
cash_pct_of_portfolio_chg,"[0.00778127, 0.0078139)",0.007781275,0.007813905,-0.009889765337725771,12,25.0
cash_pct_of_portfolio_chg,"[0.0078139, 0.00788744)",0.007813905,0.007887439999999999,-0.009889765337725771,11,0.0
cash_pct_of_portfolio_chg,"[0.00788744, 0.00792484)",0.007887439999999999,0.007924839999999999,-0.009752007436538127,11,27.27272727272727
cash_pct_of_portfolio_chg,"[0.00792484, 0.00797004)",0.007924839999999999,0.007970040000000001,-0.009491982701540001,12,8.333333333333332
cash_pct_of_portfolio_chg,"[0.00797004, 0.00799497)",0.007970040000000001,0.00799497,-0.009491982701540001,11,18.181818181818183
cash_pct_of_portfolio_chg,"[0.00799497, 0.00804048)",0.00799497,0.008040485,-0.009491982701540001,11,9.090909090909092
cash_pct_of_portfolio_chg,"[0.00804048, 0.00806544)",0.008040485,0.00806544,-0.008993060162104412,11,0.0
cash_pct_of_portfolio_chg,"[0.00806544, 0.00810771)",0.00806544,0.00810771,-0.008993060162104412,12,25.0
cash_pct_of_portfolio_chg,"[0.00810771, 0.00813542)",0.00810771,0.008135415,-0.008841395015995755,11,18.181818181818183
cash_pct_of_portfolio_chg,"[0.00813542, 0.00817613)",0.008135415,0.00817613,-0.008761387008923049,11,27.27272727272727
cash_pct_of_portfolio_chg,"[0.00817613, 0.00823454)",0.00817613,0.00823454,-0.008761387008923049,12,16.666666666666664
cash_pct_of_portfolio_chg,"[0.00823454, 0.00825895)",0.00823454,0.008258945,-0.008463178902890424,11,9.090909090909092
cash_pct_of_portfolio_chg,"[0.00825895, 0.0083093)",0.008258945,0.0083093,-0.008143212930303543,11,0.0
cash_pct_of_portfolio_chg,"[0.0083093, 0.008346)",0.0083093,0.008346,-0.008143212930303543,12,8.333333333333332
cash_pct_of_portfolio_chg,"[0.008346, 0.00840686)",0.008346,0.008406865,-0.007929821092538739,11,9.090909090909092
cash_pct_of_portfolio_chg,"[0.00840686, 0.00845553)",0.008406865,0.008455525,-0.0077541202737355895,11,36.36363636363637
cash_pct_of_portfolio_chg,"[0.00845553, 0.00851708)",0.008455525,0.00851708,-0.007356852738799642,12,16.666666666666664
cash_pct_of_portfolio_chg,"[0.00851708, 0.00856165)",0.00851708,0.00856165,-0.006978578264443704,11,0.0
cash_pct_of_portfolio_chg,"[0.00856165, 0.00859542)",0.00856165,0.008595415,-0.006895680963221169,11,9.090909090909092
cash_pct_of_portfolio_chg,"[0.00859542, 0.00865551)",0.008595415,0.00865551,-0.0068085051751233415,12,8.333333333333332
cash_pct_of_portfolio_chg,"[0.00865551, 0.0087042)",0.00865551,0.008704195000000001,-0.006482649807670159,11,0.0
cash_pct_of_portfolio_chg,"[0.0087042, 0.00875133)",0.008704195000000001,0.00875133,-0.006376316635007873,11,27.27272727272727
cash_pct_of_portfolio_chg,"[0.00875133, 0.0088008)",0.00875133,0.008800795,-0.006376316635007873,11,0.0
cash_pct_of_portfolio_chg,"[0.0088008, 0.00885788)",0.008800795,0.008857875000000001,-0.006376316635007873,12,16.666666666666664
cash_pct_of_portfolio_chg,"[0.00885788, 0.00889635)",0.008857875000000001,0.008896355,-0.0063188935376069415,11,18.181818181818183
cash_pct_of_portfolio_chg,"[0.00889635, 0.00892182)",0.008896355,0.00892182,-0.006172231516764836,11,0.0
cash_pct_of_portfolio_chg,"[0.00892182, 0.00895949)",0.00892182,0.008959495,-0.006172231516764836,12,0.0
cash_pct_of_portfolio_chg,"[0.00895949, 0.00900222)",0.008959495,0.009002224999999999,-0.005973064538226615,11,9.090909090909092
cash_pct_of_portfolio_chg,"[0.00900222, 0.00903659)",0.009002224999999999,0.00903659,-0.005973064538226615,11,27.27272727272727
cash_pct_of_portfolio_chg,"[0.00903659, 0.00910227)",0.00903659,0.009102275,-0.005755581191620187,12,16.666666666666664
cash_pct_of_portfolio_chg,"[0.00910227, 0.00914956)",0.009102275,0.009149555,-0.005578749069635961,11,9.090909090909092
cash_pct_of_portfolio_chg,"[0.00914956, 0.00919445)",0.009149555,0.00919445,-0.005337006374804004,11,18.181818181818183
cash_pct_of_portfolio_chg,"[0.00919445, 0.00924783)",0.00919445,0.00924783,-0.0050073550660285245,12,8.333333333333332
cash_pct_of_portfolio_chg,"[0.00924783, 0.00929791)",0.00924783,0.00929791,-0.0050073550660285245,11,0.0
cash_pct_of_portfolio_chg,"[0.00929791, 0.009343)",0.00929791,0.009343,-0.004426996899067578,11,9.090909090909092
cash_pct_of_portfolio_chg,"[0.009343, 0.00939374)",0.009343,0.009393735,-0.0043632401837196775,11,27.27272727272727
cash_pct_of_portfolio_chg,"[0.00939374, 0.0094463)",0.009393735,0.009446300000000001,-0.004200150085511809,12,16.666666666666664
cash_pct_of_portfolio_chg,"[0.0094463, 0.00948711)",0.009446300000000001,0.00948711,-0.0035927506353603377,11,9.090909090909092
cash_pct_of_portfolio_chg,"[0.00948711, 0.0095428)",0.00948711,0.0095428,-0.003270480066596753,11,0.0
cash_pct_of_portfolio_chg,"[0.0095428, 0.00959556)",0.0095428,0.009595555,-0.003114785373229694,12,8.333333333333332
cash_pct_of_portfolio_chg,"[0.00959556, 0.00965343)",0.009595555,0.009653430000000001,-0.0027754036037803617,11,0.0
cash_pct_of_portfolio_chg,"[0.00965343, 0.00968096)",0.009653430000000001,0.00968096,-0.002668936720824573,11,18.181818181818183
cash_pct_of_portfolio_chg,"[0.00968096, 0.00973252)",0.00968096,0.009732524999999999,-0.002668936720824573,12,8.333333333333332
cash_pct_of_portfolio_chg,"[0.00973252, 0.00977595)",0.009732524999999999,0.009775949999999999,-0.002668936720824573,11,9.090909090909092
cash_pct_of_portfolio_chg,"[0.00977595, 0.00982045)",0.009775949999999999,0.00982045,-0.002668936720824573,11,9.090909090909092
cash_pct_of_portfolio_chg,"[0.00982045, 0.00985599)",0.00982045,0.009855995,-0.002581482616292601,12,8.333333333333332
cash_pct_of_portfolio_chg,"[0.00985599, 0.0099295)",0.009855995,0.009929505,-0.002581482616292601,11,18.181818181818183
cash_pct_of_portfolio_chg,"[0.0099295, 0.00998124)",0.009929505,0.00998124,-0.002581482616292601,11,27.27272727272727
cash_pct_of_portfolio_chg,"[0.00998124, 0.0100205)",0.00998124,0.010020520000000002,-0.002581482616292601,12,8.333333333333332
cash_pct_of_portfolio_chg,"[0.0100205, 0.010054)",0.010020520000000002,0.01005396,-0.001951957231821268,11,9.090909090909092
cash_pct_of_portfolio_chg,"[0.010054, 0.0101014)",0.01005396,0.010101375,-0.0015737307098393277,11,18.181818181818183
cash_pct_of_portfolio_chg,"[0.0101014, 0.0101432)",0.010101375,0.010143235,-0.001435845149777288,11,9.090909090909092
cash_pct_of_portfolio_chg,"[0.0101432, 0.0101904)",0.010143235,0.010190419999999999,-0.00125074635432801,12,8.333333333333332
cash_pct_of_portfolio_chg,"[0.0101904, 0.0102691)",0.010190419999999999,0.01026907,-0.0011012010858133451,11,0.0
cash_pct_of_portfolio_chg,"[0.0102691, 0.0103227)",0.01026907,0.010322705000000001,-0.0005013882378622326,11,9.090909090909092
cash_pct_of_portfolio_chg,"[0.0103227, 0.0103773)",0.010322705000000001,0.010377265,-0.0005013882378622326,12,8.333333333333332
cash_pct_of_portfolio_chg,"[0.0103773, 0.0104232)",0.010377265,0.010423209999999999,-0.00042575293087452774,11,9.090909090909092
cash_pct_of_portfolio_chg,"[0.0104232, 0.0104667)",0.010423209999999999,0.010466685,-0.00029778607751348817,11,0.0
cash_pct_of_portfolio_chg,"[0.0104667, 0.0105165)",0.010466685,0.010516535,-0.00029778607751348817,12,0.0
cash_pct_of_portfolio_chg,"[0.0105165, 0.0105425)",0.010516535,0.010542494999999999,-0.00029778607751348817,11,27.27272727272727
cash_pct_of_portfolio_chg,"[0.0105425, 0.0105831)",0.010542494999999999,0.010583055,-0.00029778607751348817,11,9.090909090909092
cash_pct_of_portfolio_chg,"[0.0105831, 0.0106778)",0.010583055,0.010677805,-0.00029778607751348817,12,8.333333333333332
cash_pct_of_portfolio_chg,"[0.0106778, 0.0107326)",0.010677805,0.010732595000000001,-8.988308626203481e-05,11,9.090909090909092
cash_pct_of_portfolio_chg,"[0.0107326, 0.0107709)",0.010732595000000001,0.010770905,-8.988308626203481e-05,11,0.0
cash_pct_of_portfolio_chg,"[0.0107709, 0.010839)",0.010770905,0.010839024999999999,-8.988308626203481e-05,12,8.333333333333332
cash_pct_of_portfolio_chg,"[0.010839, 0.0108946)",0.010839024999999999,0.0108946,-8.988308626203481e-05,11,9.090909090909092
cash_pct_of_portfolio_chg,"[0.0108946, 0.0109491)",0.0108946,0.010949105,-8.988308626203481e-05,11,27.27272727272727
cash_pct_of_portfolio_chg,"[0.0109491, 0.0109827)",0.010949105,0.01098265,9.2255374150056e-05,11,0.0
cash_pct_of_portfolio_chg,"[0.0109827, 0.0110298)",0.01098265,0.01102976,0.00023586319814022764,12,0.0
cash_pct_of_portfolio_chg,"[0.0110298, 0.0110898)",0.01102976,0.011089845000000001,0.0005589804551749167,11,18.181818181818183
cash_pct_of_portfolio_chg,"[0.0110898, 0.0111397)",0.011089845000000001,0.011139715,0.0005589804551749167,11,18.181818181818183
cash_pct_of_portfolio_chg,"[0.0111397, 0.0111875)",0.011139715,0.01118752,0.0005589804551749167,12,8.333333333333332
cash_pct_of_portfolio_chg,"[0.0111875, 0.0112461)",0.01118752,0.011246140000000002,0.0007854119338033409,11,9.090909090909092
cash_pct_of_portfolio_chg,"[0.0112461, 0.0113112)",0.011246140000000002,0.01131118,0.0010239981469920146,11,0.0
cash_pct_of_portfolio_chg,"[0.0113112, 0.0113817)",0.01131118,0.011381675,0.0010239981469920146,12,0.0
cash_pct_of_portfolio_chg,"[0.0113817, 0.0114106)",0.011381675,0.011410635,0.0012585586596463403,11,18.181818181818183
cash_pct_of_portfolio_chg,"[0.0114106, 0.0114805)",0.011410635,0.011480525,0.0022109301164551995,11,0.0
cash_pct_of_portfolio_chg,"[0.0114805, 0.011546)",0.011480525,0.011546035,0.0023218237819159246,12,33.33333333333333
cash_pct_of_portfolio_chg,"[0.011546, 0.0115952)",0.011546035,0.011595155,0.0023218237819159246,11,9.090909090909092
cash_pct_of_portfolio_chg,"[0.0115952, 0.0116246)",0.011595155,0.01162461,0.002687440359442011,11,9.090909090909092
cash_pct_of_portfolio_chg,"[0.0116246, 0.0116538)",0.01162461,0.011653845,0.0030241037500733777,11,9.090909090909092
cash_pct_of_portfolio_chg,"[0.0116538, 0.0116894)",0.011653845,0.011689405,0.0030241037500733777,12,25.0
cash_pct_of_portfolio_chg,"[0.0116894, 0.0117468)",0.011689405,0.011746759999999998,0.0030241037500733777,11,18.181818181818183
cash_pct_of_portfolio_chg,"[0.0117468, 0.0118134)",0.011746759999999998,0.011813424999999999,0.003411216572064331,11,18.181818181818183
cash_pct_of_portfolio_chg,"[0.0118134, 0.0118891)",0.011813424999999999,0.011889095,0.003411216572064331,12,33.33333333333333
cash_pct_of_portfolio_chg,"[0.0118891, 0.0119398)",0.011889095,0.011939815,0.003492323975169072,11,0.0
cash_pct_of_portfolio_chg,"[0.0119398, 0.0120015)",0.011939815,0.01200149,0.003492323975169072,11,0.0
cash_pct_of_portfolio_chg,"[0.0120015, 0.0120801)",0.01200149,0.01208006,0.0038557134247195106,12,0.0
cash_pct_of_portfolio_chg,"[0.0120801, 0.012152)",0.01208006,0.012151975,0.003985398817203819,11,9.090909090909092
cash_pct_of_portfolio_chg,"[0.012152, 0.0122034)",0.012151975,0.012203365,0.003985398817203819,11,18.181818181818183
cash_pct_of_portfolio_chg,"[0.0122034, 0.0122679)",0.012203365,0.012267904999999999,0.003985398817203819,12,16.666666666666664
cash_pct_of_portfolio_chg,"[0.0122679, 0.0123242)",0.012267904999999999,0.012324225000000001,0.0043929003193941794,11,9.090909090909092
cash_pct_of_portfolio_chg,"[0.0123242, 0.012367)",0.012324225000000001,0.01236699,0.004733932225332216,11,18.181818181818183
cash_pct_of_portfolio_chg,"[0.012367, 0.0124275)",0.01236699,0.012427520000000001,0.004733932225332216,12,25.0
cash_pct_of_portfolio_chg,"[0.0124275, 0.0124964)",0.012427520000000001,0.012496365,0.004733932225332216,11,0.0
cash_pct_of_portfolio_chg,"[0.0124964, 0.0125466)",0.012496365,0.012546620000000001,0.004884133098706896,11,0.0
cash_pct_of_portfolio_chg,"[0.0125466, 0.0126117)",0.012546620000000001,0.012611725,0.005493125382747613,11,9.090909090909092
cash_pct_of_portfolio_chg,"[0.0126117, 0.012669)",0.012611725,0.01266898,0.005669724664654859,12,0.0
cash_pct_of_portfolio_chg,"[0.012669, 0.0127213)",0.01266898,0.012721320000000001,0.005669724664654859,11,9.090909090909092
cash_pct_of_portfolio_chg,"[0.0127213, 0.0127736)",0.012721320000000001,0.012773585,0.005866166412149762,11,18.181818181818183
cash_pct_of_portfolio_chg,"[0.0127736, 0.0128241)",0.012773585,0.012824075,0.006415626217227717,12,0.0
cash_pct_of_portfolio_chg,"[0.0128241, 0.0128893)",0.012824075,0.012889305,0.007170673338148478,11,0.0
cash_pct_of_portfolio_chg,"[0.0128893, 0.0129513)",0.012889305,0.012951319999999999,0.007170673338148478,11,9.090909090909092
cash_pct_of_portfolio_chg,"[0.0129513, 0.0130332)",0.012951319999999999,0.01303319,0.007170673338148478,12,16.666666666666664
cash_pct_of_portfolio_chg,"[0.0130332, 0.0131531)",0.01303319,0.01315308,0.007278747366719724,11,36.36363636363637
cash_pct_of_portfolio_chg,"[0.0131531, 0.01322)",0.01315308,0.013220005,0.007278747366719724,11,18.181818181818183
cash_pct_of_portfolio_chg,"[0.01322, 0.0132913)",0.013220005,0.013291275,0.008044895991711619,12,0.0
cash_pct_of_portfolio_chg,"[0.0132913, 0.0133485)",0.013291275,0.013348490000000001,0.00844840022620816,11,9.090909090909092
cash_pct_of_portfolio_chg,"[0.0133485, 0.0134007)",0.013348490000000001,0.013400655000000001,0.00844840022620816,11,9.090909090909092
cash_pct_of_portfolio_chg,"[0.0134007, 0.0134891)",0.013400655000000001,0.013489075,0.008649905610555718,12,33.33333333333333
cash_pct_of_portfolio_chg,"[0.0134891, 0.0136039)",0.013489075,0.01360394,0.00989946211399312,11,18.181818181818183
cash_pct_of_portfolio_chg,"[0.0136039, 0.0136756)",0.01360394,0.01367556,0.010194884858201277,11,27.27272727272727
cash_pct_of_portfolio_chg,"[0.0136756, 0.0137818)",0.01367556,0.01378184,0.010194884858201277,11,18.181818181818183
cash_pct_of_portfolio_chg,"[0.0137818, 0.0138634)",0.01378184,0.013863444999999999,0.010292143893850641,12,8.333333333333332
cash_pct_of_portfolio_chg,"[0.0138634, 0.0139428)",0.013863444999999999,0.01394275,0.010292143893850641,11,0.0
cash_pct_of_portfolio_chg,"[0.0139428, 0.0140196)",0.01394275,0.01401961,0.010292143893850641,11,9.090909090909092
cash_pct_of_portfolio_chg,"[0.0140196, 0.0140929)",0.01401961,0.01409287,0.011131112370423479,12,8.333333333333332
cash_pct_of_portfolio_chg,"[0.0140929, 0.0141382)",0.01409287,0.014138155,0.011602816540276608,11,0.0
cash_pct_of_portfolio_chg,"[0.0141382, 0.0141994)",0.014138155,0.014199355,0.011923836351235697,11,18.181818181818183
cash_pct_of_portfolio_chg,"[0.0141994, 0.0142477)",0.014199355,0.01424769,0.012172357719153922,12,33.33333333333333
cash_pct_of_portfolio_chg,"[0.0142477, 0.0143141)",0.01424769,0.014314130000000001,0.012567800585474255,11,0.0
cash_pct_of_portfolio_chg,"[0.0143141, 0.0144098)",0.014314130000000001,0.01440984,0.01269066461583709,11,18.181818181818183
cash_pct_of_portfolio_chg,"[0.0144098, 0.0144848)",0.01440984,0.014484750000000001,0.012880753892015939,12,8.333333333333332
cash_pct_of_portfolio_chg,"[0.0144848, 0.0145687)",0.014484750000000001,0.01456874,0.013378960100204448,11,9.090909090909092
cash_pct_of_portfolio_chg,"[0.0145687, 0.0146393)",0.01456874,0.014639284999999998,0.013842346442106654,11,9.090909090909092
cash_pct_of_portfolio_chg,"[0.0146393, 0.0146919)",0.014639284999999998,0.014691875,0.013842346442106654,11,9.090909090909092
cash_pct_of_portfolio_chg,"[0.0146919, 0.014752)",0.014691875,0.014752015,0.013842346442106654,12,16.666666666666664
cash_pct_of_portfolio_chg,"[0.014752, 0.0148147)",0.014752015,0.014814705000000001,0.013842346442106654,11,9.090909090909092
cash_pct_of_portfolio_chg,"[0.0148147, 0.014892)",0.014814705000000001,0.014892045,0.013842346442106654,11,9.090909090909092
cash_pct_of_portfolio_chg,"[0.014892, 0.0149724)",0.014892045,0.01497244,0.014171810050169743,12,25.0
cash_pct_of_portfolio_chg,"[0.0149724, 0.0150678)",0.01497244,0.0150678,0.01470919144907552,11,9.090909090909092
cash_pct_of_portfolio_chg,"[0.0150678, 0.0151018)",0.0150678,0.015101835000000001,0.01470919144907552,11,0.0
cash_pct_of_portfolio_chg,"[0.0151018, 0.0151921)",0.015101835000000001,0.015192105000000001,0.01470919144907552,12,16.666666666666664
cash_pct_of_portfolio_chg,"[0.0151921, 0.0152593)",0.015192105000000001,0.01525932,0.01470919144907552,11,9.090909090909092
cash_pct_of_portfolio_chg,"[0.0152593, 0.0153477)",0.01525932,0.015347725,0.015268242679446877,11,0.0
cash_pct_of_portfolio_chg,"[0.0153477, 0.0154191)",0.015347725,0.01541915,0.016199892317093286,12,8.333333333333332
cash_pct_of_portfolio_chg,"[0.0154191, 0.0155403)",0.01541915,0.01554025,0.01685555296472243,11,9.090909090909092
cash_pct_of_portfolio_chg,"[0.0155403, 0.0156258)",0.01554025,0.015625840000000002,0.01685555296472243,11,18.181818181818183
cash_pct_of_portfolio_chg,"[0.0156258, 0.0157211)",0.015625840000000002,0.015721105,0.01685555296472243,12,0.0
cash_pct_of_portfolio_chg,"[0.0157211, 0.015802)",0.015721105,0.015802,0.01685555296472243,11,18.181818181818183
cash_pct_of_portfolio_chg,"[0.015802, 0.0159019)",0.015802,0.01590187,0.017428668230679744,11,9.090909090909092
cash_pct_of_portfolio_chg,"[0.0159019, 0.0159704)",0.01590187,0.015970375000000002,0.018271895888472587,11,9.090909090909092
cash_pct_of_portfolio_chg,"[0.0159704, 0.0160397)",0.015970375000000002,0.016039655,0.01901681910132943,12,0.0
cash_pct_of_portfolio_chg,"[0.0160397, 0.0161308)",0.016039655,0.016130815,0.019236522458901437,11,27.27272727272727
cash_pct_of_portfolio_chg,"[0.0161308, 0.0161719)",0.016130815,0.01617192,0.019236522458901437,11,9.090909090909092
cash_pct_of_portfolio_chg,"[0.0161719, 0.0162846)",0.01617192,0.016284625,0.019933671957424376,12,25.0
cash_pct_of_portfolio_chg,"[0.0162846, 0.0163873)",0.016284625,0.016387264999999998,0.02087960133685074,11,18.181818181818183
cash_pct_of_portfolio_chg,"[0.0163873, 0.0164434)",0.016387264999999998,0.01644338,0.02161936844312232,11,9.090909090909092
cash_pct_of_portfolio_chg,"[0.0164434, 0.0165862)",0.01644338,0.016586154999999998,0.021857253473439368,12,8.333333333333332
cash_pct_of_portfolio_chg,"[0.0165862, 0.0166348)",0.016586154999999998,0.016634805000000003,0.022035903871800072,11,18.181818181818183
cash_pct_of_portfolio_chg,"[0.0166348, 0.0167193)",0.016634805000000003,0.016719285,0.022390037415978125,11,0.0
cash_pct_of_portfolio_chg,"[0.0167193, 0.0167979)",0.016719285,0.01679786,0.022390037415978125,12,16.666666666666664
cash_pct_of_portfolio_chg,"[0.0167979, 0.0168915)",0.01679786,0.01689146,0.023375757101245703,11,18.181818181818183
cash_pct_of_portfolio_chg,"[0.0168915, 0.0169442)",0.01689146,0.016944225,0.023375757101245703,11,9.090909090909092
cash_pct_of_portfolio_chg,"[0.0169442, 0.0170882)",0.016944225,0.017088199999999998,0.023375757101245703,12,33.33333333333333
cash_pct_of_portfolio_chg,"[0.0170882, 0.017146)",0.017088199999999998,0.01714604,0.023375757101245703,11,0.0
cash_pct_of_portfolio_chg,"[0.017146, 0.0172298)",0.01714604,0.01722983,0.02363258426107052,11,0.0
cash_pct_of_portfolio_chg,"[0.0172298, 0.0172991)",0.01722983,0.017299075,0.024079169690186034,11,9.090909090909092
cash_pct_of_portfolio_chg,"[0.0172991, 0.0173573)",0.017299075,0.0173573,0.024079169690186034,12,8.333333333333332
cash_pct_of_portfolio_chg,"[0.0173573, 0.0174605)",0.0173573,0.017460505,0.024079169690186034,11,18.181818181818183
cash_pct_of_portfolio_chg,"[0.0174605, 0.0175263)",0.017460505,0.01752634,0.024482345047230087,11,9.090909090909092
cash_pct_of_portfolio_chg,"[0.0175263, 0.0176295)",0.01752634,0.017629504999999997,0.024482345047230087,12,41.66666666666667
cash_pct_of_portfolio_chg,"[0.0176295, 0.0177135)",0.017629504999999997,0.01771352,0.024750273475334504,11,9.090909090909092
cash_pct_of_portfolio_chg,"[0.0177135, 0.0178111)",0.01771352,0.01781114,0.02513095576809095,11,0.0
cash_pct_of_portfolio_chg,"[0.0178111, 0.0178991)",0.01781114,0.017899055,0.02513095576809095,12,8.333333333333332
cash_pct_of_portfolio_chg,"[0.0178991, 0.017976)",0.017899055,0.017975995,0.02513095576809095,11,27.27272727272727
cash_pct_of_portfolio_chg,"[0.017976, 0.0180457)",0.017975995,0.018045725,0.02513095576809095,11,9.090909090909092
cash_pct_of_portfolio_chg,"[0.0180457, 0.018141)",0.018045725,0.018141035,0.02513095576809095,12,8.333333333333332
cash_pct_of_portfolio_chg,"[0.018141, 0.0182084)",0.018141035,0.018208355000000002,0.025412759576118868,11,27.27272727272727
cash_pct_of_portfolio_chg,"[0.0182084, 0.0183007)",0.018208355000000002,0.01830072,0.026014252137262626,11,18.181818181818183
cash_pct_of_portfolio_chg,"[0.0183007, 0.0183941)",0.01830072,0.01839414,0.026014252137262626,11,9.090909090909092
cash_pct_of_portfolio_chg,"[0.0183941, 0.0184868)",0.01839414,0.018486835,0.026238173109917075,12,8.333333333333332
cash_pct_of_portfolio_chg,"[0.0184868, 0.0185756)",0.018486835,0.01857563,0.026417817481666214,11,9.090909090909092
cash_pct_of_portfolio_chg,"[0.0185756, 0.0186322)",0.01857563,0.018632179999999998,0.02702866949165132,11,9.090909090909092
cash_pct_of_portfolio_chg,"[0.0186322, 0.0187425)",0.018632179999999998,0.018742465,0.02726968481399905,12,25.0
cash_pct_of_portfolio_chg,"[0.0187425, 0.0188608)",0.018742465,0.01886082,0.02726968481399905,11,0.0
cash_pct_of_portfolio_chg,"[0.0188608, 0.0189458)",0.01886082,0.01894581,0.02826632177844622,11,9.090909090909092
cash_pct_of_portfolio_chg,"[0.0189458, 0.0190986)",0.01894581,0.0190986,0.028878582932555467,12,0.0
cash_pct_of_portfolio_chg,"[0.0190986, 0.0192031)",0.0190986,0.019203085,0.028878582932555467,11,18.181818181818183
cash_pct_of_portfolio_chg,"[0.0192031, 0.019317)",0.019203085,0.019316985000000002,0.02907403715715984,11,18.181818181818183
cash_pct_of_portfolio_chg,"[0.019317, 0.0194008)",0.019316985000000002,0.019400809999999998,0.029339259211595404,12,8.333333333333332
cash_pct_of_portfolio_chg,"[0.0194008, 0.0195161)",0.019400809999999998,0.01951607,0.029339259211595404,11,9.090909090909092
cash_pct_of_portfolio_chg,"[0.0195161, 0.0196231)",0.01951607,0.0196231,0.031034422122341022,11,18.181818181818183
cash_pct_of_portfolio_chg,"[0.0196231, 0.0197571)",0.0196231,0.019757125,0.031338721451557895,12,8.333333333333332
cash_pct_of_portfolio_chg,"[0.0197571, 0.0198841)",0.019757125,0.01988411,0.031338721451557895,11,27.27272727272727
cash_pct_of_portfolio_chg,"[0.0198841, 0.0200107)",0.01988411,0.020010655000000002,0.031338721451557895,11,0.0
cash_pct_of_portfolio_chg,"[0.0200107, 0.0201467)",0.020010655000000002,0.020146684999999998,0.03171203274647275,11,18.181818181818183
cash_pct_of_portfolio_chg,"[0.0201467, 0.0202626)",0.020146684999999998,0.020262605,0.03171203274647275,12,8.333333333333332
cash_pct_of_portfolio_chg,"[0.0202626, 0.0203634)",0.020262605,0.020363365,0.032103923070395446,11,18.181818181818183
cash_pct_of_portfolio_chg,"[0.0203634, 0.0204565)",0.020363365,0.020456505,0.032289046959121916,11,27.27272727272727
cash_pct_of_portfolio_chg,"[0.0204565, 0.020603)",0.020456505,0.020603049999999998,0.032514624688873034,12,0.0
cash_pct_of_portfolio_chg,"[0.020603, 0.0206886)",0.020603049999999998,0.02068864,0.03313840774869923,11,18.181818181818183
cash_pct_of_portfolio_chg,"[0.0206886, 0.0207987)",0.02068864,0.02079874,0.03366349373884778,11,27.27272727272727
cash_pct_of_portfolio_chg,"[0.0207987, 0.0209332)",0.02079874,0.02093323,0.03366349373884778,12,25.0
cash_pct_of_portfolio_chg,"[0.0209332, 0.0210669)",0.02093323,0.021066865,0.034340135714486894,11,0.0
cash_pct_of_portfolio_chg,"[0.0210669, 0.0212643)",0.021066865,0.021264345,0.03455710753798826,11,9.090909090909092
cash_pct_of_portfolio_chg,"[0.0212643, 0.0214093)",0.021264345,0.021409325,0.03500139020734242,12,0.0
cash_pct_of_portfolio_chg,"[0.0214093, 0.0214863)",0.021409325,0.0214863,0.035517614678522144,11,27.27272727272727
cash_pct_of_portfolio_chg,"[0.0214863, 0.0215934)",0.0214863,0.02159344,0.03603358794733539,11,9.090909090909092
cash_pct_of_portfolio_chg,"[0.0215934, 0.0216928)",0.02159344,0.02169277,0.03647515762055327,12,8.333333333333332
cash_pct_of_portfolio_chg,"[0.0216928, 0.0218075)",0.02169277,0.02180748,0.036712674848778194,11,0.0
cash_pct_of_portfolio_chg,"[0.0218075, 0.021925)",0.02180748,0.021924964999999998,0.036712674848778194,11,18.181818181818183
cash_pct_of_portfolio_chg,"[0.021925, 0.0220501)",0.021924964999999998,0.022050135,0.03691130360591919,11,18.181818181818183
cash_pct_of_portfolio_chg,"[0.0220501, 0.0222148)",0.022050135,0.02221481,0.037280715383705594,12,8.333333333333332
cash_pct_of_portfolio_chg,"[0.0222148, 0.0223435)",0.02221481,0.022343505,0.037280715383705594,11,18.181818181818183
cash_pct_of_portfolio_chg,"[0.0223435, 0.0224517)",0.022343505,0.02245168,0.037940600158137515,11,36.36363636363637
cash_pct_of_portfolio_chg,"[0.0224517, 0.0226737)",0.02245168,0.022673739999999998,0.037940600158137515,12,8.333333333333332
cash_pct_of_portfolio_chg,"[0.0226737, 0.0228397)",0.022673739999999998,0.022839695,0.037940600158137515,11,9.090909090909092
cash_pct_of_portfolio_chg,"[0.0228397, 0.022943)",0.022839695,0.02294296,0.03878490715122089,11,0.0
cash_pct_of_portfolio_chg,"[0.022943, 0.0231412)",0.02294296,0.023141195,0.03878490715122089,12,8.333333333333332
cash_pct_of_portfolio_chg,"[0.0231412, 0.0232673)",0.023141195,0.023267295,0.039460855842653526,11,9.090909090909092
cash_pct_of_portfolio_chg,"[0.0232673, 0.023419)",0.023267295,0.023418954999999998,0.039460855842653526,12,8.333333333333332
cash_pct_of_portfolio_chg,"[0.023419, 0.0235776)",0.023418954999999998,0.023577630000000002,0.041437272505799094,11,18.181818181818183
cash_pct_of_portfolio_chg,"[0.0235776, 0.0237378)",0.023577630000000002,0.023737824999999997,0.041921066505359435,11,27.27272727272727
cash_pct_of_portfolio_chg,"[0.0237378, 0.0239193)",0.023737824999999997,0.023919255,0.04245479391905596,11,27.27272727272727
cash_pct_of_portfolio_chg,"[0.0239193, 0.0240787)",0.023919255,0.024078679999999998,0.042942166160822845,11,18.181818181818183
cash_pct_of_portfolio_chg,"[0.0240787, 0.0242634)",0.024078679999999998,0.024263399999999997,0.042942166160822845,12,16.666666666666664
cash_pct_of_portfolio_chg,"[0.0242634, 0.0243966)",0.024263399999999997,0.024396615,0.043402844058101984,11,18.181818181818183
cash_pct_of_portfolio_chg,"[0.0243966, 0.0246514)",0.024396615,0.024651365,0.04403010302939293,11,0.0
cash_pct_of_portfolio_chg,"[0.0246514, 0.0248122)",0.024651365,0.024812195000000002,0.044219469701176274,12,16.666666666666664
cash_pct_of_portfolio_chg,"[0.0248122, 0.0249665)",0.024812195000000002,0.024966495,0.044219469701176274,11,18.181818181818183
cash_pct_of_portfolio_chg,"[0.0249665, 0.0252074)",0.024966495,0.02520738,0.04515591850800717,11,9.090909090909092
cash_pct_of_portfolio_chg,"[0.0252074, 0.0254235)",0.02520738,0.02542354,0.04585702460004117,12,8.333333333333332
cash_pct_of_portfolio_chg,"[0.0254235, 0.0256026)",0.02542354,0.025602649999999998,0.04585702460004117,11,18.181818181818183
cash_pct_of_portfolio_chg,"[0.0256026, 0.0258031)",0.025602649999999998,0.025803075,0.04585702460004117,11,18.181818181818183
cash_pct_of_portfolio_chg,"[0.0258031, 0.02606)",0.025803075,0.02606004,0.04633118649404468,12,8.333333333333332
cash_pct_of_portfolio_chg,"[0.02606, 0.0262924)",0.02606004,0.026292419999999997,0.0466674643739617,11,9.090909090909092
cash_pct_of_portfolio_chg,"[0.0262924, 0.0264139)",0.026292419999999997,0.026413884999999998,0.0466674643739617,11,18.181818181818183
cash_pct_of_portfolio_chg,"[0.0264139, 0.0266844)",0.026413884999999998,0.02668436,0.0473039907266708,12,0.0
cash_pct_of_portfolio_chg,"[0.0266844, 0.0269922)",0.02668436,0.026992235,0.0473039907266708,11,27.27272727272727
cash_pct_of_portfolio_chg,"[0.0269922, 0.0271629)",0.026992235,0.02716287,0.04873055217218302,11,9.090909090909092
cash_pct_of_portfolio_chg,"[0.0271629, 0.0274025)",0.02716287,0.027402469999999998,0.04873055217218302,11,18.181818181818183
cash_pct_of_portfolio_chg,"[0.0274025, 0.0275293)",0.027402469999999998,0.027529305,0.0499146929457987,12,8.333333333333332
cash_pct_of_portfolio_chg,"[0.0275293, 0.0277454)",0.027529305,0.027745449999999998,0.050523453964960614,11,9.090909090909092
cash_pct_of_portfolio_chg,"[0.0277454, 0.0280721)",0.027745449999999998,0.02807212,0.050919068543557676,11,9.090909090909092
cash_pct_of_portfolio_chg,"[0.0280721, 0.0283934)",0.02807212,0.028393425,0.05146201731476777,12,25.0
cash_pct_of_portfolio_chg,"[0.0283934, 0.0287159)",0.028393425,0.02871589,0.0521238553960067,11,9.090909090909092
cash_pct_of_portfolio_chg,"[0.0287159, 0.0288888)",0.02871589,0.02888877,0.05260571712163567,11,9.090909090909092
cash_pct_of_portfolio_chg,"[0.0288888, 0.0292297)",0.02888877,0.029229685,0.05331393941913808,12,25.0
cash_pct_of_portfolio_chg,"[0.0292297, 0.0294875)",0.029229685,0.02948746,0.05331393941913808,11,27.27272727272727
cash_pct_of_portfolio_chg,"[0.0294875, 0.0298751)",0.02948746,0.029875085000000003,0.05475671865911342,11,9.090909090909092
cash_pct_of_portfolio_chg,"[0.0298751, 0.030222)",0.029875085000000003,0.030221995,0.05504761261172438,12,8.333333333333332
cash_pct_of_portfolio_chg,"[0.030222, 0.0304154)",0.030221995,0.030415440000000002,0.05631754662658935,11,18.181818181818183
cash_pct_of_portfolio_chg,"[0.0304154, 0.0306823)",0.030415440000000002,0.030682334999999998,0.05655587579554928,11,9.090909090909092
cash_pct_of_portfolio_chg,"[0.0306823, 0.0311505)",0.030682334999999998,0.031150545,0.05681744528741886,12,8.333333333333332
cash_pct_of_portfolio_chg,"[0.0311505, 0.0314153)",0.031150545,0.031415275,0.05681744528741886,11,9.090909090909092
cash_pct_of_portfolio_chg,"[0.0314153, 0.031719)",0.031415275,0.031718960000000004,0.05716220919800476,11,9.090909090909092
cash_pct_of_portfolio_chg,"[0.031719, 0.0320869)",0.031718960000000004,0.03208688,0.057430994267996714,11,18.181818181818183
cash_pct_of_portfolio_chg,"[0.0320869, 0.0323224)",0.03208688,0.032322355,0.0576510033025787,12,33.33333333333333
cash_pct_of_portfolio_chg,"[0.0323224, 0.0328304)",0.032322355,0.032830365,0.0576510033025787,11,27.27272727272727
cash_pct_of_portfolio_chg,"[0.0328304, 0.0330838)",0.032830365,0.033083785000000004,0.0576510033025787,11,9.090909090909092
cash_pct_of_portfolio_chg,"[0.0330838, 0.0332845)",0.033083785000000004,0.03328449,0.05790477268695999,12,16.666666666666664
cash_pct_of_portfolio_chg,"[0.0332845, 0.0336605)",0.03328449,0.03366055,0.05790477268695999,11,9.090909090909092
cash_pct_of_portfolio_chg,"[0.0336605, 0.0338662)",0.03366055,0.03386624,0.05790477268695999,11,9.090909090909092
cash_pct_of_portfolio_chg,"[0.0338662, 0.0341486)",0.03386624,0.034148609999999996,0.0585703503937412,12,16.666666666666664
cash_pct_of_portfolio_chg,"[0.0341486, 0.0345108)",0.034148609999999996,0.034510755000000004,0.0585703503937412,11,27.27272727272727
cash_pct_of_portfolio_chg,"[0.0345108, 0.0347855)",0.034510755000000004,0.034785510000000006,0.0585703503937412,12,8.333333333333332
cash_pct_of_portfolio_chg,"[0.0347855, 0.035046)",0.034785510000000006,0.035046,0.059322891040000506,11,18.181818181818183
cash_pct_of_portfolio_chg,"[0.035046, 0.0353103)",0.035046,0.035310339999999996,0.06017101772432906,11,9.090909090909092
cash_pct_of_portfolio_chg,"[0.0353103, 0.0356038)",0.035310339999999996,0.03560377,0.06056644995394707,11,27.27272727272727
cash_pct_of_portfolio_chg,"[0.0356038, 0.0359301)",0.03560377,0.035930145,0.06056644995394707,11,0.0
cash_pct_of_portfolio_chg,"[0.0359301, 0.0363626)",0.035930145,0.036362555000000005,0.061490594151542836,12,0.0
cash_pct_of_portfolio_chg,"[0.0363626, 0.0365898)",0.036362555000000005,0.036589845,0.06214177677111493,11,27.27272727272727
cash_pct_of_portfolio_chg,"[0.0365898, 0.036856)",0.036589845,0.03685603,0.06214177677111493,11,9.090909090909092
cash_pct_of_portfolio_chg,"[0.036856, 0.0371803)",0.03685603,0.037180345000000004,0.06325674719610362,12,0.0
cash_pct_of_portfolio_chg,"[0.0371803, 0.0375368)",0.037180345000000004,0.03753685,0.06325674719610362,11,9.090909090909092
cash_pct_of_portfolio_chg,"[0.0375368, 0.0377398)",0.03753685,0.03773975,0.06325674719610362,11,9.090909090909092
cash_pct_of_portfolio_chg,"[0.0377398, 0.0381976)",0.03773975,0.03819762,0.06325674719610362,12,8.333333333333332
cash_pct_of_portfolio_chg,"[0.0381976, 0.0385103)",0.03819762,0.03851029,0.06607388651229676,11,18.181818181818183
cash_pct_of_portfolio_chg,"[0.0385103, 0.0388427)",0.03851029,0.03884273,0.06687330505743233,11,18.181818181818183
cash_pct_of_portfolio_chg,"[0.0388427, 0.039161)",0.03884273,0.039161025,0.06758717080891942,12,16.666666666666664
cash_pct_of_portfolio_chg,"[0.039161, 0.0394818)",0.039161025,0.039481775,0.06758717080891942,11,27.27272727272727
cash_pct_of_portfolio_chg,"[0.0394818, 0.0397543)",0.039481775,0.039754335,0.06787650300312255,11,9.090909090909092
cash_pct_of_portfolio_chg,"[0.0397543, 0.0401313)",0.039754335,0.040131335000000004,0.06851564298200354,12,0.0
cash_pct_of_portfolio_chg,"[0.0401313, 0.0407196)",0.040131335000000004,0.04071964,0.0692531499612244,11,9.090909090909092
cash_pct_of_portfolio_chg,"[0.0407196, 0.0413973)",0.04071964,0.04139729,0.07019252574835082,11,0.0
cash_pct_of_portfolio_chg,"[0.0413973, 0.0418199)",0.04139729,0.04181986,0.10004060604013175,11,27.27272727272727
cash_pct_of_portfolio_chg,"[0.0418199, 0.0422026)",0.04181986,0.042202595,0.10141277053204756,12,16.666666666666664
cash_pct_of_portfolio_chg,"[0.0422026, 0.0429217)",0.042202595,0.042921675,0.10226129972899556,11,45.45454545454545
cash_pct_of_portfolio_chg,"[0.0429217, 0.0433788)",0.042921675,0.043378810000000004,0.10295027690429283,11,18.181818181818183
cash_pct_of_portfolio_chg,"[0.0433788, 0.0439282)",0.043378810000000004,0.043928154999999997,0.10375997305774264,12,16.666666666666664
cash_pct_of_portfolio_chg,"[0.0439282, 0.0443267)",0.043928154999999997,0.044326665,0.10441176537857688,11,9.090909090909092
cash_pct_of_portfolio_chg,"[0.0443267, 0.0446994)",0.044326665,0.04469938,0.10593995610996892,11,18.181818181818183
cash_pct_of_portfolio_chg,"[0.0446994, 0.0452311)",0.04469938,0.045231105,0.10593995610996892,12,25.0
cash_pct_of_portfolio_chg,"[0.0452311, 0.0455026)",0.045231105,0.04550256,0.10593995610996892,11,45.45454545454545
cash_pct_of_portfolio_chg,"[0.0455026, 0.0459673)",0.04550256,0.04596725,0.10688332664606334,11,27.27272727272727
cash_pct_of_portfolio_chg,"[0.0459673, 0.0464269)",0.04596725,0.046426855,0.10688332664606334,12,16.666666666666664
cash_pct_of_portfolio_chg,"[0.0464269, 0.0467268)",0.046426855,0.046726755,0.10722177247948178,11,9.090909090909092
cash_pct_of_portfolio_chg,"[0.0467268, 0.0470927)",0.046726755,0.04709273,0.10751876866190153,11,27.27272727272727
cash_pct_of_portfolio_chg,"[0.0470927, 0.0475266)",0.04709273,0.047526575,0.10751876866190153,12,16.666666666666664
cash_pct_of_portfolio_chg,"[0.0475266, 0.0478364)",0.047526575,0.04783637,0.10902902317927507,11,18.181818181818183
cash_pct_of_portfolio_chg,"[0.0478364, 0.0481512)",0.04783637,0.04815118,0.10938721326368646,11,36.36363636363637
cash_pct_of_portfolio_chg,"[0.0481512, 0.0486074)",0.04815118,0.04860737,0.11076436752298541,11,9.090909090909092
cash_pct_of_portfolio_chg,"[0.0486074, 0.0490759)",0.04860737,0.049075915,0.11076436752298541,12,41.66666666666667
cash_pct_of_portfolio_chg,"[0.0490759, 0.0495089)",0.049075915,0.049508880000000005,0.11180455882764723,11,27.27272727272727
cash_pct_of_portfolio_chg,"[0.0495089, 0.050082)",0.049508880000000005,0.050081975,0.11247500165521612,11,18.181818181818183
cash_pct_of_portfolio_chg,"[0.050082, 0.0506519)",0.050081975,0.050651885,0.11320166641920305,12,16.666666666666664
cash_pct_of_portfolio_chg,"[0.0506519, 0.0511518)",0.050651885,0.05115183,0.11320166641920305,11,9.090909090909092
cash_pct_of_portfolio_chg,"[0.0511518, 0.051636)",0.05115183,0.05163604,0.11320166641920305,11,0.0
cash_pct_of_portfolio_chg,"[0.051636, 0.0523484)",0.05163604,0.0523484,0.11320166641920305,12,8.333333333333332
cash_pct_of_portfolio_chg,"[0.0523484, 0.0527055)",0.0523484,0.052705470000000004,0.11320166641920305,11,27.27272727272727
cash_pct_of_portfolio_chg,"[0.0527055, 0.0535289)",0.052705470000000004,0.053528905,0.11320166641920305,12,16.666666666666664
cash_pct_of_portfolio_chg,"[0.0535289, 0.0544064)",0.053528905,0.054406445,0.11320166641920305,11,9.090909090909092
cash_pct_of_portfolio_chg,"[0.0544064, 0.0549162)",0.054406445,0.05491625,0.11320166641920305,11,0.0
cash_pct_of_portfolio_chg,"[0.0549162, 0.0553981)",0.05491625,0.055398130000000004,0.11320166641920305,11,18.181818181818183
cash_pct_of_portfolio_chg,"[0.0553981, 0.0557398)",0.055398130000000004,0.055739830000000004,0.11435939666522849,11,9.090909090909092
cash_pct_of_portfolio_chg,"[0.0557398, 0.0564814)",0.055739830000000004,0.056481434999999997,0.11435939666522849,12,41.66666666666667
cash_pct_of_portfolio_chg,"[0.0564814, 0.0570717)",0.056481434999999997,0.057071675,0.11468784954969034,11,18.181818181818183
cash_pct_of_portfolio_chg,"[0.0570717, 0.0577473)",0.057071675,0.057747265,0.11596837673986655,11,0.0
cash_pct_of_portfolio_chg,"[0.0577473, 0.0586806)",0.057747265,0.058680575,0.11596837673986655,12,25.0
cash_pct_of_portfolio_chg,"[0.0586806, 0.0595229)",0.058680575,0.059522935,0.11596837673986655,11,0.0
cash_pct_of_portfolio_chg,"[0.0595229, 0.0600012)",0.059522935,0.06000117,0.11747700656964921,11,18.181818181818183
cash_pct_of_portfolio_chg,"[0.0600012, 0.0605385)",0.06000117,0.060538515,0.11808842524430668,12,8.333333333333332
cash_pct_of_portfolio_chg,"[0.0605385, 0.06136)",0.060538515,0.061359995,0.1184070156464349,11,0.0
cash_pct_of_portfolio_chg,"[0.06136, 0.0620269)",0.061359995,0.062026935,0.11919425287103144,11,27.27272727272727
cash_pct_of_portfolio_chg,"[0.0620269, 0.0626611)",0.062026935,0.062661105,0.11919425287103144,12,8.333333333333332
cash_pct_of_portfolio_chg,"[0.0626611, 0.0635751)",0.062661105,0.06357505499999999,0.11919425287103144,11,9.090909090909092
cash_pct_of_portfolio_chg,"[0.0635751, 0.0645591)",0.06357505499999999,0.064559095,0.11919425287103144,11,9.090909090909092
cash_pct_of_portfolio_chg,"[0.0645591, 0.0654789)",0.064559095,0.06547892,0.11919425287103144,12,0.0
cash_pct_of_portfolio_chg,"[0.0654789, 0.066567)",0.06547892,0.06656701,0.12078559147881208,11,18.181818181818183
cash_pct_of_portfolio_chg,"[0.066567, 0.0670124)",0.06656701,0.067012355,0.12381676819942616,11,0.0
cash_pct_of_portfolio_chg,"[0.0670124, 0.0677766)",0.067012355,0.067776585,0.14737948361744166,11,27.27272727272727
cash_pct_of_portfolio_chg,"[0.0677766, 0.0687491)",0.067776585,0.06874908,0.14737948361744166,12,33.33333333333333
cash_pct_of_portfolio_chg,"[0.0687491, 0.0694894)",0.06874908,0.06948935,0.14737948361744166,11,27.27272727272727
cash_pct_of_portfolio_chg,"[0.0694894, 0.0704569)",0.06948935,0.07045689,0.14884696094822936,11,18.181818181818183
cash_pct_of_portfolio_chg,"[0.0704569, 0.071431)",0.07045689,0.07143095499999999,0.14962820400075488,12,8.333333333333332
cash_pct_of_portfolio_chg,"[0.071431, 0.0725295)",0.07143095499999999,0.07252954,0.14962820400075488,11,9.090909090909092
cash_pct_of_portfolio_chg,"[0.0725295, 0.0740095)",0.07252954,0.074009535,0.15061662523988467,11,18.181818181818183
cash_pct_of_portfolio_chg,"[0.0740095, 0.0751133)",0.074009535,0.07511329,0.1515893190115748,12,25.0
cash_pct_of_portfolio_chg,"[0.0751133, 0.0764639)",0.07511329,0.07646389,0.15192701422615087,11,18.181818181818183
cash_pct_of_portfolio_chg,"[0.0764639, 0.0780351)",0.07646389,0.07803506,0.15192701422615087,11,9.090909090909092
cash_pct_of_portfolio_chg,"[0.0780351, 0.0798916)",0.07803506,0.07989157999999999,0.15292244396140756,12,16.666666666666664
cash_pct_of_portfolio_chg,"[0.0798916, 0.0814996)",0.07989157999999999,0.0814996,0.15292244396140756,11,9.090909090909092
cash_pct_of_portfolio_chg,"[0.0814996, 0.0831921)",0.0814996,0.08319211,0.15389135984453614,11,27.27272727272727
cash_pct_of_portfolio_chg,"[0.0831921, 0.084186)",0.08319211,0.084185995,0.15389135984453614,12,25.0
cash_pct_of_portfolio_chg,"[0.084186, 0.0857197)",0.084185995,0.08571968499999999,0.15389135984453614,12,16.666666666666664
cash_pct_of_portfolio_chg,"[0.0857197, 0.0872663)",0.08571968499999999,0.08726631,0.15427649688323736,12,16.666666666666664
cash_pct_of_portfolio_chg,"[0.0872663, 0.0888403)",0.08726631,0.088840265,0.15490315205886016,12,8.333333333333332
cash_pct_of_portfolio_chg,"[0.0888403, 0.0912605)",0.088840265,0.09126045499999999,0.15490315205886016,12,33.33333333333333
cash_pct_of_portfolio_chg,"[0.0912605, 0.0936665)",0.09126045499999999,0.09366648999999999,0.15490315205886016,11,18.181818181818183
cash_pct_of_portfolio_chg,"[0.0936665, 0.095355)",0.09366648999999999,0.095354975,0.15595780686636243,11,27.27272727272727
cash_pct_of_portfolio_chg,"[0.095355, 0.0983994)",0.095354975,0.0983994,0.1564683055854382,11,9.090909090909092
cash_pct_of_portfolio_chg,"[0.0983994, 0.100292)",0.0983994,0.100292455,0.15737451457460433,11,9.090909090909092
cash_pct_of_portfolio_chg,"[0.100292, 0.102244)",0.100292455,0.10224416,0.1586315474639986,11,27.27272727272727
cash_pct_of_portfolio_chg,"[0.102244, 0.105415)",0.10224416,0.105415285,0.1586315474639986,11,0.0
cash_pct_of_portfolio_chg,"[0.105415, 0.106917)",0.105415285,0.106917415,0.15947420117090347,11,18.181818181818183
cash_pct_of_portfolio_chg,"[0.106917, 0.108501)",0.106917415,0.10850146499999999,0.15947420117090347,11,54.54545454545454
cash_pct_of_portfolio_chg,"[0.108501, 0.110197)",0.10850146499999999,0.11019704,0.15947420117090347,11,27.27272727272727
cash_pct_of_portfolio_chg,"[0.110197, 0.112361)",0.11019704,0.112360885,0.1599345735971717,11,18.181818181818183
cash_pct_of_portfolio_chg,"[0.112361, 0.114276)",0.112360885,0.11427603,0.1599345735971717,11,0.0
cash_pct_of_portfolio_chg,"[0.114276, 0.116945)",0.11427603,0.116945455,0.16132659242367897,11,18.181818181818183
cash_pct_of_portfolio_chg,"[0.116945, 0.119602)",0.116945455,0.11960239,0.1622400315129266,12,8.333333333333332
cash_pct_of_portfolio_chg,"[0.119602, 0.121317)",0.11960239,0.12131734,0.1622400315129266,11,27.27272727272727
cash_pct_of_portfolio_chg,"[0.121317, 0.124833)",0.12131734,0.12483345,0.16341079153108318,11,9.090909090909092
cash_pct_of_portfolio_chg,"[0.124833, 0.128052)",0.12483345,0.12805153000000002,0.16373842241382155,12,25.0
cash_pct_of_portfolio_chg,"[0.128052, 0.130209)",0.12805153000000002,0.13020922499999998,0.16492550719256818,11,18.181818181818183
cash_pct_of_portfolio_chg,"[0.130209, 0.134336)",0.13020922499999998,0.134335855,0.1652541110874922,11,36.36363636363637
cash_pct_of_portfolio_chg,"[0.134336, 0.137485)",0.134335855,0.13748463,0.16677997309357953,12,16.666666666666664
cash_pct_of_portfolio_chg,"[0.137485, 0.140715)",0.13748463,0.14071469,0.1678437580250039,11,18.181818181818183
cash_pct_of_portfolio_chg,"[0.140715, 0.14407)",0.14071469,0.144070475,0.1688498930819167,11,0.0
cash_pct_of_portfolio_chg,"[0.14407, 0.146378)",0.144070475,0.14637845500000002,0.1702202926536343,12,8.333333333333332
cash_pct_of_portfolio_chg,"[0.146378, 0.150878)",0.14637845500000002,0.150878,0.1702202926536343,11,9.090909090909092
cash_pct_of_portfolio_chg,"[0.150878, 0.15511)",0.150878,0.15511049,0.17501327636036892,11,54.54545454545454
cash_pct_of_portfolio_chg,"[0.15511, 0.157926)",0.15511049,0.15792603,0.17531664500665015,12,16.666666666666664
cash_pct_of_portfolio_chg,"[0.157926, 0.160752)",0.15792603,0.160752285,0.17531664500665015,11,27.27272727272727
cash_pct_of_portfolio_chg,"[0.160752, 0.164747)",0.160752285,0.16474718,0.17627249881455676,11,36.36363636363637
cash_pct_of_portfolio_chg,"[0.164747, 0.168941)",0.16474718,0.16894051,0.17745575157508856,11,27.27272727272727
cash_pct_of_portfolio_chg,"[0.168941, 0.174154)",0.16894051,0.174154335,0.1789144427120507,12,25.0
cash_pct_of_portfolio_chg,"[0.174154, 0.178442)",0.174154335,0.178442095,0.1813228008830093,11,9.090909090909092
cash_pct_of_portfolio_chg,"[0.178442, 0.181805)",0.178442095,0.18180463,0.1813228008830093,11,36.36363636363637
cash_pct_of_portfolio_chg,"[0.181805, 0.185151)",0.18180463,0.18515059,0.1813228008830093,12,16.666666666666664
cash_pct_of_portfolio_chg,"[0.185151, 0.187991)",0.18515059,0.18799115,0.1813228008830093,11,27.27272727272727
cash_pct_of_portfolio_chg,"[0.187991, 0.193257)",0.18799115,0.19325683,0.18255592010221539,11,9.090909090909092
cash_pct_of_portfolio_chg,"[0.193257, 0.202927)",0.19325683,0.20292741,0.18300502253052905,12,25.0
cash_pct_of_portfolio_chg,"[0.202927, 0.208002)",0.20292741,0.20800202499999998,0.1849958297820272,11,36.36363636363637
cash_pct_of_portfolio_chg,"[0.208002, 0.213245)",0.20800202499999998,0.21324460499999998,0.18618614433659444,11,9.090909090909092
cash_pct_of_portfolio_chg,"[0.213245, 0.217577)",0.21324460499999998,0.217576765,0.18796923925128875,12,41.66666666666667
cash_pct_of_portfolio_chg,"[0.217577, 0.225023)",0.217576765,0.225022915,0.1891127875404958,11,27.27272727272727
cash_pct_of_portfolio_chg,"[0.225023, 0.229636)",0.225022915,0.22963557,0.1891127875404958,11,45.45454545454545
cash_pct_of_portfolio_chg,"[0.229636, 0.236403)",0.22963557,0.236403265,0.1891127875404958,12,25.0
cash_pct_of_portfolio_chg,"[0.236403, 0.24026)",0.236403265,0.240259805,0.1912865247163987,11,45.45454545454545
cash_pct_of_portfolio_chg,"[0.24026, 0.2464)",0.240259805,0.24640012,0.1912865247163987,11,18.181818181818183
cash_pct_of_portfolio_chg,"[0.2464, 0.250487)",0.24640012,0.25048724,0.19186079619302762,11,27.27272727272727
cash_pct_of_portfolio_chg,"[0.250487, 0.254592)",0.25048724,0.2545921,0.19428465500578015,12,16.666666666666664
cash_pct_of_portfolio_chg,"[0.254592, 0.258644)",0.2545921,0.25864403999999996,0.19470679520047554,11,27.27272727272727
cash_pct_of_portfolio_chg,"[0.258644, 0.261907)",0.25864403999999996,0.261906505,0.19533369331002856,11,36.36363636363637
cash_pct_of_portfolio_chg,"[0.261907, 0.2679)",0.261906505,0.26790011999999996,0.19533369331002856,12,8.333333333333332
cash_pct_of_portfolio_chg,"[0.2679, 0.273062)",0.26790011999999996,0.27306236500000003,0.19533369331002856,11,63.63636363636363
cash_pct_of_portfolio_chg,"[0.273062, 0.278649)",0.27306236500000003,0.27864878000000004,0.19618640196734255,11,45.45454545454545
cash_pct_of_portfolio_chg,"[0.278649, 0.284133)",0.27864878000000004,0.284132535,0.19967165492455,12,41.66666666666667
cash_pct_of_portfolio_chg,"[0.284133, 0.291278)",0.284132535,0.291277895,0.20191027550591553,11,27.27272727272727
cash_pct_of_portfolio_chg,"[0.291278, 0.299348)",0.291277895,0.29934782000000004,0.20331468331759375,12,33.33333333333333
cash_pct_of_portfolio_chg,"[0.299348, 0.303897)",0.29934782000000004,0.30389699,0.20331468331759375,11,27.27272727272727
cash_pct_of_portfolio_chg,"[0.303897, 0.309795)",0.30389699,0.30979492,0.20355467578306086,11,9.090909090909092
cash_pct_of_portfolio_chg,"[0.309795, 0.31442)",0.30979492,0.31441996000000005,0.20632796892721872,11,63.63636363636363
cash_pct_of_portfolio_chg,"[0.31442, 0.319571)",0.31441996000000005,0.31957104000000003,0.20632796892721872,11,18.181818181818183
cash_pct_of_portfolio_chg,"[0.319571, 0.326998)",0.31957104000000003,0.32699759500000003,0.20632796892721872,12,16.666666666666664
cash_pct_of_portfolio_chg,"[0.326998, 0.333003)",0.32699759500000003,0.33300288,0.20632796892721872,11,27.27272727272727
cash_pct_of_portfolio_chg,"[0.333003, 0.337706)",0.33300288,0.33770632,0.20751111112398896,11,9.090909090909092
cash_pct_of_portfolio_chg,"[0.337706, 0.346218)",0.33770632,0.34621808499999995,0.20751111112398896,12,16.666666666666664
cash_pct_of_portfolio_chg,"[0.346218, 0.352475)",0.34621808499999995,0.35247464500000003,0.20933035746111742,11,27.27272727272727
cash_pct_of_portfolio_chg,"[0.352475, 0.355182)",0.35247464500000003,0.355181905,0.21862218407904202,11,45.45454545454545
cash_pct_of_portfolio_chg,"[0.355182, 0.36955)",0.355181905,0.369549715,0.21936633757027477,12,33.33333333333333
cash_pct_of_portfolio_chg,"[0.36955, 0.381404)",0.369549715,0.381403665,0.21979875404847668,11,45.45454545454545
cash_pct_of_portfolio_chg,"[0.381404, 0.38882)",0.381403665,0.388820155,0.21979875404847668,11,27.27272727272727
cash_pct_of_portfolio_chg,"[0.38882, 0.39839)",0.388820155,0.39838963000000005,0.22078641938134086,12,33.33333333333333
cash_pct_of_portfolio_chg,"[0.39839, 0.407005)",0.39838963000000005,0.407005275,0.22354450221123048,11,36.36363636363637
cash_pct_of_portfolio_chg,"[0.407005, 0.419554)",0.407005275,0.41955405999999995,0.22490357655669413,11,54.54545454545454
cash_pct_of_portfolio_chg,"[0.419554, 0.435088)",0.41955405999999995,0.43508750500000004,0.22490357655669413,12,33.33333333333333
cash_pct_of_portfolio_chg,"[0.435088, 0.44521)",0.43508750500000004,0.4452104,0.22490357655669413,11,45.45454545454545
cash_pct_of_portfolio_chg,"[0.44521, 0.454794)",0.4452104,0.454793775,0.22490357655669413,11,18.181818181818183
cash_pct_of_portfolio_chg,"[0.454794, 0.465095)",0.454793775,0.465094805,0.22723473982827228,11,27.27272727272727
cash_pct_of_portfolio_chg,"[0.465095, 0.472563)",0.465094805,0.47256277,0.22762766060669676,12,50.0
cash_pct_of_portfolio_chg,"[0.472563, 0.493844)",0.47256277,0.49384421,0.22762766060669676,12,25.0
cash_pct_of_portfolio_chg,"[0.493844, 0.506859)",0.49384421,0.50685913,0.22993485687837648,12,33.33333333333333
cash_pct_of_portfolio_chg,"[0.506859, 0.525872)",0.50685913,0.525871705,0.23231579598744292,12,41.66666666666667
cash_pct_of_portfolio_chg,"[0.525872, 0.545219)",0.525871705,0.54521874,0.23510958100029175,12,25.0
cash_pct_of_portfolio_chg,"[0.545219, 0.566198)",0.54521874,0.566197905,0.23992917832096325,12,25.0
cash_pct_of_portfolio_chg,"[0.566198, 0.58175)",0.566197905,0.58175024,0.24766856674323465,12,50.0
cash_pct_of_portfolio_chg,"[0.58175, 0.60892)",0.58175024,0.60891991,0.24961398529505852,12,83.33333333333334
cash_pct_of_portfolio_chg,"[0.60892, 0.684099)",0.60891991,0.68409926,0.24961398529505852,12,50.0
cash_pct_of_portfolio_chg,"[0.684099, inf)",0.68409926,inf,0.25200442392507183,12,58.333333333333336
cash_pct_of_portfolio_chg,missing,,,-0.05686945136346563,1922,12.955254942767949
complaint_age_days,"[-inf, 0.5)",-inf,0.5,-0.011300241964111274,13022,13.20073721394563
complaint_age_days,"[0.5, 1.5)",0.5,1.5,-0.004371822737495277,11,9.090909090909092
complaint_age_days,"[1.5, 2.5)",1.5,2.5,0.021467104310017488,7,14.285714285714285
complaint_age_days,"[2.5, 3.5)",2.5,3.5,0.03739234665306431,9,33.33333333333333
complaint_age_days,"[3.5, 4.5)",3.5,4.5,0.049739865460508896,12,41.66666666666667
complaint_age_days,"[4.5, 5.5)",4.5,5.5,0.0531916009400247,9,33.33333333333333
complaint_age_days,"[5.5, 6.5)",5.5,6.5,0.056738059163538745,4,25.0
complaint_age_days,"[6.5, 7.5)",6.5,7.5,0.06523913654441042,8,50.0
complaint_age_days,"[7.5, 8.5)",7.5,8.5,0.07179743725622156,6,33.33333333333333
complaint_age_days,"[8.5, 9.5)",8.5,9.5,0.07585099489019448,6,33.33333333333333
complaint_age_days,"[9.5, 10.5)",9.5,10.5,0.0829276319618756,6,16.666666666666664
complaint_age_days,"[10.5, 11.5)",10.5,11.5,0.08718969217972902,11,18.181818181818183
complaint_age_days,"[11.5, 12.5)",11.5,12.5,0.09464650135848375,8,12.5
complaint_age_days,"[12.5, 13.5)",12.5,13.5,0.09840732160402492,10,50.0
complaint_age_days,"[13.5, 14.5)",13.5,14.5,0.10135966359006246,6,33.33333333333333
complaint_age_days,"[14.5, 15.5)",14.5,15.5,0.1075061710788526,3,33.33333333333333
complaint_age_days,"[15.5, 16.5)",15.5,16.5,0.11295179663087149,9,11.11111111111111
complaint_age_days,"[16.5, 17.5)",16.5,17.5,0.11766059866539558,10,20.0
complaint_age_days,"[17.5, 18.5)",17.5,18.5,0.12800688645008768,8,0.0
complaint_age_days,"[18.5, 19.5)",18.5,19.5,0.13926237755871193,5,60.0
complaint_age_days,"[19.5, 20.5)",19.5,20.5,0.14554632857439226,2,0.0
complaint_age_days,"[20.5, 21.5)",20.5,21.5,0.15018596777028662,7,28.57142857142857
complaint_age_days,"[21.5, 22.5)",21.5,22.5,0.15490461806078415,8,50.0
complaint_age_days,"[22.5, 23.5)",22.5,23.5,0.1620884561079724,9,22.22222222222222
complaint_age_days,"[23.5, 24.5)",23.5,24.5,0.16841648025892023,4,0.0
complaint_age_days,"[24.5, 25.5)",24.5,25.5,0.1735987031124885,2,50.0
complaint_age_days,"[25.5, 26.5)",25.5,26.5,0.18459846817584732,4,25.0
complaint_age_days,"[26.5, 27.5)",26.5,27.5,0.18878007778497102,4,0.0
complaint_age_days,"[27.5, 28.5)",27.5,28.5,0.19396195098374236,4,50.0
complaint_age_days,"[28.5, 29.5)",28.5,29.5,0.19802199597848805,4,0.0
complaint_age_days,"[29.5, 30.5)",29.5,30.5,0.2063293992844354,3,0.0
complaint_age_days,"[30.5, 31.5)",30.5,31.5,0.21157313143497797,3,0.0
complaint_age_days,"[31.5, 32.5)",31.5,32.5,0.21950809436758423,4,50.0
complaint_age_days,"[32.5, 33.5)",32.5,33.5,0.2256119530667354,5,20.0
complaint_age_days,"[33.5, 34.5)",33.5,34.5,0.23084107579140617,4,50.0
complaint_age_days,"[34.5, 35.5)",34.5,35.5,0.23606800760951596,5,40.0
complaint_age_days,"[35.5, 36.5)",35.5,36.5,0.24968448824141937,8,37.5
complaint_age_days,"[36.5, 37.5)",36.5,37.5,0.2534455787185312,7,14.285714285714285
complaint_age_days,"[37.5, 38.5)",37.5,38.5,0.26261434213347074,4,50.0
complaint_age_days,"[38.5, 40.5)",38.5,40.5,0.2726203907452427,3,33.33333333333333
complaint_age_days,"[40.5, 41.5)",40.5,41.5,0.282033257851774,2,50.0
complaint_age_days,"[41.5, 42.5)",41.5,42.5,0.28885357699178116,3,100.0
complaint_age_days,"[42.5, 43.5)",42.5,43.5,0.2947265249702868,5,20.0
complaint_age_days,"[43.5, 44.5)",43.5,44.5,0.30063294622133224,5,40.0
complaint_age_days,"[44.5, 45.5)",44.5,45.5,0.3070384845411619,3,66.66666666666666
complaint_age_days,"[45.5, 46.5)",45.5,46.5,0.31245340527225113,3,33.33333333333333
complaint_age_days,"[46.5, 47.5)",46.5,47.5,0.3168929792475064,3,66.66666666666666
complaint_age_days,"[47.5, 49)",47.5,49.0,0.3183406002582193,8,25.0
complaint_age_days,"[49, 51.5)",49.0,51.5,0.3257655054323597,3,33.33333333333333
complaint_age_days,"[51.5, 52.5)",51.5,52.5,0.3307979294716271,2,0.0
complaint_age_days,"[52.5, 53.5)",52.5,53.5,0.34037103148380987,2,0.0
complaint_age_days,"[53.5, 54.5)",53.5,54.5,0.3488304450784415,3,33.33333333333333
complaint_age_days,"[54.5, 56.5)",54.5,56.5,0.35834058337597063,4,0.0
complaint_age_days,"[56.5, 57.5)",56.5,57.5,0.36575433593025775,2,50.0
complaint_age_days,"[57.5, 59.5)",57.5,59.5,0.3683294898013461,3,0.0
complaint_age_days,"[59.5, 60.5)",59.5,60.5,0.375989015149213,3,0.0
complaint_age_days,"[60.5, 61.5)",60.5,61.5,0.3817675082668937,1,0.0
complaint_age_days,"[61.5, 63.5)",61.5,63.5,0.3932248138333578,2,0.0
complaint_age_days,"[63.5, 64.5)",63.5,64.5,0.39898350073442185,2,50.0
complaint_age_days,"[64.5, 65.5)",64.5,65.5,0.4033542206613142,3,66.66666666666666
complaint_age_days,"[65.5, 67.5)",65.5,67.5,0.40890016408669916,2,50.0
complaint_age_days,"[67.5, 70.5)",67.5,70.5,0.4139780831170102,3,0.0
complaint_age_days,"[70.5, 71.5)",70.5,71.5,0.42455396820754626,4,0.0
complaint_age_days,"[71.5, 72.5)",71.5,72.5,0.4311846756727063,3,66.66666666666666
complaint_age_days,"[72.5, 74.5)",72.5,74.5,0.4351823192899198,3,66.66666666666666
complaint_age_days,"[74.5, 76)",74.5,76.0,0.4414794130440967,3,33.33333333333333
complaint_age_days,"[76, 78.5)",76.0,78.5,0.4448531530253765,3,0.0
complaint_age_days,"[78.5, 81.5)",78.5,81.5,0.4534048112509195,4,25.0
complaint_age_days,"[81.5, 82.5)",81.5,82.5,0.46001441997799875,3,100.0
complaint_age_days,"[82.5, 85.5)",82.5,85.5,0.46260215795959303,2,0.0
complaint_age_days,"[85.5, 87)",85.5,87.0,0.4685864777925295,3,33.33333333333333
complaint_age_days,"[87, 89.5)",87.0,89.5,0.4735921240855558,3,33.33333333333333
complaint_age_days,"[89.5, 91.5)",89.5,91.5,0.4828527216256872,4,25.0
complaint_age_days,"[91.5, 93.5)",91.5,93.5,0.48753682962390354,3,0.0
complaint_age_days,"[93.5, 95.5)",93.5,95.5,0.49111013704886386,4,25.0
complaint_age_days,"[95.5, 97.5)",95.5,97.5,0.49826243106435625,2,50.0
complaint_age_days,"[97.5, 100)",97.5,100.0,0.5048280607261582,4,25.0
complaint_age_days,"[100, 101.5)",100.0,101.5,0.517163500381105,2,50.0
complaint_age_days,"[101.5, 102.5)",101.5,102.5,0.5233551252164966,3,0.0
complaint_age_days,"[102.5, 104.5)",102.5,104.5,0.5341570557442181,2,50.0
complaint_age_days,"[104.5, 107.5)",104.5,107.5,0.5397535636917387,3,0.0
complaint_age_days,"[107.5, 109.5)",107.5,109.5,0.5439693138883118,2,50.0
complaint_age_days,"[109.5, 111.5)",109.5,111.5,0.5587843827629535,2,100.0
complaint_age_days,"[111.5, 112.5)",111.5,112.5,0.5658997066458107,3,33.33333333333333
complaint_age_days,"[112.5, 115)",112.5,115.0,0.5764144943456568,3,66.66666666666666
complaint_age_days,"[115, 117.5)",115.0,117.5,0.5849433641372594,3,100.0
complaint_age_days,"[117.5, 125.5)",117.5,125.5,0.5902770267958082,3,66.66666666666666
complaint_age_days,"[125.5, 128)",125.5,128.0,0.6022948172503335,3,0.0
complaint_age_days,"[128, 129.5)",128.0,129.5,0.6068533734149839,2,50.0
complaint_age_days,"[129.5, 135)",129.5,135.0,0.6152569381402827,3,33.33333333333333
complaint_age_days,"[135, 140)",135.0,140.0,0.6259266815677085,2,0.0
complaint_age_days,"[140, 142)",140.0,142.0,0.637132124320252,2,50.0
complaint_age_days,"[142, 147)",142.0,147.0,0.650617148707738,3,33.33333333333333
complaint_age_days,"[147, 151.5)",147.0,151.5,0.6566179657187807,3,0.0
complaint_age_days,"[151.5, 157)",151.5,157.0,0.665967723897695,3,66.66666666666666
complaint_age_days,"[157, 161)",157.0,161.0,0.6724929354383498,2,100.0
complaint_age_days,"[161, 168.5)",161.0,168.5,0.6836592492474542,2,100.0
complaint_age_days,"[168.5, 171.5)",168.5,171.5,0.6905521960195948,3,66.66666666666666
complaint_age_days,"[171.5, 174.5)",171.5,174.5,0.6934882084512988,3,100.0
complaint_age_days,"[174.5, 183.5)",174.5,183.5,0.6974457850625004,3,0.0
complaint_age_days,"[183.5, 186.5)",183.5,186.5,0.7105377373195901,2,0.0
complaint_age_days,"[186.5, 189.5)",186.5,189.5,0.7190237900671972,2,50.0
complaint_age_days,"[189.5, 193.5)",189.5,193.5,0.7227044944508925,2,0.0
complaint_age_days,"[193.5, 196)",193.5,196.0,0.7285583231374297,3,33.33333333333333
complaint_age_days,"[196, 198)",196.0,198.0,0.742921377057895,2,50.0
complaint_age_days,"[198, 202)",198.0,202.0,0.7679258232310303,2,100.0
complaint_age_days,"[202, 205.5)",202.0,205.5,0.7758260766361061,2,100.0
complaint_age_days,"[205.5, 212)",205.5,212.0,0.7823087652614379,2,0.0
complaint_age_days,"[212, 222.5)",212.0,222.5,0.8012796410598884,2,50.0
complaint_age_days,"[222.5, 225)",222.5,225.0,0.8089873025300407,2,50.0
complaint_age_days,"[225, 229)",225.0,229.0,0.8148463296619718,1,100.0
complaint_age_days,"[229, 234)",229.0,234.0,0.8244785764380774,2,0.0
complaint_age_days,"[234, 241.5)",234.0,241.5,0.8414088813351307,2,100.0
complaint_age_days,"[241.5, 245.5)",241.5,245.5,0.850775696856696,2,50.0
complaint_age_days,"[245.5, 261.5)",245.5,261.5,0.8580011798372632,2,50.0
complaint_age_days,"[261.5, 287)",261.5,287.0,0.8692182864756179,2,50.0
complaint_age_days,"[287, 293.5)",287.0,293.5,0.889206670759782,2,50.0
complaint_age_days,"[293.5, 306)",293.5,306.0,0.8978008598634394,2,100.0
complaint_age_days,"[306, 322.5)",306.0,322.5,0.9039257421669279,2,100.0
complaint_age_days,"[322.5, 335.5)",322.5,335.5,0.908608660562369,2,100.0
complaint_age_days,"[335.5, inf)",335.5,inf,0.908608660562369,3,0.0
meetings_cancelled_by_client,"[-inf, 0.5)",-inf,0.5,-0.0062622664483548895,4020,12.686567164179104
meetings_cancelled_by_client,"[0.5, 1.5)",0.5,1.5,0.20838156194775379,969,21.981424148606813
meetings_cancelled_by_client,"[1.5, 2.5)",1.5,2.5,0.28377150549483604,187,22.459893048128343
meetings_cancelled_by_client,"[2.5, 3.5)",2.5,3.5,0.49197006350313766,53,47.16981132075472
meetings_cancelled_by_client,"[3.5, 4.5)",3.5,4.5,0.5248912369137838,11,18.181818181818183
meetings_cancelled_by_client,"[4.5, 5.5)",4.5,5.5,0.5920596293115763,8,37.5
meetings_cancelled_by_client,"[5.5, 6.5)",5.5,6.5,0.6248206030712887,2,50.0
meetings_cancelled_by_client,"[6.5, 7.5)",6.5,7.5,0.646707918212571,4,0.0
meetings_cancelled_by_client,"[7.5, inf)",7.5,inf,1.0173974883253631,2,100.0
meetings_cancelled_by_client,missing,,,-0.03309854799348106,8226,13.044006807682957
positions_liquidated_pct,"[-inf, 0.00105057)",-inf,0.001050565,-0.03189496300234789,10083,12.615293067539424
positions_liquidated_pct,"[0.00105057, 0.00248771)",0.001050565,0.0024877149999999997,-0.031391715882012436,2,50.0
positions_liquidated_pct,"[0.00248771, 0.00384387)",0.0024877149999999997,0.00384387,-0.030942171723410395,2,0.0
positions_liquidated_pct,"[0.00384387, 0.0061269)",0.00384387,0.006126895,-0.029686923602636053,2,50.0
positions_liquidated_pct,"[0.0061269, 0.00645933)",0.006126895,0.006459325,-0.029439768709609095,2,50.0
positions_liquidated_pct,"[0.00645933, 0.00676527)",0.006459325,0.006765274999999999,-0.02790961857131451,2,0.0
positions_liquidated_pct,"[0.00676527, 0.0071477)",0.006765274999999999,0.0071477,-0.02790961857131451,2,50.0
positions_liquidated_pct,"[0.0071477, 0.00751923)",0.0071477,0.00751923,-0.02790961857131451,2,50.0
positions_liquidated_pct,"[0.00751923, 0.00830242)",0.00751923,0.008302420000000001,-0.027604224480932648,2,0.0
positions_liquidated_pct,"[0.00830242, 0.00878828)",0.008302420000000001,0.008788279999999999,-0.02682878683983582,2,50.0
positions_liquidated_pct,"[0.00878828, 0.00930656)",0.008788279999999999,0.00930656,-0.02682878683983582,2,0.0
positions_liquidated_pct,"[0.00930656, 0.00953935)",0.00930656,0.009539355,-0.026657393129501883,2,100.0
positions_liquidated_pct,"[0.00953935, 0.00977684)",0.009539355,0.009776845,-0.025646882646402466,2,50.0
positions_liquidated_pct,"[0.00977684, 0.00983929)",0.009776845,0.009839295,-0.025114242628424096,2,0.0
positions_liquidated_pct,"[0.00983929, 0.00987625)",0.009839295,0.00987625,-0.02471107667313003,2,0.0
positions_liquidated_pct,"[0.00987625, 0.00997444)",0.00987625,0.009974435,-0.02471107667313003,2,0.0
positions_liquidated_pct,"[0.00997444, 0.0101752)",0.009974435,0.01017521,-0.024074528380648927,2,0.0
positions_liquidated_pct,"[0.0101752, 0.0101916)",0.01017521,0.01019155,-0.023967058271640237,1,0.0
positions_liquidated_pct,"[0.0101916, 0.0102408)",0.01019155,0.01024085,-0.023967058271640237,1,0.0
positions_liquidated_pct,"[0.0102408, 0.0105124)",0.01024085,0.01051239,-0.02182051670694865,2,0.0
positions_liquidated_pct,"[0.0105124, 0.0105616)",0.01051239,0.010561635,-0.02133475752434065,1,0.0
positions_liquidated_pct,"[0.0105616, 0.0105864)",0.010561635,0.01058642,-0.020800735075030226,2,50.0
positions_liquidated_pct,"[0.0105864, 0.0106119)",0.01058642,0.010611905000000001,-0.020800735075030226,1,0.0
positions_liquidated_pct,"[0.0106119, 0.0107571)",0.010611905000000001,0.01075709,-0.018613821685767896,2,50.0
positions_liquidated_pct,"[0.0107571, 0.0107855)",0.01075709,0.01078547,-0.018541379571370416,1,0.0
positions_liquidated_pct,"[0.0107855, 0.010876)",0.01078547,0.010875965,-0.017286032533571933,2,0.0
positions_liquidated_pct,"[0.010876, 0.0109586)",0.010875965,0.010958619999999999,-0.017086937142961382,1,0.0
positions_liquidated_pct,"[0.0109586, 0.0111309)",0.010958619999999999,0.01113091,-0.01648306939329575,1,0.0
positions_liquidated_pct,"[0.0111309, 0.0112756)",0.01113091,0.01127558,-0.01648306939329575,2,0.0
positions_liquidated_pct,"[0.0112756, 0.0113358)",0.01127558,0.01133579,-0.01648306939329575,1,0.0
positions_liquidated_pct,"[0.0113358, 0.0114821)",0.01133579,0.011482085,-0.01606534060733656,2,50.0
positions_liquidated_pct,"[0.0114821, 0.0115952)",0.011482085,0.011595155,-0.015083752013534103,1,0.0
positions_liquidated_pct,"[0.0115952, 0.0116756)",0.011595155,0.011675645,-0.015083752013534103,2,0.0
positions_liquidated_pct,"[0.0116756, 0.0117182)",0.011675645,0.01171824,-0.01495820238800938,1,0.0
positions_liquidated_pct,"[0.0117182, 0.0118103)",0.01171824,0.011810250000000001,-0.01484437901361894,2,0.0
positions_liquidated_pct,"[0.0118103, 0.0118348)",0.011810250000000001,0.011834775,-0.014735837323929468,1,0.0
positions_liquidated_pct,"[0.0118348, 0.0119324)",0.011834775,0.01193239,-0.014735837323929468,2,0.0
positions_liquidated_pct,"[0.0119324, 0.0119795)",0.01193239,0.01197948,-0.014063200132142715,1,0.0
positions_liquidated_pct,"[0.0119795, 0.0119873)",0.01197948,0.011987335,-0.013103155453978258,1,0.0
positions_liquidated_pct,"[0.0119873, 0.0120428)",0.011987335,0.012042765,-0.013103155453978258,2,0.0
positions_liquidated_pct,"[0.0120428, 0.0120955)",0.012042765,0.012095459999999999,-0.012834513644956731,1,0.0
positions_liquidated_pct,"[0.0120955, 0.0123218)",0.012095459999999999,0.012321785,-0.012834513644956731,2,0.0
positions_liquidated_pct,"[0.0123218, 0.0123527)",0.012321785,0.01235275,-0.012489174982783364,1,0.0
positions_liquidated_pct,"[0.0123527, 0.0124206)",0.01235275,0.012420609999999999,-0.011524765192920143,2,0.0
positions_liquidated_pct,"[0.0124206, 0.0124538)",0.012420609999999999,0.012453800000000001,-0.0112892473708646,1,0.0
positions_liquidated_pct,"[0.0124538, 0.0124995)",0.012453800000000001,0.012499465000000001,-0.0112892473708646,2,0.0
positions_liquidated_pct,"[0.0124995, 0.0125352)",0.012499465000000001,0.01253516,-0.0112892473708646,1,0.0
positions_liquidated_pct,"[0.0125352, 0.0125815)",0.01253516,0.012581539999999999,-0.0112892473708646,1,0.0
positions_liquidated_pct,"[0.0125815, 0.0130092)",0.012581539999999999,0.013009185,-0.010936825044648237,2,0.0
positions_liquidated_pct,"[0.0130092, 0.0131149)",0.013009185,0.013114919999999999,-0.010075227887704333,1,0.0
positions_liquidated_pct,"[0.0131149, 0.0131925)",0.013114919999999999,0.013192545,-0.009450863448768354,2,0.0
positions_liquidated_pct,"[0.0131925, 0.0132367)",0.013192545,0.013236735,-0.009450863448768354,1,0.0
positions_liquidated_pct,"[0.0132367, 0.0133351)",0.013236735,0.01333508,-0.009450863448768354,2,0.0
positions_liquidated_pct,"[0.0133351, 0.0133551)",0.01333508,0.01335506,-0.009293487766330964,1,100.0
positions_liquidated_pct,"[0.0133551, 0.0134795)",0.01335506,0.01347952,-0.009293487766330964,2,0.0
positions_liquidated_pct,"[0.0134795, 0.0134994)",0.01347952,0.013499415,-0.0077498767567401065,1,0.0
positions_liquidated_pct,"[0.0134994, 0.0135035)",0.013499415,0.013503485,-0.0077498767567401065,1,0.0
positions_liquidated_pct,"[0.0135035, 0.0135296)",0.013503485,0.013529585,-0.0077498767567401065,2,0.0
positions_liquidated_pct,"[0.0135296, 0.0135503)",0.013529585,0.013550295,-0.005967357341826769,1,0.0
positions_liquidated_pct,"[0.0135503, 0.0136355)",0.013550295,0.013635495000000001,-0.005967357341826769,2,0.0
positions_liquidated_pct,"[0.0136355, 0.013692)",0.013635495000000001,0.013691995,-0.005241168683636747,1,0.0
positions_liquidated_pct,"[0.013692, 0.0137067)",0.013691995,0.013706745,-0.00423151531988034,2,0.0
positions_liquidated_pct,"[0.0137067, 0.0137333)",0.013706745,0.013733345000000001,-0.003899661812706873,1,0.0
positions_liquidated_pct,"[0.0137333, 0.0139587)",0.013733345000000001,0.013958660000000001,-0.003177455280592756,2,0.0
positions_liquidated_pct,"[0.0139587, 0.0140384)",0.013958660000000001,0.0140384,-0.003177455280592756,1,100.0
positions_liquidated_pct,"[0.0140384, 0.0140561)",0.0140384,0.014056095000000001,-0.0022365328420807136,1,100.0
positions_liquidated_pct,"[0.0140561, 0.0142608)",0.014056095000000001,0.01426084,-0.0022365328420807136,2,0.0
positions_liquidated_pct,"[0.0142608, 0.0142946)",0.01426084,0.01429464,-0.0018336475791999802,1,0.0
positions_liquidated_pct,"[0.0142946, 0.0145013)",0.01429464,0.014501275000000001,-0.0018336475791999802,2,0.0
positions_liquidated_pct,"[0.0145013, 0.0145313)",0.014501275000000001,0.014531325000000001,-0.0018336475791999802,1,0.0
positions_liquidated_pct,"[0.0145313, 0.0145756)",0.014531325000000001,0.014575649999999999,-0.0012698646078699877,2,0.0
positions_liquidated_pct,"[0.0145756, 0.0145787)",0.014575649999999999,0.014578725,-0.0012698646078699877,1,0.0
positions_liquidated_pct,"[0.0145787, 0.0145913)",0.014578725,0.014591284999999999,-0.0012698646078699877,2,50.0
positions_liquidated_pct,"[0.0145913, 0.0146165)",0.014591284999999999,0.01461654,-0.0012698646078699877,1,0.0
positions_liquidated_pct,"[0.0146165, 0.0146385)",0.01461654,0.014638479999999999,-0.0012698646078699877,1,0.0
positions_liquidated_pct,"[0.0146385, 0.0146918)",0.014638479999999999,0.014691815,-0.001041212404900879,2,0.0
positions_liquidated_pct,"[0.0146918, 0.0147052)",0.014691815,0.01470518,-0.00023998749849382705,1,0.0
positions_liquidated_pct,"[0.0147052, 0.0147421)",0.01470518,0.014742085,0.00039730421699303554,2,50.0
positions_liquidated_pct,"[0.0147421, 0.0147913)",0.014742085,0.01479133,0.001057791718529372,1,100.0
positions_liquidated_pct,"[0.0147913, 0.0148739)",0.01479133,0.014873885,0.002965329707775335,2,0.0
positions_liquidated_pct,"[0.0148739, 0.0149046)",0.014873885,0.014904625000000001,0.002965329707775335,1,100.0
positions_liquidated_pct,"[0.0149046, 0.0150071)",0.014904625000000001,0.015007115,0.002965329707775335,2,0.0
positions_liquidated_pct,"[0.0150071, 0.0150408)",0.015007115,0.01504079,0.002965329707775335,1,0.0
positions_liquidated_pct,"[0.0150408, 0.0150889)",0.01504079,0.01508887,0.002965329707775335,2,0.0
positions_liquidated_pct,"[0.0150889, 0.0151156)",0.01508887,0.015115635,0.0031840204213075575,1,100.0
positions_liquidated_pct,"[0.0151156, 0.0151366)",0.015115635,0.015136565000000001,0.004109836948716474,1,100.0
positions_liquidated_pct,"[0.0151366, 0.0152327)",0.015136565000000001,0.015232675,0.0048574174437694,2,0.0
positions_liquidated_pct,"[0.0152327, 0.0153645)",0.015232675,0.01536451,0.004995568000492031,1,100.0
positions_liquidated_pct,"[0.0153645, 0.0154789)",0.01536451,0.01547894,0.004995568000492031,2,0.0
positions_liquidated_pct,"[0.0154789, 0.015499)",0.01547894,0.015498995000000002,0.004995568000492031,1,0.0
positions_liquidated_pct,"[0.015499, 0.0155198)",0.015498995000000002,0.015519805000000001,0.004995568000492031,2,0.0
positions_liquidated_pct,"[0.0155198, 0.0155455)",0.015519805000000001,0.01554546,0.005114687216112751,1,0.0
positions_liquidated_pct,"[0.0155455, 0.0156575)",0.01554546,0.01565753,0.005985909831418674,2,50.0
positions_liquidated_pct,"[0.0156575, 0.0156642)",0.01565753,0.01566423,0.007001804631365091,1,0.0
positions_liquidated_pct,"[0.0156642, 0.0157426)",0.01566423,0.01574259,0.008364125443599936,1,0.0
positions_liquidated_pct,"[0.0157426, 0.0158288)",0.01574259,0.01582881,0.008874046671569212,2,50.0
positions_liquidated_pct,"[0.0158288, 0.0158779)",0.01582881,0.015877885,0.009484066900383874,1,0.0
positions_liquidated_pct,"[0.0158779, 0.0160217)",0.015877885,0.01602174,0.009484066900383874,2,0.0
positions_liquidated_pct,"[0.0160217, 0.016047)",0.01602174,0.01604703,0.009946954830695513,1,0.0
positions_liquidated_pct,"[0.016047, 0.0161303)",0.01604703,0.016130255,0.010395809986934975,2,50.0
positions_liquidated_pct,"[0.0161303, 0.0161919)",0.016130255,0.01619186,0.010395809986934975,1,0.0
positions_liquidated_pct,"[0.0161919, 0.0162796)",0.01619186,0.01627955,0.011084401093896972,2,0.0
positions_liquidated_pct,"[0.0162796, 0.0163295)",0.01627955,0.016329485,0.011084401093896972,1,100.0
positions_liquidated_pct,"[0.0163295, 0.0163763)",0.016329485,0.016376275000000003,0.011553860568434868,1,0.0
positions_liquidated_pct,"[0.0163763, 0.0164567)",0.016376275000000003,0.01645667,0.013446849369629688,2,0.0
positions_liquidated_pct,"[0.0164567, 0.0165642)",0.01645667,0.01656419,0.013446849369629688,1,0.0
positions_liquidated_pct,"[0.0165642, 0.0166812)",0.01656419,0.01668119,0.014524715278813438,2,50.0
positions_liquidated_pct,"[0.0166812, 0.0167086)",0.01668119,0.016708624999999998,0.014524715278813438,1,0.0
positions_liquidated_pct,"[0.0167086, 0.0167617)",0.016708624999999998,0.016761675,0.015488341059988227,2,0.0
positions_liquidated_pct,"[0.0167617, 0.0168388)",0.016761675,0.016838825,0.015488341059988227,1,0.0
positions_liquidated_pct,"[0.0168388, 0.0169546)",0.016838825,0.016954625,0.015488341059988227,2,0.0
positions_liquidated_pct,"[0.0169546, 0.0169618)",0.016954625,0.01696179,0.016557111258063667,1,0.0
positions_liquidated_pct,"[0.0169618, 0.0169692)",0.01696179,0.016969185,0.016557111258063667,1,0.0
positions_liquidated_pct,"[0.0169692, 0.0170067)",0.016969185,0.017006715,0.016652370003825547,2,0.0
positions_liquidated_pct,"[0.0170067, 0.0170302)",0.017006715,0.017030245,0.017412044424939276,1,100.0
positions_liquidated_pct,"[0.0170302, 0.0170521)",0.017030245,0.01705212,0.01764107506064124,2,0.0
positions_liquidated_pct,"[0.0170521, 0.0170783)",0.01705212,0.017078275,0.01764107506064124,1,0.0
positions_liquidated_pct,"[0.0170783, 0.0171228)",0.017078275,0.017122755,0.01764107506064124,2,0.0
positions_liquidated_pct,"[0.0171228, 0.0171485)",0.017122755,0.017148459999999997,0.01830597635822049,1,0.0
positions_liquidated_pct,"[0.0171485, 0.0172153)",0.017148459999999997,0.017215345,0.018772386319206795,2,0.0
positions_liquidated_pct,"[0.0172153, 0.017279)",0.017215345,0.017279005,0.018958024763357364,1,0.0
positions_liquidated_pct,"[0.017279, 0.0173287)",0.017279005,0.017328734999999998,0.018958024763357364,1,0.0
positions_liquidated_pct,"[0.0173287, 0.017356)",0.017328734999999998,0.01735604,0.01915036993366931,2,0.0
positions_liquidated_pct,"[0.017356, 0.0173646)",0.01735604,0.017364595,0.020008878156762968,1,100.0
positions_liquidated_pct,"[0.0173646, 0.0173773)",0.017364595,0.0173773,0.020008878156762968,2,0.0
positions_liquidated_pct,"[0.0173773, 0.0174022)",0.0173773,0.017402155000000002,0.020920631672902385,1,0.0
positions_liquidated_pct,"[0.0174022, 0.0175134)",0.017402155000000002,0.017513420000000002,0.021405117741288254,2,50.0
positions_liquidated_pct,"[0.0175134, 0.0175571)",0.017513420000000002,0.017557135,0.021647158062186415,1,0.0
positions_liquidated_pct,"[0.0175571, 0.0176668)",0.017557135,0.017666809999999998,0.022189689088144567,2,50.0
positions_liquidated_pct,"[0.0176668, 0.0176806)",0.017666809999999998,0.01768062,0.023907140363012485,1,0.0
positions_liquidated_pct,"[0.0176806, 0.0177309)",0.01768062,0.017730855,0.024105796653865585,1,0.0
positions_liquidated_pct,"[0.0177309, 0.0177925)",0.017730855,0.01779251,0.025562876138564356,2,0.0
positions_liquidated_pct,"[0.0177925, 0.0178202)",0.01779251,0.017820225000000002,0.025562876138564356,1,0.0
positions_liquidated_pct,"[0.0178202, 0.0178721)",0.017820225000000002,0.017872054999999998,0.025562876138564356,2,50.0
positions_liquidated_pct,"[0.0178721, 0.0179141)",0.017872054999999998,0.017914134999999998,0.026488082963625495,1,100.0
positions_liquidated_pct,"[0.0179141, 0.01802)",0.017914134999999998,0.018019975,0.027222080922802257,2,0.0
positions_liquidated_pct,"[0.01802, 0.0180524)",0.018019975,0.018052415,0.028149544078668886,1,0.0
positions_liquidated_pct,"[0.0180524, 0.0181428)",0.018052415,0.01814282,0.02845822254090634,2,0.0
positions_liquidated_pct,"[0.0181428, 0.0182573)",0.01814282,0.018257255,0.02845822254090634,1,0.0
positions_liquidated_pct,"[0.0182573, 0.0185025)",0.018257255,0.018502485,0.028671593116765277,2,0.0
positions_liquidated_pct,"[0.0185025, 0.018599)",0.018502485,0.01859903,0.02952433059526351,1,0.0
positions_liquidated_pct,"[0.018599, 0.0186685)",0.01859903,0.01866847,0.029672645485899287,1,100.0
positions_liquidated_pct,"[0.0186685, 0.0187353)",0.01866847,0.018735295,0.029672645485899287,2,50.0
positions_liquidated_pct,"[0.0187353, 0.0188059)",0.018735295,0.0188059,0.029779011767385476,1,0.0
positions_liquidated_pct,"[0.0188059, 0.0189529)",0.0188059,0.0189529,0.02987131948496921,2,0.0
positions_liquidated_pct,"[0.0189529, 0.0189765)",0.0189529,0.018976510000000002,0.02987131948496921,1,0.0
positions_liquidated_pct,"[0.0189765, 0.0190223)",0.018976510000000002,0.019022325,0.03194376585185497,2,0.0
positions_liquidated_pct,"[0.0190223, 0.0190373)",0.019022325,0.01903726,0.03194376585185497,1,0.0
positions_liquidated_pct,"[0.0190373, 0.0190899)",0.01903726,0.019089870000000002,0.03267336832033409,2,100.0
positions_liquidated_pct,"[0.0190899, 0.0191954)",0.019089870000000002,0.019195445,0.03267336832033409,1,0.0
positions_liquidated_pct,"[0.0191954, 0.0193133)",0.019195445,0.01931329,0.033010875243157656,1,0.0
positions_liquidated_pct,"[0.0193133, 0.0194824)",0.01931329,0.019482395,0.033490174394353256,2,50.0
positions_liquidated_pct,"[0.0194824, 0.0195544)",0.019482395,0.01955437,0.03410316019252375,1,0.0
positions_liquidated_pct,"[0.0195544, 0.0195665)",0.01955437,0.019566504999999998,0.0342478018178049,2,0.0
positions_liquidated_pct,"[0.0195665, 0.0196093)",0.019566504999999998,0.01960929,0.03476836315857116,1,100.0
positions_liquidated_pct,"[0.0196093, 0.0197313)",0.01960929,0.019731270000000002,0.03476836315857116,2,50.0
positions_liquidated_pct,"[0.0197313, 0.0197492)",0.019731270000000002,0.019749165,0.03496824168750089,1,0.0
positions_liquidated_pct,"[0.0197492, 0.0198509)",0.019749165,0.019850925,0.03496824168750089,2,50.0
positions_liquidated_pct,"[0.0198509, 0.0199139)",0.019850925,0.019913905,0.0352352785817032,1,0.0
positions_liquidated_pct,"[0.0199139, 0.0199239)",0.019913905,0.019923875,0.03556697472092285,1,0.0
positions_liquidated_pct,"[0.0199239, 0.0200893)",0.019923875,0.020089255,0.03635251992164844,2,50.0
positions_liquidated_pct,"[0.0200893, 0.0201746)",0.020089255,0.02017461,0.03697782390219159,1,0.0
positions_liquidated_pct,"[0.0201746, 0.0202762)",0.02017461,0.02027622,0.03713928096561163,2,0.0
positions_liquidated_pct,"[0.0202762, 0.0202966)",0.02027622,0.020296559999999998,0.03782271639429407,1,0.0
positions_liquidated_pct,"[0.0202966, 0.0203526)",0.020296559999999998,0.020352645,0.03889394682445996,2,50.0
positions_liquidated_pct,"[0.0203526, 0.0203794)",0.020352645,0.020379389999999997,0.04134587637659519,1,0.0
positions_liquidated_pct,"[0.0203794, 0.0204391)",0.020379389999999997,0.02043914,0.04272378871088177,2,50.0
positions_liquidated_pct,"[0.0204391, 0.0204777)",0.02043914,0.0204777,0.04334551596311117,1,0.0
positions_liquidated_pct,"[0.0204777, 0.0204987)",0.0204777,0.020498695,0.04334551596311117,1,0.0
positions_liquidated_pct,"[0.0204987, 0.0206577)",0.020498695,0.020657675,0.04391554454671781,2,0.0
positions_liquidated_pct,"[0.0206577, 0.0207074)",0.020657675,0.02070741,0.04400401331429186,1,0.0
positions_liquidated_pct,"[0.0207074, 0.0207481)",0.02070741,0.02074809,0.04472238841853432,2,50.0
positions_liquidated_pct,"[0.0207481, 0.020771)",0.02074809,0.02077102,0.04472238841853432,1,0.0
positions_liquidated_pct,"[0.020771, 0.0208079)",0.02077102,0.020807895,0.04497761958703751,2,0.0
positions_liquidated_pct,"[0.0208079, 0.0208332)",0.020807895,0.020833240000000003,0.04543485315990818,1,0.0
positions_liquidated_pct,"[0.0208332, 0.0210478)",0.020833240000000003,0.02104785,0.04543485315990818,2,50.0
positions_liquidated_pct,"[0.0210478, 0.0211072)",0.02104785,0.02110721,0.04543485315990818,1,100.0
positions_liquidated_pct,"[0.0211072, 0.021138)",0.02110721,0.02113801,0.04568646483603963,1,0.0
positions_liquidated_pct,"[0.021138, 0.0213074)",0.02113801,0.021307375,0.04568646483603963,2,0.0
positions_liquidated_pct,"[0.0213074, 0.0213715)",0.021307375,0.021371495,0.04568646483603963,1,0.0
positions_liquidated_pct,"[0.0213715, 0.0214073)",0.021371495,0.02140727,0.04661634220943296,2,0.0
positions_liquidated_pct,"[0.0214073, 0.021431)",0.02140727,0.021430980000000002,0.04683390966476693,1,0.0
positions_liquidated_pct,"[0.021431, 0.0214576)",0.021430980000000002,0.021457610000000002,0.04697418999432932,2,50.0
positions_liquidated_pct,"[0.0214576, 0.021481)",0.021457610000000002,0.021481025,0.048813615122544,1,0.0
positions_liquidated_pct,"[0.021481, 0.0216501)",0.021481025,0.0216501,0.048813615122544,2,50.0
positions_liquidated_pct,"[0.0216501, 0.0216954)",0.0216501,0.021695445,0.04997161799585438,1,0.0
positions_liquidated_pct,"[0.0216954, 0.0217411)",0.021695445,0.021741095000000002,0.04997161799585438,2,50.0
positions_liquidated_pct,"[0.0217411, 0.0217451)",0.021741095000000002,0.021745095,0.050977839410266124,1,0.0
positions_liquidated_pct,"[0.0217451, 0.021794)",0.021745095,0.021794035,0.050977839410266124,1,0.0
positions_liquidated_pct,"[0.021794, 0.0219678)",0.021794035,0.021967755,0.05117404782854602,2,0.0
positions_liquidated_pct,"[0.0219678, 0.0220384)",0.021967755,0.02203836,0.05117404782854602,1,0.0
positions_liquidated_pct,"[0.0220384, 0.0220644)",0.02203836,0.022064359999999998,0.05117404782854602,2,0.0
positions_liquidated_pct,"[0.0220644, 0.0220994)",0.022064359999999998,0.022099399999999998,0.05161121207394987,1,0.0
positions_liquidated_pct,"[0.0220994, 0.022153)",0.022099399999999998,0.022153045,0.05170692368465271,2,0.0
positions_liquidated_pct,"[0.022153, 0.022194)",0.022153045,0.022193955,0.05185284593007867,1,0.0
positions_liquidated_pct,"[0.022194, 0.0222991)",0.022193955,0.022299094999999998,0.05285951178180199,2,0.0
positions_liquidated_pct,"[0.0222991, 0.0223252)",0.022299094999999998,0.022325165,0.05389820251881118,1,0.0
positions_liquidated_pct,"[0.0223252, 0.0224388)",0.022325165,0.022438785,0.05404113383405921,1,0.0
positions_liquidated_pct,"[0.0224388, 0.0225993)",0.022438785,0.022599334999999998,0.05452548861177162,2,50.0
positions_liquidated_pct,"[0.0225993, 0.0226331)",0.022599334999999998,0.022633109999999998,0.0547912888944987,1,0.0
positions_liquidated_pct,"[0.0226331, 0.0227137)",0.022633109999999998,0.022713685,0.0547912888944987,2,0.0
positions_liquidated_pct,"[0.0227137, 0.022765)",0.022713685,0.02276503,0.055409501364762075,1,0.0
positions_liquidated_pct,"[0.022765, 0.0229514)",0.02276503,0.02295142,0.055905256666322886,2,0.0
positions_liquidated_pct,"[0.0229514, 0.0230004)",0.02295142,0.02300038,0.056144268861133155,1,0.0
positions_liquidated_pct,"[0.0230004, 0.0230502)",0.02300038,0.023050170000000002,0.056617408510716866,2,0.0
positions_liquidated_pct,"[0.0230502, 0.0230727)",0.023050170000000002,0.023072694999999997,0.056617408510716866,1,0.0
positions_liquidated_pct,"[0.0230727, 0.023121)",0.023072694999999997,0.02312095,0.05695280445112327,1,0.0
positions_liquidated_pct,"[0.023121, 0.0233402)",0.02312095,0.023340225,0.057627737074264565,2,0.0
positions_liquidated_pct,"[0.0233402, 0.0234501)",0.023340225,0.023450085000000002,0.05867515226170476,1,0.0
positions_liquidated_pct,"[0.0234501, 0.0235771)",0.023450085000000002,0.023577085,0.0592568103771686,2,0.0
positions_liquidated_pct,"[0.0235771, 0.0236113)",0.023577085,0.023611255,0.059849687544922744,1,0.0
positions_liquidated_pct,"[0.0236113, 0.0236853)",0.023611255,0.023685285,0.06002268902534374,2,0.0
positions_liquidated_pct,"[0.0236853, 0.0237332)",0.023685285,0.02373317,0.060868413340187034,1,0.0
positions_liquidated_pct,"[0.0237332, 0.0237824)",0.02373317,0.023782440000000002,0.060868413340187034,2,100.0
positions_liquidated_pct,"[0.0237824, 0.0238226)",0.023782440000000002,0.023822595000000002,0.062083099941061023,1,0.0
positions_liquidated_pct,"[0.0238226, 0.0238702)",0.023822595000000002,0.023870235,0.06303420735532939,1,0.0
positions_liquidated_pct,"[0.0238702, 0.0239514)",0.023870235,0.023951425,0.06303420735532939,2,50.0
positions_liquidated_pct,"[0.0239514, 0.0239624)",0.023951425,0.023962425,0.06303420735532939,1,0.0
positions_liquidated_pct,"[0.0239624, 0.0240578)",0.023962425,0.024057815,0.06303420735532939,2,0.0
positions_liquidated_pct,"[0.0240578, 0.0241554)",0.024057815,0.0241554,0.06336992955925334,1,0.0
positions_liquidated_pct,"[0.0241554, 0.0242447)",0.0241554,0.024244725,0.06416914474390968,2,50.0
positions_liquidated_pct,"[0.0242447, 0.0242806)",0.024244725,0.024280580000000003,0.06468044593500859,1,0.0
positions_liquidated_pct,"[0.0242806, 0.0243724)",0.024280580000000003,0.024372360000000003,0.06559741796306329,2,50.0
positions_liquidated_pct,"[0.0243724, 0.0244292)",0.024372360000000003,0.024429205000000002,0.06559741796306329,1,0.0
positions_liquidated_pct,"[0.0244292, 0.0244529)",0.024429205000000002,0.024452929999999998,0.06587708996619784,1,0.0
positions_liquidated_pct,"[0.0244529, 0.0245778)",0.024452929999999998,0.0245778,0.06671543088046657,2,0.0
positions_liquidated_pct,"[0.0245778, 0.0246452)",0.0245778,0.024645235,0.06671543088046657,1,100.0
positions_liquidated_pct,"[0.0246452, 0.0248791)",0.024645235,0.02487906,0.06671543088046657,2,0.0
positions_liquidated_pct,"[0.0248791, 0.0249832)",0.02487906,0.024983224999999998,0.06691877730904747,1,0.0
positions_liquidated_pct,"[0.0249832, 0.0250179)",0.024983224999999998,0.02501786,0.06755369737654426,2,0.0
positions_liquidated_pct,"[0.0250179, 0.0250477)",0.02501786,0.025047720000000002,0.06755369737654426,1,100.0
positions_liquidated_pct,"[0.0250477, 0.0251455)",0.025047720000000002,0.02514553,0.06755369737654426,2,0.0
positions_liquidated_pct,"[0.0251455, 0.0251514)",0.02514553,0.025151405,0.06755369737654426,1,0.0
positions_liquidated_pct,"[0.0251514, 0.0251838)",0.025151405,0.02518376,0.068389920739121,1,0.0
positions_liquidated_pct,"[0.0251838, 0.0252483)",0.02518376,0.025248325000000002,0.06859567247154533,2,0.0
positions_liquidated_pct,"[0.0252483, 0.0253928)",0.025248325000000002,0.0253928,0.0688736282628344,1,0.0
positions_liquidated_pct,"[0.0253928, 0.0255785)",0.0253928,0.02557851,0.0688736282628344,2,50.0
positions_liquidated_pct,"[0.0255785, 0.0256823)",0.02557851,0.025682274999999997,0.0688736282628344,1,0.0
positions_liquidated_pct,"[0.0256823, 0.0258334)",0.025682274999999997,0.02583338,0.0688736282628344,2,0.0
positions_liquidated_pct,"[0.0258334, 0.0259463)",0.02583338,0.025946314999999998,0.06977529387042479,1,0.0
positions_liquidated_pct,"[0.0259463, 0.0260932)",0.025946314999999998,0.026093184999999998,0.06987000319937593,2,0.0
positions_liquidated_pct,"[0.0260932, 0.0261321)",0.026093184999999998,0.02613206,0.07001065551876877,1,0.0
positions_liquidated_pct,"[0.0261321, 0.0261692)",0.02613206,0.026169190000000002,0.07213654646686121,2,0.0
positions_liquidated_pct,"[0.0261692, 0.0262117)",0.026169190000000002,0.026211715,0.07245115902314272,1,0.0
positions_liquidated_pct,"[0.0262117, 0.0262475)",0.026211715,0.026247485,0.07245115902314272,1,0.0
positions_liquidated_pct,"[0.0262475, 0.0263556)",0.026247485,0.026355615,0.07289665979342592,2,0.0
positions_liquidated_pct,"[0.0263556, 0.0263725)",0.026355615,0.02637247,0.07289665979342592,1,0.0
positions_liquidated_pct,"[0.0263725, 0.0264813)",0.02637247,0.026481275,0.07304184552739815,2,50.0
positions_liquidated_pct,"[0.0264813, 0.0265362)",0.026481275,0.026536225,0.07335308371700708,1,0.0
positions_liquidated_pct,"[0.0265362, 0.0266336)",0.026536225,0.026633575,0.0752120655708458,2,50.0
positions_liquidated_pct,"[0.0266336, 0.026683)",0.026633575,0.026683020000000002,0.0752120655708458,1,100.0
positions_liquidated_pct,"[0.026683, 0.0267092)",0.026683020000000002,0.026709245,0.0752120655708458,2,0.0
positions_liquidated_pct,"[0.0267092, 0.0267201)",0.026709245,0.02672009,0.07594167532324386,1,0.0
positions_liquidated_pct,"[0.0267201, 0.0267536)",0.02672009,0.026753565,0.07651357871776768,1,0.0
positions_liquidated_pct,"[0.0267536, 0.0268425)",0.026753565,0.026842480000000002,0.07651357871776768,2,50.0
positions_liquidated_pct,"[0.0268425, 0.0268653)",0.026842480000000002,0.02686525,0.07651357871776768,1,0.0
positions_liquidated_pct,"[0.0268653, 0.0269974)",0.02686525,0.026997365000000002,0.07735710219481139,2,50.0
positions_liquidated_pct,"[0.0269974, 0.0271795)",0.026997365000000002,0.02717953,0.07750188004057691,1,0.0
positions_liquidated_pct,"[0.0271795, 0.0273912)",0.02717953,0.02739124,0.07750188004057691,2,50.0
positions_liquidated_pct,"[0.0273912, 0.0274209)",0.02739124,0.027420855,0.07750188004057691,1,0.0
positions_liquidated_pct,"[0.0274209, 0.027489)",0.027420855,0.027489,0.07778223573221686,2,0.0
positions_liquidated_pct,"[0.027489, 0.0275068)",0.027489,0.027506830000000003,0.07962176336837927,1,0.0
positions_liquidated_pct,"[0.0275068, 0.0275391)",0.027506830000000003,0.027539095,0.07962176336837927,1,0.0
positions_liquidated_pct,"[0.0275391, 0.0275918)",0.027539095,0.027591785,0.07962176336837927,2,0.0
positions_liquidated_pct,"[0.0275918, 0.0276154)",0.027591785,0.02761537,0.07962176336837927,1,0.0
positions_liquidated_pct,"[0.0276154, 0.0276854)",0.02761537,0.027685389999999997,0.07974066615962205,2,50.0
positions_liquidated_pct,"[0.0276854, 0.0276968)",0.027685389999999997,0.027696779999999997,0.07974066615962205,1,0.0
positions_liquidated_pct,"[0.0276968, 0.0277367)",0.027696779999999997,0.027736709999999998,0.08058587801096684,2,0.0
positions_liquidated_pct,"[0.0277367, 0.0277983)",0.027736709999999998,0.027798314999999997,0.08089119650717431,1,0.0
positions_liquidated_pct,"[0.0277983, 0.0278876)",0.027798314999999997,0.027887595,0.08202984242304742,2,0.0
positions_liquidated_pct,"[0.0278876, 0.0279224)",0.027887595,0.027922415,0.0834127565736087,1,100.0
positions_liquidated_pct,"[0.0279224, 0.0279875)",0.027922415,0.027987495,0.0834127565736087,1,0.0
positions_liquidated_pct,"[0.0279875, 0.0281384)",0.027987495,0.028138410000000003,0.08357198668716749,2,0.0
positions_liquidated_pct,"[0.0281384, 0.0281441)",0.028138410000000003,0.028144135,0.08391286170464059,1,0.0
positions_liquidated_pct,"[0.0281441, 0.0282243)",0.028144135,0.028224319999999997,0.08465334029628102,2,0.0
positions_liquidated_pct,"[0.0282243, 0.0282367)",0.028224319999999997,0.028236675,0.0847568236084054,1,0.0
positions_liquidated_pct,"[0.0282367, 0.0283098)",0.028236675,0.028309849999999998,0.0847568236084054,2,50.0
positions_liquidated_pct,"[0.0283098, 0.028329)",0.028309849999999998,0.028329045,0.0847568236084054,1,0.0
positions_liquidated_pct,"[0.028329, 0.0283778)",0.028329045,0.028377785000000003,0.0847568236084054,2,0.0
positions_liquidated_pct,"[0.0283778, 0.0284117)",0.028377785000000003,0.028411735,0.08511596880421049,1,0.0
positions_liquidated_pct,"[0.0284117, 0.028422)",0.028411735,0.02842196,0.08551258782342991,1,0.0
positions_liquidated_pct,"[0.028422, 0.0284506)",0.02842196,0.02845056,0.08551258782342991,2,0.0
positions_liquidated_pct,"[0.0284506, 0.0285444)",0.02845056,0.028544390000000003,0.08551258782342991,1,0.0
positions_liquidated_pct,"[0.0285444, 0.0286591)",0.028544390000000003,0.028659125,0.08565128024094837,2,0.0
positions_liquidated_pct,"[0.0286591, 0.0286922)",0.028659125,0.02869217,0.08598173630891506,1,100.0
positions_liquidated_pct,"[0.0286922, 0.0287762)",0.02869217,0.02877617,0.08598173630891506,2,100.0
positions_liquidated_pct,"[0.0287762, 0.0287918)",0.02877617,0.02879181,0.08716077542157481,1,0.0
positions_liquidated_pct,"[0.0287918, 0.0288841)",0.02879181,0.028884109999999998,0.08814800901689634,2,0.0
positions_liquidated_pct,"[0.0288841, 0.0290321)",0.028884109999999998,0.02903209,0.08854101827458814,1,0.0
positions_liquidated_pct,"[0.0290321, 0.0291781)",0.02903209,0.02917815,0.08854101827458814,2,0.0
positions_liquidated_pct,"[0.0291781, 0.0292375)",0.02917815,0.029237545,0.08913413265159947,1,0.0
positions_liquidated_pct,"[0.0292375, 0.0292968)",0.029237545,0.029296835,0.09069012839109901,1,0.0
positions_liquidated_pct,"[0.0292968, 0.0293546)",0.029296835,0.029354619999999998,0.09169822888050427,2,0.0
positions_liquidated_pct,"[0.0293546, 0.0294052)",0.029354619999999998,0.02940521,0.09169822888050427,1,0.0
positions_liquidated_pct,"[0.0294052, 0.0294846)",0.02940521,0.029484645,0.09263255875652938,2,0.0
positions_liquidated_pct,"[0.0294846, 0.0295371)",0.029484645,0.029537115000000003,0.09263255875652938,1,100.0
positions_liquidated_pct,"[0.0295371, 0.0296302)",0.029537115000000003,0.02963023,0.09263255875652938,2,0.0
positions_liquidated_pct,"[0.0296302, 0.0297227)",0.02963023,0.029722655,0.09309400610863938,1,0.0
positions_liquidated_pct,"[0.0297227, 0.0298342)",0.029722655,0.029834245000000002,0.09336246092242045,2,0.0
positions_liquidated_pct,"[0.0298342, 0.0299194)",0.029834245000000002,0.029919414999999998,0.09450576451570183,1,0.0
positions_liquidated_pct,"[0.0299194, 0.0299798)",0.029919414999999998,0.0299798,0.0947736960723456,1,0.0
positions_liquidated_pct,"[0.0299798, 0.0300212)",0.0299798,0.030021225,0.0947736960723456,2,0.0
positions_liquidated_pct,"[0.0300212, 0.0300638)",0.030021225,0.03006383,0.09508566832295656,1,0.0
positions_liquidated_pct,"[0.0300638, 0.0302189)",0.03006383,0.030218865,0.09542166161809384,2,0.0
positions_liquidated_pct,"[0.0302189, 0.0302565)",0.030218865,0.0302565,0.09574467104023893,1,0.0
positions_liquidated_pct,"[0.0302565, 0.0303111)",0.0302565,0.030311125,0.09574467104023893,2,0.0
positions_liquidated_pct,"[0.0303111, 0.0303711)",0.030311125,0.030371139999999998,0.09625079566154272,1,0.0
positions_liquidated_pct,"[0.0303711, 0.0304517)",0.030371139999999998,0.030451739999999998,0.09873569030692345,2,0.0
positions_liquidated_pct,"[0.0304517, 0.0305144)",0.030451739999999998,0.030514415,0.09873569030692345,1,0.0
positions_liquidated_pct,"[0.0305144, 0.0305556)",0.030514415,0.030555645,0.09893239658368608,1,0.0
positions_liquidated_pct,"[0.0305556, 0.0306472)",0.030555645,0.03064718,0.09907005817541592,2,0.0
positions_liquidated_pct,"[0.0306472, 0.030689)",0.03064718,0.030688965,0.09923746472799098,1,0.0
positions_liquidated_pct,"[0.030689, 0.0307786)",0.030688965,0.030778550000000002,0.09923746472799098,2,0.0
positions_liquidated_pct,"[0.0307786, 0.0308186)",0.030778550000000002,0.030818635,0.09923746472799098,1,0.0
positions_liquidated_pct,"[0.0308186, 0.0308704)",0.030818635,0.030870420000000003,0.09993134829634001,2,0.0
positions_liquidated_pct,"[0.0308704, 0.0308756)",0.030870420000000003,0.030875575000000002,0.09993134829634001,1,100.0
positions_liquidated_pct,"[0.0308756, 0.0309366)",0.030875575000000002,0.0309366,0.10028341282083894,2,0.0
positions_liquidated_pct,"[0.0309366, 0.0310001)",0.0309366,0.031000055,0.10028341282083894,1,0.0
positions_liquidated_pct,"[0.0310001, 0.0310419)",0.031000055,0.031041905,0.1013064668543907,1,0.0
positions_liquidated_pct,"[0.0310419, 0.0310873)",0.031041905,0.031087325,0.1020346173511675,2,0.0
positions_liquidated_pct,"[0.0310873, 0.0311869)",0.031087325,0.031186924999999997,0.1020346173511675,1,0.0
positions_liquidated_pct,"[0.0311869, 0.0313187)",0.031186924999999997,0.03131872,0.10314266786854766,2,0.0
positions_liquidated_pct,"[0.0313187, 0.0313773)",0.03131872,0.031377260000000004,0.10385435395935622,1,0.0
positions_liquidated_pct,"[0.0313773, 0.0314273)",0.031377260000000004,0.03142729,0.10385435395935622,2,50.0
positions_liquidated_pct,"[0.0314273, 0.031478)",0.03142729,0.031477965,0.10413068827641885,1,0.0
positions_liquidated_pct,"[0.031478, 0.0315555)",0.031477965,0.03155547,0.10448454383348123,2,50.0
positions_liquidated_pct,"[0.0315555, 0.031577)",0.03155547,0.031576980000000004,0.10448454383348123,1,0.0
positions_liquidated_pct,"[0.031577, 0.031605)",0.031576980000000004,0.03160499,0.10606592471124207,1,0.0
positions_liquidated_pct,"[0.031605, 0.0317762)",0.03160499,0.031776164999999995,0.10722327915641927,2,0.0
positions_liquidated_pct,"[0.0317762, 0.0318526)",0.031776164999999995,0.03185258,0.1083093082219932,1,0.0
positions_liquidated_pct,"[0.0318526, 0.0320572)",0.03185258,0.03205721,0.10875551959933073,2,50.0
positions_liquidated_pct,"[0.0320572, 0.0321512)",0.03205721,0.03215115,0.10944980900445671,1,0.0
positions_liquidated_pct,"[0.0321512, 0.0323212)",0.03215115,0.032321205,0.10944980900445671,2,0.0
positions_liquidated_pct,"[0.0323212, 0.0324421)",0.032321205,0.032442084999999996,0.10944980900445671,1,0.0
positions_liquidated_pct,"[0.0324421, 0.0325642)",0.032442084999999996,0.03256416,0.10944980900445671,2,0.0
positions_liquidated_pct,"[0.0325642, 0.0325782)",0.03256416,0.03257815,0.11028336282892726,1,0.0
positions_liquidated_pct,"[0.0325782, 0.0326)",0.03257815,0.03259995,0.11385984840538955,1,0.0
positions_liquidated_pct,"[0.0326, 0.0326606)",0.03259995,0.032660629999999996,0.11406122574168624,2,0.0
positions_liquidated_pct,"[0.0326606, 0.0326973)",0.032660629999999996,0.03269727,0.11488490770604692,1,0.0
positions_liquidated_pct,"[0.0326973, 0.032734)",0.03269727,0.032733979999999996,0.11521998970561496,2,0.0
positions_liquidated_pct,"[0.032734, 0.0327398)",0.032733979999999996,0.032739775,0.11521998970561496,1,0.0
positions_liquidated_pct,"[0.0327398, 0.0327556)",0.032739775,0.03275561,0.11521998970561496,2,0.0
positions_liquidated_pct,"[0.0327556, 0.0327996)",0.03275561,0.03279957,0.11616861170769835,1,0.0
positions_liquidated_pct,"[0.0327996, 0.0329212)",0.03279957,0.032921235,0.1166490845764838,2,50.0
positions_liquidated_pct,"[0.0329212, 0.0329898)",0.032921235,0.032989754999999996,0.11812293849842527,1,0.0
positions_liquidated_pct,"[0.0329898, 0.0330853)",0.032989754999999996,0.033085295,0.11812293849842527,2,100.0
positions_liquidated_pct,"[0.0330853, 0.0331558)",0.033085295,0.033155815000000005,0.1196121210253565,1,0.0
positions_liquidated_pct,"[0.0331558, 0.0331881)",0.033155815000000005,0.03318812,0.1196121210253565,1,0.0
positions_liquidated_pct,"[0.0331881, 0.0332592)",0.03318812,0.033259205,0.12138198215723961,2,0.0
positions_liquidated_pct,"[0.0332592, 0.033295)",0.033259205,0.033294985,0.12138198215723961,1,0.0
positions_liquidated_pct,"[0.033295, 0.0335055)",0.033294985,0.033505515,0.12198157609480477,2,0.0
positions_liquidated_pct,"[0.0335055, 0.0335784)",0.033505515,0.033578385,0.12287521273236097,1,0.0
positions_liquidated_pct,"[0.0335784, 0.0336092)",0.033578385,0.033609164999999996,0.12287521273236097,2,0.0
positions_liquidated_pct,"[0.0336092, 0.0336672)",0.033609164999999996,0.03366722,0.12307032812039953,1,100.0
positions_liquidated_pct,"[0.0336672, 0.033784)",0.03366722,0.033783955000000004,0.12307032812039953,2,0.0
positions_liquidated_pct,"[0.033784, 0.033842)",0.033783955000000004,0.033841965,0.12307032812039953,1,0.0
positions_liquidated_pct,"[0.033842, 0.0339549)",0.033841965,0.033954885,0.12342719522521216,1,0.0
positions_liquidated_pct,"[0.0339549, 0.0341611)",0.033954885,0.03416113,0.12430847597920049,2,0.0
positions_liquidated_pct,"[0.0341611, 0.0341767)",0.03416113,0.034176664999999995,0.12430847597920049,1,0.0
positions_liquidated_pct,"[0.0341767, 0.034219)",0.034176664999999995,0.03421896,0.1249223883894706,2,50.0
positions_liquidated_pct,"[0.034219, 0.0342526)",0.03421896,0.034252615,0.1249223883894706,1,100.0
positions_liquidated_pct,"[0.0342526, 0.0342961)",0.034252615,0.03429612,0.12527358691039797,2,0.0
positions_liquidated_pct,"[0.0342961, 0.0343147)",0.03429612,0.034314675,0.12527358691039797,1,0.0
positions_liquidated_pct,"[0.0343147, 0.0344172)",0.034314675,0.034417174999999994,0.12585235985802995,2,0.0
positions_liquidated_pct,"[0.0344172, 0.0344312)",0.034417174999999994,0.03443125,0.1264725323961235,1,0.0
positions_liquidated_pct,"[0.0344312, 0.034498)",0.03443125,0.034498034999999996,0.12786411195124434,1,0.0
positions_liquidated_pct,"[0.034498, 0.0346056)",0.034498034999999996,0.034605625,0.12786411195124434,2,50.0
positions_liquidated_pct,"[0.0346056, 0.0346217)",0.034605625,0.03462168,0.12786411195124434,1,100.0
positions_liquidated_pct,"[0.0346217, 0.0346768)",0.03462168,0.034676830000000006,0.1284119784224128,2,0.0
positions_liquidated_pct,"[0.0346768, 0.0347278)",0.034676830000000006,0.03472778,0.12956198767289848,1,0.0
positions_liquidated_pct,"[0.0347278, 0.0347703)",0.03472778,0.034770295,0.1305874278816061,2,0.0
positions_liquidated_pct,"[0.0347703, 0.0348133)",0.034770295,0.03481326,0.13183834167192185,1,0.0
positions_liquidated_pct,"[0.0348133, 0.035026)",0.03481326,0.03502602,0.13237217324455894,2,0.0
positions_liquidated_pct,"[0.035026, 0.0350633)",0.03502602,0.03506334,0.1338353008723502,1,100.0
positions_liquidated_pct,"[0.0350633, 0.0351166)",0.03506334,0.035116645,0.1338353008723502,1,100.0
positions_liquidated_pct,"[0.0351166, 0.0351465)",0.035116645,0.035146545,0.13440573944737955,2,50.0
positions_liquidated_pct,"[0.0351465, 0.0351612)",0.035146545,0.03516117,0.13440573944737955,1,0.0
positions_liquidated_pct,"[0.0351612, 0.0351932)",0.03516117,0.035193169999999996,0.13662431104941167,2,0.0
positions_liquidated_pct,"[0.0351932, 0.0352542)",0.035193169999999996,0.035254154999999995,0.13662431104941167,1,0.0
positions_liquidated_pct,"[0.0352542, 0.0353459)",0.035254154999999995,0.03534586,0.13662431104941167,2,0.0
positions_liquidated_pct,"[0.0353459, 0.0354315)",0.03534586,0.035431485,0.13662431104941167,1,0.0
positions_liquidated_pct,"[0.0354315, 0.0354965)",0.035431485,0.035496495,0.13662431104941167,2,0.0
positions_liquidated_pct,"[0.0354965, 0.0355092)",0.035496495,0.035509244999999995,0.13662431104941167,1,0.0
positions_liquidated_pct,"[0.0355092, 0.0355427)",0.035509244999999995,0.03554272,0.13662431104941167,1,100.0
positions_liquidated_pct,"[0.0355427, 0.0357015)",0.03554272,0.035701460000000004,0.13662431104941167,2,0.0
positions_liquidated_pct,"[0.0357015, 0.0357174)",0.035701460000000004,0.035717435000000006,0.13662431104941167,1,0.0
positions_liquidated_pct,"[0.0357174, 0.035733)",0.035717435000000006,0.035732975,0.13662431104941167,2,0.0
positions_liquidated_pct,"[0.035733, 0.0357598)",0.035732975,0.035759815,0.13803278247817757,1,0.0
positions_liquidated_pct,"[0.0357598, 0.035797)",0.035759815,0.03579704,0.1410546274407985,2,0.0
positions_liquidated_pct,"[0.035797, 0.035858)",0.03579704,0.035857955,0.1410546274407985,1,0.0
positions_liquidated_pct,"[0.035858, 0.035923)",0.035857955,0.03592297,0.1410546274407985,2,50.0
positions_liquidated_pct,"[0.035923, 0.0359294)",0.03592297,0.035929405,0.141259139571517,1,0.0
positions_liquidated_pct,"[0.0359294, 0.035994)",0.035929405,0.035993965,0.141259139571517,2,0.0
positions_liquidated_pct,"[0.035994, 0.0360033)",0.035993965,0.036003255,0.141259139571517,1,0.0
positions_liquidated_pct,"[0.0360033, 0.0360281)",0.036003255,0.03602811,0.141771342702104,1,0.0
positions_liquidated_pct,"[0.0360281, 0.0360925)",0.03602811,0.036092455,0.14199663248583957,2,0.0
positions_liquidated_pct,"[0.0360925, 0.0361373)",0.036092455,0.03613733500000001,0.14199663248583957,1,0.0
positions_liquidated_pct,"[0.0361373, 0.0362146)",0.03613733500000001,0.036214615,0.14199663248583957,2,0.0
positions_liquidated_pct,"[0.0362146, 0.0362478)",0.036214615,0.036247755,0.14252243158757247,1,100.0
positions_liquidated_pct,"[0.0362478, 0.0363683)",0.036247755,0.036368325,0.1432947380120151,2,0.0
positions_liquidated_pct,"[0.0363683, 0.0365143)",0.036368325,0.036514265000000004,0.14358200011385966,1,0.0
positions_liquidated_pct,"[0.0365143, 0.0366515)",0.036514265000000004,0.03665148,0.1442577775742318,2,0.0
positions_liquidated_pct,"[0.0366515, 0.0366834)",0.03665148,0.036683444999999995,0.1442577775742318,1,0.0
positions_liquidated_pct,"[0.0366834, 0.036692)",0.036683444999999995,0.036691975,0.1463107204401368,1,0.0
positions_liquidated_pct,"[0.036692, 0.0367172)",0.036691975,0.03671725,0.14659526855047933,2,50.0
positions_liquidated_pct,"[0.0367172, 0.0367209)",0.03671725,0.036720885,0.14841730988992044,1,0.0
positions_liquidated_pct,"[0.0367209, 0.0367808)",0.036720885,0.03678077,0.14841730988992044,2,0.0
positions_liquidated_pct,"[0.0367808, 0.0367983)",0.03678077,0.03679829,0.14841730988992044,1,0.0
positions_liquidated_pct,"[0.0367983, 0.0368439)",0.03679829,0.036843915000000005,0.14902562894140794,2,0.0
positions_liquidated_pct,"[0.0368439, 0.0368628)",0.036843915000000005,0.036862795000000004,0.1507759717784814,1,0.0
positions_liquidated_pct,"[0.0368628, 0.0369449)",0.036862795000000004,0.036944939999999996,0.15101508450372222,2,0.0
positions_liquidated_pct,"[0.0369449, 0.0369627)",0.036944939999999996,0.036962735,0.15101508450372222,1,0.0
positions_liquidated_pct,"[0.0369627, 0.0370601)",0.036962735,0.0370601,0.15101508450372222,1,0.0
positions_liquidated_pct,"[0.0370601, 0.0372155)",0.0370601,0.037215504999999996,0.15101508450372222,2,100.0
positions_liquidated_pct,"[0.0372155, 0.0372648)",0.037215504999999996,0.03726484,0.15271733860510475,1,0.0
positions_liquidated_pct,"[0.0372648, 0.0372896)",0.03726484,0.03728961,0.15271733860510475,2,0.0
positions_liquidated_pct,"[0.0372896, 0.0373374)",0.03728961,0.037337445,0.15354539538400555,1,0.0
positions_liquidated_pct,"[0.0373374, 0.0374588)",0.037337445,0.03745877,0.15354539538400555,2,0.0
positions_liquidated_pct,"[0.0374588, 0.0375039)",0.03745877,0.0375039,0.15354539538400555,1,0.0
positions_liquidated_pct,"[0.0375039, 0.0378317)",0.0375039,0.037831680000000006,0.1539772804563001,2,0.0
positions_liquidated_pct,"[0.0378317, 0.0378489)",0.037831680000000006,0.037848935,0.1539772804563001,1,0.0
positions_liquidated_pct,"[0.0378489, 0.0378675)",0.037848935,0.03786754,0.15419732039420841,1,0.0
positions_liquidated_pct,"[0.0378675, 0.038113)",0.03786754,0.038113035,0.15419732039420841,2,0.0
positions_liquidated_pct,"[0.038113, 0.0381251)",0.038113035,0.03812514,0.15508499173741166,1,100.0
positions_liquidated_pct,"[0.0381251, 0.0382601)",0.03812514,0.03826009,0.1555513098118298,2,0.0
positions_liquidated_pct,"[0.0382601, 0.0382892)",0.03826009,0.038289205,0.15599407891952619,1,0.0
positions_liquidated_pct,"[0.0382892, 0.0383544)",0.038289205,0.038354355,0.15681978268892494,2,50.0
positions_liquidated_pct,"[0.0383544, 0.038382)",0.038354355,0.038382025,0.15761285148114432,1,0.0
positions_liquidated_pct,"[0.038382, 0.0384965)",0.038382025,0.038496535,0.1587047981704747,2,0.0
positions_liquidated_pct,"[0.0384965, 0.0385308)",0.038496535,0.038530835,0.15926205720163017,1,100.0
positions_liquidated_pct,"[0.0385308, 0.0385686)",0.038530835,0.038568580000000005,0.15966954658423718,1,100.0
positions_liquidated_pct,"[0.0385686, 0.0387381)",0.038568580000000005,0.03873812,0.16211821226481204,2,0.0
positions_liquidated_pct,"[0.0387381, 0.0388566)",0.03873812,0.038856550000000004,0.16211821226481204,1,0.0
positions_liquidated_pct,"[0.0388566, 0.0390369)",0.038856550000000004,0.03903691,0.16211821226481204,2,50.0
positions_liquidated_pct,"[0.0390369, 0.0390917)",0.03903691,0.039091705000000004,0.16255046886786476,1,100.0
positions_liquidated_pct,"[0.0390917, 0.0391446)",0.039091705000000004,0.039144635,0.16480852510250574,2,0.0
positions_liquidated_pct,"[0.0391446, 0.0392345)",0.039144635,0.03923446,0.16508869381471042,1,0.0
positions_liquidated_pct,"[0.0392345, 0.0396578)",0.03923446,0.039657794999999996,0.166997298514815,2,0.0
positions_liquidated_pct,"[0.0396578, 0.0397185)",0.039657794999999996,0.03971854,0.17129074003822126,1,0.0
positions_liquidated_pct,"[0.0397185, 0.0398177)",0.03971854,0.03981769,0.1716592433082313,1,0.0
positions_liquidated_pct,"[0.0398177, 0.0399474)",0.03981769,0.039947424999999995,0.17195565186226178,2,0.0
positions_liquidated_pct,"[0.0399474, 0.0399586)",0.039947424999999995,0.039958615,0.17252051487774805,1,0.0
positions_liquidated_pct,"[0.0399586, 0.0401764)",0.039958615,0.0401764,0.17358738236181892,2,0.0
positions_liquidated_pct,"[0.0401764, 0.0402381)",0.0401764,0.040238079999999996,0.17358738236181892,1,0.0
positions_liquidated_pct,"[0.0402381, 0.0404062)",0.040238079999999996,0.040406235,0.17358738236181892,2,0.0
positions_liquidated_pct,"[0.0404062, 0.0405326)",0.040406235,0.040532585,0.17642303156306433,1,0.0
positions_liquidated_pct,"[0.0405326, 0.0405965)",0.040532585,0.040596465,0.17642303156306433,2,50.0
positions_liquidated_pct,"[0.0405965, 0.0406529)",0.040596465,0.04065287,0.1766939971533161,1,0.0
positions_liquidated_pct,"[0.0406529, 0.0408055)",0.04065287,0.04080552,0.17702930826007277,2,100.0
positions_liquidated_pct,"[0.0408055, 0.0408603)",0.04080552,0.04086032,0.17753220372279754,1,0.0
positions_liquidated_pct,"[0.0408603, 0.0409291)",0.04086032,0.040929095,0.17769996357762816,1,0.0
positions_liquidated_pct,"[0.0409291, 0.0410372)",0.040929095,0.04103716,0.17848654723055002,2,0.0
positions_liquidated_pct,"[0.0410372, 0.0411324)",0.04103716,0.041132409999999994,0.17891825582209575,1,0.0
positions_liquidated_pct,"[0.0411324, 0.0412368)",0.041132409999999994,0.041236755,0.1791524807481456,2,0.0
positions_liquidated_pct,"[0.0412368, 0.0412564)",0.041236755,0.041256445,0.1798387208723138,1,0.0
positions_liquidated_pct,"[0.0412564, 0.041347)",0.041256445,0.041347049999999996,0.1810846219647384,2,0.0
positions_liquidated_pct,"[0.041347, 0.0413822)",0.041347049999999996,0.041382195,0.1810846219647384,1,0.0
positions_liquidated_pct,"[0.0413822, 0.0415123)",0.041382195,0.041512284999999996,0.18150175700415608,2,50.0
positions_liquidated_pct,"[0.0415123, 0.0415213)",0.041512284999999996,0.041521265,0.18150175700415608,1,0.0
positions_liquidated_pct,"[0.0415213, 0.0415327)",0.041521265,0.04153269,0.1824960668708871,1,0.0
positions_liquidated_pct,"[0.0415327, 0.0415556)",0.04153269,0.041555635,0.1824960668708871,2,50.0
positions_liquidated_pct,"[0.0415556, 0.041598)",0.041555635,0.041597975,0.1838880127341108,1,0.0
positions_liquidated_pct,"[0.041598, 0.0416868)",0.041597975,0.041686845,0.18423390429492686,2,0.0
positions_liquidated_pct,"[0.0416868, 0.0417769)",0.041686845,0.041776905,0.18474049626947645,1,0.0
positions_liquidated_pct,"[0.0417769, 0.0418719)",0.041776905,0.041871865,0.18492814400267682,2,0.0
positions_liquidated_pct,"[0.0418719, 0.0419021)",0.041871865,0.04190215,0.18492814400267682,1,100.0
positions_liquidated_pct,"[0.0419021, 0.0419422)",0.04190215,0.04194223,0.18514762543354024,2,0.0
positions_liquidated_pct,"[0.0419422, 0.0419578)",0.04194223,0.041957835,0.18514762543354024,1,100.0
positions_liquidated_pct,"[0.0419578, 0.0419773)",0.041957835,0.04197732,0.18541129981376664,1,100.0
positions_liquidated_pct,"[0.0419773, 0.0420075)",0.04197732,0.042007455,0.18631316631954015,2,0.0
positions_liquidated_pct,"[0.0420075, 0.0420133)",0.042007455,0.042013295,0.18631316631954015,1,0.0
positions_liquidated_pct,"[0.0420133, 0.042127)",0.042013295,0.042126995,0.18712606836173173,2,50.0
positions_liquidated_pct,"[0.042127, 0.0423207)",0.042126995,0.042320705,0.18712606836173173,1,0.0
positions_liquidated_pct,"[0.0423207, 0.0425007)",0.042320705,0.04250068,0.18712606836173173,2,0.0
positions_liquidated_pct,"[0.0425007, 0.0425346)",0.04250068,0.04253464,0.18712606836173173,1,0.0
positions_liquidated_pct,"[0.0425346, 0.0425847)",0.04253464,0.0425847,0.1883551239852712,2,0.0
positions_liquidated_pct,"[0.0425847, 0.0426322)",0.0425847,0.042632210000000004,0.19096130808013367,1,0.0
positions_liquidated_pct,"[0.0426322, 0.0426932)",0.042632210000000004,0.04269324,0.19096130808013367,1,0.0
positions_liquidated_pct,"[0.0426932, 0.0427559)",0.04269324,0.042755945000000004,0.19122775375263742,2,0.0
positions_liquidated_pct,"[0.0427559, 0.0427812)",0.042755945000000004,0.042781245,0.191987966578244,1,0.0
positions_liquidated_pct,"[0.0427812, 0.042825)",0.042781245,0.042825035,0.19377589695451242,2,0.0
positions_liquidated_pct,"[0.042825, 0.0428892)",0.042825035,0.042889225,0.19470471503221615,1,0.0
positions_liquidated_pct,"[0.0428892, 0.0430223)",0.042889225,0.043022334999999995,0.19572989650513078,2,50.0
positions_liquidated_pct,"[0.0430223, 0.0430628)",0.043022334999999995,0.0430628,0.19852783279480868,1,0.0
positions_liquidated_pct,"[0.0430628, 0.0432211)",0.0430628,0.043221140000000005,0.19852783279480868,2,0.0
positions_liquidated_pct,"[0.0432211, 0.0432424)",0.043221140000000005,0.04324237,0.19926157430228233,1,0.0
positions_liquidated_pct,"[0.0432424, 0.0432514)",0.04324237,0.043251395,0.19926157430228233,1,0.0
positions_liquidated_pct,"[0.0432514, 0.0434566)",0.043251395,0.04345661,0.19926157430228233,2,0.0
positions_liquidated_pct,"[0.0434566, 0.0435486)",0.04345661,0.04354864,0.20052350172806388,1,0.0
positions_liquidated_pct,"[0.0435486, 0.043625)",0.04354864,0.043625045,0.20212958583711194,2,50.0
positions_liquidated_pct,"[0.043625, 0.0436793)",0.043625045,0.04367933,0.20212958583711194,1,0.0
positions_liquidated_pct,"[0.0436793, 0.0437396)",0.04367933,0.043739625000000004,0.2029803399397138,2,0.0
positions_liquidated_pct,"[0.0437396, 0.0437563)",0.043739625000000004,0.04375632,0.20341060426250826,1,0.0
positions_liquidated_pct,"[0.0437563, 0.0438315)",0.04375632,0.043831515,0.2054992363003331,2,50.0
positions_liquidated_pct,"[0.0438315, 0.0438639)",0.043831515,0.043863865,0.20655637160062862,1,0.0
positions_liquidated_pct,"[0.0438639, 0.0439183)",0.043863865,0.04391831,0.20821053441413623,2,0.0
positions_liquidated_pct,"[0.0439183, 0.0439785)",0.04391831,0.04397846,0.208793164456795,1,0.0
positions_liquidated_pct,"[0.0439785, 0.044094)",0.04397846,0.044094030000000006,0.20912510662476697,1,100.0
positions_liquidated_pct,"[0.044094, 0.044257)",0.044094030000000006,0.044256955,0.20998980150608768,2,50.0
positions_liquidated_pct,"[0.044257, 0.0442877)",0.044256955,0.044287675,0.20998980150608768,1,0.0
positions_liquidated_pct,"[0.0442877, 0.0444176)",0.044287675,0.04441755,0.20998980150608768,2,0.0
positions_liquidated_pct,"[0.0444176, 0.04446)",0.04441755,0.044459979999999996,0.21130307598008327,1,0.0
positions_liquidated_pct,"[0.04446, 0.0445287)",0.044459979999999996,0.044528664999999995,0.2130099365215899,2,0.0
positions_liquidated_pct,"[0.0445287, 0.0445318)",0.044528664999999995,0.044531829999999994,0.2130099365215899,1,0.0
positions_liquidated_pct,"[0.0445318, 0.0446408)",0.044531829999999994,0.044640825,0.2137665604382269,2,0.0
positions_liquidated_pct,"[0.0446408, 0.0446869)",0.044640825,0.044686935,0.2137665604382269,1,0.0
positions_liquidated_pct,"[0.0446869, 0.0447285)",0.044686935,0.04472847,0.21502218280025914,1,0.0
positions_liquidated_pct,"[0.0447285, 0.0448145)",0.04472847,0.04481452,0.21502218280025914,2,0.0
positions_liquidated_pct,"[0.0448145, 0.0448613)",0.04481452,0.044861335,0.21576648315104724,1,0.0
positions_liquidated_pct,"[0.0448613, 0.0448994)",0.044861335,0.044899444999999996,0.2178960481997097,2,0.0
positions_liquidated_pct,"[0.0448994, 0.0449181)",0.044899444999999996,0.044918135,0.22093975853249515,1,100.0
positions_liquidated_pct,"[0.0449181, 0.0450483)",0.044918135,0.045048309999999994,0.22162789875396888,2,50.0
positions_liquidated_pct,"[0.0450483, 0.0451576)",0.045048309999999994,0.045157619999999996,0.22162789875396888,1,0.0
positions_liquidated_pct,"[0.0451576, 0.0451945)",0.045157619999999996,0.045194505,0.22162789875396888,2,0.0
positions_liquidated_pct,"[0.0451945, 0.0451966)",0.045194505,0.0451966,0.22162789875396888,1,0.0
positions_liquidated_pct,"[0.0451966, 0.0452009)",0.0451966,0.04520085,0.22233833673668382,1,100.0
positions_liquidated_pct,"[0.0452009, 0.0452926)",0.04520085,0.045292625,0.2238304957290677,2,0.0
positions_liquidated_pct,"[0.0452926, 0.0453808)",0.045292625,0.04538082,0.22449200509337092,1,0.0
positions_liquidated_pct,"[0.0453808, 0.0454379)",0.04538082,0.04543791,0.22449200509337092,2,50.0
positions_liquidated_pct,"[0.0454379, 0.0454459)",0.04543791,0.045445860000000005,0.22449200509337092,1,0.0
positions_liquidated_pct,"[0.0454459, 0.0455766)",0.045445860000000005,0.045576624999999996,0.22498416630564472,2,0.0
positions_liquidated_pct,"[0.0455766, 0.0456287)",0.045576624999999996,0.045628715,0.22498416630564472,1,0.0
positions_liquidated_pct,"[0.0456287, 0.0456757)",0.045628715,0.045675695,0.22567547470958238,2,0.0
positions_liquidated_pct,"[0.0456757, 0.0457059)",0.045675695,0.04570591,0.22567547470958238,1,0.0
positions_liquidated_pct,"[0.0457059, 0.0457188)",0.04570591,0.04571875,0.22567547470958238,1,0.0
positions_liquidated_pct,"[0.0457188, 0.0458416)",0.04571875,0.045841610000000005,0.2299420504545528,2,50.0
positions_liquidated_pct,"[0.0458416, 0.0458994)",0.045841610000000005,0.045899375,0.2299420504545528,1,0.0
positions_liquidated_pct,"[0.0458994, 0.0460316)",0.045899375,0.04603163,0.23019337785538002,2,0.0
positions_liquidated_pct,"[0.0460316, 0.0460876)",0.04603163,0.046087645,0.23019337785538002,1,0.0
positions_liquidated_pct,"[0.0460876, 0.046175)",0.046087645,0.046174965,0.23090393448109367,2,0.0
positions_liquidated_pct,"[0.046175, 0.0461899)",0.046174965,0.046189905,0.23090393448109367,1,0.0
positions_liquidated_pct,"[0.0461899, 0.0462736)",0.046189905,0.04627361,0.23090393448109367,2,0.0
positions_liquidated_pct,"[0.0462736, 0.0463627)",0.04627361,0.046362715,0.23110575019227364,1,0.0
positions_liquidated_pct,"[0.0463627, 0.0465038)",0.046362715,0.04650381,0.23110575019227364,1,0.0
positions_liquidated_pct,"[0.0465038, 0.0466051)",0.04650381,0.046605095,0.23206696932805992,2,0.0
positions_liquidated_pct,"[0.0466051, 0.0466343)",0.046605095,0.04663428,0.23267203990302546,1,0.0
positions_liquidated_pct,"[0.0466343, 0.046659)",0.04663428,0.046658994999999995,0.23325589449262632,2,0.0
positions_liquidated_pct,"[0.046659, 0.0466848)",0.046658994999999995,0.046684825,0.23496638279650556,1,0.0
positions_liquidated_pct,"[0.0466848, 0.0468826)",0.046684825,0.046882565,0.23604117334482447,2,0.0
positions_liquidated_pct,"[0.0468826, 0.0469438)",0.046882565,0.046943794999999996,0.23661909685497828,1,100.0
positions_liquidated_pct,"[0.0469438, 0.0469921)",0.046943794999999996,0.046992099999999995,0.23661909685497828,2,0.0
positions_liquidated_pct,"[0.0469921, 0.0470339)",0.046992099999999995,0.04703395,0.23661909685497828,1,0.0
positions_liquidated_pct,"[0.0470339, 0.0471045)",0.04703395,0.047104515,0.23783355931848735,2,0.0
positions_liquidated_pct,"[0.0471045, 0.0471825)",0.047104515,0.047182535,0.23783355931848735,1,0.0
positions_liquidated_pct,"[0.0471825, 0.0472663)",0.047182535,0.047266310000000006,0.23904450530872953,1,0.0
positions_liquidated_pct,"[0.0472663, 0.0472979)",0.047266310000000006,0.047297905,0.2401084974984121,1,0.0
positions_liquidated_pct,"[0.0472979, 0.0473318)",0.047297905,0.04733176,0.2423264979456194,1,0.0
positions_liquidated_pct,"[0.0473318, 0.0473663)",0.04733176,0.04736634,0.2436067709198279,1,0.0
positions_liquidated_pct,"[0.0473663, 0.0473915)",0.04736634,0.047391545,0.2436067709198279,1,0.0
positions_liquidated_pct,"[0.0473915, 0.0474325)",0.047391545,0.04743246,0.24505957989485255,1,0.0
positions_liquidated_pct,"[0.0474325, 0.0475312)",0.04743246,0.047531165,0.24732427500338142,1,0.0
positions_liquidated_pct,"[0.0475312, 0.0476405)",0.047531165,0.047640455,0.2476538888773469,1,0.0
positions_liquidated_pct,"[0.0476405, 0.0476903)",0.047640455,0.047690305,0.24854301487825797,1,0.0
positions_liquidated_pct,"[0.0476903, 0.0477374)",0.047690305,0.047737434999999995,0.24922156711891977,1,0.0
positions_liquidated_pct,"[0.0477374, 0.0478037)",0.047737434999999995,0.047803695,0.2499692133904081,1,0.0
positions_liquidated_pct,"[0.0478037, 0.0478981)",0.047803695,0.0478981,0.25036090035824243,1,0.0
positions_liquidated_pct,"[0.0478981, 0.0479803)",0.0478981,0.047980339999999996,0.25036090035824243,1,0.0
positions_liquidated_pct,"[0.0479803, 0.0480187)",0.047980339999999996,0.04801865499999999,0.25157287543021867,1,100.0
positions_liquidated_pct,"[0.0480187, 0.0480559)",0.04801865499999999,0.04805589,0.25259166985486,1,0.0
positions_liquidated_pct,"[0.0480559, 0.0480772)",0.04805589,0.04807724,0.25259166985486,1,0.0
positions_liquidated_pct,"[0.0480772, 0.0481162)",0.04807724,0.048116195,0.25259166985486,1,0.0
positions_liquidated_pct,"[0.0481162, 0.0481517)",0.048116195,0.04815166,0.25259166985486,1,0.0
positions_liquidated_pct,"[0.0481517, 0.0481551)",0.04815166,0.04815508,0.25259166985486,1,100.0
positions_liquidated_pct,"[0.0481551, 0.0481658)",0.04815508,0.048165849999999996,0.25259166985486,1,100.0
positions_liquidated_pct,"[0.0481658, 0.0481791)",0.048165849999999996,0.048179055,0.25439942545209426,1,0.0
positions_liquidated_pct,"[0.0481791, 0.048226)",0.048179055,0.048225965,0.2555590513041185,1,0.0
positions_liquidated_pct,"[0.048226, 0.0482862)",0.048225965,0.048286175,0.2555590513041185,1,100.0
positions_liquidated_pct,"[0.0482862, 0.0483924)",0.048286175,0.04839239,0.2582972056629514,1,0.0
positions_liquidated_pct,"[0.0483924, 0.0484955)",0.04839239,0.04849548,0.2582972056629514,1,0.0
positions_liquidated_pct,"[0.0484955, 0.0485323)",0.04849548,0.04853226,0.2601932980458354,1,0.0
positions_liquidated_pct,"[0.0485323, 0.0485559)",0.04853226,0.048555935,0.2601932980458354,1,0.0
positions_liquidated_pct,"[0.0485559, 0.0485792)",0.048555935,0.048579159999999996,0.2601932980458354,1,100.0
positions_liquidated_pct,"[0.0485792, 0.0486348)",0.048579159999999996,0.048634830000000004,0.2601932980458354,1,0.0
positions_liquidated_pct,"[0.0486348, 0.0486871)",0.048634830000000004,0.048687125,0.2601932980458354,1,0.0
positions_liquidated_pct,"[0.0486871, 0.0487231)",0.048687125,0.04872313,0.2618508811179208,1,0.0
positions_liquidated_pct,"[0.0487231, 0.0487926)",0.04872313,0.048792550000000004,0.2627262633127032,1,0.0
positions_liquidated_pct,"[0.0487926, 0.0489162)",0.048792550000000004,0.048916225,0.2627262633127032,1,0.0
positions_liquidated_pct,"[0.0489162, 0.049026)",0.048916225,0.049025965000000005,0.2635310451363073,1,0.0
positions_liquidated_pct,"[0.049026, 0.0491173)",0.049025965000000005,0.049117259999999996,0.2659235047169447,1,100.0
positions_liquidated_pct,"[0.0491173, 0.0491739)",0.049117259999999996,0.04917388,0.26621348462334304,1,0.0
positions_liquidated_pct,"[0.0491739, 0.0491923)",0.04917388,0.049192295,0.26712127516306144,1,0.0
positions_liquidated_pct,"[0.0491923, 0.0492661)",0.049192295,0.049266094999999996,0.26850763174900116,1,0.0
positions_liquidated_pct,"[0.0492661, 0.049364)",0.049266094999999996,0.049363989999999996,0.2695960240667334,1,0.0
positions_liquidated_pct,"[0.049364, 0.0494237)",0.049363989999999996,0.049423709999999996,0.27070110656427926,1,100.0
positions_liquidated_pct,"[0.0494237, 0.0495019)",0.049423709999999996,0.049501905,0.27124220247358494,2,100.0
positions_liquidated_pct,"[0.0495019, 0.0495255)",0.049501905,0.049525509999999995,0.2730273036141561,1,0.0
positions_liquidated_pct,"[0.0495255, 0.0496332)",0.049525509999999995,0.049633225,0.2730273036141561,2,50.0
positions_liquidated_pct,"[0.0496332, 0.0496736)",0.049633225,0.049673590000000004,0.2743907471662883,1,100.0
positions_liquidated_pct,"[0.0496736, 0.0497335)",0.049673590000000004,0.049733475,0.27497998683784164,2,0.0
positions_liquidated_pct,"[0.0497335, 0.0497506)",0.049733475,0.049750595,0.277192646540282,1,100.0
positions_liquidated_pct,"[0.0497506, 0.0498185)",0.049750595,0.049818455,0.277192646540282,2,0.0
positions_liquidated_pct,"[0.0498185, 0.049874)",0.049818455,0.049873955,0.2782988727885156,1,0.0
positions_liquidated_pct,"[0.049874, 0.0498915)",0.049873955,0.04989148,0.27900541444162713,1,0.0
positions_liquidated_pct,"[0.0498915, 0.0499617)",0.04989148,0.049961740000000004,0.27954907441231724,2,0.0
positions_liquidated_pct,"[0.0499617, 0.0499798)",0.049961740000000004,0.049979845,0.28057571262909276,1,100.0
positions_liquidated_pct,"[0.0499798, 0.0500245)",0.049979845,0.050024485,0.2815773848436448,2,0.0
positions_liquidated_pct,"[0.0500245, 0.0500642)",0.050024485,0.050064245,0.2819587069520389,1,0.0
positions_liquidated_pct,"[0.0500642, 0.0501378)",0.050064245,0.050137799999999996,0.2819587069520389,2,50.0
positions_liquidated_pct,"[0.0501378, 0.0501882)",0.050137799999999996,0.05018815,0.2819587069520389,1,0.0
positions_liquidated_pct,"[0.0501882, 0.0501968)",0.05018815,0.050196784999999994,0.28319595123822916,2,0.0
positions_liquidated_pct,"[0.0501968, 0.0501988)",0.050196784999999994,0.05019879,0.28319595123822916,1,0.0
positions_liquidated_pct,"[0.0501988, 0.0502416)",0.05019879,0.050241640000000004,0.2834882101000009,1,100.0
positions_liquidated_pct,"[0.0502416, 0.0502851)",0.050241640000000004,0.050285079999999996,0.2841548320979757,2,0.0
positions_liquidated_pct,"[0.0502851, 0.0504016)",0.050285079999999996,0.05040155,0.2841548320979757,1,0.0
positions_liquidated_pct,"[0.0504016, 0.0506597)",0.05040155,0.05065973,0.2841548320979757,2,0.0
positions_liquidated_pct,"[0.0506597, 0.0507196)",0.05065973,0.050719555,0.28473773190272744,1,100.0
positions_liquidated_pct,"[0.0507196, 0.0507681)",0.050719555,0.050768115,0.28633052732972625,2,50.0
positions_liquidated_pct,"[0.0507681, 0.0507917)",0.050768115,0.05079173,0.28633052732972625,1,0.0
positions_liquidated_pct,"[0.0507917, 0.0508216)",0.05079173,0.050821555000000004,0.2877343256288804,2,0.0
positions_liquidated_pct,"[0.0508216, 0.0508307)",0.050821555000000004,0.050830725,0.28999019352335287,1,0.0
positions_liquidated_pct,"[0.0508307, 0.0508442)",0.050830725,0.050844230000000004,0.29038013776904154,1,0.0
positions_liquidated_pct,"[0.0508442, 0.0510654)",0.050844230000000004,0.05106545,0.29038013776904154,2,0.0
positions_liquidated_pct,"[0.0510654, 0.0510863)",0.05106545,0.051086295000000004,0.29038013776904154,1,0.0
positions_liquidated_pct,"[0.0510863, 0.0513723)",0.051086295000000004,0.05137233,0.2907521611138089,2,0.0
positions_liquidated_pct,"[0.0513723, 0.0514715)",0.05137233,0.05147153,0.2924399508576423,1,0.0
positions_liquidated_pct,"[0.0514715, 0.0515375)",0.05147153,0.05153753,0.2935438977720622,2,50.0
positions_liquidated_pct,"[0.0515375, 0.0515937)",0.05153753,0.051593725,0.2935438977720622,1,0.0
positions_liquidated_pct,"[0.0515937, 0.0516563)",0.051593725,0.051656335,0.2956500820354218,2,0.0
positions_liquidated_pct,"[0.0516563, 0.0516757)",0.051656335,0.051675715,0.2956500820354218,1,0.0
positions_liquidated_pct,"[0.0516757, 0.0516933)",0.051675715,0.051693315000000004,0.29607757725549805,1,0.0
positions_liquidated_pct,"[0.0516933, 0.0517662)",0.051693315000000004,0.051766235,0.2977710761788857,2,0.0
positions_liquidated_pct,"[0.0517662, 0.0517793)",0.051766235,0.051779305,0.29861079474231794,1,0.0
positions_liquidated_pct,"[0.0517793, 0.0518678)",0.051779305,0.05186778,0.29889254849908575,2,0.0
positions_liquidated_pct,"[0.0518678, 0.0520182)",0.05186778,0.052018234999999996,0.3003325360379089,1,0.0
positions_liquidated_pct,"[0.0520182, 0.0521649)",0.052018234999999996,0.052164915,0.30096063936744527,2,100.0
positions_liquidated_pct,"[0.0521649, 0.0522251)",0.052164915,0.052225060000000004,0.30345187672191587,1,0.0
positions_liquidated_pct,"[0.0522251, 0.052276)",0.052225060000000004,0.052275970000000005,0.30345187672191587,2,0.0
positions_liquidated_pct,"[0.052276, 0.0522881)",0.052275970000000005,0.052288135,0.30377688700572175,1,0.0
positions_liquidated_pct,"[0.0522881, 0.0523017)",0.052288135,0.052301655,0.30436441420381033,1,0.0
positions_liquidated_pct,"[0.0523017, 0.0523424)",0.052301655,0.05234242,0.30436441420381033,2,0.0
positions_liquidated_pct,"[0.0523424, 0.052345)",0.05234242,0.052345039999999995,0.3066016252075382,1,0.0
positions_liquidated_pct,"[0.052345, 0.0524158)",0.052345039999999995,0.05241585,0.3066016252075382,2,50.0
positions_liquidated_pct,"[0.0524158, 0.0524725)",0.05241585,0.052472455,0.30820034534157487,1,0.0
positions_liquidated_pct,"[0.0524725, 0.0525111)",0.052472455,0.052511075000000004,0.30885593635548403,2,0.0
positions_liquidated_pct,"[0.0525111, 0.0525254)",0.052511075000000004,0.052525365000000004,0.30885593635548403,1,0.0
positions_liquidated_pct,"[0.0525254, 0.0526407)",0.052525365000000004,0.05264071,0.3104796710364004,2,0.0
positions_liquidated_pct,"[0.0526407, 0.052728)",0.05264071,0.052728015,0.3104796710364004,1,0.0
positions_liquidated_pct,"[0.052728, 0.052759)",0.052728015,0.052758954999999996,0.3109279213556019,2,50.0
positions_liquidated_pct,"[0.052759, 0.0528224)",0.052758954999999996,0.05282239,0.31240272698073307,1,0.0
positions_liquidated_pct,"[0.0528224, 0.0528949)",0.05282239,0.052894924999999995,0.31240272698073307,1,0.0
positions_liquidated_pct,"[0.0528949, 0.0529639)",0.052894924999999995,0.05296392,0.3127752716400951,2,0.0
positions_liquidated_pct,"[0.0529639, 0.0530364)",0.05296392,0.053036429999999996,0.3127752716400951,1,0.0
positions_liquidated_pct,"[0.0530364, 0.0530824)",0.053036429999999996,0.053082445,0.31485411436350935,2,50.0
positions_liquidated_pct,"[0.0530824, 0.0530834)",0.053082445,0.053083435,0.31485411436350935,1,100.0
positions_liquidated_pct,"[0.0530834, 0.0531217)",0.053083435,0.053121655000000004,0.31485411436350935,2,0.0
positions_liquidated_pct,"[0.0531217, 0.05318)",0.053121655000000004,0.053180035,0.31485411436350935,1,0.0
positions_liquidated_pct,"[0.05318, 0.0532686)",0.053180035,0.05326863,0.31485411436350935,2,50.0
positions_liquidated_pct,"[0.0532686, 0.0533382)",0.05326863,0.053338170000000004,0.3169221616857679,1,0.0
positions_liquidated_pct,"[0.0533382, 0.0533672)",0.053338170000000004,0.05336725,0.3169221616857679,1,100.0
positions_liquidated_pct,"[0.0533672, 0.0533887)",0.05336725,0.053388685,0.3169221616857679,2,50.0
positions_liquidated_pct,"[0.0533887, 0.0534063)",0.053388685,0.05340632,0.31960099737907616,1,0.0
positions_liquidated_pct,"[0.0534063, 0.0534873)",0.05340632,0.053487265000000006,0.3211808753232487,2,50.0
positions_liquidated_pct,"[0.0534873, 0.0535871)",0.053487265000000006,0.053587090000000004,0.3219769080993624,1,0.0
positions_liquidated_pct,"[0.0535871, 0.053724)",0.053587090000000004,0.053723995,0.3219769080993624,2,0.0
positions_liquidated_pct,"[0.053724, 0.0537641)",0.053723995,0.053764124999999996,0.3219769080993624,1,0.0
positions_liquidated_pct,"[0.0537641, 0.0538745)",0.053764124999999996,0.053874535,0.32235420825757055,2,0.0
positions_liquidated_pct,"[0.0538745, 0.0538914)",0.053874535,0.053891400000000006,0.32235420825757055,1,0.0
positions_liquidated_pct,"[0.0538914, 0.0539387)",0.053891400000000006,0.05393869,0.32235420825757055,1,0.0
positions_liquidated_pct,"[0.0539387, 0.0540109)",0.05393869,0.054010895,0.32304280871837077,2,50.0
positions_liquidated_pct,"[0.0540109, 0.0540268)",0.054010895,0.054026785,0.32345751408170376,1,100.0
positions_liquidated_pct,"[0.0540268, 0.0540687)",0.054026785,0.054068695,0.32538182117034936,2,0.0
positions_liquidated_pct,"[0.0540687, 0.0540921)",0.054068695,0.05409206,0.3280935968452307,1,0.0
positions_liquidated_pct,"[0.0540921, 0.0541505)",0.05409206,0.054150465,0.3280935968452307,2,0.0
positions_liquidated_pct,"[0.0541505, 0.0541923)",0.054150465,0.054192290000000004,0.3289557340309085,1,0.0
positions_liquidated_pct,"[0.0541923, 0.0542571)",0.054192290000000004,0.054257095,0.3299467254252442,2,0.0
positions_liquidated_pct,"[0.0542571, 0.0542727)",0.054257095,0.0542727,0.3328020685912605,1,0.0
positions_liquidated_pct,"[0.0542727, 0.0543053)",0.0542727,0.05430526,0.3353797090291935,1,0.0
positions_liquidated_pct,"[0.0543053, 0.0543951)",0.05430526,0.05439514,0.33578315426627486,2,0.0
positions_liquidated_pct,"[0.0543951, 0.0544175)",0.05439514,0.054417480000000004,0.33578315426627486,1,0.0
positions_liquidated_pct,"[0.0544175, 0.0544423)",0.054417480000000004,0.054442265000000004,0.336175925606814,2,0.0
positions_liquidated_pct,"[0.0544423, 0.0544518)",0.054442265000000004,0.054451824999999995,0.336175925606814,1,0.0
positions_liquidated_pct,"[0.0544518, 0.0544761)",0.054451824999999995,0.054476085,0.33727970279509484,2,50.0
positions_liquidated_pct,"[0.0544761, 0.0545045)",0.054476085,0.05450449,0.33941891544896347,1,0.0
positions_liquidated_pct,"[0.0545045, 0.0545326)",0.05450449,0.054532645,0.34042732071510734,2,0.0
positions_liquidated_pct,"[0.0545326, 0.0545735)",0.054532645,0.05457346,0.34042732071510734,1,0.0
positions_liquidated_pct,"[0.0545735, 0.0546159)",0.05457346,0.054615874999999994,0.34122427002504113,1,0.0
positions_liquidated_pct,"[0.0546159, 0.054663)",0.054615874999999994,0.054662995,0.34122427002504113,2,0.0
positions_liquidated_pct,"[0.054663, 0.0547071)",0.054662995,0.054707095,0.34275441517332567,1,0.0
positions_liquidated_pct,"[0.0547071, 0.0547568)",0.054707095,0.054756835000000004,0.3457352902955139,2,50.0
positions_liquidated_pct,"[0.0547568, 0.0547777)",0.054756835000000004,0.0547777,0.3457352902955139,1,100.0
positions_liquidated_pct,"[0.0547777, 0.0548073)",0.0547777,0.054807339999999996,0.34616405376548137,2,0.0
positions_liquidated_pct,"[0.0548073, 0.0548574)",0.054807339999999996,0.05485739,0.3509300462559739,1,0.0
positions_liquidated_pct,"[0.0548574, 0.0550163)",0.05485739,0.05501633,0.3509300462559739,2,50.0
positions_liquidated_pct,"[0.0550163, 0.0550229)",0.05501633,0.05502292,0.3537482726340054,1,0.0
positions_liquidated_pct,"[0.0550229, 0.0553737)",0.05502292,0.055373715000000004,0.35557014841186424,2,50.0
positions_liquidated_pct,"[0.0553737, 0.0554399)",0.055373715000000004,0.055439854999999996,0.35557014841186424,1,0.0
positions_liquidated_pct,"[0.0554399, 0.0554583)",0.055439854999999996,0.055458270000000004,0.3560912375124039,1,0.0
positions_liquidated_pct,"[0.0554583, 0.0554715)",0.055458270000000004,0.05547146,0.3576781762137079,2,50.0
positions_liquidated_pct,"[0.0554715, 0.0555264)",0.05547146,0.055526445,0.3589409370989133,1,0.0
positions_liquidated_pct,"[0.0555264, 0.0555996)",0.055526445,0.055599585,0.3589409370989133,2,0.0
positions_liquidated_pct,"[0.0555996, 0.0556274)",0.055599585,0.055627445,0.3589409370989133,1,0.0
positions_liquidated_pct,"[0.0556274, 0.0556694)",0.055627445,0.05566939,0.3589409370989133,2,50.0
positions_liquidated_pct,"[0.0556694, 0.0557055)",0.05566939,0.055705544999999995,0.3595682756372372,1,0.0
positions_liquidated_pct,"[0.0557055, 0.055805)",0.055705544999999995,0.055805005000000005,0.3595682756372372,2,50.0
positions_liquidated_pct,"[0.055805, 0.0558925)",0.055805005000000005,0.05589255,0.36075975453842574,1,0.0
positions_liquidated_pct,"[0.0558925, 0.0559713)",0.05589255,0.055971309999999996,0.3613438806575107,1,0.0
positions_liquidated_pct,"[0.0559713, 0.0561803)",0.055971309999999996,0.056180275,0.3624734998550397,2,0.0
positions_liquidated_pct,"[0.0561803, 0.0562529)",0.056180275,0.056252885,0.3624734998550397,1,0.0
positions_liquidated_pct,"[0.0562529, 0.0563862)",0.056252885,0.056386195,0.3628028011898648,2,100.0
positions_liquidated_pct,"[0.0563862, 0.0564594)",0.056386195,0.056459355,0.3647475481390168,1,0.0
positions_liquidated_pct,"[0.0564594, 0.0565406)",0.056459355,0.056540560000000004,0.3647475481390168,2,0.0
positions_liquidated_pct,"[0.0565406, 0.056612)",0.056540560000000004,0.056611995,0.3647475481390168,1,0.0
positions_liquidated_pct,"[0.056612, 0.056844)",0.056611995,0.05684399,0.3647475481390168,2,50.0
positions_liquidated_pct,"[0.056844, 0.0569616)",0.05684399,0.056961635,0.3647475481390168,1,100.0
positions_liquidated_pct,"[0.0569616, 0.0569878)",0.056961635,0.05698776,0.3663152612467943,1,0.0
positions_liquidated_pct,"[0.0569878, 0.0570968)",0.05698776,0.057096775,0.36782596991841204,2,0.0
positions_liquidated_pct,"[0.0570968, 0.0571522)",0.057096775,0.057152220000000004,0.36782596991841204,1,0.0
positions_liquidated_pct,"[0.0571522, 0.0571857)",0.057152220000000004,0.057185685,0.3721131082424369,2,50.0
positions_liquidated_pct,"[0.0571857, 0.0572174)",0.057185685,0.057217439999999994,0.37288606962406384,1,100.0
positions_liquidated_pct,"[0.0572174, 0.0572804)",0.057217439999999994,0.057280445,0.37358592010207314,2,0.0
positions_liquidated_pct,"[0.0572804, 0.0573316)",0.057280445,0.057331560000000004,0.37415863069186206,1,0.0
positions_liquidated_pct,"[0.0573316, 0.0573448)",0.057331560000000004,0.057344765,0.3761011590745278,2,0.0
positions_liquidated_pct,"[0.0573448, 0.0573946)",0.057344765,0.057394585,0.3761011590745278,1,0.0
positions_liquidated_pct,"[0.0573946, 0.0574674)",0.057394585,0.057467439999999995,0.37666434475969784,1,0.0
positions_liquidated_pct,"[0.0574674, 0.0575719)",0.057467439999999995,0.05757195,0.38139216863532166,2,0.0
positions_liquidated_pct,"[0.0575719, 0.05764)",0.05757195,0.05764001,0.38246111110837144,1,0.0
positions_liquidated_pct,"[0.05764, 0.0577045)",0.05764001,0.057704455,0.3850017931030088,2,0.0
positions_liquidated_pct,"[0.0577045, 0.0577826)",0.057704455,0.057782589999999995,0.3850017931030088,1,0.0
positions_liquidated_pct,"[0.0577826, 0.0579501)",0.057782589999999995,0.05795011,0.3855124391883357,2,0.0
positions_liquidated_pct,"[0.0579501, 0.0580381)",0.05795011,0.05803808,0.38680510483001723,1,0.0
positions_liquidated_pct,"[0.0580381, 0.0582351)",0.05803808,0.058235055,0.38680510483001723,2,0.0
positions_liquidated_pct,"[0.0582351, 0.0582807)",0.058235055,0.058280705,0.3882508811568996,1,0.0
positions_liquidated_pct,"[0.0582807, 0.0583449)",0.058280705,0.05834494,0.3882508811568996,1,0.0
positions_liquidated_pct,"[0.0583449, 0.0584368)",0.05834494,0.058436760000000004,0.3893380173999489,2,50.0
positions_liquidated_pct,"[0.0584368, 0.0585262)",0.058436760000000004,0.058526215,0.3910962396684414,1,100.0
positions_liquidated_pct,"[0.0585262, 0.0589115)",0.058526215,0.058911455,0.3910962396684414,2,0.0
positions_liquidated_pct,"[0.0589115, 0.0589178)",0.058911455,0.058917805000000004,0.3921535237462025,1,0.0
positions_liquidated_pct,"[0.0589178, 0.0590316)",0.058917805000000004,0.059031575,0.3956599014609863,2,0.0
positions_liquidated_pct,"[0.0590316, 0.0591184)",0.059031575,0.059118384999999996,0.39671438259449976,1,0.0
positions_liquidated_pct,"[0.0591184, 0.0592106)",0.059118384999999996,0.059210595000000005,0.39955493126868386,2,50.0
positions_liquidated_pct,"[0.0592106, 0.0592405)",0.059210595000000005,0.059240520000000005,0.3999121906018599,1,100.0
positions_liquidated_pct,"[0.0592405, 0.0592714)",0.059240520000000005,0.059271375,0.40393921294664586,1,0.0
positions_liquidated_pct,"[0.0592714, 0.0593877)",0.059271375,0.059387684999999996,0.40393921294664586,2,0.0
positions_liquidated_pct,"[0.0593877, 0.0595345)",0.059387684999999996,0.059534495,0.40726882413667537,1,0.0
positions_liquidated_pct,"[0.0595345, 0.0598992)",0.059534495,0.05989919,0.4091558547290155,2,100.0
positions_liquidated_pct,"[0.0598992, 0.0600727)",0.05989919,0.060072705000000004,0.4091558547290155,1,100.0
positions_liquidated_pct,"[0.0600727, 0.0602445)",0.060072705000000004,0.060244465,0.4128615118888561,2,100.0
positions_liquidated_pct,"[0.0602445, 0.0603)",0.060244465,0.060300015,0.41808771462769834,1,0.0
positions_liquidated_pct,"[0.0603, 0.0604486)",0.060300015,0.060448589999999996,0.41894588220164547,2,0.0
positions_liquidated_pct,"[0.0604486, 0.0604818)",0.060448589999999996,0.06048175,0.41894588220164547,1,0.0
positions_liquidated_pct,"[0.0604818, 0.0605782)",0.06048175,0.06057821,0.42111500483616976,2,50.0
positions_liquidated_pct,"[0.0605782, 0.0606931)",0.06057821,0.06069307,0.42111500483616976,1,0.0
positions_liquidated_pct,"[0.0606931, 0.0608244)",0.06069307,0.060824384999999995,0.42235457904413465,1,0.0
positions_liquidated_pct,"[0.0608244, 0.0609409)",0.060824384999999995,0.060940930000000004,0.42336503535267905,2,50.0
positions_liquidated_pct,"[0.0609409, 0.061117)",0.060940930000000004,0.061116964999999995,0.42336503535267905,1,0.0
positions_liquidated_pct,"[0.061117, 0.0612914)",0.061116964999999995,0.06129143,0.42336503535267905,2,50.0
positions_liquidated_pct,"[0.0612914, 0.0613738)",0.06129143,0.06137381,0.4249912806405478,1,0.0
positions_liquidated_pct,"[0.0613738, 0.0617302)",0.06137381,0.061730195,0.4279008673837119,2,50.0
positions_liquidated_pct,"[0.0617302, 0.0618951)",0.061730195,0.061895080000000005,0.4279008673837119,1,100.0
positions_liquidated_pct,"[0.0618951, 0.0622319)",0.061895080000000005,0.062231855,0.42903117345724073,2,0.0
positions_liquidated_pct,"[0.0622319, 0.0624406)",0.062231855,0.062440604999999996,0.43020648184895893,1,100.0
positions_liquidated_pct,"[0.0624406, 0.0626227)",0.062440604999999996,0.06262273,0.43321315845375186,1,100.0
positions_liquidated_pct,"[0.0626227, 0.0631439)",0.06262273,0.06314386,0.4346222957659959,2,0.0
positions_liquidated_pct,"[0.0631439, 0.0635426)",0.06314386,0.063542635,0.4352395418424043,1,100.0
positions_liquidated_pct,"[0.0635426, 0.064065)",0.063542635,0.064065025,0.435651549837775,2,50.0
positions_liquidated_pct,"[0.064065, 0.0641615)",0.064065025,0.06416149,0.435651549837775,1,0.0
positions_liquidated_pct,"[0.0641615, 0.0643714)",0.06416149,0.06437138,0.4370521170503388,2,100.0
positions_liquidated_pct,"[0.0643714, 0.0646228)",0.06437138,0.064622755,0.43775435237650934,1,0.0
positions_liquidated_pct,"[0.0646228, 0.0654219)",0.064622755,0.06542187,0.4387865273051196,2,0.0
positions_liquidated_pct,"[0.0654219, 0.065679)",0.06542187,0.06567898999999999,0.4387865273051196,1,0.0
positions_liquidated_pct,"[0.065679, 0.065752)",0.06567898999999999,0.06575195,0.440150362558311,1,0.0
positions_liquidated_pct,"[0.065752, 0.0662785)",0.06575195,0.06627849,0.440150362558311,2,0.0
positions_liquidated_pct,"[0.0662785, 0.0668067)",0.06627849,0.066806705,0.440150362558311,1,100.0
positions_liquidated_pct,"[0.0668067, 0.0671035)",0.066806705,0.06710349,0.440150362558311,2,50.0
positions_liquidated_pct,"[0.0671035, 0.0672665)",0.06710349,0.06726651,0.440150362558311,1,100.0
positions_liquidated_pct,"[0.0672665, 0.0687866)",0.06726651,0.068786555,0.440150362558311,2,50.0
positions_liquidated_pct,"[0.0687866, 0.0698021)",0.068786555,0.06980212499999999,0.44155402851109454,1,0.0
positions_liquidated_pct,"[0.0698021, 0.070737)",0.06980212499999999,0.07073703,0.44155402851109454,2,50.0
positions_liquidated_pct,"[0.070737, 0.0710713)",0.07073703,0.07107134000000001,0.44527910157240774,1,100.0
positions_liquidated_pct,"[0.0710713, 0.0711139)",0.07107134000000001,0.071113865,0.44571408208692886,1,0.0
positions_liquidated_pct,"[0.0711139, 0.0715606)",0.071113865,0.07156061,0.4472588239471164,2,100.0
positions_liquidated_pct,"[0.0715606, 0.0717498)",0.07156061,0.07174983,0.4472588239471164,1,0.0
positions_liquidated_pct,"[0.0717498, 0.0723127)",0.07174983,0.07231273499999999,0.4472588239471164,2,50.0
positions_liquidated_pct,"[0.0723127, 0.0725402)",0.07231273499999999,0.07254015999999999,0.44959389279853446,1,100.0
positions_liquidated_pct,"[0.0725402, 0.0730996)",0.07254015999999999,0.0730996,0.4503342799894178,2,100.0
positions_liquidated_pct,"[0.0730996, 0.0734507)",0.0730996,0.073450685,0.45288972601586724,1,0.0
positions_liquidated_pct,"[0.0734507, 0.0744307)",0.073450685,0.07443068,0.45523292254328523,2,0.0
positions_liquidated_pct,"[0.0744307, 0.0747132)",0.07443068,0.07471320000000001,0.45523292254328523,1,0.0
positions_liquidated_pct,"[0.0747132, 0.0750229)",0.07471320000000001,0.07502285,0.458739214475521,1,0.0
positions_liquidated_pct,"[0.0750229, 0.0753744)",0.07502285,0.075374365,0.45936767990561106,2,50.0
positions_liquidated_pct,"[0.0753744, 0.0757693)",0.075374365,0.07576934,0.460970317677988,1,100.0
positions_liquidated_pct,"[0.0757693, 0.0771772)",0.07576934,0.077177155,0.460970317677988,2,50.0
positions_liquidated_pct,"[0.0771772, 0.0772543)",0.077177155,0.07725431999999999,0.4619823929034745,1,100.0
positions_liquidated_pct,"[0.0772543, 0.0773996)",0.07725431999999999,0.077399595,0.4642998819526791,2,50.0
positions_liquidated_pct,"[0.0773996, 0.0776271)",0.077399595,0.07762709500000001,0.46456695131561987,1,0.0
positions_liquidated_pct,"[0.0776271, 0.078044)",0.07762709500000001,0.078044015,0.46494095856709894,2,50.0
positions_liquidated_pct,"[0.078044, 0.078313)",0.078044015,0.07831303,0.46600731097892606,1,0.0
positions_liquidated_pct,"[0.078313, 0.0786736)",0.07831303,0.07867361,0.46600731097892606,2,100.0
positions_liquidated_pct,"[0.0786736, 0.0787137)",0.07867361,0.078713705,0.46600731097892606,1,0.0
positions_liquidated_pct,"[0.0787137, 0.0788241)",0.078713705,0.078824135,0.4667826711939262,1,100.0
positions_liquidated_pct,"[0.0788241, 0.079503)",0.078824135,0.079503015,0.4687792511731129,2,0.0
positions_liquidated_pct,"[0.079503, 0.0796983)",0.079503015,0.07969831499999999,0.4687792511731129,1,0.0
positions_liquidated_pct,"[0.0796983, 0.0807523)",0.07969831499999999,0.08075225999999999,0.4687792511731129,2,0.0
positions_liquidated_pct,"[0.0807523, 0.0818273)",0.08075225999999999,0.08182734,0.4695871996039206,1,0.0
positions_liquidated_pct,"[0.0818273, 0.082524)",0.08182734,0.082523985,0.4734465938077468,2,50.0
positions_liquidated_pct,"[0.082524, 0.0830411)",0.082523985,0.08304106,0.4738755608043591,1,0.0
positions_liquidated_pct,"[0.0830411, 0.0835161)",0.08304106,0.083516115,0.4738755608043591,2,50.0
positions_liquidated_pct,"[0.0835161, 0.0837214)",0.083516115,0.083721385,0.4767956526428145,1,0.0
positions_liquidated_pct,"[0.0837214, 0.0839122)",0.083721385,0.083912245,0.4774051735252779,1,0.0
positions_liquidated_pct,"[0.0839122, 0.0845568)",0.083912245,0.08455678,0.4774051735252779,2,50.0
positions_liquidated_pct,"[0.0845568, 0.0851634)",0.08455678,0.08516344,0.4789591033202744,1,100.0
positions_liquidated_pct,"[0.0851634, 0.0858846)",0.08516344,0.08588457499999999,0.4789591033202744,2,0.0
positions_liquidated_pct,"[0.0858846, 0.0860179)",0.08588457499999999,0.086017855,0.4803369351897299,1,0.0
positions_liquidated_pct,"[0.0860179, 0.0868788)",0.086017855,0.086878805,0.4803369351897299,2,0.0
positions_liquidated_pct,"[0.0868788, 0.0870946)",0.086878805,0.087094565,0.4803369351897299,1,100.0
positions_liquidated_pct,"[0.0870946, 0.0875245)",0.087094565,0.087524485,0.4803369351897299,2,50.0
positions_liquidated_pct,"[0.0875245, 0.08814)",0.087524485,0.08814005,0.4811014759891933,1,0.0
positions_liquidated_pct,"[0.08814, 0.0886931)",0.08814005,0.08869308000000001,0.4835314363861901,1,100.0
positions_liquidated_pct,"[0.0886931, 0.0894001)",0.08869308000000001,0.08940012,0.4835314363861901,2,0.0
positions_liquidated_pct,"[0.0894001, 0.0897059)",0.08940012,0.089705925,0.4840775041757588,1,0.0
positions_liquidated_pct,"[0.0897059, 0.0900677)",0.089705925,0.09006767,0.48515868875278295,2,0.0
positions_liquidated_pct,"[0.0900677, 0.0904672)",0.09006767,0.09046725,0.4860684556921511,1,100.0
positions_liquidated_pct,"[0.0904672, 0.0910212)",0.09046725,0.09102122,0.4864672632547341,2,50.0
positions_liquidated_pct,"[0.0910212, 0.0915037)",0.09102122,0.0915037,0.4864672632547341,1,100.0
positions_liquidated_pct,"[0.0915037, 0.0923664)",0.0915037,0.092366405,0.4904852841318708,2,50.0
positions_liquidated_pct,"[0.0923664, 0.0928486)",0.092366405,0.09284857,0.4904852841318708,1,100.0
positions_liquidated_pct,"[0.0928486, 0.0930794)",0.09284857,0.09307938,0.4904852841318708,1,100.0
positions_liquidated_pct,"[0.0930794, 0.0948652)",0.09307938,0.09486522,0.4904852841318708,2,0.0
positions_liquidated_pct,"[0.0948652, 0.0949311)",0.09486522,0.09493109,0.49329608213259646,1,100.0
positions_liquidated_pct,"[0.0949311, 0.0949826)",0.09493109,0.09498256,0.4939926142824288,2,100.0
positions_liquidated_pct,"[0.0949826, 0.0950245)",0.09498256,0.095024475,0.49474555619437577,1,0.0
positions_liquidated_pct,"[0.0950245, 0.0963911)",0.095024475,0.096391135,0.4982072842748432,2,0.0
positions_liquidated_pct,"[0.0963911, 0.096561)",0.096391135,0.096561015,0.49849257946221864,1,0.0
positions_liquidated_pct,"[0.096561, 0.0968354)",0.096561015,0.09683539499999999,0.49947244838384647,2,50.0
positions_liquidated_pct,"[0.0968354, 0.0969453)",0.09683539499999999,0.09694531,0.5004805320886645,1,0.0
positions_liquidated_pct,"[0.0969453, 0.0972714)",0.09694531,0.09727135,0.5004805320886645,1,0.0
positions_liquidated_pct,"[0.0972714, 0.0984266)",0.09727135,0.09842659000000001,0.5004805320886645,2,0.0
positions_liquidated_pct,"[0.0984266, 0.0992114)",0.09842659000000001,0.09921136,0.5004805320886645,1,0.0
positions_liquidated_pct,"[0.0992114, 0.099823)",0.09921136,0.09982300999999999,0.5036287179430713,2,0.0
positions_liquidated_pct,"[0.099823, 0.100179)",0.09982300999999999,0.100179145,0.5075269315766415,1,0.0
positions_liquidated_pct,"[0.100179, 0.101021)",0.100179145,0.10102094,0.5090598350087527,2,100.0
positions_liquidated_pct,"[0.101021, 0.101303)",0.10102094,0.101303165,0.5090598350087527,1,100.0
positions_liquidated_pct,"[0.101303, 0.103173)",0.101303165,0.10317315,0.5090598350087527,2,0.0
positions_liquidated_pct,"[0.103173, 0.103387)",0.10317315,0.103387385,0.5099186637925893,1,0.0
positions_liquidated_pct,"[0.103387, 0.103404)",0.103387385,0.103403945,0.5106126930147579,1,100.0
positions_liquidated_pct,"[0.103404, 0.10448)",0.103403945,0.10448019,0.5121066843773558,2,0.0
positions_liquidated_pct,"[0.10448, 0.104545)",0.10448019,0.10454468,0.5121066843773558,1,100.0
positions_liquidated_pct,"[0.104545, 0.105149)",0.10454468,0.10514889999999999,0.5121066843773558,2,100.0
positions_liquidated_pct,"[0.105149, 0.105757)",0.10514889999999999,0.105756855,0.5128460805576316,1,100.0
positions_liquidated_pct,"[0.105757, 0.106198)",0.105756855,0.106197975,0.5128460805576316,2,0.0
positions_liquidated_pct,"[0.106198, 0.107311)",0.106197975,0.10731136,0.5145524453393263,1,100.0
positions_liquidated_pct,"[0.107311, 0.109079)",0.10731136,0.109079445,0.5154837393451412,2,50.0
positions_liquidated_pct,"[0.109079, 0.109796)",0.109079445,0.1097963,0.5174560967658214,1,100.0
positions_liquidated_pct,"[0.109796, 0.11116)",0.1097963,0.11115963000000001,0.5191509799842533,2,50.0
positions_liquidated_pct,"[0.11116, 0.111297)",0.11115963000000001,0.11129676,0.5216384001443859,1,0.0
positions_liquidated_pct,"[0.111297, 0.111937)",0.11129676,0.11193691,0.522187954202494,1,0.0
positions_liquidated_pct,"[0.111937, 0.11287)",0.11193691,0.112870145,0.5271292592097763,2,50.0
positions_liquidated_pct,"[0.11287, 0.11309)",0.112870145,0.11308992000000001,0.5285029539910208,1,0.0
positions_liquidated_pct,"[0.11309, 0.11402)",0.11308992000000001,0.114020345,0.5289618956343031,2,0.0
positions_liquidated_pct,"[0.11402, 0.114885)",0.114020345,0.11488505500000001,0.5289618956343031,1,100.0
positions_liquidated_pct,"[0.114885, 0.115247)",0.11488505500000001,0.11524677,0.5289618956343031,2,50.0
positions_liquidated_pct,"[0.115247, 0.115305)",0.11524677,0.115304955,0.5299424465809565,1,0.0
positions_liquidated_pct,"[0.115305, 0.115825)",0.115304955,0.11582524,0.5356977730515589,2,50.0
positions_liquidated_pct,"[0.115825, 0.116131)",0.11582524,0.11613066999999999,0.5356977730515589,1,0.0
positions_liquidated_pct,"[0.116131, 0.116453)",0.11613066999999999,0.1164532,0.5356977730515589,1,0.0
positions_liquidated_pct,"[0.116453, 0.116899)",0.1164532,0.11689914,0.5396831424442791,2,100.0
positions_liquidated_pct,"[0.116899, 0.117095)",0.11689914,0.11709464,0.5396831424442791,1,100.0
positions_liquidated_pct,"[0.117095, 0.117469)",0.11709464,0.11746887,0.5396831424442791,2,50.0
positions_liquidated_pct,"[0.117469, 0.117686)",0.11746887,0.11768649,0.5422950576559478,1,0.0
positions_liquidated_pct,"[0.117686, 0.119162)",0.11768649,0.119162465,0.5422950576559478,2,0.0
positions_liquidated_pct,"[0.119162, 0.119672)",0.119162465,0.11967235500000001,0.5422950576559478,1,0.0
positions_liquidated_pct,"[0.119672, 0.121002)",0.11967235500000001,0.12100166500000001,0.5453843094966792,2,50.0
positions_liquidated_pct,"[0.121002, 0.121338)",0.12100166500000001,0.12133793500000001,0.5453843094966792,1,0.0
positions_liquidated_pct,"[0.121338, 0.12182)",0.12133793500000001,0.121820295,0.5453843094966792,1,100.0
positions_liquidated_pct,"[0.12182, 0.123863)",0.121820295,0.12386341000000001,0.5478648474651814,2,100.0
positions_liquidated_pct,"[0.123863, 0.125086)",0.12386341000000001,0.12508612,0.5478648474651814,1,0.0
positions_liquidated_pct,"[0.125086, 0.125849)",0.12508612,0.125849405,0.5484692844052509,2,0.0
positions_liquidated_pct,"[0.125849, 0.126749)",0.125849405,0.12674946999999998,0.5484692844052509,1,100.0
positions_liquidated_pct,"[0.126749, 0.127825)",0.12674946999999998,0.12782509,0.5494338948338171,2,0.0
positions_liquidated_pct,"[0.127825, 0.128353)",0.12782509,0.12835273,0.5494338948338171,1,0.0
positions_liquidated_pct,"[0.128353, 0.129751)",0.12835273,0.129750535,0.5515660090162285,2,0.0
positions_liquidated_pct,"[0.129751, 0.129831)",0.129750535,0.129830525,0.5562132178702216,1,0.0
positions_liquidated_pct,"[0.129831, 0.129966)",0.129830525,0.129965835,0.5572776922538095,1,100.0
positions_liquidated_pct,"[0.129966, 0.132759)",0.129965835,0.132758815,0.5667743222977828,2,50.0
positions_liquidated_pct,"[0.132759, 0.13291)",0.132758815,0.132909915,0.5667743222977828,1,100.0
positions_liquidated_pct,"[0.13291, 0.133243)",0.132909915,0.13324308,0.5667743222977828,2,50.0
positions_liquidated_pct,"[0.133243, 0.133389)",0.13324308,0.13338895,0.5680252687202638,1,0.0
positions_liquidated_pct,"[0.133389, 0.133639)",0.13338895,0.133638865,0.5684213073997229,2,50.0
positions_liquidated_pct,"[0.133639, 0.133893)",0.133638865,0.13389337499999998,0.5684213073997229,1,100.0
positions_liquidated_pct,"[0.133893, 0.13444)",0.13389337499999998,0.13443992500000002,0.5693858523207888,2,100.0
positions_liquidated_pct,"[0.13444, 0.134907)",0.13443992500000002,0.13490697499999998,0.5706411832527372,1,0.0
positions_liquidated_pct,"[0.134907, 0.13524)",0.13490697499999998,0.135239535,0.5710844525233039,1,0.0
positions_liquidated_pct,"[0.13524, 0.136351)",0.135239535,0.13635148,0.5719440726443994,2,50.0
positions_liquidated_pct,"[0.136351, 0.136934)",0.13635148,0.13693381999999998,0.5719440726443994,1,100.0
positions_liquidated_pct,"[0.136934, 0.137282)",0.13693381999999998,0.137282235,0.5744400135516682,2,50.0
positions_liquidated_pct,"[0.137282, 0.137758)",0.137282235,0.137757915,0.5744400135516682,1,0.0
positions_liquidated_pct,"[0.137758, 0.13832)",0.137757915,0.138320235,0.5747446900947697,2,100.0
positions_liquidated_pct,"[0.13832, 0.138607)",0.138320235,0.13860712,0.576792195954523,1,100.0
positions_liquidated_pct,"[0.138607, 0.138961)",0.13860712,0.13896149000000002,0.576792195954523,2,50.0
positions_liquidated_pct,"[0.138961, 0.139257)",0.13896149000000002,0.13925743000000002,0.576792195954523,1,100.0
positions_liquidated_pct,"[0.139257, 0.140108)",0.13925743000000002,0.140108335,0.5794062080367678,2,0.0
positions_liquidated_pct,"[0.140108, 0.140392)",0.140108335,0.140391535,0.5858232077113876,1,100.0
positions_liquidated_pct,"[0.140392, 0.140637)",0.140391535,0.14063675,0.5863604753972196,1,0.0
positions_liquidated_pct,"[0.140637, 0.141639)",0.14063675,0.141638705,0.5883720495567162,2,50.0
positions_liquidated_pct,"[0.141639, 0.142636)",0.141638705,0.142636005,0.5889408088505546,1,100.0
positions_liquidated_pct,"[0.142636, 0.144319)",0.142636005,0.14431876500000002,0.5901575949554018,2,50.0
positions_liquidated_pct,"[0.144319, 0.145156)",0.14431876500000002,0.14515630499999999,0.5912526846925213,1,100.0
positions_liquidated_pct,"[0.145156, 0.14589)",0.14515630499999999,0.14589026500000002,0.5914668933546833,2,0.0
positions_liquidated_pct,"[0.14589, 0.146542)",0.14589026500000002,0.14654234500000002,0.5919879635153508,1,0.0
positions_liquidated_pct,"[0.146542, 0.147181)",0.14654234500000002,0.147181065,0.5919879635153508,2,0.0
positions_liquidated_pct,"[0.147181, 0.147717)",0.147181065,0.147717035,0.5930195178888442,1,0.0
positions_liquidated_pct,"[0.147717, 0.148813)",0.147717035,0.148813335,0.5930195178888442,1,0.0
positions_liquidated_pct,"[0.148813, 0.150252)",0.148813335,0.15025172,0.5936527098260564,2,50.0
positions_liquidated_pct,"[0.150252, 0.150647)",0.15025172,0.15064725499999998,0.596247262917765,1,0.0
positions_liquidated_pct,"[0.150647, 0.151723)",0.15064725499999998,0.151722515,0.5978017493118144,2,100.0
positions_liquidated_pct,"[0.151723, 0.15215)",0.151722515,0.152149575,0.5978017493118144,1,100.0
positions_liquidated_pct,"[0.15215, 0.153032)",0.152149575,0.153032005,0.5978017493118144,2,50.0
positions_liquidated_pct,"[0.153032, 0.153181)",0.153032005,0.153181455,0.5990181808031148,1,0.0
positions_liquidated_pct,"[0.153181, 0.155015)",0.153181455,0.15501505,0.5990181808031148,2,0.0
positions_liquidated_pct,"[0.155015, 0.15521)",0.15501505,0.15520982,0.5990181808031148,1,0.0
positions_liquidated_pct,"[0.15521, 0.155619)",0.15520982,0.15561924,0.5990181808031148,1,100.0
positions_liquidated_pct,"[0.155619, 0.156081)",0.15561924,0.1560805,0.6011951258882987,2,0.0
positions_liquidated_pct,"[0.156081, 0.156231)",0.1560805,0.156231065,0.6016730616444916,1,100.0
positions_liquidated_pct,"[0.156231, 0.156427)",0.156231065,0.156426515,0.6026939304146222,2,50.0
positions_liquidated_pct,"[0.156427, 0.157058)",0.156426515,0.15705752499999998,0.6026939304146222,1,0.0
positions_liquidated_pct,"[0.157058, 0.157941)",0.15705752499999998,0.157940575,0.607418238552438,2,50.0
positions_liquidated_pct,"[0.157941, 0.158217)",0.157940575,0.15821712999999998,0.607418238552438,1,100.0
positions_liquidated_pct,"[0.158217, 0.158749)",0.15821712999999998,0.15874918500000001,0.6097925204821476,2,50.0
positions_liquidated_pct,"[0.158749, 0.158991)",0.15874918500000001,0.158991045,0.6097925204821476,1,100.0
positions_liquidated_pct,"[0.158991, 0.159421)",0.158991045,0.15942055,0.6097925204821476,1,0.0
positions_liquidated_pct,"[0.159421, 0.160892)",0.15942055,0.16089187500000002,0.6106657372145294,2,100.0
positions_liquidated_pct,"[0.160892, 0.161881)",0.16089187500000002,0.16188069500000002,0.6108873821667609,1,0.0
positions_liquidated_pct,"[0.161881, 0.162308)",0.16188069500000002,0.162308125,0.6132716311322574,2,100.0
positions_liquidated_pct,"[0.162308, 0.163221)",0.162308125,0.16322116,0.6140748274834616,1,0.0
positions_liquidated_pct,"[0.163221, 0.164159)",0.16322116,0.16415876499999998,0.6140748274834616,2,0.0
positions_liquidated_pct,"[0.164159, 0.164707)",0.16415876499999998,0.1647073,0.6140748274834616,1,100.0
positions_liquidated_pct,"[0.164707, 0.16521)",0.1647073,0.165209885,0.6140748274834616,2,0.0
positions_liquidated_pct,"[0.16521, 0.165369)",0.165209885,0.1653688,0.6163634589624817,1,100.0
positions_liquidated_pct,"[0.165369, 0.165938)",0.1653688,0.165938325,0.6163634589624817,1,0.0
positions_liquidated_pct,"[0.165938, 0.167043)",0.165938325,0.167042935,0.6168488437919069,2,0.0
positions_liquidated_pct,"[0.167043, 0.168622)",0.167042935,0.16862222,0.6168488437919069,1,0.0
positions_liquidated_pct,"[0.168622, 0.172393)",0.16862222,0.17239275999999998,0.6180976650079076,2,50.0
positions_liquidated_pct,"[0.172393, 0.173643)",0.17239275999999998,0.173643475,0.6184324220719849,1,0.0
positions_liquidated_pct,"[0.173643, 0.174145)",0.173643475,0.174144945,0.620035009308163,2,50.0
positions_liquidated_pct,"[0.174145, 0.174564)",0.174144945,0.17456439499999998,0.6207551837442945,1,100.0
positions_liquidated_pct,"[0.174564, 0.175697)",0.17456439499999998,0.175697445,0.622991533920247,2,0.0
positions_liquidated_pct,"[0.175697, 0.176278)",0.175697445,0.176278245,0.6239842276393516,1,0.0
positions_liquidated_pct,"[0.176278, 0.176551)",0.176278245,0.17655147,0.6253087036187368,1,100.0
positions_liquidated_pct,"[0.176551, 0.179099)",0.17655147,0.179098585,0.6253087036187368,2,0.0
positions_liquidated_pct,"[0.179099, 0.179903)",0.179098585,0.17990334,0.6259199356749703,1,100.0
positions_liquidated_pct,"[0.179903, 0.181863)",0.17990334,0.18186275000000002,0.6262482203145676,2,0.0
positions_liquidated_pct,"[0.181863, 0.182329)",0.18186275000000002,0.18232911499999999,0.6276311828033895,1,100.0
positions_liquidated_pct,"[0.182329, 0.182699)",0.18232911499999999,0.18269909,0.6276311828033895,2,100.0
positions_liquidated_pct,"[0.182699, 0.182906)",0.18269909,0.18290601,0.6279268938821981,1,100.0
positions_liquidated_pct,"[0.182906, 0.184449)",0.18290601,0.184448515,0.6285519526824876,2,0.0
positions_liquidated_pct,"[0.184449, 0.185506)",0.184448515,0.18550608000000002,0.630648465372316,1,100.0
positions_liquidated_pct,"[0.185506, 0.185779)",0.18550608000000002,0.185779045,0.630648465372316,2,50.0
positions_liquidated_pct,"[0.185779, 0.186376)",0.185779045,0.18637577500000002,0.630648465372316,1,100.0
positions_liquidated_pct,"[0.186376, 0.186853)",0.18637577500000002,0.18685308,0.630648465372316,1,0.0
positions_liquidated_pct,"[0.186853, 0.188639)",0.18685308,0.188639405,0.630648465372316,2,50.0
positions_liquidated_pct,"[0.188639, 0.188997)",0.188639405,0.188997145,0.6336852831041261,1,0.0
positions_liquidated_pct,"[0.188997, 0.190206)",0.188997145,0.19020578999999999,0.6336852831041261,2,50.0
positions_liquidated_pct,"[0.190206, 0.191068)",0.19020578999999999,0.19106758000000001,0.6336852831041261,1,100.0
positions_liquidated_pct,"[0.191068, 0.192022)",0.19106758000000001,0.19202162,0.634362271101894,2,100.0
positions_liquidated_pct,"[0.192022, 0.192183)",0.19202162,0.19218283,0.6353518528721157,1,100.0
positions_liquidated_pct,"[0.192183, 0.192627)",0.19218283,0.192626595,0.6353518528721157,2,100.0
positions_liquidated_pct,"[0.192627, 0.193145)",0.192626595,0.193145385,0.6353518528721157,1,0.0
positions_liquidated_pct,"[0.193145, 0.194462)",0.193145385,0.194462435,0.6353518528721157,1,100.0
positions_liquidated_pct,"[0.194462, 0.195858)",0.194462435,0.19585847,0.6353518528721157,2,0.0
positions_liquidated_pct,"[0.195858, 0.195934)",0.19585847,0.19593432500000002,0.6375200334324556,1,100.0
positions_liquidated_pct,"[0.195934, 0.196435)",0.19593432500000002,0.19643516,0.6391361832978214,2,50.0
positions_liquidated_pct,"[0.196435, 0.196542)",0.19643516,0.196542275,0.6393395826678897,1,100.0
positions_liquidated_pct,"[0.196542, 0.196952)",0.196542275,0.19695169,0.6399263713736741,2,0.0
positions_liquidated_pct,"[0.196952, 0.197062)",0.19695169,0.19706163999999998,0.6410169578544082,1,0.0
positions_liquidated_pct,"[0.197062, 0.197619)",0.19706163999999998,0.197618815,0.6429343828859636,2,50.0
positions_liquidated_pct,"[0.197619, 0.198599)",0.197618815,0.19859897999999998,0.6429343828859636,1,100.0
positions_liquidated_pct,"[0.198599, 0.200036)",0.19859897999999998,0.20003607499999998,0.6436682080247679,1,0.0
positions_liquidated_pct,"[0.200036, 0.201658)",0.20003607499999998,0.20165782999999998,0.6456272903422228,2,0.0
positions_liquidated_pct,"[0.201658, 0.202229)",0.20165782999999998,0.20222866,0.6485078529651112,1,100.0
positions_liquidated_pct,"[0.202229, 0.203818)",0.20222866,0.20381831,0.6485078529651112,2,0.0
positions_liquidated_pct,"[0.203818, 0.204301)",0.20381831,0.20430144,0.6494997683673438,1,100.0
positions_liquidated_pct,"[0.204301, 0.205354)",0.20430144,0.20535398,0.6504470202801763,2,50.0
positions_liquidated_pct,"[0.205354, 0.205614)",0.20535398,0.20561352,0.6507839497937148,1,100.0
positions_liquidated_pct,"[0.205614, 0.210676)",0.20561352,0.210675735,0.6535050554147955,2,50.0
positions_liquidated_pct,"[0.210676, 0.211202)",0.210675735,0.211202485,0.654058127763797,1,100.0
positions_liquidated_pct,"[0.211202, 0.211791)",0.211202485,0.211790905,0.654058127763797,1,0.0
positions_liquidated_pct,"[0.211791, 0.212777)",0.211790905,0.21277726,0.6576015239891433,2,50.0
positions_liquidated_pct,"[0.212777, 0.2132)",0.21277726,0.21320026,0.6576015239891433,1,0.0
positions_liquidated_pct,"[0.2132, 0.213336)",0.21320026,0.213336255,0.6576015239891433,2,100.0
positions_liquidated_pct,"[0.213336, 0.213548)",0.213336255,0.21354783,0.6591162012799959,1,0.0
positions_liquidated_pct,"[0.213548, 0.215596)",0.21354783,0.2155956,0.6591162012799959,2,0.0
positions_liquidated_pct,"[0.215596, 0.216398)",0.2155956,0.216397895,0.6591162012799959,1,100.0
positions_liquidated_pct,"[0.216398, 0.217026)",0.216397895,0.21702564,0.6613086716587616,2,50.0
positions_liquidated_pct,"[0.217026, 0.217984)",0.21702564,0.217984205,0.6613086716587616,1,0.0
positions_liquidated_pct,"[0.217984, 0.21891)",0.217984205,0.21890982,0.6649824194484243,1,100.0
positions_liquidated_pct,"[0.21891, 0.220321)",0.21890982,0.22032109,0.6649824194484243,2,50.0
positions_liquidated_pct,"[0.220321, 0.220765)",0.22032109,0.220765455,0.6655826824845995,1,0.0
positions_liquidated_pct,"[0.220765, 0.221559)",0.220765455,0.22155898000000002,0.6661294269829565,2,0.0
positions_liquidated_pct,"[0.221559, 0.222751)",0.22155898000000002,0.222750695,0.6696369256833317,1,100.0
positions_liquidated_pct,"[0.222751, 0.22686)",0.222750695,0.226860395,0.6733745436932503,2,0.0
positions_liquidated_pct,"[0.22686, 0.227692)",0.226860395,0.22769203999999998,0.6746412520217953,1,0.0
positions_liquidated_pct,"[0.227692, 0.228485)",0.22769203999999998,0.228485165,0.6751000354940074,2,50.0
positions_liquidated_pct,"[0.228485, 0.229077)",0.228485165,0.229077135,0.6774791832149815,1,0.0
positions_liquidated_pct,"[0.229077, 0.230853)",0.229077135,0.23085279,0.6774791832149815,2,0.0
positions_liquidated_pct,"[0.230853, 0.232187)",0.23085279,0.23218656,0.6774791832149815,1,100.0
positions_liquidated_pct,"[0.232187, 0.234382)",0.23218656,0.23438239,0.6806531337766799,1,100.0
positions_liquidated_pct,"[0.234382, 0.236745)",0.23438239,0.23674509,0.6823907796600849,2,0.0
positions_liquidated_pct,"[0.236745, 0.237776)",0.23674509,0.237776125,0.6852096807794001,1,100.0
positions_liquidated_pct,"[0.237776, 0.241309)",0.237776125,0.241308635,0.6857642202097072,2,50.0
positions_liquidated_pct,"[0.241309, 0.242387)",0.241308635,0.24238655,0.6857642202097072,1,100.0
positions_liquidated_pct,"[0.242387, 0.243813)",0.24238655,0.24381277,0.6857642202097072,2,0.0
positions_liquidated_pct,"[0.243813, 0.244006)",0.24381277,0.244006055,0.6865779592467751,1,100.0
positions_liquidated_pct,"[0.244006, 0.245581)",0.244006055,0.24558084000000002,0.6873285900967663,2,100.0
positions_liquidated_pct,"[0.245581, 0.246924)",0.24558084000000002,0.24692366,0.6883326065411045,1,0.0
positions_liquidated_pct,"[0.246924, 0.247493)",0.24692366,0.24749295,0.6883326065411045,1,0.0
positions_liquidated_pct,"[0.247493, 0.25149)",0.24749295,0.251490405,0.6883326065411045,2,50.0
positions_liquidated_pct,"[0.25149, 0.257112)",0.251490405,0.257112165,0.6883326065411045,2,100.0
positions_liquidated_pct,"[0.257112, 0.263978)",0.257112165,0.26397779499999996,0.6883326065411045,2,0.0
positions_liquidated_pct,"[0.263978, 0.272686)",0.26397779499999996,0.27268647999999995,0.6883326065411045,2,50.0
positions_liquidated_pct,"[0.272686, 0.280889)",0.27268647999999995,0.28088877999999995,0.6893035375599711,2,0.0
positions_liquidated_pct,"[0.280889, 0.287189)",0.28088877999999995,0.28718903,0.6912296554943548,2,100.0
positions_liquidated_pct,"[0.287189, 0.291264)",0.28718903,0.29126443,0.6916320632285479,2,100.0
positions_liquidated_pct,"[0.291264, 0.296454)",0.29126443,0.29645447999999996,0.6918703248962865,2,0.0
positions_liquidated_pct,"[0.296454, 0.301533)",0.29645447999999996,0.30153315,0.6921074027628119,2,50.0
positions_liquidated_pct,"[0.301533, 0.307002)",0.30153315,0.307002255,0.6921074027628119,2,0.0
positions_liquidated_pct,"[0.307002, 0.323074)",0.307002255,0.32307377000000004,0.6929530345331023,2,50.0
positions_liquidated_pct,"[0.323074, 0.333229)",0.32307377000000004,0.333228545,0.6939060960344141,2,50.0
positions_liquidated_pct,"[0.333229, 0.337163)",0.333228545,0.337162505,0.6939060960344141,2,50.0
positions_liquidated_pct,"[0.337163, 0.341622)",0.337162505,0.34162208,0.7308482214912586,2,50.0
positions_liquidated_pct,"[0.341622, 0.347786)",0.34162208,0.34778639499999997,0.9598959950952817,2,50.0
positions_liquidated_pct,"[0.347786, 0.371286)",0.34778639499999997,0.37128599500000004,0.9598959950952817,2,100.0
positions_liquidated_pct,"[0.371286, inf)",0.37128599500000004,inf,0.9598959950952817,2,0.0
positions_liquidated_pct,missing,,,-0.03774379492781246,1922,12.955254942767949
