algoritmo,number,value,datetime_start,datetime_complete,duration,params_colsample_bytree,params_gamma,params_learning_rate,params_max_depth,params_min_child_weight,params_reg_alpha,params_reg_lambda,params_subsample,user_attrs_n_estimators,system_attrs_tpe:relative_params:0,state
xgboost,0,0.3579044535575758,2026-09-29 22:35:25.001435,2026-09-29 22:35:28.161276,0 days 00:00:03.159841,0.562397808134481,3.005575058716044,0.03968793330444373,3,37.93972738151323,4.330880728874676,2.1035886311957896,0.6468055921327309,108,,COMPLETE
xgboost,1,0.35809823106187844,2026-09-29 22:35:28.161465,2026-09-29 22:35:30.875977,0 days 00:00:02.714512,0.5727299868828403,2.6237821581611893,0.06798962421591129,2,48.645943347289744,1.5212112147976886,4.484685687215243,0.6637017332034828,82,,COMPLETE
xgboost,2,0.3505939100340495,2026-09-29 22:35:30.876188,2026-09-29 22:35:35.125916,0 days 00:00:04.249728,0.6465447373174766,0.9983689107917987,0.013787764619353767,2,32.53338026250708,3.925879806965068,9.665329700123683,0.6876433945605654,121,,COMPLETE
xgboost,3,0.3570959365232913,2026-09-29 22:35:35.126113,2026-09-29 22:35:38.607933,0 days 00:00:03.481820,0.5260206371941119,4.041986740582305,0.04050837781329675,3,7.090268572399898,4.828160165372797,19.02882520781333,0.6511572371061874,121,,COMPLETE
xgboost,4,0.3564571095159635,2026-09-29 22:35:38.608095,2026-09-29 22:35:42.141214,0 days 00:00:03.533119,0.6980707640445081,1.2938999080000846,0.027551959649510765,2,35.79048619304706,4.546602010393911,1.6533819011891495,0.6366114704534336,160,,COMPLETE
xgboost,5,0.3602614697816564,2026-09-29 22:35:42.141396,2026-09-29 22:35:45.680931,0 days 00:00:03.539535,0.8878338511058235,4.474136752138244,0.03521358805467869,2,28.403060953001486,4.697494707820946,15.727523643861176,0.6554563366576581,160,,COMPLETE
xgboost,6,0.3543063595010904,2026-09-29 22:35:45.681090,2026-09-29 22:35:49.375047,0 days 00:00:03.693957,0.6301321323053057,4.143687545759647,0.015703008378806716,3,8.982162592336378,1.3567451588694794,8.384868504100158,0.6135681866731614,104,,COMPLETE
xgboost,7,0.3444056246416372,2026-09-29 22:35:49.375249,2026-09-29 22:35:51.875119,0 days 00:00:02.499870,0.5298202574719083,0.993578407670862,0.013833249975219963,2,29.42132374212118,3.861223846483287,19.75085179540983,0.8406590942262119,28,,COMPLETE
xgboost,8,0.3586318612134714,2026-09-29 22:35:51.875328,2026-09-29 22:35:54.511337,0 days 00:00:02.636009,0.5296178606936361,4.315517129377968,0.05358055009231865,3,36.80858047314277,0.5793452976256486,7.81084884234118,0.8313811040057837,91,,COMPLETE
xgboost,9,0.3551262847294715,2026-09-29 22:35:54.511486,2026-09-29 22:35:58.415790,0 days 00:00:03.904304,0.7918424713352257,2.3610746258097466,0.020463613363481608,2,7.860125762871064,4.436063712881633,13.11359195574905,0.6975549966080241,215,,COMPLETE
xgboost,10,0.3486316525471445,2026-09-29 22:35:58.415946,2026-09-29 22:36:02.240810,0 days 00:00:03.824864,0.8409691787436299,3.8194834580952914,0.02120190441380055,2,46.79921690252407,1.467797072734176,18.69452833891086,0.6272200952121029,190,"{""colsample_bytree"": 0.8409691787436299, ""gamma"": 3.8194834580952914, ""learning_rate"": 0.02120190441380055, ""max_depth"": 2, ""min_child_weight"": 46.79921690252407, ""reg_alpha"": 1.467797072734176, ""reg_lambda"": 18.69452833891086, ""subsample"": 0.6272200952121029}",COMPLETE
xgboost,11,0.35870503619115046,2026-09-29 22:36:02.240976,2026-09-29 22:36:04.915266,0 days 00:00:02.674290,0.7337149319285959,3.921618353785502,0.06542203369027293,3,38.26012672919806,3.067015025042109,8.08296734676127,0.8465936521363352,86,"{""colsample_bytree"": 0.7337149319285959, ""gamma"": 3.921618353785502, ""learning_rate"": 0.06542203369027293, ""max_depth"": 3, ""min_child_weight"": 38.26012672919806, ""reg_alpha"": 3.067015025042109, ""reg_lambda"": 8.08296734676127, ""subsample"": 0.8465936521363352}",COMPLETE
xgboost,12,0.3587922702054874,2026-09-29 22:36:04.915432,2026-09-29 22:36:07.756654,0 days 00:00:02.841222,0.8899198198793842,4.850802050983282,0.06117902603930375,3,33.9910763043071,4.130614387896266,13.226880023479302,0.7284552532533585,94,"{""colsample_bytree"": 0.8899198198793842, ""gamma"": 4.850802050983282, ""learning_rate"": 0.06117902603930375, ""max_depth"": 3, ""min_child_weight"": 33.9910763043071, ""reg_alpha"": 4.130614387896266, ""reg_lambda"": 13.226880023479302, ""subsample"": 0.7284552532533585}",COMPLETE
xgboost,13,0.35965362383909044,2026-09-29 22:36:07.756801,2026-09-29 22:36:10.671535,0 days 00:00:02.914734,0.8429237354943936,4.731665198181187,0.05328538142662523,2,24.021892014220242,4.858632558030253,14.146543789567863,0.631871324518589,94,"{""colsample_bytree"": 0.8429237354943936, ""gamma"": 4.731665198181187, ""learning_rate"": 0.05328538142662523, ""max_depth"": 2, ""min_child_weight"": 24.021892014220242, ""reg_alpha"": 4.858632558030253, ""reg_lambda"": 14.146543789567863, ""subsample"": 0.631871324518589}",COMPLETE
xgboost,14,0.3599827383271707,2026-09-29 22:36:10.671700,2026-09-29 22:36:13.916210,0 days 00:00:03.244510,0.8854755709751483,2.8051344275824057,0.04364193738896547,2,24.461937109843262,4.839684217181362,12.681815245414697,0.639083071403072,149,"{""colsample_bytree"": 0.8854755709751483, ""gamma"": 2.8051344275824057, ""learning_rate"": 0.04364193738896547, ""max_depth"": 2, ""min_child_weight"": 24.461937109843262, ""reg_alpha"": 4.839684217181362, ""reg_lambda"": 12.681815245414697, ""subsample"": 0.639083071403072}",COMPLETE
xgboost,15,0.35967863884860485,2026-09-29 22:36:13.916366,2026-09-29 22:36:17.163809,0 days 00:00:03.247443,0.8383280391984825,3.6855588632629455,0.038854467755756815,2,20.065861558297854,3.168122628537164,14.175029070768908,0.6553952856689801,109,"{""colsample_bytree"": 0.8383280391984825, ""gamma"": 3.6855588632629455, ""learning_rate"": 0.038854467755756815, ""max_depth"": 2, ""min_child_weight"": 20.065861558297854, ""reg_alpha"": 3.168122628537164, ""reg_lambda"": 14.175029070768908, ""subsample"": 0.6553952856689801}",COMPLETE
xgboost,16,0.3599177281724383,2026-09-29 22:36:17.163958,2026-09-29 22:36:20.214052,0 days 00:00:03.050094,0.8860681691403225,1.3209615125514145,0.051708369997698275,2,28.699655821392405,4.773214292566391,16.02668184400048,0.6707927120817916,113,"{""colsample_bytree"": 0.8860681691403225, ""gamma"": 1.3209615125514145, ""learning_rate"": 0.051708369997698275, ""max_depth"": 2, ""min_child_weight"": 28.699655821392405, ""reg_alpha"": 4.773214292566391, ""reg_lambda"": 16.02668184400048, ""subsample"": 0.6707927120817916}",COMPLETE
xgboost,17,0.3586621302762162,2026-09-29 22:36:20.214237,2026-09-29 22:36:24.098617,0 days 00:00:03.884380,0.8536172081102722,4.192363709262078,0.027377898317513347,2,48.843305360609165,4.847018058415723,18.974208607866252,0.6259138776411362,170,"{""colsample_bytree"": 0.8536172081102722, ""gamma"": 4.192363709262078, ""learning_rate"": 0.027377898317513347, ""max_depth"": 2, ""min_child_weight"": 48.843305360609165, ""reg_alpha"": 4.847018058415723, ""reg_lambda"": 18.974208607866252, ""subsample"": 0.6259138776411362}",COMPLETE
xgboost,18,0.3590676391089243,2026-09-29 22:36:24.098779,2026-09-29 22:36:27.171902,0 days 00:00:03.073123,0.8161586805050682,3.5865918863723936,0.04320671666915866,2,28.892014749931747,4.724395894978365,8.371260026973939,0.6004833296613779,121,"{""colsample_bytree"": 0.8161586805050682, ""gamma"": 3.5865918863723936, ""learning_rate"": 0.04320671666915866, ""max_depth"": 2, ""min_child_weight"": 28.892014749931747, ""reg_alpha"": 4.724395894978365, ""reg_lambda"": 8.371260026973939, ""subsample"": 0.6004833296613779}",COMPLETE
xgboost,19,0.35986394826340906,2026-09-29 22:36:27.172057,2026-09-29 22:36:30.040055,0 days 00:00:02.867998,0.7419046866393637,4.330844734406112,0.04501758825835784,2,33.382501946275056,3.830158804448338,17.3970970828462,0.7055274583173674,116,"{""colsample_bytree"": 0.7419046866393637, ""gamma"": 4.330844734406112, ""learning_rate"": 0.04501758825835784, ""max_depth"": 2, ""min_child_weight"": 33.382501946275056, ""reg_alpha"": 3.830158804448338, ""reg_lambda"": 17.3970970828462, ""subsample"": 0.7055274583173674}",COMPLETE
xgboost,20,0.3559959939735583,2026-09-29 22:36:30.040238,2026-09-29 22:36:34.025807,0 days 00:00:03.985569,0.8588391904607379,4.617320612136323,0.02345431734429426,2,19.57003666138815,3.473265943740319,17.09209372048975,0.6892906032860504,199,"{""colsample_bytree"": 0.8588391904607379, ""gamma"": 4.617320612136323, ""learning_rate"": 0.02345431734429426, ""max_depth"": 2, ""min_child_weight"": 19.57003666138815, ""reg_alpha"": 3.473265943740319, ""reg_lambda"": 17.09209372048975, ""subsample"": 0.6892906032860504}",COMPLETE
xgboost,21,0.3595321804867892,2026-09-29 22:36:34.025966,2026-09-29 22:36:37.276209,0 days 00:00:03.250243,0.8473293093999804,3.1411240986573574,0.04721736111565001,2,23.46130958983656,4.631120953840366,15.530028293934985,0.6692529953405969,117,"{""colsample_bytree"": 0.8473293093999804, ""gamma"": 3.1411240986573574, ""learning_rate"": 0.04721736111565001, ""max_depth"": 2, ""min_child_weight"": 23.46130958983656, ""reg_alpha"": 4.631120953840366, ""reg_lambda"": 15.530028293934985, ""subsample"": 0.6692529953405969}",COMPLETE
xgboost,22,0.3578937709162476,2026-09-29 22:36:37.276369,2026-09-29 22:36:40.019382,0 days 00:00:02.743013,0.8311681165583207,2.3790842681243003,0.05995939030792708,2,39.78287234450696,4.433512779709903,15.323523752774143,0.6892377322894802,94,"{""colsample_bytree"": 0.8311681165583207, ""gamma"": 2.3790842681243003, ""learning_rate"": 0.05995939030792708, ""max_depth"": 2, ""min_child_weight"": 39.78287234450696, ""reg_alpha"": 4.433512779709903, ""reg_lambda"": 15.323523752774143, ""subsample"": 0.6892377322894802}",COMPLETE
xgboost,23,0.35867162966729943,2026-09-29 22:36:40.019540,2026-09-29 22:36:43.114824,0 days 00:00:03.095284,0.8878433752398345,0.5808823074687436,0.04549953899511756,2,23.898913096673056,4.593654580037099,12.133274144019186,0.696580211824367,113,"{""colsample_bytree"": 0.8878433752398345, ""gamma"": 0.5808823074687436, ""learning_rate"": 0.04549953899511756, ""max_depth"": 2, ""min_child_weight"": 23.898913096673056, ""reg_alpha"": 4.593654580037099, ""reg_lambda"": 12.133274144019186, ""subsample"": 0.696580211824367}",COMPLETE
xgboost,24,0.36003383041303016,2026-09-29 22:36:43.114988,2026-09-29 22:36:45.933888,0 days 00:00:02.818900,0.8846477586436926,1.4569009773580188,0.04734752380713109,2,32.45836275688902,3.7515226944334343,15.365017515309692,0.7139859822950073,98,"{""colsample_bytree"": 0.8846477586436926, ""gamma"": 1.4569009773580188, ""learning_rate"": 0.04734752380713109, ""max_depth"": 2, ""min_child_weight"": 32.45836275688902, ""reg_alpha"": 3.7515226944334343, ""reg_lambda"": 15.365017515309692, ""subsample"": 0.7139859822950073}",COMPLETE
xgboost,25,0.3598938359275741,2026-09-29 22:36:45.934246,2026-09-29 22:36:49.102496,0 days 00:00:03.168250,0.8608732490025566,4.342807381713036,0.04220047392880596,2,22.637747334684065,4.996150844306901,19.857754683223227,0.626601827994622,127,"{""colsample_bytree"": 0.8608732490025566, ""gamma"": 4.342807381713036, ""learning_rate"": 0.04220047392880596, ""max_depth"": 2, ""min_child_weight"": 22.637747334684065, ""reg_alpha"": 4.996150844306901, ""reg_lambda"": 19.857754683223227, ""subsample"": 0.626601827994622}",COMPLETE
xgboost,26,0.3599233910379603,2026-09-29 22:36:49.102652,2026-09-29 22:36:53.144567,0 days 00:00:04.041915,0.8972035969834959,2.8326263348442207,0.027843405151093143,2,26.267758397075017,4.883465054942904,14.750740927301637,0.649066564715937,184,"{""colsample_bytree"": 0.8972035969834959, ""gamma"": 2.8326263348442207, ""learning_rate"": 0.027843405151093143, ""max_depth"": 2, ""min_child_weight"": 26.267758397075017, ""reg_alpha"": 4.883465054942904, ""reg_lambda"": 14.750740927301637, ""subsample"": 0.649066564715937}",COMPLETE
xgboost,27,0.35746955921074025,2026-09-29 22:36:53.144726,2026-09-29 22:36:56.737591,0 days 00:00:03.592865,0.8229776099790301,3.3649271512324668,0.029194407058804883,2,29.082803096071174,3.9155075716411485,11.626316323899715,0.6902274357086634,155,"{""colsample_bytree"": 0.8229776099790301, ""gamma"": 3.3649271512324668, ""learning_rate"": 0.029194407058804883, ""max_depth"": 2, ""min_child_weight"": 29.082803096071174, ""reg_alpha"": 3.9155075716411485, ""reg_lambda"": 11.626316323899715, ""subsample"": 0.6902274357086634}",COMPLETE
xgboost,28,0.3568646144501063,2026-09-29 22:36:56.737749,2026-09-29 22:37:00.409845,0 days 00:00:03.672096,0.8809850343087435,4.355083275023873,0.02740468038857997,2,32.937941855833415,4.366521755757438,14.23381833723429,0.6547433543603235,186,"{""colsample_bytree"": 0.8809850343087435, ""gamma"": 4.355083275023873, ""learning_rate"": 0.02740468038857997, ""max_depth"": 2, ""min_child_weight"": 32.937941855833415, ""reg_alpha"": 4.366521755757438, ""reg_lambda"": 14.23381833723429, ""subsample"": 0.6547433543603235}",COMPLETE
xgboost,29,0.36033951969551176,2026-09-29 22:37:00.409999,2026-09-29 22:37:03.256201,0 days 00:00:02.846202,0.8485513481534412,1.149108636917138,0.04807804644178733,2,33.42352649263927,3.975007020089097,13.88227202202578,0.728866141636358,123,"{""colsample_bytree"": 0.8485513481534412, ""gamma"": 1.149108636917138, ""learning_rate"": 0.04807804644178733, ""max_depth"": 2, ""min_child_weight"": 33.42352649263927, ""reg_alpha"": 3.975007020089097, ""reg_lambda"": 13.88227202202578, ""subsample"": 0.728866141636358}",COMPLETE
xgboost,30,0.3606874327269714,2026-09-29 22:37:03.256360,2026-09-29 22:37:06.388620,0 days 00:00:03.132260,0.8793074563381289,1.047434019390182,0.04530666110708682,2,37.373561003309014,2.8803589986617477,13.593990547408072,0.7406222892943796,123,"{""colsample_bytree"": 0.8793074563381289, ""gamma"": 1.047434019390182, ""learning_rate"": 0.04530666110708682, ""max_depth"": 2, ""min_child_weight"": 37.373561003309014, ""reg_alpha"": 2.8803589986617477, ""reg_lambda"": 13.593990547408072, ""subsample"": 0.7406222892943796}",COMPLETE
xgboost,31,0.3596787267767354,2026-09-29 22:37:06.388780,2026-09-29 22:37:09.197533,0 days 00:00:02.808753,0.8571316172516628,1.116505999327391,0.06007624579243596,2,31.639114835415846,2.764838323839039,14.47188798378543,0.7058723546428504,101,"{""colsample_bytree"": 0.8571316172516628, ""gamma"": 1.116505999327391, ""learning_rate"": 0.06007624579243596, ""max_depth"": 2, ""min_child_weight"": 31.639114835415846, ""reg_alpha"": 2.764838323839039, ""reg_lambda"": 14.47188798378543, ""subsample"": 0.7058723546428504}",COMPLETE
xgboost,32,0.3598016677870902,2026-09-29 22:37:09.197684,2026-09-29 22:37:12.430819,0 days 00:00:03.233135,0.8515710292859006,1.163090293938631,0.03850858096878085,2,40.54842650772144,2.8377220930280704,11.473543835645296,0.7913444518264441,139,"{""colsample_bytree"": 0.8515710292859006, ""gamma"": 1.163090293938631, ""learning_rate"": 0.03850858096878085, ""max_depth"": 2, ""min_child_weight"": 40.54842650772144, ""reg_alpha"": 2.8377220930280704, ""reg_lambda"": 11.473543835645296, ""subsample"": 0.7913444518264441}",COMPLETE
xgboost,33,0.3596372673070566,2026-09-29 22:37:12.430980,2026-09-29 22:37:15.886139,0 days 00:00:03.455159,0.8932588643572399,2.3071736667905753,0.03466562029138856,2,35.937521875631624,4.008232386868138,14.679962238121803,0.6313597892751779,139,"{""colsample_bytree"": 0.8932588643572399, ""gamma"": 2.3071736667905753, ""learning_rate"": 0.03466562029138856, ""max_depth"": 2, ""min_child_weight"": 35.937521875631624, ""reg_alpha"": 4.008232386868138, ""reg_lambda"": 14.679962238121803, ""subsample"": 0.6313597892751779}",COMPLETE
xgboost,34,0.3563040552957897,2026-09-29 22:37:15.886351,2026-09-29 22:37:19.391920,0 days 00:00:03.505569,0.8864688078953867,0.5948993945999382,0.030785920202991666,2,33.862877234025184,2.8456204028356296,14.096806108618228,0.7257836176362507,149,"{""colsample_bytree"": 0.8864688078953867, ""gamma"": 0.5948993945999382, ""learning_rate"": 0.030785920202991666, ""max_depth"": 2, ""min_child_weight"": 33.862877234025184, ""reg_alpha"": 2.8456204028356296, ""reg_lambda"": 14.096806108618228, ""subsample"": 0.7257836176362507}",COMPLETE
xgboost,35,0.36054135703311574,2026-09-29 22:37:19.392082,2026-09-29 22:37:22.562722,0 days 00:00:03.170640,0.8974472404139111,1.0560497055670353,0.045058692316045416,2,37.75474426505733,3.707478784000523,17.51500539668004,0.6836627474725286,116,"{""colsample_bytree"": 0.8974472404139111, ""gamma"": 1.0560497055670353, ""learning_rate"": 0.045058692316045416, ""max_depth"": 2, ""min_child_weight"": 37.75474426505733, ""reg_alpha"": 3.707478784000523, ""reg_lambda"": 17.51500539668004, ""subsample"": 0.6836627474725286}",COMPLETE
xgboost,36,0.3601664660724768,2026-09-29 22:37:22.562906,2026-09-29 22:37:25.288643,0 days 00:00:02.725737,0.7897997047522609,1.4663540800880868,0.05214927198276573,2,39.30362905887733,3.198756016269544,12.54470416171101,0.7230797772572072,105,"{""colsample_bytree"": 0.7897997047522609, ""gamma"": 1.4663540800880868, ""learning_rate"": 0.05214927198276573, ""max_depth"": 2, ""min_child_weight"": 39.30362905887733, ""reg_alpha"": 3.198756016269544, ""reg_lambda"": 12.54470416171101, ""subsample"": 0.7230797772572072}",COMPLETE
xgboost,37,0.3605102491831309,2026-09-29 22:37:25.288800,2026-09-29 22:37:28.637259,0 days 00:00:03.348459,0.8995256368655813,1.7522456082034032,0.03804434688578427,2,39.154079244822604,3.033174659948064,14.395631357565259,0.684527068550263,125,"{""colsample_bytree"": 0.8995256368655813, ""gamma"": 1.7522456082034032, ""learning_rate"": 0.03804434688578427, ""max_depth"": 2, ""min_child_weight"": 39.154079244822604, ""reg_alpha"": 3.033174659948064, ""reg_lambda"": 14.395631357565259, ""subsample"": 0.684527068550263}",COMPLETE
xgboost,38,0.35804543179801224,2026-09-29 22:37:28.637418,2026-09-29 22:37:31.966352,0 days 00:00:03.328934,0.8251229378785875,1.4332111539322703,0.03454297961735056,2,42.75778816239407,3.6374287208961587,15.825080249657239,0.7342148769320134,135,"{""colsample_bytree"": 0.8251229378785875, ""gamma"": 1.4332111539322703, ""learning_rate"": 0.03454297961735056, ""max_depth"": 2, ""min_child_weight"": 42.75778816239407, ""reg_alpha"": 3.6374287208961587, ""reg_lambda"": 15.825080249657239, ""subsample"": 0.7342148769320134}",COMPLETE
xgboost,39,0.35975801465355695,2026-09-29 22:37:31.966565,2026-09-29 22:37:34.920502,0 days 00:00:02.953937,0.845548313682747,1.0792504327255559,0.04759655188363809,2,38.249037036546994,3.6389895773272194,11.861621973135694,0.7731590389584494,108,"{""colsample_bytree"": 0.845548313682747, ""gamma"": 1.0792504327255559, ""learning_rate"": 0.04759655188363809, ""max_depth"": 2, ""min_child_weight"": 38.249037036546994, ""reg_alpha"": 3.6389895773272194, ""reg_lambda"": 11.861621973135694, ""subsample"": 0.7731590389584494}",COMPLETE
xgboost,40,0.35942228078074684,2026-09-29 22:37:34.920676,2026-09-29 22:37:38.262880,0 days 00:00:03.342204,0.890584932633321,1.398297111537945,0.0347953623908905,2,34.905040269524974,3.074855190919025,12.809909859867435,0.653590495259907,141,"{""colsample_bytree"": 0.890584932633321, ""gamma"": 1.398297111537945, ""learning_rate"": 0.0347953623908905, ""max_depth"": 2, ""min_child_weight"": 34.905040269524974, ""reg_alpha"": 3.074855190919025, ""reg_lambda"": 12.809909859867435, ""subsample"": 0.653590495259907}",COMPLETE
xgboost,41,0.3598871559887302,2026-09-29 22:37:38.263058,2026-09-29 22:37:41.278200,0 days 00:00:03.015142,0.8909793339771399,1.1963563807928992,0.05901217389984522,2,39.06541391346196,3.8277752435386048,17.467470647009456,0.7388261311609682,110,"{""colsample_bytree"": 0.8909793339771399, ""gamma"": 1.1963563807928992, ""learning_rate"": 0.05901217389984522, ""max_depth"": 2, ""min_child_weight"": 39.06541391346196, ""reg_alpha"": 3.8277752435386048, ""reg_lambda"": 17.467470647009456, ""subsample"": 0.7388261311609682}",COMPLETE
xgboost,42,0.35964837615626616,2026-09-29 22:37:41.278363,2026-09-29 22:37:44.639832,0 days 00:00:03.361469,0.8228099991550804,0.8558954488576993,0.0366870091668223,2,34.78494527345396,3.4357203570081847,15.763296891302991,0.6629961934684572,144,"{""colsample_bytree"": 0.8228099991550804, ""gamma"": 0.8558954488576993, ""learning_rate"": 0.0366870091668223, ""max_depth"": 2, ""min_child_weight"": 34.78494527345396, ""reg_alpha"": 3.4357203570081847, ""reg_lambda"": 15.763296891302991, ""subsample"": 0.6629961934684572}",COMPLETE
xgboost,43,0.35948412772720856,2026-09-29 22:37:44.639986,2026-09-29 22:37:47.826756,0 days 00:00:03.186770,0.8665253998084236,0.7169399265021501,0.04360455905262768,2,41.44605069117448,3.1108188896587343,18.809394124832764,0.6698879804567295,124,"{""colsample_bytree"": 0.8665253998084236, ""gamma"": 0.7169399265021501, ""learning_rate"": 0.04360455905262768, ""max_depth"": 2, ""min_child_weight"": 41.44605069117448, ""reg_alpha"": 3.1108188896587343, ""reg_lambda"": 18.809394124832764, ""subsample"": 0.6698879804567295}",COMPLETE
xgboost,44,0.3611420464899465,2026-09-29 22:37:47.826923,2026-09-29 22:37:51.213931,0 days 00:00:03.387008,0.8834959312771616,0.6365947443863453,0.04042048571253704,2,40.05773430515899,3.9294875150934505,13.56425506541379,0.7414926073050389,135,"{""colsample_bytree"": 0.8834959312771616, ""gamma"": 0.6365947443863453, ""learning_rate"": 0.04042048571253704, ""max_depth"": 2, ""min_child_weight"": 40.05773430515899, ""reg_alpha"": 3.9294875150934505, ""reg_lambda"": 13.56425506541379, ""subsample"": 0.7414926073050389}",COMPLETE
xgboost,45,0.3610661980950595,2026-09-29 22:37:51.214093,2026-09-29 22:37:54.246286,0 days 00:00:03.032193,0.8711068937642611,0.5816257013529536,0.04748817396908877,2,40.0485192762341,4.41288645742396,12.158744566162337,0.7273397433984174,122,"{""colsample_bytree"": 0.8711068937642611, ""gamma"": 0.5816257013529536, ""learning_rate"": 0.04748817396908877, ""max_depth"": 2, ""min_child_weight"": 40.0485192762341, ""reg_alpha"": 4.41288645742396, ""reg_lambda"": 12.158744566162337, ""subsample"": 0.7273397433984174}",COMPLETE
xgboost,46,0.3588029131867586,2026-09-29 22:37:54.246503,2026-09-29 22:37:57.026764,0 days 00:00:02.780261,0.8726244112787037,0.35673359658283094,0.05463758197836892,2,39.44769989040525,3.584629530950983,16.092579972090455,0.7071340278363216,94,"{""colsample_bytree"": 0.8726244112787037, ""gamma"": 0.35673359658283094, ""learning_rate"": 0.05463758197836892, ""max_depth"": 2, ""min_child_weight"": 39.44769989040525, ""reg_alpha"": 3.584629530950983, ""reg_lambda"": 16.092579972090455, ""subsample"": 0.7071340278363216}",COMPLETE
xgboost,47,0.36135714109452793,2026-09-29 22:37:57.026912,2026-09-29 22:38:00.100096,0 days 00:00:03.073184,0.879111859222557,0.5828264512932622,0.04310660530376265,2,32.469814338109906,4.27672872536166,13.109003004479263,0.7357524049123644,123,"{""colsample_bytree"": 0.879111859222557, ""gamma"": 0.5828264512932622, ""learning_rate"": 0.04310660530376265, ""max_depth"": 2, ""min_child_weight"": 32.469814338109906, ""reg_alpha"": 4.27672872536166, ""reg_lambda"": 13.109003004479263, ""subsample"": 0.7357524049123644}",COMPLETE
xgboost,48,0.36040619770758836,2026-09-29 22:38:00.100281,2026-09-29 22:38:03.438139,0 days 00:00:03.337858,0.8805392426164259,0.52614003065925,0.03750138343197544,2,34.390924958983575,3.834417714005198,12.568545612827515,0.7399168918219702,153,"{""colsample_bytree"": 0.8805392426164259, ""gamma"": 0.52614003065925, ""learning_rate"": 0.03750138343197544, ""max_depth"": 2, ""min_child_weight"": 34.390924958983575, ""reg_alpha"": 3.834417714005198, ""reg_lambda"": 12.568545612827515, ""subsample"": 0.7399168918219702}",COMPLETE
xgboost,49,0.3603795788521446,2026-09-29 22:38:03.438327,2026-09-29 22:38:06.462572,0 days 00:00:03.024245,0.8800087830352806,0.5111906402869966,0.04614372445705674,2,41.949032763778646,4.7752109374134335,11.592228366903774,0.7032262135726909,127,"{""colsample_bytree"": 0.8800087830352806, ""gamma"": 0.5111906402869966, ""learning_rate"": 0.04614372445705674, ""max_depth"": 2, ""min_child_weight"": 41.949032763778646, ""reg_alpha"": 4.7752109374134335, ""reg_lambda"": 11.592228366903774, ""subsample"": 0.7032262135726909}",COMPLETE
xgboost,50,0.35948911443709974,2026-09-29 22:38:06.462865,2026-09-29 22:38:09.718561,0 days 00:00:03.255696,0.8754509024874589,0.7370320349679522,0.03486713495350759,2,45.597208906772806,4.4932158639556015,11.816272369327521,0.7627306332618746,141,"{""colsample_bytree"": 0.8754509024874589, ""gamma"": 0.7370320349679522, ""learning_rate"": 0.03486713495350759, ""max_depth"": 2, ""min_child_weight"": 45.597208906772806, ""reg_alpha"": 4.4932158639556015, ""reg_lambda"": 11.816272369327521, ""subsample"": 0.7627306332618746}",COMPLETE
xgboost,51,0.3603933068030263,2026-09-29 22:38:09.718723,2026-09-29 22:38:12.565603,0 days 00:00:02.846880,0.8987762617990409,0.9582050350699318,0.05809038013785261,2,34.608440337681444,3.946251447138483,12.658426588728371,0.7176989721236471,111,"{""colsample_bytree"": 0.8987762617990409, ""gamma"": 0.9582050350699318, ""learning_rate"": 0.05809038013785261, ""max_depth"": 2, ""min_child_weight"": 34.608440337681444, ""reg_alpha"": 3.946251447138483, ""reg_lambda"": 12.658426588728371, ""subsample"": 0.7176989721236471}",COMPLETE
xgboost,52,0.3599993896381097,2026-09-29 22:38:12.565775,2026-09-29 22:38:15.547922,0 days 00:00:02.982147,0.8959352256327661,0.7528559431248317,0.05135670309417245,2,39.00617830900758,4.686661371681878,12.363798197077795,0.7301498823489025,124,"{""colsample_bytree"": 0.8959352256327661, ""gamma"": 0.7528559431248317, ""learning_rate"": 0.05135670309417245, ""max_depth"": 2, ""min_child_weight"": 39.00617830900758, ""reg_alpha"": 4.686661371681878, ""reg_lambda"": 12.363798197077795, ""subsample"": 0.7301498823489025}",COMPLETE
xgboost,53,0.3599416832468833,2026-09-29 22:38:15.548105,2026-09-29 22:38:18.889293,0 days 00:00:03.341188,0.8818312915861239,0.4585734786943475,0.037079771473437925,2,38.14366677601125,4.35344870020471,15.226288175660827,0.7061383977250001,135,"{""colsample_bytree"": 0.8818312915861239, ""gamma"": 0.4585734786943475, ""learning_rate"": 0.037079771473437925, ""max_depth"": 2, ""min_child_weight"": 38.14366677601125, ""reg_alpha"": 4.35344870020471, ""reg_lambda"": 15.226288175660827, ""subsample"": 0.7061383977250001}",COMPLETE
xgboost,54,0.35719485872045986,2026-09-29 22:38:18.889459,2026-09-29 22:38:21.897018,0 days 00:00:03.007559,0.8757827447792578,0.26568430598133824,0.05221568393510298,2,34.27911471278116,3.9246603614376223,13.598106787417425,0.7628663734001655,120,"{""colsample_bytree"": 0.8757827447792578, ""gamma"": 0.26568430598133824, ""learning_rate"": 0.05221568393510298, ""max_depth"": 2, ""min_child_weight"": 34.27911471278116, ""reg_alpha"": 3.9246603614376223, ""reg_lambda"": 13.598106787417425, ""subsample"": 0.7628663734001655}",COMPLETE
xgboost,55,0.35760200234792194,2026-09-29 22:38:21.897234,2026-09-29 22:38:24.878933,0 days 00:00:02.981699,0.877421896487446,0.7392817486637969,0.04292018465583404,2,36.81568894593991,4.177925522946922,13.519801733077415,0.722207320917104,123,"{""colsample_bytree"": 0.877421896487446, ""gamma"": 0.7392817486637969, ""learning_rate"": 0.04292018465583404, ""max_depth"": 2, ""min_child_weight"": 36.81568894593991, ""reg_alpha"": 4.177925522946922, ""reg_lambda"": 13.519801733077415, ""subsample"": 0.722207320917104}",COMPLETE
xgboost,56,0.35943306477720344,2026-09-29 22:38:24.879206,2026-09-29 22:38:28.147518,0 days 00:00:03.268312,0.8883180554632091,0.9653960916029098,0.040348159563755925,2,31.645558463563447,4.341443760382629,15.279388469214569,0.7254210900885222,138,"{""colsample_bytree"": 0.8883180554632091, ""gamma"": 0.9653960916029098, ""learning_rate"": 0.040348159563755925, ""max_depth"": 2, ""min_child_weight"": 31.645558463563447, ""reg_alpha"": 4.341443760382629, ""reg_lambda"": 15.279388469214569, ""subsample"": 0.7254210900885222}",COMPLETE
xgboost,57,0.36092085675843455,2026-09-29 22:38:28.147694,2026-09-29 22:38:31.249553,0 days 00:00:03.101859,0.8650863856598583,0.6861264618172754,0.04745295190194728,2,38.037127189048036,4.568579476021395,14.857023466632292,0.7667498432480846,129,"{""colsample_bytree"": 0.8650863856598583, ""gamma"": 0.6861264618172754, ""learning_rate"": 0.04745295190194728, ""max_depth"": 2, ""min_child_weight"": 38.037127189048036, ""reg_alpha"": 4.568579476021395, ""reg_lambda"": 14.857023466632292, ""subsample"": 0.7667498432480846}",COMPLETE
xgboost,58,0.36022057829554704,2026-09-29 22:38:31.249718,2026-09-29 22:38:34.752479,0 days 00:00:03.502761,0.8518244332723156,1.3575554591766714,0.03823994505814039,2,36.02978447006524,4.118586528467747,13.927384383782172,0.6914635034076809,129,"{""colsample_bytree"": 0.8518244332723156, ""gamma"": 1.3575554591766714, ""learning_rate"": 0.03823994505814039, ""max_depth"": 2, ""min_child_weight"": 36.02978447006524, ""reg_alpha"": 4.118586528467747, ""reg_lambda"": 13.927384383782172, ""subsample"": 0.6914635034076809}",COMPLETE
xgboost,59,0.3596306090474133,2026-09-29 22:38:34.752643,2026-09-29 22:38:37.428283,0 days 00:00:02.675640,0.8468475443781507,0.8110666591625352,0.06556172915962155,2,40.999542914839346,4.098371541462602,14.473901876856182,0.7666597307727012,98,"{""colsample_bytree"": 0.8468475443781507, ""gamma"": 0.8110666591625352, ""learning_rate"": 0.06556172915962155, ""max_depth"": 2, ""min_child_weight"": 40.999542914839346, ""reg_alpha"": 4.098371541462602, ""reg_lambda"": 14.473901876856182, ""subsample"": 0.7666597307727012}",COMPLETE
xgboost,60,0.3597693689414004,2026-09-29 22:38:37.428448,2026-09-29 22:38:40.603480,0 days 00:00:03.175032,0.8642852893095849,1.6223321252549086,0.04536236808760151,2,38.691970279054644,4.32789028454507,13.245517910160288,0.7475453509043871,114,"{""colsample_bytree"": 0.8642852893095849, ""gamma"": 1.6223321252549086, ""learning_rate"": 0.04536236808760151, ""max_depth"": 2, ""min_child_weight"": 38.691970279054644, ""reg_alpha"": 4.32789028454507, ""reg_lambda"": 13.245517910160288, ""subsample"": 0.7475453509043871}",COMPLETE
xgboost,61,0.3607293657376872,2026-09-29 22:38:40.603642,2026-09-29 22:38:44.031635,0 days 00:00:03.427993,0.8997036914690449,1.0426955179731965,0.03908735120648292,2,38.25517258036969,4.047364191363895,11.982747646269912,0.7342078504354095,146,"{""colsample_bytree"": 0.8997036914690449, ""gamma"": 1.0426955179731965, ""learning_rate"": 0.03908735120648292, ""max_depth"": 2, ""min_child_weight"": 38.25517258036969, ""reg_alpha"": 4.047364191363895, ""reg_lambda"": 11.982747646269912, ""subsample"": 0.7342078504354095}",COMPLETE
xgboost,62,0.36081637074320916,2026-09-29 22:38:44.031805,2026-09-29 22:38:47.393804,0 days 00:00:03.361999,0.8492845981032623,0.7355999094856575,0.04216817919211083,2,41.015962219285086,4.173945060191771,13.992840607866913,0.7523232536364703,125,"{""colsample_bytree"": 0.8492845981032623, ""gamma"": 0.7355999094856575, ""learning_rate"": 0.04216817919211083, ""max_depth"": 2, ""min_child_weight"": 41.015962219285086, ""reg_alpha"": 4.173945060191771, ""reg_lambda"": 13.992840607866913, ""subsample"": 0.7523232536364703}",COMPLETE
xgboost,63,0.3605468429179941,2026-09-29 22:38:47.393961,2026-09-29 22:38:50.768924,0 days 00:00:03.374963,0.8418846730552235,0.3688565274698184,0.04065734349528706,2,36.98792521068359,4.599900888035531,16.485018198536352,0.7360361345228004,127,"{""colsample_bytree"": 0.8418846730552235, ""gamma"": 0.3688565274698184, ""learning_rate"": 0.04065734349528706, ""max_depth"": 2, ""min_child_weight"": 36.98792521068359, ""reg_alpha"": 4.599900888035531, ""reg_lambda"": 16.485018198536352, ""subsample"": 0.7360361345228004}",COMPLETE
xgboost,64,0.36015245850312744,2026-09-29 22:38:50.769086,2026-09-29 22:38:54.288546,0 days 00:00:03.519460,0.8813190707273489,1.2780506255007276,0.03549982945219672,2,38.60683244238814,4.386565536193473,15.442083741805362,0.7328792961731045,134,"{""colsample_bytree"": 0.8813190707273489, ""gamma"": 1.2780506255007276, ""learning_rate"": 0.03549982945219672, ""max_depth"": 2, ""min_child_weight"": 38.60683244238814, ""reg_alpha"": 4.386565536193473, ""reg_lambda"": 15.442083741805362, ""subsample"": 0.7328792961731045}",COMPLETE
xgboost,65,0.361098132744808,2026-09-29 22:38:54.288698,2026-09-29 22:38:57.596428,0 days 00:00:03.307730,0.8867925091249654,0.17632825925389378,0.03663763122559964,2,41.441953805204776,3.8975090044614897,12.953648257293496,0.73289792646997,149,"{""colsample_bytree"": 0.8867925091249654, ""gamma"": 0.17632825925389378, ""learning_rate"": 0.03663763122559964, ""max_depth"": 2, ""min_child_weight"": 41.441953805204776, ""reg_alpha"": 3.8975090044614897, ""reg_lambda"": 12.953648257293496, ""subsample"": 0.73289792646997}",COMPLETE
xgboost,66,0.3603310987481468,2026-09-29 22:38:57.596593,2026-09-29 22:39:00.678709,0 days 00:00:03.082116,0.8902498077336978,0.5440585993194567,0.04001969725881792,2,39.09231723433535,4.264177117253178,14.469895992123869,0.7425996179821799,130,"{""colsample_bytree"": 0.8902498077336978, ""gamma"": 0.5440585993194567, ""learning_rate"": 0.04001969725881792, ""max_depth"": 2, ""min_child_weight"": 39.09231723433535, ""reg_alpha"": 4.264177117253178, ""reg_lambda"": 14.469895992123869, ""subsample"": 0.7425996179821799}",COMPLETE
xgboost,67,0.3600771514758444,2026-09-29 22:39:00.678862,2026-09-29 22:39:03.902903,0 days 00:00:03.224041,0.8717993722340416,0.9433645390617109,0.03806419339013047,2,43.854275001229446,4.264547964084041,13.511023463200768,0.7468880358187583,140,"{""colsample_bytree"": 0.8717993722340416, ""gamma"": 0.9433645390617109, ""learning_rate"": 0.03806419339013047, ""max_depth"": 2, ""min_child_weight"": 43.854275001229446, ""reg_alpha"": 4.264547964084041, ""reg_lambda"": 13.511023463200768, ""subsample"": 0.7468880358187583}",COMPLETE
xgboost,68,0.36053180858507017,2026-09-29 22:39:03.903064,2026-09-29 22:39:06.976725,0 days 00:00:03.073661,0.877989353142041,0.8140105263203791,0.04716144080838321,2,37.19181392578583,4.6078042983154,13.612348045732077,0.7567833992768859,127,"{""colsample_bytree"": 0.877989353142041, ""gamma"": 0.8140105263203791, ""learning_rate"": 0.04716144080838321, ""max_depth"": 2, ""min_child_weight"": 37.19181392578583, ""reg_alpha"": 4.6078042983154, ""reg_lambda"": 13.612348045732077, ""subsample"": 0.7567833992768859}",COMPLETE
xgboost,69,0.3599552709890081,2026-09-29 22:39:06.976917,2026-09-29 22:39:10.044678,0 days 00:00:03.067761,0.876386570828622,0.9519913670007775,0.0423913629671127,2,42.39555482446052,4.1460235267627255,13.764291521230303,0.715990051664971,121,"{""colsample_bytree"": 0.876386570828622, ""gamma"": 0.9519913670007775, ""learning_rate"": 0.0423913629671127, ""max_depth"": 2, ""min_child_weight"": 42.39555482446052, ""reg_alpha"": 4.1460235267627255, ""reg_lambda"": 13.764291521230303, ""subsample"": 0.715990051664971}",COMPLETE
xgboost,70,0.36021320995016104,2026-09-29 22:39:10.044828,2026-09-29 22:39:13.136002,0 days 00:00:03.091174,0.8078093613970265,0.68301830389532,0.0457549556323123,2,40.32387082619663,4.1934681025584375,14.579182662587234,0.746803267319615,117,"{""colsample_bytree"": 0.8078093613970265, ""gamma"": 0.68301830389532, ""learning_rate"": 0.0457549556323123, ""max_depth"": 2, ""min_child_weight"": 40.32387082619663, ""reg_alpha"": 4.1934681025584375, ""reg_lambda"": 14.579182662587234, ""subsample"": 0.746803267319615}",COMPLETE
xgboost,71,0.36062138108984243,2026-09-29 22:39:13.136159,2026-09-29 22:39:16.427046,0 days 00:00:03.290887,0.8730649142124656,0.6721379053810066,0.04252259960818959,2,32.0717782378277,4.39006870118789,13.236897942812318,0.7462447009735361,138,"{""colsample_bytree"": 0.8730649142124656, ""gamma"": 0.6721379053810066, ""learning_rate"": 0.04252259960818959, ""max_depth"": 2, ""min_child_weight"": 32.0717782378277, ""reg_alpha"": 4.39006870118789, ""reg_lambda"": 13.236897942812318, ""subsample"": 0.7462447009735361}",COMPLETE
xgboost,72,0.3599629116785508,2026-09-29 22:39:16.427266,2026-09-29 22:39:19.705084,0 days 00:00:03.277818,0.8901920452670988,0.16624076542124422,0.03993251990766509,2,40.62239014327077,4.759802659450456,15.013364556257352,0.7314899291320514,129,"{""colsample_bytree"": 0.8901920452670988, ""gamma"": 0.16624076542124422, ""learning_rate"": 0.03993251990766509, ""max_depth"": 2, ""min_child_weight"": 40.62239014327077, ""reg_alpha"": 4.759802659450456, ""reg_lambda"": 15.013364556257352, ""subsample"": 0.7314899291320514}",COMPLETE
xgboost,73,0.3606512525465713,2026-09-29 22:39:19.705311,2026-09-29 22:39:23.372592,0 days 00:00:03.667281,0.8905743940259102,1.039397575620693,0.03296536795318608,2,37.10490714954415,4.208881969608984,11.657812594389894,0.7009868456764,158,"{""colsample_bytree"": 0.8905743940259102, ""gamma"": 1.039397575620693, ""learning_rate"": 0.03296536795318608, ""max_depth"": 2, ""min_child_weight"": 37.10490714954415, ""reg_alpha"": 4.208881969608984, ""reg_lambda"": 11.657812594389894, ""subsample"": 0.7009868456764}",COMPLETE
xgboost,74,0.3598526125765946,2026-09-29 22:39:23.372758,2026-09-29 22:39:26.368677,0 days 00:00:02.995919,0.839385071039354,0.7930378120902746,0.04498868840572131,2,37.29562536561243,4.726108424879379,13.56673103927866,0.7779994687280583,123,"{""colsample_bytree"": 0.839385071039354, ""gamma"": 0.7930378120902746, ""learning_rate"": 0.04498868840572131, ""max_depth"": 2, ""min_child_weight"": 37.29562536561243, ""reg_alpha"": 4.726108424879379, ""reg_lambda"": 13.56673103927866, ""subsample"": 0.7779994687280583}",COMPLETE
xgboost,75,0.3599856722466056,2026-09-29 22:39:26.368980,2026-09-29 22:39:29.391291,0 days 00:00:03.022311,0.8518239138168564,0.09432246595029366,0.04763570115960099,2,46.129806528778516,3.8628087192101863,13.04002833753561,0.7534393250037513,115,"{""colsample_bytree"": 0.8518239138168564, ""gamma"": 0.09432246595029366, ""learning_rate"": 0.04763570115960099, ""max_depth"": 2, ""min_child_weight"": 46.129806528778516, ""reg_alpha"": 3.8628087192101863, ""reg_lambda"": 13.04002833753561, ""subsample"": 0.7534393250037513}",COMPLETE
xgboost,76,0.36038605075542807,2026-09-29 22:39:29.391442,2026-09-29 22:39:32.284098,0 days 00:00:02.892656,0.8748805646667124,0.2778967079288662,0.05266976807433251,2,40.026520456121816,4.7699045606173724,11.558123409352966,0.7267845854934487,107,"{""colsample_bytree"": 0.8748805646667124, ""gamma"": 0.2778967079288662, ""learning_rate"": 0.05266976807433251, ""max_depth"": 2, ""min_child_weight"": 40.026520456121816, ""reg_alpha"": 4.7699045606173724, ""reg_lambda"": 11.558123409352966, ""subsample"": 0.7267845854934487}",COMPLETE
xgboost,77,0.3605544050108464,2026-09-29 22:39:32.284294,2026-09-29 22:39:35.196306,0 days 00:00:02.912012,0.8508036182524177,0.44516379083090096,0.04323678799382131,2,38.80547460507122,4.185942006055054,14.402976473536329,0.7272307322970657,115,"{""colsample_bytree"": 0.8508036182524177, ""gamma"": 0.44516379083090096, ""learning_rate"": 0.04323678799382131, ""max_depth"": 2, ""min_child_weight"": 38.80547460507122, ""reg_alpha"": 4.185942006055054, ""reg_lambda"": 14.402976473536329, ""subsample"": 0.7272307322970657}",COMPLETE
xgboost,78,0.3609464365395994,2026-09-29 22:39:35.196471,2026-09-29 22:39:38.384792,0 days 00:00:03.188321,0.8914999602393923,0.014717827120543758,0.04248205051034556,2,38.371330491241956,4.16562155065865,13.375591826225211,0.7388951229115471,123,"{""colsample_bytree"": 0.8914999602393923, ""gamma"": 0.014717827120543758, ""learning_rate"": 0.04248205051034556, ""max_depth"": 2, ""min_child_weight"": 38.371330491241956, ""reg_alpha"": 4.16562155065865, ""reg_lambda"": 13.375591826225211, ""subsample"": 0.7388951229115471}",COMPLETE
xgboost,79,0.3608647474871213,2026-09-29 22:39:38.384952,2026-09-29 22:39:41.417293,0 days 00:00:03.032341,0.8765158783184104,0.7286111834988491,0.04644647721520698,2,37.61444973933937,3.659754538881229,11.941126959416865,0.7415728628375984,110,"{""colsample_bytree"": 0.8765158783184104, ""gamma"": 0.7286111834988491, ""learning_rate"": 0.04644647721520698, ""max_depth"": 2, ""min_child_weight"": 37.61444973933937, ""reg_alpha"": 3.659754538881229, ""reg_lambda"": 11.941126959416865, ""subsample"": 0.7415728628375984}",COMPLETE
xgboost,80,0.3599537816808396,2026-09-29 22:39:41.417462,2026-09-29 22:39:44.932852,0 days 00:00:03.515390,0.8867309562465597,0.6425504083726583,0.03461276312829086,2,39.96120115460334,3.9582883547063914,11.960899131569548,0.7499935145928632,138,"{""colsample_bytree"": 0.8867309562465597, ""gamma"": 0.6425504083726583, ""learning_rate"": 0.03461276312829086, ""max_depth"": 2, ""min_child_weight"": 39.96120115460334, ""reg_alpha"": 3.9582883547063914, ""reg_lambda"": 11.960899131569548, ""subsample"": 0.7499935145928632}",COMPLETE
xgboost,81,0.36055175531248873,2026-09-29 22:39:44.933002,2026-09-29 22:39:47.928015,0 days 00:00:02.995013,0.8961198065169867,0.4891513116925837,0.04251824135155764,2,44.47502103049378,4.045142665319598,14.289621327620988,0.7433696933660879,125,"{""colsample_bytree"": 0.8961198065169867, ""gamma"": 0.4891513116925837, ""learning_rate"": 0.04251824135155764, ""max_depth"": 2, ""min_child_weight"": 44.47502103049378, ""reg_alpha"": 4.045142665319598, ""reg_lambda"": 14.289621327620988, ""subsample"": 0.7433696933660879}",COMPLETE
xgboost,82,0.359306699932023,2026-09-29 22:39:47.928163,2026-09-29 22:39:50.845186,0 days 00:00:02.917023,0.8835197092357224,1.0124494089427167,0.05051964400407269,2,37.702048042288595,4.208093059715605,14.560307731027102,0.736533626379047,111,"{""colsample_bytree"": 0.8835197092357224, ""gamma"": 1.0124494089427167, ""learning_rate"": 0.05051964400407269, ""max_depth"": 2, ""min_child_weight"": 37.702048042288595, ""reg_alpha"": 4.208093059715605, ""reg_lambda"": 14.560307731027102, ""subsample"": 0.736533626379047}",COMPLETE
xgboost,83,0.360479786676298,2026-09-29 22:39:50.845364,2026-09-29 22:39:53.896555,0 days 00:00:03.051191,0.8898437170662645,0.8574455690637209,0.04264628944214033,2,38.69595188147599,3.7455213919311006,10.902401019323433,0.7319051464457083,108,"{""colsample_bytree"": 0.8898437170662645, ""gamma"": 0.8574455690637209, ""learning_rate"": 0.04264628944214033, ""max_depth"": 2, ""min_child_weight"": 38.69595188147599, ""reg_alpha"": 3.7455213919311006, ""reg_lambda"": 10.902401019323433, ""subsample"": 0.7319051464457083}",COMPLETE
xgboost,84,0.3607525713364966,2026-09-29 22:39:53.896728,2026-09-29 22:39:56.927026,0 days 00:00:03.030298,0.8699563479773863,0.319254871101022,0.050337754372872384,2,38.745039997992514,4.155759727594529,14.245113477852373,0.7440501346264021,130,"{""colsample_bytree"": 0.8699563479773863, ""gamma"": 0.319254871101022, ""learning_rate"": 0.050337754372872384, ""max_depth"": 2, ""min_child_weight"": 38.745039997992514, ""reg_alpha"": 4.155759727594529, ""reg_lambda"": 14.245113477852373, ""subsample"": 0.7440501346264021}",COMPLETE
xgboost,85,0.3612563774615078,2026-09-29 22:39:56.927177,2026-09-29 22:39:59.916027,0 days 00:00:02.988850,0.8664566041138998,0.1920340540075511,0.05039147767903124,2,37.5207143432355,3.996223740048355,15.01442545222943,0.7547073698741996,114,"{""colsample_bytree"": 0.8664566041138998, ""gamma"": 0.1920340540075511, ""learning_rate"": 0.05039147767903124, ""max_depth"": 2, ""min_child_weight"": 37.5207143432355, ""reg_alpha"": 3.996223740048355, ""reg_lambda"": 15.01442545222943, ""subsample"": 0.7547073698741996}",COMPLETE
xgboost,86,0.36031517947313796,2026-09-29 22:39:59.916221,2026-09-29 22:40:03.177056,0 days 00:00:03.260835,0.8642061222501386,0.12671167714078518,0.03843690432366612,2,39.81935558812012,4.372383181967859,12.01313254581393,0.743473321376839,130,"{""colsample_bytree"": 0.8642061222501386, ""gamma"": 0.12671167714078518, ""learning_rate"": 0.03843690432366612, ""max_depth"": 2, ""min_child_weight"": 39.81935558812012, ""reg_alpha"": 4.372383181967859, ""reg_lambda"": 12.01313254581393, ""subsample"": 0.743473321376839}",COMPLETE
xgboost,87,0.36036572889780566,2026-09-29 22:40:03.177273,2026-09-29 22:40:06.281834,0 days 00:00:03.104561,0.8747646875070573,0.3072703731333878,0.042491161371498984,2,32.08242161827855,4.1404284897998425,14.399013730090733,0.7439399780046501,127,"{""colsample_bytree"": 0.8747646875070573, ""gamma"": 0.3072703731333878, ""learning_rate"": 0.042491161371498984, ""max_depth"": 2, ""min_child_weight"": 32.08242161827855, ""reg_alpha"": 4.1404284897998425, ""reg_lambda"": 14.399013730090733, ""subsample"": 0.7439399780046501}",COMPLETE
xgboost,88,0.36081162383815124,2026-09-29 22:40:06.282001,2026-09-29 22:40:09.388699,0 days 00:00:03.106698,0.8826782072574652,0.036959969418897495,0.045885518661426594,2,35.5303064162973,4.525829406292145,14.764151497664713,0.7406863401881134,122,"{""colsample_bytree"": 0.8826782072574652, ""gamma"": 0.036959969418897495, ""learning_rate"": 0.045885518661426594, ""max_depth"": 2, ""min_child_weight"": 35.5303064162973, ""reg_alpha"": 4.525829406292145, ""reg_lambda"": 14.764151497664713, ""subsample"": 0.7406863401881134}",COMPLETE
xgboost,89,0.36039850191232253,2026-09-29 22:40:09.388853,2026-09-29 22:40:12.574694,0 days 00:00:03.185841,0.8630042015201445,0.30878783347823285,0.03942639009698186,2,38.36688613394359,4.506036662325626,15.317950804678672,0.7615389582319376,125,"{""colsample_bytree"": 0.8630042015201445, ""gamma"": 0.30878783347823285, ""learning_rate"": 0.03942639009698186, ""max_depth"": 2, ""min_child_weight"": 38.36688613394359, ""reg_alpha"": 4.506036662325626, ""reg_lambda"": 15.317950804678672, ""subsample"": 0.7615389582319376}",COMPLETE
xgboost,90,0.3607256881113414,2026-09-29 22:40:12.574848,2026-09-29 22:40:15.579986,0 days 00:00:03.005138,0.8794621824160739,0.8966949207507193,0.04400062234286519,2,40.21506879449219,4.3401156884021495,14.05262031617539,0.7650407894620201,116,"{""colsample_bytree"": 0.8794621824160739, ""gamma"": 0.8966949207507193, ""learning_rate"": 0.04400062234286519, ""max_depth"": 2, ""min_child_weight"": 40.21506879449219, ""reg_alpha"": 4.3401156884021495, ""reg_lambda"": 14.05262031617539, ""subsample"": 0.7650407894620201}",COMPLETE
xgboost,91,0.36065256910637233,2026-09-29 22:40:15.580191,2026-09-29 22:40:18.853192,0 days 00:00:03.273001,0.8675580692141881,0.014889590651861502,0.03898643937997103,2,38.21804491317133,3.993442740464364,14.26283335474055,0.7101142352920772,145,"{""colsample_bytree"": 0.8675580692141881, ""gamma"": 0.014889590651861502, ""learning_rate"": 0.03898643937997103, ""max_depth"": 2, ""min_child_weight"": 38.21804491317133, ""reg_alpha"": 3.993442740464364, ""reg_lambda"": 14.26283335474055, ""subsample"": 0.7101142352920772}",COMPLETE
xgboost,92,0.36032718718032064,2026-09-29 22:40:18.853357,2026-09-29 22:40:22.260699,0 days 00:00:03.407342,0.8758240521692059,0.3263234824054962,0.03951654267636498,2,41.046894929798334,3.6308647595209766,12.473221617985125,0.7523715815323145,122,"{""colsample_bytree"": 0.8758240521692059, ""gamma"": 0.3263234824054962, ""learning_rate"": 0.03951654267636498, ""max_depth"": 2, ""min_child_weight"": 41.046894929798334, ""reg_alpha"": 3.6308647595209766, ""reg_lambda"": 12.473221617985125, ""subsample"": 0.7523715815323145}",COMPLETE
xgboost,93,0.36060612868280306,2026-09-29 22:40:22.260875,2026-09-29 22:40:25.248752,0 days 00:00:02.987877,0.8818773058604268,0.39830454945180427,0.047002473738604035,2,37.301546917511395,4.10286211195906,15.283029137999668,0.7233070628045628,120,"{""colsample_bytree"": 0.8818773058604268, ""gamma"": 0.39830454945180427, ""learning_rate"": 0.047002473738604035, ""max_depth"": 2, ""min_child_weight"": 37.301546917511395, ""reg_alpha"": 4.10286211195906, ""reg_lambda"": 15.283029137999668, ""subsample"": 0.7233070628045628}",COMPLETE
xgboost,94,0.3581740640455462,2026-09-29 22:40:25.248909,2026-09-29 22:40:28.156402,0 days 00:00:02.907493,0.8523453431614172,0.3829289574574786,0.03816527831618654,2,41.462535589846034,3.9317948898023314,13.721683067094794,0.7525674781689785,122,"{""colsample_bytree"": 0.8523453431614172, ""gamma"": 0.3829289574574786, ""learning_rate"": 0.03816527831618654, ""max_depth"": 2, ""min_child_weight"": 41.462535589846034, ""reg_alpha"": 3.9317948898023314, ""reg_lambda"": 13.721683067094794, ""subsample"": 0.7525674781689785}",COMPLETE
xgboost,95,0.3606389327434276,2026-09-29 22:40:28.156569,2026-09-29 22:40:31.577903,0 days 00:00:03.421334,0.8597994971886168,0.003880646592275605,0.03497444724341155,2,39.061604422044574,4.0616038930363505,13.639623683279954,0.7418915702490888,159,"{""colsample_bytree"": 0.8597994971886168, ""gamma"": 0.003880646592275605, ""learning_rate"": 0.03497444724341155, ""max_depth"": 2, ""min_child_weight"": 39.061604422044574, ""reg_alpha"": 4.0616038930363505, ""reg_lambda"": 13.639623683279954, ""subsample"": 0.7418915702490888}",COMPLETE
xgboost,96,0.36054983020128084,2026-09-29 22:40:31.578064,2026-09-29 22:40:34.350623,0 days 00:00:02.772559,0.8560512776680679,0.38550109200063354,0.05384637732888164,2,37.51738199347245,3.9462213537396202,14.976018350076478,0.7572182265553125,115,"{""colsample_bytree"": 0.8560512776680679, ""gamma"": 0.38550109200063354, ""learning_rate"": 0.05384637732888164, ""max_depth"": 2, ""min_child_weight"": 37.51738199347245, ""reg_alpha"": 3.9462213537396202, ""reg_lambda"": 14.976018350076478, ""subsample"": 0.7572182265553125}",COMPLETE
xgboost,97,0.3604042278421008,2026-09-29 22:40:34.350790,2026-09-29 22:40:37.282342,0 days 00:00:02.931552,0.8917540567777585,0.2540909600345869,0.046827763265307784,2,38.86277505632378,3.9487425943840346,13.254736079490403,0.7082480874675883,122,"{""colsample_bytree"": 0.8917540567777585, ""gamma"": 0.2540909600345869, ""learning_rate"": 0.046827763265307784, ""max_depth"": 2, ""min_child_weight"": 38.86277505632378, ""reg_alpha"": 3.9487425943840346, ""reg_lambda"": 13.254736079490403, ""subsample"": 0.7082480874675883}",COMPLETE
xgboost,98,0.3605901846657889,2026-09-29 22:40:37.282552,2026-09-29 22:40:40.448744,0 days 00:00:03.166192,0.8903605049311784,0.8068054929091931,0.04296459089213897,2,41.24130557496841,3.5737111597149553,12.602448767741656,0.7593276001272071,131,"{""colsample_bytree"": 0.8903605049311784, ""gamma"": 0.8068054929091931, ""learning_rate"": 0.04296459089213897, ""max_depth"": 2, ""min_child_weight"": 41.24130557496841, ""reg_alpha"": 3.5737111597149553, ""reg_lambda"": 12.602448767741656, ""subsample"": 0.7593276001272071}",COMPLETE
xgboost,99,0.360679481295588,2026-09-29 22:40:40.448902,2026-09-29 22:40:43.803042,0 days 00:00:03.354140,0.8982221899245105,0.32172337108591964,0.038125009803984033,2,37.401630648442804,4.236882146731142,13.375498027303344,0.736196852626469,156,"{""colsample_bytree"": 0.8982221899245105, ""gamma"": 0.32172337108591964, ""learning_rate"": 0.038125009803984033, ""max_depth"": 2, ""min_child_weight"": 37.401630648442804, ""reg_alpha"": 4.236882146731142, ""reg_lambda"": 13.375498027303344, ""subsample"": 0.736196852626469}",COMPLETE
xgboost,100,0.36058228451579777,2026-09-29 22:40:43.803402,2026-09-29 22:40:46.755994,0 days 00:00:02.952592,0.8560744791206962,0.34942213260612465,0.04838772150783222,2,33.9376689763063,4.406910902664223,13.769533765137755,0.7393796199866867,112,"{""colsample_bytree"": 0.8560744791206962, ""gamma"": 0.34942213260612465, ""learning_rate"": 0.04838772150783222, ""max_depth"": 2, ""min_child_weight"": 33.9376689763063, ""reg_alpha"": 4.406910902664223, ""reg_lambda"": 13.769533765137755, ""subsample"": 0.7393796199866867}",COMPLETE
xgboost,101,0.3604865994510748,2026-09-29 22:40:46.756218,2026-09-29 22:40:50.121226,0 days 00:00:03.365008,0.8895270721616985,0.19862249604275806,0.04329740200109898,2,36.51001499601097,4.279192102804546,14.347357423101261,0.7753677044938024,134,"{""colsample_bytree"": 0.8895270721616985, ""gamma"": 0.19862249604275806, ""learning_rate"": 0.04329740200109898, ""max_depth"": 2, ""min_child_weight"": 36.51001499601097, ""reg_alpha"": 4.279192102804546, ""reg_lambda"": 14.347357423101261, ""subsample"": 0.7753677044938024}",COMPLETE
xgboost,102,0.3605912085965094,2026-09-29 22:40:50.121393,2026-09-29 22:40:53.204219,0 days 00:00:03.082826,0.8830638316877593,0.28235439123376316,0.05052947133447661,2,36.48626788907579,3.998172842350243,12.297096967863887,0.7440038250515207,115,"{""colsample_bytree"": 0.8830638316877593, ""gamma"": 0.28235439123376316, ""learning_rate"": 0.05052947133447661, ""max_depth"": 2, ""min_child_weight"": 36.48626788907579, ""reg_alpha"": 3.998172842350243, ""reg_lambda"": 12.297096967863887, ""subsample"": 0.7440038250515207}",COMPLETE
xgboost,103,0.36049165880084943,2026-09-29 22:40:53.204370,2026-09-29 22:40:56.249709,0 days 00:00:03.045339,0.8710009509120079,0.02361959807709591,0.046576428956155345,2,33.08360946179394,4.564149041074696,14.632622388263988,0.74175096600234,125,"{""colsample_bytree"": 0.8710009509120079, ""gamma"": 0.02361959807709591, ""learning_rate"": 0.046576428956155345, ""max_depth"": 2, ""min_child_weight"": 33.08360946179394, ""reg_alpha"": 4.564149041074696, ""reg_lambda"": 14.632622388263988, ""subsample"": 0.74175096600234}",COMPLETE
xgboost,104,0.3614078881373707,2026-09-29 22:40:56.249862,2026-09-29 22:40:59.127728,0 days 00:00:02.877866,0.8806149388291891,0.04787744030500818,0.050367178515461325,2,42.095141018479566,3.716272046677854,13.553341712026914,0.7285579774305644,111,"{""colsample_bytree"": 0.8806149388291891, ""gamma"": 0.04787744030500818, ""learning_rate"": 0.050367178515461325, ""max_depth"": 2, ""min_child_weight"": 42.095141018479566, ""reg_alpha"": 3.716272046677854, ""reg_lambda"": 13.553341712026914, ""subsample"": 0.7285579774305644}",COMPLETE
xgboost,105,0.3601122027772869,2026-09-29 22:40:59.127885,2026-09-29 22:41:02.421726,0 days 00:00:03.293841,0.8523112693422533,0.34845950079836374,0.04798559210515441,2,34.1914837804814,4.036047669089021,14.824748505089055,0.7549982682018203,129,"{""colsample_bytree"": 0.8523112693422533, ""gamma"": 0.34845950079836374, ""learning_rate"": 0.04798559210515441, ""max_depth"": 2, ""min_child_weight"": 34.1914837804814, ""reg_alpha"": 4.036047669089021, ""reg_lambda"": 14.824748505089055, ""subsample"": 0.7549982682018203}",COMPLETE
xgboost,106,0.3613899582852154,2026-09-29 22:41:02.421874,2026-09-29 22:41:05.535502,0 days 00:00:03.113628,0.8501358419941362,0.0014684624994775117,0.04669347353349863,2,40.02594336091031,4.171558787421672,13.30901524541581,0.7364504836891282,130,"{""colsample_bytree"": 0.8501358419941362, ""gamma"": 0.0014684624994775117, ""learning_rate"": 0.04669347353349863, ""max_depth"": 2, ""min_child_weight"": 40.02594336091031, ""reg_alpha"": 4.171558787421672, ""reg_lambda"": 13.30901524541581, ""subsample"": 0.7364504836891282}",COMPLETE
xgboost,107,0.3607088312398728,2026-09-29 22:41:05.535653,2026-09-29 22:41:08.416706,0 days 00:00:02.881053,0.8363515137774916,0.038205012052481724,0.048604371663203166,2,42.83620382357232,3.9732792575918303,13.091933273140928,0.738204441915284,102,"{""colsample_bytree"": 0.8363515137774916, ""gamma"": 0.038205012052481724, ""learning_rate"": 0.048604371663203166, ""max_depth"": 2, ""min_child_weight"": 42.83620382357232, ""reg_alpha"": 3.9732792575918303, ""reg_lambda"": 13.091933273140928, ""subsample"": 0.738204441915284}",COMPLETE
xgboost,108,0.36116617564224696,2026-09-29 22:41:08.416863,2026-09-29 22:41:11.462520,0 days 00:00:03.045657,0.8938694531807733,0.17998223457685475,0.04691866317611264,2,36.65730103996898,4.416737890099626,13.495436255221332,0.7261416392837413,108,"{""colsample_bytree"": 0.8938694531807733, ""gamma"": 0.17998223457685475, ""learning_rate"": 0.04691866317611264, ""max_depth"": 2, ""min_child_weight"": 36.65730103996898, ""reg_alpha"": 4.416737890099626, ""reg_lambda"": 13.495436255221332, ""subsample"": 0.7261416392837413}",COMPLETE
xgboost,109,0.35939546913569054,2026-09-29 22:41:11.462743,2026-09-29 22:41:14.561191,0 days 00:00:03.098448,0.8666825546896212,0.4648354639891782,0.036892659798188676,2,41.66407921005299,4.288037213468755,13.275816370665048,0.7303923466245663,115,"{""colsample_bytree"": 0.8666825546896212, ""gamma"": 0.4648354639891782, ""learning_rate"": 0.036892659798188676, ""max_depth"": 2, ""min_child_weight"": 41.66407921005299, ""reg_alpha"": 4.288037213468755, ""reg_lambda"": 13.275816370665048, ""subsample"": 0.7303923466245663}",COMPLETE
xgboost,110,0.3599040202388123,2026-09-29 22:41:14.561372,2026-09-29 22:41:17.921762,0 days 00:00:03.360390,0.8846525380650565,0.4413508983968735,0.036754106183992684,2,34.030032308034166,4.017322416255233,13.518662777719737,0.7216309319678158,124,"{""colsample_bytree"": 0.8846525380650565, ""gamma"": 0.4413508983968735, ""learning_rate"": 0.036754106183992684, ""max_depth"": 2, ""min_child_weight"": 34.030032308034166, ""reg_alpha"": 4.017322416255233, ""reg_lambda"": 13.518662777719737, ""subsample"": 0.7216309319678158}",COMPLETE
xgboost,111,0.3615020098866361,2026-09-29 22:41:17.921914,2026-09-29 22:41:20.976363,0 days 00:00:03.054449,0.88445285644301,0.14761843040500527,0.051300674551307886,2,40.68948014245944,4.736595435677015,13.23089873526799,0.7375389491708817,110,"{""colsample_bytree"": 0.88445285644301, ""gamma"": 0.14761843040500527, ""learning_rate"": 0.051300674551307886, ""max_depth"": 2, ""min_child_weight"": 40.68948014245944, ""reg_alpha"": 4.736595435677015, ""reg_lambda"": 13.23089873526799, ""subsample"": 0.7375389491708817}",COMPLETE
xgboost,112,0.3582053652019757,2026-09-29 22:41:20.976526,2026-09-29 22:41:24.315581,0 days 00:00:03.339055,0.8790898783701064,0.055774132147011546,0.03792413555355227,2,40.342244943482605,3.703239163614555,14.436981498258254,0.7287838145355624,129,"{""colsample_bytree"": 0.8790898783701064, ""gamma"": 0.055774132147011546, ""learning_rate"": 0.03792413555355227, ""max_depth"": 2, ""min_child_weight"": 40.342244943482605, ""reg_alpha"": 3.703239163614555, ""reg_lambda"": 14.436981498258254, ""subsample"": 0.7287838145355624}",COMPLETE
xgboost,113,0.3599006688176758,2026-09-29 22:41:24.315733,2026-09-29 22:41:27.252207,0 days 00:00:02.936474,0.8985369911897184,0.24977311665290272,0.050003476062856295,2,40.34401516721723,4.474807403778424,13.229766391649669,0.7312355101258207,113,"{""colsample_bytree"": 0.8985369911897184, ""gamma"": 0.24977311665290272, ""learning_rate"": 0.050003476062856295, ""max_depth"": 2, ""min_child_weight"": 40.34401516721723, ""reg_alpha"": 4.474807403778424, ""reg_lambda"": 13.229766391649669, ""subsample"": 0.7312355101258207}",COMPLETE
xgboost,114,0.35831975616346357,2026-09-29 22:41:27.252372,2026-09-29 22:41:29.891517,0 days 00:00:02.639145,0.8961802517445443,0.010217276768923624,0.0523320109091736,2,42.72237270270909,3.893510833646251,13.610373915861533,0.720599197631583,99,"{""colsample_bytree"": 0.8961802517445443, ""gamma"": 0.010217276768923624, ""learning_rate"": 0.0523320109091736, ""max_depth"": 2, ""min_child_weight"": 42.72237270270909, ""reg_alpha"": 3.893510833646251, ""reg_lambda"": 13.610373915861533, ""subsample"": 0.720599197631583}",COMPLETE
xgboost,115,0.3600387331545518,2026-09-29 22:41:29.891687,2026-09-29 22:41:32.848545,0 days 00:00:02.956858,0.8601637144254743,0.0031076909182172433,0.053139172395088,2,39.739619329840295,4.316319550483418,12.698371920193821,0.7425756664381729,111,"{""colsample_bytree"": 0.8601637144254743, ""gamma"": 0.0031076909182172433, ""learning_rate"": 0.053139172395088, ""max_depth"": 2, ""min_child_weight"": 39.739619329840295, ""reg_alpha"": 4.316319550483418, ""reg_lambda"": 12.698371920193821, ""subsample"": 0.7425756664381729}",COMPLETE
xgboost,116,0.36080491588698477,2026-09-29 22:41:32.848706,2026-09-29 22:41:35.918238,0 days 00:00:03.069532,0.8723496909240119,0.508236914800773,0.05164011787483386,2,42.02644128644,4.417369778024465,14.044811251923742,0.7353856272696931,102,"{""colsample_bytree"": 0.8723496909240119, ""gamma"": 0.508236914800773, ""learning_rate"": 0.05164011787483386, ""max_depth"": 2, ""min_child_weight"": 42.02644128644, ""reg_alpha"": 4.417369778024465, ""reg_lambda"": 14.044811251923742, ""subsample"": 0.7353856272696931}",COMPLETE
xgboost,117,0.3612084660423661,2026-09-29 22:41:35.918438,2026-09-29 22:41:38.999976,0 days 00:00:03.081538,0.8858719594670028,0.239774774303404,0.04813836619547727,2,37.27736189342399,4.377217649651109,13.693176946056742,0.7402857159373399,116,"{""colsample_bytree"": 0.8858719594670028, ""gamma"": 0.239774774303404, ""learning_rate"": 0.04813836619547727, ""max_depth"": 2, ""min_child_weight"": 37.27736189342399, ""reg_alpha"": 4.377217649651109, ""reg_lambda"": 13.693176946056742, ""subsample"": 0.7402857159373399}",COMPLETE
xgboost,118,0.3589694631602719,2026-09-29 22:41:39.000174,2026-09-29 22:41:41.931185,0 days 00:00:02.931011,0.8590319476976362,0.4526310107877116,0.05468918294683453,2,38.026939395292445,4.5227692008790985,12.777418835878944,0.7222717550311695,103,"{""colsample_bytree"": 0.8590319476976362, ""gamma"": 0.4526310107877116, ""learning_rate"": 0.05468918294683453, ""max_depth"": 2, ""min_child_weight"": 38.026939395292445, ""reg_alpha"": 4.5227692008790985, ""reg_lambda"": 12.777418835878944, ""subsample"": 0.7222717550311695}",COMPLETE
xgboost,119,0.3601847545550061,2026-09-29 22:41:41.931365,2026-09-29 22:41:45.391507,0 days 00:00:03.460142,0.850876117243751,0.2231338432751674,0.03908222605402369,2,40.54117194999503,4.510964414925939,13.099214657489856,0.7504795467183112,131,"{""colsample_bytree"": 0.850876117243751, ""gamma"": 0.2231338432751674, ""learning_rate"": 0.03908222605402369, ""max_depth"": 2, ""min_child_weight"": 40.54117194999503, ""reg_alpha"": 4.510964414925939, ""reg_lambda"": 13.099214657489856, ""subsample"": 0.7504795467183112}",COMPLETE
xgboost,120,0.360505592757967,2026-09-29 22:41:45.391661,2026-09-29 22:41:48.305486,0 days 00:00:02.913825,0.867581186106767,0.22414267941930863,0.0436474065717131,2,41.62365159348951,4.185009674889862,14.010948973888187,0.724528145550331,122,"{""colsample_bytree"": 0.867581186106767, ""gamma"": 0.22414267941930863, ""learning_rate"": 0.0436474065717131, ""max_depth"": 2, ""min_child_weight"": 41.62365159348951, ""reg_alpha"": 4.185009674889862, ""reg_lambda"": 14.010948973888187, ""subsample"": 0.724528145550331}",COMPLETE
xgboost,121,0.35946251768748205,2026-09-29 22:41:48.305635,2026-09-29 22:41:50.999919,0 days 00:00:02.694284,0.8807417740710799,0.028922192222143612,0.04835052294883389,2,42.47084159544342,4.322422743142692,13.003645484406643,0.7295024587199727,103,"{""colsample_bytree"": 0.8807417740710799, ""gamma"": 0.028922192222143612, ""learning_rate"": 0.04835052294883389, ""max_depth"": 2, ""min_child_weight"": 42.47084159544342, ""reg_alpha"": 4.322422743142692, ""reg_lambda"": 13.003645484406643, ""subsample"": 0.7295024587199727}",COMPLETE
xgboost,122,0.35981346379135004,2026-09-29 22:41:51.000112,2026-09-29 22:41:54.190920,0 days 00:00:03.190808,0.8753589574488206,0.16397480515434992,0.04804441453079954,2,41.36912822159786,4.656875329750687,12.409446699969477,0.744582865193052,119,"{""colsample_bytree"": 0.8753589574488206, ""gamma"": 0.16397480515434992, ""learning_rate"": 0.04804441453079954, ""max_depth"": 2, ""min_child_weight"": 41.36912822159786, ""reg_alpha"": 4.656875329750687, ""reg_lambda"": 12.409446699969477, ""subsample"": 0.744582865193052}",COMPLETE
xgboost,123,0.36048847524230093,2026-09-29 22:41:54.191134,2026-09-29 22:41:57.239242,0 days 00:00:03.048108,0.8559512638667958,0.16492617120004666,0.04660991296286242,2,37.03935693911032,4.068303960033,14.125767474301137,0.755689825629126,123,"{""colsample_bytree"": 0.8559512638667958, ""gamma"": 0.16492617120004666, ""learning_rate"": 0.04660991296286242, ""max_depth"": 2, ""min_child_weight"": 37.03935693911032, ""reg_alpha"": 4.068303960033, ""reg_lambda"": 14.125767474301137, ""subsample"": 0.755689825629126}",COMPLETE
xgboost,124,0.3604313828203513,2026-09-29 22:41:57.239405,2026-09-29 22:42:00.345869,0 days 00:00:03.106464,0.8667881192208915,0.17110870043394186,0.038984484451778566,2,40.06675220434953,4.050697096008318,12.963568543887645,0.7470210233671711,125,"{""colsample_bytree"": 0.8667881192208915, ""gamma"": 0.17110870043394186, ""learning_rate"": 0.038984484451778566, ""max_depth"": 2, ""min_child_weight"": 40.06675220434953, ""reg_alpha"": 4.050697096008318, ""reg_lambda"": 12.963568543887645, ""subsample"": 0.7470210233671711}",COMPLETE
xgboost,125,0.3605647853563335,2026-09-29 22:42:00.346219,2026-09-29 22:42:03.475493,0 days 00:00:03.129274,0.8942054127438059,0.32613759850101187,0.04510290628628502,2,36.15188518086802,4.250881650676617,12.532532846391653,0.7291190041796106,122,"{""colsample_bytree"": 0.8942054127438059, ""gamma"": 0.32613759850101187, ""learning_rate"": 0.04510290628628502, ""max_depth"": 2, ""min_child_weight"": 36.15188518086802, ""reg_alpha"": 4.250881650676617, ""reg_lambda"": 12.532532846391653, ""subsample"": 0.7291190041796106}",COMPLETE
xgboost,126,0.3601250427090647,2026-09-29 22:42:03.475643,2026-09-29 22:42:06.731246,0 days 00:00:03.255603,0.895028884413159,0.015990424633701903,0.0409545872501333,2,37.18976080743545,4.683107973965588,12.490598867016141,0.7451688037068456,125,"{""colsample_bytree"": 0.895028884413159, ""gamma"": 0.015990424633701903, ""learning_rate"": 0.0409545872501333, ""max_depth"": 2, ""min_child_weight"": 37.18976080743545, ""reg_alpha"": 4.683107973965588, ""reg_lambda"": 12.490598867016141, ""subsample"": 0.7451688037068456}",COMPLETE
xgboost,127,0.36141851783004275,2026-09-29 22:42:06.731423,2026-09-29 22:42:09.841413,0 days 00:00:03.109990,0.8482256694771734,0.14143362835932696,0.044846897314800536,2,37.7051633200371,4.0868574182778605,12.467654560859668,0.7265989983276426,117,"{""colsample_bytree"": 0.8482256694771734, ""gamma"": 0.14143362835932696, ""learning_rate"": 0.044846897314800536, ""max_depth"": 2, ""min_child_weight"": 37.7051633200371, ""reg_alpha"": 4.0868574182778605, ""reg_lambda"": 12.467654560859668, ""subsample"": 0.7265989983276426}",COMPLETE
xgboost,128,0.3603799913650657,2026-09-29 22:42:09.841590,2026-09-29 22:42:13.259541,0 days 00:00:03.417951,0.8946422213900164,0.04277637040504867,0.0382283182290615,2,38.283920037720094,3.8820421159709313,12.912974334201014,0.7347243490799151,143,"{""colsample_bytree"": 0.8946422213900164, ""gamma"": 0.04277637040504867, ""learning_rate"": 0.0382283182290615, ""max_depth"": 2, ""min_child_weight"": 38.283920037720094, ""reg_alpha"": 3.8820421159709313, ""reg_lambda"": 12.912974334201014, ""subsample"": 0.7347243490799151}",COMPLETE
xgboost,129,0.3609509975889704,2026-09-29 22:42:13.259702,2026-09-29 22:42:16.268347,0 days 00:00:03.008645,0.8886401762738078,0.05277634730414271,0.04468705024146065,2,38.613498901680956,4.299246934689918,13.460706924404352,0.7429810471301392,124,"{""colsample_bytree"": 0.8886401762738078, ""gamma"": 0.05277634730414271, ""learning_rate"": 0.04468705024146065, ""max_depth"": 2, ""min_child_weight"": 38.613498901680956, ""reg_alpha"": 4.299246934689918, ""reg_lambda"": 13.460706924404352, ""subsample"": 0.7429810471301392}",COMPLETE
xgboost,130,0.3608380925603971,2026-09-29 22:42:16.268510,2026-09-29 22:42:19.380169,0 days 00:00:03.111659,0.8814416183279917,0.23097889154011603,0.0495074319326048,2,37.00485248540456,3.8935861787039716,14.037258704023587,0.7502800511501131,126,"{""colsample_bytree"": 0.8814416183279917, ""gamma"": 0.23097889154011603, ""learning_rate"": 0.0495074319326048, ""max_depth"": 2, ""min_child_weight"": 37.00485248540456, ""reg_alpha"": 3.8935861787039716, ""reg_lambda"": 14.037258704023587, ""subsample"": 0.7502800511501131}",COMPLETE
xgboost,131,0.3606701571046227,2026-09-29 22:42:19.380328,2026-09-29 22:42:22.440610,0 days 00:00:03.060282,0.8909108923890806,0.14733952003302309,0.051913424596747866,2,39.77646386326524,4.355464399130784,13.767239095850561,0.759903265817157,121,"{""colsample_bytree"": 0.8909108923890806, ""gamma"": 0.14733952003302309, ""learning_rate"": 0.051913424596747866, ""max_depth"": 2, ""min_child_weight"": 39.77646386326524, ""reg_alpha"": 4.355464399130784, ""reg_lambda"": 13.767239095850561, ""subsample"": 0.759903265817157}",COMPLETE
xgboost,132,0.3608333285974608,2026-09-29 22:42:22.440764,2026-09-29 22:42:25.597513,0 days 00:00:03.156749,0.8888298002104472,0.03990869967891397,0.0444798986279143,2,40.12558671207015,4.165905209205224,14.942507108498816,0.7357302080993359,128,"{""colsample_bytree"": 0.8888298002104472, ""gamma"": 0.03990869967891397, ""learning_rate"": 0.0444798986279143, ""max_depth"": 2, ""min_child_weight"": 40.12558671207015, ""reg_alpha"": 4.165905209205224, ""reg_lambda"": 14.942507108498816, ""subsample"": 0.7357302080993359}",COMPLETE
xgboost,133,0.3607600991104335,2026-09-29 22:42:25.597664,2026-09-29 22:42:28.846128,0 days 00:00:03.248464,0.8597743603392898,0.4480531108675117,0.04063467525721146,2,35.96072417778162,4.4009099630763036,13.869108988585573,0.7404674891507134,142,"{""colsample_bytree"": 0.8597743603392898, ""gamma"": 0.4480531108675117, ""learning_rate"": 0.04063467525721146, ""max_depth"": 2, ""min_child_weight"": 35.96072417778162, ""reg_alpha"": 4.4009099630763036, ""reg_lambda"": 13.869108988585573, ""subsample"": 0.7404674891507134}",COMPLETE
xgboost,134,0.36014947802181696,2026-09-29 22:42:28.846296,2026-09-29 22:42:32.110804,0 days 00:00:03.264508,0.889707983942866,0.19134037746170054,0.038269683568976316,2,40.26225934530137,4.227668125177974,12.087976739585036,0.7254956115175482,141,"{""colsample_bytree"": 0.889707983942866, ""gamma"": 0.19134037746170054, ""learning_rate"": 0.038269683568976316, ""max_depth"": 2, ""min_child_weight"": 40.26225934530137, ""reg_alpha"": 4.227668125177974, ""reg_lambda"": 12.087976739585036, ""subsample"": 0.7254956115175482}",COMPLETE
xgboost,135,0.35754694712408613,2026-09-29 22:42:32.110960,2026-09-29 22:42:35.114062,0 days 00:00:03.003102,0.8769815806575991,0.22471050086596653,0.048758479205449824,2,38.055960925656635,4.182620649507934,13.035729658812071,0.7572838275216703,114,"{""colsample_bytree"": 0.8769815806575991, ""gamma"": 0.22471050086596653, ""learning_rate"": 0.048758479205449824, ""max_depth"": 2, ""min_child_weight"": 38.055960925656635, ""reg_alpha"": 4.182620649507934, ""reg_lambda"": 13.035729658812071, ""subsample"": 0.7572838275216703}",COMPLETE
xgboost,136,0.3607581271837315,2026-09-29 22:42:35.114220,2026-09-29 22:42:38.275713,0 days 00:00:03.161493,0.8801573447107967,0.5387916546920184,0.04300707650254225,2,40.27202974400687,4.067282815442793,12.27143374703833,0.7453403680315582,138,"{""colsample_bytree"": 0.8801573447107967, ""gamma"": 0.5387916546920184, ""learning_rate"": 0.04300707650254225, ""max_depth"": 2, ""min_child_weight"": 40.27202974400687, ""reg_alpha"": 4.067282815442793, ""reg_lambda"": 12.27143374703833, ""subsample"": 0.7453403680315582}",COMPLETE
xgboost,137,0.3606399290467877,2026-09-29 22:42:38.275865,2026-09-29 22:42:41.279135,0 days 00:00:03.003270,0.8788818854767734,0.6138303954548763,0.0457143694457868,2,37.46867764737456,4.608708917712293,12.126356397219503,0.7291559235360262,135,"{""colsample_bytree"": 0.8788818854767734, ""gamma"": 0.6138303954548763, ""learning_rate"": 0.0457143694457868, ""max_depth"": 2, ""min_child_weight"": 37.46867764737456, ""reg_alpha"": 4.608708917712293, ""reg_lambda"": 12.126356397219503, ""subsample"": 0.7291559235360262}",COMPLETE
xgboost,138,0.35924515217121966,2026-09-29 22:42:41.279287,2026-09-29 22:42:43.874592,0 days 00:00:02.595305,0.8761735348279127,0.4220043746647656,0.054502144457981995,2,40.15079127732554,4.673722295538542,12.61245552944086,0.7374887631867338,101,"{""colsample_bytree"": 0.8761735348279127, ""gamma"": 0.4220043746647656, ""learning_rate"": 0.054502144457981995, ""max_depth"": 2, ""min_child_weight"": 40.15079127732554, ""reg_alpha"": 4.673722295538542, ""reg_lambda"": 12.61245552944086, ""subsample"": 0.7374887631867338}",COMPLETE
xgboost,139,0.3588419856771719,2026-09-29 22:42:43.874760,2026-09-29 22:42:47.213718,0 days 00:00:03.338958,0.8774743418626249,0.15748461451225743,0.03828930173163076,2,40.15736120726761,4.132898500255451,14.680740215535478,0.7651200859552052,130,"{""colsample_bytree"": 0.8774743418626249, ""gamma"": 0.15748461451225743, ""learning_rate"": 0.03828930173163076, ""max_depth"": 2, ""min_child_weight"": 40.15736120726761, ""reg_alpha"": 4.132898500255451, ""reg_lambda"": 14.680740215535478, ""subsample"": 0.7651200859552052}",COMPLETE
xgboost,140,0.35983605064266494,2026-09-29 22:42:47.213873,2026-09-29 22:42:50.583457,0 days 00:00:03.369584,0.8700049096842467,0.09642164530539847,0.04369382005957042,2,37.64963157934997,3.890222699671813,12.70546878943125,0.7413481072943212,127,"{""colsample_bytree"": 0.8700049096842467, ""gamma"": 0.09642164530539847, ""learning_rate"": 0.04369382005957042, ""max_depth"": 2, ""min_child_weight"": 37.64963157934997, ""reg_alpha"": 3.890222699671813, ""reg_lambda"": 12.70546878943125, ""subsample"": 0.7413481072943212}",COMPLETE
xgboost,141,0.3594875183214144,2026-09-29 22:42:50.583624,2026-09-29 22:42:53.378527,0 days 00:00:02.794903,0.8792049366054899,0.09514398749680443,0.05393565705919019,2,41.826123611167716,3.64609566977265,13.298098238679184,0.743274354758448,104,"{""colsample_bytree"": 0.8792049366054899, ""gamma"": 0.09514398749680443, ""learning_rate"": 0.05393565705919019, ""max_depth"": 2, ""min_child_weight"": 41.826123611167716, ""reg_alpha"": 3.64609566977265, ""reg_lambda"": 13.298098238679184, ""subsample"": 0.743274354758448}",COMPLETE
xgboost,142,0.36047740940648965,2026-09-29 22:42:53.378714,2026-09-29 22:42:56.636984,0 days 00:00:03.258270,0.8847153993925351,0.26056602063185474,0.0411807306533927,2,44.036274665688744,3.9890132885087715,13.364153407540542,0.7500022367781283,126,"{""colsample_bytree"": 0.8847153993925351, ""gamma"": 0.26056602063185474, ""learning_rate"": 0.0411807306533927, ""max_depth"": 2, ""min_child_weight"": 44.036274665688744, ""reg_alpha"": 3.9890132885087715, ""reg_lambda"": 13.364153407540542, ""subsample"": 0.7500022367781283}",COMPLETE
xgboost,143,0.36049986813892937,2026-09-29 22:42:56.637186,2026-09-29 22:42:59.906287,0 days 00:00:03.269101,0.8843596635122204,0.00889373435924202,0.03943953445264323,2,36.85569462969351,4.396967361989848,14.017563203519595,0.7440065777354687,130,"{""colsample_bytree"": 0.8843596635122204, ""gamma"": 0.00889373435924202, ""learning_rate"": 0.03943953445264323, ""max_depth"": 2, ""min_child_weight"": 36.85569462969351, ""reg_alpha"": 4.396967361989848, ""reg_lambda"": 14.017563203519595, ""subsample"": 0.7440065777354687}",COMPLETE
xgboost,144,0.3612996048926255,2026-09-29 22:42:59.906518,2026-09-29 22:43:02.887405,0 days 00:00:02.980887,0.8802784008971782,0.14750120137974868,0.04766997731871933,2,35.47341699488213,4.522880365640563,13.134677965321822,0.7439708264865765,115,"{""colsample_bytree"": 0.8802784008971782, ""gamma"": 0.14750120137974868, ""learning_rate"": 0.04766997731871933, ""max_depth"": 2, ""min_child_weight"": 35.47341699488213, ""reg_alpha"": 4.522880365640563, ""reg_lambda"": 13.134677965321822, ""subsample"": 0.7439708264865765}",COMPLETE
xgboost,145,0.3601020570855381,2026-09-29 22:43:02.887569,2026-09-29 22:43:06.132315,0 days 00:00:03.244746,0.8846808020531993,0.08199056417613672,0.03973342651052004,2,41.069216634648086,4.5805948572103246,12.858228972408886,0.7406895600439702,151,"{""colsample_bytree"": 0.8846808020531993, ""gamma"": 0.08199056417613672, ""learning_rate"": 0.03973342651052004, ""max_depth"": 2, ""min_child_weight"": 41.069216634648086, ""reg_alpha"": 4.5805948572103246, ""reg_lambda"": 12.858228972408886, ""subsample"": 0.7406895600439702}",COMPLETE
xgboost,146,0.36033632820886596,2026-09-29 22:43:06.132472,2026-09-29 22:43:09.158891,0 days 00:00:03.026419,0.896615551665282,0.25394396089200516,0.051264266109215896,2,40.00580741496072,4.258618914300997,14.76818882345948,0.7399712163428773,119,"{""colsample_bytree"": 0.896615551665282, ""gamma"": 0.25394396089200516, ""learning_rate"": 0.051264266109215896, ""max_depth"": 2, ""min_child_weight"": 40.00580741496072, ""reg_alpha"": 4.258618914300997, ""reg_lambda"": 14.76818882345948, ""subsample"": 0.7399712163428773}",COMPLETE
xgboost,147,0.3584223666385102,2026-09-29 22:43:09.159097,2026-09-29 22:43:12.017319,0 days 00:00:02.858222,0.8886281716348621,0.1816484649429026,0.05731723502230948,2,37.60891614805187,4.435922435293347,14.518480173126571,0.740462677295773,95,"{""colsample_bytree"": 0.8886281716348621, ""gamma"": 0.1816484649429026, ""learning_rate"": 0.05731723502230948, ""max_depth"": 2, ""min_child_weight"": 37.60891614805187, ""reg_alpha"": 4.435922435293347, ""reg_lambda"": 14.518480173126571, ""subsample"": 0.740462677295773}",COMPLETE
xgboost,148,0.3610120888391935,2026-09-29 22:43:12.017486,2026-09-29 22:43:15.149728,0 days 00:00:03.132242,0.8623260035075194,0.25049834887559824,0.04534050798032291,2,40.02055053499874,4.745837731907343,13.946166071357236,0.7333858268976096,124,"{""colsample_bytree"": 0.8623260035075194, ""gamma"": 0.25049834887559824, ""learning_rate"": 0.04534050798032291, ""max_depth"": 2, ""min_child_weight"": 40.02055053499874, ""reg_alpha"": 4.745837731907343, ""reg_lambda"": 13.946166071357236, ""subsample"": 0.7333858268976096}",COMPLETE
xgboost,149,0.3608979891757162,2026-09-29 22:43:15.149895,2026-09-29 22:43:18.176177,0 days 00:00:03.026282,0.8962821275040965,0.1609759455240169,0.04258645185065571,2,34.98763394449449,4.45773613373517,13.4992947151177,0.7322180665023671,123,"{""colsample_bytree"": 0.8962821275040965, ""gamma"": 0.1609759455240169, ""learning_rate"": 0.04258645185065571, ""max_depth"": 2, ""min_child_weight"": 34.98763394449449, ""reg_alpha"": 4.45773613373517, ""reg_lambda"": 13.4992947151177, ""subsample"": 0.7322180665023671}",COMPLETE
lightgbm,0,0.3613660901023671,2026-09-29 22:43:18.191835,2026-09-29 22:43:21.153135,0 days 00:00:02.961300,0.562397808134481,3.005575058716044,0.03968793330444373,3,37.93972738151323,4.330880728874676,2.1035886311957896,0.6468055921327309,122,,COMPLETE
lightgbm,1,0.3612330899350528,2026-09-29 22:43:21.153299,2026-09-29 22:43:23.317698,0 days 00:00:02.164399,0.5727299868828403,2.6237821581611893,0.06798962421591129,2,48.645943347289744,1.5212112147976886,4.484685687215243,0.6637017332034828,99,,COMPLETE
lightgbm,2,0.3561576867434181,2026-09-29 22:43:23.317876,2026-09-29 22:43:27.871555,0 days 00:00:04.553679,0.6465447373174766,0.9983689107917987,0.013787764619353767,2,32.53338026250708,3.925879806965068,9.665329700123683,0.6876433945605654,267,,COMPLETE
lightgbm,3,0.3626131382984406,2026-09-29 22:43:27.871709,2026-09-29 22:43:31.241337,0 days 00:00:03.369628,0.5260206371941119,4.041986740582305,0.04050837781329675,3,7.090268572399898,4.828160165372797,19.02882520781333,0.6511572371061874,137,,COMPLETE
lightgbm,4,0.35979913883293746,2026-09-29 22:43:31.241499,2026-09-29 22:43:34.626682,0 days 00:00:03.385183,0.6980707640445081,1.2938999080000846,0.027551959649510765,2,35.79048619304706,4.546602010393911,1.6533819011891495,0.6366114704534336,165,,COMPLETE
lightgbm,5,0.3608409177994206,2026-09-29 22:43:34.626834,2026-09-29 22:43:37.700749,0 days 00:00:03.073915,0.8878338511058235,4.474136752138244,0.03521358805467869,2,28.403060953001486,4.697494707820946,15.727523643861176,0.6554563366576581,156,,COMPLETE
lightgbm,6,0.3570190496998821,2026-09-29 22:43:37.700913,2026-09-29 22:43:42.135741,0 days 00:00:04.434828,0.6301321323053057,4.143687545759647,0.015703008378806716,3,8.982162592336378,1.3567451588694794,8.384868504100158,0.6135681866731614,208,,COMPLETE
lightgbm,7,0.3571095570285175,2026-09-29 22:43:42.135904,2026-09-29 22:43:46.107387,0 days 00:00:03.971483,0.5298202574719083,0.993578407670862,0.013833249975219963,2,29.42132374212118,3.861223846483287,19.75085179540983,0.8406590942262119,243,,COMPLETE
lightgbm,8,0.36176189988171314,2026-09-29 22:43:46.107558,2026-09-29 22:43:49.142487,0 days 00:00:03.034929,0.5296178606936361,4.315517129377968,0.05358055009231865,3,36.80858047314277,0.5793452976256486,7.81084884234118,0.8313811040057837,108,,COMPLETE
lightgbm,9,0.36119005238007906,2026-09-29 22:43:49.142665,2026-09-29 22:43:53.792106,0 days 00:00:04.649441,0.7918424713352257,2.3610746258097466,0.020463613363481608,2,7.860125762871064,4.436063712881633,13.11359195574905,0.6975549966080241,258,,COMPLETE
lightgbm,10,0.3622051918975071,2026-09-29 22:43:53.792278,2026-09-29 22:43:58.334823,0 days 00:00:04.542545,0.5156676443292633,1.9525715035236555,0.02817173439209946,3,21.462319818752796,4.938228669331795,18.962116800195115,0.6429805348229042,198,"{""colsample_bytree"": 0.5156676443292633, ""gamma"": 1.9525715035236555, ""learning_rate"": 0.02817173439209946, ""max_depth"": 3, ""min_child_weight"": 21.462319818752796, ""reg_alpha"": 4.938228669331795, ""reg_lambda"": 18.962116800195115, ""subsample"": 0.6429805348229042}",COMPLETE
lightgbm,11,0.3597367092408767,2026-09-29 22:43:58.335023,2026-09-29 22:44:02.793964,0 days 00:00:04.458941,0.5055778341484426,2.3029335120665504,0.020357214086510964,3,17.619726304150028,4.4675187056678975,19.270733828069655,0.6193233974730704,189,"{""colsample_bytree"": 0.5055778341484426, ""gamma"": 2.3029335120665504, ""learning_rate"": 0.020357214086510964, ""max_depth"": 3, ""min_child_weight"": 17.619726304150028, ""reg_alpha"": 4.4675187056678975, ""reg_lambda"": 19.270733828069655, ""subsample"": 0.6193233974730704}",COMPLETE
lightgbm,12,0.3623895501906306,2026-09-29 22:44:02.794161,2026-09-29 22:44:05.208867,0 days 00:00:02.414706,0.6162613104790654,1.710636566516591,0.06792510271630604,3,16.97896614653836,4.871895599053129,14.342384873044853,0.6558595609167469,92,"{""colsample_bytree"": 0.6162613104790654, ""gamma"": 1.710636566516591, ""learning_rate"": 0.06792510271630604, ""max_depth"": 3, ""min_child_weight"": 16.97896614653836, ""reg_alpha"": 4.871895599053129, ""reg_lambda"": 14.342384873044853, ""subsample"": 0.6558595609167469}",COMPLETE
lightgbm,13,0.3612704002613845,2026-09-29 22:44:05.209060,2026-09-29 22:44:07.972508,0 days 00:00:02.763448,0.5954521717001151,4.533876114832325,0.05911383929359676,3,10.663163713772377,4.870123578450579,16.015407072648767,0.6303994248135699,119,"{""colsample_bytree"": 0.5954521717001151, ""gamma"": 4.533876114832325, ""learning_rate"": 0.05911383929359676, ""max_depth"": 3, ""min_child_weight"": 10.663163713772377, ""reg_alpha"": 4.870123578450579, ""reg_lambda"": 16.015407072648767, ""subsample"": 0.6303994248135699}",COMPLETE
lightgbm,14,0.36113388545487074,2026-09-29 22:44:07.972676,2026-09-29 22:44:10.936081,0 days 00:00:02.963405,0.6544293137241712,2.670996169479381,0.04451876752231778,3,18.574365464727347,4.729220142753874,16.63776667706863,0.6642433002509972,121,"{""colsample_bytree"": 0.6544293137241712, ""gamma"": 2.670996169479381, ""learning_rate"": 0.04451876752231778, ""max_depth"": 3, ""min_child_weight"": 18.574365464727347, ""reg_alpha"": 4.729220142753874, ""reg_lambda"": 16.63776667706863, ""subsample"": 0.6642433002509972}",COMPLETE
lightgbm,15,0.3600425580398228,2026-09-29 22:44:10.936251,2026-09-29 22:44:13.243566,0 days 00:00:02.307315,0.6855004021720801,2.6593248613451848,0.07521055305453611,3,5.901571183354044,3.8856357961159227,16.888073792085184,0.6746242465221021,74,"{""colsample_bytree"": 0.6855004021720801, ""gamma"": 2.6593248613451848, ""learning_rate"": 0.07521055305453611, ""max_depth"": 3, ""min_child_weight"": 5.901571183354044, ""reg_alpha"": 3.8856357961159227, ""reg_lambda"": 16.888073792085184, ""subsample"": 0.6746242465221021}",COMPLETE
lightgbm,16,0.36041124371085387,2026-09-29 22:44:13.243727,2026-09-29 22:44:17.754003,0 days 00:00:04.510276,0.6274900960506239,1.6507270373698484,0.02318247723284759,3,5.644421829951584,4.947354812984415,19.995859566849273,0.6586459631758685,193,"{""colsample_bytree"": 0.6274900960506239, ""gamma"": 1.6507270373698484, ""learning_rate"": 0.02318247723284759, ""max_depth"": 3, ""min_child_weight"": 5.644421829951584, ""reg_alpha"": 4.947354812984415, ""reg_lambda"": 19.995859566849273, ""subsample"": 0.6586459631758685}",COMPLETE
lightgbm,17,0.36129769995163963,2026-09-29 22:44:17.754188,2026-09-29 22:44:21.169335,0 days 00:00:03.415147,0.5599736769814694,3.22021858219457,0.03650606067460912,3,10.909712359673081,3.8778575821870076,15.8447617408256,0.6106205260000895,153,"{""colsample_bytree"": 0.5599736769814694, ""gamma"": 3.22021858219457, ""learning_rate"": 0.03650606067460912, ""max_depth"": 3, ""min_child_weight"": 10.909712359673081, ""reg_alpha"": 3.8778575821870076, ""reg_lambda"": 15.8447617408256, ""subsample"": 0.6106205260000895}",COMPLETE
lightgbm,18,0.36132621001415965,2026-09-29 22:44:21.169544,2026-09-29 22:44:25.637211,0 days 00:00:04.467667,0.501887287220843,4.15990916704546,0.024543289380169347,3,8.469204172567721,4.532876945582995,15.670486526487927,0.7090046252947418,224,"{""colsample_bytree"": 0.501887287220843, ""gamma"": 4.15990916704546, ""learning_rate"": 0.024543289380169347, ""max_depth"": 3, ""min_child_weight"": 8.469204172567721, ""reg_alpha"": 4.532876945582995, ""reg_lambda"": 15.670486526487927, ""subsample"": 0.7090046252947418}",COMPLETE
lightgbm,19,0.3617774236981422,2026-09-29 22:44:25.637383,2026-09-29 22:44:28.241012,0 days 00:00:02.603629,0.525804664057711,2.4086462056869236,0.07213841685963056,3,14.873429829007716,4.1546284059583245,14.871890970870618,0.6838046497725814,93,"{""colsample_bytree"": 0.525804664057711, ""gamma"": 2.4086462056869236, ""learning_rate"": 0.07213841685963056, ""max_depth"": 3, ""min_child_weight"": 14.873429829007716, ""reg_alpha"": 4.1546284059583245, ""reg_lambda"": 14.871890970870618, ""subsample"": 0.6838046497725814}",COMPLETE
lightgbm,20,0.36202567801637625,2026-09-29 22:44:28.241173,2026-09-29 22:44:31.921958,0 days 00:00:03.680785,0.5019332448117337,3.521229410059436,0.03840708493690268,3,8.559825819760999,4.8389098617358925,19.5915166458391,0.6522168714007417,137,"{""colsample_bytree"": 0.5019332448117337, ""gamma"": 3.521229410059436, ""learning_rate"": 0.03840708493690268, ""max_depth"": 3, ""min_child_weight"": 8.559825819760999, ""reg_alpha"": 4.8389098617358925, ""reg_lambda"": 19.5915166458391, ""subsample"": 0.6522168714007417}",COMPLETE
lightgbm,21,0.35976868504101256,2026-09-29 22:44:31.922144,2026-09-29 22:44:34.200815,0 days 00:00:02.278671,0.5835467956758293,2.0749992857749917,0.08623517061906752,3,8.996276436849843,4.996966243229945,18.99788560275218,0.6827915118854365,58,"{""colsample_bytree"": 0.5835467956758293, ""gamma"": 2.0749992857749917, ""learning_rate"": 0.08623517061906752, ""max_depth"": 3, ""min_child_weight"": 8.996276436849843, ""reg_alpha"": 4.996966243229945, ""reg_lambda"": 18.99788560275218, ""subsample"": 0.6827915118854365}",COMPLETE
lightgbm,22,0.36123193680788185,2026-09-29 22:44:34.201010,2026-09-29 22:44:37.463111,0 days 00:00:03.262101,0.5433507463080456,1.3762191903295802,0.03979575614346641,3,20.918463425030208,3.5133837690174565,14.40211545596884,0.672703809804146,130,"{""colsample_bytree"": 0.5433507463080456, ""gamma"": 1.3762191903295802, ""learning_rate"": 0.03979575614346641, ""max_depth"": 3, ""min_child_weight"": 20.918463425030208, ""reg_alpha"": 3.5133837690174565, ""reg_lambda"": 14.40211545596884, ""subsample"": 0.672703809804146}",COMPLETE
lightgbm,23,0.36204115025699785,2026-09-29 22:44:37.463271,2026-09-29 22:44:39.925483,0 days 00:00:02.462212,0.5496115722251531,3.790862019210368,0.06436397296618299,3,14.31277217321636,4.570715429109224,19.203443542467994,0.6482048818684035,87,"{""colsample_bytree"": 0.5496115722251531, ""gamma"": 3.790862019210368, ""learning_rate"": 0.06436397296618299, ""max_depth"": 3, ""min_child_weight"": 14.31277217321636, ""reg_alpha"": 4.570715429109224, ""reg_lambda"": 19.203443542467994, ""subsample"": 0.6482048818684035}",COMPLETE
lightgbm,24,0.3612798709288397,2026-09-29 22:44:39.925644,2026-09-29 22:44:43.650588,0 days 00:00:03.724944,0.5438914574218472,4.913819967545286,0.029159367292123328,3,8.915621670138572,4.6628993633199505,19.723324099603214,0.6247071484320181,157,"{""colsample_bytree"": 0.5438914574218472, ""gamma"": 4.913819967545286, ""learning_rate"": 0.029159367292123328, ""max_depth"": 3, ""min_child_weight"": 8.915621670138572, ""reg_alpha"": 4.6628993633199505, ""reg_lambda"": 19.723324099603214, ""subsample"": 0.6247071484320181}",COMPLETE
lightgbm,25,0.361157060474096,2026-09-29 22:44:43.650897,2026-09-29 22:44:48.876474,0 days 00:00:05.225577,0.5438217624109903,2.71276351248391,0.01903540795765576,3,10.843627966826856,4.998541018991512,16.952695095011308,0.6556966228441384,249,"{""colsample_bytree"": 0.5438217624109903, ""gamma"": 2.71276351248391, ""learning_rate"": 0.01903540795765576, ""max_depth"": 3, ""min_child_weight"": 10.843627966826856, ""reg_alpha"": 4.998541018991512, ""reg_lambda"": 16.952695095011308, ""subsample"": 0.6556966228441384}",COMPLETE
lightgbm,26,0.36104204164879034,2026-09-29 22:44:48.876666,2026-09-29 22:44:52.732828,0 days 00:00:03.856162,0.5935585234754748,1.0851690402220937,0.03088736909756342,3,15.318718051842279,4.75870427343394,16.34863681182274,0.6055831619789973,158,"{""colsample_bytree"": 0.5935585234754748, ""gamma"": 1.0851690402220937, ""learning_rate"": 0.03088736909756342, ""max_depth"": 3, ""min_child_weight"": 15.318718051842279, ""reg_alpha"": 4.75870427343394, ""reg_lambda"": 16.34863681182274, ""subsample"": 0.6055831619789973}",COMPLETE
lightgbm,27,0.3603383842105362,2026-09-29 22:44:52.733043,2026-09-29 22:44:56.057516,0 days 00:00:03.324473,0.552417329907155,2.874501961721136,0.032378022450444396,3,13.060504767418422,3.984187273082804,14.09038230518826,0.687107215427626,138,"{""colsample_bytree"": 0.552417329907155, ""gamma"": 2.874501961721136, ""learning_rate"": 0.032378022450444396, ""max_depth"": 3, ""min_child_weight"": 13.060504767418422, ""reg_alpha"": 3.984187273082804, ""reg_lambda"": 14.09038230518826, ""subsample"": 0.687107215427626}",COMPLETE
lightgbm,28,0.36121236133918705,2026-09-29 22:44:56.057669,2026-09-29 22:44:59.762623,0 days 00:00:03.704954,0.5072459574003363,2.0678463926824513,0.033134079356953935,3,15.703019784301949,4.684630110189764,18.66449707879053,0.6722038210665724,136,"{""colsample_bytree"": 0.5072459574003363, ""gamma"": 2.0678463926824513, ""learning_rate"": 0.033134079356953935, ""max_depth"": 3, ""min_child_weight"": 15.703019784301949, ""reg_alpha"": 4.684630110189764, ""reg_lambda"": 18.66449707879053, ""subsample"": 0.6722038210665724}",COMPLETE
lightgbm,29,0.3612070703201824,2026-09-29 22:44:59.762799,2026-09-29 22:45:04.933305,0 days 00:00:05.170506,0.5121036254016895,3.714345640722643,0.01797161153281542,3,23.189461809254496,4.1745670921618405,18.467190310616044,0.6128019692346083,257,"{""colsample_bytree"": 0.5121036254016895, ""gamma"": 3.714345640722643, ""learning_rate"": 0.01797161153281542, ""max_depth"": 3, ""min_child_weight"": 23.189461809254496, ""reg_alpha"": 4.1745670921618405, ""reg_lambda"": 18.467190310616044, ""subsample"": 0.6128019692346083}",COMPLETE
lightgbm,30,0.3610377037876602,2026-09-29 22:45:04.933487,2026-09-29 22:45:07.977556,0 days 00:00:03.044069,0.5734580595567911,1.7562166925824942,0.044763951072732074,3,7.632927991741062,4.866766522635926,18.471006045245673,0.6287763423606112,123,"{""colsample_bytree"": 0.5734580595567911, ""gamma"": 1.7562166925824942, ""learning_rate"": 0.044763951072732074, ""max_depth"": 3, ""min_child_weight"": 7.632927991741062, ""reg_alpha"": 4.866766522635926, ""reg_lambda"": 18.471006045245673, ""subsample"": 0.6287763423606112}",COMPLETE
lightgbm,31,0.36003194607577027,2026-09-29 22:45:07.977709,2026-09-29 22:45:11.186523,0 days 00:00:03.208814,0.5788629534257737,3.8850872628166035,0.03267481914206892,3,11.06420729444607,4.725758655927435,19.099743289251574,0.6874906705873892,133,"{""colsample_bytree"": 0.5788629534257737, ""gamma"": 3.8850872628166035, ""learning_rate"": 0.03267481914206892, ""max_depth"": 3, ""min_child_weight"": 11.06420729444607, ""reg_alpha"": 4.725758655927435, ""reg_lambda"": 19.099743289251574, ""subsample"": 0.6874906705873892}",COMPLETE
lightgbm,32,0.3594977679609952,2026-09-29 22:45:11.186694,2026-09-29 22:45:13.485420,0 days 00:00:02.298726,0.5254721571530103,3.401994656288284,0.08940364292410875,3,21.243207500740635,4.944146697902376,17.1069245703792,0.6535309640865625,58,"{""colsample_bytree"": 0.5254721571530103, ""gamma"": 3.401994656288284, ""learning_rate"": 0.08940364292410875, ""max_depth"": 3, ""min_child_weight"": 21.243207500740635, ""reg_alpha"": 4.944146697902376, ""reg_lambda"": 17.1069245703792, ""subsample"": 0.6535309640865625}",COMPLETE
lightgbm,33,0.362177246774556,2026-09-29 22:45:13.485583,2026-09-29 22:45:17.175969,0 days 00:00:03.690386,0.506108041658666,4.4895830214700485,0.04076357712986394,3,5.471923601206401,4.348601321495538,19.490419431265796,0.6680095706828135,132,"{""colsample_bytree"": 0.506108041658666, ""gamma"": 4.4895830214700485, ""learning_rate"": 0.04076357712986394, ""max_depth"": 3, ""min_child_weight"": 5.471923601206401, ""reg_alpha"": 4.348601321495538, ""reg_lambda"": 19.490419431265796, ""subsample"": 0.6680095706828135}",COMPLETE
lightgbm,34,0.3594348710898906,2026-09-29 22:45:17.176122,2026-09-29 22:45:21.426110,0 days 00:00:04.249988,0.5515326294734312,1.3904032547263658,0.022632849395270563,3,21.76015018795017,4.89992955175645,16.804676892677406,0.6497240510878926,185,"{""colsample_bytree"": 0.5515326294734312, ""gamma"": 1.3904032547263658, ""learning_rate"": 0.022632849395270563, ""max_depth"": 3, ""min_child_weight"": 21.76015018795017, ""reg_alpha"": 4.89992955175645, ""reg_lambda"": 16.804676892677406, ""subsample"": 0.6497240510878926}",COMPLETE
lightgbm,35,0.3614279370861267,2026-09-29 22:45:21.426279,2026-09-29 22:45:24.958118,0 days 00:00:03.531839,0.5338988494578316,4.9524636516152984,0.038967609344039124,3,18.72626302277203,4.677094513741314,16.634441738166256,0.6716828516646395,147,"{""colsample_bytree"": 0.5338988494578316, ""gamma"": 4.9524636516152984, ""learning_rate"": 0.038967609344039124, ""max_depth"": 3, ""min_child_weight"": 18.72626302277203, ""reg_alpha"": 4.677094513741314, ""reg_lambda"": 16.634441738166256, ""subsample"": 0.6716828516646395}",COMPLETE
lightgbm,36,0.36076869733785805,2026-09-29 22:45:24.958271,2026-09-29 22:45:28.291656,0 days 00:00:03.333385,0.5234599073223188,2.6786856396347862,0.04636405976883353,3,16.03359444443806,4.6566265303505965,19.884158992215102,0.6550127589007103,167,"{""colsample_bytree"": 0.5234599073223188, ""gamma"": 2.6786856396347862, ""learning_rate"": 0.04636405976883353, ""max_depth"": 3, ""min_child_weight"": 16.03359444443806, ""reg_alpha"": 4.6566265303505965, ""reg_lambda"": 19.884158992215102, ""subsample"": 0.6550127589007103}",COMPLETE
lightgbm,37,0.362588374244096,2026-09-29 22:45:28.291817,2026-09-29 22:45:30.782618,0 days 00:00:02.490801,0.5222020676287642,4.337466570173551,0.06846741133326958,3,5.863421205434766,4.18948963976515,18.890747377630973,0.7263076393265387,89,"{""colsample_bytree"": 0.5222020676287642, ""gamma"": 4.337466570173551, ""learning_rate"": 0.06846741133326958, ""max_depth"": 3, ""min_child_weight"": 5.863421205434766, ""reg_alpha"": 4.18948963976515, ""reg_lambda"": 18.890747377630973, ""subsample"": 0.7263076393265387}",COMPLETE
lightgbm,38,0.36125808075555277,2026-09-29 22:45:30.782771,2026-09-29 22:45:34.545521,0 days 00:00:03.762750,0.5990242193324672,3.1214015234064143,0.02844304062787391,3,6.977742785053954,4.221308112181531,18.224164386001487,0.6182392267725795,167,"{""colsample_bytree"": 0.5990242193324672, ""gamma"": 3.1214015234064143, ""learning_rate"": 0.02844304062787391, ""max_depth"": 3, ""min_child_weight"": 6.977742785053954, ""reg_alpha"": 4.221308112181531, ""reg_lambda"": 18.224164386001487, ""subsample"": 0.6182392267725795}",COMPLETE
lightgbm,39,0.3621146867065729,2026-09-29 22:45:34.545680,2026-09-29 22:45:36.876750,0 days 00:00:02.331070,0.5041429150575099,4.834039871310122,0.0960681278701984,3,7.095729355948965,4.864007091927691,18.908809173164844,0.7672657703815303,69,"{""colsample_bytree"": 0.5041429150575099, ""gamma"": 4.834039871310122, ""learning_rate"": 0.0960681278701984, ""max_depth"": 3, ""min_child_weight"": 7.095729355948965, ""reg_alpha"": 4.864007091927691, ""reg_lambda"": 18.908809173164844, ""subsample"": 0.7672657703815303}",COMPLETE
lightgbm,40,0.36127572635116967,2026-09-29 22:45:36.876938,2026-09-29 22:45:40.862527,0 days 00:00:03.985589,0.5376592506050688,3.4621956311801467,0.030518756169445698,3,16.98594663105863,4.296257189905996,18.73584973843562,0.6449974069059312,164,"{""colsample_bytree"": 0.5376592506050688, ""gamma"": 3.4621956311801467, ""learning_rate"": 0.030518756169445698, ""max_depth"": 3, ""min_child_weight"": 16.98594663105863, ""reg_alpha"": 4.296257189905996, ""reg_lambda"": 18.73584973843562, ""subsample"": 0.6449974069059312}",COMPLETE
lightgbm,41,0.3621158482632327,2026-09-29 22:45:40.862697,2026-09-29 22:45:43.705131,0 days 00:00:02.842434,0.5267099719565792,4.518974252157858,0.05718665448064252,3,9.796478485181702,4.274601959093171,18.4057425784792,0.6911604769685296,117,"{""colsample_bytree"": 0.5267099719565792, ""gamma"": 4.518974252157858, ""learning_rate"": 0.05718665448064252, ""max_depth"": 3, ""min_child_weight"": 9.796478485181702, ""reg_alpha"": 4.274601959093171, ""reg_lambda"": 18.4057425784792, ""subsample"": 0.6911604769685296}",COMPLETE
lightgbm,42,0.36180080129771364,2026-09-29 22:45:43.705295,2026-09-29 22:45:46.408483,0 days 00:00:02.703188,0.5509879956525776,4.385528243972876,0.054804381330242735,3,6.287091268164644,4.18158026380732,19.69714539704325,0.7496246105644193,121,"{""colsample_bytree"": 0.5509879956525776, ""gamma"": 4.385528243972876, ""learning_rate"": 0.054804381330242735, ""max_depth"": 3, ""min_child_weight"": 6.287091268164644, ""reg_alpha"": 4.18158026380732, ""reg_lambda"": 19.69714539704325, ""subsample"": 0.7496246105644193}",COMPLETE
lightgbm,43,0.360962002119461,2026-09-29 22:45:46.408635,2026-09-29 22:45:48.923443,0 days 00:00:02.514808,0.5169935932362065,4.496927471813152,0.08953447425715215,3,5.70931037108774,4.636801695934908,15.320624631879658,0.6921873981693063,65,"{""colsample_bytree"": 0.5169935932362065, ""gamma"": 4.496927471813152, ""learning_rate"": 0.08953447425715215, ""max_depth"": 3, ""min_child_weight"": 5.70931037108774, ""reg_alpha"": 4.636801695934908, ""reg_lambda"": 15.320624631879658, ""subsample"": 0.6921873981693063}",COMPLETE
lightgbm,44,0.3626566948237713,2026-09-29 22:45:48.923597,2026-09-29 22:45:52.139115,0 days 00:00:03.215518,0.5169283387546756,3.6249097115323203,0.07029707604144766,3,8.105765709468708,4.163357243172757,17.524699725548544,0.7513320895802258,104,"{""colsample_bytree"": 0.5169283387546756, ""gamma"": 3.6249097115323203, ""learning_rate"": 0.07029707604144766, ""max_depth"": 3, ""min_child_weight"": 8.105765709468708, ""reg_alpha"": 4.163357243172757, ""reg_lambda"": 17.524699725548544, ""subsample"": 0.7513320895802258}",COMPLETE
lightgbm,45,0.36133468437729527,2026-09-29 22:45:52.139273,2026-09-29 22:45:55.409794,0 days 00:00:03.270521,0.5439303252729585,4.23655262279855,0.03843857250905434,3,11.597021314995317,4.5134827867590435,17.890308565346533,0.6328653773058768,130,"{""colsample_bytree"": 0.5439303252729585, ""gamma"": 4.23655262279855, ""learning_rate"": 0.03843857250905434, ""max_depth"": 3, ""min_child_weight"": 11.597021314995317, ""reg_alpha"": 4.5134827867590435, ""reg_lambda"": 17.890308565346533, ""subsample"": 0.6328653773058768}",COMPLETE
lightgbm,46,0.3613172631536752,2026-09-29 22:45:55.409976,2026-09-29 22:45:58.732068,0 days 00:00:03.322092,0.5661179667049778,3.69735319287905,0.03972899864873662,3,7.511736518765586,4.417911731760781,17.603109383403844,0.652967863833523,123,"{""colsample_bytree"": 0.5661179667049778, ""gamma"": 3.69735319287905, ""learning_rate"": 0.03972899864873662, ""max_depth"": 3, ""min_child_weight"": 7.511736518765586, ""reg_alpha"": 4.417911731760781, ""reg_lambda"": 17.603109383403844, ""subsample"": 0.652967863833523}",COMPLETE
lightgbm,47,0.3621307720196367,2026-09-29 22:45:58.732249,2026-09-29 22:46:01.270130,0 days 00:00:02.537881,0.5058762240328819,3.930275571190143,0.0661260937372051,3,9.20129245520249,4.495536810656955,17.358080213505378,0.6322175359935861,98,"{""colsample_bytree"": 0.5058762240328819, ""gamma"": 3.930275571190143, ""learning_rate"": 0.0661260937372051, ""max_depth"": 3, ""min_child_weight"": 9.20129245520249, ""reg_alpha"": 4.495536810656955, ""reg_lambda"": 17.358080213505378, ""subsample"": 0.6322175359935861}",COMPLETE
lightgbm,48,0.36085557144701524,2026-09-29 22:46:01.270286,2026-09-29 22:46:03.592498,0 days 00:00:02.322212,0.5402446843125304,3.769426321799284,0.08312856667610251,3,11.376315219103184,4.461224808395298,17.438542066844505,0.6850683599038213,98,"{""colsample_bytree"": 0.5402446843125304, ""gamma"": 3.769426321799284, ""learning_rate"": 0.08312856667610251, ""max_depth"": 3, ""min_child_weight"": 11.376315219103184, ""reg_alpha"": 4.461224808395298, ""reg_lambda"": 17.438542066844505, ""subsample"": 0.6850683599038213}",COMPLETE
lightgbm,49,0.36273800420716645,2026-09-29 22:46:03.592656,2026-09-29 22:46:06.217286,0 days 00:00:02.624630,0.5089616182507569,3.6054430765739744,0.067003652742533,3,13.22233936758909,4.720806237830113,18.568661349084476,0.7595511974694309,105,"{""colsample_bytree"": 0.5089616182507569, ""gamma"": 3.6054430765739744, ""learning_rate"": 0.067003652742533, ""max_depth"": 3, ""min_child_weight"": 13.22233936758909, ""reg_alpha"": 4.720806237830113, ""reg_lambda"": 18.568661349084476, ""subsample"": 0.7595511974694309}",COMPLETE
lightgbm,50,0.3627456069946639,2026-09-29 22:46:06.217598,2026-09-29 22:46:09.137478,0 days 00:00:02.919880,0.5012091811088759,4.4620528285225065,0.061201021510769824,3,13.802884614286041,4.3382489020849535,16.867871330394998,0.7433181511181279,128,"{""colsample_bytree"": 0.5012091811088759, ""gamma"": 4.4620528285225065, ""learning_rate"": 0.061201021510769824, ""max_depth"": 3, ""min_child_weight"": 13.802884614286041, ""reg_alpha"": 4.3382489020849535, ""reg_lambda"": 16.867871330394998, ""subsample"": 0.7433181511181279}",COMPLETE
lightgbm,51,0.362586279452848,2026-09-29 22:46:09.137672,2026-09-29 22:46:12.073470,0 days 00:00:02.935798,0.5075545832721821,4.067678593699592,0.06403947099874452,3,8.030262684154025,3.7849968528609224,17.705012764449886,0.678138365295147,103,"{""colsample_bytree"": 0.5075545832721821, ""gamma"": 4.067678593699592, ""learning_rate"": 0.06403947099874452, ""max_depth"": 3, ""min_child_weight"": 8.030262684154025, ""reg_alpha"": 3.7849968528609224, ""reg_lambda"": 17.705012764449886, ""subsample"": 0.678138365295147}",COMPLETE
lightgbm,52,0.3614853503559074,2026-09-29 22:46:12.073654,2026-09-29 22:46:14.852796,0 days 00:00:02.779142,0.5531653842895967,4.21972238155784,0.05267116393516005,3,9.819857483278897,3.7489478295853655,17.686615869734577,0.7291941476241809,118,"{""colsample_bytree"": 0.5531653842895967, ""gamma"": 4.21972238155784, ""learning_rate"": 0.05267116393516005, ""max_depth"": 3, ""min_child_weight"": 9.819857483278897, ""reg_alpha"": 3.7489478295853655, ""reg_lambda"": 17.686615869734577, ""subsample"": 0.7291941476241809}",COMPLETE
lightgbm,53,0.3615986351690437,2026-09-29 22:46:14.852990,2026-09-29 22:46:16.978232,0 days 00:00:02.125242,0.5224419808900821,3.4694422789988253,0.08895543741162582,3,8.840031436695433,4.194907392011034,18.460672607270325,0.7704301728648445,62,"{""colsample_bytree"": 0.5224419808900821, ""gamma"": 3.4694422789988253, ""learning_rate"": 0.08895543741162582, ""max_depth"": 3, ""min_child_weight"": 8.840031436695433, ""reg_alpha"": 4.194907392011034, ""reg_lambda"": 18.460672607270325, ""subsample"": 0.7704301728648445}",COMPLETE
lightgbm,54,0.3627167255778025,2026-09-29 22:46:16.978382,2026-09-29 22:46:19.345387,0 days 00:00:02.367005,0.5497996625718538,3.994690020538368,0.07851267910992052,3,11.481087513214096,4.031121598015689,15.732421428072376,0.7840755155395023,101,"{""colsample_bytree"": 0.5497996625718538, ""gamma"": 3.994690020538368, ""learning_rate"": 0.07851267910992052, ""max_depth"": 3, ""min_child_weight"": 11.481087513214096, ""reg_alpha"": 4.031121598015689, ""reg_lambda"": 15.732421428072376, ""subsample"": 0.7840755155395023}",COMPLETE
lightgbm,55,0.3619283462512826,2026-09-29 22:46:19.345539,2026-09-29 22:46:21.436555,0 days 00:00:02.091016,0.5753752724160645,4.042229603322663,0.09563453478992638,3,10.31192471077653,4.577447014269088,17.485231754380557,0.7564809374089948,73,"{""colsample_bytree"": 0.5753752724160645, ""gamma"": 4.042229603322663, ""learning_rate"": 0.09563453478992638, ""max_depth"": 3, ""min_child_weight"": 10.31192471077653, ""reg_alpha"": 4.577447014269088, ""reg_lambda"": 17.485231754380557, ""subsample"": 0.7564809374089948}",COMPLETE
lightgbm,56,0.3625523051433224,2026-09-29 22:46:21.436706,2026-09-29 22:46:24.086579,0 days 00:00:02.649873,0.5379309921195693,4.304181263703139,0.06614380000779733,3,10.083196603505584,3.9792545071263645,15.69302505775334,0.756627988714945,100,"{""colsample_bytree"": 0.5379309921195693, ""gamma"": 4.304181263703139, ""learning_rate"": 0.06614380000779733, ""max_depth"": 3, ""min_child_weight"": 10.083196603505584, ""reg_alpha"": 3.9792545071263645, ""reg_lambda"": 15.69302505775334, ""subsample"": 0.756627988714945}",COMPLETE
lightgbm,57,0.3629026523007805,2026-09-29 22:46:24.086741,2026-09-29 22:46:27.116059,0 days 00:00:03.029318,0.5179715160652301,3.863065577235691,0.06199268172572703,3,13.226557909343247,4.593010618607188,16.57450156352931,0.7274948694368508,114,"{""colsample_bytree"": 0.5179715160652301, ""gamma"": 3.863065577235691, ""learning_rate"": 0.06199268172572703, ""max_depth"": 3, ""min_child_weight"": 13.226557909343247, ""reg_alpha"": 4.593010618607188, ""reg_lambda"": 16.57450156352931, ""subsample"": 0.7274948694368508}",COMPLETE
lightgbm,58,0.36225035480525036,2026-09-29 22:46:27.116217,2026-09-29 22:46:29.582795,0 days 00:00:02.466578,0.5263913333277994,4.19765301087692,0.07089200607849862,3,11.035479208388725,4.831558370036787,19.388586253925602,0.7548696256998827,103,"{""colsample_bytree"": 0.5263913333277994, ""gamma"": 4.19765301087692, ""learning_rate"": 0.07089200607849862, ""max_depth"": 3, ""min_child_weight"": 11.035479208388725, ""reg_alpha"": 4.831558370036787, ""reg_lambda"": 19.388586253925602, ""subsample"": 0.7548696256998827}",COMPLETE
lightgbm,59,0.36270939668069735,2026-09-29 22:46:29.582980,2026-09-29 22:46:32.559676,0 days 00:00:02.976696,0.5115181288411638,3.171312390263016,0.05857277417894534,3,8.461372486253527,4.414332203872313,16.383183002526724,0.7690263353738666,109,"{""colsample_bytree"": 0.5115181288411638, ""gamma"": 3.171312390263016, ""learning_rate"": 0.05857277417894534, ""max_depth"": 3, ""min_child_weight"": 8.461372486253527, ""reg_alpha"": 4.414332203872313, ""reg_lambda"": 16.383183002526724, ""subsample"": 0.7690263353738666}",COMPLETE
lightgbm,60,0.3621152015045827,2026-09-29 22:46:32.559838,2026-09-29 22:46:34.984364,0 days 00:00:02.424526,0.5419145925845582,3.488975800639317,0.06768208824068041,3,9.433529813727343,4.8059733351160565,15.531428100423987,0.7709917332301478,91,"{""colsample_bytree"": 0.5419145925845582, ""gamma"": 3.488975800639317, ""learning_rate"": 0.06768208824068041, ""max_depth"": 3, ""min_child_weight"": 9.433529813727343, ""reg_alpha"": 4.8059733351160565, ""reg_lambda"": 15.531428100423987, ""subsample"": 0.7709917332301478}",COMPLETE
lightgbm,61,0.3628375155010523,2026-09-29 22:46:34.984532,2026-09-29 22:46:37.464520,0 days 00:00:02.479988,0.5259832405469461,3.6172846046136082,0.07251213733672612,3,14.166901224332896,4.481962792799218,16.810357498137073,0.786755839977376,100,"{""colsample_bytree"": 0.5259832405469461, ""gamma"": 3.6172846046136082, ""learning_rate"": 0.07251213733672612, ""max_depth"": 3, ""min_child_weight"": 14.166901224332896, ""reg_alpha"": 4.481962792799218, ""reg_lambda"": 16.810357498137073, ""subsample"": 0.786755839977376}",COMPLETE
lightgbm,62,0.3620797558662187,2026-09-29 22:46:37.464673,2026-09-29 22:46:40.215801,0 days 00:00:02.751128,0.5200291212230752,4.355818344075075,0.06321155063942457,3,15.145371953916138,4.490820744192007,17.085417668187368,0.7541487022821243,117,"{""colsample_bytree"": 0.5200291212230752, ""gamma"": 4.355818344075075, ""learning_rate"": 0.06321155063942457, ""max_depth"": 3, ""min_child_weight"": 15.145371953916138, ""reg_alpha"": 4.490820744192007, ""reg_lambda"": 17.085417668187368, ""subsample"": 0.7541487022821243}",COMPLETE
lightgbm,63,0.3621469431500695,2026-09-29 22:46:40.215985,2026-09-29 22:46:42.770550,0 days 00:00:02.554565,0.522689331963482,3.718073092235615,0.07039010005213435,3,5.920319679656939,4.13684795064287,17.44685104149021,0.7308608808269333,101,"{""colsample_bytree"": 0.522689331963482, ""gamma"": 3.718073092235615, ""learning_rate"": 0.07039010005213435, ""max_depth"": 3, ""min_child_weight"": 5.920319679656939, ""reg_alpha"": 4.13684795064287, ""reg_lambda"": 17.44685104149021, ""subsample"": 0.7308608808269333}",COMPLETE
lightgbm,64,0.3624506305761646,2026-09-29 22:46:42.770703,2026-09-29 22:46:45.435826,0 days 00:00:02.665123,0.5332147558345299,4.34862965878297,0.07783236393590773,3,12.299663138875054,4.05697257021393,17.501280558376195,0.7628285289086499,91,"{""colsample_bytree"": 0.5332147558345299, ""gamma"": 4.34862965878297, ""learning_rate"": 0.07783236393590773, ""max_depth"": 3, ""min_child_weight"": 12.299663138875054, ""reg_alpha"": 4.05697257021393, ""reg_lambda"": 17.501280558376195, ""subsample"": 0.7628285289086499}",COMPLETE
lightgbm,65,0.3626010866324861,2026-09-29 22:46:45.436026,2026-09-29 22:46:48.010893,0 days 00:00:02.574867,0.5496680790879956,4.129430454603578,0.06448046723935329,3,10.311747489784253,4.746797029456646,16.856181826986177,0.7514774558863376,101,"{""colsample_bytree"": 0.5496680790879956, ""gamma"": 4.129430454603578, ""learning_rate"": 0.06448046723935329, ""max_depth"": 3, ""min_child_weight"": 10.311747489784253, ""reg_alpha"": 4.746797029456646, ""reg_lambda"": 16.856181826986177, ""subsample"": 0.7514774558863376}",COMPLETE
lightgbm,66,0.36141877159625024,2026-09-29 22:46:48.011074,2026-09-29 22:46:50.342645,0 days 00:00:02.331571,0.5288337802660661,3.6895678718343268,0.08907574902537718,3,10.987990981527016,4.529072899381021,18.00894309664459,0.7379918796059463,74,"{""colsample_bytree"": 0.5288337802660661, ""gamma"": 3.6895678718343268, ""learning_rate"": 0.08907574902537718, ""max_depth"": 3, ""min_child_weight"": 10.987990981527016, ""reg_alpha"": 4.529072899381021, ""reg_lambda"": 18.00894309664459, ""subsample"": 0.7379918796059463}",COMPLETE
lightgbm,67,0.3625934687389081,2026-09-29 22:46:50.342815,2026-09-29 22:46:52.653276,0 days 00:00:02.310461,0.5521746036751581,3.6401024057438494,0.0818737920472789,3,11.200925374408044,4.307942255277689,18.072944225953275,0.7930025055982918,75,"{""colsample_bytree"": 0.5521746036751581, ""gamma"": 3.6401024057438494, ""learning_rate"": 0.0818737920472789, ""max_depth"": 3, ""min_child_weight"": 11.200925374408044, ""reg_alpha"": 4.307942255277689, ""reg_lambda"": 18.072944225953275, ""subsample"": 0.7930025055982918}",COMPLETE
lightgbm,68,0.36216498507343675,2026-09-29 22:46:52.653427,2026-09-29 22:46:55.666605,0 days 00:00:03.013178,0.5228929802905458,3.6342435239651234,0.057091293053717504,3,13.39570199839162,4.483334261209499,17.492023603188862,0.7190242024727693,121,"{""colsample_bytree"": 0.5228929802905458, ""gamma"": 3.6342435239651234, ""learning_rate"": 0.057091293053717504, ""max_depth"": 3, ""min_child_weight"": 13.39570199839162, ""reg_alpha"": 4.483334261209499, ""reg_lambda"": 17.492023603188862, ""subsample"": 0.7190242024727693}",COMPLETE
lightgbm,69,0.3619395778361298,2026-09-29 22:46:55.666765,2026-09-29 22:46:58.037622,0 days 00:00:02.370857,0.5321676580453475,3.4226284900625776,0.07983509061469782,3,16.873823927710298,4.858832926568808,18.43467986042033,0.7693699939611953,87,"{""colsample_bytree"": 0.5321676580453475, ""gamma"": 3.4226284900625776, ""learning_rate"": 0.07983509061469782, ""max_depth"": 3, ""min_child_weight"": 16.873823927710298, ""reg_alpha"": 4.858832926568808, ""reg_lambda"": 18.43467986042033, ""subsample"": 0.7693699939611953}",COMPLETE
lightgbm,70,0.362232651932691,2026-09-29 22:46:58.037774,2026-09-29 22:47:00.730526,0 days 00:00:02.692752,0.513604186941156,3.040796477957701,0.06307859809281388,3,9.640555217148435,4.374357576751082,16.8325523184209,0.76350484713923,98,"{""colsample_bytree"": 0.513604186941156, ""gamma"": 3.040796477957701, ""learning_rate"": 0.06307859809281388, ""max_depth"": 3, ""min_child_weight"": 9.640555217148435, ""reg_alpha"": 4.374357576751082, ""reg_lambda"": 16.8325523184209, ""subsample"": 0.76350484713923}",COMPLETE
lightgbm,71,0.36185996180288815,2026-09-29 22:47:00.730697,2026-09-29 22:47:03.222964,0 days 00:00:02.492267,0.5247857365847661,3.907187317885281,0.07476570277851617,3,11.74875061782847,4.602758461638836,18.175935644149842,0.7909974573046292,92,"{""colsample_bytree"": 0.5247857365847661, ""gamma"": 3.907187317885281, ""learning_rate"": 0.07476570277851617, ""max_depth"": 3, ""min_child_weight"": 11.74875061782847, ""reg_alpha"": 4.602758461638836, ""reg_lambda"": 18.175935644149842, ""subsample"": 0.7909974573046292}",COMPLETE
lightgbm,72,0.36272814808618337,2026-09-29 22:47:03.223125,2026-09-29 22:47:06.204895,0 days 00:00:02.981770,0.5013901802717798,3.8765310749985082,0.05321977192714056,3,9.944197198661065,4.53781893361681,16.44191399259396,0.7246283079915705,116,"{""colsample_bytree"": 0.5013901802717798, ""gamma"": 3.8765310749985082, ""learning_rate"": 0.05321977192714056, ""max_depth"": 3, ""min_child_weight"": 9.944197198661065, ""reg_alpha"": 4.53781893361681, ""reg_lambda"": 16.44191399259396, ""subsample"": 0.7246283079915705}",COMPLETE
lightgbm,73,0.36298484416912224,2026-09-29 22:47:06.205063,2026-09-29 22:47:09.529930,0 days 00:00:03.324867,0.5036355593058741,3.884016611144171,0.04543698227612018,3,8.929855975790177,4.5035151196590855,17.308486492242512,0.7226369912765169,121,"{""colsample_bytree"": 0.5036355593058741, ""gamma"": 3.884016611144171, ""learning_rate"": 0.04543698227612018, ""max_depth"": 3, ""min_child_weight"": 8.929855975790177, ""reg_alpha"": 4.5035151196590855, ""reg_lambda"": 17.308486492242512, ""subsample"": 0.7226369912765169}",COMPLETE
lightgbm,74,0.3620615444837113,2026-09-29 22:47:09.530086,2026-09-29 22:47:12.035615,0 days 00:00:02.505529,0.5448374606167771,3.6865962162526476,0.06246648655590345,3,11.146710388565769,4.040441960425637,15.789308751869829,0.7628920756706573,108,"{""colsample_bytree"": 0.5448374606167771, ""gamma"": 3.6865962162526476, ""learning_rate"": 0.06246648655590345, ""max_depth"": 3, ""min_child_weight"": 11.146710388565769, ""reg_alpha"": 4.040441960425637, ""reg_lambda"": 15.789308751869829, ""subsample"": 0.7628920756706573}",COMPLETE
lightgbm,75,0.36131455770082993,2026-09-29 22:47:12.035961,2026-09-29 22:47:14.641973,0 days 00:00:02.606012,0.555992857471739,3.3731980325608784,0.05543031927391532,3,8.119544483446933,4.302740670125439,16.416300797294443,0.7633797727292199,101,"{""colsample_bytree"": 0.555992857471739, ""gamma"": 3.3731980325608784, ""learning_rate"": 0.05543031927391532, ""max_depth"": 3, ""min_child_weight"": 8.119544483446933, ""reg_alpha"": 4.302740670125439, ""reg_lambda"": 16.416300797294443, ""subsample"": 0.7633797727292199}",COMPLETE
lightgbm,76,0.3623151496446153,2026-09-29 22:47:14.642141,2026-09-29 22:47:17.029688,0 days 00:00:02.387547,0.5362788694654911,3.8968413495006153,0.07852297227468898,3,13.989988195691947,4.923904888770495,14.801069215616097,0.7286101104634385,94,"{""colsample_bytree"": 0.5362788694654911, ""gamma"": 3.8968413495006153, ""learning_rate"": 0.07852297227468898, ""max_depth"": 3, ""min_child_weight"": 13.989988195691947, ""reg_alpha"": 4.923904888770495, ""reg_lambda"": 14.801069215616097, ""subsample"": 0.7286101104634385}",COMPLETE
lightgbm,77,0.36221175077347406,2026-09-29 22:47:17.029870,2026-09-29 22:47:19.568352,0 days 00:00:02.538482,0.5035983452787277,3.6019985484459127,0.06555462970908989,3,16.63356602901159,4.679205067565365,17.502656586295963,0.7327214886901952,95,"{""colsample_bytree"": 0.5035983452787277, ""gamma"": 3.6019985484459127, ""learning_rate"": 0.06555462970908989, ""max_depth"": 3, ""min_child_weight"": 16.63356602901159, ""reg_alpha"": 4.679205067565365, ""reg_lambda"": 17.502656586295963, ""subsample"": 0.7327214886901952}",COMPLETE
lightgbm,78,0.3619502097008213,2026-09-29 22:47:19.568508,2026-09-29 22:47:22.272205,0 days 00:00:02.703697,0.5189035582585841,4.266766528143399,0.062244718684110564,3,13.78882037828816,4.204127740724628,18.470713357236946,0.7408061945596542,101,"{""colsample_bytree"": 0.5189035582585841, ""gamma"": 4.266766528143399, ""learning_rate"": 0.062244718684110564, ""max_depth"": 3, ""min_child_weight"": 13.78882037828816, ""reg_alpha"": 4.204127740724628, ""reg_lambda"": 18.470713357236946, ""subsample"": 0.7408061945596542}",COMPLETE
lightgbm,79,0.3618975753894762,2026-09-29 22:47:22.272359,2026-09-29 22:47:24.828392,0 days 00:00:02.556033,0.5312442572783413,3.365053745590299,0.06529381543368286,3,11.095317050182818,4.468530543278969,16.969862908286245,0.7973189077515196,98,"{""colsample_bytree"": 0.5312442572783413, ""gamma"": 3.365053745590299, ""learning_rate"": 0.06529381543368286, ""max_depth"": 3, ""min_child_weight"": 11.095317050182818, ""reg_alpha"": 4.468530543278969, ""reg_lambda"": 16.969862908286245, ""subsample"": 0.7973189077515196}",COMPLETE
lightgbm,80,0.362416497958333,2026-09-29 22:47:24.828560,2026-09-29 22:47:28.156974,0 days 00:00:03.328414,0.5111273964278065,4.388846109338365,0.049443996693348605,3,12.48661272172146,4.4637717229099785,18.21305909864894,0.7311674723001494,123,"{""colsample_bytree"": 0.5111273964278065, ""gamma"": 4.388846109338365, ""learning_rate"": 0.049443996693348605, ""max_depth"": 3, ""min_child_weight"": 12.48661272172146, ""reg_alpha"": 4.4637717229099785, ""reg_lambda"": 18.21305909864894, ""subsample"": 0.7311674723001494}",COMPLETE
lightgbm,81,0.36260201310172263,2026-09-29 22:47:28.157151,2026-09-29 22:47:30.624849,0 days 00:00:02.467698,0.5070236846704622,4.587232707799592,0.06805665844959485,3,12.54025752843232,4.707147632173026,15.870498669238074,0.7260665979553981,90,"{""colsample_bytree"": 0.5070236846704622, ""gamma"": 4.587232707799592, ""learning_rate"": 0.06805665844959485, ""max_depth"": 3, ""min_child_weight"": 12.54025752843232, ""reg_alpha"": 4.707147632173026, ""reg_lambda"": 15.870498669238074, ""subsample"": 0.7260665979553981}",COMPLETE
lightgbm,82,0.3618239040705726,2026-09-29 22:47:30.625031,2026-09-29 22:47:33.419517,0 days 00:00:02.794486,0.518791500998928,3.5629171938834037,0.05574508586787655,3,10.002134024253454,4.8627846894113835,17.760487289415885,0.7576068602485782,103,"{""colsample_bytree"": 0.518791500998928, ""gamma"": 3.5629171938834037, ""learning_rate"": 0.05574508586787655, ""max_depth"": 3, ""min_child_weight"": 10.002134024253454, ""reg_alpha"": 4.8627846894113835, ""reg_lambda"": 17.760487289415885, ""subsample"": 0.7576068602485782}",COMPLETE
lightgbm,83,0.3619885123091585,2026-09-29 22:47:33.419676,2026-09-29 22:47:36.179481,0 days 00:00:02.759805,0.5086263967560838,3.8124076314059567,0.06190241055036756,3,8.984753975976403,4.354543533294648,15.727734051863726,0.754058789848489,119,"{""colsample_bytree"": 0.5086263967560838, ""gamma"": 3.8124076314059567, ""learning_rate"": 0.06190241055036756, ""max_depth"": 3, ""min_child_weight"": 8.984753975976403, ""reg_alpha"": 4.354543533294648, ""reg_lambda"": 15.727734051863726, ""subsample"": 0.754058789848489}",COMPLETE
lightgbm,84,0.3625566418457229,2026-09-29 22:47:36.179634,2026-09-29 22:47:39.002616,0 days 00:00:02.822982,0.5185511832823704,3.7138119796889995,0.06152624047021892,3,5.784019269591689,4.869543707048202,15.517385194409997,0.7536241368865836,117,"{""colsample_bytree"": 0.5185511832823704, ""gamma"": 3.7138119796889995, ""learning_rate"": 0.06152624047021892, ""max_depth"": 3, ""min_child_weight"": 5.784019269591689, ""reg_alpha"": 4.869543707048202, ""reg_lambda"": 15.517385194409997, ""subsample"": 0.7536241368865836}",COMPLETE
lightgbm,85,0.3626986559639529,2026-09-29 22:47:39.002781,2026-09-29 22:47:42.031928,0 days 00:00:03.029147,0.5309116921603196,3.4923000668897872,0.045490731702651846,3,8.79961247339391,4.294972979132524,17.89181893891647,0.7332943137489759,120,"{""colsample_bytree"": 0.5309116921603196, ""gamma"": 3.4923000668897872, ""learning_rate"": 0.045490731702651846, ""max_depth"": 3, ""min_child_weight"": 8.79961247339391, ""reg_alpha"": 4.294972979132524, ""reg_lambda"": 17.89181893891647, ""subsample"": 0.7332943137489759}",COMPLETE
lightgbm,86,0.3623425199634262,2026-09-29 22:47:42.032099,2026-09-29 22:47:44.731014,0 days 00:00:02.698915,0.5032160017754709,3.6384505830596847,0.052935018108963436,3,9.45757803657831,4.7070505246520105,18.103365188607953,0.7262165287786013,106,"{""colsample_bytree"": 0.5032160017754709, ""gamma"": 3.6384505830596847, ""learning_rate"": 0.052935018108963436, ""max_depth"": 3, ""min_child_weight"": 9.45757803657831, ""reg_alpha"": 4.7070505246520105, ""reg_lambda"": 18.103365188607953, ""subsample"": 0.7262165287786013}",COMPLETE
lightgbm,87,0.3627416011956818,2026-09-29 22:47:44.731173,2026-09-29 22:47:47.647448,0 days 00:00:02.916275,0.5277096818415125,3.865076029224489,0.053213424382469926,3,6.018141207506744,4.44358383366493,17.39291861858116,0.7296732303702715,104,"{""colsample_bytree"": 0.5277096818415125, ""gamma"": 3.865076029224489, ""learning_rate"": 0.053213424382469926, ""max_depth"": 3, ""min_child_weight"": 6.018141207506744, ""reg_alpha"": 4.44358383366493, ""reg_lambda"": 17.39291861858116, ""subsample"": 0.7296732303702715}",COMPLETE
lightgbm,88,0.3626578727492801,2026-09-29 22:47:47.647613,2026-09-29 22:47:50.380779,0 days 00:00:02.733166,0.5229778824562142,3.4427041745045206,0.0652686568348398,3,6.85433976568734,4.626757648788727,17.051893119080514,0.7275006886877458,103,"{""colsample_bytree"": 0.5229778824562142, ""gamma"": 3.4427041745045206, ""learning_rate"": 0.0652686568348398, ""max_depth"": 3, ""min_child_weight"": 6.85433976568734, ""reg_alpha"": 4.626757648788727, ""reg_lambda"": 17.051893119080514, ""subsample"": 0.7275006886877458}",COMPLETE
lightgbm,89,0.36283339882032245,2026-09-29 22:47:50.380978,2026-09-29 22:47:52.999155,0 days 00:00:02.618177,0.5041131321322846,4.115739954026164,0.05929079238992804,3,5.011533023038538,4.545291786840263,15.872906947470694,0.741933860839657,118,"{""colsample_bytree"": 0.5041131321322846, ""gamma"": 4.115739954026164, ""learning_rate"": 0.05929079238992804, ""max_depth"": 3, ""min_child_weight"": 5.011533023038538, ""reg_alpha"": 4.545291786840263, ""reg_lambda"": 15.872906947470694, ""subsample"": 0.741933860839657}",COMPLETE
lightgbm,90,0.3634436559612969,2026-09-29 22:47:52.999329,2026-09-29 22:47:55.957199,0 days 00:00:02.957870,0.5006989289418667,3.7103559661192596,0.05845621568272848,3,6.8543900335465295,4.436270077294586,15.367380099308336,0.7135131653588508,115,"{""colsample_bytree"": 0.5006989289418667, ""gamma"": 3.7103559661192596, ""learning_rate"": 0.05845621568272848, ""max_depth"": 3, ""min_child_weight"": 6.8543900335465295, ""reg_alpha"": 4.436270077294586, ""reg_lambda"": 15.367380099308336, ""subsample"": 0.7135131653588508}",COMPLETE
lightgbm,91,0.3624256593612572,2026-09-29 22:47:55.957355,2026-09-29 22:47:59.159071,0 days 00:00:03.201716,0.5206998661535602,4.19998740779992,0.046161877913246635,3,9.730405018417663,4.24549464930412,17.018677075604373,0.7379218956606488,130,"{""colsample_bytree"": 0.5206998661535602, ""gamma"": 4.19998740779992, ""learning_rate"": 0.046161877913246635, ""max_depth"": 3, ""min_child_weight"": 9.730405018417663, ""reg_alpha"": 4.24549464930412, ""reg_lambda"": 17.018677075604373, ""subsample"": 0.7379218956606488}",COMPLETE
lightgbm,92,0.36320145710971535,2026-09-29 22:47:59.159233,2026-09-29 22:48:02.102943,0 days 00:00:02.943710,0.5368722976519142,4.0008178770774405,0.05128177539847171,3,10.634208897045722,4.548752274109955,17.16267852376357,0.7229693596185618,120,"{""colsample_bytree"": 0.5368722976519142, ""gamma"": 4.0008178770774405, ""learning_rate"": 0.05128177539847171, ""max_depth"": 3, ""min_child_weight"": 10.634208897045722, ""reg_alpha"": 4.548752274109955, ""reg_lambda"": 17.16267852376357, ""subsample"": 0.7229693596185618}",COMPLETE
lightgbm,93,0.3625191531544037,2026-09-29 22:48:02.103129,2026-09-29 22:48:04.784885,0 days 00:00:02.681756,0.5372608359291055,4.4808080578887655,0.05826430045991473,3,5.388253508026175,4.778162050611873,15.536416016533225,0.7362648886877865,106,"{""colsample_bytree"": 0.5372608359291055, ""gamma"": 4.4808080578887655, ""learning_rate"": 0.05826430045991473, ""max_depth"": 3, ""min_child_weight"": 5.388253508026175, ""reg_alpha"": 4.778162050611873, ""reg_lambda"": 15.536416016533225, ""subsample"": 0.7362648886877865}",COMPLETE
lightgbm,94,0.3633262688626779,2026-09-29 22:48:04.785042,2026-09-29 22:48:07.802902,0 days 00:00:03.017860,0.507866761474253,3.9483233160019893,0.05300515421142516,3,8.182510238494338,4.611912864875321,15.367654181869478,0.7216612025875772,118,"{""colsample_bytree"": 0.507866761474253, ""gamma"": 3.9483233160019893, ""learning_rate"": 0.05300515421142516, ""max_depth"": 3, ""min_child_weight"": 8.182510238494338, ""reg_alpha"": 4.611912864875321, ""reg_lambda"": 15.367654181869478, ""subsample"": 0.7216612025875772}",COMPLETE
lightgbm,95,0.3626849679632077,2026-09-29 22:48:07.803070,2026-09-29 22:48:10.596349,0 days 00:00:02.793279,0.5185293594887984,4.055318607826655,0.057372256062628545,3,5.547570370377013,4.309994963046029,16.591708289218207,0.7423752722017888,113,"{""colsample_bytree"": 0.5185293594887984, ""gamma"": 4.055318607826655, ""learning_rate"": 0.057372256062628545, ""max_depth"": 3, ""min_child_weight"": 5.547570370377013, ""reg_alpha"": 4.309994963046029, ""reg_lambda"": 16.591708289218207, ""subsample"": 0.7423752722017888}",COMPLETE
lightgbm,96,0.3626504297314861,2026-09-29 22:48:10.596505,2026-09-29 22:48:13.217311,0 days 00:00:02.620806,0.5127764394345397,3.8139606991428527,0.06187485109002505,3,7.2985437599523335,4.748142868532464,16.53979116404205,0.7349625742794645,94,"{""colsample_bytree"": 0.5127764394345397, ""gamma"": 3.8139606991428527, ""learning_rate"": 0.06187485109002505, ""max_depth"": 3, ""min_child_weight"": 7.2985437599523335, ""reg_alpha"": 4.748142868532464, ""reg_lambda"": 16.53979116404205, ""subsample"": 0.7349625742794645}",COMPLETE
lightgbm,97,0.3618939843876695,2026-09-29 22:48:13.217465,2026-09-29 22:48:16.633753,0 days 00:00:03.416288,0.5051886445382162,3.703436029309097,0.05232029073339975,3,6.2613393589791615,4.2869657648338695,15.509001464237576,0.744705823928068,122,"{""colsample_bytree"": 0.5051886445382162, ""gamma"": 3.703436029309097, ""learning_rate"": 0.05232029073339975, ""max_depth"": 3, ""min_child_weight"": 6.2613393589791615, ""reg_alpha"": 4.2869657648338695, ""reg_lambda"": 15.509001464237576, ""subsample"": 0.744705823928068}",COMPLETE
lightgbm,98,0.3618590489602594,2026-09-29 22:48:16.633937,2026-09-29 22:48:19.996862,0 days 00:00:03.362925,0.5059305226354854,3.628116412157289,0.0444658581051995,3,10.986193965991207,4.768235285905747,16.089972188235812,0.7047613570520637,135,"{""colsample_bytree"": 0.5059305226354854, ""gamma"": 3.628116412157289, ""learning_rate"": 0.0444658581051995, ""max_depth"": 3, ""min_child_weight"": 10.986193965991207, ""reg_alpha"": 4.768235285905747, ""reg_lambda"": 16.089972188235812, ""subsample"": 0.7047613570520637}",COMPLETE
lightgbm,99,0.36209989487613264,2026-09-29 22:48:19.997013,2026-09-29 22:48:22.764546,0 days 00:00:02.767533,0.5249129313620035,3.593148189405374,0.06327618516329307,3,8.50665745744294,4.537386467434208,16.03301105034678,0.6987181082339629,109,"{""colsample_bytree"": 0.5249129313620035, ""gamma"": 3.593148189405374, ""learning_rate"": 0.06327618516329307, ""max_depth"": 3, ""min_child_weight"": 8.50665745744294, ""reg_alpha"": 4.537386467434208, ""reg_lambda"": 16.03301105034678, ""subsample"": 0.6987181082339629}",COMPLETE
lightgbm,100,0.36200203424769795,2026-09-29 22:48:22.764896,2026-09-29 22:48:25.154473,0 days 00:00:02.389577,0.511055483787908,4.19962822620646,0.06743459112778355,3,5.561002238054887,4.688210641784172,16.255695589874428,0.7424183576972824,79,"{""colsample_bytree"": 0.511055483787908, ""gamma"": 4.19962822620646, ""learning_rate"": 0.06743459112778355, ""max_depth"": 3, ""min_child_weight"": 5.561002238054887, ""reg_alpha"": 4.688210641784172, ""reg_lambda"": 16.255695589874428, ""subsample"": 0.7424183576972824}",COMPLETE
lightgbm,101,0.3624680375936232,2026-09-29 22:48:25.154636,2026-09-29 22:48:28.732332,0 days 00:00:03.577696,0.5203883143302129,3.8520891977936116,0.04379326373076302,3,10.46249816384177,4.540575692030977,16.60092309055463,0.7064140549365647,148,"{""colsample_bytree"": 0.5203883143302129, ""gamma"": 3.8520891977936116, ""learning_rate"": 0.04379326373076302, ""max_depth"": 3, ""min_child_weight"": 10.46249816384177, ""reg_alpha"": 4.540575692030977, ""reg_lambda"": 16.60092309055463, ""subsample"": 0.7064140549365647}",COMPLETE
lightgbm,102,0.36150048017521724,2026-09-29 22:48:28.732495,2026-09-29 22:48:31.667735,0 days 00:00:02.935240,0.5502537589533385,3.885578807572446,0.049452682672068746,3,9.202435510098729,4.613461617510983,16.26764840824019,0.7415451205116378,129,"{""colsample_bytree"": 0.5502537589533385, ""gamma"": 3.885578807572446, ""learning_rate"": 0.049452682672068746, ""max_depth"": 3, ""min_child_weight"": 9.202435510098729, ""reg_alpha"": 4.613461617510983, ""reg_lambda"": 16.26764840824019, ""subsample"": 0.7415451205116378}",COMPLETE
lightgbm,103,0.36308448585485636,2026-09-29 22:48:31.667939,2026-09-29 22:48:34.664619,0 days 00:00:02.996680,0.5190645369390279,3.975102170721276,0.05314275140480487,3,8.380532274651339,4.722710241333917,15.210308941715748,0.7126366929866892,109,"{""colsample_bytree"": 0.5190645369390279, ""gamma"": 3.975102170721276, ""learning_rate"": 0.05314275140480487, ""max_depth"": 3, ""min_child_weight"": 8.380532274651339, ""reg_alpha"": 4.722710241333917, ""reg_lambda"": 15.210308941715748, ""subsample"": 0.7126366929866892}",COMPLETE
lightgbm,104,0.3613023333233428,2026-09-29 22:48:34.664831,2026-09-29 22:48:37.491719,0 days 00:00:02.826888,0.546564221342959,3.7461775386712315,0.05129131160125547,3,5.079823428604742,4.6798104923936945,15.760227636901169,0.7209941258068564,130,"{""colsample_bytree"": 0.546564221342959, ""gamma"": 3.7461775386712315, ""learning_rate"": 0.05129131160125547, ""max_depth"": 3, ""min_child_weight"": 5.079823428604742, ""reg_alpha"": 4.6798104923936945, ""reg_lambda"": 15.760227636901169, ""subsample"": 0.7209941258068564}",COMPLETE
lightgbm,105,0.3629616585995641,2026-09-29 22:48:37.491905,2026-09-29 22:48:40.544552,0 days 00:00:03.052647,0.5327450302595395,3.9991966985064096,0.04883314645432013,3,7.857111467099322,4.527785578093021,16.930185515420778,0.7232602593667825,121,"{""colsample_bytree"": 0.5327450302595395, ""gamma"": 3.9991966985064096, ""learning_rate"": 0.04883314645432013, ""max_depth"": 3, ""min_child_weight"": 7.857111467099322, ""reg_alpha"": 4.527785578093021, ""reg_lambda"": 16.930185515420778, ""subsample"": 0.7232602593667825}",COMPLETE
lightgbm,106,0.3629092497277668,2026-09-29 22:48:40.544703,2026-09-29 22:48:43.311318,0 days 00:00:02.766615,0.5166462613007143,3.6405068777355556,0.06510168258462015,3,11.712238887873546,4.525810939742686,15.887855484484364,0.7066479468362667,103,"{""colsample_bytree"": 0.5166462613007143, ""gamma"": 3.6405068777355556, ""learning_rate"": 0.06510168258462015, ""max_depth"": 3, ""min_child_weight"": 11.712238887873546, ""reg_alpha"": 4.525810939742686, ""reg_lambda"": 15.887855484484364, ""subsample"": 0.7066479468362667}",COMPLETE
lightgbm,107,0.363442576622964,2026-09-29 22:48:43.311461,2026-09-29 22:48:46.377581,0 days 00:00:03.066120,0.5095441335062287,4.369353230855698,0.05269125537990319,3,5.043472676549616,4.595077656525543,16.14359169601458,0.7237740747680719,123,"{""colsample_bytree"": 0.5095441335062287, ""gamma"": 4.369353230855698, ""learning_rate"": 0.05269125537990319, ""max_depth"": 3, ""min_child_weight"": 5.043472676549616, ""reg_alpha"": 4.595077656525543, ""reg_lambda"": 16.14359169601458, ""subsample"": 0.7237740747680719}",COMPLETE
lightgbm,108,0.36252821084714393,2026-09-29 22:48:46.377728,2026-09-29 22:48:49.349036,0 days 00:00:02.971308,0.5163025016330459,4.155655140940678,0.05575084700943747,3,11.538212690610937,4.54563114235178,17.043575194149817,0.7173070543417128,118,"{""colsample_bytree"": 0.5163025016330459, ""gamma"": 4.155655140940678, ""learning_rate"": 0.05575084700943747, ""max_depth"": 3, ""min_child_weight"": 11.538212690610937, ""reg_alpha"": 4.54563114235178, ""reg_lambda"": 17.043575194149817, ""subsample"": 0.7173070543417128}",COMPLETE
lightgbm,109,0.3625384418794683,2026-09-29 22:48:49.349194,2026-09-29 22:48:52.410809,0 days 00:00:03.061615,0.5145605510667691,3.843479378949638,0.05028736179260023,3,6.687084102415802,4.68702298914435,14.414766463316736,0.7094425686089157,107,"{""colsample_bytree"": 0.5145605510667691, ""gamma"": 3.843479378949638, ""learning_rate"": 0.05028736179260023, ""max_depth"": 3, ""min_child_weight"": 6.687084102415802, ""reg_alpha"": 4.68702298914435, ""reg_lambda"": 14.414766463316736, ""subsample"": 0.7094425686089157}",COMPLETE
lightgbm,110,0.362690792078282,2026-09-29 22:48:52.410983,2026-09-29 22:48:55.256669,0 days 00:00:02.845686,0.5235020449748352,4.030779398927647,0.051523775773229114,3,6.807710124583157,4.996439265305544,16.772118544727473,0.7300939357177474,117,"{""colsample_bytree"": 0.5235020449748352, ""gamma"": 4.030779398927647, ""learning_rate"": 0.051523775773229114, ""max_depth"": 3, ""min_child_weight"": 6.807710124583157, ""reg_alpha"": 4.996439265305544, ""reg_lambda"": 16.772118544727473, ""subsample"": 0.7300939357177474}",COMPLETE
lightgbm,111,0.3623859756756811,2026-09-29 22:48:55.256855,2026-09-29 22:48:57.984477,0 days 00:00:02.727622,0.5224459035674524,4.293730035020392,0.05887033833942736,3,7.766346606465811,4.218400999441562,16.847833916421564,0.7304627776309679,107,"{""colsample_bytree"": 0.5224459035674524, ""gamma"": 4.293730035020392, ""learning_rate"": 0.05887033833942736, ""max_depth"": 3, ""min_child_weight"": 7.766346606465811, ""reg_alpha"": 4.218400999441562, ""reg_lambda"": 16.847833916421564, ""subsample"": 0.7304627776309679}",COMPLETE
lightgbm,112,0.3622834130590523,2026-09-29 22:48:57.984628,2026-09-29 22:49:00.916353,0 days 00:00:02.931725,0.5289230415102769,4.276824422749004,0.04550966245443005,3,6.253854428767864,4.524675024919537,15.287562530109804,0.7394374786375021,125,"{""colsample_bytree"": 0.5289230415102769, ""gamma"": 4.276824422749004, ""learning_rate"": 0.04550966245443005, ""max_depth"": 3, ""min_child_weight"": 6.253854428767864, ""reg_alpha"": 4.524675024919537, ""reg_lambda"": 15.287562530109804, ""subsample"": 0.7394374786375021}",COMPLETE
lightgbm,113,0.3629419423093857,2026-09-29 22:49:00.916517,2026-09-29 22:49:03.613811,0 days 00:00:02.697294,0.5313642945465372,3.598337153184295,0.06296083324913695,3,12.339406298986013,4.7897021642235345,16.178587804932164,0.7178458714257199,111,"{""colsample_bytree"": 0.5313642945465372, ""gamma"": 3.598337153184295, ""learning_rate"": 0.06296083324913695, ""max_depth"": 3, ""min_child_weight"": 12.339406298986013, ""reg_alpha"": 4.7897021642235345, ""reg_lambda"": 16.178587804932164, ""subsample"": 0.7178458714257199}",COMPLETE
lightgbm,114,0.361958389415595,2026-09-29 22:49:03.613990,2026-09-29 22:49:06.417069,0 days 00:00:02.803079,0.5130678526226071,4.112605326890891,0.05973989954286581,3,6.43402199477187,4.655177563635696,16.264586138439,0.7596317338526856,116,"{""colsample_bytree"": 0.5130678526226071, ""gamma"": 4.112605326890891, ""learning_rate"": 0.05973989954286581, ""max_depth"": 3, ""min_child_weight"": 6.43402199477187, ""reg_alpha"": 4.655177563635696, ""reg_lambda"": 16.264586138439, ""subsample"": 0.7596317338526856}",COMPLETE
lightgbm,115,0.3628169292714827,2026-09-29 22:49:06.417225,2026-09-29 22:49:09.142893,0 days 00:00:02.725668,0.5235429607208001,3.968101244853206,0.06291609987566363,3,5.801902821911069,4.3492446314959,15.877928531338148,0.7276290159289072,104,"{""colsample_bytree"": 0.5235429607208001, ""gamma"": 3.968101244853206, ""learning_rate"": 0.06291609987566363, ""max_depth"": 3, ""min_child_weight"": 5.801902821911069, ""reg_alpha"": 4.3492446314959, ""reg_lambda"": 15.877928531338148, ""subsample"": 0.7276290159289072}",COMPLETE
lightgbm,116,0.36243825610073577,2026-09-29 22:49:09.143085,2026-09-29 22:49:12.118024,0 days 00:00:02.974939,0.5109482344982758,3.9074416464653483,0.053141947465973276,3,9.49630479333291,4.624902201131497,15.365005525949448,0.7110619088205028,106,"{""colsample_bytree"": 0.5109482344982758, ""gamma"": 3.9074416464653483, ""learning_rate"": 0.053141947465973276, ""max_depth"": 3, ""min_child_weight"": 9.49630479333291, ""reg_alpha"": 4.624902201131497, ""reg_lambda"": 15.365005525949448, ""subsample"": 0.7110619088205028}",COMPLETE
lightgbm,117,0.3630259049344193,2026-09-29 22:49:12.118203,2026-09-29 22:49:15.125746,0 days 00:00:03.007543,0.5353025760095192,3.927525993114771,0.05465920786256667,3,11.641191640404482,4.767580160148949,16.737126602230358,0.722084930237833,108,"{""colsample_bytree"": 0.5353025760095192, ""gamma"": 3.927525993114771, ""learning_rate"": 0.05465920786256667, ""max_depth"": 3, ""min_child_weight"": 11.641191640404482, ""reg_alpha"": 4.767580160148949, ""reg_lambda"": 16.737126602230358, ""subsample"": 0.722084930237833}",COMPLETE
lightgbm,118,0.3623395417353996,2026-09-29 22:49:15.125972,2026-09-29 22:49:18.242021,0 days 00:00:03.116049,0.5398389210746207,3.9277195675429724,0.05166898163600046,3,10.432654705681516,4.973923131312052,17.425064073970056,0.7154444832110706,123,"{""colsample_bytree"": 0.5398389210746207, ""gamma"": 3.9277195675429724, ""learning_rate"": 0.05166898163600046, ""max_depth"": 3, ""min_child_weight"": 10.432654705681516, ""reg_alpha"": 4.973923131312052, ""reg_lambda"": 17.425064073970056, ""subsample"": 0.7154444832110706}",COMPLETE
lightgbm,119,0.36265867599196466,2026-09-29 22:49:18.242177,2026-09-29 22:49:21.161692,0 days 00:00:02.919515,0.5197534629952439,3.8042341446379018,0.06138234141654521,3,11.664929456107641,4.7819687724045625,16.027530173781116,0.7110271656411973,122,"{""colsample_bytree"": 0.5197534629952439, ""gamma"": 3.8042341446379018, ""learning_rate"": 0.06138234141654521, ""max_depth"": 3, ""min_child_weight"": 11.664929456107641, ""reg_alpha"": 4.7819687724045625, ""reg_lambda"": 16.027530173781116, ""subsample"": 0.7110271656411973}",COMPLETE
lightgbm,120,0.36243096599141167,2026-09-29 22:49:21.161889,2026-09-29 22:49:24.219906,0 days 00:00:03.058017,0.5202650060597879,3.788675990966055,0.051294194696551935,3,11.085979725007903,4.426671219365405,14.625069072591895,0.7136244406339587,109,"{""colsample_bytree"": 0.5202650060597879, ""gamma"": 3.788675990966055, ""learning_rate"": 0.051294194696551935, ""max_depth"": 3, ""min_child_weight"": 11.085979725007903, ""reg_alpha"": 4.426671219365405, ""reg_lambda"": 14.625069072591895, ""subsample"": 0.7136244406339587}",COMPLETE
lightgbm,121,0.3628046010995435,2026-09-29 22:49:24.220064,2026-09-29 22:49:27.318218,0 days 00:00:03.098154,0.5326479537947939,4.002648692934881,0.0503317989643583,3,11.179522011317783,4.869649536108068,15.430614343589637,0.7306070184767731,129,"{""colsample_bytree"": 0.5326479537947939, ""gamma"": 4.002648692934881, ""learning_rate"": 0.0503317989643583, ""max_depth"": 3, ""min_child_weight"": 11.179522011317783, ""reg_alpha"": 4.869649536108068, ""reg_lambda"": 15.430614343589637, ""subsample"": 0.7306070184767731}",COMPLETE
lightgbm,122,0.3630865944482523,2026-09-29 22:49:27.318368,2026-09-29 22:49:30.073512,0 days 00:00:02.755144,0.5251309428361219,4.276719348152428,0.05834970304632542,3,8.66911434189726,4.711685538566971,15.210873865681963,0.7408251163514338,121,"{""colsample_bytree"": 0.5251309428361219, ""gamma"": 4.276719348152428, ""learning_rate"": 0.05834970304632542, ""max_depth"": 3, ""min_child_weight"": 8.66911434189726, ""reg_alpha"": 4.711685538566971, ""reg_lambda"": 15.210873865681963, ""subsample"": 0.7408251163514338}",COMPLETE
lightgbm,123,0.362526887090596,2026-09-29 22:49:30.073693,2026-09-29 22:49:33.234031,0 days 00:00:03.160338,0.529690837959443,3.7825414348990765,0.04516853983872847,3,8.100720534217158,4.561644809912377,16.03401605096766,0.724242715130319,124,"{""colsample_bytree"": 0.529690837959443, ""gamma"": 3.7825414348990765, ""learning_rate"": 0.04516853983872847, ""max_depth"": 3, ""min_child_weight"": 8.100720534217158, ""reg_alpha"": 4.561644809912377, ""reg_lambda"": 16.03401605096766, ""subsample"": 0.724242715130319}",COMPLETE
lightgbm,124,0.3627191738239187,2026-09-29 22:49:33.234197,2026-09-29 22:49:36.135015,0 days 00:00:02.900818,0.5155707674364545,4.266991557977255,0.052685250718774335,3,5.463495202849559,4.4854667860389785,15.905997461520055,0.7114054796714885,106,"{""colsample_bytree"": 0.5155707674364545, ""gamma"": 4.266991557977255, ""learning_rate"": 0.052685250718774335, ""max_depth"": 3, ""min_child_weight"": 5.463495202849559, ""reg_alpha"": 4.4854667860389785, ""reg_lambda"": 15.905997461520055, ""subsample"": 0.7114054796714885}",COMPLETE
lightgbm,125,0.36270225983912974,2026-09-29 22:49:36.135333,2026-09-29 22:49:39.123028,0 days 00:00:02.987695,0.5083002756806433,3.962733276045027,0.051732729101560536,3,12.389210890458074,4.821515769256743,17.12695410095279,0.7116893077733629,122,"{""colsample_bytree"": 0.5083002756806433, ""gamma"": 3.962733276045027, ""learning_rate"": 0.051732729101560536, ""max_depth"": 3, ""min_child_weight"": 12.389210890458074, ""reg_alpha"": 4.821515769256743, ""reg_lambda"": 17.12695410095279, ""subsample"": 0.7116893077733629}",COMPLETE
lightgbm,126,0.3629956659765678,2026-09-29 22:49:39.123191,2026-09-29 22:49:42.465502,0 days 00:00:03.342311,0.5083570965805985,3.981182232625369,0.049563948726292155,3,8.304287600894162,4.556342310929176,16.847394230309256,0.738557958868206,123,"{""colsample_bytree"": 0.5083570965805985, ""gamma"": 3.981182232625369, ""learning_rate"": 0.049563948726292155, ""max_depth"": 3, ""min_child_weight"": 8.304287600894162, ""reg_alpha"": 4.556342310929176, ""reg_lambda"": 16.847394230309256, ""subsample"": 0.738557958868206}",COMPLETE
lightgbm,127,0.3622123264369364,2026-09-29 22:49:42.465655,2026-09-29 22:49:45.474027,0 days 00:00:03.008372,0.5328367311057325,4.152269834913416,0.05036084707968288,3,7.657803757606153,4.546262358760272,16.514657511845733,0.697022043980229,124,"{""colsample_bytree"": 0.5328367311057325, ""gamma"": 4.152269834913416, ""learning_rate"": 0.05036084707968288, ""max_depth"": 3, ""min_child_weight"": 7.657803757606153, ""reg_alpha"": 4.546262358760272, ""reg_lambda"": 16.514657511845733, ""subsample"": 0.697022043980229}",COMPLETE
lightgbm,128,0.3632260627815311,2026-09-29 22:49:45.474191,2026-09-29 22:49:48.271149,0 days 00:00:02.796958,0.5269101152939071,4.094387341924177,0.05477962803346656,3,8.795944977729205,4.856377054213624,17.910161675244016,0.723302543830464,106,"{""colsample_bytree"": 0.5269101152939071, ""gamma"": 4.094387341924177, ""learning_rate"": 0.05477962803346656, ""max_depth"": 3, ""min_child_weight"": 8.795944977729205, ""reg_alpha"": 4.856377054213624, ""reg_lambda"": 17.910161675244016, ""subsample"": 0.723302543830464}",COMPLETE
lightgbm,129,0.36307792158003566,2026-09-29 22:49:48.271297,2026-09-29 22:49:51.523615,0 days 00:00:03.252318,0.5095017245463918,4.55583505722353,0.04792953799950829,3,7.1080150488031375,4.607166812843634,16.241537201934666,0.7284849869273438,123,"{""colsample_bytree"": 0.5095017245463918, ""gamma"": 4.55583505722353, ""learning_rate"": 0.04792953799950829, ""max_depth"": 3, ""min_child_weight"": 7.1080150488031375, ""reg_alpha"": 4.607166812843634, ""reg_lambda"": 16.241537201934666, ""subsample"": 0.7284849869273438}",COMPLETE
lightgbm,130,0.3626318129038325,2026-09-29 22:49:51.523868,2026-09-29 22:49:54.711391,0 days 00:00:03.187523,0.5291481098427652,3.9304560267336996,0.04906540610727844,3,7.285998534024055,4.797081420856158,18.012784544625852,0.7188179679264611,116,"{""colsample_bytree"": 0.5291481098427652, ""gamma"": 3.9304560267336996, ""learning_rate"": 0.04906540610727844, ""max_depth"": 3, ""min_child_weight"": 7.285998534024055, ""reg_alpha"": 4.797081420856158, ""reg_lambda"": 18.012784544625852, ""subsample"": 0.7188179679264611}",COMPLETE
lightgbm,131,0.3614139782234636,2026-09-29 22:49:54.711556,2026-09-29 22:49:57.477708,0 days 00:00:02.766152,0.5359948373517414,4.144049607692444,0.0547094978940997,3,10.017567620534852,4.497480068101178,16.473964508376653,0.7478638144958762,121,"{""colsample_bytree"": 0.5359948373517414, ""gamma"": 4.144049607692444, ""learning_rate"": 0.0547094978940997, ""max_depth"": 3, ""min_child_weight"": 10.017567620534852, ""reg_alpha"": 4.497480068101178, ""reg_lambda"": 16.473964508376653, ""subsample"": 0.7478638144958762}",COMPLETE
lightgbm,132,0.361939717799507,2026-09-29 22:49:57.477885,2026-09-29 22:50:00.543236,0 days 00:00:03.065351,0.5033005369311296,4.084397139800665,0.050731501480839006,3,6.860497451623255,4.265434372322165,16.83180797451271,0.717137858724482,111,"{""colsample_bytree"": 0.5033005369311296, ""gamma"": 4.084397139800665, ""learning_rate"": 0.050731501480839006, ""max_depth"": 3, ""min_child_weight"": 6.860497451623255, ""reg_alpha"": 4.265434372322165, ""reg_lambda"": 16.83180797451271, ""subsample"": 0.717137858724482}",COMPLETE
lightgbm,133,0.36283015291942233,2026-09-29 22:50:00.543391,2026-09-29 22:50:03.527313,0 days 00:00:02.983922,0.5112885182796281,4.166803222157435,0.05894033160000669,3,5.309419520772719,4.952731084602576,16.12568382710665,0.7202062556839277,120,"{""colsample_bytree"": 0.5112885182796281, ""gamma"": 4.166803222157435, ""learning_rate"": 0.05894033160000669, ""max_depth"": 3, ""min_child_weight"": 5.309419520772719, ""reg_alpha"": 4.952731084602576, ""reg_lambda"": 16.12568382710665, ""subsample"": 0.7202062556839277}",COMPLETE
lightgbm,134,0.3629491634021722,2026-09-29 22:50:03.527472,2026-09-29 22:50:06.337012,0 days 00:00:02.809540,0.5281200749164652,3.8423580938890134,0.05355069702621535,3,11.13676103031234,4.524953119990631,16.363503312085093,0.7280415298749268,116,"{""colsample_bytree"": 0.5281200749164652, ""gamma"": 3.8423580938890134, ""learning_rate"": 0.05355069702621535, ""max_depth"": 3, ""min_child_weight"": 11.13676103031234, ""reg_alpha"": 4.524953119990631, ""reg_lambda"": 16.363503312085093, ""subsample"": 0.7280415298749268}",COMPLETE
lightgbm,135,0.3628608015989267,2026-09-29 22:50:06.337162,2026-09-29 22:50:09.157673,0 days 00:00:02.820511,0.5214967346849562,3.980543817739234,0.05617525136130589,3,9.312618082609161,4.842340652623379,16.325285063049762,0.7127870137178591,121,"{""colsample_bytree"": 0.5214967346849562, ""gamma"": 3.980543817739234, ""learning_rate"": 0.05617525136130589, ""max_depth"": 3, ""min_child_weight"": 9.312618082609161, ""reg_alpha"": 4.842340652623379, ""reg_lambda"": 16.325285063049762, ""subsample"": 0.7127870137178591}",COMPLETE
lightgbm,136,0.3625930558369118,2026-09-29 22:50:09.157877,2026-09-29 22:50:11.971110,0 days 00:00:02.813233,0.5034415942493498,4.334570289407086,0.05998756733271024,3,7.104456761181996,4.327013770011837,15.854801869996649,0.7250669385379975,107,"{""colsample_bytree"": 0.5034415942493498, ""gamma"": 4.334570289407086, ""learning_rate"": 0.05998756733271024, ""max_depth"": 3, ""min_child_weight"": 7.104456761181996, ""reg_alpha"": 4.327013770011837, ""reg_lambda"": 15.854801869996649, ""subsample"": 0.7250669385379975}",COMPLETE
lightgbm,137,0.36263462791450346,2026-09-29 22:50:11.971276,2026-09-29 22:50:14.995104,0 days 00:00:03.023828,0.5338937500333012,4.377976202611946,0.05202110937699194,3,9.284817064908701,4.8831340961008305,16.316887552669453,0.7121727514301279,111,"{""colsample_bytree"": 0.5338937500333012, ""gamma"": 4.377976202611946, ""learning_rate"": 0.05202110937699194, ""max_depth"": 3, ""min_child_weight"": 9.284817064908701, ""reg_alpha"": 4.8831340961008305, ""reg_lambda"": 16.316887552669453, ""subsample"": 0.7121727514301279}",COMPLETE
lightgbm,138,0.36261504993081883,2026-09-29 22:50:14.995258,2026-09-29 22:50:17.992820,0 days 00:00:02.997562,0.5057550619914876,3.8076684402768,0.05585118139734039,3,9.28119591488883,4.413160280941617,15.24692389232909,0.7370784900068426,104,"{""colsample_bytree"": 0.5057550619914876, ""gamma"": 3.8076684402768, ""learning_rate"": 0.05585118139734039, ""max_depth"": 3, ""min_child_weight"": 9.28119591488883, ""reg_alpha"": 4.413160280941617, ""reg_lambda"": 15.24692389232909, ""subsample"": 0.7370784900068426}",COMPLETE
lightgbm,139,0.36295316137568556,2026-09-29 22:50:17.992968,2026-09-29 22:50:20.908587,0 days 00:00:02.915619,0.5288735221282203,3.8792765143859107,0.060290284238269064,3,6.7614881771060995,4.760619315822108,15.310233834789837,0.7156635852677182,120,"{""colsample_bytree"": 0.5288735221282203, ""gamma"": 3.8792765143859107, ""learning_rate"": 0.060290284238269064, ""max_depth"": 3, ""min_child_weight"": 6.7614881771060995, ""reg_alpha"": 4.760619315822108, ""reg_lambda"": 15.310233834789837, ""subsample"": 0.7156635852677182}",COMPLETE
lightgbm,140,0.3629385174554027,2026-09-29 22:50:20.908799,2026-09-29 22:50:24.210006,0 days 00:00:03.301207,0.5208116250032867,4.170814443070737,0.04464184202262703,3,8.831907260608558,4.601519409367959,15.635627259968995,0.7224505399198177,127,"{""colsample_bytree"": 0.5208116250032867, ""gamma"": 4.170814443070737, ""learning_rate"": 0.04464184202262703, ""max_depth"": 3, ""min_child_weight"": 8.831907260608558, ""reg_alpha"": 4.601519409367959, ""reg_lambda"": 15.635627259968995, ""subsample"": 0.7224505399198177}",COMPLETE
lightgbm,141,0.36278318578582547,2026-09-29 22:50:24.210172,2026-09-29 22:50:27.358900,0 days 00:00:03.148728,0.5157886931441181,4.330282716341693,0.049001681998123464,3,5.50658857681759,4.812886182231144,15.271987171391567,0.721679818412472,121,"{""colsample_bytree"": 0.5157886931441181, ""gamma"": 4.330282716341693, ""learning_rate"": 0.049001681998123464, ""max_depth"": 3, ""min_child_weight"": 5.50658857681759, ""reg_alpha"": 4.812886182231144, ""reg_lambda"": 15.271987171391567, ""subsample"": 0.721679818412472}",COMPLETE
lightgbm,142,0.3625783203597631,2026-09-29 22:50:27.359073,2026-09-29 22:50:30.269826,0 days 00:00:02.910753,0.5331192090880971,3.9501040607986586,0.05973246450397014,3,11.16313192994648,4.7334936016710705,15.620796517025086,0.7297410032958699,112,"{""colsample_bytree"": 0.5331192090880971, ""gamma"": 3.9501040607986586, ""learning_rate"": 0.05973246450397014, ""max_depth"": 3, ""min_child_weight"": 11.16313192994648, ""reg_alpha"": 4.7334936016710705, ""reg_lambda"": 15.620796517025086, ""subsample"": 0.7297410032958699}",COMPLETE
lightgbm,143,0.36283103404310785,2026-09-29 22:50:30.270093,2026-09-29 22:50:33.239896,0 days 00:00:02.969803,0.5322612724913319,4.078062797075414,0.05516519582951952,3,8.128168053138449,4.557470482562625,17.857689435951137,0.7374164266457395,116,"{""colsample_bytree"": 0.5322612724913319, ""gamma"": 4.078062797075414, ""learning_rate"": 0.05516519582951952, ""max_depth"": 3, ""min_child_weight"": 8.128168053138449, ""reg_alpha"": 4.557470482562625, ""reg_lambda"": 17.857689435951137, ""subsample"": 0.7374164266457395}",COMPLETE
lightgbm,144,0.36231969523354235,2026-09-29 22:50:33.240056,2026-09-29 22:50:35.738087,0 days 00:00:02.498031,0.533559244977284,3.7625568825630453,0.06431318617752932,3,5.675908160541264,4.850789985685826,14.984189587711604,0.716653364624747,104,"{""colsample_bytree"": 0.533559244977284, ""gamma"": 3.7625568825630453, ""learning_rate"": 0.06431318617752932, ""max_depth"": 3, ""min_child_weight"": 5.675908160541264, ""reg_alpha"": 4.850789985685826, ""reg_lambda"": 14.984189587711604, ""subsample"": 0.716653364624747}",COMPLETE
lightgbm,145,0.3627466116390795,2026-09-29 22:50:35.738240,2026-09-29 22:50:38.736195,0 days 00:00:02.997955,0.5037353780996217,4.224386838691978,0.05143314764607877,3,7.546306006357284,4.56913405579408,14.302401068171806,0.7205389455539951,106,"{""colsample_bytree"": 0.5037353780996217, ""gamma"": 4.224386838691978, ""learning_rate"": 0.05143314764607877, ""max_depth"": 3, ""min_child_weight"": 7.546306006357284, ""reg_alpha"": 4.56913405579408, ""reg_lambda"": 14.302401068171806, ""subsample"": 0.7205389455539951}",COMPLETE
lightgbm,146,0.36254477341189184,2026-09-29 22:50:38.736370,2026-09-29 22:50:41.860714,0 days 00:00:03.124344,0.5123122544595347,4.015427518846025,0.05496001638718662,3,7.516332270885271,4.984314015919842,14.468095814211182,0.7143804882287066,109,"{""colsample_bytree"": 0.5123122544595347, ""gamma"": 4.015427518846025, ""learning_rate"": 0.05496001638718662, ""max_depth"": 3, ""min_child_weight"": 7.516332270885271, ""reg_alpha"": 4.984314015919842, ""reg_lambda"": 14.468095814211182, ""subsample"": 0.7143804882287066}",COMPLETE
lightgbm,147,0.3618325212983733,2026-09-29 22:50:41.860933,2026-09-29 22:50:44.483988,0 days 00:00:02.623055,0.5452803894295554,3.9892483045042133,0.057807553378623464,3,10.594723500050105,4.624185531169138,15.872969455155642,0.7108095076954934,119,"{""colsample_bytree"": 0.5452803894295554, ""gamma"": 3.9892483045042133, ""learning_rate"": 0.057807553378623464, ""max_depth"": 3, ""min_child_weight"": 10.594723500050105, ""reg_alpha"": 4.624185531169138, ""reg_lambda"": 15.872969455155642, ""subsample"": 0.7108095076954934}",COMPLETE
lightgbm,148,0.36240854347133067,2026-09-29 22:50:44.484155,2026-09-29 22:50:47.866080,0 days 00:00:03.381925,0.5089395234631887,3.9627756410592654,0.04380555804411267,3,8.064276568477148,4.621542360143148,17.556586184877382,0.7344048365949337,141,"{""colsample_bytree"": 0.5089395234631887, ""gamma"": 3.9627756410592654, ""learning_rate"": 0.04380555804411267, ""max_depth"": 3, ""min_child_weight"": 8.064276568477148, ""reg_alpha"": 4.621542360143148, ""reg_lambda"": 17.556586184877382, ""subsample"": 0.7344048365949337}",COMPLETE
lightgbm,149,0.36236181314537985,2026-09-29 22:50:47.866257,2026-09-29 22:50:51.261525,0 days 00:00:03.395268,0.5150003117223465,3.7192179017155533,0.047914089703693,3,8.820359493307093,4.744454868007346,15.19500687115265,0.6933129480711276,128,"{""colsample_bytree"": 0.5150003117223465, ""gamma"": 3.7192179017155533, ""learning_rate"": 0.047914089703693, ""max_depth"": 3, ""min_child_weight"": 8.820359493307093, ""reg_alpha"": 4.744454868007346, ""reg_lambda"": 15.19500687115265, ""subsample"": 0.6933129480711276}",COMPLETE
