variable,bin,f(x) log-odds,puntos
banker_change_6m_flag,"[-inf, 0.5)",-0.12443652155079783,7
banker_change_6m_flag,"[0.5, inf)",0.7241488014374958,-43
banker_change_6m_flag,missing,0.0,0
client_reply_rate,"[-inf, 0.05)",0.1483823236490173,-9
client_reply_rate,"[0.05, 0.118056)",0.14342298018040542,-9
client_reply_rate,"[0.118056, 0.133929)",0.14041552667192342,-8
client_reply_rate,"[0.133929, 0.154762)",0.13686796730689446,-8
client_reply_rate,"[0.154762, 0.183333)",0.13342314769994687,-8
client_reply_rate,"[0.183333, 0.211111)",0.12582550063778847,-7
client_reply_rate,"[0.211111, 0.236111)",0.12006769130070495,-7
client_reply_rate,"[0.236111, 0.261364)",0.11477838435097751,-7
client_reply_rate,"[0.261364, 0.279221)",0.1081761524008262,-6
client_reply_rate,"[0.279221, 0.292857)",0.09686505477861085,-6
client_reply_rate,"[0.292857, 0.303846)",0.09127243368857713,-5
client_reply_rate,"[0.303846, 0.320513)",0.08752030078244355,-5
client_reply_rate,"[0.320513, 0.345238)",0.08509166279378035,-5
client_reply_rate,"[0.345238, 0.36039)",0.08036325100362424,-5
client_reply_rate,"[0.36039, 0.369318)",0.07593929619825208,-5
client_reply_rate,"[0.369318, 0.379808)",0.07329476065619447,-4
client_reply_rate,"[0.379808, 0.392308)",0.06930221562706235,-4
client_reply_rate,"[0.392308, 0.405882)",0.06500094125954291,-4
client_reply_rate,"[0.405882, 0.414216)",-0.03420662835515184,2
client_reply_rate,"[0.414216, 0.422619)",-0.039318694605371914,2
client_reply_rate,"[0.422619, 0.433036)",-0.07762233022924483,5
client_reply_rate,"[0.433036, 0.440972)",-0.08224544747998377,5
client_reply_rate,"[0.440972, 0.447222)",-0.08584359546004333,5
client_reply_rate,"[0.447222, 0.452273)",-0.08863461611405747,5
client_reply_rate,"[0.452273, 0.458042)",-0.09089288807932082,5
client_reply_rate,"[0.458042, 0.462912)",-0.09873126332105514,6
client_reply_rate,"[0.462912, 0.465476)",-0.10513101888387145,6
client_reply_rate,"[0.465476, 0.468627)",-0.10613926588846287,6
client_reply_rate,"[0.468627, 0.48913)",-0.11075882981556054,7
client_reply_rate,"[0.48913, 0.513158)",-0.11498353336563104,7
client_reply_rate,"[0.513158, 0.531373)",-0.11948804146142362,7
client_reply_rate,"[0.531373, 0.535897)",-0.12280819938297005,7
client_reply_rate,"[0.535897, 0.540064)",-0.1254718418513513,7
client_reply_rate,"[0.540064, 0.543561)",-0.1308591149527872,8
client_reply_rate,"[0.543561, 0.547727)",-0.13276411456469311,8
client_reply_rate,"[0.547727, 0.550862)",-0.13562562728874225,8
client_reply_rate,"[0.550862, 0.55364)",-0.13768770588870405,8
client_reply_rate,"[0.55364, 0.559028)",-0.140257589530048,8
client_reply_rate,"[0.559028, 0.563859)",-0.1416616487642165,8
client_reply_rate,"[0.563859, 0.568323)",-0.14506421853044532,9
client_reply_rate,"[0.568323, 0.574176)",-0.1473007723618907,9
client_reply_rate,"[0.574176, 0.577935)",-0.15094998963543457,9
client_reply_rate,"[0.577935, 0.58114)",-0.15755459428099475,9
client_reply_rate,"[0.58114, 0.585784)",-0.16287707733687062,10
client_reply_rate,"[0.585784, 0.589572)",-0.16636577462864757,10
client_reply_rate,"[0.589572, 0.593074)",-0.17213387796613502,10
client_reply_rate,"[0.593074, 0.597619)",-0.17495534097933346,10
client_reply_rate,"[0.597619, 0.604348)",-0.1795047700959012,11
client_reply_rate,"[0.604348, 0.609903)",-0.18420318410090628,11
client_reply_rate,"[0.609903, 0.612007)",-0.18761610651160357,11
client_reply_rate,"[0.612007, 0.614144)",-0.18994384818986876,11
client_reply_rate,"[0.614144, 0.617216)",-0.19399013135533216,12
client_reply_rate,"[0.617216, 0.622024)",-0.19648680756073056,12
client_reply_rate,"[0.622024, 0.626786)",-0.2021060111556825,12
client_reply_rate,"[0.626786, 0.629101)",-0.20395131994810886,12
client_reply_rate,"[0.629101, 0.630604)",-0.20773526303755585,12
client_reply_rate,"[0.630604, 0.632456)",-0.21124480907846438,13
client_reply_rate,"[0.632456, 0.634848)",-0.21762007061303384,13
client_reply_rate,"[0.634848, 0.63961)",-0.2210817433509138,13
client_reply_rate,"[0.63961, 0.644009)",-0.2271628743462599,14
client_reply_rate,"[0.644009, 0.64611)",-0.23268833099097638,14
client_reply_rate,"[0.64611, 0.648529)",-0.2355289227337019,14
client_reply_rate,"[0.648529, 0.650397)",-0.23845760577427152,14
client_reply_rate,"[0.650397, 0.651484)",-0.23962963858177366,14
client_reply_rate,"[0.651484, 0.65301)",-0.2445860397199732,15
client_reply_rate,"[0.65301, 0.656469)",-0.24668376562865132,15
client_reply_rate,"[0.656469, 0.66369)",-0.24951940370454526,15
client_reply_rate,"[0.66369, 0.66895)",-0.25346263492701715,15
client_reply_rate,"[0.66895, 0.673163)",-0.2560157569651467,15
client_reply_rate,"[0.673163, 0.675666)",-0.2593505801595562,15
client_reply_rate,"[0.675666, 0.677995)",-0.26398295707244435,16
client_reply_rate,"[0.677995, 0.679286)",-0.2672044523497975,16
client_reply_rate,"[0.679286, 0.680909)",-0.2717026437027723,16
client_reply_rate,"[0.680909, 0.682373)",-0.2755346386211615,16
client_reply_rate,"[0.682373, 0.683569)",-0.27603641846576366,16
client_reply_rate,"[0.683569, 0.684698)",-0.27937522297648903,17
client_reply_rate,"[0.684698, 0.686343)",-0.28058713323208256,17
client_reply_rate,"[0.686343, 0.688578)",-0.28290079732183104,17
client_reply_rate,"[0.688578, 0.690981)",-0.28640980889921736,17
client_reply_rate,"[0.690981, 0.69398)",-0.29183850442244136,17
client_reply_rate,"[0.69398, 0.696311)",-0.29661333876583407,18
client_reply_rate,"[0.696311, 0.698485)",-0.30067108597907405,18
client_reply_rate,"[0.698485, 0.701351)",-0.30298742121288963,18
client_reply_rate,"[0.701351, 0.703203)",-0.3075609263161432,18
client_reply_rate,"[0.703203, 0.704793)",-0.312179569339561,19
client_reply_rate,"[0.704793, 0.706787)",-0.31370798806090505,19
client_reply_rate,"[0.706787, 0.708013)",-0.31809138397434666,19
client_reply_rate,"[0.708013, 0.709005)",-0.3208361898713753,19
client_reply_rate,"[0.709005, 0.711982)",-0.3264694952964223,19
client_reply_rate,"[0.711982, 0.715633)",-0.32934429827459116,20
client_reply_rate,"[0.715633, 0.717465)",-0.33193247464538156,20
client_reply_rate,"[0.717465, 0.718974)",-0.33328108387300415,20
client_reply_rate,"[0.718974, 0.721111)",-0.3378270258068883,20
client_reply_rate,"[0.721111, 0.72318)",-0.34128969257461944,20
client_reply_rate,"[0.72318, 0.724569)",-0.34469456170651847,20
client_reply_rate,"[0.724569, 0.726136)",-0.34671108564101416,21
client_reply_rate,"[0.726136, 0.729021)",-0.3499257101521052,21
client_reply_rate,"[0.729021, 0.732051)",-0.35440202340380766,21
client_reply_rate,"[0.732051, 0.735088)",-0.35629255863689424,21
client_reply_rate,"[0.735088, 0.737986)",-0.3611338319064291,21
client_reply_rate,"[0.737986, 0.739936)",-0.3663182573957265,22
client_reply_rate,"[0.739936, 0.741338)",-0.37093156743152383,22
client_reply_rate,"[0.741338, 0.742396)",-0.37236342399462546,22
client_reply_rate,"[0.742396, 0.746429)",-0.3751431018183072,22
client_reply_rate,"[0.746429, 0.755)",-0.3799711805193014,23
client_reply_rate,"[0.755, 0.760952)",-0.3933667540057536,23
client_reply_rate,"[0.760952, 0.762531)",-0.39466965619262984,23
client_reply_rate,"[0.762531, 0.763932)",-0.39711884593092756,24
client_reply_rate,"[0.763932, 0.765165)",-0.3993404947472794,24
client_reply_rate,"[0.765165, 0.766146)",-0.40326528608241213,24
client_reply_rate,"[0.766146, 0.767949)",-0.4054950012632686,24
client_reply_rate,"[0.767949, 0.77033)",-0.409349830965243,24
client_reply_rate,"[0.77033, 0.772078)",-0.4127868318622781,25
client_reply_rate,"[0.772078, 0.77346)",-0.41501621394224353,25
client_reply_rate,"[0.77346, 0.775986)",-0.41715809224068495,25
client_reply_rate,"[0.775986, 0.779514)",-0.4188120831084472,25
client_reply_rate,"[0.779514, 0.781929)",-0.42126469119937804,25
client_reply_rate,"[0.781929, 0.783196)",-0.4252163637362381,25
client_reply_rate,"[0.783196, 0.784749)",-0.4277024881938487,25
client_reply_rate,"[0.784749, 0.786797)",-0.42967796771825983,26
client_reply_rate,"[0.786797, 0.78817)",-0.43450859446463247,26
client_reply_rate,"[0.78817, 0.788968)",-0.43674243067133434,26
client_reply_rate,"[0.788968, 0.79057)",-0.4409110045154249,26
client_reply_rate,"[0.79057, 0.797436)",-0.4467234545388803,27
client_reply_rate,"[0.797436, 0.801515)",-0.4485857141673545,27
client_reply_rate,"[0.801515, 0.806004)",-0.452592365420037,27
client_reply_rate,"[0.806004, 0.807072)",-0.4554984303945127,27
client_reply_rate,"[0.807072, 0.808608)",-0.4570299285053463,27
client_reply_rate,"[0.808608, 0.811012)",-0.4598432624679999,27
client_reply_rate,"[0.811012, 0.815341)",-0.46281045027849826,28
client_reply_rate,"[0.815341, 0.820856)",-0.4651743665307741,28
client_reply_rate,"[0.820856, 0.828431)",-0.4678930713329166,28
client_reply_rate,"[0.828431, 0.836022)",-0.4704126304650826,28
client_reply_rate,"[0.836022, 0.839355)",-0.4722818798263908,28
client_reply_rate,"[0.839355, 0.841053)",-0.4747346292376369,28
client_reply_rate,"[0.841053, 0.84413)",-0.4776453246120129,28
client_reply_rate,"[0.84413, 0.848077)",-0.4796188987281123,29
client_reply_rate,"[0.848077, 0.853571)",-0.48134616695430343,29
client_reply_rate,"[0.853571, 0.859606)",-0.48273504735961326,29
client_reply_rate,"[0.859606, 0.862853)",-0.483805972947653,29
client_reply_rate,"[0.862853, 0.865152)",-0.4851821759430444,29
client_reply_rate,"[0.865152, 0.867544)",-0.4872519766546295,29
client_reply_rate,"[0.867544, 0.868993)",-0.4889440661826177,29
client_reply_rate,"[0.868993, 0.872283)",-0.4899423223839568,29
client_reply_rate,"[0.872283, 0.876096)",-0.4910495615438735,29
client_reply_rate,"[0.876096, 0.87799)",-0.4922686832431293,29
client_reply_rate,"[0.87799, 0.881176)",-0.4937014474162646,29
client_reply_rate,"[0.881176, 0.885621)",-0.4958782171301137,29
client_reply_rate,"[0.885621, 0.891813)",-0.4973790876038785,30
client_reply_rate,"[0.891813, 0.897368)",-0.49827316840224567,30
client_reply_rate,"[0.897368, 0.904545)",-0.49830185935483806,30
client_reply_rate,"[0.904545, 0.911067)",-0.4984531228996649,30
client_reply_rate,"[0.911067, 0.914855)",-0.4996936052362847,30
client_reply_rate,"[0.914855, 0.919872)",-0.5012275306062409,30
client_reply_rate,"[0.919872, 0.925824)",-0.5022471515363693,30
client_reply_rate,"[0.925824, 0.930952)",-0.503091621277354,30
client_reply_rate,"[0.930952, 0.937255)",-0.5053687854782333,30
client_reply_rate,"[0.937255, 0.972222)",-0.506533436228855,30
client_reply_rate,"[0.972222, inf)",-0.5084647624679044,30
client_reply_rate,missing,0.23249305407904222,-14
share_of_wallet,"[-inf, 0.0186064)",0.3560904097305628,-21
share_of_wallet,"[0.0186064, 0.02618)",0.3552262892634394,-21
share_of_wallet,"[0.02618, 0.0304248)",0.35450898115692725,-21
share_of_wallet,"[0.0304248, 0.0342054)",0.35395751968982864,-21
share_of_wallet,"[0.0342054, 0.0376219)",0.35395751968982864,-21
share_of_wallet,"[0.0376219, 0.0413723)",0.35395751968982864,-21
share_of_wallet,"[0.0413723, 0.043778)",0.3514969535446929,-21
share_of_wallet,"[0.043778, 0.0474117)",0.3514969535446929,-21
share_of_wallet,"[0.0474117, 0.0511654)",0.35112165001905477,-21
share_of_wallet,"[0.0511654, 0.0540125)",0.35112165001905477,-21
share_of_wallet,"[0.0540125, 0.0575298)",0.35010580884991316,-21
share_of_wallet,"[0.0575298, 0.0610521)",0.35010580884991316,-21
share_of_wallet,"[0.0610521, 0.0624333)",0.35010580884991316,-21
share_of_wallet,"[0.0624333, 0.0644943)",0.3496917529363972,-21
share_of_wallet,"[0.0644943, 0.0660834)",0.3496917529363972,-21
share_of_wallet,"[0.0660834, 0.0678265)",0.3479601670929073,-21
share_of_wallet,"[0.0678265, 0.0703923)",0.3459520723938148,-21
share_of_wallet,"[0.0703923, 0.0725697)",0.3459520723938148,-21
share_of_wallet,"[0.0725697, 0.0740828)",0.345371256849535,-21
share_of_wallet,"[0.0740828, 0.0757134)",0.345371256849535,-21
share_of_wallet,"[0.0757134, 0.0767841)",0.3418989434319123,-20
share_of_wallet,"[0.0767841, 0.0790491)",0.3400836616564206,-20
share_of_wallet,"[0.0790491, 0.0809953)",0.3400836616564206,-20
share_of_wallet,"[0.0809953, 0.0824975)",0.3400836616564206,-20
share_of_wallet,"[0.0824975, 0.0838333)",0.33804814464102445,-20
share_of_wallet,"[0.0838333, 0.0851761)",0.33804814464102445,-20
share_of_wallet,"[0.0851761, 0.0868576)",0.33804814464102445,-20
share_of_wallet,"[0.0868576, 0.0881318)",0.33804814464102445,-20
share_of_wallet,"[0.0881318, 0.0901043)",0.33625735447361715,-20
share_of_wallet,"[0.0901043, 0.0920757)",0.33625735447361715,-20
share_of_wallet,"[0.0920757, 0.0942119)",0.33360175259740465,-20
share_of_wallet,"[0.0942119, 0.0957808)",0.33360175259740465,-20
share_of_wallet,"[0.0957808, 0.0966514)",0.33292636363493056,-20
share_of_wallet,"[0.0966514, 0.0981308)",0.33292636363493056,-20
share_of_wallet,"[0.0981308, 0.0993644)",0.3295802222885099,-20
share_of_wallet,"[0.0993644, 0.100629)",0.3295802222885099,-20
share_of_wallet,"[0.100629, 0.10166)",0.328979629213098,-20
share_of_wallet,"[0.10166, 0.103506)",0.32786818528196526,-19
share_of_wallet,"[0.103506, 0.10541)",0.32733341687534795,-19
share_of_wallet,"[0.10541, 0.106633)",0.3263276959340036,-19
share_of_wallet,"[0.106633, 0.108039)",0.32484498509600096,-19
share_of_wallet,"[0.108039, 0.109152)",0.3237503199429544,-19
share_of_wallet,"[0.109152, 0.110534)",0.3237503199429544,-19
share_of_wallet,"[0.110534, 0.111512)",0.3206465235801824,-19
share_of_wallet,"[0.111512, 0.112707)",0.3187209245349771,-19
share_of_wallet,"[0.112707, 0.113382)",0.3187209245349771,-19
share_of_wallet,"[0.113382, 0.114041)",0.3174856795242622,-19
share_of_wallet,"[0.114041, 0.115535)",0.3157270073294315,-19
share_of_wallet,"[0.115535, 0.116479)",0.3157270073294315,-19
share_of_wallet,"[0.116479, 0.117844)",0.3123674686664131,-19
share_of_wallet,"[0.117844, 0.118543)",0.31182027433395765,-19
share_of_wallet,"[0.118543, 0.119499)",0.31182027433395765,-19
share_of_wallet,"[0.119499, 0.120673)",0.3104630076117657,-18
share_of_wallet,"[0.120673, 0.121696)",0.3095762124892481,-18
share_of_wallet,"[0.121696, 0.122808)",0.3095762124892481,-18
share_of_wallet,"[0.122808, 0.12346)",0.3095762124892481,-18
share_of_wallet,"[0.12346, 0.124298)",0.3070726486278104,-18
share_of_wallet,"[0.124298, 0.125999)",0.3064862965520373,-18
share_of_wallet,"[0.125999, 0.127182)",0.30566666358756006,-18
share_of_wallet,"[0.127182, 0.128532)",0.30566666358756006,-18
share_of_wallet,"[0.128532, 0.130025)",0.3044082243203497,-18
share_of_wallet,"[0.130025, 0.130746)",0.3035232656065293,-18
share_of_wallet,"[0.130746, 0.131576)",0.30202856296729236,-18
share_of_wallet,"[0.131576, 0.132631)",0.3006840401725452,-18
share_of_wallet,"[0.132631, 0.133763)",0.2986639578845767,-18
share_of_wallet,"[0.133763, 0.134615)",0.2986639578845767,-18
share_of_wallet,"[0.134615, 0.135463)",0.2980704164973427,-18
share_of_wallet,"[0.135463, 0.136016)",0.29651062580232806,-18
share_of_wallet,"[0.136016, 0.137401)",0.29651062580232806,-18
share_of_wallet,"[0.137401, 0.138716)",0.29651062580232806,-18
share_of_wallet,"[0.138716, 0.139682)",0.2955183191684223,-18
share_of_wallet,"[0.139682, 0.140537)",0.2955183191684223,-18
share_of_wallet,"[0.140537, 0.14175)",0.29499849879436585,-18
share_of_wallet,"[0.14175, 0.143258)",0.2939062459655999,-17
share_of_wallet,"[0.143258, 0.144089)",0.29282824915396644,-17
share_of_wallet,"[0.144089, 0.144917)",0.292367737503004,-17
share_of_wallet,"[0.144917, 0.145479)",0.292367737503004,-17
share_of_wallet,"[0.145479, 0.146414)",0.2919605350852337,-17
share_of_wallet,"[0.146414, 0.14734)",0.29143171804497664,-17
share_of_wallet,"[0.14734, 0.148476)",0.29058549164145975,-17
share_of_wallet,"[0.148476, 0.149592)",0.28838923723371857,-17
share_of_wallet,"[0.149592, 0.150107)",0.28838923723371857,-17
share_of_wallet,"[0.150107, 0.151116)",0.2871743645551107,-17
share_of_wallet,"[0.151116, 0.152072)",0.28597315308056387,-17
share_of_wallet,"[0.152072, 0.152655)",0.2850482019119655,-17
share_of_wallet,"[0.152655, 0.154172)",0.2850482019119655,-17
share_of_wallet,"[0.154172, 0.154786)",0.28401571138565523,-17
share_of_wallet,"[0.154786, 0.156014)",0.2831501798829681,-17
share_of_wallet,"[0.156014, 0.156441)",0.28152222704691376,-17
share_of_wallet,"[0.156441, 0.157479)",0.2804206720391632,-17
share_of_wallet,"[0.157479, 0.158058)",0.27936499049135455,-17
share_of_wallet,"[0.158058, 0.158644)",0.2766001053165576,-16
share_of_wallet,"[0.158644, 0.159093)",0.2766001053165576,-16
share_of_wallet,"[0.159093, 0.160166)",0.2766001053165576,-16
share_of_wallet,"[0.160166, 0.161008)",0.2766001053165576,-16
share_of_wallet,"[0.161008, 0.162019)",0.27577417859113634,-16
share_of_wallet,"[0.162019, 0.162841)",0.27524993681052573,-16
share_of_wallet,"[0.162841, 0.163452)",0.27441150028442834,-16
share_of_wallet,"[0.163452, 0.16442)",0.2734323437348003,-16
share_of_wallet,"[0.16442, 0.165246)",0.2728325049111366,-16
share_of_wallet,"[0.165246, 0.166059)",0.2723730336434854,-16
share_of_wallet,"[0.166059, 0.167543)",0.27158999824119756,-16
share_of_wallet,"[0.167543, 0.168281)",0.27158999824119756,-16
share_of_wallet,"[0.168281, 0.169324)",0.26913534571332465,-16
share_of_wallet,"[0.169324, 0.169807)",0.26913534571332465,-16
share_of_wallet,"[0.169807, 0.170892)",0.2552869251182005,-15
share_of_wallet,"[0.170892, 0.171647)",0.2546582154176739,-15
share_of_wallet,"[0.171647, 0.172992)",0.2531753108152608,-15
share_of_wallet,"[0.172992, 0.173816)",0.2524924026889846,-15
share_of_wallet,"[0.173816, 0.174679)",0.2521393269069674,-15
share_of_wallet,"[0.174679, 0.175241)",0.25064862168672736,-15
share_of_wallet,"[0.175241, 0.176271)",0.25019760077242326,-15
share_of_wallet,"[0.176271, 0.177094)",0.25019760077242326,-15
share_of_wallet,"[0.177094, 0.177769)",0.24962543130907194,-15
share_of_wallet,"[0.177769, 0.178428)",0.24962543130907194,-15
share_of_wallet,"[0.178428, 0.178996)",0.24962543130907194,-15
share_of_wallet,"[0.178996, 0.18031)",0.24962543130907194,-15
share_of_wallet,"[0.18031, 0.181171)",0.24962543130907194,-15
share_of_wallet,"[0.181171, 0.181921)",0.24897419836109075,-15
share_of_wallet,"[0.181921, 0.182219)",0.2482329177516308,-15
share_of_wallet,"[0.182219, 0.182883)",0.2482329177516308,-15
share_of_wallet,"[0.182883, 0.184)",0.2482329177516308,-15
share_of_wallet,"[0.184, 0.184808)",0.2482329177516308,-15
share_of_wallet,"[0.184808, 0.185396)",0.2482329177516308,-15
share_of_wallet,"[0.185396, 0.185915)",0.2477677676212657,-15
share_of_wallet,"[0.185915, 0.186939)",0.2477677676212657,-15
share_of_wallet,"[0.186939, 0.18784)",0.2477677676212657,-15
share_of_wallet,"[0.18784, 0.189182)",0.24651117613766593,-15
share_of_wallet,"[0.189182, 0.18987)",0.24651117613766593,-15
share_of_wallet,"[0.18987, 0.1909)",0.243845907823516,-14
share_of_wallet,"[0.1909, 0.191617)",0.24196627991590916,-14
share_of_wallet,"[0.191617, 0.192088)",0.2396105672358871,-14
share_of_wallet,"[0.192088, 0.192834)",0.2391918622570021,-14
share_of_wallet,"[0.192834, 0.193625)",0.23735257078707125,-14
share_of_wallet,"[0.193625, 0.194228)",0.23550021787563202,-14
share_of_wallet,"[0.194228, 0.194817)",0.23280536901142718,-14
share_of_wallet,"[0.194817, 0.195962)",0.2298538611223237,-14
share_of_wallet,"[0.195962, 0.196938)",0.22938097665824006,-14
share_of_wallet,"[0.196938, 0.197501)",0.2198839570904496,-13
share_of_wallet,"[0.197501, 0.198493)",0.20893860699714684,-12
share_of_wallet,"[0.198493, 0.19882)",0.20893860699714684,-12
share_of_wallet,"[0.19882, 0.199649)",0.20893860699714684,-12
share_of_wallet,"[0.199649, 0.200244)",0.20893860699714684,-12
share_of_wallet,"[0.200244, 0.200574)",0.20770801832137414,-12
share_of_wallet,"[0.200574, 0.201312)",0.20770801832137414,-12
share_of_wallet,"[0.201312, 0.201694)",0.20632617814194956,-12
share_of_wallet,"[0.201694, 0.202511)",0.20632617814194956,-12
share_of_wallet,"[0.202511, 0.203304)",0.2048626764866303,-12
share_of_wallet,"[0.203304, 0.204078)",0.1983089505693103,-12
share_of_wallet,"[0.204078, 0.204689)",0.1983089505693103,-12
share_of_wallet,"[0.204689, 0.205689)",0.19729073673275496,-12
share_of_wallet,"[0.205689, 0.20688)",0.19729073673275496,-12
share_of_wallet,"[0.20688, 0.20738)",0.19729073673275496,-12
share_of_wallet,"[0.20738, 0.208105)",0.19729073673275496,-12
share_of_wallet,"[0.208105, 0.20894)",0.19583890779362717,-12
share_of_wallet,"[0.20894, 0.209478)",0.19472280877698245,-12
share_of_wallet,"[0.209478, 0.21017)",0.19472280877698245,-12
share_of_wallet,"[0.21017, 0.210573)",0.16932111811505443,-10
share_of_wallet,"[0.210573, 0.211547)",0.16932111811505443,-10
share_of_wallet,"[0.211547, 0.212376)",0.16748251120386876,-10
share_of_wallet,"[0.212376, 0.21296)",0.16748251120386876,-10
share_of_wallet,"[0.21296, 0.213326)",0.16498211008900293,-10
share_of_wallet,"[0.213326, 0.213672)",0.16498211008900293,-10
share_of_wallet,"[0.213672, 0.214316)",0.16395309425089502,-10
share_of_wallet,"[0.214316, 0.215086)",0.16395309425089502,-10
share_of_wallet,"[0.215086, 0.216009)",0.16395309425089502,-10
share_of_wallet,"[0.216009, 0.217178)",0.16395309425089502,-10
share_of_wallet,"[0.217178, 0.217881)",0.16275092550718379,-10
share_of_wallet,"[0.217881, 0.219111)",0.16223981739515722,-10
share_of_wallet,"[0.219111, 0.219674)",0.16129099292188728,-10
share_of_wallet,"[0.219674, 0.220489)",0.15359155354628537,-9
share_of_wallet,"[0.220489, 0.221124)",0.15119107991025582,-9
share_of_wallet,"[0.221124, 0.222056)",0.1507497198709668,-9
share_of_wallet,"[0.222056, 0.222863)",0.1507497198709668,-9
share_of_wallet,"[0.222863, 0.223502)",0.14881524712935817,-9
share_of_wallet,"[0.223502, 0.22424)",0.14690782872074856,-9
share_of_wallet,"[0.22424, 0.224774)",0.14690782872074856,-9
share_of_wallet,"[0.224774, 0.22517)",0.14690782872074856,-9
share_of_wallet,"[0.22517, 0.225937)",0.1458767196192301,-9
share_of_wallet,"[0.225937, 0.226614)",0.14338688389558818,-9
share_of_wallet,"[0.226614, 0.227289)",0.14338688389558818,-9
share_of_wallet,"[0.227289, 0.228016)",0.1427653037600336,-8
share_of_wallet,"[0.228016, 0.228367)",0.14195866313948827,-8
share_of_wallet,"[0.228367, 0.229339)",0.1404916666688664,-8
share_of_wallet,"[0.229339, 0.230177)",0.1404916666688664,-8
share_of_wallet,"[0.230177, 0.230744)",0.1404916666688664,-8
share_of_wallet,"[0.230744, 0.231194)",0.1393081308664475,-8
share_of_wallet,"[0.231194, 0.232085)",0.13810802618812573,-8
share_of_wallet,"[0.232085, 0.232879)",0.13810802618812573,-8
share_of_wallet,"[0.232879, 0.233628)",0.13721643898739,-8
share_of_wallet,"[0.233628, 0.234239)",0.1351675488324226,-8
share_of_wallet,"[0.234239, 0.234819)",0.1351675488324226,-8
share_of_wallet,"[0.234819, 0.235361)",0.13462219471232142,-8
share_of_wallet,"[0.235361, 0.236351)",0.13381771728695477,-8
share_of_wallet,"[0.236351, 0.236788)",0.13381771728695477,-8
share_of_wallet,"[0.236788, 0.237315)",0.13248508823352748,-8
share_of_wallet,"[0.237315, 0.238517)",0.13217974493742762,-8
share_of_wallet,"[0.238517, 0.239095)",0.13217974493742762,-8
share_of_wallet,"[0.239095, 0.240071)",0.13217974493742762,-8
share_of_wallet,"[0.240071, 0.241362)",0.1311897234230096,-8
share_of_wallet,"[0.241362, 0.241825)",0.1311897234230096,-8
share_of_wallet,"[0.241825, 0.24269)",0.1311897234230096,-8
share_of_wallet,"[0.24269, 0.243474)",0.1311897234230096,-8
share_of_wallet,"[0.243474, 0.244166)",0.13054543771630409,-8
share_of_wallet,"[0.244166, 0.244866)",0.12927082764572573,-8
share_of_wallet,"[0.244866, 0.24593)",0.12927082764572573,-8
share_of_wallet,"[0.24593, 0.24669)",0.12879033670622184,-8
share_of_wallet,"[0.24669, 0.247166)",0.12813119201447246,-8
share_of_wallet,"[0.247166, 0.248023)",0.1246096067846971,-7
share_of_wallet,"[0.248023, 0.248582)",0.1246096067846971,-7
share_of_wallet,"[0.248582, 0.249973)",0.12345005145998836,-7
share_of_wallet,"[0.249973, 0.251156)",0.12306655581252847,-7
share_of_wallet,"[0.251156, 0.251703)",0.12209993109667507,-7
share_of_wallet,"[0.251703, 0.252294)",0.12116676385435829,-7
share_of_wallet,"[0.252294, 0.253097)",0.11973522547990027,-7
share_of_wallet,"[0.253097, 0.253491)",0.11973522547990027,-7
share_of_wallet,"[0.253491, 0.253896)",0.11894162115523471,-7
share_of_wallet,"[0.253896, 0.254529)",0.11894162115523471,-7
share_of_wallet,"[0.254529, 0.25553)",0.11860873602843854,-7
share_of_wallet,"[0.25553, 0.256037)",0.11860873602843854,-7
share_of_wallet,"[0.256037, 0.256894)",0.11829520129291625,-7
share_of_wallet,"[0.256894, 0.257471)",0.11829520129291625,-7
share_of_wallet,"[0.257471, 0.25841)",0.11829520129291625,-7
share_of_wallet,"[0.25841, 0.259196)",0.11525559803427839,-7
share_of_wallet,"[0.259196, 0.260031)",0.11503177288740955,-7
share_of_wallet,"[0.260031, 0.261059)",0.1140756945029905,-7
share_of_wallet,"[0.261059, 0.261844)",0.11338801917679882,-7
share_of_wallet,"[0.261844, 0.262793)",0.11290853466337954,-7
share_of_wallet,"[0.262793, 0.263459)",0.11290853466337954,-7
share_of_wallet,"[0.263459, 0.264303)",0.11250139211030612,-7
share_of_wallet,"[0.264303, 0.264846)",0.11207547731122612,-7
share_of_wallet,"[0.264846, 0.265318)",0.11207547731122612,-7
share_of_wallet,"[0.265318, 0.265695)",0.11099467794349979,-7
share_of_wallet,"[0.265695, 0.266371)",0.1107053914226486,-7
share_of_wallet,"[0.266371, 0.26732)",0.1107053914226486,-7
share_of_wallet,"[0.26732, 0.267901)",0.1107053914226486,-7
share_of_wallet,"[0.267901, 0.268399)",0.11030053737716396,-7
share_of_wallet,"[0.268399, 0.2689)",0.11030053737716396,-7
share_of_wallet,"[0.2689, 0.269339)",0.11030053737716396,-7
share_of_wallet,"[0.269339, 0.269971)",0.10995781797507458,-7
share_of_wallet,"[0.269971, 0.270665)",0.10961299746466172,-7
share_of_wallet,"[0.270665, 0.271249)",0.10835487245437248,-6
share_of_wallet,"[0.271249, 0.271696)",0.10835487245437248,-6
share_of_wallet,"[0.271696, 0.272382)",0.10741815841678425,-6
share_of_wallet,"[0.272382, 0.273396)",0.1066703936317064,-6
share_of_wallet,"[0.273396, 0.274444)",0.10622978893977494,-6
share_of_wallet,"[0.274444, 0.275213)",0.10622978893977494,-6
share_of_wallet,"[0.275213, 0.27623)",0.10525759268933901,-6
share_of_wallet,"[0.27623, 0.276941)",0.10525759268933901,-6
share_of_wallet,"[0.276941, 0.277556)",0.10481723425882784,-6
share_of_wallet,"[0.277556, 0.278519)",0.10481723425882784,-6
share_of_wallet,"[0.278519, 0.279399)",0.10415814493848352,-6
share_of_wallet,"[0.279399, 0.280173)",0.10299073161178676,-6
share_of_wallet,"[0.280173, 0.280877)",0.10299073161178676,-6
share_of_wallet,"[0.280877, 0.281301)",0.10299073161178676,-6
share_of_wallet,"[0.281301, 0.282205)",0.10299073161178676,-6
share_of_wallet,"[0.282205, 0.282705)",0.10299073161178676,-6
share_of_wallet,"[0.282705, 0.283346)",0.10299073161178676,-6
share_of_wallet,"[0.283346, 0.284102)",0.10299073161178676,-6
share_of_wallet,"[0.284102, 0.284816)",0.1022268959078727,-6
share_of_wallet,"[0.284816, 0.285225)",0.10173130680683326,-6
share_of_wallet,"[0.285225, 0.285721)",0.10069527233521723,-6
share_of_wallet,"[0.285721, 0.286282)",0.10069527233521723,-6
share_of_wallet,"[0.286282, 0.286825)",0.10033751424858578,-6
share_of_wallet,"[0.286825, 0.287428)",0.0995784685348063,-6
share_of_wallet,"[0.287428, 0.287917)",0.09856657865503202,-6
share_of_wallet,"[0.287917, 0.288326)",0.09856657865503202,-6
share_of_wallet,"[0.288326, 0.288798)",0.09827612182348719,-6
share_of_wallet,"[0.288798, 0.289187)",0.09588505667461232,-6
share_of_wallet,"[0.289187, 0.289894)",0.09588505667461232,-6
share_of_wallet,"[0.289894, 0.290722)",0.09588505667461232,-6
share_of_wallet,"[0.290722, 0.291159)",0.09468914659578384,-6
share_of_wallet,"[0.291159, 0.291787)",0.09432520379645928,-6
share_of_wallet,"[0.291787, 0.292213)",0.09432520379645928,-6
share_of_wallet,"[0.292213, 0.292654)",0.09355225133455879,-6
share_of_wallet,"[0.292654, 0.293105)",0.09355225133455879,-6
share_of_wallet,"[0.293105, 0.29333)",0.0933461639001336,-6
share_of_wallet,"[0.29333, 0.294018)",0.09236226015289054,-5
share_of_wallet,"[0.294018, 0.294866)",0.09157473490178664,-5
share_of_wallet,"[0.294866, 0.295521)",0.09105884018535837,-5
share_of_wallet,"[0.295521, 0.296073)",0.0898231992233291,-5
share_of_wallet,"[0.296073, 0.296671)",0.08939863959878541,-5
share_of_wallet,"[0.296671, 0.297041)",0.08939863959878541,-5
share_of_wallet,"[0.297041, 0.297669)",0.08833475669253568,-5
share_of_wallet,"[0.297669, 0.298364)",0.08785435709574102,-5
share_of_wallet,"[0.298364, 0.298754)",0.08721339271042106,-5
share_of_wallet,"[0.298754, 0.299404)",0.08624555207786759,-5
share_of_wallet,"[0.299404, 0.299941)",0.0848106605358061,-5
share_of_wallet,"[0.299941, 0.300563)",0.0848106605358061,-5
share_of_wallet,"[0.300563, 0.301142)",0.08456048935533732,-5
share_of_wallet,"[0.301142, 0.30173)",0.08456048935533732,-5
share_of_wallet,"[0.30173, 0.302287)",0.08422968659626123,-5
share_of_wallet,"[0.302287, 0.302899)",0.08320881365457056,-5
share_of_wallet,"[0.302899, 0.303503)",0.08284376456431945,-5
share_of_wallet,"[0.303503, 0.303911)",0.08131346731793998,-5
share_of_wallet,"[0.303911, 0.304397)",0.08019271798487727,-5
share_of_wallet,"[0.304397, 0.305354)",0.07860249925716044,-5
share_of_wallet,"[0.305354, 0.306039)",0.07817427459642912,-5
share_of_wallet,"[0.306039, 0.306936)",0.07817427459642912,-5
share_of_wallet,"[0.306936, 0.307674)",0.07817427459642912,-5
share_of_wallet,"[0.307674, 0.308105)",0.07817427459642912,-5
share_of_wallet,"[0.308105, 0.308677)",0.07817427459642912,-5
share_of_wallet,"[0.308677, 0.309425)",0.07817427459642912,-5
share_of_wallet,"[0.309425, 0.310237)",0.07748496887687563,-5
share_of_wallet,"[0.310237, 0.31097)",0.07748496887687563,-5
share_of_wallet,"[0.31097, 0.311734)",0.07748496887687563,-5
share_of_wallet,"[0.311734, 0.312178)",0.07678797468284848,-5
share_of_wallet,"[0.312178, 0.312442)",0.07656919560720017,-5
share_of_wallet,"[0.312442, 0.313425)",0.07656919560720017,-5
share_of_wallet,"[0.313425, 0.313961)",0.07656919560720017,-5
share_of_wallet,"[0.313961, 0.314496)",0.07580883082946449,-5
share_of_wallet,"[0.314496, 0.315376)",0.0751160658161732,-4
share_of_wallet,"[0.315376, 0.315801)",0.07434826962997013,-4
share_of_wallet,"[0.315801, 0.316693)",0.07364256028896586,-4
share_of_wallet,"[0.316693, 0.317099)",0.07364256028896586,-4
share_of_wallet,"[0.317099, 0.317674)",0.07337922736362044,-4
share_of_wallet,"[0.317674, 0.318449)",0.07318937133714334,-4
share_of_wallet,"[0.318449, 0.319141)",0.07318937133714334,-4
share_of_wallet,"[0.319141, 0.319607)",0.07318937133714334,-4
share_of_wallet,"[0.319607, 0.32031)",0.07225852113948161,-4
share_of_wallet,"[0.32031, 0.32108)",0.07095899057449896,-4
share_of_wallet,"[0.32108, 0.321608)",0.07039126053679234,-4
share_of_wallet,"[0.321608, 0.322153)",0.07014309910359941,-4
share_of_wallet,"[0.322153, 0.322797)",0.0696854328345825,-4
share_of_wallet,"[0.322797, 0.323365)",0.06927916697806202,-4
share_of_wallet,"[0.323365, 0.323848)",0.06907457865405622,-4
share_of_wallet,"[0.323848, 0.324718)",0.06799952541329142,-4
share_of_wallet,"[0.324718, 0.325524)",0.06799952541329142,-4
share_of_wallet,"[0.325524, 0.326053)",0.06760463080989212,-4
share_of_wallet,"[0.326053, 0.32698)",0.06728472370642698,-4
share_of_wallet,"[0.32698, 0.327739)",0.06728472370642698,-4
share_of_wallet,"[0.327739, 0.328375)",0.06728472370642698,-4
share_of_wallet,"[0.328375, 0.328916)",0.06679984931804178,-4
share_of_wallet,"[0.328916, 0.3296)",0.06679984931804178,-4
share_of_wallet,"[0.3296, 0.329936)",0.06545540209780829,-4
share_of_wallet,"[0.329936, 0.330426)",0.06545540209780829,-4
share_of_wallet,"[0.330426, 0.331562)",0.06428072559978595,-4
share_of_wallet,"[0.331562, 0.332308)",0.06406328531372912,-4
share_of_wallet,"[0.332308, 0.333034)",0.06406328531372912,-4
share_of_wallet,"[0.333034, 0.334036)",0.06406328531372912,-4
share_of_wallet,"[0.334036, 0.334958)",0.06348926250566672,-4
share_of_wallet,"[0.334958, 0.335504)",0.06256267295897301,-4
share_of_wallet,"[0.335504, 0.33607)",0.06193187667970046,-4
share_of_wallet,"[0.33607, 0.33633)",0.06154602712080063,-4
share_of_wallet,"[0.33633, 0.336808)",0.061318975420038904,-4
share_of_wallet,"[0.336808, 0.33756)",0.060350303678222667,-4
share_of_wallet,"[0.33756, 0.338024)",0.060350303678222667,-4
share_of_wallet,"[0.338024, 0.338599)",0.05988850124866379,-4
share_of_wallet,"[0.338599, 0.339292)",0.058785809166120376,-3
share_of_wallet,"[0.339292, 0.339951)",0.058785809166120376,-3
share_of_wallet,"[0.339951, 0.34042)",0.058785809166120376,-3
share_of_wallet,"[0.34042, 0.341372)",0.05839126964311609,-3
share_of_wallet,"[0.341372, 0.342127)",0.05813359034686961,-3
share_of_wallet,"[0.342127, 0.342951)",0.05813359034686961,-3
share_of_wallet,"[0.342951, 0.343733)",0.05767642896479858,-3
share_of_wallet,"[0.343733, 0.344582)",0.05767642896479858,-3
share_of_wallet,"[0.344582, 0.345007)",0.057020466292652845,-3
share_of_wallet,"[0.345007, 0.345624)",0.057020466292652845,-3
share_of_wallet,"[0.345624, 0.346124)",0.05625112067942208,-3
share_of_wallet,"[0.346124, 0.346823)",0.05409971528207666,-3
share_of_wallet,"[0.346823, 0.347531)",0.05409971528207666,-3
share_of_wallet,"[0.347531, 0.348168)",0.0537857736430075,-3
share_of_wallet,"[0.348168, 0.34908)",0.0537857736430075,-3
share_of_wallet,"[0.34908, 0.349464)",0.05315546275416632,-3
share_of_wallet,"[0.349464, 0.350035)",0.052409862681238505,-3
share_of_wallet,"[0.350035, 0.350683)",0.052409862681238505,-3
share_of_wallet,"[0.350683, 0.35143)",0.052409862681238505,-3
share_of_wallet,"[0.35143, 0.351851)",0.05179261927208244,-3
share_of_wallet,"[0.351851, 0.352433)",0.05179261927208244,-3
share_of_wallet,"[0.352433, 0.353193)",0.05179261927208244,-3
share_of_wallet,"[0.353193, 0.354059)",0.05179261927208244,-3
share_of_wallet,"[0.354059, 0.354653)",0.050780892839172635,-3
share_of_wallet,"[0.354653, 0.355333)",0.050780892839172635,-3
share_of_wallet,"[0.355333, 0.355806)",0.050780892839172635,-3
share_of_wallet,"[0.355806, 0.356468)",0.04880981851405651,-3
share_of_wallet,"[0.356468, 0.357091)",0.04825944634005431,-3
share_of_wallet,"[0.357091, 0.357459)",0.04825944634005431,-3
share_of_wallet,"[0.357459, 0.358393)",0.0479102844897748,-3
share_of_wallet,"[0.358393, 0.358883)",0.0479102844897748,-3
share_of_wallet,"[0.358883, 0.359477)",0.04714343739512705,-3
share_of_wallet,"[0.359477, 0.359913)",0.04692004374577076,-3
share_of_wallet,"[0.359913, 0.360663)",0.04634333383655647,-3
share_of_wallet,"[0.360663, 0.361079)",0.04542300806792062,-3
share_of_wallet,"[0.361079, 0.361508)",0.044926190348223705,-3
share_of_wallet,"[0.361508, 0.362388)",0.044926190348223705,-3
share_of_wallet,"[0.362388, 0.363034)",0.044926190348223705,-3
share_of_wallet,"[0.363034, 0.363509)",0.044926190348223705,-3
share_of_wallet,"[0.363509, 0.363946)",0.04470388190504562,-3
share_of_wallet,"[0.363946, 0.364677)",0.04416848115069992,-3
share_of_wallet,"[0.364677, 0.365249)",0.04309827692007933,-3
share_of_wallet,"[0.365249, 0.365949)",0.04309827692007933,-3
share_of_wallet,"[0.365949, 0.366743)",0.04309827692007933,-3
share_of_wallet,"[0.366743, 0.367406)",0.04309827692007933,-3
share_of_wallet,"[0.367406, 0.3682)",0.04222764406401311,-3
share_of_wallet,"[0.3682, 0.368719)",0.04196612361805762,-2
share_of_wallet,"[0.368719, 0.369724)",0.04196612361805762,-2
share_of_wallet,"[0.369724, 0.370446)",0.04140424706385169,-2
share_of_wallet,"[0.370446, 0.371052)",0.04078528608195628,-2
share_of_wallet,"[0.371052, 0.371511)",0.04078528608195628,-2
share_of_wallet,"[0.371511, 0.372355)",0.04056216903711916,-2
share_of_wallet,"[0.372355, 0.372729)",0.04056216903711916,-2
share_of_wallet,"[0.372729, 0.373031)",0.04032708298371711,-2
share_of_wallet,"[0.373031, 0.373495)",0.03987914961297749,-2
share_of_wallet,"[0.373495, 0.374126)",0.03880601273865653,-2
share_of_wallet,"[0.374126, 0.375113)",0.037982340778601104,-2
share_of_wallet,"[0.375113, 0.37566)",0.036599008168944604,-2
share_of_wallet,"[0.37566, 0.376128)",0.036000164723678514,-2
share_of_wallet,"[0.376128, 0.376528)",0.036000164723678514,-2
share_of_wallet,"[0.376528, 0.37723)",0.036000164723678514,-2
share_of_wallet,"[0.37723, 0.378383)",0.035121083723174004,-2
share_of_wallet,"[0.378383, 0.378912)",0.034813053804704994,-2
share_of_wallet,"[0.378912, 0.379494)",0.03433471673351879,-2
share_of_wallet,"[0.379494, 0.380155)",0.03343470182336842,-2
share_of_wallet,"[0.380155, 0.38083)",0.03318936771386647,-2
share_of_wallet,"[0.38083, 0.38152)",0.03264426616200622,-2
share_of_wallet,"[0.38152, 0.382439)",0.032126193005512095,-2
share_of_wallet,"[0.382439, 0.383064)",0.032126193005512095,-2
share_of_wallet,"[0.383064, 0.383926)",0.032126193005512095,-2
share_of_wallet,"[0.383926, 0.384423)",0.03192264409314104,-2
share_of_wallet,"[0.384423, 0.385125)",0.03192264409314104,-2
share_of_wallet,"[0.385125, 0.385768)",0.030981259105210063,-2
share_of_wallet,"[0.385768, 0.386637)",0.029867890442564434,-2
share_of_wallet,"[0.386637, 0.38719)",0.029867890442564434,-2
share_of_wallet,"[0.38719, 0.387979)",0.028566733336099083,-2
share_of_wallet,"[0.387979, 0.388272)",0.028566733336099083,-2
share_of_wallet,"[0.388272, 0.388666)",0.028566733336099083,-2
share_of_wallet,"[0.388666, 0.389513)",0.028386452712971154,-2
share_of_wallet,"[0.389513, 0.390412)",0.028386452712971154,-2
share_of_wallet,"[0.390412, 0.390984)",0.028386452712971154,-2
share_of_wallet,"[0.390984, 0.391392)",0.027570521691773944,-2
share_of_wallet,"[0.391392, 0.392243)",0.027570521691773944,-2
share_of_wallet,"[0.392243, 0.392976)",0.026939132594729562,-2
share_of_wallet,"[0.392976, 0.393512)",0.026448006096713963,-2
share_of_wallet,"[0.393512, 0.394096)",0.026125639839413923,-2
share_of_wallet,"[0.394096, 0.394775)",0.025689770094933256,-2
share_of_wallet,"[0.394775, 0.395203)",0.025689770094933256,-2
share_of_wallet,"[0.395203, 0.395796)",0.024616280214180632,-1
share_of_wallet,"[0.395796, 0.396127)",0.024328024825282978,-1
share_of_wallet,"[0.396127, 0.396782)",0.023692081768870422,-1
share_of_wallet,"[0.396782, 0.397343)",0.023200040331294577,-1
share_of_wallet,"[0.397343, 0.398023)",0.022734554234542743,-1
share_of_wallet,"[0.398023, 0.39844)",0.022734554234542743,-1
share_of_wallet,"[0.39844, 0.398897)",0.022734554234542743,-1
share_of_wallet,"[0.398897, 0.399447)",0.02236518052963928,-1
share_of_wallet,"[0.399447, 0.399867)",0.021471354121678915,-1
share_of_wallet,"[0.399867, 0.400459)",0.020462028216803648,-1
share_of_wallet,"[0.400459, 0.400988)",0.020462028216803648,-1
share_of_wallet,"[0.400988, 0.401577)",0.01949080750022465,-1
share_of_wallet,"[0.401577, 0.402192)",0.01949080750022465,-1
share_of_wallet,"[0.402192, 0.40265)",0.01929650777971661,-1
share_of_wallet,"[0.40265, 0.403331)",0.018181770782296387,-1
share_of_wallet,"[0.403331, 0.403888)",0.017620100711865896,-1
share_of_wallet,"[0.403888, 0.404587)",0.017620100711865896,-1
share_of_wallet,"[0.404587, 0.405182)",0.017018335415190065,-1
share_of_wallet,"[0.405182, 0.40579)",0.015649944938790575,-1
share_of_wallet,"[0.40579, 0.406576)",0.015649944938790575,-1
share_of_wallet,"[0.406576, 0.407325)",0.015649944938790575,-1
share_of_wallet,"[0.407325, 0.407799)",0.015649944938790575,-1
share_of_wallet,"[0.407799, 0.40817)",0.015649944938790575,-1
share_of_wallet,"[0.40817, 0.409027)",0.014757732567463383,-1
share_of_wallet,"[0.409027, 0.409557)",0.014258366846214232,-1
share_of_wallet,"[0.409557, 0.410214)",0.013924456409913123,-1
share_of_wallet,"[0.410214, 0.41083)",0.012846623582901024,-1
share_of_wallet,"[0.41083, 0.411343)",0.012275290892855452,-1
share_of_wallet,"[0.411343, 0.411946)",0.01144533801634759,-1
share_of_wallet,"[0.411946, 0.412425)",0.01144533801634759,-1
share_of_wallet,"[0.412425, 0.413216)",0.010836091320466637,-1
share_of_wallet,"[0.413216, 0.413766)",0.00998588342186148,-1
share_of_wallet,"[0.413766, 0.414253)",0.009698284617395938,-1
share_of_wallet,"[0.414253, 0.414725)",0.009402887515791181,-1
share_of_wallet,"[0.414725, 0.415564)",0.009402887515791181,-1
share_of_wallet,"[0.415564, 0.416288)",0.0086984620052976,-1
share_of_wallet,"[0.416288, 0.416895)",0.008276633583146224,0
share_of_wallet,"[0.416895, 0.417518)",0.008276633583146224,0
share_of_wallet,"[0.417518, 0.418439)",0.008276633583146224,0
share_of_wallet,"[0.418439, 0.419183)",0.008059963503913307,0
share_of_wallet,"[0.419183, 0.419891)",0.007589583063663724,0
share_of_wallet,"[0.419891, 0.420376)",0.007589583063663724,0
share_of_wallet,"[0.420376, 0.420874)",0.0074379094358965284,0
share_of_wallet,"[0.420874, 0.421579)",0.007278935640586344,0
share_of_wallet,"[0.421579, 0.422046)",0.007278935640586344,0
share_of_wallet,"[0.422046, 0.422537)",0.006865333683977129,0
share_of_wallet,"[0.422537, 0.423061)",0.00667939799691583,0
share_of_wallet,"[0.423061, 0.423614)",0.006250979467167205,0
share_of_wallet,"[0.423614, 0.424582)",0.006250979467167205,0
share_of_wallet,"[0.424582, 0.425102)",0.006250979467167205,0
share_of_wallet,"[0.425102, 0.425765)",0.006250979467167205,0
share_of_wallet,"[0.425765, 0.426553)",0.005909835160822797,0
share_of_wallet,"[0.426553, 0.426996)",0.005909835160822797,0
share_of_wallet,"[0.426996, 0.427583)",0.005909835160822797,0
share_of_wallet,"[0.427583, 0.428114)",0.00555628405085174,0
share_of_wallet,"[0.428114, 0.428591)",0.005371230265974501,0
share_of_wallet,"[0.428591, 0.429261)",0.0045338123845015945,0
share_of_wallet,"[0.429261, 0.429892)",0.0045338123845015945,0
share_of_wallet,"[0.429892, 0.430504)",0.0045338123845015945,0
share_of_wallet,"[0.430504, 0.431163)",0.003932777705817798,0
share_of_wallet,"[0.431163, 0.431787)",0.0025293270418145788,0
share_of_wallet,"[0.431787, 0.432557)",0.0025293270418145788,0
share_of_wallet,"[0.432557, 0.433045)",0.0025293270418145788,0
share_of_wallet,"[0.433045, 0.433691)",0.0014845397945014813,0
share_of_wallet,"[0.433691, 0.434384)",0.0014845397945014813,0
share_of_wallet,"[0.434384, 0.435311)",0.0012327245249918882,0
share_of_wallet,"[0.435311, 0.435847)",0.0012327245249918882,0
share_of_wallet,"[0.435847, 0.436476)",0.0012327245249918882,0
share_of_wallet,"[0.436476, 0.436778)",0.0005268020731817768,0
share_of_wallet,"[0.436778, 0.437301)",-0.0002952935824024432,0
share_of_wallet,"[0.437301, 0.437842)",-0.0005527610805433649,0
share_of_wallet,"[0.437842, 0.438415)",-0.0005527610805433649,0
share_of_wallet,"[0.438415, 0.43907)",-0.001205218122659906,0
share_of_wallet,"[0.43907, 0.439763)",-0.0016382720023745468,0
share_of_wallet,"[0.439763, 0.440375)",-0.0016382720023745468,0
share_of_wallet,"[0.440375, 0.440914)",-0.0016382720023745468,0
share_of_wallet,"[0.440914, 0.44134)",-0.0016382720023745468,0
share_of_wallet,"[0.44134, 0.441824)",-0.0016382720023745468,0
share_of_wallet,"[0.441824, 0.442307)",-0.0020615867530381,0
share_of_wallet,"[0.442307, 0.443025)",-0.0026087572503180234,0
share_of_wallet,"[0.443025, 0.443591)",-0.0028474822965851875,0
share_of_wallet,"[0.443591, 0.444027)",-0.0028474822965851875,0
share_of_wallet,"[0.444027, 0.44445)",-0.0028474822965851875,0
share_of_wallet,"[0.44445, 0.445589)",-0.0028474822965851875,0
share_of_wallet,"[0.445589, 0.446378)",-0.0031718962948887623,0
share_of_wallet,"[0.446378, 0.446926)",-0.0031718962948887623,0
share_of_wallet,"[0.446926, 0.447283)",-0.0034349767707562875,0
share_of_wallet,"[0.447283, 0.447854)",-0.00367847355480405,0
share_of_wallet,"[0.447854, 0.448333)",-0.004114910539611962,0
share_of_wallet,"[0.448333, 0.448937)",-0.00430170414977026,0
share_of_wallet,"[0.448937, 0.44956)",-0.00430170414977026,0
share_of_wallet,"[0.44956, 0.450527)",-0.004476453012939194,0
share_of_wallet,"[0.450527, 0.451095)",-0.004647420586754866,0
share_of_wallet,"[0.451095, 0.45165)",-0.004812434119221812,0
share_of_wallet,"[0.45165, 0.452113)",-0.0060396246092000415,0
share_of_wallet,"[0.452113, 0.452644)",-0.0060396246092000415,0
share_of_wallet,"[0.452644, 0.453173)",-0.0060396246092000415,0
share_of_wallet,"[0.453173, 0.454097)",-0.0060396246092000415,0
share_of_wallet,"[0.454097, 0.454992)",-0.006312025604176149,0
share_of_wallet,"[0.454992, 0.455407)",-0.007393560002370585,0
share_of_wallet,"[0.455407, 0.455881)",-0.00771570825517605,0
share_of_wallet,"[0.455881, 0.456741)",-0.00771570825517605,0
share_of_wallet,"[0.456741, 0.457441)",-0.008326030966834225,0
share_of_wallet,"[0.457441, 0.458232)",-0.008812167160302508,1
share_of_wallet,"[0.458232, 0.458679)",-0.008812167160302508,1
share_of_wallet,"[0.458679, 0.459385)",-0.008979800463879912,1
share_of_wallet,"[0.459385, 0.459817)",-0.009277687002279255,1
share_of_wallet,"[0.459817, 0.460814)",-0.009277687002279255,1
share_of_wallet,"[0.460814, 0.461369)",-0.009786524213676116,1
share_of_wallet,"[0.461369, 0.462101)",-0.01048922210482132,1
share_of_wallet,"[0.462101, 0.462653)",-0.01142878707061714,1
share_of_wallet,"[0.462653, 0.463121)",-0.01142878707061714,1
share_of_wallet,"[0.463121, 0.46346)",-0.01142878707061714,1
share_of_wallet,"[0.46346, 0.463888)",-0.011938866043328784,1
share_of_wallet,"[0.463888, 0.464616)",-0.011938866043328784,1
share_of_wallet,"[0.464616, 0.46552)",-0.012636402550696044,1
share_of_wallet,"[0.46552, 0.465899)",-0.012814364615093093,1
share_of_wallet,"[0.465899, 0.466391)",-0.013140928762582934,1
share_of_wallet,"[0.466391, 0.467303)",-0.013819171112537243,1
share_of_wallet,"[0.467303, 0.467668)",-0.014269627565469165,1
share_of_wallet,"[0.467668, 0.468394)",-0.015011880236891994,1
share_of_wallet,"[0.468394, 0.469114)",-0.015011880236891994,1
share_of_wallet,"[0.469114, 0.469401)",-0.015011880236891994,1
share_of_wallet,"[0.469401, 0.470022)",-0.015707866752726795,1
share_of_wallet,"[0.470022, 0.470599)",-0.015707866752726795,1
share_of_wallet,"[0.470599, 0.471233)",-0.01601177634323253,1
share_of_wallet,"[0.471233, 0.471752)",-0.016964611542726254,1
share_of_wallet,"[0.471752, 0.472205)",-0.017428075609436947,1
share_of_wallet,"[0.472205, 0.4726)",-0.018149987769112128,1
share_of_wallet,"[0.4726, 0.473326)",-0.019012380212302105,1
share_of_wallet,"[0.473326, 0.473818)",-0.019012380212302105,1
share_of_wallet,"[0.473818, 0.474537)",-0.019012380212302105,1
share_of_wallet,"[0.474537, 0.475233)",-0.01927391135963573,1
share_of_wallet,"[0.475233, 0.475685)",-0.019733320586317302,1
share_of_wallet,"[0.475685, 0.476065)",-0.020167255174740616,1
share_of_wallet,"[0.476065, 0.476442)",-0.020167255174740616,1
share_of_wallet,"[0.476442, 0.477093)",-0.020167255174740616,1
share_of_wallet,"[0.477093, 0.477601)",-0.020929003921398646,1
share_of_wallet,"[0.477601, 0.47819)",-0.02122210232096712,1
share_of_wallet,"[0.47819, 0.478882)",-0.02122210232096712,1
share_of_wallet,"[0.478882, 0.479909)",-0.02122210232096712,1
share_of_wallet,"[0.479909, 0.480495)",-0.02219197961272504,1
share_of_wallet,"[0.480495, 0.481363)",-0.02219197961272504,1
share_of_wallet,"[0.481363, 0.48226)",-0.023027382849194474,1
share_of_wallet,"[0.48226, 0.48266)",-0.023236080185426188,1
share_of_wallet,"[0.48266, 0.483762)",-0.023236080185426188,1
share_of_wallet,"[0.483762, 0.48487)",-0.023600194130568772,1
share_of_wallet,"[0.48487, 0.485536)",-0.024450825032373964,1
share_of_wallet,"[0.485536, 0.486143)",-0.024970089238909338,1
share_of_wallet,"[0.486143, 0.487122)",-0.02519525089311808,1
share_of_wallet,"[0.487122, 0.48771)",-0.02519525089311808,1
share_of_wallet,"[0.48771, 0.488124)",-0.02565544100393399,2
share_of_wallet,"[0.488124, 0.488477)",-0.026036940349955892,2
share_of_wallet,"[0.488477, 0.489061)",-0.026036940349955892,2
share_of_wallet,"[0.489061, 0.489848)",-0.026201136886588722,2
share_of_wallet,"[0.489848, 0.490627)",-0.026505973535843105,2
share_of_wallet,"[0.490627, 0.491707)",-0.026977787498996895,2
share_of_wallet,"[0.491707, 0.492097)",-0.02785365015688686,2
share_of_wallet,"[0.492097, 0.492942)",-0.02785365015688686,2
share_of_wallet,"[0.492942, 0.493711)",-0.02859364449358119,2
share_of_wallet,"[0.493711, 0.494621)",-0.028977120532222733,2
share_of_wallet,"[0.494621, 0.495033)",-0.029180723400566988,2
share_of_wallet,"[0.495033, 0.495577)",-0.029180723400566988,2
share_of_wallet,"[0.495577, 0.496422)",-0.029180723400566988,2
share_of_wallet,"[0.496422, 0.497153)",-0.029488307292104013,2
share_of_wallet,"[0.497153, 0.497711)",-0.030230322350588278,2
share_of_wallet,"[0.497711, 0.498219)",-0.03050259866487836,2
share_of_wallet,"[0.498219, 0.498826)",-0.031027881255429508,2
share_of_wallet,"[0.498826, 0.499204)",-0.03127548621385351,2
share_of_wallet,"[0.499204, 0.500083)",-0.03127548621385351,2
share_of_wallet,"[0.500083, 0.500819)",-0.03127548621385351,2
share_of_wallet,"[0.500819, 0.501256)",-0.03169575077465431,2
share_of_wallet,"[0.501256, 0.501841)",-0.032246842570177826,2
share_of_wallet,"[0.501841, 0.502814)",-0.03276573226361134,2
share_of_wallet,"[0.502814, 0.503223)",-0.03347683889115061,2
share_of_wallet,"[0.503223, 0.503955)",-0.03347683889115061,2
share_of_wallet,"[0.503955, 0.504414)",-0.03368263157205114,2
share_of_wallet,"[0.504414, 0.505174)",-0.03368263157205114,2
share_of_wallet,"[0.505174, 0.50618)",-0.03385599327932891,2
share_of_wallet,"[0.50618, 0.506583)",-0.03385599327932891,2
share_of_wallet,"[0.506583, 0.507242)",-0.03481299326902263,2
share_of_wallet,"[0.507242, 0.508033)",-0.03481299326902263,2
share_of_wallet,"[0.508033, 0.508614)",-0.03481299326902263,2
share_of_wallet,"[0.508614, 0.509159)",-0.03481299326902263,2
share_of_wallet,"[0.509159, 0.50998)",-0.035076829273742734,2
share_of_wallet,"[0.50998, 0.510818)",-0.035076829273742734,2
share_of_wallet,"[0.510818, 0.511294)",-0.03548001233168807,2
share_of_wallet,"[0.511294, 0.51207)",-0.036265119123458124,2
share_of_wallet,"[0.51207, 0.512614)",-0.03651088326437051,2
share_of_wallet,"[0.512614, 0.513128)",-0.03856441043838952,2
share_of_wallet,"[0.513128, 0.513664)",-0.03856441043838952,2
share_of_wallet,"[0.513664, 0.514671)",-0.03939888942216073,2
share_of_wallet,"[0.514671, 0.515264)",-0.03939888942216073,2
share_of_wallet,"[0.515264, 0.515946)",-0.03978518263787521,2
share_of_wallet,"[0.515946, 0.516523)",-0.04063596762123662,2
share_of_wallet,"[0.516523, 0.517076)",-0.041124445157068715,2
share_of_wallet,"[0.517076, 0.517985)",-0.041124445157068715,2
share_of_wallet,"[0.517985, 0.518498)",-0.04132065691111587,2
share_of_wallet,"[0.518498, 0.518914)",-0.04168955850047088,2
share_of_wallet,"[0.518914, 0.51933)",-0.04239611418878639,3
share_of_wallet,"[0.51933, 0.519961)",-0.04239611418878639,3
share_of_wallet,"[0.519961, 0.520969)",-0.04293847737557935,3
share_of_wallet,"[0.520969, 0.521573)",-0.04293847737557935,3
share_of_wallet,"[0.521573, 0.522349)",-0.04319852476488503,3
share_of_wallet,"[0.522349, 0.522893)",-0.043833517677012504,3
share_of_wallet,"[0.522893, 0.523541)",-0.043833517677012504,3
share_of_wallet,"[0.523541, 0.524042)",-0.04450352955405738,3
share_of_wallet,"[0.524042, 0.524698)",-0.044969161610485434,3
share_of_wallet,"[0.524698, 0.525744)",-0.046320733748042325,3
share_of_wallet,"[0.525744, 0.526802)",-0.046320733748042325,3
share_of_wallet,"[0.526802, 0.527457)",-0.04715527768653446,3
share_of_wallet,"[0.527457, 0.527847)",-0.04818736364843228,3
share_of_wallet,"[0.527847, 0.528762)",-0.04818736364843228,3
share_of_wallet,"[0.528762, 0.529299)",-0.04818736364843228,3
share_of_wallet,"[0.529299, 0.53027)",-0.04895666089447975,3
share_of_wallet,"[0.53027, 0.531335)",-0.04967279874328725,3
share_of_wallet,"[0.531335, 0.53204)",-0.051172791147224436,3
share_of_wallet,"[0.53204, 0.532425)",-0.05270476835691632,3
share_of_wallet,"[0.532425, 0.533117)",-0.05270476835691632,3
share_of_wallet,"[0.533117, 0.533789)",-0.05353517830235051,3
share_of_wallet,"[0.533789, 0.534621)",-0.05353517830235051,3
share_of_wallet,"[0.534621, 0.535037)",-0.054186182194877155,3
share_of_wallet,"[0.535037, 0.535528)",-0.055101664763206964,3
share_of_wallet,"[0.535528, 0.536007)",-0.05650573418320342,3
share_of_wallet,"[0.536007, 0.537076)",-0.05678492026627958,3
share_of_wallet,"[0.537076, 0.537898)",-0.05678492026627958,3
share_of_wallet,"[0.537898, 0.538544)",-0.05678492026627958,3
share_of_wallet,"[0.538544, 0.539543)",-0.05758411757491978,3
share_of_wallet,"[0.539543, 0.540225)",-0.05787958141675084,3
share_of_wallet,"[0.540225, 0.540999)",-0.05857964770062633,3
share_of_wallet,"[0.540999, 0.541864)",-0.05857964770062633,3
share_of_wallet,"[0.541864, 0.542534)",-0.06004888650187215,4
share_of_wallet,"[0.542534, 0.543196)",-0.06004888650187215,4
share_of_wallet,"[0.543196, 0.544039)",-0.06053348083624638,4
share_of_wallet,"[0.544039, 0.544771)",-0.06552412564119219,4
share_of_wallet,"[0.544771, 0.54532)",-0.06552412564119219,4
share_of_wallet,"[0.54532, 0.545978)",-0.066091888455333,4
share_of_wallet,"[0.545978, 0.546378)",-0.06656946552218106,4
share_of_wallet,"[0.546378, 0.547353)",-0.06771737971460264,4
share_of_wallet,"[0.547353, 0.548307)",-0.0679331231218273,4
share_of_wallet,"[0.548307, 0.548909)",-0.0679331231218273,4
share_of_wallet,"[0.548909, 0.549575)",-0.06870035207847411,4
share_of_wallet,"[0.549575, 0.550501)",-0.06870035207847411,4
share_of_wallet,"[0.550501, 0.551461)",-0.06906179373156611,4
share_of_wallet,"[0.551461, 0.55222)",-0.06906179373156611,4
share_of_wallet,"[0.55222, 0.553002)",-0.06984941141036541,4
share_of_wallet,"[0.553002, 0.55418)",-0.07012353260520027,4
share_of_wallet,"[0.55418, 0.554943)",-0.0709332501947328,4
share_of_wallet,"[0.554943, 0.555804)",-0.0709332501947328,4
share_of_wallet,"[0.555804, 0.556769)",-0.0709332501947328,4
share_of_wallet,"[0.556769, 0.557303)",-0.07137311351321954,4
share_of_wallet,"[0.557303, 0.55845)",-0.07194538232794935,4
share_of_wallet,"[0.55845, 0.559594)",-0.07194538232794935,4
share_of_wallet,"[0.559594, 0.560507)",-0.07194538232794935,4
share_of_wallet,"[0.560507, 0.561058)",-0.07194538232794935,4
share_of_wallet,"[0.561058, 0.561743)",-0.07223026548705959,4
share_of_wallet,"[0.561743, 0.562379)",-0.07291413805146482,4
share_of_wallet,"[0.562379, 0.563058)",-0.07343958496227804,4
share_of_wallet,"[0.563058, 0.563955)",-0.07343958496227804,4
share_of_wallet,"[0.563955, 0.56443)",-0.07343958496227804,4
share_of_wallet,"[0.56443, 0.565321)",-0.07478012442550507,4
share_of_wallet,"[0.565321, 0.566039)",-0.07478012442550507,4
share_of_wallet,"[0.566039, 0.566734)",-0.07478012442550507,4
share_of_wallet,"[0.566734, 0.567595)",-0.07478012442550507,4
share_of_wallet,"[0.567595, 0.568205)",-0.07640503231805404,5
share_of_wallet,"[0.568205, 0.56864)",-0.07640503231805404,5
share_of_wallet,"[0.56864, 0.56938)",-0.07640503231805404,5
share_of_wallet,"[0.56938, 0.570222)",-0.07680299113698572,5
share_of_wallet,"[0.570222, 0.570766)",-0.07727027658779956,5
share_of_wallet,"[0.570766, 0.571191)",-0.0775484540238985,5
share_of_wallet,"[0.571191, 0.571784)",-0.0775484540238985,5
share_of_wallet,"[0.571784, 0.572405)",-0.07777838670562753,5
share_of_wallet,"[0.572405, 0.573412)",-0.07803360191505382,5
share_of_wallet,"[0.573412, 0.574287)",-0.07803360191505382,5
share_of_wallet,"[0.574287, 0.575071)",-0.07899626238633356,5
share_of_wallet,"[0.575071, 0.575797)",-0.07899626238633356,5
share_of_wallet,"[0.575797, 0.576784)",-0.07899626238633356,5
share_of_wallet,"[0.576784, 0.578089)",-0.07899626238633356,5
share_of_wallet,"[0.578089, 0.579049)",-0.07926636609560259,5
share_of_wallet,"[0.579049, 0.579452)",-0.07948344691025853,5
share_of_wallet,"[0.579452, 0.580353)",-0.08060183365976573,5
share_of_wallet,"[0.580353, 0.580829)",-0.08112174124056235,5
share_of_wallet,"[0.580829, 0.5817)",-0.08129560084595676,5
share_of_wallet,"[0.5817, 0.582779)",-0.08166736102864577,5
share_of_wallet,"[0.582779, 0.584069)",-0.08166736102864577,5
share_of_wallet,"[0.584069, 0.584931)",-0.08166736102864577,5
share_of_wallet,"[0.584931, 0.585684)",-0.08193237253532343,5
share_of_wallet,"[0.585684, 0.586475)",-0.08219518569153336,5
share_of_wallet,"[0.586475, 0.586944)",-0.08259949057892582,5
share_of_wallet,"[0.586944, 0.587802)",-0.08306932102055115,5
share_of_wallet,"[0.587802, 0.588501)",-0.08306932102055115,5
share_of_wallet,"[0.588501, 0.58896)",-0.08350648777884227,5
share_of_wallet,"[0.58896, 0.589562)",-0.08350648777884227,5
share_of_wallet,"[0.589562, 0.590375)",-0.08350648777884227,5
share_of_wallet,"[0.590375, 0.591289)",-0.08350648777884227,5
share_of_wallet,"[0.591289, 0.592104)",-0.08350648777884227,5
share_of_wallet,"[0.592104, 0.592818)",-0.08350648777884227,5
share_of_wallet,"[0.592818, 0.594003)",-0.08350648777884227,5
share_of_wallet,"[0.594003, 0.594399)",-0.08350648777884227,5
share_of_wallet,"[0.594399, 0.59536)",-0.08368800896770798,5
share_of_wallet,"[0.59536, 0.596504)",-0.08424754414898199,5
share_of_wallet,"[0.596504, 0.597177)",-0.08447773224875947,5
share_of_wallet,"[0.597177, 0.597596)",-0.08492330721817623,5
share_of_wallet,"[0.597596, 0.59879)",-0.08546031059922257,5
share_of_wallet,"[0.59879, 0.599155)",-0.08598215105018685,5
share_of_wallet,"[0.599155, 0.5998)",-0.08598215105018685,5
share_of_wallet,"[0.5998, 0.600771)",-0.0867100879494485,5
share_of_wallet,"[0.600771, 0.601843)",-0.08702637659008679,5
share_of_wallet,"[0.601843, 0.603356)",-0.08746818907693767,5
share_of_wallet,"[0.603356, 0.603964)",-0.08746818907693767,5
share_of_wallet,"[0.603964, 0.604792)",-0.08788520490452713,5
share_of_wallet,"[0.604792, 0.605678)",-0.08904271768971873,5
share_of_wallet,"[0.605678, 0.606585)",-0.08972052301029013,5
share_of_wallet,"[0.606585, 0.607486)",-0.08972052301029013,5
share_of_wallet,"[0.607486, 0.608564)",-0.09006152151839501,5
share_of_wallet,"[0.608564, 0.609011)",-0.09006152151839501,5
share_of_wallet,"[0.609011, 0.609926)",-0.09073260187047219,5
share_of_wallet,"[0.609926, 0.610713)",-0.09073260187047219,5
share_of_wallet,"[0.610713, 0.611712)",-0.09134627409292295,5
share_of_wallet,"[0.611712, 0.612807)",-0.09184689123131116,5
share_of_wallet,"[0.612807, 0.613797)",-0.09204987278598484,5
share_of_wallet,"[0.613797, 0.614302)",-0.09204987278598484,5
share_of_wallet,"[0.614302, 0.61497)",-0.09278144232302929,6
share_of_wallet,"[0.61497, 0.615483)",-0.09292599327393093,6
share_of_wallet,"[0.615483, 0.616227)",-0.09292599327393093,6
share_of_wallet,"[0.616227, 0.617284)",-0.09292599327393093,6
share_of_wallet,"[0.617284, 0.61818)",-0.09313779921671166,6
share_of_wallet,"[0.61818, 0.6186)",-0.0944164422551516,6
share_of_wallet,"[0.6186, 0.619216)",-0.09464030395272029,6
share_of_wallet,"[0.619216, 0.620023)",-0.09464030395272029,6
share_of_wallet,"[0.620023, 0.620588)",-0.09464030395272029,6
share_of_wallet,"[0.620588, 0.621534)",-0.09464030395272029,6
share_of_wallet,"[0.621534, 0.622165)",-0.09510235837323402,6
share_of_wallet,"[0.622165, 0.622601)",-0.09510235837323402,6
share_of_wallet,"[0.622601, 0.623257)",-0.09510235837323402,6
share_of_wallet,"[0.623257, 0.623887)",-0.09510235837323402,6
share_of_wallet,"[0.623887, 0.625231)",-0.09510235837323402,6
share_of_wallet,"[0.625231, 0.626401)",-0.09510235837323402,6
share_of_wallet,"[0.626401, 0.627343)",-0.0962100734096629,6
share_of_wallet,"[0.627343, 0.627977)",-0.09652546886307922,6
share_of_wallet,"[0.627977, 0.628447)",-0.09652546886307922,6
share_of_wallet,"[0.628447, 0.629688)",-0.09671232393532894,6
share_of_wallet,"[0.629688, 0.63045)",-0.09671232393532894,6
share_of_wallet,"[0.63045, 0.631707)",-0.09699018810912163,6
share_of_wallet,"[0.631707, 0.632961)",-0.09741810598898086,6
share_of_wallet,"[0.632961, 0.634124)",-0.09763440174999966,6
share_of_wallet,"[0.634124, 0.635093)",-0.09785819534896913,6
share_of_wallet,"[0.635093, 0.635781)",-0.09785819534896913,6
share_of_wallet,"[0.635781, 0.636694)",-0.09785819534896913,6
share_of_wallet,"[0.636694, 0.637564)",-0.09849492109231896,6
share_of_wallet,"[0.637564, 0.638172)",-0.09876065675102758,6
share_of_wallet,"[0.638172, 0.638919)",-0.09895115846412202,6
share_of_wallet,"[0.638919, 0.639491)",-0.09966649519543345,6
share_of_wallet,"[0.639491, 0.640205)",-0.10011319028235777,6
share_of_wallet,"[0.640205, 0.641044)",-0.10106677646143768,6
share_of_wallet,"[0.641044, 0.642076)",-0.10106677646143768,6
share_of_wallet,"[0.642076, 0.642728)",-0.10106677646143768,6
share_of_wallet,"[0.642728, 0.643394)",-0.10126755107249495,6
share_of_wallet,"[0.643394, 0.644144)",-0.10167586903518533,6
share_of_wallet,"[0.644144, 0.645551)",-0.10167586903518533,6
share_of_wallet,"[0.645551, 0.646268)",-0.10210316939380071,6
share_of_wallet,"[0.646268, 0.647352)",-0.10272674506483542,6
share_of_wallet,"[0.647352, 0.648154)",-0.10272674506483542,6
share_of_wallet,"[0.648154, 0.648936)",-0.10272674506483542,6
share_of_wallet,"[0.648936, 0.649666)",-0.10337931905065824,6
share_of_wallet,"[0.649666, 0.650565)",-0.10337931905065824,6
share_of_wallet,"[0.650565, 0.651521)",-0.10392533031474015,6
share_of_wallet,"[0.651521, 0.652261)",-0.10470829567080052,6
share_of_wallet,"[0.652261, 0.652903)",-0.10504622368845146,6
share_of_wallet,"[0.652903, 0.653698)",-0.1059667131304331,6
share_of_wallet,"[0.653698, 0.655165)",-0.1059667131304331,6
share_of_wallet,"[0.655165, 0.656337)",-0.10615974160946999,6
share_of_wallet,"[0.656337, 0.657186)",-0.10742469665985237,6
share_of_wallet,"[0.657186, 0.658218)",-0.10763633922896809,6
share_of_wallet,"[0.658218, 0.658957)",-0.10813352695492386,6
share_of_wallet,"[0.658957, 0.659739)",-0.10813352695492386,6
share_of_wallet,"[0.659739, 0.660539)",-0.10853156316628061,6
share_of_wallet,"[0.660539, 0.661107)",-0.1089848465720086,6
share_of_wallet,"[0.661107, 0.661737)",-0.10988188100244811,7
share_of_wallet,"[0.661737, 0.662961)",-0.10988188100244811,7
share_of_wallet,"[0.662961, 0.663954)",-0.11071792798691309,7
share_of_wallet,"[0.663954, 0.665518)",-0.11125528178394524,7
share_of_wallet,"[0.665518, 0.666318)",-0.11155309252765842,7
share_of_wallet,"[0.666318, 0.667364)",-0.11175570198364827,7
share_of_wallet,"[0.667364, 0.668751)",-0.11199111969262249,7
share_of_wallet,"[0.668751, 0.669691)",-0.11199111969262249,7
share_of_wallet,"[0.669691, 0.670804)",-0.11223422105390317,7
share_of_wallet,"[0.670804, 0.671861)",-0.11244879893805836,7
share_of_wallet,"[0.671861, 0.673319)",-0.11334043162735369,7
share_of_wallet,"[0.673319, 0.674202)",-0.11401818074906334,7
share_of_wallet,"[0.674202, 0.6748)",-0.11441256910376464,7
share_of_wallet,"[0.6748, 0.675564)",-0.11485071434357266,7
share_of_wallet,"[0.675564, 0.676372)",-0.11523243750598,7
share_of_wallet,"[0.676372, 0.677731)",-0.11561581351443709,7
share_of_wallet,"[0.677731, 0.678622)",-0.11645645016208508,7
share_of_wallet,"[0.678622, 0.67923)",-0.11645645016208508,7
share_of_wallet,"[0.67923, 0.679942)",-0.11645645016208508,7
share_of_wallet,"[0.679942, 0.68072)",-0.11711746676358731,7
share_of_wallet,"[0.68072, 0.681688)",-0.1175904793444434,7
share_of_wallet,"[0.681688, 0.682577)",-0.11887393401760225,7
share_of_wallet,"[0.682577, 0.683748)",-0.11947100373140039,7
share_of_wallet,"[0.683748, 0.684587)",-0.11995614471488464,7
share_of_wallet,"[0.684587, 0.685339)",-0.11995614471488464,7
share_of_wallet,"[0.685339, 0.686488)",-0.11995614471488464,7
share_of_wallet,"[0.686488, 0.687499)",-0.12033659868496488,7
share_of_wallet,"[0.687499, 0.688179)",-0.12117134969089388,7
share_of_wallet,"[0.688179, 0.689156)",-0.12169837282654244,7
share_of_wallet,"[0.689156, 0.690038)",-0.12169837282654244,7
share_of_wallet,"[0.690038, 0.690795)",-0.12195469736788726,7
share_of_wallet,"[0.690795, 0.691811)",-0.12195469736788726,7
share_of_wallet,"[0.691811, 0.693017)",-0.12213146347351261,7
share_of_wallet,"[0.693017, 0.693659)",-0.12225868575990463,7
share_of_wallet,"[0.693659, 0.69448)",-0.12253454822711515,7
share_of_wallet,"[0.69448, 0.695893)",-0.12274268194208685,7
share_of_wallet,"[0.695893, 0.696684)",-0.12274268194208685,7
share_of_wallet,"[0.696684, 0.697415)",-0.12295341171488071,7
share_of_wallet,"[0.697415, 0.698199)",-0.12315112605798365,7
share_of_wallet,"[0.698199, 0.698914)",-0.12402451406756891,7
share_of_wallet,"[0.698914, 0.699957)",-0.12402451406756891,7
share_of_wallet,"[0.699957, 0.700598)",-0.1248536909640536,7
share_of_wallet,"[0.700598, 0.701701)",-0.1248536909640536,7
share_of_wallet,"[0.701701, 0.702891)",-0.1248536909640536,7
share_of_wallet,"[0.702891, 0.703982)",-0.1248536909640536,7
share_of_wallet,"[0.703982, 0.704735)",-0.1248536909640536,7
share_of_wallet,"[0.704735, 0.70624)",-0.1253214894057439,7
share_of_wallet,"[0.70624, 0.707516)",-0.1257593609770107,7
share_of_wallet,"[0.707516, 0.708646)",-0.1257593609770107,7
share_of_wallet,"[0.708646, 0.710118)",-0.12621385365923002,8
share_of_wallet,"[0.710118, 0.711121)",-0.12666414963958256,8
share_of_wallet,"[0.711121, 0.712674)",-0.12666414963958256,8
share_of_wallet,"[0.712674, 0.713918)",-0.12666414963958256,8
share_of_wallet,"[0.713918, 0.71528)",-0.12666414963958256,8
share_of_wallet,"[0.71528, 0.716596)",-0.12711603995433232,8
share_of_wallet,"[0.716596, 0.717607)",-0.127334661322107,8
share_of_wallet,"[0.717607, 0.718686)",-0.12765445028865302,8
share_of_wallet,"[0.718686, 0.719879)",-0.1279939462805709,8
share_of_wallet,"[0.719879, 0.720906)",-0.12855561902223683,8
share_of_wallet,"[0.720906, 0.721778)",-0.12901834242448,8
share_of_wallet,"[0.721778, 0.722952)",-0.12950405175730942,8
share_of_wallet,"[0.722952, 0.724599)",-0.13012889623265234,8
share_of_wallet,"[0.724599, 0.725653)",-0.13012889623265234,8
share_of_wallet,"[0.725653, 0.727057)",-0.13012889623265234,8
share_of_wallet,"[0.727057, 0.728288)",-0.13012889623265234,8
share_of_wallet,"[0.728288, 0.729463)",-0.13034258350645522,8
share_of_wallet,"[0.729463, 0.730763)",-0.1306407443806599,8
share_of_wallet,"[0.730763, 0.731619)",-0.1306407443806599,8
share_of_wallet,"[0.731619, 0.732694)",-0.1306407443806599,8
share_of_wallet,"[0.732694, 0.733523)",-0.1308035091524588,8
share_of_wallet,"[0.733523, 0.734635)",-0.13099576870833302,8
share_of_wallet,"[0.734635, 0.736105)",-0.13152054828036208,8
share_of_wallet,"[0.736105, 0.737542)",-0.13186109876710872,8
share_of_wallet,"[0.737542, 0.73864)",-0.13186109876710872,8
share_of_wallet,"[0.73864, 0.739784)",-0.13186109876710872,8
share_of_wallet,"[0.739784, 0.741249)",-0.13186109876710872,8
share_of_wallet,"[0.741249, 0.741999)",-0.13186109876710872,8
share_of_wallet,"[0.741999, 0.742899)",-0.13226319768172806,8
share_of_wallet,"[0.742899, 0.744542)",-0.13226319768172806,8
share_of_wallet,"[0.744542, 0.745904)",-0.13226319768172806,8
share_of_wallet,"[0.745904, 0.747011)",-0.13298412747542274,8
share_of_wallet,"[0.747011, 0.748636)",-0.13317102433491193,8
share_of_wallet,"[0.748636, 0.749509)",-0.13350676160691877,8
share_of_wallet,"[0.749509, 0.750307)",-0.13350676160691877,8
share_of_wallet,"[0.750307, 0.75122)",-0.13350676160691877,8
share_of_wallet,"[0.75122, 0.75285)",-0.13386799679090366,8
share_of_wallet,"[0.75285, 0.75441)",-0.13498020024295768,8
share_of_wallet,"[0.75441, 0.755305)",-0.13498020024295768,8
share_of_wallet,"[0.755305, 0.75701)",-0.1358804034467852,8
share_of_wallet,"[0.75701, 0.757852)",-0.1358804034467852,8
share_of_wallet,"[0.757852, 0.759601)",-0.1358804034467852,8
share_of_wallet,"[0.759601, 0.760869)",-0.13632632185620494,8
share_of_wallet,"[0.760869, 0.762373)",-0.1377276377331156,8
share_of_wallet,"[0.762373, 0.763672)",-0.13865563345603812,8
share_of_wallet,"[0.763672, 0.764667)",-0.13959421638647662,8
share_of_wallet,"[0.764667, 0.765766)",-0.13996069436896635,8
share_of_wallet,"[0.765766, 0.767201)",-0.14025573758637955,8
share_of_wallet,"[0.767201, 0.768089)",-0.14025573758637955,8
share_of_wallet,"[0.768089, 0.769903)",-0.14025573758637955,8
share_of_wallet,"[0.769903, 0.771057)",-0.14117716861072488,8
share_of_wallet,"[0.771057, 0.772397)",-0.14117716861072488,8
share_of_wallet,"[0.772397, 0.773585)",-0.14187172440518642,8
share_of_wallet,"[0.773585, 0.775233)",-0.14187172440518642,8
share_of_wallet,"[0.775233, 0.776457)",-0.1420554664457798,8
share_of_wallet,"[0.776457, 0.777586)",-0.14257571437365954,8
share_of_wallet,"[0.777586, 0.778932)",-0.14257571437365954,8
share_of_wallet,"[0.778932, 0.780276)",-0.14257571437365954,8
share_of_wallet,"[0.780276, 0.7816)",-0.142822401450519,8
share_of_wallet,"[0.7816, 0.783329)",-0.1430593425594508,9
share_of_wallet,"[0.783329, 0.784477)",-0.14362083625418431,9
share_of_wallet,"[0.784477, 0.785716)",-0.14441393857565332,9
share_of_wallet,"[0.785716, 0.786915)",-0.14471154411807466,9
share_of_wallet,"[0.786915, 0.788044)",-0.14532968782229386,9
share_of_wallet,"[0.788044, 0.788925)",-0.14532968782229386,9
share_of_wallet,"[0.788925, 0.790034)",-0.1461126928515031,9
share_of_wallet,"[0.790034, 0.791123)",-0.1461126928515031,9
share_of_wallet,"[0.791123, 0.792038)",-0.14668102459736407,9
share_of_wallet,"[0.792038, 0.792779)",-0.14668102459736407,9
share_of_wallet,"[0.792779, 0.794189)",-0.14702018475087159,9
share_of_wallet,"[0.794189, 0.795561)",-0.14775608073995328,9
share_of_wallet,"[0.795561, 0.797144)",-0.1484555172990001,9
share_of_wallet,"[0.797144, 0.798712)",-0.14880298284905538,9
share_of_wallet,"[0.798712, 0.800204)",-0.1490785389549229,9
share_of_wallet,"[0.800204, 0.801873)",-0.14935936566885008,9
share_of_wallet,"[0.801873, 0.803337)",-0.1504576289962941,9
share_of_wallet,"[0.803337, 0.805249)",-0.15095737709325188,9
share_of_wallet,"[0.805249, 0.806577)",-0.15095737709325188,9
share_of_wallet,"[0.806577, 0.807762)",-0.15095737709325188,9
share_of_wallet,"[0.807762, 0.808798)",-0.15095737709325188,9
share_of_wallet,"[0.808798, 0.811054)",-0.1519917192017986,9
share_of_wallet,"[0.811054, 0.812338)",-0.15273670710609275,9
share_of_wallet,"[0.812338, 0.813485)",-0.15335927853427275,9
share_of_wallet,"[0.813485, 0.815016)",-0.15335927853427275,9
share_of_wallet,"[0.815016, 0.816205)",-0.15335927853427275,9
share_of_wallet,"[0.816205, 0.818068)",-0.15335927853427275,9
share_of_wallet,"[0.818068, 0.819906)",-0.15400240292520298,9
share_of_wallet,"[0.819906, 0.821133)",-0.1542114881305835,9
share_of_wallet,"[0.821133, 0.822651)",-0.15441757319227498,9
share_of_wallet,"[0.822651, 0.825051)",-0.15441757319227498,9
share_of_wallet,"[0.825051, 0.826279)",-0.15622497478488936,9
share_of_wallet,"[0.826279, 0.828255)",-0.15645425997909773,9
share_of_wallet,"[0.828255, 0.830293)",-0.15645425997909773,9
share_of_wallet,"[0.830293, 0.832273)",-0.15712174116329966,9
share_of_wallet,"[0.832273, 0.833369)",-0.15791081359368192,9
share_of_wallet,"[0.833369, 0.835772)",-0.1583906943035932,9
share_of_wallet,"[0.835772, 0.838051)",-0.1583906943035932,9
share_of_wallet,"[0.838051, 0.840213)",-0.15866253759487947,9
share_of_wallet,"[0.840213, 0.841974)",-0.15866253759487947,9
share_of_wallet,"[0.841974, 0.844107)",-0.15866253759487947,9
share_of_wallet,"[0.844107, 0.846602)",-0.15887025701218221,9
share_of_wallet,"[0.846602, 0.848597)",-0.15887025701218221,9
share_of_wallet,"[0.848597, 0.85014)",-0.15887025701218221,9
share_of_wallet,"[0.85014, 0.851445)",-0.15887025701218221,9
share_of_wallet,"[0.851445, 0.853412)",-0.15887025701218221,9
share_of_wallet,"[0.853412, 0.855216)",-0.15912787768860642,9
share_of_wallet,"[0.855216, 0.856657)",-0.15981086249634674,10
share_of_wallet,"[0.856657, 0.858564)",-0.1602541996603972,10
share_of_wallet,"[0.858564, 0.861464)",-0.1607438578411409,10
share_of_wallet,"[0.861464, 0.863115)",-0.1607438578411409,10
share_of_wallet,"[0.863115, 0.865435)",-0.1607438578411409,10
share_of_wallet,"[0.865435, 0.867329)",-0.1607438578411409,10
share_of_wallet,"[0.867329, 0.869866)",-0.1607438578411409,10
share_of_wallet,"[0.869866, 0.872161)",-0.16163227386190443,10
share_of_wallet,"[0.872161, 0.873949)",-0.1618964918796086,10
share_of_wallet,"[0.873949, 0.876816)",-0.16211229743084582,10
share_of_wallet,"[0.876816, 0.877772)",-0.16252324958653122,10
share_of_wallet,"[0.877772, 0.880452)",-0.16252324958653122,10
share_of_wallet,"[0.880452, 0.883185)",-0.16275149358455737,10
share_of_wallet,"[0.883185, 0.885329)",-0.16295735016372778,10
share_of_wallet,"[0.885329, 0.887059)",-0.16329310727384183,10
share_of_wallet,"[0.887059, 0.889056)",-0.16409671997912323,10
share_of_wallet,"[0.889056, 0.89092)",-0.164729615568398,10
share_of_wallet,"[0.89092, 0.892283)",-0.16573561998126693,10
share_of_wallet,"[0.892283, 0.894382)",-0.16615480168147043,10
share_of_wallet,"[0.894382, 0.896517)",-0.1673830675368689,10
share_of_wallet,"[0.896517, 0.899408)",-0.16775523403406536,10
share_of_wallet,"[0.899408, 0.901051)",-0.16825253608158403,10
share_of_wallet,"[0.901051, 0.902735)",-0.1694698994186572,10
share_of_wallet,"[0.902735, 0.906142)",-0.1694698994186572,10
share_of_wallet,"[0.906142, 0.908685)",-0.1694698994186572,10
share_of_wallet,"[0.908685, 0.909795)",-0.16990239289401257,10
share_of_wallet,"[0.909795, 0.913212)",-0.1707001441349869,10
share_of_wallet,"[0.913212, 0.914506)",-0.17113614174680278,10
share_of_wallet,"[0.914506, 0.917178)",-0.17113614174680278,10
share_of_wallet,"[0.917178, 0.919754)",-0.17113614174680278,10
share_of_wallet,"[0.919754, 0.921818)",-0.17214463632355262,10
share_of_wallet,"[0.921818, 0.925084)",-0.17214463632355262,10
share_of_wallet,"[0.925084, 0.928045)",-0.17263982948769552,10
share_of_wallet,"[0.928045, 0.931049)",-0.17298674332262248,10
share_of_wallet,"[0.931049, 0.934521)",-0.17339172322677407,10
share_of_wallet,"[0.934521, 0.937211)",-0.17416553768257326,10
share_of_wallet,"[0.937211, 0.940091)",-0.17416553768257326,10
share_of_wallet,"[0.940091, 0.943793)",-0.1748279394832955,10
share_of_wallet,"[0.943793, 0.947528)",-0.17567781090589582,10
share_of_wallet,"[0.947528, 0.951172)",-0.1760015000946623,10
share_of_wallet,"[0.951172, 0.955739)",-0.17644728304724616,10
share_of_wallet,"[0.955739, 0.959835)",-0.17682590485010477,11
share_of_wallet,"[0.959835, 0.964966)",-0.1776389130467897,11
share_of_wallet,"[0.964966, 0.968535)",-0.17810295637096743,11
share_of_wallet,"[0.968535, 0.970908)",-0.17810295637096743,11
share_of_wallet,"[0.970908, 0.975524)",-0.17853181696518292,11
share_of_wallet,"[0.975524, 0.979539)",-0.17853181696518292,11
share_of_wallet,"[0.979539, 0.983761)",-0.1791509088853054,11
share_of_wallet,"[0.983761, 0.988486)",-0.21267374518105772,13
share_of_wallet,"[0.988486, 0.992302)",-0.3495693596047368,21
share_of_wallet,"[0.992302, 0.99631)",-0.3495693596047368,21
share_of_wallet,"[0.99631, 0.999965)",-0.34999891879700445,21
share_of_wallet,"[0.999965, inf)",-0.34999891879700445,21
share_of_wallet,missing,0.0,0
transfer_to_competitor_pct_90d,"[-inf, 7.265e-06)",-0.08645813261820388,5
transfer_to_competitor_pct_90d,"[7.265e-06, 0.00023908)",-0.08645813261820388,5
transfer_to_competitor_pct_90d,"[0.00023908, 0.00032191)",-0.08645813261820388,5
transfer_to_competitor_pct_90d,"[0.00032191, 0.000396795)",-0.08645813261820388,5
transfer_to_competitor_pct_90d,"[0.000396795, 0.0004487)",-0.08635130095918954,5
transfer_to_competitor_pct_90d,"[0.0004487, 0.000477725)",-0.08635130095918954,5
transfer_to_competitor_pct_90d,"[0.000477725, 0.00050569)",-0.08635130095918954,5
transfer_to_competitor_pct_90d,"[0.00050569, 0.00056321)",-0.08635130095918954,5
transfer_to_competitor_pct_90d,"[0.00056321, 0.00061044)",-0.08633055338411919,5
transfer_to_competitor_pct_90d,"[0.00061044, 0.000654555)",-0.08633055338411919,5
transfer_to_competitor_pct_90d,"[0.000654555, 0.000693145)",-0.08633055338411919,5
transfer_to_competitor_pct_90d,"[0.000693145, 0.00075312)",-0.08633055338411919,5
transfer_to_competitor_pct_90d,"[0.00075312, 0.000789305)",-0.08625199433201511,5
transfer_to_competitor_pct_90d,"[0.000789305, 0.000822905)",-0.08620166402342169,5
transfer_to_competitor_pct_90d,"[0.000822905, 0.000849365)",-0.08620166402342169,5
transfer_to_competitor_pct_90d,"[0.000849365, 0.00088313)",-0.08620166402342169,5
transfer_to_competitor_pct_90d,"[0.00088313, 0.000909705)",-0.08611377043482375,5
transfer_to_competitor_pct_90d,"[0.000909705, 0.000935625)",-0.08611377043482375,5
transfer_to_competitor_pct_90d,"[0.000935625, 0.000966355)",-0.08609782448797583,5
transfer_to_competitor_pct_90d,"[0.000966355, 0.00100271)",-0.08609782448797583,5
transfer_to_competitor_pct_90d,"[0.00100271, 0.00102871)",-0.08604431232436321,5
transfer_to_competitor_pct_90d,"[0.00102871, 0.00105139)",-0.08604431232436321,5
transfer_to_competitor_pct_90d,"[0.00105139, 0.0010812)",-0.08604431232436321,5
transfer_to_competitor_pct_90d,"[0.0010812, 0.00110151)",-0.08600681522277907,5
transfer_to_competitor_pct_90d,"[0.00110151, 0.00113433)",-0.08596537502760353,5
transfer_to_competitor_pct_90d,"[0.00113433, 0.00116847)",-0.08596537502760353,5
transfer_to_competitor_pct_90d,"[0.00116847, 0.00118746)",-0.08587049526040674,5
transfer_to_competitor_pct_90d,"[0.00118746, 0.00121479)",-0.08584008779199467,5
transfer_to_competitor_pct_90d,"[0.00121479, 0.0012312)",-0.08584008779199467,5
transfer_to_competitor_pct_90d,"[0.0012312, 0.00126164)",-0.08584008779199467,5
transfer_to_competitor_pct_90d,"[0.00126164, 0.00127446)",-0.08582531991824856,5
transfer_to_competitor_pct_90d,"[0.00127446, 0.00129337)",-0.08582337283532696,5
transfer_to_competitor_pct_90d,"[0.00129337, 0.00131693)",-0.0857210151888623,5
transfer_to_competitor_pct_90d,"[0.00131693, 0.00134446)",-0.0857210151888623,5
transfer_to_competitor_pct_90d,"[0.00134446, 0.00136247)",-0.0857210151888623,5
transfer_to_competitor_pct_90d,"[0.00136247, 0.00137682)",-0.08563086669859228,5
transfer_to_competitor_pct_90d,"[0.00137682, 0.00138878)",-0.08544610925422441,5
transfer_to_competitor_pct_90d,"[0.00138878, 0.00140166)",-0.08540840759341543,5
transfer_to_competitor_pct_90d,"[0.00140166, 0.00142566)",-0.08540840759341543,5
transfer_to_competitor_pct_90d,"[0.00142566, 0.00145044)",-0.08540840759341543,5
transfer_to_competitor_pct_90d,"[0.00145044, 0.00147307)",-0.08540840759341543,5
transfer_to_competitor_pct_90d,"[0.00147307, 0.00149336)",-0.08540840759341543,5
transfer_to_competitor_pct_90d,"[0.00149336, 0.00151448)",-0.08531586020642506,5
transfer_to_competitor_pct_90d,"[0.00151448, 0.00152728)",-0.08531586020642506,5
transfer_to_competitor_pct_90d,"[0.00152728, 0.00155229)",-0.08531586020642506,5
transfer_to_competitor_pct_90d,"[0.00155229, 0.00158513)",-0.08531586020642506,5
transfer_to_competitor_pct_90d,"[0.00158513, 0.00160947)",-0.08531586020642506,5
transfer_to_competitor_pct_90d,"[0.00160947, 0.0016291)",-0.0852851070254105,5
transfer_to_competitor_pct_90d,"[0.0016291, 0.00164457)",-0.0852851070254105,5
transfer_to_competitor_pct_90d,"[0.00164457, 0.00165589)",-0.0852009589500203,5
transfer_to_competitor_pct_90d,"[0.00165589, 0.0016669)",-0.08518441877778635,5
transfer_to_competitor_pct_90d,"[0.0016669, 0.00167981)",-0.08513893870114515,5
transfer_to_competitor_pct_90d,"[0.00167981, 0.00169693)",-0.08508487218846095,5
transfer_to_competitor_pct_90d,"[0.00169693, 0.00171585)",-0.08508487218846095,5
transfer_to_competitor_pct_90d,"[0.00171585, 0.00173068)",-0.08508487218846095,5
transfer_to_competitor_pct_90d,"[0.00173068, 0.00175107)",-0.08508487218846095,5
transfer_to_competitor_pct_90d,"[0.00175107, 0.00177737)",-0.0850320889710729,5
transfer_to_competitor_pct_90d,"[0.00177737, 0.00179305)",-0.0849709064072257,5
transfer_to_competitor_pct_90d,"[0.00179305, 0.00181445)",-0.0849709064072257,5
transfer_to_competitor_pct_90d,"[0.00181445, 0.00183625)",-0.0849695200698634,5
transfer_to_competitor_pct_90d,"[0.00183625, 0.0018565)",-0.08479719007220075,5
transfer_to_competitor_pct_90d,"[0.0018565, 0.00187174)",-0.08479719007220075,5
transfer_to_competitor_pct_90d,"[0.00187174, 0.00187975)",-0.08477632509315523,5
transfer_to_competitor_pct_90d,"[0.00187975, 0.00190124)",-0.08477632509315523,5
transfer_to_competitor_pct_90d,"[0.00190124, 0.00191711)",-0.08475235458220333,5
transfer_to_competitor_pct_90d,"[0.00191711, 0.00193534)",-0.08475235458220333,5
transfer_to_competitor_pct_90d,"[0.00193534, 0.00195757)",-0.08465812501921434,5
transfer_to_competitor_pct_90d,"[0.00195757, 0.00197891)",-0.08456865312223681,5
transfer_to_competitor_pct_90d,"[0.00197891, 0.0020032)",-0.08448591780331449,5
transfer_to_competitor_pct_90d,"[0.0020032, 0.00202583)",-0.08448591780331449,5
transfer_to_competitor_pct_90d,"[0.00202583, 0.00203882)",-0.08448591780331449,5
transfer_to_competitor_pct_90d,"[0.00203882, 0.00205738)",-0.08424644667826264,5
transfer_to_competitor_pct_90d,"[0.00205738, 0.00208342)",-0.08423473328087602,5
transfer_to_competitor_pct_90d,"[0.00208342, 0.00209421)",-0.08423473328087602,5
transfer_to_competitor_pct_90d,"[0.00209421, 0.00210524)",-0.08423473328087602,5
transfer_to_competitor_pct_90d,"[0.00210524, 0.00212969)",-0.08408355234039536,5
transfer_to_competitor_pct_90d,"[0.00212969, 0.00214759)",-0.0840176045054794,5
transfer_to_competitor_pct_90d,"[0.00214759, 0.00216634)",-0.0840176045054794,5
transfer_to_competitor_pct_90d,"[0.00216634, 0.00218518)",-0.0840176045054794,5
transfer_to_competitor_pct_90d,"[0.00218518, 0.00220156)",-0.0840176045054794,5
transfer_to_competitor_pct_90d,"[0.00220156, 0.00222738)",-0.08387952405335874,5
transfer_to_competitor_pct_90d,"[0.00222738, 0.00223929)",-0.08379686825708142,5
transfer_to_competitor_pct_90d,"[0.00223929, 0.00225262)",-0.08379686825708142,5
transfer_to_competitor_pct_90d,"[0.00225262, 0.00226405)",-0.08373010886748045,5
transfer_to_competitor_pct_90d,"[0.00226405, 0.00227719)",-0.08373010886748045,5
transfer_to_competitor_pct_90d,"[0.00227719, 0.00229798)",-0.08336976634674372,5
transfer_to_competitor_pct_90d,"[0.00229798, 0.00230382)",-0.08323535519085609,5
transfer_to_competitor_pct_90d,"[0.00230382, 0.00231915)",-0.08323535519085609,5
transfer_to_competitor_pct_90d,"[0.00231915, 0.00233498)",-0.08323535519085609,5
transfer_to_competitor_pct_90d,"[0.00233498, 0.00235007)",-0.0831034755870697,5
transfer_to_competitor_pct_90d,"[0.00235007, 0.00237118)",-0.0831034755870697,5
transfer_to_competitor_pct_90d,"[0.00237118, 0.0023936)",-0.08309536823795316,5
transfer_to_competitor_pct_90d,"[0.0023936, 0.00241749)",-0.08306176223155974,5
transfer_to_competitor_pct_90d,"[0.00241749, 0.00242624)",-0.08304325276764846,5
transfer_to_competitor_pct_90d,"[0.00242624, 0.00244207)",-0.08304325276764846,5
transfer_to_competitor_pct_90d,"[0.00244207, 0.00245619)",-0.08274544627607401,5
transfer_to_competitor_pct_90d,"[0.00245619, 0.00246562)",-0.08269420511311724,5
transfer_to_competitor_pct_90d,"[0.00246562, 0.00247559)",-0.08257534079766103,5
transfer_to_competitor_pct_90d,"[0.00247559, 0.00249658)",-0.08256172272355009,5
transfer_to_competitor_pct_90d,"[0.00249658, 0.00251244)",-0.08251709624286908,5
transfer_to_competitor_pct_90d,"[0.00251244, 0.00253192)",-0.08234432097159815,5
transfer_to_competitor_pct_90d,"[0.00253192, 0.00254719)",-0.08233842899087217,5
transfer_to_competitor_pct_90d,"[0.00254719, 0.00257026)",-0.08233842899087217,5
transfer_to_competitor_pct_90d,"[0.00257026, 0.00258177)",-0.08233842899087217,5
transfer_to_competitor_pct_90d,"[0.00258177, 0.00260108)",-0.08233442170209755,5
transfer_to_competitor_pct_90d,"[0.00260108, 0.00261806)",-0.08233442170209755,5
transfer_to_competitor_pct_90d,"[0.00261806, 0.00263013)",-0.08232031138029018,5
transfer_to_competitor_pct_90d,"[0.00263013, 0.00264254)",-0.08232031138029018,5
transfer_to_competitor_pct_90d,"[0.00264254, 0.00265617)",-0.08215356434286396,5
transfer_to_competitor_pct_90d,"[0.00265617, 0.00267434)",-0.08215356434286396,5
transfer_to_competitor_pct_90d,"[0.00267434, 0.00268261)",-0.08215356434286396,5
transfer_to_competitor_pct_90d,"[0.00268261, 0.00269509)",-0.08213188579953243,5
transfer_to_competitor_pct_90d,"[0.00269509, 0.00270601)",-0.08207359305859938,5
transfer_to_competitor_pct_90d,"[0.00270601, 0.00271607)",-0.08207359305859938,5
transfer_to_competitor_pct_90d,"[0.00271607, 0.00273661)",-0.08207359305859938,5
transfer_to_competitor_pct_90d,"[0.00273661, 0.00274504)",-0.08207359305859938,5
transfer_to_competitor_pct_90d,"[0.00274504, 0.00275725)",-0.08196824501480855,5
transfer_to_competitor_pct_90d,"[0.00275725, 0.00276571)",-0.08196824501480855,5
transfer_to_competitor_pct_90d,"[0.00276571, 0.00277769)",-0.08194182934083985,5
transfer_to_competitor_pct_90d,"[0.00277769, 0.00279506)",-0.08194182934083985,5
transfer_to_competitor_pct_90d,"[0.00279506, 0.00281314)",-0.08194182934083985,5
transfer_to_competitor_pct_90d,"[0.00281314, 0.00283396)",-0.08181289907804937,5
transfer_to_competitor_pct_90d,"[0.00283396, 0.00284853)",-0.08181289907804937,5
transfer_to_competitor_pct_90d,"[0.00284853, 0.00285707)",-0.0817896785779714,5
transfer_to_competitor_pct_90d,"[0.00285707, 0.00287417)",-0.08175404007170559,5
transfer_to_competitor_pct_90d,"[0.00287417, 0.0028941)",-0.08164248133496108,5
transfer_to_competitor_pct_90d,"[0.0028941, 0.00290761)",-0.08164248133496108,5
transfer_to_competitor_pct_90d,"[0.00290761, 0.00292511)",-0.08162368148256474,5
transfer_to_competitor_pct_90d,"[0.00292511, 0.00293868)",-0.08160967662058324,5
transfer_to_competitor_pct_90d,"[0.00293868, 0.0029551)",-0.08160967662058324,5
transfer_to_competitor_pct_90d,"[0.0029551, 0.00296807)",-0.08160967662058324,5
transfer_to_competitor_pct_90d,"[0.00296807, 0.00298957)",-0.0814649807112198,5
transfer_to_competitor_pct_90d,"[0.00298957, 0.00300283)",-0.0814649807112198,5
transfer_to_competitor_pct_90d,"[0.00300283, 0.0030244)",-0.08141901701598618,5
transfer_to_competitor_pct_90d,"[0.0030244, 0.00303441)",-0.08141901701598618,5
transfer_to_competitor_pct_90d,"[0.00303441, 0.00304816)",-0.08127555497925952,5
transfer_to_competitor_pct_90d,"[0.00304816, 0.00306591)",-0.08120296690780505,5
transfer_to_competitor_pct_90d,"[0.00306591, 0.00309298)",-0.08120296690780505,5
transfer_to_competitor_pct_90d,"[0.00309298, 0.00310777)",-0.08115900429409223,5
transfer_to_competitor_pct_90d,"[0.00310777, 0.00311831)",-0.08115900429409223,5
transfer_to_competitor_pct_90d,"[0.00311831, 0.00314093)",-0.08115900429409223,5
transfer_to_competitor_pct_90d,"[0.00314093, 0.0031578)",-0.08104683450520708,5
transfer_to_competitor_pct_90d,"[0.0031578, 0.00317465)",-0.08104683450520708,5
transfer_to_competitor_pct_90d,"[0.00317465, 0.00319144)",-0.0808986370262233,5
transfer_to_competitor_pct_90d,"[0.00319144, 0.0032167)",-0.0808986370262233,5
transfer_to_competitor_pct_90d,"[0.0032167, 0.00323421)",-0.0808986370262233,5
transfer_to_competitor_pct_90d,"[0.00323421, 0.00324188)",-0.08079818614523199,5
transfer_to_competitor_pct_90d,"[0.00324188, 0.00325133)",-0.08079818614523199,5
transfer_to_competitor_pct_90d,"[0.00325133, 0.00326596)",-0.08079818614523199,5
transfer_to_competitor_pct_90d,"[0.00326596, 0.00328397)",-0.0807486165994178,5
transfer_to_competitor_pct_90d,"[0.00328397, 0.00328904)",-0.0807486165994178,5
transfer_to_competitor_pct_90d,"[0.00328904, 0.00330649)",-0.0807486165994178,5
transfer_to_competitor_pct_90d,"[0.00330649, 0.00332212)",-0.0807486165994178,5
transfer_to_competitor_pct_90d,"[0.00332212, 0.00333654)",-0.08069746543921087,5
transfer_to_competitor_pct_90d,"[0.00333654, 0.0033474)",-0.08069746543921087,5
transfer_to_competitor_pct_90d,"[0.0033474, 0.00336724)",-0.08057922607604319,5
transfer_to_competitor_pct_90d,"[0.00336724, 0.00338417)",-0.08049457951327474,5
transfer_to_competitor_pct_90d,"[0.00338417, 0.00339292)",-0.08039424181175449,5
transfer_to_competitor_pct_90d,"[0.00339292, 0.00340804)",-0.08036858063302274,5
transfer_to_competitor_pct_90d,"[0.00340804, 0.00342092)",-0.08036858063302274,5
transfer_to_competitor_pct_90d,"[0.00342092, 0.00343303)",-0.08036185032098084,5
transfer_to_competitor_pct_90d,"[0.00343303, 0.00345248)",-0.08030182066302473,5
transfer_to_competitor_pct_90d,"[0.00345248, 0.00346898)",-0.080158833109775,5
transfer_to_competitor_pct_90d,"[0.00346898, 0.00348395)",-0.080158833109775,5
transfer_to_competitor_pct_90d,"[0.00348395, 0.00349512)",-0.0800442148385167,5
transfer_to_competitor_pct_90d,"[0.00349512, 0.00350691)",-0.08003139350848844,5
transfer_to_competitor_pct_90d,"[0.00350691, 0.00352277)",-0.08003139350848844,5
transfer_to_competitor_pct_90d,"[0.00352277, 0.00353833)",-0.07982256015624718,5
transfer_to_competitor_pct_90d,"[0.00353833, 0.00355439)",-0.07968415970082682,5
transfer_to_competitor_pct_90d,"[0.00355439, 0.00357383)",-0.07968415970082682,5
transfer_to_competitor_pct_90d,"[0.00357383, 0.00359064)",-0.07967871609905341,5
transfer_to_competitor_pct_90d,"[0.00359064, 0.00360461)",-0.07967871609905341,5
transfer_to_competitor_pct_90d,"[0.00360461, 0.00361548)",-0.07967871609905341,5
transfer_to_competitor_pct_90d,"[0.00361548, 0.00362979)",-0.07952966647035736,5
transfer_to_competitor_pct_90d,"[0.00362979, 0.00364226)",-0.07949371902460041,5
transfer_to_competitor_pct_90d,"[0.00364226, 0.00365368)",-0.07948840841865273,5
transfer_to_competitor_pct_90d,"[0.00365368, 0.00366423)",-0.07948684449498328,5
transfer_to_competitor_pct_90d,"[0.00366423, 0.00368108)",-0.07948684449498328,5
transfer_to_competitor_pct_90d,"[0.00368108, 0.00369879)",-0.07948684449498328,5
transfer_to_competitor_pct_90d,"[0.00369879, 0.00371287)",-0.07948032159228424,5
transfer_to_competitor_pct_90d,"[0.00371287, 0.00373458)",-0.07941184720507992,5
transfer_to_competitor_pct_90d,"[0.00373458, 0.00374489)",-0.07917226054425239,5
transfer_to_competitor_pct_90d,"[0.00374489, 0.00376005)",-0.07917226054425239,5
transfer_to_competitor_pct_90d,"[0.00376005, 0.00377074)",-0.07908629658698615,5
transfer_to_competitor_pct_90d,"[0.00377074, 0.003781)",-0.07908629658698615,5
transfer_to_competitor_pct_90d,"[0.003781, 0.00379597)",-0.07908629658698615,5
transfer_to_competitor_pct_90d,"[0.00379597, 0.00380716)",-0.07870510404817721,5
transfer_to_competitor_pct_90d,"[0.00380716, 0.00382839)",-0.07831396923913246,5
transfer_to_competitor_pct_90d,"[0.00382839, 0.00384477)",-0.07831396923913246,5
transfer_to_competitor_pct_90d,"[0.00384477, 0.0038588)",-0.07831396923913246,5
transfer_to_competitor_pct_90d,"[0.0038588, 0.00387185)",-0.07831396923913246,5
transfer_to_competitor_pct_90d,"[0.00387185, 0.00388661)",-0.07804170245643338,5
transfer_to_competitor_pct_90d,"[0.00388661, 0.00390252)",-0.07787373300680578,5
transfer_to_competitor_pct_90d,"[0.00390252, 0.00391949)",-0.07784760359541734,5
transfer_to_competitor_pct_90d,"[0.00391949, 0.00393785)",-0.07784760359541734,5
transfer_to_competitor_pct_90d,"[0.00393785, 0.00395495)",-0.07784760359541734,5
transfer_to_competitor_pct_90d,"[0.00395495, 0.00396545)",-0.07781792001149183,5
transfer_to_competitor_pct_90d,"[0.00396545, 0.00397841)",-0.07781792001149183,5
transfer_to_competitor_pct_90d,"[0.00397841, 0.0039909)",-0.0777092975444909,5
transfer_to_competitor_pct_90d,"[0.0039909, 0.00400851)",-0.07765480718336792,5
transfer_to_competitor_pct_90d,"[0.00400851, 0.0040209)",-0.07733513021165184,5
transfer_to_competitor_pct_90d,"[0.0040209, 0.00403156)",-0.07733513021165184,5
transfer_to_competitor_pct_90d,"[0.00403156, 0.00404544)",-0.07716762108474523,5
transfer_to_competitor_pct_90d,"[0.00404544, 0.00405216)",-0.07716762108474523,5
transfer_to_competitor_pct_90d,"[0.00405216, 0.00406098)",-0.07682601141320525,5
transfer_to_competitor_pct_90d,"[0.00406098, 0.00407605)",-0.07682601141320525,5
transfer_to_competitor_pct_90d,"[0.00407605, 0.0040853)",-0.07644289654114798,5
transfer_to_competitor_pct_90d,"[0.0040853, 0.00409268)",-0.07622030332471491,5
transfer_to_competitor_pct_90d,"[0.00409268, 0.00410228)",-0.07622030332471491,5
transfer_to_competitor_pct_90d,"[0.00410228, 0.00412039)",-0.0758811395066478,5
transfer_to_competitor_pct_90d,"[0.00412039, 0.00414089)",-0.07563127577227308,4
transfer_to_competitor_pct_90d,"[0.00414089, 0.00416212)",-0.07539449654746819,4
transfer_to_competitor_pct_90d,"[0.00416212, 0.00417666)",-0.07534190677358032,4
transfer_to_competitor_pct_90d,"[0.00417666, 0.00419406)",-0.07519278530182943,4
transfer_to_competitor_pct_90d,"[0.00419406, 0.00420918)",-0.07519278530182943,4
transfer_to_competitor_pct_90d,"[0.00420918, 0.00422154)",-0.07502023074007418,4
transfer_to_competitor_pct_90d,"[0.00422154, 0.00423829)",-0.07502023074007418,4
transfer_to_competitor_pct_90d,"[0.00423829, 0.00424712)",-0.07472990083747139,4
transfer_to_competitor_pct_90d,"[0.00424712, 0.00426181)",-0.07459443980461615,4
transfer_to_competitor_pct_90d,"[0.00426181, 0.00427566)",-0.07452327267601572,4
transfer_to_competitor_pct_90d,"[0.00427566, 0.00429317)",-0.07432123242840787,4
transfer_to_competitor_pct_90d,"[0.00429317, 0.00431669)",-0.07432123242840787,4
transfer_to_competitor_pct_90d,"[0.00431669, 0.00432957)",-0.07415031212797363,4
transfer_to_competitor_pct_90d,"[0.00432957, 0.00433656)",-0.07415031212797363,4
transfer_to_competitor_pct_90d,"[0.00433656, 0.00435326)",-0.07415031212797363,4
transfer_to_competitor_pct_90d,"[0.00435326, 0.00436543)",-0.07415031212797363,4
transfer_to_competitor_pct_90d,"[0.00436543, 0.00437965)",-0.07415031212797363,4
transfer_to_competitor_pct_90d,"[0.00437965, 0.00439612)",-0.07415031212797363,4
transfer_to_competitor_pct_90d,"[0.00439612, 0.00440966)",-0.07406114450781211,4
transfer_to_competitor_pct_90d,"[0.00440966, 0.0044194)",-0.07401808197557577,4
transfer_to_competitor_pct_90d,"[0.0044194, 0.00443627)",-0.07351515303788395,4
transfer_to_competitor_pct_90d,"[0.00443627, 0.00444909)",-0.07351515303788395,4
transfer_to_competitor_pct_90d,"[0.00444909, 0.00446684)",-0.07351515303788395,4
transfer_to_competitor_pct_90d,"[0.00446684, 0.00447566)",-0.07334932484662991,4
transfer_to_competitor_pct_90d,"[0.00447566, 0.00448572)",-0.07334932484662991,4
transfer_to_competitor_pct_90d,"[0.00448572, 0.00449851)",-0.07328350317047429,4
transfer_to_competitor_pct_90d,"[0.00449851, 0.00451119)",-0.07301494350763688,4
transfer_to_competitor_pct_90d,"[0.00451119, 0.00452465)",-0.07281374035814998,4
transfer_to_competitor_pct_90d,"[0.00452465, 0.00453555)",-0.07281374035814998,4
transfer_to_competitor_pct_90d,"[0.00453555, 0.00454539)",-0.07281374035814998,4
transfer_to_competitor_pct_90d,"[0.00454539, 0.00456208)",-0.07250706865584568,4
transfer_to_competitor_pct_90d,"[0.00456208, 0.00457407)",-0.07240532230182352,4
transfer_to_competitor_pct_90d,"[0.00457407, 0.00459138)",-0.07240532230182352,4
transfer_to_competitor_pct_90d,"[0.00459138, 0.00461199)",-0.07240532230182352,4
transfer_to_competitor_pct_90d,"[0.00461199, 0.00463196)",-0.07225087563957829,4
transfer_to_competitor_pct_90d,"[0.00463196, 0.0046443)",-0.07218246785812842,4
transfer_to_competitor_pct_90d,"[0.0046443, 0.00465987)",-0.0719151520848057,4
transfer_to_competitor_pct_90d,"[0.00465987, 0.00466901)",-0.07168401578469046,4
transfer_to_competitor_pct_90d,"[0.00466901, 0.00468511)",-0.07148577903852153,4
transfer_to_competitor_pct_90d,"[0.00468511, 0.00469558)",-0.07124727424918857,4
transfer_to_competitor_pct_90d,"[0.00469558, 0.00470527)",-0.07124727424918857,4
transfer_to_competitor_pct_90d,"[0.00470527, 0.00471401)",-0.0710558794519069,4
transfer_to_competitor_pct_90d,"[0.00471401, 0.004726)",-0.0710558794519069,4
transfer_to_competitor_pct_90d,"[0.004726, 0.00474415)",-0.07056964959421566,4
transfer_to_competitor_pct_90d,"[0.00474415, 0.00476182)",-0.07056964959421566,4
transfer_to_competitor_pct_90d,"[0.00476182, 0.00478153)",-0.07056964959421566,4
transfer_to_competitor_pct_90d,"[0.00478153, 0.00479755)",-0.07007785028811887,4
transfer_to_competitor_pct_90d,"[0.00479755, 0.00480459)",-0.07007785028811887,4
transfer_to_competitor_pct_90d,"[0.00480459, 0.00481472)",-0.06963152277797735,4
transfer_to_competitor_pct_90d,"[0.00481472, 0.00482198)",-0.06963152277797735,4
transfer_to_competitor_pct_90d,"[0.00482198, 0.00483402)",-0.06963152277797735,4
transfer_to_competitor_pct_90d,"[0.00483402, 0.00484992)",-0.06963152277797735,4
transfer_to_competitor_pct_90d,"[0.00484992, 0.00487443)",-0.06936804242971027,4
transfer_to_competitor_pct_90d,"[0.00487443, 0.00489185)",-0.06913954144706107,4
transfer_to_competitor_pct_90d,"[0.00489185, 0.00490345)",-0.06913954144706107,4
transfer_to_competitor_pct_90d,"[0.00490345, 0.00491311)",-0.06913954144706107,4
transfer_to_competitor_pct_90d,"[0.00491311, 0.00492005)",-0.06913954144706107,4
transfer_to_competitor_pct_90d,"[0.00492005, 0.00493219)",-0.06913954144706107,4
transfer_to_competitor_pct_90d,"[0.00493219, 0.00494251)",-0.06913954144706107,4
transfer_to_competitor_pct_90d,"[0.00494251, 0.00495786)",-0.06906984373330251,4
transfer_to_competitor_pct_90d,"[0.00495786, 0.00497036)",-0.06906984373330251,4
transfer_to_competitor_pct_90d,"[0.00497036, 0.00499349)",-0.06881029885999224,4
transfer_to_competitor_pct_90d,"[0.00499349, 0.0050142)",-0.06868742693020848,4
transfer_to_competitor_pct_90d,"[0.0050142, 0.00502844)",-0.06868742693020848,4
transfer_to_competitor_pct_90d,"[0.00502844, 0.00504526)",-0.06868742693020848,4
transfer_to_competitor_pct_90d,"[0.00504526, 0.00506068)",-0.06868742693020848,4
transfer_to_competitor_pct_90d,"[0.00506068, 0.00507389)",-0.06868742693020848,4
transfer_to_competitor_pct_90d,"[0.00507389, 0.00508919)",-0.06868742693020848,4
transfer_to_competitor_pct_90d,"[0.00508919, 0.00510572)",-0.06868742693020848,4
transfer_to_competitor_pct_90d,"[0.00510572, 0.00512354)",-0.06868742693020848,4
transfer_to_competitor_pct_90d,"[0.00512354, 0.00513542)",-0.06822264121100458,4
transfer_to_competitor_pct_90d,"[0.00513542, 0.00514701)",-0.06818614256852096,4
transfer_to_competitor_pct_90d,"[0.00514701, 0.00517947)",-0.06810385614004634,4
transfer_to_competitor_pct_90d,"[0.00517947, 0.00519966)",-0.06809147119489224,4
transfer_to_competitor_pct_90d,"[0.00519966, 0.00521186)",-0.06809147119489224,4
transfer_to_competitor_pct_90d,"[0.00521186, 0.00522616)",-0.06795611623471572,4
transfer_to_competitor_pct_90d,"[0.00522616, 0.00523955)",-0.06795611623471572,4
transfer_to_competitor_pct_90d,"[0.00523955, 0.00525519)",-0.06795611623471572,4
transfer_to_competitor_pct_90d,"[0.00525519, 0.0052778)",-0.0679082172432214,4
transfer_to_competitor_pct_90d,"[0.0052778, 0.00529181)",-0.06780918256426868,4
transfer_to_competitor_pct_90d,"[0.00529181, 0.0053129)",-0.06780918256426868,4
transfer_to_competitor_pct_90d,"[0.0053129, 0.00532004)",-0.06767663843435592,4
transfer_to_competitor_pct_90d,"[0.00532004, 0.0053311)",-0.06767663843435592,4
transfer_to_competitor_pct_90d,"[0.0053311, 0.00534754)",-0.06741631096536818,4
transfer_to_competitor_pct_90d,"[0.00534754, 0.0053613)",-0.06710969290553133,4
transfer_to_competitor_pct_90d,"[0.0053613, 0.00537329)",-0.06710969290553133,4
transfer_to_competitor_pct_90d,"[0.00537329, 0.00538195)",-0.06694016200270203,4
transfer_to_competitor_pct_90d,"[0.00538195, 0.00539932)",-0.06669339437354713,4
transfer_to_competitor_pct_90d,"[0.00539932, 0.00541838)",-0.06669339437354713,4
transfer_to_competitor_pct_90d,"[0.00541838, 0.00542336)",-0.06669339437354713,4
transfer_to_competitor_pct_90d,"[0.00542336, 0.00543914)",-0.06669339437354713,4
transfer_to_competitor_pct_90d,"[0.00543914, 0.00545008)",-0.0666608042470365,4
transfer_to_competitor_pct_90d,"[0.00545008, 0.00545774)",-0.0666608042470365,4
transfer_to_competitor_pct_90d,"[0.00545774, 0.00546658)",-0.0666608042470365,4
transfer_to_competitor_pct_90d,"[0.00546658, 0.00548493)",-0.06651605131992788,4
transfer_to_competitor_pct_90d,"[0.00548493, 0.00549143)",-0.06651605131992788,4
transfer_to_competitor_pct_90d,"[0.00549143, 0.00550458)",-0.06651256549527396,4
transfer_to_competitor_pct_90d,"[0.00550458, 0.00552493)",-0.06651256549527396,4
transfer_to_competitor_pct_90d,"[0.00552493, 0.00553814)",-0.06651256549527396,4
transfer_to_competitor_pct_90d,"[0.00553814, 0.00555072)",-0.06629643424018215,4
transfer_to_competitor_pct_90d,"[0.00555072, 0.00556586)",-0.06629643424018215,4
transfer_to_competitor_pct_90d,"[0.00556586, 0.0055784)",-0.06618976485211163,4
transfer_to_competitor_pct_90d,"[0.0055784, 0.00559025)",-0.06615518912377007,4
transfer_to_competitor_pct_90d,"[0.00559025, 0.00559669)",-0.06604519574542049,4
transfer_to_competitor_pct_90d,"[0.00559669, 0.00560494)",-0.06604519574542049,4
transfer_to_competitor_pct_90d,"[0.00560494, 0.00561346)",-0.0659117268434236,4
transfer_to_competitor_pct_90d,"[0.00561346, 0.00562625)",-0.06572105502854779,4
transfer_to_competitor_pct_90d,"[0.00562625, 0.0056439)",-0.0656632322170651,4
transfer_to_competitor_pct_90d,"[0.0056439, 0.00565862)",-0.06549062604876493,4
transfer_to_competitor_pct_90d,"[0.00565862, 0.00567349)",-0.06528749476107207,4
transfer_to_competitor_pct_90d,"[0.00567349, 0.00569115)",-0.06528749476107207,4
transfer_to_competitor_pct_90d,"[0.00569115, 0.00569604)",-0.06524325151311831,4
transfer_to_competitor_pct_90d,"[0.00569604, 0.0057052)",-0.06524325151311831,4
transfer_to_competitor_pct_90d,"[0.0057052, 0.00572147)",-0.06524325151311831,4
transfer_to_competitor_pct_90d,"[0.00572147, 0.00573657)",-0.06519039019956416,4
transfer_to_competitor_pct_90d,"[0.00573657, 0.00574787)",-0.06519039019956416,4
transfer_to_competitor_pct_90d,"[0.00574787, 0.00576252)",-0.06472197689270763,4
transfer_to_competitor_pct_90d,"[0.00576252, 0.00578036)",-0.06472197689270763,4
transfer_to_competitor_pct_90d,"[0.00578036, 0.00579051)",-0.06470217885117042,4
transfer_to_competitor_pct_90d,"[0.00579051, 0.00579975)",-0.06470217885117042,4
transfer_to_competitor_pct_90d,"[0.00579975, 0.00581844)",-0.06445064453812564,4
transfer_to_competitor_pct_90d,"[0.00581844, 0.0058287)",-0.06445064453812564,4
transfer_to_competitor_pct_90d,"[0.0058287, 0.00584453)",-0.06445064453812564,4
transfer_to_competitor_pct_90d,"[0.00584453, 0.00586047)",-0.06399713846695887,4
transfer_to_competitor_pct_90d,"[0.00586047, 0.00587032)",-0.06394137558332029,4
transfer_to_competitor_pct_90d,"[0.00587032, 0.00588411)",-0.06394137558332029,4
transfer_to_competitor_pct_90d,"[0.00588411, 0.00589751)",-0.06388231214368692,4
transfer_to_competitor_pct_90d,"[0.00589751, 0.00591138)",-0.0638029726854699,4
transfer_to_competitor_pct_90d,"[0.00591138, 0.00592747)",-0.06371488080767905,4
transfer_to_competitor_pct_90d,"[0.00592747, 0.00594731)",-0.06365831096076043,4
transfer_to_competitor_pct_90d,"[0.00594731, 0.00596302)",-0.06357623340017696,4
transfer_to_competitor_pct_90d,"[0.00596302, 0.00597987)",-0.0627676731704437,4
transfer_to_competitor_pct_90d,"[0.00597987, 0.00600145)",-0.06254206665583122,4
transfer_to_competitor_pct_90d,"[0.00600145, 0.00602006)",-0.06235769158170497,4
transfer_to_competitor_pct_90d,"[0.00602006, 0.00603712)",-0.0620895709069181,4
transfer_to_competitor_pct_90d,"[0.00603712, 0.00604853)",-0.06196292337554429,4
transfer_to_competitor_pct_90d,"[0.00604853, 0.00605729)",-0.06196292337554429,4
transfer_to_competitor_pct_90d,"[0.00605729, 0.00607611)",-0.0616750466732295,4
transfer_to_competitor_pct_90d,"[0.00607611, 0.00608283)",-0.06153110713863804,4
transfer_to_competitor_pct_90d,"[0.00608283, 0.0060964)",-0.06153110713863804,4
transfer_to_competitor_pct_90d,"[0.0060964, 0.0061054)",-0.061403516363738524,4
transfer_to_competitor_pct_90d,"[0.0061054, 0.00612012)",-0.061403516363738524,4
transfer_to_competitor_pct_90d,"[0.00612012, 0.00614003)",-0.06089056958535696,4
transfer_to_competitor_pct_90d,"[0.00614003, 0.00615544)",-0.06073118268429376,4
transfer_to_competitor_pct_90d,"[0.00615544, 0.00617287)",-0.0606951352940601,4
transfer_to_competitor_pct_90d,"[0.00617287, 0.0061929)",-0.0606951352940601,4
transfer_to_competitor_pct_90d,"[0.0061929, 0.00621793)",-0.0604834026621894,4
transfer_to_competitor_pct_90d,"[0.00621793, 0.00623521)",-0.0604834026621894,4
transfer_to_competitor_pct_90d,"[0.00623521, 0.0062528)",-0.06046561712638307,4
transfer_to_competitor_pct_90d,"[0.0062528, 0.00627376)",-0.0603233938745234,4
transfer_to_competitor_pct_90d,"[0.00627376, 0.00628576)",-0.060146511976294406,4
transfer_to_competitor_pct_90d,"[0.00628576, 0.00630374)",-0.06013385506305075,4
transfer_to_competitor_pct_90d,"[0.00630374, 0.00631315)",-0.06013385506305075,4
transfer_to_competitor_pct_90d,"[0.00631315, 0.00632334)",-0.06013385506305075,4
transfer_to_competitor_pct_90d,"[0.00632334, 0.00633969)",-0.06013385506305075,4
transfer_to_competitor_pct_90d,"[0.00633969, 0.00636763)",-0.05992011105261701,4
transfer_to_competitor_pct_90d,"[0.00636763, 0.00637961)",-0.05949024251651203,4
transfer_to_competitor_pct_90d,"[0.00637961, 0.00639198)",-0.05949024251651203,4
transfer_to_competitor_pct_90d,"[0.00639198, 0.00641676)",-0.05930013242926077,4
transfer_to_competitor_pct_90d,"[0.00641676, 0.00643201)",-0.05930013242926077,4
transfer_to_competitor_pct_90d,"[0.00643201, 0.00644538)",-0.05930013242926077,4
transfer_to_competitor_pct_90d,"[0.00644538, 0.0064583)",-0.05900093921357187,4
transfer_to_competitor_pct_90d,"[0.0064583, 0.00647419)",-0.05900093921357187,4
transfer_to_competitor_pct_90d,"[0.00647419, 0.00648244)",-0.05874992437724891,3
transfer_to_competitor_pct_90d,"[0.00648244, 0.00649573)",-0.05866414087559307,3
transfer_to_competitor_pct_90d,"[0.00649573, 0.00651713)",-0.058285799073037534,3
transfer_to_competitor_pct_90d,"[0.00651713, 0.00653024)",-0.058197982007676494,3
transfer_to_competitor_pct_90d,"[0.00653024, 0.00653765)",-0.05800260634475059,3
transfer_to_competitor_pct_90d,"[0.00653765, 0.00655099)",-0.05800260634475059,3
transfer_to_competitor_pct_90d,"[0.00655099, 0.00656626)",-0.05784280992625206,3
transfer_to_competitor_pct_90d,"[0.00656626, 0.00658093)",-0.05769756141004229,3
transfer_to_competitor_pct_90d,"[0.00658093, 0.00659405)",-0.05769756141004229,3
transfer_to_competitor_pct_90d,"[0.00659405, 0.00661242)",-0.0574606514864351,3
transfer_to_competitor_pct_90d,"[0.00661242, 0.00662845)",-0.05733693245974748,3
transfer_to_competitor_pct_90d,"[0.00662845, 0.00663848)",-0.056882175901105385,3
transfer_to_competitor_pct_90d,"[0.00663848, 0.00664732)",-0.05683172375778386,3
transfer_to_competitor_pct_90d,"[0.00664732, 0.00665687)",-0.05678567817400216,3
transfer_to_competitor_pct_90d,"[0.00665687, 0.00666583)",-0.05678567817400216,3
transfer_to_competitor_pct_90d,"[0.00666583, 0.00668018)",-0.05646721341230176,3
transfer_to_competitor_pct_90d,"[0.00668018, 0.00669815)",-0.05646721341230176,3
transfer_to_competitor_pct_90d,"[0.00669815, 0.00671579)",-0.056438238151474925,3
transfer_to_competitor_pct_90d,"[0.00671579, 0.00674802)",-0.056438238151474925,3
transfer_to_competitor_pct_90d,"[0.00674802, 0.00676309)",-0.056133515515774515,3
transfer_to_competitor_pct_90d,"[0.00676309, 0.00678113)",-0.05601305264560484,3
transfer_to_competitor_pct_90d,"[0.00678113, 0.00679369)",-0.05601134527225861,3
transfer_to_competitor_pct_90d,"[0.00679369, 0.00680417)",-0.05588033902980617,3
transfer_to_competitor_pct_90d,"[0.00680417, 0.00681896)",-0.05564088870987089,3
transfer_to_competitor_pct_90d,"[0.00681896, 0.00682733)",-0.055534892496711966,3
transfer_to_competitor_pct_90d,"[0.00682733, 0.00685026)",-0.05522654302019557,3
transfer_to_competitor_pct_90d,"[0.00685026, 0.00686858)",-0.05522654302019557,3
transfer_to_competitor_pct_90d,"[0.00686858, 0.00688011)",-0.05486437598584367,3
transfer_to_competitor_pct_90d,"[0.00688011, 0.00689844)",-0.05486437598584367,3
transfer_to_competitor_pct_90d,"[0.00689844, 0.00692247)",-0.05486437598584367,3
transfer_to_competitor_pct_90d,"[0.00692247, 0.00693185)",-0.05463416767983894,3
transfer_to_competitor_pct_90d,"[0.00693185, 0.00695358)",-0.054580993003989456,3
transfer_to_competitor_pct_90d,"[0.00695358, 0.00696375)",-0.05445474354330258,3
transfer_to_competitor_pct_90d,"[0.00696375, 0.00698311)",-0.05445474354330258,3
transfer_to_competitor_pct_90d,"[0.00698311, 0.00700058)",-0.05445474354330258,3
transfer_to_competitor_pct_90d,"[0.00700058, 0.00701594)",-0.05423257693695531,3
transfer_to_competitor_pct_90d,"[0.00701594, 0.00702489)",-0.05423257693695531,3
transfer_to_competitor_pct_90d,"[0.00702489, 0.00703674)",-0.054157335800117536,3
transfer_to_competitor_pct_90d,"[0.00703674, 0.00705868)",-0.054157335800117536,3
transfer_to_competitor_pct_90d,"[0.00705868, 0.00707349)",-0.05401294108994188,3
transfer_to_competitor_pct_90d,"[0.00707349, 0.00709103)",-0.05401294108994188,3
transfer_to_competitor_pct_90d,"[0.00709103, 0.00710081)",-0.05390550127140025,3
transfer_to_competitor_pct_90d,"[0.00710081, 0.00711922)",-0.05390550127140025,3
transfer_to_competitor_pct_90d,"[0.00711922, 0.00713611)",-0.05385235066908447,3
transfer_to_competitor_pct_90d,"[0.00713611, 0.00716287)",-0.0537922006042195,3
transfer_to_competitor_pct_90d,"[0.00716287, 0.00717803)",-0.0537922006042195,3
transfer_to_competitor_pct_90d,"[0.00717803, 0.00719145)",-0.0537922006042195,3
transfer_to_competitor_pct_90d,"[0.00719145, 0.00720861)",-0.0537922006042195,3
transfer_to_competitor_pct_90d,"[0.00720861, 0.00722737)",-0.05356652604694447,3
transfer_to_competitor_pct_90d,"[0.00722737, 0.00724034)",-0.053566340643412744,3
transfer_to_competitor_pct_90d,"[0.00724034, 0.00725724)",-0.05352723092451629,3
transfer_to_competitor_pct_90d,"[0.00725724, 0.00727019)",-0.05348063220589946,3
transfer_to_competitor_pct_90d,"[0.00727019, 0.00728299)",-0.05331083423658897,3
transfer_to_competitor_pct_90d,"[0.00728299, 0.00729973)",-0.05331083423658897,3
transfer_to_competitor_pct_90d,"[0.00729973, 0.00731949)",-0.05306806072752559,3
transfer_to_competitor_pct_90d,"[0.00731949, 0.00733828)",-0.05283458779577705,3
transfer_to_competitor_pct_90d,"[0.00733828, 0.00735505)",-0.05242802716164858,3
transfer_to_competitor_pct_90d,"[0.00735505, 0.00737017)",-0.05233126005276535,3
transfer_to_competitor_pct_90d,"[0.00737017, 0.00739156)",-0.05233126005276535,3
transfer_to_competitor_pct_90d,"[0.00739156, 0.00740328)",-0.05233126005276535,3
transfer_to_competitor_pct_90d,"[0.00740328, 0.00741276)",-0.05213193442826016,3
transfer_to_competitor_pct_90d,"[0.00741276, 0.00742601)",-0.05193810019057615,3
transfer_to_competitor_pct_90d,"[0.00742601, 0.00743763)",-0.05190747020599676,3
transfer_to_competitor_pct_90d,"[0.00743763, 0.00744795)",-0.05190747020599676,3
transfer_to_competitor_pct_90d,"[0.00744795, 0.00745831)",-0.051712664372742426,3
transfer_to_competitor_pct_90d,"[0.00745831, 0.00747997)",-0.051712664372742426,3
transfer_to_competitor_pct_90d,"[0.00747997, 0.00749594)",-0.051712664372742426,3
transfer_to_competitor_pct_90d,"[0.00749594, 0.0075035)",-0.05128390299365318,3
transfer_to_competitor_pct_90d,"[0.0075035, 0.00751177)",-0.05112899064085131,3
transfer_to_competitor_pct_90d,"[0.00751177, 0.00751915)",-0.05092842871498316,3
transfer_to_competitor_pct_90d,"[0.00751915, 0.0075396)",-0.05092842871498316,3
transfer_to_competitor_pct_90d,"[0.0075396, 0.00756479)",-0.05092842871498316,3
transfer_to_competitor_pct_90d,"[0.00756479, 0.00757709)",-0.05092842871498316,3
transfer_to_competitor_pct_90d,"[0.00757709, 0.00760175)",-0.05051022432433036,3
transfer_to_competitor_pct_90d,"[0.00760175, 0.00762023)",-0.05051022432433036,3
transfer_to_competitor_pct_90d,"[0.00762023, 0.00763437)",-0.050371777307512224,3
transfer_to_competitor_pct_90d,"[0.00763437, 0.00766868)",-0.050371777307512224,3
transfer_to_competitor_pct_90d,"[0.00766868, 0.00768955)",-0.050371777307512224,3
transfer_to_competitor_pct_90d,"[0.00768955, 0.00770339)",-0.050371777307512224,3
transfer_to_competitor_pct_90d,"[0.00770339, 0.00771253)",-0.05032589454215223,3
transfer_to_competitor_pct_90d,"[0.00771253, 0.00772875)",-0.05032589454215223,3
transfer_to_competitor_pct_90d,"[0.00772875, 0.00774453)",-0.05032589454215223,3
transfer_to_competitor_pct_90d,"[0.00774453, 0.00775767)",-0.05032589454215223,3
transfer_to_competitor_pct_90d,"[0.00775767, 0.00776929)",-0.05030149555152649,3
transfer_to_competitor_pct_90d,"[0.00776929, 0.007786)",-0.05007891674650049,3
transfer_to_competitor_pct_90d,"[0.007786, 0.00781135)",-0.05007891674650049,3
transfer_to_competitor_pct_90d,"[0.00781135, 0.00782487)",-0.05007891674650049,3
transfer_to_competitor_pct_90d,"[0.00782487, 0.0078407)",-0.04990749090400576,3
transfer_to_competitor_pct_90d,"[0.0078407, 0.0078555)",-0.04978134835945134,3
transfer_to_competitor_pct_90d,"[0.0078555, 0.00786735)",-0.04913038848813556,3
transfer_to_competitor_pct_90d,"[0.00786735, 0.0078785)",-0.04913038848813556,3
transfer_to_competitor_pct_90d,"[0.0078785, 0.00789277)",-0.04913038848813556,3
transfer_to_competitor_pct_90d,"[0.00789277, 0.00791527)",-0.04886486445356164,3
transfer_to_competitor_pct_90d,"[0.00791527, 0.00793322)",-0.04886486445356164,3
transfer_to_competitor_pct_90d,"[0.00793322, 0.0079467)",-0.04886486445356164,3
transfer_to_competitor_pct_90d,"[0.0079467, 0.00796061)",-0.04886486445356164,3
transfer_to_competitor_pct_90d,"[0.00796061, 0.00797498)",-0.04886486445356164,3
transfer_to_competitor_pct_90d,"[0.00797498, 0.00799102)",-0.04880151457100744,3
transfer_to_competitor_pct_90d,"[0.00799102, 0.00800407)",-0.04865927587895483,3
transfer_to_competitor_pct_90d,"[0.00800407, 0.00802407)",-0.04865927587895483,3
transfer_to_competitor_pct_90d,"[0.00802407, 0.00804006)",-0.048619149415570134,3
transfer_to_competitor_pct_90d,"[0.00804006, 0.00806501)",-0.048619149415570134,3
transfer_to_competitor_pct_90d,"[0.00806501, 0.00808794)",-0.048619149415570134,3
transfer_to_competitor_pct_90d,"[0.00808794, 0.00811377)",-0.048619149415570134,3
transfer_to_competitor_pct_90d,"[0.00811377, 0.00812593)",-0.04850604320215181,3
transfer_to_competitor_pct_90d,"[0.00812593, 0.00813771)",-0.04780249155025219,3
transfer_to_competitor_pct_90d,"[0.00813771, 0.00816053)",-0.04712124520972306,3
transfer_to_competitor_pct_90d,"[0.00816053, 0.00817039)",-0.04688239563873553,3
transfer_to_competitor_pct_90d,"[0.00817039, 0.00818794)",-0.04688239563873553,3
transfer_to_competitor_pct_90d,"[0.00818794, 0.00821176)",-0.04668218687030466,3
transfer_to_competitor_pct_90d,"[0.00821176, 0.00822741)",-0.04632716364776052,3
transfer_to_competitor_pct_90d,"[0.00822741, 0.00824316)",-0.04632716364776052,3
transfer_to_competitor_pct_90d,"[0.00824316, 0.00825639)",-0.04618954500135965,3
transfer_to_competitor_pct_90d,"[0.00825639, 0.00827965)",-0.04618954500135965,3
transfer_to_competitor_pct_90d,"[0.00827965, 0.00830188)",-0.04611846958130961,3
transfer_to_competitor_pct_90d,"[0.00830188, 0.00832524)",-0.04602810705388386,3
transfer_to_competitor_pct_90d,"[0.00832524, 0.00834031)",-0.04602810705388386,3
transfer_to_competitor_pct_90d,"[0.00834031, 0.00835463)",-0.04566789861563096,3
transfer_to_competitor_pct_90d,"[0.00835463, 0.00836625)",-0.04553683981053602,3
transfer_to_competitor_pct_90d,"[0.00836625, 0.00838805)",-0.045324324099152234,3
transfer_to_competitor_pct_90d,"[0.00838805, 0.00841166)",-0.045324324099152234,3
transfer_to_competitor_pct_90d,"[0.00841166, 0.00842405)",-0.045324324099152234,3
transfer_to_competitor_pct_90d,"[0.00842405, 0.00844609)",-0.045289810653912854,3
transfer_to_competitor_pct_90d,"[0.00844609, 0.00845738)",-0.045289810653912854,3
transfer_to_competitor_pct_90d,"[0.00845738, 0.00847654)",-0.045289810653912854,3
transfer_to_competitor_pct_90d,"[0.00847654, 0.00849409)",-0.045289810653912854,3
transfer_to_competitor_pct_90d,"[0.00849409, 0.00850894)",-0.04492255515511914,3
transfer_to_competitor_pct_90d,"[0.00850894, 0.0085191)",-0.04492255515511914,3
transfer_to_competitor_pct_90d,"[0.0085191, 0.00853912)",-0.04488524551204165,3
transfer_to_competitor_pct_90d,"[0.00853912, 0.00856913)",-0.04488524551204165,3
transfer_to_competitor_pct_90d,"[0.00856913, 0.00859456)",-0.04461771128299982,3
transfer_to_competitor_pct_90d,"[0.00859456, 0.00860365)",-0.04461771128299982,3
transfer_to_competitor_pct_90d,"[0.00860365, 0.00862414)",-0.04430592545725607,3
transfer_to_competitor_pct_90d,"[0.00862414, 0.00864763)",-0.04430592545725607,3
transfer_to_competitor_pct_90d,"[0.00864763, 0.00866409)",-0.043825112637234875,3
transfer_to_competitor_pct_90d,"[0.00866409, 0.0086858)",-0.043698679130282594,3
transfer_to_competitor_pct_90d,"[0.0086858, 0.00871549)",-0.04364307846903291,3
transfer_to_competitor_pct_90d,"[0.00871549, 0.00874257)",-0.043538372932789525,3
transfer_to_competitor_pct_90d,"[0.00874257, 0.00876562)",-0.043538372932789525,3
transfer_to_competitor_pct_90d,"[0.00876562, 0.00878708)",-0.043223018990802456,3
transfer_to_competitor_pct_90d,"[0.00878708, 0.00880087)",-0.043223018990802456,3
transfer_to_competitor_pct_90d,"[0.00880087, 0.00881348)",-0.043223018990802456,3
transfer_to_competitor_pct_90d,"[0.00881348, 0.00882961)",-0.04285230383922465,3
transfer_to_competitor_pct_90d,"[0.00882961, 0.00884725)",-0.04262870531779783,3
transfer_to_competitor_pct_90d,"[0.00884725, 0.00887271)",-0.042419238856960556,3
transfer_to_competitor_pct_90d,"[0.00887271, 0.00889406)",-0.04220010249708126,3
transfer_to_competitor_pct_90d,"[0.00889406, 0.00891214)",-0.04220010249708126,3
transfer_to_competitor_pct_90d,"[0.00891214, 0.00892897)",-0.04209632805062441,3
transfer_to_competitor_pct_90d,"[0.00892897, 0.00894412)",-0.04197421770744214,2
transfer_to_competitor_pct_90d,"[0.00894412, 0.00895375)",-0.041842497799802876,2
transfer_to_competitor_pct_90d,"[0.00895375, 0.00897099)",-0.04164401312621701,2
transfer_to_competitor_pct_90d,"[0.00897099, 0.0089844)",-0.04164401312621701,2
transfer_to_competitor_pct_90d,"[0.0089844, 0.00899864)",-0.0414916995595627,2
transfer_to_competitor_pct_90d,"[0.00899864, 0.00902026)",-0.041425393824450554,2
transfer_to_competitor_pct_90d,"[0.00902026, 0.0090331)",-0.041402808712896484,2
transfer_to_competitor_pct_90d,"[0.0090331, 0.00906079)",-0.040743280689967604,2
transfer_to_competitor_pct_90d,"[0.00906079, 0.00908397)",-0.040743280689967604,2
transfer_to_competitor_pct_90d,"[0.00908397, 0.00910282)",-0.040743280689967604,2
transfer_to_competitor_pct_90d,"[0.00910282, 0.00911695)",-0.040743280689967604,2
transfer_to_competitor_pct_90d,"[0.00911695, 0.00912904)",-0.04057470297607408,2
transfer_to_competitor_pct_90d,"[0.00912904, 0.00915284)",-0.040192224496679696,2
transfer_to_competitor_pct_90d,"[0.00915284, 0.00916647)",-0.040192224496679696,2
transfer_to_competitor_pct_90d,"[0.00916647, 0.00918563)",-0.03998465283522113,2
transfer_to_competitor_pct_90d,"[0.00918563, 0.00920094)",-0.03998465283522113,2
transfer_to_competitor_pct_90d,"[0.00920094, 0.00922225)",-0.039929224393615195,2
transfer_to_competitor_pct_90d,"[0.00922225, 0.00925269)",-0.03985786259821568,2
transfer_to_competitor_pct_90d,"[0.00925269, 0.00927334)",-0.03976603817419307,2
transfer_to_competitor_pct_90d,"[0.00927334, 0.00929081)",-0.03976603817419307,2
transfer_to_competitor_pct_90d,"[0.00929081, 0.00930537)",-0.039561111710827206,2
transfer_to_competitor_pct_90d,"[0.00930537, 0.00932122)",-0.039561111710827206,2
transfer_to_competitor_pct_90d,"[0.00932122, 0.00934233)",-0.03924323871887756,2
transfer_to_competitor_pct_90d,"[0.00934233, 0.00935601)",-0.03883595917287546,2
transfer_to_competitor_pct_90d,"[0.00935601, 0.00938507)",-0.03883595917287546,2
transfer_to_competitor_pct_90d,"[0.00938507, 0.00941145)",-0.038496014549946944,2
transfer_to_competitor_pct_90d,"[0.00941145, 0.00942597)",-0.038496014549946944,2
transfer_to_competitor_pct_90d,"[0.00942597, 0.00945178)",-0.038199671734427745,2
transfer_to_competitor_pct_90d,"[0.00945178, 0.00946431)",-0.03782423857094031,2
transfer_to_competitor_pct_90d,"[0.00946431, 0.00950016)",-0.03782423857094031,2
transfer_to_competitor_pct_90d,"[0.00950016, 0.00951645)",-0.03698096512132151,2
transfer_to_competitor_pct_90d,"[0.00951645, 0.00953592)",-0.03698096512132151,2
transfer_to_competitor_pct_90d,"[0.00953592, 0.00955252)",-0.03698096512132151,2
transfer_to_competitor_pct_90d,"[0.00955252, 0.00958056)",-0.03658934132129801,2
transfer_to_competitor_pct_90d,"[0.00958056, 0.00959841)",-0.03626860353536837,2
transfer_to_competitor_pct_90d,"[0.00959841, 0.00960866)",-0.03626860353536837,2
transfer_to_competitor_pct_90d,"[0.00960866, 0.00964605)",-0.03616145191642988,2
transfer_to_competitor_pct_90d,"[0.00964605, 0.00966512)",-0.035917408482513645,2
transfer_to_competitor_pct_90d,"[0.00966512, 0.00969328)",-0.03577009767898815,2
transfer_to_competitor_pct_90d,"[0.00969328, 0.00970717)",-0.03563577128630045,2
transfer_to_competitor_pct_90d,"[0.00970717, 0.00973092)",-0.03515330349953305,2
transfer_to_competitor_pct_90d,"[0.00973092, 0.00975084)",-0.03515330349953305,2
transfer_to_competitor_pct_90d,"[0.00975084, 0.00977424)",-0.03515330349953305,2
transfer_to_competitor_pct_90d,"[0.00977424, 0.00980187)",-0.03504291141364129,2
transfer_to_competitor_pct_90d,"[0.00980187, 0.00982132)",-0.03499412867703709,2
transfer_to_competitor_pct_90d,"[0.00982132, 0.00983744)",-0.03483923383774212,2
transfer_to_competitor_pct_90d,"[0.00983744, 0.00986935)",-0.034475413061222704,2
transfer_to_competitor_pct_90d,"[0.00986935, 0.00988594)",-0.034475413061222704,2
transfer_to_competitor_pct_90d,"[0.00988594, 0.00990462)",-0.034475413061222704,2
transfer_to_competitor_pct_90d,"[0.00990462, 0.00992226)",-0.034475413061222704,2
transfer_to_competitor_pct_90d,"[0.00992226, 0.00995397)",-0.03420360881180382,2
transfer_to_competitor_pct_90d,"[0.00995397, 0.0099784)",-0.03420360881180382,2
transfer_to_competitor_pct_90d,"[0.0099784, 0.0100155)",-0.03404754399928795,2
transfer_to_competitor_pct_90d,"[0.0100155, 0.0100432)",-0.03404754399928795,2
transfer_to_competitor_pct_90d,"[0.0100432, 0.010065)",-0.03401102072992246,2
transfer_to_competitor_pct_90d,"[0.010065, 0.0100812)",-0.03401102072992246,2
transfer_to_competitor_pct_90d,"[0.0100812, 0.0100924)",-0.03398008989219271,2
transfer_to_competitor_pct_90d,"[0.0100924, 0.0101117)",-0.03398008989219271,2
transfer_to_competitor_pct_90d,"[0.0101117, 0.0101239)",-0.03398008989219271,2
transfer_to_competitor_pct_90d,"[0.0101239, 0.0101623)",-0.03325901268401403,2
transfer_to_competitor_pct_90d,"[0.0101623, 0.0101917)",-0.03288444984112761,2
transfer_to_competitor_pct_90d,"[0.0101917, 0.0102136)",-0.03275756735242828,2
transfer_to_competitor_pct_90d,"[0.0102136, 0.0102298)",-0.03275756735242828,2
transfer_to_competitor_pct_90d,"[0.0102298, 0.0102522)",-0.03275756735242828,2
transfer_to_competitor_pct_90d,"[0.0102522, 0.0102689)",-0.03275756735242828,2
transfer_to_competitor_pct_90d,"[0.0102689, 0.0102934)",-0.032641438628665295,2
transfer_to_competitor_pct_90d,"[0.0102934, 0.0103105)",-0.032641438628665295,2
transfer_to_competitor_pct_90d,"[0.0103105, 0.0103362)",-0.032641438628665295,2
transfer_to_competitor_pct_90d,"[0.0103362, 0.0103539)",-0.032641438628665295,2
transfer_to_competitor_pct_90d,"[0.0103539, 0.0103689)",-0.032641438628665295,2
transfer_to_competitor_pct_90d,"[0.0103689, 0.0103882)",-0.032641438628665295,2
transfer_to_competitor_pct_90d,"[0.0103882, 0.0104362)",-0.03222430222314706,2
transfer_to_competitor_pct_90d,"[0.0104362, 0.0104515)",-0.03198074259082095,2
transfer_to_competitor_pct_90d,"[0.0104515, 0.0104641)",-0.03198074259082095,2
transfer_to_competitor_pct_90d,"[0.0104641, 0.0104893)",-0.03160187712190588,2
transfer_to_competitor_pct_90d,"[0.0104893, 0.0105063)",-0.03129829659619765,2
transfer_to_competitor_pct_90d,"[0.0105063, 0.010522)",-0.03129829659619765,2
transfer_to_competitor_pct_90d,"[0.010522, 0.0105508)",-0.031199860682193374,2
transfer_to_competitor_pct_90d,"[0.0105508, 0.0105678)",-0.031199860682193374,2
transfer_to_competitor_pct_90d,"[0.0105678, 0.0105972)",-0.031199860682193374,2
transfer_to_competitor_pct_90d,"[0.0105972, 0.0106109)",-0.03113783606140242,2
transfer_to_competitor_pct_90d,"[0.0106109, 0.0106348)",-0.0309911368163737,2
transfer_to_competitor_pct_90d,"[0.0106348, 0.0106667)",-0.030453402314463415,2
transfer_to_competitor_pct_90d,"[0.0106667, 0.0106997)",-0.030132167027160952,2
transfer_to_competitor_pct_90d,"[0.0106997, 0.0107157)",-0.0299522701771997,2
transfer_to_competitor_pct_90d,"[0.0107157, 0.0107452)",-0.02951508246745888,2
transfer_to_competitor_pct_90d,"[0.0107452, 0.0107603)",-0.02936699812265793,2
transfer_to_competitor_pct_90d,"[0.0107603, 0.0107882)",-0.02936699812265793,2
transfer_to_competitor_pct_90d,"[0.0107882, 0.010808)",-0.02936699812265793,2
transfer_to_competitor_pct_90d,"[0.010808, 0.0108319)",-0.029090479883248158,2
transfer_to_competitor_pct_90d,"[0.0108319, 0.0108538)",-0.028658960590464872,2
transfer_to_competitor_pct_90d,"[0.0108538, 0.0108877)",-0.02765256984865246,2
transfer_to_competitor_pct_90d,"[0.0108877, 0.0109107)",-0.027038498871342007,2
transfer_to_competitor_pct_90d,"[0.0109107, 0.0109331)",-0.027038498871342007,2
transfer_to_competitor_pct_90d,"[0.0109331, 0.0109554)",-0.026130712327768302,2
transfer_to_competitor_pct_90d,"[0.0109554, 0.0109783)",-0.026130712327768302,2
transfer_to_competitor_pct_90d,"[0.0109783, 0.0110004)",-0.025855773883567055,2
transfer_to_competitor_pct_90d,"[0.0110004, 0.0110199)",-0.02561039925674447,2
transfer_to_competitor_pct_90d,"[0.0110199, 0.0110416)",-0.0252824621576884,2
transfer_to_competitor_pct_90d,"[0.0110416, 0.0110617)",-0.02485544289996545,1
transfer_to_competitor_pct_90d,"[0.0110617, 0.011087)",-0.024795577232418275,1
transfer_to_competitor_pct_90d,"[0.011087, 0.0110996)",-0.024795577232418275,1
transfer_to_competitor_pct_90d,"[0.0110996, 0.0111143)",-0.024795577232418275,1
transfer_to_competitor_pct_90d,"[0.0111143, 0.0111366)",-0.02327839777636426,1
transfer_to_competitor_pct_90d,"[0.0111366, 0.0111605)",-0.02327839777636426,1
transfer_to_competitor_pct_90d,"[0.0111605, 0.0111841)",-0.02327839777636426,1
transfer_to_competitor_pct_90d,"[0.0111841, 0.0112067)",-0.02327839777636426,1
transfer_to_competitor_pct_90d,"[0.0112067, 0.0112324)",-0.02327839777636426,1
transfer_to_competitor_pct_90d,"[0.0112324, 0.0112537)",-0.02314554237379283,1
transfer_to_competitor_pct_90d,"[0.0112537, 0.0112804)",-0.02314554237379283,1
transfer_to_competitor_pct_90d,"[0.0112804, 0.0113121)",-0.02213359583076234,1
transfer_to_competitor_pct_90d,"[0.0113121, 0.011354)",-0.0219495461158301,1
transfer_to_competitor_pct_90d,"[0.011354, 0.0113703)",-0.0219495461158301,1
transfer_to_competitor_pct_90d,"[0.0113703, 0.0113954)",-0.021621490588960884,1
transfer_to_competitor_pct_90d,"[0.0113954, 0.0114248)",-0.021404740163863345,1
transfer_to_competitor_pct_90d,"[0.0114248, 0.0114442)",-0.021404740163863345,1
transfer_to_competitor_pct_90d,"[0.0114442, 0.0114794)",-0.021404740163863345,1
transfer_to_competitor_pct_90d,"[0.0114794, 0.0114937)",-0.021278000776366587,1
transfer_to_competitor_pct_90d,"[0.0114937, 0.011528)",-0.0211424914818293,1
transfer_to_competitor_pct_90d,"[0.011528, 0.0115439)",-0.0211424914818293,1
transfer_to_competitor_pct_90d,"[0.0115439, 0.0115639)",-0.021033459857195486,1
transfer_to_competitor_pct_90d,"[0.0115639, 0.0115922)",-0.021033459857195486,1
transfer_to_competitor_pct_90d,"[0.0115922, 0.0116119)",-0.020902836658843522,1
transfer_to_competitor_pct_90d,"[0.0116119, 0.0116338)",-0.020902836658843522,1
transfer_to_competitor_pct_90d,"[0.0116338, 0.0116638)",-0.02039915126089465,1
transfer_to_competitor_pct_90d,"[0.0116638, 0.0116865)",-0.019823048967450577,1
transfer_to_competitor_pct_90d,"[0.0116865, 0.0117081)",-0.018703696729133683,1
transfer_to_competitor_pct_90d,"[0.0117081, 0.0117326)",-0.018703696729133683,1
transfer_to_competitor_pct_90d,"[0.0117326, 0.0117616)",-0.018111306518455626,1
transfer_to_competitor_pct_90d,"[0.0117616, 0.0118012)",-0.018111306518455626,1
transfer_to_competitor_pct_90d,"[0.0118012, 0.0118311)",-0.01782028490798863,1
transfer_to_competitor_pct_90d,"[0.0118311, 0.0118615)",-0.01782028490798863,1
transfer_to_competitor_pct_90d,"[0.0118615, 0.0118755)",-0.01782028490798863,1
transfer_to_competitor_pct_90d,"[0.0118755, 0.0119348)",-0.0177086042177813,1
transfer_to_competitor_pct_90d,"[0.0119348, 0.0119697)",-0.01748249399428219,1
transfer_to_competitor_pct_90d,"[0.0119697, 0.0119972)",-0.01748249399428219,1
transfer_to_competitor_pct_90d,"[0.0119972, 0.0120317)",-0.0173653906337033,1
transfer_to_competitor_pct_90d,"[0.0120317, 0.0120566)",-0.016823719469743724,1
transfer_to_competitor_pct_90d,"[0.0120566, 0.0120767)",-0.016823719469743724,1
transfer_to_competitor_pct_90d,"[0.0120767, 0.0120988)",-0.016823719469743724,1
transfer_to_competitor_pct_90d,"[0.0120988, 0.0121253)",-0.016823719469743724,1
transfer_to_competitor_pct_90d,"[0.0121253, 0.0121572)",-0.016557482243940713,1
transfer_to_competitor_pct_90d,"[0.0121572, 0.0121961)",-0.01605105073426659,1
transfer_to_competitor_pct_90d,"[0.0121961, 0.0122182)",-0.01605105073426659,1
transfer_to_competitor_pct_90d,"[0.0122182, 0.0122489)",-0.01580776002701332,1
transfer_to_competitor_pct_90d,"[0.0122489, 0.0122731)",-0.015437046908629789,1
transfer_to_competitor_pct_90d,"[0.0122731, 0.0123052)",-0.015437046908629789,1
transfer_to_competitor_pct_90d,"[0.0123052, 0.0123255)",-0.015221437561144994,1
transfer_to_competitor_pct_90d,"[0.0123255, 0.0123522)",-0.014450426404101635,1
transfer_to_competitor_pct_90d,"[0.0123522, 0.0123792)",-0.014450426404101635,1
transfer_to_competitor_pct_90d,"[0.0123792, 0.0124)",-0.014048314225850024,1
transfer_to_competitor_pct_90d,"[0.0124, 0.0124185)",-0.013934263734441349,1
transfer_to_competitor_pct_90d,"[0.0124185, 0.012438)",-0.013265823305068359,1
transfer_to_competitor_pct_90d,"[0.012438, 0.0124696)",-0.012929327310165294,1
transfer_to_competitor_pct_90d,"[0.0124696, 0.0124941)",-0.012593540883894217,1
transfer_to_competitor_pct_90d,"[0.0124941, 0.012526)",-0.012385067114292872,1
transfer_to_competitor_pct_90d,"[0.012526, 0.0125459)",-0.011395936255658273,1
transfer_to_competitor_pct_90d,"[0.0125459, 0.0125706)",-0.011305236490180708,1
transfer_to_competitor_pct_90d,"[0.0125706, 0.012587)",-0.01090717290150596,1
transfer_to_competitor_pct_90d,"[0.012587, 0.0126227)",-0.010823911314940083,1
transfer_to_competitor_pct_90d,"[0.0126227, 0.0126492)",-0.010823911314940083,1
transfer_to_competitor_pct_90d,"[0.0126492, 0.0126888)",-0.010532423960398067,1
transfer_to_competitor_pct_90d,"[0.0126888, 0.0127545)",-0.01002491537099457,1
transfer_to_competitor_pct_90d,"[0.0127545, 0.0127982)",-0.01002491537099457,1
transfer_to_competitor_pct_90d,"[0.0127982, 0.012825)",-0.01002491537099457,1
transfer_to_competitor_pct_90d,"[0.012825, 0.0128536)",-0.009607965616499362,1
transfer_to_competitor_pct_90d,"[0.0128536, 0.012881)",-0.009140760811248486,1
transfer_to_competitor_pct_90d,"[0.012881, 0.0129096)",-0.009140760811248486,1
transfer_to_competitor_pct_90d,"[0.0129096, 0.0129452)",-0.008895431393364484,1
transfer_to_competitor_pct_90d,"[0.0129452, 0.0129773)",-0.008652078120298792,1
transfer_to_competitor_pct_90d,"[0.0129773, 0.0130041)",-0.008652078120298792,1
transfer_to_competitor_pct_90d,"[0.0130041, 0.0130534)",-0.00851697375253547,1
transfer_to_competitor_pct_90d,"[0.0130534, 0.0130755)",-0.007919526486662826,0
transfer_to_competitor_pct_90d,"[0.0130755, 0.0131064)",-0.007491111662491437,0
transfer_to_competitor_pct_90d,"[0.0131064, 0.0131191)",-0.0065270269532163,0
transfer_to_competitor_pct_90d,"[0.0131191, 0.0131378)",-0.006267539209093547,0
transfer_to_competitor_pct_90d,"[0.0131378, 0.0131685)",-0.005452073066483727,0
transfer_to_competitor_pct_90d,"[0.0131685, 0.0132073)",-0.005030335772172451,0
transfer_to_competitor_pct_90d,"[0.0132073, 0.0132242)",-0.00484551990461243,0
transfer_to_competitor_pct_90d,"[0.0132242, 0.0132471)",-0.00484551990461243,0
transfer_to_competitor_pct_90d,"[0.0132471, 0.0132834)",-0.004488067600561734,0
transfer_to_competitor_pct_90d,"[0.0132834, 0.0133159)",-0.004374923471910459,0
transfer_to_competitor_pct_90d,"[0.0133159, 0.0133275)",-0.0039347347105238885,0
transfer_to_competitor_pct_90d,"[0.0133275, 0.0133481)",-0.0039347347105238885,0
transfer_to_competitor_pct_90d,"[0.0133481, 0.0134005)",-0.0026600761661610584,0
transfer_to_competitor_pct_90d,"[0.0134005, 0.0134275)",-0.0023528117029362303,0
transfer_to_competitor_pct_90d,"[0.0134275, 0.0134524)",-0.0020705938326609254,0
transfer_to_competitor_pct_90d,"[0.0134524, 0.0135142)",-0.0017792527315226513,0
transfer_to_competitor_pct_90d,"[0.0135142, 0.0135391)",-0.0013393468070865126,0
transfer_to_competitor_pct_90d,"[0.0135391, 0.0135569)",-0.0011897790665708334,0
transfer_to_competitor_pct_90d,"[0.0135569, 0.0135834)",-4.876196403037379e-05,0
transfer_to_competitor_pct_90d,"[0.0135834, 0.0136426)",0.00048598079750724634,0
transfer_to_competitor_pct_90d,"[0.0136426, 0.0136824)",0.00048598079750724634,0
transfer_to_competitor_pct_90d,"[0.0136824, 0.0137398)",0.0007016022670340105,0
transfer_to_competitor_pct_90d,"[0.0137398, 0.0137919)",0.0012395959044648206,0
transfer_to_competitor_pct_90d,"[0.0137919, 0.0138249)",0.0013618454769911247,0
transfer_to_competitor_pct_90d,"[0.0138249, 0.0138542)",0.0018768244362971991,0
transfer_to_competitor_pct_90d,"[0.0138542, 0.0138935)",0.0019833947910111653,0
transfer_to_competitor_pct_90d,"[0.0138935, 0.0139133)",0.0022229936013311233,0
transfer_to_competitor_pct_90d,"[0.0139133, 0.0139489)",0.0028845310011531115,0
transfer_to_competitor_pct_90d,"[0.0139489, 0.0139843)",0.0028845310011531115,0
transfer_to_competitor_pct_90d,"[0.0139843, 0.0140037)",0.0028845310011531115,0
transfer_to_competitor_pct_90d,"[0.0140037, 0.0140373)",0.0038501734045139047,0
transfer_to_competitor_pct_90d,"[0.0140373, 0.0140657)",0.004815963763405507,0
transfer_to_competitor_pct_90d,"[0.0140657, 0.0140972)",0.004960218385914214,0
transfer_to_competitor_pct_90d,"[0.0140972, 0.0141375)",0.004960218385914214,0
transfer_to_competitor_pct_90d,"[0.0141375, 0.0141635)",0.005222464309424715,0
transfer_to_competitor_pct_90d,"[0.0141635, 0.0141861)",0.006307638809814881,0
transfer_to_competitor_pct_90d,"[0.0141861, 0.014208)",0.006811467721493923,0
transfer_to_competitor_pct_90d,"[0.014208, 0.014234)",0.007371129443255765,0
transfer_to_competitor_pct_90d,"[0.014234, 0.0142656)",0.0075510308976642565,0
transfer_to_competitor_pct_90d,"[0.0142656, 0.0143076)",0.0075510308976642565,0
transfer_to_competitor_pct_90d,"[0.0143076, 0.0143427)",0.007875326682649501,0
transfer_to_competitor_pct_90d,"[0.0143427, 0.0143886)",0.007875326682649501,0
transfer_to_competitor_pct_90d,"[0.0143886, 0.0144206)",0.007875326682649501,0
transfer_to_competitor_pct_90d,"[0.0144206, 0.0144472)",0.008563881346745433,-1
transfer_to_competitor_pct_90d,"[0.0144472, 0.0144874)",0.008563881346745433,-1
transfer_to_competitor_pct_90d,"[0.0144874, 0.0145252)",0.008563881346745433,-1
transfer_to_competitor_pct_90d,"[0.0145252, 0.0145458)",0.008866390627810845,-1
transfer_to_competitor_pct_90d,"[0.0145458, 0.0145781)",0.008866390627810845,-1
transfer_to_competitor_pct_90d,"[0.0145781, 0.014619)",0.009124093057005225,-1
transfer_to_competitor_pct_90d,"[0.014619, 0.0146473)",0.009398491537233255,-1
transfer_to_competitor_pct_90d,"[0.0146473, 0.0146808)",0.009398491537233255,-1
transfer_to_competitor_pct_90d,"[0.0146808, 0.0147048)",0.009398491537233255,-1
transfer_to_competitor_pct_90d,"[0.0147048, 0.0147296)",0.009398491537233255,-1
transfer_to_competitor_pct_90d,"[0.0147296, 0.0147593)",0.009771063501102751,-1
transfer_to_competitor_pct_90d,"[0.0147593, 0.0147865)",0.009771063501102751,-1
transfer_to_competitor_pct_90d,"[0.0147865, 0.0148184)",0.009771063501102751,-1
transfer_to_competitor_pct_90d,"[0.0148184, 0.0148504)",0.009771063501102751,-1
transfer_to_competitor_pct_90d,"[0.0148504, 0.0148832)",0.01008136921414587,-1
transfer_to_competitor_pct_90d,"[0.0148832, 0.0149127)",0.010463953771898675,-1
transfer_to_competitor_pct_90d,"[0.0149127, 0.0149404)",0.010463953771898675,-1
transfer_to_competitor_pct_90d,"[0.0149404, 0.01497)",0.010463953771898675,-1
transfer_to_competitor_pct_90d,"[0.01497, 0.0149974)",0.011330143770411635,-1
transfer_to_competitor_pct_90d,"[0.0149974, 0.0150292)",0.011330143770411635,-1
transfer_to_competitor_pct_90d,"[0.0150292, 0.0150706)",0.012029717796282256,-1
transfer_to_competitor_pct_90d,"[0.0150706, 0.0150981)",0.012029717796282256,-1
transfer_to_competitor_pct_90d,"[0.0150981, 0.0151428)",0.012656970758041758,-1
transfer_to_competitor_pct_90d,"[0.0151428, 0.0151863)",0.012824069798678412,-1
transfer_to_competitor_pct_90d,"[0.0151863, 0.0152485)",0.012824069798678412,-1
transfer_to_competitor_pct_90d,"[0.0152485, 0.0152692)",0.013370722268302073,-1
transfer_to_competitor_pct_90d,"[0.0152692, 0.015297)",0.013370722268302073,-1
transfer_to_competitor_pct_90d,"[0.015297, 0.0153358)",0.014133023338395131,-1
transfer_to_competitor_pct_90d,"[0.0153358, 0.0153883)",0.014133023338395131,-1
transfer_to_competitor_pct_90d,"[0.0153883, 0.0154164)",0.014133023338395131,-1
transfer_to_competitor_pct_90d,"[0.0154164, 0.0154641)",0.014133023338395131,-1
transfer_to_competitor_pct_90d,"[0.0154641, 0.0155018)",0.014256538976914897,-1
transfer_to_competitor_pct_90d,"[0.0155018, 0.0155548)",0.014651992939064613,-1
transfer_to_competitor_pct_90d,"[0.0155548, 0.0155936)",0.015376154639908265,-1
transfer_to_competitor_pct_90d,"[0.0155936, 0.0156365)",0.016081653598816702,-1
transfer_to_competitor_pct_90d,"[0.0156365, 0.0156845)",0.017495149911134593,-1
transfer_to_competitor_pct_90d,"[0.0156845, 0.0157467)",0.018314151312533975,-1
transfer_to_competitor_pct_90d,"[0.0157467, 0.0157817)",0.018314151312533975,-1
transfer_to_competitor_pct_90d,"[0.0157817, 0.0158167)",0.01871073838064474,-1
transfer_to_competitor_pct_90d,"[0.0158167, 0.0158633)",0.01871073838064474,-1
transfer_to_competitor_pct_90d,"[0.0158633, 0.0159128)",0.019456987540914926,-1
transfer_to_competitor_pct_90d,"[0.0159128, 0.0159548)",0.020087026325657585,-1
transfer_to_competitor_pct_90d,"[0.0159548, 0.0160091)",0.02023678333034908,-1
transfer_to_competitor_pct_90d,"[0.0160091, 0.0160555)",0.020585046748669376,-1
transfer_to_competitor_pct_90d,"[0.0160555, 0.0161086)",0.020784181943598056,-1
transfer_to_competitor_pct_90d,"[0.0161086, 0.0161382)",0.020784181943598056,-1
transfer_to_competitor_pct_90d,"[0.0161382, 0.0161789)",0.021506298683173667,-1
transfer_to_competitor_pct_90d,"[0.0161789, 0.0162145)",0.022370793347329932,-1
transfer_to_competitor_pct_90d,"[0.0162145, 0.0163183)",0.02253121903005698,-1
transfer_to_competitor_pct_90d,"[0.0163183, 0.0163917)",0.023666988212871852,-1
transfer_to_competitor_pct_90d,"[0.0163917, 0.0164451)",0.023666988212871852,-1
transfer_to_competitor_pct_90d,"[0.0164451, 0.0164935)",0.023928264088362943,-1
transfer_to_competitor_pct_90d,"[0.0164935, 0.0165462)",0.025662935581066294,-2
transfer_to_competitor_pct_90d,"[0.0165462, 0.0166163)",0.025866993952988325,-2
transfer_to_competitor_pct_90d,"[0.0166163, 0.0166604)",0.025866993952988325,-2
transfer_to_competitor_pct_90d,"[0.0166604, 0.0167029)",0.02769733079312949,-2
transfer_to_competitor_pct_90d,"[0.0167029, 0.0167441)",0.027974439011203323,-2
transfer_to_competitor_pct_90d,"[0.0167441, 0.0168071)",0.027974439011203323,-2
transfer_to_competitor_pct_90d,"[0.0168071, 0.0168957)",0.028225807512755167,-2
transfer_to_competitor_pct_90d,"[0.0168957, 0.0169334)",0.02894410091975546,-2
transfer_to_competitor_pct_90d,"[0.0169334, 0.0169563)",0.0295479550383599,-2
transfer_to_competitor_pct_90d,"[0.0169563, 0.0170144)",0.029959834642357963,-2
transfer_to_competitor_pct_90d,"[0.0170144, 0.0170652)",0.03086524666230136,-2
transfer_to_competitor_pct_90d,"[0.0170652, 0.0171165)",0.03218369295347626,-2
transfer_to_competitor_pct_90d,"[0.0171165, 0.0172001)",0.03243732839111464,-2
transfer_to_competitor_pct_90d,"[0.0172001, 0.0172639)",0.03360606137710403,-2
transfer_to_competitor_pct_90d,"[0.0172639, 0.017328)",0.033890282686247226,-2
transfer_to_competitor_pct_90d,"[0.017328, 0.0173866)",0.0350281990597123,-2
transfer_to_competitor_pct_90d,"[0.0173866, 0.0174543)",0.0350281990597123,-2
transfer_to_competitor_pct_90d,"[0.0174543, 0.017498)",0.03578255348601006,-2
transfer_to_competitor_pct_90d,"[0.017498, 0.0175446)",0.03685437032972837,-2
transfer_to_competitor_pct_90d,"[0.0175446, 0.0175976)",0.03685437032972837,-2
transfer_to_competitor_pct_90d,"[0.0175976, 0.0176385)",0.03685437032972837,-2
transfer_to_competitor_pct_90d,"[0.0176385, 0.0176986)",0.03685437032972837,-2
transfer_to_competitor_pct_90d,"[0.0176986, 0.0177484)",0.03811606077946253,-2
transfer_to_competitor_pct_90d,"[0.0177484, 0.0177925)",0.03890393550313438,-2
transfer_to_competitor_pct_90d,"[0.0177925, 0.0178606)",0.039834374160258826,-2
transfer_to_competitor_pct_90d,"[0.0178606, 0.0179379)",0.039834374160258826,-2
transfer_to_competitor_pct_90d,"[0.0179379, 0.0179903)",0.039834374160258826,-2
transfer_to_competitor_pct_90d,"[0.0179903, 0.0180323)",0.041672214686709785,-2
transfer_to_competitor_pct_90d,"[0.0180323, 0.0180793)",0.041672214686709785,-2
transfer_to_competitor_pct_90d,"[0.0180793, 0.0181492)",0.042064579076577985,-3
transfer_to_competitor_pct_90d,"[0.0181492, 0.0182284)",0.0423223928010626,-3
transfer_to_competitor_pct_90d,"[0.0182284, 0.0183057)",0.0423223928010626,-3
transfer_to_competitor_pct_90d,"[0.0183057, 0.0183488)",0.0423223928010626,-3
transfer_to_competitor_pct_90d,"[0.0183488, 0.0183911)",0.0423223928010626,-3
transfer_to_competitor_pct_90d,"[0.0183911, 0.0184278)",0.042565903818511594,-3
transfer_to_competitor_pct_90d,"[0.0184278, 0.0185115)",0.04299408280241897,-3
transfer_to_competitor_pct_90d,"[0.0185115, 0.0185565)",0.04299408280241897,-3
transfer_to_competitor_pct_90d,"[0.0185565, 0.0186137)",0.04299408280241897,-3
transfer_to_competitor_pct_90d,"[0.0186137, 0.0186814)",0.04299408280241897,-3
transfer_to_competitor_pct_90d,"[0.0186814, 0.0187539)",0.04328074267005689,-3
transfer_to_competitor_pct_90d,"[0.0187539, 0.0187955)",0.04409119802092656,-3
transfer_to_competitor_pct_90d,"[0.0187955, 0.0189234)",0.0450823235444447,-3
transfer_to_competitor_pct_90d,"[0.0189234, 0.0190131)",0.0450823235444447,-3
transfer_to_competitor_pct_90d,"[0.0190131, 0.0190854)",0.04543671946487618,-3
transfer_to_competitor_pct_90d,"[0.0190854, 0.0191362)",0.04628074547595464,-3
transfer_to_competitor_pct_90d,"[0.0191362, 0.0192368)",0.04677942585337018,-3
transfer_to_competitor_pct_90d,"[0.0192368, 0.0193012)",0.04757694157239347,-3
transfer_to_competitor_pct_90d,"[0.0193012, 0.0193454)",0.04954645878015299,-3
transfer_to_competitor_pct_90d,"[0.0193454, 0.0194246)",0.05033334617275355,-3
transfer_to_competitor_pct_90d,"[0.0194246, 0.019489)",0.05033334617275355,-3
transfer_to_competitor_pct_90d,"[0.019489, 0.0195502)",0.05123710321708012,-3
transfer_to_competitor_pct_90d,"[0.0195502, 0.0195996)",0.051497820557555724,-3
transfer_to_competitor_pct_90d,"[0.0195996, 0.0196538)",0.051813053033663244,-3
transfer_to_competitor_pct_90d,"[0.0196538, 0.0197409)",0.05259760023317299,-3
transfer_to_competitor_pct_90d,"[0.0197409, 0.0198126)",0.052840849929554436,-3
transfer_to_competitor_pct_90d,"[0.0198126, 0.0198893)",0.053183587455856454,-3
transfer_to_competitor_pct_90d,"[0.0198893, 0.0199605)",0.053183587455856454,-3
transfer_to_competitor_pct_90d,"[0.0199605, 0.0200598)",0.0535068143456527,-3
transfer_to_competitor_pct_90d,"[0.0200598, 0.0201394)",0.05408130734034943,-3
transfer_to_competitor_pct_90d,"[0.0201394, 0.0202687)",0.05408130734034943,-3
transfer_to_competitor_pct_90d,"[0.0202687, 0.0203556)",0.05552199345371613,-3
transfer_to_competitor_pct_90d,"[0.0203556, 0.0204406)",0.05616974948370481,-3
transfer_to_competitor_pct_90d,"[0.0204406, 0.0205364)",0.05705433734126082,-3
transfer_to_competitor_pct_90d,"[0.0205364, 0.020602)",0.05776395842421192,-3
transfer_to_competitor_pct_90d,"[0.020602, 0.0206782)",0.058382821602279554,-3
transfer_to_competitor_pct_90d,"[0.0206782, 0.0207296)",0.059098256601640586,-4
transfer_to_competitor_pct_90d,"[0.0207296, 0.0208139)",0.059831877623166205,-4
transfer_to_competitor_pct_90d,"[0.0208139, 0.0209094)",0.06125559829491528,-4
transfer_to_competitor_pct_90d,"[0.0209094, 0.021003)",0.06206219941751532,-4
transfer_to_competitor_pct_90d,"[0.021003, 0.0210811)",0.06393442007622378,-4
transfer_to_competitor_pct_90d,"[0.0210811, 0.0211846)",0.0659398625270589,-4
transfer_to_competitor_pct_90d,"[0.0211846, 0.0212385)",0.0659398625270589,-4
transfer_to_competitor_pct_90d,"[0.0212385, 0.0213223)",0.06628511503254952,-4
transfer_to_competitor_pct_90d,"[0.0213223, 0.0213963)",0.06628511503254952,-4
transfer_to_competitor_pct_90d,"[0.0213963, 0.0214761)",0.06778733981403043,-4
transfer_to_competitor_pct_90d,"[0.0214761, 0.0215743)",0.06820022593219384,-4
transfer_to_competitor_pct_90d,"[0.0215743, 0.0216786)",0.06820022593219384,-4
transfer_to_competitor_pct_90d,"[0.0216786, 0.0218188)",0.06852515138212568,-4
transfer_to_competitor_pct_90d,"[0.0218188, 0.0218847)",0.06852515138212568,-4
transfer_to_competitor_pct_90d,"[0.0218847, 0.0219981)",0.06974910413370468,-4
transfer_to_competitor_pct_90d,"[0.0219981, 0.0221073)",0.07100367382319539,-4
transfer_to_competitor_pct_90d,"[0.0221073, 0.0221705)",0.07100367382319539,-4
transfer_to_competitor_pct_90d,"[0.0221705, 0.0222291)",0.07136676069667791,-4
transfer_to_competitor_pct_90d,"[0.0222291, 0.0223342)",0.07254058850538843,-4
transfer_to_competitor_pct_90d,"[0.0223342, 0.0224631)",0.07306967206903224,-4
transfer_to_competitor_pct_90d,"[0.0224631, 0.0226165)",0.07306967206903224,-4
transfer_to_competitor_pct_90d,"[0.0226165, 0.0226653)",0.07504929413708736,-4
transfer_to_competitor_pct_90d,"[0.0226653, 0.0228083)",0.0762337275251898,-5
transfer_to_competitor_pct_90d,"[0.0228083, 0.0229248)",0.07812175017463902,-5
transfer_to_competitor_pct_90d,"[0.0229248, 0.0230473)",0.07922671641666675,-5
transfer_to_competitor_pct_90d,"[0.0230473, 0.0232017)",0.0796208897876389,-5
transfer_to_competitor_pct_90d,"[0.0232017, 0.0232957)",0.08015084392175124,-5
transfer_to_competitor_pct_90d,"[0.0232957, 0.0234027)",0.08154210752765245,-5
transfer_to_competitor_pct_90d,"[0.0234027, 0.023497)",0.08413627645770319,-5
transfer_to_competitor_pct_90d,"[0.023497, 0.0235898)",0.08413627645770319,-5
transfer_to_competitor_pct_90d,"[0.0235898, 0.0236704)",0.08413627645770319,-5
transfer_to_competitor_pct_90d,"[0.0236704, 0.0237804)",0.08630522721905214,-5
transfer_to_competitor_pct_90d,"[0.0237804, 0.0239221)",0.08630522721905214,-5
transfer_to_competitor_pct_90d,"[0.0239221, 0.0240366)",0.08737627787935633,-5
transfer_to_competitor_pct_90d,"[0.0240366, 0.0241756)",0.088066756153404,-5
transfer_to_competitor_pct_90d,"[0.0241756, 0.0243559)",0.088066756153404,-5
transfer_to_competitor_pct_90d,"[0.0243559, 0.0244483)",0.09114844385908999,-5
transfer_to_competitor_pct_90d,"[0.0244483, 0.0245218)",0.09226819066940495,-5
transfer_to_competitor_pct_90d,"[0.0245218, 0.0246364)",0.0934358810669164,-6
transfer_to_competitor_pct_90d,"[0.0246364, 0.0247623)",0.0934358810669164,-6
transfer_to_competitor_pct_90d,"[0.0247623, 0.0248469)",0.0934358810669164,-6
transfer_to_competitor_pct_90d,"[0.0248469, 0.0249834)",0.09439150323007639,-6
transfer_to_competitor_pct_90d,"[0.0249834, 0.0251431)",0.09502389483883562,-6
transfer_to_competitor_pct_90d,"[0.0251431, 0.025315)",0.09557350208892969,-6
transfer_to_competitor_pct_90d,"[0.025315, 0.0254201)",0.09557350208892969,-6
transfer_to_competitor_pct_90d,"[0.0254201, 0.0255448)",0.09557350208892969,-6
transfer_to_competitor_pct_90d,"[0.0255448, 0.0256663)",0.09622216847014661,-6
transfer_to_competitor_pct_90d,"[0.0256663, 0.0257666)",0.09710292599203847,-6
transfer_to_competitor_pct_90d,"[0.0257666, 0.0258641)",0.09710292599203847,-6
transfer_to_competitor_pct_90d,"[0.0258641, 0.0260468)",0.0976919903259752,-6
transfer_to_competitor_pct_90d,"[0.0260468, 0.0262698)",0.09927226874303724,-6
transfer_to_competitor_pct_90d,"[0.0262698, 0.0265384)",0.09988562260018337,-6
transfer_to_competitor_pct_90d,"[0.0265384, 0.026707)",0.10263902933661072,-6
transfer_to_competitor_pct_90d,"[0.026707, 0.02691)",0.10263902933661072,-6
transfer_to_competitor_pct_90d,"[0.02691, 0.0270129)",0.10263902933661072,-6
transfer_to_competitor_pct_90d,"[0.0270129, 0.0271721)",0.10454713838156668,-6
transfer_to_competitor_pct_90d,"[0.0271721, 0.0274118)",0.10666231603453893,-6
transfer_to_competitor_pct_90d,"[0.0274118, 0.0276172)",0.10666231603453893,-6
transfer_to_competitor_pct_90d,"[0.0276172, 0.0277554)",0.10666231603453893,-6
transfer_to_competitor_pct_90d,"[0.0277554, 0.0279659)",0.1100463022493477,-7
transfer_to_competitor_pct_90d,"[0.0279659, 0.0280825)",0.11127201307246817,-7
transfer_to_competitor_pct_90d,"[0.0280825, 0.0281982)",0.11258732107049715,-7
transfer_to_competitor_pct_90d,"[0.0281982, 0.0284785)",0.11362901712571913,-7
transfer_to_competitor_pct_90d,"[0.0284785, 0.0286255)",0.11444150559117892,-7
transfer_to_competitor_pct_90d,"[0.0286255, 0.028852)",0.11444150559117892,-7
transfer_to_competitor_pct_90d,"[0.028852, 0.0291418)",0.11508040595295328,-7
transfer_to_competitor_pct_90d,"[0.0291418, 0.0294613)",0.11695853071529215,-7
transfer_to_competitor_pct_90d,"[0.0294613, 0.0296344)",0.11764339236680454,-7
transfer_to_competitor_pct_90d,"[0.0296344, 0.0300328)",0.11764339236680454,-7
transfer_to_competitor_pct_90d,"[0.0300328, 0.0303119)",0.12007660221461186,-7
transfer_to_competitor_pct_90d,"[0.0303119, 0.0305791)",0.1205331060178919,-7
transfer_to_competitor_pct_90d,"[0.0305791, 0.0308981)",0.1205331060178919,-7
transfer_to_competitor_pct_90d,"[0.0308981, 0.0310484)",0.12327657365994914,-7
transfer_to_competitor_pct_90d,"[0.0310484, 0.0312293)",0.1255682191792591,-7
transfer_to_competitor_pct_90d,"[0.0312293, 0.031522)",0.1255682191792591,-7
transfer_to_competitor_pct_90d,"[0.031522, 0.031775)",0.12702143960428075,-8
transfer_to_competitor_pct_90d,"[0.031775, 0.0321254)",0.12702143960428075,-8
transfer_to_competitor_pct_90d,"[0.0321254, 0.032477)",0.12950130775429186,-8
transfer_to_competitor_pct_90d,"[0.032477, 0.0327447)",0.13044384369943426,-8
transfer_to_competitor_pct_90d,"[0.0327447, 0.033148)",0.13044384369943426,-8
transfer_to_competitor_pct_90d,"[0.033148, 0.0333615)",0.13269943580024102,-8
transfer_to_competitor_pct_90d,"[0.0333615, 0.0338278)",0.13269943580024102,-8
transfer_to_competitor_pct_90d,"[0.0338278, 0.0342033)",0.13269943580024102,-8
transfer_to_competitor_pct_90d,"[0.0342033, 0.0345436)",0.13592735138271067,-8
transfer_to_competitor_pct_90d,"[0.0345436, 0.0347693)",0.13964559232736026,-8
transfer_to_competitor_pct_90d,"[0.0347693, 0.035572)",0.13964559232736026,-8
transfer_to_competitor_pct_90d,"[0.035572, 0.036035)",0.14123930279995592,-8
transfer_to_competitor_pct_90d,"[0.036035, 0.0364595)",0.1425864259614265,-8
transfer_to_competitor_pct_90d,"[0.0364595, 0.0372675)",0.14464152303944733,-9
transfer_to_competitor_pct_90d,"[0.0372675, 0.037666)",0.14705456318582877,-9
transfer_to_competitor_pct_90d,"[0.037666, 0.0381211)",0.1520752083134503,-9
transfer_to_competitor_pct_90d,"[0.0381211, 0.0388739)",0.1531670462270068,-9
transfer_to_competitor_pct_90d,"[0.0388739, 0.0392626)",0.15474287535856857,-9
transfer_to_competitor_pct_90d,"[0.0392626, 0.0400688)",0.15783774416431634,-9
transfer_to_competitor_pct_90d,"[0.0400688, 0.0405626)",0.1613164923277432,-10
transfer_to_competitor_pct_90d,"[0.0405626, 0.0411476)",0.1613164923277432,-10
transfer_to_competitor_pct_90d,"[0.0411476, 0.0418922)",0.1613164923277432,-10
transfer_to_competitor_pct_90d,"[0.0418922, 0.0430154)",0.1613164923277432,-10
transfer_to_competitor_pct_90d,"[0.0430154, 0.0435927)",0.1613164923277432,-10
transfer_to_competitor_pct_90d,"[0.0435927, 0.0449385)",0.1613164923277432,-10
transfer_to_competitor_pct_90d,"[0.0449385, 0.0464867)",0.16388162782023769,-10
transfer_to_competitor_pct_90d,"[0.0464867, 0.0479563)",0.16388162782023769,-10
transfer_to_competitor_pct_90d,"[0.0479563, 0.0497626)",0.16570742120278192,-10
transfer_to_competitor_pct_90d,"[0.0497626, 0.0514402)",0.16570742120278192,-10
transfer_to_competitor_pct_90d,"[0.0514402, 0.0538093)",0.17982235813534786,-11
transfer_to_competitor_pct_90d,"[0.0538093, 0.0583251)",0.1813301017815649,-11
transfer_to_competitor_pct_90d,"[0.0583251, 0.0616606)",0.18246642028528826,-11
transfer_to_competitor_pct_90d,"[0.0616606, 0.0666212)",0.18246642028528826,-11
transfer_to_competitor_pct_90d,"[0.0666212, 0.0714416)",0.18331308158627196,-11
transfer_to_competitor_pct_90d,"[0.0714416, 0.0819894)",0.18380209782514667,-11
transfer_to_competitor_pct_90d,"[0.0819894, 0.10282)",0.18380209782514667,-11
transfer_to_competitor_pct_90d,"[0.10282, 0.118047)",0.19932882433625737,-12
transfer_to_competitor_pct_90d,"[0.118047, 0.147082)",0.6066968235798391,-36
transfer_to_competitor_pct_90d,"[0.147082, 0.17315)",0.6536454377199452,-39
transfer_to_competitor_pct_90d,"[0.17315, 0.205584)",0.654658595893361,-39
transfer_to_competitor_pct_90d,"[0.205584, 0.224353)",0.6598433723454512,-39
transfer_to_competitor_pct_90d,"[0.224353, 0.245428)",0.6616675177457432,-39
transfer_to_competitor_pct_90d,"[0.245428, 0.270505)",0.6641358760252863,-39
transfer_to_competitor_pct_90d,"[0.270505, 0.286996)",0.6667075548692434,-40
transfer_to_competitor_pct_90d,"[0.286996, 0.311229)",0.6708884568913129,-40
transfer_to_competitor_pct_90d,"[0.311229, 0.33587)",0.6827057444030897,-41
transfer_to_competitor_pct_90d,"[0.33587, 0.350573)",0.6857729742656737,-41
transfer_to_competitor_pct_90d,"[0.350573, 0.369315)",0.6857729742656737,-41
transfer_to_competitor_pct_90d,"[0.369315, 0.387435)",0.6857729742656737,-41
transfer_to_competitor_pct_90d,"[0.387435, 0.40432)",0.6866703034418549,-41
transfer_to_competitor_pct_90d,"[0.40432, 0.417786)",0.6923776172661036,-41
transfer_to_competitor_pct_90d,"[0.417786, 0.430889)",0.6933879322396752,-41
transfer_to_competitor_pct_90d,"[0.430889, 0.442416)",0.6985687206207586,-42
transfer_to_competitor_pct_90d,"[0.442416, 0.460781)",0.6985687206207586,-42
transfer_to_competitor_pct_90d,"[0.460781, 0.48569)",0.7010355640398218,-42
transfer_to_competitor_pct_90d,"[0.48569, 0.513227)",0.7010355640398218,-42
transfer_to_competitor_pct_90d,"[0.513227, 0.527085)",0.7010355640398218,-42
transfer_to_competitor_pct_90d,"[0.527085, 0.549934)",0.7019419092124498,-42
transfer_to_competitor_pct_90d,"[0.549934, 0.576383)",0.7019419092124498,-42
transfer_to_competitor_pct_90d,"[0.576383, 0.597435)",0.7032926261726103,-42
transfer_to_competitor_pct_90d,"[0.597435, 0.630032)",0.7032926261726103,-42
transfer_to_competitor_pct_90d,"[0.630032, 0.662908)",0.7032926261726103,-42
transfer_to_competitor_pct_90d,"[0.662908, 0.688859)",0.7052319057053136,-42
transfer_to_competitor_pct_90d,"[0.688859, 0.706752)",0.7089660665297928,-42
transfer_to_competitor_pct_90d,"[0.706752, 0.734785)",0.7098268784398962,-42
transfer_to_competitor_pct_90d,"[0.734785, 0.75759)",0.7112819891409092,-42
transfer_to_competitor_pct_90d,"[0.75759, 0.799917)",0.714982716149218,-43
transfer_to_competitor_pct_90d,"[0.799917, 0.822585)",0.714982716149218,-43
transfer_to_competitor_pct_90d,"[0.822585, 0.862052)",0.7160465101814333,-43
transfer_to_competitor_pct_90d,"[0.862052, 0.899861)",0.7201949243289556,-43
transfer_to_competitor_pct_90d,"[0.899861, 0.93757)",0.7201949243289556,-43
transfer_to_competitor_pct_90d,"[0.93757, 0.967552)",0.7226905233176926,-43
transfer_to_competitor_pct_90d,"[0.967552, 1.01592)",0.727173266034493,-43
transfer_to_competitor_pct_90d,"[1.01592, 1.07635)",0.7296056088420665,-43
transfer_to_competitor_pct_90d,"[1.07635, 1.10979)",0.7296056088420665,-43
transfer_to_competitor_pct_90d,"[1.10979, 1.13998)",0.7296056088420665,-43
transfer_to_competitor_pct_90d,"[1.13998, 1.18133)",0.7333301221848508,-44
transfer_to_competitor_pct_90d,"[1.18133, 1.22503)",0.7333301221848508,-44
transfer_to_competitor_pct_90d,"[1.22503, 1.26338)",0.7333301221848508,-44
transfer_to_competitor_pct_90d,"[1.26338, 1.33757)",0.7333301221848508,-44
transfer_to_competitor_pct_90d,"[1.33757, 1.41546)",0.7352405089729341,-44
transfer_to_competitor_pct_90d,"[1.41546, 1.50454)",0.7352405089729341,-44
transfer_to_competitor_pct_90d,"[1.50454, 1.58865)",0.7368131174528738,-44
transfer_to_competitor_pct_90d,"[1.58865, 1.65465)",0.7384822169681895,-44
transfer_to_competitor_pct_90d,"[1.65465, 1.70154)",0.7384822169681895,-44
transfer_to_competitor_pct_90d,"[1.70154, 1.7956)",0.7400262133720591,-44
transfer_to_competitor_pct_90d,"[1.7956, 1.97243)",0.7406131235969411,-44
transfer_to_competitor_pct_90d,"[1.97243, 2.07802)",0.7420730799699441,-44
transfer_to_competitor_pct_90d,"[2.07802, 2.32056)",0.7420730799699441,-44
transfer_to_competitor_pct_90d,"[2.32056, 2.53627)",0.7439009349241454,-44
transfer_to_competitor_pct_90d,"[2.53627, 2.97925)",0.7473898317357821,-44
transfer_to_competitor_pct_90d,"[2.97925, 3.67378)",0.7489415288320758,-45
transfer_to_competitor_pct_90d,"[3.67378, 4.8671)",0.7498981971793062,-45
transfer_to_competitor_pct_90d,"[4.8671, inf)",0.8088682475765903,-48
transfer_to_competitor_pct_90d,missing,0.0,0
repeat_complaint_flag,"[-inf, 0.5)",-0.026489305693083484,2
repeat_complaint_flag,"[0.5, inf)",0.6806964752062263,-40
repeat_complaint_flag,missing,0.0,0
contact_gap_ratio,"[-inf, 0.00555556)",-0.19652234054147125,12
contact_gap_ratio,"[0.00555556, 0.0166667)",-0.15600167217833602,9
contact_gap_ratio,"[0.0166667, 0.0277778)",-0.15101492855615276,9
contact_gap_ratio,"[0.0277778, 0.0388889)",-0.15101492855615276,9
contact_gap_ratio,"[0.0388889, 0.05)",-0.1213425951336948,7
contact_gap_ratio,"[0.05, 0.0611111)",-0.12037163785592324,7
contact_gap_ratio,"[0.0611111, 0.0722222)",-0.11094078262883528,7
contact_gap_ratio,"[0.0722222, 0.0833333)",-0.10950981232797133,7
contact_gap_ratio,"[0.0833333, 0.0944444)",-0.10810188235508378,6
contact_gap_ratio,"[0.0944444, 0.105556)",-0.07981132456239406,5
contact_gap_ratio,"[0.105556, 0.116667)",-0.07833360735553331,5
contact_gap_ratio,"[0.116667, 0.127778)",-0.07553004273698309,4
contact_gap_ratio,"[0.127778, 0.138889)",-0.07090196949404953,4
contact_gap_ratio,"[0.138889, 0.15)",-0.06998077208096193,4
contact_gap_ratio,"[0.15, 0.161111)",-0.06998077208096193,4
contact_gap_ratio,"[0.161111, 0.172222)",-0.06965197758609497,4
contact_gap_ratio,"[0.172222, 0.183333)",-0.06810641049103615,4
contact_gap_ratio,"[0.183333, 0.194444)",-0.0667831126726733,4
contact_gap_ratio,"[0.194444, 0.205556)",-0.06638671545747957,4
contact_gap_ratio,"[0.205556, 0.216667)",-0.06606176967693331,4
contact_gap_ratio,"[0.216667, 0.227778)",-0.0654174534596384,4
contact_gap_ratio,"[0.227778, 0.238889)",-0.06385305924823331,4
contact_gap_ratio,"[0.238889, 0.25)",-0.062083876532587186,4
contact_gap_ratio,"[0.25, 0.261111)",-0.06068738000499141,4
contact_gap_ratio,"[0.261111, 0.272222)",-0.06036207290124756,4
contact_gap_ratio,"[0.272222, 0.283333)",-0.05882618877277857,3
contact_gap_ratio,"[0.283333, 0.294444)",-0.05816238227907812,3
contact_gap_ratio,"[0.294444, 0.305556)",-0.05620173500472895,3
contact_gap_ratio,"[0.305556, 0.316667)",-0.05480898530964285,3
contact_gap_ratio,"[0.316667, 0.327778)",-0.05457419454247951,3
contact_gap_ratio,"[0.327778, 0.338889)",-0.05309180741815651,3
contact_gap_ratio,"[0.338889, 0.35)",0.02434614742580045,-1
contact_gap_ratio,"[0.35, 0.361111)",0.025946108641459437,-2
contact_gap_ratio,"[0.361111, 0.372222)",0.03363038810070819,-2
contact_gap_ratio,"[0.372222, 0.383333)",0.03415933314434546,-2
contact_gap_ratio,"[0.383333, 0.394444)",0.03573013759867748,-2
contact_gap_ratio,"[0.394444, 0.405556)",0.03786447921744393,-2
contact_gap_ratio,"[0.405556, 0.416667)",0.03815019249176426,-2
contact_gap_ratio,"[0.416667, 0.427778)",0.03983690958017371,-2
contact_gap_ratio,"[0.427778, 0.438889)",0.04099099795402448,-2
contact_gap_ratio,"[0.438889, 0.45)",0.0439759765858501,-3
contact_gap_ratio,"[0.45, 0.461111)",0.0463582000792298,-3
contact_gap_ratio,"[0.461111, 0.472222)",0.04675254823615146,-3
contact_gap_ratio,"[0.472222, 0.483333)",0.04768564931101332,-3
contact_gap_ratio,"[0.483333, 0.494444)",0.04938800390610712,-3
contact_gap_ratio,"[0.494444, 0.505556)",0.050450879718803465,-3
contact_gap_ratio,"[0.505556, 0.516667)",0.050450879718803465,-3
contact_gap_ratio,"[0.516667, 0.527778)",0.05186725058110516,-3
contact_gap_ratio,"[0.527778, 0.538889)",0.05339205587192043,-3
contact_gap_ratio,"[0.538889, 0.55)",0.05523354657854525,-3
contact_gap_ratio,"[0.55, 0.561111)",0.05985820754842608,-4
contact_gap_ratio,"[0.561111, 0.572222)",0.06176576370669728,-4
contact_gap_ratio,"[0.572222, 0.583333)",0.06264122870609708,-4
contact_gap_ratio,"[0.583333, 0.594444)",0.06438767848769339,-4
contact_gap_ratio,"[0.594444, 0.605556)",0.06551101442783085,-4
contact_gap_ratio,"[0.605556, 0.616667)",0.0679638477688497,-4
contact_gap_ratio,"[0.616667, 0.627778)",0.06918345686248491,-4
contact_gap_ratio,"[0.627778, 0.638889)",0.07177835875535928,-4
contact_gap_ratio,"[0.638889, 0.65)",0.07302188287487257,-4
contact_gap_ratio,"[0.65, 0.661111)",0.07504233754426252,-4
contact_gap_ratio,"[0.661111, 0.672222)",0.07550076109585042,-4
contact_gap_ratio,"[0.672222, 0.683333)",0.0778094245100306,-5
contact_gap_ratio,"[0.683333, 0.694444)",0.07901856107785393,-5
contact_gap_ratio,"[0.694444, 0.705556)",0.08027111697748819,-5
contact_gap_ratio,"[0.705556, 0.716667)",0.0820129025027722,-5
contact_gap_ratio,"[0.716667, 0.727778)",0.08546292166009874,-5
contact_gap_ratio,"[0.727778, 0.738889)",0.08694415780706048,-5
contact_gap_ratio,"[0.738889, 0.75)",0.08694415780706048,-5
contact_gap_ratio,"[0.75, 0.761111)",0.08908566943768839,-5
contact_gap_ratio,"[0.761111, 0.772222)",0.09032058023932822,-5
contact_gap_ratio,"[0.772222, 0.783333)",0.09090622409523573,-5
contact_gap_ratio,"[0.783333, 0.794444)",0.09257984544018129,-6
contact_gap_ratio,"[0.794444, 0.805556)",0.09381544840918,-6
contact_gap_ratio,"[0.805556, 0.816667)",0.0976560687038781,-6
contact_gap_ratio,"[0.816667, 0.827778)",0.09924372923795971,-6
contact_gap_ratio,"[0.827778, 0.838889)",0.10044790251325908,-6
contact_gap_ratio,"[0.838889, 0.85)",0.10293508684989723,-6
contact_gap_ratio,"[0.85, 0.861111)",0.10626645030728979,-6
contact_gap_ratio,"[0.861111, 0.872222)",0.10743540992295776,-6
contact_gap_ratio,"[0.872222, 0.883333)",0.10825653664513984,-6
contact_gap_ratio,"[0.883333, 0.894444)",0.10952285256956534,-7
contact_gap_ratio,"[0.894444, 0.905556)",0.11121279554822085,-7
contact_gap_ratio,"[0.905556, 0.916667)",0.11280605580170974,-7
contact_gap_ratio,"[0.916667, 0.927778)",0.11319960498248721,-7
contact_gap_ratio,"[0.927778, 0.938889)",0.11491619294884467,-7
contact_gap_ratio,"[0.938889, 0.95)",0.11694970057379528,-7
contact_gap_ratio,"[0.95, 0.961111)",0.11694970057379528,-7
contact_gap_ratio,"[0.961111, 0.972222)",0.12093172458513911,-7
contact_gap_ratio,"[0.972222, 0.983333)",0.12367356610185218,-7
contact_gap_ratio,"[0.983333, 0.994444)",0.12674488022399902,-8
contact_gap_ratio,"[0.994444, 1.00556)",0.12946146081234716,-8
contact_gap_ratio,"[1.00556, 1.01667)",0.1319721601616249,-8
contact_gap_ratio,"[1.01667, 1.02778)",0.134484409558078,-8
contact_gap_ratio,"[1.02778, 1.03889)",0.13522247601913398,-8
contact_gap_ratio,"[1.03889, 1.05)",0.1358101978011719,-8
contact_gap_ratio,"[1.05, 1.06111)",0.1374503406125928,-8
contact_gap_ratio,"[1.06111, 1.07222)",0.13826688125082218,-8
contact_gap_ratio,"[1.07222, 1.08333)",0.1402800494357178,-8
contact_gap_ratio,"[1.08333, 1.09444)",0.1418774584838874,-8
contact_gap_ratio,"[1.09444, 1.10556)",0.14319824069489587,-9
contact_gap_ratio,"[1.10556, 1.11667)",0.14460381905939693,-9
contact_gap_ratio,"[1.11667, 1.12778)",0.14705016444733254,-9
contact_gap_ratio,"[1.12778, 1.13889)",0.14827954781032324,-9
contact_gap_ratio,"[1.13889, 1.15)",0.14863938217620257,-9
contact_gap_ratio,"[1.15, 1.16111)",0.15045967685998088,-9
contact_gap_ratio,"[1.16111, 1.17222)",0.15108530251456267,-9
contact_gap_ratio,"[1.17222, 1.18333)",0.1534708834136629,-9
contact_gap_ratio,"[1.18333, 1.19444)",0.1548190671791756,-9
contact_gap_ratio,"[1.19444, 1.20556)",0.15545646265340973,-9
contact_gap_ratio,"[1.20556, 1.21667)",0.15763120943883585,-9
contact_gap_ratio,"[1.21667, 1.22778)",0.1617802490842263,-10
contact_gap_ratio,"[1.22778, 1.23889)",0.16389608564921396,-10
contact_gap_ratio,"[1.23889, 1.25)",0.16582803466281842,-10
contact_gap_ratio,"[1.25, 1.26111)",0.16798991598519247,-10
contact_gap_ratio,"[1.26111, 1.27222)",0.16863683121679093,-10
contact_gap_ratio,"[1.27222, 1.28333)",0.1698414237604655,-10
contact_gap_ratio,"[1.28333, 1.29444)",0.1720195866484536,-10
contact_gap_ratio,"[1.29444, 1.30556)",0.17282993583031295,-10
contact_gap_ratio,"[1.30556, 1.31667)",0.1781804669337059,-11
contact_gap_ratio,"[1.31667, 1.32778)",0.18076525380279138,-11
contact_gap_ratio,"[1.32778, 1.33889)",0.18076525380279138,-11
contact_gap_ratio,"[1.33889, 1.35)",0.18209070092906787,-11
contact_gap_ratio,"[1.35, 1.36111)",0.18538694964557928,-11
contact_gap_ratio,"[1.36111, 1.37222)",0.18647128474927888,-11
contact_gap_ratio,"[1.37222, 1.38333)",0.1867062409585849,-11
contact_gap_ratio,"[1.38333, 1.39444)",0.1890315646994752,-11
contact_gap_ratio,"[1.39444, 1.40556)",0.1905435053727947,-11
contact_gap_ratio,"[1.40556, 1.41667)",0.19188555892105652,-11
contact_gap_ratio,"[1.41667, 1.42778)",0.19338243417486334,-11
contact_gap_ratio,"[1.42778, 1.43889)",0.1967953942937774,-12
contact_gap_ratio,"[1.43889, 1.45)",0.19909728025328108,-12
contact_gap_ratio,"[1.45, 1.46111)",0.20003264881472121,-12
contact_gap_ratio,"[1.46111, 1.47222)",0.20301743864054178,-12
contact_gap_ratio,"[1.47222, 1.48333)",0.20613006347825538,-12
contact_gap_ratio,"[1.48333, 1.49444)",0.21025158544535083,-12
contact_gap_ratio,"[1.49444, 1.50556)",0.21245940371109293,-13
contact_gap_ratio,"[1.50556, 1.51667)",0.21516148353443157,-13
contact_gap_ratio,"[1.51667, 1.52778)",0.21697227663154972,-13
contact_gap_ratio,"[1.52778, 1.53889)",0.2207252386943061,-13
contact_gap_ratio,"[1.53889, 1.55)",0.22458428801243036,-13
contact_gap_ratio,"[1.55, 1.56111)",0.2256483639631101,-13
contact_gap_ratio,"[1.56111, 1.57222)",0.22999272736705448,-14
contact_gap_ratio,"[1.57222, 1.58333)",0.2318448945843269,-14
contact_gap_ratio,"[1.58333, 1.59444)",0.2361330075973986,-14
contact_gap_ratio,"[1.59444, 1.60556)",0.23894116722484626,-14
contact_gap_ratio,"[1.60556, 1.61667)",0.24054581992078514,-14
contact_gap_ratio,"[1.61667, 1.62778)",0.24232020311821376,-14
contact_gap_ratio,"[1.62778, 1.63889)",0.24467037442532258,-15
contact_gap_ratio,"[1.63889, 1.65)",0.24637367136689933,-15
contact_gap_ratio,"[1.65, 1.66111)",0.24903955607280315,-15
contact_gap_ratio,"[1.66111, 1.67222)",0.25083388287315667,-15
contact_gap_ratio,"[1.67222, 1.68333)",0.25292514460312104,-15
contact_gap_ratio,"[1.68333, 1.69444)",0.2549380685092939,-15
contact_gap_ratio,"[1.69444, 1.71667)",0.256013302009305,-15
contact_gap_ratio,"[1.71667, 1.72778)",0.25751987323237124,-15
contact_gap_ratio,"[1.72778, 1.73889)",0.25841095776970946,-15
contact_gap_ratio,"[1.73889, 1.75)",0.26161124544968795,-16
contact_gap_ratio,"[1.75, 1.76111)",0.26161124544968795,-16
contact_gap_ratio,"[1.76111, 1.77222)",0.26492585185507883,-16
contact_gap_ratio,"[1.77222, 1.78333)",0.2678288662217559,-16
contact_gap_ratio,"[1.78333, 1.79444)",0.2681329014630895,-16
contact_gap_ratio,"[1.79444, 1.80556)",0.2712292776412132,-16
contact_gap_ratio,"[1.80556, 1.82778)",0.27457536601125515,-16
contact_gap_ratio,"[1.82778, 1.83889)",0.27538505881582503,-16
contact_gap_ratio,"[1.83889, 1.85)",0.2789089773995681,-17
contact_gap_ratio,"[1.85, 1.86111)",0.28026490167218665,-17
contact_gap_ratio,"[1.86111, 1.87222)",0.2814829978299038,-17
contact_gap_ratio,"[1.87222, 1.88333)",0.2822813144177175,-17
contact_gap_ratio,"[1.88333, 1.89444)",0.28305653882858156,-17
contact_gap_ratio,"[1.89444, 1.90556)",0.28505890034289405,-17
contact_gap_ratio,"[1.90556, 1.91667)",0.2856719208088204,-17
contact_gap_ratio,"[1.91667, 1.92778)",0.28634790232238677,-17
contact_gap_ratio,"[1.92778, 1.93889)",0.2883286723003523,-17
contact_gap_ratio,"[1.93889, 1.95)",0.2894755360326469,-17
contact_gap_ratio,"[1.95, 1.96111)",0.29107880545517345,-17
contact_gap_ratio,"[1.96111, 1.97222)",0.29154495157882404,-17
contact_gap_ratio,"[1.97222, 1.98333)",0.2943213279454392,-17
contact_gap_ratio,"[1.98333, 1.99444)",0.29582087437452104,-18
contact_gap_ratio,"[1.99444, 2.00556)",0.2978868955732573,-18
contact_gap_ratio,"[2.00556, 2.01667)",0.2992106126056745,-18
contact_gap_ratio,"[2.01667, 2.02778)",0.3023003776109859,-18
contact_gap_ratio,"[2.02778, 2.05)",0.3061398670683317,-18
contact_gap_ratio,"[2.05, 2.06111)",0.3087702829991539,-18
contact_gap_ratio,"[2.06111, 2.07222)",0.3100931926057492,-18
contact_gap_ratio,"[2.07222, 2.08333)",0.3107890012520578,-18
contact_gap_ratio,"[2.08333, 2.09444)",0.3141490972337907,-19
contact_gap_ratio,"[2.09444, 2.10556)",0.3172230931134783,-19
contact_gap_ratio,"[2.10556, 2.11667)",0.31956043239701704,-19
contact_gap_ratio,"[2.11667, 2.12778)",0.32180223973822364,-19
contact_gap_ratio,"[2.12778, 2.13889)",0.32371531266335635,-19
contact_gap_ratio,"[2.13889, 2.16111)",0.3253759738329222,-19
contact_gap_ratio,"[2.16111, 2.17222)",0.3262190739808576,-19
contact_gap_ratio,"[2.17222, 2.18333)",0.32752478756623143,-19
contact_gap_ratio,"[2.18333, 2.19444)",0.3285300070157257,-20
contact_gap_ratio,"[2.19444, 2.20556)",0.331664681744189,-20
contact_gap_ratio,"[2.20556, 2.21667)",0.3320541269858873,-20
contact_gap_ratio,"[2.21667, 2.22778)",0.33361075510526883,-20
contact_gap_ratio,"[2.22778, 2.23889)",0.33579795764130715,-20
contact_gap_ratio,"[2.23889, 2.25)",0.33936532618178666,-20
contact_gap_ratio,"[2.25, 2.26111)",0.34118624015466636,-20
contact_gap_ratio,"[2.26111, 2.27222)",0.34380122017111603,-20
contact_gap_ratio,"[2.27222, 2.28333)",0.3441779362584607,-20
contact_gap_ratio,"[2.28333, 2.29444)",0.34648442677636243,-21
contact_gap_ratio,"[2.29444, 2.30556)",0.3498304536316191,-21
contact_gap_ratio,"[2.30556, 2.31667)",0.3506783626289001,-21
contact_gap_ratio,"[2.31667, 2.32778)",0.35198331697210183,-21
contact_gap_ratio,"[2.32778, 2.33889)",0.35342183390866316,-21
contact_gap_ratio,"[2.33889, 2.35)",0.35464712731608666,-21
contact_gap_ratio,"[2.35, 2.36111)",0.35561647860699175,-21
contact_gap_ratio,"[2.36111, 2.37222)",0.356391343708818,-21
contact_gap_ratio,"[2.37222, 2.38333)",0.35916752632681187,-21
contact_gap_ratio,"[2.38333, 2.39444)",0.3598411132722851,-21
contact_gap_ratio,"[2.39444, 2.41667)",0.3598411132722851,-21
contact_gap_ratio,"[2.41667, 2.42778)",0.362614886471952,-22
contact_gap_ratio,"[2.42778, 2.43889)",0.3649045808870402,-22
contact_gap_ratio,"[2.43889, 2.45)",0.3674614433066012,-22
contact_gap_ratio,"[2.45, 2.46111)",0.36943767726676957,-22
contact_gap_ratio,"[2.46111, 2.47222)",0.3697618952466891,-22
contact_gap_ratio,"[2.47222, 2.48333)",0.3718370453040161,-22
contact_gap_ratio,"[2.48333, 2.49444)",0.3747283264188878,-22
contact_gap_ratio,"[2.49444, 2.50556)",0.376095789831384,-22
contact_gap_ratio,"[2.50556, 2.51667)",0.37786082467413334,-22
contact_gap_ratio,"[2.51667, 2.52778)",0.3787299017774816,-23
contact_gap_ratio,"[2.52778, 2.55)",0.3805111333138518,-23
contact_gap_ratio,"[2.55, 2.56111)",0.3812981475670249,-23
contact_gap_ratio,"[2.56111, 2.57222)",0.3833356554237168,-23
contact_gap_ratio,"[2.57222, 2.58333)",0.38533806882535454,-23
contact_gap_ratio,"[2.58333, 2.60556)",0.3890655161337268,-23
contact_gap_ratio,"[2.60556, 2.61667)",0.39104636737367576,-23
contact_gap_ratio,"[2.61667, 2.62778)",0.3918211432135995,-23
contact_gap_ratio,"[2.62778, 2.65)",0.3948963311951435,-23
contact_gap_ratio,"[2.65, 2.66111)",0.39563823943367193,-24
contact_gap_ratio,"[2.66111, 2.67222)",0.39860999769586775,-24
contact_gap_ratio,"[2.67222, 2.68333)",0.40133196191445386,-24
contact_gap_ratio,"[2.68333, 2.69444)",0.4038562001882049,-24
contact_gap_ratio,"[2.69444, 2.70556)",0.4070341049322574,-24
contact_gap_ratio,"[2.70556, 2.71667)",0.41105278145638463,-24
contact_gap_ratio,"[2.71667, 2.72778)",0.41636330472121674,-25
contact_gap_ratio,"[2.72778, 2.74444)",0.420906246708086,-25
contact_gap_ratio,"[2.74444, 2.76111)",0.4226625261538977,-25
contact_gap_ratio,"[2.76111, 2.77778)",0.42495436671955794,-25
contact_gap_ratio,"[2.77778, 2.80556)",0.4264336361616704,-25
contact_gap_ratio,"[2.80556, 2.81667)",0.4264336361616704,-25
contact_gap_ratio,"[2.81667, 2.82778)",0.42814578818686483,-25
contact_gap_ratio,"[2.82778, 2.83889)",0.43324435345045254,-26
contact_gap_ratio,"[2.83889, 2.86111)",0.43493496341035015,-26
contact_gap_ratio,"[2.86111, 2.89444)",0.43631370828570126,-26
contact_gap_ratio,"[2.89444, 2.90556)",0.439455877076573,-26
contact_gap_ratio,"[2.90556, 2.91667)",0.4401787802941133,-26
contact_gap_ratio,"[2.91667, 2.92778)",0.4419584007884245,-26
contact_gap_ratio,"[2.92778, 2.93889)",0.44304005668818014,-26
contact_gap_ratio,"[2.93889, 2.95556)",0.44533510526191833,-26
contact_gap_ratio,"[2.95556, 2.97222)",0.4484583621157796,-27
contact_gap_ratio,"[2.97222, 2.99444)",0.45158082749654554,-27
contact_gap_ratio,"[2.99444, 3.00556)",0.4539253729815875,-27
contact_gap_ratio,"[3.00556, 3.05)",0.4561195338711773,-27
contact_gap_ratio,"[3.05, 3.08333)",0.45820582667616216,-27
contact_gap_ratio,"[3.08333, 3.09444)",0.46236630293331604,-27
contact_gap_ratio,"[3.09444, 3.13333)",0.4649384203541477,-28
contact_gap_ratio,"[3.13333, 3.15)",0.46654754886748007,-28
contact_gap_ratio,"[3.15, 3.17778)",0.47097679149643945,-28
contact_gap_ratio,"[3.17778, 3.19444)",0.4731505704319004,-28
contact_gap_ratio,"[3.19444, 3.23889)",0.47877247124096844,-28
contact_gap_ratio,"[3.23889, 3.25556)",0.4812236804543497,-29
contact_gap_ratio,"[3.25556, 3.28333)",0.48345520836909506,-29
contact_gap_ratio,"[3.28333, 3.30556)",0.48546458772811907,-29
contact_gap_ratio,"[3.30556, 3.33889)",0.4868069028733998,-29
contact_gap_ratio,"[3.33889, 3.35556)",0.4900021507654018,-29
contact_gap_ratio,"[3.35556, 3.38333)",0.4953342412027494,-29
contact_gap_ratio,"[3.38333, 3.42222)",0.5008914648146633,-30
contact_gap_ratio,"[3.42222, 3.45)",0.5032300105121525,-30
contact_gap_ratio,"[3.45, 3.47778)",0.5074540861807874,-30
contact_gap_ratio,"[3.47778, 3.51667)",0.5429633791265407,-32
contact_gap_ratio,"[3.51667, 3.52778)",0.5465596523696757,-32
contact_gap_ratio,"[3.52778, 3.55)",0.5491291347619588,-33
contact_gap_ratio,"[3.55, 3.58889)",0.5516975132163631,-33
contact_gap_ratio,"[3.58889, 3.61667)",0.553742615681461,-33
contact_gap_ratio,"[3.61667, 3.62778)",0.5569624332567266,-33
contact_gap_ratio,"[3.62778, 3.67222)",0.5597747835764869,-33
contact_gap_ratio,"[3.67222, 3.74444)",0.5637632793167968,-34
contact_gap_ratio,"[3.74444, 3.77778)",0.5690480967632788,-34
contact_gap_ratio,"[3.77778, 3.80556)",0.571880093195512,-34
contact_gap_ratio,"[3.80556, 3.83889)",0.5761532695317838,-34
contact_gap_ratio,"[3.83889, 3.88333)",0.5791374054072524,-34
contact_gap_ratio,"[3.88333, 3.93889)",0.5808217099659098,-35
contact_gap_ratio,"[3.93889, 4)",0.5812248927694298,-35
contact_gap_ratio,"[4, 4.05)",0.5857429625558659,-35
contact_gap_ratio,"[4.05, 4.07778)",0.5927161847942033,-35
contact_gap_ratio,"[4.07778, 4.11667)",0.7000646703838115,-42
contact_gap_ratio,"[4.11667, 4.71667)",0.7047615016256235,-42
contact_gap_ratio,"[4.71667, 5.61667)",0.7138008941376519,-42
contact_gap_ratio,"[5.61667, 9.05)",0.7138008941376519,-42
contact_gap_ratio,"[9.05, inf)",0.7138008941376519,-42
contact_gap_ratio,missing,0.0,0
recurring_deposit_change_pct,"[-inf, -1)",0.22453158498909684,-13
recurring_deposit_change_pct,"[-1, -0.953913)",0.22405193767111609,-13
recurring_deposit_change_pct,"[-0.953913, -0.925225)",0.22405193767111609,-13
recurring_deposit_change_pct,"[-0.925225, -0.903674)",0.22405193767111609,-13
recurring_deposit_change_pct,"[-0.903674, -0.88207)",0.22405193767111609,-13
recurring_deposit_change_pct,"[-0.88207, -0.865832)",0.22385221951660206,-13
recurring_deposit_change_pct,"[-0.865832, -0.848692)",0.2234339960512301,-13
recurring_deposit_change_pct,"[-0.848692, -0.834138)",0.2234339960512301,-13
recurring_deposit_change_pct,"[-0.834138, -0.819105)",0.2234339960512301,-13
recurring_deposit_change_pct,"[-0.819105, -0.805421)",0.2230248431291934,-13
recurring_deposit_change_pct,"[-0.805421, -0.790587)",0.22260827007893758,-13
recurring_deposit_change_pct,"[-0.790587, -0.778521)",0.22255563760959562,-13
recurring_deposit_change_pct,"[-0.778521, -0.769472)",0.22238676795475334,-13
recurring_deposit_change_pct,"[-0.769472, -0.76222)",0.22238676795475334,-13
recurring_deposit_change_pct,"[-0.76222, -0.754038)",0.22238676795475334,-13
recurring_deposit_change_pct,"[-0.754038, -0.747127)",0.22196251070982906,-13
recurring_deposit_change_pct,"[-0.747127, -0.741167)",0.2216814203696813,-13
recurring_deposit_change_pct,"[-0.741167, -0.727728)",0.2216814203696813,-13
recurring_deposit_change_pct,"[-0.727728, -0.717261)",0.22149342519856619,-13
recurring_deposit_change_pct,"[-0.717261, -0.704737)",0.22140996242105618,-13
recurring_deposit_change_pct,"[-0.704737, -0.700314)",0.22140996242105618,-13
recurring_deposit_change_pct,"[-0.700314, -0.692416)",0.22090238168121426,-13
recurring_deposit_change_pct,"[-0.692416, -0.682644)",0.22090238168121426,-13
recurring_deposit_change_pct,"[-0.682644, -0.670945)",0.22030633007344833,-13
recurring_deposit_change_pct,"[-0.670945, -0.662022)",0.21995927809265423,-13
recurring_deposit_change_pct,"[-0.662022, -0.652561)",0.21995927809265423,-13
recurring_deposit_change_pct,"[-0.652561, -0.641441)",0.21939216724218702,-13
recurring_deposit_change_pct,"[-0.641441, -0.636231)",0.21902832222568105,-13
recurring_deposit_change_pct,"[-0.636231, -0.631703)",0.21766806904476407,-13
recurring_deposit_change_pct,"[-0.631703, -0.626064)",0.21718939835294238,-13
recurring_deposit_change_pct,"[-0.626064, -0.619557)",0.21718939835294238,-13
recurring_deposit_change_pct,"[-0.619557, -0.609401)",0.21674719068925558,-13
recurring_deposit_change_pct,"[-0.609401, -0.603429)",0.21624306696562745,-13
recurring_deposit_change_pct,"[-0.603429, -0.596548)",0.21624306696562745,-13
recurring_deposit_change_pct,"[-0.596548, -0.590143)",0.21603332039863044,-13
recurring_deposit_change_pct,"[-0.590143, -0.5836)",0.21535753102710056,-13
recurring_deposit_change_pct,"[-0.5836, -0.577562)",0.21443000801114306,-13
recurring_deposit_change_pct,"[-0.577562, -0.573145)",0.21346191981039686,-13
recurring_deposit_change_pct,"[-0.573145, -0.56798)",0.21346191981039686,-13
recurring_deposit_change_pct,"[-0.56798, -0.564011)",0.21346191981039686,-13
recurring_deposit_change_pct,"[-0.564011, -0.55912)",0.21346191981039686,-13
recurring_deposit_change_pct,"[-0.55912, -0.552712)",0.2133421773088506,-13
recurring_deposit_change_pct,"[-0.552712, -0.547463)",0.21270489822115296,-13
recurring_deposit_change_pct,"[-0.547463, -0.540702)",0.21213420012271433,-13
recurring_deposit_change_pct,"[-0.540702, -0.538054)",0.21213420012271433,-13
recurring_deposit_change_pct,"[-0.538054, -0.533937)",0.21162482698063403,-13
recurring_deposit_change_pct,"[-0.533937, -0.52965)",0.21122543563395885,-13
recurring_deposit_change_pct,"[-0.52965, -0.525261)",0.21094177558159116,-13
recurring_deposit_change_pct,"[-0.525261, -0.517298)",0.21043274629965592,-13
recurring_deposit_change_pct,"[-0.517298, -0.508687)",0.2097895913966023,-12
recurring_deposit_change_pct,"[-0.508687, -0.50435)",0.2097895913966023,-12
recurring_deposit_change_pct,"[-0.50435, -0.500599)",0.2097255033289992,-12
recurring_deposit_change_pct,"[-0.500599, -0.498201)",0.20954182811241465,-12
recurring_deposit_change_pct,"[-0.498201, -0.495938)",0.20919657928001514,-12
recurring_deposit_change_pct,"[-0.495938, -0.489953)",0.20793608109736214,-12
recurring_deposit_change_pct,"[-0.489953, -0.484206)",0.2077474470164953,-12
recurring_deposit_change_pct,"[-0.484206, -0.479615)",0.20761907672936608,-12
recurring_deposit_change_pct,"[-0.479615, -0.473709)",0.20673889929470807,-12
recurring_deposit_change_pct,"[-0.473709, -0.470534)",0.20673889929470807,-12
recurring_deposit_change_pct,"[-0.470534, -0.466724)",0.20592573751524462,-12
recurring_deposit_change_pct,"[-0.466724, -0.459091)",0.20570164372539862,-12
recurring_deposit_change_pct,"[-0.459091, -0.452517)",0.2055335723118002,-12
recurring_deposit_change_pct,"[-0.452517, -0.449162)",0.20456215442495262,-12
recurring_deposit_change_pct,"[-0.449162, -0.445855)",0.20456215442495262,-12
recurring_deposit_change_pct,"[-0.445855, -0.439961)",0.204138314086882,-12
recurring_deposit_change_pct,"[-0.439961, -0.435127)",0.20246213056673293,-12
recurring_deposit_change_pct,"[-0.435127, -0.431495)",0.20246213056673293,-12
recurring_deposit_change_pct,"[-0.431495, -0.427202)",0.20246213056673293,-12
recurring_deposit_change_pct,"[-0.427202, -0.4242)",0.20185862665170443,-12
recurring_deposit_change_pct,"[-0.4242, -0.419221)",0.20172600479097785,-12
recurring_deposit_change_pct,"[-0.419221, -0.414661)",0.20145392196348677,-12
recurring_deposit_change_pct,"[-0.414661, -0.411672)",0.20145392196348677,-12
recurring_deposit_change_pct,"[-0.411672, -0.407268)",0.2009835086353588,-12
recurring_deposit_change_pct,"[-0.407268, -0.402845)",0.20078063482858874,-12
recurring_deposit_change_pct,"[-0.402845, -0.397884)",0.2002642609459434,-12
recurring_deposit_change_pct,"[-0.397884, -0.393923)",0.19992251086221913,-12
recurring_deposit_change_pct,"[-0.393923, -0.391829)",0.19937236022608323,-12
recurring_deposit_change_pct,"[-0.391829, -0.387915)",0.1987396066728327,-12
recurring_deposit_change_pct,"[-0.387915, -0.385783)",0.1987396066728327,-12
recurring_deposit_change_pct,"[-0.385783, -0.381978)",0.19831866124811237,-12
recurring_deposit_change_pct,"[-0.381978, -0.378562)",0.19831866124811237,-12
recurring_deposit_change_pct,"[-0.378562, -0.3751)",0.19831866124811237,-12
recurring_deposit_change_pct,"[-0.3751, -0.372839)",0.19831866124811237,-12
recurring_deposit_change_pct,"[-0.372839, -0.369201)",0.19831866124811237,-12
recurring_deposit_change_pct,"[-0.369201, -0.365921)",0.19831866124811237,-12
recurring_deposit_change_pct,"[-0.365921, -0.361979)",0.19810687826940382,-12
recurring_deposit_change_pct,"[-0.361979, -0.356185)",0.19810687826940382,-12
recurring_deposit_change_pct,"[-0.356185, -0.354054)",0.1978772006650615,-12
recurring_deposit_change_pct,"[-0.354054, -0.351258)",0.19707002273477248,-12
recurring_deposit_change_pct,"[-0.351258, -0.34763)",0.19598430777206327,-12
recurring_deposit_change_pct,"[-0.34763, -0.343352)",0.19598430777206327,-12
recurring_deposit_change_pct,"[-0.343352, -0.340983)",0.1956909164661666,-12
recurring_deposit_change_pct,"[-0.340983, -0.338056)",0.1948306419235914,-12
recurring_deposit_change_pct,"[-0.338056, -0.333433)",0.19435821597713804,-12
recurring_deposit_change_pct,"[-0.333433, -0.3306)",0.19404232499887503,-12
recurring_deposit_change_pct,"[-0.3306, -0.328017)",0.19376475572639867,-12
recurring_deposit_change_pct,"[-0.328017, -0.325616)",0.19302022061086777,-11
recurring_deposit_change_pct,"[-0.325616, -0.323512)",0.19302022061086777,-11
recurring_deposit_change_pct,"[-0.323512, -0.319348)",0.19262702398874898,-11
recurring_deposit_change_pct,"[-0.319348, -0.316773)",0.19262702398874898,-11
recurring_deposit_change_pct,"[-0.316773, -0.314414)",0.19232843871237965,-11
recurring_deposit_change_pct,"[-0.314414, -0.312225)",0.19166210902608902,-11
recurring_deposit_change_pct,"[-0.312225, -0.309881)",0.19106269906026435,-11
recurring_deposit_change_pct,"[-0.309881, -0.305496)",0.19106269906026435,-11
recurring_deposit_change_pct,"[-0.305496, -0.30177)",0.1908342931535141,-11
recurring_deposit_change_pct,"[-0.30177, -0.297749)",0.1908342931535141,-11
recurring_deposit_change_pct,"[-0.297749, -0.295476)",0.1908342931535141,-11
recurring_deposit_change_pct,"[-0.295476, -0.291026)",0.19040617918570246,-11
recurring_deposit_change_pct,"[-0.291026, -0.288505)",0.18965044731659203,-11
recurring_deposit_change_pct,"[-0.288505, -0.28602)",0.1893840973573491,-11
recurring_deposit_change_pct,"[-0.28602, -0.282619)",0.1893840973573491,-11
recurring_deposit_change_pct,"[-0.282619, -0.279585)",0.1893840973573491,-11
recurring_deposit_change_pct,"[-0.279585, -0.275902)",0.13524200871656128,-8
recurring_deposit_change_pct,"[-0.275902, -0.274439)",0.11332308510651802,-7
recurring_deposit_change_pct,"[-0.274439, -0.270073)",0.09256199790871096,-6
recurring_deposit_change_pct,"[-0.270073, -0.266045)",0.09256199790871096,-6
recurring_deposit_change_pct,"[-0.266045, -0.264158)",0.09174687551635069,-5
recurring_deposit_change_pct,"[-0.264158, -0.262208)",0.09149715148535506,-5
recurring_deposit_change_pct,"[-0.262208, -0.25906)",0.09117391116251224,-5
recurring_deposit_change_pct,"[-0.25906, -0.256768)",0.09030400468184299,-5
recurring_deposit_change_pct,"[-0.256768, -0.254693)",0.08995403924193632,-5
recurring_deposit_change_pct,"[-0.254693, -0.250034)",0.08995403924193632,-5
recurring_deposit_change_pct,"[-0.250034, -0.247129)",0.08964064121119934,-5
recurring_deposit_change_pct,"[-0.247129, -0.245523)",0.08937737672114936,-5
recurring_deposit_change_pct,"[-0.245523, -0.242616)",0.08937737672114936,-5
recurring_deposit_change_pct,"[-0.242616, -0.240119)",0.0890221174193571,-5
recurring_deposit_change_pct,"[-0.240119, -0.237382)",0.08874857526630242,-5
recurring_deposit_change_pct,"[-0.237382, -0.233952)",0.08855127691377251,-5
recurring_deposit_change_pct,"[-0.233952, -0.232419)",0.08834501963446129,-5
recurring_deposit_change_pct,"[-0.232419, -0.229912)",0.08796525455207362,-5
recurring_deposit_change_pct,"[-0.229912, -0.227637)",0.08764151908443804,-5
recurring_deposit_change_pct,"[-0.227637, -0.226185)",0.08685846806015399,-5
recurring_deposit_change_pct,"[-0.226185, -0.223018)",0.0860172401824352,-5
recurring_deposit_change_pct,"[-0.223018, -0.221284)",0.0850445805652184,-5
recurring_deposit_change_pct,"[-0.221284, -0.218399)",0.08478549379970338,-5
recurring_deposit_change_pct,"[-0.218399, -0.214477)",0.08447976809056629,-5
recurring_deposit_change_pct,"[-0.214477, -0.212923)",0.08447976809056629,-5
recurring_deposit_change_pct,"[-0.212923, -0.210445)",0.08447976809056629,-5
recurring_deposit_change_pct,"[-0.210445, -0.209084)",0.08339417447053697,-5
recurring_deposit_change_pct,"[-0.209084, -0.205449)",0.0830840706224578,-5
recurring_deposit_change_pct,"[-0.205449, -0.203057)",0.08204540532098531,-5
recurring_deposit_change_pct,"[-0.203057, -0.201368)",0.08178523965789158,-5
recurring_deposit_change_pct,"[-0.201368, -0.199405)",0.08098969640100474,-5
recurring_deposit_change_pct,"[-0.199405, -0.197506)",0.07742180237944642,-5
recurring_deposit_change_pct,"[-0.197506, -0.195572)",0.0765155771544562,-5
recurring_deposit_change_pct,"[-0.195572, -0.192567)",0.07602263310090214,-5
recurring_deposit_change_pct,"[-0.192567, -0.18953)",0.07579241472805866,-5
recurring_deposit_change_pct,"[-0.18953, -0.18643)",0.07579241472805866,-5
recurring_deposit_change_pct,"[-0.18643, -0.184087)",0.07579241472805866,-5
recurring_deposit_change_pct,"[-0.184087, -0.181316)",0.07440520992133563,-4
recurring_deposit_change_pct,"[-0.181316, -0.1788)",0.07349118453215038,-4
recurring_deposit_change_pct,"[-0.1788, -0.176582)",0.06663871186697927,-4
recurring_deposit_change_pct,"[-0.176582, -0.175091)",0.06442526532066022,-4
recurring_deposit_change_pct,"[-0.175091, -0.173347)",0.06363681610323446,-4
recurring_deposit_change_pct,"[-0.173347, -0.170216)",0.06363681610323446,-4
recurring_deposit_change_pct,"[-0.170216, -0.168404)",0.06315164302787156,-4
recurring_deposit_change_pct,"[-0.168404, -0.167058)",0.06315164302787156,-4
recurring_deposit_change_pct,"[-0.167058, -0.164923)",0.06275172924948004,-4
recurring_deposit_change_pct,"[-0.164923, -0.162683)",0.06275172924948004,-4
recurring_deposit_change_pct,"[-0.162683, -0.160045)",0.06259405010438701,-4
recurring_deposit_change_pct,"[-0.160045, -0.158204)",0.06259405010438701,-4
recurring_deposit_change_pct,"[-0.158204, -0.156529)",0.06228375890998092,-4
recurring_deposit_change_pct,"[-0.156529, -0.154446)",0.06228375890998092,-4
recurring_deposit_change_pct,"[-0.154446, -0.153044)",0.06228375890998092,-4
recurring_deposit_change_pct,"[-0.153044, -0.150752)",0.06228375890998092,-4
recurring_deposit_change_pct,"[-0.150752, -0.148354)",0.06196110818882385,-4
recurring_deposit_change_pct,"[-0.148354, -0.146149)",0.06196110818882385,-4
recurring_deposit_change_pct,"[-0.146149, -0.145048)",0.06130576306857642,-4
recurring_deposit_change_pct,"[-0.145048, -0.142272)",0.06130576306857642,-4
recurring_deposit_change_pct,"[-0.142272, -0.140844)",0.06130576306857642,-4
recurring_deposit_change_pct,"[-0.140844, -0.13781)",0.06130576306857642,-4
recurring_deposit_change_pct,"[-0.13781, -0.136384)",0.06130576306857642,-4
recurring_deposit_change_pct,"[-0.136384, -0.134771)",0.06130576306857642,-4
recurring_deposit_change_pct,"[-0.134771, -0.132671)",0.060874080370015564,-4
recurring_deposit_change_pct,"[-0.132671, -0.129965)",0.058284062914436705,-3
recurring_deposit_change_pct,"[-0.129965, -0.128513)",0.05717010952546127,-3
recurring_deposit_change_pct,"[-0.128513, -0.126374)",0.05698941341648889,-3
recurring_deposit_change_pct,"[-0.126374, -0.124948)",0.05664630413381863,-3
recurring_deposit_change_pct,"[-0.124948, -0.123492)",0.05608840481360764,-3
recurring_deposit_change_pct,"[-0.123492, -0.121338)",0.05508827274507597,-3
recurring_deposit_change_pct,"[-0.121338, -0.119595)",0.053789425857131125,-3
recurring_deposit_change_pct,"[-0.119595, -0.118474)",0.053789425857131125,-3
recurring_deposit_change_pct,"[-0.118474, -0.11726)",0.05357654442234945,-3
recurring_deposit_change_pct,"[-0.11726, -0.116141)",0.052888319896178225,-3
recurring_deposit_change_pct,"[-0.116141, -0.115112)",0.052154166400400395,-3
recurring_deposit_change_pct,"[-0.115112, -0.113555)",0.05187333999075138,-3
recurring_deposit_change_pct,"[-0.113555, -0.112737)",0.05086888803281511,-3
recurring_deposit_change_pct,"[-0.112737, -0.111701)",0.05060429024879538,-3
recurring_deposit_change_pct,"[-0.111701, -0.109734)",0.043819924339277234,-3
recurring_deposit_change_pct,"[-0.109734, -0.108611)",0.043819924339277234,-3
recurring_deposit_change_pct,"[-0.108611, -0.107311)",0.043390771632047416,-3
recurring_deposit_change_pct,"[-0.107311, -0.105084)",0.0429396794995711,-3
recurring_deposit_change_pct,"[-0.105084, -0.103223)",0.04249800436163072,-3
recurring_deposit_change_pct,"[-0.103223, -0.101693)",0.04249800436163072,-3
recurring_deposit_change_pct,"[-0.101693, -0.10066)",0.04249800436163072,-3
recurring_deposit_change_pct,"[-0.10066, -0.100021)",0.04224121781308191,-3
recurring_deposit_change_pct,"[-0.100021, -0.0984434)",0.04169378856426598,-2
recurring_deposit_change_pct,"[-0.0984434, -0.0979283)",0.041453769571751294,-2
recurring_deposit_change_pct,"[-0.0979283, -0.0969496)",0.041453769571751294,-2
recurring_deposit_change_pct,"[-0.0969496, -0.0961487)",0.04098790686928686,-2
recurring_deposit_change_pct,"[-0.0961487, -0.0953944)",0.040482614312481104,-2
recurring_deposit_change_pct,"[-0.0953944, -0.0944913)",0.03922248034543485,-2
recurring_deposit_change_pct,"[-0.0944913, -0.0932539)",0.03851817828589411,-2
recurring_deposit_change_pct,"[-0.0932539, -0.0926458)",0.03851817828589411,-2
recurring_deposit_change_pct,"[-0.0926458, -0.0916341)",0.038186407444824766,-2
recurring_deposit_change_pct,"[-0.0916341, -0.0908323)",0.037581877584737,-2
recurring_deposit_change_pct,"[-0.0908323, -0.0901819)",0.037581877584737,-2
recurring_deposit_change_pct,"[-0.0901819, -0.0898598)",0.037581877584737,-2
recurring_deposit_change_pct,"[-0.0898598, -0.0892331)",0.03727072963183563,-2
recurring_deposit_change_pct,"[-0.0892331, -0.0886053)",0.03676389287083414,-2
recurring_deposit_change_pct,"[-0.0886053, -0.0880669)",0.03650976942314533,-2
recurring_deposit_change_pct,"[-0.0880669, -0.0875284)",0.03650976942314533,-2
recurring_deposit_change_pct,"[-0.0875284, -0.0872318)",0.03650976942314533,-2
recurring_deposit_change_pct,"[-0.0872318, -0.0868115)",0.035625873338934314,-2
recurring_deposit_change_pct,"[-0.0868115, -0.0864902)",0.035625873338934314,-2
recurring_deposit_change_pct,"[-0.0864902, -0.0861621)",0.03550023643468324,-2
recurring_deposit_change_pct,"[-0.0861621, -0.0858209)",0.03550023643468324,-2
recurring_deposit_change_pct,"[-0.0858209, -0.0854491)",0.03531010127865915,-2
recurring_deposit_change_pct,"[-0.0854491, -0.085058)",0.03461399531564951,-2
recurring_deposit_change_pct,"[-0.085058, -0.0847106)",0.03367116057130417,-2
recurring_deposit_change_pct,"[-0.0847106, -0.0844688)",0.033177900738968556,-2
recurring_deposit_change_pct,"[-0.0844688, -0.0841585)",0.032889174663988385,-2
recurring_deposit_change_pct,"[-0.0841585, -0.083744)",0.03220487048883049,-2
recurring_deposit_change_pct,"[-0.083744, -0.0834407)",0.031968688128746946,-2
recurring_deposit_change_pct,"[-0.0834407, -0.0832435)",0.0312660600761309,-2
recurring_deposit_change_pct,"[-0.0832435, -0.0828488)",0.03098468422977141,-2
recurring_deposit_change_pct,"[-0.0828488, -0.0826922)",0.030456671583971213,-2
recurring_deposit_change_pct,"[-0.0826922, -0.0824407)",0.02995708088627774,-2
recurring_deposit_change_pct,"[-0.0824407, -0.082176)",0.02995708088627774,-2
recurring_deposit_change_pct,"[-0.082176, -0.0819809)",0.029683549402093713,-2
recurring_deposit_change_pct,"[-0.0819809, -0.0818204)",0.029683549402093713,-2
recurring_deposit_change_pct,"[-0.0818204, -0.0816015)",0.029683549402093713,-2
recurring_deposit_change_pct,"[-0.0816015, -0.0814664)",0.029683549402093713,-2
recurring_deposit_change_pct,"[-0.0814664, -0.0812784)",0.028439971061359013,-2
recurring_deposit_change_pct,"[-0.0812784, -0.0808999)",0.028439971061359013,-2
recurring_deposit_change_pct,"[-0.0808999, -0.0807161)",0.02798229336342435,-2
recurring_deposit_change_pct,"[-0.0807161, -0.0804254)",0.027697720263067816,-2
recurring_deposit_change_pct,"[-0.0804254, -0.0802883)",0.027499724796824818,-2
recurring_deposit_change_pct,"[-0.0802883, -0.0800164)",0.027305349701859435,-2
recurring_deposit_change_pct,"[-0.0800164, -0.0798704)",0.027305349701859435,-2
recurring_deposit_change_pct,"[-0.0798704, -0.0796486)",0.027165724745318,-2
recurring_deposit_change_pct,"[-0.0796486, -0.079388)",0.026638188058599254,-2
recurring_deposit_change_pct,"[-0.079388, -0.0791397)",0.026638188058599254,-2
recurring_deposit_change_pct,"[-0.0791397, -0.0789325)",0.026179268286125327,-2
recurring_deposit_change_pct,"[-0.0789325, -0.0787255)",0.02577921906856324,-2
recurring_deposit_change_pct,"[-0.0787255, -0.0785128)",0.025370460082940298,-2
recurring_deposit_change_pct,"[-0.0785128, -0.0783477)",0.02527141702049817,-2
recurring_deposit_change_pct,"[-0.0783477, -0.078149)",0.02488214188142716,-1
recurring_deposit_change_pct,"[-0.078149, -0.0779288)",0.02488214188142716,-1
recurring_deposit_change_pct,"[-0.0779288, -0.077733)",0.024746569301138836,-1
recurring_deposit_change_pct,"[-0.077733, -0.0775248)",0.024374186811217655,-1
recurring_deposit_change_pct,"[-0.0775248, -0.0772555)",0.024374186811217655,-1
recurring_deposit_change_pct,"[-0.0772555, -0.0770654)",0.024374186811217655,-1
recurring_deposit_change_pct,"[-0.0770654, -0.076943)",0.024374186811217655,-1
recurring_deposit_change_pct,"[-0.076943, -0.0768168)",0.024124697455676213,-1
recurring_deposit_change_pct,"[-0.0768168, -0.0766806)",0.024124697455676213,-1
recurring_deposit_change_pct,"[-0.0766806, -0.0765269)",0.024124697455676213,-1
recurring_deposit_change_pct,"[-0.0765269, -0.0763835)",0.024124697455676213,-1
recurring_deposit_change_pct,"[-0.0763835, -0.0762267)",0.023703524197182475,-1
recurring_deposit_change_pct,"[-0.0762267, -0.0760224)",0.02302806113038413,-1
recurring_deposit_change_pct,"[-0.0760224, -0.0758664)",0.022766872012535366,-1
recurring_deposit_change_pct,"[-0.0758664, -0.0756957)",0.02238743028861232,-1
recurring_deposit_change_pct,"[-0.0756957, -0.0754509)",0.02238743028861232,-1
recurring_deposit_change_pct,"[-0.0754509, -0.0752675)",0.02238743028861232,-1
recurring_deposit_change_pct,"[-0.0752675, -0.0750187)",0.02217163665763708,-1
recurring_deposit_change_pct,"[-0.0750187, -0.0748372)",0.02217163665763708,-1
recurring_deposit_change_pct,"[-0.0748372, -0.0746507)",0.02183875178166286,-1
recurring_deposit_change_pct,"[-0.0746507, -0.0742695)",0.021166850382911568,-1
recurring_deposit_change_pct,"[-0.0742695, -0.0740472)",0.021166850382911568,-1
recurring_deposit_change_pct,"[-0.0740472, -0.0738626)",0.021166850382911568,-1
recurring_deposit_change_pct,"[-0.0738626, -0.0737503)",0.02064774103579689,-1
recurring_deposit_change_pct,"[-0.0737503, -0.0735917)",0.020456599301342512,-1
recurring_deposit_change_pct,"[-0.0735917, -0.0733323)",0.020456599301342512,-1
recurring_deposit_change_pct,"[-0.0733323, -0.0729898)",0.020456599301342512,-1
recurring_deposit_change_pct,"[-0.0729898, -0.0727549)",0.01938488987345399,-1
recurring_deposit_change_pct,"[-0.0727549, -0.0725387)",0.01938488987345399,-1
recurring_deposit_change_pct,"[-0.0725387, -0.0723846)",0.01924834128323583,-1
recurring_deposit_change_pct,"[-0.0723846, -0.0722359)",0.018690978497224613,-1
recurring_deposit_change_pct,"[-0.0722359, -0.0720666)",0.017929630647087677,-1
recurring_deposit_change_pct,"[-0.0720666, -0.0718945)",0.017929630647087677,-1
recurring_deposit_change_pct,"[-0.0718945, -0.0717269)",0.017929630647087677,-1
recurring_deposit_change_pct,"[-0.0717269, -0.0715478)",0.017929630647087677,-1
recurring_deposit_change_pct,"[-0.0715478, -0.0713121)",0.01773092714179888,-1
recurring_deposit_change_pct,"[-0.0713121, -0.0710449)",0.01773092714179888,-1
recurring_deposit_change_pct,"[-0.0710449, -0.0709251)",0.01750697506649427,-1
recurring_deposit_change_pct,"[-0.0709251, -0.0706859)",0.01750697506649427,-1
recurring_deposit_change_pct,"[-0.0706859, -0.070478)",0.016627340208436495,-1
recurring_deposit_change_pct,"[-0.070478, -0.0703534)",0.016232672151065962,-1
recurring_deposit_change_pct,"[-0.0703534, -0.0701118)",0.016071018083780877,-1
recurring_deposit_change_pct,"[-0.0701118, -0.069872)",0.015520622014512845,-1
recurring_deposit_change_pct,"[-0.069872, -0.069737)",0.015097869117761082,-1
recurring_deposit_change_pct,"[-0.069737, -0.0695348)",0.014941078756510965,-1
recurring_deposit_change_pct,"[-0.0695348, -0.0693056)",0.014668374975136294,-1
recurring_deposit_change_pct,"[-0.0693056, -0.0690527)",0.014568813745030057,-1
recurring_deposit_change_pct,"[-0.0690527, -0.068857)",0.014385089919275961,-1
recurring_deposit_change_pct,"[-0.068857, -0.0686127)",0.014385089919275961,-1
recurring_deposit_change_pct,"[-0.0686127, -0.068464)",0.01403441356178484,-1
recurring_deposit_change_pct,"[-0.068464, -0.0683596)",0.01403441356178484,-1
recurring_deposit_change_pct,"[-0.0683596, -0.0681502)",0.01403441356178484,-1
recurring_deposit_change_pct,"[-0.0681502, -0.067878)",0.013331490040378025,-1
recurring_deposit_change_pct,"[-0.067878, -0.0676367)",0.013331490040378025,-1
recurring_deposit_change_pct,"[-0.0676367, -0.0674186)",0.012766368988696255,-1
recurring_deposit_change_pct,"[-0.0674186, -0.0671791)",0.012766368988696255,-1
recurring_deposit_change_pct,"[-0.0671791, -0.0669295)",0.012248531414048684,-1
recurring_deposit_change_pct,"[-0.0669295, -0.0667001)",0.011854010847926229,-1
recurring_deposit_change_pct,"[-0.0667001, -0.0665012)",0.011176895823715218,-1
recurring_deposit_change_pct,"[-0.0665012, -0.0662136)",0.010991868408090643,-1
recurring_deposit_change_pct,"[-0.0662136, -0.065722)",0.010840033932800313,-1
recurring_deposit_change_pct,"[-0.065722, -0.0655152)",0.01052371524031107,-1
recurring_deposit_change_pct,"[-0.0655152, -0.0652565)",0.008493953055101535,-1
recurring_deposit_change_pct,"[-0.0652565, -0.0650261)",0.008356535885396078,0
recurring_deposit_change_pct,"[-0.0650261, -0.0645894)",0.0071907531148211355,0
recurring_deposit_change_pct,"[-0.0645894, -0.0643495)",0.0071907531148211355,0
recurring_deposit_change_pct,"[-0.0643495, -0.0638769)",0.007005160291984266,0
recurring_deposit_change_pct,"[-0.0638769, -0.0635095)",0.006566026771438687,0
recurring_deposit_change_pct,"[-0.0635095, -0.0632251)",0.006246270365154785,0
recurring_deposit_change_pct,"[-0.0632251, -0.0629398)",0.005776752986809093,0
recurring_deposit_change_pct,"[-0.0629398, -0.0625829)",0.00542018181305197,0
recurring_deposit_change_pct,"[-0.0625829, -0.0623673)",0.004952719311634815,0
recurring_deposit_change_pct,"[-0.0623673, -0.0620641)",0.00419478031288062,0
recurring_deposit_change_pct,"[-0.0620641, -0.0617744)",0.00419478031288062,0
recurring_deposit_change_pct,"[-0.0617744, -0.0614633)",0.00419478031288062,0
recurring_deposit_change_pct,"[-0.0614633, -0.0610143)",0.0037460326708825997,0
recurring_deposit_change_pct,"[-0.0610143, -0.0606195)",0.0035965845031529897,0
recurring_deposit_change_pct,"[-0.0606195, -0.0603794)",0.0035965845031529897,0
recurring_deposit_change_pct,"[-0.0603794, -0.0599416)",0.003293516016601933,0
recurring_deposit_change_pct,"[-0.0599416, -0.0596069)",0.0028403911737837854,0
recurring_deposit_change_pct,"[-0.0596069, -0.0591988)",0.0028403911737837854,0
recurring_deposit_change_pct,"[-0.0591988, -0.0587168)",0.0026767414825192913,0
recurring_deposit_change_pct,"[-0.0587168, -0.0582052)",0.002215658799018197,0
recurring_deposit_change_pct,"[-0.0582052, -0.0578384)",0.0017384388500877963,0
recurring_deposit_change_pct,"[-0.0578384, -0.0572871)",0.0014112147593440304,0
recurring_deposit_change_pct,"[-0.0572871, -0.0569535)",0.0012154918195727603,0
recurring_deposit_change_pct,"[-0.0569535, -0.0566199)",0.0010689719753106054,0
recurring_deposit_change_pct,"[-0.0566199, -0.0561055)",0.0010689719753106054,0
recurring_deposit_change_pct,"[-0.0561055, -0.0558353)",0.0008761638256097591,0
recurring_deposit_change_pct,"[-0.0558353, -0.0552725)",0.0005912195943130311,0
recurring_deposit_change_pct,"[-0.0552725, -0.0548648)",7.460157096688357e-05,0
recurring_deposit_change_pct,"[-0.0548648, -0.0542681)",-0.000590916650523235,0
recurring_deposit_change_pct,"[-0.0542681, -0.0538545)",-0.0013400181458530637,0
recurring_deposit_change_pct,"[-0.0538545, -0.0533863)",-0.0013400181458530637,0
recurring_deposit_change_pct,"[-0.0533863, -0.053114)",-0.00142787214790598,0
recurring_deposit_change_pct,"[-0.053114, -0.0528544)",-0.0018849146736195335,0
recurring_deposit_change_pct,"[-0.0528544, -0.0523633)",-0.002253760106613452,0
recurring_deposit_change_pct,"[-0.0523633, -0.0517229)",-0.002519951182060738,0
recurring_deposit_change_pct,"[-0.0517229, -0.0513647)",-0.002519951182060738,0
recurring_deposit_change_pct,"[-0.0513647, -0.0509895)",-0.0030429898154308594,0
recurring_deposit_change_pct,"[-0.0509895, -0.050656)",-0.0033165628881539136,0
recurring_deposit_change_pct,"[-0.050656, -0.0502813)",-0.003525927807581617,0
recurring_deposit_change_pct,"[-0.0502813, -0.049817)",-0.003685654513816486,0
recurring_deposit_change_pct,"[-0.049817, -0.0492982)",-0.0038369554244096346,0
recurring_deposit_change_pct,"[-0.0492982, -0.0488965)",-0.0038369554244096346,0
recurring_deposit_change_pct,"[-0.0488965, -0.0483959)",-0.0038369554244096346,0
recurring_deposit_change_pct,"[-0.0483959, -0.0479062)",-0.0038369554244096346,0
recurring_deposit_change_pct,"[-0.0479062, -0.0476387)",-0.004784883933875628,0
recurring_deposit_change_pct,"[-0.0476387, -0.0472092)",-0.005298778962236437,0
recurring_deposit_change_pct,"[-0.0472092, -0.0468452)",-0.005512077544273814,0
recurring_deposit_change_pct,"[-0.0468452, -0.0462415)",-0.005927353020689371,0
recurring_deposit_change_pct,"[-0.0462415, -0.0459663)",-0.005927353020689371,0
recurring_deposit_change_pct,"[-0.0459663, -0.0455829)",-0.006189400082298216,0
recurring_deposit_change_pct,"[-0.0455829, -0.0449944)",-0.00631619800561033,0
recurring_deposit_change_pct,"[-0.0449944, -0.0445778)",-0.006436977625655458,0
recurring_deposit_change_pct,"[-0.0445778, -0.0439512)",-0.00698889904668518,0
recurring_deposit_change_pct,"[-0.0439512, -0.0434716)",-0.007458014282443085,0
recurring_deposit_change_pct,"[-0.0434716, -0.0428187)",-0.00790363584981508,0
recurring_deposit_change_pct,"[-0.0428187, -0.042299)",-0.00790363584981508,0
recurring_deposit_change_pct,"[-0.042299, -0.0420326)",-0.00790363584981508,0
recurring_deposit_change_pct,"[-0.0420326, -0.0418255)",-0.00790363584981508,0
recurring_deposit_change_pct,"[-0.0418255, -0.0413274)",-0.008168108154875878,0
recurring_deposit_change_pct,"[-0.0413274, -0.0408482)",-0.008382890316413762,0
recurring_deposit_change_pct,"[-0.0408482, -0.0403512)",-0.008382890316413762,0
recurring_deposit_change_pct,"[-0.0403512, -0.039862)",-0.008732178955963397,1
recurring_deposit_change_pct,"[-0.039862, -0.0394208)",-0.008935589438886293,1
recurring_deposit_change_pct,"[-0.0394208, -0.0390117)",-0.009132966107405542,1
recurring_deposit_change_pct,"[-0.0390117, -0.0384194)",-0.009305090776865048,1
recurring_deposit_change_pct,"[-0.0384194, -0.037858)",-0.009305090776865048,1
recurring_deposit_change_pct,"[-0.037858, -0.0372645)",-0.009659246827568756,1
recurring_deposit_change_pct,"[-0.0372645, -0.0368173)",-0.009987294095821712,1
recurring_deposit_change_pct,"[-0.0368173, -0.0363552)",-0.010357467417184808,1
recurring_deposit_change_pct,"[-0.0363552, -0.0358347)",-0.010537712716038008,1
recurring_deposit_change_pct,"[-0.0358347, -0.0354271)",-0.010537712716038008,1
recurring_deposit_change_pct,"[-0.0354271, -0.0348075)",-0.010537712716038008,1
recurring_deposit_change_pct,"[-0.0348075, -0.0343895)",-0.011038226277541415,1
recurring_deposit_change_pct,"[-0.0343895, -0.0339533)",-0.011038226277541415,1
recurring_deposit_change_pct,"[-0.0339533, -0.0336239)",-0.011038226277541415,1
recurring_deposit_change_pct,"[-0.0336239, -0.0329765)",-0.011186545304435656,1
recurring_deposit_change_pct,"[-0.0329765, -0.0323287)",-0.011186545304435656,1
recurring_deposit_change_pct,"[-0.0323287, -0.0320007)",-0.011186545304435656,1
recurring_deposit_change_pct,"[-0.0320007, -0.0317877)",-0.011833228550896838,1
recurring_deposit_change_pct,"[-0.0317877, -0.0312975)",-0.011833228550896838,1
recurring_deposit_change_pct,"[-0.0312975, -0.0309712)",-0.012565608737615782,1
recurring_deposit_change_pct,"[-0.0309712, -0.0306241)",-0.013131923256098828,1
recurring_deposit_change_pct,"[-0.0306241, -0.0301363)",-0.013131923256098828,1
recurring_deposit_change_pct,"[-0.0301363, -0.0297368)",-0.014174063797962988,1
recurring_deposit_change_pct,"[-0.0297368, -0.029349)",-0.014522659084050725,1
recurring_deposit_change_pct,"[-0.029349, -0.0288322)",-0.015138248493991728,1
recurring_deposit_change_pct,"[-0.0288322, -0.0283093)",-0.015283779131805317,1
recurring_deposit_change_pct,"[-0.0283093, -0.0279021)",-0.015705228301036586,1
recurring_deposit_change_pct,"[-0.0279021, -0.0273584)",-0.015876615054157266,1
recurring_deposit_change_pct,"[-0.0273584, -0.0271626)",-0.016010036746236793,1
recurring_deposit_change_pct,"[-0.0271626, -0.0265163)",-0.016184386720914254,1
recurring_deposit_change_pct,"[-0.0265163, -0.0261894)",-0.016704191141476154,1
recurring_deposit_change_pct,"[-0.0261894, -0.0258332)",-0.01719090508856448,1
recurring_deposit_change_pct,"[-0.0258332, -0.0254809)",-0.017837906394563015,1
recurring_deposit_change_pct,"[-0.0254809, -0.0250315)",-0.017953273265470544,1
recurring_deposit_change_pct,"[-0.0250315, -0.024576)",-0.017953273265470544,1
recurring_deposit_change_pct,"[-0.024576, -0.0243097)",-0.01823086737382393,1
recurring_deposit_change_pct,"[-0.0243097, -0.0240115)",-0.01823086737382393,1
recurring_deposit_change_pct,"[-0.0240115, -0.0235999)",-0.018504247650896415,1
recurring_deposit_change_pct,"[-0.0235999, -0.0232807)",-0.01914985613045412,1
recurring_deposit_change_pct,"[-0.0232807, -0.023037)",-0.01914985613045412,1
recurring_deposit_change_pct,"[-0.023037, -0.0226727)",-0.01914985613045412,1
recurring_deposit_change_pct,"[-0.0226727, -0.0222695)",-0.01932763374847051,1
recurring_deposit_change_pct,"[-0.0222695, -0.0219918)",-0.01954839843071174,1
recurring_deposit_change_pct,"[-0.0219918, -0.0216045)",-0.01997389335816304,1
recurring_deposit_change_pct,"[-0.0216045, -0.0213702)",-0.020210384263720717,1
recurring_deposit_change_pct,"[-0.0213702, -0.0211702)",-0.020210384263720717,1
recurring_deposit_change_pct,"[-0.0211702, -0.0208813)",-0.020210384263720717,1
recurring_deposit_change_pct,"[-0.0208813, -0.0204732)",-0.02069212801032668,1
recurring_deposit_change_pct,"[-0.0204732, -0.0201177)",-0.02069212801032668,1
recurring_deposit_change_pct,"[-0.0201177, -0.0197641)",-0.02069212801032668,1
recurring_deposit_change_pct,"[-0.0197641, -0.0194895)",-0.020945674115354487,1
recurring_deposit_change_pct,"[-0.0194895, -0.0191948)",-0.021249175243035087,1
recurring_deposit_change_pct,"[-0.0191948, -0.018978)",-0.021557525553509628,1
recurring_deposit_change_pct,"[-0.018978, -0.0186909)",-0.02185583891844081,1
recurring_deposit_change_pct,"[-0.0186909, -0.0183801)",-0.022064588184039655,1
recurring_deposit_change_pct,"[-0.0183801, -0.018033)",-0.022064588184039655,1
recurring_deposit_change_pct,"[-0.018033, -0.0177401)",-0.022203985987126144,1
recurring_deposit_change_pct,"[-0.0177401, -0.0176138)",-0.022203985987126144,1
recurring_deposit_change_pct,"[-0.0176138, -0.0174413)",-0.022203985987126144,1
recurring_deposit_change_pct,"[-0.0174413, -0.0171835)",-0.022419604797289314,1
recurring_deposit_change_pct,"[-0.0171835, -0.0169621)",-0.022419604797289314,1
recurring_deposit_change_pct,"[-0.0169621, -0.0167848)",-0.022751995198987827,1
recurring_deposit_change_pct,"[-0.0167848, -0.0165285)",-0.022751995198987827,1
recurring_deposit_change_pct,"[-0.0165285, -0.0163312)",-0.022895229613401846,1
recurring_deposit_change_pct,"[-0.0163312, -0.0160985)",-0.022895229613401846,1
recurring_deposit_change_pct,"[-0.0160985, -0.0158012)",-0.02329096888263406,1
recurring_deposit_change_pct,"[-0.0158012, -0.0156572)",-0.02329096888263406,1
recurring_deposit_change_pct,"[-0.0156572, -0.0154178)",-0.023533572034802924,1
recurring_deposit_change_pct,"[-0.0154178, -0.0152669)",-0.023533572034802924,1
recurring_deposit_change_pct,"[-0.0152669, -0.015093)",-0.023533572034802924,1
recurring_deposit_change_pct,"[-0.015093, -0.014963)",-0.024119266470821528,1
recurring_deposit_change_pct,"[-0.014963, -0.0148491)",-0.02421152438951147,1
recurring_deposit_change_pct,"[-0.0148491, -0.0146107)",-0.024384862859118322,1
recurring_deposit_change_pct,"[-0.0146107, -0.0144854)",-0.024549013325199598,1
recurring_deposit_change_pct,"[-0.0144854, -0.0143495)",-0.024549013325199598,1
recurring_deposit_change_pct,"[-0.0143495, -0.0141344)",-0.02467349161662822,1
recurring_deposit_change_pct,"[-0.0141344, -0.0139458)",-0.02480036313114687,1
recurring_deposit_change_pct,"[-0.0139458, -0.0137554)",-0.02560346611474532,2
recurring_deposit_change_pct,"[-0.0137554, -0.0135904)",-0.025790964425967865,2
recurring_deposit_change_pct,"[-0.0135904, -0.0133834)",-0.02594960189358077,2
recurring_deposit_change_pct,"[-0.0133834, -0.0132536)",-0.026052131811414456,2
recurring_deposit_change_pct,"[-0.0132536, -0.0130831)",-0.026052131811414456,2
recurring_deposit_change_pct,"[-0.0130831, -0.0129641)",-0.026466534625919375,2
recurring_deposit_change_pct,"[-0.0129641, -0.0127667)",-0.026466534625919375,2
recurring_deposit_change_pct,"[-0.0127667, -0.0125948)",-0.026894778119887303,2
recurring_deposit_change_pct,"[-0.0125948, -0.0124046)",-0.027189015703070862,2
recurring_deposit_change_pct,"[-0.0124046, -0.0122912)",-0.027696824208821545,2
recurring_deposit_change_pct,"[-0.0122912, -0.0121499)",-0.027825445939932827,2
recurring_deposit_change_pct,"[-0.0121499, -0.012022)",-0.027973316819110076,2
recurring_deposit_change_pct,"[-0.012022, -0.0119338)",-0.028222872036583208,2
recurring_deposit_change_pct,"[-0.0119338, -0.0118236)",-0.028222872036583208,2
recurring_deposit_change_pct,"[-0.0118236, -0.0116562)",-0.028365526734061935,2
recurring_deposit_change_pct,"[-0.0116562, -0.0115146)",-0.02848022050658053,2
recurring_deposit_change_pct,"[-0.0115146, -0.0114604)",-0.028935038571044815,2
recurring_deposit_change_pct,"[-0.0114604, -0.0113139)",-0.028935038571044815,2
recurring_deposit_change_pct,"[-0.0113139, -0.0111536)",-0.028935038571044815,2
recurring_deposit_change_pct,"[-0.0111536, -0.0109667)",-0.028935038571044815,2
recurring_deposit_change_pct,"[-0.0109667, -0.0108439)",-0.028935038571044815,2
recurring_deposit_change_pct,"[-0.0108439, -0.0107711)",-0.029073630128655076,2
recurring_deposit_change_pct,"[-0.0107711, -0.0107064)",-0.029395384579072106,2
recurring_deposit_change_pct,"[-0.0107064, -0.0105666)",-0.029571774455111548,2
recurring_deposit_change_pct,"[-0.0105666, -0.010444)",-0.029866509913633918,2
recurring_deposit_change_pct,"[-0.010444, -0.0103276)",-0.029986369620695376,2
recurring_deposit_change_pct,"[-0.0103276, -0.0101317)",-0.030294707971055733,2
recurring_deposit_change_pct,"[-0.0101317, -0.0100362)",-0.030294707971055733,2
recurring_deposit_change_pct,"[-0.0100362, -0.00991143)",-0.03085584865195388,2
recurring_deposit_change_pct,"[-0.00991143, -0.00978609)",-0.03096149068745428,2
recurring_deposit_change_pct,"[-0.00978609, -0.00970239)",-0.03096149068745428,2
recurring_deposit_change_pct,"[-0.00970239, -0.00958534)",-0.031355037545249466,2
recurring_deposit_change_pct,"[-0.00958534, -0.00950404)",-0.031355037545249466,2
recurring_deposit_change_pct,"[-0.00950404, -0.00940645)",-0.03150371061627076,2
recurring_deposit_change_pct,"[-0.00940645, -0.00930081)",-0.03172659545413115,2
recurring_deposit_change_pct,"[-0.00930081, -0.00922241)",-0.03219637505225387,2
recurring_deposit_change_pct,"[-0.00922241, -0.00911821)",-0.03268970849011255,2
recurring_deposit_change_pct,"[-0.00911821, -0.00900754)",-0.03268970849011255,2
recurring_deposit_change_pct,"[-0.00900754, -0.00892332)",-0.03281383093112174,2
recurring_deposit_change_pct,"[-0.00892332, -0.00882536)",-0.03281383093112174,2
recurring_deposit_change_pct,"[-0.00882536, -0.00874066)",-0.03281383093112174,2
recurring_deposit_change_pct,"[-0.00874066, -0.00862089)",-0.033950816408776896,2
recurring_deposit_change_pct,"[-0.00862089, -0.00844697)",-0.033950816408776896,2
recurring_deposit_change_pct,"[-0.00844697, -0.0083077)",-0.03431891598594384,2
recurring_deposit_change_pct,"[-0.0083077, -0.00822861)",-0.03431891598594384,2
recurring_deposit_change_pct,"[-0.00822861, -0.00809786)",-0.03443140541513969,2
recurring_deposit_change_pct,"[-0.00809786, -0.00796782)",-0.0347173169608208,2
recurring_deposit_change_pct,"[-0.00796782, -0.00782786)",-0.035157253579796446,2
recurring_deposit_change_pct,"[-0.00782786, -0.00773488)",-0.0354672192915781,2
recurring_deposit_change_pct,"[-0.00773488, -0.00761042)",-0.0354672192915781,2
recurring_deposit_change_pct,"[-0.00761042, -0.00751242)",-0.0354672192915781,2
recurring_deposit_change_pct,"[-0.00751242, -0.00741108)",-0.0354672192915781,2
recurring_deposit_change_pct,"[-0.00741108, -0.00728941)",-0.03560576569551896,2
recurring_deposit_change_pct,"[-0.00728941, -0.00718124)",-0.03560576569551896,2
recurring_deposit_change_pct,"[-0.00718124, -0.00703735)",-0.03568131618437845,2
recurring_deposit_change_pct,"[-0.00703735, -0.00692424)",-0.03598782656317761,2
recurring_deposit_change_pct,"[-0.00692424, -0.00685593)",-0.0361336057919517,2
recurring_deposit_change_pct,"[-0.00685593, -0.00676922)",-0.036193032994680546,2
recurring_deposit_change_pct,"[-0.00676922, -0.00670254)",-0.03634986555940567,2
recurring_deposit_change_pct,"[-0.00670254, -0.00657422)",-0.036731891789613474,2
recurring_deposit_change_pct,"[-0.00657422, -0.00645074)",-0.036848886984675505,2
recurring_deposit_change_pct,"[-0.00645074, -0.00638201)",-0.037070902609678824,2
recurring_deposit_change_pct,"[-0.00638201, -0.00626461)",-0.03712771479981264,2
recurring_deposit_change_pct,"[-0.00626461, -0.00617749)",-0.03727753381991704,2
recurring_deposit_change_pct,"[-0.00617749, -0.00612938)",-0.03757576259121275,2
recurring_deposit_change_pct,"[-0.00612938, -0.00607169)",-0.03757576259121275,2
recurring_deposit_change_pct,"[-0.00607169, -0.00599992)",-0.03779178139686734,2
recurring_deposit_change_pct,"[-0.00599992, -0.00595049)",-0.03818906278379266,2
recurring_deposit_change_pct,"[-0.00595049, -0.00583013)",-0.03829691412817094,2
recurring_deposit_change_pct,"[-0.00583013, -0.00570871)",-0.03829691412817094,2
recurring_deposit_change_pct,"[-0.00570871, -0.00561571)",-0.038405439346122984,2
recurring_deposit_change_pct,"[-0.00561571, -0.00552872)",-0.0387196623543231,2
recurring_deposit_change_pct,"[-0.00552872, -0.00544129)",-0.0387196623543231,2
recurring_deposit_change_pct,"[-0.00544129, -0.005341)",-0.03881155294744896,2
recurring_deposit_change_pct,"[-0.005341, -0.00528425)",-0.03900550227070029,2
recurring_deposit_change_pct,"[-0.00528425, -0.00521438)",-0.03900550227070029,2
recurring_deposit_change_pct,"[-0.00521438, -0.00510531)",-0.03911308716811984,2
recurring_deposit_change_pct,"[-0.00510531, -0.00503609)",-0.03938572808539284,2
recurring_deposit_change_pct,"[-0.00503609, -0.00496931)",-0.03938572808539284,2
recurring_deposit_change_pct,"[-0.00496931, -0.00488939)",-0.0397239980274038,2
recurring_deposit_change_pct,"[-0.00488939, -0.00482458)",-0.0397239980274038,2
recurring_deposit_change_pct,"[-0.00482458, -0.00468447)",-0.04017837155523553,2
recurring_deposit_change_pct,"[-0.00468447, -0.00458268)",-0.04017837155523553,2
recurring_deposit_change_pct,"[-0.00458268, -0.00446235)",-0.04017837155523553,2
recurring_deposit_change_pct,"[-0.00446235, -0.00439836)",-0.04017837155523553,2
recurring_deposit_change_pct,"[-0.00439836, -0.00428232)",-0.04024670049286565,2
recurring_deposit_change_pct,"[-0.00428232, -0.00420366)",-0.04036612881634487,2
recurring_deposit_change_pct,"[-0.00420366, -0.00415464)",-0.04036612881634487,2
recurring_deposit_change_pct,"[-0.00415464, -0.00404954)",-0.04036612881634487,2
recurring_deposit_change_pct,"[-0.00404954, -0.00394676)",-0.04036612881634487,2
recurring_deposit_change_pct,"[-0.00394676, -0.00385869)",-0.040593942016363654,2
recurring_deposit_change_pct,"[-0.00385869, -0.00379053)",-0.040593942016363654,2
recurring_deposit_change_pct,"[-0.00379053, -0.003717)",-0.040593942016363654,2
recurring_deposit_change_pct,"[-0.003717, -0.0036466)",-0.040814595368108955,2
recurring_deposit_change_pct,"[-0.0036466, -0.00356832)",-0.041036679489843464,2
recurring_deposit_change_pct,"[-0.00356832, -0.00348369)",-0.041370749106151065,2
recurring_deposit_change_pct,"[-0.00348369, -0.00341756)",-0.04144662801514818,2
recurring_deposit_change_pct,"[-0.00341756, -0.00337144)",-0.041711270539945784,2
recurring_deposit_change_pct,"[-0.00337144, -0.00329846)",-0.04222278132473579,3
recurring_deposit_change_pct,"[-0.00329846, -0.00322623)",-0.042376159235292664,3
recurring_deposit_change_pct,"[-0.00322623, -0.00314224)",-0.042376159235292664,3
recurring_deposit_change_pct,"[-0.00314224, -0.00303831)",-0.04243310837046559,3
recurring_deposit_change_pct,"[-0.00303831, -0.00297652)",-0.042512332460801945,3
recurring_deposit_change_pct,"[-0.00297652, -0.00290008)",-0.04265844850725557,3
recurring_deposit_change_pct,"[-0.00290008, -0.00285728)",-0.04265844850725557,3
recurring_deposit_change_pct,"[-0.00285728, -0.00278555)",-0.04292209353694714,3
recurring_deposit_change_pct,"[-0.00278555, -0.00273785)",-0.04292209353694714,3
recurring_deposit_change_pct,"[-0.00273785, -0.0026718)",-0.04315824945927846,3
recurring_deposit_change_pct,"[-0.0026718, -0.00261865)",-0.04332843446894174,3
recurring_deposit_change_pct,"[-0.00261865, -0.0025422)",-0.043398808420701346,3
recurring_deposit_change_pct,"[-0.0025422, -0.00247269)",-0.043437821305985135,3
recurring_deposit_change_pct,"[-0.00247269, -0.00241902)",-0.043437821305985135,3
recurring_deposit_change_pct,"[-0.00241902, -0.00235939)",-0.043437821305985135,3
recurring_deposit_change_pct,"[-0.00235939, -0.00227713)",-0.04368490060364258,3
recurring_deposit_change_pct,"[-0.00227713, -0.00213783)",-0.04383612861678932,3
recurring_deposit_change_pct,"[-0.00213783, -0.00201171)",-0.044003590801527354,3
recurring_deposit_change_pct,"[-0.00201171, -0.00194493)",-0.044003590801527354,3
recurring_deposit_change_pct,"[-0.00194493, -0.00189864)",-0.044003590801527354,3
recurring_deposit_change_pct,"[-0.00189864, -0.00180549)",-0.04405814492681537,3
recurring_deposit_change_pct,"[-0.00180549, -0.00172972)",-0.04405814492681537,3
recurring_deposit_change_pct,"[-0.00172972, -0.00167455)",-0.0442363821339267,3
recurring_deposit_change_pct,"[-0.00167455, -0.00162408)",-0.0442363821339267,3
recurring_deposit_change_pct,"[-0.00162408, -0.00156247)",-0.0442363821339267,3
recurring_deposit_change_pct,"[-0.00156247, -0.00148426)",-0.04472114280837702,3
recurring_deposit_change_pct,"[-0.00148426, -0.0014346)",-0.04494347372062765,3
recurring_deposit_change_pct,"[-0.0014346, -0.00130921)",-0.045110168591432326,3
recurring_deposit_change_pct,"[-0.00130921, -0.0012753)",-0.04521079071144057,3
recurring_deposit_change_pct,"[-0.0012753, -0.00124774)",-0.04521079071144057,3
recurring_deposit_change_pct,"[-0.00124774, -0.00112887)",-0.04521079071144057,3
recurring_deposit_change_pct,"[-0.00112887, -0.00105384)",-0.04552465488944843,3
recurring_deposit_change_pct,"[-0.00105384, -0.000961175)",-0.04571271677799673,3
recurring_deposit_change_pct,"[-0.000961175, -0.00090889)",-0.04598173658151897,3
recurring_deposit_change_pct,"[-0.00090889, -0.00086368)",-0.04598173658151897,3
recurring_deposit_change_pct,"[-0.00086368, -0.000805285)",-0.04598173658151897,3
recurring_deposit_change_pct,"[-0.000805285, -0.00069915)",-0.0465774075717645,3
recurring_deposit_change_pct,"[-0.00069915, -0.000641745)",-0.0465774075717645,3
recurring_deposit_change_pct,"[-0.000641745, -0.00059091)",-0.0465774075717645,3
recurring_deposit_change_pct,"[-0.00059091, -0.000534105)",-0.04698521967639228,3
recurring_deposit_change_pct,"[-0.000534105, -0.000419055)",-0.04698521967639228,3
recurring_deposit_change_pct,"[-0.000419055, -0.000375735)",-0.04712848342979599,3
recurring_deposit_change_pct,"[-0.000375735, -0.000288405)",-0.04712848342979599,3
recurring_deposit_change_pct,"[-0.000288405, -0.00023489)",-0.04712848342979599,3
recurring_deposit_change_pct,"[-0.00023489, -0.000169805)",-0.04735445765158046,3
recurring_deposit_change_pct,"[-0.000169805, -0.000105285)",-0.04741718419548456,3
recurring_deposit_change_pct,"[-0.000105285, -2.6515e-05)",-0.0475272077792961,3
recurring_deposit_change_pct,"[-2.6515e-05, 2.6335e-05)",-0.0475272077792961,3
recurring_deposit_change_pct,"[2.6335e-05, 0.00010361)",-0.04756541887361055,3
recurring_deposit_change_pct,"[0.00010361, 0.000204435)",-0.04756541887361055,3
recurring_deposit_change_pct,"[0.000204435, 0.00028281)",-0.0475989069847449,3
recurring_deposit_change_pct,"[0.00028281, 0.00034224)",-0.0475989069847449,3
recurring_deposit_change_pct,"[0.00034224, 0.00039883)",-0.047756283555868716,3
recurring_deposit_change_pct,"[0.00039883, 0.000476305)",-0.04786180399052766,3
recurring_deposit_change_pct,"[0.000476305, 0.000552245)",-0.04800641949254099,3
recurring_deposit_change_pct,"[0.000552245, 0.00061365)",-0.04804628152246447,3
recurring_deposit_change_pct,"[0.00061365, 0.000675705)",-0.04804628152246447,3
recurring_deposit_change_pct,"[0.000675705, 0.000762005)",-0.04804628152246447,3
recurring_deposit_change_pct,"[0.000762005, 0.00086138)",-0.04834141121867805,3
recurring_deposit_change_pct,"[0.00086138, 0.000957815)",-0.04849868490497367,3
recurring_deposit_change_pct,"[0.000957815, 0.00104276)",-0.04870903306590973,3
recurring_deposit_change_pct,"[0.00104276, 0.00113065)",-0.04913934875978651,3
recurring_deposit_change_pct,"[0.00113065, 0.00118447)",-0.04921005034409176,3
recurring_deposit_change_pct,"[0.00118447, 0.00124642)",-0.049394590261361754,3
recurring_deposit_change_pct,"[0.00124642, 0.00128409)",-0.049394590261361754,3
recurring_deposit_change_pct,"[0.00128409, 0.00135991)",-0.04951415007072511,3
recurring_deposit_change_pct,"[0.00135991, 0.00143751)",-0.049703882117627676,3
recurring_deposit_change_pct,"[0.00143751, 0.00155592)",-0.04988727246698419,3
recurring_deposit_change_pct,"[0.00155592, 0.00161972)",-0.0500178940881822,3
recurring_deposit_change_pct,"[0.00161972, 0.0017025)",-0.0500178940881822,3
recurring_deposit_change_pct,"[0.0017025, 0.00176328)",-0.05011383064968763,3
recurring_deposit_change_pct,"[0.00176328, 0.00180353)",-0.0504191908484594,3
recurring_deposit_change_pct,"[0.00180353, 0.00188595)",-0.0504191908484594,3
recurring_deposit_change_pct,"[0.00188595, 0.00194644)",-0.050595975412886934,3
recurring_deposit_change_pct,"[0.00194644, 0.00205767)",-0.050595975412886934,3
recurring_deposit_change_pct,"[0.00205767, 0.00214109)",-0.050595975412886934,3
recurring_deposit_change_pct,"[0.00214109, 0.00225932)",-0.050595975412886934,3
recurring_deposit_change_pct,"[0.00225932, 0.00233972)",-0.050595975412886934,3
recurring_deposit_change_pct,"[0.00233972, 0.00244395)",-0.050595975412886934,3
recurring_deposit_change_pct,"[0.00244395, 0.00252882)",-0.050595975412886934,3
recurring_deposit_change_pct,"[0.00252882, 0.00260068)",-0.05067807217271361,3
recurring_deposit_change_pct,"[0.00260068, 0.00266752)",-0.05077626538789486,3
recurring_deposit_change_pct,"[0.00266752, 0.0027338)",-0.0509303237125447,3
recurring_deposit_change_pct,"[0.0027338, 0.0028182)",-0.05122497592987132,3
recurring_deposit_change_pct,"[0.0028182, 0.00288042)",-0.05126115851812771,3
recurring_deposit_change_pct,"[0.00288042, 0.00296076)",-0.051348566758869736,3
recurring_deposit_change_pct,"[0.00296076, 0.00306559)",-0.05163094378921789,3
recurring_deposit_change_pct,"[0.00306559, 0.00316285)",-0.05170289031111518,3
recurring_deposit_change_pct,"[0.00316285, 0.00327911)",-0.05186474364023882,3
recurring_deposit_change_pct,"[0.00327911, 0.00339999)",-0.05202701960951922,3
recurring_deposit_change_pct,"[0.00339999, 0.00345532)",-0.05202701960951922,3
recurring_deposit_change_pct,"[0.00345532, 0.00355663)",-0.05216899225784434,3
recurring_deposit_change_pct,"[0.00355663, 0.00362195)",-0.05237186362023005,3
recurring_deposit_change_pct,"[0.00362195, 0.00365183)",-0.05237186362023005,3
recurring_deposit_change_pct,"[0.00365183, 0.00373742)",-0.05239678869005152,3
recurring_deposit_change_pct,"[0.00373742, 0.00380735)",-0.05246482098693958,3
recurring_deposit_change_pct,"[0.00380735, 0.00385047)",-0.05246482098693958,3
recurring_deposit_change_pct,"[0.00385047, 0.00395247)",-0.052487346176861516,3
recurring_deposit_change_pct,"[0.00395247, 0.00404946)",-0.05264593323909621,3
recurring_deposit_change_pct,"[0.00404946, 0.00413572)",-0.05264593323909621,3
recurring_deposit_change_pct,"[0.00413572, 0.00420992)",-0.053000539035598086,3
recurring_deposit_change_pct,"[0.00420992, 0.0042487)",-0.05319041771717954,3
recurring_deposit_change_pct,"[0.0042487, 0.00432438)",-0.053338660186788754,3
recurring_deposit_change_pct,"[0.00432438, 0.00438932)",-0.05339464056596395,3
recurring_deposit_change_pct,"[0.00438932, 0.00452272)",-0.053440695579437376,3
recurring_deposit_change_pct,"[0.00452272, 0.00459477)",-0.053440695579437376,3
recurring_deposit_change_pct,"[0.00459477, 0.00468529)",-0.0534719472516442,3
recurring_deposit_change_pct,"[0.00468529, 0.00482754)",-0.05361583229380581,3
recurring_deposit_change_pct,"[0.00482754, 0.00490388)",-0.05361583229380581,3
recurring_deposit_change_pct,"[0.00490388, 0.00496433)",-0.05361583229380581,3
recurring_deposit_change_pct,"[0.00496433, 0.00503978)",-0.0537748223658853,3
recurring_deposit_change_pct,"[0.00503978, 0.00516185)",-0.0537748223658853,3
recurring_deposit_change_pct,"[0.00516185, 0.00524839)",-0.053900978358438226,3
recurring_deposit_change_pct,"[0.00524839, 0.00532409)",-0.053900978358438226,3
recurring_deposit_change_pct,"[0.00532409, 0.00545813)",-0.053900978358438226,3
recurring_deposit_change_pct,"[0.00545813, 0.00551774)",-0.054137795749149134,3
recurring_deposit_change_pct,"[0.00551774, 0.00559635)",-0.05424612236864271,3
recurring_deposit_change_pct,"[0.00559635, 0.00571139)",-0.05424612236864271,3
recurring_deposit_change_pct,"[0.00571139, 0.00578872)",-0.05424612236864271,3
recurring_deposit_change_pct,"[0.00578872, 0.00593134)",-0.054299544692622465,3
recurring_deposit_change_pct,"[0.00593134, 0.00598868)",-0.054421979082175616,3
recurring_deposit_change_pct,"[0.00598868, 0.00609627)",-0.05451107631738038,3
recurring_deposit_change_pct,"[0.00609627, 0.00613276)",-0.05468731204392953,3
recurring_deposit_change_pct,"[0.00613276, 0.00623499)",-0.054950642978805544,3
recurring_deposit_change_pct,"[0.00623499, 0.00633352)",-0.054950642978805544,3
recurring_deposit_change_pct,"[0.00633352, 0.00640443)",-0.05506151717324292,3
recurring_deposit_change_pct,"[0.00640443, 0.00650155)",-0.055312579877131465,3
recurring_deposit_change_pct,"[0.00650155, 0.00662666)",-0.055312579877131465,3
recurring_deposit_change_pct,"[0.00662666, 0.00669478)",-0.055312579877131465,3
recurring_deposit_change_pct,"[0.00669478, 0.00680445)",-0.05550222341704155,3
recurring_deposit_change_pct,"[0.00680445, 0.0068779)",-0.055565690177321804,3
recurring_deposit_change_pct,"[0.0068779, 0.00696898)",-0.05562594061226718,3
recurring_deposit_change_pct,"[0.00696898, 0.0070445)",-0.05562594061226718,3
recurring_deposit_change_pct,"[0.0070445, 0.00712014)",-0.055852384422299665,3
recurring_deposit_change_pct,"[0.00712014, 0.00726123)",-0.055852384422299665,3
recurring_deposit_change_pct,"[0.00726123, 0.00735642)",-0.055852384422299665,3
recurring_deposit_change_pct,"[0.00735642, 0.00745961)",-0.055980583444949175,3
recurring_deposit_change_pct,"[0.00745961, 0.00755202)",-0.056164337031674054,3
recurring_deposit_change_pct,"[0.00755202, 0.00761906)",-0.056164337031674054,3
recurring_deposit_change_pct,"[0.00761906, 0.00766816)",-0.056164337031674054,3
recurring_deposit_change_pct,"[0.00766816, 0.00776037)",-0.056164337031674054,3
recurring_deposit_change_pct,"[0.00776037, 0.00788187)",-0.056164337031674054,3
recurring_deposit_change_pct,"[0.00788187, 0.00799023)",-0.05627115114058011,3
recurring_deposit_change_pct,"[0.00799023, 0.00812743)",-0.05627115114058011,3
recurring_deposit_change_pct,"[0.00812743, 0.00819958)",-0.05627115114058011,3
recurring_deposit_change_pct,"[0.00819958, 0.00830878)",-0.05627115114058011,3
recurring_deposit_change_pct,"[0.00830878, 0.00840063)",-0.05639138721781762,3
recurring_deposit_change_pct,"[0.00840063, 0.00854778)",-0.05639138721781762,3
recurring_deposit_change_pct,"[0.00854778, 0.00862752)",-0.05656153396728682,3
recurring_deposit_change_pct,"[0.00862752, 0.00876354)",-0.05662474520745429,3
recurring_deposit_change_pct,"[0.00876354, 0.00883663)",-0.05662474520745429,3
recurring_deposit_change_pct,"[0.00883663, 0.00890353)",-0.05662474520745429,3
recurring_deposit_change_pct,"[0.00890353, 0.00900592)",-0.05674653502602357,3
recurring_deposit_change_pct,"[0.00900592, 0.00907108)",-0.05680567525438261,3
recurring_deposit_change_pct,"[0.00907108, 0.00915431)",-0.057243590726130555,3
recurring_deposit_change_pct,"[0.00915431, 0.0092422)",-0.05735766536537972,3
recurring_deposit_change_pct,"[0.0092422, 0.00935543)",-0.05754434131530718,3
recurring_deposit_change_pct,"[0.00935543, 0.00943408)",-0.05781877704152649,3
recurring_deposit_change_pct,"[0.00943408, 0.00965337)",-0.05817637306641616,3
recurring_deposit_change_pct,"[0.00965337, 0.00973844)",-0.058238635878455194,3
recurring_deposit_change_pct,"[0.00973844, 0.00981817)",-0.058238635878455194,3
recurring_deposit_change_pct,"[0.00981817, 0.0100058)",-0.05846516789565226,3
recurring_deposit_change_pct,"[0.0100058, 0.0101002)",-0.0586084720106033,3
recurring_deposit_change_pct,"[0.0101002, 0.0102381)",-0.059159738364815355,4
recurring_deposit_change_pct,"[0.0102381, 0.010348)",-0.05925353693444715,4
recurring_deposit_change_pct,"[0.010348, 0.0104912)",-0.05925353693444715,4
recurring_deposit_change_pct,"[0.0104912, 0.0106348)",-0.05925353693444715,4
recurring_deposit_change_pct,"[0.0106348, 0.0107936)",-0.05925353693444715,4
recurring_deposit_change_pct,"[0.0107936, 0.0109633)",-0.05925353693444715,4
recurring_deposit_change_pct,"[0.0109633, 0.0111454)",-0.05949569033864043,4
recurring_deposit_change_pct,"[0.0111454, 0.0112375)",-0.05953940032442884,4
recurring_deposit_change_pct,"[0.0112375, 0.0113773)",-0.05953940032442884,4
recurring_deposit_change_pct,"[0.0113773, 0.0115064)",-0.05967213768669689,4
recurring_deposit_change_pct,"[0.0115064, 0.011611)",-0.05967213768669689,4
recurring_deposit_change_pct,"[0.011611, 0.0117163)",-0.059780909378299406,4
recurring_deposit_change_pct,"[0.0117163, 0.0118305)",-0.059780909378299406,4
recurring_deposit_change_pct,"[0.0118305, 0.0120225)",-0.05984853027220266,4
recurring_deposit_change_pct,"[0.0120225, 0.0121006)",-0.06003607168051461,4
recurring_deposit_change_pct,"[0.0121006, 0.0122013)",-0.06023769657998729,4
recurring_deposit_change_pct,"[0.0122013, 0.0123939)",-0.06052728636525632,4
recurring_deposit_change_pct,"[0.0123939, 0.0125392)",-0.060690267005525995,4
recurring_deposit_change_pct,"[0.0125392, 0.0126911)",-0.060690267005525995,4
recurring_deposit_change_pct,"[0.0126911, 0.0130208)",-0.060690267005525995,4
recurring_deposit_change_pct,"[0.0130208, 0.0131626)",-0.06087624865266209,4
recurring_deposit_change_pct,"[0.0131626, 0.0132631)",-0.06105097454038581,4
recurring_deposit_change_pct,"[0.0132631, 0.0134472)",-0.061148508485147884,4
recurring_deposit_change_pct,"[0.0134472, 0.0135174)",-0.061148508485147884,4
recurring_deposit_change_pct,"[0.0135174, 0.0136394)",-0.061148508485147884,4
recurring_deposit_change_pct,"[0.0136394, 0.0138391)",-0.06153056169696175,4
recurring_deposit_change_pct,"[0.0138391, 0.0139622)",-0.06174592720387061,4
recurring_deposit_change_pct,"[0.0139622, 0.0140633)",-0.06196887744579372,4
recurring_deposit_change_pct,"[0.0140633, 0.0142587)",-0.062277092653667994,4
recurring_deposit_change_pct,"[0.0142587, 0.0144757)",-0.062277092653667994,4
recurring_deposit_change_pct,"[0.0144757, 0.0145931)",-0.062428792803302546,4
recurring_deposit_change_pct,"[0.0145931, 0.0147841)",-0.06250703583399889,4
recurring_deposit_change_pct,"[0.0147841, 0.0149825)",-0.06250703583399889,4
recurring_deposit_change_pct,"[0.0149825, 0.015137)",-0.0626344678330377,4
recurring_deposit_change_pct,"[0.015137, 0.0153036)",-0.0626344678330377,4
recurring_deposit_change_pct,"[0.0153036, 0.0155396)",-0.0626344678330377,4
recurring_deposit_change_pct,"[0.0155396, 0.0156451)",-0.06280565356373104,4
recurring_deposit_change_pct,"[0.0156451, 0.0158573)",-0.06304518518232675,4
recurring_deposit_change_pct,"[0.0158573, 0.0160587)",-0.06323037636978958,4
recurring_deposit_change_pct,"[0.0160587, 0.0163064)",-0.0632775486065406,4
recurring_deposit_change_pct,"[0.0163064, 0.016493)",-0.06357625306631402,4
recurring_deposit_change_pct,"[0.016493, 0.0166128)",-0.06439548824664668,4
recurring_deposit_change_pct,"[0.0166128, 0.0167371)",-0.06439548824664668,4
recurring_deposit_change_pct,"[0.0167371, 0.0169164)",-0.06439548824664668,4
recurring_deposit_change_pct,"[0.0169164, 0.0171284)",-0.06456875465766444,4
recurring_deposit_change_pct,"[0.0171284, 0.0174063)",-0.06456875465766444,4
recurring_deposit_change_pct,"[0.0174063, 0.0175407)",-0.06456875465766444,4
recurring_deposit_change_pct,"[0.0175407, 0.0177833)",-0.06468751792621978,4
recurring_deposit_change_pct,"[0.0177833, 0.0179216)",-0.06468751792621978,4
recurring_deposit_change_pct,"[0.0179216, 0.0180816)",-0.06468751792621978,4
recurring_deposit_change_pct,"[0.0180816, 0.0183827)",-0.06468751792621978,4
recurring_deposit_change_pct,"[0.0183827, 0.0187253)",-0.06468751792621978,4
recurring_deposit_change_pct,"[0.0187253, 0.0191921)",-0.064905710170596,4
recurring_deposit_change_pct,"[0.0191921, 0.0196165)",-0.06501092752810514,4
recurring_deposit_change_pct,"[0.0196165, 0.0197437)",-0.06501092752810514,4
recurring_deposit_change_pct,"[0.0197437, 0.0200341)",-0.06501092752810514,4
recurring_deposit_change_pct,"[0.0200341, 0.0202917)",-0.06501092752810514,4
recurring_deposit_change_pct,"[0.0202917, 0.0204965)",-0.065051420523083,4
recurring_deposit_change_pct,"[0.0204965, 0.0206771)",-0.06515323288325706,4
recurring_deposit_change_pct,"[0.0206771, 0.021003)",-0.06515323288325706,4
recurring_deposit_change_pct,"[0.021003, 0.0212096)",-0.06525425339014,4
recurring_deposit_change_pct,"[0.0212096, 0.0215375)",-0.06525425339014,4
recurring_deposit_change_pct,"[0.0215375, 0.021859)",-0.06525425339014,4
recurring_deposit_change_pct,"[0.021859, 0.0221018)",-0.06533929833674855,4
recurring_deposit_change_pct,"[0.0221018, 0.0222222)",-0.06533929833674855,4
recurring_deposit_change_pct,"[0.0222222, 0.0226743)",-0.06539897075641167,4
recurring_deposit_change_pct,"[0.0226743, 0.0230312)",-0.06539897075641167,4
recurring_deposit_change_pct,"[0.0230312, 0.0233578)",-0.06539897075641167,4
recurring_deposit_change_pct,"[0.0233578, 0.0238219)",-0.06539897075641167,4
recurring_deposit_change_pct,"[0.0238219, 0.0242822)",-0.06543088977593153,4
recurring_deposit_change_pct,"[0.0242822, 0.0245248)",-0.06543088977593153,4
recurring_deposit_change_pct,"[0.0245248, 0.024852)",-0.06543088977593153,4
recurring_deposit_change_pct,"[0.024852, 0.0251338)",-0.06548362322039518,4
recurring_deposit_change_pct,"[0.0251338, 0.0254716)",-0.06555352015383734,4
recurring_deposit_change_pct,"[0.0254716, 0.0257841)",-0.06564545622643307,4
recurring_deposit_change_pct,"[0.0257841, 0.0261001)",-0.06564545622643307,4
recurring_deposit_change_pct,"[0.0261001, 0.026415)",-0.06577486447725936,4
recurring_deposit_change_pct,"[0.026415, 0.0269241)",-0.06577486447725936,4
recurring_deposit_change_pct,"[0.0269241, 0.0272387)",-0.06581746042102968,4
recurring_deposit_change_pct,"[0.0272387, 0.0276021)",-0.06583103935856312,4
recurring_deposit_change_pct,"[0.0276021, 0.027951)",-0.06583103935856312,4
recurring_deposit_change_pct,"[0.027951, 0.0284504)",-0.06583103935856312,4
recurring_deposit_change_pct,"[0.0284504, 0.0289324)",-0.0658612165383555,4
recurring_deposit_change_pct,"[0.0289324, 0.0292494)",-0.06593281079605604,4
recurring_deposit_change_pct,"[0.0292494, 0.0297758)",-0.06593281079605604,4
recurring_deposit_change_pct,"[0.0297758, 0.0300749)",-0.06593281079605604,4
recurring_deposit_change_pct,"[0.0300749, 0.0305385)",-0.06593281079605604,4
recurring_deposit_change_pct,"[0.0305385, 0.0308208)",-0.06593281079605604,4
recurring_deposit_change_pct,"[0.0308208, 0.0313295)",-0.06593281079605604,4
recurring_deposit_change_pct,"[0.0313295, 0.0318167)",-0.06598197739885585,4
recurring_deposit_change_pct,"[0.0318167, 0.0323503)",-0.066018277192072,4
recurring_deposit_change_pct,"[0.0323503, 0.0327649)",-0.06606403634596397,4
recurring_deposit_change_pct,"[0.0327649, 0.0333119)",-0.06606403634596397,4
recurring_deposit_change_pct,"[0.0333119, 0.0339777)",-0.06606403634596397,4
recurring_deposit_change_pct,"[0.0339777, 0.0348906)",-0.06611906784879867,4
recurring_deposit_change_pct,"[0.0348906, 0.0352836)",-0.06630326157114297,4
recurring_deposit_change_pct,"[0.0352836, 0.0357483)",-0.06638377982435291,4
recurring_deposit_change_pct,"[0.0357483, 0.0361955)",-0.06638377982435291,4
recurring_deposit_change_pct,"[0.0361955, 0.0368648)",-0.06638377982435291,4
recurring_deposit_change_pct,"[0.0368648, 0.0377923)",-0.06661033248948396,4
recurring_deposit_change_pct,"[0.0377923, 0.0382542)",-0.06661033248948396,4
recurring_deposit_change_pct,"[0.0382542, 0.0388428)",-0.06674992908965874,4
recurring_deposit_change_pct,"[0.0388428, 0.039434)",-0.06692102365876748,4
recurring_deposit_change_pct,"[0.039434, 0.0402893)",-0.0669637421157783,4
recurring_deposit_change_pct,"[0.0402893, 0.0406589)",-0.0669637421157783,4
recurring_deposit_change_pct,"[0.0406589, 0.0416982)",-0.0669637421157783,4
recurring_deposit_change_pct,"[0.0416982, 0.0422723)",-0.06697403488061456,4
recurring_deposit_change_pct,"[0.0422723, 0.042848)",-0.06697403488061456,4
recurring_deposit_change_pct,"[0.042848, 0.0436918)",-0.06704061619786984,4
recurring_deposit_change_pct,"[0.0436918, 0.0440426)",-0.06717897342649673,4
recurring_deposit_change_pct,"[0.0440426, 0.0450229)",-0.06723666992497535,4
recurring_deposit_change_pct,"[0.0450229, 0.0455599)",-0.06743052622547412,4
recurring_deposit_change_pct,"[0.0455599, 0.0463246)",-0.06743930563977395,4
recurring_deposit_change_pct,"[0.0463246, 0.0473065)",-0.06743930563977395,4
recurring_deposit_change_pct,"[0.0473065, 0.0484118)",-0.06743930563977395,4
recurring_deposit_change_pct,"[0.0484118, 0.0492561)",-0.06751723342093942,4
recurring_deposit_change_pct,"[0.0492561, 0.050117)",-0.06751723342093942,4
recurring_deposit_change_pct,"[0.050117, 0.0510678)",-0.06751723342093942,4
recurring_deposit_change_pct,"[0.0510678, 0.0516189)",-0.06773190973048006,4
recurring_deposit_change_pct,"[0.0516189, 0.0524153)",-0.06773190973048006,4
recurring_deposit_change_pct,"[0.0524153, 0.0531863)",-0.06782474050797738,4
recurring_deposit_change_pct,"[0.0531863, 0.0542658)",-0.06785356408492361,4
recurring_deposit_change_pct,"[0.0542658, 0.0551073)",-0.06785356408492361,4
recurring_deposit_change_pct,"[0.0551073, 0.0559205)",-0.06785356408492361,4
recurring_deposit_change_pct,"[0.0559205, 0.056611)",-0.06791646346883423,4
recurring_deposit_change_pct,"[0.056611, 0.0579846)",-0.06791646346883423,4
recurring_deposit_change_pct,"[0.0579846, 0.0588023)",-0.06791646346883423,4
recurring_deposit_change_pct,"[0.0588023, 0.0602214)",-0.06791646346883423,4
recurring_deposit_change_pct,"[0.0602214, 0.0611623)",-0.06796156576695427,4
recurring_deposit_change_pct,"[0.0611623, 0.0621814)",-0.06796156576695427,4
recurring_deposit_change_pct,"[0.0621814, 0.0628713)",-0.06796156576695427,4
recurring_deposit_change_pct,"[0.0628713, 0.0636342)",-0.06796156576695427,4
recurring_deposit_change_pct,"[0.0636342, 0.0645862)",-0.06796156576695427,4
recurring_deposit_change_pct,"[0.0645862, 0.0655392)",-0.06796156576695427,4
recurring_deposit_change_pct,"[0.0655392, 0.0662127)",-0.06805908714689059,4
recurring_deposit_change_pct,"[0.0662127, 0.0672523)",-0.06805908714689059,4
recurring_deposit_change_pct,"[0.0672523, 0.0681773)",-0.06806432910356647,4
recurring_deposit_change_pct,"[0.0681773, 0.069357)",-0.06807317712517716,4
recurring_deposit_change_pct,"[0.069357, 0.0707483)",-0.06807317712517716,4
recurring_deposit_change_pct,"[0.0707483, 0.0722959)",-0.06807317712517716,4
recurring_deposit_change_pct,"[0.0722959, 0.0730023)",-0.06813597835931268,4
recurring_deposit_change_pct,"[0.0730023, 0.0738615)",-0.06813597835931268,4
recurring_deposit_change_pct,"[0.0738615, 0.0751361)",-0.06813597835931268,4
recurring_deposit_change_pct,"[0.0751361, 0.0762832)",-0.06813597835931268,4
recurring_deposit_change_pct,"[0.0762832, 0.0773479)",-0.06813597835931268,4
recurring_deposit_change_pct,"[0.0773479, 0.0778678)",-0.06819538106520324,4
recurring_deposit_change_pct,"[0.0778678, 0.0789615)",-0.06822635706636065,4
recurring_deposit_change_pct,"[0.0789615, 0.0800126)",-0.06822635706636065,4
recurring_deposit_change_pct,"[0.0800126, 0.0815524)",-0.06825140537362724,4
recurring_deposit_change_pct,"[0.0815524, 0.0823582)",-0.06828247341261826,4
recurring_deposit_change_pct,"[0.0823582, 0.0834331)",-0.06828247341261826,4
recurring_deposit_change_pct,"[0.0834331, 0.084737)",-0.06828247341261826,4
recurring_deposit_change_pct,"[0.084737, 0.0859189)",-0.06828247341261826,4
recurring_deposit_change_pct,"[0.0859189, 0.0865525)",-0.06828247341261826,4
recurring_deposit_change_pct,"[0.0865525, 0.0874574)",-0.06828247341261826,4
recurring_deposit_change_pct,"[0.0874574, 0.0885872)",-0.06828247341261826,4
recurring_deposit_change_pct,"[0.0885872, 0.0894377)",-0.06828247341261826,4
recurring_deposit_change_pct,"[0.0894377, 0.0899676)",-0.06828247341261826,4
recurring_deposit_change_pct,"[0.0899676, 0.0911811)",-0.06828247341261826,4
recurring_deposit_change_pct,"[0.0911811, 0.0925335)",-0.06832022119331344,4
recurring_deposit_change_pct,"[0.0925335, 0.0934916)",-0.06832022119331344,4
recurring_deposit_change_pct,"[0.0934916, 0.0946077)",-0.06832022119331344,4
recurring_deposit_change_pct,"[0.0946077, 0.095307)",-0.06832022119331344,4
recurring_deposit_change_pct,"[0.095307, 0.0962442)",-0.06832022119331344,4
recurring_deposit_change_pct,"[0.0962442, 0.0977602)",-0.06832022119331344,4
recurring_deposit_change_pct,"[0.0977602, 0.0987768)",-0.06832022119331344,4
recurring_deposit_change_pct,"[0.0987768, 0.0997593)",-0.06832022119331344,4
recurring_deposit_change_pct,"[0.0997593, 0.100568)",-0.06832022119331344,4
recurring_deposit_change_pct,"[0.100568, 0.102166)",-0.06832022119331344,4
recurring_deposit_change_pct,"[0.102166, 0.10295)",-0.06832697011568598,4
recurring_deposit_change_pct,"[0.10295, 0.1043)",-0.06832697011568598,4
recurring_deposit_change_pct,"[0.1043, 0.105472)",-0.06832697011568598,4
recurring_deposit_change_pct,"[0.105472, 0.106875)",-0.06832697011568598,4
recurring_deposit_change_pct,"[0.106875, 0.10931)",-0.06832697011568598,4
recurring_deposit_change_pct,"[0.10931, 0.112241)",-0.06832697011568598,4
recurring_deposit_change_pct,"[0.112241, 0.113824)",-0.06832697011568598,4
recurring_deposit_change_pct,"[0.113824, 0.114688)",-0.06834739678324696,4
recurring_deposit_change_pct,"[0.114688, 0.116319)",-0.06834739678324696,4
recurring_deposit_change_pct,"[0.116319, 0.118116)",-0.06834739678324696,4
recurring_deposit_change_pct,"[0.118116, 0.1199)",-0.06834739678324696,4
recurring_deposit_change_pct,"[0.1199, 0.122116)",-0.06834739678324696,4
recurring_deposit_change_pct,"[0.122116, 0.123557)",-0.06834739678324696,4
recurring_deposit_change_pct,"[0.123557, 0.124851)",-0.06836055064032645,4
recurring_deposit_change_pct,"[0.124851, 0.126529)",-0.06836055064032645,4
recurring_deposit_change_pct,"[0.126529, 0.127604)",-0.06836055064032645,4
recurring_deposit_change_pct,"[0.127604, 0.128643)",-0.06836055064032645,4
recurring_deposit_change_pct,"[0.128643, 0.131129)",-0.06836055064032645,4
recurring_deposit_change_pct,"[0.131129, 0.132162)",-0.06836055064032645,4
recurring_deposit_change_pct,"[0.132162, 0.133164)",-0.06836055064032645,4
recurring_deposit_change_pct,"[0.133164, 0.135196)",-0.06841260817543568,4
recurring_deposit_change_pct,"[0.135196, 0.136225)",-0.06841260817543568,4
recurring_deposit_change_pct,"[0.136225, 0.137731)",-0.06841260817543568,4
recurring_deposit_change_pct,"[0.137731, 0.139542)",-0.06841260817543568,4
recurring_deposit_change_pct,"[0.139542, 0.141308)",-0.06841260817543568,4
recurring_deposit_change_pct,"[0.141308, 0.142932)",-0.06841260817543568,4
recurring_deposit_change_pct,"[0.142932, 0.144831)",-0.06841260817543568,4
recurring_deposit_change_pct,"[0.144831, 0.145944)",-0.06841260817543568,4
recurring_deposit_change_pct,"[0.145944, 0.147979)",-0.06858482298142676,4
recurring_deposit_change_pct,"[0.147979, 0.149743)",-0.06864035158911444,4
recurring_deposit_change_pct,"[0.149743, 0.151869)",-0.06874073302587388,4
recurring_deposit_change_pct,"[0.151869, 0.153317)",-0.06874073302587388,4
recurring_deposit_change_pct,"[0.153317, 0.155114)",-0.06874073302587388,4
recurring_deposit_change_pct,"[0.155114, 0.157246)",-0.06874073302587388,4
recurring_deposit_change_pct,"[0.157246, 0.158968)",-0.06877310352931455,4
recurring_deposit_change_pct,"[0.158968, 0.160756)",-0.06877310352931455,4
recurring_deposit_change_pct,"[0.160756, 0.162661)",-0.06877310352931455,4
recurring_deposit_change_pct,"[0.162661, 0.16459)",-0.06884000159918441,4
recurring_deposit_change_pct,"[0.16459, 0.166557)",-0.06884000159918441,4
recurring_deposit_change_pct,"[0.166557, 0.168232)",-0.06884000159918441,4
recurring_deposit_change_pct,"[0.168232, 0.17033)",-0.06884000159918441,4
recurring_deposit_change_pct,"[0.17033, 0.172546)",-0.06884000159918441,4
recurring_deposit_change_pct,"[0.172546, 0.173801)",-0.06884000159918441,4
recurring_deposit_change_pct,"[0.173801, 0.177103)",-0.06889522363469532,4
recurring_deposit_change_pct,"[0.177103, 0.178623)",-0.06889522363469532,4
recurring_deposit_change_pct,"[0.178623, 0.179432)",-0.06889522363469532,4
recurring_deposit_change_pct,"[0.179432, 0.181401)",-0.06889522363469532,4
recurring_deposit_change_pct,"[0.181401, 0.183282)",-0.06889522363469532,4
recurring_deposit_change_pct,"[0.183282, 0.18474)",-0.06893026559966398,4
recurring_deposit_change_pct,"[0.18474, 0.185818)",-0.06893026559966398,4
recurring_deposit_change_pct,"[0.185818, 0.188332)",-0.06895865093891493,4
recurring_deposit_change_pct,"[0.188332, 0.189641)",-0.06908781112241497,4
recurring_deposit_change_pct,"[0.189641, 0.190655)",-0.06930760201138275,4
recurring_deposit_change_pct,"[0.190655, 0.191464)",-0.06946955780755906,4
recurring_deposit_change_pct,"[0.191464, 0.192979)",-0.06946955780755906,4
recurring_deposit_change_pct,"[0.192979, 0.194527)",-0.06946955780755906,4
recurring_deposit_change_pct,"[0.194527, 0.195322)",-0.06956869169552794,4
recurring_deposit_change_pct,"[0.195322, 0.195866)",-0.06969098673867154,4
recurring_deposit_change_pct,"[0.195866, 0.19711)",-0.06969098673867154,4
recurring_deposit_change_pct,"[0.19711, 0.198839)",-0.0697367314876133,4
recurring_deposit_change_pct,"[0.198839, 0.199787)",-0.0697367314876133,4
recurring_deposit_change_pct,"[0.199787, 0.201452)",-0.0697367314876133,4
recurring_deposit_change_pct,"[0.201452, 0.202722)",-0.0697367314876133,4
recurring_deposit_change_pct,"[0.202722, 0.203592)",-0.0697367314876133,4
recurring_deposit_change_pct,"[0.203592, 0.20488)",-0.0697367314876133,4
recurring_deposit_change_pct,"[0.20488, 0.206139)",-0.06994066833194632,4
recurring_deposit_change_pct,"[0.206139, 0.207398)",-0.07008033357924087,4
recurring_deposit_change_pct,"[0.207398, 0.208745)",-0.07017280621149324,4
recurring_deposit_change_pct,"[0.208745, 0.211332)",-0.07031463805865915,4
recurring_deposit_change_pct,"[0.211332, 0.211992)",-0.07064810791662722,4
recurring_deposit_change_pct,"[0.211992, 0.213419)",-0.07069528912724236,4
recurring_deposit_change_pct,"[0.213419, 0.214325)",-0.07092305278768292,4
recurring_deposit_change_pct,"[0.214325, 0.216076)",-0.07092305278768292,4
recurring_deposit_change_pct,"[0.216076, 0.217999)",-0.07092305278768292,4
recurring_deposit_change_pct,"[0.217999, 0.220192)",-0.07092305278768292,4
recurring_deposit_change_pct,"[0.220192, 0.223914)",-0.07104943878949395,4
recurring_deposit_change_pct,"[0.223914, 0.226742)",-0.07115922699776907,4
recurring_deposit_change_pct,"[0.226742, 0.229515)",-0.07131253092288482,4
recurring_deposit_change_pct,"[0.229515, 0.23269)",-0.0713990820757387,4
recurring_deposit_change_pct,"[0.23269, 0.234588)",-0.0715574638060893,4
recurring_deposit_change_pct,"[0.234588, 0.237533)",-0.0715574638060893,4
recurring_deposit_change_pct,"[0.237533, 0.24175)",-0.07157862952977402,4
recurring_deposit_change_pct,"[0.24175, 0.247472)",-0.0717634341853081,4
recurring_deposit_change_pct,"[0.247472, 0.251644)",-0.07181581098167418,4
recurring_deposit_change_pct,"[0.251644, 0.256077)",-0.07181581098167418,4
recurring_deposit_change_pct,"[0.256077, 0.260785)",-0.07181581098167418,4
recurring_deposit_change_pct,"[0.260785, 0.26543)",-0.07188179294580901,4
recurring_deposit_change_pct,"[0.26543, 0.273957)",-0.07207543851428366,4
recurring_deposit_change_pct,"[0.273957, 0.280049)",-0.07207543851428366,4
recurring_deposit_change_pct,"[0.280049, 0.287958)",-0.08866429110643717,5
recurring_deposit_change_pct,"[0.287958, 0.293769)",-0.08866429110643717,5
recurring_deposit_change_pct,"[0.293769, 0.300541)",-0.08866429110643717,5
recurring_deposit_change_pct,"[0.300541, 0.304254)",-0.08876279833169186,5
recurring_deposit_change_pct,"[0.304254, 0.311599)",-0.08894167680408652,5
recurring_deposit_change_pct,"[0.311599, 0.317148)",-0.08927132502483934,5
recurring_deposit_change_pct,"[0.317148, 0.320658)",-0.08937319055918443,5
recurring_deposit_change_pct,"[0.320658, 0.327632)",-0.08937319055918443,5
recurring_deposit_change_pct,"[0.327632, 0.33299)",-0.08949140627298356,5
recurring_deposit_change_pct,"[0.33299, 0.338054)",-0.08957949511116631,5
recurring_deposit_change_pct,"[0.338054, 0.345486)",-0.08983022303223162,5
recurring_deposit_change_pct,"[0.345486, 0.353213)",-0.08983022303223162,5
recurring_deposit_change_pct,"[0.353213, 0.359378)",-0.08991113026458246,5
recurring_deposit_change_pct,"[0.359378, 0.367409)",-0.09009072220583557,5
recurring_deposit_change_pct,"[0.367409, 0.377878)",-0.09009072220583557,5
recurring_deposit_change_pct,"[0.377878, 0.38927)",-0.09022766990331603,5
recurring_deposit_change_pct,"[0.38927, 0.39565)",-0.09025391743329499,5
recurring_deposit_change_pct,"[0.39565, 0.401318)",-0.09025391743329499,5
recurring_deposit_change_pct,"[0.401318, 0.406753)",-0.09040655928794662,5
recurring_deposit_change_pct,"[0.406753, 0.411895)",-0.09048542174056762,5
recurring_deposit_change_pct,"[0.411895, 0.419958)",-0.09048542174056762,5
recurring_deposit_change_pct,"[0.419958, 0.4297)",-0.09057532520464437,5
recurring_deposit_change_pct,"[0.4297, 0.435577)",-0.09057532520464437,5
recurring_deposit_change_pct,"[0.435577, 0.444869)",-0.09061483979120613,5
recurring_deposit_change_pct,"[0.444869, 0.456046)",-0.09061483979120613,5
recurring_deposit_change_pct,"[0.456046, 0.467003)",-0.09061483979120613,5
recurring_deposit_change_pct,"[0.467003, 0.472768)",-0.09061483979120613,5
recurring_deposit_change_pct,"[0.472768, 0.480275)",-0.09061483979120613,5
recurring_deposit_change_pct,"[0.480275, 0.48625)",-0.09061483979120613,5
recurring_deposit_change_pct,"[0.48625, 0.488553)",-0.09061483979120613,5
recurring_deposit_change_pct,"[0.488553, 0.491767)",-0.09061483979120613,5
recurring_deposit_change_pct,"[0.491767, 0.493331)",-0.09061483979120613,5
recurring_deposit_change_pct,"[0.493331, 0.495815)",-0.09074128831171986,5
recurring_deposit_change_pct,"[0.495815, 0.497365)",-0.091109232000896,5
recurring_deposit_change_pct,"[0.497365, 0.498405)",-0.0912462854348597,5
recurring_deposit_change_pct,"[0.498405, 0.499416)",-0.09168128789299768,5
recurring_deposit_change_pct,"[0.499416, 0.501467)",-0.10342184827317574,6
recurring_deposit_change_pct,"[0.501467, 0.50494)",-0.10358021675400104,6
recurring_deposit_change_pct,"[0.50494, 0.507543)",-0.10358021675400104,6
recurring_deposit_change_pct,"[0.507543, 0.509505)",-0.10358021675400104,6
recurring_deposit_change_pct,"[0.509505, 0.518033)",-0.10361823309150553,6
recurring_deposit_change_pct,"[0.518033, 0.54521)",-0.10361823309150553,6
recurring_deposit_change_pct,"[0.54521, 0.56035)",-0.10388408874848587,6
recurring_deposit_change_pct,"[0.56035, 0.584705)",-0.1041754378097137,6
recurring_deposit_change_pct,"[0.584705, 0.619659)",-0.10474662426097608,6
recurring_deposit_change_pct,"[0.619659, 0.641306)",-0.10488233044540615,6
recurring_deposit_change_pct,"[0.641306, 0.682147)",-0.12347929335583821,7
recurring_deposit_change_pct,"[0.682147, 0.709695)",-0.12772372800809534,8
recurring_deposit_change_pct,"[0.709695, 0.769166)",-0.12788916350997062,8
recurring_deposit_change_pct,"[0.769166, 0.836912)",-0.12788916350997062,8
recurring_deposit_change_pct,"[0.836912, 0.938504)",-0.12788916350997062,8
recurring_deposit_change_pct,"[0.938504, 1.0858)",-0.12788916350997062,8
recurring_deposit_change_pct,"[1.0858, 1.27699)",-0.12788916350997062,8
recurring_deposit_change_pct,"[1.27699, 1.41828)",-0.12788916350997062,8
recurring_deposit_change_pct,"[1.41828, inf)",-0.19264875339906493,11
recurring_deposit_change_pct,missing,-0.06000108929632547,4
return_vs_benchmark,"[-inf, -0.128809)",0.15843648245947065,-9
return_vs_benchmark,"[-0.128809, -0.122906)",0.15843648245947065,-9
return_vs_benchmark,"[-0.122906, -0.116548)",0.15843648245947065,-9
return_vs_benchmark,"[-0.116548, -0.113241)",0.15843648245947065,-9
return_vs_benchmark,"[-0.113241, -0.110579)",0.1584156330284348,-9
return_vs_benchmark,"[-0.110579, -0.108815)",0.1584156330284348,-9
return_vs_benchmark,"[-0.108815, -0.107267)",0.1584156330284348,-9
return_vs_benchmark,"[-0.107267, -0.10548)",0.1584156330284348,-9
return_vs_benchmark,"[-0.10548, -0.104522)",0.1584156330284348,-9
return_vs_benchmark,"[-0.104522, -0.103793)",0.1584156330284348,-9
return_vs_benchmark,"[-0.103793, -0.102516)",0.1584156330284348,-9
return_vs_benchmark,"[-0.102516, -0.101657)",0.15840528357860195,-9
return_vs_benchmark,"[-0.101657, -0.101014)",0.15840528357860195,-9
return_vs_benchmark,"[-0.101014, -0.099614)",0.15840528357860195,-9
return_vs_benchmark,"[-0.099614, -0.0984285)",0.15840528357860195,-9
return_vs_benchmark,"[-0.0984285, -0.0971461)",0.15840528357860195,-9
return_vs_benchmark,"[-0.0971461, -0.0960023)",0.15840528357860195,-9
return_vs_benchmark,"[-0.0960023, -0.0949622)",0.15840528357860195,-9
return_vs_benchmark,"[-0.0949622, -0.0943285)",0.15840528357860195,-9
return_vs_benchmark,"[-0.0943285, -0.0933278)",0.15840528357860195,-9
return_vs_benchmark,"[-0.0933278, -0.0924677)",0.1583934712331469,-9
return_vs_benchmark,"[-0.0924677, -0.0919194)",0.15837353053437442,-9
return_vs_benchmark,"[-0.0919194, -0.091338)",0.1583517076070895,-9
return_vs_benchmark,"[-0.091338, -0.0905713)",0.1583517076070895,-9
return_vs_benchmark,"[-0.0905713, -0.0899599)",0.15826842627609697,-9
return_vs_benchmark,"[-0.0899599, -0.0890329)",0.1582442840383994,-9
return_vs_benchmark,"[-0.0890329, -0.0886592)",0.1582442840383994,-9
return_vs_benchmark,"[-0.0886592, -0.0882284)",0.1582404608399416,-9
return_vs_benchmark,"[-0.0882284, -0.0877381)",0.1581987667296241,-9
return_vs_benchmark,"[-0.0877381, -0.0871348)",0.1581987667296241,-9
return_vs_benchmark,"[-0.0871348, -0.0865094)",0.1581987667296241,-9
return_vs_benchmark,"[-0.0865094, -0.0860655)",0.1581987667296241,-9
return_vs_benchmark,"[-0.0860655, -0.085388)",0.1581987667296241,-9
return_vs_benchmark,"[-0.085388, -0.0846471)",0.1581987667296241,-9
return_vs_benchmark,"[-0.0846471, -0.0841118)",0.1581987667296241,-9
return_vs_benchmark,"[-0.0841118, -0.083894)",0.1581987667296241,-9
return_vs_benchmark,"[-0.083894, -0.0831843)",0.15810138199667753,-9
return_vs_benchmark,"[-0.0831843, -0.0826686)",0.15809869527217424,-9
return_vs_benchmark,"[-0.0826686, -0.0819709)",0.1580953674204938,-9
return_vs_benchmark,"[-0.0819709, -0.0815248)",0.1580953674204938,-9
return_vs_benchmark,"[-0.0815248, -0.0810152)",0.1580953674204938,-9
return_vs_benchmark,"[-0.0810152, -0.0808229)",0.15802890054200602,-9
return_vs_benchmark,"[-0.0808229, -0.0803474)",0.15802890054200602,-9
return_vs_benchmark,"[-0.0803474, -0.0800217)",0.15801992021632832,-9
return_vs_benchmark,"[-0.0800217, -0.0792801)",0.15801992021632832,-9
return_vs_benchmark,"[-0.0792801, -0.0788271)",0.1578660902242925,-9
return_vs_benchmark,"[-0.0788271, -0.0785982)",0.1578660902242925,-9
return_vs_benchmark,"[-0.0785982, -0.0777799)",0.1577708816541559,-9
return_vs_benchmark,"[-0.0777799, -0.0772969)",0.1577708816541559,-9
return_vs_benchmark,"[-0.0772969, -0.0767995)",0.1577708816541559,-9
return_vs_benchmark,"[-0.0767995, -0.0763896)",0.1577708816541559,-9
return_vs_benchmark,"[-0.0763896, -0.0759874)",0.1577708816541559,-9
return_vs_benchmark,"[-0.0759874, -0.0756268)",0.15772455608301517,-9
return_vs_benchmark,"[-0.0756268, -0.0753907)",0.15767118427559224,-9
return_vs_benchmark,"[-0.0753907, -0.0751231)",0.15767118427559224,-9
return_vs_benchmark,"[-0.0751231, -0.0749052)",0.15767118427559224,-9
return_vs_benchmark,"[-0.0749052, -0.074696)",0.15764792904534425,-9
return_vs_benchmark,"[-0.074696, -0.0744865)",0.15415532952151173,-9
return_vs_benchmark,"[-0.0744865, -0.0742596)",0.1540155657137052,-9
return_vs_benchmark,"[-0.0742596, -0.0739517)",0.15388310720643153,-9
return_vs_benchmark,"[-0.0739517, -0.0737105)",0.15388310720643153,-9
return_vs_benchmark,"[-0.0737105, -0.0733183)",0.15377762924694166,-9
return_vs_benchmark,"[-0.0733183, -0.0728582)",0.15377762924694166,-9
return_vs_benchmark,"[-0.0728582, -0.0722336)",0.15377762924694166,-9
return_vs_benchmark,"[-0.0722336, -0.0719841)",0.1536843138709497,-9
return_vs_benchmark,"[-0.0719841, -0.0717212)",0.1536843138709497,-9
return_vs_benchmark,"[-0.0717212, -0.0713303)",0.1536672477198592,-9
return_vs_benchmark,"[-0.0713303, -0.0707901)",0.1536672477198592,-9
return_vs_benchmark,"[-0.0707901, -0.0704046)",0.1536672477198592,-9
return_vs_benchmark,"[-0.0704046, -0.0700339)",0.15364271865918339,-9
return_vs_benchmark,"[-0.0700339, -0.0698794)",0.15358627119100846,-9
return_vs_benchmark,"[-0.0698794, -0.0695733)",0.15348614411907358,-9
return_vs_benchmark,"[-0.0695733, -0.0692586)",0.1533869456631076,-9
return_vs_benchmark,"[-0.0692586, -0.0689935)",0.15326566145887036,-9
return_vs_benchmark,"[-0.0689935, -0.0687915)",0.15326566145887036,-9
return_vs_benchmark,"[-0.0687915, -0.0682867)",0.15326566145887036,-9
return_vs_benchmark,"[-0.0682867, -0.0679305)",0.15316756154070693,-9
return_vs_benchmark,"[-0.0679305, -0.0677283)",0.15316756154070693,-9
return_vs_benchmark,"[-0.0677283, -0.0673439)",0.1529862071586883,-9
return_vs_benchmark,"[-0.0673439, -0.0671763)",0.1529862071586883,-9
return_vs_benchmark,"[-0.0671763, -0.0669102)",0.15282728843200946,-9
return_vs_benchmark,"[-0.0669102, -0.0667122)",0.15273599599455637,-9
return_vs_benchmark,"[-0.0667122, -0.0665594)",0.15266396261028922,-9
return_vs_benchmark,"[-0.0665594, -0.0661812)",0.1526253458354082,-9
return_vs_benchmark,"[-0.0661812, -0.0659267)",0.15249176123344282,-9
return_vs_benchmark,"[-0.0659267, -0.0656826)",0.15247364050479462,-9
return_vs_benchmark,"[-0.0656826, -0.0655723)",0.15238942282952536,-9
return_vs_benchmark,"[-0.0655723, -0.0652427)",0.15238942282952536,-9
return_vs_benchmark,"[-0.0652427, -0.0650708)",0.15238942282952536,-9
return_vs_benchmark,"[-0.0650708, -0.0647891)",0.15234244240168174,-9
return_vs_benchmark,"[-0.0647891, -0.0645274)",0.15227458583722478,-9
return_vs_benchmark,"[-0.0645274, -0.0641493)",0.15225033483122397,-9
return_vs_benchmark,"[-0.0641493, -0.0639814)",0.15215816802649806,-9
return_vs_benchmark,"[-0.0639814, -0.0637042)",0.15215816802649806,-9
return_vs_benchmark,"[-0.0637042, -0.0636259)",0.15205123858403743,-9
return_vs_benchmark,"[-0.0636259, -0.0634584)",0.15200096657971404,-9
return_vs_benchmark,"[-0.0634584, -0.0633014)",0.15190826627103135,-9
return_vs_benchmark,"[-0.0633014, -0.0629319)",0.15190826627103135,-9
return_vs_benchmark,"[-0.0629319, -0.0626751)",0.15190826627103135,-9
return_vs_benchmark,"[-0.0626751, -0.0625326)",0.15190826627103135,-9
return_vs_benchmark,"[-0.0625326, -0.0623125)",0.15189187457066225,-9
return_vs_benchmark,"[-0.0623125, -0.0621616)",0.15189187457066225,-9
return_vs_benchmark,"[-0.0621616, -0.0618799)",0.15189187457066225,-9
return_vs_benchmark,"[-0.0618799, -0.0616747)",0.1518356618827207,-9
return_vs_benchmark,"[-0.0616747, -0.0615276)",0.1517749959423273,-9
return_vs_benchmark,"[-0.0615276, -0.0612604)",0.1517749959423273,-9
return_vs_benchmark,"[-0.0612604, -0.0611713)",0.1517749959423273,-9
return_vs_benchmark,"[-0.0611713, -0.0609002)",0.15167342963656022,-9
return_vs_benchmark,"[-0.0609002, -0.0606493)",0.15167342963656022,-9
return_vs_benchmark,"[-0.0606493, -0.0604214)",0.15165781339956821,-9
return_vs_benchmark,"[-0.0604214, -0.0601608)",0.1515086343652547,-9
return_vs_benchmark,"[-0.0601608, -0.0599007)",0.1515086343652547,-9
return_vs_benchmark,"[-0.0599007, -0.0597277)",0.1513043839755017,-9
return_vs_benchmark,"[-0.0597277, -0.0595011)",0.1513043839755017,-9
return_vs_benchmark,"[-0.0595011, -0.0593559)",0.15128238647749467,-9
return_vs_benchmark,"[-0.0593559, -0.0590778)",0.1510988991964333,-9
return_vs_benchmark,"[-0.0590778, -0.0589512)",0.1506973949916253,-9
return_vs_benchmark,"[-0.0589512, -0.0587158)",0.15057909157251284,-9
return_vs_benchmark,"[-0.0587158, -0.0584407)",0.15057909157251284,-9
return_vs_benchmark,"[-0.0584407, -0.0582598)",0.15043826773875882,-9
return_vs_benchmark,"[-0.0582598, -0.0579856)",0.1502445272600248,-9
return_vs_benchmark,"[-0.0579856, -0.0578247)",0.15021484476328537,-9
return_vs_benchmark,"[-0.0578247, -0.0576449)",0.15009188601281195,-9
return_vs_benchmark,"[-0.0576449, -0.0575151)",0.1499986329409806,-9
return_vs_benchmark,"[-0.0575151, -0.0574073)",0.1499986329409806,-9
return_vs_benchmark,"[-0.0574073, -0.057248)",0.14958712974963892,-9
return_vs_benchmark,"[-0.057248, -0.0570504)",0.14958712974963892,-9
return_vs_benchmark,"[-0.0570504, -0.0568358)",0.14958712974963892,-9
return_vs_benchmark,"[-0.0568358, -0.0565809)",0.14958712974963892,-9
return_vs_benchmark,"[-0.0565809, -0.056393)",0.14946981821254482,-9
return_vs_benchmark,"[-0.056393, -0.0562991)",0.14946981821254482,-9
return_vs_benchmark,"[-0.0562991, -0.0560681)",0.14922372627657507,-9
return_vs_benchmark,"[-0.0560681, -0.0558243)",0.14908914015569616,-9
return_vs_benchmark,"[-0.0558243, -0.0556621)",0.14893574169560161,-9
return_vs_benchmark,"[-0.0556621, -0.0554444)",0.1486745565421627,-9
return_vs_benchmark,"[-0.0554444, -0.05505)",0.14854152140307933,-9
return_vs_benchmark,"[-0.05505, -0.0548757)",0.14842091007826375,-9
return_vs_benchmark,"[-0.0548757, -0.0547135)",0.14842091007826375,-9
return_vs_benchmark,"[-0.0547135, -0.0545458)",0.14842091007826375,-9
return_vs_benchmark,"[-0.0545458, -0.0544243)",0.14817461373956303,-9
return_vs_benchmark,"[-0.0544243, -0.0542869)",0.14817461373956303,-9
return_vs_benchmark,"[-0.0542869, -0.0541798)",0.14817461373956303,-9
return_vs_benchmark,"[-0.0541798, -0.0539891)",0.14814043070046784,-9
return_vs_benchmark,"[-0.0539891, -0.0537861)",0.14777707544871174,-9
return_vs_benchmark,"[-0.0537861, -0.0535257)",0.14777707544871174,-9
return_vs_benchmark,"[-0.0535257, -0.0533101)",0.14744776795420825,-9
return_vs_benchmark,"[-0.0533101, -0.05316)",0.1470844435823246,-9
return_vs_benchmark,"[-0.05316, -0.0530452)",0.14693435007525266,-9
return_vs_benchmark,"[-0.0530452, -0.0528218)",0.14681184505451816,-9
return_vs_benchmark,"[-0.0528218, -0.0527162)",0.14673601970308262,-9
return_vs_benchmark,"[-0.0527162, -0.0525573)",0.14646541094501123,-9
return_vs_benchmark,"[-0.0525573, -0.052367)",0.14646541094501123,-9
return_vs_benchmark,"[-0.052367, -0.0522221)",0.14646541094501123,-9
return_vs_benchmark,"[-0.0522221, -0.0520515)",0.14646541094501123,-9
return_vs_benchmark,"[-0.0520515, -0.0519446)",0.14646541094501123,-9
return_vs_benchmark,"[-0.0519446, -0.0517222)",0.14640250285866757,-9
return_vs_benchmark,"[-0.0517222, -0.0516157)",0.14629370704983377,-9
return_vs_benchmark,"[-0.0516157, -0.0514487)",0.14623318457395307,-9
return_vs_benchmark,"[-0.0514487, -0.0513233)",0.1458885483552368,-9
return_vs_benchmark,"[-0.0513233, -0.0511494)",0.14576849080019616,-9
return_vs_benchmark,"[-0.0511494, -0.0510632)",0.14552579036404492,-9
return_vs_benchmark,"[-0.0510632, -0.0508594)",0.14543502333088856,-9
return_vs_benchmark,"[-0.0508594, -0.0507215)",0.14509280432963204,-9
return_vs_benchmark,"[-0.0507215, -0.0505528)",0.14500112672636914,-9
return_vs_benchmark,"[-0.0505528, -0.0504453)",0.14500112672636914,-9
return_vs_benchmark,"[-0.0504453, -0.050289)",0.1449152668808338,-9
return_vs_benchmark,"[-0.050289, -0.0501109)",0.1445940902062581,-9
return_vs_benchmark,"[-0.0501109, -0.0498994)",0.1445940902062581,-9
return_vs_benchmark,"[-0.0498994, -0.0497811)",0.1442977614468234,-9
return_vs_benchmark,"[-0.0497811, -0.0496459)",0.14421614383555806,-9
return_vs_benchmark,"[-0.0496459, -0.0494584)",0.14421614383555806,-9
return_vs_benchmark,"[-0.0494584, -0.0491789)",0.14421614383555806,-9
return_vs_benchmark,"[-0.0491789, -0.0490355)",0.14367931827094835,-9
return_vs_benchmark,"[-0.0490355, -0.0488063)",0.14357150383579467,-9
return_vs_benchmark,"[-0.0488063, -0.0487076)",0.14357150383579467,-9
return_vs_benchmark,"[-0.0487076, -0.0486026)",0.14342888105882545,-9
return_vs_benchmark,"[-0.0486026, -0.048484)",0.1429491774328978,-8
return_vs_benchmark,"[-0.048484, -0.0482622)",0.14279144319418602,-8
return_vs_benchmark,"[-0.0482622, -0.0480751)",0.14257383270942783,-8
return_vs_benchmark,"[-0.0480751, -0.0479484)",0.14257383270942783,-8
return_vs_benchmark,"[-0.0479484, -0.0478075)",0.14247259081677385,-8
return_vs_benchmark,"[-0.0478075, -0.0475855)",0.14220463703233488,-8
return_vs_benchmark,"[-0.0475855, -0.0473536)",0.14181161271258183,-8
return_vs_benchmark,"[-0.0473536, -0.0472519)",0.14162539036458643,-8
return_vs_benchmark,"[-0.0472519, -0.0471923)",0.14142647260141084,-8
return_vs_benchmark,"[-0.0471923, -0.0469974)",0.14129916501033254,-8
return_vs_benchmark,"[-0.0469974, -0.0469002)",0.14100915784298013,-8
return_vs_benchmark,"[-0.0469002, -0.0466913)",0.1409614881256084,-8
return_vs_benchmark,"[-0.0466913, -0.0463361)",0.1409190089617316,-8
return_vs_benchmark,"[-0.0463361, -0.0462363)",0.14077942967077603,-8
return_vs_benchmark,"[-0.0462363, -0.0460611)",0.14077942967077603,-8
return_vs_benchmark,"[-0.0460611, -0.0459497)",0.14034575923938686,-8
return_vs_benchmark,"[-0.0459497, -0.0457073)",0.14018400583432428,-8
return_vs_benchmark,"[-0.0457073, -0.0455965)",0.14007976941927874,-8
return_vs_benchmark,"[-0.0455965, -0.0454732)",0.13991103144178643,-8
return_vs_benchmark,"[-0.0454732, -0.0454003)",0.13991103144178643,-8
return_vs_benchmark,"[-0.0454003, -0.0452285)",0.13991103144178643,-8
return_vs_benchmark,"[-0.0452285, -0.0450823)",0.13970340448727275,-8
return_vs_benchmark,"[-0.0450823, -0.0449477)",0.13970340448727275,-8
return_vs_benchmark,"[-0.0449477, -0.0448041)",0.13970340448727275,-8
return_vs_benchmark,"[-0.0448041, -0.0446545)",0.13970340448727275,-8
return_vs_benchmark,"[-0.0446545, -0.0445613)",0.1394508122078826,-8
return_vs_benchmark,"[-0.0445613, -0.0443915)",0.13918384190979896,-8
return_vs_benchmark,"[-0.0443915, -0.0442696)",0.13918384190979896,-8
return_vs_benchmark,"[-0.0442696, -0.0441086)",0.1386990305473871,-8
return_vs_benchmark,"[-0.0441086, -0.0438827)",0.1386990305473871,-8
return_vs_benchmark,"[-0.0438827, -0.0437839)",0.1382816620525503,-8
return_vs_benchmark,"[-0.0437839, -0.0436491)",0.1345353645788285,-8
return_vs_benchmark,"[-0.0436491, -0.0435514)",0.1345353645788285,-8
return_vs_benchmark,"[-0.0435514, -0.0434101)",0.13419311906909143,-8
return_vs_benchmark,"[-0.0434101, -0.0433199)",0.13374412420603526,-8
return_vs_benchmark,"[-0.0433199, -0.0431878)",0.13374412420603526,-8
return_vs_benchmark,"[-0.0431878, -0.0430087)",0.13374412420603526,-8
return_vs_benchmark,"[-0.0430087, -0.0429123)",0.13374412420603526,-8
return_vs_benchmark,"[-0.0429123, -0.0428324)",0.13366280004358833,-8
return_vs_benchmark,"[-0.0428324, -0.0426674)",0.13336339584284784,-8
return_vs_benchmark,"[-0.0426674, -0.0424446)",0.13304748624547152,-8
return_vs_benchmark,"[-0.0424446, -0.0422939)",0.13304748624547152,-8
return_vs_benchmark,"[-0.0422939, -0.042203)",0.09878552869464625,-6
return_vs_benchmark,"[-0.042203, -0.0420302)",0.09365657895879656,-6
return_vs_benchmark,"[-0.0420302, -0.041888)",0.09352423284564838,-6
return_vs_benchmark,"[-0.041888, -0.0417724)",0.09335082761226345,-6
return_vs_benchmark,"[-0.0417724, -0.0417069)",0.09335082761226345,-6
return_vs_benchmark,"[-0.0417069, -0.0414922)",0.08818781336441384,-5
return_vs_benchmark,"[-0.0414922, -0.0413093)",0.08806090306166171,-5
return_vs_benchmark,"[-0.0413093, -0.0412197)",0.08796843853944519,-5
return_vs_benchmark,"[-0.0412197, -0.0411193)",0.08765299289829895,-5
return_vs_benchmark,"[-0.0411193, -0.0410343)",0.08765299289829895,-5
return_vs_benchmark,"[-0.0410343, -0.0408819)",0.08730744394587608,-5
return_vs_benchmark,"[-0.0408819, -0.0408065)",0.08730744394587608,-5
return_vs_benchmark,"[-0.0408065, -0.0406688)",0.08703426994293094,-5
return_vs_benchmark,"[-0.0406688, -0.0406191)",0.08703426994293094,-5
return_vs_benchmark,"[-0.0406191, -0.0405303)",0.08703426994293094,-5
return_vs_benchmark,"[-0.0405303, -0.0404103)",0.08683246102568283,-5
return_vs_benchmark,"[-0.0404103, -0.0402795)",0.08652584276734719,-5
return_vs_benchmark,"[-0.0402795, -0.0401914)",0.08599231171862365,-5
return_vs_benchmark,"[-0.0401914, -0.0399954)",0.08577314521661983,-5
return_vs_benchmark,"[-0.0399954, -0.0398836)",0.08561822015297259,-5
return_vs_benchmark,"[-0.0398836, -0.0397119)",0.06945936971006804,-4
return_vs_benchmark,"[-0.0397119, -0.0396195)",0.06945936971006804,-4
return_vs_benchmark,"[-0.0396195, -0.0395125)",0.06926635851000092,-4
return_vs_benchmark,"[-0.0395125, -0.0393929)",0.06916991587036886,-4
return_vs_benchmark,"[-0.0393929, -0.0392241)",0.06916991587036886,-4
return_vs_benchmark,"[-0.0392241, -0.0390984)",0.0689752372680114,-4
return_vs_benchmark,"[-0.0390984, -0.0389903)",0.0689752372680114,-4
return_vs_benchmark,"[-0.0389903, -0.0388949)",0.06834287737911408,-4
return_vs_benchmark,"[-0.0388949, -0.0387733)",0.06834287737911408,-4
return_vs_benchmark,"[-0.0387733, -0.0387125)",0.06758941293320446,-4
return_vs_benchmark,"[-0.0387125, -0.0386382)",0.0673185606267933,-4
return_vs_benchmark,"[-0.0386382, -0.0385898)",0.06696252695499834,-4
return_vs_benchmark,"[-0.0385898, -0.038471)",0.06644855370325836,-4
return_vs_benchmark,"[-0.038471, -0.0383494)",0.06644855370325836,-4
return_vs_benchmark,"[-0.0383494, -0.0381983)",0.06644855370325836,-4
return_vs_benchmark,"[-0.0381983, -0.0380654)",0.0659787620636504,-4
return_vs_benchmark,"[-0.0380654, -0.0379135)",0.06531287778907376,-4
return_vs_benchmark,"[-0.0379135, -0.0377923)",0.06494972091108936,-4
return_vs_benchmark,"[-0.0377923, -0.0376274)",0.0647010838036483,-4
return_vs_benchmark,"[-0.0376274, -0.0375341)",0.0645861846850822,-4
return_vs_benchmark,"[-0.0375341, -0.0373564)",0.06442738384975595,-4
return_vs_benchmark,"[-0.0373564, -0.0372371)",0.06442738384975595,-4
return_vs_benchmark,"[-0.0372371, -0.037087)",0.06442738384975595,-4
return_vs_benchmark,"[-0.037087, -0.0369368)",0.0642967055512086,-4
return_vs_benchmark,"[-0.0369368, -0.0368515)",0.06406648271127052,-4
return_vs_benchmark,"[-0.0368515, -0.0367226)",0.06381130381166959,-4
return_vs_benchmark,"[-0.0367226, -0.0366079)",0.06342476634209249,-4
return_vs_benchmark,"[-0.0366079, -0.0364387)",0.06329972053136135,-4
return_vs_benchmark,"[-0.0364387, -0.0363238)",0.06317732889911483,-4
return_vs_benchmark,"[-0.0363238, -0.0362111)",0.06265372022570036,-4
return_vs_benchmark,"[-0.0362111, -0.0361489)",0.06265372022570036,-4
return_vs_benchmark,"[-0.0361489, -0.0359777)",0.0623385188447317,-4
return_vs_benchmark,"[-0.0359777, -0.0358558)",0.0623385188447317,-4
return_vs_benchmark,"[-0.0358558, -0.0356316)",0.062043733281127146,-4
return_vs_benchmark,"[-0.0356316, -0.0354358)",0.06173862342624185,-4
return_vs_benchmark,"[-0.0354358, -0.0352717)",0.06173862342624185,-4
return_vs_benchmark,"[-0.0352717, -0.0352024)",0.06151875382150694,-4
return_vs_benchmark,"[-0.0352024, -0.0350956)",0.06151875382150694,-4
return_vs_benchmark,"[-0.0350956, -0.0349294)",0.06151875382150694,-4
return_vs_benchmark,"[-0.0349294, -0.0348808)",0.06129117890693138,-4
return_vs_benchmark,"[-0.0348808, -0.0347091)",0.06120067509165992,-4
return_vs_benchmark,"[-0.0347091, -0.0345536)",0.060561892109488855,-4
return_vs_benchmark,"[-0.0345536, -0.0344653)",0.06046226681384834,-4
return_vs_benchmark,"[-0.0344653, -0.0343401)",0.060290794438134496,-4
return_vs_benchmark,"[-0.0343401, -0.0342502)",0.059805297804877186,-4
return_vs_benchmark,"[-0.0342502, -0.0341326)",0.05971525980797122,-4
return_vs_benchmark,"[-0.0341326, -0.0339909)",0.05905771956888595,-4
return_vs_benchmark,"[-0.0339909, -0.0338355)",0.05883711809688042,-3
return_vs_benchmark,"[-0.0338355, -0.0337168)",0.0586629803098813,-3
return_vs_benchmark,"[-0.0337168, -0.0336143)",0.05844621803336761,-3
return_vs_benchmark,"[-0.0336143, -0.0335195)",0.05826534328555905,-3
return_vs_benchmark,"[-0.0335195, -0.0334388)",0.058132507916288365,-3
return_vs_benchmark,"[-0.0334388, -0.033356)",0.058132507916288365,-3
return_vs_benchmark,"[-0.033356, -0.0332839)",0.058132507916288365,-3
return_vs_benchmark,"[-0.0332839, -0.0331775)",0.058132507916288365,-3
return_vs_benchmark,"[-0.0331775, -0.0329845)",0.058132507916288365,-3
return_vs_benchmark,"[-0.0329845, -0.0327845)",0.05802411698385127,-3
return_vs_benchmark,"[-0.0327845, -0.0326472)",0.05802411698385127,-3
return_vs_benchmark,"[-0.0326472, -0.0325212)",0.057669086995776414,-3
return_vs_benchmark,"[-0.0325212, -0.0324656)",0.057262454833710175,-3
return_vs_benchmark,"[-0.0324656, -0.0323648)",0.056955620282547505,-3
return_vs_benchmark,"[-0.0323648, -0.0322424)",0.056836752542232964,-3
return_vs_benchmark,"[-0.0322424, -0.0322012)",0.056836752542232964,-3
return_vs_benchmark,"[-0.0322012, -0.0320016)",0.056836752542232964,-3
return_vs_benchmark,"[-0.0320016, -0.0319516)",0.056836752542232964,-3
return_vs_benchmark,"[-0.0319516, -0.031814)",0.056745424883937585,-3
return_vs_benchmark,"[-0.031814, -0.0317448)",0.056745424883937585,-3
return_vs_benchmark,"[-0.0317448, -0.0316515)",0.05619477073938106,-3
return_vs_benchmark,"[-0.0316515, -0.0315557)",0.05575306503137592,-3
return_vs_benchmark,"[-0.0315557, -0.0314207)",0.055358987618720344,-3
return_vs_benchmark,"[-0.0314207, -0.0313265)",0.055358987618720344,-3
return_vs_benchmark,"[-0.0313265, -0.0312715)",0.05525595523991142,-3
return_vs_benchmark,"[-0.0312715, -0.0311779)",0.05525595523991142,-3
return_vs_benchmark,"[-0.0311779, -0.0311208)",0.05505646725273034,-3
return_vs_benchmark,"[-0.0311208, -0.0310375)",0.05505646725273034,-3
return_vs_benchmark,"[-0.0310375, -0.0309584)",0.05505646725273034,-3
return_vs_benchmark,"[-0.0309584, -0.0307978)",0.05473669898146859,-3
return_vs_benchmark,"[-0.0307978, -0.0307044)",0.05473669898146859,-3
return_vs_benchmark,"[-0.0307044, -0.0304858)",0.054494943793843446,-3
return_vs_benchmark,"[-0.0304858, -0.0303549)",0.05439241052757794,-3
return_vs_benchmark,"[-0.0303549, -0.0302924)",0.05439241052757794,-3
return_vs_benchmark,"[-0.0302924, -0.0300861)",0.054273274191763685,-3
return_vs_benchmark,"[-0.0300861, -0.0299469)",0.054273274191763685,-3
return_vs_benchmark,"[-0.0299469, -0.0298665)",0.054273274191763685,-3
return_vs_benchmark,"[-0.0298665, -0.0297697)",0.054081261022536825,-3
return_vs_benchmark,"[-0.0297697, -0.0296559)",0.053715055533106175,-3
return_vs_benchmark,"[-0.0296559, -0.0295968)",0.053546660755138434,-3
return_vs_benchmark,"[-0.0295968, -0.0295345)",0.05309397957904806,-3
return_vs_benchmark,"[-0.0295345, -0.0294472)",0.052913669978240895,-3
return_vs_benchmark,"[-0.0294472, -0.0293783)",0.052804632596360486,-3
return_vs_benchmark,"[-0.0293783, -0.0293076)",0.05256023234762003,-3
return_vs_benchmark,"[-0.0293076, -0.029244)",0.05209801852704939,-3
return_vs_benchmark,"[-0.029244, -0.0291441)",0.051781276099479204,-3
return_vs_benchmark,"[-0.0291441, -0.0290364)",0.05141932876111513,-3
return_vs_benchmark,"[-0.0290364, -0.0289205)",0.05141932876111513,-3
return_vs_benchmark,"[-0.0289205, -0.0288167)",0.05141932876111513,-3
return_vs_benchmark,"[-0.0288167, -0.028714)",0.05114955877577412,-3
return_vs_benchmark,"[-0.028714, -0.028628)",0.05101112820307415,-3
return_vs_benchmark,"[-0.028628, -0.0284246)",0.05101112820307415,-3
return_vs_benchmark,"[-0.0284246, -0.0282871)",0.05048303487265771,-3
return_vs_benchmark,"[-0.0282871, -0.0281839)",0.05048303487265771,-3
return_vs_benchmark,"[-0.0281839, -0.0281204)",0.05014588800913738,-3
return_vs_benchmark,"[-0.0281204, -0.0279807)",0.049747715002147384,-3
return_vs_benchmark,"[-0.0279807, -0.0279023)",0.049747715002147384,-3
return_vs_benchmark,"[-0.0279023, -0.0278221)",0.049747715002147384,-3
return_vs_benchmark,"[-0.0278221, -0.027732)",0.049747715002147384,-3
return_vs_benchmark,"[-0.027732, -0.0276156)",0.04957234622663042,-3
return_vs_benchmark,"[-0.0276156, -0.0274496)",0.04957234622663042,-3
return_vs_benchmark,"[-0.0274496, -0.0273233)",0.04923341450050757,-3
return_vs_benchmark,"[-0.0273233, -0.0272286)",0.04923341450050757,-3
return_vs_benchmark,"[-0.0272286, -0.0271761)",0.04889747946611245,-3
return_vs_benchmark,"[-0.0271761, -0.027008)",0.04838459583202219,-3
return_vs_benchmark,"[-0.027008, -0.0268643)",0.04838459583202219,-3
return_vs_benchmark,"[-0.0268643, -0.0267534)",0.04745710962837906,-3
return_vs_benchmark,"[-0.0267534, -0.0266721)",0.046909320585246245,-3
return_vs_benchmark,"[-0.0266721, -0.026546)",0.046719407959941874,-3
return_vs_benchmark,"[-0.026546, -0.0263737)",0.04654812216132853,-3
return_vs_benchmark,"[-0.0263737, -0.0262334)",0.04654812216132853,-3
return_vs_benchmark,"[-0.0262334, -0.026159)",0.04654812216132853,-3
return_vs_benchmark,"[-0.026159, -0.026079)",0.04604318743645734,-3
return_vs_benchmark,"[-0.026079, -0.0259875)",0.04517747229034948,-3
return_vs_benchmark,"[-0.0259875, -0.0258909)",0.04455505511618223,-3
return_vs_benchmark,"[-0.0258909, -0.0257915)",0.04428756036786628,-3
return_vs_benchmark,"[-0.0257915, -0.0257037)",0.043646499966490906,-3
return_vs_benchmark,"[-0.0257037, -0.0256169)",0.043646499966490906,-3
return_vs_benchmark,"[-0.0256169, -0.0254958)",0.043646499966490906,-3
return_vs_benchmark,"[-0.0254958, -0.0253909)",0.043646499966490906,-3
return_vs_benchmark,"[-0.0253909, -0.0252961)",0.043646499966490906,-3
return_vs_benchmark,"[-0.0252961, -0.0252079)",0.04317494970358542,-3
return_vs_benchmark,"[-0.0252079, -0.0250581)",0.0430296608301024,-3
return_vs_benchmark,"[-0.0250581, -0.0250051)",0.0430296608301024,-3
return_vs_benchmark,"[-0.0250051, -0.0248978)",0.0430296608301024,-3
return_vs_benchmark,"[-0.0248978, -0.0247671)",0.04265135686595165,-3
return_vs_benchmark,"[-0.0247671, -0.0246513)",0.0424818552004893,-3
return_vs_benchmark,"[-0.0246513, -0.0245899)",0.042119786487259475,-3
return_vs_benchmark,"[-0.0245899, -0.0244625)",0.042119786487259475,-3
return_vs_benchmark,"[-0.0244625, -0.0243598)",0.041887198896904884,-2
return_vs_benchmark,"[-0.0243598, -0.0242925)",0.041660821107885236,-2
return_vs_benchmark,"[-0.0242925, -0.0242131)",0.041660821107885236,-2
return_vs_benchmark,"[-0.0242131, -0.0240917)",0.04113938159287367,-2
return_vs_benchmark,"[-0.0240917, -0.0239811)",0.04113938159287367,-2
return_vs_benchmark,"[-0.0239811, -0.0238913)",0.04113938159287367,-2
return_vs_benchmark,"[-0.0238913, -0.023833)",0.04075443828650165,-2
return_vs_benchmark,"[-0.023833, -0.0237748)",0.04047395625244772,-2
return_vs_benchmark,"[-0.0237748, -0.0236344)",0.04047395625244772,-2
return_vs_benchmark,"[-0.0236344, -0.0235455)",0.04047395625244772,-2
return_vs_benchmark,"[-0.0235455, -0.0234489)",0.0402665434286942,-2
return_vs_benchmark,"[-0.0234489, -0.023328)",0.039745861854664576,-2
return_vs_benchmark,"[-0.023328, -0.023268)",0.039745861854664576,-2
return_vs_benchmark,"[-0.023268, -0.023148)",0.03937967883390803,-2
return_vs_benchmark,"[-0.023148, -0.0230082)",0.03888765277452234,-2
return_vs_benchmark,"[-0.0230082, -0.0229648)",0.03888765277452234,-2
return_vs_benchmark,"[-0.0229648, -0.0228542)",0.03849072230528985,-2
return_vs_benchmark,"[-0.0228542, -0.0228109)",0.03849072230528985,-2
return_vs_benchmark,"[-0.0228109, -0.022729)",0.038232219340240015,-2
return_vs_benchmark,"[-0.022729, -0.0226047)",0.037898304660122,-2
return_vs_benchmark,"[-0.0226047, -0.0224779)",0.037898304660122,-2
return_vs_benchmark,"[-0.0224779, -0.0224013)",0.03746449272443355,-2
return_vs_benchmark,"[-0.0224013, -0.0222688)",0.03690465019796722,-2
return_vs_benchmark,"[-0.0222688, -0.0221967)",0.036567349414420205,-2
return_vs_benchmark,"[-0.0221967, -0.022081)",0.033996580145323266,-2
return_vs_benchmark,"[-0.022081, -0.0219146)",0.03368930653913141,-2
return_vs_benchmark,"[-0.0219146, -0.0218166)",0.03368930653913141,-2
return_vs_benchmark,"[-0.0218166, -0.0217294)",0.03350222906071812,-2
return_vs_benchmark,"[-0.0217294, -0.0216323)",0.032558586387607225,-2
return_vs_benchmark,"[-0.0216323, -0.0215457)",0.03229495922044522,-2
return_vs_benchmark,"[-0.0215457, -0.0214962)",0.03200150530730614,-2
return_vs_benchmark,"[-0.0214962, -0.0213842)",0.03177323672739874,-2
return_vs_benchmark,"[-0.0213842, -0.0212878)",0.03177323672739874,-2
return_vs_benchmark,"[-0.0212878, -0.0212336)",0.03177323672739874,-2
return_vs_benchmark,"[-0.0212336, -0.021144)",0.03160208043159361,-2
return_vs_benchmark,"[-0.021144, -0.0210182)",0.03160208043159361,-2
return_vs_benchmark,"[-0.0210182, -0.0209346)",0.030918969097205602,-2
return_vs_benchmark,"[-0.0209346, -0.0208411)",0.03035766641350841,-2
return_vs_benchmark,"[-0.0208411, -0.0207444)",0.03035766641350841,-2
return_vs_benchmark,"[-0.0207444, -0.0206732)",0.03035766641350841,-2
return_vs_benchmark,"[-0.0206732, -0.0205177)",0.030139424541309225,-2
return_vs_benchmark,"[-0.0205177, -0.020465)",0.029849225382907497,-2
return_vs_benchmark,"[-0.020465, -0.0203682)",0.029849225382907497,-2
return_vs_benchmark,"[-0.0203682, -0.0202646)",0.02967931991507547,-2
return_vs_benchmark,"[-0.0202646, -0.0200995)",0.029489646770106938,-2
return_vs_benchmark,"[-0.0200995, -0.0199724)",0.029489646770106938,-2
return_vs_benchmark,"[-0.0199724, -0.0198966)",0.029322864591160402,-2
return_vs_benchmark,"[-0.0198966, -0.0198139)",0.028780733303378027,-2
return_vs_benchmark,"[-0.0198139, -0.0196942)",0.028780733303378027,-2
return_vs_benchmark,"[-0.0196942, -0.0196129)",0.02817905795312943,-2
return_vs_benchmark,"[-0.0196129, -0.0195365)",0.02817905795312943,-2
return_vs_benchmark,"[-0.0195365, -0.0194366)",0.028030107271606354,-2
return_vs_benchmark,"[-0.0194366, -0.0193426)",0.028030107271606354,-2
return_vs_benchmark,"[-0.0193426, -0.0192177)",0.028030107271606354,-2
return_vs_benchmark,"[-0.0192177, -0.0191092)",0.02762834349423848,-2
return_vs_benchmark,"[-0.0191092, -0.0189609)",0.02762834349423848,-2
return_vs_benchmark,"[-0.0189609, -0.0188553)",0.02762834349423848,-2
return_vs_benchmark,"[-0.0188553, -0.0187995)",0.02731802900443583,-2
return_vs_benchmark,"[-0.0187995, -0.0187125)",0.027171209531815864,-2
return_vs_benchmark,"[-0.0187125, -0.0186518)",0.02665912194198972,-2
return_vs_benchmark,"[-0.0186518, -0.0185721)",0.02665912194198972,-2
return_vs_benchmark,"[-0.0185721, -0.0184933)",0.026510319064201926,-2
return_vs_benchmark,"[-0.0184933, -0.0184408)",0.02632726242609508,-2
return_vs_benchmark,"[-0.0184408, -0.0183723)",0.026123372549982052,-2
return_vs_benchmark,"[-0.0183723, -0.0182324)",0.025863616176907623,-2
return_vs_benchmark,"[-0.0182324, -0.0181529)",0.02557816786107596,-2
return_vs_benchmark,"[-0.0181529, -0.0180788)",0.025451238854164494,-2
return_vs_benchmark,"[-0.0180788, -0.0179567)",0.025329276968826992,-2
return_vs_benchmark,"[-0.0179567, -0.017854)",0.025329276968826992,-2
return_vs_benchmark,"[-0.017854, -0.0176578)",0.025060711903302724,-1
return_vs_benchmark,"[-0.0176578, -0.0175305)",0.025060711903302724,-1
return_vs_benchmark,"[-0.0175305, -0.0174778)",0.02478554686920885,-1
return_vs_benchmark,"[-0.0174778, -0.0173902)",0.02478554686920885,-1
return_vs_benchmark,"[-0.0173902, -0.0172627)",0.024585493152212597,-1
return_vs_benchmark,"[-0.0172627, -0.0171334)",0.024442356896062098,-1
return_vs_benchmark,"[-0.0171334, -0.0170161)",0.024176537021561813,-1
return_vs_benchmark,"[-0.0170161, -0.016903)",0.023830984808600034,-1
return_vs_benchmark,"[-0.016903, -0.0167888)",0.023830984808600034,-1
return_vs_benchmark,"[-0.0167888, -0.0166856)",0.023830984808600034,-1
return_vs_benchmark,"[-0.0166856, -0.0166072)",0.023830984808600034,-1
return_vs_benchmark,"[-0.0166072, -0.0165291)",0.023716126994959456,-1
return_vs_benchmark,"[-0.0165291, -0.0164559)",0.02356078113634762,-1
return_vs_benchmark,"[-0.0164559, -0.016365)",0.02356078113634762,-1
return_vs_benchmark,"[-0.016365, -0.0163034)",0.022931354038600214,-1
return_vs_benchmark,"[-0.0163034, -0.0162235)",0.022931354038600214,-1
return_vs_benchmark,"[-0.0162235, -0.0161298)",0.022931354038600214,-1
return_vs_benchmark,"[-0.0161298, -0.01604)",0.02276400667594304,-1
return_vs_benchmark,"[-0.01604, -0.0159124)",0.022608743126678807,-1
return_vs_benchmark,"[-0.0159124, -0.0157576)",0.022164756159757267,-1
return_vs_benchmark,"[-0.0157576, -0.0156153)",0.021458823288588703,-1
return_vs_benchmark,"[-0.0156153, -0.0154925)",0.021276967626007715,-1
return_vs_benchmark,"[-0.0154925, -0.0153994)",0.021276967626007715,-1
return_vs_benchmark,"[-0.0153994, -0.0153234)",0.020951120000993848,-1
return_vs_benchmark,"[-0.0153234, -0.0152025)",0.02061201494473885,-1
return_vs_benchmark,"[-0.0152025, -0.0151473)",0.020287144919488274,-1
return_vs_benchmark,"[-0.0151473, -0.0150417)",0.020287144919488274,-1
return_vs_benchmark,"[-0.0150417, -0.0149022)",0.019869908968301844,-1
return_vs_benchmark,"[-0.0149022, -0.0148446)",0.019328114580460277,-1
return_vs_benchmark,"[-0.0148446, -0.0147653)",0.0191032893100037,-1
return_vs_benchmark,"[-0.0147653, -0.0146742)",0.018864787326424586,-1
return_vs_benchmark,"[-0.0146742, -0.0145306)",0.01870031781621257,-1
return_vs_benchmark,"[-0.0145306, -0.0144062)",0.018502910396519818,-1
return_vs_benchmark,"[-0.0144062, -0.0142622)",0.018367974529394374,-1
return_vs_benchmark,"[-0.0142622, -0.0141598)",0.01798793625565584,-1
return_vs_benchmark,"[-0.0141598, -0.0140908)",0.01798793625565584,-1
return_vs_benchmark,"[-0.0140908, -0.0139802)",0.01798793625565584,-1
return_vs_benchmark,"[-0.0139802, -0.0139004)",0.017520587889475768,-1
return_vs_benchmark,"[-0.0139004, -0.0138247)",0.017520587889475768,-1
return_vs_benchmark,"[-0.0138247, -0.013718)",0.016982809695444082,-1
return_vs_benchmark,"[-0.013718, -0.01365)",0.016982809695444082,-1
return_vs_benchmark,"[-0.01365, -0.0134788)",0.016758907063657603,-1
return_vs_benchmark,"[-0.0134788, -0.0133968)",0.013490000687608273,-1
return_vs_benchmark,"[-0.0133968, -0.013314)",0.013490000687608273,-1
return_vs_benchmark,"[-0.013314, -0.0132103)",-0.005598386439530175,0
return_vs_benchmark,"[-0.0132103, -0.0131237)",-0.0062432839584718475,0
return_vs_benchmark,"[-0.0131237, -0.012969)",-0.0062432839584718475,0
return_vs_benchmark,"[-0.012969, -0.0128516)",-0.0062432839584718475,0
return_vs_benchmark,"[-0.0128516, -0.0126736)",-0.006524541270136193,0
return_vs_benchmark,"[-0.0126736, -0.0125375)",-0.006950235095821676,0
return_vs_benchmark,"[-0.0125375, -0.012449)",-0.0071118329118682036,0
return_vs_benchmark,"[-0.012449, -0.0123597)",-0.0071118329118682036,0
return_vs_benchmark,"[-0.0123597, -0.0122444)",-0.0071118329118682036,0
return_vs_benchmark,"[-0.0122444, -0.0121534)",-0.0075076820220824425,0
return_vs_benchmark,"[-0.0121534, -0.0120619)",-0.008081925857109195,0
return_vs_benchmark,"[-0.0120619, -0.0119704)",-0.008460651191794899,1
return_vs_benchmark,"[-0.0119704, -0.011902)",-0.008784164237925968,1
return_vs_benchmark,"[-0.011902, -0.0117855)",-0.00895795049466344,1
return_vs_benchmark,"[-0.0117855, -0.011646)",-0.00895795049466344,1
return_vs_benchmark,"[-0.011646, -0.0115222)",-0.00919914225439367,1
return_vs_benchmark,"[-0.0115222, -0.0114433)",-0.009383763016039692,1
return_vs_benchmark,"[-0.0114433, -0.0113429)",-0.009789308717954245,1
return_vs_benchmark,"[-0.0113429, -0.0112291)",-0.009789308717954245,1
return_vs_benchmark,"[-0.0112291, -0.0111115)",-0.010370347018133032,1
return_vs_benchmark,"[-0.0111115, -0.0109599)",-0.010642206383954694,1
return_vs_benchmark,"[-0.0109599, -0.0108295)",-0.011103398682979016,1
return_vs_benchmark,"[-0.0108295, -0.0107535)",-0.011103398682979016,1
return_vs_benchmark,"[-0.0107535, -0.0106124)",-0.011724555937474786,1
return_vs_benchmark,"[-0.0106124, -0.0105081)",-0.012394723527240933,1
return_vs_benchmark,"[-0.0105081, -0.0103693)",-0.012394723527240933,1
return_vs_benchmark,"[-0.0103693, -0.0102422)",-0.012394723527240933,1
return_vs_benchmark,"[-0.0102422, -0.0100319)",-0.012922339271711646,1
return_vs_benchmark,"[-0.0100319, -0.00992248)",-0.013569109903119745,1
return_vs_benchmark,"[-0.00992248, -0.00985891)",-0.013569109903119745,1
return_vs_benchmark,"[-0.00985891, -0.00978837)",-0.013569109903119745,1
return_vs_benchmark,"[-0.00978837, -0.00967202)",-0.014653855804399294,1
return_vs_benchmark,"[-0.00967202, -0.00957456)",-0.014653855804399294,1
return_vs_benchmark,"[-0.00957456, -0.00939)",-0.014988197228490468,1
return_vs_benchmark,"[-0.00939, -0.00929533)",-0.015452767459125355,1
return_vs_benchmark,"[-0.00929533, -0.00921535)",-0.015808287524874377,1
return_vs_benchmark,"[-0.00921535, -0.00912831)",-0.016262239524477824,1
return_vs_benchmark,"[-0.00912831, -0.00904174)",-0.016516676323347804,1
return_vs_benchmark,"[-0.00904174, -0.0089455)",-0.01680228540743917,1
return_vs_benchmark,"[-0.0089455, -0.00883104)",-0.01697614752851503,1
return_vs_benchmark,"[-0.00883104, -0.00872631)",-0.01697614752851503,1
return_vs_benchmark,"[-0.00872631, -0.00856899)",-0.017196528945408667,1
return_vs_benchmark,"[-0.00856899, -0.00849408)",-0.017196528945408667,1
return_vs_benchmark,"[-0.00849408, -0.00838781)",-0.017523223761699864,1
return_vs_benchmark,"[-0.00838781, -0.00829705)",-0.017860511808188897,1
return_vs_benchmark,"[-0.00829705, -0.00817146)",-0.01821271556670716,1
return_vs_benchmark,"[-0.00817146, -0.00808962)",-0.018766627812780042,1
return_vs_benchmark,"[-0.00808962, -0.00800722)",-0.019021601815403476,1
return_vs_benchmark,"[-0.00800722, -0.00788864)",-0.019021601815403476,1
return_vs_benchmark,"[-0.00788864, -0.00780004)",-0.019021601815403476,1
return_vs_benchmark,"[-0.00780004, -0.0076601)",-0.019021601815403476,1
return_vs_benchmark,"[-0.0076601, -0.00757707)",-0.019413176148304415,1
return_vs_benchmark,"[-0.00757707, -0.00748341)",-0.01979089901000945,1
return_vs_benchmark,"[-0.00748341, -0.00743004)",-0.01992333378585037,1
return_vs_benchmark,"[-0.00743004, -0.00730084)",-0.020450588753053923,1
return_vs_benchmark,"[-0.00730084, -0.00719913)",-0.02076722066298911,1
return_vs_benchmark,"[-0.00719913, -0.00703133)",-0.0209732844889711,1
return_vs_benchmark,"[-0.00703133, -0.00693435)",-0.0209732844889711,1
return_vs_benchmark,"[-0.00693435, -0.00686617)",-0.021133026452292192,1
return_vs_benchmark,"[-0.00686617, -0.00675664)",-0.021133026452292192,1
return_vs_benchmark,"[-0.00675664, -0.00665117)",-0.021282319459435716,1
return_vs_benchmark,"[-0.00665117, -0.00657534)",-0.021282319459435716,1
return_vs_benchmark,"[-0.00657534, -0.0064881)",-0.021830086376617472,1
return_vs_benchmark,"[-0.0064881, -0.00637284)",-0.022188305339752586,1
return_vs_benchmark,"[-0.00637284, -0.00621406)",-0.022398661449972993,1
return_vs_benchmark,"[-0.00621406, -0.0061303)",-0.022398661449972993,1
return_vs_benchmark,"[-0.0061303, -0.00601443)",-0.02255570314963007,1
return_vs_benchmark,"[-0.00601443, -0.00594199)",-0.02255570314963007,1
return_vs_benchmark,"[-0.00594199, -0.00583137)",-0.022937681395618338,1
return_vs_benchmark,"[-0.00583137, -0.00579189)",-0.023123437927901003,1
return_vs_benchmark,"[-0.00579189, -0.00566767)",-0.0235968165239195,1
return_vs_benchmark,"[-0.00566767, -0.00559184)",-0.02382830315681484,1
return_vs_benchmark,"[-0.00559184, -0.00545444)",-0.02382830315681484,1
return_vs_benchmark,"[-0.00545444, -0.00532792)",-0.023937898801065442,1
return_vs_benchmark,"[-0.00532792, -0.0052438)",-0.024504921558368906,1
return_vs_benchmark,"[-0.0052438, -0.00513032)",-0.025058959331260663,1
return_vs_benchmark,"[-0.00513032, -0.00500416)",-0.025456292869075997,2
return_vs_benchmark,"[-0.00500416, -0.00493346)",-0.025456292869075997,2
return_vs_benchmark,"[-0.00493346, -0.00483719)",-0.025539293881451656,2
return_vs_benchmark,"[-0.00483719, -0.00472316)",-0.02585159290691579,2
return_vs_benchmark,"[-0.00472316, -0.00460481)",-0.026268116304382607,2
return_vs_benchmark,"[-0.00460481, -0.00451659)",-0.02645027854293143,2
return_vs_benchmark,"[-0.00451659, -0.00438891)",-0.026593881935663574,2
return_vs_benchmark,"[-0.00438891, -0.00428672)",-0.02699750333915013,2
return_vs_benchmark,"[-0.00428672, -0.00420394)",-0.02699750333915013,2
return_vs_benchmark,"[-0.00420394, -0.00410841)",-0.027185392930055723,2
return_vs_benchmark,"[-0.00410841, -0.00399787)",-0.027185392930055723,2
return_vs_benchmark,"[-0.00399787, -0.00388155)",-0.027443759904920033,2
return_vs_benchmark,"[-0.00388155, -0.00375968)",-0.027443759904920033,2
return_vs_benchmark,"[-0.00375968, -0.0036698)",-0.027443759904920033,2
return_vs_benchmark,"[-0.0036698, -0.00353082)",-0.02760343959426972,2
return_vs_benchmark,"[-0.00353082, -0.00343567)",-0.02760343959426972,2
return_vs_benchmark,"[-0.00343567, -0.0033338)",-0.02809340510657729,2
return_vs_benchmark,"[-0.0033338, -0.00320388)",-0.028859311451333598,2
return_vs_benchmark,"[-0.00320388, -0.00306377)",-0.028859311451333598,2
return_vs_benchmark,"[-0.00306377, -0.0029669)",-0.02907481755264073,2
return_vs_benchmark,"[-0.0029669, -0.00283736)",-0.029231720492066453,2
return_vs_benchmark,"[-0.00283736, -0.00272857)",-0.029396150040596574,2
return_vs_benchmark,"[-0.00272857, -0.00257056)",-0.029396150040596574,2
return_vs_benchmark,"[-0.00257056, -0.0024321)",-0.029573473391066037,2
return_vs_benchmark,"[-0.0024321, -0.00232665)",-0.029745728575636458,2
return_vs_benchmark,"[-0.00232665, -0.0021845)",-0.029940120901863043,2
return_vs_benchmark,"[-0.0021845, -0.00209014)",-0.029940120901863043,2
return_vs_benchmark,"[-0.00209014, -0.00197267)",-0.03008050532021305,2
return_vs_benchmark,"[-0.00197267, -0.00184202)",-0.030866135336884728,2
return_vs_benchmark,"[-0.00184202, -0.00177019)",-0.030866135336884728,2
return_vs_benchmark,"[-0.00177019, -0.00162964)",-0.030866135336884728,2
return_vs_benchmark,"[-0.00162964, -0.00149174)",-0.030866135336884728,2
return_vs_benchmark,"[-0.00149174, -0.00126495)",-0.031489496778371116,2
return_vs_benchmark,"[-0.00126495, -0.0011505)",-0.03197495557417175,2
return_vs_benchmark,"[-0.0011505, -0.00109458)",-0.03197495557417175,2
return_vs_benchmark,"[-0.00109458, -0.00104499)",-0.03216002091045818,2
return_vs_benchmark,"[-0.00104499, -0.00094887)",-0.03258517700744911,2
return_vs_benchmark,"[-0.00094887, -0.00085637)",-0.03284514228532055,2
return_vs_benchmark,"[-0.00085637, -0.000775235)",-0.03302221059089548,2
return_vs_benchmark,"[-0.000775235, -0.00073398)",-0.03316476721909803,2
return_vs_benchmark,"[-0.00073398, -0.00065891)",-0.033325326151884285,2
return_vs_benchmark,"[-0.00065891, -0.000547415)",-0.033635808421954336,2
return_vs_benchmark,"[-0.000547415, -0.00044304)",-0.033635808421954336,2
return_vs_benchmark,"[-0.00044304, -0.000328605)",-0.03391296184636837,2
return_vs_benchmark,"[-0.000328605, -0.000235515)",-0.03391296184636837,2
return_vs_benchmark,"[-0.000235515, -0.00016993)",-0.03441664406034318,2
return_vs_benchmark,"[-0.00016993, -0.00010864)",-0.034997404444448744,2
return_vs_benchmark,"[-0.00010864, -1.7025e-05)",-0.035191580159920306,2
return_vs_benchmark,"[-1.7025e-05, 4.866e-05)",-0.035395378007269905,2
return_vs_benchmark,"[4.866e-05, 0.00016116)",-0.035874713819669515,2
return_vs_benchmark,"[0.00016116, 0.000258135)",-0.035874713819669515,2
return_vs_benchmark,"[0.000258135, 0.00049957)",-0.03617789887267277,2
return_vs_benchmark,"[0.00049957, 0.000633495)",-0.03617789887267277,2
return_vs_benchmark,"[0.000633495, 0.00078363)",-0.03638114978742934,2
return_vs_benchmark,"[0.00078363, 0.000876145)",-0.03638114978742934,2
return_vs_benchmark,"[0.000876145, 0.000995075)",-0.03638114978742934,2
return_vs_benchmark,"[0.000995075, 0.00110488)",-0.036667490804536684,2
return_vs_benchmark,"[0.00110488, 0.00124666)",-0.03725186934240994,2
return_vs_benchmark,"[0.00124666, 0.00139989)",-0.03752544116549504,2
return_vs_benchmark,"[0.00139989, 0.00145815)",-0.03827568368789122,2
return_vs_benchmark,"[0.00145815, 0.00151961)",-0.038733801011364505,2
return_vs_benchmark,"[0.00151961, 0.00165012)",-0.038733801011364505,2
return_vs_benchmark,"[0.00165012, 0.00176167)",-0.03898096490605418,2
return_vs_benchmark,"[0.00176167, 0.00185282)",-0.03930221922111106,2
return_vs_benchmark,"[0.00185282, 0.00198438)",-0.03930221922111106,2
return_vs_benchmark,"[0.00198438, 0.00217218)",-0.03930221922111106,2
return_vs_benchmark,"[0.00217218, 0.00227191)",-0.03971544693046092,2
return_vs_benchmark,"[0.00227191, 0.00245526)",-0.0407212394510265,2
return_vs_benchmark,"[0.00245526, 0.00251042)",-0.0407212394510265,2
return_vs_benchmark,"[0.00251042, 0.00255449)",-0.04111909771383274,2
return_vs_benchmark,"[0.00255449, 0.00260414)",-0.04111909771383274,2
return_vs_benchmark,"[0.00260414, 0.00273551)",-0.04150745716950608,2
return_vs_benchmark,"[0.00273551, 0.00290884)",-0.04150745716950608,2
return_vs_benchmark,"[0.00290884, 0.00298832)",-0.04237118745501743,3
return_vs_benchmark,"[0.00298832, 0.00311574)",-0.043320311764781724,3
return_vs_benchmark,"[0.00311574, 0.00328802)",-0.04374038142932913,3
return_vs_benchmark,"[0.00328802, 0.0033895)",-0.04409690474287864,3
return_vs_benchmark,"[0.0033895, 0.0035393)",-0.04409690474287864,3
return_vs_benchmark,"[0.0035393, 0.00360332)",-0.04500298044157029,3
return_vs_benchmark,"[0.00360332, 0.00368359)",-0.045256751964288314,3
return_vs_benchmark,"[0.00368359, 0.00378898)",-0.04562614800842482,3
return_vs_benchmark,"[0.00378898, 0.00385157)",-0.0460482849773295,3
return_vs_benchmark,"[0.00385157, 0.00396613)",-0.0460482849773295,3
return_vs_benchmark,"[0.00396613, 0.00406668)",-0.04702040045976142,3
return_vs_benchmark,"[0.00406668, 0.00415698)",-0.04820499343960032,3
return_vs_benchmark,"[0.00415698, 0.00431591)",-0.051855808331455595,3
return_vs_benchmark,"[0.00431591, 0.00445186)",-0.05212957958870445,3
return_vs_benchmark,"[0.00445186, 0.00463021)",-0.05271250136478143,3
return_vs_benchmark,"[0.00463021, 0.00473376)",-0.052996722681087766,3
return_vs_benchmark,"[0.00473376, 0.00484164)",-0.05327094199613243,3
return_vs_benchmark,"[0.00484164, 0.00491668)",-0.05327094199613243,3
return_vs_benchmark,"[0.00491668, 0.00503379)",-0.05369872402267833,3
return_vs_benchmark,"[0.00503379, 0.00513556)",-0.05369872402267833,3
return_vs_benchmark,"[0.00513556, 0.00523406)",-0.05369872402267833,3
return_vs_benchmark,"[0.00523406, 0.00530644)",-0.05369872402267833,3
return_vs_benchmark,"[0.00530644, 0.00540914)",-0.05414063059470953,3
return_vs_benchmark,"[0.00540914, 0.00547926)",-0.05414063059470953,3
return_vs_benchmark,"[0.00547926, 0.00557327)",-0.05435641533849188,3
return_vs_benchmark,"[0.00557327, 0.00578538)",-0.05435641533849188,3
return_vs_benchmark,"[0.00578538, 0.00584826)",-0.05457046265304054,3
return_vs_benchmark,"[0.00584826, 0.00595603)",-0.054855784659292854,3
return_vs_benchmark,"[0.00595603, 0.00610582)",-0.0556402254716872,3
return_vs_benchmark,"[0.00610582, 0.00623836)",-0.05605591548627649,3
return_vs_benchmark,"[0.00623836, 0.0063583)",-0.05765549134267673,3
return_vs_benchmark,"[0.0063583, 0.00648086)",-0.05765549134267673,3
return_vs_benchmark,"[0.00648086, 0.006555)",-0.05765549134267673,3
return_vs_benchmark,"[0.006555, 0.00666908)",-0.05765549134267673,3
return_vs_benchmark,"[0.00666908, 0.00678524)",-0.05796773588366243,3
return_vs_benchmark,"[0.00678524, 0.00694495)",-0.058816829577192364,3
return_vs_benchmark,"[0.00694495, 0.00703262)",-0.058816829577192364,3
return_vs_benchmark,"[0.00703262, 0.00715939)",-0.058816829577192364,3
return_vs_benchmark,"[0.00715939, 0.00726288)",-0.060030172176731886,4
return_vs_benchmark,"[0.00726288, 0.00732903)",-0.06026721079993269,4
return_vs_benchmark,"[0.00732903, 0.00742032)",-0.0607037248645477,4
return_vs_benchmark,"[0.00742032, 0.00756531)",-0.06099388865276444,4
return_vs_benchmark,"[0.00756531, 0.00768134)",-0.061374503533739515,4
return_vs_benchmark,"[0.00768134, 0.00770525)",-0.07004651284899135,4
return_vs_benchmark,"[0.00770525, 0.00781521)",-0.07711029029981838,5
return_vs_benchmark,"[0.00781521, 0.00797845)",-0.07711029029981838,5
return_vs_benchmark,"[0.00797845, 0.00812282)",-0.07740396946481355,5
return_vs_benchmark,"[0.00812282, 0.00827681)",-0.07740396946481355,5
return_vs_benchmark,"[0.00827681, 0.00836702)",-0.13630436326186757,8
return_vs_benchmark,"[0.00836702, 0.00843971)",-0.13686209568053068,8
return_vs_benchmark,"[0.00843971, 0.00847511)",-0.13720114602243075,8
return_vs_benchmark,"[0.00847511, 0.00859788)",-0.13743234085906947,8
return_vs_benchmark,"[0.00859788, 0.00873777)",-0.13743234085906947,8
return_vs_benchmark,"[0.00873777, 0.00878151)",-0.13743234085906947,8
return_vs_benchmark,"[0.00878151, 0.00886752)",-0.1380500797734502,8
return_vs_benchmark,"[0.00886752, 0.00895064)",-0.1380500797734502,8
return_vs_benchmark,"[0.00895064, 0.00904898)",-0.13865083679379153,8
return_vs_benchmark,"[0.00904898, 0.00915486)",-0.1583951330886504,9
return_vs_benchmark,"[0.00915486, 0.00930747)",-0.15905482231706958,9
return_vs_benchmark,"[0.00930747, 0.00944306)",-0.15931246613812383,9
return_vs_benchmark,"[0.00944306, 0.00957854)",-0.1599322072528519,10
return_vs_benchmark,"[0.00957854, 0.00970065)",-0.1599322072528519,10
return_vs_benchmark,"[0.00970065, 0.00979739)",-0.1599322072528519,10
return_vs_benchmark,"[0.00979739, 0.00988871)",-0.16069849365340474,10
return_vs_benchmark,"[0.00988871, 0.0100409)",-0.16140601967019505,10
return_vs_benchmark,"[0.0100409, 0.0102183)",-0.16140601967019505,10
return_vs_benchmark,"[0.0102183, 0.010305)",-0.16176858383001225,10
return_vs_benchmark,"[0.010305, 0.0105018)",-0.16203714415268328,10
return_vs_benchmark,"[0.0105018, 0.0105886)",-0.1623791551377711,10
return_vs_benchmark,"[0.0105886, 0.0106931)",-0.1623791551377711,10
return_vs_benchmark,"[0.0106931, 0.0107461)",-0.1623791551377711,10
return_vs_benchmark,"[0.0107461, 0.0108378)",-0.1623791551377711,10
return_vs_benchmark,"[0.0108378, 0.010907)",-0.1628383545806782,10
return_vs_benchmark,"[0.010907, 0.0109654)",-0.1631149953133891,10
return_vs_benchmark,"[0.0109654, 0.0110576)",-0.1637204667704797,10
return_vs_benchmark,"[0.0110576, 0.0112037)",-0.1637204667704797,10
return_vs_benchmark,"[0.0112037, 0.011277)",-0.1642550737156748,10
return_vs_benchmark,"[0.011277, 0.0114182)",-0.16454076866811918,10
return_vs_benchmark,"[0.0114182, 0.0115508)",-0.16496173351514423,10
return_vs_benchmark,"[0.0115508, 0.01165)",-0.16496173351514423,10
return_vs_benchmark,"[0.01165, 0.0117606)",-0.16496173351514423,10
return_vs_benchmark,"[0.0117606, 0.0119003)",-0.16519957984669031,10
return_vs_benchmark,"[0.0119003, 0.0120361)",-0.16519957984669031,10
return_vs_benchmark,"[0.0120361, 0.0121733)",-0.16560130651158647,10
return_vs_benchmark,"[0.0121733, 0.0122649)",-0.16560130651158647,10
return_vs_benchmark,"[0.0122649, 0.0123492)",-0.16584830272893647,10
return_vs_benchmark,"[0.0123492, 0.0123966)",-0.16605268536364634,10
return_vs_benchmark,"[0.0123966, 0.0125174)",-0.16630197104641758,10
return_vs_benchmark,"[0.0125174, 0.012688)",-0.16630197104641758,10
return_vs_benchmark,"[0.012688, 0.0128164)",-0.16667412361956235,10
return_vs_benchmark,"[0.0128164, 0.0129187)",-0.16698927130068034,10
return_vs_benchmark,"[0.0129187, 0.0130069)",-0.16698927130068034,10
return_vs_benchmark,"[0.0130069, 0.013137)",-0.16736263621416522,10
return_vs_benchmark,"[0.013137, 0.0132126)",-0.16736263621416522,10
return_vs_benchmark,"[0.0132126, 0.0133558)",-0.16736263621416522,10
return_vs_benchmark,"[0.0133558, 0.0134818)",-0.1682984224790265,10
return_vs_benchmark,"[0.0134818, 0.0136013)",-0.16871617101124692,10
return_vs_benchmark,"[0.0136013, 0.0137031)",-0.16871617101124692,10
return_vs_benchmark,"[0.0137031, 0.0137974)",-0.16897280489811317,10
return_vs_benchmark,"[0.0137974, 0.0138716)",-0.16917304155783475,10
return_vs_benchmark,"[0.0138716, 0.0139359)",-0.16947310685942096,10
return_vs_benchmark,"[0.0139359, 0.0140153)",-0.16947310685942096,10
return_vs_benchmark,"[0.0140153, 0.0141069)",-0.16966892536171535,10
return_vs_benchmark,"[0.0141069, 0.0142229)",-0.170013013590539,10
return_vs_benchmark,"[0.0142229, 0.014277)",-0.17065106047927414,10
return_vs_benchmark,"[0.014277, 0.0143868)",-0.17065106047927414,10
return_vs_benchmark,"[0.0143868, 0.0145007)",-0.17065106047927414,10
return_vs_benchmark,"[0.0145007, 0.0146548)",-0.17065106047927414,10
return_vs_benchmark,"[0.0146548, 0.0147647)",-0.17065106047927414,10
return_vs_benchmark,"[0.0147647, 0.0148805)",-0.17065106047927414,10
return_vs_benchmark,"[0.0148805, 0.0149638)",-0.1713684935026609,10
return_vs_benchmark,"[0.0149638, 0.0151085)",-0.17162277530117082,10
return_vs_benchmark,"[0.0151085, 0.0152135)",-0.17238544289337038,10
return_vs_benchmark,"[0.0152135, 0.0154169)",-0.1729501832887373,10
return_vs_benchmark,"[0.0154169, 0.0156916)",-0.17315530818945593,10
return_vs_benchmark,"[0.0156916, 0.0158464)",-0.17315530818945593,10
return_vs_benchmark,"[0.0158464, 0.0159276)",-0.17398431525291008,10
return_vs_benchmark,"[0.0159276, 0.0160545)",-0.17433112476514917,10
return_vs_benchmark,"[0.0160545, 0.0161828)",-0.17433112476514917,10
return_vs_benchmark,"[0.0161828, 0.0163324)",-0.17457575583614773,10
return_vs_benchmark,"[0.0163324, 0.0164294)",-0.17487209435921272,10
return_vs_benchmark,"[0.0164294, 0.0165052)",-0.17540158672763814,10
return_vs_benchmark,"[0.0165052, 0.0166219)",-0.17571369134655232,10
return_vs_benchmark,"[0.0166219, 0.0167178)",-0.17652486550057392,10
return_vs_benchmark,"[0.0167178, 0.0168299)",-0.17652486550057392,10
return_vs_benchmark,"[0.0168299, 0.0169335)",-0.17652486550057392,10
return_vs_benchmark,"[0.0169335, 0.0170788)",-0.17652486550057392,10
return_vs_benchmark,"[0.0170788, 0.0172619)",-0.17722139680677612,11
return_vs_benchmark,"[0.0172619, 0.0174257)",-0.17750935915413515,11
return_vs_benchmark,"[0.0174257, 0.0175812)",-0.17750935915413515,11
return_vs_benchmark,"[0.0175812, 0.0177145)",-0.17790958895053058,11
return_vs_benchmark,"[0.0177145, 0.0178652)",-0.17817793071247487,11
return_vs_benchmark,"[0.0178652, 0.0179676)",-0.17841313645098048,11
return_vs_benchmark,"[0.0179676, 0.0180734)",-0.17904838713289428,11
return_vs_benchmark,"[0.0180734, 0.0181784)",-0.1792923340864567,11
return_vs_benchmark,"[0.0181784, 0.0182679)",-0.1792923340864567,11
return_vs_benchmark,"[0.0182679, 0.01838)",-0.1792923340864567,11
return_vs_benchmark,"[0.01838, 0.0185729)",-0.18038159137374798,11
return_vs_benchmark,"[0.0185729, 0.0187129)",-0.18038159137374798,11
return_vs_benchmark,"[0.0187129, 0.0189361)",-0.18085352226523727,11
return_vs_benchmark,"[0.0189361, 0.0191974)",-0.18085352226523727,11
return_vs_benchmark,"[0.0191974, 0.0192814)",-0.1811024572452987,11
return_vs_benchmark,"[0.0192814, 0.0193461)",-0.181357634680342,11
return_vs_benchmark,"[0.0193461, 0.0194168)",-0.181357634680342,11
return_vs_benchmark,"[0.0194168, 0.0195797)",-0.18158599428491218,11
return_vs_benchmark,"[0.0195797, 0.0197241)",-0.18158599428491218,11
return_vs_benchmark,"[0.0197241, 0.0198567)",-0.18158599428491218,11
return_vs_benchmark,"[0.0198567, 0.0199224)",-0.18177735110860624,11
return_vs_benchmark,"[0.0199224, 0.0201073)",-0.18216109414789233,11
return_vs_benchmark,"[0.0201073, 0.0201728)",-0.1823944159355582,11
return_vs_benchmark,"[0.0201728, 0.0203844)",-0.1823944159355582,11
return_vs_benchmark,"[0.0203844, 0.0204503)",-0.18290066095153318,11
return_vs_benchmark,"[0.0204503, 0.0206048)",-0.18290066095153318,11
return_vs_benchmark,"[0.0206048, 0.0207061)",-0.18290066095153318,11
return_vs_benchmark,"[0.0207061, 0.0208906)",-0.18350778407428808,11
return_vs_benchmark,"[0.0208906, 0.0210234)",-0.18430701866136381,11
return_vs_benchmark,"[0.0210234, 0.0211652)",-0.18486044477519234,11
return_vs_benchmark,"[0.0211652, 0.0212626)",-0.18555148592909906,11
return_vs_benchmark,"[0.0212626, 0.021411)",-0.1859443682816336,11
return_vs_benchmark,"[0.021411, 0.0214951)",-0.18683053351530346,11
return_vs_benchmark,"[0.0214951, 0.0216041)",-0.18731098854885234,11
return_vs_benchmark,"[0.0216041, 0.0217044)",-0.18759688374413575,11
return_vs_benchmark,"[0.0217044, 0.0218481)",-0.18832854358679518,11
return_vs_benchmark,"[0.0218481, 0.0219687)",-0.18832854358679518,11
return_vs_benchmark,"[0.0219687, 0.0220962)",-0.18872515081131722,11
return_vs_benchmark,"[0.0220962, 0.0222213)",-0.18872515081131722,11
return_vs_benchmark,"[0.0222213, 0.0223244)",-0.18872515081131722,11
return_vs_benchmark,"[0.0223244, 0.0224425)",-0.18907346815425416,11
return_vs_benchmark,"[0.0224425, 0.0225377)",-0.18974246769615247,11
return_vs_benchmark,"[0.0225377, 0.0227397)",-0.18974246769615247,11
return_vs_benchmark,"[0.0227397, 0.022901)",-0.18974246769615247,11
return_vs_benchmark,"[0.022901, 0.0230424)",-0.19038889498946301,11
return_vs_benchmark,"[0.0230424, 0.0232174)",-0.19038889498946301,11
return_vs_benchmark,"[0.0232174, 0.0233852)",-0.19077087136542245,11
return_vs_benchmark,"[0.0233852, 0.0234902)",-0.19153882300906175,11
return_vs_benchmark,"[0.0234902, 0.0236613)",-0.21860183939858402,13
return_vs_benchmark,"[0.0236613, 0.0238669)",-0.22103666164993854,13
return_vs_benchmark,"[0.0238669, 0.0240359)",-0.22103666164993854,13
return_vs_benchmark,"[0.0240359, 0.0240899)",-0.22103666164993854,13
return_vs_benchmark,"[0.0240899, 0.0242422)",-0.2220284483174076,13
return_vs_benchmark,"[0.0242422, 0.0243485)",-0.22257206308638114,13
return_vs_benchmark,"[0.0243485, 0.0246263)",-0.22257206308638114,13
return_vs_benchmark,"[0.0246263, 0.0248324)",-0.22257206308638114,13
return_vs_benchmark,"[0.0248324, 0.0249311)",-0.22306601588592342,13
return_vs_benchmark,"[0.0249311, 0.025094)",-0.22306601588592342,13
return_vs_benchmark,"[0.025094, 0.025257)",-0.22352968807547702,13
return_vs_benchmark,"[0.025257, 0.0254011)",-0.22380884456273506,13
return_vs_benchmark,"[0.0254011, 0.0255237)",-0.2251318737158485,13
return_vs_benchmark,"[0.0255237, 0.0255932)",-0.2254746644312866,13
return_vs_benchmark,"[0.0255932, 0.0257606)",-0.22614193393018134,13
return_vs_benchmark,"[0.0257606, 0.0259996)",-0.22645410381808148,13
return_vs_benchmark,"[0.0259996, 0.0260957)",-0.22645410381808148,13
return_vs_benchmark,"[0.0260957, 0.0262195)",-0.2267869242055287,13
return_vs_benchmark,"[0.0262195, 0.0263169)",-0.22704514474258394,13
return_vs_benchmark,"[0.0263169, 0.0264347)",-0.22729012747916372,14
return_vs_benchmark,"[0.0264347, 0.026575)",-0.22766956758755114,14
return_vs_benchmark,"[0.026575, 0.0267384)",-0.22855519715525435,14
return_vs_benchmark,"[0.0267384, 0.0269462)",-0.22855519715525435,14
return_vs_benchmark,"[0.0269462, 0.0270856)",-0.22921103767867987,14
return_vs_benchmark,"[0.0270856, 0.0271583)",-0.22921103767867987,14
return_vs_benchmark,"[0.0271583, 0.0272574)",-0.22921103767867987,14
return_vs_benchmark,"[0.0272574, 0.0274989)",-0.22921103767867987,14
return_vs_benchmark,"[0.0274989, 0.0277127)",-0.22973042003220567,14
return_vs_benchmark,"[0.0277127, 0.0279062)",-0.22973042003220567,14
return_vs_benchmark,"[0.0279062, 0.0280281)",-0.23012692211958552,14
return_vs_benchmark,"[0.0280281, 0.0281903)",-0.23130009036766663,14
return_vs_benchmark,"[0.0281903, 0.0283746)",-0.23169216873539553,14
return_vs_benchmark,"[0.0283746, 0.0286137)",-0.2322619301474223,14
return_vs_benchmark,"[0.0286137, 0.0288064)",-0.2327032252121975,14
return_vs_benchmark,"[0.0288064, 0.0289988)",-0.23365978495325962,14
return_vs_benchmark,"[0.0289988, 0.0291546)",-0.23384928885000633,14
return_vs_benchmark,"[0.0291546, 0.0292396)",-0.23384928885000633,14
return_vs_benchmark,"[0.0292396, 0.0294521)",-0.23384928885000633,14
return_vs_benchmark,"[0.0294521, 0.0296866)",-0.23426566763355924,14
return_vs_benchmark,"[0.0296866, 0.029847)",-0.23426566763355924,14
return_vs_benchmark,"[0.029847, 0.0299882)",-0.23489452102880048,14
return_vs_benchmark,"[0.0299882, 0.030105)",-0.23531569260105323,14
return_vs_benchmark,"[0.030105, 0.0301936)",-0.23558092438386827,14
return_vs_benchmark,"[0.0301936, 0.0302949)",-0.23592289711217548,14
return_vs_benchmark,"[0.0302949, 0.0304478)",-0.23592289711217548,14
return_vs_benchmark,"[0.0304478, 0.0305867)",-0.23617939948578864,14
return_vs_benchmark,"[0.0305867, 0.0308271)",-0.23617939948578864,14
return_vs_benchmark,"[0.0308271, 0.0309154)",-0.23617939948578864,14
return_vs_benchmark,"[0.0309154, 0.0311001)",-0.23715290393056287,14
return_vs_benchmark,"[0.0311001, 0.0312212)",-0.23777099151450615,14
return_vs_benchmark,"[0.0312212, 0.0313656)",-0.23827465888482538,14
return_vs_benchmark,"[0.0313656, 0.0316189)",-0.23827465888482538,14
return_vs_benchmark,"[0.0316189, 0.0318206)",-0.2386811981693908,14
return_vs_benchmark,"[0.0318206, 0.0320962)",-0.2389557917876121,14
return_vs_benchmark,"[0.0320962, 0.0322958)",-0.2389557917876121,14
return_vs_benchmark,"[0.0322958, 0.0323678)",-0.23918650604238145,14
return_vs_benchmark,"[0.0323678, 0.0325298)",-0.23918650604238145,14
return_vs_benchmark,"[0.0325298, 0.0326226)",-0.23956127409559613,14
return_vs_benchmark,"[0.0326226, 0.0328079)",-0.24010444366203515,14
return_vs_benchmark,"[0.0328079, 0.0331385)",-0.2413527932427821,14
return_vs_benchmark,"[0.0331385, 0.033457)",-0.2413527932427821,14
return_vs_benchmark,"[0.033457, 0.0336767)",-0.2418565521642231,14
return_vs_benchmark,"[0.0336767, 0.0338437)",-0.24224592044683443,14
return_vs_benchmark,"[0.0338437, 0.0339448)",-0.24255852027041108,14
return_vs_benchmark,"[0.0339448, 0.0340914)",-0.24285900085108356,14
return_vs_benchmark,"[0.0340914, 0.0342166)",-0.24352006799382744,14
return_vs_benchmark,"[0.0342166, 0.0345056)",-0.24388658017212875,14
return_vs_benchmark,"[0.0345056, 0.0346302)",-0.24767470653669915,15
return_vs_benchmark,"[0.0346302, 0.0347657)",-0.24824998574846263,15
return_vs_benchmark,"[0.0347657, 0.0348321)",-0.2489627555767648,15
return_vs_benchmark,"[0.0348321, 0.0350814)",-0.24934053154625327,15
return_vs_benchmark,"[0.0350814, 0.0353056)",-0.24934053154625327,15
return_vs_benchmark,"[0.0353056, 0.0354955)",-0.2501534329698136,15
return_vs_benchmark,"[0.0354955, 0.035769)",-0.2501534329698136,15
return_vs_benchmark,"[0.035769, 0.0360084)",-0.25043128802144166,15
return_vs_benchmark,"[0.0360084, 0.0362814)",-0.2513104670231266,15
return_vs_benchmark,"[0.0362814, 0.0365268)",-0.2513104670231266,15
return_vs_benchmark,"[0.0365268, 0.0367083)",-0.2513104670231266,15
return_vs_benchmark,"[0.0367083, 0.0370036)",-0.2513104670231266,15
return_vs_benchmark,"[0.0370036, 0.0372172)",-0.2516739238606665,15
return_vs_benchmark,"[0.0372172, 0.0374689)",-0.2516739238606665,15
return_vs_benchmark,"[0.0374689, 0.0375957)",-0.25209923555882974,15
return_vs_benchmark,"[0.0375957, 0.0378855)",-0.25246973513681037,15
return_vs_benchmark,"[0.0378855, 0.0381356)",-0.25246973513681037,15
return_vs_benchmark,"[0.0381356, 0.0384502)",-0.2534009615698147,15
return_vs_benchmark,"[0.0384502, 0.0386507)",-0.2535647600798687,15
return_vs_benchmark,"[0.0386507, 0.0388732)",-0.25409177441867514,15
return_vs_benchmark,"[0.0388732, 0.0390892)",-0.25438306264717564,15
return_vs_benchmark,"[0.0390892, 0.0392462)",-0.25438306264717564,15
return_vs_benchmark,"[0.0392462, 0.0393979)",-0.25465829898386105,15
return_vs_benchmark,"[0.0393979, 0.0395817)",-0.25488647323540964,15
return_vs_benchmark,"[0.0395817, 0.0399151)",-0.25521129603439435,15
return_vs_benchmark,"[0.0399151, 0.0400861)",-0.255413709154765,15
return_vs_benchmark,"[0.0400861, 0.0404161)",-0.2557114836982878,15
return_vs_benchmark,"[0.0404161, 0.0406141)",-0.2563971646854793,15
return_vs_benchmark,"[0.0406141, 0.0409625)",-0.256601735059191,15
return_vs_benchmark,"[0.0409625, 0.0412691)",-0.256601735059191,15
return_vs_benchmark,"[0.0412691, 0.0414232)",-0.2569017377881055,15
return_vs_benchmark,"[0.0414232, 0.0416482)",-0.2569017377881055,15
return_vs_benchmark,"[0.0416482, 0.0417761)",-0.2569017377881055,15
return_vs_benchmark,"[0.0417761, 0.0418897)",-0.2569017377881055,15
return_vs_benchmark,"[0.0418897, 0.0420148)",-0.25744807783020934,15
return_vs_benchmark,"[0.0420148, 0.0421713)",-0.2576460220839238,15
return_vs_benchmark,"[0.0421713, 0.0423879)",-0.2576460220839238,15
return_vs_benchmark,"[0.0423879, 0.0426331)",-0.25818845996058815,15
return_vs_benchmark,"[0.0426331, 0.0427537)",-0.2588589365263163,15
return_vs_benchmark,"[0.0427537, 0.0429263)",-0.2588589365263163,15
return_vs_benchmark,"[0.0429263, 0.0430821)",-0.25920995891956555,15
return_vs_benchmark,"[0.0430821, 0.0432561)",-0.25951248339495886,15
return_vs_benchmark,"[0.0432561, 0.043467)",-0.2597198458423547,15
return_vs_benchmark,"[0.043467, 0.043721)",-0.2600381505178412,15
return_vs_benchmark,"[0.043721, 0.0439402)",-0.26049634217574835,15
return_vs_benchmark,"[0.0439402, 0.0444612)",-0.2609308925422721,16
return_vs_benchmark,"[0.0444612, 0.0446419)",-0.2612992648859178,16
return_vs_benchmark,"[0.0446419, 0.0449536)",-0.2612992648859178,16
return_vs_benchmark,"[0.0449536, 0.0451904)",-0.2612992648859178,16
return_vs_benchmark,"[0.0451904, 0.0454706)",-0.2617460489780136,16
return_vs_benchmark,"[0.0454706, 0.0457312)",-0.2617460489780136,16
return_vs_benchmark,"[0.0457312, 0.0459723)",-0.2622701814202085,16
return_vs_benchmark,"[0.0459723, 0.0461749)",-0.2622701814202085,16
return_vs_benchmark,"[0.0461749, 0.0464309)",-0.2622701814202085,16
return_vs_benchmark,"[0.0464309, 0.0466832)",-0.26260359439006564,16
return_vs_benchmark,"[0.0466832, 0.0469898)",-0.26310606291048033,16
return_vs_benchmark,"[0.0469898, 0.0473497)",-0.2633783368578129,16
return_vs_benchmark,"[0.0473497, 0.0478742)",-0.2633783368578129,16
return_vs_benchmark,"[0.0478742, 0.0482858)",-0.26368475193995483,16
return_vs_benchmark,"[0.0482858, 0.0486635)",-0.26423751605494605,16
return_vs_benchmark,"[0.0486635, 0.0490248)",-0.26507096039806377,16
return_vs_benchmark,"[0.0490248, 0.0493887)",-0.26553859061606194,16
return_vs_benchmark,"[0.0493887, 0.0495296)",-0.2659072285042578,16
return_vs_benchmark,"[0.0495296, 0.0499447)",-0.2662945902013833,16
return_vs_benchmark,"[0.0499447, 0.0503035)",-0.2665854633825886,16
return_vs_benchmark,"[0.0503035, 0.0505397)",-0.2665854633825886,16
return_vs_benchmark,"[0.0505397, 0.0506931)",-0.2665854633825886,16
return_vs_benchmark,"[0.0506931, 0.0508704)",-0.2673285759021553,16
return_vs_benchmark,"[0.0508704, 0.0513549)",-0.2673285759021553,16
return_vs_benchmark,"[0.0513549, 0.0517205)",-0.2673285759021553,16
return_vs_benchmark,"[0.0517205, 0.0518915)",-0.26767466380758387,16
return_vs_benchmark,"[0.0518915, 0.0525563)",-0.2685871465572921,16
return_vs_benchmark,"[0.0525563, 0.052874)",-0.2685871465572921,16
return_vs_benchmark,"[0.052874, 0.0532411)",-0.2685871465572921,16
return_vs_benchmark,"[0.0532411, 0.0537641)",-0.26898342111532636,16
return_vs_benchmark,"[0.0537641, 0.0541134)",-0.26898342111532636,16
return_vs_benchmark,"[0.0541134, 0.0543496)",-0.26935799484231965,16
return_vs_benchmark,"[0.0543496, 0.0549006)",-0.26935799484231965,16
return_vs_benchmark,"[0.0549006, 0.055212)",-0.26951349671419056,16
return_vs_benchmark,"[0.055212, 0.0557901)",-0.2698619405859612,16
return_vs_benchmark,"[0.0557901, 0.0560536)",-0.2698619405859612,16
return_vs_benchmark,"[0.0560536, 0.0564742)",-0.27000317997188894,16
return_vs_benchmark,"[0.0564742, 0.0567803)",-0.2707599386717455,16
return_vs_benchmark,"[0.0567803, 0.0571204)",-0.27130596710512,16
return_vs_benchmark,"[0.0571204, 0.0573982)",-0.27130596710512,16
return_vs_benchmark,"[0.0573982, 0.057894)",-0.27130596710512,16
return_vs_benchmark,"[0.057894, 0.0583389)",-0.2717702863803967,16
return_vs_benchmark,"[0.0583389, 0.0586355)",-0.27243676013462625,16
return_vs_benchmark,"[0.0586355, 0.0589038)",-0.27243676013462625,16
return_vs_benchmark,"[0.0589038, 0.0593172)",-0.27298220789106514,16
return_vs_benchmark,"[0.0593172, 0.0597081)",-0.273398279561307,16
return_vs_benchmark,"[0.0597081, 0.0603195)",-0.2737303055098959,16
return_vs_benchmark,"[0.0603195, 0.0609812)",-0.2737303055098959,16
return_vs_benchmark,"[0.0609812, 0.0613647)",-0.27438385671255194,16
return_vs_benchmark,"[0.0613647, 0.0617819)",-0.27525881771802857,16
return_vs_benchmark,"[0.0617819, 0.0622464)",-0.27525881771802857,16
return_vs_benchmark,"[0.0622464, 0.062652)",-0.2757433148967636,16
return_vs_benchmark,"[0.062652, 0.0631118)",-0.2760580843263894,16
return_vs_benchmark,"[0.0631118, 0.0637237)",-0.2760580843263894,16
return_vs_benchmark,"[0.0637237, 0.0641909)",-0.2763808004794225,16
return_vs_benchmark,"[0.0641909, 0.0645519)",-0.2766747211162374,16
return_vs_benchmark,"[0.0645519, 0.0651758)",-0.2768834681108938,16
return_vs_benchmark,"[0.0651758, 0.0656756)",-0.2771990504053803,16
return_vs_benchmark,"[0.0656756, 0.0662543)",-0.2771990504053803,16
return_vs_benchmark,"[0.0662543, 0.066692)",-0.27751057309792465,16
return_vs_benchmark,"[0.066692, 0.0672196)",-0.27751057309792465,16
return_vs_benchmark,"[0.0672196, 0.0675994)",-0.2775929887807425,17
return_vs_benchmark,"[0.0675994, 0.0678481)",-0.2778067032441494,17
return_vs_benchmark,"[0.0678481, 0.0687508)",-0.2778067032441494,17
return_vs_benchmark,"[0.0687508, 0.069484)",-0.277840036154236,17
return_vs_benchmark,"[0.069484, 0.0698677)",-0.277840036154236,17
return_vs_benchmark,"[0.0698677, 0.0704045)",-0.27786105531674793,17
return_vs_benchmark,"[0.0704045, 0.0710003)",-0.27805592689891806,17
return_vs_benchmark,"[0.0710003, 0.0719167)",-0.27805592689891806,17
return_vs_benchmark,"[0.0719167, 0.0724835)",-0.27805592689891806,17
return_vs_benchmark,"[0.0724835, 0.0732737)",-0.27821207317860236,17
return_vs_benchmark,"[0.0732737, 0.0739722)",-0.2783091930266041,17
return_vs_benchmark,"[0.0739722, 0.0749493)",-0.2783091930266041,17
return_vs_benchmark,"[0.0749493, 0.0754792)",-0.278327532266032,17
return_vs_benchmark,"[0.0754792, 0.0760695)",-0.278327532266032,17
return_vs_benchmark,"[0.0760695, 0.0765852)",-0.2784998394862207,17
return_vs_benchmark,"[0.0765852, 0.0774554)",-0.2784998394862207,17
return_vs_benchmark,"[0.0774554, 0.0781438)",-0.2784998394862207,17
return_vs_benchmark,"[0.0781438, 0.0792615)",-0.2787740178603615,17
return_vs_benchmark,"[0.0792615, 0.0803273)",-0.2789008591443175,17
return_vs_benchmark,"[0.0803273, 0.0814496)",-0.2789008591443175,17
return_vs_benchmark,"[0.0814496, 0.0821694)",-0.27898492008632575,17
return_vs_benchmark,"[0.0821694, 0.0833195)",-0.27918474660216397,17
return_vs_benchmark,"[0.0833195, 0.0841266)",-0.2798577448820318,17
return_vs_benchmark,"[0.0841266, 0.0849325)",-0.2798577448820318,17
return_vs_benchmark,"[0.0849325, 0.0857863)",-0.28044207136374766,17
return_vs_benchmark,"[0.0857863, 0.0867436)",-0.28044207136374766,17
return_vs_benchmark,"[0.0867436, 0.0884405)",-0.2806282674865422,17
return_vs_benchmark,"[0.0884405, 0.0908501)",-0.2806282674865422,17
return_vs_benchmark,"[0.0908501, 0.0928859)",-0.280925574423133,17
return_vs_benchmark,"[0.0928859, 0.0937478)",-0.281179180418174,17
return_vs_benchmark,"[0.0937478, 0.0956984)",-0.28143407571919143,17
return_vs_benchmark,"[0.0956984, 0.100978)",-0.28143407571919143,17
return_vs_benchmark,"[0.100978, 0.10582)",-0.28143407571919143,17
return_vs_benchmark,"[0.10582, 0.110185)",-0.28143407571919143,17
return_vs_benchmark,"[0.110185, 0.115355)",-0.28143407571919143,17
return_vs_benchmark,"[0.115355, 0.120846)",-0.28143407571919143,17
return_vs_benchmark,"[0.120846, 0.129056)",-0.28143407571919143,17
return_vs_benchmark,"[0.129056, inf)",-0.28143407571919143,17
return_vs_benchmark,missing,0.05591738288494358,-3
cash_pct_of_portfolio_chg,"[-inf, -0.0365704)",-0.050286042240534845,3
cash_pct_of_portfolio_chg,"[-0.0365704, -0.0311701)",-0.050286042240534845,3
cash_pct_of_portfolio_chg,"[-0.0311701, -0.0291037)",-0.050286042240534845,3
cash_pct_of_portfolio_chg,"[-0.0291037, -0.0282094)",-0.05027142438625106,3
cash_pct_of_portfolio_chg,"[-0.0282094, -0.0268665)",-0.05027142438625106,3
cash_pct_of_portfolio_chg,"[-0.0268665, -0.026201)",-0.05024604880844766,3
cash_pct_of_portfolio_chg,"[-0.026201, -0.0257198)",-0.05023813331948104,3
cash_pct_of_portfolio_chg,"[-0.0257198, -0.0254046)",-0.05012817463933745,3
cash_pct_of_portfolio_chg,"[-0.0254046, -0.0248351)",-0.05012817463933745,3
cash_pct_of_portfolio_chg,"[-0.0248351, -0.0242681)",-0.05008662320693234,3
cash_pct_of_portfolio_chg,"[-0.0242681, -0.0240093)",-0.05007163975154694,3
cash_pct_of_portfolio_chg,"[-0.0240093, -0.0236435)",-0.05007163975154694,3
cash_pct_of_portfolio_chg,"[-0.0236435, -0.0233214)",-0.05004989325786102,3
cash_pct_of_portfolio_chg,"[-0.0233214, -0.0230084)",-0.05001574716006993,3
cash_pct_of_portfolio_chg,"[-0.0230084, -0.0226097)",-0.0500012126368286,3
cash_pct_of_portfolio_chg,"[-0.0226097, -0.0223102)",-0.04998769986141778,3
cash_pct_of_portfolio_chg,"[-0.0223102, -0.0219133)",-0.04983328099691393,3
cash_pct_of_portfolio_chg,"[-0.0219133, -0.0216996)",-0.049770972373947356,3
cash_pct_of_portfolio_chg,"[-0.0216996, -0.0214331)",-0.049770972373947356,3
cash_pct_of_portfolio_chg,"[-0.0214331, -0.0211191)",-0.049723736904709465,3
cash_pct_of_portfolio_chg,"[-0.0211191, -0.0209922)",-0.049723736904709465,3
cash_pct_of_portfolio_chg,"[-0.0209922, -0.0208388)",-0.04970366595462413,3
cash_pct_of_portfolio_chg,"[-0.0208388, -0.0205846)",-0.04970366595462413,3
cash_pct_of_portfolio_chg,"[-0.0205846, -0.0203531)",-0.04966469612631674,3
cash_pct_of_portfolio_chg,"[-0.0203531, -0.0202386)",-0.04966469612631674,3
cash_pct_of_portfolio_chg,"[-0.0202386, -0.0198968)",-0.04966469612631674,3
cash_pct_of_portfolio_chg,"[-0.0198968, -0.0197451)",-0.04966469612631674,3
cash_pct_of_portfolio_chg,"[-0.0197451, -0.0195706)",-0.049660412888999673,3
cash_pct_of_portfolio_chg,"[-0.0195706, -0.0193716)",-0.049660412888999673,3
cash_pct_of_portfolio_chg,"[-0.0193716, -0.0191934)",-0.04964932669996977,3
cash_pct_of_portfolio_chg,"[-0.0191934, -0.0190225)",-0.04964932669996977,3
cash_pct_of_portfolio_chg,"[-0.0190225, -0.0187762)",-0.04964932669996977,3
cash_pct_of_portfolio_chg,"[-0.0187762, -0.0185912)",-0.04964932669996977,3
cash_pct_of_portfolio_chg,"[-0.0185912, -0.0183897)",-0.04962614277604813,3
cash_pct_of_portfolio_chg,"[-0.0183897, -0.0181751)",-0.04960829546713833,3
cash_pct_of_portfolio_chg,"[-0.0181751, -0.0179606)",-0.04960829546713833,3
cash_pct_of_portfolio_chg,"[-0.0179606, -0.0177822)",-0.04960829546713833,3
cash_pct_of_portfolio_chg,"[-0.0177822, -0.0176998)",-0.04960829546713833,3
cash_pct_of_portfolio_chg,"[-0.0176998, -0.0175839)",-0.049594537835210374,3
cash_pct_of_portfolio_chg,"[-0.0175839, -0.0174542)",-0.049594537835210374,3
cash_pct_of_portfolio_chg,"[-0.0174542, -0.0173304)",-0.049594537835210374,3
cash_pct_of_portfolio_chg,"[-0.0173304, -0.0172543)",-0.049594537835210374,3
cash_pct_of_portfolio_chg,"[-0.0172543, -0.017145)",-0.04958894995654601,3
cash_pct_of_portfolio_chg,"[-0.017145, -0.0170495)",-0.04958894995654601,3
cash_pct_of_portfolio_chg,"[-0.0170495, -0.0167557)",-0.049570079879300136,3
cash_pct_of_portfolio_chg,"[-0.0167557, -0.0166498)",-0.049535750825543595,3
cash_pct_of_portfolio_chg,"[-0.0166498, -0.0165396)",-0.049535750825543595,3
cash_pct_of_portfolio_chg,"[-0.0165396, -0.0164277)",-0.049499700135231306,3
cash_pct_of_portfolio_chg,"[-0.0164277, -0.016263)",-0.04947707102630652,3
cash_pct_of_portfolio_chg,"[-0.016263, -0.0160902)",-0.049452849723979835,3
cash_pct_of_portfolio_chg,"[-0.0160902, -0.0160443)",-0.049452849723979835,3
cash_pct_of_portfolio_chg,"[-0.0160443, -0.0159657)",-0.049452849723979835,3
cash_pct_of_portfolio_chg,"[-0.0159657, -0.0158475)",-0.049452849723979835,3
cash_pct_of_portfolio_chg,"[-0.0158475, -0.0157016)",-0.049452849723979835,3
cash_pct_of_portfolio_chg,"[-0.0157016, -0.015628)",-0.04941677602352481,3
cash_pct_of_portfolio_chg,"[-0.015628, -0.0155242)",-0.04941677602352481,3
cash_pct_of_portfolio_chg,"[-0.0155242, -0.0154135)",-0.04941677602352481,3
cash_pct_of_portfolio_chg,"[-0.0154135, -0.0153498)",-0.04941677602352481,3
cash_pct_of_portfolio_chg,"[-0.0153498, -0.0153061)",-0.04941677602352481,3
cash_pct_of_portfolio_chg,"[-0.0153061, -0.0152044)",-0.04938106612303239,3
cash_pct_of_portfolio_chg,"[-0.0152044, -0.0150772)",-0.04934085095798291,3
cash_pct_of_portfolio_chg,"[-0.0150772, -0.0149784)",-0.049313651587702054,3
cash_pct_of_portfolio_chg,"[-0.0149784, -0.0149437)",-0.049313651587702054,3
cash_pct_of_portfolio_chg,"[-0.0149437, -0.014884)",-0.049313651587702054,3
cash_pct_of_portfolio_chg,"[-0.014884, -0.0147754)",-0.049313651587702054,3
cash_pct_of_portfolio_chg,"[-0.0147754, -0.014688)",-0.04926770158087772,3
cash_pct_of_portfolio_chg,"[-0.014688, -0.0145889)",-0.04920595295047267,3
cash_pct_of_portfolio_chg,"[-0.0145889, -0.0144998)",-0.04920595295047267,3
cash_pct_of_portfolio_chg,"[-0.0144998, -0.0143653)",-0.04920595295047267,3
cash_pct_of_portfolio_chg,"[-0.0143653, -0.014329)",-0.04920595295047267,3
cash_pct_of_portfolio_chg,"[-0.014329, -0.0142074)",-0.04920595295047267,3
cash_pct_of_portfolio_chg,"[-0.0142074, -0.0141112)",-0.04920595295047267,3
cash_pct_of_portfolio_chg,"[-0.0141112, -0.0140722)",-0.04919244058765466,3
cash_pct_of_portfolio_chg,"[-0.0140722, -0.0139971)",-0.04919244058765466,3
cash_pct_of_portfolio_chg,"[-0.0139971, -0.0138748)",-0.04914349665279676,3
cash_pct_of_portfolio_chg,"[-0.0138748, -0.0138211)",-0.04914349665279676,3
cash_pct_of_portfolio_chg,"[-0.0138211, -0.0137154)",-0.04910673738993436,3
cash_pct_of_portfolio_chg,"[-0.0137154, -0.0136542)",-0.049037314543686907,3
cash_pct_of_portfolio_chg,"[-0.0136542, -0.0135824)",-0.049037314543686907,3
cash_pct_of_portfolio_chg,"[-0.0135824, -0.0135058)",-0.049037314543686907,3
cash_pct_of_portfolio_chg,"[-0.0135058, -0.0133377)",-0.049037314543686907,3
cash_pct_of_portfolio_chg,"[-0.0133377, -0.0132357)",-0.049000435562404535,3
cash_pct_of_portfolio_chg,"[-0.0132357, -0.0131732)",-0.04896478851819731,3
cash_pct_of_portfolio_chg,"[-0.0131732, -0.0130644)",-0.04895727033331878,3
cash_pct_of_portfolio_chg,"[-0.0130644, -0.0130175)",-0.04895727033331878,3
cash_pct_of_portfolio_chg,"[-0.0130175, -0.0129997)",-0.04895727033331878,3
cash_pct_of_portfolio_chg,"[-0.0129997, -0.0128949)",-0.048926939215999284,3
cash_pct_of_portfolio_chg,"[-0.0128949, -0.0127995)",-0.048926939215999284,3
cash_pct_of_portfolio_chg,"[-0.0127995, -0.0127107)",-0.048926939215999284,3
cash_pct_of_portfolio_chg,"[-0.0127107, -0.0126717)",-0.04887863914002198,3
cash_pct_of_portfolio_chg,"[-0.0126717, -0.0125768)",-0.04887863914002198,3
cash_pct_of_portfolio_chg,"[-0.0125768, -0.0125125)",-0.04887863914002198,3
cash_pct_of_portfolio_chg,"[-0.0125125, -0.012474)",-0.04880452634214458,3
cash_pct_of_portfolio_chg,"[-0.012474, -0.0124063)",-0.048733944245884404,3
cash_pct_of_portfolio_chg,"[-0.0124063, -0.0123237)",-0.048733944245884404,3
cash_pct_of_portfolio_chg,"[-0.0123237, -0.0122534)",-0.04865883761304178,3
cash_pct_of_portfolio_chg,"[-0.0122534, -0.0121908)",-0.04865883761304178,3
cash_pct_of_portfolio_chg,"[-0.0121908, -0.0121267)",-0.048628923672585825,3
cash_pct_of_portfolio_chg,"[-0.0121267, -0.012058)",-0.04854655611832003,3
cash_pct_of_portfolio_chg,"[-0.012058, -0.0119928)",-0.04725745085762619,3
cash_pct_of_portfolio_chg,"[-0.0119928, -0.0119412)",-0.047203844276007025,3
cash_pct_of_portfolio_chg,"[-0.0119412, -0.0118476)",-0.047203844276007025,3
cash_pct_of_portfolio_chg,"[-0.0118476, -0.011797)",-0.047203844276007025,3
cash_pct_of_portfolio_chg,"[-0.011797, -0.011712)",-0.04708974854173105,3
cash_pct_of_portfolio_chg,"[-0.011712, -0.0116281)",-0.04708974854173105,3
cash_pct_of_portfolio_chg,"[-0.0116281, -0.0115541)",-0.04696230888671685,3
cash_pct_of_portfolio_chg,"[-0.0115541, -0.0115066)",-0.04696230888671685,3
cash_pct_of_portfolio_chg,"[-0.0115066, -0.0114638)",-0.046908606695432106,3
cash_pct_of_portfolio_chg,"[-0.0114638, -0.0114119)",-0.04685883718000708,3
cash_pct_of_portfolio_chg,"[-0.0114119, -0.0113319)",-0.04679658399572319,3
cash_pct_of_portfolio_chg,"[-0.0113319, -0.0112873)",-0.046714030472188424,3
cash_pct_of_portfolio_chg,"[-0.0112873, -0.0112421)",-0.046714030472188424,3
cash_pct_of_portfolio_chg,"[-0.0112421, -0.0111583)",-0.04659363535695963,3
cash_pct_of_portfolio_chg,"[-0.0111583, -0.0111065)",-0.04650153835055997,3
cash_pct_of_portfolio_chg,"[-0.0111065, -0.0110654)",-0.04647797490314493,3
cash_pct_of_portfolio_chg,"[-0.0110654, -0.0109981)",-0.046428929927673945,3
cash_pct_of_portfolio_chg,"[-0.0109981, -0.0109394)",-0.046428929927673945,3
cash_pct_of_portfolio_chg,"[-0.0109394, -0.0109021)",-0.04618594815488769,3
cash_pct_of_portfolio_chg,"[-0.0109021, -0.0108652)",-0.04612282565762151,3
cash_pct_of_portfolio_chg,"[-0.0108652, -0.0108029)",-0.04600367402399917,3
cash_pct_of_portfolio_chg,"[-0.0108029, -0.010766)",-0.04600367402399917,3
cash_pct_of_portfolio_chg,"[-0.010766, -0.0107005)",-0.04593533749142425,3
cash_pct_of_portfolio_chg,"[-0.0107005, -0.0106089)",-0.045896397644838216,3
cash_pct_of_portfolio_chg,"[-0.0106089, -0.0105612)",-0.04582637474539689,3
cash_pct_of_portfolio_chg,"[-0.0105612, -0.010531)",-0.04582637474539689,3
cash_pct_of_portfolio_chg,"[-0.010531, -0.0104756)",-0.04582637474539689,3
cash_pct_of_portfolio_chg,"[-0.0104756, -0.010434)",-0.04582637474539689,3
cash_pct_of_portfolio_chg,"[-0.010434, -0.0103689)",-0.045772236813416,3
cash_pct_of_portfolio_chg,"[-0.0103689, -0.0102925)",-0.045772236813416,3
cash_pct_of_portfolio_chg,"[-0.0102925, -0.0102608)",-0.04558929994958916,3
cash_pct_of_portfolio_chg,"[-0.0102608, -0.0102097)",-0.04558929994958916,3
cash_pct_of_portfolio_chg,"[-0.0102097, -0.0101708)",-0.04543421874958739,3
cash_pct_of_portfolio_chg,"[-0.0101708, -0.0101393)",-0.04541107658727072,3
cash_pct_of_portfolio_chg,"[-0.0101393, -0.0100572)",-0.045179345095331724,3
cash_pct_of_portfolio_chg,"[-0.0100572, -0.0100119)",-0.04509256139626927,3
cash_pct_of_portfolio_chg,"[-0.0100119, -0.00994955)",-0.04499449388129003,3
cash_pct_of_portfolio_chg,"[-0.00994955, -0.00990935)",-0.04499449388129003,3
cash_pct_of_portfolio_chg,"[-0.00990935, -0.00985911)",-0.04492802845021358,3
cash_pct_of_portfolio_chg,"[-0.00985911, -0.00981501)",-0.04484238075693919,3
cash_pct_of_portfolio_chg,"[-0.00981501, -0.00978044)",-0.04456110937232733,3
cash_pct_of_portfolio_chg,"[-0.00978044, -0.00972906)",-0.04456110937232733,3
cash_pct_of_portfolio_chg,"[-0.00972906, -0.00969604)",-0.04451670187061812,3
cash_pct_of_portfolio_chg,"[-0.00969604, -0.00963573)",-0.04443430029933075,3
cash_pct_of_portfolio_chg,"[-0.00963573, -0.00959505)",-0.044230155256820586,3
cash_pct_of_portfolio_chg,"[-0.00959505, -0.0095255)",-0.04395716116058134,3
cash_pct_of_portfolio_chg,"[-0.0095255, -0.00947235)",-0.04395716116058134,3
cash_pct_of_portfolio_chg,"[-0.00947235, -0.00941507)",-0.04388994675426099,3
cash_pct_of_portfolio_chg,"[-0.00941507, -0.00936397)",-0.04366724774151185,3
cash_pct_of_portfolio_chg,"[-0.00936397, -0.00930867)",-0.04366724774151185,3
cash_pct_of_portfolio_chg,"[-0.00930867, -0.00924998)",-0.04337189754353262,3
cash_pct_of_portfolio_chg,"[-0.00924998, -0.0092038)",-0.043194325981295426,3
cash_pct_of_portfolio_chg,"[-0.0092038, -0.00915308)",-0.043194325981295426,3
cash_pct_of_portfolio_chg,"[-0.00915308, -0.00909012)",-0.04304112157007642,3
cash_pct_of_portfolio_chg,"[-0.00909012, -0.00903995)",-0.04299616600210842,3
cash_pct_of_portfolio_chg,"[-0.00903995, -0.00897592)",-0.042940107429282254,3
cash_pct_of_portfolio_chg,"[-0.00897592, -0.00892516)",-0.04273537551814138,3
cash_pct_of_portfolio_chg,"[-0.00892516, -0.00888154)",-0.04246867300022588,3
cash_pct_of_portfolio_chg,"[-0.00888154, -0.00882346)",-0.04246867300022588,3
cash_pct_of_portfolio_chg,"[-0.00882346, -0.00876405)",-0.04246867300022588,3
cash_pct_of_portfolio_chg,"[-0.00876405, -0.00870419)",-0.042389091451828745,3
cash_pct_of_portfolio_chg,"[-0.00870419, -0.00862596)",-0.042271246031409186,3
cash_pct_of_portfolio_chg,"[-0.00862596, -0.00858992)",-0.042271246031409186,3
cash_pct_of_portfolio_chg,"[-0.00858992, -0.0085249)",-0.042271246031409186,3
cash_pct_of_portfolio_chg,"[-0.0085249, -0.00848851)",-0.042271246031409186,3
cash_pct_of_portfolio_chg,"[-0.00848851, -0.00842839)",-0.042271246031409186,3
cash_pct_of_portfolio_chg,"[-0.00842839, -0.00839166)",-0.04217704497122007,3
cash_pct_of_portfolio_chg,"[-0.00839166, -0.00835666)",-0.042175148171925005,3
cash_pct_of_portfolio_chg,"[-0.00835666, -0.00831358)",-0.04204784911680601,2
cash_pct_of_portfolio_chg,"[-0.00831358, -0.00825725)",-0.04204784911680601,2
cash_pct_of_portfolio_chg,"[-0.00825725, -0.00819813)",-0.042002045466182636,2
cash_pct_of_portfolio_chg,"[-0.00819813, -0.00814959)",-0.04168382229575582,2
cash_pct_of_portfolio_chg,"[-0.00814959, -0.00809902)",-0.04168382229575582,2
cash_pct_of_portfolio_chg,"[-0.00809902, -0.00805246)",-0.04168382229575582,2
cash_pct_of_portfolio_chg,"[-0.00805246, -0.00801445)",-0.041590290852399604,2
cash_pct_of_portfolio_chg,"[-0.00801445, -0.00797594)",-0.04146304915699891,2
cash_pct_of_portfolio_chg,"[-0.00797594, -0.00791247)",-0.041231581721171286,2
cash_pct_of_portfolio_chg,"[-0.00791247, -0.00785699)",-0.04102777534329223,2
cash_pct_of_portfolio_chg,"[-0.00785699, -0.0077971)",-0.04093519909100457,2
cash_pct_of_portfolio_chg,"[-0.0077971, -0.007755)",-0.04074286851549529,2
cash_pct_of_portfolio_chg,"[-0.007755, -0.00769847)",-0.040662349079715214,2
cash_pct_of_portfolio_chg,"[-0.00769847, -0.00765786)",-0.040563843491681,2
cash_pct_of_portfolio_chg,"[-0.00765786, -0.00762491)",-0.04035610123464492,2
cash_pct_of_portfolio_chg,"[-0.00762491, -0.00758577)",-0.04026082546477478,2
cash_pct_of_portfolio_chg,"[-0.00758577, -0.00754401)",-0.04005134080428045,2
cash_pct_of_portfolio_chg,"[-0.00754401, -0.00749645)",-0.03989363970531464,2
cash_pct_of_portfolio_chg,"[-0.00749645, -0.00744446)",-0.03971277895657088,2
cash_pct_of_portfolio_chg,"[-0.00744446, -0.00738409)",-0.03971277895657088,2
cash_pct_of_portfolio_chg,"[-0.00738409, -0.00733185)",-0.03950281245089027,2
cash_pct_of_portfolio_chg,"[-0.00733185, -0.00727439)",-0.039408657022484486,2
cash_pct_of_portfolio_chg,"[-0.00727439, -0.00722635)",-0.039408657022484486,2
cash_pct_of_portfolio_chg,"[-0.00722635, -0.00719187)",-0.039375336387730865,2
cash_pct_of_portfolio_chg,"[-0.00719187, -0.00713947)",-0.039334999330686085,2
cash_pct_of_portfolio_chg,"[-0.00713947, -0.00707271)",-0.03927253636458018,2
cash_pct_of_portfolio_chg,"[-0.00707271, -0.00703554)",-0.03927253636458018,2
cash_pct_of_portfolio_chg,"[-0.00703554, -0.00699069)",-0.03917573142680759,2
cash_pct_of_portfolio_chg,"[-0.00699069, -0.00696142)",-0.039078146545589415,2
cash_pct_of_portfolio_chg,"[-0.00696142, -0.00691538)",-0.039039395727049425,2
cash_pct_of_portfolio_chg,"[-0.00691538, -0.00688394)",-0.03886522605158671,2
cash_pct_of_portfolio_chg,"[-0.00688394, -0.0068273)",-0.03886522605158671,2
cash_pct_of_portfolio_chg,"[-0.0068273, -0.00678785)",-0.03886522605158671,2
cash_pct_of_portfolio_chg,"[-0.00678785, -0.00676145)",-0.03886522605158671,2
cash_pct_of_portfolio_chg,"[-0.00676145, -0.00670296)",-0.03882326988937092,2
cash_pct_of_portfolio_chg,"[-0.00670296, -0.00664849)",-0.03882326988937092,2
cash_pct_of_portfolio_chg,"[-0.00664849, -0.00659594)",-0.038747548940614274,2
cash_pct_of_portfolio_chg,"[-0.00659594, -0.0065584)",-0.038531490949300265,2
cash_pct_of_portfolio_chg,"[-0.0065584, -0.00650689)",-0.038467944739246515,2
cash_pct_of_portfolio_chg,"[-0.00650689, -0.00644354)",-0.03841957099566552,2
cash_pct_of_portfolio_chg,"[-0.00644354, -0.00640502)",-0.038222920785306834,2
cash_pct_of_portfolio_chg,"[-0.00640502, -0.00634694)",-0.03815325907116457,2
cash_pct_of_portfolio_chg,"[-0.00634694, -0.00630067)",-0.03815325907116457,2
cash_pct_of_portfolio_chg,"[-0.00630067, -0.00624784)",-0.03815325907116457,2
cash_pct_of_portfolio_chg,"[-0.00624784, -0.00621278)",-0.03810307233824175,2
cash_pct_of_portfolio_chg,"[-0.00621278, -0.00615977)",-0.03808078267303446,2
cash_pct_of_portfolio_chg,"[-0.00615977, -0.00612732)",-0.03801275193520429,2
cash_pct_of_portfolio_chg,"[-0.00612732, -0.00607914)",-0.03797945738598933,2
cash_pct_of_portfolio_chg,"[-0.00607914, -0.00603132)",-0.037920809299182144,2
cash_pct_of_portfolio_chg,"[-0.00603132, -0.00599261)",-0.037920809299182144,2
cash_pct_of_portfolio_chg,"[-0.00599261, -0.00593744)",-0.037854679374407445,2
cash_pct_of_portfolio_chg,"[-0.00593744, -0.00588289)",-0.037854679374407445,2
cash_pct_of_portfolio_chg,"[-0.00588289, -0.00580893)",-0.037854679374407445,2
cash_pct_of_portfolio_chg,"[-0.00580893, -0.00577819)",-0.03776439759261537,2
cash_pct_of_portfolio_chg,"[-0.00577819, -0.00574765)",-0.03776439759261537,2
cash_pct_of_portfolio_chg,"[-0.00574765, -0.00569799)",-0.03776439759261537,2
cash_pct_of_portfolio_chg,"[-0.00569799, -0.0056623)",-0.03772436344214519,2
cash_pct_of_portfolio_chg,"[-0.0056623, -0.00561173)",-0.03765606898646993,2
cash_pct_of_portfolio_chg,"[-0.00561173, -0.00558036)",-0.03765606898646993,2
cash_pct_of_portfolio_chg,"[-0.00558036, -0.00554144)",-0.03765606898646993,2
cash_pct_of_portfolio_chg,"[-0.00554144, -0.00550675)",-0.03765606898646993,2
cash_pct_of_portfolio_chg,"[-0.00550675, -0.0054632)",-0.03765606898646993,2
cash_pct_of_portfolio_chg,"[-0.0054632, -0.00543221)",-0.03765606898646993,2
cash_pct_of_portfolio_chg,"[-0.00543221, -0.00540917)",-0.03743691624841365,2
cash_pct_of_portfolio_chg,"[-0.00540917, -0.00535852)",-0.037309197721440014,2
cash_pct_of_portfolio_chg,"[-0.00535852, -0.00532969)",-0.03718129270514806,2
cash_pct_of_portfolio_chg,"[-0.00532969, -0.00530805)",-0.0370564365146694,2
cash_pct_of_portfolio_chg,"[-0.00530805, -0.00526278)",-0.03690183003857803,2
cash_pct_of_portfolio_chg,"[-0.00526278, -0.00522007)",-0.03676524219523537,2
cash_pct_of_portfolio_chg,"[-0.00522007, -0.00517598)",-0.03676524219523537,2
cash_pct_of_portfolio_chg,"[-0.00517598, -0.00513909)",-0.03676524219523537,2
cash_pct_of_portfolio_chg,"[-0.00513909, -0.00510844)",-0.03662643397792635,2
cash_pct_of_portfolio_chg,"[-0.00510844, -0.00506377)",-0.03659517187225482,2
cash_pct_of_portfolio_chg,"[-0.00506377, -0.00501759)",-0.03651935277458296,2
cash_pct_of_portfolio_chg,"[-0.00501759, -0.00497791)",-0.03651935277458296,2
cash_pct_of_portfolio_chg,"[-0.00497791, -0.00495)",-0.03636750207439425,2
cash_pct_of_portfolio_chg,"[-0.00495, -0.00491115)",-0.03631343698814414,2
cash_pct_of_portfolio_chg,"[-0.00491115, -0.00487313)",-0.03631343698814414,2
cash_pct_of_portfolio_chg,"[-0.00487313, -0.00482411)",-0.03621610615711712,2
cash_pct_of_portfolio_chg,"[-0.00482411, -0.00479152)",-0.03621610615711712,2
cash_pct_of_portfolio_chg,"[-0.00479152, -0.0047453)",-0.03621610615711712,2
cash_pct_of_portfolio_chg,"[-0.0047453, -0.00470805)",-0.036177710198864156,2
cash_pct_of_portfolio_chg,"[-0.00470805, -0.00467482)",-0.036177710198864156,2
cash_pct_of_portfolio_chg,"[-0.00467482, -0.00462967)",-0.036177710198864156,2
cash_pct_of_portfolio_chg,"[-0.00462967, -0.0045848)",-0.036090770978956126,2
cash_pct_of_portfolio_chg,"[-0.0045848, -0.00455394)",-0.03585361277052825,2
cash_pct_of_portfolio_chg,"[-0.00455394, -0.00451378)",-0.03585361277052825,2
cash_pct_of_portfolio_chg,"[-0.00451378, -0.00446754)",-0.03581409882265721,2
cash_pct_of_portfolio_chg,"[-0.00446754, -0.00442184)",-0.0357437955429394,2
cash_pct_of_portfolio_chg,"[-0.00442184, -0.0043779)",-0.035542363426043416,2
cash_pct_of_portfolio_chg,"[-0.0043779, -0.00433306)",-0.035391381085858806,2
cash_pct_of_portfolio_chg,"[-0.00433306, -0.00430978)",-0.03513702246266631,2
cash_pct_of_portfolio_chg,"[-0.00430978, -0.00427249)",-0.03499663436032529,2
cash_pct_of_portfolio_chg,"[-0.00427249, -0.00424584)",-0.03499663436032529,2
cash_pct_of_portfolio_chg,"[-0.00424584, -0.004229)",-0.03481110207604963,2
cash_pct_of_portfolio_chg,"[-0.004229, -0.00420366)",-0.03465308726060813,2
cash_pct_of_portfolio_chg,"[-0.00420366, -0.00414877)",-0.034458771857116106,2
cash_pct_of_portfolio_chg,"[-0.00414877, -0.00409808)",-0.034458771857116106,2
cash_pct_of_portfolio_chg,"[-0.00409808, -0.00406208)",-0.03445605559240985,2
cash_pct_of_portfolio_chg,"[-0.00406208, -0.0040288)",-0.03441322185571234,2
cash_pct_of_portfolio_chg,"[-0.0040288, -0.0039891)",-0.03426911098099493,2
cash_pct_of_portfolio_chg,"[-0.0039891, -0.0039687)",-0.03411922538160653,2
cash_pct_of_portfolio_chg,"[-0.0039687, -0.00394032)",-0.03410178152026663,2
cash_pct_of_portfolio_chg,"[-0.00394032, -0.00391436)",-0.03409422856022157,2
cash_pct_of_portfolio_chg,"[-0.00391436, -0.00388236)",-0.03406524648594706,2
cash_pct_of_portfolio_chg,"[-0.00388236, -0.00385009)",-0.03400046943736985,2
cash_pct_of_portfolio_chg,"[-0.00385009, -0.00381537)",-0.033967907639981906,2
cash_pct_of_portfolio_chg,"[-0.00381537, -0.00377738)",-0.03392447948698642,2
cash_pct_of_portfolio_chg,"[-0.00377738, -0.0037436)",-0.033915509496836,2
cash_pct_of_portfolio_chg,"[-0.0037436, -0.0037112)",-0.033860123279714466,2
cash_pct_of_portfolio_chg,"[-0.0037112, -0.00368083)",-0.033860123279714466,2
cash_pct_of_portfolio_chg,"[-0.00368083, -0.0036553)",-0.03379235455133345,2
cash_pct_of_portfolio_chg,"[-0.0036553, -0.00361782)",-0.033706200705747584,2
cash_pct_of_portfolio_chg,"[-0.00361782, -0.00358477)",-0.033658772889863776,2
cash_pct_of_portfolio_chg,"[-0.00358477, -0.00355137)",-0.03362809592805187,2
cash_pct_of_portfolio_chg,"[-0.00355137, -0.00350477)",-0.03362809592805187,2
cash_pct_of_portfolio_chg,"[-0.00350477, -0.00346487)",-0.03362809592805187,2
cash_pct_of_portfolio_chg,"[-0.00346487, -0.00344473)",-0.03362809592805187,2
cash_pct_of_portfolio_chg,"[-0.00344473, -0.00339982)",-0.03362809592805187,2
cash_pct_of_portfolio_chg,"[-0.00339982, -0.00336355)",-0.03355352586356605,2
cash_pct_of_portfolio_chg,"[-0.00336355, -0.00332265)",-0.03355352586356605,2
cash_pct_of_portfolio_chg,"[-0.00332265, -0.0032989)",-0.03333972336086559,2
cash_pct_of_portfolio_chg,"[-0.0032989, -0.00325998)",-0.03329425854328236,2
cash_pct_of_portfolio_chg,"[-0.00325998, -0.00322276)",-0.03326773526326947,2
cash_pct_of_portfolio_chg,"[-0.00322276, -0.00319394)",-0.033213810952747225,2
cash_pct_of_portfolio_chg,"[-0.00319394, -0.0031349)",-0.033213810952747225,2
cash_pct_of_portfolio_chg,"[-0.0031349, -0.0030993)",-0.033213810952747225,2
cash_pct_of_portfolio_chg,"[-0.0030993, -0.00305722)",-0.033213810952747225,2
cash_pct_of_portfolio_chg,"[-0.00305722, -0.0030084)",-0.033108599121897314,2
cash_pct_of_portfolio_chg,"[-0.0030084, -0.00297243)",-0.033108599121897314,2
cash_pct_of_portfolio_chg,"[-0.00297243, -0.00293164)",-0.03296960847291344,2
cash_pct_of_portfolio_chg,"[-0.00293164, -0.00290282)",-0.03276813403582853,2
cash_pct_of_portfolio_chg,"[-0.00290282, -0.00286072)",-0.03276813403582853,2
cash_pct_of_portfolio_chg,"[-0.00286072, -0.00282305)",-0.03276813403582853,2
cash_pct_of_portfolio_chg,"[-0.00282305, -0.0027905)",-0.03270952924017528,2
cash_pct_of_portfolio_chg,"[-0.0027905, -0.00274379)",-0.03270952924017528,2
cash_pct_of_portfolio_chg,"[-0.00274379, -0.0027108)",-0.03270952924017528,2
cash_pct_of_portfolio_chg,"[-0.0027108, -0.0026617)",-0.032667221422927765,2
cash_pct_of_portfolio_chg,"[-0.0026617, -0.00261073)",-0.03263796713097654,2
cash_pct_of_portfolio_chg,"[-0.00261073, -0.00258977)",-0.03259112393109545,2
cash_pct_of_portfolio_chg,"[-0.00258977, -0.00254775)",-0.032572908170663446,2
cash_pct_of_portfolio_chg,"[-0.00254775, -0.00248972)",-0.03232027806446105,2
cash_pct_of_portfolio_chg,"[-0.00248972, -0.0024673)",-0.03221177411896348,2
cash_pct_of_portfolio_chg,"[-0.0024673, -0.00241741)",-0.03221177411896348,2
cash_pct_of_portfolio_chg,"[-0.00241741, -0.00238269)",-0.03217236133533506,2
cash_pct_of_portfolio_chg,"[-0.00238269, -0.00233241)",-0.03204345767971287,2
cash_pct_of_portfolio_chg,"[-0.00233241, -0.00230745)",-0.03204345767971287,2
cash_pct_of_portfolio_chg,"[-0.00230745, -0.0022794)",-0.03184206625898398,2
cash_pct_of_portfolio_chg,"[-0.0022794, -0.0022571)",-0.03184206625898398,2
cash_pct_of_portfolio_chg,"[-0.0022571, -0.00221718)",-0.0318130578822421,2
cash_pct_of_portfolio_chg,"[-0.00221718, -0.00218729)",-0.031744204983749795,2
cash_pct_of_portfolio_chg,"[-0.00218729, -0.00215666)",-0.03166975647483876,2
cash_pct_of_portfolio_chg,"[-0.00215666, -0.00211659)",-0.03166975647483876,2
cash_pct_of_portfolio_chg,"[-0.00211659, -0.00207821)",-0.03164187408259039,2
cash_pct_of_portfolio_chg,"[-0.00207821, -0.0020532)",-0.031617755673947874,2
cash_pct_of_portfolio_chg,"[-0.0020532, -0.00201305)",-0.03153635291841039,2
cash_pct_of_portfolio_chg,"[-0.00201305, -0.00198917)",-0.03153635291841039,2
cash_pct_of_portfolio_chg,"[-0.00198917, -0.00193325)",-0.031393329213432325,2
cash_pct_of_portfolio_chg,"[-0.00193325, -0.00190821)",-0.03139094446093343,2
cash_pct_of_portfolio_chg,"[-0.00190821, -0.00188978)",-0.03139094446093343,2
cash_pct_of_portfolio_chg,"[-0.00188978, -0.00185907)",-0.03139094446093343,2
cash_pct_of_portfolio_chg,"[-0.00185907, -0.00182804)",-0.031286554401388195,2
cash_pct_of_portfolio_chg,"[-0.00182804, -0.00180912)",-0.031286554401388195,2
cash_pct_of_portfolio_chg,"[-0.00180912, -0.00177986)",-0.031120393262524946,2
cash_pct_of_portfolio_chg,"[-0.00177986, -0.0017418)",-0.031116742217519734,2
cash_pct_of_portfolio_chg,"[-0.0017418, -0.00171019)",-0.031116742217519734,2
cash_pct_of_portfolio_chg,"[-0.00171019, -0.00165653)",-0.031116742217519734,2
cash_pct_of_portfolio_chg,"[-0.00165653, -0.00162722)",-0.031093136761391225,2
cash_pct_of_portfolio_chg,"[-0.00162722, -0.00160118)",-0.031093136761391225,2
cash_pct_of_portfolio_chg,"[-0.00160118, -0.0015826)",-0.030982042307192332,2
cash_pct_of_portfolio_chg,"[-0.0015826, -0.00155776)",-0.030982042307192332,2
cash_pct_of_portfolio_chg,"[-0.00155776, -0.00152228)",-0.0308278504616482,2
cash_pct_of_portfolio_chg,"[-0.00152228, -0.00149364)",-0.030795835890345246,2
cash_pct_of_portfolio_chg,"[-0.00149364, -0.00145197)",-0.030795835890345246,2
cash_pct_of_portfolio_chg,"[-0.00145197, -0.00141464)",-0.030673553709041228,2
cash_pct_of_portfolio_chg,"[-0.00141464, -0.00136324)",-0.030673553709041228,2
cash_pct_of_portfolio_chg,"[-0.00136324, -0.00134383)",-0.030673553709041228,2
cash_pct_of_portfolio_chg,"[-0.00134383, -0.00132513)",-0.030673553709041228,2
cash_pct_of_portfolio_chg,"[-0.00132513, -0.00129626)",-0.030547153052821126,2
cash_pct_of_portfolio_chg,"[-0.00129626, -0.00125684)",-0.030547153052821126,2
cash_pct_of_portfolio_chg,"[-0.00125684, -0.00121189)",-0.030536913009621046,2
cash_pct_of_portfolio_chg,"[-0.00121189, -0.00119563)",-0.030536913009621046,2
cash_pct_of_portfolio_chg,"[-0.00119563, -0.00117568)",-0.030536913009621046,2
cash_pct_of_portfolio_chg,"[-0.00117568, -0.00113906)",-0.030536913009621046,2
cash_pct_of_portfolio_chg,"[-0.00113906, -0.00111041)",-0.0304276490274036,2
cash_pct_of_portfolio_chg,"[-0.00111041, -0.00107113)",-0.030405102805237064,2
cash_pct_of_portfolio_chg,"[-0.00107113, -0.00103362)",-0.030405102805237064,2
cash_pct_of_portfolio_chg,"[-0.00103362, -0.00100986)",-0.030405102805237064,2
cash_pct_of_portfolio_chg,"[-0.00100986, -0.00098682)",-0.03031480121307091,2
cash_pct_of_portfolio_chg,"[-0.00098682, -0.000955625)",-0.030245589029799076,2
cash_pct_of_portfolio_chg,"[-0.000955625, -0.000906265)",-0.030232231836369746,2
cash_pct_of_portfolio_chg,"[-0.000906265, -0.00086441)",-0.030232231836369746,2
cash_pct_of_portfolio_chg,"[-0.00086441, -0.00081607)",-0.030232231836369746,2
cash_pct_of_portfolio_chg,"[-0.00081607, -0.000778355)",-0.030232231836369746,2
cash_pct_of_portfolio_chg,"[-0.000778355, -0.00073497)",-0.030232231836369746,2
cash_pct_of_portfolio_chg,"[-0.00073497, -0.000700815)",-0.030232231836369746,2
cash_pct_of_portfolio_chg,"[-0.000700815, -0.00067675)",-0.030185564513086866,2
cash_pct_of_portfolio_chg,"[-0.00067675, -0.0006556)",-0.0301489789516724,2
cash_pct_of_portfolio_chg,"[-0.0006556, -0.00062245)",-0.0301489789516724,2
cash_pct_of_portfolio_chg,"[-0.00062245, -0.00059307)",-0.0301489789516724,2
cash_pct_of_portfolio_chg,"[-0.00059307, -0.00056467)",-0.0301489789516724,2
cash_pct_of_portfolio_chg,"[-0.00056467, -0.00053908)",-0.0301489789516724,2
cash_pct_of_portfolio_chg,"[-0.00053908, -0.000487655)",-0.03012379031954479,2
cash_pct_of_portfolio_chg,"[-0.000487655, -0.00046216)",-0.03012379031954479,2
cash_pct_of_portfolio_chg,"[-0.00046216, -0.000423285)",-0.030112673173198365,2
cash_pct_of_portfolio_chg,"[-0.000423285, -0.000393985)",-0.030112673173198365,2
cash_pct_of_portfolio_chg,"[-0.000393985, -0.000364485)",-0.030048624049783354,2
cash_pct_of_portfolio_chg,"[-0.000364485, -0.000318475)",-0.030048624049783354,2
cash_pct_of_portfolio_chg,"[-0.000318475, -0.000281705)",-0.030048624049783354,2
cash_pct_of_portfolio_chg,"[-0.000281705, -0.00024657)",-0.029983645046357203,2
cash_pct_of_portfolio_chg,"[-0.00024657, -0.00021276)",-0.02993119985247616,2
cash_pct_of_portfolio_chg,"[-0.00021276, -0.00016702)",-0.029879094091538005,2
cash_pct_of_portfolio_chg,"[-0.00016702, -0.00013517)",-0.02981085827412728,2
cash_pct_of_portfolio_chg,"[-0.00013517, -8.3155e-05)",-0.02981085827412728,2
cash_pct_of_portfolio_chg,"[-8.3155e-05, -3.8095e-05)",-0.029708043533020728,2
cash_pct_of_portfolio_chg,"[-3.8095e-05, 1.289e-05)",-0.02962605530366208,2
cash_pct_of_portfolio_chg,"[1.289e-05, 5.4945e-05)",-0.029558374976731274,2
cash_pct_of_portfolio_chg,"[5.4945e-05, 9.8165e-05)",-0.02950639294124144,2
cash_pct_of_portfolio_chg,"[9.8165e-05, 0.000141625)",-0.02950639294124144,2
cash_pct_of_portfolio_chg,"[0.000141625, 0.000171465)",-0.02950639294124144,2
cash_pct_of_portfolio_chg,"[0.000171465, 0.00019505)",-0.02940350931033118,2
cash_pct_of_portfolio_chg,"[0.00019505, 0.000246895)",-0.02932662823063267,2
cash_pct_of_portfolio_chg,"[0.000246895, 0.000278335)",-0.02932662823063267,2
cash_pct_of_portfolio_chg,"[0.000278335, 0.00030374)",-0.02932662823063267,2
cash_pct_of_portfolio_chg,"[0.00030374, 0.000332695)",-0.029297238193001684,2
cash_pct_of_portfolio_chg,"[0.000332695, 0.000382505)",-0.02925421291486204,2
cash_pct_of_portfolio_chg,"[0.000382505, 0.000432195)",-0.02925421291486204,2
cash_pct_of_portfolio_chg,"[0.000432195, 0.00045906)",-0.02923999266490224,2
cash_pct_of_portfolio_chg,"[0.00045906, 0.000484835)",-0.029128430178106995,2
cash_pct_of_portfolio_chg,"[0.000484835, 0.000502965)",-0.029079484553487325,2
cash_pct_of_portfolio_chg,"[0.000502965, 0.000538795)",-0.02888633540871182,2
cash_pct_of_portfolio_chg,"[0.000538795, 0.000583225)",-0.02888633540871182,2
cash_pct_of_portfolio_chg,"[0.000583225, 0.00060103)",-0.028878095856033636,2
cash_pct_of_portfolio_chg,"[0.00060103, 0.000624995)",-0.0288296425481806,2
cash_pct_of_portfolio_chg,"[0.000624995, 0.00065551)",-0.028779209521363803,2
cash_pct_of_portfolio_chg,"[0.00065551, 0.00068715)",-0.028779209521363803,2
cash_pct_of_portfolio_chg,"[0.00068715, 0.00071085)",-0.028779209521363803,2
cash_pct_of_portfolio_chg,"[0.00071085, 0.000748655)",-0.028779209521363803,2
cash_pct_of_portfolio_chg,"[0.000748655, 0.00077806)",-0.028779209521363803,2
cash_pct_of_portfolio_chg,"[0.00077806, 0.00081605)",-0.028717968904919174,2
cash_pct_of_portfolio_chg,"[0.00081605, 0.000835545)",-0.028599219912194513,2
cash_pct_of_portfolio_chg,"[0.000835545, 0.000858525)",-0.028599219912194513,2
cash_pct_of_portfolio_chg,"[0.000858525, 0.00089647)",-0.028501004202536293,2
cash_pct_of_portfolio_chg,"[0.00089647, 0.000942085)",-0.028392861165330067,2
cash_pct_of_portfolio_chg,"[0.000942085, 0.00097247)",-0.02822825253555455,2
cash_pct_of_portfolio_chg,"[0.00097247, 0.00100869)",-0.02822825253555455,2
cash_pct_of_portfolio_chg,"[0.00100869, 0.00104783)",-0.02810873523372226,2
cash_pct_of_portfolio_chg,"[0.00104783, 0.0010761)",-0.028053354278726354,2
cash_pct_of_portfolio_chg,"[0.0010761, 0.00110931)",-0.027908633323437466,2
cash_pct_of_portfolio_chg,"[0.00110931, 0.00113002)",-0.027908633323437466,2
cash_pct_of_portfolio_chg,"[0.00113002, 0.0011684)",-0.027908633323437466,2
cash_pct_of_portfolio_chg,"[0.0011684, 0.00120369)",-0.027908633323437466,2
cash_pct_of_portfolio_chg,"[0.00120369, 0.00122672)",-0.02773989745296597,2
cash_pct_of_portfolio_chg,"[0.00122672, 0.0012579)",-0.027602538661311047,2
cash_pct_of_portfolio_chg,"[0.0012579, 0.00128208)",-0.027602538661311047,2
cash_pct_of_portfolio_chg,"[0.00128208, 0.00131571)",-0.027597438227666048,2
cash_pct_of_portfolio_chg,"[0.00131571, 0.00134522)",-0.02752817408985567,2
cash_pct_of_portfolio_chg,"[0.00134522, 0.00138735)",-0.02752817408985567,2
cash_pct_of_portfolio_chg,"[0.00138735, 0.00141818)",-0.027422974158157944,2
cash_pct_of_portfolio_chg,"[0.00141818, 0.00144546)",-0.027422974158157944,2
cash_pct_of_portfolio_chg,"[0.00144546, 0.00147166)",-0.027416529392508916,2
cash_pct_of_portfolio_chg,"[0.00147166, 0.00150475)",-0.027385344356941916,2
cash_pct_of_portfolio_chg,"[0.00150475, 0.00153906)",-0.02730021053866976,2
cash_pct_of_portfolio_chg,"[0.00153906, 0.00156911)",-0.027254879143434232,2
cash_pct_of_portfolio_chg,"[0.00156911, 0.00160237)",-0.027254879143434232,2
cash_pct_of_portfolio_chg,"[0.00160237, 0.00162611)",-0.027246142199324464,2
cash_pct_of_portfolio_chg,"[0.00162611, 0.00165144)",-0.027208991121936265,2
cash_pct_of_portfolio_chg,"[0.00165144, 0.00169275)",-0.027118551083657724,2
cash_pct_of_portfolio_chg,"[0.00169275, 0.0017443)",-0.027053315118930138,2
cash_pct_of_portfolio_chg,"[0.0017443, 0.0017667)",-0.026750330395545443,2
cash_pct_of_portfolio_chg,"[0.0017667, 0.00180629)",-0.02669610410349002,2
cash_pct_of_portfolio_chg,"[0.00180629, 0.00184187)",-0.02669610410349002,2
cash_pct_of_portfolio_chg,"[0.00184187, 0.00188435)",-0.02669610410349002,2
cash_pct_of_portfolio_chg,"[0.00188435, 0.00193182)",-0.02669610410349002,2
cash_pct_of_portfolio_chg,"[0.00193182, 0.0019571)",-0.0265347140702013,2
cash_pct_of_portfolio_chg,"[0.0019571, 0.00198811)",-0.026468558805612646,2
cash_pct_of_portfolio_chg,"[0.00198811, 0.00201011)",-0.026468558805612646,2
cash_pct_of_portfolio_chg,"[0.00201011, 0.00203875)",-0.026380868883044147,2
cash_pct_of_portfolio_chg,"[0.00203875, 0.0020886)",-0.026350071879597904,2
cash_pct_of_portfolio_chg,"[0.0020886, 0.00211983)",-0.026350071879597904,2
cash_pct_of_portfolio_chg,"[0.00211983, 0.00217459)",-0.026106674206757226,2
cash_pct_of_portfolio_chg,"[0.00217459, 0.00219281)",-0.02598386487619217,2
cash_pct_of_portfolio_chg,"[0.00219281, 0.00221859)",-0.025839246090221462,2
cash_pct_of_portfolio_chg,"[0.00221859, 0.00224841)",-0.025746082621748583,2
cash_pct_of_portfolio_chg,"[0.00224841, 0.00228347)",-0.025746082621748583,2
cash_pct_of_portfolio_chg,"[0.00228347, 0.00231)",-0.025746082621748583,2
cash_pct_of_portfolio_chg,"[0.00231, 0.00235947)",-0.0256997723697945,2
cash_pct_of_portfolio_chg,"[0.00235947, 0.00239496)",-0.0256997723697945,2
cash_pct_of_portfolio_chg,"[0.00239496, 0.00241385)",-0.0256997723697945,2
cash_pct_of_portfolio_chg,"[0.00241385, 0.00244779)",-0.02561031171430468,2
cash_pct_of_portfolio_chg,"[0.00244779, 0.00248551)",-0.025397278786190094,2
cash_pct_of_portfolio_chg,"[0.00248551, 0.00253123)",-0.025397278786190094,2
cash_pct_of_portfolio_chg,"[0.00253123, 0.00255405)",-0.025335491522858616,2
cash_pct_of_portfolio_chg,"[0.00255405, 0.00259711)",-0.025335491522858616,2
cash_pct_of_portfolio_chg,"[0.00259711, 0.00262705)",-0.025137851431913757,1
cash_pct_of_portfolio_chg,"[0.00262705, 0.00268172)",-0.025137851431913757,1
cash_pct_of_portfolio_chg,"[0.00268172, 0.00272583)",-0.025137851431913757,1
cash_pct_of_portfolio_chg,"[0.00272583, 0.00275927)",-0.02499901050308889,1
cash_pct_of_portfolio_chg,"[0.00275927, 0.00279145)",-0.024930492965073277,1
cash_pct_of_portfolio_chg,"[0.00279145, 0.00281805)",-0.02482114058007894,1
cash_pct_of_portfolio_chg,"[0.00281805, 0.00285369)",-0.024593537085487196,1
cash_pct_of_portfolio_chg,"[0.00285369, 0.00289078)",-0.024323889912588093,1
cash_pct_of_portfolio_chg,"[0.00289078, 0.00292661)",-0.024242966211041293,1
cash_pct_of_portfolio_chg,"[0.00292661, 0.00295492)",-0.024242966211041293,1
cash_pct_of_portfolio_chg,"[0.00295492, 0.00297603)",-0.024242966211041293,1
cash_pct_of_portfolio_chg,"[0.00297603, 0.00300552)",-0.024242966211041293,1
cash_pct_of_portfolio_chg,"[0.00300552, 0.00303978)",-0.02414619609457756,1
cash_pct_of_portfolio_chg,"[0.00303978, 0.00307278)",-0.02414619609457756,1
cash_pct_of_portfolio_chg,"[0.00307278, 0.00310022)",-0.02408275377958522,1
cash_pct_of_portfolio_chg,"[0.00310022, 0.00313951)",-0.024044361508796568,1
cash_pct_of_portfolio_chg,"[0.00313951, 0.00316163)",-0.0238637063389332,1
cash_pct_of_portfolio_chg,"[0.00316163, 0.00318254)",-0.02366185465749834,1
cash_pct_of_portfolio_chg,"[0.00318254, 0.0032277)",-0.02366185465749834,1
cash_pct_of_portfolio_chg,"[0.0032277, 0.00325459)",-0.02366185465749834,1
cash_pct_of_portfolio_chg,"[0.00325459, 0.00329108)",-0.02366185465749834,1
cash_pct_of_portfolio_chg,"[0.00329108, 0.00331458)",-0.023600202124625973,1
cash_pct_of_portfolio_chg,"[0.00331458, 0.00335273)",-0.023600202124625973,1
cash_pct_of_portfolio_chg,"[0.00335273, 0.00339263)",-0.023319863234753522,1
cash_pct_of_portfolio_chg,"[0.00339263, 0.00344759)",-0.023319863234753522,1
cash_pct_of_portfolio_chg,"[0.00344759, 0.0034711)",-0.023118818718180497,1
cash_pct_of_portfolio_chg,"[0.0034711, 0.00349508)",-0.02282324574957792,1
cash_pct_of_portfolio_chg,"[0.00349508, 0.00351908)",-0.022574704444610547,1
cash_pct_of_portfolio_chg,"[0.00351908, 0.00357492)",-0.022574704444610547,1
cash_pct_of_portfolio_chg,"[0.00357492, 0.00361016)",-0.022574704444610547,1
cash_pct_of_portfolio_chg,"[0.00361016, 0.00365658)",-0.02238565979045772,1
cash_pct_of_portfolio_chg,"[0.00365658, 0.00371727)",-0.02220815423147938,1
cash_pct_of_portfolio_chg,"[0.00371727, 0.00374982)",-0.02197673361821535,1
cash_pct_of_portfolio_chg,"[0.00374982, 0.00379069)",-0.02197673361821535,1
cash_pct_of_portfolio_chg,"[0.00379069, 0.0038239)",-0.021764332456918247,1
cash_pct_of_portfolio_chg,"[0.0038239, 0.00385901)",-0.0215168449953767,1
cash_pct_of_portfolio_chg,"[0.00385901, 0.00390634)",-0.02148842975917394,1
cash_pct_of_portfolio_chg,"[0.00390634, 0.00394196)",-0.0213713208494748,1
cash_pct_of_portfolio_chg,"[0.00394196, 0.00397321)",-0.021216322120600546,1
cash_pct_of_portfolio_chg,"[0.00397321, 0.00398981)",-0.021216322120600546,1
cash_pct_of_portfolio_chg,"[0.00398981, 0.00401297)",-0.0210329334947768,1
cash_pct_of_portfolio_chg,"[0.00401297, 0.00404326)",-0.0210329334947768,1
cash_pct_of_portfolio_chg,"[0.00404326, 0.00408624)",-0.020695753165097995,1
cash_pct_of_portfolio_chg,"[0.00408624, 0.00411766)",-0.02063099027578122,1
cash_pct_of_portfolio_chg,"[0.00411766, 0.00415107)",-0.02063099027578122,1
cash_pct_of_portfolio_chg,"[0.00415107, 0.00420127)",-0.020616116471198487,1
cash_pct_of_portfolio_chg,"[0.00420127, 0.00422724)",-0.02048466833334336,1
cash_pct_of_portfolio_chg,"[0.00422724, 0.00426912)",-0.0203111813560679,1
cash_pct_of_portfolio_chg,"[0.00426912, 0.00429766)",-0.0203111813560679,1
cash_pct_of_portfolio_chg,"[0.00429766, 0.00433062)",-0.02012966152856181,1
cash_pct_of_portfolio_chg,"[0.00433062, 0.00435091)",-0.02012966152856181,1
cash_pct_of_portfolio_chg,"[0.00435091, 0.00437763)",-0.019826192669178126,1
cash_pct_of_portfolio_chg,"[0.00437763, 0.00440257)",-0.019806113206905594,1
cash_pct_of_portfolio_chg,"[0.00440257, 0.00443672)",-0.019806113206905594,1
cash_pct_of_portfolio_chg,"[0.00443672, 0.00446595)",-0.01969874398570095,1
cash_pct_of_portfolio_chg,"[0.00446595, 0.00449519)",-0.01969874398570095,1
cash_pct_of_portfolio_chg,"[0.00449519, 0.00454267)",-0.019542591139222038,1
cash_pct_of_portfolio_chg,"[0.00454267, 0.00457853)",-0.019542591139222038,1
cash_pct_of_portfolio_chg,"[0.00457853, 0.00461692)",-0.019407623534512395,1
cash_pct_of_portfolio_chg,"[0.00461692, 0.00465188)",-0.019392331001345145,1
cash_pct_of_portfolio_chg,"[0.00465188, 0.00470193)",-0.019361907930273224,1
cash_pct_of_portfolio_chg,"[0.00470193, 0.0047312)",-0.019361907930273224,1
cash_pct_of_portfolio_chg,"[0.0047312, 0.00476896)",-0.019246309703698478,1
cash_pct_of_portfolio_chg,"[0.00476896, 0.00480079)",-0.019246309703698478,1
cash_pct_of_portfolio_chg,"[0.00480079, 0.0048335)",-0.019246309703698478,1
cash_pct_of_portfolio_chg,"[0.0048335, 0.0048627)",-0.01917381038609569,1
cash_pct_of_portfolio_chg,"[0.0048627, 0.00488561)",-0.01917381038609569,1
cash_pct_of_portfolio_chg,"[0.00488561, 0.00491856)",-0.01917381038609569,1
cash_pct_of_portfolio_chg,"[0.00491856, 0.00495095)",-0.01917381038609569,1
cash_pct_of_portfolio_chg,"[0.00495095, 0.00499318)",-0.01917381038609569,1
cash_pct_of_portfolio_chg,"[0.00499318, 0.00501598)",-0.018997474022249435,1
cash_pct_of_portfolio_chg,"[0.00501598, 0.00504308)",-0.018997474022249435,1
cash_pct_of_portfolio_chg,"[0.00504308, 0.00507259)",-0.018997474022249435,1
cash_pct_of_portfolio_chg,"[0.00507259, 0.00511364)",-0.01860417436483308,1
cash_pct_of_portfolio_chg,"[0.00511364, 0.00518214)",-0.018395119708625167,1
cash_pct_of_portfolio_chg,"[0.00518214, 0.00521924)",-0.01827145111665311,1
cash_pct_of_portfolio_chg,"[0.00521924, 0.00526775)",-0.01827145111665311,1
cash_pct_of_portfolio_chg,"[0.00526775, 0.0053035)",-0.018068147490425835,1
cash_pct_of_portfolio_chg,"[0.0053035, 0.0053427)",-0.01779760307030719,1
cash_pct_of_portfolio_chg,"[0.0053427, 0.005406)",-0.017599516624324688,1
cash_pct_of_portfolio_chg,"[0.005406, 0.00544227)",-0.017506704462506645,1
cash_pct_of_portfolio_chg,"[0.00544227, 0.00546713)",-0.017191502798999413,1
cash_pct_of_portfolio_chg,"[0.00546713, 0.00549996)",-0.0170638447917388,1
cash_pct_of_portfolio_chg,"[0.00549996, 0.00553234)",-0.016977895142765608,1
cash_pct_of_portfolio_chg,"[0.00553234, 0.00556625)",-0.016957151747717843,1
cash_pct_of_portfolio_chg,"[0.00556625, 0.00562746)",-0.016894487960994176,1
cash_pct_of_portfolio_chg,"[0.00562746, 0.0056676)",-0.01668618177707284,1
cash_pct_of_portfolio_chg,"[0.0056676, 0.00569204)",-0.01668618177707284,1
cash_pct_of_portfolio_chg,"[0.00569204, 0.00572759)",-0.01668618177707284,1
cash_pct_of_portfolio_chg,"[0.00572759, 0.00578875)",-0.01650276972233897,1
cash_pct_of_portfolio_chg,"[0.00578875, 0.00583633)",-0.01650276972233897,1
cash_pct_of_portfolio_chg,"[0.00583633, 0.0058723)",-0.016382685577980345,1
cash_pct_of_portfolio_chg,"[0.0058723, 0.00589634)",-0.01606901255942423,1
cash_pct_of_portfolio_chg,"[0.00589634, 0.00592396)",-0.01606901255942423,1
cash_pct_of_portfolio_chg,"[0.00592396, 0.00596268)",-0.01606901255942423,1
cash_pct_of_portfolio_chg,"[0.00596268, 0.00600645)",-0.015958878925651485,1
cash_pct_of_portfolio_chg,"[0.00600645, 0.00605339)",-0.015695611047373534,1
cash_pct_of_portfolio_chg,"[0.00605339, 0.00610216)",-0.015465287800684143,1
cash_pct_of_portfolio_chg,"[0.00610216, 0.00615174)",-0.015465287800684143,1
cash_pct_of_portfolio_chg,"[0.00615174, 0.00619259)",-0.015465287800684143,1
cash_pct_of_portfolio_chg,"[0.00619259, 0.00622182)",-0.015465287800684143,1
cash_pct_of_portfolio_chg,"[0.00622182, 0.0062445)",-0.015465287800684143,1
cash_pct_of_portfolio_chg,"[0.0062445, 0.0062715)",-0.015218975413236455,1
cash_pct_of_portfolio_chg,"[0.0062715, 0.00629906)",-0.015069836572658828,1
cash_pct_of_portfolio_chg,"[0.00629906, 0.00634631)",-0.014960817359717372,1
cash_pct_of_portfolio_chg,"[0.00634631, 0.00638148)",-0.014960817359717372,1
cash_pct_of_portfolio_chg,"[0.00638148, 0.00642166)",-0.014822130030544443,1
cash_pct_of_portfolio_chg,"[0.00642166, 0.00647026)",-0.014822130030544443,1
cash_pct_of_portfolio_chg,"[0.00647026, 0.00650497)",-0.014822130030544443,1
cash_pct_of_portfolio_chg,"[0.00650497, 0.00654003)",-0.014822130030544443,1
cash_pct_of_portfolio_chg,"[0.00654003, 0.00658604)",-0.014462345383368354,1
cash_pct_of_portfolio_chg,"[0.00658604, 0.00663331)",-0.014462345383368354,1
cash_pct_of_portfolio_chg,"[0.00663331, 0.00671194)",-0.014462345383368354,1
cash_pct_of_portfolio_chg,"[0.00671194, 0.00674525)",-0.013875330393116846,1
cash_pct_of_portfolio_chg,"[0.00674525, 0.00679096)",-0.013770019980611075,1
cash_pct_of_portfolio_chg,"[0.00679096, 0.00682975)",-0.013770019980611075,1
cash_pct_of_portfolio_chg,"[0.00682975, 0.00686198)",-0.013682890586417168,1
cash_pct_of_portfolio_chg,"[0.00686198, 0.00690345)",-0.013682890586417168,1
cash_pct_of_portfolio_chg,"[0.00690345, 0.0069402)",-0.013408798863522317,1
cash_pct_of_portfolio_chg,"[0.0069402, 0.006984)",-0.013115304435641984,1
cash_pct_of_portfolio_chg,"[0.006984, 0.00703603)",-0.013115304435641984,1
cash_pct_of_portfolio_chg,"[0.00703603, 0.00712013)",-0.013115304435641984,1
cash_pct_of_portfolio_chg,"[0.00712013, 0.0071458)",-0.013115304435641984,1
cash_pct_of_portfolio_chg,"[0.0071458, 0.00717875)",-0.012710543515785117,1
cash_pct_of_portfolio_chg,"[0.00717875, 0.00724206)",-0.01256867060003151,1
cash_pct_of_portfolio_chg,"[0.00724206, 0.00728177)",-0.012369235338457457,1
cash_pct_of_portfolio_chg,"[0.00728177, 0.00732457)",-0.012160771449530235,1
cash_pct_of_portfolio_chg,"[0.00732457, 0.00737199)",-0.012160771449530235,1
cash_pct_of_portfolio_chg,"[0.00737199, 0.00740591)",-0.011954343222240404,1
cash_pct_of_portfolio_chg,"[0.00740591, 0.00744051)",-0.011571141114365555,1
cash_pct_of_portfolio_chg,"[0.00744051, 0.00748333)",-0.011571141114365555,1
cash_pct_of_portfolio_chg,"[0.00748333, 0.00751347)",-0.011239611920690545,1
cash_pct_of_portfolio_chg,"[0.00751347, 0.00754493)",-0.011239611920690545,1
cash_pct_of_portfolio_chg,"[0.00754493, 0.00758147)",-0.011140443380599855,1
cash_pct_of_portfolio_chg,"[0.00758147, 0.00762176)",-0.011140443380599855,1
cash_pct_of_portfolio_chg,"[0.00762176, 0.00766851)",-0.010881055510450694,1
cash_pct_of_portfolio_chg,"[0.00766851, 0.00772204)",-0.010322444079288931,1
cash_pct_of_portfolio_chg,"[0.00772204, 0.00775535)",-0.010322444079288931,1
cash_pct_of_portfolio_chg,"[0.00775535, 0.00778127)",-0.009889765337725771,1
cash_pct_of_portfolio_chg,"[0.00778127, 0.0078139)",-0.009889765337725771,1
cash_pct_of_portfolio_chg,"[0.0078139, 0.00788744)",-0.009889765337725771,1
cash_pct_of_portfolio_chg,"[0.00788744, 0.00792484)",-0.009752007436538127,1
cash_pct_of_portfolio_chg,"[0.00792484, 0.00797004)",-0.009491982701540001,1
cash_pct_of_portfolio_chg,"[0.00797004, 0.00799497)",-0.009491982701540001,1
cash_pct_of_portfolio_chg,"[0.00799497, 0.00804048)",-0.009491982701540001,1
cash_pct_of_portfolio_chg,"[0.00804048, 0.00806544)",-0.008993060162104412,1
cash_pct_of_portfolio_chg,"[0.00806544, 0.00810771)",-0.008993060162104412,1
cash_pct_of_portfolio_chg,"[0.00810771, 0.00813542)",-0.008841395015995755,1
cash_pct_of_portfolio_chg,"[0.00813542, 0.00817613)",-0.008761387008923049,1
cash_pct_of_portfolio_chg,"[0.00817613, 0.00823454)",-0.008761387008923049,1
cash_pct_of_portfolio_chg,"[0.00823454, 0.00825895)",-0.008463178902890424,1
cash_pct_of_portfolio_chg,"[0.00825895, 0.0083093)",-0.008143212930303543,0
cash_pct_of_portfolio_chg,"[0.0083093, 0.008346)",-0.008143212930303543,0
cash_pct_of_portfolio_chg,"[0.008346, 0.00840686)",-0.007929821092538739,0
cash_pct_of_portfolio_chg,"[0.00840686, 0.00845553)",-0.0077541202737355895,0
cash_pct_of_portfolio_chg,"[0.00845553, 0.00851708)",-0.007356852738799642,0
cash_pct_of_portfolio_chg,"[0.00851708, 0.00856165)",-0.006978578264443704,0
cash_pct_of_portfolio_chg,"[0.00856165, 0.00859542)",-0.006895680963221169,0
cash_pct_of_portfolio_chg,"[0.00859542, 0.00865551)",-0.0068085051751233415,0
cash_pct_of_portfolio_chg,"[0.00865551, 0.0087042)",-0.006482649807670159,0
cash_pct_of_portfolio_chg,"[0.0087042, 0.00875133)",-0.006376316635007873,0
cash_pct_of_portfolio_chg,"[0.00875133, 0.0088008)",-0.006376316635007873,0
cash_pct_of_portfolio_chg,"[0.0088008, 0.00885788)",-0.006376316635007873,0
cash_pct_of_portfolio_chg,"[0.00885788, 0.00889635)",-0.0063188935376069415,0
cash_pct_of_portfolio_chg,"[0.00889635, 0.00892182)",-0.006172231516764836,0
cash_pct_of_portfolio_chg,"[0.00892182, 0.00895949)",-0.006172231516764836,0
cash_pct_of_portfolio_chg,"[0.00895949, 0.00900222)",-0.005973064538226615,0
cash_pct_of_portfolio_chg,"[0.00900222, 0.00903659)",-0.005973064538226615,0
cash_pct_of_portfolio_chg,"[0.00903659, 0.00910227)",-0.005755581191620187,0
cash_pct_of_portfolio_chg,"[0.00910227, 0.00914956)",-0.005578749069635961,0
cash_pct_of_portfolio_chg,"[0.00914956, 0.00919445)",-0.005337006374804004,0
cash_pct_of_portfolio_chg,"[0.00919445, 0.00924783)",-0.0050073550660285245,0
cash_pct_of_portfolio_chg,"[0.00924783, 0.00929791)",-0.0050073550660285245,0
cash_pct_of_portfolio_chg,"[0.00929791, 0.009343)",-0.004426996899067578,0
cash_pct_of_portfolio_chg,"[0.009343, 0.00939374)",-0.0043632401837196775,0
cash_pct_of_portfolio_chg,"[0.00939374, 0.0094463)",-0.004200150085511809,0
cash_pct_of_portfolio_chg,"[0.0094463, 0.00948711)",-0.0035927506353603377,0
cash_pct_of_portfolio_chg,"[0.00948711, 0.0095428)",-0.003270480066596753,0
cash_pct_of_portfolio_chg,"[0.0095428, 0.00959556)",-0.003114785373229694,0
cash_pct_of_portfolio_chg,"[0.00959556, 0.00965343)",-0.0027754036037803617,0
cash_pct_of_portfolio_chg,"[0.00965343, 0.00968096)",-0.002668936720824573,0
cash_pct_of_portfolio_chg,"[0.00968096, 0.00973252)",-0.002668936720824573,0
cash_pct_of_portfolio_chg,"[0.00973252, 0.00977595)",-0.002668936720824573,0
cash_pct_of_portfolio_chg,"[0.00977595, 0.00982045)",-0.002668936720824573,0
cash_pct_of_portfolio_chg,"[0.00982045, 0.00985599)",-0.002581482616292601,0
cash_pct_of_portfolio_chg,"[0.00985599, 0.0099295)",-0.002581482616292601,0
cash_pct_of_portfolio_chg,"[0.0099295, 0.00998124)",-0.002581482616292601,0
cash_pct_of_portfolio_chg,"[0.00998124, 0.0100205)",-0.002581482616292601,0
cash_pct_of_portfolio_chg,"[0.0100205, 0.010054)",-0.001951957231821268,0
cash_pct_of_portfolio_chg,"[0.010054, 0.0101014)",-0.0015737307098393277,0
cash_pct_of_portfolio_chg,"[0.0101014, 0.0101432)",-0.001435845149777288,0
cash_pct_of_portfolio_chg,"[0.0101432, 0.0101904)",-0.00125074635432801,0
cash_pct_of_portfolio_chg,"[0.0101904, 0.0102691)",-0.0011012010858133451,0
cash_pct_of_portfolio_chg,"[0.0102691, 0.0103227)",-0.0005013882378622326,0
cash_pct_of_portfolio_chg,"[0.0103227, 0.0103773)",-0.0005013882378622326,0
cash_pct_of_portfolio_chg,"[0.0103773, 0.0104232)",-0.00042575293087452774,0
cash_pct_of_portfolio_chg,"[0.0104232, 0.0104667)",-0.00029778607751348817,0
cash_pct_of_portfolio_chg,"[0.0104667, 0.0105165)",-0.00029778607751348817,0
cash_pct_of_portfolio_chg,"[0.0105165, 0.0105425)",-0.00029778607751348817,0
cash_pct_of_portfolio_chg,"[0.0105425, 0.0105831)",-0.00029778607751348817,0
cash_pct_of_portfolio_chg,"[0.0105831, 0.0106778)",-0.00029778607751348817,0
cash_pct_of_portfolio_chg,"[0.0106778, 0.0107326)",-8.988308626203481e-05,0
cash_pct_of_portfolio_chg,"[0.0107326, 0.0107709)",-8.988308626203481e-05,0
cash_pct_of_portfolio_chg,"[0.0107709, 0.010839)",-8.988308626203481e-05,0
cash_pct_of_portfolio_chg,"[0.010839, 0.0108946)",-8.988308626203481e-05,0
cash_pct_of_portfolio_chg,"[0.0108946, 0.0109491)",-8.988308626203481e-05,0
cash_pct_of_portfolio_chg,"[0.0109491, 0.0109827)",9.2255374150056e-05,0
cash_pct_of_portfolio_chg,"[0.0109827, 0.0110298)",0.00023586319814022764,0
cash_pct_of_portfolio_chg,"[0.0110298, 0.0110898)",0.0005589804551749167,0
cash_pct_of_portfolio_chg,"[0.0110898, 0.0111397)",0.0005589804551749167,0
cash_pct_of_portfolio_chg,"[0.0111397, 0.0111875)",0.0005589804551749167,0
cash_pct_of_portfolio_chg,"[0.0111875, 0.0112461)",0.0007854119338033409,0
cash_pct_of_portfolio_chg,"[0.0112461, 0.0113112)",0.0010239981469920146,0
cash_pct_of_portfolio_chg,"[0.0113112, 0.0113817)",0.0010239981469920146,0
cash_pct_of_portfolio_chg,"[0.0113817, 0.0114106)",0.0012585586596463403,0
cash_pct_of_portfolio_chg,"[0.0114106, 0.0114805)",0.0022109301164551995,0
cash_pct_of_portfolio_chg,"[0.0114805, 0.011546)",0.0023218237819159246,0
cash_pct_of_portfolio_chg,"[0.011546, 0.0115952)",0.0023218237819159246,0
cash_pct_of_portfolio_chg,"[0.0115952, 0.0116246)",0.002687440359442011,0
cash_pct_of_portfolio_chg,"[0.0116246, 0.0116538)",0.0030241037500733777,0
cash_pct_of_portfolio_chg,"[0.0116538, 0.0116894)",0.0030241037500733777,0
cash_pct_of_portfolio_chg,"[0.0116894, 0.0117468)",0.0030241037500733777,0
cash_pct_of_portfolio_chg,"[0.0117468, 0.0118134)",0.003411216572064331,0
cash_pct_of_portfolio_chg,"[0.0118134, 0.0118891)",0.003411216572064331,0
cash_pct_of_portfolio_chg,"[0.0118891, 0.0119398)",0.003492323975169072,0
cash_pct_of_portfolio_chg,"[0.0119398, 0.0120015)",0.003492323975169072,0
cash_pct_of_portfolio_chg,"[0.0120015, 0.0120801)",0.0038557134247195106,0
cash_pct_of_portfolio_chg,"[0.0120801, 0.012152)",0.003985398817203819,0
cash_pct_of_portfolio_chg,"[0.012152, 0.0122034)",0.003985398817203819,0
cash_pct_of_portfolio_chg,"[0.0122034, 0.0122679)",0.003985398817203819,0
cash_pct_of_portfolio_chg,"[0.0122679, 0.0123242)",0.0043929003193941794,0
cash_pct_of_portfolio_chg,"[0.0123242, 0.012367)",0.004733932225332216,0
cash_pct_of_portfolio_chg,"[0.012367, 0.0124275)",0.004733932225332216,0
cash_pct_of_portfolio_chg,"[0.0124275, 0.0124964)",0.004733932225332216,0
cash_pct_of_portfolio_chg,"[0.0124964, 0.0125466)",0.004884133098706896,0
cash_pct_of_portfolio_chg,"[0.0125466, 0.0126117)",0.005493125382747613,0
cash_pct_of_portfolio_chg,"[0.0126117, 0.012669)",0.005669724664654859,0
cash_pct_of_portfolio_chg,"[0.012669, 0.0127213)",0.005669724664654859,0
cash_pct_of_portfolio_chg,"[0.0127213, 0.0127736)",0.005866166412149762,0
cash_pct_of_portfolio_chg,"[0.0127736, 0.0128241)",0.006415626217227717,0
cash_pct_of_portfolio_chg,"[0.0128241, 0.0128893)",0.007170673338148478,0
cash_pct_of_portfolio_chg,"[0.0128893, 0.0129513)",0.007170673338148478,0
cash_pct_of_portfolio_chg,"[0.0129513, 0.0130332)",0.007170673338148478,0
cash_pct_of_portfolio_chg,"[0.0130332, 0.0131531)",0.007278747366719724,0
cash_pct_of_portfolio_chg,"[0.0131531, 0.01322)",0.007278747366719724,0
cash_pct_of_portfolio_chg,"[0.01322, 0.0132913)",0.008044895991711619,0
cash_pct_of_portfolio_chg,"[0.0132913, 0.0133485)",0.00844840022620816,-1
cash_pct_of_portfolio_chg,"[0.0133485, 0.0134007)",0.00844840022620816,-1
cash_pct_of_portfolio_chg,"[0.0134007, 0.0134891)",0.008649905610555718,-1
cash_pct_of_portfolio_chg,"[0.0134891, 0.0136039)",0.00989946211399312,-1
cash_pct_of_portfolio_chg,"[0.0136039, 0.0136756)",0.010194884858201277,-1
cash_pct_of_portfolio_chg,"[0.0136756, 0.0137818)",0.010194884858201277,-1
cash_pct_of_portfolio_chg,"[0.0137818, 0.0138634)",0.010292143893850641,-1
cash_pct_of_portfolio_chg,"[0.0138634, 0.0139428)",0.010292143893850641,-1
cash_pct_of_portfolio_chg,"[0.0139428, 0.0140196)",0.010292143893850641,-1
cash_pct_of_portfolio_chg,"[0.0140196, 0.0140929)",0.011131112370423479,-1
cash_pct_of_portfolio_chg,"[0.0140929, 0.0141382)",0.011602816540276608,-1
cash_pct_of_portfolio_chg,"[0.0141382, 0.0141994)",0.011923836351235697,-1
cash_pct_of_portfolio_chg,"[0.0141994, 0.0142477)",0.012172357719153922,-1
cash_pct_of_portfolio_chg,"[0.0142477, 0.0143141)",0.012567800585474255,-1
cash_pct_of_portfolio_chg,"[0.0143141, 0.0144098)",0.01269066461583709,-1
cash_pct_of_portfolio_chg,"[0.0144098, 0.0144848)",0.012880753892015939,-1
cash_pct_of_portfolio_chg,"[0.0144848, 0.0145687)",0.013378960100204448,-1
cash_pct_of_portfolio_chg,"[0.0145687, 0.0146393)",0.013842346442106654,-1
cash_pct_of_portfolio_chg,"[0.0146393, 0.0146919)",0.013842346442106654,-1
cash_pct_of_portfolio_chg,"[0.0146919, 0.014752)",0.013842346442106654,-1
cash_pct_of_portfolio_chg,"[0.014752, 0.0148147)",0.013842346442106654,-1
cash_pct_of_portfolio_chg,"[0.0148147, 0.014892)",0.013842346442106654,-1
cash_pct_of_portfolio_chg,"[0.014892, 0.0149724)",0.014171810050169743,-1
cash_pct_of_portfolio_chg,"[0.0149724, 0.0150678)",0.01470919144907552,-1
cash_pct_of_portfolio_chg,"[0.0150678, 0.0151018)",0.01470919144907552,-1
cash_pct_of_portfolio_chg,"[0.0151018, 0.0151921)",0.01470919144907552,-1
cash_pct_of_portfolio_chg,"[0.0151921, 0.0152593)",0.01470919144907552,-1
cash_pct_of_portfolio_chg,"[0.0152593, 0.0153477)",0.015268242679446877,-1
cash_pct_of_portfolio_chg,"[0.0153477, 0.0154191)",0.016199892317093286,-1
cash_pct_of_portfolio_chg,"[0.0154191, 0.0155403)",0.01685555296472243,-1
cash_pct_of_portfolio_chg,"[0.0155403, 0.0156258)",0.01685555296472243,-1
cash_pct_of_portfolio_chg,"[0.0156258, 0.0157211)",0.01685555296472243,-1
cash_pct_of_portfolio_chg,"[0.0157211, 0.015802)",0.01685555296472243,-1
cash_pct_of_portfolio_chg,"[0.015802, 0.0159019)",0.017428668230679744,-1
cash_pct_of_portfolio_chg,"[0.0159019, 0.0159704)",0.018271895888472587,-1
cash_pct_of_portfolio_chg,"[0.0159704, 0.0160397)",0.01901681910132943,-1
cash_pct_of_portfolio_chg,"[0.0160397, 0.0161308)",0.019236522458901437,-1
cash_pct_of_portfolio_chg,"[0.0161308, 0.0161719)",0.019236522458901437,-1
cash_pct_of_portfolio_chg,"[0.0161719, 0.0162846)",0.019933671957424376,-1
cash_pct_of_portfolio_chg,"[0.0162846, 0.0163873)",0.02087960133685074,-1
cash_pct_of_portfolio_chg,"[0.0163873, 0.0164434)",0.02161936844312232,-1
cash_pct_of_portfolio_chg,"[0.0164434, 0.0165862)",0.021857253473439368,-1
cash_pct_of_portfolio_chg,"[0.0165862, 0.0166348)",0.022035903871800072,-1
cash_pct_of_portfolio_chg,"[0.0166348, 0.0167193)",0.022390037415978125,-1
cash_pct_of_portfolio_chg,"[0.0167193, 0.0167979)",0.022390037415978125,-1
cash_pct_of_portfolio_chg,"[0.0167979, 0.0168915)",0.023375757101245703,-1
cash_pct_of_portfolio_chg,"[0.0168915, 0.0169442)",0.023375757101245703,-1
cash_pct_of_portfolio_chg,"[0.0169442, 0.0170882)",0.023375757101245703,-1
cash_pct_of_portfolio_chg,"[0.0170882, 0.017146)",0.023375757101245703,-1
cash_pct_of_portfolio_chg,"[0.017146, 0.0172298)",0.02363258426107052,-1
cash_pct_of_portfolio_chg,"[0.0172298, 0.0172991)",0.024079169690186034,-1
cash_pct_of_portfolio_chg,"[0.0172991, 0.0173573)",0.024079169690186034,-1
cash_pct_of_portfolio_chg,"[0.0173573, 0.0174605)",0.024079169690186034,-1
cash_pct_of_portfolio_chg,"[0.0174605, 0.0175263)",0.024482345047230087,-1
cash_pct_of_portfolio_chg,"[0.0175263, 0.0176295)",0.024482345047230087,-1
cash_pct_of_portfolio_chg,"[0.0176295, 0.0177135)",0.024750273475334504,-1
cash_pct_of_portfolio_chg,"[0.0177135, 0.0178111)",0.02513095576809095,-1
cash_pct_of_portfolio_chg,"[0.0178111, 0.0178991)",0.02513095576809095,-1
cash_pct_of_portfolio_chg,"[0.0178991, 0.017976)",0.02513095576809095,-1
cash_pct_of_portfolio_chg,"[0.017976, 0.0180457)",0.02513095576809095,-1
cash_pct_of_portfolio_chg,"[0.0180457, 0.018141)",0.02513095576809095,-1
cash_pct_of_portfolio_chg,"[0.018141, 0.0182084)",0.025412759576118868,-2
cash_pct_of_portfolio_chg,"[0.0182084, 0.0183007)",0.026014252137262626,-2
cash_pct_of_portfolio_chg,"[0.0183007, 0.0183941)",0.026014252137262626,-2
cash_pct_of_portfolio_chg,"[0.0183941, 0.0184868)",0.026238173109917075,-2
cash_pct_of_portfolio_chg,"[0.0184868, 0.0185756)",0.026417817481666214,-2
cash_pct_of_portfolio_chg,"[0.0185756, 0.0186322)",0.02702866949165132,-2
cash_pct_of_portfolio_chg,"[0.0186322, 0.0187425)",0.02726968481399905,-2
cash_pct_of_portfolio_chg,"[0.0187425, 0.0188608)",0.02726968481399905,-2
cash_pct_of_portfolio_chg,"[0.0188608, 0.0189458)",0.02826632177844622,-2
cash_pct_of_portfolio_chg,"[0.0189458, 0.0190986)",0.028878582932555467,-2
cash_pct_of_portfolio_chg,"[0.0190986, 0.0192031)",0.028878582932555467,-2
cash_pct_of_portfolio_chg,"[0.0192031, 0.019317)",0.02907403715715984,-2
cash_pct_of_portfolio_chg,"[0.019317, 0.0194008)",0.029339259211595404,-2
cash_pct_of_portfolio_chg,"[0.0194008, 0.0195161)",0.029339259211595404,-2
cash_pct_of_portfolio_chg,"[0.0195161, 0.0196231)",0.031034422122341022,-2
cash_pct_of_portfolio_chg,"[0.0196231, 0.0197571)",0.031338721451557895,-2
cash_pct_of_portfolio_chg,"[0.0197571, 0.0198841)",0.031338721451557895,-2
cash_pct_of_portfolio_chg,"[0.0198841, 0.0200107)",0.031338721451557895,-2
cash_pct_of_portfolio_chg,"[0.0200107, 0.0201467)",0.03171203274647275,-2
cash_pct_of_portfolio_chg,"[0.0201467, 0.0202626)",0.03171203274647275,-2
cash_pct_of_portfolio_chg,"[0.0202626, 0.0203634)",0.032103923070395446,-2
cash_pct_of_portfolio_chg,"[0.0203634, 0.0204565)",0.032289046959121916,-2
cash_pct_of_portfolio_chg,"[0.0204565, 0.020603)",0.032514624688873034,-2
cash_pct_of_portfolio_chg,"[0.020603, 0.0206886)",0.03313840774869923,-2
cash_pct_of_portfolio_chg,"[0.0206886, 0.0207987)",0.03366349373884778,-2
cash_pct_of_portfolio_chg,"[0.0207987, 0.0209332)",0.03366349373884778,-2
cash_pct_of_portfolio_chg,"[0.0209332, 0.0210669)",0.034340135714486894,-2
cash_pct_of_portfolio_chg,"[0.0210669, 0.0212643)",0.03455710753798826,-2
cash_pct_of_portfolio_chg,"[0.0212643, 0.0214093)",0.03500139020734242,-2
cash_pct_of_portfolio_chg,"[0.0214093, 0.0214863)",0.035517614678522144,-2
cash_pct_of_portfolio_chg,"[0.0214863, 0.0215934)",0.03603358794733539,-2
cash_pct_of_portfolio_chg,"[0.0215934, 0.0216928)",0.03647515762055327,-2
cash_pct_of_portfolio_chg,"[0.0216928, 0.0218075)",0.036712674848778194,-2
cash_pct_of_portfolio_chg,"[0.0218075, 0.021925)",0.036712674848778194,-2
cash_pct_of_portfolio_chg,"[0.021925, 0.0220501)",0.03691130360591919,-2
cash_pct_of_portfolio_chg,"[0.0220501, 0.0222148)",0.037280715383705594,-2
cash_pct_of_portfolio_chg,"[0.0222148, 0.0223435)",0.037280715383705594,-2
cash_pct_of_portfolio_chg,"[0.0223435, 0.0224517)",0.037940600158137515,-2
cash_pct_of_portfolio_chg,"[0.0224517, 0.0226737)",0.037940600158137515,-2
cash_pct_of_portfolio_chg,"[0.0226737, 0.0228397)",0.037940600158137515,-2
cash_pct_of_portfolio_chg,"[0.0228397, 0.022943)",0.03878490715122089,-2
cash_pct_of_portfolio_chg,"[0.022943, 0.0231412)",0.03878490715122089,-2
cash_pct_of_portfolio_chg,"[0.0231412, 0.0232673)",0.039460855842653526,-2
cash_pct_of_portfolio_chg,"[0.0232673, 0.023419)",0.039460855842653526,-2
cash_pct_of_portfolio_chg,"[0.023419, 0.0235776)",0.041437272505799094,-2
cash_pct_of_portfolio_chg,"[0.0235776, 0.0237378)",0.041921066505359435,-2
cash_pct_of_portfolio_chg,"[0.0237378, 0.0239193)",0.04245479391905596,-3
cash_pct_of_portfolio_chg,"[0.0239193, 0.0240787)",0.042942166160822845,-3
cash_pct_of_portfolio_chg,"[0.0240787, 0.0242634)",0.042942166160822845,-3
cash_pct_of_portfolio_chg,"[0.0242634, 0.0243966)",0.043402844058101984,-3
cash_pct_of_portfolio_chg,"[0.0243966, 0.0246514)",0.04403010302939293,-3
cash_pct_of_portfolio_chg,"[0.0246514, 0.0248122)",0.044219469701176274,-3
cash_pct_of_portfolio_chg,"[0.0248122, 0.0249665)",0.044219469701176274,-3
cash_pct_of_portfolio_chg,"[0.0249665, 0.0252074)",0.04515591850800717,-3
cash_pct_of_portfolio_chg,"[0.0252074, 0.0254235)",0.04585702460004117,-3
cash_pct_of_portfolio_chg,"[0.0254235, 0.0256026)",0.04585702460004117,-3
cash_pct_of_portfolio_chg,"[0.0256026, 0.0258031)",0.04585702460004117,-3
cash_pct_of_portfolio_chg,"[0.0258031, 0.02606)",0.04633118649404468,-3
cash_pct_of_portfolio_chg,"[0.02606, 0.0262924)",0.0466674643739617,-3
cash_pct_of_portfolio_chg,"[0.0262924, 0.0264139)",0.0466674643739617,-3
cash_pct_of_portfolio_chg,"[0.0264139, 0.0266844)",0.0473039907266708,-3
cash_pct_of_portfolio_chg,"[0.0266844, 0.0269922)",0.0473039907266708,-3
cash_pct_of_portfolio_chg,"[0.0269922, 0.0271629)",0.04873055217218302,-3
cash_pct_of_portfolio_chg,"[0.0271629, 0.0274025)",0.04873055217218302,-3
cash_pct_of_portfolio_chg,"[0.0274025, 0.0275293)",0.0499146929457987,-3
cash_pct_of_portfolio_chg,"[0.0275293, 0.0277454)",0.050523453964960614,-3
cash_pct_of_portfolio_chg,"[0.0277454, 0.0280721)",0.050919068543557676,-3
cash_pct_of_portfolio_chg,"[0.0280721, 0.0283934)",0.05146201731476777,-3
cash_pct_of_portfolio_chg,"[0.0283934, 0.0287159)",0.0521238553960067,-3
cash_pct_of_portfolio_chg,"[0.0287159, 0.0288888)",0.05260571712163567,-3
cash_pct_of_portfolio_chg,"[0.0288888, 0.0292297)",0.05331393941913808,-3
cash_pct_of_portfolio_chg,"[0.0292297, 0.0294875)",0.05331393941913808,-3
cash_pct_of_portfolio_chg,"[0.0294875, 0.0298751)",0.05475671865911342,-3
cash_pct_of_portfolio_chg,"[0.0298751, 0.030222)",0.05504761261172438,-3
cash_pct_of_portfolio_chg,"[0.030222, 0.0304154)",0.05631754662658935,-3
cash_pct_of_portfolio_chg,"[0.0304154, 0.0306823)",0.05655587579554928,-3
cash_pct_of_portfolio_chg,"[0.0306823, 0.0311505)",0.05681744528741886,-3
cash_pct_of_portfolio_chg,"[0.0311505, 0.0314153)",0.05681744528741886,-3
cash_pct_of_portfolio_chg,"[0.0314153, 0.031719)",0.05716220919800476,-3
cash_pct_of_portfolio_chg,"[0.031719, 0.0320869)",0.057430994267996714,-3
cash_pct_of_portfolio_chg,"[0.0320869, 0.0323224)",0.0576510033025787,-3
cash_pct_of_portfolio_chg,"[0.0323224, 0.0328304)",0.0576510033025787,-3
cash_pct_of_portfolio_chg,"[0.0328304, 0.0330838)",0.0576510033025787,-3
cash_pct_of_portfolio_chg,"[0.0330838, 0.0332845)",0.05790477268695999,-3
cash_pct_of_portfolio_chg,"[0.0332845, 0.0336605)",0.05790477268695999,-3
cash_pct_of_portfolio_chg,"[0.0336605, 0.0338662)",0.05790477268695999,-3
cash_pct_of_portfolio_chg,"[0.0338662, 0.0341486)",0.0585703503937412,-3
cash_pct_of_portfolio_chg,"[0.0341486, 0.0345108)",0.0585703503937412,-3
cash_pct_of_portfolio_chg,"[0.0345108, 0.0347855)",0.0585703503937412,-3
cash_pct_of_portfolio_chg,"[0.0347855, 0.035046)",0.059322891040000506,-4
cash_pct_of_portfolio_chg,"[0.035046, 0.0353103)",0.06017101772432906,-4
cash_pct_of_portfolio_chg,"[0.0353103, 0.0356038)",0.06056644995394707,-4
cash_pct_of_portfolio_chg,"[0.0356038, 0.0359301)",0.06056644995394707,-4
cash_pct_of_portfolio_chg,"[0.0359301, 0.0363626)",0.061490594151542836,-4
cash_pct_of_portfolio_chg,"[0.0363626, 0.0365898)",0.06214177677111493,-4
cash_pct_of_portfolio_chg,"[0.0365898, 0.036856)",0.06214177677111493,-4
cash_pct_of_portfolio_chg,"[0.036856, 0.0371803)",0.06325674719610362,-4
cash_pct_of_portfolio_chg,"[0.0371803, 0.0375368)",0.06325674719610362,-4
cash_pct_of_portfolio_chg,"[0.0375368, 0.0377398)",0.06325674719610362,-4
cash_pct_of_portfolio_chg,"[0.0377398, 0.0381976)",0.06325674719610362,-4
cash_pct_of_portfolio_chg,"[0.0381976, 0.0385103)",0.06607388651229676,-4
cash_pct_of_portfolio_chg,"[0.0385103, 0.0388427)",0.06687330505743233,-4
cash_pct_of_portfolio_chg,"[0.0388427, 0.039161)",0.06758717080891942,-4
cash_pct_of_portfolio_chg,"[0.039161, 0.0394818)",0.06758717080891942,-4
cash_pct_of_portfolio_chg,"[0.0394818, 0.0397543)",0.06787650300312255,-4
cash_pct_of_portfolio_chg,"[0.0397543, 0.0401313)",0.06851564298200354,-4
cash_pct_of_portfolio_chg,"[0.0401313, 0.0407196)",0.0692531499612244,-4
cash_pct_of_portfolio_chg,"[0.0407196, 0.0413973)",0.07019252574835082,-4
cash_pct_of_portfolio_chg,"[0.0413973, 0.0418199)",0.10004060604013175,-6
cash_pct_of_portfolio_chg,"[0.0418199, 0.0422026)",0.10141277053204756,-6
cash_pct_of_portfolio_chg,"[0.0422026, 0.0429217)",0.10226129972899556,-6
cash_pct_of_portfolio_chg,"[0.0429217, 0.0433788)",0.10295027690429283,-6
cash_pct_of_portfolio_chg,"[0.0433788, 0.0439282)",0.10375997305774264,-6
cash_pct_of_portfolio_chg,"[0.0439282, 0.0443267)",0.10441176537857688,-6
cash_pct_of_portfolio_chg,"[0.0443267, 0.0446994)",0.10593995610996892,-6
cash_pct_of_portfolio_chg,"[0.0446994, 0.0452311)",0.10593995610996892,-6
cash_pct_of_portfolio_chg,"[0.0452311, 0.0455026)",0.10593995610996892,-6
cash_pct_of_portfolio_chg,"[0.0455026, 0.0459673)",0.10688332664606334,-6
cash_pct_of_portfolio_chg,"[0.0459673, 0.0464269)",0.10688332664606334,-6
cash_pct_of_portfolio_chg,"[0.0464269, 0.0467268)",0.10722177247948178,-6
cash_pct_of_portfolio_chg,"[0.0467268, 0.0470927)",0.10751876866190153,-6
cash_pct_of_portfolio_chg,"[0.0470927, 0.0475266)",0.10751876866190153,-6
cash_pct_of_portfolio_chg,"[0.0475266, 0.0478364)",0.10902902317927507,-6
cash_pct_of_portfolio_chg,"[0.0478364, 0.0481512)",0.10938721326368646,-7
cash_pct_of_portfolio_chg,"[0.0481512, 0.0486074)",0.11076436752298541,-7
cash_pct_of_portfolio_chg,"[0.0486074, 0.0490759)",0.11076436752298541,-7
cash_pct_of_portfolio_chg,"[0.0490759, 0.0495089)",0.11180455882764723,-7
cash_pct_of_portfolio_chg,"[0.0495089, 0.050082)",0.11247500165521612,-7
cash_pct_of_portfolio_chg,"[0.050082, 0.0506519)",0.11320166641920305,-7
cash_pct_of_portfolio_chg,"[0.0506519, 0.0511518)",0.11320166641920305,-7
cash_pct_of_portfolio_chg,"[0.0511518, 0.051636)",0.11320166641920305,-7
cash_pct_of_portfolio_chg,"[0.051636, 0.0523484)",0.11320166641920305,-7
cash_pct_of_portfolio_chg,"[0.0523484, 0.0527055)",0.11320166641920305,-7
cash_pct_of_portfolio_chg,"[0.0527055, 0.0535289)",0.11320166641920305,-7
cash_pct_of_portfolio_chg,"[0.0535289, 0.0544064)",0.11320166641920305,-7
cash_pct_of_portfolio_chg,"[0.0544064, 0.0549162)",0.11320166641920305,-7
cash_pct_of_portfolio_chg,"[0.0549162, 0.0553981)",0.11320166641920305,-7
cash_pct_of_portfolio_chg,"[0.0553981, 0.0557398)",0.11435939666522849,-7
cash_pct_of_portfolio_chg,"[0.0557398, 0.0564814)",0.11435939666522849,-7
cash_pct_of_portfolio_chg,"[0.0564814, 0.0570717)",0.11468784954969034,-7
cash_pct_of_portfolio_chg,"[0.0570717, 0.0577473)",0.11596837673986655,-7
cash_pct_of_portfolio_chg,"[0.0577473, 0.0586806)",0.11596837673986655,-7
cash_pct_of_portfolio_chg,"[0.0586806, 0.0595229)",0.11596837673986655,-7
cash_pct_of_portfolio_chg,"[0.0595229, 0.0600012)",0.11747700656964921,-7
cash_pct_of_portfolio_chg,"[0.0600012, 0.0605385)",0.11808842524430668,-7
cash_pct_of_portfolio_chg,"[0.0605385, 0.06136)",0.1184070156464349,-7
cash_pct_of_portfolio_chg,"[0.06136, 0.0620269)",0.11919425287103144,-7
cash_pct_of_portfolio_chg,"[0.0620269, 0.0626611)",0.11919425287103144,-7
cash_pct_of_portfolio_chg,"[0.0626611, 0.0635751)",0.11919425287103144,-7
cash_pct_of_portfolio_chg,"[0.0635751, 0.0645591)",0.11919425287103144,-7
cash_pct_of_portfolio_chg,"[0.0645591, 0.0654789)",0.11919425287103144,-7
cash_pct_of_portfolio_chg,"[0.0654789, 0.066567)",0.12078559147881208,-7
cash_pct_of_portfolio_chg,"[0.066567, 0.0670124)",0.12381676819942616,-7
cash_pct_of_portfolio_chg,"[0.0670124, 0.0677766)",0.14737948361744166,-9
cash_pct_of_portfolio_chg,"[0.0677766, 0.0687491)",0.14737948361744166,-9
cash_pct_of_portfolio_chg,"[0.0687491, 0.0694894)",0.14737948361744166,-9
cash_pct_of_portfolio_chg,"[0.0694894, 0.0704569)",0.14884696094822936,-9
cash_pct_of_portfolio_chg,"[0.0704569, 0.071431)",0.14962820400075488,-9
cash_pct_of_portfolio_chg,"[0.071431, 0.0725295)",0.14962820400075488,-9
cash_pct_of_portfolio_chg,"[0.0725295, 0.0740095)",0.15061662523988467,-9
cash_pct_of_portfolio_chg,"[0.0740095, 0.0751133)",0.1515893190115748,-9
cash_pct_of_portfolio_chg,"[0.0751133, 0.0764639)",0.15192701422615087,-9
cash_pct_of_portfolio_chg,"[0.0764639, 0.0780351)",0.15192701422615087,-9
cash_pct_of_portfolio_chg,"[0.0780351, 0.0798916)",0.15292244396140756,-9
cash_pct_of_portfolio_chg,"[0.0798916, 0.0814996)",0.15292244396140756,-9
cash_pct_of_portfolio_chg,"[0.0814996, 0.0831921)",0.15389135984453614,-9
cash_pct_of_portfolio_chg,"[0.0831921, 0.084186)",0.15389135984453614,-9
cash_pct_of_portfolio_chg,"[0.084186, 0.0857197)",0.15389135984453614,-9
cash_pct_of_portfolio_chg,"[0.0857197, 0.0872663)",0.15427649688323736,-9
cash_pct_of_portfolio_chg,"[0.0872663, 0.0888403)",0.15490315205886016,-9
cash_pct_of_portfolio_chg,"[0.0888403, 0.0912605)",0.15490315205886016,-9
cash_pct_of_portfolio_chg,"[0.0912605, 0.0936665)",0.15490315205886016,-9
cash_pct_of_portfolio_chg,"[0.0936665, 0.095355)",0.15595780686636243,-9
cash_pct_of_portfolio_chg,"[0.095355, 0.0983994)",0.1564683055854382,-9
cash_pct_of_portfolio_chg,"[0.0983994, 0.100292)",0.15737451457460433,-9
cash_pct_of_portfolio_chg,"[0.100292, 0.102244)",0.1586315474639986,-9
cash_pct_of_portfolio_chg,"[0.102244, 0.105415)",0.1586315474639986,-9
cash_pct_of_portfolio_chg,"[0.105415, 0.106917)",0.15947420117090347,-9
cash_pct_of_portfolio_chg,"[0.106917, 0.108501)",0.15947420117090347,-9
cash_pct_of_portfolio_chg,"[0.108501, 0.110197)",0.15947420117090347,-9
cash_pct_of_portfolio_chg,"[0.110197, 0.112361)",0.1599345735971717,-10
cash_pct_of_portfolio_chg,"[0.112361, 0.114276)",0.1599345735971717,-10
cash_pct_of_portfolio_chg,"[0.114276, 0.116945)",0.16132659242367897,-10
cash_pct_of_portfolio_chg,"[0.116945, 0.119602)",0.1622400315129266,-10
cash_pct_of_portfolio_chg,"[0.119602, 0.121317)",0.1622400315129266,-10
cash_pct_of_portfolio_chg,"[0.121317, 0.124833)",0.16341079153108318,-10
cash_pct_of_portfolio_chg,"[0.124833, 0.128052)",0.16373842241382155,-10
cash_pct_of_portfolio_chg,"[0.128052, 0.130209)",0.16492550719256818,-10
cash_pct_of_portfolio_chg,"[0.130209, 0.134336)",0.1652541110874922,-10
cash_pct_of_portfolio_chg,"[0.134336, 0.137485)",0.16677997309357953,-10
cash_pct_of_portfolio_chg,"[0.137485, 0.140715)",0.1678437580250039,-10
cash_pct_of_portfolio_chg,"[0.140715, 0.14407)",0.1688498930819167,-10
cash_pct_of_portfolio_chg,"[0.14407, 0.146378)",0.1702202926536343,-10
cash_pct_of_portfolio_chg,"[0.146378, 0.150878)",0.1702202926536343,-10
cash_pct_of_portfolio_chg,"[0.150878, 0.15511)",0.17501327636036892,-10
cash_pct_of_portfolio_chg,"[0.15511, 0.157926)",0.17531664500665015,-10
cash_pct_of_portfolio_chg,"[0.157926, 0.160752)",0.17531664500665015,-10
cash_pct_of_portfolio_chg,"[0.160752, 0.164747)",0.17627249881455676,-10
cash_pct_of_portfolio_chg,"[0.164747, 0.168941)",0.17745575157508856,-11
cash_pct_of_portfolio_chg,"[0.168941, 0.174154)",0.1789144427120507,-11
cash_pct_of_portfolio_chg,"[0.174154, 0.178442)",0.1813228008830093,-11
cash_pct_of_portfolio_chg,"[0.178442, 0.181805)",0.1813228008830093,-11
cash_pct_of_portfolio_chg,"[0.181805, 0.185151)",0.1813228008830093,-11
cash_pct_of_portfolio_chg,"[0.185151, 0.187991)",0.1813228008830093,-11
cash_pct_of_portfolio_chg,"[0.187991, 0.193257)",0.18255592010221539,-11
cash_pct_of_portfolio_chg,"[0.193257, 0.202927)",0.18300502253052905,-11
cash_pct_of_portfolio_chg,"[0.202927, 0.208002)",0.1849958297820272,-11
cash_pct_of_portfolio_chg,"[0.208002, 0.213245)",0.18618614433659444,-11
cash_pct_of_portfolio_chg,"[0.213245, 0.217577)",0.18796923925128875,-11
cash_pct_of_portfolio_chg,"[0.217577, 0.225023)",0.1891127875404958,-11
cash_pct_of_portfolio_chg,"[0.225023, 0.229636)",0.1891127875404958,-11
cash_pct_of_portfolio_chg,"[0.229636, 0.236403)",0.1891127875404958,-11
cash_pct_of_portfolio_chg,"[0.236403, 0.24026)",0.1912865247163987,-11
cash_pct_of_portfolio_chg,"[0.24026, 0.2464)",0.1912865247163987,-11
cash_pct_of_portfolio_chg,"[0.2464, 0.250487)",0.19186079619302762,-11
cash_pct_of_portfolio_chg,"[0.250487, 0.254592)",0.19428465500578015,-12
cash_pct_of_portfolio_chg,"[0.254592, 0.258644)",0.19470679520047554,-12
cash_pct_of_portfolio_chg,"[0.258644, 0.261907)",0.19533369331002856,-12
cash_pct_of_portfolio_chg,"[0.261907, 0.2679)",0.19533369331002856,-12
cash_pct_of_portfolio_chg,"[0.2679, 0.273062)",0.19533369331002856,-12
cash_pct_of_portfolio_chg,"[0.273062, 0.278649)",0.19618640196734255,-12
cash_pct_of_portfolio_chg,"[0.278649, 0.284133)",0.19967165492455,-12
cash_pct_of_portfolio_chg,"[0.284133, 0.291278)",0.20191027550591553,-12
cash_pct_of_portfolio_chg,"[0.291278, 0.299348)",0.20331468331759375,-12
cash_pct_of_portfolio_chg,"[0.299348, 0.303897)",0.20331468331759375,-12
cash_pct_of_portfolio_chg,"[0.303897, 0.309795)",0.20355467578306086,-12
cash_pct_of_portfolio_chg,"[0.309795, 0.31442)",0.20632796892721872,-12
cash_pct_of_portfolio_chg,"[0.31442, 0.319571)",0.20632796892721872,-12
cash_pct_of_portfolio_chg,"[0.319571, 0.326998)",0.20632796892721872,-12
cash_pct_of_portfolio_chg,"[0.326998, 0.333003)",0.20632796892721872,-12
cash_pct_of_portfolio_chg,"[0.333003, 0.337706)",0.20751111112398896,-12
cash_pct_of_portfolio_chg,"[0.337706, 0.346218)",0.20751111112398896,-12
cash_pct_of_portfolio_chg,"[0.346218, 0.352475)",0.20933035746111742,-12
cash_pct_of_portfolio_chg,"[0.352475, 0.355182)",0.21862218407904202,-13
cash_pct_of_portfolio_chg,"[0.355182, 0.36955)",0.21936633757027477,-13
cash_pct_of_portfolio_chg,"[0.36955, 0.381404)",0.21979875404847668,-13
cash_pct_of_portfolio_chg,"[0.381404, 0.38882)",0.21979875404847668,-13
cash_pct_of_portfolio_chg,"[0.38882, 0.39839)",0.22078641938134086,-13
cash_pct_of_portfolio_chg,"[0.39839, 0.407005)",0.22354450221123048,-13
cash_pct_of_portfolio_chg,"[0.407005, 0.419554)",0.22490357655669413,-13
cash_pct_of_portfolio_chg,"[0.419554, 0.435088)",0.22490357655669413,-13
cash_pct_of_portfolio_chg,"[0.435088, 0.44521)",0.22490357655669413,-13
cash_pct_of_portfolio_chg,"[0.44521, 0.454794)",0.22490357655669413,-13
cash_pct_of_portfolio_chg,"[0.454794, 0.465095)",0.22723473982827228,-14
cash_pct_of_portfolio_chg,"[0.465095, 0.472563)",0.22762766060669676,-14
cash_pct_of_portfolio_chg,"[0.472563, 0.493844)",0.22762766060669676,-14
cash_pct_of_portfolio_chg,"[0.493844, 0.506859)",0.22993485687837648,-14
cash_pct_of_portfolio_chg,"[0.506859, 0.525872)",0.23231579598744292,-14
cash_pct_of_portfolio_chg,"[0.525872, 0.545219)",0.23510958100029175,-14
cash_pct_of_portfolio_chg,"[0.545219, 0.566198)",0.23992917832096325,-14
cash_pct_of_portfolio_chg,"[0.566198, 0.58175)",0.24766856674323465,-15
cash_pct_of_portfolio_chg,"[0.58175, 0.60892)",0.24961398529505852,-15
cash_pct_of_portfolio_chg,"[0.60892, 0.684099)",0.24961398529505852,-15
cash_pct_of_portfolio_chg,"[0.684099, inf)",0.25200442392507183,-15
cash_pct_of_portfolio_chg,missing,-0.05686945136346563,3
complaint_age_days,"[-inf, 0.5)",-0.011300241964111274,1
complaint_age_days,"[0.5, 1.5)",-0.004371822737495277,0
complaint_age_days,"[1.5, 2.5)",0.021467104310017488,-1
complaint_age_days,"[2.5, 3.5)",0.03739234665306431,-2
complaint_age_days,"[3.5, 4.5)",0.049739865460508896,-3
complaint_age_days,"[4.5, 5.5)",0.0531916009400247,-3
complaint_age_days,"[5.5, 6.5)",0.056738059163538745,-3
complaint_age_days,"[6.5, 7.5)",0.06523913654441042,-4
complaint_age_days,"[7.5, 8.5)",0.07179743725622156,-4
complaint_age_days,"[8.5, 9.5)",0.07585099489019448,-5
complaint_age_days,"[9.5, 10.5)",0.0829276319618756,-5
complaint_age_days,"[10.5, 11.5)",0.08718969217972902,-5
complaint_age_days,"[11.5, 12.5)",0.09464650135848375,-6
complaint_age_days,"[12.5, 13.5)",0.09840732160402492,-6
complaint_age_days,"[13.5, 14.5)",0.10135966359006246,-6
complaint_age_days,"[14.5, 15.5)",0.1075061710788526,-6
complaint_age_days,"[15.5, 16.5)",0.11295179663087149,-7
complaint_age_days,"[16.5, 17.5)",0.11766059866539558,-7
complaint_age_days,"[17.5, 18.5)",0.12800688645008768,-8
complaint_age_days,"[18.5, 19.5)",0.13926237755871193,-8
complaint_age_days,"[19.5, 20.5)",0.14554632857439226,-9
complaint_age_days,"[20.5, 21.5)",0.15018596777028662,-9
complaint_age_days,"[21.5, 22.5)",0.15490461806078415,-9
complaint_age_days,"[22.5, 23.5)",0.1620884561079724,-10
complaint_age_days,"[23.5, 24.5)",0.16841648025892023,-10
complaint_age_days,"[24.5, 25.5)",0.1735987031124885,-10
complaint_age_days,"[25.5, 26.5)",0.18459846817584732,-11
complaint_age_days,"[26.5, 27.5)",0.18878007778497102,-11
complaint_age_days,"[27.5, 28.5)",0.19396195098374236,-12
complaint_age_days,"[28.5, 29.5)",0.19802199597848805,-12
complaint_age_days,"[29.5, 30.5)",0.2063293992844354,-12
complaint_age_days,"[30.5, 31.5)",0.21157313143497797,-13
complaint_age_days,"[31.5, 32.5)",0.21950809436758423,-13
complaint_age_days,"[32.5, 33.5)",0.2256119530667354,-13
complaint_age_days,"[33.5, 34.5)",0.23084107579140617,-14
complaint_age_days,"[34.5, 35.5)",0.23606800760951596,-14
complaint_age_days,"[35.5, 36.5)",0.24968448824141937,-15
complaint_age_days,"[36.5, 37.5)",0.2534455787185312,-15
complaint_age_days,"[37.5, 38.5)",0.26261434213347074,-16
complaint_age_days,"[38.5, 40.5)",0.2726203907452427,-16
complaint_age_days,"[40.5, 41.5)",0.282033257851774,-17
complaint_age_days,"[41.5, 42.5)",0.28885357699178116,-17
complaint_age_days,"[42.5, 43.5)",0.2947265249702868,-18
complaint_age_days,"[43.5, 44.5)",0.30063294622133224,-18
complaint_age_days,"[44.5, 45.5)",0.3070384845411619,-18
complaint_age_days,"[45.5, 46.5)",0.31245340527225113,-19
complaint_age_days,"[46.5, 47.5)",0.3168929792475064,-19
complaint_age_days,"[47.5, 49)",0.3183406002582193,-19
complaint_age_days,"[49, 51.5)",0.3257655054323597,-19
complaint_age_days,"[51.5, 52.5)",0.3307979294716271,-20
complaint_age_days,"[52.5, 53.5)",0.34037103148380987,-20
complaint_age_days,"[53.5, 54.5)",0.3488304450784415,-21
complaint_age_days,"[54.5, 56.5)",0.35834058337597063,-21
complaint_age_days,"[56.5, 57.5)",0.36575433593025775,-22
complaint_age_days,"[57.5, 59.5)",0.3683294898013461,-22
complaint_age_days,"[59.5, 60.5)",0.375989015149213,-22
complaint_age_days,"[60.5, 61.5)",0.3817675082668937,-23
complaint_age_days,"[61.5, 63.5)",0.3932248138333578,-23
complaint_age_days,"[63.5, 64.5)",0.39898350073442185,-24
complaint_age_days,"[64.5, 65.5)",0.4033542206613142,-24
complaint_age_days,"[65.5, 67.5)",0.40890016408669916,-24
complaint_age_days,"[67.5, 70.5)",0.4139780831170102,-25
complaint_age_days,"[70.5, 71.5)",0.42455396820754626,-25
complaint_age_days,"[71.5, 72.5)",0.4311846756727063,-26
complaint_age_days,"[72.5, 74.5)",0.4351823192899198,-26
complaint_age_days,"[74.5, 76)",0.4414794130440967,-26
complaint_age_days,"[76, 78.5)",0.4448531530253765,-26
complaint_age_days,"[78.5, 81.5)",0.4534048112509195,-27
complaint_age_days,"[81.5, 82.5)",0.46001441997799875,-27
complaint_age_days,"[82.5, 85.5)",0.46260215795959303,-27
complaint_age_days,"[85.5, 87)",0.4685864777925295,-28
complaint_age_days,"[87, 89.5)",0.4735921240855558,-28
complaint_age_days,"[89.5, 91.5)",0.4828527216256872,-29
complaint_age_days,"[91.5, 93.5)",0.48753682962390354,-29
complaint_age_days,"[93.5, 95.5)",0.49111013704886386,-29
complaint_age_days,"[95.5, 97.5)",0.49826243106435625,-30
complaint_age_days,"[97.5, 100)",0.5048280607261582,-30
complaint_age_days,"[100, 101.5)",0.517163500381105,-31
complaint_age_days,"[101.5, 102.5)",0.5233551252164966,-31
complaint_age_days,"[102.5, 104.5)",0.5341570557442181,-32
complaint_age_days,"[104.5, 107.5)",0.5397535636917387,-32
complaint_age_days,"[107.5, 109.5)",0.5439693138883118,-32
complaint_age_days,"[109.5, 111.5)",0.5587843827629535,-33
complaint_age_days,"[111.5, 112.5)",0.5658997066458107,-34
complaint_age_days,"[112.5, 115)",0.5764144943456568,-34
complaint_age_days,"[115, 117.5)",0.5849433641372594,-35
complaint_age_days,"[117.5, 125.5)",0.5902770267958082,-35
complaint_age_days,"[125.5, 128)",0.6022948172503335,-36
complaint_age_days,"[128, 129.5)",0.6068533734149839,-36
complaint_age_days,"[129.5, 135)",0.6152569381402827,-37
complaint_age_days,"[135, 140)",0.6259266815677085,-37
complaint_age_days,"[140, 142)",0.637132124320252,-38
complaint_age_days,"[142, 147)",0.650617148707738,-39
complaint_age_days,"[147, 151.5)",0.6566179657187807,-39
complaint_age_days,"[151.5, 157)",0.665967723897695,-40
complaint_age_days,"[157, 161)",0.6724929354383498,-40
complaint_age_days,"[161, 168.5)",0.6836592492474542,-41
complaint_age_days,"[168.5, 171.5)",0.6905521960195948,-41
complaint_age_days,"[171.5, 174.5)",0.6934882084512988,-41
complaint_age_days,"[174.5, 183.5)",0.6974457850625004,-41
complaint_age_days,"[183.5, 186.5)",0.7105377373195901,-42
complaint_age_days,"[186.5, 189.5)",0.7190237900671972,-43
complaint_age_days,"[189.5, 193.5)",0.7227044944508925,-43
complaint_age_days,"[193.5, 196)",0.7285583231374297,-43
complaint_age_days,"[196, 198)",0.742921377057895,-44
complaint_age_days,"[198, 202)",0.7679258232310303,-46
complaint_age_days,"[202, 205.5)",0.7758260766361061,-46
complaint_age_days,"[205.5, 212)",0.7823087652614379,-47
complaint_age_days,"[212, 222.5)",0.8012796410598884,-48
complaint_age_days,"[222.5, 225)",0.8089873025300407,-48
complaint_age_days,"[225, 229)",0.8148463296619718,-48
complaint_age_days,"[229, 234)",0.8244785764380774,-49
complaint_age_days,"[234, 241.5)",0.8414088813351307,-50
complaint_age_days,"[241.5, 245.5)",0.850775696856696,-51
complaint_age_days,"[245.5, 261.5)",0.8580011798372632,-51
complaint_age_days,"[261.5, 287)",0.8692182864756179,-52
complaint_age_days,"[287, 293.5)",0.889206670759782,-53
complaint_age_days,"[293.5, 306)",0.8978008598634394,-53
complaint_age_days,"[306, 322.5)",0.9039257421669279,-54
complaint_age_days,"[322.5, 335.5)",0.908608660562369,-54
complaint_age_days,"[335.5, inf)",0.908608660562369,-54
complaint_age_days,missing,0.0,0
meetings_cancelled_by_client,"[-inf, 0.5)",-0.0062622664483548895,0
meetings_cancelled_by_client,"[0.5, 1.5)",0.20838156194775379,-12
meetings_cancelled_by_client,"[1.5, 2.5)",0.28377150549483604,-17
meetings_cancelled_by_client,"[2.5, 3.5)",0.49197006350313766,-29
meetings_cancelled_by_client,"[3.5, 4.5)",0.5248912369137838,-31
meetings_cancelled_by_client,"[4.5, 5.5)",0.5920596293115763,-35
meetings_cancelled_by_client,"[5.5, 6.5)",0.6248206030712887,-37
meetings_cancelled_by_client,"[6.5, 7.5)",0.646707918212571,-38
meetings_cancelled_by_client,"[7.5, inf)",1.0173974883253631,-60
meetings_cancelled_by_client,missing,-0.03309854799348106,2
positions_liquidated_pct,"[-inf, 0.00105057)",-0.03189496300234789,2
positions_liquidated_pct,"[0.00105057, 0.00248771)",-0.031391715882012436,2
positions_liquidated_pct,"[0.00248771, 0.00384387)",-0.030942171723410395,2
positions_liquidated_pct,"[0.00384387, 0.0061269)",-0.029686923602636053,2
positions_liquidated_pct,"[0.0061269, 0.00645933)",-0.029439768709609095,2
positions_liquidated_pct,"[0.00645933, 0.00676527)",-0.02790961857131451,2
positions_liquidated_pct,"[0.00676527, 0.0071477)",-0.02790961857131451,2
positions_liquidated_pct,"[0.0071477, 0.00751923)",-0.02790961857131451,2
positions_liquidated_pct,"[0.00751923, 0.00830242)",-0.027604224480932648,2
positions_liquidated_pct,"[0.00830242, 0.00878828)",-0.02682878683983582,2
positions_liquidated_pct,"[0.00878828, 0.00930656)",-0.02682878683983582,2
positions_liquidated_pct,"[0.00930656, 0.00953935)",-0.026657393129501883,2
positions_liquidated_pct,"[0.00953935, 0.00977684)",-0.025646882646402466,2
positions_liquidated_pct,"[0.00977684, 0.00983929)",-0.025114242628424096,1
positions_liquidated_pct,"[0.00983929, 0.00987625)",-0.02471107667313003,1
positions_liquidated_pct,"[0.00987625, 0.00997444)",-0.02471107667313003,1
positions_liquidated_pct,"[0.00997444, 0.0101752)",-0.024074528380648927,1
positions_liquidated_pct,"[0.0101752, 0.0101916)",-0.023967058271640237,1
positions_liquidated_pct,"[0.0101916, 0.0102408)",-0.023967058271640237,1
positions_liquidated_pct,"[0.0102408, 0.0105124)",-0.02182051670694865,1
positions_liquidated_pct,"[0.0105124, 0.0105616)",-0.02133475752434065,1
positions_liquidated_pct,"[0.0105616, 0.0105864)",-0.020800735075030226,1
positions_liquidated_pct,"[0.0105864, 0.0106119)",-0.020800735075030226,1
positions_liquidated_pct,"[0.0106119, 0.0107571)",-0.018613821685767896,1
positions_liquidated_pct,"[0.0107571, 0.0107855)",-0.018541379571370416,1
positions_liquidated_pct,"[0.0107855, 0.010876)",-0.017286032533571933,1
positions_liquidated_pct,"[0.010876, 0.0109586)",-0.017086937142961382,1
positions_liquidated_pct,"[0.0109586, 0.0111309)",-0.01648306939329575,1
positions_liquidated_pct,"[0.0111309, 0.0112756)",-0.01648306939329575,1
positions_liquidated_pct,"[0.0112756, 0.0113358)",-0.01648306939329575,1
positions_liquidated_pct,"[0.0113358, 0.0114821)",-0.01606534060733656,1
positions_liquidated_pct,"[0.0114821, 0.0115952)",-0.015083752013534103,1
positions_liquidated_pct,"[0.0115952, 0.0116756)",-0.015083752013534103,1
positions_liquidated_pct,"[0.0116756, 0.0117182)",-0.01495820238800938,1
positions_liquidated_pct,"[0.0117182, 0.0118103)",-0.01484437901361894,1
positions_liquidated_pct,"[0.0118103, 0.0118348)",-0.014735837323929468,1
positions_liquidated_pct,"[0.0118348, 0.0119324)",-0.014735837323929468,1
positions_liquidated_pct,"[0.0119324, 0.0119795)",-0.014063200132142715,1
positions_liquidated_pct,"[0.0119795, 0.0119873)",-0.013103155453978258,1
positions_liquidated_pct,"[0.0119873, 0.0120428)",-0.013103155453978258,1
positions_liquidated_pct,"[0.0120428, 0.0120955)",-0.012834513644956731,1
positions_liquidated_pct,"[0.0120955, 0.0123218)",-0.012834513644956731,1
positions_liquidated_pct,"[0.0123218, 0.0123527)",-0.012489174982783364,1
positions_liquidated_pct,"[0.0123527, 0.0124206)",-0.011524765192920143,1
positions_liquidated_pct,"[0.0124206, 0.0124538)",-0.0112892473708646,1
positions_liquidated_pct,"[0.0124538, 0.0124995)",-0.0112892473708646,1
positions_liquidated_pct,"[0.0124995, 0.0125352)",-0.0112892473708646,1
positions_liquidated_pct,"[0.0125352, 0.0125815)",-0.0112892473708646,1
positions_liquidated_pct,"[0.0125815, 0.0130092)",-0.010936825044648237,1
positions_liquidated_pct,"[0.0130092, 0.0131149)",-0.010075227887704333,1
positions_liquidated_pct,"[0.0131149, 0.0131925)",-0.009450863448768354,1
positions_liquidated_pct,"[0.0131925, 0.0132367)",-0.009450863448768354,1
positions_liquidated_pct,"[0.0132367, 0.0133351)",-0.009450863448768354,1
positions_liquidated_pct,"[0.0133351, 0.0133551)",-0.009293487766330964,1
positions_liquidated_pct,"[0.0133551, 0.0134795)",-0.009293487766330964,1
positions_liquidated_pct,"[0.0134795, 0.0134994)",-0.0077498767567401065,0
positions_liquidated_pct,"[0.0134994, 0.0135035)",-0.0077498767567401065,0
positions_liquidated_pct,"[0.0135035, 0.0135296)",-0.0077498767567401065,0
positions_liquidated_pct,"[0.0135296, 0.0135503)",-0.005967357341826769,0
positions_liquidated_pct,"[0.0135503, 0.0136355)",-0.005967357341826769,0
positions_liquidated_pct,"[0.0136355, 0.013692)",-0.005241168683636747,0
positions_liquidated_pct,"[0.013692, 0.0137067)",-0.00423151531988034,0
positions_liquidated_pct,"[0.0137067, 0.0137333)",-0.003899661812706873,0
positions_liquidated_pct,"[0.0137333, 0.0139587)",-0.003177455280592756,0
positions_liquidated_pct,"[0.0139587, 0.0140384)",-0.003177455280592756,0
positions_liquidated_pct,"[0.0140384, 0.0140561)",-0.0022365328420807136,0
positions_liquidated_pct,"[0.0140561, 0.0142608)",-0.0022365328420807136,0
positions_liquidated_pct,"[0.0142608, 0.0142946)",-0.0018336475791999802,0
positions_liquidated_pct,"[0.0142946, 0.0145013)",-0.0018336475791999802,0
positions_liquidated_pct,"[0.0145013, 0.0145313)",-0.0018336475791999802,0
positions_liquidated_pct,"[0.0145313, 0.0145756)",-0.0012698646078699877,0
positions_liquidated_pct,"[0.0145756, 0.0145787)",-0.0012698646078699877,0
positions_liquidated_pct,"[0.0145787, 0.0145913)",-0.0012698646078699877,0
positions_liquidated_pct,"[0.0145913, 0.0146165)",-0.0012698646078699877,0
positions_liquidated_pct,"[0.0146165, 0.0146385)",-0.0012698646078699877,0
positions_liquidated_pct,"[0.0146385, 0.0146918)",-0.001041212404900879,0
positions_liquidated_pct,"[0.0146918, 0.0147052)",-0.00023998749849382705,0
positions_liquidated_pct,"[0.0147052, 0.0147421)",0.00039730421699303554,0
positions_liquidated_pct,"[0.0147421, 0.0147913)",0.001057791718529372,0
positions_liquidated_pct,"[0.0147913, 0.0148739)",0.002965329707775335,0
positions_liquidated_pct,"[0.0148739, 0.0149046)",0.002965329707775335,0
positions_liquidated_pct,"[0.0149046, 0.0150071)",0.002965329707775335,0
positions_liquidated_pct,"[0.0150071, 0.0150408)",0.002965329707775335,0
positions_liquidated_pct,"[0.0150408, 0.0150889)",0.002965329707775335,0
positions_liquidated_pct,"[0.0150889, 0.0151156)",0.0031840204213075575,0
positions_liquidated_pct,"[0.0151156, 0.0151366)",0.004109836948716474,0
positions_liquidated_pct,"[0.0151366, 0.0152327)",0.0048574174437694,0
positions_liquidated_pct,"[0.0152327, 0.0153645)",0.004995568000492031,0
positions_liquidated_pct,"[0.0153645, 0.0154789)",0.004995568000492031,0
positions_liquidated_pct,"[0.0154789, 0.015499)",0.004995568000492031,0
positions_liquidated_pct,"[0.015499, 0.0155198)",0.004995568000492031,0
positions_liquidated_pct,"[0.0155198, 0.0155455)",0.005114687216112751,0
positions_liquidated_pct,"[0.0155455, 0.0156575)",0.005985909831418674,0
positions_liquidated_pct,"[0.0156575, 0.0156642)",0.007001804631365091,0
positions_liquidated_pct,"[0.0156642, 0.0157426)",0.008364125443599936,0
positions_liquidated_pct,"[0.0157426, 0.0158288)",0.008874046671569212,-1
positions_liquidated_pct,"[0.0158288, 0.0158779)",0.009484066900383874,-1
positions_liquidated_pct,"[0.0158779, 0.0160217)",0.009484066900383874,-1
positions_liquidated_pct,"[0.0160217, 0.016047)",0.009946954830695513,-1
positions_liquidated_pct,"[0.016047, 0.0161303)",0.010395809986934975,-1
positions_liquidated_pct,"[0.0161303, 0.0161919)",0.010395809986934975,-1
positions_liquidated_pct,"[0.0161919, 0.0162796)",0.011084401093896972,-1
positions_liquidated_pct,"[0.0162796, 0.0163295)",0.011084401093896972,-1
positions_liquidated_pct,"[0.0163295, 0.0163763)",0.011553860568434868,-1
positions_liquidated_pct,"[0.0163763, 0.0164567)",0.013446849369629688,-1
positions_liquidated_pct,"[0.0164567, 0.0165642)",0.013446849369629688,-1
positions_liquidated_pct,"[0.0165642, 0.0166812)",0.014524715278813438,-1
positions_liquidated_pct,"[0.0166812, 0.0167086)",0.014524715278813438,-1
positions_liquidated_pct,"[0.0167086, 0.0167617)",0.015488341059988227,-1
positions_liquidated_pct,"[0.0167617, 0.0168388)",0.015488341059988227,-1
positions_liquidated_pct,"[0.0168388, 0.0169546)",0.015488341059988227,-1
positions_liquidated_pct,"[0.0169546, 0.0169618)",0.016557111258063667,-1
positions_liquidated_pct,"[0.0169618, 0.0169692)",0.016557111258063667,-1
positions_liquidated_pct,"[0.0169692, 0.0170067)",0.016652370003825547,-1
positions_liquidated_pct,"[0.0170067, 0.0170302)",0.017412044424939276,-1
positions_liquidated_pct,"[0.0170302, 0.0170521)",0.01764107506064124,-1
positions_liquidated_pct,"[0.0170521, 0.0170783)",0.01764107506064124,-1
positions_liquidated_pct,"[0.0170783, 0.0171228)",0.01764107506064124,-1
positions_liquidated_pct,"[0.0171228, 0.0171485)",0.01830597635822049,-1
positions_liquidated_pct,"[0.0171485, 0.0172153)",0.018772386319206795,-1
positions_liquidated_pct,"[0.0172153, 0.017279)",0.018958024763357364,-1
positions_liquidated_pct,"[0.017279, 0.0173287)",0.018958024763357364,-1
positions_liquidated_pct,"[0.0173287, 0.017356)",0.01915036993366931,-1
positions_liquidated_pct,"[0.017356, 0.0173646)",0.020008878156762968,-1
positions_liquidated_pct,"[0.0173646, 0.0173773)",0.020008878156762968,-1
positions_liquidated_pct,"[0.0173773, 0.0174022)",0.020920631672902385,-1
positions_liquidated_pct,"[0.0174022, 0.0175134)",0.021405117741288254,-1
positions_liquidated_pct,"[0.0175134, 0.0175571)",0.021647158062186415,-1
positions_liquidated_pct,"[0.0175571, 0.0176668)",0.022189689088144567,-1
positions_liquidated_pct,"[0.0176668, 0.0176806)",0.023907140363012485,-1
positions_liquidated_pct,"[0.0176806, 0.0177309)",0.024105796653865585,-1
positions_liquidated_pct,"[0.0177309, 0.0177925)",0.025562876138564356,-2
positions_liquidated_pct,"[0.0177925, 0.0178202)",0.025562876138564356,-2
positions_liquidated_pct,"[0.0178202, 0.0178721)",0.025562876138564356,-2
positions_liquidated_pct,"[0.0178721, 0.0179141)",0.026488082963625495,-2
positions_liquidated_pct,"[0.0179141, 0.01802)",0.027222080922802257,-2
positions_liquidated_pct,"[0.01802, 0.0180524)",0.028149544078668886,-2
positions_liquidated_pct,"[0.0180524, 0.0181428)",0.02845822254090634,-2
positions_liquidated_pct,"[0.0181428, 0.0182573)",0.02845822254090634,-2
positions_liquidated_pct,"[0.0182573, 0.0185025)",0.028671593116765277,-2
positions_liquidated_pct,"[0.0185025, 0.018599)",0.02952433059526351,-2
positions_liquidated_pct,"[0.018599, 0.0186685)",0.029672645485899287,-2
positions_liquidated_pct,"[0.0186685, 0.0187353)",0.029672645485899287,-2
positions_liquidated_pct,"[0.0187353, 0.0188059)",0.029779011767385476,-2
positions_liquidated_pct,"[0.0188059, 0.0189529)",0.02987131948496921,-2
positions_liquidated_pct,"[0.0189529, 0.0189765)",0.02987131948496921,-2
positions_liquidated_pct,"[0.0189765, 0.0190223)",0.03194376585185497,-2
positions_liquidated_pct,"[0.0190223, 0.0190373)",0.03194376585185497,-2
positions_liquidated_pct,"[0.0190373, 0.0190899)",0.03267336832033409,-2
positions_liquidated_pct,"[0.0190899, 0.0191954)",0.03267336832033409,-2
positions_liquidated_pct,"[0.0191954, 0.0193133)",0.033010875243157656,-2
positions_liquidated_pct,"[0.0193133, 0.0194824)",0.033490174394353256,-2
positions_liquidated_pct,"[0.0194824, 0.0195544)",0.03410316019252375,-2
positions_liquidated_pct,"[0.0195544, 0.0195665)",0.0342478018178049,-2
positions_liquidated_pct,"[0.0195665, 0.0196093)",0.03476836315857116,-2
positions_liquidated_pct,"[0.0196093, 0.0197313)",0.03476836315857116,-2
positions_liquidated_pct,"[0.0197313, 0.0197492)",0.03496824168750089,-2
positions_liquidated_pct,"[0.0197492, 0.0198509)",0.03496824168750089,-2
positions_liquidated_pct,"[0.0198509, 0.0199139)",0.0352352785817032,-2
positions_liquidated_pct,"[0.0199139, 0.0199239)",0.03556697472092285,-2
positions_liquidated_pct,"[0.0199239, 0.0200893)",0.03635251992164844,-2
positions_liquidated_pct,"[0.0200893, 0.0201746)",0.03697782390219159,-2
positions_liquidated_pct,"[0.0201746, 0.0202762)",0.03713928096561163,-2
positions_liquidated_pct,"[0.0202762, 0.0202966)",0.03782271639429407,-2
positions_liquidated_pct,"[0.0202966, 0.0203526)",0.03889394682445996,-2
positions_liquidated_pct,"[0.0203526, 0.0203794)",0.04134587637659519,-2
positions_liquidated_pct,"[0.0203794, 0.0204391)",0.04272378871088177,-3
positions_liquidated_pct,"[0.0204391, 0.0204777)",0.04334551596311117,-3
positions_liquidated_pct,"[0.0204777, 0.0204987)",0.04334551596311117,-3
positions_liquidated_pct,"[0.0204987, 0.0206577)",0.04391554454671781,-3
positions_liquidated_pct,"[0.0206577, 0.0207074)",0.04400401331429186,-3
positions_liquidated_pct,"[0.0207074, 0.0207481)",0.04472238841853432,-3
positions_liquidated_pct,"[0.0207481, 0.020771)",0.04472238841853432,-3
positions_liquidated_pct,"[0.020771, 0.0208079)",0.04497761958703751,-3
positions_liquidated_pct,"[0.0208079, 0.0208332)",0.04543485315990818,-3
positions_liquidated_pct,"[0.0208332, 0.0210478)",0.04543485315990818,-3
positions_liquidated_pct,"[0.0210478, 0.0211072)",0.04543485315990818,-3
positions_liquidated_pct,"[0.0211072, 0.021138)",0.04568646483603963,-3
positions_liquidated_pct,"[0.021138, 0.0213074)",0.04568646483603963,-3
positions_liquidated_pct,"[0.0213074, 0.0213715)",0.04568646483603963,-3
positions_liquidated_pct,"[0.0213715, 0.0214073)",0.04661634220943296,-3
positions_liquidated_pct,"[0.0214073, 0.021431)",0.04683390966476693,-3
positions_liquidated_pct,"[0.021431, 0.0214576)",0.04697418999432932,-3
positions_liquidated_pct,"[0.0214576, 0.021481)",0.048813615122544,-3
positions_liquidated_pct,"[0.021481, 0.0216501)",0.048813615122544,-3
positions_liquidated_pct,"[0.0216501, 0.0216954)",0.04997161799585438,-3
positions_liquidated_pct,"[0.0216954, 0.0217411)",0.04997161799585438,-3
positions_liquidated_pct,"[0.0217411, 0.0217451)",0.050977839410266124,-3
positions_liquidated_pct,"[0.0217451, 0.021794)",0.050977839410266124,-3
positions_liquidated_pct,"[0.021794, 0.0219678)",0.05117404782854602,-3
positions_liquidated_pct,"[0.0219678, 0.0220384)",0.05117404782854602,-3
positions_liquidated_pct,"[0.0220384, 0.0220644)",0.05117404782854602,-3
positions_liquidated_pct,"[0.0220644, 0.0220994)",0.05161121207394987,-3
positions_liquidated_pct,"[0.0220994, 0.022153)",0.05170692368465271,-3
positions_liquidated_pct,"[0.022153, 0.022194)",0.05185284593007867,-3
positions_liquidated_pct,"[0.022194, 0.0222991)",0.05285951178180199,-3
positions_liquidated_pct,"[0.0222991, 0.0223252)",0.05389820251881118,-3
positions_liquidated_pct,"[0.0223252, 0.0224388)",0.05404113383405921,-3
positions_liquidated_pct,"[0.0224388, 0.0225993)",0.05452548861177162,-3
positions_liquidated_pct,"[0.0225993, 0.0226331)",0.0547912888944987,-3
positions_liquidated_pct,"[0.0226331, 0.0227137)",0.0547912888944987,-3
positions_liquidated_pct,"[0.0227137, 0.022765)",0.055409501364762075,-3
positions_liquidated_pct,"[0.022765, 0.0229514)",0.055905256666322886,-3
positions_liquidated_pct,"[0.0229514, 0.0230004)",0.056144268861133155,-3
positions_liquidated_pct,"[0.0230004, 0.0230502)",0.056617408510716866,-3
positions_liquidated_pct,"[0.0230502, 0.0230727)",0.056617408510716866,-3
positions_liquidated_pct,"[0.0230727, 0.023121)",0.05695280445112327,-3
positions_liquidated_pct,"[0.023121, 0.0233402)",0.057627737074264565,-3
positions_liquidated_pct,"[0.0233402, 0.0234501)",0.05867515226170476,-3
positions_liquidated_pct,"[0.0234501, 0.0235771)",0.0592568103771686,-4
positions_liquidated_pct,"[0.0235771, 0.0236113)",0.059849687544922744,-4
positions_liquidated_pct,"[0.0236113, 0.0236853)",0.06002268902534374,-4
positions_liquidated_pct,"[0.0236853, 0.0237332)",0.060868413340187034,-4
positions_liquidated_pct,"[0.0237332, 0.0237824)",0.060868413340187034,-4
positions_liquidated_pct,"[0.0237824, 0.0238226)",0.062083099941061023,-4
positions_liquidated_pct,"[0.0238226, 0.0238702)",0.06303420735532939,-4
positions_liquidated_pct,"[0.0238702, 0.0239514)",0.06303420735532939,-4
positions_liquidated_pct,"[0.0239514, 0.0239624)",0.06303420735532939,-4
positions_liquidated_pct,"[0.0239624, 0.0240578)",0.06303420735532939,-4
positions_liquidated_pct,"[0.0240578, 0.0241554)",0.06336992955925334,-4
positions_liquidated_pct,"[0.0241554, 0.0242447)",0.06416914474390968,-4
positions_liquidated_pct,"[0.0242447, 0.0242806)",0.06468044593500859,-4
positions_liquidated_pct,"[0.0242806, 0.0243724)",0.06559741796306329,-4
positions_liquidated_pct,"[0.0243724, 0.0244292)",0.06559741796306329,-4
positions_liquidated_pct,"[0.0244292, 0.0244529)",0.06587708996619784,-4
positions_liquidated_pct,"[0.0244529, 0.0245778)",0.06671543088046657,-4
positions_liquidated_pct,"[0.0245778, 0.0246452)",0.06671543088046657,-4
positions_liquidated_pct,"[0.0246452, 0.0248791)",0.06671543088046657,-4
positions_liquidated_pct,"[0.0248791, 0.0249832)",0.06691877730904747,-4
positions_liquidated_pct,"[0.0249832, 0.0250179)",0.06755369737654426,-4
positions_liquidated_pct,"[0.0250179, 0.0250477)",0.06755369737654426,-4
positions_liquidated_pct,"[0.0250477, 0.0251455)",0.06755369737654426,-4
positions_liquidated_pct,"[0.0251455, 0.0251514)",0.06755369737654426,-4
positions_liquidated_pct,"[0.0251514, 0.0251838)",0.068389920739121,-4
positions_liquidated_pct,"[0.0251838, 0.0252483)",0.06859567247154533,-4
positions_liquidated_pct,"[0.0252483, 0.0253928)",0.0688736282628344,-4
positions_liquidated_pct,"[0.0253928, 0.0255785)",0.0688736282628344,-4
positions_liquidated_pct,"[0.0255785, 0.0256823)",0.0688736282628344,-4
positions_liquidated_pct,"[0.0256823, 0.0258334)",0.0688736282628344,-4
positions_liquidated_pct,"[0.0258334, 0.0259463)",0.06977529387042479,-4
positions_liquidated_pct,"[0.0259463, 0.0260932)",0.06987000319937593,-4
positions_liquidated_pct,"[0.0260932, 0.0261321)",0.07001065551876877,-4
positions_liquidated_pct,"[0.0261321, 0.0261692)",0.07213654646686121,-4
positions_liquidated_pct,"[0.0261692, 0.0262117)",0.07245115902314272,-4
positions_liquidated_pct,"[0.0262117, 0.0262475)",0.07245115902314272,-4
positions_liquidated_pct,"[0.0262475, 0.0263556)",0.07289665979342592,-4
positions_liquidated_pct,"[0.0263556, 0.0263725)",0.07289665979342592,-4
positions_liquidated_pct,"[0.0263725, 0.0264813)",0.07304184552739815,-4
positions_liquidated_pct,"[0.0264813, 0.0265362)",0.07335308371700708,-4
positions_liquidated_pct,"[0.0265362, 0.0266336)",0.0752120655708458,-4
positions_liquidated_pct,"[0.0266336, 0.026683)",0.0752120655708458,-4
positions_liquidated_pct,"[0.026683, 0.0267092)",0.0752120655708458,-4
positions_liquidated_pct,"[0.0267092, 0.0267201)",0.07594167532324386,-5
positions_liquidated_pct,"[0.0267201, 0.0267536)",0.07651357871776768,-5
positions_liquidated_pct,"[0.0267536, 0.0268425)",0.07651357871776768,-5
positions_liquidated_pct,"[0.0268425, 0.0268653)",0.07651357871776768,-5
positions_liquidated_pct,"[0.0268653, 0.0269974)",0.07735710219481139,-5
positions_liquidated_pct,"[0.0269974, 0.0271795)",0.07750188004057691,-5
positions_liquidated_pct,"[0.0271795, 0.0273912)",0.07750188004057691,-5
positions_liquidated_pct,"[0.0273912, 0.0274209)",0.07750188004057691,-5
positions_liquidated_pct,"[0.0274209, 0.027489)",0.07778223573221686,-5
positions_liquidated_pct,"[0.027489, 0.0275068)",0.07962176336837927,-5
positions_liquidated_pct,"[0.0275068, 0.0275391)",0.07962176336837927,-5
positions_liquidated_pct,"[0.0275391, 0.0275918)",0.07962176336837927,-5
positions_liquidated_pct,"[0.0275918, 0.0276154)",0.07962176336837927,-5
positions_liquidated_pct,"[0.0276154, 0.0276854)",0.07974066615962205,-5
positions_liquidated_pct,"[0.0276854, 0.0276968)",0.07974066615962205,-5
positions_liquidated_pct,"[0.0276968, 0.0277367)",0.08058587801096684,-5
positions_liquidated_pct,"[0.0277367, 0.0277983)",0.08089119650717431,-5
positions_liquidated_pct,"[0.0277983, 0.0278876)",0.08202984242304742,-5
positions_liquidated_pct,"[0.0278876, 0.0279224)",0.0834127565736087,-5
positions_liquidated_pct,"[0.0279224, 0.0279875)",0.0834127565736087,-5
positions_liquidated_pct,"[0.0279875, 0.0281384)",0.08357198668716749,-5
positions_liquidated_pct,"[0.0281384, 0.0281441)",0.08391286170464059,-5
positions_liquidated_pct,"[0.0281441, 0.0282243)",0.08465334029628102,-5
positions_liquidated_pct,"[0.0282243, 0.0282367)",0.0847568236084054,-5
positions_liquidated_pct,"[0.0282367, 0.0283098)",0.0847568236084054,-5
positions_liquidated_pct,"[0.0283098, 0.028329)",0.0847568236084054,-5
positions_liquidated_pct,"[0.028329, 0.0283778)",0.0847568236084054,-5
positions_liquidated_pct,"[0.0283778, 0.0284117)",0.08511596880421049,-5
positions_liquidated_pct,"[0.0284117, 0.028422)",0.08551258782342991,-5
positions_liquidated_pct,"[0.028422, 0.0284506)",0.08551258782342991,-5
positions_liquidated_pct,"[0.0284506, 0.0285444)",0.08551258782342991,-5
positions_liquidated_pct,"[0.0285444, 0.0286591)",0.08565128024094837,-5
positions_liquidated_pct,"[0.0286591, 0.0286922)",0.08598173630891506,-5
positions_liquidated_pct,"[0.0286922, 0.0287762)",0.08598173630891506,-5
positions_liquidated_pct,"[0.0287762, 0.0287918)",0.08716077542157481,-5
positions_liquidated_pct,"[0.0287918, 0.0288841)",0.08814800901689634,-5
positions_liquidated_pct,"[0.0288841, 0.0290321)",0.08854101827458814,-5
positions_liquidated_pct,"[0.0290321, 0.0291781)",0.08854101827458814,-5
positions_liquidated_pct,"[0.0291781, 0.0292375)",0.08913413265159947,-5
positions_liquidated_pct,"[0.0292375, 0.0292968)",0.09069012839109901,-5
positions_liquidated_pct,"[0.0292968, 0.0293546)",0.09169822888050427,-5
positions_liquidated_pct,"[0.0293546, 0.0294052)",0.09169822888050427,-5
positions_liquidated_pct,"[0.0294052, 0.0294846)",0.09263255875652938,-6
positions_liquidated_pct,"[0.0294846, 0.0295371)",0.09263255875652938,-6
positions_liquidated_pct,"[0.0295371, 0.0296302)",0.09263255875652938,-6
positions_liquidated_pct,"[0.0296302, 0.0297227)",0.09309400610863938,-6
positions_liquidated_pct,"[0.0297227, 0.0298342)",0.09336246092242045,-6
positions_liquidated_pct,"[0.0298342, 0.0299194)",0.09450576451570183,-6
positions_liquidated_pct,"[0.0299194, 0.0299798)",0.0947736960723456,-6
positions_liquidated_pct,"[0.0299798, 0.0300212)",0.0947736960723456,-6
positions_liquidated_pct,"[0.0300212, 0.0300638)",0.09508566832295656,-6
positions_liquidated_pct,"[0.0300638, 0.0302189)",0.09542166161809384,-6
positions_liquidated_pct,"[0.0302189, 0.0302565)",0.09574467104023893,-6
positions_liquidated_pct,"[0.0302565, 0.0303111)",0.09574467104023893,-6
positions_liquidated_pct,"[0.0303111, 0.0303711)",0.09625079566154272,-6
positions_liquidated_pct,"[0.0303711, 0.0304517)",0.09873569030692345,-6
positions_liquidated_pct,"[0.0304517, 0.0305144)",0.09873569030692345,-6
positions_liquidated_pct,"[0.0305144, 0.0305556)",0.09893239658368608,-6
positions_liquidated_pct,"[0.0305556, 0.0306472)",0.09907005817541592,-6
positions_liquidated_pct,"[0.0306472, 0.030689)",0.09923746472799098,-6
positions_liquidated_pct,"[0.030689, 0.0307786)",0.09923746472799098,-6
positions_liquidated_pct,"[0.0307786, 0.0308186)",0.09923746472799098,-6
positions_liquidated_pct,"[0.0308186, 0.0308704)",0.09993134829634001,-6
positions_liquidated_pct,"[0.0308704, 0.0308756)",0.09993134829634001,-6
positions_liquidated_pct,"[0.0308756, 0.0309366)",0.10028341282083894,-6
positions_liquidated_pct,"[0.0309366, 0.0310001)",0.10028341282083894,-6
positions_liquidated_pct,"[0.0310001, 0.0310419)",0.1013064668543907,-6
positions_liquidated_pct,"[0.0310419, 0.0310873)",0.1020346173511675,-6
positions_liquidated_pct,"[0.0310873, 0.0311869)",0.1020346173511675,-6
positions_liquidated_pct,"[0.0311869, 0.0313187)",0.10314266786854766,-6
positions_liquidated_pct,"[0.0313187, 0.0313773)",0.10385435395935622,-6
positions_liquidated_pct,"[0.0313773, 0.0314273)",0.10385435395935622,-6
positions_liquidated_pct,"[0.0314273, 0.031478)",0.10413068827641885,-6
positions_liquidated_pct,"[0.031478, 0.0315555)",0.10448454383348123,-6
positions_liquidated_pct,"[0.0315555, 0.031577)",0.10448454383348123,-6
positions_liquidated_pct,"[0.031577, 0.031605)",0.10606592471124207,-6
positions_liquidated_pct,"[0.031605, 0.0317762)",0.10722327915641927,-6
positions_liquidated_pct,"[0.0317762, 0.0318526)",0.1083093082219932,-6
positions_liquidated_pct,"[0.0318526, 0.0320572)",0.10875551959933073,-6
positions_liquidated_pct,"[0.0320572, 0.0321512)",0.10944980900445671,-7
positions_liquidated_pct,"[0.0321512, 0.0323212)",0.10944980900445671,-7
positions_liquidated_pct,"[0.0323212, 0.0324421)",0.10944980900445671,-7
positions_liquidated_pct,"[0.0324421, 0.0325642)",0.10944980900445671,-7
positions_liquidated_pct,"[0.0325642, 0.0325782)",0.11028336282892726,-7
positions_liquidated_pct,"[0.0325782, 0.0326)",0.11385984840538955,-7
positions_liquidated_pct,"[0.0326, 0.0326606)",0.11406122574168624,-7
positions_liquidated_pct,"[0.0326606, 0.0326973)",0.11488490770604692,-7
positions_liquidated_pct,"[0.0326973, 0.032734)",0.11521998970561496,-7
positions_liquidated_pct,"[0.032734, 0.0327398)",0.11521998970561496,-7
positions_liquidated_pct,"[0.0327398, 0.0327556)",0.11521998970561496,-7
positions_liquidated_pct,"[0.0327556, 0.0327996)",0.11616861170769835,-7
positions_liquidated_pct,"[0.0327996, 0.0329212)",0.1166490845764838,-7
positions_liquidated_pct,"[0.0329212, 0.0329898)",0.11812293849842527,-7
positions_liquidated_pct,"[0.0329898, 0.0330853)",0.11812293849842527,-7
positions_liquidated_pct,"[0.0330853, 0.0331558)",0.1196121210253565,-7
positions_liquidated_pct,"[0.0331558, 0.0331881)",0.1196121210253565,-7
positions_liquidated_pct,"[0.0331881, 0.0332592)",0.12138198215723961,-7
positions_liquidated_pct,"[0.0332592, 0.033295)",0.12138198215723961,-7
positions_liquidated_pct,"[0.033295, 0.0335055)",0.12198157609480477,-7
positions_liquidated_pct,"[0.0335055, 0.0335784)",0.12287521273236097,-7
positions_liquidated_pct,"[0.0335784, 0.0336092)",0.12287521273236097,-7
positions_liquidated_pct,"[0.0336092, 0.0336672)",0.12307032812039953,-7
positions_liquidated_pct,"[0.0336672, 0.033784)",0.12307032812039953,-7
positions_liquidated_pct,"[0.033784, 0.033842)",0.12307032812039953,-7
positions_liquidated_pct,"[0.033842, 0.0339549)",0.12342719522521216,-7
positions_liquidated_pct,"[0.0339549, 0.0341611)",0.12430847597920049,-7
positions_liquidated_pct,"[0.0341611, 0.0341767)",0.12430847597920049,-7
positions_liquidated_pct,"[0.0341767, 0.034219)",0.1249223883894706,-7
positions_liquidated_pct,"[0.034219, 0.0342526)",0.1249223883894706,-7
positions_liquidated_pct,"[0.0342526, 0.0342961)",0.12527358691039797,-7
positions_liquidated_pct,"[0.0342961, 0.0343147)",0.12527358691039797,-7
positions_liquidated_pct,"[0.0343147, 0.0344172)",0.12585235985802995,-7
positions_liquidated_pct,"[0.0344172, 0.0344312)",0.1264725323961235,-8
positions_liquidated_pct,"[0.0344312, 0.034498)",0.12786411195124434,-8
positions_liquidated_pct,"[0.034498, 0.0346056)",0.12786411195124434,-8
positions_liquidated_pct,"[0.0346056, 0.0346217)",0.12786411195124434,-8
positions_liquidated_pct,"[0.0346217, 0.0346768)",0.1284119784224128,-8
positions_liquidated_pct,"[0.0346768, 0.0347278)",0.12956198767289848,-8
positions_liquidated_pct,"[0.0347278, 0.0347703)",0.1305874278816061,-8
positions_liquidated_pct,"[0.0347703, 0.0348133)",0.13183834167192185,-8
positions_liquidated_pct,"[0.0348133, 0.035026)",0.13237217324455894,-8
positions_liquidated_pct,"[0.035026, 0.0350633)",0.1338353008723502,-8
positions_liquidated_pct,"[0.0350633, 0.0351166)",0.1338353008723502,-8
positions_liquidated_pct,"[0.0351166, 0.0351465)",0.13440573944737955,-8
positions_liquidated_pct,"[0.0351465, 0.0351612)",0.13440573944737955,-8
positions_liquidated_pct,"[0.0351612, 0.0351932)",0.13662431104941167,-8
positions_liquidated_pct,"[0.0351932, 0.0352542)",0.13662431104941167,-8
positions_liquidated_pct,"[0.0352542, 0.0353459)",0.13662431104941167,-8
positions_liquidated_pct,"[0.0353459, 0.0354315)",0.13662431104941167,-8
positions_liquidated_pct,"[0.0354315, 0.0354965)",0.13662431104941167,-8
positions_liquidated_pct,"[0.0354965, 0.0355092)",0.13662431104941167,-8
positions_liquidated_pct,"[0.0355092, 0.0355427)",0.13662431104941167,-8
positions_liquidated_pct,"[0.0355427, 0.0357015)",0.13662431104941167,-8
positions_liquidated_pct,"[0.0357015, 0.0357174)",0.13662431104941167,-8
positions_liquidated_pct,"[0.0357174, 0.035733)",0.13662431104941167,-8
positions_liquidated_pct,"[0.035733, 0.0357598)",0.13803278247817757,-8
positions_liquidated_pct,"[0.0357598, 0.035797)",0.1410546274407985,-8
positions_liquidated_pct,"[0.035797, 0.035858)",0.1410546274407985,-8
positions_liquidated_pct,"[0.035858, 0.035923)",0.1410546274407985,-8
positions_liquidated_pct,"[0.035923, 0.0359294)",0.141259139571517,-8
positions_liquidated_pct,"[0.0359294, 0.035994)",0.141259139571517,-8
positions_liquidated_pct,"[0.035994, 0.0360033)",0.141259139571517,-8
positions_liquidated_pct,"[0.0360033, 0.0360281)",0.141771342702104,-8
positions_liquidated_pct,"[0.0360281, 0.0360925)",0.14199663248583957,-8
positions_liquidated_pct,"[0.0360925, 0.0361373)",0.14199663248583957,-8
positions_liquidated_pct,"[0.0361373, 0.0362146)",0.14199663248583957,-8
positions_liquidated_pct,"[0.0362146, 0.0362478)",0.14252243158757247,-8
positions_liquidated_pct,"[0.0362478, 0.0363683)",0.1432947380120151,-9
positions_liquidated_pct,"[0.0363683, 0.0365143)",0.14358200011385966,-9
positions_liquidated_pct,"[0.0365143, 0.0366515)",0.1442577775742318,-9
positions_liquidated_pct,"[0.0366515, 0.0366834)",0.1442577775742318,-9
positions_liquidated_pct,"[0.0366834, 0.036692)",0.1463107204401368,-9
positions_liquidated_pct,"[0.036692, 0.0367172)",0.14659526855047933,-9
positions_liquidated_pct,"[0.0367172, 0.0367209)",0.14841730988992044,-9
positions_liquidated_pct,"[0.0367209, 0.0367808)",0.14841730988992044,-9
positions_liquidated_pct,"[0.0367808, 0.0367983)",0.14841730988992044,-9
positions_liquidated_pct,"[0.0367983, 0.0368439)",0.14902562894140794,-9
positions_liquidated_pct,"[0.0368439, 0.0368628)",0.1507759717784814,-9
positions_liquidated_pct,"[0.0368628, 0.0369449)",0.15101508450372222,-9
positions_liquidated_pct,"[0.0369449, 0.0369627)",0.15101508450372222,-9
positions_liquidated_pct,"[0.0369627, 0.0370601)",0.15101508450372222,-9
positions_liquidated_pct,"[0.0370601, 0.0372155)",0.15101508450372222,-9
positions_liquidated_pct,"[0.0372155, 0.0372648)",0.15271733860510475,-9
positions_liquidated_pct,"[0.0372648, 0.0372896)",0.15271733860510475,-9
positions_liquidated_pct,"[0.0372896, 0.0373374)",0.15354539538400555,-9
positions_liquidated_pct,"[0.0373374, 0.0374588)",0.15354539538400555,-9
positions_liquidated_pct,"[0.0374588, 0.0375039)",0.15354539538400555,-9
positions_liquidated_pct,"[0.0375039, 0.0378317)",0.1539772804563001,-9
positions_liquidated_pct,"[0.0378317, 0.0378489)",0.1539772804563001,-9
positions_liquidated_pct,"[0.0378489, 0.0378675)",0.15419732039420841,-9
positions_liquidated_pct,"[0.0378675, 0.038113)",0.15419732039420841,-9
positions_liquidated_pct,"[0.038113, 0.0381251)",0.15508499173741166,-9
positions_liquidated_pct,"[0.0381251, 0.0382601)",0.1555513098118298,-9
positions_liquidated_pct,"[0.0382601, 0.0382892)",0.15599407891952619,-9
positions_liquidated_pct,"[0.0382892, 0.0383544)",0.15681978268892494,-9
positions_liquidated_pct,"[0.0383544, 0.038382)",0.15761285148114432,-9
positions_liquidated_pct,"[0.038382, 0.0384965)",0.1587047981704747,-9
positions_liquidated_pct,"[0.0384965, 0.0385308)",0.15926205720163017,-9
positions_liquidated_pct,"[0.0385308, 0.0385686)",0.15966954658423718,-9
positions_liquidated_pct,"[0.0385686, 0.0387381)",0.16211821226481204,-10
positions_liquidated_pct,"[0.0387381, 0.0388566)",0.16211821226481204,-10
positions_liquidated_pct,"[0.0388566, 0.0390369)",0.16211821226481204,-10
positions_liquidated_pct,"[0.0390369, 0.0390917)",0.16255046886786476,-10
positions_liquidated_pct,"[0.0390917, 0.0391446)",0.16480852510250574,-10
positions_liquidated_pct,"[0.0391446, 0.0392345)",0.16508869381471042,-10
positions_liquidated_pct,"[0.0392345, 0.0396578)",0.166997298514815,-10
positions_liquidated_pct,"[0.0396578, 0.0397185)",0.17129074003822126,-10
positions_liquidated_pct,"[0.0397185, 0.0398177)",0.1716592433082313,-10
positions_liquidated_pct,"[0.0398177, 0.0399474)",0.17195565186226178,-10
positions_liquidated_pct,"[0.0399474, 0.0399586)",0.17252051487774805,-10
positions_liquidated_pct,"[0.0399586, 0.0401764)",0.17358738236181892,-10
positions_liquidated_pct,"[0.0401764, 0.0402381)",0.17358738236181892,-10
positions_liquidated_pct,"[0.0402381, 0.0404062)",0.17358738236181892,-10
positions_liquidated_pct,"[0.0404062, 0.0405326)",0.17642303156306433,-10
positions_liquidated_pct,"[0.0405326, 0.0405965)",0.17642303156306433,-10
positions_liquidated_pct,"[0.0405965, 0.0406529)",0.1766939971533161,-11
positions_liquidated_pct,"[0.0406529, 0.0408055)",0.17702930826007277,-11
positions_liquidated_pct,"[0.0408055, 0.0408603)",0.17753220372279754,-11
positions_liquidated_pct,"[0.0408603, 0.0409291)",0.17769996357762816,-11
positions_liquidated_pct,"[0.0409291, 0.0410372)",0.17848654723055002,-11
positions_liquidated_pct,"[0.0410372, 0.0411324)",0.17891825582209575,-11
positions_liquidated_pct,"[0.0411324, 0.0412368)",0.1791524807481456,-11
positions_liquidated_pct,"[0.0412368, 0.0412564)",0.1798387208723138,-11
positions_liquidated_pct,"[0.0412564, 0.041347)",0.1810846219647384,-11
positions_liquidated_pct,"[0.041347, 0.0413822)",0.1810846219647384,-11
positions_liquidated_pct,"[0.0413822, 0.0415123)",0.18150175700415608,-11
positions_liquidated_pct,"[0.0415123, 0.0415213)",0.18150175700415608,-11
positions_liquidated_pct,"[0.0415213, 0.0415327)",0.1824960668708871,-11
positions_liquidated_pct,"[0.0415327, 0.0415556)",0.1824960668708871,-11
positions_liquidated_pct,"[0.0415556, 0.041598)",0.1838880127341108,-11
positions_liquidated_pct,"[0.041598, 0.0416868)",0.18423390429492686,-11
positions_liquidated_pct,"[0.0416868, 0.0417769)",0.18474049626947645,-11
positions_liquidated_pct,"[0.0417769, 0.0418719)",0.18492814400267682,-11
positions_liquidated_pct,"[0.0418719, 0.0419021)",0.18492814400267682,-11
positions_liquidated_pct,"[0.0419021, 0.0419422)",0.18514762543354024,-11
positions_liquidated_pct,"[0.0419422, 0.0419578)",0.18514762543354024,-11
positions_liquidated_pct,"[0.0419578, 0.0419773)",0.18541129981376664,-11
positions_liquidated_pct,"[0.0419773, 0.0420075)",0.18631316631954015,-11
positions_liquidated_pct,"[0.0420075, 0.0420133)",0.18631316631954015,-11
positions_liquidated_pct,"[0.0420133, 0.042127)",0.18712606836173173,-11
positions_liquidated_pct,"[0.042127, 0.0423207)",0.18712606836173173,-11
positions_liquidated_pct,"[0.0423207, 0.0425007)",0.18712606836173173,-11
positions_liquidated_pct,"[0.0425007, 0.0425346)",0.18712606836173173,-11
positions_liquidated_pct,"[0.0425346, 0.0425847)",0.1883551239852712,-11
positions_liquidated_pct,"[0.0425847, 0.0426322)",0.19096130808013367,-11
positions_liquidated_pct,"[0.0426322, 0.0426932)",0.19096130808013367,-11
positions_liquidated_pct,"[0.0426932, 0.0427559)",0.19122775375263742,-11
positions_liquidated_pct,"[0.0427559, 0.0427812)",0.191987966578244,-11
positions_liquidated_pct,"[0.0427812, 0.042825)",0.19377589695451242,-12
positions_liquidated_pct,"[0.042825, 0.0428892)",0.19470471503221615,-12
positions_liquidated_pct,"[0.0428892, 0.0430223)",0.19572989650513078,-12
positions_liquidated_pct,"[0.0430223, 0.0430628)",0.19852783279480868,-12
positions_liquidated_pct,"[0.0430628, 0.0432211)",0.19852783279480868,-12
positions_liquidated_pct,"[0.0432211, 0.0432424)",0.19926157430228233,-12
positions_liquidated_pct,"[0.0432424, 0.0432514)",0.19926157430228233,-12
positions_liquidated_pct,"[0.0432514, 0.0434566)",0.19926157430228233,-12
positions_liquidated_pct,"[0.0434566, 0.0435486)",0.20052350172806388,-12
positions_liquidated_pct,"[0.0435486, 0.043625)",0.20212958583711194,-12
positions_liquidated_pct,"[0.043625, 0.0436793)",0.20212958583711194,-12
positions_liquidated_pct,"[0.0436793, 0.0437396)",0.2029803399397138,-12
positions_liquidated_pct,"[0.0437396, 0.0437563)",0.20341060426250826,-12
positions_liquidated_pct,"[0.0437563, 0.0438315)",0.2054992363003331,-12
positions_liquidated_pct,"[0.0438315, 0.0438639)",0.20655637160062862,-12
positions_liquidated_pct,"[0.0438639, 0.0439183)",0.20821053441413623,-12
positions_liquidated_pct,"[0.0439183, 0.0439785)",0.208793164456795,-12
positions_liquidated_pct,"[0.0439785, 0.044094)",0.20912510662476697,-12
positions_liquidated_pct,"[0.044094, 0.044257)",0.20998980150608768,-12
positions_liquidated_pct,"[0.044257, 0.0442877)",0.20998980150608768,-12
positions_liquidated_pct,"[0.0442877, 0.0444176)",0.20998980150608768,-12
positions_liquidated_pct,"[0.0444176, 0.04446)",0.21130307598008327,-13
positions_liquidated_pct,"[0.04446, 0.0445287)",0.2130099365215899,-13
positions_liquidated_pct,"[0.0445287, 0.0445318)",0.2130099365215899,-13
positions_liquidated_pct,"[0.0445318, 0.0446408)",0.2137665604382269,-13
positions_liquidated_pct,"[0.0446408, 0.0446869)",0.2137665604382269,-13
positions_liquidated_pct,"[0.0446869, 0.0447285)",0.21502218280025914,-13
positions_liquidated_pct,"[0.0447285, 0.0448145)",0.21502218280025914,-13
positions_liquidated_pct,"[0.0448145, 0.0448613)",0.21576648315104724,-13
positions_liquidated_pct,"[0.0448613, 0.0448994)",0.2178960481997097,-13
positions_liquidated_pct,"[0.0448994, 0.0449181)",0.22093975853249515,-13
positions_liquidated_pct,"[0.0449181, 0.0450483)",0.22162789875396888,-13
positions_liquidated_pct,"[0.0450483, 0.0451576)",0.22162789875396888,-13
positions_liquidated_pct,"[0.0451576, 0.0451945)",0.22162789875396888,-13
positions_liquidated_pct,"[0.0451945, 0.0451966)",0.22162789875396888,-13
positions_liquidated_pct,"[0.0451966, 0.0452009)",0.22233833673668382,-13
positions_liquidated_pct,"[0.0452009, 0.0452926)",0.2238304957290677,-13
positions_liquidated_pct,"[0.0452926, 0.0453808)",0.22449200509337092,-13
positions_liquidated_pct,"[0.0453808, 0.0454379)",0.22449200509337092,-13
positions_liquidated_pct,"[0.0454379, 0.0454459)",0.22449200509337092,-13
positions_liquidated_pct,"[0.0454459, 0.0455766)",0.22498416630564472,-13
positions_liquidated_pct,"[0.0455766, 0.0456287)",0.22498416630564472,-13
positions_liquidated_pct,"[0.0456287, 0.0456757)",0.22567547470958238,-13
positions_liquidated_pct,"[0.0456757, 0.0457059)",0.22567547470958238,-13
positions_liquidated_pct,"[0.0457059, 0.0457188)",0.22567547470958238,-13
positions_liquidated_pct,"[0.0457188, 0.0458416)",0.2299420504545528,-14
positions_liquidated_pct,"[0.0458416, 0.0458994)",0.2299420504545528,-14
positions_liquidated_pct,"[0.0458994, 0.0460316)",0.23019337785538002,-14
positions_liquidated_pct,"[0.0460316, 0.0460876)",0.23019337785538002,-14
positions_liquidated_pct,"[0.0460876, 0.046175)",0.23090393448109367,-14
positions_liquidated_pct,"[0.046175, 0.0461899)",0.23090393448109367,-14
positions_liquidated_pct,"[0.0461899, 0.0462736)",0.23090393448109367,-14
positions_liquidated_pct,"[0.0462736, 0.0463627)",0.23110575019227364,-14
positions_liquidated_pct,"[0.0463627, 0.0465038)",0.23110575019227364,-14
positions_liquidated_pct,"[0.0465038, 0.0466051)",0.23206696932805992,-14
positions_liquidated_pct,"[0.0466051, 0.0466343)",0.23267203990302546,-14
positions_liquidated_pct,"[0.0466343, 0.046659)",0.23325589449262632,-14
positions_liquidated_pct,"[0.046659, 0.0466848)",0.23496638279650556,-14
positions_liquidated_pct,"[0.0466848, 0.0468826)",0.23604117334482447,-14
positions_liquidated_pct,"[0.0468826, 0.0469438)",0.23661909685497828,-14
positions_liquidated_pct,"[0.0469438, 0.0469921)",0.23661909685497828,-14
positions_liquidated_pct,"[0.0469921, 0.0470339)",0.23661909685497828,-14
positions_liquidated_pct,"[0.0470339, 0.0471045)",0.23783355931848735,-14
positions_liquidated_pct,"[0.0471045, 0.0471825)",0.23783355931848735,-14
positions_liquidated_pct,"[0.0471825, 0.0472663)",0.23904450530872953,-14
positions_liquidated_pct,"[0.0472663, 0.0472979)",0.2401084974984121,-14
positions_liquidated_pct,"[0.0472979, 0.0473318)",0.2423264979456194,-14
positions_liquidated_pct,"[0.0473318, 0.0473663)",0.2436067709198279,-14
positions_liquidated_pct,"[0.0473663, 0.0473915)",0.2436067709198279,-14
positions_liquidated_pct,"[0.0473915, 0.0474325)",0.24505957989485255,-15
positions_liquidated_pct,"[0.0474325, 0.0475312)",0.24732427500338142,-15
positions_liquidated_pct,"[0.0475312, 0.0476405)",0.2476538888773469,-15
positions_liquidated_pct,"[0.0476405, 0.0476903)",0.24854301487825797,-15
positions_liquidated_pct,"[0.0476903, 0.0477374)",0.24922156711891977,-15
positions_liquidated_pct,"[0.0477374, 0.0478037)",0.2499692133904081,-15
positions_liquidated_pct,"[0.0478037, 0.0478981)",0.25036090035824243,-15
positions_liquidated_pct,"[0.0478981, 0.0479803)",0.25036090035824243,-15
positions_liquidated_pct,"[0.0479803, 0.0480187)",0.25157287543021867,-15
positions_liquidated_pct,"[0.0480187, 0.0480559)",0.25259166985486,-15
positions_liquidated_pct,"[0.0480559, 0.0480772)",0.25259166985486,-15
positions_liquidated_pct,"[0.0480772, 0.0481162)",0.25259166985486,-15
positions_liquidated_pct,"[0.0481162, 0.0481517)",0.25259166985486,-15
positions_liquidated_pct,"[0.0481517, 0.0481551)",0.25259166985486,-15
positions_liquidated_pct,"[0.0481551, 0.0481658)",0.25259166985486,-15
positions_liquidated_pct,"[0.0481658, 0.0481791)",0.25439942545209426,-15
positions_liquidated_pct,"[0.0481791, 0.048226)",0.2555590513041185,-15
positions_liquidated_pct,"[0.048226, 0.0482862)",0.2555590513041185,-15
positions_liquidated_pct,"[0.0482862, 0.0483924)",0.2582972056629514,-15
positions_liquidated_pct,"[0.0483924, 0.0484955)",0.2582972056629514,-15
positions_liquidated_pct,"[0.0484955, 0.0485323)",0.2601932980458354,-15
positions_liquidated_pct,"[0.0485323, 0.0485559)",0.2601932980458354,-15
positions_liquidated_pct,"[0.0485559, 0.0485792)",0.2601932980458354,-15
positions_liquidated_pct,"[0.0485792, 0.0486348)",0.2601932980458354,-15
positions_liquidated_pct,"[0.0486348, 0.0486871)",0.2601932980458354,-15
positions_liquidated_pct,"[0.0486871, 0.0487231)",0.2618508811179208,-16
positions_liquidated_pct,"[0.0487231, 0.0487926)",0.2627262633127032,-16
positions_liquidated_pct,"[0.0487926, 0.0489162)",0.2627262633127032,-16
positions_liquidated_pct,"[0.0489162, 0.049026)",0.2635310451363073,-16
positions_liquidated_pct,"[0.049026, 0.0491173)",0.2659235047169447,-16
positions_liquidated_pct,"[0.0491173, 0.0491739)",0.26621348462334304,-16
positions_liquidated_pct,"[0.0491739, 0.0491923)",0.26712127516306144,-16
positions_liquidated_pct,"[0.0491923, 0.0492661)",0.26850763174900116,-16
positions_liquidated_pct,"[0.0492661, 0.049364)",0.2695960240667334,-16
positions_liquidated_pct,"[0.049364, 0.0494237)",0.27070110656427926,-16
positions_liquidated_pct,"[0.0494237, 0.0495019)",0.27124220247358494,-16
positions_liquidated_pct,"[0.0495019, 0.0495255)",0.2730273036141561,-16
positions_liquidated_pct,"[0.0495255, 0.0496332)",0.2730273036141561,-16
positions_liquidated_pct,"[0.0496332, 0.0496736)",0.2743907471662883,-16
positions_liquidated_pct,"[0.0496736, 0.0497335)",0.27497998683784164,-16
positions_liquidated_pct,"[0.0497335, 0.0497506)",0.277192646540282,-16
positions_liquidated_pct,"[0.0497506, 0.0498185)",0.277192646540282,-16
positions_liquidated_pct,"[0.0498185, 0.049874)",0.2782988727885156,-17
positions_liquidated_pct,"[0.049874, 0.0498915)",0.27900541444162713,-17
positions_liquidated_pct,"[0.0498915, 0.0499617)",0.27954907441231724,-17
positions_liquidated_pct,"[0.0499617, 0.0499798)",0.28057571262909276,-17
positions_liquidated_pct,"[0.0499798, 0.0500245)",0.2815773848436448,-17
positions_liquidated_pct,"[0.0500245, 0.0500642)",0.2819587069520389,-17
positions_liquidated_pct,"[0.0500642, 0.0501378)",0.2819587069520389,-17
positions_liquidated_pct,"[0.0501378, 0.0501882)",0.2819587069520389,-17
positions_liquidated_pct,"[0.0501882, 0.0501968)",0.28319595123822916,-17
positions_liquidated_pct,"[0.0501968, 0.0501988)",0.28319595123822916,-17
positions_liquidated_pct,"[0.0501988, 0.0502416)",0.2834882101000009,-17
positions_liquidated_pct,"[0.0502416, 0.0502851)",0.2841548320979757,-17
positions_liquidated_pct,"[0.0502851, 0.0504016)",0.2841548320979757,-17
positions_liquidated_pct,"[0.0504016, 0.0506597)",0.2841548320979757,-17
positions_liquidated_pct,"[0.0506597, 0.0507196)",0.28473773190272744,-17
positions_liquidated_pct,"[0.0507196, 0.0507681)",0.28633052732972625,-17
positions_liquidated_pct,"[0.0507681, 0.0507917)",0.28633052732972625,-17
positions_liquidated_pct,"[0.0507917, 0.0508216)",0.2877343256288804,-17
positions_liquidated_pct,"[0.0508216, 0.0508307)",0.28999019352335287,-17
positions_liquidated_pct,"[0.0508307, 0.0508442)",0.29038013776904154,-17
positions_liquidated_pct,"[0.0508442, 0.0510654)",0.29038013776904154,-17
positions_liquidated_pct,"[0.0510654, 0.0510863)",0.29038013776904154,-17
positions_liquidated_pct,"[0.0510863, 0.0513723)",0.2907521611138089,-17
positions_liquidated_pct,"[0.0513723, 0.0514715)",0.2924399508576423,-17
positions_liquidated_pct,"[0.0514715, 0.0515375)",0.2935438977720622,-17
positions_liquidated_pct,"[0.0515375, 0.0515937)",0.2935438977720622,-17
positions_liquidated_pct,"[0.0515937, 0.0516563)",0.2956500820354218,-18
positions_liquidated_pct,"[0.0516563, 0.0516757)",0.2956500820354218,-18
positions_liquidated_pct,"[0.0516757, 0.0516933)",0.29607757725549805,-18
positions_liquidated_pct,"[0.0516933, 0.0517662)",0.2977710761788857,-18
positions_liquidated_pct,"[0.0517662, 0.0517793)",0.29861079474231794,-18
positions_liquidated_pct,"[0.0517793, 0.0518678)",0.29889254849908575,-18
positions_liquidated_pct,"[0.0518678, 0.0520182)",0.3003325360379089,-18
positions_liquidated_pct,"[0.0520182, 0.0521649)",0.30096063936744527,-18
positions_liquidated_pct,"[0.0521649, 0.0522251)",0.30345187672191587,-18
positions_liquidated_pct,"[0.0522251, 0.052276)",0.30345187672191587,-18
positions_liquidated_pct,"[0.052276, 0.0522881)",0.30377688700572175,-18
positions_liquidated_pct,"[0.0522881, 0.0523017)",0.30436441420381033,-18
positions_liquidated_pct,"[0.0523017, 0.0523424)",0.30436441420381033,-18
positions_liquidated_pct,"[0.0523424, 0.052345)",0.3066016252075382,-18
positions_liquidated_pct,"[0.052345, 0.0524158)",0.3066016252075382,-18
positions_liquidated_pct,"[0.0524158, 0.0524725)",0.30820034534157487,-18
positions_liquidated_pct,"[0.0524725, 0.0525111)",0.30885593635548403,-18
positions_liquidated_pct,"[0.0525111, 0.0525254)",0.30885593635548403,-18
positions_liquidated_pct,"[0.0525254, 0.0526407)",0.3104796710364004,-18
positions_liquidated_pct,"[0.0526407, 0.052728)",0.3104796710364004,-18
positions_liquidated_pct,"[0.052728, 0.052759)",0.3109279213556019,-18
positions_liquidated_pct,"[0.052759, 0.0528224)",0.31240272698073307,-19
positions_liquidated_pct,"[0.0528224, 0.0528949)",0.31240272698073307,-19
positions_liquidated_pct,"[0.0528949, 0.0529639)",0.3127752716400951,-19
positions_liquidated_pct,"[0.0529639, 0.0530364)",0.3127752716400951,-19
positions_liquidated_pct,"[0.0530364, 0.0530824)",0.31485411436350935,-19
positions_liquidated_pct,"[0.0530824, 0.0530834)",0.31485411436350935,-19
positions_liquidated_pct,"[0.0530834, 0.0531217)",0.31485411436350935,-19
positions_liquidated_pct,"[0.0531217, 0.05318)",0.31485411436350935,-19
positions_liquidated_pct,"[0.05318, 0.0532686)",0.31485411436350935,-19
positions_liquidated_pct,"[0.0532686, 0.0533382)",0.3169221616857679,-19
positions_liquidated_pct,"[0.0533382, 0.0533672)",0.3169221616857679,-19
positions_liquidated_pct,"[0.0533672, 0.0533887)",0.3169221616857679,-19
positions_liquidated_pct,"[0.0533887, 0.0534063)",0.31960099737907616,-19
positions_liquidated_pct,"[0.0534063, 0.0534873)",0.3211808753232487,-19
positions_liquidated_pct,"[0.0534873, 0.0535871)",0.3219769080993624,-19
positions_liquidated_pct,"[0.0535871, 0.053724)",0.3219769080993624,-19
positions_liquidated_pct,"[0.053724, 0.0537641)",0.3219769080993624,-19
positions_liquidated_pct,"[0.0537641, 0.0538745)",0.32235420825757055,-19
positions_liquidated_pct,"[0.0538745, 0.0538914)",0.32235420825757055,-19
positions_liquidated_pct,"[0.0538914, 0.0539387)",0.32235420825757055,-19
positions_liquidated_pct,"[0.0539387, 0.0540109)",0.32304280871837077,-19
positions_liquidated_pct,"[0.0540109, 0.0540268)",0.32345751408170376,-19
positions_liquidated_pct,"[0.0540268, 0.0540687)",0.32538182117034936,-19
positions_liquidated_pct,"[0.0540687, 0.0540921)",0.3280935968452307,-20
positions_liquidated_pct,"[0.0540921, 0.0541505)",0.3280935968452307,-20
positions_liquidated_pct,"[0.0541505, 0.0541923)",0.3289557340309085,-20
positions_liquidated_pct,"[0.0541923, 0.0542571)",0.3299467254252442,-20
positions_liquidated_pct,"[0.0542571, 0.0542727)",0.3328020685912605,-20
positions_liquidated_pct,"[0.0542727, 0.0543053)",0.3353797090291935,-20
positions_liquidated_pct,"[0.0543053, 0.0543951)",0.33578315426627486,-20
positions_liquidated_pct,"[0.0543951, 0.0544175)",0.33578315426627486,-20
positions_liquidated_pct,"[0.0544175, 0.0544423)",0.336175925606814,-20
positions_liquidated_pct,"[0.0544423, 0.0544518)",0.336175925606814,-20
positions_liquidated_pct,"[0.0544518, 0.0544761)",0.33727970279509484,-20
positions_liquidated_pct,"[0.0544761, 0.0545045)",0.33941891544896347,-20
positions_liquidated_pct,"[0.0545045, 0.0545326)",0.34042732071510734,-20
positions_liquidated_pct,"[0.0545326, 0.0545735)",0.34042732071510734,-20
positions_liquidated_pct,"[0.0545735, 0.0546159)",0.34122427002504113,-20
positions_liquidated_pct,"[0.0546159, 0.054663)",0.34122427002504113,-20
positions_liquidated_pct,"[0.054663, 0.0547071)",0.34275441517332567,-20
positions_liquidated_pct,"[0.0547071, 0.0547568)",0.3457352902955139,-21
positions_liquidated_pct,"[0.0547568, 0.0547777)",0.3457352902955139,-21
positions_liquidated_pct,"[0.0547777, 0.0548073)",0.34616405376548137,-21
positions_liquidated_pct,"[0.0548073, 0.0548574)",0.3509300462559739,-21
positions_liquidated_pct,"[0.0548574, 0.0550163)",0.3509300462559739,-21
positions_liquidated_pct,"[0.0550163, 0.0550229)",0.3537482726340054,-21
positions_liquidated_pct,"[0.0550229, 0.0553737)",0.35557014841186424,-21
positions_liquidated_pct,"[0.0553737, 0.0554399)",0.35557014841186424,-21
positions_liquidated_pct,"[0.0554399, 0.0554583)",0.3560912375124039,-21
positions_liquidated_pct,"[0.0554583, 0.0554715)",0.3576781762137079,-21
positions_liquidated_pct,"[0.0554715, 0.0555264)",0.3589409370989133,-21
positions_liquidated_pct,"[0.0555264, 0.0555996)",0.3589409370989133,-21
positions_liquidated_pct,"[0.0555996, 0.0556274)",0.3589409370989133,-21
positions_liquidated_pct,"[0.0556274, 0.0556694)",0.3589409370989133,-21
positions_liquidated_pct,"[0.0556694, 0.0557055)",0.3595682756372372,-21
positions_liquidated_pct,"[0.0557055, 0.055805)",0.3595682756372372,-21
positions_liquidated_pct,"[0.055805, 0.0558925)",0.36075975453842574,-21
positions_liquidated_pct,"[0.0558925, 0.0559713)",0.3613438806575107,-21
positions_liquidated_pct,"[0.0559713, 0.0561803)",0.3624734998550397,-22
positions_liquidated_pct,"[0.0561803, 0.0562529)",0.3624734998550397,-22
positions_liquidated_pct,"[0.0562529, 0.0563862)",0.3628028011898648,-22
positions_liquidated_pct,"[0.0563862, 0.0564594)",0.3647475481390168,-22
positions_liquidated_pct,"[0.0564594, 0.0565406)",0.3647475481390168,-22
positions_liquidated_pct,"[0.0565406, 0.056612)",0.3647475481390168,-22
positions_liquidated_pct,"[0.056612, 0.056844)",0.3647475481390168,-22
positions_liquidated_pct,"[0.056844, 0.0569616)",0.3647475481390168,-22
positions_liquidated_pct,"[0.0569616, 0.0569878)",0.3663152612467943,-22
positions_liquidated_pct,"[0.0569878, 0.0570968)",0.36782596991841204,-22
positions_liquidated_pct,"[0.0570968, 0.0571522)",0.36782596991841204,-22
positions_liquidated_pct,"[0.0571522, 0.0571857)",0.3721131082424369,-22
positions_liquidated_pct,"[0.0571857, 0.0572174)",0.37288606962406384,-22
positions_liquidated_pct,"[0.0572174, 0.0572804)",0.37358592010207314,-22
positions_liquidated_pct,"[0.0572804, 0.0573316)",0.37415863069186206,-22
positions_liquidated_pct,"[0.0573316, 0.0573448)",0.3761011590745278,-22
positions_liquidated_pct,"[0.0573448, 0.0573946)",0.3761011590745278,-22
positions_liquidated_pct,"[0.0573946, 0.0574674)",0.37666434475969784,-22
positions_liquidated_pct,"[0.0574674, 0.0575719)",0.38139216863532166,-23
positions_liquidated_pct,"[0.0575719, 0.05764)",0.38246111110837144,-23
positions_liquidated_pct,"[0.05764, 0.0577045)",0.3850017931030088,-23
positions_liquidated_pct,"[0.0577045, 0.0577826)",0.3850017931030088,-23
positions_liquidated_pct,"[0.0577826, 0.0579501)",0.3855124391883357,-23
positions_liquidated_pct,"[0.0579501, 0.0580381)",0.38680510483001723,-23
positions_liquidated_pct,"[0.0580381, 0.0582351)",0.38680510483001723,-23
positions_liquidated_pct,"[0.0582351, 0.0582807)",0.3882508811568996,-23
positions_liquidated_pct,"[0.0582807, 0.0583449)",0.3882508811568996,-23
positions_liquidated_pct,"[0.0583449, 0.0584368)",0.3893380173999489,-23
positions_liquidated_pct,"[0.0584368, 0.0585262)",0.3910962396684414,-23
positions_liquidated_pct,"[0.0585262, 0.0589115)",0.3910962396684414,-23
positions_liquidated_pct,"[0.0589115, 0.0589178)",0.3921535237462025,-23
positions_liquidated_pct,"[0.0589178, 0.0590316)",0.3956599014609863,-24
positions_liquidated_pct,"[0.0590316, 0.0591184)",0.39671438259449976,-24
positions_liquidated_pct,"[0.0591184, 0.0592106)",0.39955493126868386,-24
positions_liquidated_pct,"[0.0592106, 0.0592405)",0.3999121906018599,-24
positions_liquidated_pct,"[0.0592405, 0.0592714)",0.40393921294664586,-24
positions_liquidated_pct,"[0.0592714, 0.0593877)",0.40393921294664586,-24
positions_liquidated_pct,"[0.0593877, 0.0595345)",0.40726882413667537,-24
positions_liquidated_pct,"[0.0595345, 0.0598992)",0.4091558547290155,-24
positions_liquidated_pct,"[0.0598992, 0.0600727)",0.4091558547290155,-24
positions_liquidated_pct,"[0.0600727, 0.0602445)",0.4128615118888561,-25
positions_liquidated_pct,"[0.0602445, 0.0603)",0.41808771462769834,-25
positions_liquidated_pct,"[0.0603, 0.0604486)",0.41894588220164547,-25
positions_liquidated_pct,"[0.0604486, 0.0604818)",0.41894588220164547,-25
positions_liquidated_pct,"[0.0604818, 0.0605782)",0.42111500483616976,-25
positions_liquidated_pct,"[0.0605782, 0.0606931)",0.42111500483616976,-25
positions_liquidated_pct,"[0.0606931, 0.0608244)",0.42235457904413465,-25
positions_liquidated_pct,"[0.0608244, 0.0609409)",0.42336503535267905,-25
positions_liquidated_pct,"[0.0609409, 0.061117)",0.42336503535267905,-25
positions_liquidated_pct,"[0.061117, 0.0612914)",0.42336503535267905,-25
positions_liquidated_pct,"[0.0612914, 0.0613738)",0.4249912806405478,-25
positions_liquidated_pct,"[0.0613738, 0.0617302)",0.4279008673837119,-25
positions_liquidated_pct,"[0.0617302, 0.0618951)",0.4279008673837119,-25
positions_liquidated_pct,"[0.0618951, 0.0622319)",0.42903117345724073,-26
positions_liquidated_pct,"[0.0622319, 0.0624406)",0.43020648184895893,-26
positions_liquidated_pct,"[0.0624406, 0.0626227)",0.43321315845375186,-26
positions_liquidated_pct,"[0.0626227, 0.0631439)",0.4346222957659959,-26
positions_liquidated_pct,"[0.0631439, 0.0635426)",0.4352395418424043,-26
positions_liquidated_pct,"[0.0635426, 0.064065)",0.435651549837775,-26
positions_liquidated_pct,"[0.064065, 0.0641615)",0.435651549837775,-26
positions_liquidated_pct,"[0.0641615, 0.0643714)",0.4370521170503388,-26
positions_liquidated_pct,"[0.0643714, 0.0646228)",0.43775435237650934,-26
positions_liquidated_pct,"[0.0646228, 0.0654219)",0.4387865273051196,-26
positions_liquidated_pct,"[0.0654219, 0.065679)",0.4387865273051196,-26
positions_liquidated_pct,"[0.065679, 0.065752)",0.440150362558311,-26
positions_liquidated_pct,"[0.065752, 0.0662785)",0.440150362558311,-26
positions_liquidated_pct,"[0.0662785, 0.0668067)",0.440150362558311,-26
positions_liquidated_pct,"[0.0668067, 0.0671035)",0.440150362558311,-26
positions_liquidated_pct,"[0.0671035, 0.0672665)",0.440150362558311,-26
positions_liquidated_pct,"[0.0672665, 0.0687866)",0.440150362558311,-26
positions_liquidated_pct,"[0.0687866, 0.0698021)",0.44155402851109454,-26
positions_liquidated_pct,"[0.0698021, 0.070737)",0.44155402851109454,-26
positions_liquidated_pct,"[0.070737, 0.0710713)",0.44527910157240774,-26
positions_liquidated_pct,"[0.0710713, 0.0711139)",0.44571408208692886,-26
positions_liquidated_pct,"[0.0711139, 0.0715606)",0.4472588239471164,-27
positions_liquidated_pct,"[0.0715606, 0.0717498)",0.4472588239471164,-27
positions_liquidated_pct,"[0.0717498, 0.0723127)",0.4472588239471164,-27
positions_liquidated_pct,"[0.0723127, 0.0725402)",0.44959389279853446,-27
positions_liquidated_pct,"[0.0725402, 0.0730996)",0.4503342799894178,-27
positions_liquidated_pct,"[0.0730996, 0.0734507)",0.45288972601586724,-27
positions_liquidated_pct,"[0.0734507, 0.0744307)",0.45523292254328523,-27
positions_liquidated_pct,"[0.0744307, 0.0747132)",0.45523292254328523,-27
positions_liquidated_pct,"[0.0747132, 0.0750229)",0.458739214475521,-27
positions_liquidated_pct,"[0.0750229, 0.0753744)",0.45936767990561106,-27
positions_liquidated_pct,"[0.0753744, 0.0757693)",0.460970317677988,-27
positions_liquidated_pct,"[0.0757693, 0.0771772)",0.460970317677988,-27
positions_liquidated_pct,"[0.0771772, 0.0772543)",0.4619823929034745,-27
positions_liquidated_pct,"[0.0772543, 0.0773996)",0.4642998819526791,-28
positions_liquidated_pct,"[0.0773996, 0.0776271)",0.46456695131561987,-28
positions_liquidated_pct,"[0.0776271, 0.078044)",0.46494095856709894,-28
positions_liquidated_pct,"[0.078044, 0.078313)",0.46600731097892606,-28
positions_liquidated_pct,"[0.078313, 0.0786736)",0.46600731097892606,-28
positions_liquidated_pct,"[0.0786736, 0.0787137)",0.46600731097892606,-28
positions_liquidated_pct,"[0.0787137, 0.0788241)",0.4667826711939262,-28
positions_liquidated_pct,"[0.0788241, 0.079503)",0.4687792511731129,-28
positions_liquidated_pct,"[0.079503, 0.0796983)",0.4687792511731129,-28
positions_liquidated_pct,"[0.0796983, 0.0807523)",0.4687792511731129,-28
positions_liquidated_pct,"[0.0807523, 0.0818273)",0.4695871996039206,-28
positions_liquidated_pct,"[0.0818273, 0.082524)",0.4734465938077468,-28
positions_liquidated_pct,"[0.082524, 0.0830411)",0.4738755608043591,-28
positions_liquidated_pct,"[0.0830411, 0.0835161)",0.4738755608043591,-28
positions_liquidated_pct,"[0.0835161, 0.0837214)",0.4767956526428145,-28
positions_liquidated_pct,"[0.0837214, 0.0839122)",0.4774051735252779,-28
positions_liquidated_pct,"[0.0839122, 0.0845568)",0.4774051735252779,-28
positions_liquidated_pct,"[0.0845568, 0.0851634)",0.4789591033202744,-28
positions_liquidated_pct,"[0.0851634, 0.0858846)",0.4789591033202744,-28
positions_liquidated_pct,"[0.0858846, 0.0860179)",0.4803369351897299,-29
positions_liquidated_pct,"[0.0860179, 0.0868788)",0.4803369351897299,-29
positions_liquidated_pct,"[0.0868788, 0.0870946)",0.4803369351897299,-29
positions_liquidated_pct,"[0.0870946, 0.0875245)",0.4803369351897299,-29
positions_liquidated_pct,"[0.0875245, 0.08814)",0.4811014759891933,-29
positions_liquidated_pct,"[0.08814, 0.0886931)",0.4835314363861901,-29
positions_liquidated_pct,"[0.0886931, 0.0894001)",0.4835314363861901,-29
positions_liquidated_pct,"[0.0894001, 0.0897059)",0.4840775041757588,-29
positions_liquidated_pct,"[0.0897059, 0.0900677)",0.48515868875278295,-29
positions_liquidated_pct,"[0.0900677, 0.0904672)",0.4860684556921511,-29
positions_liquidated_pct,"[0.0904672, 0.0910212)",0.4864672632547341,-29
positions_liquidated_pct,"[0.0910212, 0.0915037)",0.4864672632547341,-29
positions_liquidated_pct,"[0.0915037, 0.0923664)",0.4904852841318708,-29
positions_liquidated_pct,"[0.0923664, 0.0928486)",0.4904852841318708,-29
positions_liquidated_pct,"[0.0928486, 0.0930794)",0.4904852841318708,-29
positions_liquidated_pct,"[0.0930794, 0.0948652)",0.4904852841318708,-29
positions_liquidated_pct,"[0.0948652, 0.0949311)",0.49329608213259646,-29
positions_liquidated_pct,"[0.0949311, 0.0949826)",0.4939926142824288,-29
positions_liquidated_pct,"[0.0949826, 0.0950245)",0.49474555619437577,-29
positions_liquidated_pct,"[0.0950245, 0.0963911)",0.4982072842748432,-30
positions_liquidated_pct,"[0.0963911, 0.096561)",0.49849257946221864,-30
positions_liquidated_pct,"[0.096561, 0.0968354)",0.49947244838384647,-30
positions_liquidated_pct,"[0.0968354, 0.0969453)",0.5004805320886645,-30
positions_liquidated_pct,"[0.0969453, 0.0972714)",0.5004805320886645,-30
positions_liquidated_pct,"[0.0972714, 0.0984266)",0.5004805320886645,-30
positions_liquidated_pct,"[0.0984266, 0.0992114)",0.5004805320886645,-30
positions_liquidated_pct,"[0.0992114, 0.099823)",0.5036287179430713,-30
positions_liquidated_pct,"[0.099823, 0.100179)",0.5075269315766415,-30
positions_liquidated_pct,"[0.100179, 0.101021)",0.5090598350087527,-30
positions_liquidated_pct,"[0.101021, 0.101303)",0.5090598350087527,-30
positions_liquidated_pct,"[0.101303, 0.103173)",0.5090598350087527,-30
positions_liquidated_pct,"[0.103173, 0.103387)",0.5099186637925893,-30
positions_liquidated_pct,"[0.103387, 0.103404)",0.5106126930147579,-30
positions_liquidated_pct,"[0.103404, 0.10448)",0.5121066843773558,-30
positions_liquidated_pct,"[0.10448, 0.104545)",0.5121066843773558,-30
positions_liquidated_pct,"[0.104545, 0.105149)",0.5121066843773558,-30
positions_liquidated_pct,"[0.105149, 0.105757)",0.5128460805576316,-30
positions_liquidated_pct,"[0.105757, 0.106198)",0.5128460805576316,-30
positions_liquidated_pct,"[0.106198, 0.107311)",0.5145524453393263,-31
positions_liquidated_pct,"[0.107311, 0.109079)",0.5154837393451412,-31
positions_liquidated_pct,"[0.109079, 0.109796)",0.5174560967658214,-31
positions_liquidated_pct,"[0.109796, 0.11116)",0.5191509799842533,-31
positions_liquidated_pct,"[0.11116, 0.111297)",0.5216384001443859,-31
positions_liquidated_pct,"[0.111297, 0.111937)",0.522187954202494,-31
positions_liquidated_pct,"[0.111937, 0.11287)",0.5271292592097763,-31
positions_liquidated_pct,"[0.11287, 0.11309)",0.5285029539910208,-31
positions_liquidated_pct,"[0.11309, 0.11402)",0.5289618956343031,-31
positions_liquidated_pct,"[0.11402, 0.114885)",0.5289618956343031,-31
positions_liquidated_pct,"[0.114885, 0.115247)",0.5289618956343031,-31
positions_liquidated_pct,"[0.115247, 0.115305)",0.5299424465809565,-32
positions_liquidated_pct,"[0.115305, 0.115825)",0.5356977730515589,-32
positions_liquidated_pct,"[0.115825, 0.116131)",0.5356977730515589,-32
positions_liquidated_pct,"[0.116131, 0.116453)",0.5356977730515589,-32
positions_liquidated_pct,"[0.116453, 0.116899)",0.5396831424442791,-32
positions_liquidated_pct,"[0.116899, 0.117095)",0.5396831424442791,-32
positions_liquidated_pct,"[0.117095, 0.117469)",0.5396831424442791,-32
positions_liquidated_pct,"[0.117469, 0.117686)",0.5422950576559478,-32
positions_liquidated_pct,"[0.117686, 0.119162)",0.5422950576559478,-32
positions_liquidated_pct,"[0.119162, 0.119672)",0.5422950576559478,-32
positions_liquidated_pct,"[0.119672, 0.121002)",0.5453843094966792,-32
positions_liquidated_pct,"[0.121002, 0.121338)",0.5453843094966792,-32
positions_liquidated_pct,"[0.121338, 0.12182)",0.5453843094966792,-32
positions_liquidated_pct,"[0.12182, 0.123863)",0.5478648474651814,-33
positions_liquidated_pct,"[0.123863, 0.125086)",0.5478648474651814,-33
positions_liquidated_pct,"[0.125086, 0.125849)",0.5484692844052509,-33
positions_liquidated_pct,"[0.125849, 0.126749)",0.5484692844052509,-33
positions_liquidated_pct,"[0.126749, 0.127825)",0.5494338948338171,-33
positions_liquidated_pct,"[0.127825, 0.128353)",0.5494338948338171,-33
positions_liquidated_pct,"[0.128353, 0.129751)",0.5515660090162285,-33
positions_liquidated_pct,"[0.129751, 0.129831)",0.5562132178702216,-33
positions_liquidated_pct,"[0.129831, 0.129966)",0.5572776922538095,-33
positions_liquidated_pct,"[0.129966, 0.132759)",0.5667743222977828,-34
positions_liquidated_pct,"[0.132759, 0.13291)",0.5667743222977828,-34
positions_liquidated_pct,"[0.13291, 0.133243)",0.5667743222977828,-34
positions_liquidated_pct,"[0.133243, 0.133389)",0.5680252687202638,-34
positions_liquidated_pct,"[0.133389, 0.133639)",0.5684213073997229,-34
positions_liquidated_pct,"[0.133639, 0.133893)",0.5684213073997229,-34
positions_liquidated_pct,"[0.133893, 0.13444)",0.5693858523207888,-34
positions_liquidated_pct,"[0.13444, 0.134907)",0.5706411832527372,-34
positions_liquidated_pct,"[0.134907, 0.13524)",0.5710844525233039,-34
positions_liquidated_pct,"[0.13524, 0.136351)",0.5719440726443994,-34
positions_liquidated_pct,"[0.136351, 0.136934)",0.5719440726443994,-34
positions_liquidated_pct,"[0.136934, 0.137282)",0.5744400135516682,-34
positions_liquidated_pct,"[0.137282, 0.137758)",0.5744400135516682,-34
positions_liquidated_pct,"[0.137758, 0.13832)",0.5747446900947697,-34
positions_liquidated_pct,"[0.13832, 0.138607)",0.576792195954523,-34
positions_liquidated_pct,"[0.138607, 0.138961)",0.576792195954523,-34
positions_liquidated_pct,"[0.138961, 0.139257)",0.576792195954523,-34
positions_liquidated_pct,"[0.139257, 0.140108)",0.5794062080367678,-34
positions_liquidated_pct,"[0.140108, 0.140392)",0.5858232077113876,-35
positions_liquidated_pct,"[0.140392, 0.140637)",0.5863604753972196,-35
positions_liquidated_pct,"[0.140637, 0.141639)",0.5883720495567162,-35
positions_liquidated_pct,"[0.141639, 0.142636)",0.5889408088505546,-35
positions_liquidated_pct,"[0.142636, 0.144319)",0.5901575949554018,-35
positions_liquidated_pct,"[0.144319, 0.145156)",0.5912526846925213,-35
positions_liquidated_pct,"[0.145156, 0.14589)",0.5914668933546833,-35
positions_liquidated_pct,"[0.14589, 0.146542)",0.5919879635153508,-35
positions_liquidated_pct,"[0.146542, 0.147181)",0.5919879635153508,-35
positions_liquidated_pct,"[0.147181, 0.147717)",0.5930195178888442,-35
positions_liquidated_pct,"[0.147717, 0.148813)",0.5930195178888442,-35
positions_liquidated_pct,"[0.148813, 0.150252)",0.5936527098260564,-35
positions_liquidated_pct,"[0.150252, 0.150647)",0.596247262917765,-35
positions_liquidated_pct,"[0.150647, 0.151723)",0.5978017493118144,-36
positions_liquidated_pct,"[0.151723, 0.15215)",0.5978017493118144,-36
positions_liquidated_pct,"[0.15215, 0.153032)",0.5978017493118144,-36
positions_liquidated_pct,"[0.153032, 0.153181)",0.5990181808031148,-36
positions_liquidated_pct,"[0.153181, 0.155015)",0.5990181808031148,-36
positions_liquidated_pct,"[0.155015, 0.15521)",0.5990181808031148,-36
positions_liquidated_pct,"[0.15521, 0.155619)",0.5990181808031148,-36
positions_liquidated_pct,"[0.155619, 0.156081)",0.6011951258882987,-36
positions_liquidated_pct,"[0.156081, 0.156231)",0.6016730616444916,-36
positions_liquidated_pct,"[0.156231, 0.156427)",0.6026939304146222,-36
positions_liquidated_pct,"[0.156427, 0.157058)",0.6026939304146222,-36
positions_liquidated_pct,"[0.157058, 0.157941)",0.607418238552438,-36
positions_liquidated_pct,"[0.157941, 0.158217)",0.607418238552438,-36
positions_liquidated_pct,"[0.158217, 0.158749)",0.6097925204821476,-36
positions_liquidated_pct,"[0.158749, 0.158991)",0.6097925204821476,-36
positions_liquidated_pct,"[0.158991, 0.159421)",0.6097925204821476,-36
positions_liquidated_pct,"[0.159421, 0.160892)",0.6106657372145294,-36
positions_liquidated_pct,"[0.160892, 0.161881)",0.6108873821667609,-36
positions_liquidated_pct,"[0.161881, 0.162308)",0.6132716311322574,-36
positions_liquidated_pct,"[0.162308, 0.163221)",0.6140748274834616,-37
positions_liquidated_pct,"[0.163221, 0.164159)",0.6140748274834616,-37
positions_liquidated_pct,"[0.164159, 0.164707)",0.6140748274834616,-37
positions_liquidated_pct,"[0.164707, 0.16521)",0.6140748274834616,-37
positions_liquidated_pct,"[0.16521, 0.165369)",0.6163634589624817,-37
positions_liquidated_pct,"[0.165369, 0.165938)",0.6163634589624817,-37
positions_liquidated_pct,"[0.165938, 0.167043)",0.6168488437919069,-37
positions_liquidated_pct,"[0.167043, 0.168622)",0.6168488437919069,-37
positions_liquidated_pct,"[0.168622, 0.172393)",0.6180976650079076,-37
positions_liquidated_pct,"[0.172393, 0.173643)",0.6184324220719849,-37
positions_liquidated_pct,"[0.173643, 0.174145)",0.620035009308163,-37
positions_liquidated_pct,"[0.174145, 0.174564)",0.6207551837442945,-37
positions_liquidated_pct,"[0.174564, 0.175697)",0.622991533920247,-37
positions_liquidated_pct,"[0.175697, 0.176278)",0.6239842276393516,-37
positions_liquidated_pct,"[0.176278, 0.176551)",0.6253087036187368,-37
positions_liquidated_pct,"[0.176551, 0.179099)",0.6253087036187368,-37
positions_liquidated_pct,"[0.179099, 0.179903)",0.6259199356749703,-37
positions_liquidated_pct,"[0.179903, 0.181863)",0.6262482203145676,-37
positions_liquidated_pct,"[0.181863, 0.182329)",0.6276311828033895,-37
positions_liquidated_pct,"[0.182329, 0.182699)",0.6276311828033895,-37
positions_liquidated_pct,"[0.182699, 0.182906)",0.6279268938821981,-37
positions_liquidated_pct,"[0.182906, 0.184449)",0.6285519526824876,-37
positions_liquidated_pct,"[0.184449, 0.185506)",0.630648465372316,-37
positions_liquidated_pct,"[0.185506, 0.185779)",0.630648465372316,-37
positions_liquidated_pct,"[0.185779, 0.186376)",0.630648465372316,-37
positions_liquidated_pct,"[0.186376, 0.186853)",0.630648465372316,-37
positions_liquidated_pct,"[0.186853, 0.188639)",0.630648465372316,-37
positions_liquidated_pct,"[0.188639, 0.188997)",0.6336852831041261,-38
positions_liquidated_pct,"[0.188997, 0.190206)",0.6336852831041261,-38
positions_liquidated_pct,"[0.190206, 0.191068)",0.6336852831041261,-38
positions_liquidated_pct,"[0.191068, 0.192022)",0.634362271101894,-38
positions_liquidated_pct,"[0.192022, 0.192183)",0.6353518528721157,-38
positions_liquidated_pct,"[0.192183, 0.192627)",0.6353518528721157,-38
positions_liquidated_pct,"[0.192627, 0.193145)",0.6353518528721157,-38
positions_liquidated_pct,"[0.193145, 0.194462)",0.6353518528721157,-38
positions_liquidated_pct,"[0.194462, 0.195858)",0.6353518528721157,-38
positions_liquidated_pct,"[0.195858, 0.195934)",0.6375200334324556,-38
positions_liquidated_pct,"[0.195934, 0.196435)",0.6391361832978214,-38
positions_liquidated_pct,"[0.196435, 0.196542)",0.6393395826678897,-38
positions_liquidated_pct,"[0.196542, 0.196952)",0.6399263713736741,-38
positions_liquidated_pct,"[0.196952, 0.197062)",0.6410169578544082,-38
positions_liquidated_pct,"[0.197062, 0.197619)",0.6429343828859636,-38
positions_liquidated_pct,"[0.197619, 0.198599)",0.6429343828859636,-38
positions_liquidated_pct,"[0.198599, 0.200036)",0.6436682080247679,-38
positions_liquidated_pct,"[0.200036, 0.201658)",0.6456272903422228,-38
positions_liquidated_pct,"[0.201658, 0.202229)",0.6485078529651112,-39
positions_liquidated_pct,"[0.202229, 0.203818)",0.6485078529651112,-39
positions_liquidated_pct,"[0.203818, 0.204301)",0.6494997683673438,-39
positions_liquidated_pct,"[0.204301, 0.205354)",0.6504470202801763,-39
positions_liquidated_pct,"[0.205354, 0.205614)",0.6507839497937148,-39
positions_liquidated_pct,"[0.205614, 0.210676)",0.6535050554147955,-39
positions_liquidated_pct,"[0.210676, 0.211202)",0.654058127763797,-39
positions_liquidated_pct,"[0.211202, 0.211791)",0.654058127763797,-39
positions_liquidated_pct,"[0.211791, 0.212777)",0.6576015239891433,-39
positions_liquidated_pct,"[0.212777, 0.2132)",0.6576015239891433,-39
positions_liquidated_pct,"[0.2132, 0.213336)",0.6576015239891433,-39
positions_liquidated_pct,"[0.213336, 0.213548)",0.6591162012799959,-39
positions_liquidated_pct,"[0.213548, 0.215596)",0.6591162012799959,-39
positions_liquidated_pct,"[0.215596, 0.216398)",0.6591162012799959,-39
positions_liquidated_pct,"[0.216398, 0.217026)",0.6613086716587616,-39
positions_liquidated_pct,"[0.217026, 0.217984)",0.6613086716587616,-39
positions_liquidated_pct,"[0.217984, 0.21891)",0.6649824194484243,-40
positions_liquidated_pct,"[0.21891, 0.220321)",0.6649824194484243,-40
positions_liquidated_pct,"[0.220321, 0.220765)",0.6655826824845995,-40
positions_liquidated_pct,"[0.220765, 0.221559)",0.6661294269829565,-40
positions_liquidated_pct,"[0.221559, 0.222751)",0.6696369256833317,-40
positions_liquidated_pct,"[0.222751, 0.22686)",0.6733745436932503,-40
positions_liquidated_pct,"[0.22686, 0.227692)",0.6746412520217953,-40
positions_liquidated_pct,"[0.227692, 0.228485)",0.6751000354940074,-40
positions_liquidated_pct,"[0.228485, 0.229077)",0.6774791832149815,-40
positions_liquidated_pct,"[0.229077, 0.230853)",0.6774791832149815,-40
positions_liquidated_pct,"[0.230853, 0.232187)",0.6774791832149815,-40
positions_liquidated_pct,"[0.232187, 0.234382)",0.6806531337766799,-40
positions_liquidated_pct,"[0.234382, 0.236745)",0.6823907796600849,-41
positions_liquidated_pct,"[0.236745, 0.237776)",0.6852096807794001,-41
positions_liquidated_pct,"[0.237776, 0.241309)",0.6857642202097072,-41
positions_liquidated_pct,"[0.241309, 0.242387)",0.6857642202097072,-41
positions_liquidated_pct,"[0.242387, 0.243813)",0.6857642202097072,-41
positions_liquidated_pct,"[0.243813, 0.244006)",0.6865779592467751,-41
positions_liquidated_pct,"[0.244006, 0.245581)",0.6873285900967663,-41
positions_liquidated_pct,"[0.245581, 0.246924)",0.6883326065411045,-41
positions_liquidated_pct,"[0.246924, 0.247493)",0.6883326065411045,-41
positions_liquidated_pct,"[0.247493, 0.25149)",0.6883326065411045,-41
positions_liquidated_pct,"[0.25149, 0.257112)",0.6883326065411045,-41
positions_liquidated_pct,"[0.257112, 0.263978)",0.6883326065411045,-41
positions_liquidated_pct,"[0.263978, 0.272686)",0.6883326065411045,-41
positions_liquidated_pct,"[0.272686, 0.280889)",0.6893035375599711,-41
positions_liquidated_pct,"[0.280889, 0.287189)",0.6912296554943548,-41
positions_liquidated_pct,"[0.287189, 0.291264)",0.6916320632285479,-41
positions_liquidated_pct,"[0.291264, 0.296454)",0.6918703248962865,-41
positions_liquidated_pct,"[0.296454, 0.301533)",0.6921074027628119,-41
positions_liquidated_pct,"[0.301533, 0.307002)",0.6921074027628119,-41
positions_liquidated_pct,"[0.307002, 0.323074)",0.6929530345331023,-41
positions_liquidated_pct,"[0.323074, 0.333229)",0.6939060960344141,-41
positions_liquidated_pct,"[0.333229, 0.337163)",0.6939060960344141,-41
positions_liquidated_pct,"[0.337163, 0.341622)",0.7308482214912586,-43
positions_liquidated_pct,"[0.341622, 0.347786)",0.9598959950952817,-57
positions_liquidated_pct,"[0.347786, 0.371286)",0.9598959950952817,-57
positions_liquidated_pct,"[0.371286, inf)",0.9598959950952817,-57
positions_liquidated_pct,missing,-0.03774379492781246,2
