tree
version=v4
num_class=1
num_tree_per_iteration=1
label_index=0
max_feature_idx=52
objective=binary sigmoid:1
feature_names=segment has_investments has_advisory has_linked_business has_trust has_credit_anchor has_payroll_stream has_pension_stream has_dividend_stream tenure_years history_months relationship_value deposit_balance aum recurring_income_monthly share_of_wallet aum_outflow_90d aum_outflow_pct_90d investment_redemption_pct positions_liquidated_pct aum_vs_baseline_pct cash_pct_of_portfolio_chg fixed_income_maturity_not_reinvested deposit_balance_change_pct_90d deposit_balance_vs_6m_avg_pct net_deposit_flow_pct_90d external_transfer_pct_of_balance_60d new_external_destinations_90d transfer_to_competitor_bank_amount_90d transfer_to_competitor_pct_90d external_transfer_acceleration net_external_flow_pct_90d external_destination_concentration outflow_vs_baseline_pct salary_deposit_stopped_flag pension_deposit_stopped_flag business_payroll_stopped_flag recurring_deposit_stopped_flag recurring_deposit_change_pct products_closed_180d accounts_closed_90d share_of_wallet_change trustee_change_flag complaint_escalated_flag complaint_age_days repeat_complaint_flag relationship_dissatisfaction_flag banker_change_6m_flag contact_gap_ratio client_reply_rate meetings_cancelled_by_client return_vs_benchmark aum_outflow_to_rv_90d
monotone_constraints=0 -1 -1 -1 -1 -1 -1 -1 -1 -1 0 0 0 0 0 -1 1 1 1 1 -1 1 1 -1 -1 -1 1 1 1 1 1 -1 1 1 1 1 1 1 -1 1 1 -1 1 1 1 1 1 1 1 -1 1 -1 1
feature_infos=[0:1] [0:1] [0:1] [0:1] [0:1] [0:1] [0:1] [0:1] [0:1] [0.01:50] [0:24] [1000062.5:903973258.11000001] [1358.28:419923774.56999999] [113383.25:773011257.66999984] [0:2000229.77] [7.7020000000000005e-05:1] [0:463748492.51999998] [0:4.0386336800000002] [0:1.66927256] [0:0.41503371] [-0.94490629999999998:0.30149104999999998] [-0.049948340000000001:0.79272507999999997] [0:1] [-0.97553951000000005:1.83936918] [-0.99669039000000004:2.2034370499999998] [-6.9422209199999996:1.19488449] [0:30.2215822] [0:3] [0:472017112.18000001] [0:18.583368849999999] [-30.70821823:22.017155670000001] [-6.2911977400000003:3.9770067299999998] [0.1737341:1] [-1:6390.5041749100001] [0:1] [0:1] [0:1] [0:1] [-1:3.5607462000000001] [0:6] [0:12] [-0.97255776000000005:0.89451711] [0:1] [0:1] [0:351] [0:1] [0:1] [0:1] [0:12.16666667] [0:1] [0:9] [-0.14548669:0.15569843999999999] [0:10.345068427278374]
tree_sizes=1718 1764 1772 1771 1750 1774 1770 1770 1770 1784 1764 1779 1760 1782 1777 1779 1773 1770 1770 1780 1773 1763 1768 1768 1774 1777 1794 1785 1772 1776 1761 1779 1783 1782 1769 1773 1780 1781 1773 1772 1791 1764 1793 1752 1758 1780 1787 1766 1783 1786 1760 1774 1769 1767 1778 1774 1777 1769 1773 1797 1798 1794 1790 1764 1781 1779 1787 1769 1777 1774 1782 1764 1772 1769 1778 1764 1452 1775 1789 1692 1787 1461 1769 1742 1324 1780 1758 1780 1560 1762 1783 1643 1752 1754 1751 1770 1778 1755 1781 1779 1773 1139 1768 1774 1756 1780 1762

Tree=0
num_leaves=15
num_cat=0
split_feature=29 47 38 38 49 49 24 45 15 47 20 51 38 15
split_gain=600.699 172.956 52.0345 40.5145 39.9463 29.2839 24.1096 19.6447 19.6097 12.9294 12.1284 9.01687 8.1482 9.50713
threshold=0.16090803500000003 1.0000000180025095e-35 -0.28892975999999998 -0.43323413499999991 1.0000000180025095e-35 0.34523809500000008 -0.25236701999999994 1.0000000180025095e-35 0.14643463500000001 1.0000000180025095e-35 -0.041019759999999995 -0.0085642749999999979 0.025315105000000001 0.75130644000000013
decision_type=10 8 10 8 10 10 10 2 2 10 10 8 8 2
left_child=1 4 -2 -3 7 6 -5 8 -1 -4 12 -7 13 -10
right_child=2 3 9 5 -6 11 -8 -9 10 -11 -12 -13 -14 -15
leaf_value=-2.7167043589759925 -2.5788116313969334 -2.6484104983756263 -2.7082734294487096 -2.6702991150468383 -2.7655192671483504 -2.7177265225585541 -2.7154351355399564 -2.7154351355399564 -2.7227076517392526 -2.6395084992550264 -2.7561832954163292 -2.748827037587219 -2.7561832954163292 -2.7561832954163292
leaf_weight=13.501745834946631 16.735357232391838 7.658553309738636 6.467222794890402 7.3749031871557227 272.36084770411253 8.1691235303878766 38.122576475143433 8.793153800070284 25.641971081495289 5.7864625006914139 179.26687747240067 17.983417771756653 12.367145344614981 5.899922549724578
leaf_count=238 295 135 114 130 4801 144 672 155 452 102 3160 317 218 104
internal_value=-2.74473 -2.7513 -2.61371 -2.71031 -2.75763 -2.71817 -2.70388 -2.74883 -2.75057 -2.6703 -2.75273 -2.74361 -2.73871 -2.73068
internal_weight=626.129 597.14 28.989 79.3086 517.832 71.65 45.4975 245.471 236.678 12.2537 223.176 26.1525 43.909 31.5419
internal_count=11037 10526 511 1398 9128 1263 802 4327 4172 216 3934 461 774 556
is_linear=0
shrinkage=1


Tree=1
num_leaves=15
num_cat=0
split_feature=29 47 24 47 29 49 49 15 28 26 51 45 51 48
split_gain=475.458 151.247 47.4348 42.8455 45.8049 35.0582 15.491 12.4795 13.533 9.90694 17.8697 7.67893 6.36399 5.93761
threshold=0.082124625000000021 1.0000000180025095e-35 -0.25607472499999995 1.0000000180025095e-35 0.63650590000000007 0.54772727500000007 0.66894977500000008 0.20947326500000005 56758.705000000009 0.014465895000000001 0.021977000000000003 1.0000000180025095e-35 -0.011300149999999998 2.6055555550000005
decision_type=10 8 8 8 8 10 10 2 10 8 8 2 10 2
left_child=1 5 -3 4 -2 7 9 -1 11 12 -11 13 -4 -9
right_child=3 2 6 -5 -6 -7 -8 8 -10 10 -12 -13 -14 -15
leaf_value=0.0054244843270470772 0.0054244843270470772 0.091767394569335053 0.027730093375679041 0.13842476681732549 0.10777712699869675 -0.022547105833522992 -0.0073038400167256788 -0.013165934656837614 0.0054244843270470772 0.082360260712294353 0.021076398887501055 0.0054244843270470772 0.0054244843270470772 0.0054244843270470772
leaf_weight=40.622931893914938 7.0512988679110977 9.4343410506844503 33.69306127727031 18.878301184624434 8.2339820265769958 179.05061992257833 12.465006433427332 228.02340237796307 43.798659697175026 6.8878237679600698 8.3369636423885805 8.555834233760832 12.266122277826076 7.4890149571001521
leaf_count=714 116 157 577 294 132 3214 217 4060 778 118 143 148 211 133
internal_value=0.000623192 -0.00574782 0.0315384 0.107797 0.063793 -0.0119015 0.0226972 -0.00604809 -0.00832735 0.0288285 0.0494885 -0.0110901 0.0210764 -0.0122374
internal_weight=624.787 590.624 83.0833 34.1636 15.2853 507.54 73.649 328.49 287.867 61.184 15.2248 244.068 45.9592 235.512
internal_count=11012 10470 1423 542 248 9047 1266 5833 5119 1049 261 4341 788 4193
is_linear=0
shrinkage=0.03


Tree=2
num_leaves=15
num_cat=0
split_feature=29 47 49 24 47 15 43 29 9 25 49 39 14 14
split_gain=386.106 153.994 41.9531 36.1684 35.6096 18.3321 12.873 11.7181 9.80543 9.71464 8.29017 8.4875 6.53564 8.10225
threshold=0.082124625000000021 1.0000000180025095e-35 1.0000000180025095e-35 -0.25607472499999995 1.0000000180025095e-35 0.14643463500000001 1.0000000180025095e-35 0.63650590000000007 9.7650000000000023 -0.37750092499999993 0.39230769000000004 1.0000000180025095e-35 6851.1500000000005 10648.145000000002
decision_type=10 8 10 8 8 2 2 8 2 10 10 8 2 2
left_child=1 2 5 -3 7 -1 8 -2 9 -7 11 -5 -11 -14
right_child=4 3 -4 10 -6 6 -8 -9 -10 12 -12 -13 13 -15
leaf_value=0.024116007569238568 0.020928589751376549 0.085186519655272103 -0.020324983404690768 0.025428024506400179 0.11624702404434598 0.020928589751376549 0.023075260314580189 0.074605229656209582 -0.015056457710144177 -0.015056457710144177 0.010270450374308982 0.062712480604540821 0.020928589751376549 -0.0037422031397120587
leaf_weight=14.256975866854189 7.5238549448549774 9.2368286550044996 264.55263441056013 40.263921394944191 22.001447327435017 8.5508577190339548 12.669626437127588 8.8362907990813238 82.824460312724113 18.656322259455919 26.742037434130907 6.2994490154087535 9.1101497411727888 102.41860472783446
leaf_count=244 123 142 4824 671 305 152 223 130 1479 334 462 103 163 1830
internal_value=0.000101489 -0.00590303 -0.0120334 0.0318879 0.0911061 -0.00315959 -0.00523804 0.0525474 -0.00695351 -0.00204297 0.024116 0.0316846 -0.00421251 -0.00122269
internal_weight=633.943 595.582 513.04 82.5422 38.3616 248.487 234.23 16.3601 221.56 138.736 73.3054 46.5634 130.185 111.529
internal_count=11185 10627 9249 1378 558 4425 4181 253 3958 2479 1236 774 2327 1993
is_linear=0
shrinkage=0.03


Tree=3
num_leaves=15
num_cat=0
split_feature=47 24 20 49 15 38 30 45 28 9 21 24 51 51
split_gain=345.299 117.877 57.2262 34.2613 25.3888 17.1371 15.5467 13.07 9.88615 8.32635 5.64742 5.83166 5.08451 5.39038
threshold=1.0000000180025095e-35 -0.25607472499999995 -0.19577967999999998 0.40833333500000007 0.15051148 -0.33812828499999997 -0.00019026999999999998 1.0000000180025095e-35 348120.07500000007 9.7650000000000023 0.15696071500000003 -0.25236701999999994 -0.041881289999999995 -0.056790574999999989
decision_type=8 8 8 10 2 8 10 2 10 2 10 8 10 8
left_child=2 6 -1 4 -4 -3 -2 8 9 10 11 -6 -13 -11
right_child=1 5 3 -5 7 -7 -8 -9 -10 13 -12 12 -14 -15
leaf_value=0.027762831233690388 0.064885817141142277 0.064885817141142277 0.027762831233690388 -0.021552876955074383 0.012362465998028491 0.027762831233690388 0.11590522246168868 0.023680083471015724 0.023680083471015724 -0.0034370949768079639 0.020796245755718291 -0.0034370949768079639 -0.014734057086908062 -0.019355798198108346
leaf_weight=19.804812487214804 12.894225761294367 10.750947400927542 18.063808500766754 209.63381789252162 11.918037250638006 67.444857075810432 18.393274836242199 10.350979849696158 5.5907387398183337 6.4382194466888905 5.8680162839591494 77.100734367966652 67.366609208285809 90.273734949529171
leaf_count=319 170 163 304 3896 212 1115 241 177 93 117 105 1386 1217 1638
internal_value=-9.01206e-05 0.0481029 -0.0102627 -0.0123197 -0.00566205 0.0277628 0.096504 -0.00795802 -0.0092804 -0.0101746 -0.00596147 -0.00709125 -0.00877006 -0.0171096
internal_weight=631.893 109.483 522.41 502.605 292.971 78.1958 31.2875 274.907 264.556 258.965 162.253 156.385 144.467 96.712
internal_count=11153 1689 9464 9145 5249 1278 411 4945 4768 4675 2920 2815 2603 1755
is_linear=0
shrinkage=0.03


Tree=4
num_leaves=15
num_cat=0
split_feature=39 28 49 24 21 39 15 3 21 23 9 21 50 34
split_gain=300.08 120.898 47.4499 25.4169 11.4898 12.9147 10.9972 10.8406 6.34321 5.7564 5.1299 5.06173 3.78206 9.71754
threshold=1.5000000000000002 1495654.6900000002 0.54772727500000007 -0.25236701999999994 0.038337255000000008 1.0000000180025095e-35 0.51979703500000018 1.0000000180025095e-35 0.15696071500000003 0.24598247000000004 6.5650000000000004 0.024920630000000003 1.5000000000000002 inf
decision_type=10 10 10 10 10 8 2 2 10 10 2 10 8 8
left_child=1 2 3 4 5 10 7 8 9 -5 -1 -4 -2 -14
right_child=12 -3 11 6 -6 -7 -8 -9 -10 -11 -12 -13 13 -15
leaf_value=0.021432186409335374 0.079180295640681617 0.079180295640681617 -0.020847014806751961 0.0036310303269148189 0.050165839657940359 0.047410793175919688 -0.0097271514241324061 -0.0097271514241324061 0.030155895800095603 -0.0097271514241324061 0.0036310303269148189 -0.0097271514241324061 0.079180295640681617 0.13480502337985439
leaf_weight=13.611465681344272 8.8955971635878104 14.026371605694292 171.53109790757298 123.44694830477238 8.1212950684130174 6.551327869296073 152.0081289447844 48.713955644518137 7.7212157621979705 12.03634040802717 18.212532266974449 28.664938755333424 9.3551367111504096 9.2204334326088411
leaf_count=227 118 183 3204 2190 126 99 2730 863 133 214 309 532 120 122
internal_value=-0.000397479 -0.0048714 -0.00699797 -0.000896596 0.0196809 0.0121192 -0.00372753 0.00105023 0.00363103 0.00363103 0.00363103 -0.0188333 0.0947867 0.108308
internal_weight=632.117 604.646 590.619 390.423 46.4966 38.3753 343.927 191.918 143.205 135.483 31.824 200.196 27.4712 18.5756
internal_count=11170 10810 10627 6891 761 635 6130 3400 2537 2404 536 3736 360 242
is_linear=0
shrinkage=0.03


Tree=5
num_leaves=15
num_cat=0
split_feature=47 29 29 49 38 48 15 38 9 51 15 38 26 30
split_gain=319.479 95.4659 64.1685 27.3117 26.7891 19.877 14.4338 14.74 9.49485 6.87527 6.57375 4.89365 4.4923 4.16471
threshold=1.0000000180025095e-35 0.057455345000000012 0.16090803500000003 1.0000000180025095e-35 -0.50389762999999987 0.41666666500000005 0.20947326500000005 -0.085775189999999987 11.605000000000002 -0.04441668499999999 0.19793253500000005 -0.068416624999999995 0.019116650000000002 0.0016657550000000003
decision_type=10 10 10 10 8 2 2 8 2 10 2 8 10 10
left_child=2 4 3 6 -2 -6 7 -1 9 11 -5 -8 13 -13
right_child=1 -3 -4 10 5 -7 8 -9 -10 -11 -12 12 -14 -15
leaf_value=0.046880598684028767 0.082857452933790848 0.093543419405710995 0.046880598684028767 -0.0032911515526584077 0.011051126253695606 0.042489913598815134 0.013951707847443076 0.0024896121793080697 -0.017692118027884444 -0.010222193999499016 -0.020171325674490922 -0.010222193999499016 0.0024896121793080697 0.0024896121793080697
leaf_weight=7.1632572822272778 6.8216220661997795 27.621069028973579 16.381523557007313 23.268236421048641 46.952988334000111 29.532591339200735 22.592819016426802 25.135697156190872 58.484423745423555 72.545370183885098 232.08489247784019 31.111225482076406 8.5377725027501565 19.933008354157209
leaf_count=121 96 303 221 437 755 458 403 426 1073 1317 4431 555 152 356
internal_value=7.23134e-05 0.0460353 -0.00985484 -0.0118002 0.029361 0.023582 -0.00462675 0.0110511 -0.00749809 -0.00355587 -0.018652 0.00238143 -0.00216377 -0.0076598
internal_weight=628.166 110.928 517.238 500.857 83.3072 76.4856 245.504 32.299 213.205 154.72 255.353 82.1748 59.582 51.0442
internal_count=11104 1612 9492 9271 1309 1213 4403 547 3856 2783 4868 1466 1063 911
is_linear=0
shrinkage=0.03


Tree=6
num_leaves=15
num_cat=0
split_feature=29 47 38 38 15 23 9 26 21 12 51 51 28 51
split_gain=255.186 115.743 29.1825 19.0304 15.562 14.678 10.8325 9.2921 8.80127 7.50432 7.14217 6.83858 6.39724 5.75292
threshold=0.082124625000000021 1.0000000180025095e-35 -0.33812828499999997 -0.32600441499999994 0.14643463500000001 -0.11173122499999999 9.7650000000000023 0.0077308650000000008 0.15696071500000003 1000585.4300000001 -0.055945684999999995 -0.043331109999999992 51921.265000000007 -0.055945684999999995
decision_type=10 8 8 10 2 8 2 10 10 2 10 8 10 8
left_child=1 4 -3 9 -1 7 8 -4 11 -2 13 -6 -13 -8
right_child=3 2 5 -5 6 -7 10 -9 -10 -11 -12 12 -14 -15
leaf_value=0.011061065699878362 0.064506881695546983 0.064506881695546983 0.011061065699878362 0.039169279741449813 0.0028131733640943393 0.011061065699878362 0.0028131733640943393 0.039169279741449813 0.011061065699878362 0.097746866076281538 -0.024659431300319102 -0.012138859410094139 -0.00055903017993252653 -0.015461079009303404
leaf_weight=25.517337862402201 12.155938245356085 13.545264825224875 9.4147287607193011 18.970213614404202 31.963642667979002 55.153582792729139 12.269156359136103 12.609147023409603 10.609640955924986 16.616371210664511 87.907806795090437 208.36073635146022 43.207569394260645 70.825612634420395
leaf_count=438 133 186 140 231 593 882 229 183 191 177 1677 3920 805 1345
internal_value=-0.000139463 -0.005658 0.025294 0.0657998 -0.0114208 0.0176747 -0.0126752 0.038035 -0.00913203 0.0814525 -0.0186813 -0.0101812 -0.0118369 -0.0121389
internal_weight=629.127 581.384 90.7227 47.7425 490.662 77.1775 465.144 22.0239 294.142 28.7723 171.003 283.532 251.568 83.0948
internal_count=11130 10589 1391 541 9198 1205 8760 323 5509 310 3251 5318 4725 1574
is_linear=0
shrinkage=0.03


Tree=7
num_leaves=15
num_cat=0
split_feature=47 29 26 49 24 26 15 21 15 13 13 48 49 13
split_gain=258.249 68.5006 57.9015 32.1292 20.0443 13.8969 14.0332 7.00944 5.90566 5.87963 5.10691 6.57667 4.48425 4.2494
threshold=1.0000000180025095e-35 0.057455345000000012 0.061015990000000013 0.18333333500000001 -0.25236701999999994 0.014465895000000001 0.41429753000000008 0.013210520000000002 0.20947326500000005 1771047.9900000002 9339067.5900000017 0.99444444500000018 0.54772727500000007 3135931.2650000006
decision_type=8 10 10 10 8 10 2 8 2 10 10 2 8 8
left_child=2 4 3 8 -2 -6 7 -4 -1 -10 11 -11 -5 -3
right_child=1 13 6 12 5 -7 -8 -9 9 10 -12 -13 -14 -15
leaf_value=0.0076126361649079995 0.061399763124029338 0.096237369537386208 0.016831214312047916 -0.013847669447081537 0.011312006085653257 0.041338672124890279 -0.0044503891980281346 0.041338672124890279 -0.0044503891980281346 -0.019196974729634709 -0.0044503891980281346 -0.0044503891980281346 -0.0229929966001787 0.061399763124029338
leaf_weight=30.824569638818502 13.018932987004517 11.013783395290377 12.420289419591427 77.81249076500535 62.426902607083321 17.359524182975292 6.6004347726702681 11.799785315990452 72.178957380354404 75.198281165212393 30.774573784321547 25.397895433008671 161.37150211259723 20.452840551733971
leaf_count=519 160 108 182 1488 973 263 109 161 1327 1397 566 468 3202 196
internal_value=-0.000187769 0.0383717 -0.00974542 -0.0123742 0.0249155 0.0249155 0.0249155 0.0400321 -0.00445039 -0.00630544 -0.0111916 -0.0146799 -0.0200878 0.0760689
internal_weight=628.651 124.272 504.379 473.558 92.8054 79.7864 30.8205 24.2201 234.374 203.55 131.371 100.596 239.184 31.4666
internal_count=11119 1700 9419 8967 1396 1236 452 343 4277 3758 2431 1865 4690 304
is_linear=0
shrinkage=0.03


Tree=8
num_leaves=15
num_cat=0
split_feature=29 47 49 38 38 48 41 17 38 9 38 21 39 47
split_gain=233.044 106.893 26.6376 18.2833 16.151 16.6483 13.5642 11.0869 13.0099 9.71131 6.85144 6.32117 5.86161 5.35059
threshold=0.16090803500000003 1.0000000180025095e-35 0.54772727500000007 -0.28892975999999998 -0.62782736999999988 0.20555555500000003 0.023007875000000004 0.013955395000000002 -0.066494479999999981 9.4950000000000028 -0.35025170499999997 -0.0037510249999999994 2.5000000000000004 1.0000000180025095e-35
decision_type=10 8 10 10 8 2 8 8 8 2 8 10 8 8
left_child=1 2 7 12 -3 -6 -7 9 -9 10 -1 -12 -2 -5
right_child=3 4 -4 13 5 6 -8 8 -10 -11 11 -13 -14 -15
leaf_value=0.015700677778701586 0.064847502927969064 0.064847502927969064 -0.020977301338786798 0.018608083787401541 0.0031335269938500519 0.035491447923910839 0.0036740148922435501 0.018608083787401541 -0.0047176553299202459 -0.017972633008896691 -0.017972633008896691 -0.0047176553299202459 0.097257269737895155 0.049121312775965015
leaf_weight=12.279089223593472 20.064494796097282 6.9923016056418419 162.16065479815006 8.9822950959205645 34.658424887806177 39.913871832191944 14.074375804513691 29.336154576390982 73.145267631858587 81.75490515306592 34.276503551751375 87.008657556027174 11.347119957208632 10.953668840229509
leaf_count=222 196 83 3280 118 537 571 214 530 1342 1559 640 1611 105 105
internal_value=0.000162698 -0.00533985 -0.0111164 0.0607693 0.0234649 0.0195137 0.029781 -0.00603484 0.00207483 -0.0098864 -0.00484002 -0.00703098 0.0752223 0.0354914
internal_weight=626.948 575.6 479.961 51.3476 95.639 88.6467 53.9882 317.801 102.481 215.319 133.564 121.285 31.4116 19.936
internal_count=11113 10589 9184 524 1405 1322 785 5904 1872 4032 2473 2251 301 223
is_linear=0
shrinkage=0.03


Tree=9
num_leaves=15
num_cat=0
split_feature=39 26 49 41 43 23 48 51 9 29 20 32 20 21
split_gain=197.164 76.6244 43.1205 26.5753 21.399 10.385 9.0855 8.10071 6.63199 6.0552 7.09781 3.86536 4.53194 3.68285
threshold=1.5000000000000002 0.17825018500000003 0.34523809500000008 -0.26063384999999994 1.0000000180025095e-35 -0.30015885999999997 0.5388888850000001 0.033750155000000011 11.875000000000002 0.020203500000000003 0.0023333450000000006 0.29177288000000007 -0.024422669999999997 -0.011983759999999998
decision_type=10 8 10 10 2 10 2 10 2 10 8 10 8 8
left_child=1 2 4 -3 5 -1 -5 8 9 11 -11 -7 -13 -14
right_child=-2 3 -4 6 -6 7 -8 -9 -10 10 -12 12 13 -15
leaf_value=0.018169584062125328 0.067400626605996661 0.067400626605996661 -0.017035239552209407 0.018169584062125328 0.018169584062125328 -0.0099331941618946949 0.044886027383668696 -0.017035239552209407 -0.0099331941618946949 0.018169584062125328 -0.0011010062880492794 0.017713315037022719 -0.0099331941618946949 -0.0011010062880492794
leaf_weight=14.510716788470743 35.704992301762104 11.685477022081612 227.96547666564584 13.862978320568802 19.962603241205215 13.349817804992197 10.918553438037632 23.042265456169844 68.82952581346035 11.699128489941357 10.896737165749075 11.71904284134507 13.002282802015541 136.17728860676289
leaf_count=227 360 132 4507 190 330 239 128 425 1267 199 190 206 233 2440
internal_value=-5.80935e-05 -0.00426455 -0.00707485 0.0372649 -1.83013e-05 -0.00224844 0.0181696 -0.00353702 -0.00198955 0.000824225 0.0150881 -0.00110101 -0.00110101 -0.00110101
internal_weight=623.327 587.622 551.155 36.467 323.189 303.227 24.7815 288.716 265.674 196.844 22.5959 174.248 160.899 149.18
internal_count=11073 10713 10263 450 5756 5426 318 5199 4774 3507 389 3118 2879 2673
is_linear=0
shrinkage=0.03


Tree=10
num_leaves=15
num_cat=0
split_feature=47 26 24 38 48 26 15 38 51 48 19 51 15 48
split_gain=211.753 53.182 48.9128 17.579 15.863 16.8653 11.8973 7.34566 6.69913 5.10612 4.86982 2.77143 2.70664 2.37795
threshold=1.0000000180025095e-35 0.061015990000000013 -0.48988367499999991 -0.62782736999999988 0.81666666500000018 0.018288145000000002 0.19793253500000005 -0.30097784999999994 0.033750155000000011 2.5611111150000005 0.034655950000000012 0.040595235000000007 0.5292945750000001 0.67222222500000017
decision_type=10 8 10 8 2 10 2 8 8 2 8 10 2 2
left_child=1 4 10 -4 8 6 -6 -3 12 -8 -2 -10 -1 -9
right_child=2 7 3 -5 5 -7 9 13 11 -11 -12 -13 -14 -15
leaf_value=-0.01086538561074302 0.059721656576534603 0.050051052621610713 0.059721656576534603 0.025346927646748216 0.024357422888236949 0.025346927646748216 -0.01086538561074302 0.0052289015254353083 -0.017336735739155392 0.012151785030667991 0.08937689141506297 -0.028324593446330891 -0.01653755670864579 0.025346927646748216
leaf_weight=106.39972861111164 12.401036456227304 10.885354138910769 13.09543776512146 90.026284761726856 9.1372251957654935 10.302642263472078 55.075133193284273 15.825144011527302 167.97627000883222 7.9011671543121329 11.836769230663775 26.464740976691246 78.383144900202751 8.4382445961236936
leaf_count=2081 109 121 127 1287 152 189 1036 248 3289 144 100 534 1570 113
internal_value=-0.000894229 -0.0097519 0.0334635 0.0253469 -0.0124733 -0.000534869 -0.00596845 0.0253469 -0.0150596 -0.0106804 0.0712249 -0.0189695 -0.0108654 0.0253469
internal_weight=624.148 496.789 127.36 103.122 461.64 82.4162 72.1135 35.1487 379.224 62.9763 24.2378 194.441 184.783 24.2634
internal_count=11100 9477 1623 1414 8995 1521 1332 482 7474 1180 209 3823 3651 361
is_linear=0
shrinkage=0.03


Tree=11
num_leaves=15
num_cat=0
split_feature=47 49 28 28 51 26 30 49 43 12 23 49 38 38
split_gain=161.679 48.9748 37.7153 34.0367 16.1785 14.8868 11.2929 5.46015 4.93678 6.42552 5.68733 4.7497 3.99656 4.47909
threshold=1.0000000180025095e-35 1.0000000180025095e-35 306127.88500000007 169113.12000000002 -0.04441668499999999 0.019116650000000002 -0.00046980499999999995 0.54772727500000007 1.0000000180025095e-35 371476.38000000006 -0.26499957999999996 0.58578431000000009 -0.30097784999999994 -0.36907913999999992
decision_type=8 10 10 10 10 10 10 10 2 2 8 10 8 8
left_child=1 2 4 11 5 8 -5 -3 9 -1 -11 -2 -12 -6
right_child=3 7 -4 6 13 -7 -8 -9 -10 10 12 -13 -14 -15
leaf_value=0.01870401988235397 0.022475511078791831 -0.011387137209328851 0.028775082119480204 0.028775082119480204 0.007800025385249626 0.01870401988235397 0.063982080171062189 -0.021200413796900911 0.01870401988235397 0.01870401988235397 0.011054695676013726 0.006485484659694213 -0.0087973933775173565 -0.011387137209328851
leaf_weight=9.3185492455959302 71.895226668566465 81.551096986979246 17.939576171338558 14.027631621807812 10.385496374219654 17.456312496215105 25.399565778672695 158.10247050225735 7.2840719707310191 5.6056400835514069 9.5134563297033292 23.031336013227701 74.68286170810461 99.020699203014374
leaf_count=173 979 1591 209 122 189 303 214 3341 126 97 169 355 1396 1877
internal_value=-0.000260649 -0.00825039 0.00101116 0.0287751 -0.00250258 0.00490728 0.0519601 -0.0179223 1.47348e-05 -0.00185256 -0.00439317 0.018704 -0.00645085 -0.0108599
internal_weight=625.214 490.86 251.207 134.354 233.267 123.861 39.4272 239.654 106.405 99.1205 89.802 94.9266 84.1963 109.406
internal_count=11141 9471 4539 1670 4330 2264 336 4932 1961 1835 1662 1334 1565 2066
is_linear=0
shrinkage=0.03


Tree=12
num_leaves=15
num_cat=0
split_feature=47 29 44 49 29 38 48 16 49 38 29 24 49 11
split_gain=170.288 46.5222 34.6997 30.8057 17.2092 12.6676 8.17308 8.15088 6.89268 3.62946 2.89859 2.31283 1.54866 0.985428
threshold=1.0000000180025095e-35 0.63650590000000007 6.5000000000000009 0.18333333500000001 0.010607715000000002 -0.35025170499999997 0.79444444500000011 64874.37000000001 0.66894977500000008 -0.33812828499999997 0.013119100000000002 0.018198325000000005 0.53137254500000008 7071277.8100000015
decision_type=8 10 2 10 10 8 2 10 8 8 10 8 8 2
left_child=1 3 4 5 -2 10 9 -5 12 -6 11 -1 -9 -10
right_child=2 -3 -4 7 6 -7 -8 8 13 -11 -12 -13 -14 -15
leaf_value=0.012750217660880418 0.012750217660880418 0.029334542696820003 0.07970547791866929 -0.020747070985695785 0.045728508211266262 -0.0052764333441834895 0.053620423162887586 0.0112574256650423 -0.0057644221982030321 0.029334542696820003 0.029334542696820003 0.0045449313680999961 -0.0052764333441834895 -0.020747070985695785
leaf_weight=10.098684728145599 63.275977719575167 14.158142246305941 11.647756639868019 190.2710943557322 15.020614750683306 212.58682112768292 16.715864934027195 12.979244995862247 4.8715984299778912 28.656852912157774 8.5527430623769742 7.23344705998898 10.900229521095751 10.597010981291531
leaf_count=176 895 143 114 4023 128 3963 155 249 103 362 131 131 230 227
internal_value=-0.00027872 -0.00863159 0.0293345 -0.0103646 0.0293345 -0.00279158 0.0353649 -0.0181834 -0.00557981 0.0293345 0.0127502 0.00907508 0.00454493 -0.0205366
internal_weight=617.566 482.249 135.317 468.091 123.669 238.472 60.3933 229.619 39.3481 43.6775 25.8849 17.3321 23.8795 15.4686
internal_count=11030 9376 1654 9233 1540 4401 645 4832 809 490 438 307 479 330
is_linear=0
shrinkage=0.03


Tree=13
num_leaves=15
num_cat=0
split_feature=39 47 49 23 31 45 21 15 21 26 16 21 26 23
split_gain=146.036 73.9053 27.8786 23.9337 15.5183 12.7138 9.78392 7.54068 6.82261 6.77232 5.44143 4.93735 4.90961 3.88339
threshold=1.5000000000000002 1.0000000180025095e-35 1.0000000180025095e-35 -0.20032713499999996 -0.010738649999999997 1.0000000180025095e-35 0.024920630000000003 0.14643463500000001 0.024920630000000003 0.015689145000000005 109349.86000000002 0.0084063800000000032 0.019116650000000002 0.085387975000000019
decision_type=10 8 10 8 10 2 8 2 10 10 10 8 10 10
left_child=1 2 4 6 -1 7 -3 -6 10 -5 -4 -2 -9 -14
right_child=11 3 8 9 5 -7 -8 12 -10 -11 -12 -13 13 -15
leaf_value=0.008787237040099715 0.035118118159739316 0.020116845234584506 -0.02217744860327038 0.008787237040099715 0.008787237040099715 0.008787237040099715 0.052139162191737733 -0.010104716905113413 -0.010104716905113413 0.020116845234584506 -0.010104716905113413 0.061124347960099246 0.008787237040099715 -0.010104716905113413
leaf_weight=33.746486116200686 16.23828998208046 13.475248031318186 168.80577199533582 66.714497469365597 12.846817031502722 8.4569826424121839 12.994253281503918 166.84792951121926 35.378798730671406 18.574719116091728 25.081087950617075 25.852481056004763 13.326580096036198 7.2637417390942565
leaf_count=531 148 140 3635 958 204 144 118 3205 738 234 508 223 244 135
internal_value=-0.0011612 -0.00508856 -0.0102862 0.0167483 -0.00317251 -0.00647731 0.0411466 -0.00853404 -0.0177637 0.00878724 -0.0201715 0.0521392 -0.0101047 0.00436552
internal_weight=625.604 583.513 471.754 111.759 242.489 208.742 26.4695 200.285 229.266 85.2892 193.887 42.0908 187.438 20.5903
internal_count=11165 10794 9344 1450 4463 3932 258 3788 4881 1192 4143 371 3584 379
is_linear=0
shrinkage=0.03


Tree=14
num_leaves=15
num_cat=0
split_feature=47 20 24 48 50 29 45 15 45 9 11 14 13 13
split_gain=137.941 48.1305 22.087 19.5318 19.5827 13.0824 10.9375 7.24888 6.27843 6.18311 5.91093 6.30455 4.10004 7.35924
threshold=1.0000000180025095e-35 -0.19577967999999998 -0.48988367499999991 0.36111111500000004 1.0000000180025095e-35 0.043433620000000006 1.0000000180025095e-35 0.44577875000000006 1.0000000180025095e-35 11.605000000000002 2132172.3350000004 100316.37000000001 7561031.5700000012 4213852.4900000012
decision_type=10 8 8 2 10 10 2 2 2 2 2 2 10 10
left_child=1 -1 -2 8 5 6 7 9 -3 10 -5 12 13 -12
right_child=2 3 -4 4 -6 -7 -8 -9 -10 -11 11 -13 -14 -15
leaf_value=0.025327641895644668 0.052071325369443776 -0.016480935053112173 0.025327641895644668 0.021154190533704563 0.024879364522049478 0.024879364522049478 0.024879364522049478 -0.015742751230137891 0.011804629411209579 -0.015742751230137891 -0.010250380259628915 0.024879364522049478 -0.015742751230137891 0.022308849394902741
leaf_weight=26.189281906932592 27.690000414848328 260.72251406684518 114.15269830822945 10.916263241320847 19.122215636074543 6.8780256956815711 6.6579171456396571 82.802530657500029 6.5848255753517142 20.76896445453167 19.943590544164184 5.3745459616184226 9.1493227668106538 7.9045756980776778
leaf_count=340 204 5451 1446 201 358 92 115 1646 120 409 374 103 174 150
internal_value=-0.000578359 -0.00822256 0.0253276 -0.0105335 -0.00314202 -0.00641346 -0.00821913 -0.00987683 -0.0157428 -0.00299164 0.00247435 -0.0027149 -0.00728838 -0.000555631
internal_weight=624.857 483.015 141.843 456.825 189.518 170.396 163.518 156.86 267.307 74.0573 53.2883 42.372 36.9975 27.8482
internal_count=11183 9533 1650 9193 3622 3264 3172 3057 5571 1411 1002 801 698 524
is_linear=0
shrinkage=0.03


Tree=15
num_leaves=15
num_cat=0
split_feature=47 26 44 49 26 15 51 15 38 9 28 51 51 13
split_gain=115.684 42.584 30.9889 29.0672 17.233 14.1395 9.75021 6.02675 5.13652 4.89056 5.59452 2.3099 2.00831 2.18227
threshold=1.0000000180025095e-35 0.061015990000000013 1.5000000000000002 0.54772727500000007 0.0074076450000000009 0.35561623000000003 0.032178535000000001 0.20947326500000005 -0.33812828499999997 9.4450000000000021 27885.310000000001 1.0000000180025095e-35 -0.058281889999999996 1115970.7900000003
decision_type=10 10 2 10 10 2 10 2 10 2 10 10 8 8
left_child=1 3 4 6 -2 -3 7 -1 -6 -9 12 -5 -11 -14
right_child=2 5 -4 11 8 -7 -8 9 -10 10 -12 -13 13 -15
leaf_value=0.0022045205491263574 0.0022045205491263574 0.025687623761822407 0.066597708518780302 -0.017880737130582431 0.038101700956060774 -0.0040639841815352726 -0.020397683662264573 -0.0040639841815352726 0.025687623761822407 -0.0040639841815352726 -0.0040639841815352726 -0.027356423421611108 -0.0040639841815352726 -0.017880737130582431
leaf_weight=35.318564735352993 41.133261859416962 24.427837584167719 14.360051661729811 109.56356010958552 33.279048889875412 9.7873378284275514 23.749148488044739 150.72345361113548 56.048364989459515 5.2393851689994335 26.338877134025097 36.059136338531971 6.694228157401084 50.042397826910019
leaf_count=615 555 293 125 2479 276 150 482 2900 687 102 523 824 138 1026
internal_value=0.00016878 -0.00695456 0.023564 -0.00945818 0.023564 0.023564 -0.00406398 -0.00406398 0.0256876 -0.00459883 -0.0111516 -0.0203977 -0.0163708 -0.0178807
internal_weight=622.765 477.944 144.821 443.729 130.461 34.2152 298.106 274.357 89.3274 239.038 88.3149 145.623 61.976 56.7366
internal_count=11175 9532 1643 9089 1518 443 5786 5304 963 4689 1789 3303 1266 1164
is_linear=0
shrinkage=0.03


Tree=16
num_leaves=15
num_cat=0
split_feature=47 45 26 26 45 19 9 14 50 21 23 30 38 38
split_gain=122.31 46.573 37.0255 20.4294 15.2304 11.411 9.23036 7.54867 7.59972 6.06635 5.43652 5.32346 4.98429 9.60758
threshold=1.0000000180025095e-35 1.0000000180025095e-35 0.061015990000000013 0.015689145000000005 1.0000000180025095e-35 0.031576645000000007 9.6350000000000033 91512.210000000021 1.0000000180025095e-35 0.15696071500000003 0.055015865000000004 0.022011775000000004 -0.59717876499999989 -0.28892975999999998
decision_type=8 2 10 10 2 10 2 2 10 10 10 10 8 8
left_child=2 3 4 -2 6 12 7 8 9 11 -9 -1 -5 -4
right_child=1 -3 13 5 -6 -7 -8 10 -10 -11 -12 -13 -14 -15
leaf_value=-0.012606322474412504 0.0077282841821422433 0.069070220391231701 0.039892932735932522 0.039892932735932522 0.017519134714022829 0.055520204050198599 -0.016335549713837806 0.0077282841821422433 0.0077282841821422433 0.0077282841821422433 -0.012273524536746084 0.0077282841821422433 0.017519134714022829 0.017519134714022829
leaf_weight=199.38931783661246 79.642415750771761 17.149550933390856 12.277763959020374 10.876274257898331 13.078622054308651 13.117886044085024 158.51952483505011 19.772378116846088 20.973835058510303 7.1120727136731139 11.493638716638086 5.9888409040868273 29.374954476952553 22.916707132011652
leaf_count=4137 1053 152 121 77 232 96 3377 407 412 133 240 112 306 326
internal_value=0.000336384 0.0238246 -0.00717828 0.0175191 -0.00960923 0.0317191 -0.0106175 -0.00714492 -0.00899734 -0.0106985 0.0065373 -0.0117137 0.0228044 0.0175191
internal_weight=621.684 150.161 471.523 133.012 436.328 53.3691 423.25 264.73 233.464 212.49 31.266 205.378 40.2512 35.1945
internal_count=11181 1684 9497 1532 9050 479 8818 5441 4794 4382 647 4249 383 447
is_linear=0
shrinkage=0.03


Tree=17
num_leaves=15
num_cat=0
split_feature=47 29 44 43 29 51 20 48 19 48 9 9 21 21
split_gain=135.243 34.1155 28.9354 14.2477 11.2729 10.9998 14.4485 12.2802 5.34834 4.95519 4.30663 4.12586 6.10663 7.43609
threshold=1.0000000180025095e-35 0.16090803500000003 6.5000000000000009 1.0000000180025095e-35 0.010709210000000002 -0.04441668499999999 -0.13037637499999996 0.97222222500000011 0.016158010000000004 0.57222222500000008 9.6350000000000033 9.6350000000000033 0.034495620000000012 0.14300815000000003
decision_type=8 10 2 2 10 10 8 2 10 2 2 2 10 10
left_child=1 3 4 5 -2 6 -1 8 11 -3 13 12 -8 -7
right_child=2 9 -4 -5 -6 10 7 -9 -10 -11 -12 -13 -14 -15
leaf_value=0.015106127518850883 0.015106127518850883 0.015106127518850883 0.064427602115387145 0.015106127518850883 0.02854973787591273 -0.014269780295094559 -0.010797074728678626 0.0093575469507157089 0.007091262857572206 0.02854973787591273 -0.02175877904912148 -0.018488348209584293 0.007091262857572206 0.007091262857572206
leaf_weight=7.5657026395201683 70.06022435054183 9.6825060360133666 15.486287325620649 18.843112632632256 70.866355653852224 120.18797673657537 98.511449605226517 30.370262209326029 12.984710499644278 14.21823166310787 75.846618566662073 63.441681168973446 6.4279095232486716 5.7387420237064353
leaf_count=126 925 101 125 353 669 2520 2060 569 268 135 1654 1374 132 105
internal_value=0.000203986 -0.00793552 0.0242376 -0.00985329 0.0242376 -0.0110034 -0.00630823 -0.0080689 -0.0110223 0.0242376 -0.0160501 -0.0124528 -0.00866386 -0.0124674
internal_weight=620.232 463.819 156.413 439.918 140.927 421.075 219.302 211.736 181.366 23.9007 201.773 168.381 104.939 125.927
internal_count=11116 9397 1719 9161 1594 8808 4529 4403 3834 236 4279 3566 2192 2625
is_linear=0
shrinkage=0.03


Tree=18
num_leaves=15
num_cat=0
split_feature=47 26 49 41 51 48 51 26 24 49 38 28 15 51
split_gain=107.711 42.6801 27.4326 20.8037 12.1129 9.97501 8.07261 5.64482 4.73485 3.37441 2.67619 1.75167 1.70791 1.65792
threshold=1.0000000180025095e-35 0.048694310000000011 1.0000000180025095e-35 -0.11572095499999999 -0.027848204999999997 0.51666666500000014 -0.041333619999999995 0.015859110000000006 -0.24449433499999998 0.54772727500000007 -0.50389762999999987 914138.61500000011 0.29327607500000002 0.0053283500000000008
decision_type=8 10 10 8 10 2 10 8 8 10 8 10 2 10
left_child=1 2 4 5 -1 -2 -3 -5 -6 -4 -10 -8 -11 -14
right_child=3 6 9 7 8 -7 11 -9 10 12 -12 -13 13 -15
leaf_value=0.00289889354324357 0.025612575965729037 0.021502105256772937 -0.014141247462976609 0.0081469441107238274 0.00289889354324357 0.055459598406978207 0.00289889354324357 0.023188276597622806 0.00289889354324357 -0.014141247462976609 -0.014141247462976609 0.016794519672280531 -0.020094182677166665 -0.030143271291190141
leaf_weight=134.83780782669783 22.498876504600048 23.416905090212822 69.552642770111561 77.456746228039265 8.3372554294764978 23.48031048476696 8.2823636941611785 31.864248484373093 5.3171527087688446 27.063044540584087 69.127473831176758 7.9087344631552687 84.125822439789772 24.808340158313513
leaf_count=2572 181 289 1500 1021 153 166 133 322 102 631 1409 76 1992 599
internal_value=-3.58398e-05 -0.00729438 -0.0100941 0.0215021 -0.00264812 0.0417107 0.0215021 0.0215021 -0.01161 -0.0179263 -0.0141412 0.00289889 -0.0208664 -0.0226361
internal_weight=618.078 462.778 423.17 155.3 217.62 45.9792 39.608 109.321 82.7819 205.55 74.4446 16.1911 135.997 108.934
internal_count=11146 9456 8958 1690 4236 347 498 1343 1664 4722 1511 209 3222 2591
is_linear=0
shrinkage=0.03


Tree=19
num_leaves=15
num_cat=0
split_feature=47 49 41 29 45 15 48 41 48 24 15 31 14 21
split_gain=111.311 33.8187 23.4638 20.9171 12.9393 10.5154 10.7737 7.16372 6.63516 5.94265 5.56673 4.33235 3.40788 3.26292
threshold=1.0000000180025095e-35 0.54772727500000007 -0.11572095499999999 0.022541745000000005 1.0000000180025095e-35 0.44577875000000006 0.35000000000000003 -0.0056950049999999986 0.22777777500000004 -0.058543519999999995 0.22425025500000004 -0.019715359999999998 6419.8900000000003 0.014900070000000003
decision_type=8 10 8 10 2 2 2 8 2 8 2 8 2 8
left_child=1 3 -2 5 11 6 -1 -8 -5 -9 -3 -4 -7 -11
right_child=2 10 4 8 -6 12 7 9 -10 13 -12 -13 -14 -15
leaf_value=-0.0084681158355109087 0.039401568699350256 -0.0084681158355109087 0.033624234422310571 -0.0084681158355109087 0.039401568699350256 -0.021731368715906293 0.014133012545818424 0.014133012545818424 0.014133012545818424 -0.0084681158355109087 -0.021731368715906293 0.014133012545818424 -0.0086439228604682974 0.0084898097451741039
leaf_weight=57.196256723254919 47.998245179653168 15.826536290347574 13.327128089964388 11.674485355615614 8.4701870605349523 18.613287586718798 40.48214465379715 5.9791718497872353 35.036084078252316 16.946930326521397 123.55868425965309 86.516351830214262 123.03211951628327 9.4667514786124247
leaf_count=1148 349 356 107 198 86 386 738 115 478 334 2971 1118 2533 179
internal_value=0.000317093 -0.00714995 0.0220933 -0.00173622 0.014133 -0.00496483 0.00119549 0.00879197 0.014133 -0.00205856 -0.0194172 0.014133 -0.0105905 -0.00846812
internal_weight=614.124 457.812 156.312 318.427 108.314 271.717 130.071 72.875 46.7106 32.3929 139.385 99.8435 141.645 26.4137
internal_count=11096 9436 1660 6109 1311 5433 2514 1366 676 628 3327 1225 2919 513
is_linear=0
shrinkage=0.03


Tree=20
num_leaves=15
num_cat=0
split_feature=47 49 44 28 51 28 48 24 38 15 15 49 13 15
split_gain=108.54 37.3373 25.2804 21.1416 14.4445 14.292 7.81536 6.79867 5.93049 5.79117 6.44621 5.10646 6.40761 4.63154
threshold=1.0000000180025095e-35 0.21111111000000002 1.5000000000000002 463206.44000000006 -0.041333619999999995 99340.755000000019 0.68333333500000004 0.068182595000000012 0.092657420000000004 0.41729085000000005 0.19793253500000005 0.54006410500000013 9610894.6550000031 0.75130644000000013
decision_type=8 10 2 10 10 10 2 8 10 2 2 10 10 2
left_child=1 3 5 4 7 11 -7 8 12 -6 -3 -2 13 -1
right_child=2 10 -4 -5 9 6 -8 -9 -10 -11 -12 -13 -14 -15
leaf_value=0.015326166902590329 0.015326166902590329 -0.0040859829894576184 0.057248775645959538 0.018161943103248267 -0.0040859829894576184 0.019473514293830436 0.044798025908546424 -0.0040859829894576184 -0.0040859829894576184 -0.015604697942875353 -0.017458883143982969 -0.00037659919894252709 -0.0040859829894576184 -0.0040859829894576184
leaf_weight=57.270841214805841 70.736652716994286 21.187431409955025 15.998053923249243 17.272310845553875 44.756078783422709 27.136107638478279 21.383742474019527 43.508206065744162 10.916108150035141 59.747195899486542 185.97220175340772 25.117180906236172 8.1002696454524976 7.8572828955948344
leaf_count=1040 842 436 122 166 862 214 143 841 206 1242 4380 348 152 155
internal_value=0.00123871 -0.00622375 0.0223917 0.00159868 -0.00127226 0.0181619 0.0313138 0.0054811 0.0104178 -0.00949537 -0.0156047 0.0112501 0.0112501 0.0153262
internal_weight=616.96 456.588 160.372 249.428 232.156 144.374 48.5199 127.653 84.1445 104.503 207.16 95.8538 73.2284 65.1281
internal_count=11149 9480 1669 4664 4498 1547 357 2394 1553 2104 4816 1190 1347 1195
is_linear=0
shrinkage=0.03


Tree=21
num_leaves=15
num_cat=0
split_feature=47 48 28 28 51 50 48 48 25 38 30 13 51 48
split_gain=94.1873 31.5872 23.1227 18.7267 14.3665 7.14173 5.43895 5.27614 6.37142 4.66127 4.14919 4.01609 3.96481 3.58752
threshold=1.0000000180025095e-35 0.35000000000000003 348120.07500000007 99340.755000000019 -0.029882924999999994 1.0000000180025095e-35 0.69444444500000013 0.97222222500000011 0.081419505000000017 -0.0027202299999999993 0.0010840400000000003 11277660.095000003 0.030586735 0.20555555500000003
decision_type=8 2 10 10 10 10 2 2 10 8 8 8 10 2
left_child=1 12 4 13 5 7 11 8 9 10 -3 -5 -1 -2
right_child=3 2 -4 6 -6 -7 -8 -9 -10 -11 -12 -13 -14 -15
leaf_value=-0.012525513494042434 0.0046685046146795204 -0.0069001100059640826 0.019786588666379862 0.019786588666379862 -0.011942693741741216 0.012046083068259586 0.043596555977701179 0.01025025564754316 -0.011942693741741216 -0.0069393381523312281 0.01025025564754316 0.037420201555773663 -0.025408845984705077 0.016262951294595058
leaf_weight=224.55230755358934 39.036434050649405 12.353984486311674 19.708705347031355 18.097334437072281 73.739041063934565 11.947790455073116 26.693258840590715 35.34419909492135 20.057234048843384 22.086710397154093 10.56289054825902 13.388058885931967 24.183059442788363 66.188689552247524
leaf_count=4995 509 245 210 124 1541 215 169 648 422 446 204 112 573 773
internal_value=0.000322383 -0.00670299 0.00199021 0.0197866 -0.00174009 0.00500233 0.0333464 0.00107904 -0.00398296 0.00284682 0.0102503 0.0235818 -0.0138748 0.0120461
internal_weight=617.94 454.536 205.801 163.404 186.092 112.353 58.1787 100.405 65.0608 45.0036 22.9169 31.4854 248.735 105.225
internal_count=11186 9499 3931 1687 3721 2180 405 1965 1317 895 449 236 5568 1282
is_linear=0
shrinkage=0.03


Tree=22
num_leaves=15
num_cat=0
split_feature=26 49 47 48 51 28 9 28 20 51 51 13 29 9
split_gain=93.5102 39.9235 19.8152 12.9095 8.79139 6.51581 6.33759 6.28126 6.42679 5.62129 5.34597 4.49034 3.80681 3.25504
threshold=0.048694310000000011 0.54772727500000007 1.0000000180025095e-35 0.51666666500000014 -0.04441668499999999 5770580.5900000008 9.7650000000000023 54191.030000000006 -0.041019759999999995 0.0014161000000000002 -0.048970299999999994 1584519.4000000001 0.018482890000000005 7.5250000000000012
decision_type=10 10 8 2 10 10 2 8 8 10 8 10 10 2
left_child=1 2 4 -2 7 11 -6 8 -1 -4 -3 -5 -8 -13
right_child=3 10 9 5 6 -7 12 -9 -10 -11 -12 13 -14 -15
leaf_value=0.013745092243869364 0.015350078773115158 -0.0025384084569298232 0.015350078773115158 0.015350078773115158 -0.0032298229066568267 0.056601572587638656 -0.018533999201172439 0.013745092243869364 -0.0025384084569298232 -0.0027496473312264556 -0.018533999201172439 0.048693609340287859 -0.0032298229066568267 0.023658564386965574
leaf_weight=5.8977146074175835 41.168580681085587 13.484037529677151 70.830440379679203 12.34431131929159 82.489847108721733 13.774329401552675 40.71028296649456 27.121076840907335 119.40135888010263 15.851813361048697 142.17215304449201 12.806105624884369 5.9801066517829886 12.604632288217543
leaf_count=103 424 300 797 106 1705 94 903 515 2382 191 3308 102 125 104
internal_value=0.000825467 -0.00410358 0.00128895 0.0284314 -0.00258037 0.0383914 -0.00830778 0.00229627 -0.000589409 0.0137451 -0.0167891 0.0304586 -0.0167891 0.0376413
internal_weight=616.637 523.939 368.283 92.698 281.6 51.5294 129.18 152.42 125.299 86.6823 155.656 37.755 46.6904 25.4107
internal_count=11159 10329 6721 830 5733 406 2733 3000 2485 988 3608 312 1028 206
is_linear=0
shrinkage=0.03


Tree=23
num_leaves=15
num_cat=0
split_feature=47 49 24 24 22 15 51 49 38 24 15 30 51 21
split_gain=76.0582 34.2136 19.0088 18.9194 9.78388 9.37349 11.4235 4.92588 4.90269 5.51308 4.68168 3.50873 2.58978 3.1157
threshold=1.0000000180025095e-35 0.26136363500000009 -0.25607472499999995 -0.24449433499999998 inf 0.46793196500000006 -0.013280554999999998 0.54772727500000007 0.047520100000000003 0.06353971500000001 0.28497881500000005 -0.00046980499999999995 -0.0078513099999999985 0.008590925000000001
decision_type=8 10 10 8 8 2 10 8 8 8 2 10 8 8
left_child=1 3 4 -1 -2 6 8 -3 9 -5 -9 -6 13 -12
right_child=2 7 -4 5 11 -7 -8 10 -10 -11 12 -13 -14 -15
leaf_value=0.017733622641824334 0.017733622641824334 -0.0089067042944752425 0.008814852413881873 0.017733622641824334 0.024546440199308291 -0.0096139757376044899 -0.0096139757376044899 -0.0089067042944752425 -0.006568203949688222 0.00074711810631426475 -0.023093317982000743 0.044418912378129248 -0.025328720903713891 -0.0089067042944752425
leaf_weight=46.29154446721077 18.526018768548965 61.193098716437817 100.21819384396076 37.216132313013077 17.726992703974247 103.93942590802908 30.254001554101706 25.264936063438654 18.08837253972888 19.305602170526981 17.460466898977757 28.700946912169456 74.999573074281216 12.904510866850616
leaf_count=648 132 1338 1203 680 134 2144 614 607 345 368 444 195 1939 321
internal_value=-0.000181354 -0.00661176 0.0171529 0.000594518 0.0296891 -0.00327162 0.00304624 -0.0161484 0.00881485 0.00881485 -0.0194473 0.0375088 -0.022243 -0.0140568
internal_weight=612.09 446.918 165.172 255.095 64.954 208.804 104.864 191.823 74.6101 56.5217 130.629 46.4279 105.365 30.365
internal_count=11112 9448 1664 4799 461 4151 2007 4649 1393 1048 3311 329 2704 765
is_linear=0
shrinkage=0.03


Tree=24
num_leaves=15
num_cat=0
split_feature=39 49 24 45 19 47 13 47 14 51 48 29 11 50
split_gain=72.8375 38.6477 28.2636 17.2101 13.414 9.21722 7.64542 6.03743 6.23781 4.29087 3.71782 2.99674 4.58709 2.5068
threshold=1.5000000000000002 0.54772727500000007 -0.46967093999999993 1.0000000180025095e-35 0.049091580000000003 1.0000000180025095e-35 29696436.000000004 1.0000000180025095e-35 16588.145 -0.049683504999999996 0.13888888500000005 0.012866395000000001 9137740.3000000026 1.0000000180025095e-35
decision_type=8 10 8 2 10 10 10 10 2 8 2 10 2 10
left_child=1 2 -1 4 6 9 7 -4 -9 -3 -10 12 -12 -11
right_child=-2 5 3 -5 -6 -7 -8 8 10 13 11 -13 -14 -15
leaf_value=0.028649206218951492 0.031153797842059558 -0.0067369329215177078 -0.0067369329215177078 0.026573330519194738 0.023839915354857539 -0.0038916705894488013 0.023467190023392429 -0.0038916705894488013 -0.0038916705894488013 -0.022523584662423782 -0.0013260782736242468 0.023839915354857539 0.023839915354857539 -0.0067369329215177078
leaf_weight=30.10691524296999 58.417585734277964 10.673605147749184 260.0273817665875 18.168194252997637 15.470775265246628 28.94928851723671 8.213031202554701 21.035130739212036 9.4469957649707776 112.4372913390398 17.967663086950783 12.632155142724512 8.4517602100968343 6.168518539518117
leaf_count=260 440 262 5324 256 246 385 154 235 118 2929 215 126 103 156
internal_value=-0.000431243 -0.00377726 0.00117961 -0.00111804 -0.00261326 -0.0162842 -0.00389167 -0.00389167 0.00317469 -0.0197501 0.00970529 0.0137833 0.00750533 -0.021472
internal_weight=618.166 559.749 401.52 371.413 353.245 158.229 337.774 329.561 69.5337 129.279 48.4986 39.0516 26.4194 118.606
internal_count=11209 10769 7037 6777 6521 3732 6275 6121 797 3347 562 444 318 3085
is_linear=0
shrinkage=0.03


Tree=25
num_leaves=15
num_cat=0
split_feature=39 47 49 33 9 29 26 12 51 14 26 9 38 23
split_gain=75.7299 38.0389 24.5941 17.5195 8.5894 9.11391 7.06356 8.32164 6.04335 4.74612 4.24528 3.91518 2.93937 2.11366
threshold=1.5000000000000002 1.0000000180025095e-35 0.54772727500000007 2.8234292600000006 9.5650000000000031 0.018482890000000005 0.0074076450000000009 1396974.0600000003 -0.013280554999999998 68147.580000000002 0.014465895000000001 4.4350000000000014 -0.28892975999999998 0.021438620000000002
decision_type=8 10 10 8 2 10 10 2 8 2 10 2 10 10
left_child=1 2 4 6 -1 8 -3 10 9 -6 -8 -4 -9 -13
right_child=-2 3 11 -5 5 -7 7 12 -10 -11 -12 13 -14 -15
leaf_value=0.00087256033761845076 0.032519711985777501 0.00087256033761845076 -0.0093094931794269423 0.032519711985777501 0.00087256033761845076 0.00087256033761845076 0.011841404202494675 0.016991782736295601 -0.018798880187894128 -0.018798880187894128 0.032519711985777501 -0.018798880187894128 0.00087256033761845076 -0.027560203510343599
leaf_weight=191.69981787353754 57.644310291856527 45.069903716444969 31.858629692345858 13.354570515453814 20.926805775612596 22.363861206918955 15.080979444086553 10.546040929853914 63.797947742044926 5.423859652131795 15.20494385063648 52.156357113271952 29.797430105507374 40.347725868225098
leaf_count=3738 430 564 833 88 446 389 183 94 1372 113 141 1365 340 1080
internal_value=8.85165e-05 -0.00331624 -0.00761456 0.0109068 -0.00299577 -0.00953628 0.00673706 0.0129056 -0.014125 -0.00192923 0.0245287 -0.0187989 0.00379792 -0.0219325
internal_weight=615.273 557.629 428.575 129.054 304.212 112.512 115.699 70.6294 90.1486 26.3507 30.2859 124.363 40.3435 92.5041
internal_count=11176 10746 9336 1410 6058 2320 1322 758 1931 559 324 3278 434 2445
is_linear=0
shrinkage=0.03


Tree=26
num_leaves=15
num_cat=0
split_feature=39 49 19 31 43 51 51 21 48 23 38 51 9 41
split_gain=66.9696 29.0495 23.868 15.404 13.8192 8.09126 7.75865 5.16145 4.97535 4.51357 4.21323 4.15005 3.22876 2.35592
threshold=1.5000000000000002 0.53137254500000008 0.059387685000000003 -0.035390034999999993 1.0000000180025095e-35 -0.041881289999999995 -0.04548254999999999 0.024920630000000003 0.67222222500000017 -0.27762559999999997 -0.36907913999999992 -0.0098208999999999987 3.3350000000000004 0.0030859800000000003
decision_type=10 10 10 8 2 10 8 10 2 8 8 8 2 10
left_child=1 2 3 8 5 9 -3 12 -1 -5 -7 -9 -8 -14
right_child=-2 6 -4 4 -6 10 7 11 -10 -11 -12 -13 13 -15
leaf_value=0.017617601598252895 0.030617256596286863 -0.00013833015087450726 0.030617256596286863 0.017617601598252895 0.017617601598252895 -0.00013833015087450726 -0.0096332899021527342 0.019623485301727629 0.030617256596286863 -0.00013833015087450726 -0.0096332899021527342 -0.0096332899021527342 -0.017434559006630736 -0.027727829312761486
leaf_weight=18.320713121443987 56.003277279436588 15.669165004044769 17.202524587512016 9.33654987066984 21.889638170599937 13.454848177731035 19.193289637565613 5.4525528773665428 17.480159033089876 172.08330689743161 131.18825759738684 15.994855146855118 58.69898521527648 40.503648914396763
leaf_count=195 379 350 194 142 332 237 447 119 152 3161 2622 369 1424 1040
internal_value=-0.000355371 -0.0035218 0.000755009 -0.000845292 -0.00278998 -0.00436692 -0.014483 -0.0168189 0.0176176 -0.00013833 -0.00963329 -0.00963329 -0.0196628 -0.021872
internal_weight=612.472 556.468 400.956 383.753 347.953 326.063 155.512 139.843 35.8009 181.42 144.643 21.4474 118.396 99.2026
internal_count=11163 10784 7035 6841 6494 6162 3749 3399 347 3303 2859 488 2911 2464
is_linear=0
shrinkage=0.03


Tree=27
num_leaves=15
num_cat=0
split_feature=29 49 24 51 51 38 30 51 48 9 49 51 5 21
split_gain=54.778 35.4737 15.9229 13.0803 9.08985 8.50166 7.96259 5.57664 6.2706 4.80307 6.07426 5.61351 2.83547 4.21142
threshold=0.16090803500000003 0.18333333500000001 -0.25607472499999995 -0.039978059999999989 -0.022821639999999994 -0.025882269999999995 -0.0029103649999999994 -0.055143514999999997 0.58333333500000017 5.4750000000000005 0.66894977500000008 -0.0078513099999999985 1.0000000180025095e-35 0.013210520000000002
decision_type=10 10 10 10 8 8 10 10 2 2 8 8 2 8
left_child=1 2 -1 5 -3 6 -4 8 -2 10 11 -6 -8 -14
right_child=7 4 3 -5 9 -7 12 -9 -10 -11 -12 -13 13 -15
leaf_value=0.020399116763090277 0.020399116763090277 -0.00059270703895827491 0.00081379112142181749 -0.0069651515054732242 0.027431286069493511 0.00081379112142181749 0.020399116763090277 0.020399116763090277 0.042631873191728266 -0.018584905255542503 -0.018584905255542503 -0.0069651515054732242 0.00081379112142181749 0.020399116763090277
leaf_weight=42.53343652561307 18.650754436850548 50.082170002162457 17.67126027867198 110.82451925799251 4.5962073169648647 89.402938857674599 24.983492635190487 32.203894462436438 24.248087145388126 119.24496334418654 24.592487707734108 35.293434664607048 7.7082155570387823 6.9477394446730614
leaf_count=568 128 1090 295 2140 95 1594 421 219 153 2842 606 772 133 106
internal_value=0.000183201 -0.00320539 0.00361821 0.000778598 -0.0119409 0.00663562 0.0155478 0.0239972 0.0324926 -0.0150144 -0.00822861 -0.000867598 0.0203991 0.00597798
internal_weight=608.984 533.881 300.072 257.538 233.809 146.714 57.3107 75.1027 42.8988 183.727 64.4821 39.8896 39.6394 14.656
internal_count=11162 10662 5257 4689 5405 2549 955 500 281 4315 1473 867 660 239
is_linear=0
shrinkage=0.03


Tree=28
num_leaves=15
num_cat=0
split_feature=26 49 39 45 44 51 51 26 12 14 12 49 23 13
split_gain=68.2511 30.1834 20.4842 17.316 11.1791 9.86941 7.24802 5.47995 6.69634 8.78065 10.0893 4.44175 4.35455 3.93946
threshold=0.041755925000000006 0.18333333500000001 1.5000000000000002 1.0000000180025095e-35 2.5000000000000004 -0.043755974999999996 -0.0078513099999999985 0.0057478450000000006 1651523.5800000003 14259.900000000003 5220603.0900000008 0.54772727500000007 -0.17039295499999998 1485618.7900000003
decision_type=8 10 8 2 2 10 8 10 2 2 2 10 10 10
left_child=1 2 3 5 -2 7 -3 -1 12 -10 -11 13 -9 -8
right_child=4 6 -4 -5 -6 -7 11 8 9 10 -12 -13 -14 -15
leaf_value=-0.0033916292247506666 0.023300096465134326 -0.0033916292247506666 0.023300096465134326 0.023300096465134326 0.049333547306313986 -0.0075041340453694521 -0.01908566561793024 0.020650583393559341 -0.0033916292247506666 0.023300096465134326 -0.002744631646348587 -0.01908566561793024 -0.0033916292247506666 -0.0075041340453694521
leaf_weight=41.034387849271297 87.507086936384439 66.9092782959342 12.31095579639077 14.464067526161669 14.646268256008623 114.47875790297985 20.466781094670296 6.3795338608324519 14.483607340604065 27.899734430015087 13.311500150710343 98.947232272475958 37.458771459758282 36.122376032173634
leaf_count=723 782 1503 99 202 91 2215 418 101 252 486 224 2547 663 766
internal_value=0.00106378 -0.003478 0.00304128 0.000956044 0.0233001 -0.000998992 -0.0117141 0.00431441 0.00813198 0.0149406 0.0218842 -0.0152497 -0.000658338 -0.00832756
internal_weight=606.42 504.267 281.821 269.51 102.153 255.046 222.446 140.568 99.5331 55.6948 41.2112 155.536 43.8383 56.5892
internal_count=11072 10199 4965 4866 873 4664 5234 2449 1726 962 710 3731 764 1184
is_linear=0
shrinkage=0.03


Tree=29
num_leaves=15
num_cat=0
split_feature=47 15 45 9 28 38 35 23 51 26 51 41 20 33
split_gain=58.4123 30.7523 16.4745 9.86446 9.7898 8.82366 7.26018 4.93244 3.91615 3.89394 2.81846 2.53303 1.29705 0.458562
threshold=1.0000000180025095e-35 0.18484503000000002 1.0000000180025095e-35 9.4450000000000021 74742.970000000016 -0.62782736999999988 1.0000000180025095e-35 0.071148055000000016 -0.059037144999999992 0.0080825750000000016 0.034928545000000012 -0.29547243499999992 -0.013968429999999999 -0.14814219999999997
decision_type=8 2 2 2 10 8 8 8 10 10 10 8 8 8
left_child=1 -1 3 4 10 -2 -6 -8 9 12 -3 -7 -5 -14
right_child=5 2 -4 8 6 11 7 -9 -10 -11 -12 -13 13 -15
leaf_value=0.015006102188294282 0.029767690283235525 -0.008494652563778347 0.015006102188294282 -0.008494652563778347 -0.008494652563778347 0.029767690283235525 0.015006102188294282 -0.0080505712914847229 -0.020959529870268945 -0.008494652563778347 -0.020807198327033569 0.015006102188294282 -0.020959529870268945 -0.008494652563778347
leaf_weight=53.422807611525059 36.477312467992306 177.03756858035922 13.179425053298472 4.1404062025249004 10.034077279269694 10.28385856002569 17.98958870023489 7.93603587150574 70.660057030618191 37.921426966786385 16.208389732986689 130.54366019740701 19.921931449323893 4.006935711950077
leaf_count=861 222 3991 217 98 197 67 318 174 1732 832 407 1439 481 98
internal_value=0.00055343 -0.00539301 -0.00840414 -0.00966692 -0.00582192 0.0150061 0.00838243 0.0150061 -0.016027 -0.0105115 -0.00849465 0.0150061 -0.0200018 -0.0209595
internal_weight=609.763 432.459 379.036 365.856 229.206 177.305 35.9597 25.9256 136.651 65.9907 193.246 140.828 28.0693 23.9289
internal_count=11134 9406 8545 8328 5087 1728 689 492 3241 1509 4398 1506 677 579
is_linear=0
shrinkage=0.03


Tree=30
num_leaves=15
num_cat=0
split_feature=47 29 43 19 48 50 15 15 9 23 29 51 9 11
split_gain=47.0185 23.2892 16.0556 10.2223 9.18735 13.0102 8.98054 8.19971 7.40983 7.47356 3.49331 2.75811 1.71098 1.19269
threshold=1.0000000180025095e-35 0.63650590000000007 1.0000000180025095e-35 0.031576645000000007 0.35000000000000003 1.0000000180025095e-35 0.16503521000000002 0.44577875000000006 10.095000000000001 0.089737995000000015 0.0026763050000000008 0.030586735 19.345000000000002 3882917.6750000003
decision_type=10 10 2 10 2 10 2 2 2 8 10 10 2 2
left_child=1 2 4 -2 11 7 -5 8 9 10 -6 12 -1 -11
right_child=3 -3 -4 6 5 -7 -8 -9 -10 13 -12 -13 -14 -15
leaf_value=-0.012202250345826537 0.01349483261009948 0.01349483261009948 0.01349483261009948 0.046676407682218132 -0.0047342685591051318 0.01349483261009948 0.013799022721284398 -0.012202250345826537 -0.011607733543890794 -0.0047342685591051318 0.01349483261009948 -0.023086455392565014 -0.023086455392565014 -0.011607733543890794
leaf_weight=185.51872389763594 139.22250773385167 16.581698231399059 20.706351555883884 15.026220954954626 9.0168258883059007 18.856394473463297 16.277552254498005 77.660580638796091 27.286749690771103 5.493169639259575 30.609954498708248 21.210531398653984 12.441464606672524 7.2191092148423195
leaf_count=4461 1404 129 368 87 172 353 136 1710 555 105 548 571 318 145
internal_value=0.000199426 -0.0050605 -0.00672123 0.0134948 -0.00811449 -0.00298801 0.030537 -0.00597756 0.000814887 0.00738757 0.0134948 -0.0122023 -0.0122023 -0.0116077
internal_weight=603.128 432.602 416.02 170.526 395.314 176.143 31.3038 157.286 79.6258 52.3391 39.6268 219.171 197.96 12.7123
internal_count=11062 9435 9306 1627 8938 3588 223 3235 1525 970 720 5350 4779 250
is_linear=0
shrinkage=0.03


Tree=31
num_leaves=15
num_cat=0
split_feature=39 47 43 50 19 50 26 14 51 51 51 13 14 14
split_gain=47.9551 25.0515 14.1349 11.739 10.1883 7.37692 6.19422 7.40761 5.00546 4.65577 4.13497 2.89627 2.55672 2.3204
threshold=1.5000000000000002 1.0000000180025095e-35 1.0000000180025095e-35 1.0000000180025095e-35 0.016158010000000004 1.5000000000000002 0.016036550000000004 37409.625000000007 0.0072197250000000006 0.032178535000000001 0.013922785000000002 5824874.6050000014 6419.8900000000003 18669.370000000006
decision_type=10 10 2 10 10 8 8 2 10 8 10 8 2 2
left_child=1 2 3 4 6 -2 9 -8 -9 -1 -6 -7 -11 -14
right_child=5 -3 -4 -5 10 11 7 8 -10 12 -12 -13 13 -15
leaf_value=-0.010522160420910847 0.0096951142541743945 0.0091234859098880735 0.0091234859098880735 0.0086838864656534065 0.0086838864656534065 0.024890045791963338 -0.010522160420910847 0.0069875096363781657 -0.012698773973647232 -0.02800325931995995 -0.010522160420910847 0.044311325001918984 -0.010522160420910847 -0.017714371668645826
leaf_weight=123.64341688342392 17.370860692113638 131.36235951632261 21.793850436806679 36.789580252021551 26.933948025107384 22.525111548602581 42.527570093050599 22.96422636881471 5.2327753417193881 16.978074818849564 5.2747635655105105 16.031290780752897 26.092686168849468 88.543585173785686
leaf_count=2975 117 1396 381 755 552 140 878 474 111 411 121 104 621 2101
internal_value=0.00046251 -0.00225532 -0.00585504 -0.00727898 -0.00893813 0.0266714 -0.0105282 -0.00262645 0.00698751 -0.0126988 0.00698751 0.0338812 -0.0169709 -0.0151089
internal_weight=604.064 548.137 416.774 394.981 358.191 55.9273 325.982 70.7246 28.197 255.258 32.2087 38.5564 131.614 114.636
internal_count=11137 10776 9380 8999 8244 361 7571 1463 585 6108 673 244 3133 2722
is_linear=0
shrinkage=0.03


Tree=32
num_leaves=15
num_cat=0
split_feature=49 47 29 13 15 45 47 21 9 29 16 21 51 21
split_gain=43.0421 27.7973 13.036 8.29895 7.72866 7.34682 7.20846 7.08282 6.98377 7.81292 6.02197 5.67693 5.5929 5.45201
threshold=0.53137254500000008 1.0000000180025095e-35 0.63650590000000007 17409650.650000002 0.16155315500000003 1.0000000180025095e-35 1.0000000180025095e-35 -0.0034794449999999998 8.4650000000000016 0.018482890000000005 111502.97000000002 0.15696071500000003 -0.054539164999999994 0.00079869000000000001
decision_type=10 8 10 10 2 2 10 8 2 10 10 10 8 8
left_child=1 2 3 4 -1 8 -2 -5 10 12 -6 -3 -10 -8
right_child=6 11 -4 7 5 -7 13 -9 9 -11 -12 -13 -14 -15
leaf_value=0.012437730429091959 -0.01685065599010957 0.015653249335257607 0.015653249335257607 -0.01685065599010957 -0.0014280771541628342 0.012437730429091959 -0.01685065599010957 0.015653249335257607 -0.0014280771541628342 -0.0014280771541628342 0.012437730429091959 0.030781221388932134 -0.01685065599010957 0.0076272837424140585
leaf_weight=25.050284903496504 118.40641571208835 125.32921515405178 16.668545000255108 5.2280275300145149 121.19316416606307 10.572452586144207 8.3972572535276395 13.429790470749142 7.3029676601290703 17.899412795901299 14.56428327411413 22.395798802375793 77.017312839627266 21.693501532077793
leaf_count=386 3359 1125 127 107 2529 167 112 268 148 352 260 153 1771 271
internal_value=0.000432722 0.00499732 -0.000132283 -0.00178777 -0.0031337 -0.00474663 -0.0135437 0.0156532 -0.00591118 -0.0117936 -0.00142808 0.0156532 -0.0160029 -0.000407243
internal_weight=605.148 456.651 308.926 292.258 273.6 248.55 148.497 18.6578 237.977 102.22 135.757 147.725 84.3203 30.0908
internal_count=11135 7393 6115 5988 5613 5227 3742 375 5060 2271 2789 1278 1919 383
is_linear=0
shrinkage=0.03


Tree=33
num_leaves=15
num_cat=0
split_feature=39 49 28 43 15 3 21 26 13 12 41 17 47 21
split_gain=44.2397 27.4011 20.503 11.0911 9.1565 11.1812 5.56546 7.30395 8.32058 5.83458 5.1156 4.87092 4.66648 3.8007
threshold=1.5000000000000002 0.54772727500000007 96167.810000000012 1.0000000180025095e-35 0.5292945750000001 1.0000000180025095e-35 0.038337255000000008 0.0083401250000000021 3272938.6750000003 4324296.2100000009 -0.27342264499999996 0.0086506050000000022 1.0000000180025095e-35 0.022205645000000003
decision_type=10 10 10 2 2 2 10 10 8 2 10 10 8 10
left_child=1 2 3 4 5 6 7 -1 11 -10 -4 -9 13 -3
right_child=-2 12 10 -5 -6 -7 -8 8 9 -11 -12 -13 -14 -15
leaf_value=-0.0046740130328702606 0.024988246639327191 -0.019970052403566248 0.024988246639327191 0.016084257922464738 -0.0094670629225109409 -0.0094670629225109409 0.016084257922464738 -0.0046740130328702606 0.016084257922464738 -0.0046740130328702606 0.016084257922464738 0.016084257922464738 -0.0094670629225109409 -0.0094670629225109409
leaf_weight=60.704390503466129 57.495362687855959 93.303236192092299 14.951547671109436 23.177960697561502 122.25148579105735 48.397499315440655 22.356903124600649 16.341225124895576 27.480189450085163 6.810910176485776 55.742574032396078 8.807979039847849 30.746516700834036 18.415349999442697
leaf_count=1179 360 2743 104 331 2479 889 365 315 491 120 718 142 411 506
internal_value=0.000183629 -0.00245247 0.00151769 -0.00158271 -0.0030925 0.00101782 0.00528957 0.00261163 0.0100064 0.0160843 0.0160843 -0.00345165 -0.0137267 -0.0172868
internal_weight=606.983 549.488 407.023 336.329 313.151 190.899 142.502 120.145 59.4403 34.2911 70.6941 25.1492 142.465 111.719
internal_count=11153 10793 7133 6311 5980 3501 2612 2247 1068 611 822 457 3660 3249
is_linear=0
shrinkage=0.03


Tree=34
num_leaves=15
num_cat=0
split_feature=20 49 26 39 14 14 21 9 17 36 15 12 41 41
split_gain=39.3995 28.3949 11.1401 7.05089 6.34983 8.24482 6.5401 4.36345 4.22553 5.37312 5.001 2.53021 2.29119 1.99356
threshold=-0.13037637499999996 1.0000000180025095e-35 0.019116650000000002 2.5000000000000004 6419.8900000000003 10457.650000000001 0.15696071500000003 15.555000000000001 0.014128830000000002 1.0000000180025095e-35 0.72386642000000012 1555640.7750000001 0.026581645000000004 -0.24546764499999998
decision_type=8 10 8 10 2 2 10 2 8 8 2 2 10 10
left_child=3 2 4 13 -2 11 8 -3 12 -10 -11 -6 -7 -1
right_child=1 7 -4 -5 5 6 -8 -9 9 10 -12 -13 -14 -15
leaf_value=0.026738910198782304 -0.010657489896112881 -0.010657489896112881 0.015785235205530899 0.032249454129674712 0.015785235205530899 -0.0039615020319981875 0.015785235205530899 -0.022342852995877349 -0.0039615020319981875 0.015785235205530899 -0.0039615020319981875 -0.0055042106059802042 -0.010657489896112881 0.015785235205530899
leaf_weight=20.714845959097147 30.322605550289154 195.85022467933595 53.310532979667187 26.885426312685013 9.9175752028822917 98.001000434160233 11.418074410408733 28.591774448752403 17.462696719914675 30.684556920081377 6.4777240492403498 6.8978550396859637 24.977960158139467 38.868788283318281
leaf_count=177 573 4674 704 154 182 1810 165 738 304 518 126 124 506 361
internal_value=0.000490376 -0.00267266 0.00353378 0.0191049 0.000713251 0.0026251 0.000656579 -0.0106575 -0.000883881 0.00599152 0.0125164 0.0157852 -0.0039615 0.0157852
internal_weight=600.382 513.913 289.471 86.4691 236.16 205.837 189.022 224.442 177.604 54.625 37.1623 16.8154 122.979 59.5836
internal_count=11116 10424 5012 692 4308 3735 3429 5412 3264 948 644 306 2316 538
is_linear=0
shrinkage=0.03


Tree=35
num_leaves=15
num_cat=0
split_feature=49 39 28 21 13 21 24 51 49 20 20 13 39 13
split_gain=42.512 26.2046 13.8023 9.60171 8.69236 8.56859 3.66403 3.57981 3.15682 2.30679 2.88491 1.7978 4.15164 1.34156
threshold=0.54772727500000007 1.5000000000000002 90583.760000000024 -0.0049672399999999986 2254310.3650000007 0.021740560000000003 -0.062307784999999997 -1.0000000180025095e-35 0.62731481500000019 -0.0078221399999999983 -0.053658799999999993 10914870.315000003 2.5000000000000004 4614181.7950000009
decision_type=10 8 10 8 10 10 8 8 8 8 10 8 8 10
left_child=1 2 -1 -4 -5 6 7 -2 -7 13 -8 12 -3 -9
right_child=5 11 3 4 -6 8 10 9 -10 -11 -12 -13 -14 -15
leaf_value=-0.0010972592361020116 -0.0010972592361020116 0.005602514211131112 -0.0010972592361020116 0.0034240210912295684 0.022522166956533834 0.022247833150163137 -0.0096122928143348579 -0.0010972592361020116 -0.0010972592361020116 -0.021867271429398656 -0.025080236019096581 0.033157086847437775 0.024842996635691176 -0.0096122928143348579
leaf_weight=324.34849131852388 15.502123255282639 16.751874707639217 11.608941111713646 24.286066245287657 35.571750573813915 4.5396825373172858 15.492382220923899 4.4091452769935113 21.356158263981342 20.895309396088127 56.944915285333991 16.79366198182106 27.471306003630161 4.0862664822489023
leaf_count=6127 374 110 144 258 428 99 404 116 511 557 1582 105 167 101
internal_value=-8.53222e-05 0.00438914 0.00154413 0.0133817 0.0186927 -0.0142885 -0.0177487 -0.0106423 -0.00109726 -0.016706 -0.021948 0.0225222 0.0222478 -0.00304547
internal_weight=600.058 456.832 395.815 71.4668 59.8578 143.226 117.33 44.8928 25.8958 29.3907 72.4373 61.0168 44.2232 8.49541
internal_count=11083 7339 6957 830 686 3744 3134 1148 610 774 1986 382 277 217
is_linear=0
shrinkage=0.03


Tree=36
num_leaves=15
num_cat=0
split_feature=47 48 44 50 23 48 51 49 22 38 48 13 38 41
split_gain=40.7523 19.9182 14.8348 11.221 8.01849 7.61369 6.63638 5.64371 4.25692 2.89695 2.01947 3.99688 2.6779 1.83185
threshold=1.0000000180025095e-35 0.33888888500000008 6.5000000000000009 1.0000000180025095e-35 -0.18287295999999997 1.2611111150000001 -0.072775049999999994 0.51000000000000012 0.65217743000000017 -0.81663288999999983 0.13888888500000005 1771047.9900000002 -0.036848129999999993 0.0088312850000000012
decision_type=8 2 2 10 10 2 8 10 8 8 2 8 10 8
left_child=1 7 5 4 -3 10 -6 8 -1 -8 -2 12 -12 -9
right_child=2 3 -4 -5 6 -7 9 13 -10 -11 11 -13 -14 -15
leaf_value=-0.017758987540905768 -0.00087205173951222889 0.0080420945200358022 0.035100621146996767 0.0080420945200358022 0.0080420945200358022 0.02517937350262333 0.0080420945200358022 -0.017758987540905768 -0.0077359393379193451 -0.0077359393379193451 0.02517937350262333 0.0080420945200358022 0.0080420945200358022 -0.025500348856103722
leaf_weight=23.78052656725049 37.671469874680042 39.112224791198969 19.715783692896366 23.686575695872307 5.7035718634724617 22.552316963672638 4.7644283939152956 59.58579814620316 101.09020859748125 129.5466627702117 11.439840052276852 82.290181361138821 9.9227606765925866 31.773008367046714
leaf_count=536 429 578 121 392 105 158 86 1770 2156 2816 97 779 106 1002
internal_value=-0.000627527 -0.00578961 0.0111223 0.00096679 -0.00259122 0.00804209 -0.00596016 -0.0121021 -0.00785515 -0.00773594 0.00804209 0.00804209 0.0209321 -0.017759
internal_weight=602.635 419.043 183.592 202.813 179.127 163.877 140.015 216.23 124.871 134.311 141.324 103.653 21.3626 91.3588
internal_count=11131 9441 1690 3977 3585 1569 3007 5464 2692 2902 1411 982 203 2772
is_linear=0
shrinkage=0.03


Tree=37
num_leaves=15
num_cat=0
split_feature=43 24 50 9 21 49 33 21 48 17 15 18 38 9
split_gain=28.9449 21.1346 12.7282 12.377 11.2697 9.0872 7.51266 6.04204 5.07586 7.18286 5.30565 3.54984 3.14918 4.04268
threshold=1.0000000180025095e-35 -0.2977494349999999 1.0000000180025095e-35 4.4850000000000012 0.15696071500000003 1.0000000180025095e-35 0.30702956000000003 0.0019117800000000003 1.3277777750000002 0.015393930000000002 0.72897872500000005 0.0092568000000000008 -0.39991053499999996 4.8150000000000004
decision_type=2 10 10 2 10 10 10 8 2 8 2 10 8 2
left_child=1 -1 4 -2 5 7 -5 -3 9 -9 -11 12 -7 -14
right_child=3 2 -4 6 -6 11 -8 8 -10 10 -12 -13 13 -15
leaf_value=0.011068790412719838 0.044716224979379021 -0.0091913548305287834 0.010920099186989335 0.011068790412719838 0.010920099186989335 -0.0091913548305287834 0.034854594083398263 -0.0076402634780436268 0.010920099186989335 0.010920099186989335 -0.0076402634780436268 -0.0091913548305287834 -0.0091913548305287834 -0.021283214716883748
leaf_weight=102.0484568271786 14.244704775512217 77.508173793554306 45.167038962244987 29.275411358103156 20.47343410551548 9.804585821926592 11.313533388078211 64.528811186552048 20.538826290518045 35.082391075789928 6.8319096118211737 54.235382929444313 32.713424237444997 76.190049517899752
leaf_count=1046 154 1485 804 350 335 235 98 1272 376 594 134 1373 837 2037
internal_value=0.000931185 -0.00117383 -0.00401211 0.0215041 -0.00573022 -0.00695023 0.0124785 -0.00264788 0.00138678 -0.00140408 0.0081511 -0.0119929 -0.0154202 -0.017487
internal_weight=599.956 545.122 443.074 54.8336 397.907 377.434 40.5889 204.49 126.982 106.443 41.9143 172.943 118.708 108.903
internal_count=11130 10528 9482 602 8678 8343 448 3861 2376 2000 728 4482 3109 2874
is_linear=0
shrinkage=0.03


Tree=38
num_leaves=15
num_cat=0
split_feature=15 45 51 48 28 21 15 9 14 9 20 11 11 28
split_gain=34.3803 18.6594 11.2125 11.0354 9.0202 7.10894 6.70199 5.67074 4.48626 4.01161 3.86929 3.80964 3.78906 2.1914
threshold=0.18162248500000003 1.0000000180025095e-35 0.0018020100000000004 0.33888888500000008 90583.760000000024 0.36921133500000008 0.47042002500000007 4.0950000000000006 24370.810000000001 0.93500000000000016 -0.036844239999999993 2659126.1600000006 3882917.6750000003 131500.31000000003
decision_type=2 2 10 2 10 10 2 2 2 2 8 2 2 10
left_child=5 2 3 9 6 8 10 -8 12 -2 -5 -11 -1 -13
right_child=1 -3 -4 4 -6 -7 7 -9 -10 11 -12 13 -14 -15
leaf_value=0.034786577135786242 0.0055870276309801532 0.014371266741261745 -0.014436480782408199 0.014371266741261745 0.014371266741261745 0.038203462570412322 0.0055870276309801532 -0.0079959468096030949 0.014371266741261745 -0.014436480782408199 0.0055870276309801532 -0.0079959468096030949 0.014881497868631428 0.0043164719078938214
leaf_weight=19.844033509492874 5.4220532216131678 27.757832342758775 97.963397720828652 7.6489539742469788 33.952248195186257 10.628320943564175 18.115455752238631 53.119183275848627 62.228015860542655 54.844896644353867 61.893628792837262 114.30861883796751 19.076434087008238 17.062638867646456
leaf_count=233 94 326 2248 110 412 75 341 1107 684 1240 1146 2676 227 289
internal_value=-0.000572847 -0.00398963 -0.00547226 -0.00304254 0.00240481 0.0143713 -0.000997696 -0.00741437 0.0143713 -0.00799595 0.00558703 -0.0088799 0.0256475 -0.00799595
internal_weight=603.866 492.089 464.331 366.368 174.729 111.777 140.777 71.2346 101.148 191.638 69.5426 186.216 38.9205 131.371
internal_count=11208 9989 9663 7415 3116 1219 2704 1448 1144 4299 1256 4205 460 2965
is_linear=0
shrinkage=0.03


Tree=39
num_leaves=15
num_cat=0
split_feature=43 49 23 37 15 38 51 13 13 19 11 14 39 11
split_gain=31.9745 22.9702 20.7274 11.847 7.2142 4.65216 4.37187 3.65714 3.05217 2.91163 2.56489 2.78484 2.41662 2.03768
threshold=1.0000000180025095e-35 0.54772727500000007 -0.30799295499999996 1.0000000180025095e-35 0.29327607500000002 -0.62782736999999988 -0.055945684999999995 7129970.1050000014 2198136.9300000002 0.061730195000000009 31937946.490000006 135127.17000000001 1.5000000000000002 2060235.9400000002
decision_type=2 10 10 10 2 8 8 10 8 10 2 2 8 2
left_child=1 2 -1 9 -3 -6 -7 8 -2 10 12 -12 -4 -8
right_child=7 4 3 -5 5 6 13 -9 -10 -11 11 -13 -14 -15
leaf_value=0.016477544113518178 0.030775946350327515 -0.0026698813487985315 -0.0026698813487985315 0.016477544113518178 -0.0026698813487985315 -0.0026698813487985315 -0.010053899872274254 0.034602766384634331 0.016477544113518178 0.012368939501594437 0.012368939501594437 -0.0026698813487985315 0.012368939501594437 -0.02236514487198267
leaf_weight=69.636722959578037 13.76427562907338 30.345009805634618 298.85072452202439 15.102118521928785 4.4968834724277258 5.8870388269424438 17.408304031938314 14.494750209152697 28.842366803437471 10.617989551275967 5.9901181869208795 5.5238519571721554 5.6566622368991366 73.096467407420278
leaf_count=564 145 726 5792 150 119 149 501 147 315 137 113 103 44 2114
internal_value=0.000452203 -0.00180943 0.00168302 -0.00137094 -0.0126872 -0.0165992 -0.0183558 0.0216049 0.0164909 -0.00266988 -0.00266988 0.0112044 -0.00266988 -0.0201329
internal_weight=599.713 542.612 411.378 341.741 131.234 100.889 96.3918 57.1014 42.6066 326.639 316.021 11.514 304.507 90.5048
internal_count=11119 10512 6903 6339 3609 2883 2764 607 460 6189 6052 216 5836 2615
is_linear=0
shrinkage=0.03


Tree=40
num_leaves=15
num_cat=0
split_feature=44 47 49 38 41 48 21 49 20 31 33 38 51 49
split_gain=36.1274 22.8617 18.2977 12.9975 8.7315 7.68085 4.33862 3.45591 3.35845 2.42841 2.40947 1.45389 1.54786 1.16066
threshold=1.0000000180025095e-35 1.0000000180025095e-35 0.21111111000000002 -0.023390719999999997 -0.026681884999999999 0.19444444500000005 0.028400125000000002 0.40833333500000007 -0.0014784999999999998 0.11830501 -0.83560599999999996 -0.0080615249999999982 -0.035418039999999991 0.66894977500000008
decision_type=2 8 10 8 10 2 10 8 8 10 10 10 10 8
left_child=1 2 3 5 -2 -1 8 -8 9 10 -4 -3 -9 -12
right_child=4 11 6 -5 -6 -7 7 12 -10 -11 13 -13 -14 -15
leaf_value=-0.0059361904243350246 0.038240009129040312 0.0077659011723851734 -0.019041722841366297 -0.0059361904243350246 0.0077659011723851734 0.0077659011723851734 0.017490068632959221 0.0030450521085689623 -0.019041722841366297 -0.019041722841366297 0.0038963555333596475 0.0030450521085689623 -0.0066842196502849768 -0.0071934940581485996
leaf_weight=19.681027512997389 25.448473108932376 107.65212097018957 8.9656037148088199 135.56668846309185 11.833671765401958 77.627548169344664 6.3114400580525425 9.7596810963004863 83.271077742800117 16.519634068012238 20.997601646929979 60.418987583369017 8.8033809233456815 12.839426215738056
leaf_count=403 191 920 251 2715 182 1342 130 261 2475 496 521 675 249 394
internal_value=0.000406632 -0.00149066 -0.0053864 6.16051e-05 0.0286166 0.0077659 -0.0129176 -0.00593619 -0.0151352 -0.00942684 -0.00668422 0.0077659 -0.00668422 -0.00668422
internal_weight=605.696 568.414 400.343 232.875 37.2821 97.3086 167.468 24.8745 142.593 59.3223 42.8026 168.071 18.5631 33.837
internal_count=11205 10832 9237 4460 373 1745 4777 640 4137 1662 1166 1595 510 915
is_linear=0
shrinkage=0.03


Tree=41
num_leaves=15
num_cat=0
split_feature=47 26 44 26 9 51 51 28 51 38 13 15 14 15
split_gain=31.0983 15.3837 7.93318 8.66641 6.59991 5.80435 5.31138 5.0519 3.44138 3.01072 1.73005 1.01644 1.24139 0.350948
threshold=1.0000000180025095e-35 0.061015990000000013 6.5000000000000009 0.0059408650000000009 19.345000000000002 0.033750155000000011 -0.040929924999999999 914138.61500000011 -0.023193674999999997 -0.32600441499999994 1519929.5100000002 0.25728039000000008 76729.465000000011 0.16503521000000002
decision_type=10 10 2 10 2 10 10 10 8 8 10 2 2 2
left_child=1 4 3 -2 5 -1 -3 -8 -6 13 -7 -12 -13 -5
right_child=2 6 -4 9 8 10 7 -9 -10 -11 11 12 -14 -15
leaf_value=-0.0045667605838420324 -0.0045667605838420324 0.012535737189290172 0.029931579101001183 0.0249506574116376 -0.0045667605838420324 -0.0045667605838420324 -0.0045667605838420324 0.012535737189290172 -0.026609051441094902 0.012535737189290172 -0.0057175794539020917 -0.026609051441094902 -0.007320325423128886 0.016519606472700385
leaf_weight=323.08764526806772 33.352018799632788 24.872694656252861 20.314519934356213 18.331601850688457 5.5439409706741571 5.2296218741685321 9.1547858901321906 9.2982181236147863 18.326361203566208 83.730421710759401 3.7209677305072573 13.91016084328294 4.0755961537361136 21.695333451032639
leaf_count=7706 399 245 116 93 134 150 133 72 486 829 91 405 115 143
internal_value=0.000977125 -0.00349818 0.0114616 0.0114616 -0.0054777 -0.00456676 0.0114616 -0.00343997 -0.020447 0.0125357 -0.0182811 -0.021913 -0.0247859 0.0208949
internal_weight=594.644 417.22 177.424 157.109 373.894 350.024 43.3257 18.453 23.8703 123.757 26.9363 21.7067 17.9858 40.0269
internal_count=11117 9537 1580 1464 9087 8467 450 205 620 1065 761 611 520 236
is_linear=0
shrinkage=0.03


Tree=42
num_leaves=15
num_cat=0
split_feature=49 38 51 21 23 48 30 44 13 48 19 21 51 24
split_gain=30.7928 22.1035 11.1183 10.4767 7.47192 6.72397 6.55699 6.32492 6.07572 5.60278 3.93785 3.69437 3.28578 2.99597
threshold=0.54772727500000007 -0.35025170499999997 0.00097242000000000021 0.022205645000000003 -0.30799295499999996 0.81666666500000018 -0.0031506699999999999 1.0000000180025095e-35 9783344.3850000016 0.12777777500000004 0.028144135000000004 0.0084063800000000032 0.00097242000000000021 -0.070689164999999984
decision_type=10 8 10 10 10 2 10 2 10 2 10 10 10 8
left_child=1 3 4 12 -3 7 -5 8 10 -10 -6 13 -1 -2
right_child=11 2 -4 6 5 -7 -8 -9 9 -11 -12 -13 -14 -15
leaf_value=0.011934629557813355 -0.009967835987174151 0.0095009927234367946 -0.009967835987174151 0.011934629557813355 -0.0075920563592078855 0.0086235340235737978 0.041443437748305008 0.0086235340235737978 -0.009967835987174151 0.0086235340235737978 0.0086235340235737978 -0.009967835987174151 -0.0048052196084107648 -0.021107896114878594
leaf_weight=51.52564574405551 32.513415519148111 42.778303895145655 71.736928310245275 11.861039921641352 137.55943236500025 71.589006181806326 19.062634151428938 9.4148395359516126 7.2417369410395649 18.389767035841942 11.735414851456879 48.210957515984774 11.412701800465582 55.218797070905566
leaf_count=543 881 364 1441 89 2693 1195 154 119 139 336 197 1227 141 1657
internal_value=0.000185924 0.0038657 0.000555413 0.0167868 0.00310747 0.0008866 0.0308535 -0.00214836 -0.00382729 0.00862353 -0.00615274 -0.0123186 0.00950099 -0.0168322
internal_weight=600.251 464.307 370.445 93.862 298.709 255.93 30.9237 184.341 174.926 25.6315 149.295 135.943 62.9383 87.7322
internal_count=11176 7411 6484 927 5043 4679 243 3484 3365 475 2890 3765 684 2538
is_linear=0
shrinkage=0.03


Tree=43
num_leaves=15
num_cat=0
split_feature=15 47 44 14 51 29 48 21 48 13 51 14 14 48
split_gain=28.9006 20.7222 14.1024 12.3861 6.96748 6.19716 6.0501 5.06116 3.98204 4.94381 3.78673 2.52147 1.81975 1.92972
threshold=0.18484503000000002 1.0000000180025095e-35 2.5000000000000004 23320.940000000006 -0.04441668499999999 0.020538200000000003 0.20555555500000003 0.23290069000000002 1.0944444450000004 3660153.6850000005 0.034928545000000012 47233.81500000001 6419.8900000000003 0.41666666500000005
decision_type=2 8 2 2 8 10 2 10 2 8 10 2 2 2
left_child=2 4 3 8 -2 10 -7 -5 9 -1 12 -3 13 -6
right_child=1 11 -4 7 5 6 -8 -9 -10 -11 -12 -13 -14 -15
leaf_value=0.029068700833561334 0.0034470517640527464 0.0034470517640527464 0.041318874145138754 0.006586156423451759 -0.023329208867960395 -0.010967787148806935 0.0034470517640527464 0.03473541466638079 0.039294464324270417 0.006586156423451759 -0.023329208867960395 0.006586156423451759 -0.010967787148806935 -0.0086137984060575441
leaf_weight=14.312109939754011 44.816722707822919 83.053862493485212 12.942993450909851 52.463781327009201 18.851639579981569 16.886224780231714 30.614275086671114 9.0234166085720044 10.346955258399246 14.99715907499194 22.090547796338797 43.29527099058032 206.17103718221188 12.152246447280048
leaf_count=173 945 859 77 614 530 403 508 78 88 203 649 443 5212 275
internal_value=-0.000555366 -0.00379822 0.0129446 0.00894465 -0.00753817 -0.00914903 0.00079947 0.00658616 0.023593 0.0169364 -0.0109678 0.00658616 -0.0109678 -0.01912
internal_weight=592.018 477.932 114.086 101.143 351.583 306.766 47.5005 61.4872 39.6562 29.3093 259.265 126.349 237.175 31.0039
internal_count=11057 9824 1233 1156 8522 7577 911 692 464 376 6666 1302 6017 805
is_linear=0
shrinkage=0.03


Tree=44
num_leaves=15
num_cat=0
split_feature=39 49 43 15 34 9 15 41 38 51 48 51 49 12
split_gain=31.3272 18.0061 12.6198 8.39058 7.23576 5.9662 5.88635 4.97481 4.8162 2.86858 2.65566 1.94377 1.77184 0.325048
threshold=1.5000000000000002 0.54772727500000007 1.0000000180025095e-35 0.28892525000000008 inf 3.9450000000000007 0.057231475000000011 -0.35974400499999992 -0.26534621999999991 0.00097242000000000021 3.0833333350000003 0.00097242000000000021 0.66894977500000008 1463339.1900000002
decision_type=10 10 2 2 8 2 2 8 8 8 2 10 8 2
left_child=1 2 6 12 -2 11 -1 -8 9 -7 -9 13 -3 -5
right_child=4 3 -4 5 -6 8 7 10 -10 -11 -12 -13 -14 -15
leaf_value=0.018107472411883967 0.018107472411883967 0.012843209558213284 0.018107472411883967 0.00015832749292678022 0.034248890645855838 -0.0016645542446808448 0.018107472411883967 0.00015832749292678022 -0.021730606140566187 -0.021730606140566187 0.018107472411883967 -0.016830384540355701 0.00015832749292678022 -0.0016645542446808448
leaf_weight=7.5635196007788172 35.223659884184599 11.110212771221997 38.03399620205164 8.5101745724678128 27.353486213833094 3.3558308687061054 9.4397729691117984 340.77053108811378 68.498638892546296 5.4852348398417234 6.4480160847306243 5.3409227021038523 17.59099424816668 9.4283891450613719
leaf_count=64 199 271 417 230 160 84 99 6373 2084 154 113 165 448 261
internal_value=0.00113881 -0.00123924 0.00189615 -0.0109317 0.0210415 -0.0150744 0.000158327 0.000158327 -0.0190381 -0.00166455 0.000158327 -0.00166455 0.000158327 0.000158327
internal_weight=594.153 531.576 402.256 129.32 62.5771 100.619 364.222 356.658 77.3397 8.84107 347.219 23.2795 28.7012 17.9386
internal_count=11122 10763 7066 3697 359 2978 6649 6585 2322 238 6486 656 719 491
is_linear=0
shrinkage=0.03


Tree=45
num_leaves=15
num_cat=0
split_feature=26 45 48 51 12 30 22 21 14 21 15 41 14 3
split_gain=29.1176 14.912 12.1479 15.4905 8.31102 9.11357 8.18009 8.68848 6.35248 10.7004 5.14475 4.94293 4.37974 3.65446
threshold=0.048694310000000011 1.0000000180025095e-35 0.15000000000000005 -0.0098208999999999987 806805.8400000002 -0.0081560949999999986 0.43512899500000007 0.025772135000000005 47233.81500000001 -0.0031510199999999996 0.58841576000000007 -0.24546764499999998 66382.080000000016 1.0000000180025095e-35
decision_type=10 2 2 10 2 10 8 10 2 8 2 10 2 2
left_child=1 2 -1 4 5 -4 -6 8 10 -10 13 -2 -7 -8
right_child=11 -3 3 -5 6 12 7 -9 9 -11 -12 -13 -14 -15
leaf_value=-0.010999443830148609 0.025645362373708631 0.014573538350962747 -0.010999443830148609 -0.010999443830148609 -0.010999443830148609 0.014573538350962747 0.0033358545423404743 0.014573538350962747 -0.010999443830148609 0.014573538350962747 -0.010999443830148609 0.014573538350962747 -0.0090086025003501789 -0.010999443830148609
leaf_weight=140.00423467159271 37.022722266614437 24.231897950172424 5.8059161175042382 81.893136879429221 21.140542456880212 51.115497335791588 52.667314728721976 22.882919015362859 10.957791596651075 32.761811723932624 25.942754123359919 74.074689257889986 6.8809724505990735 6.9969130326062432
leaf_count=3559 226 315 116 1848 436 995 981 389 229 634 557 598 138 131
internal_value=0.00079661 -0.002394 -0.00366641 -0.000424201 0.00346917 0.0126353 4.23941e-05 0.00269682 -0.000508016 0.0086782 -0.00524546 0.0145735 0.0145735 0.000207141
internal_weight=594.379 483.282 459.05 319.046 237.152 63.8024 173.35 152.21 129.327 43.7196 85.607 111.097 57.9965 59.6642
internal_count=11152 10328 10013 6454 4606 1249 3357 2921 2532 863 1669 824 1133 1112
is_linear=0
shrinkage=0.03


Tree=46
num_leaves=15
num_cat=0
split_feature=28 47 49 9 33 42 29 49 18 41 41 13 28 13
split_gain=23.6001 18.468 15.2495 10.0554 8.67054 5.5548 3.852 3.5565 3.36188 3.22856 2.55929 2.22641 0.961069 0.756754
threshold=1898375.1850000003 1.0000000180025095e-35 0.18333333500000001 10.095000000000001 0.32420000000000004 1.0000000180025095e-35 0.0053148600000000011 0.66894977500000008 0.0029540550000000001 0.024302170000000001 0.12357287000000002 1313853.7250000003 96167.810000000012 9968781.6400000025
decision_type=10 10 10 2 8 8 8 8 8 10 10 10 10 8
left_child=1 2 3 5 -2 6 -1 8 12 11 -7 -8 -4 -9
right_child=4 -3 7 -5 -6 10 9 13 -10 -11 -12 -13 -14 -15
leaf_value=-0.0091251749923512322 0.0071905406888391277 0.0071905406888391277 -0.017950171691855466 -0.0091251749923512322 0.029563396304754117 0.0071905406888391277 -0.0091251749923512322 -0.017950171691855466 -0.0091251749923512322 -0.0091251749923512322 -0.0091251749923512322 0.0071905406888391277 -0.0091251749923512322 -0.024997982319358281
leaf_weight=17.325654074549675 23.393503662198782 146.27573148161173 37.752787413075566 75.734597694128752 29.558111760765314 103.53598498553038 6.8234923258423938 42.042513776570559 59.346515903249383 5.3311888501048079 5.3643399216234675 14.664711657911537 5.2723208833485833 19.198391174897552
leaf_count=346 125 1443 1116 1606 168 1946 111 1420 1583 113 114 267 129 648
internal_value=1.56831e-05 -0.00187565 -0.00526503 -0.000253662 0.0189341 0.00416715 -0.00477086 -0.0122283 -0.00866486 0.00345971 0.00719054 0.00719054 -0.0175582 -0.0179502
internal_weight=591.62 538.668 392.392 228.78 52.9516 153.045 44.145 163.613 102.372 26.8194 108.9 21.4882 43.0251 61.2409
internal_count=11135 10842 9399 4503 293 2897 837 4896 2828 491 2060 378 1245 2068
is_linear=0
shrinkage=0.03


Tree=47
num_leaves=15
num_cat=0
split_feature=45 49 28 13 21 13 13 48 50 9 13 38 51 38
split_gain=25.8002 19.9056 14.2146 12.6229 7.68266 6.74908 7.16593 8.1818 5.17648 4.92371 3.82466 2.60813 3.90152 1.78122
threshold=1.0000000180025095e-35 0.54772727500000007 99340.755000000019 13740183.445000002 0.024920630000000003 2481833.4800000004 6200938.7150000008 0.32777777500000005 1.0000000180025095e-35 1.4750000000000003 3135931.2650000006 -0.19205534499999996 0.0085008650000000015 -0.54966906999999987
decision_type=2 10 10 8 10 8 10 2 10 2 8 8 8 10
left_child=1 2 -1 10 8 -2 -7 -5 9 -3 -4 12 -11 -12
right_child=5 4 3 7 -6 6 -8 -9 -10 11 13 -13 -14 -15
leaf_value=-0.0021203050836318916 0.045128492772652525 -0.0021203050836318916 0.010671649685820298 0.0032276526653699194 -0.0021203050836318916 0.0024536740353051107 0.028707545679695762 0.028707545679695762 -0.0021203050836318916 -0.0021203050836318916 0.0024536740353051107 -0.021979468380935233 -0.021979468380935233 -0.0021203050836318916
leaf_weight=322.61470976099372 11.001204706728457 5.2359439842402926 28.675096403807402 12.86553532630205 21.759334705770016 18.704960733652115 13.3197695761919 25.456019330769777 6.6135789416730395 5.1090606171637756 16.854789756238461 79.829927034676075 6.9867239072918892 20.825993672013283
leaf_count=6158 108 138 183 167 540 182 128 262 176 131 105 2484 203 220
internal_value=-0.000334515 -0.00209109 0.00100168 0.0105526 -0.0125429 0.02177 0.02177 0.02177 -0.016164 -0.0181833 0.00245367 -0.0200171 -0.00637634 -0.00212031
internal_weight=595.853 552.827 427.292 104.677 125.535 43.0259 32.0247 38.3216 103.775 97.1617 66.3559 91.9257 12.0958 37.6808
internal_count=11185 10767 7095 937 3672 418 310 429 3132 2956 508 2818 334 325
is_linear=0
shrinkage=0.03


Tree=48
num_leaves=15
num_cat=0
split_feature=45 15 21 48 21 49 26 33 21 14 14 48 47 31
split_gain=23.8912 16.5129 11.3529 10.7236 7.89994 6.68808 5.72338 4.92563 3.66177 3.13818 2.836 2.81724 2.66808 2.81967
threshold=1.0000000180025095e-35 0.16503521000000002 -0.0023303599999999996 0.21666666500000001 -0.004495434999999999 0.54772727500000007 0.015528825000000001 -0.074468999999999994 0.022205645000000003 11627.390000000001 34597.030000000006 0.60555555500000013 1.0000000180025095e-35 -0.0090651749999999982
decision_type=2 2 8 2 10 10 10 10 10 2 2 2 8 10
left_child=1 2 -1 7 -2 -3 8 -4 11 -5 -6 12 13 -7
right_child=4 5 3 9 10 6 -8 -9 -10 -11 -12 -13 -14 -15
leaf_value=-0.0028810396971420162 0.0039691800535576367 -0.0028810396971420162 -0.0028810396971420162 0.031127497104400124 0.040590753090628935 -0.0061315744717844248 -0.0028810396971420162 0.019994012866715313 -0.0028810396971420162 0.019994012866715313 0.019994012866715313 -0.0028810396971420162 -0.0061315744717844248 -0.023415898730762292
leaf_weight=15.873609151691197 14.714069930836557 346.62470590695739 10.896991206333043 13.518027551472185 14.684788871556522 4.2319844346493474 22.865273166447878 7.4908812660723916 16.95319009013474 41.038589624688029 14.178844649344681 3.0437988787889472 13.971610102802513 51.431906495243311
leaf_count=183 138 6334 167 125 142 148 630 85 469 381 133 91 216 1894
internal_value=0.00113188 -0.000585293 0.0111819 0.0165744 0.0222522 -0.00288104 -0.0101685 -0.00288104 -0.013991 0.0222522 0.0311275 -0.0169051 -0.0184104 -0.0213298
internal_weight=591.518 547.941 88.8181 72.9445 43.5777 459.122 112.498 18.3879 89.6325 54.5566 28.8636 72.6793 69.6355 55.6639
internal_count=11136 10723 941 758 413 9782 3448 252 2818 506 275 2349 2258 2042
is_linear=0
shrinkage=0.03


Tree=49
num_leaves=15
num_cat=0
split_feature=47 49 21 50 51 21 12 21 51 23 51 11 20 11
split_gain=30.175 19.9124 16.0994 10.9942 6.96023 4.75355 6.14503 4.44944 4.49228 2.50598 3.35155 2.14621 1.54779 1.19102
threshold=1.0000000180025095e-35 1.0000000180025095e-35 0.0019117800000000003 1.0000000180025095e-35 -0.055945684999999995 0.025772135000000005 1000585.4300000001 0.022205645000000003 -0.055945684999999995 0.051465230000000008 0.0044584800000000008 3759033.2700000005 -0.076359514999999975 1367625.0100000002
decision_type=10 10 8 10 8 10 2 10 10 8 8 2 8 2
left_child=1 2 3 4 -1 -2 -7 9 -9 10 -3 -12 -8 -11
right_child=5 7 -4 -5 -6 6 12 8 -10 13 11 -13 -14 -15
leaf_value=0.0074292451265242053 0.007787491552532594 -0.0026548257726518661 0.0074292451265242053 0.0074292451265242053 -0.011652244519689126 0.007787491552532594 0.034333007110361004 0.0074292451265242053 -0.011652244519689126 -0.011652244519689126 -0.011652244519689126 -0.019575135989538261 0.018102249424522984 -0.021324409701806935
leaf_weight=8.1758267395198327 131.41389843076468 31.348654417321086 159.23797312751412 10.383390687406061 64.888530278578401 23.738332558423281 15.460398413240908 12.617465788498523 16.988112166523933 3.3907709810882798 23.332129962742329 31.144600424915552 14.652068302035334 45.153417062014341
leaf_count=143 1240 884 2897 177 1339 170 75 322 470 108 723 966 142 1469
internal_value=0.000962724 -0.0036098 0.00184974 -0.00875916 -0.0116522 0.010965 0.018436 -0.0116522 -0.00107911 -0.0139566 -0.0116522 -0.0150259 0.0272711 -0.0195751
internal_weight=591.926 406.661 242.686 83.4477 73.0644 185.265 53.8508 163.975 29.6056 134.37 85.8254 54.4767 30.1125 48.5442
internal_count=11125 9498 4556 1659 1482 1627 387 4942 792 4150 2573 1689 217 1577
is_linear=0
shrinkage=0.03


Tree=50
num_leaves=15
num_cat=0
split_feature=49 38 21 22 13 13 36 48 38 38 29 25 49 16
split_gain=23.9974 16.5073 11.4381 8.30999 6.12744 6.6542 5.45333 4.9387 5.80116 4.82503 4.20818 2.72984 2.65623 2.60261
threshold=0.51000000000000012 -0.30097784999999994 0.022205645000000003 inf 10166257.065000003 6418948.0600000015 1.0000000180025095e-35 0.37222222500000007 -0.042197259999999993 -0.62782736999999988 0.0018502650000000002 -0.30995391999999994 0.66894977500000008 56458.345000000008
decision_type=10 8 10 8 10 10 8 2 10 8 10 8 8 8
left_child=1 2 -1 -4 5 6 -3 8 13 -2 -6 -7 -11 -8
right_child=9 4 3 -5 10 11 7 -9 -10 12 -12 -13 -14 -15
leaf_value=0.0067151874910983565 0.0067151874910983565 -0.0072287725149804 0.010938472743392668 0.039958589392704254 -0.012391325524887318 0.0057454992869561449 -0.0047637852216003852 0.0067151874910983565 -0.0072287725149804 -0.0067999064162411679 0.0067151874910983565 -0.012391325524887318 -0.016126675777991512 0.0067151874910983565
leaf_weight=68.198356084525585 6.7341259382665157 60.11420413851738 16.99447113275528 20.26358401030302 10.354932401329277 6.9529742822051048 17.633219331502918 118.71552482619882 58.170230900868773 48.672971468418837 46.761287851259112 30.939814876765013 70.037803243845701 12.645697573199866
leaf_count=745 157 1094 124 160 205 80 365 1922 1155 1414 739 608 2169 201
internal_value=0.000681894 0.00380944 0.0141952 0.0273536 0.000755544 -0.00105026 0.000653218 0.00296412 -0.00239195 -0.0109176 0.00671519 -0.0109176 -0.0123913 0.00671519
internal_weight=593.189 467.744 105.456 37.2581 362.288 305.172 267.279 207.165 88.4491 125.445 57.1162 37.8928 118.711 30.2789
internal_count=11138 7398 1029 284 6369 5425 4737 3643 1721 3740 944 688 3583 566
is_linear=0
shrinkage=0.03


Tree=51
num_leaves=15
num_cat=0
split_feature=49 39 18 38 28 38 9 15 44 49 39 41 14 9
split_gain=18.7224 12.2211 9.14981 5.68017 6.59284 5.24372 5.09901 5.22787 3.85136 3.00975 2.78966 2.58694 1.92511 1.90087
threshold=0.53137254500000008 1.0000000180025095e-35 0.57339841000000014 -0.066494479999999981 56758.705000000009 -0.7267111799999999 4.4850000000000012 0.27434237500000008 1.0000000180025095e-35 0.66894977500000008 3.5000000000000004 -0.0053623349999999985 10908.115000000002 12.805000000000001
decision_type=10 8 8 8 10 8 2 2 2 8 8 10 2 2
left_child=1 3 10 -1 8 -2 9 -8 -5 -7 -3 12 -9 -14
right_child=5 2 -4 4 -6 6 7 11 -10 -11 -12 -13 13 -15
leaf_value=0.0055162779803941729 0.0055162779803941729 0.0055162779803941729 0.028603504576074534 -0.0050204117418378774 0.0055162779803941729 0.0055162779803941729 -0.0050204117418378774 -0.025435646837218565 0.0055162779803941729 -0.0050204117418378774 0.017511338783504408 -0.025435646837218565 -0.0050204117418378774 -0.020527836311213191
leaf_weight=115.90295547246933 5.870852667838335 66.207026075571775 21.6473100297153 188.03889295645058 49.241314761340618 14.030313679948447 18.630689909681678 6.2527727764099863 7.559304177761077 18.796593775972724 17.918342374265194 35.799690576270223 17.722645634785298 7.5832513514906159
leaf_count=1890 125 607 164 3780 755 391 473 206 105 559 105 1206 525 250
internal_value=-5.19859e-05 0.00271153 0.0116271 7.25032e-05 -0.00251645 -0.010331 -0.011893 -0.0158879 -0.00502041 -0.00502041 0.00697396 -0.0198355 -0.0128967 -0.00855211
internal_weight=591.202 466.515 105.773 360.742 244.84 124.687 118.816 85.9891 195.598 32.8269 84.1254 67.3584 31.5587 25.3059
internal_count=11141 7406 876 6530 4640 3735 3610 2660 3885 950 712 2187 981 775
is_linear=0
shrinkage=0.03


Tree=52
num_leaves=15
num_cat=0
split_feature=44 21 15 49 38 30 32 51 9 38 30 41 21 21
split_gain=20.7138 13.9984 12.8862 9.20172 5.49949 5.42404 4.55416 2.77683 3.42434 2.30932 2.24865 2.20591 2.69223 1.97723
threshold=2.5000000000000004 0.030690030000000004 0.20947326500000005 0.54772727500000007 -0.13228599999999999 -0.0019619299999999993 0.28927010000000003 0.0005007700000000001 6.7350000000000012 -0.012931674999999998 0.019634870000000002 0.01445916 0.022205645000000003 0.0061263600000000008
decision_type=2 10 2 10 8 8 10 10 2 10 8 10 8 10
left_child=1 3 9 6 5 -4 -1 -8 -9 -3 13 -5 -13 -2
right_child=10 2 4 11 -6 -7 7 8 -10 -11 -12 12 -14 -15
leaf_value=-0.012231447105203458 0.0040005361640083857 0.020966323789000603 -0.0019149545873783532 -0.012231447105203458 -0.0019149545873783532 0.020966323789000603 -0.0019149545873783532 -0.0019149545873783532 -0.012231447105203458 0.0064609213621975052 0.034157539992031909 -0.026914862770271789 -0.012231447105203458 0.021312534112446328
leaf_weight=21.393700944259763 12.726816719397904 24.25652895309031 7.3219731375575066 71.350498979911208 50.627026204019785 11.32512695156038 261.70184902846813 28.635027583688498 34.592348029837012 11.299483742564915 13.156625825911759 20.834340026602149 7.373144423589113 11.161675693467258
leaf_count=416 164 189 90 2189 1003 159 4310 557 711 133 69 737 255 121
internal_value=-0.000444765 -0.00192043 0.00789523 -0.00424068 0.000263968 0.014489 -0.00191495 -0.00191495 -0.00852902 0.0209663 0.0209663 -0.0122314 -0.020781 0.0209663
internal_weight=587.756 550.711 104.83 445.881 69.2741 18.6471 346.323 324.929 63.2274 35.556 37.0451 99.558 28.2075 23.8885
internal_count=11103 10749 1574 9175 1252 249 5994 5578 1268 322 354 3181 992 285
is_linear=0
shrinkage=0.03


Tree=53
num_leaves=15
num_cat=0
split_feature=47 48 20 28 44 45 51 21 11 48 13 13 13 51
split_gain=24.0017 13.5637 10.1098 9.59009 5.7756 5.75344 4.72671 5.21058 4.98186 4.42563 3.54315 3.2422 2.55741 1.67813
threshold=1.0000000180025095e-35 0.19444444500000005 -0.019338489999999996 54191.030000000006 1.5000000000000002 1.0000000180025095e-35 -0.029882924999999994 0.028400125000000002 2181401.3700000006 0.97222222500000011 2515834.7350000003 1267508.9300000004 11097924.765000002 0.030586735
decision_type=8 2 8 10 2 2 10 10 2 2 10 8 10 10
left_child=1 13 -3 5 -2 6 7 8 11 12 -11 -4 -10 -1
right_child=4 2 3 -5 -6 -7 -8 -9 9 10 -12 -13 -14 -15
leaf_value=-0.011190629062050218 0.009455573465565234 0.009455573465565234 -0.0094889030806623743 0.009455573465565234 0.024082005216071106 0.009455573465565234 -0.011190629062050218 0.009455573465565234 -0.011190629062050218 -0.011190629062050218 0.009455573465565234 0.009455573465565234 0.009455573465565234 -0.0221571889794108
leaf_weight=121.97218137234449 166.17413218691945 58.897339314222336 8.6075804233551043 39.863292653113604 23.715484365820885 8.4993393309414369 57.252249041572213 13.365478029474614 36.339718826115131 6.8700677938759354 9.7451845612376911 15.630797749385236 3.9444947037845841 12.599510038271545
leaf_count=3478 1543 845 200 805 133 129 1519 281 916 133 195 349 103 429
internal_value=0.000723626 -0.00350247 0.000519601 -0.00274777 0.00945557 -0.00603039 -0.00750442 -0.00296941 -0.00596139 -0.0107572 0.00410125 0.00527684 -0.0111906 -0.0111906
internal_weight=583.477 393.587 259.016 200.118 189.89 160.255 151.756 94.5033 81.1378 56.8995 16.6153 24.2384 40.2842 134.572
internal_count=11058 9382 5475 4630 1676 3825 3696 2177 1896 1347 328 549 1019 3907
is_linear=0
shrinkage=0.03


Tree=54
num_leaves=15
num_cat=0
split_feature=45 49 51 13 15 13 38 13 51 20 13 13 30 21
split_gain=16.4086 13.4993 10.3666 8.39637 6.0234 7.09196 5.6575 5.31814 3.29869 3.80905 2.64358 12.6604 3.08869 2.34544
threshold=1.0000000180025095e-35 0.34523809500000008 0.0014161000000000002 2515834.7350000003 0.18484503000000002 11097924.765000002 -0.17046132 2254310.3650000007 0.0053283500000000008 -0.013968429999999999 6271730.9050000003 5036183.1250000009 0.0021387300000000006 0.022205645000000003
decision_type=2 10 10 8 2 10 8 8 8 10 10 8 10 10
left_child=1 2 4 -2 -1 6 7 -6 -3 -10 -5 -9 -13 -11
right_child=3 8 -4 10 5 -7 -8 11 9 13 -12 12 -14 -15
leaf_value=0.0099610873200533263 0.039987772358458303 -0.0024857315214573432 -0.0077515807951907085 0.0099610873200533263 -0.0024857315214573432 0.0099610873200533263 -0.0024857315214573432 0.042631084513199226 -0.0077515807951907085 -0.020104156565838062 0.023261237796419375 -0.0024857315214573432 0.0099610873200533263 -0.0077515807951907085
leaf_weight=73.003339048475027 10.967235069721935 59.175389597192407 73.364730756729841 18.542142806574706 12.506466269493101 29.166559195145965 165.26735455170274 10.775419864803554 40.68221235089004 45.117815427482128 13.010909769684075 10.863998878747227 9.1793591715395433 10.914825391024349
leaf_count=649 104 1599 1354 176 155 481 3057 161 1146 1497 120 151 108 317
internal_value=0.000725757 -0.000701087 0.00232207 0.0184467 0.00471749 0.00227844 5.3356e-05 0.00957646 -0.00811774 -0.0115065 0.00996109 0.00996109 0.00325602 -0.0169884
internal_weight=582.538 540.017 384.127 42.5203 310.762 237.759 208.593 43.3252 155.89 96.7149 31.5531 30.8188 20.0434 56.0326
internal_count=11075 10675 6116 400 4762 4113 3632 575 4559 2960 296 420 259 1814
is_linear=0
shrinkage=0.03


Tree=55
num_leaves=15
num_cat=0
split_feature=47 49 26 9 18 9 9 24 15 9 13 12 32 20
split_gain=20.776 16.5671 9.08959 6.80459 8.35167 4.82449 6.03001 4.40622 6.16399 4.18472 4.16578 3.80418 3.75262 3.21899
threshold=1.0000000180025095e-35 0.54772727500000007 0.018288145000000002 9.4950000000000028 0.0072129000000000004 14.095000000000001 18.645000000000003 -0.048921349999999995 0.46127129000000006 3.6250000000000004 2040591.7350000001 10079598.905000003 0.6832108950000001 -0.0054236799999999993
decision_type=8 10 10 2 10 2 2 8 2 2 8 2 10 10
left_child=1 2 3 4 7 -4 10 8 -1 -10 13 -12 -3 -2
right_child=6 12 5 -5 -6 -7 -8 -9 9 -11 11 -13 -14 -15
leaf_value=0.0093102282741029663 0.025585147133719267 -0.018512099678015884 0.0093102282741029663 -0.0091375643730243743 0.0093102282741029663 -0.0083478706404431207 -0.0083478706404431207 -0.0091375643730243743 0.0093102282741029663 -0.0091375643730243743 0.0093102282741029663 0.026190989921107664 -0.0091375643730243743 0.0093102282741029663
leaf_weight=21.505034347996116 26.142615672200918 62.219055624678731 64.17821329459548 82.239398991689086 52.879155267030001 13.217127718031405 13.22290889546275 54.305080607533455 5.2104311957955387 11.045405395328997 130.26710242778063 12.058778170496224 25.533522235229611 16.094645701348782
leaf_count=417 192 2356 889 1961 1079 197 121 1210 119 258 1134 100 906 174
internal_value=0.0014075 -0.00259004 0.000731185 -0.00229987 0.00161575 0.00931023 0.00931023 -0.00390118 0.0039123 -0.00913756 0.0107217 0.00931023 -0.013996 0.0191727
internal_weight=590.118 392.332 304.58 227.185 144.945 77.3953 197.786 92.066 37.7609 16.2558 184.563 142.326 87.7526 42.2373
internal_count=11113 9392 6130 5044 3083 1086 1721 2004 794 377 1600 1234 3262 366
is_linear=0
shrinkage=0.03


Tree=56
num_leaves=15
num_cat=0
split_feature=47 49 38 16 45 21 38 5 12 14 32 20 38 12
split_gain=15.3064 14.934 7.98032 5.49389 4.91675 4.51024 2.2124 2.44678 2.07252 3.34986 2.7447 3.22202 1.6693 1.21873
threshold=1.0000000180025095e-35 1.0000000180025095e-35 -0.13853494499999996 430690.45000000007 1.0000000180025095e-35 0.029461725000000005 -0.071838604999999986 1.0000000180025095e-35 4809766.7500000009 47233.81500000001 0.88389860000000009 0.0016203400000000003 -0.99999995499999994 5796077.1600000011
decision_type=8 10 8 10 2 10 10 2 2 2 10 10 8 2
left_child=1 2 7 5 6 8 12 -1 10 13 -3 -12 -2 -10
right_child=4 3 -4 -5 -6 -7 -8 -9 9 -11 11 -13 -14 -15
leaf_value=0.0094040290938873974 0.017433221097728453 -0.018746836705582907 -0.0008701151057490911 -0.0008701151057490911 0.021303919019198949 -0.0008701151057490911 0.0025773094047209415 -0.0008701151057490911 -0.0016526492809978896 -0.0008701151057490911 -0.0008701151057490911 -0.018746836705582907 0.0094040290938873974 -0.024076467503512677
leaf_weight=37.882612098008394 23.675863340497017 72.550440270453691 182.50565678440034 12.897469541057943 24.55208033323288 21.189207717776299 85.5348418392241 17.441767398267984 3.1165781300514954 12.975429367274044 15.344914427027108 6.5775906294584265 62.811633136123419 7.7181727308779955
leaf_count=539 124 2515 3697 269 140 602 931 272 102 408 500 229 525 260
internal_value=0.00124356 -0.0021963 0.00250131 -0.00949717 0.00804822 -0.011662 0.00804822 0.00804822 -0.013954 -0.0057231 -0.0159468 -0.00626683 0.00940403 -0.018311
internal_weight=586.774 390.2 237.83 152.37 196.574 139.472 172.022 55.3244 118.283 23.8102 94.4729 21.9225 86.4875 10.8348
internal_count=11113 9393 4508 4885 1720 4616 1580 811 4014 770 3244 729 649 362
is_linear=0
shrinkage=0.03


Tree=57
num_leaves=15
num_cat=0
split_feature=49 18 12 51 29 51 39 33 51 48 51 9 13 14
split_gain=14.8799 11.4915 10.0697 8.42475 6.08239 5.81008 5.08176 4.49622 2.71837 5.68822 4.38772 4.29266 2.13877 3.29366
threshold=0.54772727500000007 0.57339841000000014 14091112.590000002 0.033750155000000011 0.010607715000000002 -0.048970299999999994 3.5000000000000004 -0.7965779449999999 -0.041881289999999995 0.83888888500000014 -0.080041654999999975 14.345000000000001 8624308.7200000025 126274.92000000001
decision_type=10 10 2 10 10 8 8 10 10 2 10 2 10 2
left_child=1 2 3 6 -4 -2 8 -7 9 -1 11 -11 -9 -14
right_child=5 -3 4 -5 -6 7 -8 12 -10 10 -12 -13 13 -15
leaf_value=0.0026631907557578389 0.0026631907557578389 0.031821295544154964 0.0026631907557578389 -0.0085952831289823547 0.031821295544154964 -0.022158031116959763 0.018322413083007954 -0.0085952831289823547 -0.0011992258078080556 0.018322413083007954 0.0026631907557578389 0.0026631907557578389 -0.022158031116959763 -0.0085952831289823547
leaf_weight=171.17473160661757 12.56494342535734 11.338425260037182 7.6551525611430433 25.129276959225535 8.8669468462467176 25.156314378604293 17.686394214630127 61.448200961574912 149.84999687038362 49.595003571361303 15.609433274716137 8.3461993820965272 14.465262532234194 5.4735334478318682
leaf_count=2789 320 85 138 531 96 815 106 2003 2660 634 196 116 462 164
internal_value=0.000822278 0.00324651 0.00246436 0.0015673 0.0247675 -0.00859528 0.00272215 -0.01113 0.00266319 0.00392098 0.0112643 0.0153396 -0.00859528 -0.0186069
internal_weight=584.36 465.252 453.913 437.391 16.5221 119.108 412.262 106.543 394.575 244.725 73.5506 57.9412 81.387 19.9388
internal_count=11115 7351 7266 7032 234 3764 6501 3444 6395 3735 946 750 2629 626
is_linear=0
shrinkage=0.03


Tree=58
num_leaves=15
num_cat=0
split_feature=49 51 44 48 19 15 15 39 51 15 33 33 15 49
split_gain=14.1235 9.92336 7.89861 6.60614 5.32926 4.74966 4.91817 4.06675 3.78406 2.72646 2.71446 2.41469 2.35378 1.7261
threshold=0.51000000000000012 -0.013280554999999998 1.5000000000000002 0.81666666500000018 0.050272245000000007 0.43013057500000007 0.29327607500000002 2.5000000000000004 -0.018103469999999997 0.22112289500000001 -0.77582649999999986 -0.17469269999999998 0.15776049 0.66894977500000008
decision_type=10 10 2 2 10 2 2 8 8 2 10 8 2 8
left_child=1 2 3 4 7 -3 -2 -1 -8 -4 -10 -7 -5 -12
right_child=6 5 9 12 -6 11 8 -9 10 -11 13 -13 -14 -15
leaf_value=-0.00069915396551318036 -0.00069915396551318036 -0.00069915396551318036 0.028807388106344402 0.019606848760890982 0.010148536395611338 -0.016500000608079397 -0.0016204788753480576 0.010148536395611338 -0.026160602287361393 0.010516735568893465 -0.0050582305000699337 -0.0026522474760935356 0.010148536395611338 -0.016698660597455877
leaf_weight=190.55220212042332 29.616291018202901 68.432960463687778 14.185927513986824 23.831233333796263 16.986417632550001 34.402484172955155 22.206734882667661 10.685603678226469 17.219552392140031 17.844178356230259 20.828103385865688 17.314360601827502 76.151187505573034 28.248178573325276
leaf_count=3406 762 1053 79 175 156 800 665 68 603 183 703 356 1129 1030
internal_value=0.000386032 0.00271768 0.00526664 0.00380378 0.000863809 -0.00469468 -0.00884419 -0.000699154 -0.012436 0.0192444 -0.015981 -0.00884419 0.0101485 -0.0119581
internal_weight=588.505 470.387 350.237 318.207 218.224 120.15 118.119 201.238 88.5026 32.0301 66.2958 51.7168 99.9824 49.0763
internal_count=11168 7405 5196 4934 3630 2209 3763 3474 3001 262 2336 1156 1304 1733
is_linear=0
shrinkage=0.03


Tree=59
num_leaves=15
num_cat=0
split_feature=44 48 51 21 39 48 50 11 41 20 49 21 21 39
split_gain=14.3605 7.83585 8.12069 7.52414 7.07504 7.59923 5.12285 5.21205 6.43145 4.05625 3.72265 2.77518 2.17704 1.41208
threshold=2.5000000000000004 0.13888888500000005 -0.0020964849999999995 0.017767845000000004 1.0000000180025095e-35 0.41666666500000005 1.0000000180025095e-35 4222652.5300000012 0.013325305000000001 -0.0048428549999999992 1.0000000180025095e-35 0.0075626500000000006 -0.012256089999999999 1.5000000000000002
decision_type=2 2 10 10 8 2 10 2 10 8 10 10 8 10
left_child=1 12 3 4 5 -3 7 11 10 -2 -9 -7 -1 -4
right_child=9 2 13 -5 -6 6 -8 8 -10 -11 -12 -13 -14 -15
leaf_value=-0.021058949377415929 0.025826720292410878 -0.0076414332265874636 -0.0076414332265874636 0.010542194411868008 0.010542194411868008 -0.0076414332265874636 0.010542194411868008 0.010542194411868008 -0.0076414332265874636 0.010542194411868008 -0.0076414332265874636 0.010542194411868008 -0.0076414332265874636 0.0030674701105226814
leaf_weight=10.207758311182259 22.605709416791797 80.262869408354163 73.453730219975114 82.340643672272563 44.004797920584679 41.736250253394246 13.401344940066336 31.734031144529581 13.759709121659396 16.128796365112066 8.0485954172909242 6.638291969895362 127.91421199776232 10.590972650796173
leaf_count=281 163 1847 1695 1153 437 738 195 498 283 202 178 122 3235 63
internal_value=-0.000228042 -0.00149688 0.00060729 0.00277793 7.67882e-05 -0.0023806 0.00265779 -0.000234504 0.00616024 0.0171842 0.0105422 -0.0072938 -0.00764143 -0.00764143
internal_weight=582.828 544.093 405.971 321.927 239.586 195.581 115.318 101.917 53.5423 38.7345 39.7826 48.3745 138.122 84.0447
internal_count=11090 10725 7209 5451 4298 3861 2014 1819 959 365 676 860 3516 1758
is_linear=0
shrinkage=0.03


Tree=60
num_leaves=15
num_cat=0
split_feature=45 21 49 15 38 32 21 51 48 9 30 26 51 21
split_gain=17.8572 13.9079 8.63106 5.6317 6.01926 5.1492 3.64468 3.60706 3.42567 2.88794 2.7925 1.99761 0.605468 0.43194
threshold=1.0000000180025095e-35 -0.0055644049999999988 0.54772727500000007 0.28892525000000008 -0.62782736999999988 0.88389860000000009 0.15696071500000003 0.0080431500000000006 0.41666666500000005 8.5350000000000019 0.0026750450000000005 0.016260995000000004 -0.040557324999999991 0.018563985000000002
decision_type=2 10 10 2 8 10 10 10 2 2 8 10 8 8
left_child=2 -2 6 -4 -5 -3 -1 8 9 11 -11 12 -6 -12
right_child=1 5 3 4 7 -7 -8 -9 -10 10 13 -13 -14 -15
leaf_value=-0.00060393139358339433 -0.00060393139358339433 0.017912910095059784 -0.00060393139358339433 -0.00060393139358339433 -0.00060393139358339433 0.043657064507481955 0.010955916564535814 -0.028938191866747606 -0.00060393139358339433 -0.028938191866747606 -0.019059594360429807 -0.00060393139358339433 -0.0088791735744667231 -0.0088791735744667231
leaf_weight=393.27108840458095 15.189233440905808 18.762721765786413 27.558165211230516 4.094676285982132 3.9551775194704533 13.226360056549309 38.704183323308825 14.480972073972223 7.491431074216961 16.763715220615268 4.1148634385317591 7.1395312678068867 22.812321312725548 3.3145814500749111
leaf_count=6728 138 195 716 119 114 89 385 594 239 605 160 209 787 107
internal_value=0.000946137 0.0184515 -0.000603931 -0.00890535 -0.0128811 0.0295579 -0.000603931 -0.0156095 -0.0122765 -0.0149459 -0.0227586 -0.00887917 -0.00887917 -0.00887917
internal_weight=590.879 47.1783 543.701 111.725 84.1673 31.9891 431.975 80.0726 65.5916 58.1002 24.1932 33.907 26.7675 7.42944
internal_count=11185 422 10763 3650 2934 284 7113 2815 2221 1982 872 1110 901 267
is_linear=0
shrinkage=0.03


Tree=61
num_leaves=15
num_cat=0
split_feature=49 19 43 13 48 30 29 12 17 29 2 31 19 51
split_gain=19.9726 12.6856 11.3798 7.22738 5.26797 5.51656 7.14569 4.96027 6.86482 3.46399 3.39939 3.36725 1.89255 2.34325
threshold=0.54772727500000007 0.044493305000000004 1.0000000180025095e-35 8484606.5250000022 3.0833333350000003 -0.0040453399999999988 0.018482890000000005 795165.39000000001 0.0063188400000000009 0.040583460000000009 1.0000000180025095e-35 0.13540925000000001 0.097464970000000012 0.010865175000000003
decision_type=10 10 2 10 2 8 10 2 10 8 2 10 10 10
left_child=1 2 4 -3 5 6 -1 8 10 -9 11 -7 13 -2
right_child=12 3 -4 -5 -6 7 -8 9 -10 -11 -12 -13 -14 -15
leaf_value=-0.012265526832442409 -0.012265526832442409 0.014078514045677211 0.014078514045677211 0.037157322332790059 0.014078514045677211 0.014078514045677211 -0.00030535142016823607 -0.0049443814663039159 0.014078514045677211 0.0062962151490295378 -0.00030535142016823607 -0.00030535142016823607 0.008548034611567416 -0.023247580858604761
leaf_weight=55.811479445546865 92.506559439003468 41.875071259215474 44.402701567858458 11.734187006950377 7.9659850038588038 8.2535540740936977 32.693909732624888 167.50966878794134 30.752498587593436 28.02517244964838 32.369528753682971 5.7885483484715214 3.1646334193646899 18.144792526960373
leaf_count=1076 2963 356 422 104 113 163 392 3266 485 178 669 117 47 699
internal_value=-0.00105425 0.00169743 -9.67698e-05 0.0152872 -0.00183516 -0.00242759 -0.00889008 -0.000305351 0.00725209 -0.000305351 -0.000305351 0.0139591 -0.0122655 -0.012932
internal_weight=580.998 467.182 413.573 53.6093 369.17 361.204 88.5054 272.699 77.1641 195.535 46.4116 14.0421 113.816 110.651
internal_count=11050 7341 6881 460 6459 6346 1468 4878 1434 3444 949 280 3709 3662
is_linear=0
shrinkage=0.03


Tree=62
num_leaves=15
num_cat=0
split_feature=45 51 32 47 5 14 50 11 18 39 31 9 9 51
split_gain=13.3317 10.8155 9.19148 5.93396 5.54361 3.99636 5.58228 4.66485 2.99501 2.48051 2.05203 1.77181 2.13304 1.21171
threshold=1.0000000180025095e-35 0.0018020100000000004 0.88389860000000009 1.0000000180025095e-35 1.0000000180025095e-35 46472.695000000007 1.0000000180025095e-35 4182425.4650000003 0.015468750000000002 1.5000000000000002 0.031223085000000005 7.5250000000000012 11.195000000000002 0.046259450000000008
decision_type=2 10 10 10 2 2 10 2 10 10 8 2 2 8
left_child=1 3 -2 5 12 6 9 10 -6 -1 -7 -10 13 -3
right_child=2 4 -4 -5 8 7 -8 -9 11 -11 -12 -13 -14 -15
leaf_value=-0.0045183366710552604 0.0041602186438779868 0.0021976566738877074 0.031145059770818835 0.0041602186438779868 -0.025631887287018953 0.0041602186438779868 0.0041602186438779868 0.0041602186438779868 -0.0045183366710552604 0.0041602186438779868 -0.0045183366710552604 -0.019926173670442356 -0.014422087635419403 -0.0045183366710552604
leaf_weight=172.94654702581465 26.961841762065887 40.487930720672011 19.102709889411926 134.96945233643055 21.990896839648485 11.627922581508754 21.316147251054645 68.267841057851911 6.4753993283957225 5.7779183983802787 17.775817694142464 6.0781191252171993 18.780496140941978 11.340769929811357
leaf_count=4301 277 873 126 1188 567 238 407 1605 128 46 469 141 487 301
internal_value=0.000463275 -0.000874957 0.0157747 0.0012276 -0.00945654 -0.00135546 -0.00377848 0.0035951 -0.0191392 -0.00451834 -0.00451834 -0.0067135 -0.00451834 -0.00451834
internal_weight=583.9 537.835 46.0646 432.682 105.154 297.712 200.041 97.6716 34.5444 178.724 29.4037 12.5535 70.6092 51.8287
internal_count=11154 10751 403 8254 2497 7066 4754 2312 836 4347 707 269 1661 1174
is_linear=0
shrinkage=0.03


Tree=63
num_leaves=15
num_cat=0
split_feature=47 15 28 12 51 14 44 51 16 9 51 38 21 21
split_gain=16.61 11.5586 6.63226 8.21489 7.31994 5.92612 4.64993 4.56272 3.7629 4.2179 3.27579 4.04158 2.87902 2.80349
threshold=1.0000000180025095e-35 0.19793253500000005 54191.030000000006 806805.8400000002 -0.054539164999999994 66382.080000000016 6.5000000000000009 0.030586735 94582.530000000013 6.9350000000000014 0.032178535000000001 -0.069294809999999984 -0.0038982149999999996 0.025772135000000005
decision_type=8 2 10 2 8 2 2 10 8 2 8 10 8 8
left_child=1 12 3 5 -5 7 13 -3 -6 10 -10 -12 -1 -2
right_child=6 2 -4 4 8 -7 -8 -9 9 -11 11 -13 -14 -15
leaf_value=0.0022622209169990367 0.0022622209169990367 0.0022622209169990367 0.0022622209169990367 0.0022622209169990367 -0.01759421966537484 -0.020830300399380428 0.020257904089338145 -0.020053119196169533 0.021917546023773514 -0.01528967053927833 0.0022622209169990367 -0.01528967053927833 0.0071549219617014544 0.0094206388233520674
leaf_weight=12.56838555075228 94.573866408318281 70.380522415041924 70.261455871164799 13.542894218116997 97.803959161043167 10.520398937165735 23.673372395336628 7.2570229601114979 4.6473296899348497 27.022388514131308 8.3046000842005068 11.335246138274668 51.852200817316771 78.993009299039841
leaf_count=219 947 1893 1477 307 2816 290 125 248 115 746 193 296 798 646
internal_value=9.51191e-05 -0.00352621 -0.00585907 -0.00813406 -0.0121111 -0.00074262 0.00715492 0.00220967 -0.0141436 -0.00735566 0.00172742 -0.00388056 0.00715492 0.00715492
internal_weight=582.737 385.496 321.076 250.814 162.656 88.1579 197.24 77.6375 149.114 51.3096 24.2872 19.6398 64.4206 173.567
internal_count=11116 9398 8381 6904 4473 2431 1718 2141 4166 1350 604 489 1017 1593
is_linear=0
shrinkage=0.03


Tree=64
num_leaves=15
num_cat=0
split_feature=47 49 51 19 14 49 14 14 29 21 9 51 9 14
split_gain=13.0743 8.40572 8.5967 6.53799 4.59872 3.73573 5.04821 4.65509 3.70679 3.53114 3.60161 2.22091 2.13824 2.04614
threshold=1.0000000180025095e-35 1.0000000180025095e-35 -0.041333619999999995 0.031576645000000007 10457.650000000001 0.66894977500000008 48045.81500000001 68147.580000000002 0.0055144500000000015 0.013210520000000002 9.5650000000000031 -0.0020964849999999995 15.555000000000001 100316.37000000001
decision_type=8 10 10 10 2 10 2 2 10 10 2 8 2 2
left_child=1 2 -1 5 8 6 -2 -8 -4 -6 -11 -10 -3 -9
right_child=3 12 4 -5 9 -7 7 13 11 10 -12 -13 -14 -15
leaf_value=0.0057852920481012123 0.0057852920481012123 -0.0081097689328678817 -0.0081097689328678817 0.018302508601359034 -0.0081097689328678817 -0.0081097689328678817 0.018302508601359034 0.0057852920481012123 0.030883479891117931 0.0057852920481012123 -0.0081097689328678817 0.0050379548635970149 -0.018338171813976244 0.015939463266315023
leaf_weight=140.10948117822409 94.387508921325207 127.65624047443271 7.0551890060305622 38.81186493858695 52.092944165691733 14.900649461895226 17.228161793202162 12.257570106536152 7.0597714632749557 19.194295004010204 9.8402734883129579 5.4883196186274272 18.022924995049834 17.190636921674013
leaf_count=2424 831 4215 170 226 1167 230 144 111 126 353 194 113 677 150
internal_value=0.000746015 -0.00244776 0.000996447 0.00706395 -0.00565589 0.00578529 0.00578529 0.0155843 0.00578529 -0.00810977 0.00234971 0.00578529 -0.00810977 0.00578529
internal_weight=581.296 386.519 240.84 194.776 100.731 155.965 141.064 46.6764 19.6033 81.1275 29.0346 12.5481 145.679 29.4482
internal_count=11131 9439 4547 1692 2123 1466 1236 405 409 1714 547 239 4892 261
is_linear=0
shrinkage=0.03


Tree=65
num_leaves=15
num_cat=0
split_feature=49 13 21 25 15 14 51 30 48 29 11 19 41 14
split_gain=11.1049 8.59283 9.41465 9.97251 7.35936 8.28515 10.7066 6.26943 5.76184 5.46425 5.95755 7.58668 4.68203 4.52952
threshold=0.54772727500000007 17409650.650000002 -0.0055644049999999988 -0.090098544999999988 0.55487955500000019 23544.740000000002 0.0067797250000000012 -0.0052750049999999993 0.99444444500000018 0.012382160000000001 3994037.9850000008 0.087100755000000016 -0.35974400499999992 67318.880000000019
decision_type=10 10 10 10 2 2 10 10 2 10 2 8 10 2
left_child=1 4 -3 -4 5 6 7 8 -1 -7 -11 13 -9 -12
right_child=-2 2 3 -5 -6 9 -8 12 -10 10 11 -13 -14 -15
leaf_value=-0.0053345106315371461 -0.0083156103288239223 -0.0083156103288239223 0.041451195245029444 0.0048458316615398872 -0.0053345106315371461 -0.0053345106315371461 -0.0053345106315371461 0.039445300273129612 0.016730365800022493 -0.0039723948723570631 0.012500419775968271 0.031899590810088641 0.016730365800022493 -0.0053345106315371461
leaf_weight=18.345343271270398 111.34405564237386 8.0357947982847673 13.893960490822792 12.714764716103673 118.26828467287123 98.412396779283881 17.89925941079855 7.7093189731240264 8.0531049370765668 38.491339828819036 23.913617335259914 11.522679988294838 77.885846754536033 12.991791846230624
leaf_count=233 3735 120 144 227 2426 1756 322 58 78 398 240 91 1162 144
internal_value=0.000156664 0.00218518 0.0163452 0.0247687 0.00101851 0.00341141 0.00918976 0.0128287 2.88921e-05 -0.000666026 0.00478724 0.011689 0.0167304 0.00470377
internal_weight=579.482 468.138 34.6445 26.6087 433.493 315.225 129.893 111.994 26.3984 185.332 86.9194 48.4281 85.5952 36.9054
internal_count=11134 7399 491 371 6908 4482 1853 1531 311 2629 873 475 1220 384
is_linear=0
shrinkage=0.03


Tree=66
num_leaves=15
num_cat=0
split_feature=49 21 51 51 9 14 11 13 51 41 41 51 26 24
split_gain=10.6769 9.82415 13.491 4.92831 3.89915 3.26043 2.71906 2.30705 1.21456 0.90554 1.61461 0.468749 0.28611 0.246703
threshold=0.66894977500000008 0.15696071500000003 -0.055143514999999997 0.033750155000000011 22.505000000000006 41815.130000000012 1111718.9200000002 9968781.6400000025 0.021051275000000005 0.0077117300000000008 0.23146670500000002 -0.055143514999999997 0.003912500000000001 -0.11478268499999998
decision_type=10 10 10 10 2 2 2 10 8 10 8 10 10 8
left_child=1 3 -3 4 6 -4 -1 12 -8 11 -11 -10 -2 -9
right_child=7 2 5 -5 -6 -7 8 13 9 10 -12 -13 -14 -15
leaf_value=-0.011229399817382982 -0.021455964108404592 0.029993932204587945 0.00023643755397448116 -0.011229399817382982 -0.011229399817382982 0.016606975523852582 0.0038762415843057135 -0.012056447962218919 0.0027575626471302017 -0.001570610313548315 -0.011229399817382982 -0.001570610313548315 -0.011229399817382982 -0.027801825362116093
leaf_weight=9.4920482337474805 8.4337059194222075 23.800384683534503 16.532678587362174 29.044852176681161 13.494749352335928 10.054901855066417 204.06868185847998 3.6615622583776712 137.65090185590088 55.31080243177712 4.7695563603192559 11.485430404543875 44.31314842030406 8.2751833014190179
leaf_count=158 306 202 168 704 270 106 3558 114 2137 1204 100 240 1560 298
internal_value=0.000163666 0.00161164 0.0140594 0.000236438 0.000236438 0.000236438 0.000236438 -0.0112294 0.000236438 0.000236438 -0.00347362 0.000236438 -0.0112294 -0.0242773
internal_weight=580.389 515.705 50.388 465.317 436.272 26.5876 422.777 64.6836 413.285 209.217 60.0804 149.136 52.7469 11.9367
internal_count=11125 8847 476 8371 7667 274 7397 2278 7239 3681 1304 2377 1866 412
is_linear=0
shrinkage=0.03


Tree=67
num_leaves=15
num_cat=0
split_feature=15 47 14 13 9 51 21 21 51 14 12 49 11 17
split_gain=12.6795 9.55213 8.52038 12.9496 7.42724 6.56466 5.2091 4.74891 4.22399 4.07345 5.10485 4.33988 3.63229 3.15492
threshold=0.16503521000000002 1.0000000180025095e-35 24370.810000000001 3945508.8750000005 9.5650000000000031 -0.04441668499999999 0.031964465000000004 0.14300815000000003 -0.0098208999999999987 91512.210000000021 806805.8400000002 0.57417582500000008 4795254.7850000011 0.014128830000000002
decision_type=2 8 2 8 2 8 8 10 8 2 2 10 2 10
left_child=2 4 3 8 5 -2 -4 9 -1 10 11 -7 -8 -12
right_child=1 -3 6 -5 -6 7 12 -9 -10 -11 13 -13 -14 -15
leaf_value=0.049729538635067405 0.0043757867902404378 0.0043757867902404378 0.0043757867902404378 0.0043757867902404378 -0.010825152983066036 0.0043757867902404378 0.0054157782918601858 0.0043757867902404378 0.020659891102251068 0.0043757867902404378 -0.010825152983066036 -0.010825152983066036 0.027941186551370647 0.0014255671058341956
leaf_weight=9.8760761413723213 28.309049205854535 141.7908391803503 34.562407033517957 20.843754580244422 120.31040030810982 37.160777945071459 12.305152127519252 10.202519230544565 11.986123790964486 21.802713876590133 89.068843064829707 10.998462112620471 14.036572812125085 18.708747329190373
leaf_count=91 584 1381 363 200 3388 825 105 173 133 542 2387 472 109 431
internal_value=-6.99679e-05 -0.00213494 0.00939296 0.0197426 -0.00488269 -0.00154202 0.00437579 -0.00408818 0.0353927 -0.00561155 -0.00733263 0.000784447 0.0180017 -0.0108252
internal_weight=581.962 478.352 103.61 42.706 336.562 216.251 60.9041 187.942 21.8622 177.74 155.937 48.1592 26.3417 107.778
internal_count=11184 10183 1001 424 8802 5414 577 4830 224 4657 4115 1297 214 2818
is_linear=0
shrinkage=0.03


Tree=68
num_leaves=15
num_cat=0
split_feature=39 43 31 48 9 38 48 14 13 13 51 33 13 19
split_gain=11.5562 7.98446 6.75895 5.85798 5.57052 5.63556 4.13897 4.22364 2.78555 3.8374 2.3459 3.32198 2.25972 1.23294
threshold=1.5000000000000002 1.0000000180025095e-35 -0.0062928699999999999 0.67222222500000017 9.5650000000000031 -0.13228599999999999 0.36111111500000004 15919.625000000002 1727305.7300000002 1102272.6100000003 -0.030871789999999996 -0.067327509999999993 2015655.5950000004 0.027042005000000004
decision_type=8 2 10 2 2 8 2 2 8 8 10 10 10 10
left_child=1 2 3 8 9 -6 -7 -8 -1 -4 -9 -12 -2 -10
right_child=12 -3 4 -5 5 6 7 10 13 -11 11 -13 -14 -15
leaf_value=0.010729278768007798 0.01964704377993717 0.010729278768007798 0.010729278768007798 0.010729278768007798 -0.0014783631718049174 -0.018098765394762021 -0.018098765394762021 -0.0014783631718049174 -0.0014783631718049174 -0.0014783631718049174 -0.018098765394762021 -0.0014783631718049174 0.010729278768007798 0.010729278768007798
leaf_weight=12.023207450285552 26.390485290437937 45.134938752278686 18.950336840003729 36.326625665649772 22.782908355817199 55.304761392995715 15.168532710522411 22.217939153313633 44.970277296379209 212.48666618205607 8.9520502761006338 3.8118945658206966 48.99054130166769 5.4488189890980712
leaf_count=227 156 514 429 387 523 1670 332 450 854 4893 238 96 280 66
internal_value=0.000475501 -0.00117154 -0.00236401 0.00455517 -0.00427142 -0.00926172 -0.0124879 -0.00606758 -0.00130664 -0.00147836 -0.00147836 -0.0140558 0.0113498 -0.00147836
internal_weight=578.96 503.579 458.444 98.7689 359.675 128.238 105.455 50.1504 62.4423 231.437 34.9819 12.7639 75.381 50.4191
internal_count=11115 10679 10165 1534 8631 3309 2786 1116 1147 5322 784 334 436 920
is_linear=0
shrinkage=0.03


Tree=69
num_leaves=15
num_cat=0
split_feature=45 50 11 11 11 11 11 12 13 51 15 11 11 26
split_gain=10.4867 9.60376 11.7553 6.5944 4.18852 4.07046 4.75655 3.6119 3.28386 2.61901 2.78161 2.26638 2.33568 2.13976
threshold=1.0000000180025095e-35 1.0000000180025095e-35 4987417.0500000007 1176732.6600000001 2784603.4350000005 1238541.1500000001 1905214.0650000002 341371.51500000007 13420462.940000003 0.021051275000000005 0.72897872500000005 10995995.015000002 2724239.7200000002 0.0078886000000000008
decision_type=2 10 2 2 2 2 2 2 10 10 2 2 2 10
left_child=1 3 -3 -1 -2 -5 7 -7 -4 -8 11 12 -11 -9
right_child=4 2 8 5 -6 6 9 13 -10 10 -12 -13 -14 -15
leaf_value=-0.021686876688586834 0.030886904727201344 0.013763163772016642 -0.0024562155178834669 0.013763163772016642 0.013763163772016642 -0.0024562155178834669 -0.0024562155178834669 -0.025506299576319315 0.013608294620382931 -0.0024562155178834669 -0.027348957886997621 -0.0024562155178834669 -0.018076253429223112 -0.010440872177743421
leaf_weight=15.064632328227161 12.502016510814427 31.610950548201799 23.428168136626482 5.9624153636395922 34.112261567264795 17.186549106612802 346.00326534733176 13.546890037134288 11.140619928017257 4.2199289537966278 7.2062801234424105 9.9330616872757655 19.545479624532163 27.062978371977806
leaf_count=325 107 482 344 122 296 335 7007 331 160 101 252 257 488 513
internal_value=0.000274313 -0.000931397 0.00967615 -0.00245622 0.0137632 -0.00245622 -0.00245622 -0.0110373 -0.00245622 -0.00245622 -0.0115093 -0.00743144 -0.0132861 -0.0159587
internal_weight=578.525 531.911 66.1797 465.731 46.6143 450.667 444.704 57.7964 34.5688 386.908 40.9048 33.6985 23.7654 40.6099
internal_count=11120 10717 986 9731 403 9406 9284 1179 504 8105 1098 846 589 844
is_linear=0
shrinkage=0.03


Tree=70
num_leaves=15
num_cat=0
split_feature=49 28 47 51 52 44 39 21 26 12 15 14 14 13
split_gain=10.8812 7.47346 6.34133 5.79258 5.96561 5.62845 4.52232 4.18784 2.93166 3.18834 3.19016 2.80992 2.15427 0.790025
threshold=1.0000000180025095e-35 7961013.705000001 1.0000000180025095e-35 0.0044584800000000008 0.0072533774952671113 24.500000000000004 3.5000000000000004 0.020336005000000004 0.041755925000000006 3487065.9600000004 0.42766919500000006 59375.935000000005 1.0000000180025095e-35 4213852.4900000012
decision_type=10 10 10 10 10 2 8 10 10 2 2 2 2 8
left_child=1 5 3 4 7 6 -1 8 9 12 -11 -12 -2 -14
right_child=2 -3 -4 -5 -6 -7 -8 -9 -10 10 11 -13 13 -15
leaf_value=0.0022587640183693407 0.0022587640183693407 0.021327186719264792 0.0022587640183693407 -0.020680147105218979 0.0022587640183693407 0.017347482009756301 0.017347482009756301 0.0022587640183693407 0.0022587640183693407 0.0022587640183693407 -0.020680147105218979 0.0022587640183693407 -0.013860269944560496 -0.020680147105218979
leaf_weight=327.88564893789589 3.3655512351542702 18.519513234496117 57.838309399783611 28.168306504376233 28.512729976326227 21.272225897759199 14.264733172953127 16.004472371190786 3.3934979997575274 9.4592358749359864 6.8804147858172637 5.2511193938553333 23.620077734813094 20.482987744733691
leaf_count=5226 131 89 656 1123 788 161 82 476 62 310 263 177 874 750
internal_value=0.000255826 0.00323663 -0.00534153 -0.00868266 -0.00564265 0.00225876 0.00225876 -0.00967465 -0.0127351 -0.0142773 -0.00444788 -0.0149579 -0.0185641 -0.0203033
internal_weight=584.919 381.942 202.977 145.138 116.97 363.423 342.15 88.4574 72.4529 69.0594 21.5908 12.1315 47.4686 44.1031
internal_count=11168 5558 5610 4954 3831 5469 5308 3043 2567 2505 750 440 1755 1624
is_linear=0
shrinkage=0.03


Tree=71
num_leaves=15
num_cat=0
split_feature=49 13 21 23 51 15 14 33 12 14 14 14 11 18
split_gain=12.5468 10.1645 14.6456 9.05077 8.09278 6.45373 6.96234 6.9311 5.72343 5.00231 4.92655 10.3787 6.6851 4.47123
threshold=0.54772727500000007 17409650.650000002 -0.0041931399999999988 -0.093459154999999988 -0.0020964849999999995 0.43296785500000007 23544.740000000002 0.30702956000000003 984753.84000000008 17193.715000000004 44766.775000000009 67318.880000000019 5979537.5300000003 0.39211793500000008
decision_type=10 10 10 8 10 2 2 8 2 2 2 2 2 8
left_child=1 4 -3 -4 5 6 7 8 -1 -10 -8 12 -12 -13
right_child=-2 2 3 -5 -6 -7 10 -9 9 -11 11 13 -14 -15
leaf_value=0.016691197251916142 -0.0098852350708501426 -0.0098852350708501426 0.04554922340533691 0.0097095651418692124 -0.0080702788773720918 -0.0027223222576832334 -0.0027223222576832334 0.025429751179201127 -0.0027223222576832334 0.019510421719942002 0.0061811906807623133 -0.0027223222576832334 0.034948653177652507 0.018466110923308906
leaf_weight=27.556099964305758 106.8898738026619 9.2500498257577402 12.554486587643622 13.218060899525883 84.945498602464795 142.93680956214666 57.783053867518902 23.742917239665985 28.810901680961251 8.3150834888219816 16.069816492497925 27.643504552543163 13.130639005452393 8.1193217989057285
leaf_count=371 3685 136 115 233 1647 2735 722 204 388 118 182 345 155 96
internal_value=-0.000650735 0.00144779 0.0167677 0.0282172 0.000190424 0.00218919 0.00551084 0.0118782 0.00659234 -0.00114455 0.000864984 0.00684176 0.019846 -0.00272232
internal_weight=580.966 474.076 35.0226 25.7725 439.054 354.108 211.171 88.425 64.6821 37.126 122.746 64.9633 29.2005 35.7628
internal_count=11132 7447 484 348 6963 5316 2581 1081 877 506 1500 778 337 441
is_linear=0
shrinkage=0.03


Tree=72
num_leaves=15
num_cat=0
split_feature=50 13 49 15 9 13 15 48 38 23 23 9 13 12
split_gain=8.74696 23.6265 7.92355 4.97733 4.61253 3.93494 3.83458 2.21603 1.77698 1.59118 1.93656 1.2616 1.58709 0.855197
threshold=1.0000000180025095e-35 1971904.1500000001 0.66894977500000008 0.77171836500000013 3.2150000000000003 7779885.9500000011 0.27434237500000008 1.1833333350000002 -0.27634629999999993 -0.15319625499999998 0.016531220000000003 2.3450000000000002 1149955.2100000002 547256.87000000011
decision_type=10 8 10 2 2 10 2 2 10 8 8 2 10 2
left_child=2 13 3 11 -3 7 -4 9 -6 -5 -8 12 -1 -2
right_child=1 4 6 5 8 -7 10 -9 -10 -11 -12 -13 -14 -15
leaf_value=0.017171057721591727 0.047035274976824443 0.020918941959426254 0.00034067831014556295 0.00034067831014556295 0.011893566328248466 0.00034067831014556295 -0.0088387939182030528 0.00034067831014556295 0.00034067831014556295 -0.015445545222567121 -0.021796499150756068 0.00034067831014556295 0.00034067831014556295 0.025987241673304406
leaf_weight=10.241784470155833 9.4164179340004939 8.8033832013607007 12.784012224525211 4.1112036090344191 17.077723724767566 10.750175969675182 23.291570738889277 5.4734999667853108 32.123970054090023 31.793934072367847 21.837958373129368 354.53839278686792 30.375969417393208 8.5568538028746826
leaf_count=164 117 106 375 84 160 252 891 95 535 799 885 6096 465 114
internal_value=0.000431084 0.00985208 -0.00100243 0.000340678 0.000340678 -0.00884196 -0.0113447 -0.0113447 0.000340678 -0.0154455 -0.0154455 0.000340678 0.0068361 0.0389124
internal_weight=581.177 75.9783 505.199 447.285 58.0051 52.1288 57.9135 41.3786 49.2017 35.9051 45.1295 395.156 40.6178 17.9733
internal_count=11138 1032 10106 7955 801 1230 2151 978 695 883 1776 6725 629 231
is_linear=0
shrinkage=0.03


Tree=73
num_leaves=15
num_cat=0
split_feature=38 14 49 13 48 44 13 14 48 13 50 13 13 13
split_gain=10.1553 6.34732 5.30597 4.82156 5.54504 5.97014 3.98682 3.23173 3.81993 2.91114 2.53916 4.33595 3.94938 5.98696
threshold=-0.30097784999999994 83863.375000000015 0.66894977500000008 9783344.3850000016 0.81666666500000018 2.5000000000000004 10347494.150000002 96591.695000000022 0.20555555500000003 1102272.6100000003 1.0000000180025095e-35 3568291.2050000005 1584519.4000000001 2040591.7350000001
decision_type=8 2 10 10 2 2 8 2 2 8 10 10 8 8
left_child=1 9 3 4 5 10 -4 8 -5 -1 -2 -12 -11 -14
right_child=2 -3 6 7 -6 -7 -8 -9 -10 12 11 -13 13 -15
leaf_value=0.019350645808800578 -0.0066499573177498912 0.023021195896204105 -0.0066499573177498912 -0.0066499573177498912 0.0035730343168506535 0.0035730343168506535 -0.022912660764408444 0.014933694723512482 0.0041738137901692922 -0.014537992942047271 0.0035730343168506535 -0.0066499573177498912 0.027887197057939728 0.0041738137901692922
leaf_weight=10.450401512905954 206.05055864900351 18.249957166612148 37.484648547135293 13.375494815409182 87.205932861194015 13.135444361716507 17.180337017402053 23.034087564796209 32.064839125610888 10.151310529559849 16.860386829823259 8.7387669440358859 8.6282478217035514 73.066863654181361
leaf_count=116 4488 222 1410 299 1345 133 646 410 531 118 294 142 105 822
internal_value=-0.000513353 0.0071931 -0.0025658 -0.00135584 -0.00289363 -0.00520257 -0.0112461 0.00417381 0.00129865 0.00417381 -0.00664996 0.00270828 0.00417381 0.00449466
internal_weight=575.677 120.547 455.13 400.466 331.991 244.785 54.665 68.4744 45.4403 102.297 231.65 25.5992 91.8464 81.6951
internal_count=11081 1383 9698 7642 6402 5057 2056 1240 830 1161 4924 436 1045 927
is_linear=0
shrinkage=0.03


Tree=74
num_leaves=15
num_cat=0
split_feature=47 51 15 28 14 9 29 12 11 33 11 28 11 11
split_gain=10.6906 7.79266 6.28876 5.27203 4.55509 4.00301 3.64772 3.63201 2.95346 2.17345 1.34748 1.09591 0.990906 0.496447
threshold=1.0000000180025095e-35 -0.04441668499999999 0.13902641000000002 51921.265000000007 12725.280000000001 19.065000000000001 0.0084837800000000015 9779223.0000000019 2784603.4350000005 -0.99445430499999987 1157860.4450000003 90583.760000000024 1617143.8400000003 7987570.4900000012
decision_type=8 8 2 10 2 2 10 2 2 10 2 8 2 2
left_child=1 -1 -3 5 13 9 11 12 -8 -4 -11 -6 -2 -5
right_child=7 2 3 4 6 -7 8 -9 -10 10 -12 -13 -14 -15
leaf_value=0.0058275778895353608 0.013595245002772866 0.0058275778895353608 -0.023439255345389622 -0.0081080429059475767 -0.025070262790006594 -0.023439255345389622 -0.0081080429059475767 0.020256814076196731 0.0058275778895353608 -0.023439255345389622 -0.0081080429059475767 -0.0081080429059475767 0.0058275778895353608 0.0035526027487479306
leaf_weight=52.749586058780551 19.389369152486324 29.539794072508812 5.8401413401588789 8.2957996968179888 3.9264729544520369 14.60738080460578 5.1707237940281621 14.863239027559755 42.934505726210773 7.0764696849510065 200.02043810300529 4.0027536861598492 160.57424744963646 6.6295596510171899
leaf_count=1045 174 394 165 140 104 473 71 115 897 203 5700 108 1381 158
internal_value=0.000129061 -0.00279412 -0.00454874 -0.00588984 0.00123701 -0.00810804 0.00542765 0.00582758 0.00582758 -0.00810804 -0.00810804 -0.00810804 0.00582758 -0.00810804
internal_weight=575.62 380.794 328.044 298.504 70.9598 227.544 56.0345 194.827 48.1052 212.937 207.097 7.92923 179.964 14.9254
internal_count=11128 9458 8413 8019 1478 6541 1180 1670 968 6068 5903 212 1555 298
is_linear=0
shrinkage=0.03


Tree=75
num_leaves=15
num_cat=0
split_feature=38 49 19 9 13 14 26 36 11 14 9 21 14 47
split_gain=8.40159 10.0655 6.54562 5.03709 4.93923 5.76905 5.7645 6.32049 5.39248 5.91413 3.75031 3.57168 2.60303 2.23544
threshold=-0.32600441499999994 0.66894977500000008 0.050064245000000007 16.785000000000004 17409650.650000002 33926.080000000009 0.0075258850000000004 inf 13993064.975000001 6851.1500000000005 9.5650000000000031 0.052692600000000006 39939.780000000006 1.0000000180025095e-35
decision_type=8 10 10 2 8 2 8 8 2 2 2 10 2 8
left_child=11 2 3 4 6 -6 -2 -8 9 13 -3 -1 -5 -9
right_child=1 10 -4 12 5 -7 7 8 -10 -11 -12 -13 -14 -15
leaf_value=0.0074200157003787744 -0.0073375947575926529 -0.0073375947575926529 0.0074200157003787744 -0.0073375947575926529 -0.0042179617291707794 0.0074200157003787744 -0.0073375947575926529 -0.0073375947575926529 -0.0073375947575926529 0.0074200157003787744 -0.023811272537674073 0.017604828280648827 -0.021367897089157036 0.0074200157003787744
leaf_weight=87.185225708410144 106.81658901832998 34.217939001508057 30.713144456967711 22.082843562588096 38.342960564419627 42.284360008314252 36.111415908671916 15.2392625361681 14.293808711692689 76.282450272701681 19.557586198672652 30.519873201847076 14.60970532055944 7.4815627075731745
leaf_count=1108 2338 1282 331 479 713 770 656 331 249 1461 799 219 318 59
internal_value=0.000306338 -0.00153391 0.000101081 -0.00117271 -8.91317e-06 0.00642072 -0.00204925 0.0017552 0.00527354 0.00742002 -0.0136024 0.00742002 -0.0115731 -0.00733759
internal_weight=575.739 458.034 404.258 373.545 336.852 80.6273 256.225 149.409 113.297 99.0033 53.7755 117.705 36.6925 22.7208
internal_count=11113 9786 7705 7374 6577 1483 5094 2756 2100 1851 2081 1327 797 390
is_linear=0
shrinkage=0.03


Tree=76
num_leaves=12
num_cat=0
split_feature=45 51 11 32 9 9 5 9 51 7 16
split_gain=9.69317 7.37311 7.18563 5.7811 4.9709 3.04984 3.46835 2.62999 3.61761 2.60718 0.515127
threshold=1.0000000180025095e-35 0.0094123150000000027 2784603.4350000005 0.88389860000000009 18.645000000000003 2.2650000000000001 1.0000000180025095e-35 12.805000000000001 -0.0085642749999999979 1.0000000180025095e-35 94582.530000000013
decision_type=2 10 2 10 2 2 2 2 8 2 10
left_child=1 4 -2 -4 -1 -3 7 -7 9 -6 -8
right_child=2 5 3 -5 8 6 10 -9 -10 -11 -12
leaf_value=1.4393614500178257e-06 0.029451481747387293 1.4393614500178257e-06 1.4393614500178257e-06 0.020995673172639659 1.4393614500178257e-06 -0.0031074577746304372 -0.026733513934461502 -0.019440808530760335 -0.019440808530760335 -0.019393908416864888 -0.019440808530760335
leaf_weight=421.76783376839012 14.380578178912399 6.1796044502407304 21.356851482763886 12.43077130615711 8.1010315604507905 39.814906167797744 17.298101156950008 10.620855714194475 16.932537341490391 5.2402519360184661 6.4940588250756255
leaf_count=8065 115 144 207 87 170 960 508 295 406 97 108
internal_value=-0.000321046 -0.00149529 0.0124254 0.00454048 1.43936e-06 -0.00980636 -0.0118553 -0.00980636 -0.00980636 -0.000261096 -0.0217447
internal_weight=580.617 532.449 48.1682 33.7876 452.042 80.4075 74.2279 50.4358 30.2738 13.3413 23.7922
internal_count=11162 10753 409 294 8738 2015 1871 1255 673 267 616
is_linear=0
shrinkage=0.03


Tree=77
num_leaves=15
num_cat=0
split_feature=39 51 38 12 12 49 14 14 22 23 14 20 14 14
split_gain=9.71472 6.79049 5.06783 6.47388 6.38962 5.99881 5.1614 5.14658 4.82459 4.77302 4.30677 4.11635 3.93156 4.75422
threshold=1.5000000000000002 0.040595235000000007 -0.32600441499999994 795165.39000000001 927730.92500000016 0.66894977500000008 6419.8900000000003 69605.875000000015 0.25593128000000004 -0.10829610999999999 18898.125000000004 0.036678900000000007 47233.81500000001 18089.665000000005
decision_type=8 10 8 2 2 10 2 2 8 10 2 8 2 2
left_child=1 2 -1 6 -5 8 -4 11 -6 10 -10 -8 13 -11
right_child=-2 -3 3 4 5 -7 7 -9 9 12 -12 -13 -14 -15
leaf_value=0.0071162693453338793 0.010429261662789603 -0.01613435710458188 -0.0098371039409006333 -0.01613435710458188 -0.012118235828667358 -0.01433866857172016 0.0071162693453338793 -0.011109969355811 -0.002416227592186751 -0.002416227592186751 0.0071162693453338793 -0.01613435710458188 0.004067023899380625 -0.012118235828667358
leaf_weight=73.056447796523571 77.772528756409883 24.022286209277809 17.565266910009086 18.022254638373852 29.153656269423664 32.9542899671942 75.490564312785864 13.145720708183942 22.886173451319337 41.977283516898751 47.464134386740625 5.0168416369706383 52.786015165038407 50.455065442249179
leaf_count=1015 433 738 394 397 636 1263 1708 292 351 893 777 124 1096 1058
internal_value=0.000631324 -0.000898271 -0.000103758 -0.00141428 -0.00373268 -0.00252121 0.00472801 0.00711627 -0.000877989 0.000691086 0.00704922 0.00711627 -0.00241623 -0.00612257
internal_weight=581.769 503.996 479.974 406.917 295.699 277.677 111.218 93.6531 244.722 215.569 70.3503 80.5074 145.218 92.4323
internal_count=11175 10742 10004 8989 6471 6074 2518 2124 4811 4175 1128 1832 3047 1951
is_linear=0
shrinkage=0.03


Tree=78
num_leaves=15
num_cat=0
split_feature=43 47 49 21 48 42 11 13 51 21 51 9 31 13
split_gain=7.61549 7.95556 5.99173 6.92963 4.01378 2.92457 2.8729 3.30732 2.79476 2.38005 2.29196 2.38703 2.26898 1.99823
threshold=1.0000000180025095e-35 1.0000000180025095e-35 0.26136363500000009 0.0014634250000000002 0.35000000000000003 1.0000000180025095e-35 5862108.2850000011 9783344.3850000016 0.0089569450000000026 -0.010115509999999999 0.0053283500000000008 6.245000000000001 0.024415380000000004 1069866.5600000003
decision_type=2 8 10 8 2 8 2 10 10 8 8 2 10 10
left_child=1 2 3 -1 5 -5 13 -8 -7 -3 -4 -12 -13 -2
right_child=6 9 10 4 -6 8 7 -9 -10 -11 11 12 -14 -15
leaf_value=-0.0071495977847276159 0.0052883481257422985 -0.0054912289085334879 -0.0071495977847276159 -0.0071495977847276159 0.0052883481257422985 0.0052883481257422985 0.0052883481257422985 0.02180515369218157 -0.0071495977847276159 0.0052883481257422985 -0.0071495977847276159 -0.0071495977847276159 -0.021858091572269381 0.02096791727783907
leaf_weight=76.980069721117616 10.232307039201258 17.674937382340431 46.544197604991496 15.007662482559679 97.327206648886204 31.869089290499687 14.98300299420953 10.579994020983575 5.7996154110878697 142.91386372596025 31.374547861516476 13.479029771871863 29.164015676826239 25.0773980114609
leaf_count=1649 105 162 1594 332 1716 666 153 101 157 1300 1180 480 1269 236
internal_value=0.000995279 -0.000214318 -0.00276479 0.000113233 0.0038631 -0.00328692 0.0109326 0.00528835 0.00234256 0.00528835 -0.00813964 -0.0126055 -0.0172274 0.0165252
internal_weight=569.007 508.134 347.545 226.984 150.004 52.6764 60.8727 25.563 37.6687 160.589 120.562 74.0176 42.643 35.3097
internal_count=11100 10505 9043 4520 2871 1155 595 254 823 1462 4523 2929 1749 341
is_linear=0
shrinkage=0.03


Tree=79
num_leaves=14
num_cat=0
split_feature=45 9 13 33 49 21 17 38 11 38 38 25 13
split_gain=9.28216 9.02303 7.56861 7.1107 4.59304 4.67993 4.74341 3.13608 2.95439 1.58128 1.22328 0.388691 0.0399958
threshold=1.0000000180025095e-35 19.345000000000002 2481833.4800000004 -0.42929600999999995 0.37980769000000009 0.022205645000000003 0.026869260000000002 -0.33812828499999997 2060235.9400000002 -0.0051739649999999991 -0.032940519999999994 -0.0018128499999999997 1950906.0500000003
decision_type=2 2 8 8 10 8 10 8 2 10 8 8 10
left_child=1 4 -2 -4 12 6 7 -6 9 -9 -3 -11 -1
right_child=2 10 3 -5 5 -7 -8 8 -10 11 -12 -13 -14
leaf_value=0.0027946165245979729 0.031768757802434482 -0.0084096628647189545 -0.00050064267902958726 0.017658566751650458 -0.00050064267902958726 -0.00050064267902958726 -0.00050064267902958726 -0.00050064267902958726 -0.017127647473713759 -0.0043966746939506085 -0.021843048578228337 -0.021843048578228337 -0.00050064267902958726
leaf_weight=138.83733591623604 12.020112320780752 11.595403073355554 14.693340389057992 21.769195411354303 7.0093332193791866 46.345217945054173 11.388180447742341 4.7433132315054536 54.378237723372877 2.4219640204682946 18.654506713151935 2.6024361457675678 222.92678187787533
leaf_count=2183 100 250 129 178 211 1319 304 180 2023 94 464 106 3547
internal_value=-0.000320359 -0.00149718 0.0120982 0.00493878 -0.000500643 -0.0061422 -0.0104958 -0.0137233 -0.0158948 -0.000500643 -0.0171276 -0.0158743 -0.000500643
internal_weight=569.385 520.903 48.4826 36.4625 490.653 128.889 82.5435 71.1553 64.146 9.76771 30.2499 5.0244 361.764
internal_count=11088 10681 407 307 9967 4237 2918 2614 2403 380 714 200 5730
is_linear=0
shrinkage=0.03


Tree=80
num_leaves=15
num_cat=0
split_feature=9 43 33 21 49 51 13 51 13 21 13 13 51 19
split_gain=5.70655 7.06234 5.74217 4.64271 4.58451 4.73294 4.04564 3.93833 3.6814 2.70288 1.84879 2.55435 1.06768 0.998351
threshold=19.545000000000005 1.0000000180025095e-35 0.024408080000000002 0.026550380000000002 0.54772727500000007 -0.050336319999999997 1184714.0200000003 -0.00034721499999999995 9783344.3850000016 0.0084063800000000032 15148865.815000001 25763413.195000004 -0.022413639999999995 0.053217635000000006
decision_type=2 2 8 10 10 10 10 8 8 10 8 8 8 8
left_child=1 3 9 4 5 -1 -7 -6 -8 -3 -10 -12 -2 -14
right_child=12 2 -4 -5 7 6 8 -9 10 -11 11 -13 13 -15
leaf_value=0.0030628797994931116 -0.0031233370435837758 0.0030628797994931116 0.022453822184011138 0.0034753071497860685 0.0011727534719840518 0.0030628797994931116 -0.0095224412705128894 -0.011971613521282108 0.013270091331035351 0.015140101806365028 -0.017800121436881613 0.0030628797994931116 -0.020849174103883945 -0.011971613521282108
leaf_weight=170.15985197760165 9.4731207359582168 23.894185736775398 21.888734573498368 105.88451271504164 25.850714919157326 15.786776268854736 90.437681401148438 49.698890900239348 11.451810939237477 15.789444740861653 6.6301205419003937 5.2847670037299403 15.826401134952922 6.0815750304609528
leaf_count=2794 180 249 172 1613 913 308 1809 2022 231 142 130 94 421 110
internal_value=0.000263852 0.000991996 0.0104731 -0.00024041 -0.00189382 -0.000219713 -0.00452037 -0.00844639 -0.00679666 0.00347531 0.00306288 0.00117275 -0.0119716 -0.0154943
internal_weight=574.139 542.757 61.5724 481.185 375.301 299.751 129.591 75.5496 113.804 39.6836 23.3667 11.9149 31.3811 21.908
internal_count=11188 10477 563 9914 8301 5366 2572 2935 2264 391 455 224 711 531
is_linear=0
shrinkage=0.03


Tree=81
num_leaves=12
num_cat=0
split_feature=45 21 32 21 49 18 51 27 32 11 11
split_gain=6.60517 7.98373 8.66766 5.30386 5.85924 6.13339 4.24427 4.68771 1.1833 0.769695 0.0878808
threshold=1.0000000180025095e-35 -0.004495434999999999 0.88389860000000009 0.026550380000000002 0.54772727500000007 0.027291355000000003 0.0080431500000000006 1.5000000000000002 0.99992760000000014 1762161.1250000002 10671312.110000001
decision_type=2 10 10 10 10 8 8 8 10 2 2
left_child=3 -2 -3 4 -1 6 8 9 10 -8 -6
right_child=1 2 -4 -5 5 -7 7 -9 -10 -11 -12
leaf_value=-0.00016433944316500326 -0.00016433944316500326 0.0065555945984247781 0.038231870295886275 0.0054797876402991651 -0.005430236242147485 -0.00016433944316500326 -0.0087468786946549824 -0.005430236242147485 -0.00016433944316500326 -0.028583688866567977 -0.00016433944316500326
leaf_weight=333.61659239418805 17.0430948715657 18.691206427291039 12.973316716030238 115.85784765891731 14.741099567152565 23.58842515014112 3.0825112173333862 2.3227178463712326 4.9097305461764327 24.309206393547356 6.1913022212684146
leaf_count=5916 147 180 82 1710 542 886 140 75 187 1072 217
internal_value=0.000818495 0.0112738 0.0203069 -0.000164339 -0.001758 -0.00904744 -0.0146358 -0.0222043 -0.00543024 -0.0267381 -0.00543024
internal_weight=577.327 48.7076 31.6645 528.619 412.762 79.145 55.5566 29.7144 25.8421 27.3917 20.9324
internal_count=11154 409 262 10745 9035 3119 2233 1287 946 1212 759
is_linear=0
shrinkage=0.03


Tree=82
num_leaves=15
num_cat=0
split_feature=12 49 38 50 48 15 51 51 48 9 30 48 12 12
split_gain=10.2134 12.7217 5.92067 6.48947 8.00742 4.84642 2.67307 2.07035 1.78597 2.20195 1.3 0.781369 0.600645 2.79032
threshold=19285899.950000007 1.0000000180025095e-35 -0.99999995499999994 1.0000000180025095e-35 0.21666666500000001 0.81013131500000013 0.046259450000000008 0.020587255000000002 3.0833333350000003 20.685000000000006 -0.64825110999999991 0.33888888500000008 2139564.2700000005 4895174.9400000004
decision_type=2 10 8 10 2 2 10 8 2 2 8 2 2 2
left_child=2 -2 7 5 -5 6 8 -1 9 10 -4 -12 -7 -14
right_child=1 -3 3 4 -6 12 -8 -9 -10 -11 11 -13 13 -15
leaf_value=0.019844868259549456 0.052910384721988321 -0.0014322869965547726 -0.011079417370806133 -0.0013909583289965022 0.010831540217000082 -0.011079417370806133 -0.011079417370806133 0.010831540217000082 0.010831540217000082 -0.011079417370806133 -0.0013909583289965022 0.0027130093650677665 -0.028584503205776168 -0.011079417370806133
leaf_weight=23.380047803744674 6.6938364133238775 7.712171433493495 10.923447228968142 17.134250601753592 47.517626890912652 27.90948465000838 14.190033224411307 24.453842774033546 7.2359264642000189 15.286807077936826 169.36233656201512 184.79093238152564 9.7606829032301921 7.8185015711933366
leaf_count=177 64 183 70 333 613 792 438 216 93 366 4239 3037 288 210
internal_value=0.00151558 0.0256137 0.000850827 -0.000101053 0.0087081 -0.00139096 -0.00139096 0.0108315 -0.00139096 -0.00139096 -0.00139096 -0.00139096 -0.0110794 -0.0170546
internal_weight=574.17 14.406 559.764 511.93 64.6519 447.278 401.789 47.8339 387.599 380.364 365.077 354.153 45.4887 17.5792
internal_count=11119 247 10872 10479 946 9533 8243 393 7805 7712 7346 7276 1290 498
is_linear=0
shrinkage=0.03


Tree=83
num_leaves=15
num_cat=0
split_feature=49 12 23 9 22 21 15 49 12 14 14 14 51 48
split_gain=6.14509 7.26088 6.82953 4.9888 6.36541 5.51794 4.85702 4.16749 3.63083 3.54323 4.65625 3.35842 3.06564 1.66341
threshold=0.66894977500000008 14091112.590000002 -0.093459154999999988 18.840000000000003 inf 0.030690030000000004 0.16503521000000002 0.66894977500000008 6527712.1250000009 26400.315000000006 7634.6950000000006 67318.880000000019 -0.042573324999999988 0.79444444500000011
decision_type=10 2 8 2 8 10 2 8 2 2 2 2 10 2
left_child=1 3 -3 4 9 11 -7 12 -2 10 13 -6 -8 -1
right_child=8 2 -4 -5 5 6 7 -9 -10 -11 -12 -13 -14 -15
leaf_value=-0.008004787956359203 -0.008004787956359203 0.036684188586514441 0.0026077983660282166 -0.008004787956359203 0.0027751955600186493 0.026709243371941957 0.026709243371941957 0.0027751955600186493 -0.02765423444902616 -0.008004787956359203 0.0027751955600186493 -0.0045999185867678311 0.0027751955600186493 0.0027751955600186493
leaf_weight=13.038263957016172 49.434566796757281 9.4953716676682216 11.013560323044659 30.132048211991787 235.22433467488736 15.785973995923994 5.6556018982082605 26.595897560939193 7.6294076191261402 66.336521031334996 37.413137413561344 54.711593458428979 5.0116893686354143 5.7304242812097064
leaf_count=252 1944 103 221 635 4233 114 98 340 302 1155 624 981 108 62
internal_value=0.00125261 0.00228959 0.0193568 0.00154582 0.00233289 0.00442657 0.0132337 0.00697614 -0.00800479 -0.00351666 0.00201519 0.0027752 0.0222691 -0.00800479
internal_weight=573.208 516.144 20.5089 495.635 465.503 342.985 53.0492 37.2632 57.064 122.518 56.1818 289.936 10.6673 18.7687
internal_count=11172 8926 324 8602 7967 5874 660 546 2246 2093 938 5214 206 314
is_linear=0
shrinkage=0.03


Tree=84
num_leaves=11
num_cat=0
split_feature=19 32 51 9 12 12 12 12 15 9
split_gain=6.66762 8.03874 5.17995 4.48097 3.48763 2.27921 2.97108 2.43031 1.42332 1.70871
threshold=0.061730195000000009 0.89996859500000015 0.033750155000000011 19.545000000000005 486793.7900000001 1220841.3900000004 14091112.590000002 1220841.3900000004 0.72897872500000005 10.785000000000002
decision_type=10 10 10 2 2 2 2 2 2 2
left_child=2 5 3 6 -5 -2 7 -1 9 -4
right_child=1 -3 8 4 -6 -7 -8 -9 -10 -11
leaf_value=0.0016038726280863268 0.0016038726280863268 0.027324628012815749 -0.0020227855353335713 0.0016038726280863268 -0.011521902604395087 0.01333630265908721 0.012793912368127077 -0.0013654318441438018 -0.026260186776663301 -0.018457331948641544
leaf_weight=193.42337273899466 12.907631816342475 17.619088945910335 17.790271201171006 4.3502639643847969 23.104721701703966 13.920921405777333 20.380229990929365 259.86347995884717 5.5084408493712536 7.5825876062735906
leaf_count=3819 107 116 480 104 528 124 373 5086 218 230
internal_value=0.00114709 0.0121765 0.000204498 0.000948636 -0.0106188 0.00160387 0.00160387 0.00160387 -0.0115219 -0.0115219
internal_weight=576.451 44.4476 532.003 501.122 27.455 26.8286 473.667 453.287 30.8813 25.3729
internal_count=11185 347 10838 9910 632 231 9278 8905 928 710
is_linear=0
shrinkage=0.03


Tree=85
num_leaves=15
num_cat=0
split_feature=51 48 50 13 22 49 9 11 41 51 12 50 38 14
split_gain=10.4676 6.32383 6.31831 15.934 6.70018 6.40459 4.52332 3.13331 3.90314 3.40488 1.88263 1.8723 1.37922 1.19147
threshold=0.033750155000000011 3.7111111100000005 1.0000000180025095e-35 1950906.0500000003 0.24377426500000002 0.66894977500000008 3.2150000000000003 2659126.1600000006 -0.023473409999999997 -0.039497629999999992 1309878.3100000003 1.0000000180025095e-35 -0.27634629999999993 91512.210000000021
decision_type=10 2 10 8 8 10 2 2 10 8 2 10 10 2
left_child=1 2 4 -4 10 7 -5 8 -6 -10 -1 -2 -8 -12
right_child=11 -3 3 6 5 -7 12 -9 9 -11 13 -13 -14 -15
leaf_value=-0.010539691315612446 -0.019022910033397466 0.028727925494065307 0.028727925494065307 0.022641955202549906 0.00086860698504095143 -0.010539691315612446 0.011090777185321421 0.00086860698504095143 0.00086860698504095143 -0.010539691315612446 -0.019022910033397466 0.0008415628874474607 0.00086860698504095143 -0.010539691315612446
leaf_weight=29.342123680748045 28.503768337890506 6.2498102746903887 15.849652932956813 7.5887454971671096 52.697044759988785 42.689829505048692 17.671332491561767 260.229188461788 6.0326238516718149 43.239263343624771 20.707294316962372 4.8964994829148045 31.115152105689052 4.6617998043075195
leaf_count=686 859 74 196 97 710 1636 161 4380 117 940 506 89 497 115
internal_value=-0.000126476 0.000897615 0.000517261 0.00870217 -0.000785078 0.000555752 0.000868607 0.000868607 -0.00471437 -0.0105397 -0.0105397 -0.016171 0.000868607 -0.016171
internal_weight=571.474 538.074 531.824 72.2249 459.599 404.888 56.3752 362.198 101.969 49.2719 54.7112 33.4003 48.7865 25.3691
internal_count=11063 10115 10041 951 9090 7783 755 6147 1767 1057 1307 948 658 621
is_linear=0
shrinkage=0.03


Tree=86
num_leaves=15
num_cat=0
split_feature=47 51 50 48 22 14 14 14 14 14 15 48 12 48
split_gain=7.92721 6.26015 4.27763 4.672 2.91608 2.68405 8.34718 2.36538 3.32613 2.47323 2.30634 1.41927 1.07798 0.571606
threshold=1.0000000180025095e-35 -0.04441668499999999 1.0000000180025095e-35 0.26111111500000006 0.24377426500000002 26743.155000000002 15160.625000000002 25927.530000000002 12945.770000000002 91512.210000000021 0.26917272500000006 1.4055555550000001 585587.72500000009 0.80555555500000009
decision_type=10 8 10 2 8 2 2 2 2 2 2 2 2 2
left_child=1 -1 4 -4 7 6 12 8 -3 13 -8 -6 -2 -9
right_child=5 2 3 -5 11 -7 10 9 -10 -11 -12 -13 -14 -15
leaf_value=0.004968024349967062 0.014176049614916638 -0.022568136705015868 -0.0052482529021414589 0.004968024349967062 -0.0052482529021414589 0.004968024349967062 0.032118392095207705 -0.028861799988139942 -0.0052482529021414589 -0.0052482529021414589 0.014275057980473934 0.0021611656989331545 0.004968024349967062 -0.010140408089869907
leaf_weight=52.082828899845481 13.605163946747778 9.104788742028175 11.30832405015826 24.216733640059829 222.22618293389678 113.52106707543135 13.176979500800373 12.452256817370651 6.6064324714243403 4.8713062535971394 17.787711638957262 30.126356948167086 39.312956560403109 3.2980569005012521
leaf_count=1042 117 268 296 400 6185 953 85 426 209 133 188 488 318 82
internal_value=0.000113668 -0.00243935 -0.00403514 0.00496802 -0.00524825 0.00496802 0.0103299 -0.0136766 -0.00524825 -0.020161 0.0226355 -0.00524825 0.00496802 -0.025781
internal_weight=573.697 376.293 324.21 35.5251 288.685 197.404 83.8828 36.3328 15.7112 20.6216 30.9647 252.353 52.9181 15.7503
internal_count=11190 9529 8487 696 7791 1661 708 1118 477 641 273 6673 435 508
is_linear=0
shrinkage=0.03


Tree=87
num_leaves=15
num_cat=0
split_feature=48 9 44 50 48 11 14 20 12 9 48 21 30 48
split_gain=8.18573 7.51277 4.86445 4.5448 8.36404 3.71502 3.18241 3.70235 2.42146 2.21031 1.77251 5.41491 3.07905 1.06088
threshold=3.0833333350000003 22.505000000000006 1.0000000180025095e-35 1.0000000180025095e-35 0.27222222500000004 1176732.6600000001 1992.5750000000003 -0.29003286499999997 784986.90500000014 6.9350000000000014 0.81666666500000018 -0.011465289999999998 -0.0014369549999999997 0.072222225000000015
decision_type=2 2 2 10 2 2 2 10 2 2 2 10 10 2
left_child=1 2 3 5 -5 9 7 -7 -4 -1 11 12 -8 -14
right_child=-2 -3 8 4 -6 6 10 -9 -10 -11 -12 -13 13 -15
leaf_value=-0.0018095940782161875 0.022872370659171137 -0.020128015047453332 0.022872370659171137 -0.0018095940782161875 0.010301430306804551 -0.0018095940782161875 -0.017044548057516234 -0.01916978806731089 0.010301430306804551 -0.020128015047453332 0.0030047523684717942 -0.0018095940782161875 -0.013961112275192714 -0.0018454918549909722
leaf_weight=5.766917070373891 12.765341013669966 16.092242918908596 10.620099479332564 20.658889091573656 43.850068088620901 10.604631163179876 30.861461428925395 19.944149893708527 27.232249414548278 6.9621340502053499 97.838044091127813 227.94716045539826 7.2788781812414518 32.315223693847656
leaf_count=128 148 380 95 381 528 187 678 512 248 160 1383 5388 211 708
internal_value=1.77956e-05 -0.000545057 7.25047e-05 -0.000714562 0.00665995 -0.00180959 -0.00180959 -0.0115231 0.0103014 -0.0174229 -0.00180959 -0.00180959 -0.010078 -0.00436185
internal_weight=570.737 557.972 541.88 504.028 64.509 439.519 426.79 30.5488 37.8523 12.7291 396.241 298.403 70.4556 39.5941
internal_count=11135 10987 10607 10264 909 9355 9067 699 343 288 8368 6985 1597 919
is_linear=0
shrinkage=0.03


Tree=88
num_leaves=13
num_cat=0
split_feature=45 11 21 14 51 23 11 21 14 21 15 21
split_gain=7.4263 6.47196 5.95725 6.1747 5.12571 2.99862 2.40159 1.53662 1.41463 1.30872 0.950857 0.379348
threshold=1.0000000180025095e-35 1157860.4450000003 -0.0055644049999999988 34597.030000000006 0.033750155000000011 -0.23083806499999995 2430899.6200000006 0.20981357500000003 58091.545000000006 0.0041314600000000009 0.43833395000000003 0.015974645000000003
decision_type=2 2 10 2 10 10 2 10 2 10 2 10
left_child=1 9 -2 -4 7 -6 -7 11 -8 -1 -10 -3
right_child=2 4 3 -5 5 6 8 -9 10 -11 -12 -13
leaf_value=-0.026298199538284224 0.00050219671069919698 0.00050219671069919698 0.02991237993729224 0.004637350285817088 0.00050219671069919698 0.00050219671069919698 -0.025605850181861227 0.004637350285817088 0.00050219671069919698 -0.0062995334400688533 -0.016956077436313485 0.0024374742073862
leaf_weight=8.5725375562906212 14.078270064666865 347.31742491945624 18.972591595724225 16.17277005314827 6.4958569956943384 5.2743417285382774 14.093336740508677 39.095659289509058 3.1770009715110055 5.4027556153014311 3.3158925483003259 96.565189194865525
leaf_count=192 127 7401 151 133 89 165 465 375 88 111 121 1791
internal_value=0.000984169 -6.18002e-05 0.0120089 0.0187317 0.000502197 -0.0112582 -0.0159974 0.000502197 -0.0204476 -0.0195038 -0.00732816 0.000502197
internal_weight=578.534 529.31 49.2236 35.1454 515.335 32.3564 25.8606 482.978 20.5862 13.9753 6.49289 443.883
internal_count=11209 10798 411 284 10495 928 839 9567 674 303 209 9192
is_linear=0
shrinkage=0.03


Tree=89
num_leaves=15
num_cat=0
split_feature=48 12 12 12 20 15 13 51 14 19 32 22 12 12
split_gain=6.07752 5.89213 5.87079 6.76767 10.4945 7.30192 7.39039 4.34307 3.44573 3.42891 3.00852 2.91783 3.19206 2.41865
threshold=0.25000000000000006 19285899.950000007 3327016.6750000003 2860025.3500000001 0.00030732000000000009 0.16503521000000002 2547750.6650000005 0.034928545000000012 23811.565000000002 0.077177155000000011 0.35867095500000007 0.2844248350000001 1309878.3100000003 421194.15500000009
decision_type=2 2 2 2 8 2 10 10 2 10 10 8 2 2
left_child=7 2 3 5 -5 6 8 11 -2 -4 -7 12 13 -1
right_child=1 -3 9 4 -6 10 -8 -9 -10 -11 -12 -13 -14 -15
leaf_value=-0.021526471800554437 0.03284269975330268 0.024439022234867994 -0.0037925259384801648 0.042241830690193279 -0.0037925259384801648 -0.0037925259384801648 0.00098012997765201332 -0.021526471800554437 0.011319109685161598 0.01637185111231863 0.00098012997765201332 -0.0037925259384801648 -0.021526471800554437 -0.0037925259384801648
leaf_weight=3.933295012451711 14.177288092672827 9.7799795502796751 81.374233320355415 8.9826341401785594 6.7504187794402233 35.828494179062545 27.367245852947235 11.474516650661824 14.870512213557957 6.8533162772655478 156.11878311820328 176.24655073788017 12.4067923175171 8.6498745782300812
leaf_count=116 119 148 1327 128 134 723 213 457 124 45 2842 4185 357 248
internal_value=0.000221791 0.00258388 0.00190976 0.00416508 0.0226449 0.00290832 0.0122948 -0.00379253 0.0225675 -0.00379253 0.000100128 -0.00379253 -0.014339 -0.00379253
internal_weight=574.814 362.103 352.323 264.095 15.7331 248.362 56.415 212.711 29.0478 88.2275 191.947 201.237 24.99 12.5832
internal_count=11166 5803 5655 4283 262 4021 456 5363 243 1372 3565 4906 721 364
is_linear=0
shrinkage=0.03


Tree=90
num_leaves=15
num_cat=0
split_feature=47 48 15 51 9 14 33 51 12 14 48 14 33 38
split_gain=6.90222 5.7947 9.54506 3.99891 4.7905 2.34261 4.0235 2.24606 1.93676 1.65769 1.55769 1.35798 0.792978 2.36609
threshold=1.0000000180025095e-35 0.15000000000000005 0.44577875000000006 -0.040557324999999991 7.1650000000000009 38489.860000000008 -0.40895483499999991 0.032850060000000007 7230859.915000001 8014.1450000000013 1.0000000180025095e-35 4290.4750000000013 -0.7965779449999999 -0.0027202299999999993
decision_type=8 2 2 10 2 2 10 10 2 2 2 2 10 8
left_child=1 10 7 4 9 -6 -7 -3 11 -4 -1 -2 13 -12
right_child=8 2 3 -5 5 6 -8 -9 -10 -11 12 -13 -14 -15
leaf_value=-0.020586765075162008 0.014641124058941593 0.0056932523974299026 -0.0076040241327793448 -0.0076040241327793448 -0.0076040241327793448 -0.0076040241327793448 0.0056932523974299026 -0.0076040241327793448 0.014082658411968142 0.0056932523974299026 -0.0076040241327793448 0.0056932523974299026 -0.0076040241327793448 -0.020586765075162008
leaf_weight=7.6605264954268923 18.0230479426682 144.74895764142275 6.0055895913392296 49.609300448559225 21.444906145334244 6.5664474284276357 8.3634048784151656 8.3356911577284318 24.226558845490217 29.206498995423317 10.535707207396625 156.90624215826392 66.35291569493711 9.6167658222839254
leaf_count=269 155 2651 142 1503 550 178 198 238 195 684 352 1354 2280 351
internal_value=0.00120821 -0.00122494 0.000984794 -0.00528444 0.00010549 -0.00760402 0.0040571 0.00569325 0.00569325 0.00569325 -0.00760402 0.00569325 -0.00760402 -0.0142567
internal_weight=567.603 368.447 274.281 121.196 71.5868 36.3748 14.9299 153.085 199.156 35.2121 94.1659 174.929 86.5054 20.1525
internal_count=11100 9396 6144 3255 1752 926 376 2889 1704 826 3252 1509 2983 703
is_linear=0
shrinkage=0.03


Tree=91
num_leaves=14
num_cat=0
split_feature=51 11 11 12 29 48 12 16 40 15 14 15 14
split_gain=7.4084 6.16104 4.40735 4.40302 8.58423 4.5346 2.37266 2.32413 1.76733 0.385381 0.315229 0.287913 0.196448
threshold=0.021051275000000005 2228897.8300000005 10995995.015000002 17656114.625000004 0.010246855000000001 3.0833333350000003 7441907.5850000009 76840.275000000009 5.5000000000000009 0.22425025500000004 48947.230000000003 0.034264720000000005 33659.55000000001
decision_type=10 2 2 2 8 2 2 10 10 2 2 2 2
left_child=3 12 7 5 -5 8 10 9 11 -3 -4 -1 -2
right_child=1 2 6 4 -6 -7 -8 -9 -10 -11 -12 -13 -14
leaf_value=0.014938005316670212 0.0017914842916749553 -0.012209572436917414 -0.0099502132402554903 0.0017914842916749553 0.036597320268328917 0.019448419155037134 -0.019518627368948358 -0.0067626825762905586 0.016182748823551925 -0.029544907307213757 0.0017914842916749553 0.0017914842916749553 -0.011062900517731657
leaf_weight=5.6338159665465346 8.4118856294080562 3.3963495753705706 4.4722802815958804 7.4251911984756616 8.653701567091046 12.539735686033962 3.9244769671931872 7.4366271868348113 9.1924926489591581 17.07721225079149 4.0870774444192648 473.23781288880855 4.3184313410893092
leaf_count=33 198 73 126 154 109 141 114 124 43 593 111 9198 99
internal_value=0.000688512 -0.0098738 -0.0158709 0.00179148 0.01703 0.00179148 -0.000900383 -0.0223043 0.00179148 -0.0273717 0.00179148 0.00179148 0.00179148
internal_weight=569.807 53.1243 40.394 516.683 16.0789 500.604 12.4838 27.9102 488.064 20.4736 8.55936 478.872 12.7303
internal_count=11116 1438 1141 9678 263 9415 351 790 9274 666 237 9231 297
is_linear=0
shrinkage=0.03


Tree=92
num_leaves=15
num_cat=0
split_feature=9 14 47 51 16 14 12 12 12 12 50 14 14 51
split_gain=8.35021 9.5596 7.85113 6.87778 5.35238 5.05144 4.11998 4.46365 3.34916 5.18954 5.69661 4.02992 5.98994 7.71662
threshold=9.4450000000000021 12516.145000000002 1.0000000180025095e-35 -0.055945684999999995 680460.97000000009 16902.900000000005 1396974.0600000003 914473.8600000001 806805.8400000002 399432.3000000001 1.0000000180025095e-35 66382.080000000016 43159.560000000005 -0.071371789999999977
decision_type=2 2 10 8 8 2 2 2 2 2 10 2 2 10
left_child=8 6 3 -3 5 -5 7 -2 9 10 -1 12 13 -11
right_child=1 2 -4 4 -6 -7 -8 -9 -10 11 -12 -13 -14 -15
leaf_value=0.001978353678279966 -0.017413867665176507 0.001978353678279966 0.001978353678279966 0.00091216059683576817 0.00091216059683576817 -0.018238743579407173 -0.026814650358865422 0.001978353678279966 0.001978353678279966 0.025724846625185524 0.028237705245567474 0.001978353678279966 0.037095603848319704 0.001978353678279966
leaf_weight=42.596851170063019 17.055308033712212 11.903848614543675 54.026216991245747 6.0328160384669891 24.410313389264047 60.830219755880535 21.497956923209131 7.2736795628443351 260.50019038189203 18.426479715853926 6.8439098019152871 7.9074456095695487 9.308555666357277 27.321800322271887
leaf_count=826 384 222 474 191 511 1934 466 150 4877 292 81 145 171 517
internal_value=-0.000686689 -0.00556727 -0.00200951 -0.00761409 -0.0110988 -0.0154325 -0.0174682 -0.00847668 0.00197835 0.00713723 0.00197835 0.0129449 0.016191 0.011235
internal_weight=575.936 203.03 157.203 103.177 91.2733 66.863 45.8269 24.329 372.905 112.405 49.4408 62.9643 55.0568 45.7483
internal_count=11241 4332 3332 2858 2636 2125 1000 534 6909 2032 907 1125 980 809
is_linear=0
shrinkage=0.03


Tree=93
num_leaves=15
num_cat=0
split_feature=51 5 21 22 25 14 38 43 25 13 12 14 51 13
split_gain=4.74373 5.42474 3.98782 9.0695 6.9913 5.77481 4.46108 3.56925 2.82992 2.21795 2.07168 1.02669 0.387719 0.986276
threshold=1.0000000180025095e-35 1.0000000180025095e-35 0.0072578700000000005 inf -0.061071054999999992 96591.695000000022 -0.085775189999999987 1.0000000180025095e-35 0.15854848000000002 2371995.8800000004 867535.90000000014 76729.465000000011 0.026184685000000003 3700638.4150000005
decision_type=10 2 10 8 10 2 10 2 8 10 2 2 8 10
left_child=2 12 -1 -4 5 7 8 -5 -6 10 -3 -11 -2 -14
right_child=1 9 3 4 6 -7 -8 -9 -10 11 -12 -13 13 -15
leaf_value=-0.0012183106826215043 0.0015670189731794562 -0.017095031217698755 -0.0012183106826215043 0.012242013261366258 0.024862066357951476 0.037674741137861664 -0.0012183106826215043 0.030680452550384037 -0.0012183106826215043 -0.024554264548737346 -0.0013209793459908704 -0.00717908479411292 -0.0012183106826215043 -0.00717908479411292
leaf_weight=286.4611705224961 41.046727363951504 6.868607893586157 71.551399884745479 46.698535906150937 9.4010654445737583 8.9177001081407052 34.584314527921379 8.8894966728985292 5.3999993782490465 17.267842152155939 3.72665951307863 4.9412119928747407 16.046996210701767 13.762646771967409
leaf_count=5611 924 191 1115 662 178 94 758 55 96 473 101 133 421 397
internal_value=-0.000279143 -0.00605802 0.0010004 0.00441589 0.00985294 0.0162795 0.0013023 0.012242 0.012242 -0.0159481 -0.00413181 -0.0211644 -0.00132098 -0.00132098
internal_weight=575.564 103.661 471.904 185.443 113.891 64.5057 49.3854 55.588 14.8011 32.8043 10.5953 22.2091 70.8564 29.8096
internal_count=11209 2640 8569 2958 1843 811 1032 717 274 898 292 606 1742 818
is_linear=0
shrinkage=0.03


Tree=94
num_leaves=15
num_cat=0
split_feature=45 13 14 14 21 9 38 14 12 33 9 48 50 13
split_gain=6.78653 4.69181 5.36771 4.50701 10.8772 4.36116 4.76267 4.47528 4.9624 3.89815 4.36498 3.57799 3.80858 7.66012
threshold=1.0000000180025095e-35 17409650.650000002 23544.740000000002 68147.580000000002 0.14300815000000003 25.48 -0.99999995499999994 60094.235000000008 240161.63000000003 -0.35414747499999993 3.1050000000000004 3.0833333350000003 1.0000000180025095e-35 3367622.2700000005
decision_type=2 10 2 2 8 2 8 2 2 10 2 2 10 8
left_child=1 3 -3 5 9 6 -1 8 -8 -5 -11 12 -10 -14
right_child=-2 2 -4 4 -6 -7 7 -9 11 10 -12 -13 13 -15
leaf_value=0.010570080672718486 0.01109558940164136 -0.016393580402016935 0.01109558940164136 -0.021260669963077052 0.01109558940164136 -0.022344111351045647 0.010570080672718486 0.010570080672718486 -0.0042786224470739258 0.01109558940164136 -0.011510390591666557 0.010570080672718486 0.010570080672718486 -0.0042786224470739258
leaf_weight=35.891779621131718 47.571248328313231 5.7230412783101192 32.799754301086068 31.48268754966557 19.517181498929858 6.8015022138133636 25.069304442964494 15.821437224745749 274.43648019805551 5.3234890047460821 24.350851882249117 5.8544690478593102 17.644378700293601 18.615493982098997
leaf_count=328 398 124 646 730 305 173 525 345 6223 97 530 75 258 296
internal_value=0.000371636 -0.000630124 0.00930838 -0.00144407 -0.00786636 -0.000132844 0.000306921 -0.000750247 -0.00151914 -0.0140427 -0.00594136 -0.00254874 -0.00306904 0.00595493
internal_weight=566.903 519.332 38.5228 480.809 80.6742 400.135 393.333 357.442 341.62 61.157 29.6743 316.551 310.696 36.2599
internal_count=11053 10655 770 9885 1662 8223 8050 7722 7377 1357 627 6852 6777 554
is_linear=0
shrinkage=0.03


Tree=95
num_leaves=15
num_cat=0
split_feature=26 20 13 14 14 21 11 32 13 15 11 14 14 11
split_gain=4.68644 4.50858 3.5102 3.63669 6.90382 5.55459 4.8529 4.25432 4.20768 4.71669 3.74769 3.99023 3.40446 3.40006
threshold=0.015011845000000001 -0.019838799999999997 17914691.235000003 67318.880000000019 47233.81500000001 0.070182440000000013 16668167.755000001 0.66416271500000013 832876.13000000012 0.5448649550000001 2749905.6100000008 35472.635000000009 100316.37000000001 2015621.6600000004
decision_type=8 8 10 2 2 10 2 10 8 2 2 2 2 2
left_child=1 -1 3 4 5 6 8 -5 -3 10 13 -12 -9 -10
right_child=-2 2 -4 7 -6 -7 -8 12 9 -11 11 -13 -14 -15
leaf_value=0.0031997917553977821 0.0031997917553977821 0.0031997917553977821 0.0031997917553977821 -0.017776673645449076 0.0031997917553977821 0.0031997917553977821 -0.028838089389785288 -0.015384056360497512 -0.0018347542722763235 -0.014143629825046126 0.0031997917553977821 -0.014143629825046126 0.0031997917553977821 -0.014143629825046126
leaf_weight=53.073463289067149 214.36992201488465 7.7419005474075666 21.84402347356081 34.791132492013276 33.682161879725754 17.651578761637211 8.2039440898224694 8.1017008060589415 22.370602896437049 62.167896646074951 55.687212786637247 12.584051620215176 7.0222634067758909 13.649361168034373
leaf_count=991 2740 193 516 865 802 322 194 198 497 1735 1333 296 149 323
internal_value=-0.000300469 -0.00239616 -0.00387195 -0.00486132 -0.00326217 -0.0057281 -0.00750963 -0.0121385 -0.0063463 -0.00766373 -0.00370342 0.000457795 0.00112952 -0.0113898
internal_weight=572.941 358.571 305.498 283.654 233.739 200.057 182.405 49.9151 174.201 166.459 104.291 68.2713 15.124 36.02
internal_count=11154 8414 7423 6907 5695 4893 4571 1212 4377 4184 2449 1629 347 820
is_linear=0
shrinkage=0.03


Tree=96
num_leaves=15
num_cat=0
split_feature=49 12 47 16 12 18 29 11 50 51 12 12 21 51
split_gain=5.63198 9.74059 8.12861 5.36581 5.47693 5.36058 4.75267 3.4776 8.63797 3.78494 3.17647 3.78216 2.95742 1.50845
threshold=1.0000000180025095e-35 17656114.625000004 1.0000000180025095e-35 64874.37000000001 806805.8400000002 0.57339841000000014 0.040583460000000009 2037268.2150000001 1.0000000180025095e-35 -0.041881289999999995 4809766.7500000009 6527712.1250000009 -0.011210144999999999 -0.03808470499999999
decision_type=10 2 10 10 2 10 10 2 10 8 2 2 10 10
left_child=1 5 3 4 12 7 10 8 9 -1 -6 -12 -2 -14
right_child=2 -3 -4 -5 6 -7 -8 -9 -10 -11 11 -13 13 -15
leaf_value=0.019804746559434504 -0.024110283706138557 0.033416015617589931 0.0011060765909607481 0.0011060765909607481 -0.022295512350310475 0.022225586832176156 0.0011060765909607481 0.0011060765909607481 0.022225586832176156 0.0011060765909607481 0.0011060765909607481 -0.017579286436596956 0.0011060765909607481 -0.0085897656538639327
leaf_weight=9.1693359576165658 3.5006087422371079 7.5940920654684296 56.538337755948305 29.421334275044501 51.376608209684491 9.8192437179386598 2.5418334491550914 290.43471292965114 11.829950351268051 51.32254439778626 5.4437451623380211 12.385294950567184 13.118700521998125 13.874048322439176
leaf_count=112 142 79 638 855 2116 69 55 4325 123 815 216 452 489 606
internal_value=-0.000263287 0.00183746 -0.00449413 -0.00888809 -0.0121278 0.00110608 -0.0166024 0.00110608 0.00779035 0.00265717 -0.0185379 -0.00710088 -0.00140687 0.00110608
internal_weight=568.37 380.17 188.201 131.662 102.241 372.576 71.7475 362.757 72.3218 60.4919 69.2056 17.829 30.4934 26.9927
internal_count=11092 5523 5569 4931 4076 5444 2839 5375 1050 927 2784 668 1237 1095
is_linear=0
shrinkage=0.03


Tree=97
num_leaves=15
num_cat=0
split_feature=9 15 13 11 13 28 16 50 21 15 38 39 13 13
split_gain=7.14064 5.98409 4.66981 5.99936 5.36802 6.12212 3.58547 4.9811 3.08001 7.03052 3.80935 2.67293 1.50687 3.0576
threshold=20.685000000000006 0.5367605150000001 1584519.4000000001 4035888.8900000001 3784233.9800000004 57811.595000000008 55339.165000000008 2.5000000000000004 0.038337255000000008 0.21799480000000002 -0.012931674999999998 1.0000000180025095e-35 1750032.6450000003 6418948.0600000015
decision_type=2 2 8 2 10 10 10 8 10 2 10 8 8 8
left_child=1 8 -3 11 -5 6 -6 -8 -1 10 -10 -4 -2 -14
right_child=12 2 3 4 5 -7 7 -9 9 -11 -12 -13 13 -15
leaf_value=0.0033056828387116959 0.0003987706603779754 0.0033056828387116959 -0.015193958368889909 0.0033056828387116959 -0.015193958368889909 0.0033056828387116959 -0.015193958368889909 0.0033056828387116959 0.023474793049416576 0.0033056828387116959 0.004375367389728475 0.0033056828387116959 -0.032290549738696391 -0.015193958368889909
leaf_weight=296.7976182019338 4.5125243626535321 29.494842974469066 36.847137873992324 24.713089596480131 35.429383849725127 19.893704849295318 4.9331063944846365 7.5941439457237729 29.834317732602358 43.03467177413404 14.290987484157084 4.1484647672623387 10.048692228272559 9.2429112913086993
leaf_count=5464 111 743 977 624 981 446 119 203 194 618 141 81 232 225
internal_value=0.000551382 0.00126304 -0.00353778 -0.00609718 -0.00180794 -0.00698332 -0.01287 0.00139407 0.00330568 0.00892413 0.017523 -0.015194 -0.015194 -0.0186812
internal_weight=570.816 547.011 163.054 133.559 92.5634 67.8503 47.9566 12.5273 383.958 87.16 44.1253 40.9956 23.8041 19.2916
internal_count=11159 10591 4174 3431 2373 1749 1303 322 6417 953 335 1058 568 457
is_linear=0
shrinkage=0.03


Tree=98
num_leaves=15
num_cat=0
split_feature=51 9 44 21 15 3 14 18 21 21 14 13 51 15
split_gain=5.92036 5.83353 4.27493 4.65919 4.93786 7.31256 6.64628 3.51193 2.7099 2.0413 0.899741 1.37364 0.528937 0.739204
threshold=0.033750155000000011 19.065000000000001 1.0000000180025095e-35 -0.012256089999999999 0.55487955500000019 1.0000000180025095e-35 139298.38000000003 0.010294550000000001 0.0077644800000000007 -0.004028804999999999 24069.130000000001 1897951.9500000002 0.051418195000000007 0.52313675000000004
decision_type=10 2 2 8 2 2 2 10 8 8 2 10 8 2
left_child=1 2 3 7 5 -5 -7 -1 -4 -6 11 -2 -12 -14
right_child=10 -3 8 4 9 6 -8 -9 -10 -11 12 -13 13 -15
leaf_value=-0.011118588523472103 -0.011118588523472103 -0.011118588523472103 0.0018328962698798189 0.0071128653808062037 -0.01265128789305428 -0.0027354634117757598 0.0071128653808062037 -0.0027354634117757598 0.018201427466267378 -0.0027354634117757598 -0.0014927061662189276 -0.028074831809346747 -0.011118588523472103 -0.024295228051297083
leaf_weight=23.783050619997084 4.1685872823000043 30.142925448715687 15.218767328187822 228.55073582753539 17.761080550961196 63.421630701981485 16.899464757181704 14.592181627638636 22.59708577953279 104.06703072041273 10.307116392999879 7.0322977835312486 5.7559021180495709 3.5452132560312748
leaf_count=530 124 703 147 3916 496 1132 269 218 184 2615 288 236 170 149
internal_value=0.000747903 0.00149014 0.00226035 0.00146526 0.00236344 0.00437694 -0.00273546 -0.00841932 0.0118309 -0.00273546 -0.0118302 -0.0199403 -0.0111186 -0.0112746
internal_weight=567.843 537.034 506.891 469.075 430.7 308.872 80.3211 38.3752 37.8159 121.828 30.8091 11.2009 19.6082 9.30112
internal_count=11177 10210 9507 9176 8428 5317 1401 748 331 3111 967 360 607 319
is_linear=0
shrinkage=0.03


Tree=99
num_leaves=15
num_cat=0
split_feature=39 48 50 51 51 22 21 21 9 21 33 21 51 38
split_gain=5.60682 6.86776 9.30077 7.6244 7.16814 5.2861 2.80203 3.52482 2.72775 3.14713 1.65813 1.20044 0.805124 0.655708
threshold=2.5000000000000004 0.43888888500000006 1.0000000180025095e-35 -0.040557324999999991 -0.04548254999999999 inf -0.0016057699999999996 0.041322240000000003 8.4650000000000016 0.033244745000000006 -0.48178349999999998 -0.010115509999999999 0.021977000000000003 0.060221355000000011
decision_type=8 2 10 10 8 8 10 10 2 8 8 10 8 8
left_child=1 4 3 6 -1 11 -3 -5 12 -10 -11 -6 -7 -13
right_child=-2 2 -4 7 5 8 -8 -9 9 10 -12 13 -14 -15
leaf_value=0.0045043111425636211 0.0091754374340659497 0.0045043111425636211 0.0091754374340659497 -0.0044409791574045177 -0.027304347942563888 0.005277072208829882 0.0091754374340659497 0.0091754374340659497 -0.013996437096558229 -0.013996437096558229 -0.0044409791574045177 -0.013996437096558229 -0.0044409791574045177 -0.022826984790072155
leaf_weight=36.932376316748559 49.946862019598484 59.594004893675447 36.766718041151762 60.78123511839658 6.2066208720207205 38.545976753346622 63.453894548118114 17.170795984566212 46.798057116568089 9.2521492568775994 17.531025332398716 43.450492366217077 68.407022275030613 11.832228535786269
leaf_count=716 269 927 431 1271 189 943 883 226 1451 229 423 1142 1666 352
internal_value=-0.000321201 -0.0012551 0.00248562 -0.000558797 -0.00444098 -0.00639561 0.00450431 -0.00444098 -0.00444098 -0.010303 -0.00444098 -0.0139964 -0.00444098 -0.0139964
internal_weight=566.669 516.723 237.767 201 278.956 242.024 123.048 77.952 180.534 73.5812 26.7832 61.4893 106.953 55.2827
internal_count=11118 10849 3738 3307 7111 6395 1810 1497 4712 2103 652 1683 2609 1494
is_linear=0
shrinkage=0.03


Tree=100
num_leaves=15
num_cat=0
split_feature=48 51 40 45 11 11 26 49 18 14 36 41 14 13
split_gain=6.04212 5.92699 4.16468 3.40721 3.23587 5.89702 3.22418 3.18418 3.12008 2.8693 1.66823 1.4932 0.50393 0.487296
threshold=3.0833333350000003 0.0018020100000000004 5.5000000000000009 1.0000000180025095e-35 1829278.3900000004 3619210.0550000006 0.012224730000000001 0.66894977500000008 0.57339841000000014 39581.115000000005 1.0000000180025095e-35 -0.42913889 33042.685000000005 1995277.9900000002
decision_type=2 10 10 2 2 2 10 8 10 2 10 10 2 8
left_child=1 2 8 4 12 -6 7 9 10 -7 11 -1 -3 -13
right_child=-2 3 -4 -5 5 6 -8 -9 -10 -11 -12 13 -14 -15
leaf_value=0.010171129539382989 0.020233651039236602 0.00097553724606917194 0.020233651039236602 0.00097553724606917194 -0.02542051457055015 0.00097553724606917194 0.00097553724606917194 -0.018120302078554567 0.016506107329738517 -0.018120302078554567 0.012696362755617221 0.0042326783118509879 -0.010504655138866057 0.00097553724606917194
leaf_weight=17.662445018067956 12.590033894404767 8.7879504421725816 8.5228393822908384 4.76198961213231 19.062522755935788 5.0353159029036743 22.82213731110096 23.347757549956441 10.646099071949719 5.9865776365622878 10.480146953836082 95.061709528788924 4.2719082729890951 318.13402922078967
leaf_count=173 139 243 40 47 515 182 464 723 81 210 118 1835 99 6315
internal_value=0.000470852 -1.34102e-05 0.00139175 -0.00683405 -0.00893252 -0.0113725 -0.00633384 -0.0120617 0.000975537 0.000975537 0.000975537 0.000975537 0.000975537 0.000975537
internal_weight=567.173 554.583 460.507 94.0762 89.3142 76.2543 57.1918 34.3697 451.984 11.0219 441.338 430.858 13.0599 413.196
internal_count=11184 11045 8562 2483 2436 2094 1579 1115 8522 392 8441 8323 342 8150
is_linear=0
shrinkage=0.03


Tree=101
num_leaves=9
num_cat=0
split_feature=45 14 20 30 51 49 14 49
split_gain=5.02305 7.30987 8.16413 3.73512 2.65014 2.57499 1.26361 0.904137
threshold=1.0000000180025095e-35 34222.935000000005 -0.0078221399999999983 -0.29925825999999994 0.039479445000000009 0.62731481500000019 24370.810000000001 0.66894977500000008
decision_type=2 2 8 10 10 8 2 10
left_child=3 2 -2 -1 6 -6 -5 -8
right_child=1 -3 -4 4 5 -7 7 -9
leaf_value=-0.01220311526585276 0.036082562721515873 -0.00095497204448706952 0.0031556485937588572 0.0020924324918441088 -0.00095497204448706952 -0.01220311526585276 -0.00095497204448706952 -0.0060946185289780996
leaf_weight=25.576827874407172 12.586769182235001 23.343917533755302 13.943114144727589 190.26448277384043 5.4183316314592984 17.580213557928801 251.26248782128096 29.983287150040269
leaf_count=181 72 186 143 4018 181 578 4587 1208
internal_value=-7.66598e-05 0.00892115 0.0195206 -0.000954972 -0.000954972 -0.0112984 -0.000954972 -0.000954972
internal_weight=569.959 49.8738 26.5299 520.086 494.509 22.9985 471.51 281.246
internal_count=11154 401 215 10753 10572 759 9813 5795
is_linear=0
shrinkage=0.03


Tree=102
num_leaves=15
num_cat=0
split_feature=51 21 14 14 14 14 11 35 21 48 5 11 38 11
split_gain=6.25019 5.39923 6.86011 5.99467 5.71468 9.60332 8.9353 11.3643 4.38214 4.21272 6.16847 5.69119 4.11549 3.59638
threshold=0.026184685000000003 -0.0051209549999999991 47233.81500000001 32186.520000000004 68843.290000000023 96591.695000000022 9931984.4200000018 1.0000000180025095e-35 0.0019117800000000003 1.1611111150000002 1.0000000180025095e-35 9683669.5900000017 0.060221355000000011 25181433.595000003
decision_type=10 8 2 2 2 2 2 8 10 2 2 2 8 2
left_child=1 -1 3 8 -4 -6 -7 -8 -3 10 11 12 -10 -9
right_child=-2 2 4 -5 5 6 7 13 9 -11 -12 -13 -14 -15
leaf_value=-0.0045093782760725985 -0.010055785781646051 -0.0020077530992635173 0.016088905933296441 -0.0045093782760725985 -0.0045093782760725985 -0.0037194577073357614 -0.0045093782760725985 0.043605782851902919 0.017446458154472474 0.017446458154472474 -0.0020077530992635173 -0.0020077530992635173 -0.0013249388099048844 0.01834488826379585
leaf_weight=92.62381509039551 40.487004940398037 86.542734140530229 56.936369531787932 68.524624911136925 35.679448699578643 19.059736300259829 7.1197311962023404 11.569507274776699 47.959115838631988 25.13757867179811 38.244187140837312 14.270013063214718 13.188639318570493 12.793860289268194
leaf_count=1960 1211 1771 1002 1279 688 341 133 180 872 282 734 263 257 200
internal_value=0.00116172 0.00203654 0.00343101 0.000798607 0.00879163 0.0038437 0.0124067 0.0219834 0.0032772 0.00656321 0.0040251 0.00927546 0.0134527 0.0315869
internal_weight=570.136 529.649 437.026 293.867 143.159 86.2223 50.5428 31.4831 225.342 138.8 113.662 75.4178 61.1478 24.3634
internal_count=11173 9962 8002 5458 2544 1542 854 513 4179 2408 2126 1392 1129 380
is_linear=0
shrinkage=0.03


Tree=103
num_leaves=15
num_cat=0
split_feature=11 9 21 11 18 29 11 11 11 32 38 48 45 32
split_gain=5.38709 5.08245 3.44929 6.9121 8.52183 5.95526 5.24939 4.75212 5.36061 4.05759 3.92993 3.90386 3.18073 7.69205
threshold=1157860.4450000003 19.545000000000005 -0.0049672399999999986 17039986.770000007 0.024569035000000003 0.0084837800000000015 1238541.1500000001 7071277.8100000015 14986018.650000002 0.53965859500000002 -0.12640099499999999 0.18333333500000001 1.0000000180025095e-35 0.88389860000000009
decision_type=2 2 8 2 10 10 2 2 2 10 10 2 2 10
left_child=-1 2 7 6 9 -6 -4 11 12 10 -5 -2 -8 -14
right_child=1 -3 3 4 5 -7 8 -9 -10 -11 -12 -13 13 -15
leaf_value=-0.017303353462177935 -0.011629970154285905 -0.011629970154285905 0.024274710695006647 0.0050027585956549641 0.0050027585956549641 0.037215455654003499 0.0008571175846766462 -0.011629970154285905 -0.011629970154285905 0.0050027585956549641 -0.011629970154285905 0.0008571175846766462 0.0008571175846766462 0.026828400244464597
leaf_weight=15.09263357054442 16.447986264713109 29.381943749263883 7.2571126390248528 5.187213625758889 8.4429171429947036 13.895618925802408 320.06679099798203 41.456313810311258 11.913152308203278 17.014769235625863 14.099834459833799 40.218951975926757 18.002258935943249 13.509798437356947
leaf_count=311 487 717 141 111 153 141 6412 863 215 303 336 747 171 81
internal_value=-0.000191266 0.00030268 0.000988064 0.00214838 0.0116277 0.0257766 0.000621808 -0.00405994 8.42751e-05 0.00246353 -0.00889318 8.42751e-05 0.000857118 0.0102418
internal_weight=571.987 556.895 527.513 429.389 58.6404 22.3385 370.749 98.1233 363.492 36.3018 19.287 56.6669 351.579 31.5121
internal_count=11189 10878 10161 8064 1044 294 7020 2097 6879 750 447 1234 6664 252
is_linear=0
shrinkage=0.03


Tree=104
num_leaves=15
num_cat=0
split_feature=43 50 11 41 51 11 48 13 13 15 13 22 41 41
split_gain=5.88753 6.44963 7.18408 4.82032 4.84841 2.0992 2.02814 1.82053 1.5378 1.19275 0.728365 0.695173 0.56899 0.0822456
threshold=1.0000000180025095e-35 1.0000000180025095e-35 4987417.0500000007 0.11766277000000001 0.032850060000000007 11937182.735000001 0.57222222500000008 10347494.150000002 14428926.490000002 0.22425025500000004 2198136.9300000002 inf 0.11259793500000002 0.23146670500000002
decision_type=2 10 2 8 10 2 2 10 10 2 8 8 10 8
left_child=1 3 -3 4 -1 -4 -7 10 9 -6 -2 -5 -13 -14
right_child=7 2 5 11 8 6 -8 -9 -10 -11 -12 12 13 -15
leaf_value=-0.0014222390653285072 0.018057267999237094 0.0095392286897403571 -0.0014222390653285072 -0.026616246218259348 -0.0014222390653285072 -0.0014222390653285072 0.0095392286897403571 0.021409152894904686 -0.0014222390653285072 -0.014473431696681029 0.0095392286897403571 -0.00059206143020399445 -0.0095675485509163511 -0.017230629658049463
leaf_weight=388.3953959280625 15.526732830330728 34.400453466922045 16.863889855332673 4.6639396380633116 5.647782172076421 8.2367642410099524 8.1311737410724145 11.274873491376637 2.8791781822219482 16.167329010553658 36.720107337459922 4.4724052585661722 9.968860000371901 5.376025848090678
leaf_count=8091 137 484 246 109 99 145 87 97 113 621 344 58 296 152
internal_value=0.00100557 -8.41393e-05 0.00846775 -0.00142224 -0.00142224 -0.00142224 0.00953923 0.00953923 -0.0144734 -0.0144734 0.00953923 -0.0144734 -0.0144734 -0.0144734
internal_weight=568.725 505.203 67.6323 437.571 413.09 33.2318 16.3679 63.5217 24.6943 21.8151 52.2468 24.4812 19.8173 15.3449
internal_count=11079 10501 962 9539 8924 478 232 578 833 720 481 615 506 448
is_linear=0
shrinkage=0.03


Tree=105
num_leaves=15
num_cat=0
split_feature=11 51 5 7 47 48 26 13 13 38 48 20 31 18
split_gain=5.21714 5.15207 7.86486 4.60911 5.76513 4.28122 4.09153 3.95169 3.26023 3.00175 2.50596 1.51232 1.20108 2.29915
threshold=1192283.4750000003 0.0018020100000000004 1.0000000180025095e-35 1.0000000180025095e-35 1.0000000180025095e-35 0.81666666500000018 0.0084023050000000005 1446483.3900000004 1820101.0850000002 -0.26534621999999991 0.26111111500000006 -0.006759349999999999 0.064339685000000021 0.0057505450000000001
decision_type=2 10 2 2 8 2 10 10 8 10 2 8 10 10
left_child=9 3 -3 4 5 -2 11 -4 -6 -1 -10 -7 13 -9
right_child=1 2 7 -5 8 6 -8 12 10 -11 -12 -13 -14 -15
leaf_value=0.0044838512068023596 0.00089861817197353199 0.00089861817197353199 0.00089861817197353199 0.00089861817197353199 0.022743016862213073 0.01059522879763005 0.01059522879763005 -0.027515251404959827 0.00089861817197353199 -0.020711428032774121 0.011246725774900825 0.00089861817197353199 -0.029218194742691769 -0.0022777727389734904
leaf_weight=5.4490109607577351 135.81128427758813 63.20784374512732 4.0288421902805736 159.2370940418914 19.644362334161997 6.1548097748309374 31.978567406535149 5.1323164859786647 30.648993019014597 14.416283866390584 60.842165138572454 15.531833834946157 12.313944252207873 7.3337005712091923
leaf_count=76 3739 1619 112 2909 160 103 426 142 312 336 422 298 400 153
internal_value=0.000811572 0.00136595 -0.00507815 0.00266365 0.00520167 0.00199911 0.00954269 -0.0177817 0.0105952 -0.0139167 0.0105952 0.000898618 -0.022371 -0.0139399
internal_weight=571.731 551.866 92.0166 459.849 300.612 189.476 53.6652 28.8088 111.136 19.8653 91.4912 21.6866 24.78 12.466
internal_count=11207 10795 2426 8369 5460 4566 827 807 894 412 734 401 695 295
is_linear=0
shrinkage=0.03


Tree=106
num_leaves=15
num_cat=0
split_feature=14 14 21 38 14 11 11 14 38 12 13 12 39 23
split_gain=4.38767 11.368 8.61751 7.58737 6.83271 6.7096 5.67017 7.33242 7.58909 6.31152 9.01869 6.51063 7.15814 6.15578
threshold=67318.880000000019 47233.81500000001 0.021740560000000003 0.072155680000000014 139298.38000000003 1596419.6700000002 5434835.2250000006 32186.520000000004 -0.65401630499999996 2069153.3200000001 1645561.5050000001 1281392.2150000001 1.0000000180025095e-35 0.080985980000000013
decision_type=2 2 8 10 2 2 2 2 8 2 10 2 8 10
left_child=1 6 -2 4 -4 -3 9 8 -8 11 -11 -1 -13 -10
right_child=2 5 3 -5 -6 -7 7 -9 13 10 -12 12 -14 -15
leaf_value=0.0031806811002383284 -0.011001121147066788 -0.016653654700858191 0.0038242039242594905 -0.011001121147066788 0.033062250077025603 0.015541209893423022 0.020503767990147068 -0.016327636318452944 0.00055363915161252264 0.0067870272748238175 0.04736566701938931 -0.016473707070998336 0.010999234431547076 -0.017458069452979733
leaf_weight=165.25458027981222 74.143661350011826 5.5899519287049761 25.445501558482647 9.1249175211414677 9.2092469558119756 63.65266121737659 11.98415388725698 37.630448155105114 66.871937147341669 26.980955000966787 5.1681579351425162 33.116713703610003 10.602156560868023 21.907222793437541
leaf_count=3190 1607 111 382 171 120 1200 129 749 1363 542 117 725 90 568
internal_value=0.00030111 0.00165562 -0.00482408 0.0056492 0.0123034 0.012742 -0.000395263 -0.00521443 -0.000944498 0.00238084 0.0145424 0.000449528 -0.00971433 -0.0040359
internal_weight=566.682 448.759 117.923 43.7797 34.6547 69.2426 379.516 138.394 100.763 241.123 32.1491 208.973 43.7189 88.7792
internal_count=11064 8784 2280 673 502 1311 7473 2809 2060 4664 659 4005 815 1931
is_linear=0
shrinkage=0.03


end of trees

feature_importances:
return_vs_benchmark=136
recurring_income_monthly=100
cash_pct_of_portfolio_chg=94
client_reply_rate=92
aum=89
contact_gap_ratio=81
share_of_wallet=75
tenure_years=74
recurring_deposit_change_pct=74
relationship_value=60
banker_change_6m_flag=58
deposit_balance=56
external_transfer_pct_of_balance_60d=39
transfer_to_competitor_pct_90d=38
repeat_complaint_flag=31
transfer_to_competitor_bank_amount_90d=30
products_closed_180d=30
meetings_cancelled_by_client=28
share_of_wallet_change=27
aum_vs_baseline_pct=25
deposit_balance_change_pct_90d=23
deposit_balance_vs_6m_avg_pct=23
complaint_age_days=20
positions_liquidated_pct=19
external_transfer_acceleration=18
outflow_vs_baseline_pct=18
complaint_escalated_flag=17
external_destination_concentration=14
investment_redemption_pct=13
fixed_income_maturity_not_reinvested=12
aum_outflow_90d=11
net_external_flow_pct_90d=10
has_credit_anchor=7
aum_outflow_pct_90d=7
net_deposit_flow_pct_90d=7
has_linked_business=4
business_payroll_stopped_flag=4
has_pension_stream=2
salary_deposit_stopped_flag=2
pension_deposit_stopped_flag=2
accounts_closed_90d=2
trustee_change_flag=2
has_advisory=1
new_external_destinations_90d=1
recurring_deposit_stopped_flag=1
aum_outflow_to_rv_90d=1

parameters:
[boosting: gbdt]
[objective: binary]
[metric: binary_logloss]
[tree_learner: serial]
[device_type: cpu]
[data_sample_strategy: bagging]
[data: ]
[valid: ]
[num_iterations: 107]
[learning_rate: 0.03]
[num_leaves: 15]
[num_threads: 4]
[seed: 42]
[deterministic: 1]
[force_col_wise: 0]
[force_row_wise: 0]
[histogram_pool_size: -1]
[max_depth: -1]
[min_data_in_leaf: 100]
[min_sum_hessian_in_leaf: 0.001]
[bagging_fraction: 0.8]
[pos_bagging_fraction: 1]
[neg_bagging_fraction: 1]
[bagging_freq: 1]
[bagging_seed: 400]
[bagging_by_query: 0]
[feature_fraction: 0.8]
[feature_fraction_bynode: 1]
[feature_fraction_seed: 30056]
[extra_trees: 0]
[extra_seed: 12879]
[early_stopping_round: 0]
[early_stopping_min_delta: 0]
[first_metric_only: 0]
[max_delta_step: 0]
[lambda_l1: 0]
[lambda_l2: 1]
[linear_lambda: 0]
[min_gain_to_split: 0]
[drop_rate: 0.1]
[max_drop: 50]
[skip_drop: 0.5]
[xgboost_dart_mode: 0]
[uniform_drop: 0]
[drop_seed: 17869]
[top_rate: 0.2]
[other_rate: 0.1]
[min_data_per_group: 100]
[max_cat_threshold: 32]
[cat_l2: 10]
[cat_smooth: 10]
[max_cat_to_onehot: 4]
[top_k: 20]
[monotone_constraints: 0,-1,-1,-1,-1,-1,-1,-1,-1,-1,0,0,0,0,0,-1,1,1,1,1,-1,1,1,-1,-1,-1,1,1,1,1,1,-1,1,1,1,1,1,1,-1,1,1,-1,1,1,1,1,1,1,1,-1,1,-1,1]
[monotone_constraints_method: advanced]
[monotone_penalty: 0]
[feature_contri: ]
[forcedsplits_filename: ]
[refit_decay_rate: 0.9]
[cegb_tradeoff: 1]
[cegb_penalty_split: 0]
[cegb_penalty_feature_lazy: ]
[cegb_penalty_feature_coupled: ]
[path_smooth: 0]
[interaction_constraints: ]
[verbosity: -1]
[saved_feature_importance_type: 0]
[use_quantized_grad: 0]
[num_grad_quant_bins: 4]
[quant_train_renew_leaf: 0]
[stochastic_rounding: 1]
[linear_tree: 0]
[max_bin: 255]
[max_bin_by_feature: ]
[min_data_in_bin: 3]
[bin_construct_sample_cnt: 200000]
[data_random_seed: 175]
[is_enable_sparse: 1]
[enable_bundle: 1]
[use_missing: 1]
[zero_as_missing: 0]
[feature_pre_filter: 1]
[pre_partition: 0]
[two_round: 0]
[header: 0]
[label_column: ]
[weight_column: ]
[group_column: ]
[ignore_column: ]
[categorical_feature: ]
[forcedbins_filename: ]
[precise_float_parser: 0]
[parser_config_file: ]
[objective_seed: 16083]
[num_class: 1]
[is_unbalance: 0]
[scale_pos_weight: 1]
[sigmoid: 1]
[boost_from_average: 1]
[reg_sqrt: 0]
[alpha: 0.9]
[fair_c: 1]
[poisson_max_delta_step: 0.7]
[tweedie_variance_power: 1.5]
[lambdarank_truncation_level: 30]
[lambdarank_norm: 1]
[label_gain: ]
[lambdarank_position_bias_regularization: 0]
[eval_at: ]
[multi_error_top_k: 1]
[auc_mu_weights: ]
[num_machines: 1]
[local_listen_port: 12400]
[time_out: 120]
[machine_list_filename: ]
[machines: ]
[gpu_platform_id: -1]
[gpu_device_id: -1]
[gpu_device_id_list: ]
[gpu_use_dp: 0]
[num_gpu: 1]

end of parameters

pandas_categorical:[]
